:10800000180B0120E5A80000A35C0100D1A8000026
:10801000D1A80000D1A80000D1A80000D1A800007C
:10802000000000000000000000000000E9AA0000BD
:10803000D1A800000000000041AA0000D1A8000063
:1080400025AD000025AD000025AD000025AD0000E8
:1080500025AD000025AD000025AD000025AD0000D8
:1080600025AD000025AD000025AD000025AD0000C8
:1080700025AD000025AD000025AD000025AD0000B8
:1080800025AD000025AD000025AD000025AD0000A8
:1080900025AD000025AD000025AD000025AD000098
:1080A00025AD000025AD000025AD000025AD000088
:1080B00025AD000025AD000025AD000025AD000078
:1080C00025AD000025AD000025AD000025AD000068
:1080D00025AD000025AD000025AD000025AD000058
:1080E00025AD000025AD000025AD000025AD000048
:1080F00025AD000025AD000025AD000025AD000038
:1081000025AD000025AD000025AD000025AD000027
:1081100025AD000025AD000025AD000025AD000017
:1081200025AD000025AD000025AD000025AD000007
:1081300025AD000025AD000025AD000025AD0000F7
:0481400025AD000069
:04814400FFFFFFFF3B
:1081480081F0004102E000BF83F0004330B54FEA00
:1081580041044FEA430594EA050F08BF90EA020F6D
:108168001FBF54EA000C55EA020C7FEA645C7FEA00
:10817800655C00F0E2804FEA5454D4EB5555B8BF23
:108188006D420CDD2C4480EA020281EA030382EA94
:10819800000083EA010180EA020281EA0303362D26
:1081A80088BF30BD11F0004F4FEA01314FF4801CF9
:1081B8004CEA113102D0404261EB410113F0004F0B
:1081C8004FEA03334CEA133302D0524263EB4303C2
:1081D80094EA050F00F0A780A4F10104D5F1200E60
:1081E8000DDB02FA0EFC22FA05F2801841F10001BB
:1081F80003FA0EF2801843FA05F359410EE0A5F18F
:1082080020050EF1200E012A03FA0EFC28BF4CF0BF
:10821800020C43FA05F3C01851EBE37101F0004575
:1082280007D54FF0000EDCF1000C7EEB00006EEB82
:108238000101B1F5801F1BD3B1F5001F0CD349080C
:108248005FEA30004FEA3C0C04F101044FEA445263
:1082580012F5800F80F09A80BCF1004F08BF5FEAEA
:10826800500C50F1000041EB045141EA050130BDCA
:108278005FEA4C0C404141EB0101013C28BFB1F5DC
:10828800801FE9D291F0000F04BF01460020B1FA27
:1082980081F308BF2033A3F10B03B3F120020CDAFA
:1082A8000C3208DD02F1140CC2F10C0201FA0CF0D8
:1082B80021FA02F10CE002F11402D8BFC2F1200C3D
:1082C80001FA02F120FA0CFCDCBF41EA0C019040F3
:1082D800E41AA2BF01EB0451294330BD6FEA04043C
:1082E8001F3C1CDA0C340EDC04F11404C4F1200227
:1082F80020FA04F001FA02F340EA030021FA04F339
:1083080045EA030130BDC4F10C04C4F1200220FA8F
:1083180002F001FA04F340EA0300294630BD21FACD
:1083280004F0294630BD94F0000F83F4801306BF93
:1083380081F480110134013D4EE77FEA645C18BF87
:108348007FEA655C29D094EA050F08BF90EA020F1E
:1083580005D054EA000C04BF1946104630BD91EA16
:10836800030F1EBF0021002030BD5FEA545C05D119
:108378004000494128BF41F0004130BD14F5800458
:108388003CBF01F5801130BD01F0004545F0FE41CC
:1083980041F470014FF0000030BD7FEA645C1ABF01
:1083A800194610467FEA655C1CBF0B46024650EA38
:1083B800013406BF52EA033591EA030F41F4002164
:1083C80030BD00BF90F0000F04BF0021704730B5EA
:1083D8004FF4806404F132044FF000054FF00001BF
:1083E80050E700BF90F0000F04BF0021704730B580
:1083F8004FF4806404F1320410F0004548BF404255
:108408004FF000013EE700BF42004FEAE2014FEAA9
:1084180031014FEA02701FBF12F07F4393F07F4F84
:1084280081F06051704732F07F4208BF704793F087
:108438007F4F04BF41F40021704730B54FF460749A
:1084480001F0004521F000411CE700BF50EA01029D
:1084580008BF704730B54FF000050AE050EA010246
:1084680008BF704730B511F0004502D5404261EBB6
:1084780041014FF4806404F132045FEA915C3FF4F7
:10848800D8AE4FF003025FEADC0C18BF03325FEA94
:10849800DC0C18BF033202EBDC02C2F1200300FA45
:1084A80003FC20FA02F001FA03FE40EA0E0021FA6A
:1084B80002F11444BDE600BF70B54FF0FF0C4CF458
:1084C800E06C1CEA11541DBF1CEA135594EA0C0F0A
:1084D80095EA0C0F00F0DEF82C4481EA030621EA45
:1084E8004C5123EA4C5350EA013518BF52EA033580
:1084F80041F4801143F4801338D0A0FB02CE4FF032
:108508000005E1FB02E506F00042E0FB03E54FF061
:108518000006E1FB03569CF0000F18BF4EF0010E59
:10852800A4F1FF04B6F5007F64F5407404D25FEA55
:108538004E0E6D4146EB060642EAC62141EA555108
:108548004FEAC52040EA5E504FEACE2EB4F1FD0C4A
:1085580088BFBCF5E06F1ED8BEF1004F08BF5FEAC8
:10856800500E50F1000041EB045170BD06F000467A
:1085780046EA010140EA020081EA0301B4EB5C0427
:10858800C2BFD4EB0C0541EA045170BD41F480111F
:108598004FF0000E013C00F3AB8014F1360FDEBF44
:1085A800002001F0004170BDC4F10004203C35DA20
:1085B8000C341BDC04F11404C4F1200500FA05F3A3
:1085C80020FA04F001FA05F240EA020001F0004244
:1085D80021F0004110EBD37021FA04F642EB0601BA
:1085E8005EEA430E08BF20EAD37070BDC4F10C04E4
:1085F800C4F1200500FA04F320FA05F001FA04F2A8
:1086080040EA020001F0004110EBD37041F1000193
:108618005EEA430E08BF20EAD37070BDC4F120059E
:1086280000FA05F24EEA020E20FA04F301FA05F206
:1086380043EA020321FA04F001F0004121FA04F2AE
:1086480020EA020000EBD3705EEA430E08BF20EA7E
:10865800D37070BD94F0000F0FD101F000464000B8
:1086680041EB010111F4801F08BF013CF7D041EA3A
:10867800060195F0000F18BF704703F0004652003E
:1086880043EB030313F4801F08BF013DF7D043EA0F
:108698000603704794EA0C0F0CEA135518BF95EAC5
:1086A8000C0F0CD050EA410618BF52EA4306D1D14C
:1086B80081EA030101F000414FF0000070BD50EA6B
:1086C800410606BF1046194652EA430619D094EAF5
:1086D8000C0F02D150EA013613D195EA0C0F05D1DF
:1086E80052EA03361CBF104619460AD181EA030133
:1086F80001F0004141F0FE4141F470014FF00000EB
:1087080070BD41F0FE4141F4780170BD70B54FF085
:10871800FF0C4CF4E06C1CEA11541DBF1CEA135505
:1087280094EA0C0F95EA0C0F00F0A7F8A4EB0504E7
:1087380081EA030E52EA03354FEA013100F08880DE
:108748004FEA03334FF0805545EA131343EA1263A7
:108758004FEA022245EA111545EA10654FEA00265C
:108768000EF000419D4208BF964244F1FD0404F515
:10877800407402D25B084FEA3202B61A65EB030571
:108788005B084FEA32024FF480104FF4002CB6EB2E
:10879800020E75EB030E22BFB61A754640EA0C00AE
:1087A8005B084FEA3202B6EB020E75EB030E22BFEE
:1087B800B61A754640EA5C005B084FEA3202B6EB2F
:1087C800020E75EB030E22BFB61A754640EA9C00EE
:1087D8005B084FEA3202B6EB020E75EB030E22BFBE
:1087E800B61A754640EADC0055EA060E18D04FEA7C
:1087F800051545EA16754FEA06164FEAC30343EA1C
:1088080052734FEAC2025FEA1C1CC0D111F4801FE8
:108818000BD141EA00014FF000004FF0004CB6E7E1
:1088280011F4801F04BF01430020B4F1FD0C88BF80
:10883800BCF5E06F3FF6AFAEB5EB030C04BFB6EB8B
:10884800020C5FEA500C50F1000041EB045170BD7E
:108858000EF0004E4EEA113114EB5C04C2BFD4EBAB
:108868000C0541EA045170BD41F480114FF0000E2F
:10887800013C90E645EA060E8DE60CEA135594EAAB
:108888000C0F08BF95EA0C0F3FF43BAF94EA0C0FAE
:108898000AD150EA01347FF434AF95EA0C0F7FF423
:1088A80025AF104619462CE795EA0C0F06D152EA77
:1088B80003353FF4FDAE1046194622E750EA41065B
:1088C80018BF52EA43067FF4C5AE50EA41047FF46C
:1088D8000DAF52EA43057FF4EBAE12E74FEA4102CF
:1088E800B2F1E04324BFB3F5001CDCF1FE5C0DD906
:1088F80001F0004C4FEAC0024CEA5070B2F1004F50
:1089080040EB830008BF20F00100704711F0804F52
:1089180021D113F13872BCBF01F00040704741F417
:1089280080114FEA5252C2F11802C2F1200C10FA1B
:108938000CF320FA02F018BF40F001004FEAC123FF
:108948004FEAD32303FA0CFC40EA0C0023FA02F3A3
:108958004FEA4303CCE77FEA625307D150EA013379
:108968001EBF4FF0FE4040F44000704701F0004049
:1089780040F0FE4040F40000704700BF53B94AB9C8
:10898800002908BF00281CBF4FF0FF314FF0FF300F
:1089980000F00CB8ADF1080C6DE904CE00F008F851
:1089A800DDF804E0DDE9022304B07047704700BF3A
:1089B8002DE9F04786468C460846089E15467446BB
:1089C8001946002B40F0C1808542B2FA82F245D99F
:1089D8004AB1C2F1200300FA02FC954094402EFAF5
:1089E80003F343EA0C0C4FEA154EA8B2230CBCFB68
:1089F800FEF80EFB18CC08FB00F943EA0C43994536
:108A080028D9EB1808F1FF3704D2994502D9A8F103
:108A180002072B44A3EB0903A4B2B3FBFEFC0EFB35
:108A28001C330CFB00F044EA0344A04214D92C196F
:108A38000CF1FF3304D2A04202D9ACF102032C445A
:108A4800241A43EA07401EB1D440002334607360FF
:108A5800BDE8F0874746DDE76346F1E792BB431B75
:108A680001214FEA154EAFB2200CB3FBFEFC0EFB02
:108A78001C330CFB07F840EA0343984561D9EB180F
:108A88000CF1FF3004D2984502D9ACF102002B4416
:108A9800A3EB0803A4B2B3FBFEFC0EFB1C330CFBD8
:108AA80007F744EA0344A7424DD92C190CF1FF33C8
:108AB80004D2A74202D9ACF102032C44E41B43EAD6
:108AC8000040C0E7C2F120039540944020FA03F12A
:108AD8002EFA03F34FEA154E9040AFB20343B1FBB1
:108AE800FEFC0EFB1C10190C0CFB07F841EA0041B8
:108AF800884522D969180CF1FF3004D2884502D97B
:108B0800ACF102002944A1EB08019BB2B1FBFEFCC9
:108B18000EFB1C110CFB07F743EA01439F420ED9D9
:108B2800EB180CF1FF3104D29F4202D9ACF10201DB
:108B38002B44DB1B41EA004193E76046E3E76146CB
:108B4800F7E76046A4E76346B8E7834206D916B953
:108B5800002108467CE7C6E900E0F9E7B3FA83F7A5
:108B68008FB9834201D3724508D8BEEB020460EB8B
:108B7800030301209C461EB9002169E73846FAE73D
:108B8800C6E9004CF8E7C7F1200CBB400EFA07F520
:108B980022FA0CF42EFA0CF1BA401C4320FA0CF31A
:108BA800B8404FEA144901431FFA84FEB3FBF9F8B1
:108BB80009FB18300B0C08FB0EFA43EA00439A45F0
:108BC80040D9E31808F1FF3004D29A4502D9A8F138
:108BD80002002344A3EB0A0389B2B3FBF9F809FBAB
:108BE800183308FB0EFE41EA03418E452CD9611863
:108BF80008F1FF3304D28E4502D9A8F102032144BB
:108C080043EA0040A1EB0E01A0FB02984145CE4685
:108C1800434602D306D14D4504D20138B9EB020EC2
:108C280068EB0403002EA7D0B5EB0E0261EB03013D
:108C380001FA0CFC22FA07F3F9404CEA0303C6E9EF
:108C4800003199E74046C5E74346D9E710F8012BBC
:108C580011F8013B012A28BF9A42F7D0D01A704771
:108C6800034611F8012B03F8012B002AF9D17047AC
:108C7800034613F8012B002AFBD1181A0138704754
:108C8800F0B52DED028B002504238BB00E46074668
:108C9800CDE908550593002800F0CC80002900F0A4
:108CA800C980062108A80DF09EFD044678B1664BE0
:108CB8000390CDE9015301222B46284663490095CC
:108CC8000DF0E9FE20460BB0BDEC028BF0BD01466D
:108CD80008AA38460DF062FD044670B15C4B03905B
:108CE800CDE901532B4600950122184657490DF04E
:108CF800D2FE08A80DF0A1FDE4E7012104AA08A806
:108D08000DF04DFE044610B1524B0390E8E7049B6A
:108D1800DBB1042B22D0052B0CBF0923FF233370B2
:108D2800032105AB06AA08A80DF065FE0546B8B1F3
:108D3800494B03900293002301221846CDE90033E2
:108D480042490DF0A8FE2C46D3E7DFED447A002314
:108D5800C6ED017A3370C6ED027ACAE70723DEE76B
:108D6800059B002BF1D028336B4403F8100C014607
:108D7800022206A80BF058F93378C0B2092B0AD1A1
:108D88000F2828D96FF01504354B0394029300235C
:108D9800CDE90033A8E70F28F4D8072B23D19FED9E
:108DA800318A314B33F81000D8B1FFF71BFB24A3ED
:108DB800D3E90023FFF780FBFFF790FD04217060E3
:108DC80005AB06AA08A805910DF015FE054668B181
:108DD800264B0390AEE7264B9FED268A33F810000A
:108DE800E2E72548EAE76FF07F04CDE7059B02221A
:108DF80028336B44014603F8100C06A80BF014F94D
:108E0800C2B20F2A0DD91D4B0392CDE9015301229D
:108E18002B4628460D4900950DF03DFE6FF01504D0
:108E280067E70132D2B207EE902AF8EEE77A67EEEA
:108E3800887A90E76FF0150444E700BFAFF300802D
:108E48007B14AE47E17A24402CAE010074910100F6
:108E580055AE01007EAE0100A0AE0100000000008A
:108E6800CCAE01000AD7A33F509B0100F0AE010031
:108E7800309B01000AD723400AD7A3401BAF01004B
:108E88002DE9F0472DED028B04469FED498B4A4EA4
:108E980084B04FF02003EFF3118783F31288BFF3F8
:108EA8006F8FD4F8F8508DB9022104F588700FF04F
:108EB800B6F9002843D100238DED008B3946029383
:108EC80004F580723D480AF015FDE2E7D4F8FC206D
:108ED8002B689542C4F8F83008BFC4F8FC30D4F8C1
:108EE800103143F00203C4F81031EB6823F0040397
:108EF80043F00103EB606B6887F31188BFF36F8F52
:108F0800284698474FF02003EFF3118983F312881E
:108F1800BFF36F8FEB68990723F0010219D4EA6059
:108F2800D4F8103123F00203C4F8103189F3118802
:108F3800BFF36F8FDB05ACD40AF03AFCA9E704F560
:108F480084750022012128460FF0B9FA0028F8D1CB
:108F5800B1E7306823F00303EB600028E0D0002776
:108F6800BA46D0F800800028DAD042680146954217
:108F78000BD1016897B972683160824200D1716083
:108F880040F808AB0AF0C8F83946B8F1000F0BD022
:108F9800D8F8002040460F469046E4E739607268EA
:108FA800824208BF7760EBE74246F3E7AFF3008001
:108FB800FFFFFFFFFFFFFFFF4CD70020D3EC00208F
:108FC80001287FB5024604D003280ED007B05DF80B
:108FD80004FBE821154808F08FFF0028F6D1144853
:108FE80007B05DF804EB0AF097B853200FF05BFC6C
:108FF8000346059040B90F4A0F49CDE90102009098
:1090080001220CF0AAF9E1E70222532108F074FFCB
:1090180018B105980FF040FCD8E700220023074854
:1090280005A909F0DBFE0028F3D1CFE768C90020C5
:10903800C0C80020769B01005491010060C8002040
:109048002DE9F0430025454B87B0032228464449C3
:109058000293CDE900552B460CF07FF903F004F993
:10906800044670B13F4B0390CDE9015301222B46D2
:1090780028463B4900950CF070F9204607B0BDE83A
:10908800F0831F2005F0B6F8064628B1364BCDE927
:1090980001430094234609E0344809F0E5F9054600
:1090A800B0B1334B0096CDE901633346184601222F
:1090B8002B490CF052F92F4B012202930023284927
:1090C8001846CDE900330CF048F94FF0FF34D4E7E7
:1090D8001F2009F029F9044628B1274BCDE901538F
:1090E80000952B46E2E7012009F078F948B1234BB7
:1090F8000222CDE9014320462346194900940CF089
:109108002CF9012009F088F848B11D4B022202937E
:10911800002313491846CDE900330CF01EF900204E
:1091280009F030F9044628B1164B02930023CDE923
:109138000033BBE709F0CAF8054608B1124BA6E7A9
:10914800012009F095F8044608B1104BC6E708F06D
:10915800F3FF0646F0B10E4B99E700BF999B01005B
:1091680054910100AE9B0100DD9B0100C98F0000F6
:10917800059C0100FD9C0100269C0100439C010008
:109188006A9C0100869C0100AB9C0100C89C010000
:10919800E89C01000FF0D5F94FF47A74A0FB043273
:1091A80004FB01218F4FDB0B43EA4143C90BC7E99D
:1091B80000318D4DDFF89082DFF890924FF0FF3349
:1091C8004FF0FF32022188480AF000FDEB6803F4F3
:1091D800FE13B3F5004F40F0C38028690022002336
:1091E80009F0C0FF0446002840F0BA8040460AF063
:1091F800B7FD48460AF0B4FDDFF854C223462246BC
:1092080021464FF00C0E6446BCF8520068B19CF839
:109218005C00013110F0020F1CBF0132D2B200070E
:1092280048BF0133C9B248BFDBB2BEF1010E0CF131
:109238000C0CE9D16D480AF093FD94F850301807EA
:1092480002D56B480AF09EFD94F85030D90602D535
:1092580068480AF097FD94F850305A0702D56648D6
:109268000AF090FD65480AF08DFD94F85030DB0750
:1092780040F193800FF065F94FF47A72A0FB020376
:1092880002FB0131D4E90023C00B40EA4140C90B7D
:10929800C7E900015A480AF063FDD4E90223594896
:1092A8000AF05EFD2069FFF7AFF802460B46564804
:1092B8000AF056FD6069FFF7A7F802460B465348C7
:1092C8000AF04EFDE069FFF79FF802460B4650484A
:1092D8000AF046FD206AFFF797F802460B464D480C
:1092E8000AF03EFDE06AFFF78FF802460B464A484F
:1092F8000AF036FD94F8373094F83620A18E4748A6
:109308000AF02EFDA38F4648009394F83A3094F85B
:10931800392094F838100AF023FD206CFFF774F810
:1093280002460B463F480AF01BFD606CFFF76CF8DD
:1093380002460B463C480AF013FDA06CFFF764F8A0
:1093480002460B4639480AF00BFDE06CFFF75CF863
:1093580002460B4636480AF003FD36480AF012FD6D
:109368002B6A03F4FE13B3F5802F0DD1686A00222F
:10937800002305A909F08AFD30B905992E480AF09D
:10938800EFFC05980FF088FAEB686FF39433EB6005
:109398002B6A6FF394332B6210E70FF0D2F84FF477
:1093A8007A72A0FB020302FB0131C30B43EA41437B
:1093B800D7E90002C90B181A61EB020100234FF428
:1093C8007A72FFF7DBFA01461C480AF0C9FC1C4A0E
:1093D800731CDEB203F00303D15C1A480AF0C0FC28
:1093E800BBE700BF60C9002080C500202D9D01009B
:1093F800559D0100739D0100929D0100BC9D0100D7
:10940800E09D0100F79D01000E9E0100279E0100CE
:10941800409E01005B9E0100769E0100919E010026
:10942800B19E0100D69E0100ED9E0100049F01003F
:109438001B9F01005E9F01008AAB0100329F010063
:109448006E9F01004E9F0100219D0100289D010093
:1094580068C900202DE9F04F91B0009302F0040391
:109468000293C2F3C2030133840705460E46DDF8B2
:1094780068900392059340F0BB81041D30B1072921
:1094880009D86FF01B0011B0BDE8F08F01F0070696
:10949800341DC6F10806009B4FF000084FF0040A7F
:1094A800591E4FF0FF3347460193C3465346CDF844
:1094B80010800DB1009820600598002800F3E8801E
:1094C8009848009A824203D397488242C0F0E080CD
:1094D800039AA4EB050E92074FEA9E0000F1038160
:1094E8000F2F00F2B180002D00F0058107F1400236
:1094F8000DEB020C019A0CF8200C0CF8102C0498B7
:1095080001300490E7E07A285DD84B280ED8472828
:1095180059D829282DD8252852D054D820287AD08F
:109528002338D0F1000B4BEB000B74E04C382E289D
:1095380049D8DFE800F07048484848484848484853
:1095480048484B484848484848484859484B4B5968
:109558005959704B6D487048184B184848827F4BD2
:1095680048484B487F0000204FF0000B4FF0040A9A
:1095780038E001222A38C0B202FA00F010EA0E0FD1
:1095880049D110F0625C2FD110EA020B43D060463B
:10959800013C5444B4FBFAF40AFB04F4002D61D0F6
:1095A800A3EB050CA4446645FFF46BAF002868D113
:1095B800042B47D159F8043B2360042304342AE0E0
:1095C800019A013A01924FF0000B24E011F8010CC6
:1095D8006C2834D1002011F8023C83466C2BC5D18D
:1095E8004FF0080A5346D3E709F1070929F007099C
:1095F800073424F00704F9E802AB35B10698204493
:10960800B0423FF63EAFC4E900AB4FF0000B083460
:109618004FF0080A534611F8010F002878D0BBF123
:10962800000F7FF470AF2528F5D14FF0010B019B97
:10963800013301934FF0040AECE7584694E7002001
:109648008346A5E7082B02D06FF015001BE709F148
:10965800070929F00709B9EC027B84ED007B082390
:109668000834D8E768B9042B02D109F10409A4E742
:10967800082BE9D109F1070929F0070909F10809B7
:10968800EDE705980138059059F8040B009010E7AC
:10969800039A900720D54FF0010CA4EB050E4FEA72
:1096A8009E00BEF5007FCFD20F2FCDD8F5B107F1C0
:1096B80040020DEB020E019AC0B20EF8200C0EF813
:1096C800102CBCF1000F3FF41AAF60F07F000EF8C9
:1096D800200C08F101080137C5F108024FF6DA7EBF
:1096E8000434069297E74FF0000CDAE7BCF1000F5C
:1096F80001D00136EFE7029A0236002AEBD1009832
:10970800CDE90631FFF7B4FADDE906310644E2E7B0
:10971800631BB3F5806F97D245B9A6F10804E0182A
:10972800B1E600BF188E010034BC0100029A9B0804
:1097380028602B709DF81030C2B1EB7085F802805C
:10974800B8F1000F05D0002208A8C5F1010C974216
:109758000ED14FF0000AC5F101030DF12009019364
:109768000DF1300B574512D1601B8CE66B70E5E7A5
:1097780010F8013B190608D504EB0C0E764503F0EA
:109788007F03FFF47EAE04F8013B0132DFE7B8F156
:10979800000F03D099F90020002A17DB029BD3B1F0
:1097A8001AF80B2004F8012B0022019B981820447A
:1097B8008642FFF466AE99F80000009904F8010BA0
:1097C800204603920FF03CFA039A14440AF1010A66
:1097D80009F10109C6E799F8002055F822300093ED
:1097E800029B009845F82230FFF742FA421CDCE75A
:1097F8006FF00D0047E600BF014B1860704700BFCF
:10980800A8C5002080B505460E46174698460AF0BA
:109818006BF803460FF0F2FA0446DFF81890424658
:1098280049F8003039463046A84754F8090001F095
:10983800D3F800BF0800000070B500254FF0FF33D3
:109848004FF0FF32174809F0B9FB174BD3E8AF2F99
:1098580082B10135042D03F12803F7D10FF0CEFAB8
:1098680017224FF0FF35114B1A500E4809F068FBCC
:10987800284670BD28246C43D3E8EF0F0130C3E8B5
:10988800E10F0029F8D10A4E331932515A6004F118
:109898000C0030440EF02EFC04F1200030440EF091
:1098A80032FEE2E7E8C70020E8CE00200C00000006
:1098B800E0CE002010B40446104628225443094B39
:1098C8001A191951506048B1C2683AB10C3423448E
:1098D80040F205125DF8044B0CF03BB85DF8044B00
:1098E800704700BFE0CE00202823434330B50D4920
:1098F80008330B44D3E8AF2F92B1541ED3E8EF5F7F
:10990800954204D1C3E8EC4FBCF1000FF6D1F1D178
:10991800012A05D12823584300230A180B50536005
:1099280030BD00BFE0CE00202DE9F047058B04468E
:109938002807904611D4022905F0070540F0CD808C
:1099480020460CF015F878B10138218B042811D87D
:10995800DFE800F0C3106D85950001290CBF45F0C4
:10996800100545F02005258388F31188BFF36F8F14
:10997800BDE8F08701F0070AAA4500F0A680002795
:10998800B9463E46A368002B00F0BD8041F00801AF
:10999800218388F31188BFF36F8FA168002900F035
:1099A800BB800D68002900F0B78033465246204638
:1099B800D1F80480C047002D76D02B6829461D4673
:1099C800F0E701F007035A1F012A1BD8002221F0F3
:1099D8000701062B276889B2C4E9002209D13B4652
:1099E80003E0628B013262831B68002BF9D141F0DE
:1099F8000201204621830BF0BBFF00287BD041F0F9
:109A0800200177E0042B0AD121F0070189B2204612
:109A180021830BF0ADFF10B141F020012183218B90
:109A280001F0070AAA4550D00027B946AAE72369DA
:109A380021F0070141F00601062DD3F8009021839B
:109A48002DD1B9F1000F40D041F00801218388F3EE
:109A58001188BFF36F8F20463949C84729E021F0A4
:109A68000701236941F0040189B2042DD3F8049059
:109A78002183E6D000274FF0040A3E4682E721F012
:109A88000701236941F0050189B2052DD3F8089033
:109A98002183D6D000274FF0050A3E4672E70027FB
:109AA8004FF0060A3E466DE72B4687E7B9F1000FEF
:109AB800D1D14FF02003EFF3118883F31288BFF35D
:109AC8006F8F238B23F008032383258BEA062ED57B
:109AD80025F01003238305F007056669218B002E06
:109AE800BFF66FAF00232768C4E9003321F00701F0
:109AF80041F001012183218B4FF0000901F0070A91
:109B0800AA457FF43FAF002F9BD041F00801218385
:109B180088F31188BFF36F8F002FC7D03D6839468F
:109B28003346524620460BF04FFF2F46F4E7AB066C
:109B38007FF51AAF25F02003238305F00705FFE61C
:109B4800FD5901002DE9F84F81462F480F460BF0CB
:109B5800FDFF064670B92D4C0546A0464FF0010B97
:109B6800DFF8ACA0544507D3B9F1000F02D04FF08D
:109B7800010AE5B9BDE8F88F237B73B12368DB6878
:109B88000BB12046984723681B6943B963680422D0
:109B98002046196800F0C4F801361034E2E7204680
:109BA80098470028F2D00BFA06F31D43F4E7A946BC
:109BB80095FAA5F4B4FA84F40AFA04F3260108EB3A
:109BC80004146FEA030B25EA0305237B63B158F8F5
:109BD80006301B6993B94644736804222046196805
:109BE80009EA0B0900F09CF8002DE1D127B14FF4E8
:109BF800A470002109F05EFE4D46BAE7204698475A
:109C08000028F1D1E7E700BF88CF0020BC91010010
:109C1800CC910100014B53F820007047D894010003
:109C280008B5034608462BB1044A136000F07CFAD5
:109C3800002008BD6FF01500FBE700BFACC5002091
:109C48000023054A4FF400411370044A0448136086
:109C5800044A1360FFF7E4BF6AD7002080CF0020D2
:109C6800515B010084CF002070B50B4D297841B9B4
:109C78000120FFF767FF094C094EB44202D30123C4
:109C88002B7070BD63685B791BB1236820469B68A5
:109C980098471034F1E700BF6AD70020BC91010053
:109CA800CC91010010B5044606480BF04FFF3CB1BB
:109CB800054BD3E8EF1F0139C3E8E21F002AF8D1AA
:109CC80010BD00BF80CF002084CF002070B50A4BA4
:109CD80005461B689847094C094EA860B44200D352
:109CE80070BD63685B7923B12368294620461B68E9
:109CF80098471034F2E700BFACC50020BC910100C2
:109D0800CC910100044A054B9B1AB1EBD30F34BF29
:109D180052F83100002070472C910100BC910100DD
:109D2800084B10B4C31A44681B11013323714368EC
:109D38009A7101224368196043685A715DF8044BAF
:109D48000BF022BFBC9101002DE9F04F85B002AFA6
:109D58000446D7E90EA90E46934698463D6BBAF1DC
:109D6800000F33D0C7F80490CDF800901021534667
:109D780000207A6BFFF76EFB0146154A04F00704D2
:109D88000BF0070BE40044EA8B1402EA4122144367
:109D980044EA055417350D4425F00705ADEB050DCC
:109DA80002ADBAF1000F07D0CDF8009053467A6B98
:109DB80005F11000FFF74EFB434622463146284680
:109DC8000BF0E5FE0C37BD46BDE8F08F5146D4E7F1
:109DD80000FE0F000EB403B503AB53F8042B014685
:109DE8000448019301F0D2F902B05DF804EB03B026
:109DF800704700BFC95B0100CA0605D48B064CBF7B
:109E080002490349FFF7E6BF704700BF6EB701007C
:109E18006DB701002DE9F04F8BB09B46DDE9187650
:109E28009DF8543004460593DDE916930693059B87
:109E38000D460892002B00F0878006F00103099375
:109E480006F0080307930BF0A0FE06F0020A02468C
:109E5800002849D020468449FFF7BCFF8046BAF164
:109E6800000F08D016F0440F40D12A4620467F49FB
:109E7800FFF7B0FF8044099B5BB17D4B059A2046F4
:109E880053F822207B4B7C49002A08BF1A46FFF76B
:109E9800A1FF079B002B55D0784B059A204653F815
:109EA80022207749FFF796FF0546089B2BB11A46F3
:109EB80020467449FFF78EFF0544BBF1000F05D01B
:109EC8005A4620467049FFF785FF05444544B9F1D5
:109ED800000F48D1002F4ED1F30700F1BF80314663
:109EE8002046FFF789FFB3E08046B8E7674B18685C
:109EF8000028BFD0664B4FF47A7E1B684FF461622E
:109F0800B5FBF3F5B5FBF0F300FB13550EFB05F5B8
:109F1800B3FBF2FAB5FBF0FC3C2102FB1A3200FB62
:109F28001C55B2FBF1F30EFB05F5B5FBF0F501FB93
:109F3800132220460092CDE901C552465549FFF744
:109F480049FF97E7079DB0E7BBF1010F06D1B9F1CB
:109F5800000F64D1002F7BD000250CE0B9F1000F71
:109F6800F8D04D485CE04D484B4622464C490BF032
:109F780003FA002F68D0DFF83891DFF838A1102FE6
:109F880031462046B8464FF0000B28BF4FF0100866
:109F9800FFF732FF5D4545DC069B514620461A789F
:109FA800FFF718FF4FF0010B1BF0070F03D14946CD
:109FB8002046FFF70FFFD8453BD9069B5146204660
:109FC80013F80B20FFF706FF0BF1010BBBF1100F85
:109FD800EAD14FF0000B20463249FFF7FBFE5A4604
:109FE800069B20469A5CA2F120015F2928BF2E22F9
:109FF8002D49FFF7EFFE0BF1010BBBF1100F1DD040
:10A008001BF0070F03D149462046FFF7E3FED8456A
:10A018005A46E5D849462046FFF7DCFEEBE71F48DD
:10A02800059DA1E749462046FFF7D4FE0BF1010B39
:10A03800B0E720461D49FFF7CDFEC5E7069BB7EB05
:10A048000807434406939AD1059B002B7FF444AF3D
:10A0580020460BB0BDE8F04F0BF0DBBD2046054AAB
:10A068000549FFF7B7FE3AE7A19F0100A59F010048
:10A07800E89401009C9F01008AAB0100FC94010058
:10A08800CA9F0100D09F0100D49F010090CF0020FB
:10A098008CCF0020AE9F0100E55B0100C95B010089
:10A0A80095B10000E39F0100CDAC0100DF9F0100E6
:10A0B800E19F0100D99F01002DE9F0410F884B680D
:10A0C80005460C4690468E6886B0C7F382175BB18A
:10A0D800144A9B1A43F3CF01002920DB2078C0F3F0
:10A0E800C200FFF70FFE0346214651F8102B608887
:10A0F800C2F34A22002A01EB020408BF0021002211
:10A10800C0F30B10CDE90408CDE902142846314606
:10A1180001970092FFF77EFE06B0BDE8F0810023AC
:10A12800E2E700BF2C91010000210123064A90427A
:10A1380006D8064A01B901231360054B1860704719
:10A14800012140085B00F2E740420F008CCF00205D
:10A1580090CF0020F8B50D460446064F4618B44285
:10A1680001D12846F8BD14F8011BBB6801485B689B
:10A178009847F4E7008F0100014B03600020704707
:10A18800449501002DE9F04780460D468CB0002922
:10A1980066D000248B68012205934B6820460493FF
:10A1A8000B6833490393334BCDE9004402932346AC
:10A1B8000BF05FFD6B69012205932B692046049320
:10A1C800EB682B4903932C4B0094CDE901432346BC
:10A1D8000BF04FFDEB6901220393284B2046CDE994
:10A1E80001432349234600940BF043FD2F4626469E
:10A1F800DFF894A0DFF87890FB6A01220A93E31C49
:10A208000993BB6A49460893A31C07937B6A1037D6
:10A218000693631C05933B69CDE9016ACDE90343C5
:10A2280000230096184604340BF023FD102CE3D1CC
:10A238002B6E01220393124B0D49CDE901630023D4
:10A24800009618460BF015FDAB69012203930D4BE0
:10A258000749CDE901630023009618460BF009FD74
:10A26800294640460CB0BDE8F04708F033BB00BFB4
:10A27800A49101001FA001004EA001007DA00100D3
:10A28800CFA00100DEA001008CA0010030BFFFF7C5
:10A29800FDBF00BF124B134A2DE9F041D518013D0F
:10A2A800B5FBF3F5DFF848805D430F4B074608EB35
:10A2B8000304013CB4FBF3F403FB04540E1B3046C7
:10A2C8000A490EF0BDFC701942460021083E0EF006
:10A2D800C4FCC7F8A86004F10800BDE8F08100BF1D
:10A2E80001000000000000000400000010920100BE
:10A2F80008000000044B99689869884203D0034914
:10A308004FF080520A60704720D7002004ED00E02B
:10A31800F0B50024414B85B00293074623460E460C
:10A3280001222046CDE900443D490BF0BDFC3D4BE0
:10A338009B6ADD066FD53C4B2046CDE901430122DF
:10A348002346374900940BF0AFFC1120354B9B6A2C
:10A358001C070AD5354B01220293002330491846C1
:10A36800CDE900330BF0A0FC12202E4DAB6A990703
:10A378001FD500242E4B0122029320462346CDE907
:10A38800004427490BF090FC6B6BAA6A12060FD5A4
:10A398000393284B0122CDE9014320462346204957
:10A3A80000940BF081FC1FB1AB6A23F08003AB6211
:10A3B80013201C4B9B6ADD070AD51F4B0122029311
:10A3C800002317491846CDE900330BF06DFC142023
:10A3D800144B9B6A9C060AD5184B01220293002352
:10A3E8000F491846CDE900330BF05EFC15200D4BE4
:10A3F8009A6AD10658BF9A6A9A6A920642BF5A6AFE
:10A4080022F400525A629A6A42F0FF029A620023CA
:10A41800337005B0F0BD102098E700BF0CA1010013
:10A42800A491010000ED00E022A1010055A1010066
:10A4380068A1010080A1010096A10100B5A1010059
:10A44800F0B50024434B85B00293074623460E46D9
:10A4580001222046CDE900443F490BF025FC3F4B43
:10A468009B6ADB0465D53E4B2046CDE901430122BA
:10A478002346394900940BF017FC1720374B9B6A89
:10A488001D050AD5374B012202930023324918468D
:10A49800CDE900330BF008FC1820304DAB6A9C0561
:10A4A8001FD50024304B012220460293CDE90044F9
:10A4B800234629490BF0F8FBAB6BAA6A10040FD5A9
:10A4C80003932A4B0122CDE9014320462346224922
:10A4D80000940BF0E9FB1FB1AB6A23F40043AB62B5
:10A4E80019201E4B9B6A59050AD5214B012202935C
:10A4F800002319491846CDE900330BF0D5FB1A2083
:10A50800164A936A13F4807315D01A4B01220293EA
:10A51800002311491846CDE900330BF0C5FB1B2079
:10A528000E4A936A43F47F4393620023337005B065
:10A53800F0BD1620A2E7926A9204F1D50E4A184699
:10A54800CDE901320449012200930BF0ADFB1C2038
:10A55800E6E700BFE4A10100A491010000ED00E0DE
:10A56800FAA1010055A101000BA2010024A20100DB
:10A5780039A2010054A20100B5A101001FB50024B1
:10A588003E4B3F490293012223462046CDE9004431
:10A598000BF08AFB3B4B9B6A99016DD53A4B2046E1
:10A5A800CDE9014301222346354900940BF07CFB99
:10A5B8001E20344B9B6ADA010AD5344B01220293E0
:10A5C80000232F491846CDE900330BF06DFB1F20FF
:10A5D8002C4B9B6ADB020AD52D4B012202930023E8
:10A5E80027491846CDE900330BF05EFB0220254BC6
:10A5F8009B6A1C030AD5274B01220293002320499A
:10A608001846CDE900330BF04FFB21201D4B9B6A08
:10A6180059030AD5204B01220293002318491846F2
:10A62800CDE900330BF040FB2220164B9B6A9A03BE
:10A638000AD51A4B01220293002311491846CDE985
:10A6480000330BF031FB23200E4B9B6ADB030AD54A
:10A65800134B01220293002309491846CDE9003320
:10A668000BF022FB2420074A936A6FEA03436FEA40
:10A678001343936204B010BD1D209AE76CA2010039
:10A68800A491010000ED00E084A2010097A201005E
:10A69800B1A20100DBA20100F9A201001EA3010082
:10A6A80038A301002DE9F043754B0546D3F8048023
:10A6B800894614460026A3B0C8F3080786F3118814
:10A6C800BFF36F8F02F07F43B3F17F4F25D112F0B4
:10A6D800010322D1510603D422070DD401260DE02F
:10A6E800684A1846CDE901326749012200930BF008
:10A6F800DBFA14F0040400D04D4600264FF00009A0
:10A70800FB1E8DF81F90092B00F2A080DFE803F0F4
:10A71800079498909E9E9E9E9E9C3546EEE75B4BC6
:10A728000122CDE90193002357491846544FCDF82B
:10A7380000900BF0B9FA8DF81F90FC6A14F002042F
:10A7480005D0534BCDE90193CDF8009006E0FB6AA4
:10A75800002B0BDA4F4B0094CDE901430023012273
:10A76800184649490BF0A0FA002430E0FB6A5B0068
:10A77800FAD5494B0122CDE90143204623464249F7
:10A7880000940BF091FA7B69AA6943F480737B61AA
:10A79800BFF34F8FBFF36F8F7B6932F8022C23F41E
:10A7A80080737B61BFF34F8FBFF36F8F4DF60273DA
:10A7B8009A4226D12B6820460393384B0094CDE962
:10A7C80001430122234630490BF06EFA2C689DF8AC
:10A7D8001F309BB96822294608A80EF031FA0F9B52
:10A7E800002E47D0C3F3080222B96FEA53236FEA59
:10A7F80043230F93204608A9FFF7C4FC23B0BDE804
:10A80800F083BB6ADBB22BB101200DF11F01FFF70A
:10A818007FFD0FE0BB6A13F47F4F05D001200DF1D7
:10A828001F01FFF70DFE05E0BB6AB3F5803F9BD320
:10A83800FFF7A4FE0446CAE700200DF11F01E6E772
:10A8480000200DF11F01ECE7154B7BE7154A18F4C2
:10A85800F87F154B18BF1346103FCDE90337134B4C
:10A8680001220293002308491846CDE900330BF072
:10A878001BFA79E723F4FF7323F00103B9E700BF5C
:10A8880000ED00E091A30100A4910100B4A3010030
:10A89800CBA30100ECA30100FAA3010019A4010055
:10A8A80035A4010078A3010063A3010059A40100A5
:10A8B800044B5A6942F010025A615A6942F48062A4
:10A8C8005A61704700ED00E0EFF30880EFF309816B
:10A8D80001B57246FFF7E6FE01BD00BF002015492D
:10A8E8000870002080F31488BFF36F8F002080F376
:10A8F8000A8880F30B8800F095FC00200E49086058
:10A90800BFF34F8F0D4880F3088800F03FF82020F0
:10A9180080F311880A484FF40061401880F30988D1
:10A92800EFF314800221084380F31488BFF36F8F7C
:10A9380000F02CF9D2EC002094ED00E0180B012077
:10A94800D8F10020BFF34F8F0549064BCA6802F4BF
:10A95800E0621343CB60BFF34F8F00BFFDE700BF3A
:10A9680000ED00E00400FA05002318460649D1F876
:10A978009020C2F30722934200DB7047C1F8983059
:10A98800C1F8A0000133F6E700ED00E010B572B69B
:10A99800002484F31388FFF7E7FF23464FF0FF30C6
:10A9A8000C4A03F120010133102B42F82100F8D1A1
:10A9B80000234FF0FF30074A03F160010133102BE9
:10A9C80042F82100F8D162B6BFF34F8FBFF36F8F03
:10A9D80010BD00BF00E100E0084B9B6883420BD12B
:10A9E800EFF3058343B1064B5A6842F080525A6030
:10A9F8005A6A22F400425A620DF040BD20D7002066
:10AA080000ED00E06FF00A01094A9368C3F8B0103E
:10AA18000849C3F8AC004B6843F080534B600023EF
:10AA280083F31188BFF36F8F9368D3F8B000704732
:10AA380020D7002000ED00E026498A6882F8F5E07A
:10AA48004FF030001044EFF3098C80E8F01F1EF03F
:10AA5800100F03D102F1B40080EC108A202080F39B
:10AA68001288BFF36F8F1C4F4FF000668A698A60A7
:10AA78003E604FF0A80414192068184C206092F921
:10AA8800F5E0D2F8AC000023C2F8AC3080F31188AE
:10AA98001EF0100F03D00023E1EE103A03E002F19C
:10AAA800B40090EC108AEFF3148323F0040383F3CB
:10AAB8001488BFF36F8F02F1300090E8F01F8CF319
:10AAC800098802F1000004B50BF030F9BDE8044034
:10AAD8007047000020D7002004ED00E0C0CF002020
:10AAE8001EF0040F0CBFEFF30880EFF309808169B3
:10AAF80011F8021C0229FFD001B50BF0CAF801BDFC
:10AB080040B2002807DB01234109034A00F01F0077
:10AB1800834042F82130704700E100E040B200284D
:10AB28000CDB01220649430900F01F008240203354
:10AB380041F82320BFF34F8FBFF36F8F704700BFDB
:10AB480000E100E0054B420953F82220012300F000
:10AB58001F0003FA00F01040704700BF00E100E05A
:10AB680040B2002801F10101ACBF00F16040064B82
:10AB78004FEA4111C9B2ABBF00F5614000F00F00C8
:10AB880080F800131954704714ED00E0144A08B512
:10AB9800144B22F07F029A60BFF34F8FBFF36F8F81
:10ABA800D3F8882022F47002C3F88820D3F88820CC
:10ABB80042F4A002C3F888204FF04042C3F8342280
:10ABC800BFF34F8FBFF36F8F0023E1EE103A07F00A
:10ABD80027FF08F0A1FE00F095F807F06FFF00BF0F
:10ABE8000080000000ED00E042F8203C009B0D4989
:10ABF80042F81C3C019B21F0010142F8183C029BE1
:10AC080042F8081C42F8143C4FF0807342F8043CA8
:10AC18000023C0F8AC304FF43C43203A0265C0F83A
:10AC2800F43070470D980000114B9B6883421BD18C
:10AC3800EFF30580C0B94FF02002EFF3118182F3E2
:10AC48001288BFF36F8F1A7B22F002021A73EFF398
:10AC5800148323F0040383F31488BFF36F8F81F305
:10AC68001188BFF36F8F70476FF01500704700BFF2
:10AC780020D700200023E1EE103AEFF3148323F0ED
:10AC8800040383F31488BFF36F8FBFF36F8F0B4BED
:10AC9800D0F8A84098600A4B1C60D0F8983083F32D
:10ACA8000B88104681F30988002163B681F3118867
:10ACB800BFF36F8F00220023FEF7A4FD20D70020EA
:10ACC800C0CF0020014910220A60704710ED00E053
:10ACD80072B6404080F31188BFF36F8FBFF34F8F78
:10ACE80030BF62B6BFF36F8F704700BF72B649407E
:10ACF80081F31188BFF34F8F20BF80F3118862B6AC
:10AD0800704700BF002320210348C2180133412B9C
:10AD180082F80013F9D1704700E100E001B5EFF3C4
:10AD28000580A0F110004FEAC0000449014409C998
:10AD38009847BDE80140024908470000148F010008
:10AD4800FDA200001FB5094C094A23460121094804
:10AD580000F018F900230393074B0121E41A01A816
:10AD68000193029400F018F904B010BD000004200B
:10AD780080C500204495010060C9002010B50C7AF8
:10AD88000B6804F01F0223F01F031A43CB68640901
:10AD980023F01F03054943EA440343F00103C1F8C4
:10ADA8009800C1F89C20C1F8A03010BD00ED00E06B
:10ADB8000F281FB504460FD9094B039002930023AF
:10ADC80001221846CDE9003306490AF0BDFF6FF0AD
:10ADD8001504204604B010BDFFF7D0FFF9E700BF07
:10ADE80070A40100849101002DE9F04F89461446B2
:10ADF80006464FF00008544D89B0C8452DDAD6F8FC
:10AE080004A0BAF1000F4AD0BAF11F0F17D91AF0EF
:10AE18001F0F14D1D6F800B01BF01F0F0FD15846E2
:10AE28000AF089FF07460AEB0B0001380AF083FF96
:10AE3800874216D06FF01507444B039702E0444B46
:10AE4800CDF80C800293002301221846CDE9003387
:10AE580040490AF079FF6FF01504204609B0BDE8B3
:10AE6800F08F17F1160FE7D0BC42E5DDC5F89870F2
:10AE7800D5F89C10C5F89870D5F8A03021F01F01BE
:10AE880043F01F0BD6E900321A44994202F1FF3A07
:10AE98001DD1D34507D13146F8B20AF065FF08F154
:10AEA80001080C36A9E73146C5F89870D5F89C30EA
:10AEB80022F01F0203F01F031343C5F89C30E0B2D1
:10AEC8000AF052FF10F1160FC5D0441CE7E7C5F889
:10AED8009870D5F8A020013B23F01F0302F01F0251
:10AEE8001343D3453146E0B2C5F8A030E8D00AF0A4
:10AEF8003BFF10F1160FAED0C5F89870D5F89C201E
:10AF08009DF818300BF1FF3B62F304038DF81830FD
:10AF1800D5F8A0309DF818205B0863F347128DF828
:10AF28001820D6E900321344049323F01F035B442E
:10AF3800A3EB0A03013023F01F0304A9C0B207934F
:10AF4800FFF736FFBEE700BF00ED00E0B9A401003F
:10AF580096A40100849101000522044BC3F89420B3
:10AF6800BFF34F8FBFF36F8F704700BF00ED00E056
:10AF7800BFF35F8F0022024BC3F89420704700BFD5
:10AF880000ED00E010B5034C2278FFF72DFF20708C
:10AF980010BD00BF6CD700202DE9F74F294D8A4618
:10AFA80006464FF00008AB46274FD0451BDAD6F8C7
:10AFB8000490B9F1000F3FD03168084601910AF0BA
:10AFC800BAFE0199044609EB010001380AF0B3FE04
:10AFD80084424FF014021D4B08D002FB08F36FF0B7
:10AFE80015024BF8032003B0BDE8F08F14F1160FDB
:10AFF8002C60F8D01978A142F5DD02FB08B0C7F83B
:10B008009840C7F89840D7F89C4000F10801007BA9
:10B0180064F304000871D7F8A0000C79400860F3C5
:10B0280047140C71D7F89C1021F01F016960D7F8FC
:10B03800A01021F01F01296108F1010814350C3610
:10B04800B3E700BFC4CF002000ED00E06CD70020BC
:10B05800F0B53D4D8BB02C68102C71D80020FFF74F
:10B0680087FF3A4B3A4AC3F8C02084420DD1394D84
:10B0780005A82C70FFF780F800240646364FA64234
:10B088000AD1FFF769FF002058E0696801EB001159
:10B09800FFF774FE0130E8E70599200101EB04137E
:10B0A800DA683A40B2F5001F22D0B2F5800F2CD0F2
:10B0B800B2F5801F36D15A689B680958013B22F0C7
:10B0C8001F0003440120844623F01F0340EA4C106C
:10B0D800CDE906218DF8200006A928780993FFF705
:10B0E80067FE002828DB2B78013401332B70C6E774
:10B0F8005A689B680958013B22F01F0003444FF02F
:10B10800020C012023F01F03E0E75A689B680958E6
:10B11800013B22F01F0003444FF0000C062023F0EF
:10B128001F03D3E70D4B0122029300230C49184655
:10B13800CDE900330AF008FE6FF015000BB0F0BD42
:10B148004FF0FF30FAE700BF5095010000ED00E036
:10B15800AAFF44006CD700200000F0FFDCA4010027
:10B168008491010008B5024B1B689847002008BD70
:10B17800D8CF0020034B044A1860937843F00203A9
:10B1880093707047D8CF0020B8C50020F0B587B0BD
:10B1980007460E4614460021102268461D460DF04B
:10B1A8005CFD02238DF80230054B2A46214668468D
:10B1B800CDE90476019309F037F807B0F0BD00BF78
:10B1C800A35D010008B504480AF009F9404080F37E
:10B1D80011884FF0020002DF0DA5010008B50649ED
:10B1E800064821F00701C1F1005202F580220AF059
:10B1F80058FB002008BD00BF47190120DCCF002004
:10B208000122024B0020C3F84025704700900340FC
:10B2180020B1034B800143F001031847704700BF7A
:10B228004092010004F00CBB2DE9F04105460E46A2
:10B238001746104CDFF84480444508D30DF0DEFD76
:10B248006A220D4B1A504FF0FF30BDE8F081236899
:10B25800AB4200D063B93A4631462846A3689847BE
:10B2680030B13A4631462846E368BDE8F041184710
:10B278001034E1E71C9101000C0000002C91010042
:10B28800014B1860704700BFE8CF00202DE9FF414F
:10B298004FF0FF324FF0FF3323480AF0BDFD234C37
:10B2A800234F244EDFF89880BC4205D31E4804B0D3
:10B2B800BDE8F0410AF0CEBD23681B689D6865B102
:10B2C8002B6853B104F110000CF014FF04F12400B2
:10B2D8000CF010FF20462B68984700232046C4E94D
:10B2E80001332373CDE901338DF80C300AF019FED0
:10B2F80038B1336808215A1C326001A8424608F068
:10B3080061FD9DF8043043B90B4A01A81368591C24
:10B3180011600821094A08F055FD204601A90AF0E4
:10B328000DFE3834C0E700BF24C80020F0C8002054
:10B3380028C90020F0CF0020ECCF00204DA5010047
:10B3480046A5010038B5074C074DAC4200D338BDBF
:10B35800032120460AF069FD10B920460AF0BBFD1A
:10B368003834F2E7F0C8002028C90020084B70B52F
:10B37800C31A0D4607499B10044659434022064804
:10B388000AF00FFE2B4601462046BDE870401847DC
:10B3980008D00020B76DDBB6C48E0100402373B51A
:10B3A8000B4C0093041B0B460D460A49A41061433D
:10B3B8000646094A09480AF020FE011E05DA304609
:10B3C8002B4602B0BDE87040184702B070BD00BF00
:10B3D80008D00020B76DDBB66D600100C48E010097
:10B3E80070B50022012104460520FFF7B9FB0F487C
:10B3F80004F0CEFA0E4B984215D104F0D9FA26691A
:10B408000C4930460AF005FB00280BDB01253564A2
:10B418002469084904F11C000AF0FBFA002801DB42
:10B428000020E56470BD6FF00400FBE775B4000010
:10B438000000AD0B7C95010001460C2300224B4314
:10B4480070B50848C41840331844D4E90E56A263AE
:10B458000AF094FD2DB132462B46BDE870400248F3
:10B46800184770BD08D00020C48E010010B1012813
:10B4780004D07047034B1B6C5B0701D1FFF7DCBF9F
:10B48800704700BF08D0002008B54FF02003EFF345
:10B49800118183F31288BFF36F8F114A136843F049
:10B4A80002001060DA0708D481F31188BFF36F8FA8
:10B4B800BDE80840012004F08FBA0A4BD3F80C24E9
:10B4C800D3F80C34DB07EFD507480AF057FD81F3B2
:10B4D8001188BFF36F8FBDE808400020FFF7ACBFAD
:10B4E80058D000200050004048D000207FB50022EE
:10B4F8000123CDE9022304ABCDE90433094A6B46A5
:10B50800CDF800D0CDF804D00AF0A5FD002805DB61
:10B518004FF480420023684607F024FE07B05DF828
:10B5280004FB00BF8D60010010B54FF02003EFF35E
:10B53800118483F31288BFF36F8F074A136823F0CF
:10B548000201DB07116002D401200BF02BFB84F30E
:10B558001188BFF36F8F10BD58D000202DE9F0413E
:10B56800012207463549D1E8EF3FC1E8E02F00281E
:10B57800F9D133B9324933484B60CB608A600AF05D
:10B588005BFA7B1E012B28D8012F06D12E4BD3F84E
:10B598001C3403F00303022B1FD00CF08DFD05466D
:10B5A800E8B92A4B1B78D3B102220646264BC3F8CA
:10B5B8000823254CDFF89880D4F81824D4F81834D8
:10B5C800D20316D503F00303022B01D0012F10D1AB
:10B5D80075B386F31188BFF36F8FBDE8F0814FF024
:10B5E8002003EFF3118683F31288BFF36F8F0125D1
:10B5F800DFE7C5B13046FFF779FBD4F81835DBB281
:10B60800012BD9D1D4F80421002AD5D00022C4F8BE
:10B618000421D4F804210222C4F818252022C8F8ED
:10B628008021A360C8E70021212008F043F9E4E75E
:10B638000222054BC3F80423CFE700BF04D0002043
:10B64800F4CF002024D0002000500040D2EC00208D
:10B6580000E100E008B507480CF09CFC38B106484A
:10B66800FFF788FD0448FEF7C7F8002008BD6FF013
:10B678001200FBE7008F010085B600000A2838B5E4
:10B688000446074D04D1AB680D2128465B689847EE
:10B69800AB6803485B68E1B29847204638BD00BFF5
:10B6A800008F010038B545682B69B3B110352846BD
:10B6B80004F0CAFD044680B90146284604F084FD1A
:10B6C800084B98420BD122462846074904F052FD00
:10B6D800224605213120FFF743FA002038BD6FF0DC
:10B6E8000400FBE70000AD0BF5B60000430970B598
:10B6F80007D10B4B596821B101250C68094E8540CB
:10B7080001B970BD8A682A4002D030464B68984714
:10B718001CB1236821461C46F2E72346FAE700BF1E
:10B728005CD00020D88E01002DE9F04340F20635A8
:10B738004668D00648BF0320337B02EA050558BF98
:10B74800C2F3401087B001F01F07B5F5837F144698
:10B7580047EA43178DF8030041D00FD8062D18D0BB
:10B7680007D8B5B1022D3CD06FF0150007B0BDE881
:10B77800F083B5F5807FF7D101250AE040F2022277
:10B78800954230D0B5F5407F2FD0B5F5007FEBD18D
:10B79800022522032BD5012372688B4093603269FE
:10B7A80062BB07F01F037F0975D13D4A84F48031DD
:10B7B80002EB8302D2F80032C1F30041C4F34044E3
:10B7C80023F4E16344EA410423F007031C4344EAF9
:10B7D800800444EA0524C2F800420020C6E7072591
:10B7E800D7E70425D5E70525D3E70325D1E7630384
:10B7F80041BF012372688B40D360D0E710363946C9
:10B8080030460DF1020204F0C3FC14F4403F8046B8
:10B818000CD1394630460BF063FA224B9845DCD1FF
:10B8280030469DF8021004F01DFDD6E74FF00009E0
:10B8380001AB3946304603AACDE90439CDE901996F
:10B84800CDF80C9004F002FB164B98428CD114F4FE
:10B85800003315D09DF8033084F48034C4F30044D9
:10B868008DF80E3039464B46304603AA8DF80C50F9
:10B878008DF80D4004F0E6FB0A4B9842CDD073E7F3
:10B88800CDE9043339460DF10303304603AA039387
:10B8980004F0DCFAF0E7803352F82330FFDE00BF13
:10B8A800002584400000AD0BF0B5406801F01F048E
:10B8B800057B87B044EA45140569002D5FD0B2F5D1
:10B8C800001F00F1100506D1214628460BF00AFAA0
:10B8D800002007B0F0BD0027B2F5800F01AE019738
:10B8E800776037D1B3F1007F14BF052304238DF8A7
:10B8F80004300023CDE904630393836823FA01F13C
:10B9080011F0010118D1B2F1A07F15D104F01F0385
:10B91800620903F1800338D11D4A52F82330DB074E
:10B928000AD40DF1030632462146284604F030FCBD
:10B93800184B984219D002962146284603AA04F0CB
:10B9480085FA154B98421DD101222146284604F05C
:10B95800A1FCBDE7B3F1C06F05D0B3F1007F14BF00
:10B9680001230223C3E70323C1E73146284604F035
:10B9780085FC094B9842DED06FF00B00A9E76FF009
:10B988008500A6E76FF01500A3E751F82330FFDE26
:10B99800002584400400AD0B0000AD0B2DE9F043F9
:10B9A800594D5A4E5A4F00EB8101814202D1002075
:10B9B800BDE8F083046814F4805FC4F3432C04F0FA
:10B9C8007F0340F08F807F2B4FEA144408BF4FF06D
:10B9D800FF3315F80CC0192C00F28780DFE804F05B
:10B9E8000D13191C1F251C85858585366185858560
:10B9F80085858585858564797C7FC2F80C355C1CD6
:10BA08005CD10430D1E7C2F814355C1CF9D00024AD
:10BA18005DE0C2F80835F2E7C2F81035F5E75C1CBE
:10BA2800C2F80835EDD0002404E05C1CC2F80C35DF
:10BA3800E7D001245FEA531E5AD14FF00108DFF81E
:10BA4800CCE008FA03F9CEF80C900AE0C2F8083501
:10BA5800BCF1000FD9D15C1CD3D000244FF0060CE8
:10BA6800A046D0F8009009F4005EBEF1000F1CBF9C
:10BA78004FF00008012403F01F0E5B093ED106EBCE
:10BA88008E0EDEF80032C9F3C1193B4043EA890340
:10BA980043EA0C2343EA080343EA4403CEF800329E
:10BAA800AFE7C2F80C35D3E7C2F86035B3F1FF3F12
:10BAB8000468A6D0C4F38034002CBAD05C091AD12B
:10BAC8000124DFF848E004FA03F8CEF80880A0461D
:10BAD800C7E7C2F86435E9E7C2F86835E6E7C2F8AF
:10BAE8006C35E3E76FF0150062E76FF085005FE7FC
:10BAF8000023DB60FFDE00239B60FBE700230EF1E1
:10BB0800800E53F82E30F5E78CA5010000258440FF
:10BB1800F0F8FCFF7FB50BAB05930393054B0122AF
:10BB2800029300231846CDE90033FEF70DF907B05C
:10BB38005DF804FB94A501002DE9F04306464FF09B
:10BB4800000887B0002201210820FFF709F8082023
:10BB5800FEF7D6FF776835693C684146C4F800852A
:10BB68002E60D7F80C9005AA48460AF0EDFA00288E
:10BB780038DB059BD9F8002019791868FFF70EFF04
:10BB880000282FDB6B7A3169012B03D0032B27D1D7
:10BB98004FF01008AB7A032B22D195F80BC0BCF1FB
:10BBA800000F02D0BCF1010F1AD12A7A12B1022A71
:10BBB80016D10E226B687068B3F5164F006800F056
:10BBC80081802DD8B3F5165F7FD016D8B3F5966F60
:10BBD8007DD00AD8B3F5967F7CD0B3F5167F7CD09C
:10BBE8006FF0850007B0BDE8F083B3F5166F77D026
:10BBF800B3F5965FF4D15F4B3EE0B3F5E14F72D0F9
:10BC080007D8B3F5615F70D0B3F5964FE8D15A4BBA
:10BC180032E047F6122E7345E2D14FF400032BE0D1
:10BC2800B3F5613F63D013D8B3F5963F62D009D816
:10BC38004DF6C02E73455FD0B3F5614FD0D14FF4A8
:10BC48006B0319E0B3F5E13FCAD14FF0EB7313E092
:10BC5800B3F5612F53D009D8DFF83CE1734551D0D3
:10BC6800B3F5E12FBCD14FF0E86305E0DFF82CE134
:10BC78007345B5D14FF08053C0F82435736848EA4E
:10BC88000C081B6842EA0802C3F86C250B1DD5E9AD
:10BC9800010183E803007B68990742D505F11C0080
:10BCA80003F028FF354B98422FD0354B01220293E1
:10BCB800002334491846CDE90033FFF72BFF6FF016
:10BCC80004008FE74FF41D03D6E72F4BD4E74FF45A
:10BCD8009E23D1E74FF4A033CEE74FF41C33CBE7D4
:10BCE8004FF41D23C8E7294BC6E7294BC4E74FF09B
:10BCF8006C73C1E7274BBFE74FF46503BCE74FF010
:10BD08007063B9E74FF08063B6E7287F04F10C024F
:10BD180004F590710AF03FFF01202B7F984003F053
:10BD2800D9FD0823C4F800353B7A53B9C4F810315B
:10BD3800D4F81031AB69C4F834350123C4F8383568
:10BD480023607B6800209A075CBF4FF48073C4F8B7
:10BD580004337B68DB0644BF4FF48003C4F8043324
:10BD68006B69C4F844350123C4F84805A360E3604F
:10BD780038E700BF00B0130000A04E000000AD0B74
:10BD880094A50100B49101000050270000C075007F
:10BD980000F03A0000903A0190D0030040420F00B2
:10BDA800F8B504460D4607690CF086F9B0B9214B81
:10BDB8001B789BB1642660680AF0A0FA00BB0120DA
:10BDC8000AF0E7FE013EF6D10021212007F072FDBE
:10BDD800F0E781F31188BFF36F8FF5E74FF0200389
:10BDE800EFF3118183F31288BFF36F8F60680E46FB
:10BDF8000AF084FA90B981F31188BFF36F8FEDE7E9
:10BE08004FF02003EFF3118183F31288BFF36F8F94
:10BE180060680E460AF072FA0028DAD07B690122BF
:10BE28001D70204679690AF0A9F986F31188BFF3D5
:10BE38006F8FF8BDD2EC00200123834070B5DC433E
:10BE48000B4AD2E8EF1F01EA0405C2E8E65F002EBC
:10BE5800F7D14FF4803282400648C0F80823BFF378
:10BE68005F8FBFF36F8F0B4214BF0120002070BD9E
:10BE78006CD000200050014070B40E4922F07F467B
:10BE8800D1E90034D01AC31844F10004C1E90034E0
:10BE9800A6F50013B3F5400F09D2074B1B681A0A21
:10BEA8001B069C19054B42F10005C3E9004570BC0F
:10BEB80007F008BE60CA002070D0002068CA0020C1
:10BEC800D9B101230D4A8340D2E8EFCF4CEA030CE5
:10BED800C2E8E1CF0029F7D14FF48033084A834004
:10BEE800C2F80433074BD3E8AF3FC340DB0742BF78
:10BEF8004FF40012044BC3F8002170476CD00020A7
:10BF08000050014068D0002000E100E00D4B1868A7
:10BF1800010A0006BFF35F8F0B4BD3F804351818DE
:10BF280041F10001B3F5801F0AD2084BD3E9002381
:10BF3800904271EB030303D210F1807041F10001CC
:10BF4800704700BF70D000200050014068CA002030
:10BF58002DE9F04F85B016461F4604469DF840A0CF
:10BF6800FFF76AFF0190FFF7D1FFB04271EB0703BB
:10BF780052D23B4B301A67EB0101984271F1000134
:10BF88004DD2384B03EB0413D3E902239F4208BF79
:10BF9800964258D04FF48038334908FA04F82046BE
:10BFA80026F07F4BC1F848830AF052FA4FF0030994
:10BFB800584604F15005AD00ADB205F1804504F5D1
:10BFC800A87305F5A8350293029A20F07F4341F83B
:10BFD8002230C1F84483D1F80435244AC01A033802
:10BFE80020F07F4090422ED9286868B1D1F80435F6
:10BFF800A3EB0B0020F07F40B0F5000F039322D98C
:10C0080020460AF025FA039BBAF1000F07D109EB85
:10C01800030009F10109D7E7BAF1000F09D06FF061
:10C02800150520460199FFF74BFF284605B0BDE8E6
:10C03800F08F01230E4AA340D2E8EF0F1843C2E85D
:10C04800E10F0029F8D107490E982301C8500F9B2A
:10C0580001EB04120025C2E902675360E1E700BF63
:10C068000100800050CA002000500140FDFF7F0001
:10C0780068D000207FB500254FF0FF304FF0FF312A
:10C08800194C1A4B0226C4F80833C4F84833184B25
:10C09800C4F80855C3E902014FF480334FF4001285
:10C0A800C4F80433134B0121C4F804631520C3F802
:10C0B80080212A46FEF754FD1520FEF721FD0123B5
:10C0C8000D4AA360236013600C4B0D4A0093284669
:10C0D8000023CDE90155FFF73BFF3046FFF73EFA55
:10C0E800284604B070BD00BF0050014003000F0097
:10C0F80050CA002000E100E06CD0002081BE0000A2
:10C10800FFFF7F002DE9F7432E4BD3F80423900758
:10C118000BD5D3F8042142B10022C3F804212A4ADE
:10C12800D3F80431136801331360264AD2F8043374
:10C13800D90327D5254BD3E8EF1F21F00100C3E829
:10C14800E40F002CF7D1CB0702D4D2F84031CBB1A1
:10C1580000251C4CC4F84051D4F84031FFF7D6FEF6
:10C168004FF02003EFF3118283F31288BFF36F8F30
:10C17800174BD3E90267B042B94106D282F311885E
:10C18800BFF36F8F03B0BDE8F0834FF0FF38D3E9FA
:10C1980000104FF0FF391D60C3E902894FF4803366
:10C1A800C4F84833C4F84051D4F8403182F31188B8
:10C1B800BFF36F8F0029E5D0009032463B462846F2
:10C1C8008847DFE70050014070D0002068D0002089
:10C1D80050CA002030B5431C124C85B005D08442AB
:10C1E800A8BF0446012CB8BF0124FFF78FFE0E4BF1
:10C1F8000C4DD3E90013401AB0F5000F0FD22218E6
:10C20800AA4228BF2A46002052180849CDE9010051
:10C21800009143F10003FFF79BFE05B030BD2A46AD
:10C22800F1E700BFFFFF7F0060CA002081BE000069
:10C2380008B5FFF76BFE024B1B68C01A08BD00BFAC
:10C2480060CA002070B50546054C064EB44200D3BE
:10C2580070BDD4E90031284698470834F6E700BF96
:10C268001CBC01001CBC01007FB5002201212A2052
:10C27800FEF776FC0E4806F027FA044650B10D4B3F
:10C2880003900293002301221846CDE900330A499E
:10C298000AF0EEF8094D0A4EB54202D3204604B022
:10C2A80070BDD5E90031204698470835F4E700BF4E
:10C2B80078960100CDA501009C9101001CBC0100ED
:10C2C8002CBC0100F0B50F4B01461A680E4B0B252C
:10C2D800002618461F46B84201D3013D04D118462E
:10C2E800013A19605A60F0BD04688C42FBD03CB139
:10C2F8004468141BA642BCBF034626460830EAE73A
:10C308000346ECE730D100203CD100200020054B4B
:10C31800C3E90000044BD3E8EF2FC3E8E10F00297D
:10C32800F9D1704734D1002030D100202DE9F04FE9
:10C3380089B005460E460BF026FE20B96FF06D0059
:10C3480009B0BDE8F08F0CF0FCF833680446002B08
:10C358000F4604D107F02CFA6FF00A00F0E7BCBFD3
:10C368004FF0FF3333600122002101A80BF047FF93
:10C37800E84607954FF02003EFF3118B83F31288FB
:10C38800BFF36F8F0CF03AFDDFF82CA1DFF82C918A
:10C398005AF80000FFF796FFD9F8003042689A4231
:10C3A8006FD10023434D00936B68002B70D1C5E912
:10C3B80000888BF31188BFF36F8F33685A1C6CD0D9
:10C3C8004FF4004E40F2E730002123EAE37C4FF4BB
:10C3D8007A720023CCFB0E01FCF7D0FA02460B461A
:10C3E80001A806F0BFFE4FF02003EFF3118B83F393
:10C3F8001288BFF36F8F00222B685BB1434556D17B
:10C408000099002A4DD16A6829609A4200D1696072
:10C41800002300930CF0F2FC5AF80000FFF752FFDB
:10C42800D9F8003043608BF31188BFF36F8F0BF09E
:10C43800AAFD002882D035686B1C27D00CF081F843
:10C448004FF47A7EA0FB0E320EFB0121A4FB0E42B4
:10C458000EFB0722DB0BE40B43EA414344EA424468
:10C468001B1B4FEAD1314FEAE57C61EBD231ED1A63
:10C478006CEB010CBCF1000FB8BF002535602DB97D
:10C488006AE743608BF31188BFF36F8F002057E78B
:10C49800C3F80080C5F804808BE74FF0FF321346DD
:10C4A8009EE711606968994208BF6A60B0E71A465A
:10C4B8001B68A2E734D100200800000030D100201A
:10C4C800024600B50CF09AFC014B1A505DF804FBCB
:10C4D8000C00000030B404682CB10D4B9C4202D310
:10C4E800A8339C420BD30B4C2378062B0BD85D1C2E
:10C4F8002570074C03EB430304EBC3030360006898
:10C5080030BC0BF07CBE6FF00B0030BC704700BF36
:10C5180088D0002090D7002002682AB1094B9A429F
:10C5280002D314339A4206D3074B1A7832B9012240
:10C538001A70044B036000680BF0DCBD6FF00B0051
:10C54800704700BF74D000208FD7002038B505464B
:10C558000A4BD3E8EF1F0131C3E8E21F002AF8D1E4
:10C56800074B1C6804B938BDE369AB4201D005B17B
:10C5780013B9201D06F0D0FD2468F3E730D1002060
:10C5880034D1002001460022002301480BF06DBD84
:10C598008CD10020014601480BF071BD8CD10020E0
:10C5A80001460022002301480BF05FBDA0D1002006
:10C5B800014601480BF063BDA0D1002008B54FF437
:10C5C8008062064906480BF004FDBDE808404FF4B8
:10C5D8000252044904480BF0FCBC00BF91D700206C
:10C5E8008CD10020E8840020A0D1002010B5044B95
:10C5F8001C6804B910BD201D06F08EFD2468F8E7FC
:10C6080034D1002070B50546054C064EB44200D31F
:10C6180070BDD4E90031284698470834F6E700BFD2
:10C6280014BC01001CBC010008B5024804F0BAFAA9
:10C63800002008BD0DC60000292800F099800ADCFA
:10C6480001284FD0062800F09580002800F08E8041
:10C658004FF0FF307047B0F58D7F04D0B0F5007F04
:10C66800F6D11E2948E04B1E142BF1D801A050F832
:10C6780023F000BFD3C60000D3C60000D3C6000015
:10C68800D3C60000D3C60000D3C6000059C60000B8
:10C6980059C6000059C6000059C6000059C6000016
:10C6A800D3C60000D3C60000D9C60000DDC600000E
:10C6B80059C6000059C60000D1C60000E1C60000F6
:10C6C800E5C60000E9C600000E2100201160704791
:10C6D8000F21FAE71021F8E71121F6E71221F4E714
:10C6E8001321F2E736293FDC202907DC1429ECD096
:10C6F80038DC0229E9D00429E7D0A9E7A1F1210310
:10C70800152BA5D801A050F823F000BFD3C6000010
:10C71800D3C6000059C6000059C6000059C600001B
:10C7280059C6000059C60000D3C6000059C600000B
:10C7380059C6000059C6000059C6000059C6000075
:10C7480059C6000059C6000059C6000059C6000065
:10C75800D3C60000D3C60000D3C60000D3C600006D
:10C76800D3C600001529C7E73D29C5E71F29C3E738
:10C778002029C1E73729BFE74FF0FF32064B0020D9
:10C788001A609A611A639A641A669A67C3F89020C5
:10C79800C3F8A820704700BFB8D100202DE9F041A8
:10C7A8001446002286B001290D461E46CDE9042212
:10C7B800DDF83080076803D1192C12D15F2307E018
:10C7C8002146284603AAFFF737FF002824DA6D23FD
:10C7D8000CF014FB144A13504FF0FF3006B0BDE8BC
:10C7E800F0812146284603AAFFF726FF0028EEDB42
:10C7F800143C012C07D836B14FF008083268B368EA
:10C808000492059304AE334629463846039ACDF878
:10C81800008004F07BFFE1E7B5F58D7FF3D10C2CA8
:10C8280008BF4FF00408EEE70C0000002DE9F041C6
:10C838001C46002386B00F461546CDE9043308236D
:10C848000668294638460DEB0302DDF8308003936D
:10C85800FFF7F2FE00280ADA0CF0D0FA6D224FF04A
:10C86800FF361A4B1A50304606B0BDE8F081012F4A
:10C878001DD1A5F11403012B19D803AA04AB304626
:10C8880000923946029A05F06DF806460028EAD16A
:10C89800012FE8D1042D0DD120680028E3D0FFF73F
:10C8A8000FFE0CF0ABFA094B1B582360DBE742463E
:10C8B8002346E4E7143D012DD5D8049BC4E9003094
:10C8C800059BA3601023C8F80030CCE70C000000DB
:10C8D8000B490346087880B90A49097839B1A2F5A5
:10C8E800807102290AD9A2F58872012A06D9013B6A
:10C8F800022B8CBF0020012070470020704700BF2A
:10C9080012DC002011DC0020034610B51C680B88DF
:10C918000846012B86B00DD14A88ADF80030ADF835
:10C9280002204B6808226946019320460AF074FDEC
:10C9380006B010BD022B04D1694609F015FE162277
:10C94800F3E70CF05BFA6A22024B1A504FF0FF3003
:10C95800EEE700BF0C00000070B400231825016842
:10C96800084C05FB03F2A658B14206D1B0F90610EF
:10C978000832A01870BC07F085B90133082BF0D134
:10C9880070BC7047B8D100202DE9F04F14460E4610
:10C9980000218BB00546202202A81F4601910CF009
:10C9A8005CF95CB163680293E3680493A36803933A
:10C9B80023690593E36903B1089302AC4FF0FF3292
:10C9C8004FF0FF33344809F005FE31462246284629
:10C9D80001AB04F07DFB064648B9804681464FF01E
:10C9E800180A019D38604DB901980AF0F7FB2A48EA
:10C9F80009F0F2FD30460BB0BDE8F08F50200BF087
:10CA080052FF0446002840D0C0F80090C0F81C909F
:10CA18002B684360AB68C3606B688360EB68036135
:10CA2800D5F804B0BBF1010F14D108200BF03BFF7F
:10CA3800A06138B3082363616B695A88A0F800B015
:10CA480042805B684360B8F1000F21D13C60A0468A
:10CA5800ED69C8E7BBF1020F09D00BF01DFF6FF0BD
:10CA68000506386809F060FD00233B60BCE7182024
:10CA78000BF019FFA06128B1C4F814A0696909F086
:10CA880060FDE0E720460BF007FF6FF00906E8E7D6
:10CA9800C8F80040DBE700BFFCC700202DE9F043E1
:10CAA80089B00546D0E900900E4617469846109C76
:10CAB80008B109F091FDA4B9CDE9004443463A46CE
:10CAC800314648460AF0BFFD0446686828B14FF071
:10CAD800FF324FF0FF3309F07DFD204609B0BDE875
:10CAE800F0832388012B0BD1ADF808306368628886
:10CAF8000393082301936B44ADF80A200093DDE704
:10CB0800022B07D102A9204609F02EFD1623CDE9F4
:10CB18000013D3E70CF072F96A22024B4FF0FF348E
:10CB28001A50D2E70C0000002DE9F347074690465B
:10CB38000C4679B300231A46C868834235D1802A47
:10CB480072D800254FF0FF324FF0FF33394809F013
:10CB580041FDA946384EE3689D422DD3002635464F
:10CB6800DFF8D4A0B14511DD85B963683846019373
:10CB78002368A9EB060200930AEB06014346FFF778
:10CB88008DFF051EEEDD2E44B145EEDC294809F087
:10CB980023FD06E00CF032F916224FF0FF35274B43
:10CBA8001A50284602B0BDE8F087A16801EBC3011E
:10CBB800496801330A44C0E7A36806EB090003EBA0
:10CBC800C50253F8351052680CF03AF8A3684FEADA
:10CBD800C50A53445B6801359944BCE7A3684FEA2A
:10CBE800C60A03EBC6035B683BB14FF00009A368B4
:10CBF80003EB0A025268914504D30136E3689E426A
:10CC0800ECD3CEE753F80A106368494401932368CC
:10CC180038460093A2EB09024346FFF73FFF011E87
:10CC280005DB89440D44E2E700263546E6E70D4674
:10CC3800B7E700BF38C8002091DB00200C000000D7
:10CC48004FF0FF324FF0FF3370B505460B4809F03F
:10CC5800C1FC002318200A4A00FB03F156588C181F
:10CC6800013605D15550054809F0B6FC204670BD7F
:10CC78000133082BF0D10024F5E700BFD4C700200A
:10CC8800B8D1002038B5094D04464FF0FF32284688
:10CC98004FF0FF3309F09EFC00234FF0FF32C4E948
:10CCA80000232846BDE8384009F096BCD4C70020C8
:10CCB8002DE9F04389B007460C461546FCF7BCFD44
:10CCC8000646002E38681EDB04B315B32B6801AA8C
:10CCD800082B18BF16230DF10809019349460AF0DD
:10CCE80015FCB0F100080BDBFFF7AAFF074698B95F
:10CCF8000CF084F80C221E4B1A50404604F0D4FC69
:10CD08003046FCF7F1FD4FF0FF3618E02246A14609
:10CD1800E4E72A46A946E1E764B15DB1B9F8003015
:10CD2800012B10D108222A60BDF80A202380039B1A
:10CD380062806360394630460E4AFCF7BBFD3046D8
:10CD480009B0BDE8F083022B06D1182320462B60DA
:10CD580002A909F0F6FBEDE70CF050F88622044B27
:10CD68001A50404604F0A0FC3846FFF78BFFC7E78F
:10CD78000C000000AC96010010B50446094B0A4AA5
:10CD8800186003680948DA61FEF77AFA23680C33F9
:10CD9800D3E8EF1F41F00801C3E8E21F002AF7D1EA
:10CDA80010BD00BFB4D10020CDCE0000A496010074
:10CDB800F0B5A1F58173046887B0032B58D8DFE874
:10CDC80003F002417A540127D2E9016113683B4A12
:10CDD800B3F904300492ADF814308DF81670336846
:10CDE800994205D10CF00AF80C22354B1A5014E080
:10CDF80000F1080528460BF032FD2B460022394683
:10CE080030680BF002FD0823204600933C22394687
:10CE180004AB04F07BFC044610B14FF0FF340EE085
:10CE2800336814333360CDE90200284602AA03A907
:10CE38000BF01AFD039B002B18BF6FF077042046F8
:10CE480007B0F0BDD2E90042136814331360002321
:10CE5800CDE9033303AA04A908300BF005FD049BB0
:10CE68000BB1039BE3800024E9E713684360FAE70A
:10CE7800032913D0042919D1126832F4804304D04D
:10CE88000BF0BCFF16210E4B195004212046C2F3AB
:10CE9800803207B0BDE8F0400AF03FBE20460022CD
:10CEA8000AF03BFE840304F48044C8E70BF0A6FFB5
:10CEB8001622034B9AE76FF05E04C0E761C90000D1
:10CEC8000C0000002DE9F0410D1E0746904612DACD
:10CED80006F036FC1C4E012333704246384625F0D6
:10CEE8004041FEF7A1F900233370044606F03CFCEC
:10CEF8002046BDE8F0816B0003D506F021FC134EF7
:10CF0800E9E7FCF799FC041E09DB29464246384646
:10CF18000AF082F9051E05DA2046FCF7E5FC4FF019
:10CF2800FF34E5E7FFF78CFE014640B90BF066FFDA
:10CF38000C22074B1A50284604F0B6FBECE72046B3
:10CF4800044AFCF7B7FCD3E712DC002011DC002010
:10CF58000C000000AC9601007FB50BAB0593039362
:10CF6800054B0122029300231846CDE90033FCF754
:10CF7800EBFE07B05DF804FB10A601007FB543681F
:10CF880001220493036806490393064B0293002386
:10CF98001846CDE90033FFF7DFFF07B05DF804FB63
:10CFA8009C91010010A601001FB5094803F0F4FD8B
:10CFB80050B1084B03900293002301221846CDE993
:10CFC8000033054909F07EFB002005B05DF804FB3D
:10CFD800E5CF000039A60100349101002DE9FF4199
:10CFE800054600261E4CDFF89080444518D3A6B1AC
:10CFF8002846FBF73DFE0022411D002319480BF08F
:10D0080034F80446F0B9184B0222CDE90103174958
:10D0180003460395009009F055FB04B0BDE8F08184
:10D02800277AFA070AD4216819B128460BF0D4FCEC
:10D0380020B1BB0704D52846636898470C34D4E769
:10D048000126FBE729460430FBF70AFE214608487B
:10D058000BF0CAF8074804B0BDE8F04106F004B97F
:10D068003CC70020C0C7002066A60100349101001B
:10D07800D8C8002008C600209CC700202DE9F84326
:10D08800134E144FDFF8548000220023304606F078
:10D098000FF80546B8B9BDE8F883237ADA070AD449
:10D0A8009B0708D4216819B148460BF095FC10B1CC
:10D0B8004846636898470C34BC42EED3294640463C
:10D0C8000AF0DDFFE0E7044C05F10409F4E700BFCE
:10D0D800D8C800209CC700203CC70020C0C700203B
:10D0E800024883681B6A03B118477047008F010024
:10D0F8001FB5074B03900293002301211A461846D7
:10D10800CDE9003309F0EDFA05B05DF804FB00BF86
:10D118008AAB01001FB50F4B4FF4805118460E4AD9
:10D1280003F0AAFD00280ADA0C4B039002930023AF
:10D1380001221846CDE90033094909F0D2FA054819
:10D14800FFF7D6FF0022074B1A7005B05DF804EB15
:10D15800FFF7C6BF14DC00208AAB01009DA60100C2
:10D168002C91010014EC0020F0B5044687B08368C8
:10D17800DB6B03B19847A368DB6AC3B9504E514DC6
:10D188003378C3B9A3681B692BB1012220460DF17E
:10D198001701984778B19DF81730082B01D07F2BDD
:10D1A8000BD12B68002BEBD0013B2B60E8E7204626
:10D1B80098470028E2D107B0F0BD43480278002A1A
:10D1C80051D10A2B23D00D2B0ED0002B4BD13F4A27
:10D1D80012786AB13E4A1846CDE901323D49022229
:10D1E800009309F07EFACBE7384A1278012A30D149
:10D1F80000223449384B0F680A601946DA55027024
:10D2080013F8012B202A4BD8002AF9D1B8E72F4A66
:10D218001778022FECD02B49032F0A6813D12E4F11
:10D228006AB107EB020C1CF801CCBCF10D0FDFD082
:10D23800501CB0F5805F1BD2BB540860A0E73B7060
:10D2480001230B609CE7501CB0F5805F10D2224F81
:10D25800F2E71C4A1068411CB1F5805F08D21E4FE6
:10D2680011603B548CE72F68791CB1F5805F0BD3B4
:10D2780003931A4B01220293002316491846CDE95D
:10D28800003309F02EFA7BE7DFF84CC0222B0CF8AC
:10D29800073029607FF474AF82F0010202706FE7F3
:10D2A8000B78002B3FF46CAF0D4883685B6A03B1C1
:10D2B800984701230B490C4833700AF0E0FF5FE7F9
:10D2C80014EC002078D2002013DC002015EC00209C
:10D2D800C3A601002C91010014DC0020EFA6010078
:10D2E800008F01007CD2002070CA00202DE9F04395
:10D2F8000124454B87B01C7044480AF04BFE034696
:10D30800D0B9434A4349CDE901020090224609F0C9
:10D31800E8F96FF0120303933F4B012202930023B5
:10D328003C491846CDE9003309F0DBF96FF00D09E7
:10D33800484607B0BDE8F0830BF003F94FF47A7262
:10D34800A0FB020302FB0133304EC00BB768DFF8C5
:10D35800E48040EA4345BB68B3B13046984781460C
:10D36800A0B93B6C002B49D12C492D480AF06AFF23
:10D3780000234FF4806200932A490A232A4805F0C3
:10D3880079FFFFF7ADFED3E76FF057090BF0D9F837
:10D398004FF47A74A0FB040204FB0122C40B44EA94
:10D3A8004244641BB4F5FA7F4FF00003CDF80C90AB
:10D3B8000BD91E4A1846CDE90132009301221549BE
:10D3C80009F08FF96FF00403A5E703221846CDE9A9
:10D3D80001381049009309F084F9B4682369002BD7
:10D3E800FCD0012230460DF1170198470028F5D1ED
:10D3F80000214FF4A47006F05DFAACE702460C4930
:10D4080002489847B0E700BF15EC0020008F0100E4
:10D418000FA701002C91010090A701001DD1000069
:10D428007CD20020D8ED002070CA002025A701007A
:10D4380071D100005BA70100A0F12C03DBB2112B16
:10D448009DBF0348D84000F001000020704700BF8E
:10D4580001400200F8B505460024094E56F8047B41
:10D468003846FBF705FC3946024628460BF086FA93
:10D4780020B10134042CF1D10020F8BD0120FCE7D3
:10D48800EC9601002DE9F0430468A3B023788046A8
:10D498000F4616460094002B00F0DD806F4B1B787A
:10D4A800062B1BD10021621C009210781346A0F1B4
:10D4B8006105192D02F101020ED9A0F14105192DBE
:10D4C8000AD95F2808D001B1009322463946304670
:10D4D8001B1B09F0EAF950E00121E6E7013B082BA4
:10D4E8004BD8DFE803F06C5162AA0E4A1F470500CB
:10D4F80022460021134612F8010B0028E3D001212F
:10D50800F8E72046002102780346A2F13005092DEC
:10D5180000F1010004D922F02002413A052AD2D8AC
:10D528000121F0E7684609F002F900220098037823
:10D53800054623F020014139192900F1010013D9CA
:10D54800303B092B10D902B100952B1B22463946D6
:10D55800304609F0AAF92B783D2B07D16B783F2B81
:10D568000BD10235009508E00122E0E73F2B04D1FA
:10D578000135F7E7304609F06EF90020009BC8F83E
:10D58800003023B0BDE8F08325462A78104609F01C
:10D59800C5F82B46013508B9002AF6D12246394686
:10D5A80030461B1B09F081F9DCE725462A782B4613
:10D5B800222A05F10105F1D0002AF7D1EEE720462D
:10D5C8000A2201A906F030FD0124019B0290009374
:10D5D800009B1878292825D020B303F10109FFF70B
:10D5E8002BFFCDF8009008B9254619E00A2201A9B9
:10D5F800484606F019FD22AB651C03EB840444F889
:10D60800800C4846FBF734FBDDF804900446484696
:10D61800FBF72EFB844206D0202DCDF8009002D0D7
:10D628002C46D5E72546AB003946304602AA09F014
:10D638005FF9009B013300939FE70A22204602A965
:10D6480006F062FC0B4602990246009130463946C4
:10D6580009F016F991E74FF0FF3092E717EC002038
:10D668002DE9F04107460468DFF8A48100293DD17F
:10D67800207809F047F85F4E054660B30623052277
:10D6880020465D4933700BF079F9F8B10522204640
:10D698005A490BF073F9C8B10B22204658490BF0D0
:10D6A8006DF998B10A22204656490BF067F968B11E
:10D6B8000B22204654490BF061F938B10722204665
:10D6C80052490BF05BF9B0FA80F56D0988F8005003
:10D6D80000203C6048E098F8003053B9204609F033
:10D6E80034F8002842D007233370F1E798F8003067
:10D6F8001BB102223F4B1A70EAE700293DDD2246A2
:10D70800157816462846013209F008F80028F7D19E
:10D718003046FBF7ADFA03282AD92B46A5F161025A
:10D72800192A98BFA5F12003412B21D17378A3F1C1
:10D738006102192A98BF203B542B19D1B378A3F161
:10D748006102192A14D92B2B09D0252B10D1F37873
:10D75800A3F16102192A98BF203B582B08D009224F
:10D768006FF00100234B1A70BDE8F0810223BBE77C
:10D77800207808F0C7FF002839D12278A2F12B03BE
:10D78800DBB20E2B18D847F6E57121FA03F3DB0755
:10D7980019D4104608F0C2FF10B316490B78042BB1
:10D7A8001BD12246144612F8010B08F0B7FF0028D7
:10D7B800F8D105230B708BE7222A07D103220D4BE2
:10D7C80001341A7084E704220A4B94E7282AE0D12E
:10D7D8000122084B14441A707AE7082B3FF478AFFB
:10D7E8001046FFF729FE10B10822024B83E74FF0DD
:10D7F800FF30B9E717EC0020BAA70100C0A7010065
:10D80800C6A70100D2A70100DDA70100E9A7010012
:10D8180016EC00202DE9F347894616461F46804638
:10D82800002800F09780002A00F094805368002BAD
:10D8380000F090800024104608F0E8FF4246336864
:10D84800CDF804809F4228BF1F46444B1C70444BB0
:10D858001C701146087808F061FF2546013204461D
:10D868000028F6D105B101910025019A1378002B03
:10D8780050D0AF424ED9202B02D0093B042B01D8FF
:10D8880001320192294601A8FFF7EAFE431C41D064
:10D89800023008BF00253246294601A808BFCDF846
:10D8A8000480FFF7EFFD013034D0019A1078FFF7BC
:10D8B800C3FDB0B1507808F031FF78B10135BD42F1
:10D8C80041D0294601A8FFF7CBFE013022D03246CD
:10D8D800294601A8FFF7D6FD01301BD0019B013373
:10D8E8000193019A107808F019FF38B301321178C2
:10D8F80092460846013208F011FF0028F7D139B1E5
:10D90800084608F0FFFE18B95046FFF7A3FDA8B176
:10D91800CDF804A0019DC4B92B78CBB12846FFF7F8
:10D9280099FD002814BF00206FF00A00B9F1000F1C
:10D9380001D0C9F8005002B0BDE8F0870135BD42FA
:10D9480008BF012491E70446E4E76FF00600EDE71D
:10D958002046EBE76FF01500EDE700BF17EC00205D
:10D9680016EC00201FB5104803F022F9044670B1E8
:10D978000E4B012202930023CDE900330390184691
:10D988000B4909F070F86FF00D0004B010BD09489C
:10D9980003F00EF90028F8D0074B0222CDE9014325
:10D9A800039023460094EAE714A801001FA8010089
:10D9B80074910100F2AD010055A8010010B50446AC
:10D9C80096B00021482204A80BF047F9204606A982
:10D9D80001F0A8FB60B10A4B0390029300230122D7
:10D9E8001846CDE90033074909F03DF816B010BDD7
:10D9F8000B2304A88DF8103000F068FCF6E700BF90
:10DA08008BA801007491010010B5044696B000215E
:10DA1800482204A80BF021F9204606A901F010FBC2
:10DA280060B1144B03900293002301221846CDE9FC
:10DA38000033114909F017F816B010BD9DF81830D9
:10DA48005A1E032A01D9072BF6D1DDE90821A2F5D0
:10DA58009C53083B0B4308D00A4308D00A2304A868
:10DA68008DF8103000F032FCE6E70823F7E70923C9
:10DA7800F5E700BFBBA801007491010030B5A9B05B
:10DA880000214822054604A80BF0E7F800F016FC30
:10DA98000146B8B9474C2378032B48D9482216A821
:10DAA8000BF0DBF8607890B130210AF000FF0446F3
:10DAB80070B9414BCDE90143012223463F49009407
:10DAC80008F0D1FF3E4805F027FB29B030BD0446D9
:10DAD80018AA29463748279401F03CF8C21D0DD0F2
:10DAE800012817D9374B03900293002301221846C7
:10DAF800CDE90033314908F0B6FF11E00A2303935A
:10DB0800314B0222029300232C491846CDE90033F9
:10DB180008F0A9FF072316A88DF8583000F0D6FBA7
:10DB280020460AF0B9FE25980AF0B6FECAE728464C
:10DB380000F082FE044630B110210AF0B8FE044617
:10DB480008B9224BB6E7284606A9139400F098FEB8
:10DB5800C31D0DD0012822D91A4B0390029300232C
:10DB680001221846CDE90033144908F07CFF1CE077
:10DB78000025174B0222284610490293CDE900558B
:10DB88002B4608F070FF0A230393124B0222CDE9BB
:10DB9800015328462B460949009508F064FF0723DE
:10DBA80004A88DF8103000F091FB002C8AD0204694
:10DBB800BAE700BFBAEC0020F7A801007491010091
:10DBC800A8C8002085A9010023A90100AFA9010068
:10DBD800DCA901004BA9010010B5044696B000214C
:10DBE800482204A80BF039F8204606A900F0C2FD27
:10DBF80060B10D4B03900293002301221846CDE932
:10DC080000330A4908F02FFF16B010BD069B079A8B
:10DC1800A3F59C53083B1343F6D1062304A88DF8BB
:10DC2800103000F053FBEFE703AA010074910100E4
:10DC380010B5044696B00021482204A80BF00DF850
:10DC4800204606A9FBF71CF860B10A4B0390029323
:10DC5800002301221846CDE90033074908F003FFE5
:10DC680016B010BD022304A88DF8103000F02EFB6A
:10DC7800F6E700BF37AA01007491010010B5044609
:10DC880096B04822002104A80AF0E7FF01222046A6
:10DC980006A900F027FC60B1094B0390029300230A
:10DCA80001221846CDE90033064908F0DCFE16B01B
:10DCB80010BD032304A88DF8103000F007FBF6E729
:10DCC80053AA01007491010038B50C46054640B9C5
:10DCD80049B30846FAF7CCFF082818D06FF01500AA
:10DCE80014E0FAF7C5FF0828F8D19CB12046FAF7E6
:10DCF800BFFF0828F2D1092229460C480AF0E8FD9E
:10DD0800092221460A480AF0E3FD002038BD074BE6
:10DD18001D70F5E70922294604480AF0D9FD0022BA
:10DD2800034B1A70F1E7014B1970F8E71EC7002082
:10DD380027C700201FB568B31748FAF799FF0446AC
:10DD48001648FAF795FF082C1BD1082814D1134A56
:10DD58001149134802F02CFF60B1124B0390029353
:10DD6800002301221846CDE900330F4908F07BFE55
:10DD78006FF00D0004B010BD07490C4802F018FF01
:10DD8800EAE7082802D105490948F7E7094802F0F7
:10DD98000FFFE1E70848FAE71EC7002027C7002061
:10DDA8007AAA0100C1AA01007491010091AA010098
:10DDB800A3AA0100B6AA0100FDAD0100F0B5002438
:10DDC80091B00D460646CDE90744CDE90A44CDE9B0
:10DDD8000D448DF824408DF830408DF83C400028E3
:10DDE8006DD000296BD0374FA0213846364A3C7099
:10DDF80002F042FF78B1354B0390CDE9014320464C
:10DE0800234600940122324908F02DFE6FF00D04DC
:10DE1800204611B0F0BD2C2138460AF085FD044695
:10DE280070B96FF04C04F3E75CB92A4B01220293F6
:10DE3800002327491846CDE9003308F014FEF0E71F
:10DE48000C27601C2C210AF06FFD013F0446EBD122
:10DE58000028EAD0811C082207A80AF0A1FD601C4E
:10DE68002C210AF061FD04460028DED0811C08221E
:10DE78000AA80AF095FD2C21601C0AF055FD00281F
:10DE8800D3D0811C08220DA80AF08AFD05AB0DAA83
:10DE98000AA907A800F088FA044658B10E4B039067
:10DEA800CDE9017301223B4638460949009708F03D
:10DEB800DAFDADE7059B3360069B2B60A8E76FF0A2
:10DEC8001504A5E718EC0020F0AA0100FDAA01003E
:10DED800749101001AAB010034AB0100F0B50024C5
:10DEE8000546A9B04822002116A80AF0B6FE30223D
:10DEF80021460AA88DF81E4008AF0AF0AEFE0DF1C3
:10DF08001F037C600121009328460AAB0DF11E0215
:10DF1800089400F045FB68B1484BCDE90305CDE90D
:10DF280001430122234620464549009408F09BFD01
:10DF380029B0F0BD9DF81E3003F0FB03012B05D17D
:10DF48000C9B01335ED03F4805F0E6F800F0B6F9C7
:10DF58000028EDD13C4A9DF81E301178994207D02F
:10DF68008DF8580016A813708DF8603000F0AEF9DF
:10DF7800364B0C999A68914203D1DB680D9A9A4204
:10DF880019D00423314D0AAC8DF858300FCC0FC589
:10DF98000FCC0FC594E80F0085E80F0018AE0AAD46
:10DFA8000FCD0FC60FCD0FC694E80F0086E80F00FF
:10DFB80016A800F08BF9264A9DF81F30117899426F
:10DFC80008D01370052216A88DF858208DF86030F7
:10DFD80000F07CF99DF81E4004F0FB04012CA7D149
:10DFE800384609A9FFF7EAFE80B14D30A0D0194B99
:10DFF80022460293002312491846CDE9003308F05F
:10E0080032FD95E704238DF81E309FE7124B0899DF
:10E018001A6891421A4603D15B680999994287D0D8
:10E0280097E8030001238DF8583018AB82E8030005
:10E0380083E8030016A800F049F979E761AB01000D
:10E048007491010090C80020B9EC002088CB002012
:10E05800B8EC00208DAB01008CD20020002208B55E
:10E0680011460346034802F0A3FD002818BF6FF0CD
:10E078000D0008BDABAB0100042205232DE9F04FCC
:10E0880087B00446CDE9042358B9294802F090FD29
:10E0980000284BD0274B0390CDE901430094234639
:10E0A80023E00025244FDFF8B080DFF8B09004AEFD
:10E0B80056F804AB214BBAF1040F14BF3C46444652
:10E0C800204614BFCB469B46FAF7D2FD042818D148
:10E0D800224651461A4802F06BFD0446B0B1194B6E
:10E0E800039002930023CDE9003318460122164914
:10E0F80008F0B9FC6FF00D0007B0BDE8F08F0125FE
:10E10800D6E75146114802F053FDE6E75846FAF7BC
:10E11800AFFD042808D15A4651460D4802F048FD83
:10E1280010B10C4B0390B7E7002DE8D00020E3E7CF
:10E1380007AE0100C0AB010030C70020C1EC0020D1
:10E14800EBAB01000EAC010074910100FFAB0100C4
:10E1580038AC010049AC010035C70020BCEC0020F8
:10E1680030B5431E062B05460C4685B00ED9184B14
:10E1780003900293002301221846CDE90033154984
:10E1880008F071FC6FF0150005B030BD042902D904
:10E19800114B0391EDE7114B5A5C114B53F82010CA
:10E1A800104802F005FD68B10F4B0390029300235D
:10E1B80001221846CDE90033064908F054FC6FF0F7
:10E1C8000D00E1E7094B1D70094B1C70DCE700BF2F
:10E1D80073AC01007491010095AC0100EDAD010034
:10E1E800FC960100BAAC0100D0AC01001DC70020AC
:10E1F8001CC7002004287FB504461FD8042822D84D
:10E20800DFE800F0392F392139000125224BB540CC
:10E218001D4030D1012E16D1FFF7A4FB58B31F4B78
:10E228000390CDE901532B460095012218461C495D
:10E2380008F019FC6FF00D0004B070BDA0F11406D1
:10E24800F6B2182EE1D9174B012202930023144984
:10E258001846CDE90033039408F005FC6FF015006B
:10E26800EAE7FFF77FFB30B10C4B039002930023E2
:10E27800CDE90033D9E721460B4802F099FC002884
:10E28800DAD00A4B01220293002305491846CDE94A
:10E29800003308F0E8FBCDE7010C3001F5AC0100D4
:10E2A800749101001FAD01003BAD010046AD0100B6
:10E2B800014804F045BE00BF10C80020024B186892
:10E2C800B0FA80F04009704794D2002038B50F4C5E
:10E2D80005462368C3B14FF0FF334FF0FF320C48B7
:10E2E80004F06CFE23680BB11C681BB9BDE838400C
:10E2F800FFF7DEBF28465B6898471CB122682346B3
:10E308001446F2E72246FAE738BD00BF94D200204F
:10E3180010C800207FB50E461446054600B162B904
:10E328000D4B0122029300230C491846CDE9003316
:10E3380008F0B1FB002004B070BD1046FAF798FC55
:10E34800B042F7D83246214628460AF0DDFAB0FA3C
:10E3580080F04009EFE700BF13AE0100749101009F
:10E36800F7B5002305460AF049FD0E4F1646C3517E
:10E378000A46044601A9284605F050FD019AAA421A
:10E388000DD012785AB900F10042013A033202D98D
:10E39800E259222A03D03060002003B0F0BD6FF0AC
:10E3A8003C00FAE70C0000002DE9F0434FF00008AC
:10E3B80087B007460C4616461D46CDF81480FAF776
:10E3C80057FC082821D12046FAF752FC08281CD10E
:10E3D8003046FAF74DFC082817D12288A378ADF803
:10E3E80014204146022205A88DF8163005F01CFEBF
:10E3F80007280FD9334BCDF80080CDE90183434678
:10E4080001221846304908F046FB6FF0150007B0A6
:10E41800BDE8F0832D4B022253F820904146E01CC2
:10E4280005F002FEB9F1000F15D14FF0FF332B6054
:10E438003288B378ADF814200021022205A88DF89F
:10E44800163005F0F1FD072819D9214B0293002356
:10E45800CDE90033D4E709FB00F028600130E7D0AC
:10E468003A88BB78ADF814200021022205A88DF85F
:10E47800163005F0D9FD072813D9164BE6E7164BD9
:10E4880053F820402CB9154B0094CDE9014323469D
:10E49800B6E702220021F01C05F0C6FD44432C60BB
:10E4A800DEE70F4B022253F820400021F81C05F04C
:10E4B800BBFD1CB1444300206C60A8E74FF0FF345B
:10E4C800F9E700BF38AF01007491010044970100DB
:10E4D8006DAF0100B9AF01006497010099AF010069
:10E4E800649701002DE9F041002588B080460E466A
:10E4F80006A804211746CDE9065508F074F9044624
:10E5080070B1224B0390CDE9015301222B462846D6
:10E518001F49009508F0BFFA204608B0BDE8F08111
:10E52800014606AA404608F039F9044670B1194B6D
:10E538000390CDE9015301222B4628461449009542
:10E5480008F0A9FA06A808F078F9E5E7394605AA17
:10E5580006A808F024FA044610B10F4B0390E8E728
:10E56800059B1BB1012B03D13370EBE70346FBE797
:10E5780003930A4B0122CDE90103054903460090A4
:10E5880008F089FA6FF01504DCE700BF2CAE010033
:10E5980074910100DCAF010007B0010030B0010048
:10E5A8002DE9F047002617461D46072209238EB09D
:10E5B8008246884609A80B21CDE90423DDF8589046
:10E5C8000796ADF820608DF8226008F00CF9044633
:10E5D80070B1614B0390CDE90163012233463046A7
:10E5E8005E49009608F057FA20460EB0BDE8F0875D
:10E5F800014609AA504608F0D1F8044658B1584BCC
:10E608000390CDE901633346009601221846534929
:10E6180008F041FA13E0014604AB07AA09A808F07C
:10E62800EAF9064678B14F4B0390CDE901432046FD
:10E63800234600940122494908F02DFA344609A8D6
:10E6480008F0FBF8D0E7484A049907A8FFF762FEEC
:10E65800F8B10BAAC8F1020109A808F0A0F9041E34
:10E668003AD10B9B052B18DC002B21DB9FB9002D21
:10E6780039D10024B9F1000FE1D006AAC8F105018B
:10E6880009A808F08CF9002863D19DF8183089F89A
:10E6980000300024D3E73B70E9E75A2B08D107B1D3
:10E6A8003B70002DE5D04FF0FF33C5E90233E0E7BA
:10E6B80003932E4B01220293002328491846CDE9E3
:10E6C800003308F0E8F96FF01504294B039402931E
:10E6D8000023CDE9003398E7F7DB07B13C70002D44
:10E6E800C7D05A2CDFD009A808F0A8F90328DAD92E
:10E6F800C8F1030105AB0BAA09A808F07CF901468B
:10E70800C0B9059B102238336B4403F80C0C0BA8D6
:10E7180005F08AFC0923E86005930BAA05ABC8F14C
:10E72800040109A808F067F9044630B14FF0FF3337
:10E73800AB609FE74FF0FF30ECE7059B01463833AD
:10E748006B4403F80C0C10220BA805F06DFCA860B4
:10E758008FE700239BE700BF2CAE010074910100F6
:10E768004CB0010079B00100B5AD0100A2B00100C4
:10E77800CAB00100F0B5002587B007460E46CDE9BE
:10E788000455002949D0002847D0042104A808F0DE
:10E798002AF8044668B1224B0390CDE901530122BF
:10E7A8002B4628461F49009508F075F9204607B002
:10E7B800F0BD014604AA384607F0F0FF044670B1E0
:10E7C800194B0390CDE9015301222B4628461549E0
:10E7D800009508F060F904A808F02FF8E6E732463B
:10E7E800022104A808F0F3F8044610B10F4B039077
:10E7F800E8E70F49D6E9003299424FF00803934100
:10E80800E9D20C4B0222CDE90103064903460090E8
:10E8180008F041F96FF01504DDE76FF01504C5E75E
:10E828002CAE010074910100F7B0010024B1010081
:10E8380000E0995051B101001FB5034658B90E4A7E
:10E848000E49CDE901020090012208F024F90020C8
:10E8580005B05DF804FB431E002013F8012F2C2A95
:10E8680001D10130F9E7002AF7D10A28EFD90523A9
:10E878000938B0FBF3F0EBE77EB1010074910100B9
:10E888002DE9F0430B230D460021074691B0CDE951
:10E898000D110893CDF83B10431E13F8016F2C2E71
:10E8A80001D10131F9E7002EF7D14FF0FF3385F898
:10E8B8003060AB6003310BA807F095FF044670B1D8
:10E8C8009F4B0390CDE901630122334630469D49B1
:10E8D800009608F0E0F8204611B0BDE8F083014644
:10E8E8000BAA384607F05AFF044680B1C31D1ED054
:10E8F800954B0390CDE901633346009601221846F3
:10E90800904908F0C8F80BA807F097FFE3E7064618
:10E91800002108AB0DAA0BA808F06DF8044640B119
:10E928008A4B039002930023CDE90033E6E70126E2
:10E93800EEE7874A08990DA8FFF7ECFC002800F0DD
:10E94800A580012105AA0BA808F029F8044600288B
:10E95800D9D1059B002B40F0F080022106AA0BA814
:10E9680008F0A8F804460028CDD1069B4FF0070808
:10E97800B3F1805FA4BF4FF0FF330693069B0321DA
:10E98800AB6009AA07AB0BA8CDF81C8008F033F8D8
:10E9980004460028B7D1079B0A2140336B4403F88B
:10E9A8001C0C2A1D0DF12700FFF7DAFC044600288D
:10E9B800A9D18DF827002A460A2109A8FFF7D0FC1B
:10E9C800044600289FD1042106AA0BA808F072F873
:10E9D8000446002897D1069B0521EB6006AA0BA8E0
:10E9E80007F0DDFF044600288DD1069B0621AB8287
:10E9F80005F110020BA807F0D2FF0446002882D1C7
:10EA0800414605F128020BA807F095FF04460028A7
:10EA18007FF479AF082106AA0BA807F0C0FF0446C7
:10EA280000287FF470AF069B09216B8506AA0BA806
:10EA380007F0B5FF044600287FF465AF069B0A215E
:10EA4800AB8505F120020BA807F0C1FF044600289A
:10EA58007FF459AF3846FFF7EFFE85F83000C0B2B3
:10EA680000EB800000F10B040BA807F0E7FFA042C1
:10EA78000ED9214605F118020BA807F0A8FF044695
:10EA880000287FF440AF95F8303033B900243AE7D6
:10EA980000220023C5E90623F5E76B6B002BF5D0B0
:10EAA8000F274FF0000895F83030984504D3002E12
:10EAB800ECD06FF0060426E76A6B391F02EB0812E8
:10EAC8000BA807F06CFF4FEA0819044600287FF4EA
:10EAD8001AAF6A6BF91E4A4408320BA807F02BFFDD
:10EAE800044600287FF40FAF06AAB91E0BA807F04A
:10EAF80056FF044600287FF406AF6B6B069A4B441A
:10EB08005A81791E06AA0BA807F049FF0446002877
:10EB18007FF4F9AE6B6B069A4B449A816A6B39465F
:10EB28004A4404320BA807F03AFF05370446002888
:10EB38007FF4E9AE08F10108B5E70124E3E600BF78
:10EB48002CAE010074910100A8B1010079B0010058
:10EB580093AD010000232DE9F04F16460B220D4618
:10EB68009946A3B0CDE913330E920790CDF85330F0
:10EB78004A1E12F8013F2C2B02D109F10109F8E7CE
:10EB8800002BF6D14FF0FF32302409F1030786F845
:10EB9800383086F83030B2600799497899420CD8F5
:10EBA800394611A807F01FFE044680B1A14B039017
:10EBB80002930023CDE900330AE104FB03F0F16B73
:10EBC800013301448A60F16B01448A82E4E701461B
:10EBD80011AA284607F0E2FD044670B3C31D02D00F
:10EBE800954B0390E4E7954BCDE904050293002388
:10EBF80002221846CDE900339149039707F04BFFED
:10EC08000123069300210EAB13AA11A807F0F3FE07
:10EC18000546A0B18B4B03900293002301221846AE
:10EC2800CDE90033864907F036FF2C4611A807F0D6
:10EC380004FE204623B0BDE8F08F0690E2E7824A42
:10EC48000E9913A8FFF766FB074650B97F4B0122C0
:10EC5800CDE901037A490346009007F01CFF002420
:10EC6800E4E701210BAA11A807F099FE0446002841
:10EC7800DCD10B9C012CD9D0022C08D1744B224634
:10EC8800CDE901536E492B46009507F004FF4FF07C
:10EC9800000B0125D846A9F10A030993099BAB4249
:10ECA80003D9079B5B78984507D3069B002BD6D0E2
:10ECB8006FF00604674B03947AE705F101094946AA
:10ECC8000CAA11A807F0F6FE044670B1624BCDE914
:10ECD80004800293002301221846CDE900335849E5
:10ECE800CDF80C9007F0D7FEA0E70C9BB3F1805F3E
:10ECF8000CDB0393594B0222CDE90103504903462B
:10ED0800009007F0C8FE4FF0FF330C930C9B0FAA3E
:10ED180018930723A91C0D9311A80DAB07F06BFEE0
:10ED2800044610B14E4B039042E70D9B8246883350
:10ED38006B4403F84C0C0A2117AA0DF13F00FFF7AA
:10ED48000FFB044638B1474B0394CDE901A3CDF836
:10ED580000A053463CE08DF83F0081460A2116AAE0
:10ED68000FA8FFF7FDFA04460028ECD10CAAE91C0D
:10ED780011A807F09FFE044668B13B4BCDE903801C
:10ED8800CDE9019301224B4648462D49CDF8009024
:10ED980007F081FE4AE70C9B0CAA291D11A81993BC
:10EDA80007F0FDFD044610B1304B0390CDE70C9BF6
:10EDB8001CAA691D11A8ADF86C3007F008FE0446BE
:10EDC80060B12B4B0390CDE901934B46CDF80090F1
:10EDD800012218461A4907F05EFE27E71AAAA91D5C
:10EDE80011A807F0DCFD044610B1224B0390ACE7F4
:10EDF80020AAE91D11A807F09EFD044610B11E4B7C
:10EE08000390E0E70DF1820205F1080111A807F06F
:10EE180092FD044610B1194B039096E721AA05F11B
:10EE2800090111A807F087FD044658B3144B039055
:10EE3800BEE600BFDAB10100A8B1010011B20100BD
:10EE48007491010079B0010093AD01004EB2010048
:10EE58006DB2010025B60100A4B20100D6B20100CE
:10EE680019B3010039B3010052B3010088B301009E
:10EE7800B2B30100E6B3010008B4010030B40100E8
:10EE880050B401001EAA05F10A0111A807F09FFD60
:10EE9800044610B15F4B03908AE60DF12A0205F192
:10EEA8000B0111A807F047FD044610B15A4B039017
:10EEB8007EE60C3529460DF12A0211A8BDF92A90E3
:10EEC80007F039FD044610B1544B039070E6B9F1D0
:10EED800000F00F08780B6460DF1580CBCE80F0013
:10EEE800AEE80F00BCE80F00AEE80F009CE80F008A
:10EEF8009DF82A908EE80F00B9F1000F26D0B9F1DD
:10EF08000A0F0ED94FF00A09454B0222CDE90143F9
:10EF1800204623464349CDF80C90009407F0BBFDEA
:10EF280006971021484609F0C2FC4C46034650B9E2
:10EF38003D4A3C49CDE901020090022207F0ABFDB1
:10EF480008F10108AAE6706386F830904FF00009CE
:10EF58000894089B4B45F3D0726B691C02EB0912AD
:10EF680011A807F01CFD4FEA091A044610B12F4BEF
:10EF780003901DE6726BA91C5244083211A807F0D1
:10EF8800DAFC044610B12A4B039011E60CAAE91CDE
:10EF980011A807F004FD044610B1264B039007E6BC
:10EFA800736B0C9A53445A81291D0CAA11A807F0B7
:10EFB800F6FC044610B1204B0390F9E5736B0C9AEC
:10EFC80053449A81726B053552442946043211A87C
:10EFD80007F0E5FC044610B1184B0390E8E509F189
:10EFE8000109B6E73022F36B16AC02FB0B3C0FCCE1
:10EFF800ACE80F000FCCACE80F0094E80F008CE8E9
:10F008000F0096F838300BF1010B013386F83830D1
:10F0180096E700BF70B4010095B40100B8B40100D0
:10F02800E2B40100749101003AB501006EB5010027
:10F0380092B50100BCB50100DEB5010000B60100C3
:10F04800F0B5002589B007460E46CDE906550029DA
:10F058005BD0002859D0042106A807F0C4FB044659
:10F0680068B12B4B0390CDE9015301222B4628466A
:10F078002849009507F00FFD204609B0F0BD01466C
:10F0880006AA384607F08AFB044670B1224B039063
:10F09800CDE9015301222B4628461E49009507F069
:10F0A800FAFC06A807F0C9FBE6E701210DF11602F4
:10F0B80006A807F05CFC044610B1184B0390E7E77C
:10F0C800BDF8163006A8337007F0B8FC022806D839
:10F0D8004FF0FF324FF0FF33C6E90223E1E7022188
:10F0E80006F1080206A807F072FC05460028D8D0E9
:10F0F8000B4B0390CDE9014320462346009401229F
:10F10800044907F0C8FC2C46CBE76FF01504B3E7B9
:10F118002CAE01007491010051B6010083B60100C4
:10F12800ACB60100F0B50D46044685B018B311B36E
:10F138000821124AFFF7EEF8034658B9104A009022
:10F14800CDE901020F49012207F0A5FC6FF0040088
:10F1580005B0F0BD00260C4F0834214657F8040BC3
:10F16800F9F774FD08B92E70F2E701360A2EF4D1CA
:10F178006FF03C00ECE76FF01500E9E7E1B601003D
:10F18800EAB60100749101001C97010070B5064CA5
:10F19800064EC5B2B44200D370BDD4E9003128464A
:10F1A80098470834F6E700BF14BC010014BC0100FE
:10F1B80030B5044685B060B1214B0390029300231B
:10F1C800CDE90033012218461E4907F096FC05B028
:10F1D80030BD1D4B19781D4B1878FEF7C1FF054649
:10F1E80030B11B4B0390CDE9014300942346E9E776
:10F1F80018491948FEF768FD044630B1174B0390CB
:10F20800CDE9015300952B46DCE7FEF793FD054653
:10F2180010B1134B0390E6E7FEF720FF0120FEF73D
:10F228002BFF044610B10F4B0390E9E701460E4847
:10F2380001F0BEFC0028CAD00C4B0390D3E700BFF6
:10F24800A9B70100749101001CC700201DC7002048
:10F25800DEB7010014B801001DB8010026B801008E
:10F2680047B8010067B8010088B8010093B80100E9
:10F278007FB50BAB05930393054B01220293002343
:10F288001846CDE90033FAF75FFD07B05DF804FBD7
:10F29800B3B801001FB50024FAF7E6FC064B204678
:10F2A800029301222346CDE900440449FFF7E0FF19
:10F2B8002046FBF747FB00BFB3B801004C910100A3
:10F2C8007FB50BAB05930393054B012202930023F3
:10F2D8001846CDE90033FAF737FD07B05DF804FBAF
:10F2E800D0B801001FB50378014673B1084801F092
:10F2F8005FFC50B1074B039002930023012218468C
:10F30800CDE900330449FFF7DBFF05B05DF804FBE6
:10F318008AAB0100D0B801007C91010008B5B0B9F2
:10F328000B48FFF7DFFF0B48FFF7DCFF0848FFF744
:10F33800D9FF0748FFF7D6FF0548FFF7D3FF044872
:10F34800FFF7D0FFBDE808400148FFF7CBBF08BD75
:10F358006FB70100F6B801001FB50A490A4807F05F
:10F36800ECFB044650B1094B0390029300230122A1
:10F378001846CDE90033064907F0CFFB204604B014
:10F3880010BD00BFD5F600009CD200201CB90100BA
:10F39800A49101002DE9F041DFF82C830E46D8F83E
:10F3A800704086B0072C00F0080700F08780132C07
:10F3B80000F00581052C40F038810024A84BD8F8CE
:10F3C80054500122029320462346CDE90044A54922
:10F3D80007F0A3FBEB0462D5A34B2046CDE901431C
:10F3E8000094234601229F4907F097FB172428051C
:10F3F8000AD59E4B0122029300239A491846CDE96B
:10F40800003307F08AFB1824A9051AD50024984B65
:10F418000122029320462346CDE90044914907F092
:10F428007CFB944B2A049B6B0AD50393924B0122D5
:10F43800CDE90143204623468A49009407F06DFB35
:10F4480019246B050AD58D4B0122029300238549A7
:10F458001846CDE9003307F060FB1A2415F48073D1
:10F468001FD0874B0122029300237E491846CDE91D
:10F47800003307F052FB1B24F369002F40F0EB80A8
:10F48800C3F3080222B96FEA53236FEA4323F361F7
:10F498003146204606B0BDE8F041FAF773BE16249F
:10F4A800A5E7A804E8D5774A1846CDE901326D49A1
:10F4B8000122009307F031FB1C24DDE70025724B85
:10F4C800D8F85C406749029301222B462846CDE9CB
:10F4D800005507F022FB61060CD5D8F868300122E8
:10F4E80003936A4B2846CDE901535E492B460095A4
:10F4F80007F013FB14F001020BD0654B01220293B5
:10F50800002358491846CDE9003307F006FB2624A6
:10F51800B2E714F002030BD05E4B0092CDE9012351
:10F52800134650490122184607F0F7FA2724A3E7A3
:10F5380014F004020AD0584A1846CDE90132494964
:10F548000122009307F0E9FA282495E714F008034C
:10F558000BD0524B0092CDE90123134641490122B9
:10F56800184607F0DAFA292486E714F010020AD0C0
:10F578004B4A1846CDE901323A490122009307F077
:10F58800CCFA2A2478E714F020030BD0454B0092DC
:10F59800CDE90123134633490122184607F0BDFA85
:10F5A8002B2469E7220654D53F4A1846CDE9013293
:10F5B8002C490122009307F0B0FA2C245CE70025BF
:10F5C8003A4BD8F86C800122029328462B46CDE9A5
:10F5D8000055244907F0A1FA18F0020F09D0344B5E
:10F5E8000122CDE9015328462B461E49009507F014
:10F5F80094FA18F0010F09D02E4B01220293002330
:10F6080018491846CDE9003307F087FA18F0040FB7
:10F618003FF432AF284B01220293002311491846C8
:10F62800CDE9003307F079FA26E7244A244B0D493F
:10F638000F2CC8BF1346103CCDE903340024214BDE
:10F648000122029320462346CDE9004407F065FADB
:10F6580012E7252410E723F4FF7323F0010316E7CC
:10F66800E4A10100A4910100FAA1010055A1010043
:10F678000BA2010000ED00E024A2010039A2010064
:10F6880054A20100B5A1010056B901006FB90100EB
:10F698007FB9010095B90100B3B90100CEB90100E5
:10F6A800EBB9010000BA01001ABA01002DBA010035
:10F6B80047BA010077BA0100A5BA010078A3010092
:10F6C80063A3010059A401009CD2002000B5104B8F
:10F6D8009BB05A6AD86C00929A6A20F00500019291
:10F6E800DA6A694602921A6B03925A6B04929A6B11
:10F6F8000592DA6B06921A6C1B6D07929B0748BF3E
:10F7080040F00400FFF746FE1BB05DF804FB00BFA5
:10F718009CD200202DE9F0411F46164B044693F871
:10F7280000800D461646A2B0B8F1000F15D1684604
:10F7380006F0CAFA3A4631462846289BA0470446AE
:10F74800684606F0D9FAB8F1000F02D00A4803F06B
:10F75800F7FB204622B0BDE8F0814FF0FF324FF0B2
:10F76800FF33054803F02AFC0028E0D06FF083043B
:10F77800EFE700BFD2EC00204CC80020002300B502
:10F7880089B0CDE9063303AB0493042303900593B2
:10F79800A9B10B6806934B6807930223111E18BF83
:10F7A80001210848CDE9002140F2F53104AA00F012
:10F7B8002BF80028B8BF012009B05DF804FB01232D
:10F7C800ECE700BF0501004070B5302692B006ABEB
:10F7D80005460C4632460021184609F03EFACDE9A6
:10F7E8000454CDE9020654B1012304AA0092002171
:10F7F8000448019302AA00F007F812B070BD204631
:10F80800FBE700BF0001004010B4B1F5004F029CB7
:10F818000FD2042B0DD8042C0BD8240444EA03641B
:10F82800134644EA010201465DF8044B0348FFF71A
:10F8380071BF6FF080005DF8044B7047217C0000B9
:10F84800054AD2F8883043F47003C2F88830BFF311
:10F858004F8FBFF36F8F704700ED00E030B504683D
:10F86800ACB1B4FA84F30122C3F11F03DBB29A40AE
:10F8780024EA0202D0E8EF5FA54204D1C0E8EC2FE9
:10F88800BCF1000FF6D1EAD102480B7030BD024836
:10F89800FCE700BF0000AD0B0200AD0B10B503681C
:10F8A800CB40DB0710D401238B40026843EA0201F6
:10F8B800D0E8EF4F944204D1C0E8EC1FBCF1000F30
:10F8C800F6D1F2D1014810BD0148FCE70000AD0BAC
:10F8D8000400AD0B014BC3F80405704700700140EC
:10F8E800F7B5044618B1012822D003B0F0BD0222B2
:10F8F800264B0646C3F808230122DA60C3F8040140
:10F90800D3F80431012342F21075204F8DF80730E7
:10F91800D4B1012CE9D1D7F80C3403F4803386BB79
:10F92800002BE2D0012007F034F9013DF3D1DCE7E8
:10F938000022164B0DF10706C3F808035860C3F8F8
:10F948000021D3F80031DDE7D7F8183403F4803309
:10F958003EB9002BC9D0012007F01BF9013DF3D1B6
:10F96800C3E7D7F8182402F003023270002BBCD08A
:10F978009DF807000128B8D107F00BF9013DC7D160
:10F98800B3E7D7F80C2402F00102EEE7005000407C
:10F99800044B1A7922B9012218601A71024870477B
:10F9A8000248704710D300200000AD0B0C00AD0BCF
:10F9B80008B5074B1B6833B10520FBF7C3F810B92E
:10F9C8000520FBF79DF80122024BC3F8182508BD56
:10F9D80010D300200050004010B510B1012848D0C5
:10F9E80010BD294BD3F81814D3F81824C90324D50B
:10F9F80002F00303022B05D0012B02D00020FFF7F1
:10FA08006FFF0123204A0220C2F8183508224FF45C
:10FA18008273002103F1804303F5A04319601C6839
:10FA2800012402F1804202F5A0421460174A1268CC
:10FA38001AB3154BC3F80403D2E7D3F81424D2073A
:10FA4800DFD5D3F81C2402F00302013A012AD5D8E5
:10FA58000E4A12681AB10222C3F80423C0E7D3F889
:10FA68000421002AFBD00022C3F80421D3F8043172
:10FA7800B6E700224FF48073CBE71A68002AFCD05F
:10FA880019601B68ACE700BF0050004010D300208D
:10FA980010B5164BD3F8002152B10020C3F800016D
:10FAA800D3F800210122C3F80823114B1B6898479B
:10FAB8000E4BD3F8042182B10022C3F80421D3F8F5
:10FAC8000421D3F81824D3F81824022102F00302E1
:10FAD800012A03D1C3F818159A6010BDC3F808139A
:10FAE800034B0120BDE810401B6818470050004038
:10FAF80010D3002001460148FFF7B0BE18C6002009
:10FB0800036803F01F025B090260024818BF002067
:10FB1800704700BF0025844070B432240279184B26
:10FB2800624352FA81F2083233F81240E10524D5D3
:10FB3800C4F3432124F4F85423F812406424002623
:10FB4800027904FB02340E3434F8025F15F4807F26
:10FB580003D0C5F34325A9420FD00136202EF3D197
:10FB680064240025624302EBC1029D50027904FB24
:10FB7800023070BC5830FFF791BE70BC704700BFB0
:10FB88001CC6002032235843034B50FA81F1083138
:10FB980033F81100400B70471CC60020322358432D
:10FBA800054B50FA81F1083133F8110080F002005A
:10FBB800C0F34000704700BF1CC6002032235843E2
:10FBC800044B50FA81F1083133F81100C0F34010AA
:10FBD800704700BF1CC60020024611F0010004D087
:10FBE80003490B6A13600B6203B90020704700BF1A
:10FBF80000258440F0B50546002001260446074646
:10FC08008C420BD1114BD3F87C2132B10022C3F8BE
:10FC18007C21D3F87C3140F00040F0BDE3B29B007A
:10FC280003F580729B0806FA03F31D420BD002F11C
:10FC3800804202F54432D2F800C0BCF1000F02D075
:10FC48001760126818430134DAE700BF0010034058
:10FC58002DE9F3470546544B296DD3F80403C0B288
:10FC680040F00040FFF7C6FF061E18DA002368467A
:10FC7800E96D00934FF00108FFF7AEFF95F85C308F
:10FC8800DA0758D4296D4FF00040FFF7B3FF6846F4
:10FC9800E96DFFF7A1FF0028F0D126F00046012406
:10FCA800002E68D102B0BDE8F08794FAA4F4B4FA43
:10FCB80084F4E00804F1080335F8139004F007020F
:10FCC8001DF8003008FA02F223EA02030DF80030AA
:10FCD80001A80194FFF714FF019B4FEA99018033B3
:10FCE80050F82370C9F3820A4B07D146C7F301477E
:10FCF80025D552462846214606F0AEFF01A80194B4
:10FD0800FFF7FEFE019BFFB2803350F82330C3F3A8
:10FD180001439F4207D10021204606F08EFF394655
:10FD2800204606F08AFF01A80194FFF7E9FE019B2F
:10FD380008FA03F30362009C002CB6D1A2E7022F55
:10FD48000DD10321204606F078FF0AF00503012BA8
:10FD5800E9D14A462146284606F07EFFE3E702211C
:10FD6800204606F06AFFBAF1030FF2D0032FDAD16A
:10FD7800BAF1020FECE796FAA6F3B3FA83F304FAA2
:10FD880003F29B0003F1804303F54433D3F81015C5
:10FD980026EA0206D3F810252846C2F30142C1F329
:10FDA800042106F059FF7BE70010034032222DE9B9
:10FDB800F3410379214F534353FA81F3083337F85A
:10FDC80013300546DB070C46CEB234D506F061FF8A
:10FDD80095F8048021464046FFF7F0FE60B12146C1
:10FDE8004046FFF7CFFE2A6800B202EB80030022EC
:10FDF800C3F81025C3F8102528462146FFF78CFEC6
:10FE080032222B7901A802FB03660023083627F863
:10FE180016300194FFF774FE019B00EB8300D0F8C5
:10FE28000022074B134043F00203C0F80032054894
:10FE380002B0BDE8F0810448FAE700BF1CC6002004
:10FE4800F0F8FCFF0000AD0B0400AD0B2DE9F0430A
:10FE5800D2F8009004460D46164685B0B9F1000F59
:10FE680034D032220079DFF8D081424352FA81F24D
:10FE7800083238F81230CFB29B0703D5FFF79EFE41
:10FE880000283BD100230DF10F02CDE900338DF896
:10FE98000E308DF80F300DF10E014B46284606F056
:10FEA80083FE3221237901FB0373083338F81320CA
:10FEB80022F0020228F81320237901FB0377083780
:10FEC80038F8173043F0010328F817307368002B0F
:10FED80043D04FF0320C22791F780CFB02F2D3F892
:10FEE80004E052FA85F2544B083233F81200E9B2B2
:10FEF80010F0020F04D0BEF1000F18D04F482FE0C9
:10FF080020F4604020F0200023F81200BEF1000F1A
:10FF18000DD0032FF2D872685068226890F800E07C
:10FF280002EB8E02FFB9C2F81075C2F810754FF0D7
:10FF3800320C22790CFB0212083233F8120020F03E
:10FF48001C0023F8120022790CFB0211083133F847
:10FF5800112042EA870223F81120B36863BB3848AE
:10FF680005B0BDE8F083D2F8108528F00308C2F880
:10FF78001085226802EB8E00D0F8102522F4473253
:10FF880022F44072C0F810252A02D0F8108502F435
:10FF9800F85242EA074242EA0802C0F810252279DC
:10FFA8000CFB0212083233F8120040EA4E3040F0DF
:10FFB800200023F81200BAE72946D3E90087204633
:10FFC800FFF7AAFDB8F1000FC9D0642320791A4EB3
:10FFD8004343F218F358984504D153689F4201D11E
:10FFE80000210CE0642303FB00600DF10F01583081
:08FFF800FFF734FC124B9842A4
:020000021000EC
:10000000B2D19DF80F1064222379534303EBC1034F
:1000100046F8038023795343322203EBC103334470
:100020005F602379534353FA85F3083336F813207E
:1000300042EA412242F4807226F8132093E700BF7F
:100040001CC600200400AD0B0000AD0B2DE9F043F1
:1000500005460C461F4685B09AB306793046FFF731
:10006000A1FD20B121463046FFF7ACFD80BB322315
:100070005E43DFF8009156FA84F6083639F81630F8
:100080005FFA84F813F01C0F02D05378012B1FD0B5
:1000900001238DF80F3000232046CDE900230DF118
:1000A0000F01931C013206F083FD32222B7902FBF3
:1000B000038808F1080839F8183043F0030329F8D9
:1000C0001830002F51D021462879FFF76BFD18B169
:1000D000274805B0BDE8F0833E782B68254903EB3F
:1000E0008603C3F81005C3F8100532202B794FEAB8
:1000F000860C434353FA84F3083331F813E0E2B239
:100100002EF4604E2EF0200E21F813E097F801E057
:10011000BEF1000F29D02B68BF789C44DCF8103565
:100120004FEA0E4E23F4981323F4F853CCF810350D
:10013000230203F4F8530EF4403E3F05DCF810852B
:1001400043EA0E0307F480173B4343EA0803CCF865
:1001500010352B7900FB0322083231F8123043EAC4
:10016000463343F0200321F812300348B1E700BFC3
:100170000400AD0B1CC600200000AD0B30B564259B
:100180000479044B05FB0434A160017905FB0133BC
:10019000DA6030BD1CC6002038B505790C4628460B
:1001A000FFF710FD58B132235D43064B55FA84F436
:1001B000083433F8143004485B0B137038BD03481F
:1001C000FCE700BF1CC600200000AD0B0400AD0B17
:1001D0002DE9F0410646077964201A4D00FB0758C7
:1001E00098F8604064BB404621464022103008F039
:1001F00038FD21463668D8F85000884216D10023D1
:1002000046F30730C6F87C31D6F87C31FAF77CFC2F
:100210004FF00043C6F80433642303FB0755012362
:10022000094885F86030AB65BDE8F081CBB29B0032
:1002300003F580727C2B04BFB450B3580131DCE766
:100240000248F1E71CC600200000AD0B0C00AD0B0E
:1002500064210279044B01FB023393F860000038FB
:1002600018BF0120704700BF1CC600206423542221
:10027000007913FB002302481844FFF713BB00BFAB
:100280001CC6002064235422007913FB002302487B
:100290001844FFF7E7BA00BF1CC6002073B5047905
:1002A000064620460D46FFF78DFC00B32946204642
:1002B000FFF778FCD8B129462046FFF767FC0025F8
:1002C00001B23468890001F58073E550E358336862
:1002D0000B44D3F8101541F00101C3F8101522B1F9
:1002E000012332688340C2F8043302B070BD322368
:1002F0005C43104B54FA85F4083433F81430C3F3DC
:100300008203042B11D0052B11D001A80195FFF712
:10031000FBFB019B0169D94001F001010231284634
:1003200002B0BDE8704006F08CBC0321F7E7022163
:10033000F5E700BF1CC600200148FFF78DBC00BFD9
:1003400080C6002070B5084C0E462379154643B987
:100350002A20FAF7D9FB0123044823712660A560FF
:1003600070BD0348FCE700BF18D300200000AD0BB0
:100370000C00AD0B002330B50D4A50F8234003F5B7
:10038000A2710133082B42F82140F6D10023084A1C
:1003900000F11C0103F5B27451F8045F0133082B1E
:1003A00042F82450F6D1036CC2F8043330BD00BFCC
:1003B00000A0024038B50024154D2A20C5F810458C
:1003C000C5F81445C5F81845C5F81C45C5F82045BD
:1003D000C5F82445C5F82845C5F82C45C5F890450D
:1003E000C5F89445C5F89845C5F89C45C5F8A0459D
:1003F000C5F8A445C5F8A845C5F8AC45FAF792FB81
:100400004FF0FF33C5F80833024B1C7138BD00BFF5
:1004100000A0024018D300200123024A8340C2F802
:100420000433704700A002400123024A8340C2F80F
:100430000833704700A00240F8B5012600270B4B97
:100440000B4DD3F80C4304B9F8BD94FAA4F0B0FAFC
:1004500080F006FA00F324EA0304064B82009F5062
:100460002B68002BEFD0A9689847ECE700A002406A
:1004700018D3002000A1024070B503680446033B76
:10048000DBB2052B03D8094A52F823502DB9A068D6
:1004900058B1BDE8704000F01DB806F074FC21684A
:1004A0002B46BDE87040090C184770BD84970100C9
:1004B000014B5B69184700BFE4C60020014B1B6875
:1004C000184700BFE4C60020014B5B68184700BF17
:1004D000E4C60020014B1B69184700BFE4C600209A
:1004E000014B9B68184700BFE4C60020014B1B6A04
:1004F000184700BFE4C60020014B5B6A184700BFE5
:10050000E4C60020014B1B68D868704724D3002044
:10051000002230B50B4B19680C6894420FD001EBE8
:10052000C2039D68A8420BD14FF003020433D3E805
:10053000CF1F002903D1C3E8C02F0028F7D130BD59
:100540000132EAE73CD300202DE9F04100240646C1
:100550000F462046DFF854803368A34201D8BDE837
:10056000F08106EBC4056B68DBB2012B16D16A681B
:10057000B8F80030B3EB124F10D1022FA8680FD19A
:10058000FFF77AFF01206B6823F0FF0343F00303BA
:100590006B60B8F800300133A8F800300134DBE7B5
:1005A0000168090C06F0A4FBECE700BF64D700204B
:1005B00010B5074C02216068FFF7C6FF0028F9D18B
:1005C00001212068FFF7C0FF0028F3D110BD00BF54
:1005D00044D3002070B5072860D8DFE800F00B5F37
:1005E000475F435F3C0402F015F90320BDE870400B
:1005F000FBF7B0BF03202A4BD3F81446D3F8186694
:10060000284B1D781870EDB202F0DAF8012D10D1E8
:10061000254B264A9C4212D0230C1B04B3F1886F51
:100620000DD0A4F58033203B022B0FD96FF00403CB
:1006300013603146C4F30B0002F0B6F800E014601A
:100640001B4B186805F02BFF0020CFE7194931F943
:1006500013301360F4E70024124B20461C7002F0A4
:10066000AFF8EDE7FFF7A4FF0220BFE70D4B1A78C4
:10067000012AD0B20ED1104A1168104A8C68546019
:100680004968116002221A7002F09AF8084B186843
:1006900005F005FFFFF78CFF0120A7E770BD00BF45
:1006A00000A00240C7EC00200100500540D300200C
:1006B0002CD30020709B010028D3002044D30020BD
:1006C00070B5164B42681B6822F0FF0242F002022E
:1006D000C31A42601248134A0168C3F38913D2E86F
:1006E000DF4F651CC2E8D65F002EF8D101EBC301D5
:1006F0004A6892B242EA04424A600268032002EB6E
:10070000C302536823F0FF0343F00103536005F075
:10071000C2FE0122044BDA6070BD00BF34D300205A
:100720003CD3002066D7002000A002400A23F7B582
:100730004FF47A750C4E0D4F01933168386806F00E
:10074000FDFA044640B905F0A8FE40B9012001A910
:10075000FBF7F0FD6E30F0D1204603B0F0BD0198FC
:10076000684305F098FEE8E730D3002038D3002036
:10077000054B1B782BB9054B1968054B186806F01B
:10078000DDBA0020704700BFC6EC002034D3002043
:100790003CD300202DE9F04F95B0382200210646C9
:1007A00003A808F05EFA022304930823069320238B
:1007B000089304230D93102340250F9380230122D7
:1007C000CDE91153D523002157480B921393FBF722
:1007D00085FE0546002840F0A48002465349307942
:1007E000FFF7B0FD03A8FFF7C5FD34686268B2F5F6
:1007F0009D6F40F093806169E3680B44E16903F504
:100800009D630B44B3F5003F00F2888020682946C1
:1008100008F027FA33681C68D3F81C9004F1E8024A
:10082000009204F53A72019204F16007404A04F123
:10083000A40804F1200BB9F1000F59D1C2F800B09F
:1008400000254FF0010A2570657084F802A0E5705C
:10085000336840461B69636033685B69C4F814B051
:10086000A360344BC4F81890C3F80080324BE760A3
:100870001F600823C4F8108084F8A43088F8015061
:1008800088F8025088F8035084F860307D70BD709D
:10089000FD7006F03BFA384606F038FA019A274B0D
:1008A00031681A60009A264B264E1A60264B196052
:1008B000264B2749C3F81046C3F81456254B264C3F
:1008C0001D80264B86F800A01D80254B02952560D3
:1008D0001D611B690293029B134B186805F0E1FD33
:1008E00098B103236FF073043370FFF763FD11E0D9
:1008F0009B6904F14009636433684846DB69C2F8C8
:1009000000B0236401F06AFF9AE72468002CECD160
:10091000144B1C70204615B0BDE8F08F6FF0150425
:10092000E3E76FF02D04F5E72CD30020D505010097
:1009300028D300203CD3002038D3002034D300201B
:1009400030D30020C7EC002024D3002000A00240B8
:10095000F049020066D7002040D3002064D7002071
:1009600000560040C6EC002070B5164B42681B686C
:1009700022F0FF0242F00102C31A42601248134AF9
:100980000168C3F38913D2E8DF4F651CC2E8D65F64
:10099000002EF8D101EBC3014A6892B242EA044248
:1009A0004A600268032002EBC302536823F0FF038E
:1009B00043F00103536005F06EFD0122044B5A60C1
:1009C00070BD00BF30D3002038D3002066D7002090
:1009D00000A0024010B5FFF7A9FE01240022032168
:1009E000047081704270C270FFF7BEFF054B1C702F
:1009F00006F09FF9BDE81040034B47F230511868EC
:100A000005F04FBDC6EC00202CD3002038B50A4BB2
:100A100004461B78022BDDB20DD1FFF787FE50B1E3
:100A2000002201218460017042708570C270BDE8AF
:100A30003840FFF799BF38BDC7EC0020034A126861
:100A400012B1002800DB1047704700BF58D30020C8
:100A500010B50E4B04461B68A3B1F8F70DF9082832
:100A600010D9237A3F2B0DD009490822204607F0E0
:100A70006CFF014630B904F108000A22BDE81040BD
:100A800003F0D6BA4FF0FF3010BD00BF58D300209E
:100A9000D9BA01002DE9F3410546002017468846E2
:100AA0001E4606F072F9024640B915B1284606F016
:100AB00095F96FF00B0002B0BDE8F0816FF05803BC
:100AC00000240373042305600E4D03724473847382
:100AD000C47344728472C472C0F80480394603201F
:100AE0002C7006F06EF94FF0FF3301932B78B34270
:100AF00001D10020DFE7022001A9FBF71BFC002841
:100B0000F4D0D8E7C8EC0020F8B5054600240F4F14
:100B100057F8046B2846314607F062FF28B90134C4
:100B2000042CF5D14FF480300DE06CB1A31E012BE5
:100B3000F8D83046F8F7A0F80A220021284403F03C
:100B400071F940EA0440F8BD2046FCE79C9701009B
:100B50002DE9F743002581460F4610482946904667
:100B60001E46019304F04EF8041E11DB01342046AA
:100B700006F032F9C9F8000068B133464246214612
:100B8000019604F03FF828463C6003B0BDE8F083CE
:100B90006FF01500F9E76FF00B00F6E738920100EF
:100BA000014B1860002070475CD30020014B186097
:100BB000704700BF58D300200FB42DE9FF410A9CB5
:100BC00001F004FE00284AD0002C4BD0284E294FBB
:100BD0003168386805F087FC002846D1264D316819
:100BE000286805F05EFC002836D122460BAB03A92D
:100BF00002A80193FFF7ACFF044658B1286805F03E
:100C00004EFC386805F06DFC204604B0BDE8F041AC
:100C100004B07047029C2046FFF71AFF02230646E5
:100C2000012220460399FFF735FF04460028E5D14D
:100C3000DFF84880D8F80000FFF766FF0446D8F8D0
:100C4000000006F0C5F8286805F029FC002CD8D172
:100C50003046FFF7F3FED4E76FF00A04D1E74FF018
:100C6000FF34D1E76FF00D04CEE76FF00A04CBE755
:100C700070D3002068D300206CD3002060D3002004
:100C80000CB42DE9F04F87B007460E46109C01F0DA
:100C90009DFD002800F09B80002F00F09B80002C21
:100CA00000F09880002E00F09880DFF84881DFF88F
:100CB00048A1D8F80010DAF8000005F014FC00286C
:100CC00040F08E80484DD8F80010286805F0E9FB08
:100CD000002879D1224611AB05A904A80393FFF798
:100CE00037FF044618B1286805F0D9FB52E03F4BA6
:100CF000DDF81080D3F80090B9F1000F14D03C4B10
:100D0000D3F800B05C450FD059F834100846019173
:100D1000F7F7B2FF01990246404607F016FE38BBCE
:100D200009EBC40464682CBB4046FFF791FE022324
:100D30008146012240460599FFF7ACFE0446002893
:100D4000D1D1DFF8B8803846D8E9004BB3455A46D0
:100D5000214628BF324607F077FFB345204623D906
:100D600006F036F8286805F09AFB6FF0060411E0EB
:100D70000134C7E7286805F092FB42463146384601
:100D8000A047044618B93846FFF7BEFE0446404661
:100D900006F024F8DAF8000005F0A3FB204607B0BF
:100DA000BDE8F04F02B07047FFF7AEFE0446D8F83A
:100DB000000006F00DF8286805F071FB002CE9D161
:100DC0004846FFF73BFEE5E76FF00A04E2E74FF025
:100DD000FF34E3E76FF00D04E0E76FF01504DDE7A3
:100DE0006FF00A04DAE700BF6CD3002050D3002074
:100DF0004CD3002070D3002068D3002060D30020A3
:100E000038B5C3680446A72B01D0206810E0032939
:100E100007D0042926D0022902D10122154B1A70CD
:100E200038BD144B00681A78022A05D10028F7D083
:100E3000BDE8384005F0CCBF0F4D2A6862B12B6881
:100E40009847002320682B6005F0C2FF0B4B186801
:100E5000BDE8384005F023BB094A10606168516065
:100E60000222DCE7074B1B68002BCED000689847B6
:100E7000CBE700BFC8EC002054D300206CD3002087
:100E800060D300205CD30020012210B511460B482E
:100E9000FBF724FB70B90A48FBF742FB014648B94F
:100EA0004FF0FF32074B1A60BDE8104001230522C6
:100EB000FFF7F0BD6FF02D0010BD00BF6CD3002018
:100EC00068D3002070D3002010B400F11C03D3E8D5
:100ED000EF2F511EC3E8E41F002CF8D1012A0DDCCE
:100EE000084BD0E8EF2FC0E8E13F0029F9D1642298
:100EF00000215DF8044B043007F0B3BE5DF8044BED
:100F0000704700BF1EF1010010B500240A4B4FF4DA
:100F10005072214609481C7007F0A3FE2146224664
:100F2000064B074801310829C3E900029A6003F122
:100F30006803F7D110BD00BFC9EC002074D30020B6
:100F40001EF10100164830B5002203464FF0FF3471
:100F5000144DD0E8EF1FA94204D1C0E8EC4FBCF11A
:100F6000000FF6D10CBF0121002112D1682101FB35
:100F7000023301220C49DA61097893F8202061F3E9
:100F8000451283F820200222A3F8482083F84A2043
:100F900030BD0132082A00F16800DAD10846F7E7CF
:100FA00074D300201EF10100C9EC002030B50246C8
:100FB00000236825054905FB03F460180C59944289
:100FC00003D00133082BF6D1002030BD74D30020AC
:100FD00010B50446043006F0F5F8606C08B1FBF774
:100FE000DDFA064BD4E8EF2FC4E8E13F0029F9D140
:100FF0002046BDE81040FFF767BF00BF1EF1ADDE21
:1010000070B50825064C074E2368B34202D020462F
:10101000FFF7DEFF013D04F16804F5D170BD00BFAC
:1010200074D300201EF101002DE9F8430F4C064651
:101030000025A0464FF068090D4B0E4F187023682D
:10104000BB420CD009FB058393F8202066F34512C0
:1010500083F82020A36B13B1204605F021FF013552
:10106000082D04F16804EAD1BDE8F88374D30020A8
:10107000C9EC00201EF10100112806DC00280DDB60
:10108000084BC34003F001007047B0F5817F07D0E3
:1010900040F21113C31A584258417047002070475C
:1010A0000120704741000200034B02685A608269C8
:1010B0009A6042691A607047B4D60020012208B5D0
:1010C00011460448FBF70AFA002818BF6FF02D00FC
:1010D00008BD00BFC0D600202DE9F04F85B0824684
:1010E0000F4616461D4601F071FB28B90120FBF79B
:1010F000EBF96FF00A041CE05AEA070300F0508194
:101100001EB3336823F4A05323F00203002B40F0F6
:101110004A81706838B9B06878B105F0F6FF60B9F7
:101120006FF0060405E005F0EAFF0028F3D16FF048
:101130000504204605B0BDE8F08FF06828B1B1681D
:1011400005F0F7FF08B96B20D1E79A4B4FF47A61AD
:10115000186805F0A6F90446002840F02781002F02
:1011600064D0F6B1336803F4A053B3F5805F18D1AF
:101170003368DB0445D44FF0FF37706808B100F0E6
:1011800091FD8D4B8D4A1860B368002B08BF012379
:101190001360F3688A4A002B08BF06231360336884
:1011A0001CE00A220021384602F042FF4FF6FE738F
:1011B000421E9A4200F2F180824A030243EA10235F
:1011C0001380002ED4D1002301217B4A4FF0FF373A
:1011D00013607A4A11600621794A1160DFF8F481C0
:1011E0005046C8F80030BAF1000F65D105F0CDFDCA
:1011F000064600BB6FF009046E4B186805F04FF906
:1012000097E73A21384607F093FB00B1471C384670
:101210006D4907F0E5FB0A2228B10021033002F0F6
:1012200001FE0746A9E701463846F8E7654B1880F6
:10123000002EC8D09FE707615F4BDFF880B11B68C5
:10124000DFF87CA1B361DBF800303246F361DAF8F5
:10125000003047F20D013362D8F80030042073618A
:1012600005F0AFFD4FF0FF33584F594E03933E60EA
:101270003868B04231D0002840F08B802020D7F869
:101280000490FBF783F9286070B109F118034D4A07
:10129000009318461288B9F8141005F0A7FD064609
:1012A00038BB2868FBF77AF96FF0090478680028E2
:1012B000A2D005F08DFD9FE7F7F7DEFC05F065FD98
:1012C0000646002896D007615046F7F7D5FC5146F0
:1012D0000246306807F0B8FCAEE7022003A9FBF72E
:1012E00029F80028C4D06E20FBF7EEF86FF00A044E
:1012F00082E7D9F808102A6801290AD002291FD0EC
:101300001046FBF74BF93046FBF748F96FF0050440
:10131000CCE708211161D8F8001011F0020136D095
:101320000192B9F816000130FBF730F9019A90618B
:101330002A68906930B91046FBF730F93046B1E7BA
:101340001621E7E7B9F81410009BB9F816200B44F2
:10135000194607F079FC00202968B9F81620896938
:1013600088542A680092D9F8080006F0F3FB009A26
:101370002B685060DBF800205E619A60DAF800208C
:10138000DA60D8F800201A600022DA618EE79161F5
:10139000E7E706F025FC044688E76FF007042BE733
:1013A0006FF00104C5E64FF0FF34C2E66FF00204AF
:1013B000BFE600BFC0D60020CCD60020C8D6002093
:1013C000C4D6002068D70020FABA0100B4D60020A5
:1013D000EEC100BCD0D60020F8B548F20F03994208
:1013E00005460E4640D022D848F20D03994233D02C
:1013F00048F20E03994233D00069FFF7D7FD044647
:1014000010B3B6F5004F1FD9A6F50046013E0B2ECE
:101410001AD8DFE816F0AE00E800B600B600B60055
:101420003A013A01B600C400190019000B0149F253
:10143000040399421CD0B1F5104F3FD9C068FFF7A3
:10144000B5FD0446002848D12868002800F02D8109
:10145000BDE8F84005F0BCBCBDE8F840FFF724BE8D
:10146000BDE8F84005F0CFBEBDE8F84005F0B8BED5
:101470000369082B00F21981DFE813F01000160051
:1014800009000E0016001701170118001E000020A9
:10149000BDE8F840FFF7C8BD0120F9E70021E86882
:1014A000BDE8F84005F0EFBD0121F8E70021E8684C
:1014B000BDE8F84005F0F3BD0121F8E70069FFF74A
:1014C00075FD04460028BFD048F281039E42BBD17F
:1014D0000146284600F036FB56E049F202039E42E0
:1014E00000F0CD8037D805F056FD0746E0B9102052
:1014F000FBF74CF80646B8B13946102207F0B1FBAD
:101500002B6873606B683381698A002900F0C8809A
:101510002A8A05F1140005F069FCF060002840F00B
:10152000BF803046FBF73AF8286805F051FC2046AA
:1015300005F0F3FC58B1204605F02DFD38B994F8BC
:10154000203043F0800384F820300C23A361204630
:1015500005F0E8FC18E049F203039E423DD049F251
:1015600082039E427FF470AF0146284600F002FBE2
:101570000AE06B692BB9284606F04CFBAA69436860
:101580001A60284606F048FB204605F014FD0028A6
:1015900000F08B802046BDE8F84005F081BC90F853
:1015A000203043F0010380F8203005F0DBFC18B157
:1015B0003E4B186804F073FF94F82030204623F067
:1015C0000A0384F8203005F0F6FC10B1204605F03F
:1015D00067FC2046FFF7FCFCD3E7286969280BD19C
:1015E0006823A361D0E790F82030EE686FF34103E1
:1015F00080F82030686918B100F068FBA061C3E78B
:10160000204605F099FC28B994F8203043F00403F3
:1016100084F82030204605F08FFC0028B4D0002E3E
:10162000B2D00021204600F0C3FAADE76B69F3B9F0
:10163000284606F0EFFAAA6943681A60426892F8F1
:10164000203043F0040382F82030436822691A6195
:10165000436862695A6183684BB105F1180205F16C
:10166000300152F8040B8A4243F8040BF9D194F884
:101670002230002B85D0013B84F8223081E790F89E
:101680002230013380F822307EE7284606F0C2FA85
:101690006B6913B9AB69436073E74FF0FF33FAE747
:1016A0003146204605F019FC6EE7F8BDD4D600207F
:1016B00030B585B00546FFF779FC044628B9092006
:1016C000FAF702FF4FF0FF300EE001F07FF868B943
:1016D000204605F047FC18B10D4B186804F0DFFEFA
:1016E0002046FFF775FC002005B030BD002005F056
:1016F0004CFB014608B96920E2E7056101AA47F2FF
:10170000090000F0FBFA0028EDD01628EBD0D7E74F
:10171000D4D600202DE9F04385B081468846144692
:101720001F460C9EFFF742FC40B90920FAF7CCFE99
:101730004FF0FF33184605B0BDE8F08317B90EB17E
:101740001620F3E7B8F1290F00F0ED800CDCB8F1BA
:10175000010F12D0B8F1060F00F0E180B8F1000FD0
:1017600000F0DF806D20E1E7B8F58D7F00F0888024
:10177000B8F5007FF6D11E2C08E03D2CF2DC202CC1
:101780000EDC142C4ED0152C53D0022CEAD130464E
:1017900005F0FBFA0546002840F0C7806920C5E740
:1017A000A4F121031C2BDDD801A252F823F000BFC5
:1017B0008F1701008F1701006517010065170100E1
:1017C0006517010065170100651701008F170100FB
:1017D0006517010065170100651701006517010015
:1017E0006517010065170100651701006517010005
:1017F000651701004F180100571801005B18010020
:101800005F1801006F1801006517010065170100DE
:1018100065170100651701006517010041180100F7
:10182000731801003246394605B0BDE8F04306F0B2
:10183000F7B93246394605B0BDE8F04306F0FEB9C7
:101840003246394605B0BDE8F04306F005BA01233B
:101850000422019305E00223FAE70323F8E70422B8
:1018600001920DEB020106F017FA034662E7052329
:10187000EEE73246394605B0BDE8F04306F00CBA53
:10188000631E112B3FF66EAF01A252F823F000BF8A
:10189000E7180100111901008F17010065170100F9
:1018A00003190100D918010065170100651701002F
:1018B000651701006517010065170100F5180100A3
:1018C0008F1701008F1701008F17010065170100A6
:1018D0008F1701008F1701003246394605B0BDE869
:1018E000F04306F0FCB93246394605B0BDE8F04396
:1018F00006F009BA3246394605B0BDE8F04306F0B5
:1019000017BA3246394605B0BDE8F04306F022BAB0
:101910003246394605B0BDE8F04306F02ABA372C06
:1019200034E71F2C32E7202C30E7002308224372D3
:101930008372C3720272C0F81090404606F033F909
:101940006861204600F0B6F932463946A861286839
:1019500007F07AF9294647F203006E6001AA00F009
:10196000CDF9034600283FF4E5AEDFE62DE9F0436C
:1019700085B08146884617461D460C9EFFF716FB2C
:1019800040B90920FAF7A0FD4FF0FF37384605B0FF
:10199000BDE8F08305B10EB90E20F3E7B8F1290FC9
:1019A00000F08F800CDCB8F1010F11D0B8F1060FF8
:1019B00000F08380B8F1000F00F081806D20E1E736
:1019C000B8F58D7F2AD0B8F5007FF7D11E2F0EE035
:1019D000152F1CD00ADC042F12D0142FEED1324662
:1019E000294605B0BDE8F04306F0FAB9212FE5D14C
:1019F000306805F0CAF90446002864D16920C1E7BF
:101A00003246294605B0BDE8F04306F0D9B9324662
:101A1000294605B0BDE8F04306F0F1B97A1E122A56
:101A2000CCD801A151F822F09F1A0100AD1A010093
:101A3000F1190100F1190100911A0100751A010054
:101A4000BD190100BD190100BD190100BD1901003A
:101A5000BD190100831A0100BD190100F11901002F
:101A6000F1190100F1190100BD190100BD190100B2
:101A7000F11901003246294605B0BDE8F04306F0F1
:101A8000CDB93246294605B0BDE8F04306F0D8B9D5
:101A90003246294605B0BDE8F04306F0E3B93246C8
:101AA000294605B0BDE8F04306F0EEB932462946B6
:101AB00005B0BDE8F04306F0F9B9372F97E71F2FBF
:101AC00095E7202F93E70023082243720272837266
:101AD000C372C0F81090404606F065F86061384661
:101AE00000F0E8F82146A06101AA47F20400D4F80A
:101AF000008000F003F9074620B1404605F06EF97A
:101B000038463FE76268336841469A4228BF1A4622
:101B10002846326007F098F8404605F05FF935E74F
:101B200008B5FFF7F1F9FFF7C9FA40B901220448F7
:101B30001146FAF7D3FC002818BF6FF02D0008BD3E
:101B4000D4D6002010B543690C467BB191F8203003
:101B50006FF3C30381F82030406900F0B7F8044BFD
:101B6000A061BDE81040186804F099BC10BD00BF2A
:101B7000D4D6002010B591F820300C466FF3C30383
:101B800081F82030006960B9DBB223F0140343F020
:101B9000140381F82030054BBDE81040186804F0AC
:101BA0007EBC00F093F8A061F5E700BFD4D600201A
:101BB0002DE9F341DFF8E8800546D8F800000191EF
:101BC00004F06FFC074650B1019B002B65D1102338
:101BD000AB614FF0FF37384602B0BDE8F081686C6A
:101BE000A8B1F7F749F8461C304605F0CEF8044690
:101BF00078B9284605F0BBF908B16923AB61D8F87C
:101C0000000004F04CFC6920FAF75EFCE1E73E4678
:101C1000EAE72B6804220361002302724372837295
:101C2000C37295F84B2005F14801013292008260A1
:101C3000143007F009F8F6B13246696C206806F0F6
:101C4000B3FE666095F82030042043F00803224676
:101C500047F2810185F8203005F0B3F8284605F0F9
:101C600086F90028B7D1284605F07CF940B9A86963
:101C70000028B0D0C8E726706670A670E670E0E76E
:101C8000022001A9FAF756FB10F10B0F05D000282E
:101C9000E9D00028B8BF4042B6E77420B4E700BFDF
:101CA000D4D6002003289CBF014B1856704700BFB4
:101CB000FEBA0100023835289ABF034B53F82000C2
:101CC0004FF0FF30704700BF8499010070289ABF21
:101CD000024B53F820000248704700BFC097010034
:101CE000ADBAADBA013804289ABF034B53F82000AF
:101CF0004FF0FF30704700BFAC9701004FF0FF334B
:101D000037B50D4DCA60144615600A4601460420D9
:101D1000019305F056F82068A84202D0FFF7D6FFDD
:101D200008E0022001A9FAF705FB0028F3D00028FB
:101D3000B8BF404203B030BDEEC100BC431C07D069
:101D4000064B984207D83C23B0FBF3F080B27047B3
:101D50004FF6FF7070474FF6FE70704787FF3B00ED
:101D60002DE9F34105460E46144600F02FFD0028EC
:101D700000F0C1800023614F3246294607207B6076
:101D800005F01FF84FF0FF330193022001A9FAF785
:101D9000D1FAD7F804800646B8F1000F06D110F149
:101DA0006E0FF2D1304602B0BDE8F08110F16E0F37
:101DB000F8D0D8F80450022D00F0948047F6FF7355
:101DC0009D4200F09280002D40F0928044B142F29A
:101DD00009023B88934209D042F20912934240D053
:101DE00078680028DED004F0F3FFDBE74FF443729D
:101DF0002946204606F035FFB8F808300122236056
:101E0000D8F80A01FFF79AFFA080D8F80E01FFF773
:101E100095FFE080D8F81201FFF790FF2081D8F8F5
:101E20001601FFF78BFF6081D8F81A01FFF786FFD4
:101E300020231546A081A373511E2274657408EBFC
:101E40008101D1F80A00FFF779FF6082D1F88A009A
:101E5000FFF774FF0132212AA08204F10604EBD1BE
:101E6000BEE7294620464FF4437206F0FAFE0621EB
:101E7000B8F80830103444F8103CB8F80A3024F8A8
:101E80000C3CB8F80C3024F80A3CB8F80E3024F8B2
:101E9000083CB8F8103024F8063CB8F8123024F8A2
:101EA000043C98F8143004F8023C08F1150398F843
:101EB00014200633954204F1060491DA13F8062C37
:101EC00004F8062C13F8052C04F8052C01FB0582F8
:101ED000B2F81700013524F8040CB2F8192024F8E0
:101EE000022CE4E76FF00C067AE76FF05E0677E706
:101EF0006FF0150674E74FF0FF3653E7E8D6002081
:101F000070B50446002800F00881022A00F0B9806C
:101F1000032A00F0C480012A40F0FF80E72940F244
:101F2000FF80824D2B68002B00F0FD80FEF7DEFA6B
:101F3000E8220021204606F094FE7D4B1B78032BFF
:101F40002B6858689968C4E90001D8681969C4E920
:101F500002015A6922619A696261DA69A2611A6AA8
:101F6000E2615A6A22629A6A6262DA6AA2621A6B51
:101F7000E2625A6B226393F8512084F85020D3F820
:101F800041202264D3F845206264D3F84920A2643A
:101F9000D3F84D20E2641A8FA28693F83A2084F891
:101FA000362093F83B2084F8372093F83C2084F8BF
:101FB000382093F83D2084F8392093F83E2084F8A7
:101FC0003A20B3F83F20A28732D1D3F852200A2515
:101FD000C4F8E4200022523403F1590193F856006A
:101FE000824205DA0C2A04F10C0401F10A0103D142
:101FF000FEF782FA002070BD05FB0230B0F8576092
:10200000013224F80C6C11F80A6C04F80A6CB0F870
:102010005A6024F8086CB0F95C6024F8066CB0F9DA
:102020005E0024F8040C11F8030C04F8020CD5E748
:10203000D3F8CA201946C4F8E4200A26002206FB79
:102040000230B0F852500132A4F8525091F8545076
:102050000C2A84F85450B0F8555004F10C04A4F83C
:102060004A50B0F9575001F10A01A4F84C50B0F9A8
:102070005900A4F84E0091F8510084F85000DED1C8
:10208000B6E752294CD92B4D2B68002B4BD0FEF7CD
:102090002DFA53222046296806F0D6FDA8E76729C5
:1020A0003ED9254D2B68002B3DD0FEF71FFA234B60
:1020B0001B78012B23D168220021204606F0D1FD98
:1020C0000022296808340B88C81C44F8083C8B7827
:1020D00004F8043C8B7818349A4289DA02EB021334
:1020E000C55C0B4404F8185C5E6853F8085F013265
:1020F00044E904655D689B6844E90253EAE72B689C
:102100001A89226001222271227200221968C4E910
:1021100004125B68C4E906326AE76FF015006AE7EB
:102120006FF0790067E76FF0220064E7E4D60020E3
:10213000CBEC0020E0D60020DCD60020CAEC00204A
:102140002DE9F04100F042FB054600285FD0314EFA
:102150004FF0FF31306804F0A4F9044600284DD157
:102160002D4C2378B3BB00F031FB002849D100F09F
:102170002DFBA8B14FF002084746152005F0B2FE2E
:10218000014650B10522036841F204001A71C3F8F8
:1021900005700022FFF7E4FD18B1B8F1020FE6D197
:1021A000002500F013FBA8B1152005F09BFE0146A9
:1021B00080B1036800226FF07F00012718715A7107
:1021C00041F203209A71DA719F74FFF7C9FD0DB1D6
:1021D00000B92770152005F085FE0146A0B1012544
:1021E0000368002241F204001D71FFF7B9FD0446A7
:1021F00008B90A4B1D70306804F051F92046BDE85B
:10220000F0810327B846B8E76FF00B04F3E74FF00F
:10221000FF34F3E7F0D60020CDEC0020CEEC002018
:1022200070B5054600F0D2FA08B3124E4FF0FF31F8
:10223000306804F036F90446A0B9152005F052FEC6
:10224000014688B10222036841F203201A715C71D1
:1022500022469C71DC715D72FFF782FD0446306896
:1022600004F01DF9204670BD6FF00B04F7E74FF046
:10227000FF34F7E7F0D6002070B5054600F0A6FA67
:1022800010B3134E4FF0FF31306804F00AF90446E2
:10229000A8B9152005F026FE014690B10822036872
:1022A00041F203201A715C7122469C71DC71A3F823
:1022B0000B50FFF755FD0446306804F0F0F8204657
:1022C00070BD6FF00B04F7E74FF0FF34F7E700BF86
:1022D000F0D6002070B5054600F078FA10B3134E22
:1022E0004FF0FF31306804F0DCF80446A8B915203F
:1022F00005F0F8FD014690B11022036841F2032079
:102300001A715C7122469C71DC71A3F80D50FFF7C5
:1023100027FD0446306804F0C2F8204670BD6FF017
:102320000B04F7E74FF0FF34F7E700BFF0D60020CB
:1023300070B5054600F04AFA10B3134E4FF0FF3166
:10234000306804F0AEF80446A8B9152005F0CAFDBF
:10235000014690B12022036841F203201A715C719A
:1023600022469C71DC71A3F80F50FFF7F9FC04467C
:10237000306804F094F8204670BD6FF00B04F7E766
:102380004FF0FF34F7E700BFF0D6002070B50546E8
:1023900000F01CFA08B3124E4FF0FF31306804F021
:1023A00080F80446A0B9152005F09CFD014688B1CF
:1023B0004022036841F203201A715C7122469C712D
:1023C000DC715D74FFF7CCFC0446306804F067F8FC
:1023D000204670BD6FF00B04F7E74FF0FF34F7E7CE
:1023E000F0D6002070B5064600F0F0F900283AD08B
:1023F0001E4D4FF0FF31286804F053F8044648B9E9
:10240000152005F06FFD014630B96FF00B04286808
:1024100004F045F8204670BD02220368012E5A716F
:1024200008BF1A7D1C7104BF42F008021A759C7126
:10243000DC71002241F20330FFF792FC10F15F0FD4
:102440000446E4D1152005F04DFD01460028DCD0FE
:102450000122036841F208001A715E710022FFF741
:102460007FFC0446D3E74FF0FF34D3E7F0D60020DB
:10247000014B186000207047D8D600202DE9F041AC
:10248000056807460C463DB101F47043B3F5005FA3
:1024900004D1404BC3E90015BDE8F0813E4E3368DE
:1024A00063B144F20402914264D00CD844F20203B6
:1024B00099424ED044F20303994253D03868BDE8A4
:1024C000F04104F085BC44F2012221F48073934270
:1024D0000FD044F203139942F0D1304C206808B178
:1024E00004F076FC01222E4B1A702560042033681C
:1024F00026E0DFF8BC80D8F8000008B104F068FCE2
:1025000044F201339C420CBF0322022295F8517021
:10251000244B254C1A70C8F8005017F00805336892
:10252000227810D01AB9052098470123237007F0AC
:102530004107012F02D102203368984701203368F8
:10254000BDE8F0411847002AF1D0062098472570D1
:10255000EDE7164C206808B104F03AFC032033681C
:102560002560EDE70D4C206808B104F031FC002235
:102570000B4BB9E72A78032AA0D8DFE802F002055E
:1025800007090720984799E70820FBE70920F9E7A2
:102590000A20F7E7E8D60020D8D60020DCD60020B5
:1025A000CAEC0020CBEC0020CCEC0020E0D60020D0
:1025B000E4D6002008B50023094A0A4813700A4AE5
:1025C00013700A4A13700A4A13700A4A13600122F0
:1025D0001146F9F783FF002818BF6FF02D0008BDE2
:1025E000CCEC0020F0D60020CEEC0020CDEC00207A
:1025F000CBEC0020D8D6002010B50B4C206818B1C9
:1026000004F0E6FB00232360084C206818B104F0B6
:10261000DFFB00232360064C206818B104F0D8FBD0
:1026200000232360002010BDE4D60020E0D6002067
:10263000DCD6002030B4074B1C6844B14368858960
:10264000A4460268C1899BB2E8B230BC604730BC86
:10265000704700BFF4D6002037B50125074C4FF472
:10266000FA70656103F017FF002363610193256130
:1026700023690193019B03B030BD00BF00560040A9
:1026800030B50D4D89B0036A03AC01908DF8083068
:102690000FCD0FC42B6801A8236004F035FB40B9AF
:1026A000044603AD55F8043B984710B90134052C96
:1026B000F8D109B030BD00BF10920100034BD3E840
:1026C000EF2FC3E8E10F0029F9D17047F8D60020B9
:1026D00038B50546002850D0436A002B50D0836A95
:1026E000002B4DD00124294BD3E8EF2F002A03D132
:1026F000C3E8E14F0029F7D145D1686A00F04EF8F0
:10270000F9F760FF224BC8209C6603F0C4FE284600
:10271000FFF7B6FF044640B901221D4B0220DA66DE
:10272000FFF7CCFF0024204638BDFFF795FF002CB3
:1027300011DBAB6A20469847164B9C421AD013DC3B
:10274000A4F18864033C012C11D82846FFF798FFB8
:1027500004460028E0D001220D4BDA66F9F74AFF63
:102760000020FFF7ABFFDEE70B4B9C42EDD06FF094
:102770000404F0E76FF00A04EDE76FF00D04D2E710
:102780006FF01504CFE74FF0FF34CCE7F8D6002008
:10279000005000400500400401005005014B186046
:1027A000704700BFFCD6002007B5044BCDE90001FF
:1027B0001B686846984703B05DF804FBFCD6002010
:1027C000014B1870704700BFCFEC0020024B187807
:1027D000431E584258417047CFEC00200021074B60
:1027E00001221970064B1970064B1960064B1960CF
:1027F000064B18600648F9F771BE00BFD0EC002008
:10280000D1EC002004D7002008D7002018D70020E2
:1028100000D7002070B42D4B1B68196958691A7CC9
:1028200000221A745C7C5A749C7C9A74DC7CDA7486
:102830001C7D1A755C7D5A759C7D03299A75DC7D1B
:10284000DA7529D0042933D001292FD18568204E8B
:10285000954210D101211A7A00221972597A5A72BE
:10286000997A9A72DA7A6FF05F02DA72194B70BC59
:10287000186803F014BE911C00EB81014C682178AC
:10288000622907D0633918BF0121490046F8214069
:102890000132DDE70121F9E7187A1972597A5A7283
:1028A000997A9A72DA7A6FF05F02DA7270BC7047C6
:1028B000187A1972597A5A72997A9A72DA7A6FF08A
:1028C0005F02DA720122044B1A70EFE718D700207A
:1028D0000CD7002000D70020D1EC00202DE9F041DA
:1028E000054686B00E464FF02003EFF3118883F3C0
:1028F0001288BFF36F8F0024042898BF234B244A0B
:1029000098BF53F82030976888BF224B127C224929
:10291000CDE90432214B0390029301222346204645
:10292000CDE9004405F045FB6EB1F369C3F308033C
:102930004BB11B4B0122CDE90143204623461649EA
:10294000009405F036FB2FB1384605F0BFFB08B107
:10295000037803B91348144B012202930023CDE9F5
:102960000370CDE9003318460B4905F022FB3146D0
:102970002846FCF793FC88F31188BFF36F8F384625
:1029800006B0BDE8F041F8F72BB800BF5C9A010033
:1029900020D7002002BB0100A491010018BB010058
:1029A00040BB010010BB010061BB0100104B70B5C2
:1029B00053F82040013053F82060A64200D870BD83
:1029C000D4E9003595B153B12846984738B100286D
:1029D000B8BF4042FF28A8BFFF20EB681870EA6824
:1029E000537843F0010353700834E6E79847FBE758
:1029F000709A0100012208B5094B03201A70FFF7F5
:102A0000D5FF01F091F90420FFF7D0FF00F09EF907
:102A1000F6F71AFB034A137B23F00103137308BD77
:102A2000D2EC0020B0CC002008B50348034A0021B6
:102A3000121A05F0CEFA08BD60C90020D4EC0020BF
:102A4000F82370B5184E86B003FB0066174B0122C1
:102A500005930F23CDE903320023CDE90133182379
:102A60004FF4A0720446124D124903FB005502FBBD
:102A70000011114B3046009500F0D6F8737B2C7492
:102A800023F0040373730D4B013403EBC4236B6019
:102A90000B4BEE60D3E8EF1F0131C3E8E21F002AC1
:102AA000F8D106B070BD00BFB8CB0020C3BB010099
:102AB00020D70020D8F90020D5800100D8F10020CF
:102AC0001CD7002080B50020C4B0FFF76FFF2F4B4C
:102AD00003F5006282F3088883F30A880024E02368
:102AE0002B4D2C4E85F82230EC772C766C76AC761C
:102AF00085F820406B6A284F43F4E0236B6285F829
:102B00002340F7F7D9FEF8F7E1F84FF0FF33AB6257
:102B1000EB62F8F7A1FAF8F719F9F7F795F840F230
:102B2000011306AD2846ADF82430CDE92C4401F060
:102B3000DDF8B56005F031FA0120FFF737FF02201C
:102B4000164DFFF733FF00F02FFE154BB5610593CF
:102B5000012314494FF48052CDE9034328463B46F4
:102B6000CDE90144009400F05FF806466A7B2846F0
:102B700022F004026A7305F0DAFB2046FFF760FFDB
:102B80003A4631462846F8F779F800BFD8F10020D8
:102B900000ED00E020D70020F5290100B0CC002096
:102BA000C8BB010018FB002038B5064C064DAC42EE
:102BB00001D3002038BD2046D4E9011205F00DFAFA
:102BC0001434F4E7ACC70020D4C700204FF0200332
:102BD000EFF3118183F31288BFF36F8F094A936A71
:102BE000834207D15B6F936281F31188BFF36F8FCC
:102BF00070471346002BF7D05A6F8242F9D1426FCB
:102C00005A67F1E720D7002010B5044608B9054BF4
:102C10009C681F2204F1780005F0C6FE002084F8AD
:102C2000970010BD20D700202DE9F04F984685B0C1
:102C300000F15803C0E91633129B002503730423E7
:102C4000D61D26F007064373119B01EB060A0F46BB
:102C5000C0E90655514685608373C5730446DDF8A7
:102C600038B0DDF84C90F7F719FB109B073020F0D7
:102C70000700C4E92676C4F8A00002930F9BAAEBD4
:102C80000006CDE900B33246434639462046F7F701
:102C9000AFFF0F9BC4E9198BE366109B6565236743
:102CA0004FF02002EFF3118382F31288BFF36F8F8E
:102CB0000F4FBA6ABC62626783F31188BFF36F8FEC
:102CC000B9F1000F11D01F22494604F1780005F038
:102CD0006BFE84F89750BB680BB1D3F8A430304634
:102CE000C4F8A43005B0BDE8F08F84F87890F2E71E
:102CF00020D70020F0B5002587B00595109DDDE9AF
:102D0000127604950F9D044603950E9D02950D9D28
:102D100001950C9D0095FFF787FFB6F1FF3F08BFB7
:102D2000B7F1FF3F05D056EA070305D1204600F072
:102D3000EDFC204607B0F0BD3A463346024904F1A7
:102D4000180000F04DFEF4E7C983010070B5224C75
:102D5000224D86B02646AE4204F130040AD300F07C
:102D6000F3FC1D4C1E4EAC4220D306B0BDE87040B3
:102D700000F0FEBC54F80C3C059354F8103C04934E
:102D800054F8143C039354F8183C029354F81C3C38
:102D9000019354F8203C009354E90A2354E90C01B0
:102DA000FFF742FF54F8303C5E65D3E7D4E90A23CD
:102DB000B3F1FF3F08BFB2F1FF3F05D052EA030174
:102DC000206803D100F0A2FC3034CCE73146183043
:102DD00000F006FEF8E700BF1C9101001C91010005
:102DE000C98301002DE9F34104460E4600F10808AD
:102DF0004FF02001EFF3118781F31288BFF36F8F3B
:102E0000056AC1688D4232D205F0E2FA31460546C4
:102E1000A26880B10024406905F016FF2846C5F875
:102E2000B04005F084FA4046394600F05DFC20468B
:102E300002B0BDE8F081E06905F006FFE369A26831
:102E400004F1240013446269E361934208BF2369DB
:102E50004FF0100108BFE361236A0133236205F0DC
:102E6000E7FC002087F31188BFF36F8FE0E752EA99
:102E700003010AD0064989684E61CDE9002339462D
:102E80000246404600F0CCFBD2E76FF02200E9E7B3
:102E900020D70020F7B50446084604F108074FF094
:102EA0002001EFF3118681F31288BFF36F8F216A3F
:102EB000002932D0A268A16905F0C6FEA369A26804
:102EC000204613446269A361934204BF2369A3614E
:102ED000236A013B236205F07BFA054668B341692A
:102EE000A268E06905F0B0FEE369A26828461344D1
:102EF0006269E361934204BF2369E361236A01339A
:102F000023620024C5F8B04005F011FA3846314676
:102F100000F0EAFB204603B0F0BD52EA03010AD0FC
:102F2000084989684861CDE9002331462246384680
:102F300000F076FBEFE76FF0220086F31188BFF315
:102F40006F8FE8E720D7002038B58368044673B355
:102F50001A4A926893422DD1C368012B03D9013BD1
:102F6000C360002038BD4FF02003EFF3118583F3D9
:102F70001288BFF36F8F0169806805F0B7F82046AB
:102F800005F026FAA06060B190F90E2022610022BF
:102F9000C0F8B02005F0CBF92946094800F0A4FBA1
:102FA000DFE7E06085F31188BFF36F8FD9E76FF03B
:102FB0001500D7E74FF0FF30D4E700BF20D700203F
:102FC000D3EC00202DE9F341044617461E464FF08E
:102FD0002003EFF3118883F31288BFF36F8FC36868
:102FE000334A7BB180689168884219D057EA06035A
:102FF00018D188F31188BFF36F8F6FF00F0002B004
:10300000BDE8F081916891F90E100133E360936897
:103010002161A36088F31188BFF36F8F0020EEE772
:103020002169F2E791F90E1090F90E306FF07E02EF
:103030009942A8BF19469142B8BF11468B422EDD76
:1030400005F054F8054622464146CDE90076194878
:1030500000F0E6FA0028E1D04FF02003EFF31186EC
:1030600083F31288BFF36F8FA068D0B12368216902
:103070009C420AD04BB193F90E309942A8BF194631
:103080006FF07E039942B8BF194605F02FF840B1A2
:103090003146084800F028FB6FF00A00AFE7002532
:1030A000D1E7002DF4D186F31188BFF36F8FF3E7DA
:1030B00020D70020D3EC002037B511464FF0200276
:1030C000EFF3118582F31288BFF36F8F04689CB110
:1030D0002368426823F003039442036008BF4360FF
:1030E0000121204605F078F8044685F31188BFF3E6
:1030F0006F8F204603B030BD51EA0302F5D000F1D6
:103100000802CDE900131046294600F089FA00288C
:10311000EFD1024B9B685C69EBE700BF20D7002032
:1031200038B504464FF02003EFF3118583F312887E
:10313000BFF36F8F05F04CF950B10022C0F8B020FA
:1031400005F0F5F82946BDE83840074800F0CCBA4C
:10315000D4E902329A4218BF01330221A36004F17C
:10316000100005F065FBEDE7D3EC002013B54FF040
:103170002004EFF3118184F31288BFF36F8F84680A
:1031800044B1013C846081F31188BFF36F8F00204C
:1031900002B010BD52EA030406D181F31188BFF3D7
:1031A0006F8F6FF00F00F3E7CDE90023024602486E
:1031B00000F036FAECE700BFD3EC0020F8B5C368A6
:1031C00004469A070F46C3F340062CD45B071AD473
:1031D0000B680BB983680B60E368DD0742BFA36827
:1031E00002263B603D6858BF0126002D3AD01F4B98
:1031F0009B68AB420AD0D5F81031D807C3F38002E0
:1032000014D46FF0120600233B6025E004F058FF51
:10321000D5F810310028F0D1D907C3F3C002F0D59A
:1032200052B15B0708D46FF00F06ECE7002AFAD121
:10323000C3F3C003002BF6D100232360D5F8FC3084
:1032400063B9C5E93E44284604F0F8FFE36843F05B
:103250000403E3603B68A3603046F8BD1C60C5F81A
:10326000FC40F0E76FF01506CDE700BF20D7002047
:103270000146014805F007B8C8CD0020F0B5044666
:10328000002089B0C4E93E000E9D04F58070C4E9B9
:10329000400004F58470C4E942001DB32879002879
:1032A00040F2011008BF0120C4F8100100204FF0C7
:1032B000FF364FF0FF37CDE90330CDE90100CDE90E
:1032C00006672046084B0094FFF714FD25B12968D6
:1032D00011B12046FFF798FC204609B0BDE8F04048
:1032E00004F0F6BE0120DFE7898E0000C3897F2B42
:1032F00012D80A4B1B6863B1094B90F90E201B686A
:103300009A4209DB437BDB0606D1064BC31A18BF82
:10331000012303F0010070470023FAE75CD7002087
:1033200058D70020B8CB00200122044BC01A044B10
:10333000C0105843034B1A54704700BFA8CD00205B
:10334000ABAAAAAAD3EC002070B50E4B0E4C1E7C83
:10335000054606EB460304EBC304204605F0DBF804
:1033600000220A4B28469A55FFF7C0FF48B1084B88
:103370002046BDE870401A680649013AD31700F0AC
:103380002FBB70BD20D70020A8CD0020D3EC00209B
:103390005CD700202933010038B50D4D2B4653F87A
:1033A0001C4F9C4200D004B9EC68AB6838B95A7B1A
:1033B000D20604D1A26912B9DA897F2A05D89C42C3
:1033C00002D02046FFF7C0FF2346AB6138BD00BFE7
:1033D00020D7002070B590F90D200146002A437BCC
:1033E00004DA03F07F03437304F05EFF154A4B7B5E
:1033F000104663F07F034B7350F81C3F146A8342FE
:1034000008BF002323B9C1E90004216011620CE068
:1034100091F90E5093F90E60B5420ED0AE420CDD1C
:103420005868C1E90030016059609068BDE870409B
:10343000431A58425841FFF7AFBF9C42E3D01B6884
:10344000E0E700BF20D7002070B490F90D30427B38
:10345000002B29DBD30627D183692BBB134962F0EC
:103460007F0242730A4652F81C4F944218BF23460B
:103470000C6A23B9C0E90024206008620CE090F9CE
:103480000E5093F90E60B5420AD0AE4208DD5A687C
:10349000C0E9003210605860002070BCFFF77CBFAC
:1034A000A342E7D01B68E4E770BC704720D7002038
:1034B00008B590F90D200146002A437B04DA03F099
:1034C0007F03437304F0F0FE044B9868431A58429C
:1034D0005841BDE80840FFF75FBF00BF20D700207C
:1034E00070B515461C46064604F0F9FEB4F1FF3FE0
:1034F00008BFB5F1FF3F08D02A46234606F1180061
:103500000249BDE8704000F06BBA70BDC98301008C
:10351000002A2DE9F0410E460CBF10210821437B03
:10352000044619420AD10B43DD0903F09F0211D171
:103530004273082914D00120FFF72EFF1F4B9B6810
:10354000A34235D1EFF3058393BB3046BDE8F0418C
:10355000F7F75CBA03F01F03437304F0A5FEE8E736
:10356000A36813B1204604F0A7FE04F1180004F08C
:10357000D2FF4FF0000804F15807A56DBD4200D0FE
:103580004DB90120FFF708FF2046F7F751FB204611
:10359000FFF71CFBD2E7284604F08EFE05F1180069
:1035A00004F0B9FF2846C5F8B080FFF74DFFE4E707
:1035B00086F31188BFF36F8FBDE8F08120D700201C
:1035C00038B54FF02003EFF3118583F31288BFF372
:1035D0006F8F104B104A9C681068A04206D1FFF70D
:1035E000B3FE85F31188BFF36F8F38BD00211B7CBC
:1035F00011600A4AD35C002BF3D02046FFF776FE19
:103600000028EED0637BDB0602D12046FFF7E2FE06
:103610002046E4E720D7002054D70020D3EC002038
:1036200070B50C480C4D86680C462E601146DDE9DD
:1036300004234FF02006EFF3118586F31288BFF3C1
:103640006F8F8068FFF74CFF2046BDE87040F7F7AA
:10365000DDB900BF20D7002054D70020F8B50446BC
:103660004FF02003EFF3118683F31288BFF36F8FBF
:10367000437B49B2DA0619D18569BDB903F07F03EE
:10368000437304F011FE437B164A63F07F034373D8
:103690001346817353F81C0F984218BF0546106AF1
:1036A0005DB9C4E900300460146211E00020A17328
:1036B00086F31188BFF36F8FF8BD95F90E70B9428C
:1036C0000BD08F4209DD6B68C4E900531C606C604D
:1036D0000120FFF761FE0120EAE7A842E1D02D6852
:1036E000DEE700BF20D7002049B9EFF3058030B9ED
:1036F000054B9A699B689A4201D0F7F787B981F325
:103700001188BFF36F8F704720D7002010B54FF09E
:103710002002EFF3118482F31288BFF36F8F427B94
:10372000510704D484F31188BFF36F8F10BD22F0CA
:1037300004024273FFF788FE2146BDE810400148AD
:10374000FFF7D2BFD4EC00204FF02003EFF311813C
:1037500083F31288BFF36F8F044B9A68D37B013BCE
:10376000D37381F31188BFF36F8F704720D7002088
:1037700010B54FF02003EFF3118483F31288BFF3E9
:103780006F8F084B00209A68D37B0133D373FFF708
:1037900003FE84F31188BFF36F8FBDE8104004F07F
:1037A00057BE00BF20D70020024B03F11C02C3E923
:1037B0000722704720D70020F8B54FF02003EFF321
:1037C000118583F31288BFF36F8F19498868437B93
:1037D00003F07F03437304F067FD08468B685A7B50
:1037E00062F07F025A7350F81C2F0C6A824208BFA5
:1037F000002222B9C3E9000423600B620CE093F9B4
:103800000E6092F90E70BE420ED0B7420CDD5168C8
:10381000C3E900210B6053600120FFF7BDFD28467E
:10382000BDE8F840F7F7F2B8A242E3D01268E0E74B
:1038300020D7002050EA01032DE9F04105460E464D
:1038400003D1FFF7B9FF00202CE0831C71F1FF3397
:103850002ADB04F076FE2C184FF02003EFF31188DA
:1038600083F31288BFF36F8F114F124BB868186043
:10387000FFF71EFEB86810492A463346183000F09C
:10388000AFF8BA684046537B43F010035373F7F721
:10389000BDF804F056FE201A63EB0303012873F110
:1038A0000003D0DBBDE8F0816FF00104241AD3E7F8
:1038B00020D7002054D70020C9830100B1F1FF3F79
:1038C00008BFB0F1FF3F08B506D1084B986804F077
:1038D0003EFD4FF0FF3008BDFFF7ACFF4FF47A73A9
:1038E00080FB0303C00B40EA4340F4E720D70020ED
:1038F000014B9868704700BF20D70020D3B5DDE9A1
:103900000667089CCDE90067FFF78AFE1CB1034BF0
:103910009B685B69236002B0D0BD00BF20D7002048
:1039200008B50648064A0749121A04F054FBBDE8D8
:103930000840054A0549064804F04DBB80C50020F3
:103940005CC900204CBC01000000000034BC010038
:1039500080C50020034B1B680BB9F8F76DBC002035
:10396000704700BF60D7002010B50E4B1C689C420A
:1039700004D1FFF7EFFF6FF0004010BDFFF7EAFF43
:10398000002CF8D0D4E904321B1A62EBE072B3F1D8
:10399000004F72F10001EEDA002AACBF1846002099
:1039A000EBE700BF0CC7002030B570B10B4B5B6874
:1039B00098420AD0036843B1D3E90421D0E9044511
:1039C000121941EB0501C3E90421D0E9003213606B
:1039D0005A600023C0E9003330BD00BF0CC700208F
:1039E000B3F1FF3F08BFB2F1FF3FF8B504461D46F3
:1039F00016465CD081604FF02003EFF3118783F30C
:103A00001288BFF36F8F013275F1FF3324DA6FF044
:103A100001032C49D1E900209B1A4FF0FF3262EBE1
:103A200000009E1B60EB0500012E70F1000301DA1F
:103A300001260020C4E90460234ED6F800C0756852
:103A4000B44508BF4FF0000CBCF1000F0DD1C4E924
:103A500000652C6074601CE0FFF77CFF013645F1C7
:103A60000005361845EBE070E4E7DCE90420D4E912
:103A70000431934271EB000E1ADAD21ADCF80430EA
:103A800060EB0100CCE90420C4E900C31C60CCF861
:103A900004403368B34206D09C4204D1FFF764FF70
:103AA0000021F8F79BFB87F31188BFF36F8FF8BDF8
:103AB0009B1A61EB0001AC45C4E90431C7D0DCF8C6
:103AC00000C0C1E7C0CD00200CC700202DE9F84F91
:103AD0004FF02003EFF3118783F31288BFF36F8F4A
:103AE000DFF8B8902B4E4FF0000A3060D9F8000094
:103AF0004FF0000B484508BF0020274C3D46D4E955
:103B0000001E336888B3D0E904874FEAE37C43455D
:103B10007CEB070206DAB8EB030267EB0C07C0E99F
:103B2000042722E018EB01014EEBE873C0E904AB77
:103B3000C4E90013FFF738FF85F31188BFF36F8FD7
:103B4000836898474FF02003EFF3118583F31288C1
:103B5000BFF36F8F3368D9F80000A3EB0803484523
:103B60002F463360CAD1D4E9001E59184EEBE373D7
:103B7000C4E9001300243460FFF7F6FE2146F8F78D
:103B80002DFB85F31188BFF36F8FBDE8F84FFFF76A
:103B900017BD00BF60D70020C0CD00200CC700209B
:103BA00010B54FF02003EFF3118483F31288BFF3B5
:103BB0006F8FFFF7CFFE0346054AD2E900011818C0
:103BC00041EBE37184F31188BFF36F8F10BD00BF29
:103BD000C0CD00202DE9F3471D46294B16469F68AE
:103BE000012387F8603087F8613052EA05030CBF83
:103BF0000123002307F16002804604F04DFD814659
:103C00004FF02003EFF3118A83F31288BFF36F8F15
:103C100097F8604064B901465246404604F0DCFC27
:103C20008AF31188BFF36F8F204602B0BDE8F0879A
:103C3000002387F8603056EA050306D18AF311881D
:103C4000BFF36F8F6FF00A04EEE75146CDE90065D0
:103C50000C4A0D48FFF7E4FC04464FF02003EFF355
:103C6000118583F31288BFF36F8F2A464946404679
:103C700004F0B2FC85F31188BFF36F8FD4E700BF67
:103C800020D7002014C70020D4EC002038B503460C
:103C90004FF02002EFF3118582F31288BFF36F8F8C
:103CA000C160012181600068834206D185F31188DB
:103CB000BFF36F8F0024204638BDD0E90032136077
:103CC0005A600023C0E9003304F05DFD2946044634
:103CD0000148FFF709FDEEE7D4EC00200A46014653
:103CE000014804F0CABD00BFACC70020014BC0F8BA
:103CF000A4307047ACC7002038B504460D4604F028
:103D0000DFF928B9064B9B68D3F8A4300BB938BD4E
:103D1000044B2A4621461846BDE8384004F0ADBDA4
:103D200020D70020ACC70020014801F05CBB00BFD9
:103D3000D0BB01001FB50024084B4FF4C0620293B2
:103D400002AB009306494FF0FF3306488DF80C4054
:103D5000FFF794FA204604B010BD00BFFEBB01007F
:103D600018130120C8CD00200FB407B504AA064BD4
:103D700052F8041B1868019200F05AFA03B05DF87B
:103D800004EB04B0704700BF78950100F8B50E4B06
:103D900006461D68AB789B0712D56F6816F8014B75
:103DA00029462CB90A20B847002805DB204609E03F
:103DB0002046B8470028F1DAAB7843F00403AB7033
:103DC0004FF0FF30F8BD00BF789501000CB430B55E
:103DD00089B005460C461C22002101A804F041FFD1
:103DE000022305958DF806300D4B029323462CB126
:103DF000B4F1004F28BF4FF00043013B1D440DAA12
:103E00000C9901A80695009200F012FA14B1059BD6
:103E100000221A7009B0BDE8304002B0704700BF00
:103E2000F58D0100242A2DE9F041044601D8012A2C
:103E30004CD1364B162204F0E5FF1A5001B10C604C
:103E400000273846BDE8F08135462E4616F8010BAE
:103E50002028F9D0A0F109070346042FF4D92B2814
:103E600036D02D2837D14FF0010CAE1C6B78302B9B
:103E700038D1307840F0200078282FD132F010006F
:103E80002CD173783446102202360CF10040002702
:103E90000138B0FBF2FE02FB1E08392B82BF03F192
:103EA000FF3343F02003263B303B9A421ED977452F
:103EB00002DC03D1984501D24CF0020C354607FBD9
:103EC0000237344615F8013B2E46E6E70546BCE7C7
:103ED0004FF0000CC9E74FF0000CC8E7002A08BFFC
:103EE0000822D2E7002A08BF0A22CEE701B10C60FF
:103EF0001CF0010F18BF7F421CF0020FA1D0034B32
:103F00002222074604F07EFF1A509AE70C000000B8
:103F1000242A2DE9F84F8046894601D8012A60D12C
:103F2000424B162204F06EFF1A50B9F1000F01D077
:103F3000C9F80080002319461846BDE8F88F3146BD
:103F40000E4616F8013B202BF9D0A3F109001C46C0
:103F50000428F4D92B2B46D02D2B46D101278E1CBB
:103F60004C78302C48D1337843F02003782B3ED165
:103F700032F010033BD17478B0461025023617F1A9
:103F8000FF3B6FF000432A4643F1000A58460023E6
:103F90005146F4F7F7FC00238C461946392C82BFB2
:103FA00004F1FF3444F02004263C303CA54228D9DB
:103FB00098427CEB010E05DB614508BF834203D1CB
:103FC000A24201D247F00207A5FB033EB04605FB23
:103FD00001EEE3184EF10001B6461EF8014B76469D
:103FE000DCE70146ACE70027B9E70027B9E7002A7C
:103FF00014BF15460825C2E7002A14BF15460A2536
:10400000BDE7B9F1000F01D0C9F80080F80702D56B
:104010005B4261EB4101BA078ED5044A222404F0C9
:10402000F1FE5B465146145086E700BF0C000000CD
:10403000242AF0B5044601D8012A40D12E4B16227D
:1040400004F0E0FE1A5001B10C600020F0BD2F46D4
:104050003D4615F8010B2028F9D0A0F109060346CA
:10406000042EF4D92B282CD02D282CD10126BD1CB0
:104070007B78302B2DD1287840F02000782824D16F
:1040800032F0100021D16B782C461022023500202E
:10409000392B82BF03F1FF3343F02003263B303B33
:1040A0009A421AD9A0FB02040CB9C01801D346F0F9
:1040B00002062F462C4617F8013B3D46E8E7074627
:1040C000C6E70026D3E70026D3E7002A08BF082268
:1040D000DDE7002A08BF0A22D9E701B10C60F20728
:1040E00048BF4042B307B1D5034B222204F08AFEF9
:1040F0001A504FF0FF30A9E70C0000002DE9F04105
:1041000001260746B24201DCBDE8F0813B461F466E
:1041100013F8014B002CF7D0252CF8D11C7802376E
:10412000252CF3D00023DFF804819C461D461F2D6B
:1041300018D8A4F1200EBEF1100F09D9A4F1300E49
:10414000BEF1090F1ED80A24202504FB03E304E076
:1041500028FA0EFE1EF0010F06D017F8014B002CB6
:10416000E5D128E07F2D1CD8A4F1300EBEF1090F57
:10417000E9D9242C10D1BCF1000F46D0B34246D06F
:104180000023EAE724F0040EBEF12A0FF8D06C2CCD
:1041900009D145F08005E0E724F0040EBEF12A0FB6
:1041A000EED06C2C22D06C2C1BD8682C23D06A2C1F
:1041B00028D04C2C26D0BCF1000FA5D0B445A1D1FD
:1041C00044F020070B68A7F1650CBCF1020F01D980
:1041D000612F1ED1073323F00703083301360B602C
:1041E0008FE7742CB9D07A2CB7D0E4E72C0648BFFF
:1041F00045F40075CDE7EC0548BF45F4007545F47E
:104200008075AAE745F42075A7E79C46B8E76324C4
:10421000D6E7692C02D007D8632C03D02F0601D52E
:10422000AC05D7D40433D9E7732CF6E7892801000D
:104230002DE9F04F436893B0804601938378980747
:10424000CDE9061216D50B4600250B921F789FB1BB
:10425000252F15D00133059341463846019B013582
:104260009847002880F2458498F8023043F0040310
:1042700088F802304FF0FF35284613B0BDE8F08FC4
:104280005F789A1C252F0592E6D000242646A24688
:10429000A346BBF11F0F32D8A7F12003102B0AD879
:1042A000DFE803F02409092A0909091B0909092281
:1042B000092709091900A7F13003092B2DD92A2F45
:1042C00039D154B90B9B1BF0400F53F8042B0B93BF
:1042D00029D0164601E04BF0010B059B13F8017B3A
:1042E0000593002FD5D15BE04BF0020B4BF0040B94
:1042F000F3E74BF0080BF0E74BF0100BEDE7BBF1E9
:104300007F0F3FD8A7F13003092BD8D81BF0400FFF
:1043100003D00A2202FB0636DFE70A2202FB0A3A32
:104320004BF0200BD9E7B2F1000AF9DACAF1000A22
:104330004BF0280BD1E72E2F05D11BF0400F9BD15E
:104340004BF0400BC9E7242F1CD1002C00F03F811B
:10435000079B1BF0400F0B930AD152460BA90698FE
:10436000FFF7CCFE0B9B1A1DD3F800A00B92B4E70D
:1043700032460BA90698FFF7C1FE0B9B1A1D1E685B
:104380000B92AAE76C2F00F00F8100F20681682FD4
:1043900000F012816A2F00F017814C2F00F0148179
:1043A00034B1079B22460BA906980B93FFF7A6FE94
:1043B000002E47F02003B8BF2BF0400B0293A3F16F
:1043C0006503BCBF00261FFA8BFB022B40F2048161
:1043D000029B612B40F07282FF431BF0400F0CA840
:1043E0004BF4C05407F0200314BF31464FF0FF31A7
:1043F000A346049301270B9B073323F0070303F124
:10440000080293ED000B0B92049A04F032FC431C5B
:104410000646DDF83090DBB203937023029309F176
:104420000903122B0CD909F16303C62B40F20D814D
:1044300009F2E73340F2CE72934294BF0327042778
:104440009DF8342002F00C0312F0010240F01881B4
:104450001BF0020F40F011811BF0040400F0F78004
:10446000002B40F0108120231BF4405F22D1039ADF
:10447000002E02F1480208BF01266A44133A03994C
:1044800021B112F8011D302900F032811BF0100F0C
:10449000039A18BF324619F1040FC0F22E81B145BC
:1044A00080F22B814A454BF4005B40F3288109F1EF
:1044B0000106961B1BF40052089200F0228129EAA3
:1044C000E974013403B10134002E00F02181721C23
:1044D0001444A245CCBFAAEB040400241BF0090F2E
:1044E00004D12C44A54240F0188100243BB1184669
:1044F0004146019B013598470028FFF6B5AE1BF4F5
:10450000006F12D041463020019B98470028FFF6EB
:10451000ABAE049B41460235C3F17800019B00F02D
:10452000F80098470028FFF69FAE1BF0080F05D152
:104530002C44AC4240F0FD8025460024089B002B13
:1045400000F0268129EAE97A7642A9EB0A02039B68
:104550000AF1FF3A6F1C0292934289BF0CAB3020E4
:10456000D3185879564500F3ED804146019B984792
:10457000029A002802F10102FFF676AEBAF1FF3F7F
:1045800009D141462E20019B029298470028FFF650
:104590006BAEAF1C029A3D46D9E7742F3FF49DAE37
:1045A0007A2F3FF49AAEFBE61BF0800F18BF4BF456
:1045B000007B4BF0800B90E61BF4807F18BF4BF420
:1045C000007B4BF4807B88E64BF4207B85E6264617
:1045D0005446B346B24680E6FF431BF0400F07F057
:1045E000200308BF062604930B9B073323F0070321
:1045F00003F1080293ED000B029B0B92652B12D185
:10460000711C00224BF4805BC9B2134611290CA81F
:104610004FF0020728BF112100F030FBDDF8309089
:10462000C3B20393FBE6029B662B05D14BF4005B00
:10463000334601221121E9E7F1B200226520012968
:104640001346029038BF0121E0E70227F8E6002B6D
:104650003FF40AAFBAF1030F39DC9DF83430A44EB1
:1046600013F0080FA34B08BF1E46B1464F4619F87A
:10467000010BA0BBAE1B374485E023BB2B23F3E625
:104680001BBB2D23F0E62022BAF1040F12DD1BF034
:10469000080FAAF104040ED12C4441462020019BAE
:1046A0000135029298470028FFF6DEADA542029A36
:1046B000F3D192B1002441461046019B0135984741
:1046C0000028CADAD0E52B22DEE72D22DCE71BF03A
:1046D000080FAAF10304C0D1DEE71446BDE7049B2E
:1046E0004146C01A019BC0B298470028BEDABBE51C
:1046F00003990139C9B20391C1E6561EDAE60026D4
:10470000D8E61BF4006F0CBF032405243C44D9E613
:104710001BF0100F18BF0134DBE609934146019BE3
:1047200020209847002805F10105099BBFF6DAAE65
:104730009AE541463020019B013598470028BFF695
:10474000F8AE91E5D1450AD19DF83530352B1DD80D
:1047500005D19DF8343013F0100F08BF31204146C9
:10476000019B98470028FFF67FAD1BF0100F0AD081
:10477000BAF1FF3F07D1AF1C41462E20019B98475D
:104780000028FFF671AD3D463C4436E23120E6E7B5
:104790009DF83500414631281EBF9DF8343023F086
:1047A00010038DF83430019B98470028FFF65CAD6C
:1047B000002E68DD41462E20019B98470028FFF619
:1047C00053AD4FF0010A039B4146D3469A45B7BF0C
:1047D0000CAB302053445879019B98470028FFF6D2
:1047E00043AD0AF1010A5645EDDA02355D44029BFC
:1047F0004146049A981A019BC0B298470028FFF6D8
:1048000033ADB9F1000F04DB4AD19DF83430DB063B
:1048100046D5C9F100092D204146019B9847002843
:10482000FFF622AD042F3DD14FF47A774146019B2C
:10483000033599FBF7F606F13000C0B2984700281F
:10484000FFF612AD07FB169964274146019B01351F
:1048500099FBF7F606F13000C0B298470028FFF642
:1048600003AD07FB16990A274146019B013599FBC9
:10487000F7F606F13000C0B298470028FFF6F4AC16
:1048800007FB169914E01BF0100F01D10135AEE7BC
:1048900041462E20019B023598470028A7DAE3E421
:1048A0002B20B9E7032F05F10205CDD0012FDAD176
:1048B00009F130006F1C4146C0B25FE7A7F1630306
:1048C000122B00F2FF80DFE813F017005700FD0005
:1048D000FD00FD00FD005700FD00FD00FD00FD0096
:1048E000FD001701F800FD00FD002C00FD00B900DF
:1048F00007BC0100FD9F01000B9B01240CAF1A1D9A
:104900001B680B928DF830301BF0080F2AD007EB94
:1049100004093E464E4527D1EF1B3744AAEB040459
:1049200031E70B9B1A1D0B921F68AA4B002F08BF83
:104930001F461BF0400F384614BF31464FF0FF3181
:1049400004F042F80446DFE741462020019B9847E7
:104950000028FFF689AC013EB442F5D35544B24677
:10496000AD1BD4E75646F7E7414616F8010B019B0D
:1049700098470028CEDA77E41BF0800F0B9B35D0E8
:104980001BF4007F2DD0073323F0070303F1080247
:10499000D3E900010B922BF0100900291FFA89F9C5
:1049A00036DA404249F4806961EB41010DF1300B88
:1049B0000A235A4604F02AF819F0400FA0EB0B0B1B
:1049C00065D029F001025E4592B240F3B280002F1B
:1049D00000F0A98019F010033446914626D0023425
:1049E0005CE01A1D18680B92C117D4E71A1D1BF45E
:1049F000807F19680B9201D10846F5E71BF4007F10
:104A000019BF48B241F3C01108B241F3C031C2E747
:104A100050EA0103CAD11BF0400FC7D0002EC5D108
:104A20002BF0110B34461FFA8BF9B34640F20643C4
:104A300019EA03031CBF013400232FE02BF0100BF5
:104A40000A231FFA8BFB1BF080040B9A57D01BF430
:104A5000007115BF0732101D22F007020B900FBF27
:104A6000106802F108010B91D2E9000150EA01023D
:104A700052D12BF016091BF0400F1FFA89F94FD0C5
:104A8000002E4DD12BF0170B1FFA8BF9B34619F0FE
:104A9000100352D0002F4ED10BF1010419F0080F72
:104AA0005ED119F0010F06D0A2456DDDAAEB04041A
:104AB00004EB0B06544622464DE04BF0100B10233E
:104AC0007827C0E7029B782B04D1C7F1780343F025
:104AD0001003B8E741462520019B98470028FFF6C0
:104AE000C3AB41463846019B98470028FFF6BCAB54
:104AF0000235059BFFF7AABB08230027A3E7111D7A
:104B000010680B911BF48071B0D01BF400711ABFB8
:104B1000C0B2214680B2A9E72BF0060B1FFA8BF931
:104B20000DF1300B45E729F0110934461FFA89F9D8
:104B30007CE79146ABE75C4651E75C4676E7CDE91A
:104B4000022341462020019B98470028FFF68CABAA
:104B5000029A039B01329245F1DC2C1BA5181446E6
:104B6000EBB141463020019B98470028FFF67CAB13
:104B700067B901352F462E44F31B5B4521DC5D46AA
:104B80000CAE4DBB5F44C9E65E4694E70235414634
:104B90003846019B98470028ECDAFFF765BB40F2E6
:104BA000064319EA030FE5D019F0020F05F10105DC
:104BB000414614BF2B20202019F4806F18BF2D20F0
:104BC000E7E741463020019B013798470028D3DAB8
:104BD000FFF74ABB0BBC0100013D4146019B705DE4
:104BE00098470028CDDAFFF73FBB41462020019BC4
:104BF000013598470028FFF637AB631B002BF4DC28
:104C000077E700BFF0B589B005460C46164600218F
:104C10001C2201A81F4604F024F802232046059513
:104C20008DF806300A4B02932CB1B4F1004F28BF27
:104C30004FF00040013805443A46314601A8069538
:104C4000FFF7F6FA14B1059B00221A7009B0F0BD07
:104C5000F58D01001FB502AB074A00934FF0CC332E
:104C600003F0B8FFDDE90201C00840EA4170C9085D
:104C700005B05DF804FB00BFCDCCCCCC2DE9F04FE6
:104C80009DB055EC104BCDE90B122A46290D0D9322
:104C9000C5F31303D20FC5F30A5507908DED050A2E
:104CA0000A9275B922461A431BD1302301260560AA
:104CB00043710A9B43F00203037130461DB0BDE807
:104CC000F08F40F2FF7295424DD1059A00261343B2
:104CD0000A9B079A14BF43F0080343F004031371BF
:104CE000EBE7059A4FEA83089A46B14D02F00102BC
:104CF0000992059A48EA9278970001221646C5F172
:104D0000000B0892584600F017FAB5F1FF3FACBF10
:104D10008146A0F10109ABEB090B09EB05035846ED
:104D2000069300F00FFA18A9A0F17D05584600F08F
:104D300029FA14AB089AA9EB0505019312AB02926C
:104D40005146009318AA2B46059803F086FEB9F148
:104D5000010F04460D4600F2D880099B002B40F05D
:104D6000CB8001276FE0059A43F4801AA5F2354500
:104D700002F001024FEA8A080992059A134348EAB1
:104D800092784FEA82074BD140F2FE7319420CBF72
:104D900001260026002D3246B1DB284600F0C6F978
:104DA0000346032DC8BF013B1846069300F0CAF91D
:104DB000069B7C3018A95D1B0544184600F054FA88
:104DC00014AB18AA0598019312AB514602960093B2
:104DD0002B4603F042FE069B04460D46152B00F2BF
:104DE000888016AB734A3846414600934FF0CC3367
:104DF00003F0F0FE169B179A9B0843EA827303EBBD
:104E00008303BB42DDE9129A0CD13846414600F0DB
:104E1000A1F9069B83428CBF00270127002612E0E0
:104E20000126B7E7099B002B53D1013F48F1FF3121
:104E3000B81B61F1000100F08DF9069B099F8342C8
:104E40008CBF002601260C9B002B40F09280DDF8E1
:104E50002CB04FF000084FF00A0ACDF82080CDF8B2
:104E60001480DDE91201FFF7F5FE149BCDE90E0178
:104E7000184615991093FFF7EDFE0E9B81460F9A89
:104E800098420B461191934180F08D80204629462F
:104E9000FFF7E0FE0AFB09F3109AB8F1000F14BF08
:104EA000002707F001070AFB10480D46934214BF84
:104EB000002606F001060E9B5FFA88F8044612935E
:104EC0000F9BCDE91339119B1593089B0133089370
:104ED000C7E7B81C48F1000100F03CF9069B83428B
:104EE0008CBF00200120B9EB00006AF10002CDE97F
:104EF000120200273E46A6E7129B0127139A013BA8
:104F000042F1FF32CDE9123288E7B9F13E0FF0D815
:104F10004FF0FF33A9F12000C9F1200103FA09F293
:104F200003FA00F023FA01F103FA09F3024327EA36
:104F300003070A4328EA020857EA08070CBF0127BB
:104F400000276BE700FB02FC0133A1FB0012624467
:104F50008C4275EB020CF5D2069A13440D9A134459
:104F60000B9A012BB8BF01239A42A8BF1A46934659
:104F70006FE70A21002201230846E9E70AFB03F054
:104F80000131A2FB0A230344944275EB0300F5D2DE
:104F9000594511DDBBF1000F02D154EA05030BD0D6
:104FA0000123059372E70A2200230121ECE700BFE9
:104FB000CCFBFFFFCDCCCCCC7EB34FF00A0A149BC8
:104FC000159918460F93FFF745FE0F9B0AFB00F259
:104FD00081460E919A4220D1B8F1000F14BF0027EC
:104FE00007F00107DDE91201FFF734FE10900F9181
:104FF00020462946FFF72EFE0F9B0AFB1048109A09
:1050000004460D465FFA88F81292CDE913390E9BDB
:105010001593089B01330893D1E7069B089A134424
:105020009946002F5BD0B8F1050F58D114F0010359
:105030004BD1059A32B9DDE914239D4208BF944251
:1050400060D0059B18194FF00A044FF000024FF092
:10505000010645F100012546A04271EB020754D23A
:10506000EBB1B3451BDA0C9B63B106EB09030D9A58
:105070001A4422EAE2730B9A9A42A8BF1A46964251
:1050800093460CDD053009F1010906F1FF364FF0BA
:105090000A024FF0000341F10001F3F773FC5E4593
:1050A0000FFA89F9079BA8BF5E4636B2B14406F1F4
:1050B000050809F1FF3798444FF00009B1452BDB93
:1050C000079B0A9A1F601A71F7E5059B2BB9DDE96A
:1050D00014239D4208BF944209D00123B2E7059BE7
:1050E00053B9DDE914239D4208BF944204D1099BC2
:1050F000002BF2D1002EF0D0B8F1040F94BF0023A2
:1051000001239FE74FF00408F1E705FB02F70136A2
:10511000A4FB05423A449FE70A220023F3F732FC3E
:10512000303209F1010908F8012DC7E7014B584356
:10513000800C704741340100014B5843000D70470B
:10514000FB2E0B00024B5843C00C0130704700BFD0
:105150004F93120070B50346094A00204FF0CC3639
:105160004FF0333506FB03F402FB0144A3FB02318D
:1051700021449D4275EB010401D30130F2E770BD7B
:10518000CDCCCCCC1A232DE9F04FB0FBF3FA334E43
:1051900003FB1A0389B004460D4606EB0A1653B901
:1051A000D6E90023C1E90023D6E90201C5E90201DD
:1051B00009B0BDE8F08F2A4A02EBC303D3E90089A6
:1051C00004AB404649460093D6E9022303F002FDB2
:1051D00006AB83460F46404649460093D6E9002376
:1051E00003F0F8FC00238146DDE9066216EB0B06AE
:1051F00052EB070828BF012333B1049B059A013302
:1052000042F10002CDE9043220460391FFF79AFFF4
:1052100007461A2000FB0AF0FFF794FF3F1A3246B8
:10522000434648460399009703F0EFFC0D4A4FEAC6
:10523000141C640004F01E0352F82C40DC4004F0FF
:1052400003042418304641F10001DDE90423C5E9D7
:1052500000414146009703F0D8FCA7E718930100EE
:1052600048920100889A01002DE9F04F1A2700F1B9
:105270001905DFF8E8A089B004460E46B5FBF7F53E
:105280006F434FEA051B0AEB05153A1A0AD1D5E917
:105290000023C1E90023D5E90201C6E9020109B0F2
:1052A000BDE8F08F2B4B03EBC203D3E9008904ABBD
:1052B000404649460093D5E9022303F08BFC5AF897
:1052C0000B206B68013ACDE9020106A963F10003E6
:1052D00040460091494603F07DFC8A46029900232E
:1052E0008146DDE906526D18039952EB010828BF8B
:1052F000012333B1049B059A013342F10002CDE949
:1053000004323846FFF71EFF07462046FFF71AFF14
:105310003F1A2A46434648465146009703F075FC1B
:105320000D4A4FEA141C640004F01E0352F82C408E
:10533000DC4004F0030401342418284641F1000144
:10534000DDE90423C6E900414146009703F05DFC16
:10535000A3E700BF48920100DC9A0100E893010036
:1053600070477FB50BAB059303930A9B0293002311
:105370001846CDE90033F4F7EBFC07B05DF804FB09
:105380002DE9F04706460D46174698462BB34FF0D9
:10539000000A98F8004093F80190DB78A40004EB31
:1053A000430498F802301C444444CA4509D33946A2
:1053B0003046AC46D8F8042008F10803BDE8F047B1
:1053C000604714F8013B0AF1010A204648F82340DF
:1053D000F3F752FC01300444E7E76FF01500BDE835
:1053E000F087002070470FB407B504A951F8040BEB
:1053F000019100F0BFFB03B05DF804EB04B070470F
:10540000836800EBC101B3F5004F2CBF51F82200B7
:1054100031F81200704700EBC1018068B0F5004F11
:105420002CBF41F8223021F812307047012208B514
:10543000FFF7E6FFD04008BD836800EBC101B3F57C
:10544000004F08D34B681AB143F001034B6070471B
:1054500023F00103FAE74B881AB143F001034B80B4
:10546000704723F00103FAE753000122FFF7D3BF8F
:105470008368B3F5004F34BF04230823C91A081A00
:10548000C0087047B0F5004F34BF04230823481C00
:105490000833A0EBD300B0FA80F0C0F11F007047D2
:1054A0002DE9F041174603220E460446FFF7A8FFF8
:1054B0008642054607F104080AD10122E368BA4092
:1054C00023EA0203E360002344F82830BDE8F081BA
:1054D000314602222046FFF793FF06462B4601463F
:1054E0000322204644F82850FFF795FF334629460B
:1054F0002046BDE8F0410222FFF78DBF70B50D4692
:1055000086680446FFF792FFB6F5004F014601D3C7
:10551000012809D03046FFF7B5FF2946024620464C
:10552000BDE87040FFF7BCBF70BD2DE9F0470546F0
:105530008068FFF7A7FF05EB800ADAF8109088462D
:105540000646B9F1000F1BD00327DAF810402846B1
:105550002146FFF76BFF404507D3324621462846D8
:10556000FFF79EFF2046BDE8F0870322214628462C
:10557000FFF746FF013FCAF8100001D08145E4D192
:105580004FF0FF34EB680136B4401C40EAD094FA87
:10559000A4F2B2FA82F2131D55F82340DEE72DE99A
:1055A000F04114460E460546FFF740FFA4EB0608FF
:1055B000371B0744424631462846FFF755FF3A4617
:1055C00021462846FFF750FF434600222146284641
:1055D000FFF721FF21462846FFF728FF3B46211809
:1055E00000222846BDE8F041FFF715BF2DE9F04144
:1055F000164604460F46FFF719FF3146054620467A
:10560000FFF714FF05442A4639462046FFF72CFFD2
:1056100031462046FFF70AFF2B463118002220466C
:10562000BDE8F041FFF7F7BE2DE9F0410D46866871
:105630000446FFF7FBFEB6F5004F014601D30128F3
:1056400032D03046FFF71EFF04EB80010E6996B999
:105650000122E36882401343E36002220D612B467E
:1056600029462046FFF7D7FE032229462046BDE8FB
:10567000F041FFF7D0BE022231462046FFF7C0FEC0
:105680000746034629462046FFF7C5FE0322334658
:1056900029462046FFF7BFFE39462B462046FFF736
:1056A000BAFE02223146E1E7BDE8F081F8B50C46CA
:1056B0000546FFF7BBFE2618012231462846FFF7B4
:1056C0009FFEC3070CD431462846FFF717FF21463B
:1056D0002846FFF7ABFE214622182846FFF786FF33
:1056E000002221462846FFF78BFE271A0122394661
:1056F0002846FFF785FE10EA020613D139462846F0
:10570000FFF7FCFE214632462846FFF779FE224687
:10571000211A2846FFF76AFF214632462846FFF73E
:105720006FFE241A21462846BDE8F840FFF77CBFEB
:1057300038B571B1056800222846FFF799FE044686
:1057400001462846FFF778FE2146BDE83840FFF7BE
:10575000ADBF38BD70B5066809B9002070BDB3682B
:10576000B3EBD10FF9D9B3F5004F34BF04230823AD
:10577000CC1D1C44E40821463046FFF7D6FE054602
:105780000028EAD001463046FFF750FEA04209D972
:105790002C44294630462246FFF701FF2146304679
:1057A000FFF742FF304601222946FFF745FEB36866
:1057B000B3F5004F34BF0423082303EBC50318449B
:1057C000CCE72DE9F84306681446B26801F1FF39C9
:1057D000B2F5004F34BF0423082319EA01090F462C
:1057E0000BD0494239408B424F4628BF0B46894671
:1057F00054B900252846BDE8F8839942F8D82146D7
:10580000BDE8F843FFF7A6BFB2EBD40FF1D9B2F56C
:10581000004F34BF04220822E11D3944C91A114443
:105820003046C908FFF781FE80460028E1D0B36802
:1058300009EBC005B3F5004F34BF042308231D4412
:1058400035447B1E1D44B5FBF7F57D43A5EB0905EB
:1058500029463046FFF70CFE2C44073424F0070499
:10586000A41B804507464FEAE40408D2024641469D
:105870003046FFF794FE41463046FFF7D5FE3946E5
:105880003046FFF7D3FD3844844208D239463046CB
:105890002246FFF784FE21463046FFF7C5FE01226F
:1058A00039463046FFF7C8FDA4E7B2F5802F2CBF7C
:1058B000082304232DE9F0410026D21A8C18CD1DAF
:1058C00025F0070524F00704641BE4080560214661
:1058D0002046AC60EE60FFF7D5FD421D920001301E
:1058E00002F107074FEAD7073146A2F1100205F18E
:1058F0001000B8BF324603F0B4F93A4631462846A4
:10590000FFF7B2FD3346324631462846FFF783FDA6
:10591000A4EB0708284631460122FFF78DFD4246D9
:105920003946FFF7A1FD3B46324639462846FFF788
:1059300072FD21462846FFF797FD43463246214631
:105940002846FFF768FD214628460122FFF774FD2F
:105950003946BDE8F041FFF767BE0CB4034607B512
:10596000084605AA40F20511DB680192984703B08A
:105970005DF804EB02B07047038B13F0070305D109
:105980000368002B0CBF002003207047022B05D1B9
:10599000408BB0FA80F0400980007047012B05D1A0
:1059A0000368002B0CBF00200520704700207047C3
:1059B00010B50C4600B111B96FF0150010BD081DEF
:1059C00000F096F80028F9D1A368032BF6D9F3E785
:1059D0002DE9F0410D4607461946281D90461E4602
:1059E00000F09AF8044638B1334642462946384614
:1059F000A446BDE8F0416047BDE8F08110B44FF027
:105A00002004EFF3118284F31288BFF36F8F41619A
:105A10005DF8044B0121F3F78BBF38B50C46054602
:105A200058B151B10B6843B14B6833B11C2200210E
:105A300003F017F900202C6138BD6FF01500FBE76B
:105A400070B505460E46FFF7B3FF041E15DB4FF099
:105A50002003EFF3118283F31288BFF36F8F4FF6A9
:105A6000FF716B8B2C8B8B4204F0070407D182F300
:105A70001188BFF36F8F6FF00A04204670BD022CAF
:105A80000CD101336B8382F31188BFF36F8F002336
:105A9000224631462846FFF79BFFEEE7062C14D836
:105AA000DFE804F004131313041A04000023336026
:105AB0006B683BB9C5E90066ACB902212846F3F72B
:105AC00037FFDAE71E606E60F6E782F31188BFF3F6
:105AD0006F8F6FF00404D0E782F31188BFF36F8FEC
:105AE0006FF08504C9E782F31188BFF36F8FC4E7B5
:105AF000034640B1426802F00302022A06D0032A9C
:105B000004D0012A05D06FF0150070471A68002AEA
:105B1000F9D000209860704710B54268034602F043
:105B20000302022A4FF00004816007D0032A02D04A
:105B30005C60002001E018685C6010BD18685C6063
:105B40000028F6D0FEF7A2F8F3E770470020704770
:105B500000F08EBC0346D3E8EF0F421CC3E8E12FF0
:105B60000029F8D17047002108B50846F3F7EEFF89
:105B7000002008BD1FB50023CDE902011A461946D1
:105B80001846CDE90033F4F7E3F805B05DF804FBFF
:105B900070470020704770B50E46154619460446FA
:105BA000120D18B9BDE87040F4F780B82BB1103071
:105BB000C5F34A23184403F047F8C4E900562046C9
:105BC000BDE87040F4F786B807B5D1E900328DF82A
:105BD0000700012152680DF107009847002003B02B
:105BE0005DF804FB0A2838B504460D4602D10D20A5
:105BF000FFF7EAFF29462046FFF7E6FF002038BD01
:105C0000F8B506460D4614461F46214628463A4634
:105C1000B047241A0544F8D1F8BD10B542680446CF
:105C2000D2E9002381680068FFF7EAFF0022636879
:105C30001A6010BD436800201B685B68996170475B
:105C400043681B681A6852685360704701214368B3
:105C50001B685A6811771868FFF7DFBF70B5436893
:105C60000C461D686B689869F3F7D8FF2146034618
:105C70000F222868BDE8704018477FB50BAB05932D
:105C800003930A9B0122029300231846CDE90033B7
:105C9000F4F75EF807B05DF804FB01460068F4F71E
:105CA00075BA08B5F4F7F6FABDE80840F4F726BB74
:105CB0007FB50BAB059303930A9B0122029300234C
:105CC0001846CDE90033F4F743F807B05DF804FB5C
:105CD000EFF314835A0712D500F1400280EC100A4A
:105CE00082EC108AF1EE102AC0F88020012223F005
:105CF000040380F8842083F31488BFF36F8F704708
:105D000090F884308BB1EFF3148343F0040383F3F2
:105D10001488BFF36F8FD0F88030E1EE103A00F1B5
:105D2000400390EC100A93EC108A70470021012088
:105D3000F4F72CBAD0F8983083F30B88704740E81A
:105D400000F313F4803FD8B208BF6FF0150070471E
:105D50007FB50BAB059303930A9B012202930023AB
:105D60001846CDE90033F3F7F3FF07B05DF804FB05
:105D700030B50C684B6885B00A894D890094013BA9
:105D800024F01F04234402F01F0242EA451223F0CC
:105D90001F0369468DF808200393F5F70DF805B049
:105DA00030BD08B5D1E904319847002008BD08B5D9
:105DB000F5F7DCF9002008BD03681B689B6813B188
:105DC0005B6803B118470020704708B5F5F762FA21
:105DD000F5F7BCFA002008BD10B1006800B14068BA
:105DE000704701234A0901F01F018B4000EB82003C
:105DF000D0E8EF2F1A43C0E8E12F0029F8D170470F
:105E000001234A0901F01F018B40DB4300EB8200B4
:105E1000D0E8EF2F1A40C0E8E12F0029F8D17047F1
:105E2000FDF7D0B84FF0FF324FF0FF331030FFF7DF
:105E3000F7BF30B103680C33D3E8AF0F084100F06F
:105E40000100704710B50346FFF7C6FF28B1C268CE
:105E50001AB1BDE810401846104710BDFDF774B8E0
:105E600010B503680021044693F82020FFF7E1FFF6
:105E700078B90221236883F82010206890F8203038
:105E80008B422BD1062A29D108210C30FFF7B8FF0D
:105E90001CE009212046FFF7CCFF0028E9D00A21A9
:105EA0002046FFF7C6FF2168C0F10603DBB281F888
:105EB0002030206890F8201099420FD10629E1D1B6
:105EC000062A0BD008210C30FFF78BFF2368DB6913
:105ED00023B92046BDE81040FFF7B4BF10BD38B568
:105EE0000546FFF79FFF00212846FFF7A2FFC8B92C
:105EF0002846FFF771FF044630B1846824B10121C0
:105F00002846A047041E07DB286800210C30FFF755
:105F100068FF2846FFF7A4FF05F11000FFF79EFF7A
:105F2000204638BD6FF07704F6E708B50368D869F6
:105F300038B11B689B68986818B18047C31E5842E7
:105F4000584108BD38B50C46054660B159B1084600
:105F5000F2F792FE082809D8421C2146281D02F0BB
:105F600073FE002038BD6FF01500FBE76FF05A009C
:105F7000F8E70C220369C9B201FB0233186C00F088
:105F8000070070474FF02003EFF3118283F312886C
:105F9000BFF36F8F036803F0C00343F00203036095
:105FA00082F31188BFF36F8F704770B5C9B2036970
:105FB0004FF02004EFF3118584F31288BFF36F8F45
:105FC0000C2606FB0134246C14F0C00408D0A24255
:105FD00006D085F31188BFF36F8F4FF0FF3070BD8F
:105FE000012271430B441A6485F31188BFF36F8F4C
:105FF00043680B445B6898470020F0E78022FFF776
:10600000D4BFF8B5069F0469C9B24FF02005EFF37D
:10601000118685F31288BFF36F8F0C2569430C44FA
:10602000256C05F0070CBCF1010F0BD1276486F33A
:106030001188BFF36F8FC4E90E2343685B589847FC
:106040000020F8BD05F0C005AF4286F31188BFF30C
:106050006F8F0CBF6FF077004FF0FF30F1E713B593
:1060600080240094FFF7CDFF02B010BD10B41C24B3
:106070000069CBB203FB040000215DF8044B10471C
:106080000020F9F7ADBC002000F090BD1046FDF7F0
:1060900047B8084608B51146F9F79AFB002818BF1B
:1060A0006FF0040008BD08B500F074FD002818BFAB
:1060B0006FF0040008BD436800205B681B690B603B
:1060C0007047436802EA01005B6821EA02019860B8
:1060D0000020D9607047436800205B689960704772
:1060E000436800205B68D960704743685A6853680A
:1060F00021EA03000B4090600020D360704710B588
:1061000003695868F8B1884219D19C680868A142AF
:10611000586000D19860002008602AB15A680A606F
:106120009A68596002B99960002010E0814206D156
:106130000868206098688142EDD19C60EBE70446D6
:1061400000680028F2D1002AE8D16FF0150010BDD8
:1061500030B543681360057A446804EBC504A34274
:1061600002D36FF0010030BD5C798C4201D008335E
:10617000F0E70020F7E743681B68D3F88004C3F812
:106180008004704710B544682368C3F84415C3F809
:1061900048250022C3F82021D3F82011C3F8582144
:1061A000D3F858216268D20608D5082142681268DF
:1061B000C2F800154FF48002C3F8042301229A604C
:1061C00010BD436802691B68D3F8100150B100206C
:1061D000926912780A70C3F81001D3F810210122D5
:1061E0001A6070474FF0FF307047002A10B5044620
:1061F00010DD43681B68D3F8100150B100202269FC
:10620000C3F81001D3F810010120926912780A70C6
:10621000186010BD0020FCE7436801691A684FF060
:106220002000EFF3118380F31288BFF36F8F0020FB
:10623000C96888734FF48001C2F8041383F311888E
:10624000BFF36F8F704701220369DB689A73704751
:106250000369DB689A7B02F0FF0162B94268126849
:10626000D2F8580140B1D2F8040310F4800003D0F2
:106270000120196170470020704743681B68D3F8FC
:106280001001003818BF01207047102243681B68B6
:10629000C3F804237047102243681B68C3F808231F
:1062A00070474FF4007243681B68C3F804237047BB
:1062B0004FF4007243681B68C3F80823704738B571
:1062C000436804461D68D5F804335B0205D4D5F84D
:1062D000040310F0100006D138BDFFF7B9FF002805
:1062E000F5D00120F8E72046FFF7C7FF003818BFB8
:1062F0000120F1E7012070470369D8680160DB687D
:106300005A60704702680346D2F8580140B95B688A
:106310009B0706D4D2F82001003818BF012070472F
:1063200001207047F8B506690546F3689C8910336B
:106330009442A8BF14460122D3E8EF0F002803D1EE
:10634000C3E8E72F002FF7D10CBF134600231FD15E
:10635000F3682246986802F077FC4FF02003EFF3D1
:10636000118783F31288BFF36F8F6868FFF7CAFF46
:10637000F36838B90446186187F31188BFF36F8F4B
:106380002046F8BD224628469968FFF7FBFEF3E752
:106390001C46F5E710B442681368D3F80413C90526
:1063A00018D5D3F82011A9B14FF02004EFF31181D3
:1063B00084F31288BFF36F8FD3F8204134B10024E7
:1063C000C3F82041D3F820410124DC6081F3118817
:1063D000BFF36F8F5268D2061AD54FF02002EFF349
:1063E000118182F31288BFF36F8FD3F8582112B155
:1063F0000022C3F800250269D2680AB112691AB9ED
:106400004FF48002C3F8082381F31188BFF36F8F24
:106410000269D4686CB1D3F8581169B100212161C7
:10642000D468A47B44B14FF48000C3F80803D36858
:1064300099735DF8044B7047D3F8241121B1002102
:10644000C3F82411D3F82431D2681368002BF0D09C
:1064500051685DF8044B1847002200F150039B007F
:106460009BB203F1804303F5A8331A601B687047A1
:1064700008B5F5F74FFD08BD7FB50BAB059303934A
:106480000A9B029300231846CDE90033F3F760FC22
:1064900007B05DF804FB01F07CBD01F011BEFCF714
:1064A0003FBE4B1C70B5054617D021EAE1744FF48E
:1064B000004640F2E73000214FF47A720023C4FB1B
:1064C0000601F2F75FFA02460B462846FCF74EFE3D
:1064D000002818BF6FF00A0070BD4FF0FF3213465E
:1064E000F3E7FCF731BD4B1C70B5054617D021EA28
:1064F000E1744FF4004640F2E73000214FF47A7225
:106500000023C4FB0601F2F73DFA02460B4628467B
:10651000FCF758FD002818BF6FF00A0070BD4FF05F
:10652000FF321346F3E700207047006800F0C4BF55
:1065300038B5044604B938BDA069256802F0B0F941
:10654000204602F0ADF92C46F4E74B880222438046
:10655000034630B523F8042B01F114040A1D52F848
:10656000045BA24243F8045BF9D10B7D037530BD97
:10657000438802224B800B4630B523F8042B00F1F0
:106580001404021D52F8045BA24243F8045BF9D1E3
:10659000037D0B7530BD034610B51C680B8808469B
:1065A000012B86B00DD14A88ADF80030ADF802203D
:1065B0004B68082269460193204600F08FFE06B022
:1065C00010BD022B04D16946FFF7D2FF1622F3E774
:1065D000204606B0BDE8104000F080BEFCF7F2BCDB
:1065E000FCF7B2BC002307B5CDE90033F6F75AFA41
:1065F00003B05DF804FB2DE9F04F054640688BB011
:106600000C46DDE9146791469A4608B1FFF7E8FFAA
:10661000D5F800B006B1AFB900232146CDE900336B
:106620004A465346584601F053F90446686828B173
:106630004FF0FF324FF0FF33FFF7D0FF20460BB093
:10664000BDE8F08F0DF1100816220021404602F03F
:1066500008FB162203AB2146CDE900830392534683
:106660004A46584601F034F9041EDFDBBDF810300D
:10667000012B0AD1039A082AD8D13380BDF8121011
:10668000059B718073603A60D0E7022BCED1039BEB
:10669000162BCBD141463046FFF757FF18233B60FE
:1066A000C4E7002307B5CDE90033FFF7A4FF03B02B
:1066B0005DF804FB38B505460068FAF7F9FF0446B3
:1066C00010B92846F6F7E2FA204638BD7FB50BAB85
:1066D000059303930A9B029300231846CDE90033E8
:1066E000F3F736FB07B05DF804FB7FB50BAB059302
:1066F00003930A9B029300231846CDE90033F3F776
:1067000027FB07B05DF804FBF6F7F6BCA0F1230306
:10671000DBB2082B9DBF40F20510D84000F001000D
:10672000002070470D2804D0A0F10A0358425841B8
:1067300070470120704710B5016802468B1C03604A
:106740008C782046FFF7EEFF10B90CB103311160D1
:1067500010BD10B50446F2F78FFA01281ED9237830
:10676000A3F16102192A98BF203B412B16D163780F
:10677000A3F16102192A98BF203B542B0ED1A278B5
:1067800002F0F703232B0BD0252A09D01046FFF780
:10679000C9FF10B9B2FA82F0400910BD0020FCE731
:1067A0000120FAE71368F7F739B803688B4286BF10
:1067B000406800EB0110002070470378012B04D0E3
:1067C000023B012B03D84068704708207047002027
:1067D000704710B503780446023B012B02D880684D
:1067E00002F05EF800220023C4E9022310BD38B590
:1067F0000D46044640B11021284602F05CF8606066
:1068000028B10020256038BD6FF01500FBE76FF060
:106810000B00F8E770B5044628B143681BB10025AA
:1068200023689D4200D370BD666806EB05163046AE
:10683000FFF7CFFF10220021304602F012FA013597
:10684000EEE738B5044648B143683BB10025FFF791
:10685000E1FF6068256002F023F8656038BD10B57F
:1068600078B143686BB1FFF7A0FF044648B1FFF76A
:10687000B0FF04230022237000230020C4E9022378
:1068800010BD6FF01500FBE770B516461D4668B1E8
:1068900043685BB1FFF789FF044638B1FFF799FF02
:1068A00001230020C4E90265237070BD6FF015005C
:1068B000FBE7F8B517461D46C0B14368B3B1AAB1AE
:1068C000FFF773FF044688B1681C01F0F0FF06462D
:1068D00078B12A46394602F0B7F92046FFF779FF2A
:1068E0000223002065602370A660F8BD6FF01500DC
:1068F000FBE76FF00B00F8E7F8B517461D46C0B18F
:106900004368B3B1AAB1FFF750FF044688B12846E7
:1069100001F0CDFF064678B12A46394602F094F9D7
:106920002046FFF756FF0323002065602370A66012
:10693000F8BD6FF01500FBE76FF00B00F8E708B546
:10694000B0B14368A3B19AB1FFF72FFF80B10378CC
:10695000012B0DD1D0E9023113F5004041F10001C6
:10696000B0F5803F71F1000102D20020138008BD14
:106970006FF01500FBE708B590B1436883B17AB1B9
:10698000FFF713FF60B10378012B09D1D0E9023181
:10699000B3F5803F71F1000102D20020138008BDE1
:1069A0006FF01500FBE708B590B1436883B17AB189
:1069B000FFF7FBFE60B10378012B09D1D0E902316A
:1069C00013F1004041F1000111B90020136008BD2E
:1069D0006FF01500FBE708B570B1436863B15AB1B9
:1069E000FFF7E3FE40B10378012B05D1D0E90201A6
:1069F000C2E90001002008BD6FF01500FBE770B58B
:106A000016461C46C0B14368B3B1AAB1A4B1FFF7A2
:106A1000CCFE014680B10378022B0DD1FFF7CDFEED
:106A20002368054683420AD302468968304602F04D
:106A30000BF90020256070BD6FF01500FBE76FF0CB
:106A40000B00F8E7024608B570B1406860B1116804
:106A500019B1002108B103780BB9084608BD1046EA
:106A60000131FFF7A2FEF5E76FF01501F5E77FB5FD
:106A70000BAB059303930A9B029300231846CDE9C1
:106A80000033F3F765F907B05DF804FB08B50020A3
:106A9000F7F7B4FB002818BF6FF00D0008BD7FB5F5
:106AA0000BAB059303930A9B029300231846CDE991
:106AB0000033F3F74DF907B05DF804FB30B510254E
:106AC00087B0144601AB02AA0195FFF798FF68B999
:106AD000019B224618336B4403F8100C294602A888
:106AE000F7F742FC002818BF6FF03C0007B030BD3C
:106AF00008B501F04CFA18B1BDE80840FFF7C6BF71
:106B000008BD7FB50BAB059303930A9B012202934B
:106B100000231846CDE90033F3F71AF907B05DF802
:106B200004FB7FB50BAB059303930A9B01220293F1
:106B300000231846CDE90033F3F70AF907B05DF8F2
:106B400004FB00B589B006AB02930823039301ABA5
:106B5000049304230791CDE9053004AA032002A978
:106B6000F8F710FE0228019B09D003280AD060B96B
:106B7000181E18BF0120404209B05DF804FB6FF0F9
:106B80001500F9E76FF08500F6E74FF0FF30F3E707
:106B90000020704700207047004701F0FAB940F02C
:106BA0000040C1F88000C2F880007047F8F79CBE32
:106BB000F7B51646DDE90847019001A81D46F8F72C
:106BC000A3FF019BB6F1000C18BF4FF0010C00EBC6
:106BD00083000B1E18BF0123002D43EA4C0314BF92
:106BE0004FF00C0C4FF0000C002C43EA0C0314BFC8
:106BF0004FF4E06C4FF0000C002F43EA0C0314BF7D
:106C00004FF4403C4FF0000CD0F8002243EA0C0354
:106C100022EA030301B109780EB1367876001943F0
:106C20000DB12D78AD0031430CB1247824022943F5
:106C30000FB13F783F040C433C43C0F8004203B01F
:106C4000F0BD1FB50DF10F03019300238DF80F1058
:106C50001A4619460093FFF7ABFF05B05DF804FB39
:106C600070B501F1080330F813301646DA05044612
:106C70000D4609D5C3F3432300EBC302314650F858
:106C80003330526828469847A3682BB131462846CE
:106C9000E268BDE87040184770BD38B50579044614
:106CA00028460A46F8F78EFFC0B111462846F8F785
:106CB00079FF98B111462846F8F768FF012322684A
:106CC0008340C2F80833226803B202EB8303D3F88F
:106CD000102522F00302C3F8102538BD0021BDE8BD
:106CE00038401046FFF7ADBFF9F764B8FFF7D5BFDE
:106CF000022904D0042906D0012900D170478068F8
:106D000008B1F5F759BC7047F9F7D2BB002210B5AE
:106D10000468944200D110BD00EBC2014B680132FF
:106D200023F0FF0343F003034B60F2E70420F9F77D
:106D300073BB0420F9F778BBF9F73CBB38B50446C0
:106D40000025031D2268AA4201D8002319E04FF054
:106D50000002D3E8CF0F032804D1C3E8CC2FBCF145
:106D6000000FF6D102D008330135EBE701EB8513B4
:106D700018464022002101F074FF034604EBC504CD
:106D8000A060184638BD0830704738B5054620B9B0
:106D9000F9F794FB80B9002038BDF5F705FC0446EF
:106DA0000028F8D0F9F78AFB38B92046F5F704FC3B
:106DB0000120F5F7CFFBEEE72C46C56040F8084F01
:106DC000EAE740EA0141104640F8081DF9F788BBA0
:106DD000F9F780BBF9F778BBF5F7E6BB08B5F5F72F
:106DE000EBFBBDE808400120F5F7B4BB0429F8B57A
:106DF0000546174603D0102910D000240CE00820C7
:106E0000F5F7C4FB04460028F7D0002343600123B4
:106E1000478003802B6843602046F8BD1620F5F7B5
:106E2000B5FB04460028E8D0061D1222002130469A
:106E300001F017FF022323802B46678005F1100223
:106E400053F8041B934246F8041BF9D1E4E71346B8
:106E500009B9116070470A88012A02D0022A07D0B6
:106E600070471A68082A28BF08221A6001F0ECBE91
:106E70001A68162A28BF1622F7E708B5FAF796F817
:106E800040B100F11C03D3E8EF1F0131C3E8E21F5A
:106E9000002AF8D108BD006808B1FAF715B87047A4
:106EA00037B50025036804460093838F6846ADF824
:106EB0000650ADF8043000F0EBFD38B1A36B684626
:106EC000984794F83E300BB1A563E56303B030BD3D
:106ED0004068003818BF0120704700230B608368AA
:106EE00013B9C0E90111704719608160704738B566
:106EF00005460C46F9F7FAFAAA68236894426B60D3
:106F000008BFAB6000232046236000F04DF9BDE8C8
:106F10003840F9F7F1BA406870470069431E58429B
:106F2000584170470069831E5842584170470069B4
:106F3000C31E5842584170474069B0F5817F05D063
:106F400040F21113C31A584258417047012070474C
:106F500090F82000C0F34000704790F82000C0F384
:106F60008000704790F82000C0F3C0007047006CAC
:106F700000F00100704790F8200000F00100704719
:106F80000369012B05D18069A0F180035842584163
:106F900070470020704790F82000C009704783694F
:106FA00033F0800314BF01200020704790F82000C8
:106FB000C0F340107047806B003818BF0120704745
:106FC00090F83400431E58425841704708B590F875
:106FD0002030014613F001020BD1FFF7E0FF28B982
:106FE0000846FFF7CDFF80F00100C2B202F00100B9
:106FF00008BD0022FAE770B504460D461646204645
:10700000FFF7E4FF70B155B1284600F0BCF848B96D
:1070100031460220F5F78EF90028F0D070BD636884
:10702000002BF5D00020F9E74068003818BF012098
:10703000704790F82200003818BF0120704710B543
:107040000446FFF7ACFF94F82010C1F3401340EA68
:107050000302236982F00102012B14BF0123C1F353
:107060008003D2B220461A40FFF766FF48B1C1F351
:1070700000112046FFF784FF0A4080F00100104015
:1070800010BD0121F5E710B50C46F9F78FFF28B1C7
:1070900090F8203064F3861380F8203010BD10B5CE
:1070A0000C46F9F783FF28B190F8213064F3000310
:1070B00080F8213010BDD0E9092353EA020109D03C
:1070C0004FF47A71B3FBF1F001FB02000128B8BF65
:1070D000012070474FF0FF307047D0E90B2353EA8F
:1070E000020109D04FF47A71B3FBF1F001FB020009
:1070F0000128B8BF012070474FF0FF3070470138BA
:1071000002288CBF002001207047013802288CBF64
:107110000020012070470388012B03D0022B06D0EA
:1071200001207047082914BF00200120704716294C
:10713000F9E7032915D011280CD004DC88B1062802
:107140000AD000207047B0F5817F05D040F21113BE
:107150009842F6D1022900E0012914BF0020012045
:10716000704701207047C368012B03D0022B07D062
:10717000012070470888012814BF002001207047B3
:1071800008880228F8E700B10068003818BF01201D
:10719000704700B1006870474389406818447047E1
:1071A00002894089101A704710B504464068FFF7FD
:1071B0000FFEE06808B1F5F7F1F92046BDE8104090
:1071C000F5F7ECB910B50446206800B910BD626847
:1071D00003689042236008BF6360FFF7E5FFF3E7B1
:1071E00000F01ABD10B5044660B1406908B1F5F76A
:1071F000D5F9A06908B1F5F7D1F92046BDE81040EE
:10720000F5F7CCB910BD10B5044600F003FD2368B6
:107210004360A36983602046BDE8104000F0FCBCD9
:107220002DE9FF4180460F461646FFF768FF38B943
:107230006A20F5F749F94FF0FF3004B0BDE8F0815E
:107240003046F9F719FF08B97B20F2E73846FFF717
:107250005CFF08B96B20ECE739463046FFF769FF61
:107260000028F7D0F9F76EFE054608B91720E0E7C9
:107270000020FFF78AFD044620B92846F9F7A8FE4A
:107280006920D6E74FF0FF330C22037443748374F4
:10729000C3740023027243728372C3724046FAF7CA
:1072A00001FD6061384600F05DFC0146A06130469A
:1072B00000F059FC2146E06101AA47F20100029565
:1072C000FAF71CFD044620B12846F9F781FE204656
:1072D000AFE7C5E9038728686E61AEE773B5064678
:1072E0000C461546FFF7C9FD019050B90920F5F786
:1072F000EBF84FF0FF3401A8FFF7CDFD204602B0B8
:1073000070BDFFF74CFE10B1019B9869EFE7019843
:10731000FFF723FE08B17F20E9E70198FFF718FE89
:1073200008B17820E3E70CB90E20E0E72146019888
:10733000FFF719FF08B96A20D9E729462046FFF769
:10734000EAFE08B91620D2E70198FFF710FE0546BD
:1073500020B1019B5D69113D18BF01250020FFF799
:1073600014FD024608B96920C1E700231421066113
:10737000017243728372C3722188012911D00229DC
:1073800017D00199042091F8203043F0020381F8CE
:10739000203047F20201D560FFF713FDCDB1772011
:1073A000A5E76188C3758182042181756368836163
:1073B000E7E76188C37581821021231D817514342C
:1073C00000F1180153F8040BA34241F8040BF9D162
:1073D000D7E70198FFF781FE00900198FFF7B8FD0D
:1073E00020B90198846984B1204680E7694602206B
:1073F000F4F7A0FF10F10B0F05D00028EDD0002806
:10740000B8BF404273E7742071E7FFF795FD00288D
:107410003FF471AFDDE90010FAF7CAFB04466AE7F2
:1074200030B585B005460C46F9F7C0FD38B90920DE
:10743000F5F74AF84FF0FF33184605B030BD0CB9E8
:107440000E20F5E72146FFF78EFE08B96A20EFE728
:107450000020FFF79AFC014608B96920E8E70023FD
:1074600014220561027243728372C3722288012A58
:107470000AD0022A10D047F2050001AAFAF73EFC12
:1074800003460028D8D0D3E76288C37582820422DD
:10749000827563688361EEE76288C3758282102219
:1074A000231D8275143400F1180253F8040BA34213
:1074B00042F8040BF9D1DEE730B585B005460C463D
:1074C000F9F774FD38B90920F4F7FEFF4FF0FF33E8
:1074D000184605B030BDFFF720FD08B95F20F3E77F
:1074E0000020FFF752FC014608B96920ECE70023B1
:1074F000042224EAE474027243728372C372056147
:1075000044616A4447F20800FAF7F8FB0346002892
:10751000DED0D9E7F0B593B007460D461446FFF725
:10752000ACFC029050B90920F4F7CEFF4FF0FF34C5
:1075300002A8FFF7B0FC204613B0F0BD15B11CB98E
:107540000E20F1E7002CFBD1FFF7E7FC08B95F2024
:10755000EAE70298FFF70BFD28B10298FFF769FDF3
:1075600008B90B20E0E70298FFF7A5FD019002980B
:10757000FFF701FD50B10298FFF75BFD0028D2D064
:10758000F9F7E0FC064680B91720CDE70298FFF72F
:1075900050FD0028EFD1022001A9F4F7CBFE00280E
:1075A000E5D00028B8BF4042BEE70020FFF7EDFB62
:1075B000014620B93046F9F70BFD6920B4E70761B1
:1075C000049675B17CB10CAB47F20C0003AA05938D
:1075D000FAF794FB074640B13046F9F7F9FC384614
:1075E000A2E72B46F0E72346EEE73DB134B1BDF804
:1075F0003630042B04D0102B15D02760346897E761
:1076000001232768ADF81830082F28BF0827BDF8D8
:107610003430ADF81A300E9B07933A46284606A937
:1076200001F012FBE9E70223ADF81830BDF8343061
:1076300007AFADF81A3012ABADF82C0013E90F000C
:1076400087E80F002768162F28BF1627E5E72DE9E2
:10765000F04F87B0894616461D46109F009003F0F4
:10766000400803F4007AF9F7A1FC044638B9092070
:10767000F4F72AFF4FF0FF3007B0BDE8F08F35F484
:10768000107305D1B8F1000F11D0BAF1000F01D07D
:107690005F20EDE7FFF721FD02902046FFF767FC32
:1076A000A8B9B8F1000818BF4FF0010805E0FFF7CE
:1076B00014FD0290BAF1000FEFD02046FFF780FCD6
:1076C00040B12046FFF76BFC68B1A069D0E74FF0EE
:1076D0000108F2E72046FFF762FC0028F5D12046BA
:1076E000FFF74EFCF0E72046D7B1FFF716FC00BBD2
:1076F00039462046FFF737FD08B96A20B8E7384613
:107700001199FFF708FD08B91620B1E72046FFF7E9
:1077100009FC70B12046FFF70FFC50B17F20A7E7AE
:10772000FFF700FC28B12046FFF717FC08B97920C5
:107730009EE72046FFF7F1FB40B12046FFF7FCFB38
:1077400020B1B6F5006F28BF4FF40066FFF742FB8B
:10775000B04206D22046FFF7E0FBC8B1FFF73AFB84
:10776000064600252046FFF721FC18B12046FFF70A
:107770002DFC78B93046FFF708FB8346C8B90120D5
:1077800002A9F4F7D7FD80B9B8F1000FF2D004E0F8
:107790007A206DE7B8F1000F01D00B2068E70220D6
:1077A00002A9F4F7C7FD0028DCD00028B8BF40428A
:1077B0005EE7009B0361B9F1000F04D032464946F1
:1077C000006801F041FA94F8340000283CD0FAF740
:1077D00089FA0021024684F83410BAF1000F0ED065
:1077E000029D42F040026B1C30D04FF47A7195FB41
:1077F000F1F5ADB2B5F5167F28BF4FF41675002F21
:1078000047D020460192FFF788FB019A002840D11B
:107810001A218BF809008BF808108BF80A008BF8F6
:107820000B00CBF81420ABF82C503A88012A10D06A
:10783000022A1AD047F20700594603AAFAF75EFA5D
:107840000346B8BB049817E70246C6E74FF416751F
:10785000D5E77A888BF81B00ABF8182004228BF848
:107860001A207A68CBF81C20E4E77A880BF11C0117
:10787000ABF8182010228BF81B008BF81A2007F1A8
:1078800014003A1D52F804CB824241F804CBF9D1DE
:10789000D0E7002106208BF809108BF808008BF840
:1078A0000A1047F206008BF80B10CBF81420ABF847
:1078B0001850C1E70C2806DC0A2807DDB8F1000FD4
:1078C0003FF450AF69E78C283FF4D2AE1846CFE6BC
:1078D0002DE9F74F8946DDE90C7A15461E4603F47B
:1078E0008078FFF7CAFA019058B90920F4F7ECFD47
:1078F0004FF0FF3701A8FFF7CEFA384603B0BDE8D6
:10790000F08F36F4A17301D05F20EFE727B1BAF111
:10791000000F04D10E20E9E7BAF1000FFAD1FFF70A
:10792000FCFA28B10198FFF718FB08B98020DDE7C1
:107930000198B8F1000F16D1FFF719FB08B97306CB
:1079400011D50198FFF7C4FA68B90198FFF727FB32
:1079500048B90198FFF714FB28B90198FFF70BFB12
:1079600008B90B20C2E70198FFF7A5FB6A46009013
:1079700000210198FFF73FFB18B10028B8BF404233
:10798000B4E70198FFF7A4FA88B90198FFF7F8FA6D
:10799000002876D10198FFF7EEFA0028A5D10198CA
:1079A000FFF7FDFA0028A3D0019B98699EE7019894
:1079B000FFF7B1FA044627B1C16852463846FFF7CF
:1079C00046FA002706F0020A2046FFF7E9FBA84224
:1079D0001DD82046FFF7E4FB0646002E8AD020463D
:1079E000FFF7DAFB09EB070B01463246584601F078
:1079F0002BF901983744FFF795FA50B1BAF1000F0F
:107A00007FF478AF21460198FFF771FA72E72E46AE
:107A1000E3E70198FFF78BFA0028EFD1BAF1000FE6
:107A200014D0B5423FF466AFB8F1000F04D06A46F7
:107A300021460198FFF7DFFA2046AD1BFFF7A9FBAF
:107A400004460028C0D1002F9FD053E76389204609
:107A500033446381FFF7A4FB18B921460198FFF76F
:107A600046FAB5423FF446AFAD1BB8F1000F04D063
:107A70006A4600210198FFF7BEFA0198FFF74BFA1A
:107A8000DEE7002736E708B5F9F7BAFA002008BDA7
:107A900038B504460068F9F789FA054628B9012087
:107AA000E38843F02003E38038BDFFF764FA002841
:107AB000F5D12846FFF773FAF8B1E38843F00803DD
:107AC000E380A388DA0707D52846FFF7ADFAE8B1C7
:107AD000E38843F00103E380A3885B0707D52846CA
:107AE000FFF7ADFA18B1E38843F00403E380B4F97B
:107AF0000600003818BF0120D6E72846FFF740FAF5
:107B00000028DED0E38843F01003D9E72846FFF7CA
:107B100090FA0028DCD12846FFF732FA0028D7D1A6
:107B2000DAE738B50D461446F9F740FA28B90920C6
:107B3000F4F7CAFC4FF0FF3006E0032D03D0042D0C
:107B400003D01620F4E7006C38BD012CF9D804648A
:107B50000020F9E7431F002B03D8DFE803F0010002
:107B6000032070477047292815D005DC062814D05B
:107B7000112814D048B17047B0F5817F0DD040F284
:107B8000111398420BD0FF280CD1012909D00229EA
:107B900008BF02207047062070470120704702206E
:107BA000704708467047292811D00ADC012810D0F8
:107BB000062810D0002808BF042018BF4FF0FF305F
:107BC0007047B0F58D7F08D0B0F5007FF5E706204F
:107BD000704708207047012070474FF4807070474D
:107BE00008B5031F092B0FD8DFE803F00811050EB5
:107BF0000E0E0E0E0E056FF0010008BD7320F4F797
:107C000063FC6FF00A00F8E7FAF760F8F7E76FF047
:107C10006300F2E7C06870474269C3681A60704742
:107C200008B5034624301AB95A624260002008BDE4
:107C3000082A28BF082201F007F8F7E708B503462D
:107C40002C301AB9DA624260002008BD082A28BF29
:107C5000082200F0F9FFF7E738B504460D4639B1C0
:107C6000082A0BD01620F4F72FFC4FF0FF3038BD58
:107C7000002AF7D18263C2630020F8E7F8F736FCE8
:107C800095E8030004F1380383E803002046FFF77A
:107C900007F9F8F731FCEFE773B5044608680D46BD
:107CA0001646FAF71FF8002801DB042E06D016202E
:107CB000F4F70AFC4FF0FF3002B070BD2B6820468D
:107CC00084F83430FFF77CF900230028F4D0CDE9A4
:107CD00000331A4619462068FFF7B9FCECE708B5EF
:107CE00009B1042A05D01620F4F7EEFB4FF0FF305F
:107CF00006E00B782BB1012BF5D180F8483000203D
:107D000008BD0223F9E710B5541E1B2C02D812F04F
:107D1000030405D01620F4F7D7FB4FF0FF3010BD59
:107D2000930880F84B304C3000F08EFF2046F6E789
:107D300008B509B1042A05D01620F4F7C5FB4FF0A9
:107D4000FF3008BD0B78003B18BF012380F8493095
:107D50000020F6E708B509B1042A05D01620F4F78B
:107D6000B3FB4FF0FF3008BD0B6880F84A300020AD
:107D7000F9E770B5054614460E4631B992B11620A2
:107D8000F4F7A2FB4FF0FF3070BD002AF7D0406C33
:107D900008B1F4F703FC601CF4F7F8FB686438B929
:107DA0006920EDE7406C08B1F4F7F8FB0020EBE741
:107DB0002246314600F048FF00226B6C1A55F5E769
:107DC00010B5134612680446042A28BF0422084648
:107DD0001A6004F1180100F037FF0020A06110BD07
:107DE00010B5134612680446082A28BF0822084620
:107DF0001A6004F1240100F027FF002010BD10B527
:107E0000134612680446082A28BF082208461A604A
:107E100004F12C0100F018FF002010BD13B504463A
:107E2000134694F84820084601921A6801A9042ACA
:107E300028BF04221A6000F007FF002002B010BD26
:107E400013B50446134694F84920084601921A686F
:107E500001A9042A28BF04221A6000F0F5FE0020C0
:107E600002B010BD13B50446134694F84A200846E4
:107E700001921A6801A9042A28BF04221A6000F09E
:107E8000E3FE002002B010BD10B5044608461146BE
:107E900094F84B309A000B689A4228BF1A460A6041
:107EA00004F14C0100F0D0FE002010BDF8B5456C87
:107EB0000E461446176875B12846F0F7DDFE01300E
:107EC000B842024628BF3A4629463046226000F0B2
:107ED000BBFE0020F8BD3A462946304600F0C1FE00
:107EE0002560F6E738B50546FEF74FFF044690B12A
:107EF00042680021006800F0B4FE00232372637220
:107F0000A372E37243232373542363737623A3730F
:107F100049236560E373204638BD70B504460E46BC
:107F200000F025F80546206808B1FEF751FF48F239
:107F300002039E4218D048F209039E4214D048F230
:107F400001039E420BD16B684BB104F1140204F1A2
:107F5000380152F8040B8A4243F8040BF9D1204649
:107F6000BDE8704000F005B863696B60F7E7C06872
:107F700070470269C3681A6070470020704700208C
:107F80007047002070470020704700207047FAF7C4
:107F90001DBC08B1F3F740B97047704740B1C368E2
:107FA000587810F001001EBF1878B0FA80F0400930
:107FB00070477FB50BAB059303930A9B0122029395
:107FC00000231846CDE90033F1F7C2FE07B05DF893
:107FD00004FB00F046BE00F037BE10B400F10C0404
:107FE000C0E903445DF8044BFDF75FBC2DE9F04F99
:107FF000054687B0DDE9106791463B46324604A846
:10800000884605F1140A00F0A2FADDE90434CDE94E
:1080100002344FF02003EFF3118483F31288BFF38F
:108020006F8F05F10C0B4A4641462846FDF7C9FB08
:1080300030B184F31188BFF36F8F07B0BDE8F08FC4
:108040003E43F6D0DDE9022304A800F0A4FADDE9FE
:1080500004675A4621465046CDE90067FBF7E0FA2F
:108060004FF02003EFF3118483F31288BFF36F8F77
:10807000D9E707B5CDE900230A460421FFF7B6FF8B
:1080800003B05DF804FB38B504464FF02003EFF36E
:10809000118583F31288BFF36F8FFDF749FB04F15D
:1080A0000C0000F0DFF930B1294604F11400BDE8FE
:1080B0003840FBF719BB85F31188BFF36F8F38BDCC
:1080C000EFF30580003818BF012070477830704703
:1080D000FBF71CBB08B54FF02002EFF3118382F3CE
:1080E0001288BFF36F8FF2F7F7FDF4E790F90E30C7
:1080F0008B4201D0FBF7B2BA002070470346002044
:10810000C3E90033C3E9020070472DE9F8439946FB
:1081100004460D4690469DF8203000F108064FF0C9
:108120002002EFF3118782F31288BFF36F8F03B140
:108130004568304600F04CF960B10023C0F8148067
:10814000C0F8B03000F0F3F830463946FBF7CCFA0F
:1081500000200CE0B9F1000F1BD00821FBF7CCFD8B
:1081600038B987F31188BFF36F8F6FF00B00BDE84C
:10817000F8830122C0F804800260016801F0030165
:108180005DB922680A430260626820606AB9606073
:108190000BE04046C8F80090EFE72A68032A10D8A1
:1081A0000160616839B9C4E90000042104F11000DC
:1081B00000F03EFBC8E70A6802F0030202430A60CF
:1081C000E5E722F003020A4302602A6802F0030294
:1081D00040EA02032B60E8E710B5044630B10268BC
:1081E000930703D0446809B100F05AFB204610BD44
:1081F000012307B5009300230A461946FFF785FFC0
:1082000003B05DF804FB5AB18A4209D300F11003B0
:10821000C0E90212C0E90000C0E904330020704741
:108220006FF015007047012302688B4022EA0303B8
:10823000036022FA01F000F00100704728B100222B
:1082400000F58070114600F03EB9704738B504461D
:108250000D461022002100F004FD656038BD13B505
:10826000019008464FF02003EFF3118483F3128846
:10827000BFF36F8F01A9FAF7A1FF84F31188BFF351
:108280006F8F02B010BD10B5FFF7E9FF041E09DDC6
:108290004FF02003EFF3118083F31288BFF36F8F49
:1082A00000F0CAF8204610BDD0E9003213605A60D1
:1082B0000023C0E90033704708B5FFF7F5FF437BA3
:1082C00023F0020343730023836008BD90F90E304E
:1082D00091F90E00834214BFC01A0020704738B5D0
:1082E00004460D46FBF7E4F8637B43F00203637337
:1082F000E5B1A5602B689D4209D16B68C4E90053C4
:108300001C606C6012E06A689342F6D01B68002B18
:10831000F3D094F90E2093F90E108A42F3D09142D3
:10832000F1DD5A68C4E9003214605C6038BD10B5F4
:108330004FF02003EFF3118483F31288BFF36F8FA4
:10834000FBF782F884F31188BFF36F8F10BD10B56F
:108350000446183000F0DFF84FF02003EFF31181EE
:1083600083F31288BFF36F8F627B12F0100204D088
:1083700081F31188BFF36F8F10BD2046BDE8104018
:10838000FBF7C6B838B504464FF02003EFF311856C
:1083900083F31288BFF36F8F437B13F0280F0BD149
:1083A00083680BB1FFF788FF637B51B903F0FB03D0
:1083B00020466373FBF748F885F31188BFF36F8F8E
:1083C00038BD03F0EB03F3E701211838FFF7DABFFC
:1083D00038B54FF02003EFF3118583F31288BFF314
:1083E0006F8F0468A0420DD034B12046FFF764FFC0
:1083F00004F1180000F08FF885F31188BFF36F8F38
:10840000204638BD0024F7E7014610B54FF02003A1
:10841000EFF3118483F31288BFF36F8F83680BB17E
:10842000FFF74AFF84F31188BFF36F8FBDE8104058
:1084300001F1180000F06FB8034620B9EFF3058290
:108440000AB9F2F7E3BA83F31188BFF36F8F70476D
:108450004FF02003EFF3118083F31288BFF36F8F87
:10846000FFF7EABF38B5054600202C68A54200D0CA
:1084700004B938BD2046FFF7C7FF2046FFF757FF76
:108480000120F2E74FF02002EFF3118182F312880E
:10849000BFF36F8F027BD2070AD581F31188BFF338
:1084A0006F8F404080F311884FF0040002DF704767
:1084B000437B1B0704D581F31188BFF36F8F70478F
:1084C0000122FBF725B838B54FF02003EFF31185F3
:1084D00083F31288BFF36F8F0468A04213D0A4B156
:1084E000C4F8B01062612046FFF7E6FE04F1180000
:1084F00000F011F82046FAF7A7FF012085F3118854
:10850000BFF36F8F38BD0020F8E72046F6E7C0E9DB
:1085100000000020704710B54FF02002EFF31184E7
:1085200082F31288BFF36F8F03683BB1FBF73CFA0D
:10853000002084F31188BFF36F8F10BD6FF015001A
:10854000F7E708B5FBF72CFB08BDFBF729BBB3F138
:10855000FF3F08BFB2F1FF3F70B504461D46164607
:1085600013D01A4315D06FF001024FF0FF33921B66
:1085700063EB0501002904DAFBF712FB821941EBDA
:108580000501C4E90021204670BD4FF0FF321146BD
:10859000F7E70022FBE7B3F1FF3F08BFB2F1FF3F6F
:1085A000F8B5074616461C4610D054EA020311D00F
:1085B000FBF7F6FAB0420A46A14103460AD2F31A83
:1085C00064EB0204C7E900343846F8BD4FF0FF33CE
:1085D0001C46F7E70023FBE71423F0B500244FF413
:1085E0008B7603FB010001B9F0BD10F8073CA0F148
:1085F000140703F03F03082B40F80C4C0CD826FA64
:1086000003F3DB0708D550F8143C2BB150F8105C8D
:108610002B605D6040E9054482F31188BFF36F8FE2
:108620004FF02003EFF3118283F31288BFF36F8FB3
:1086300038460139D7E7F8B50D46D0E9001388422E
:10864000044605D16368C5E900431D6065601DE00F
:10865000002BF7D0986800B16038A2F16007394666
:10866000FFF734FE0028EDDC2668B442EAD0002E85
:10867000E8D0B16801B160393846FFF727FE00281D
:1086800005DD7368C5E900631D607560F8BD63684A
:108690009E42D7D03668EAE72DE9F84F00258B4691
:1086A00014461F4682462E46A8465D4502DB3046EC
:1086B000BDE8F88F4FF02003EFF3118983F31288A0
:1086C000BFF36F8F9AF80D3003F03F03013B072B88
:1086D0000FD8DFE803F01E040E0A0E0E0E25DAF89E
:1086E00010309B682BB1022320E0DAF810301B68B1
:1086F0008BBB47BB237833B39AF80D3003F03F03AD
:10870000013B072B30D8DFE803F033282F282F2F29
:108710002F38DAF810309B68002BEAD0012305E0EF
:10872000DAF810301B6A002BE3D01023DAF80C20A3
:10873000CAF80880C2F386310B4363F39432CAF857
:108740000C2084F8008089F31188BFF36F8F013506
:108750000AF1140AA9E70423E8E722465146DAF8A9
:1087600010001030FFF767FFCAF808400136EAE74B
:1087700022465146DAF81000F4E7DAF810002246F3
:1087800051462430EEE72DE9F041846805460E4657
:10879000ECB16378012B25D114F8533C9A0714D51A
:1087A000A4F160073846FFF72FFE082E0CBF6FF0CC
:1087B00003030023236514F8533CDB0605D154F86A
:1087C000483C13B93846FFF7B2FD00232370002060
:1087D000EB68A860C3F38632164366F39433EB600C
:1087E000BDE8F081022BF0D12378002BEDD054F8B6
:1087F000048CB8F1000FE8D004F11400FFF78BFEF1
:108800000023A4F1140739464046E362FFF727FD31
:10881000DBE710B500245205090201F47C5102F493
:1088200000120A43017B84600A43C0E9032310BDA0
:10883000034610B54FF02002EFF3118482F3128843
:10884000BFF36F8F0068834208D0D0E90032136015
:108850005A600023C0E90033FFF795FF84F31188C5
:10886000BFF36F8F10BD0023C0E900008360704725
:1088700083680B60C368136070470432D3B5044645
:1088800008D20026002741F00401CDE90067FFF778
:10889000ADFB10B9002002B0D0BD40F8044BFAE7A0
:1088A00020B1011F50F8040CFFF7EDBB70470146E3
:1088B0000420FBF713BA70B5A0FB015424B9284675
:1088C000FFF7F5FF064610B90026304670BD2A4670
:1088D000214600F0C6F9F8E770B505460846164689
:1088E0000C46F0F7C9F9421CB24201D9F2F76EFC0E
:1088F000AC4204D8A3189D42F8D3AC4202D1AB18C5
:108900009C42F3D321462846BDE8704000F09CB954
:108910000139024410B5904201D1002005E00378EE
:1089200011F8014FA34201D0181B10BD0130F2E72E
:10893000C9B20346184613F8012B12B18A42F9D185
:108940007047002918BF0020704730B50A4405461B
:10895000914201D100200FE015F8013B11F8014BC5
:10896000A3F141001928A4F1410098BF2033192830
:1089700003D82034181BEBD030BD181BFCD1002CC1
:10898000E6D1F9E710B56AB10139841810F8012B66
:1089900011F8013F9A4203D1A04201D0002AF5D13B
:1089A000D01A10BD1046FCE710B50139044632B1AB
:1089B00011F8013F013A00F8013B002BF7D10021EB
:1089C00000F04FF9204610BD0246014410B58A421E
:1089D000134603D01C780132002CF8D1181A10BDB0
:1089E0000A7870B56AB970BD9A4209D10C4605463D
:1089F00014F8013F002BF6D015F8016F9E42F7D016
:108A000001300378002BEFD11846ECE72DE9F04751
:108A1000C3F137090746884603F01F055FFA89F955
:108A200016464FF0000A384641462A465346EFF7AD
:108A3000A9FF4346D4B23A4688460746092C84BF6C
:108A40004C44E4B2AA4204F1300473EB0A0306F882
:108A5000014BE8D23046BDE8F0872DE9F04F06180B
:108A600089B09946154641EB010404AB3046DDF868
:108A70004CB021460093A9F1410AD2E9002300F04D
:108A8000A9F806AB07468846304621460093D5E94B
:108A9000022300F09FF80022DDE90463841951EB02
:108AA0000306069B28BF0122D5E90001D218079BC7
:108AB00043F10003381848EB0101B84271EB08019B
:108AC000E968039138BF0120A96828BF0020CDF8CC
:108AD00000A014EB010C039946EB010110EB0C0014
:108AE00041F10001A04271EB060C34BF4FF0010CC4
:108AF0004FF0000CCDE906231CEB020243F100030A
:108B000000F083F8129BC3E90001149B012BDDE9FF
:108B1000062329D1D5E90201D5E900C5201ACDF8EF
:108B200000A066EB0101674578EB050534BF012520
:108B30000025401B61F10001844276EB010534BF42
:108B400001250025521B63F1000300F05EF8DDE90A
:108B50000623CBE9000120463146CDF800A000F005
:108B600054F809B0BDE8F08F17EB070E48EB080C7E
:108B7000201946EB0601BE457CEB080834BF0127EF
:108B80000027C71941F10008D5E9000186457CEBB3
:108B9000010C34BF01200020D5E90215381A68F114
:108BA000000C401A6CEB050192185B41A74278EB70
:108BB000060534BF01250025521943F10003874201
:108BC00078EB010834BF01250025521BA9F14005AF
:108BD0000095B8E7F0B50F460446A0FB0201059EDC
:108BE000A7FB02524919A3FB0445A7FB037342F1FB
:108BF0000002611845F10004D21943F10003121973
:108C000043F10003C6E90023F0BDF0B5059CC4F1B3
:108C10004007C4F12006A4F12005E04002FA06F660
:108C2000BB4022FA05F5BA403343C4F120062B437A
:108C300001FA06F6A4F12005304321FA05F5E140DA
:108C4000284319431043F0BD0A44431E914200D10A
:108C5000704710B511F8014B914203F8014FF9D15B
:108C600010BD02440346934200D1704703F8011B34
:108C7000F9E72DE9F04F55EC104BA446C5F30A5423
:108C80000346084644EA0C072946C5F31305302677
:108C9000E14657EA0508AE465E7174D10024A14250
:108CA0001C716EDA0121A04219714FF000041ADA2A
:108CB000204603F112060D25C2F157024FF0300C89
:108CC00007F00F013F0947EA0E774FEA2E1E0029F1
:108CD00040F08780A84201DB86F800C0013D06F124
:108CE000FF36EDD176E00C2868DCC0F10D010126DD
:108CF000890001F1FF3EA1F12108C1F1210706FA27
:108D000008F826FA07F706FA0EF648EA070816EBFF
:108D1000060A48EB080BDAF100076BEB4B0E1AF171
:108D2000FF3A4BF1FF3B0AEA0C0A0BEA050B5645EA
:108D300078EB0B0B11DBC1F1200BB1F1200A2CFAFF
:108D400001F105FA0BFB58BF45FA0AFA41EA0B019B
:108D500058BF41EA0A01C90724D51CEB060C45EBB4
:108D60000805E146B5F5801F1CDB5979B4F5806F25
:108D700001F10101597127D007EA0C070EEA050E2F
:108D800097E7002891E75CB13126C90F0028A4F2CB
:108D9000FF345E7119710FDB0C28A6DD0D2005E094
:108DA0000124F2E707EA09090EEA0505B4F5806F28
:108DB00006D04F46AE467CE70020F7E70D2078E767
:108DC00059EA05051A7908D01A794FF4806442F0FF
:108DD00008021A711C60BDE8F08F42F004021A719B
:108DE000F8E70929D4BF30318918A8423170B8BFDB
:108DF000284673E7D1E9043293421EBF5A1C0A6128
:108E0000187070470148006870470000C0CF00200C
:088E1000A8FBFE7F0100000039
:108E180009B200000000000061F30000000000003B
:108E2800E9B30000C48E0100A92B01000000000076
:108E3800ADB60000D88E0100A7600100EC8E0100DD
:108E480041BB0000008F01005DB60000000000007B
:108E58007DC0000000000000675B0100000000000A
:108E680015C300000000000081C70000B08E01009B
:108E7800E5B1000000000000916B01000000000057
:108E8800353D010000000000CB5D0100000000003E
:108E9800B1CF000000000000F5D200000000000083
:088EA80031C6000000000000CB
:108EB00003A6010000000000FCC50020A4C700209C
:108EC000B4D1002053A5010088950100A0950100B0
:108ED0009CC7002008D0002080A50100C495010097
:108EE000DC950100A0C700205CD0002078A501001F
:108EF00000000000BC9501009EC70020000000009B
:108F0000B3A501000096010034960100A2C700201D
:048F1000C8C50020B0
:108F1400000000002D5D0100000000002D5D010037
:108F2400000000002D5D0100000000002D5D010027
:108F3400000000002D5D010099FA0000996B01000A
:108F4400000000002D5D0100000000002D5D010007
:108F5400008F010095630100000000002D5D0100F9
:108F6400000000002D5D0100000000002D5D0100E7
:108F7400000000002D5D0100000000002D5D0100D7
:108F8400000000002D5D0100000000002D5D0100C7
:108F9400000000002D5D0100000000002D5D0100B7
:108FA400000000002D5D0100000000002D5D0100A7
:108FB400000000002D5D0100000000000DC1000054
:108FC400000000002D5D0100000000002D5D010087
:108FD400000000002D5D0100000000002D5D010077
:108FE400000000002D5D0100000000002D5D010067
:108FF400000000002D5D0100000000002D5D010057
:10900400000000002D5D0100000000002D5D010046
:10901400000000002D5D0100000000002D5D010036
:10902400000000002D5D0100000000002D5D010026
:10903400000000002D5D0100000000002D5D010016
:10904400000000002D5D0100000000002D5D010006
:10905400000000002D5D0100000000002D5D0100F6
:1090640039040100996B0100000000002D5D01002E
:10907400000000002D5D0100000000002D5D0100D6
:10908400000000002D5D0100000000002D5D0100C6
:10909400000000002D5D010039030100996B0100FF
:1090A400000000002D5D0100000000002D5D0100A6
:1090B400000000002D5D0100000000002D5D010096
:1090C400000000002D5D0100000000002D5D010086
:1090D400000000002D5D0100000000002D5D010076
:1090E400000000002D5D0100000000002D5D010066
:1090F400000000002D5D0100000000002D5D010056
:10910400000000002D5D0100000000002D5D010045
:08911400000000002D5D0100C8
:10911C000000000001000000D9C80000CDCE000006
:10912C00B2A701000300000092A60100030000009A
:10913C007E9F0100030000006AA5010003000000EF
:10914C00C4B8010003000000729F0100030000007E
:10915C008F9F010003000000939F0100030000009B
:10916C0016A0010003000000E6AD010003000000A2
:10917C000EB90100030000006CA401000300000004
:10918C002FA501000300000037A50100030000001B
:10919C00F9A5010003000000CDBB01000300000095
:1091AC002BA5010003000000BDA501000300000079
:1091BC0028950100B0C5002005A0010001000000A9
:1091CC00040000000F000000010000000800000077
:1091DC002800000064000000740000000D00000076
:1091EC000C0000000E000000500000007800000091
:1091FC00AC00000008000000FFFFFFFF490000006A
:04920C00FFFFFFFF62
:10921000890E0100211B0100B5250100837F01009B
:109220008B7F01007B7F0100877A0100F925010017
:10923000877F01007F7F0100000000000000000028
:109240000338FDD870470000010000000000000056
:1092500005000000000000001900000000000000F0
:109260007D0000000000000071020000000000000E
:10927000350C000000000000093D00000000000067
:109280002D31010000000000E1F5050000000000A4
:1092900065CD1D0000000000F902950000000000EF
:1092A000DD0EE90200000000514A8D0E00000000B2
:1092B0009573C24800000000E941CC6B010000003A
:1092C0008D49FD1A07000000C16FF28623000000DF
:1092D000C52EBCA2B1000000D9E9AC2D7803000076
:1092E0003D9160E45811000031D6E275BC56000093
:1092F000F52E6E4DAEB10100C9EA268367780800ED
:10930000ED95C28F055A2A00A1EDCCCE1BC2D30029
:1093100025A4000A8BCA22040000000000000000FF
:10932000000000000000001000000000000000002D
:10933000B9340332B7F4AD1410DB1AB30892540EEB
:109340000D307D951447BA1A66088F4D26ADC66D4F
:10935000F598BF85E2B74511CA96853D92BD1DEBD4
:10936000FCA11860DCEF52163C92AE220BB8C1B4DF
:10937000839D2D5B0562DA1C304C7E8F4E8BB25B79
:1093800016F4529F8B56A512FBD4827643ED8AF0D9
:109390008FE7F9311565191850F19BD94A13EEB4CE
:1093A000284CF0A686C1251F035FC270CB9E4916CC
:1093B000E642889C44EB2014B0650836AD6EA58566
:1093C00085F0CA14E2FD031A0B899979D5B13D09DC
:1093D000D8DA973A35EBCF10AC363F5E73BB38CF57
:1093E0003E6752FA44AFBA150100000000000000C9
:1093F0000000000000000020345065C05FC9A65284
:10940000BB13CBAEC440C21806C8DF7100D5A87C20
:10941000F56F0FDA58FC27136E4756357D2420650B
:1094200002C7E768E48CA41DE9E60268D7CD39617C
:109430007977FCC2405BEF16798CDE43FFA751F9C8
:1094400091F3B278F5BDBE11E857E9D6E8BEE87BE6
:10945000B054AC8F848D751BEA23A499E9F9D38BA2
:10946000B7A3714061DA3E15CEE33ECB73F94808ED
:109470008C97B427D51B7010A2BFEFB9EB853215BE
:109480004DB44DB49BBB6F1996B6076CF8E7EEADC3
:1094900036D9B4F59135AE13222218AF4E6A684D15
:1094A00091DAAA3D4F40741E9FBD9EE006A1C09870
:1094B00057C2A7FDA40E90170E7D497173E3208F4C
:1094C000B220D87605143B12853D7434811343B025
:1094D000AD297A5F27F4351CC1A000000000000010
:1094E000000000000000000000000000E59F0100F7
:1094F000ED9F0100000000000000000000000000DF
:10950000F59F0100F99F0100FD9F010001A00100EE
:109510001895010094CF00205DA10000B4CF002079
:109520006BD70020010000005D5C0100000000001E
:109530004D5C0100415C010000000000355C010051
:109540000000000080C500200000000006000100AF
:10955000020000005895010000000000FEA4010078
:1095600006000000E0FF0F0068C5002006A501000E
:1095700021000000E0FF0320B8C50020A5B30000D3
:1095800075B300000000000091B4000031B5000088
:109590005EA50100816001008760010064A50100F3
:1095A000F5B40000FD5F01005F60010000000000F5
:1095B000735F0100000000000000000093600100E4
:1095C00000000000FFFFFFFF0025844000000000B6
:1095D00000000000001003400100000031B700004F
:1095E000B7600100C3600100D7600100E1600100C5
:1095F000EB600100B1B80000FF6001000000000056
:1096000000800040020000000000000010960100F1
:10961000008000401C96010001000000249601001B
:10962000040000001B0000000E0002009A0101006F
:109630008F010300C3610100A9BD00007761010033
:1096400025630100EB61010019620100476201001E
:10965000516201008B6201009762010051620100BA
:109660007B620100A3620100B1620100BF620100E0
:10967000F5620100F962010000800020E8040000AA
:10968000E88400200020000068A5002000200000E1
:1096900000000000000000000100000085CF000075
:1096A0004DC2000091C9000031650100A3660100B0
:1096B000E5650100B5660100B9CD000000000000BD
:1096C00011C90000976501002B650100B9CC0000AD
:1096D000A5CA0000F765010035C80000A5C7000055
:1096E00031CB00000000000000000000F1A70100E5
:1096F000F6A70100FEA7010009A801000000000074
:10970000BCAD0100C2AD0100C8AD0100CEAD01008D
:10971000D4AD0100DAAD0100E0AD010001B70100F8
:1097200013B7010025B7010032B7010043B70100AC
:1097300053B701005DB7010070B7010083B70100A6
:1097400096B7010058020000100E0000A08C000027
:10975000020000001E0000003C0000000094110008
:1097600000000000020000003C0000006801000052
:109770003C0000003C0000003C0000003C000000F9
:1097800000000000010E0100D913010000000000DC
:109790001B7F01007D24010035260100F1A7010097
:1097A000F6A70100E2BA0100EEBA010000000002D3
:1097B000000000010000000400000008000000108C
:1097C000000000000C000000690000000B00000019
:1097D0007200000080000000160000007000000011
:1097E000780000007F000000800000007100000091
:1097F0006800000016000000740000007300000004
:1098000073000000710000008C0000007A0000006E
:109810000D0000000B0000000B00000076000000AF
:10982000ADBAADBAADBAADBAADBAADBAADBAADBA00
:10983000ADBAADBAADBAADBAADBAADBAADBAADBAF0
:10984000ADBAADBAADBAADBAADBAADBAADBAADBAE0
:10985000ADBAADBAADBAADBAADBAADBAADBAADBAD0
:10986000ADBAADBAADBAADBAADBAADBAADBAADBAC0
:10987000ADBAADBAADBAADBAADBAADBAADBAADBAB0
:10988000ADBAADBAADBAADBAADBAADBAADBAADBAA0
:10989000ADBAADBAADBAADBAADBAADBAADBAADBA90
:1098A000ADBAADBAADBAADBAADBAADBAADBAADBA80
:1098B000ADBAADBAADBAADBAADBAADBAADBAADBA70
:1098C000ADBAADBAADBAADBAADBAADBAADBAADBA60
:1098D000ADBAADBAADBAADBAADBAADBAADBAADBA50
:1098E000ADBAADBAADBAADBAADBAADBAADBAADBA40
:1098F000ADBAADBAADBAADBAADBAADBAADBAADBA30
:10990000ADBAADBAADBAADBAADBAADBAADBAADBA1F
:10991000ADBAADBAADBAADBAADBAADBAADBAADBA0F
:10992000ADBAADBAADBAADBAADBAADBAADBAADBAFF
:10993000ADBAADBAADBAADBAADBAADBAADBAADBAEF
:10994000ADBAADBAADBAADBAADBAADBAADBAADBADF
:109950006F0000006F0000006F0000006F0000004B
:109960006F0000006F0000006F0000000B0000009F
:109970007A000000470000000B0000000B00000010
:109980005F0000000410000001700000047000007F
:10999000FFFFFFFFFFFFFFFFFFFFFFFFFFFFFFFFD7
:1099A000FFFFFFFFFFFFFFFFFFFFFFFFFFFFFFFFC7
:1099B00003700000027000000570000006700000D7
:1099C00008700000097000000A700000FFFFFFFF30
:1099D000FFFFFFFFFFFFFFFFFFFFFFFFFFFFFFFF97
:1099E000FFFFFFFFFFFFFFFFFFFFFFFFFFFFFFFF87
:1099F000FFFFFFFF0180000010400000106000002A
:109A00001130000012300000FFFFFFFFFFFFFFFFDB
:109A1000FFFFFFFFFFFFFFFFFFFFFFFF1030000012
:109A2000FFFFFFFFFFFFFFFFFFFFFFFFFFFFFFFF46
:109A3000FFFFFFFFFFFFFFFFFFFFFFFFFFFFFFFF36
:109A4000FFFFFFFFFFFFFFFFFFFFFFFFFFFFFFFF26
:109A5000FFFFFFFFFFFFFFFF0650000079BB010083
:109A600087BB01009BBB0100AABB0100B6BB010084
:109A7000188E0100188E0100588E0100608E0100C2
:109A8000988E0100B08E0100000000000000000070
:109A900000000000000000000000004095596959D6
:109AA00055555455155555560405154110545540F6
:109AB000455155444045504450555545004000409F
:109AC000400444966555565545404554514115400E
:109AD0005591555555554051050100005445545474
:109AE0004555050400100410140440000000014016
:109AF0005555154154040000440001000000004089
:109B0000410000445044455054005555545565514A
:109B100000400040010000010005010011545151B6
:109B20005455550500000000000000000000000032
:109B3000020002000200040002000800020002000D
:109B4000020010002000400080000001000200041C
:109B50000000010002000400060008000A000C00DA
:109B60000E001000200040008000000100010001F4
:109B7000EAFF7AFFF4FF4661696C656420746F2028
:109B8000616C6C6F63617465206D656D6F727920B7
:109B9000666F72204E4D4541005374617274696E58
:109BA0006720474E53532073616D706C65004D6F95
:109BB00064656D206C69627261727920696E697486
:109BC00069616C697A6174696F6E206661696C6540
:109BD000642C206572726F723A20256400466169B8
:109BE0006C656420746F20616374697661746520AC
:109BF000474E53532066756E6374696F6E616C20B7
:109C00006D6F6465004661696C656420746F2073D4
:109C1000657420474E5353206576656E74206861E5
:109C20006E646C6572004661696C656420746F20B7
:109C300073657420474E5353204E4D4541206D614E
:109C4000736B004661696C656420746F20656E619A
:109C5000626C6520637573746F6D20515A53532085
:109C60004E4D4541206D6F6465004661696C6564C9
:109C700020746F2073657420474E535320757365AD
:109C80002063617365004661696C656420746F20B0
:109C900073657420474E535320706F77657220733D
:109CA0006176696E67206D6F6465004661696C65F9
:109CB0006420746F2073657420474E535320666987
:109CC00078207265747279004661696C65642074ED
:109CD0006F2073657420474E53532066697820695E
:109CE0006E74657276616C004661696C656420749F
:109CF0006F20737461727420474E5353004661693C
:109D00006C656420746F20696E697469616C697A2E
:109D10006520616E6420737461727420474E5353E2
:109D2000001B5B313B3148001B5B324A00547261BF
:109D3000636B696E673A20253264205573696E67DC
:109D40003A2025326420556E6865616C7468793AF2
:109D50002025640A00474E5353206F70657261746A
:109D6000696F6E20626C6F636B6564206279204C52
:109D7000544500496E73756666696369656E742043
:109D8000474E53532074696D652077696E646F7711
:109D90007300536C65657020706572696F64287319
:109DA00029206265747765656E20505654206E6F69
:109DB00074696669636174696F6E73002D2D2D2D52
:109DC0002D2D2D2D2D2D2D2D2D2D2D2D2D2D2D2DC3
:109DD0002D2D2D2D2D2D2D2D2D2D2D2D2D2D2D00E0
:109DE0004C617469747564653A202020202020201D
:109DF000252E3036660A004C6F6E6769747564658F
:109E00003A202020202020252E3036660A00416C82
:109E10007469747564653A20202020202020252E46
:109E2000303166206D0A0041636375726163793A6F
:109E300020202020202020252E303166206D0A0091
:109E400053706565643A20202020202020202020A7
:109E5000252E303166206D2F730A005370656564BE
:109E60002061636375726163793A20252E30316613
:109E7000206D2F730A0048656164696E673A20207F
:109E8000202020202020252E303166206465670A9E
:109E900000446174653A20202020202020202020CA
:109EA00020253034752D253032752D253032750A38
:109EB0000054696D652028555443293A20202020FC
:109EC00020253032753A253032753A253032752EDC
:109ED000253033750A0050444F503A20202020206E
:109EE000202020202020252E3031660A0048444FB3
:109EF000503A2020202020202020202020252E30F5
:109F000031660A0056444F503A202020202020205D
:109F100020202020252E3031660A0054444F503A2C
:109F20002020202020202020202020252E303166B7
:109F30000A005365636F6E64732073696E636520F6
:109F40006C617374206669783A2025640A00536551
:109F500061726368696E67205B25635D0A000A4E63
:109F60004D454120737472696E67733A0A005C7CD8
:109F70002F2D676E73735F73616D706C6500636224
:109F80007072696E74665F7061636B616765006CA7
:109F90006F67006C6F675F6D676D74001B5B306D82
:109FA00000257320005B2530386C755D20005B2533
:109FB0003032753A253032753A253032752E2530DB
:109FC00033752C253033755D20003C25733E200011
:109FD00025732F0025733A20002530327820002089
:109FE0002020007C001B5B313B33316D001B5B315B
:109FF0003B33336D006572720077726E00696E6676
:10A0000000646267006C6F675F6261636B656E64BA
:10A010005F75617274006C6F675F75617274007256
:10A02000302F61313A202030782530387820207266
:10A03000312F61323A202030782530387820207254
:10A04000322F61333A20203078253038780072334F
:10A050002F61343A20203078253038782072313220
:10A060002F69703A202030782530387820723134CA
:10A070002F6C723A202030782530387800207870A4
:10A0800073723A202030782530387800735B25329F
:10A09000645D3A20203078253038782020735B25A5
:10A0A00032645D3A20203078253038782020735B88
:10A0B0002532645D3A2020307825303878202073AE
:10A0C0005B2532645D3A2020307825303878006690
:10A0D000707363723A2020307825303878004661FA
:10A0E000756C74696E6720696E73747275637469D8
:10A0F0006F6E206164647265737320287231352F2E
:10A100007063293A20307825303878002A2A2A2AA4
:10A110002A204D5055204641554C54202A2A2A2A9F
:10A120002A002020537461636B696E672065727228
:10A130006F722028636F6E74657874206172656138
:10A14000206D69676874206265206E6F7420766187
:10A150006C696429002020556E737461636B696EAD
:10A1600067206572726F7200202044617461204123
:10A1700063636573732056696F6C6174696F6E00F9
:10A1800020204D4D46415220416464726573733AFC
:10A190002030782578002020496E737472756374BE
:10A1A000696F6E204163636573732056696F6C61DC
:10A1B00074696F6E002020466C6F6174696E672D44
:10A1C000706F696E74206C617A7920737461746544
:10A1D00020707265736572766174696F6E20657246
:10A1E000726F72002A2A2A2A2A2042555320464199
:10A1F000554C54202A2A2A2A2A00202053746163AD
:10A200006B696E67206572726F72002020507265F4
:10A21000636973652064617461206275732065727F
:10A22000726F720020204246415220416464726580
:10A2300073733A2030782578002020496D7072655C
:10A24000636973652064617461206275732065724F
:10A25000726F72002020496E737472756374696F37
:10A260006E20627573206572726F72002A2A2A2A24
:10A270002A205553414745204641554C54202A2A0F
:10A280002A2A2A0020204469766973696F6E206249
:10A2900079207A65726F002020556E616C69676E57
:10A2A0006564206D656D6F7279206163636573739A
:10A2B000002020537461636B206F766572666C6F4B
:10A2C000772028636F6E74657874206172656120F1
:10A2D0006E6F742076616C6964290020204E6F20B7
:10A2E000636F70726F636573736F7220696E7374DE
:10A2F00072756374696F6E73002020496C6C6567BA
:10A30000616C206C6F6164206F66204558435F521A
:10A31000455455524E20696E746F205043002020E2
:10A32000496C6C6567616C20757365206F6620747D
:10A3300068652045505352002020417474656D704B
:10A340007420746F206578656375746520756E641C
:10A350006566696E656420696E737472756374698D
:10A360006F6E00526573657276656420457863652B
:10A370007074696F6E20280053707572696F757301
:10A3800020696E746572727570742028495251206C
:10A3900000457863657074696F6E206F63637572D2
:10A3A00072656420696E205365637572652053740D
:10A3B000617465002A2A2A2A2A20484152442046EC
:10A3C00041554C54202A2A2A2A2A002020427573FB
:10A3D000206661756C74206F6E20766563746F7291
:10A3E000207461626C6520726561640020204465A0
:10A3F000627567206576656E740020204661756C15
:10A400007420657363616C6174696F6E2028736575
:10A41000652062656C6F772900415243485F45585B
:10A4200043455054207769746820726561736F6E7C
:10A430002025780A002A2A2A2A2A2044656275677C
:10A44000206D6F6E69746F722065786365707469D2
:10A450006F6E202A2A2A2A2A002A2A2A2A2A202516
:10A460007320256429202A2A2A2A2A006D70750063
:10A470004661696C656420746F20616C6C6F636108
:10A480007465206E6577204D505520726567696F41
:10A490006E2025750A00506172746974696F6E20B0
:10A4A00025753A2073616E69747920636865636B02
:10A4B000206661696C65642E00496E76616C696422
:10A4C00020756E6465726C79696E67207265676964
:10A4D0006F6E20696E64657820257500496E76611F
:10A4E0006C69642061747472696275746520666F4A
:10A4F000722074686520726567696F6E0A00464C49
:10A500004153485F30005352414D5F30002A206272
:10A510007566666572206F766572666C6F7720640B
:10A5200065746563746564202A0A00736F63006E46
:10A5300065745F627566006E65745F6275665F73F1
:10A54000696D706C6500776C616E2564006E657472
:10A55000256400636C6F636B403530303000686693
:10A56000636C6B006C66636C6B00636C6F636B5F3A
:10A57000636F6E74726F6C007073612D726E670022
:10A580006770696F403834323530300000010203A3
:10A59000040506074661696C656420746F20616C70
:10A5A0006C6F6361746520505049204368616E6E22
:10A5B000656C0075617274403830303000756172BE
:10A5C000745F6E7266785F7561727465004D6F645A
:10A5D000656D206C69627261727920696E69746957
:10A5E000616C697A6174696F6E206661696C65641B
:10A5F0002C20657272202564006E72665F6D6F6438
:10A60000656D006E726639315F736F636B657400E0
:10A610004D6F64656D206861732063726173686556
:10A62000642C20726561736F6E20307825782C2041
:10A6300050433A2030782578004661696C65642083
:10A64000746F20686F6F6B20746865206469737025
:10A65000617463682066756E6374696F6E2C206523
:10A660007272202564004E6F2068656170207370DF
:10A6700061636520666F7220696E636F6D696E67D6
:10A68000206E6F74696669636174696F6E3A202524
:10A69000730061745F6D6F6E69746F7200457272E2
:10A6A0006F72207768696C652070726F6365737371
:10A6B000696E6720415420636F6D6D616E643A204E
:10A6C00025640049676E6F726564206E756C6C3B23
:10A6D00020776F756C64207465726D696E61746546
:10A6E00020737472696E67206561726C792E004206
:10A6F0007566666572206F766572666C6F772C2062
:10A7000064726F7070696E6720272563270A005591
:10A7100041525420646576696365206E6F742072BF
:10A7200065616479005541525420636865636B200C
:10A730006661696C65643A2025642E205541525447
:10A7400020696E697469616C697A6174696F6E20E1
:10A7500074696D6564206F75742E005541525420E4
:10A76000636865636B206661696C65643A20256483
:10A770002E2044726F7070696E6720627566666520
:10A780007220616E64207265747279696E672E0042
:10A790005541525420636F756C64206E6F74206253
:10A7A0006520696E697469616C697A65643A20250F
:10A7B000640061745F686F7374002B4347455600F3
:10A7C0002B4350494E002553484F5254535756453A
:10A7D000520025485756455253494F4E0025584D73
:10A7E0004F44454D55554944002558494343494434
:10A7F000004F4B0D0A004552524F520D0A002B4399
:10A800004D45204552524F52002B434D5320455247
:10A81000524F520041542B43455245473D35004667
:10A8200061696C656420746F20737562736372690B
:10A83000626520746F204345524547206E6F7469EE
:10A840006669636174696F6E732C206572726F72D2
:10A850003A202564004661696C656420746F206548
:10A860006E61626C6520525243206E6F7469666936
:10A87000636174696F6E7320282B4353434F4E29D5
:10A880002C206572726F722025640043616E2774FC
:10A89000207061727365206D6F64656D20657665EB
:10A8A0006E74206E6F74696669636174696F6E2C73
:10A8B000206572726F723A2025640043616E2774BE
:10A8C000207061727365206D6F64656D20736C65B7
:10A8D0006570207072652D7761726E696E67206E8B
:10A8E0006F74696669636174696F6E2C206572723A
:10A8F0006F723A202564004661696C656420746F4C
:10A9000020616C6C6F63617465206D656D6F727929
:10A9100020666F7220746865204743492063656C28
:10A920006C73004E6F7420616C6C206E6569676893
:10A93000626F722063656C6C7320636F756C64204A
:10A940006265207061727365642E204D6F726520A0
:10A9500063656C6C73207468616E20746865206335
:10A960006F6E66696775726564206D617820636FCC
:10A97000756E74206F662025642077657265206689
:10A980006F756E640050617273696E67206F662028
:10A990006E65696768626F722063656C6C732066B0
:10A9A00061696C65642C206572723A2025640046EA
:10A9B00061696C656420746F20616C6C6F63617495
:10A9C00065206D656D6F727920666F72206E6569A6
:10A9D0006768626F722063656C6C73004E6F7420E1
:10A9E000616C6C206E65696768626F722063656C6C
:10A9F0006C7320636F756C64206265207061727384
:10AA000065640043616E2774207061727365205421
:10AA10004155207072652D7761726E696E67206E88
:10AA20006F74696669636174696F6E2C20657272F8
:10AA30006F723A2025640043616E27742070617242
:10AA4000736520654452582C206572726F723A20EB
:10AA500025640043616E27742070617273652073F2
:10AA600069676E616C6C696E67206D6F64652C2020
:10AA70006572726F723A2025640041542B43505323
:10AA80004D533D312C2C2C222573222C2225732250
:10AA90000041542B4350534D533D312C2C2C222537
:10AAA00073220041542B4350534D533D312C2C2CD9
:10AAB0002C222573220041542B4350534D533D31DA
:10AAC000006E72665F6D6F64656D5F61745F70725A
:10AAD000696E7466206661696C65642C20726570AD
:10AAE0006F72746564206572726F723A202564001B
:10AAF00041542525584D4F4E49544F520041542042
:10AB0000636F6D6D616E64206661696C65642C2095
:10AB10006572726F723A20256400415420636F6D34
:10AB20006D616E642070617273696E672066616921
:10AB30006C6564004661696C656420746F207061A7
:10AB40007273652050534D20636F6E66696775722E
:10AB50006174696F6E2C206572726F723A20256481
:10AB6000004661696C656420746F20706172736562
:10AB7000206E6F74696669636174696F6E20286501
:10AB800072726F72202564293A202573004661692C
:10AB90006C656420746F206765742050534D206984
:10ABA0006E666F726D6174696F6E00415425254643
:10ABB0004541434F4E463D25642C25642C257500A8
:10ABC0004661696C656420746F2064697361626CAE
:10ABD0006520654452582C207265706F72746564EC
:10ABE000206572726F723A2025640041542B4345F0
:10ABF000445258533D322C25642C222573220041A7
:10AC0000542B4345445258533D322C256400466131
:10AC1000696C656420746F20656E61626C65206587
:10AC20004452582C207265706F727465642065728E
:10AC3000726F723A202564004154252558505457AC
:10AC40003D25642C22257322004661696C656420D1
:10AC5000746F2072657175657374205054572C2081
:10AC60007265706F72746564206572726F723A20DB
:10AC7000256400496E76616C69642073797374652C
:10AC80006D206D6F646520726571756573746564A0
:10AC90003A20256400496E76616C6964204C544505
:10ACA00020707265666572656E6365207265717588
:10ACB00065737465643A2025640041542525585312
:10ACC000595354454D4D4F44453D25732C25630044
:10ACD000436F756C64206E6F742073656E642041E1
:10ACE0005420636F6D6D616E642C206572726F729B
:10ACF0003A202564004661696C656420746F2065A4
:10AD00006E61626C65206E6F7469666963617469F7
:10AD10006F6E732C206572726F723A202564004941
:10AD20006E76616C69642066756E6374696F6E61BE
:10AD30006C206D6F64653A2025640041542B4346B6
:10AD4000554E3D2564004661696C656420746F2032
:10AD50007365742066756E6374696F6E616C206DC7
:10AD60006F64652E20506C65617365206368656350
:10AD70006B205853595354454D4D4F44452E002593
:10AD80004D444D45560025584D4F44454D534C4577
:10AD9000455000254E43454C4C4D454153002558E8
:10ADA0005433343132002B434544525850002B4326
:10ADB00053434F4E002B434552454700312C302C16
:10ADC0003000302C312C3000302C302C3100312C24
:10ADD000302C3100302C312C3100312C312C300012
:10ADE000312C312C31006C74655F6C630030313272
:10ADF000333441542B4353434F4E3D310041542B88
:10AE00004350534D533D0041542B434544525853F6
:10AE10003D3300496E76616C696420706F696E74B1
:10AE200065722070726F766964656400436F756C3B
:10AE300064206E6F7420696E6974204154207061C3
:10AE400072616D73206C6973742C206572726F72FD
:10AE50003A20256400436F756C64206E6F74207017
:10AE600061727365206544525820726573706F6E0D
:10AE700073652C206572726F723A202564004661FA
:10AE8000696C656420746F20676574204C5445209C
:10AE90006D6F64652C206572726F723A20256400B4
:10AEA0004661696C656420746F2067657420654431
:10AEB000525820636F6E66696775726174696F6E50
:10AEC0002C206572726F723A202564004661696CAD
:10AED000656420746F20676574206544525820763D
:10AEE000616C75652C206572726F723B2025640061
:10AEF0004661696C656420746F20676574205054E6
:10AF00005720636F6E66696775726174696F6E2C26
:10AF1000206572726F723A20256400496E76616C0A
:10AF2000696420505457206C6F6F6B757020696E88
:10AF30006465783A20256400556E61626C65207402
:10AF40006F20706172736520706572696F646963E8
:10AF50002054415520737472696E6720285433342D
:10AF6000313220657874656E6465642900556E61C0
:10AF7000626C6520746F20706172736520706572F9
:10AF8000696F6469632054415520737472696E67F8
:10AF90002028543334313229004578706563746554
:10AFA000642076616C6964205433343132207469D2
:10AFB0006D657220756E697400556E61626C6520F6
:10AFC000746F2070617273652061637469766520A7
:10AFD00074696D6520737472696E6700436F756C78
:10AFE00064206E6F74207061727365202B4353432D
:10AFF0004F4E20726573706F6E73652C2065727290
:10B000006F723A20256400436F756C64206E6F7414
:10B0100020676574207369676E616C6C696E672068
:10B020006D6F64652C206572726F723A2025640022
:10B03000496E76616C6964207369676E616C6C69D6
:10B040006E67206D6F64653A20256400436F756CF0
:10B0500064206E6F742070617273652041542B43BD
:10B060004552454720726573706F6E73652C20657D
:10B0700072726F723A20256400436F756C64206EA3
:10B080006F742067657420726573706F6E736520CE
:10B090007072656669782C206572726F723A20252D
:10B0A0006400496E76616C6964206E6574776F72B6
:10B0B0006B20726567697374726174696F6E207357
:10B0C00074617475733A20256400436F756C642055
:10B0D0006E6F74206765742072656769737472613E
:10B0E00074696F6E207374617475732C206572724D
:10B0F0006F723A20256400436F756C64206E6F7424
:10B100002070617273652025255854333431322004
:10B11000726573706F6E73652C206572726F723A10
:10B1200020256400436F756C64206E6F7420676522
:10B13000742074696D6520756E74696C206E657815
:10B1400074205441552C206572726F723A20256428
:10B15000005061727365642074696D65207061725E
:10B16000616D65746572206E6F74207769746869AB
:10B170006E2076616C69642072616E67650061742F
:10B180005F726573706F6E7365206973204E554CE6
:10B190004C2C2063616E2774206765742063656C96
:10B1A0006C20636F756E7400436F756C64206E6FF6
:10B1B0007420706172736520415425254E43454CBF
:10B1C0004C4D45415320726573706F6E73652C2032
:10B1D0006572726F723A20256400436F756C64204B
:10B1E0006E6F7420696E69742041542070617261C1
:10B1F0006D73206C69737420666F722063656C6C6C
:10B200005F6C6973742C206572726F723A202564CA
:10B210000045324249472077617320726574757228
:10B220006E65642C20636F6E74696E75652E207078
:10B230006172616D5F636F756E742025642C20658B
:10B2400072722025642C20737472202573004E6F57
:10B250007420612076616C6964204E43454C4C4DEE
:10B2600045415320726573706F6E7365004E4345A0
:10B270004C4C4D454153206D6561737572656D652C
:10B280006E747320696E7465727275707465643B58
:10B2900020726573756C747320696E636F6D706C6A
:10B2A00065746500436F756C64206E6F7420706107
:10B2B0007273652063656C6C5F69642C20696E64D1
:10B2C00065782025642C2069202564206572726FC2
:10B2D000723A2025640063656C6C5F6964203D20D0
:10B2E0002564207768696368206973203E204C5488
:10B2F000455F4C435F43454C4C5F45555452414E6E
:10B300005F49445F4D41583B206D61726B696E67C8
:10B3100020696E76616C696400436F756C64206EA1
:10B320006F7420706172736520706C6D6E2C206577
:10B3300072726F723A20256400737472696E675F6F
:10B34000746F5F696E742C206572726F723A20257B
:10B350006400436F756C64206E6F7420706172734B
:10B360006520747261636B696E675F617265615FAE
:10B37000636F646520696E20692025642C206572E6
:10B38000726F723A20256400436F756C64206E6F93
:10B39000742070617273652074696D696E675F6196
:10B3A0006476616E63652C206572726F723A202537
:10B3B0006400436F756C64206E6F742070617273EB
:10B3C000652074696D696E675F616476616E63653F
:10B3D0005F6D6561735F74696D652C206572726F56
:10B3E000723A20256400436F756C64206E6F742080
:10B3F00070617273652065617266636E2C20657280
:10B40000726F723A20256400436F756C64206E6F12
:10B410007420706172736520706879735F63656C06
:10B420006C5F69642C206572726F723A202564002B
:10B43000436F756C64206E6F742070617273652049
:10B44000727372702C206572726F723A20256400DC
:10B45000436F756C64206E6F742070617273652029
:10B46000727372712C206572726F723A20256400BB
:10B47000436F756C64206E6F742070617273652009
:10B480006D6561735F74696D652C206572726F7292
:10B490003A20256400436F756C64206E6F742070D1
:10B4A000617273652073657276696E672C206572B0
:10B4B000726F723A20256400436F756C64206E6F62
:10B4C00074207061727365206E65696768626F725F
:10B4D0005F636F756E742C206572726F723A2025EF
:10B4E000640043757474696E6720726573706F6E63
:10B4F00073652C2062656361757365207265636591
:10B5000069766564206E656967626F722063656C39
:10B510006C20636F756E742069732062696767655C
:10B5200072207468616E20636F6E666967757265FC
:10B5300064206D61783A202564004661696C656419
:10B5400020746F20616C6C6F63617465206D656D34
:10B550006F727920666F7220746865206E63656C07
:10B560006C732028636F6E74696E75652900436F74
:10B57000756C64206E6F74207061727365206E5FED
:10B5800065617266636E2C206572726F723A202557
:10B590006400436F756C64206E6F74207061727309
:10B5A00065206E5F706879735F63656C6C5F69645A
:10B5B0002C206572726F723A20256400436F756C9F
:10B5C00064206E6F74207061727365206E5F727399
:10B5D00072702C206572726F723A20256400436F7E
:10B5E000756C64206E6F74207061727365206E5F7D
:10B5F000727372712C206572726F723A202564002A
:10B60000436F756C64206E6F742070617273652077
:10B6100074696D655F646966662C206572726F720D
:10B620003A2025640042756666657220697320744D
:10B630006F6F20736D616C6C3B20726573756C74F9
:10B640007320696E636F6D706C6574653A20256454
:10B6500000436F756C64206E6F7420706172736547
:10B66000202525584D4F44454D534C45455020729B
:10B670006573706F6E73652C206572726F723A20FD
:10B68000256400436F756C64206E6F742067657469
:10B69000206D6F646520736C6565702074797065CA
:10B6A0002C206572726F723A20256400436F756CAE
:10B6B00064206E6F74206765742074696D652075F1
:10B6C0006E74696C206E657874206D6F64656D2092
:10B6D000736C6565702C206572726F723A202564F8
:10B6E00000254D444D45563A2000496E76616C69FF
:10B6F00064204D444D455620726573706F6E7365BE
:10B70000005345415243482053544154555320312E
:10B710000D0A005345415243482053544154555358
:10B7200020320D0A005245534554204C4F4F500DC6
:10B730000A004D452042415454455259204C4F5720
:10B740000D0A004D45204F56455248454154454449
:10B750000D0A004E4F20494D45490D0A00505241F7
:10B7600043482043452D4C4556454C20300D0A009A
:10B7700050524143482043452D4C4556454C2031BD
:10B780000D0A0050524143482043452D4C45564533
:10B790004C20320D0A0050524143482043452D4C65
:10B7A0004556454C20330D0A004D6F64656D206C85
:10B7B00069627261727920696E6974206572726F54
:10B7C000723A2025642C206C74655F6C63206E6F68
:10B7D0007420696E697469616C697A656400466198
:10B7E000696C656420746F20736574207379737459
:10B7F000656D206D6F646520616E64206D6F64659A
:10B8000020707265666572656E63652C2065727264
:10B81000202564003030303030303131003030316C
:10B820003031303030004661696C656420746F20BF
:10B830007365742050534D20706172616D732C20BC
:10B84000657272202564004661696C656420746FBE
:10B8500020636F6E6669677572652050534D2C20AA
:10B86000657272202564004661696C656420746F9E
:10B8700020636F6E66696775726520654452582C47
:10B880002065727220256400415425255241493DAE
:10B890002564004661696C656420746F20636F6E77
:10B8A000666967757265205241492C206572722065
:10B8B000256400526573657474696E6720737973CB
:10B8C00074656D00666174616C5F6572726F7200A1
:10B8D0004661696C656420746F2073657420636FC2
:10B8E0006E66696775726174696F6E202865727221
:10B8F0003A202564290041542558434F4558303D8E
:10B90000312C312C313536352C31353836006D6FD0
:10B9100064656D5F616E74656E6E610054462D4D99
:10B92000206E6F6E2D7365637572652063616C6C3C
:10B930006261636B20696E697469616C697A6174B4
:10B94000696F6E206661696C65642C206572726F28
:10B95000723A202564002A2A2A2A2A205345435570
:10B960005245204641554C54202A2A2A2A2A002092
:10B9700020416464726573733A2030782578002022
:10B9800020496E76616C696420656E7472792070EE
:10B990006F696E74002020496E76616C696420695D
:10B9A0006E74656772697479207369676E61747506
:10B9B0007265002020496E76616C69642065786349
:10B9C000657074696F6E2072657475726E002020E8
:10B9D0004174747269627574696F6E20756E6974F2
:10B9E0002076696F6C6174696F6E002020496E76F5
:10B9F000616C6964207472616E736974696F6E0042
:10BA000020204C617A7920737461746520707265AE
:10BA1000736572766174696F6E0020204C617A796B
:10BA2000207374617465206572726F72002A2A2A0D
:10BA30002A2A2053505520494E54455252555054AD
:10BA4000202A2A2A2A2A00202053656375726974E5
:10BA5000792076696F6C6174696F6E20666F7220F1
:10BA600074686520666C617368206D656D6F7279AE
:10BA7000207370616365002020536563757269747B
:10BA8000792076696F6C6174696F6E20666F7220C1
:10BA90007468652052414D206D656D6F7279207319
:10BAA0007061636500202053656375726974792045
:10BAB00076696F6C6174696F6E206F6E206F6E6552
:10BAC000206F72207365766572616C207065726993
:10BAD00070686572616C732E0041542B4346554E5D
:10BAE0003D002B434D45204552524F523A002B43C7
:10BAF0004D53204552524F523A0070646E0000017F
:10BB00000205556E6B6E6F776E206572726F7200F4
:10BB1000756E6B6E6F776E003E3E3E205A45504804
:10BB2000595220464154414C204552524F522025F3
:10BB3000643A202573206F6E204350552025640001
:10BB40004661756C7420647572696E6720696E74E5
:10BB50006572727570742068616E646C696E670AD4
:10BB60000043757272656E74207468726561643A20
:10BB700020257020282573290043505520657863BF
:10BB8000657074696F6E00556E68616E646C656493
:10BB900020696E7465727275707400537461636BA2
:10BBA000206F766572666C6F77004B65726E656CA0
:10BBB000206F6F7073004B65726E656C2070616EE4
:10BBC00069630069646C65006D61696E006F730084
:10BBD0002A2A2A20426F6F74696E67206E524620AF
:10BBE000436F6E6E6563742053444B2076332E355D
:10BBF0002E39392D6E637331202A2A2A0A0073796F
:10BC000073776F726B71006E616E00286E756C6C6D
:10BC10002900000095F100000000000025F300005D
:10BC200000000000B9F1000000000000F16A01000E
:04BC30000000000010
:10BC3400FFFFFFFFFFFFFFFFFFFFFFFFFFFFFFFF10
:08BC4400FFFFFFFFFFFFFFFF00
:10BC4C0000000000000000000000000000020000E6
:10BC5C00C0C8002000000000000000000000000030
:10BC6C000008000060C80020E35301004D5B010098
:10BC7C00109501000000000000000000AF5D010005
:10BC8C0000000000000000000000000000C20100E5
:10BC9C0000010300E8C50020000000006ED7002062
:10BCAC006DD7002000000000000000000000000024
:10BCBC006FD70020200000000000000081CD0000A4
:10BCCC0027650100000000000000000085D0000086
:10BCDC000000000000000000FFFF0000000000005A
:10BCEC000000000000000000000000000000000048
:10BCFC000000000000000000000000000000000038
:10BD0C000000000000000000000000000000000027
:10BD1C000000000000000000000000000000000017
:10BD2C0000000000000000000000000008000000FF
:10BD3C00FF000000000000000100000000000000F7
:10BD4C0000000000000000000000000000000000E7
:10BD5C0000000000000000000000000000000000D7
:10BD6C0000000000000000000000000000000000C7
:10BD7C0000000000000000000000000000000000B7
:10BD8C0000000000000000000000000000000000A7
:10BD9C0008000000FF00000000000000010000008F
:10BDAC00000000007107010005050100C10601003B
:10BDBC00110501000D0A010095070100D5090100CC
:10BDCC00396D0100336D01002D6D01000CC7002091
:10BDDC000CC7002014C7002014C700200307303004
:10BDEC0031303130303000303030303030313100A3
:10BDFC0031303031003130303100000000000000B3
:10BE0C000967010000000000A6AD010039DC00004C
:10BE1C0000000000B5AD0100E5DE000000000000F0
:10BE2C00AEAD010085DC0000000000007FAD01001C
:10BE3C00C5D900000000000093AD010085DA0000B8
:10BE4C000000000086AD010011DA000000000000C7
:0CBE5C009EAD0100E1DB000000000000D2
:0ABE680000000000000000000000D0
:02BE7200FFFFD0
:04BE740000000000CA
:10BE780000000000180B012000080000000000006E
:10BE88000000000000000000D8EC002000010000C5
:08BE98000000000000000000A2
:10BEA000D4C70020D4C7002000000000000000001C
:10BEB0000E000000E8C70020E8C7002000000000D6
:10BEC000000000000E000000FCC70020FCC700209E
:10BED00000000000000000000E00000010C800205C
:10BEE00010C8002000000000000000000E0000004C
:10BEF00024C8002024C8002000000000000000002A
:10BF00000E00000038C8002038C8002000000000E3
:10BF1000000000000E0000004CC800204CC80020AB
:0CBF200000000000000000000E00000007
:10BF2C0060C8002060C80020040000000A00000067
:10BF3C001819012040190120181901201819012085
:10BF4C000000000084C8002084C80020000000000D
:10BF5C0090C8002090C800200000000001000000E4
:10BF6C00A0C80020A0C80020A8C80020A8C8002095
:10BF7C000100000001000000B8C80020B8C8002073
:10BF8C00C0C80020C0C80020000000000100000054
:08BF9C00D0C80020D0C800202D
:10BFA4000000000000000000E0C80020E0C80020FD
:08BFB400E8C80020E8C80020E5
:10BFBC0028C9002000000000000000000000000064
:10BFCC000000000000000000000000000000000065
:10BFDC000000000000000000000000000000000055
:08BFEC0000000000000000004D
:10BFF400B08E01004CC900200000000000020000C7
:10C004000000000000000000000500000000000027
:04C014000000000028
:10C018000000000000000000B95D01000000000001
:04C0280015E015E02A
:040000030000A8E56C
:00000001FF
