:020000040000FA
:10000000F80B002011070000E5070000952500000F
:10001000B5250000D525000015260000F5250000B7
:100020000000000000000000000000005D1C000057
:10003000E507000000000000E5070000E5070000FC
:10004000000000000000000000000000A9200000E7
:1000500000000000E50700000000000000000000B4
:10006000E5070000E5070000E5070000E5070000E0
:1000700000000000E5070000E5070000E5070000BC
:10008000E5070000E5070000000000000000000098
:10009000E5070000E5070000000000000000000088
:1000A000E50700000000000000000000E507000078
:1000B000E5070000E5070000E5070000E507000090
:1000C000E5070000E5070000E5070000E507000080
:1000D000E507000000000000E50700000000000048
:1000E000E507000000000000E50700000000000038
:1000F000E507000000000000000000000000000014
:1001000000000000E5070000000000000000000003
:1001100000000000000000000000000000000000DF
:1001200000000000E50700000000000000000000E3
:1001300000000000000000000000000000000000BF
:10014000E507000000015F5F02000000FE0B0000F9
:10015000F11C00008006000000000000000000000C
:100160000000000000000000000000000100FFC3CC
:10017000000000C4002200200000000001015F5FB9
:10018000030100001F010000210200000000000028
:10019000000000000100000001000000000000005D
:1001A000000000000000000000000000000000004F
:1001B0000000000070000000E04B00008000000024
:1001C000000F000001000000FD02000001015F5F60
:1001D000040100001F010000A9060000000000004B
:1001E000000000000000000001000000000000000E
:1001F00000000000000000000000000000000000FF
:1002000000000000EC4B000040000000050700006B
:0802100001000000850500005B
:1002200008B500F065F900B108BD00F08FF900F0E5
:100230009BF90028F8D1BDE8084002F021BD00BFBD
:10024000002310B582B01146CDE90033D0E9002378
:10025000402B4AD1138D84464FEA132EBEF1030F73
:100260003FD0BEF1010F10D0234C1068D4F8042405
:10027000AEF10203CDE90002082B39D8DFE803F024
:100280000E3113181D22272C090000F05BF902B073
:1002900010BD60466A4600F071F9F8E760466A46AC
:1002A00000F04CF9F3E760466A4600F033F9EEE7F8
:1002B00060466A4600F026F9E9E760466A4600F0C3
:1002C0002DF9E4E760466A4600F02CF9DFE7604666
:1002D0006A4600F02BF9DAE760466A4600F02AF930
:1002E000D5E7604600F012F9D1E76FF08000CEE765
:1002F0006FF08500CBE700BF201C00202DE9F04FF8
:100300000468A3B0002C40F0E3800546202221467B
:1003100002A802F0C9F9202221460AA802F0C4F975
:100320004022214612A802F0BFF9EA6905F11C0B30
:100330005B46042662B9032153F8042D4E1E32B9E0
:1003400036B1314653F8042D4E1E002AF8D00E4621
:10035000EA6A042705F12C0362B9032153F8042D3E
:100360004F1E32B937B1394653F8042D4F1E002ABB
:10037000F8D00F46002E00F0A680402300216868C8
:1003800012AA02F015FA402840F09D8012AB012E0F
:10039000CDE9023000F09A804FF00108534C0DF186
:1003A000080905F1100A01975AF8043FD4F800042F
:1003B000D91C21F003011A1D04EB000701EB000C0E
:1003C000C0F5806E60D871455ED8414668683A468F
:1003D000C4F800C402F0ECF908F101084645C9F878
:1003E0000C0049F8087FDFD1019F002F73D0D4F8AB
:1003F00000040DF12808DC460BEB870A4146024653
:100400004FF00009AB4601905CF8040FC2F5806E16
:10041000C31C10F1040F23F0030304EB020543D8BF
:10042000734541D8D445C1E900504FF001091A4441
:1004300001F10801E8D1DBF808303146C4F80024A6
:10044000C4F804340AAA3B4602A8FFF7F9FE5D4649
:10045000002681463146D8F80430686858F8082BE1
:10046000013602F0C3F9B742F4D10025D4F80024D4
:1004700029461E48C4F8045402F016F9C4F8005482
:10048000484623B0BDE8F08F002102461748C4F863
:10049000041402F009F96FF08C0900234846C4F8EF
:1004A000003423B0BDE8F08F0198B9F1000F02D0FD
:1004B0001046C4F80024002102460C48C4F8041475
:1004C00002F0F2F8E7E76FF08309D9E7074C8CE711
:1004D0006FF08509D4E7AB683146C4F804340AAA42
:1004E0003B4602A8FFF7ACFE8146BEE7201C002079
:1004F00008B528220021024802F0D6F8002008BDE5
:10050000282000206FF08500704700BF6FF0850045
:10051000704700BF6FF08500704700BF6FF0850027
:10052000704700BF6FF08500704700BF6FF0850017
:10053000704700BF6FF08500704700BF6FF0850007
:10054000704700BFD1E9000102F05CBB10B5044C5C
:100550000F222046034902F06BF8204610BD00BF71
:1005600054200020AC06000008B50121024802F02A
:10057000BBFA002008BD00BF502000206FF08500AE
:10058000704700BF70B50368A6B0B3F57D7F42D059
:1005900040F2F532934220D1002504463C22294600
:1005A00007A80295049506950395059502F07CF839
:1005B0003C22294617A8169502F076F8E269032135
:1005C000019504F11C03002A5AD153F8042D4E1E44
:1005D000002A58D12EB13146F7E76FF0850026B0DA
:1005E00070BD4FF0FF30E26A042504F12C0362B9BC
:1005F000032153F8042D4D1E32B935B1294653F865
:10060000042D4D1E002AF8D00D462843012807D995
:10061000012026B070BD00F0FDFC002026B070BDAA
:100620000423002160680DEB030202F0C1F80428E6
:1006300033D1022E14D0002145B3236A402B2CD88D
:1006400016A804AA04900198059300F0F5FCDDE9D2
:10065000042305460021606802F0C8F82846BEE77A
:100660006669402E1CD833460121606806AA02F054
:100670009FF8864211D106AB029302A90396DBE7ED
:1006800003200426AFE730460E46ACE72A46019821
:1006900000F0D2FC05462846A1E76FF080009EE7F7
:1006A0006FF089009BE700BF002070474D626564D2
:1006B00020544C5320332E362E3100000000000011
:1006C000A81D0000010000004924000021240000B2
:1006D000407C0000802000203C000000407C0000A6
:1006E000201C002000000000407C0000001C0020B6
:1006F0000000000070210020AF050000201C002039
:1007000018010000001C00200800000000F07EBD61
:1007100008B572B62A492B4A2B4B916083F309889E
:100720002A4B83F30A8883F30B88294B22A1D1E952
:100730000001284CC3E9000100F0CEF8264BA3428B
:1007400038BF9C4614D2DCF808306BB1DCE90012EB
:1007500000230439043A51F8040F013342F8040F1E
:10076000DCF808008342F6D30CF10C0CA445EAD364
:100770001A481B4B98421BD2002403F1FF3CACEB00
:10078000000C00F110032CF0070C08309C4450F8CA
:10079000043C53B1002350F8082C043A42F8044FAB
:1007A00050F8041C01338B42F8D308306045EED179
:1007B00001F05EFEAFF30080A5EDF5FEA5EDF5FEC0
:1007C0000000000000ED00E0F80B00200004002015
:1007D000F80B0020F4060000D0060000F40600002C
:1007E0000C070000EFF30880EFF309812DE9F00F0B
:1007F0006B46724600F0A6F908B0FFF787FFFEE7E8
:10080000EFF31083012B21D04FF47F02D2F8303167
:10081000D2F83421BFF34F8FC3F30B03092B21D040
:10082000114B186ABFF34F8FA0F1FF304FF47F02D6
:10083000B0FA80F0D2F830314009D2F83421BFF359
:100840004F8FC3F30B03092B0AD07047064B186A6E
:10085000BFF34F8FA0F1FF30B0FA80F0400970472E
:1008600062B6704772B6DBE70080FF00EFF31083DB
:10087000012B1ED04FF47F02D2F83031D2F8342150
:10088000BFF34F8FC3F30B03092B1BD0114BD86958
:10089000BFF34F8F00F001004FF47F02D2F83031E8
:1008A000D2F83421BFF34F8FC3F30B03092B07D0CA
:1008B0007047084BD869BFF34F8F00F001007047B5
:1008C00062B6704772B6034BD869BFF34F8F00F022
:1008D0000100E1E70080FF004FF47F028D4908B579
:1008E000D1F8D03043F00203C1F8D030D2F8303123
:1008F000D2F83421BFF34F8FC3F30B03092B00F061
:1009000090804FF47F02D2F83031D2F83421BFF317
:100910004F8FC3F30B03092B7BD04FF47F02D2F828
:100920003031D2F83421BFF34F8FC3F30B03092BBF
:1009300068D04FF47F02D2F83031D2F83421BFF3BF
:100940004F8FC3F30B03092B55D04FF47F02D2F81E
:100950003031D2F83421BFF34F8FC3F30B03092B8F
:1009600067D000226C4907E0D3F80003D3F80433C2
:10097000B2F5807F03600BD00868BFF34F8FD300C0
:10098000013003F57F0302F1010201F10801EBD10F
:10099000EFF31081FFF76AFF002857D1FFF730FF10
:1009A000002853D14FF47F025A49D1F88C3043F4D8
:1009B0004063C1F88C30D2F83031D2F83421BFF323
:1009C0004F8FC3F30B03092B00D008BD013A022A55
:1009D00037D9524852490368524A8B420CBF5A23B6
:1009E0000023C2F8103EC36A8B420CBF5A23002377
:1009F000C2F8003E08BD012AA7D10E224A4BC3F817
:100A0000E42EA2E7012A94D00122484BC3F87825AE
:100A10008FE7012A81D1454BC3F8382AC3F87825DE
:100A20007BE74FF050230022C3F81421C3F81821AC
:100A300067E7002101223D4BC3F80C17C3F81027CC
:100A40008FE73B4B9B5C002BC3D1BEE7BFF34F8FBF
:100A5000344BD3F80024012AFBD13248C3F80425D3
:100A6000D0F80034012BFBD101290BD04FF47F02C9
:100A7000D2F83031D2F83421BFF34F8FC3F30B03D8
:100A8000092B42D0FFF7F2FE58B1244AD36923F074
:100A90000103D361BFF34F8F224BD3F80024012A07
:100AA000FBD1FFF7ADFE68B11C4A136A23F0FF03C8
:100AB00043F020031362BFF34F8F1A4BD3F8002487
:100AC000012AFBD101290BD04FF47F02D2F830313B
:100AD000D2F83421BFF34F8FC3F30B03092B16D089
:100AE0000022104BC3F80425D3F80024012AFBD1BF
:100AF000BFF34F8F07490F4BCA6802F4E0621343FC
:100B0000CB60BFF34F8F00BFFDE772B6BAE762B6A6
:100B1000E6E700BF00ED00E00003FF000080FF00FB
:100B2000FA50FA500090035000A0035000400050CB
:100B3000082300000400FA057C22014901F078BD79
:100B40009C28002038B5244C6568244CC5F3080562
:100B500025601D46EFF3038363655306C4E9012056
:100B6000E1602DD502F00C020C2A08BF08460146B0
:100B7000206120221A4801F05BFD25B12022294680
:100B8000184801F055FD144B9A6AD96A986BC4E96C
:100B90001621206602F400406066586B9A62D962A2
:100BA00002F08002D3F8E410C4E91A02D3F8E80096
:100BB00001F04002C4E91C10A267C3F8E41038BD7C
:100BC000EFF39483990704D5130702D5EFF38980D7
:100BD000CDE7EFF38880CAE700ED00E09C28002015
:100BE000B0280020D0280020003918BF0121003A89
:100BF00018BF012210B40368084C890041EA420181
:100C00001C6359605A6842F001025A60BFF34F8F6B
:100C1000BFF36F8F002010BC704700BF04AAFF0015
:100C20004B68024613F01F0034D1126830B51468C7
:100C30000D68C4F30724A5422AD254685060956019
:100C400091F810C023F01F030CF0010C4CEA030CC8
:100C50008B7CDB0003F018034CEA030C8B68013B30
:100C600023F01F0ECB68497C5B00490003F00E03A4
:100C700043EA0E0301F0060141EA0C0143F00103CF
:100C8000D16013615460BFF34F8FBFF36F8F30BDDE
:100C9000012030BD0120704703681A6812F47F4FAD
:100CA000C2F3072C0AD000221146586859609A6096
:100CB00001329445D96019615860F6D1002070471F
:100CC0000722024BC3F80423704700BF00300050D6
:100CD000094BD3F80801D3F80031003818BF0120C0
:100CE00080000BB140F00100034BD3F804310BB18D
:100CF00040F00200704700BF003000500022074B58
:100D0000C3F80021D3F80011C3F80421D3F804116B
:100D1000C3F80821D3F80831704700BF00300050F5
:100D200000231720094903F5C0720133202B41F835
:100D30002200F8D100231720044903F5E0720133A3
:100D4000202B41F82200F8D1704700BF003000503E
:100D500010B4C90BB1EBD03F9DF8044010D343EA67
:100D60000423084C4FEAD03C43EA02105FFA8CF2AD
:100D700002F5C072614544F822000CF1010CF5D176
:100D800010BC70470030005010B401F1604100F118
:100D900060404FEA513CBCEB503F9DF804400ED3FD
:100DA00043EA0423074C410B43EA0210CAB202F59E
:100DB000E0728C4544F8220001F10101F6D110BC2B
:100DC000704700BF00300050C0F30E03C3F500436E
:100DD000B3FA83F3C3F11B03064AC0F3C730DBB297
:100DE00040F4807043F48073C2F80005C2F8043503
:100DF000704700BF00300050C0037047C00300F5CB
:100E0000FF407F30704700BF002070471F207047B1
:100E10004FF40040704700BF00F57F40C0304003F2
:100E2000704700BF034602485B031844704700BF89
:100E3000FF1FF81F402070475F2070474FF400509D
:100E4000704700BF054BC0F30730090241F0300185
:100E500000F5007043F82010704700BF00300050CC
:100E6000044BC0F30730090200F5007043F820106E
:100E7000704700BF0030005008B5FFF729FF014B55
:100E8000186008BD602F00200C22014901F0D0BB82
:100E9000602F002008B501F0C1F800B108BD01F0D5
:100EA0006BFF50B94FF6F771054AD3680B4043F01A
:100EB000BF6343F40033D36008BD45F2235008BD3F
:100EC00000ED00E00020704708B500F085F872B62C
:100ED00020BFFDE70020704700207047704700BF2B
:100EE00010B40446034A044B00201460196010BC7F
:100EF000704700BF702F00206C2F00202DE9F04FAD
:100F0000D0E90712D0E90565D0E90EBA476A304C3E
:100F10008BB02368D0F828C0D0F82CE0D0F830800F
:100F200001920297426B076DCDF80CC0CDF810E02E
:100F3000CDF81480D0E912ECD0E91098C3E907C7C6
:100F4000C3E9058EC3E9012BC3E903A9C3E9096518
:100F5000019A029FDDF80CC0DDF810E0DDF8148086
:100F6000D9621A635F63C3F838C0C3F83CE0C3F8C2
:100F70004080816ED0F858C0D0E91775D0E91C6266
:100F8000C3E915C7C3E91765C3E91912EFF38882EE
:100F90005A64EFF389814268C3E91212EFF3948136
:100FA000026819651A6707A8FFF76EFF0122236818
:100FB00007980849D8660C681A70640864002046CF
:100FC00021462246234603F0E1FD0BB0BDE8F08F39
:100FD000702F00206C2F002000B5A1B001A8FFF7F2
:100FE000ABFD029B33B15B0604D4019B23F00203EB
:100FF000052B02D021B05DF804FB054B1B68002BCC
:10100000F8D001A8FFF77AFF21B05DF804FB00BF1C
:101010006C2F0020BFF34F8F0549064BCA6802F4BE
:10102000E0621343CB60BFF34F8F00BFFDE700BF0B
:1010300000ED00E00400FA050346012B084604D049
:10104000042B08D023B103207047114600F08CB860
:10105000114600F029B870B5D1E90053082B20D112
:101060005468042C1DD14FF0FF3316682968336093
:10107000B9B16B68ABB126237422012000F096FE53
:1010800078B9224623230120696800F08FFE0446C8
:1010900038B9D5E90001FFF723FF03462046336046
:1010A00070BD022070BD00BF43680C2B25D14B687A
:1010B000042B22D14FF0FF3370B504680D6821680E
:1010C0002B60C1B1A268B2B10623012000F06EFE10
:1010D00088B9234B616803F1200CD3E900028142F7
:1010E00003F10803024404D3A66801EB060E9645FB
:1010F00005D96345F1D1022070BD0220704700F18F
:101100007F4303F50043B3F5805F20681ED241EAB8
:1011100006039B0721D1134B9E451ED8CEB1043147
:10112000021F081A0AE072B68158BFF34F8F62B6E9
:10113000A36842F8041F043BA36053B1EFF310838C
:10114000012BF0D18158BFF34F8FF1E7324601F008
:101150006FFA002318462B6070BD032070BD00BFDE
:101160000C2300000090FF0043680C2B11D14B684A
:10117000042B0ED110B4012400680A6803681460BF
:10118000013303D102238068136020B1022010BC18
:1011900070470220704710BC1060704700000000CC
:1011A000174BD0B51B681C68A36813F4406F1DD0A3
:1011B00011A7D7E9006700F053FF236B22691A4497
:1011C00022F00702A2F1080142E9026781F30988CF
:1011D000073323F0070383F30B88BFF36F8F094BAB
:1011E000E268094901F046F80020D0BD00F00EF891
:1011F000DEE700BFAFF30080A5EDF5FEA5EDF5FE3F
:10120000A4290020F80B0020011B0000FFF75CBEA2
:1012100008B5114B83F30A88104800F0EBFEC0B903
:10122000FFF738FEA8B9FFF74DFE90B9FFF752FE61
:1012300058B9FFF753FE00F059FD00F0F3FF00F03E
:1012400041FD00F0FBF8002008BDFFF745FE002837
:10125000EFD0FFF7DBFFF2E70004002018290020A1
:1012600070B40C4E75689DB101462B46002403E016
:1012700098681C4650B103461A6852688A42F7D1F2
:101280001CB19A687360A2609D60184670BC70477C
:101290002846FBE79C29002038B52AB10B689B68DB
:1012A000DB0514D5002038BD0C4B04461D688DB1FC
:1012B0002A68906958B10023343202E00133834236
:1012C00003D052F8041FA142F8D19842EAD16FF03E
:1012D000FC0038BDFFF79AFFEAE700BFA429002011
:1012E0002DE9F047DFF8B0900746D9F800500C46DA
:1012F0009046002D46D02B689B6813F4406F14BFB6
:1013000001220022002C38D0610036D5234B04F096
:101310001F0153F8215085B32B6829465868FFF701
:10132000BBFF064688BB2B68C4F307249A685205A6
:1013300020D5DB689C4220D1EFF3108A72B600F012
:101340007DFC04468AF3108810B3302200210C3053
:1013500001F0AAF9D9F8003020466360A560C4F80E
:10136000148000F05BFC0023206123603C60304669
:10137000BDE8F087DB689C42DED96FF0800630461E
:10138000BDE8F087FFF742FFB5E76FF08106EEE7B3
:101390006FF08206EBE700BFA42900201C29002083
:1013A00010B500F03FFC044600F050FC70B9094B4A
:1013B0001B6813B11B6803B15868A3685B681B689E
:1013C0005B68834218BF0024204610BD00242046DD
:1013D00010BD00BFA4290020034B186810B100689D
:1013E00000B14068704700BFA4290020074B10B52A
:1013F0001C683CB123689B6813F4406F14BF012044
:10140000002010BDFFF702FFF4E700BFA429002071
:1014100038B5054660B9084B1C683CB124682CB14E
:101420006468B5EBD47F01D0FFF7F0FE204638BDED
:1014300000F0DEFB0446F4E7A42900202DE9F0418A
:1014400000F0FAFB0023144E144FDFF85480736051
:101450007B6000F0D7FB03E02946204600F0AAFBA2
:10146000304600F02FF8044690B1394680234246BA
:1014700000F0C8F80546204600F022F9214651F850
:10148000040B00F04DFC0028E6D0FFF7BFFEE3E7B9
:10149000BDE8F041FFF784BEA82900209C29002068
:1014A0001C290020002300F1280252F8041F29B152
:1014B000C16FD2F840C01944C1F804C00833202BD2
:1014C000F3D17047F8B50646002800F08D80484FEC
:1014D0003C6814F1310F00F28480464A04F1300375
:1014E00011688B427DD2E369A26903EB83030E325C
:1014F0001344226A02EB42021344626AC2EBC20244
:1015000013449B00E31801D2994201D2FFF77EFEFB
:10151000236839491A0C12048A4246D19BB2B3F5AA
:10152000817F49D26368002B4BDBD4E90A239A42BE
:101530004DDCA36813F4406F16D0756815B913E03D
:10154000ED698DB12B689A6812F4406FF8D0E16AAA
:101550009A6A9142F4DBA26ADB6A9A42F0DCFFF7F6
:1015600055FEED69002DEDD1244A254B156819680B
:1015700005F120038B42136030D8E369A26903EBC5
:1015800083030E321344D4E9081201EB41010B44EA
:10159000C2EBC20213443A682C6002EB8302736808
:1015A0002846EB613A607560F8BDFFF72FFE2368AF
:1015B0009BB2B3F5817FB5D3FFF728FE6368002B9C
:1015C000B3DAFFF723FED4E90A239A42B1DDFFF72D
:1015D0001DFEA36813F4406FAFD1C5E7FFF716FEF9
:1015E000CBE700252846F8BDFFF710FE6FE700BFE8
:1015F000882000203423000000005F5F842000204A
:10160000302300002DE9F04F83B08046894617460D
:101610000193002846D0002944D0D8F8002026485D
:1016200002F13805D2E906310468009205EB830522
:10163000A1B3224B01EB41021B6804EB82029A42E8
:10164000026032D84FF0000B44B30023AE680BF1B8
:10165000010B16F4007FC4E90058A36005F11405DE
:101660005FFA86FA11D017B1019B802B01D0FFF7EA
:10167000CDFD16F0E00F02D157F82A200AB1FFF78E
:10168000C5FD009BD96947F82A40D9F8042059457F
:10169000A260C9F8044004F10C04D6D8002003B0BD
:1016A000BDE8F08FFFF7B2FDB7E7FFF7AFFD009B96
:1016B000D9690029C6D1F1E7802000202C23000041
:1016C000704700BF8230012800D9704708B5FFF786
:1016D0008DFE00B108BDBDE80840FFF797BD00BF13
:1016E000F8B505460F46FFF75BFE0446002845D0D7
:1016F000A668002E47D0E368991C16D05A1C18D152
:101700008FBB15F1810F23D0EFF3108672B62946F7
:10171000204600F047FA054686F310882368022B1E
:101720001CD0002328462360F8BD02232360002537
:10173000EAE7002B1FDB2046FFF7B4FE33683D4687
:101740009B689B0544BF0223236015F1810FDBD109
:101750006369002BD8DBFFF759FDD5E7204600F081
:1017600077FA2846F8BD17F1820F0FD017F1830FD3
:1017700001D13D46C8E7FFF749FDD8E7FFF746FD31
:10178000A668002EB7D1FFF741FDB4E702233D461E
:101790002360B9E708B5FFF797FB6FF0830008BD3A
:1017A0002DE9F04F97B0CDE901300B0E714C03934A
:1017B0000BB2002BD4F80080C1F30267C1F30249D9
:1017C000C0F293801646029A8B420D46D36000F019
:1017D000948007EB0903042B00F28780CB0F4FEABC
:1017E000431BFC0031464BF002032246D8F80400AC
:1017F000039300F0DBFA0146002876D1202206A8E8
:1018000000F052FF4FEAC90A3146224606A800F00E
:101810000FFF52460199D8F804004BF0060300F080
:10182000C5FA0646002860D1014620220EA800F025
:101830003BFF524601990EA800F0FAFE2B0E13F062
:10184000060F1ED04FF0010E06AB77451C440DF17C
:10185000200C10D963465CF8080CD3E900120A4446
:10186000904203F1080304D25CF8042C0244914234
:101870003BD3A342F1D10EF1010E77450CF1080CD8
:10188000E8D8029B15F0006403F12C0A4FF0100217
:1018900003F11C00CDF810A033D1214600F004FF65
:1018A00021461022504600F0FFFE002F39D0029B47
:1018B000CDF814B006ACDDF80CB003F1180A0AE05C
:1018C0006368BE424AF8043F54F8083BCAF8300047
:1018D000CAF8203023D25B4662682168D8F8040039
:1018E000013600F063FA0028EAD06FF0800017B0EC
:1018F000BDE8F08FDDE90123DA67002017B0BDE80D
:10190000F08F002100F0D0FE10220021049800F09A
:10191000CBFE3FB322234FF0200B0393C7E7DDF844
:1019200014B0BBF1000F1DD10026B9F1000FE1D0BA
:10193000049D0EAC46F0060605EB890908E06368D5
:1019400045F8043B54F8083BA945E863EB62D1D065
:10195000334662682168D8F8040000F027FA0028AE
:10196000EDD0C2E7002D03DBC5F3C0467601DCE70E
:101970002026DAE7A42900202DE9F04182B098461C
:101980000E4617460546FFF731FDFFF741FD294694
:10199000024601A8FFF7A4FC044618B1204602B095
:1019A000BDE8F08143463A4631460198FFF7F8FE1C
:1019B000044628B16B00F1D5019800F049F9EDE734
:1019C000019800F0C7F80446204602B0BDE8F08157
:1019D00040F20110704700BF70B50546FFF706FDE5
:1019E00006462846FFF73CFC48B10446014632460D
:1019F0002846FFF751FC10B92368D86870BD002055
:101A000070BD00BF2DE9F0411D4C0D46D4F800809B
:101A100016461F46FFF7C4FC044658B3E368002B84
:101A200025DB032D20D804EB8504E569E36CED1A72
:101A300002D12846BDE8F08106233A463146D8F85F
:101A4000040000F0B3F9C0B9BD4228BF3D46E36CC5
:101A5000E16B304619442A4600F0EAFDE36C284663
:101A60002B44E364BDE8F081FFF7D0FBDBE7FFF731
:101A7000CDFBD6E7FFF7CAFBD0E7FFF7C7FBE3E7ED
:101A8000A42900202DE9F0411C4C0F46D4F8008019
:101A900016461D46FFF784FC044660B3E368002B3E
:101AA00026DB032F1BD804EB8704E36AE26E9B1A44
:101AB000AB421AD302232A463146D8F8040000F07C
:101AC00075F978B9E36EE06D31462A46184400F0A6
:101AD000AFFDE36E00202B44E366BDE8F081FFF725
:101AE00095FBE0E7FFF792FBECE7FFF78FFBE1E701
:101AF000FFF78CFBD5E7FFF789FBCFE7A429002090
:101B0000124B2DE9F041DFF848805C680646D8F8B2
:101B100000709CB101252368986810F400700AD108
:101B20006269012A07D0DB68C8F8004013B1984702
:101B3000002808DB6561E469002CECD13046C8F868
:101B40000070BDE8F081FFF761FBF3E7A8290020F2
:101B5000A429002000B338B583680446CBB11A68C5
:101B6000BAB15D68ADB10E4B6869AC611D6048B932
:101B70002B68DB6823B1984700280ADBA3681A6842
:101B800001236B61136904F10C0098470123236062
:101B900038BD6FF0800038BD6FF08000704700BF27
:101BA000A42900204268024B08461A60704700BF13
:101BB000A429002010B5002304460068A3618268B0
:101BC000636112F4406F03D0130502D4044B1C6010
:101BD00010BDD0E90A0100F005F8014B1C60F7E7E1
:101BE000A4290020014BC3E900017047B02900205F
:101BF000034BD3E900308342C8BF0020704700BFC9
:101C0000B029002008B500F01FFA034B986000F0DF
:101C100021FA80F3888808BD00ED02E04FF480507F
:101C2000704700BFB0F5805F03D1EFF30B808038C1
:101C300070470020704700BF704700BFEFF30B8074
:101C400000F1800383F30B88704700BF00207047CA
:101C5000EFF30B83803B83F30B887047EFF308802F
:101C60007146EFF30982EFF30B830CB406B400F076
:101C70000DFB8646009900F0080001F00801401AAB
:101C800002DC12DB04B070471EF020031CBF2DE9FC
:101C9000F00FBDF1080D0A4C254626462746A04602
:101CA000A146A246A34630B4704704B030BC1EF033
:101CB00020031CBF1DF1080DBDE8F00F04B07047F4
:101CC000A5EDF5FE00216020074BDA6882F07F4227
:101CD00082F47F0242F48042DA6019765976D9762E
:101CE000D97783F82200704700ED00E0704700BF0D
:101CF000009A0A4B9A420FD10122904301460246B4
:101D00000346044605460646074680468146824607
:101D10008346844686460447FEE70000A5EDF5FEAF
:101D200000283DD00B4600293AD08268016A12F49F
:101D3000406F14BF0122002242F002022DE9F0415F
:101D400006461A6049B30024DFF85C80254600F19E
:101D5000380703E0A94204F10C041ED9D6E9063283
:101D600002EB820207EB830303EB82031A199268EA
:101D700001351207EED51B59434503D043F6DA303F
:101D8000BDE8F081D8F800000028E3D00121FFF77A
:101D900059F8316A0C34A942E0D80020BDE8F0813E
:101DA00043F6DA30704700BF90200020002A00F090
:101DB000A7802DE9F0410D4621B3144603F0060239
:101DC000062A23D09A071DD508269B0648BF46F051
:101DD0001206870758BF46F00406C10709D5EFF37E
:101DE0009483DA074CBF46F0040626F0040646F05A
:101DF000120632462146284602F048FE40B1002035
:101E0000BDE8F0814CF2DA20BDE8F0810126DCE784
:101E100045E800F32C441F0E1B0204F1FF3141E89A
:101E200000F24FEA126002D46FF07F00E8E713027D
:101E3000FAD58742F8D045E800F841E800F10F0EE6
:101E4000FEF7E2FF4FEA1868804503D3FEF7DEFF96
:101E5000874231D9FEF7EEFF8045E5D3FEF7ECFF70
:101E60008742E1D84046FEF7DDFF0346C5F1010198
:101E700028463246194402F009FE0028D4D008F161
:101E800001050DE02846FEF7C7FF8046FEF7D6FFA6
:101E9000324601464046013502F0F8FD0028C3D025
:101EA000AF42EFD83846FEF7B7FF3246211A02F0AC
:101EB000EDFD0028A3D1B7E74046FEF79FFF03469C
:101EC000C5F1010128463246194402F0DFFD002821
:101ED000AAD008F101050DE02846FEF78DFF8046E7
:101EE000FEF796FF324601464046013502F0CEFD30
:101EF000002899D0AF42EFD83846FEF77DFFD4E7EF
:101F00000020704770B5012586B03148FEF7C4FE49
:101F100000224FF440762F4C8DF8162023682C4871
:101F200001932B4423602C4B01A9DA681B690495AB
:101F3000ADF8146002920393FEF772FE002842D1BE
:101F400023688DF81600019301332360234B20484A
:101F50000293234B01A90495ADF814600393FEF797
:101F60005FFE00282FD123688DF8160001930133FE
:101F700023601C4B164802931B4B01A90495ADF836
:101F800014600393FEF74CFEE8B9236840F2011297
:101F9000019301332360154B8DF816000293144B07
:101FA0000B480393022301A9ADF814200493FEF714
:101FB00037FE044638B92A4629460548FEF714FE7E
:101FC000204606B070BD43F6DA3006B070BD00BFE3
:101FD0008C200020B8290020B0230000E02300005E
:101FE000804D0000C0060000C0060000001C00205C
:101FF000201C002010B5044600F0A0F800F0AEF858
:1020000040B900F0E9F828B9FFF77CFF10B90223C6
:10201000236010BD43F6DA3010BD00BF08B500F0F4
:1020200051F868B900F058F850B900F061F838B9C3
:1020300062B600F05FF818B900F074F800B908BD96
:1020400043F6DA3008BD00BF014B1868704700BF87
:10205000B0230000014B1B6818687047B0230000D4
:10206000014B1B6858687047B023000008B5FEF7A5
:1020700003FFFEF743FE0A4B5B68103B1A060AD4C7
:102080000121DAB25309074802F01F02603301FA56
:1020900002F240F82320BDE80840FFF7B7B800BFC0
:1020A00000ED00E000E100E0EFF30880EFF30981CC
:1020B0002DE9F00F6B467246FEF744FD08B0FFF7BE
:1020C000D5FFFEE70020034BD8765A6A42F470220F
:1020D0005A62704700ED00E00349044BCA680020D3
:1020E00092B21343CB60704700ED00E00800FA05A0
:1020F0000020704700234FF0FF30094903F1A00290
:102100000133102B41F82200F8D1D1F880320020A1
:1021100023F00803C1F88032D1F88032704700BF45
:1021200000E100E008B5FEF7CBFD0822024BC3F842
:1021300080211A60002008BD00E100E0064BD3F8C2
:10214000D02022F00102C3F8D020D3F8D02042F0F2
:102150000202C3F8D020704700ED00E030B5012442
:1021600083B0FEF7DDFD174D2246052347F6FF71CC
:1021700000200094FEF7ECFD224607234FF00050AC
:1021800011490094FEF700FEA96868680723002241
:102190000094FEF7DDFD072300220C490C48009453
:1021A000FEF7F2FDD5E903010139FEF70DFE4FF40C
:1021B00078200623002207490094FEF7C9FD00207D
:1021C00003B030BDB0230000FF7F0020FFFF0320DD
:1021D00000800020FFDF0F0038B50F4C04F17805B8
:1021E00054F8040F0021FEF73BFEAC42F8D100206A
:1021F000012240F201154FF48071084B084CC3F8DE
:102200008004C3F88424C3F8C004C3F8C424C4F809
:102210004055C3F8401438BD34230000003000504E
:10222000009003500122014B1A607047BC29002026
:1022300010B504460B4A062312686168506822896B
:10224000FFF7B4FD18B9084B1B68012B03D06FF0E2
:102250008603236010BDFFF7BFF86FF0860323608D
:1022600010BD00BFA4290020BC29002004460D4653
:10227000A546284783F3088896460222EFF3148385
:10228000134383F31488BFF36F8F0847F8B501F049
:102290000C030C2B0CBF154605464A060C4601F0F4
:1022A00008061FD58B06B6FA86F358BF2835AA69EB
:1022B0005B0912F8026CC6F38012934206F0A00785
:1022C00005D147B16FF083032B602046F8BDFEF7C0
:1022D0009DFF002FF6D166B1032EF3D12846FFF7FC
:1022E000A7FFF2E7FEF792FF002EEBD1FEF78EFF7D
:1022F000E8E7FFF7A3F8044602482146FFF7B6FFD8
:10230000E3E700BFF80B0020000001000002FF001F
:102310002C0000003001FF00080000004001FF0019
:102320000C0000000881FF00F8020000E8210020F6
:10233000D021002018020000004000500050005042
:10234000008000500090005000A0005000B00050ED
:1023500000E0005000F0005000000150001001505B
:1023600000400150005001500070015000800150A9
:1023700000B0015000C0015000D0015000E00150F9
:1023800000F00150000002500010025000200250E6
:1023900000300250004002500060025000800250A5
:1023A00000A00250009003500025845000A003506C
:1023B0000080000000800000FF7F0F00007C000014
:0C23C0000080000000800F00FFDF0F0015
:1023E0000348044B834202D0034B03B118477047A4
:1023F0007021002070210020000000000548064BDD
:102400001B1AD90F01EBA301491002D0034B03B1F2
:102410001847704770210020702100200000000044
:1024200010B5064C237843B9FFF7DAFF044B13B11C
:102430000448AFF300800123237010BD80280020E2
:10244000000000007C4D000008B5044B1BB104499E
:102450000448AFF30080BDE80840CFE7000000006B
:10246000842800207C4D0000A3F5803A704700BF0F
:10247000174B002B08BF134B9D46FFF7F5FF0021BC
:102480008B460F461348144A121A00F00DF90E4BF2
:10249000002B00D098470D4B002B00D09847002010
:1024A000002104000D000D48002802D00C48AFF3B5
:1024B000008002F0C7FA20002900FEF7A9FE02F012
:1024C000ADFA00BF0000080000000000000000009E
:1024D000F80B0020702100202C38002000000000A4
:1024E00000000000002383F300887047009A074B28
:1024F0009A4208D110B500F00BF9FFF7F3FF06BCC4
:1025000096460C46744700F08FF90000A5EDF5FEE5
:10251000009A074B9A4208D110B500F009F9FFF76D
:10252000E1FF06BC96460C46744700F07DF90000BA
:10253000A5EDF5FE0CB4029A084B9A420CD14FF06F
:10254000004319430CBC10B500F006F9FFF7CAFFB1
:1025500006BC96460C46744700F066F9A5EDF5FEFC
:10256000009A044B9A4202D103490868744700F06C
:102570005BF90000A5EDF5FEDC4B0000009A034B73
:102580009A4200D1744700F04FF90000A5EDF5FE26
:10259000FEF73CBEEFF30880EFF309812DE9F00F61
:1025A0006B467246FEF7CEFA08B0FFF7F1FFFEE782
:1025B000FEF72CBEEFF30880EFF309812DE9F00F51
:1025C0006B467246FEF7BEFA08B0FFF7F1FFFEE772
:1025D000FEF71CBEEFF30880EFF309812DE9F00F41
:1025E0006B467246FEF7AEFA08B0FFF7F1FFFEE762
:1025F000FEF70CBEEFF30880EFF309812DE9F00F31
:102600006B467246FEF79EFA08B0FFF7F1FFFEE751
:10261000FEF7FCBDEFF30880EFF309812DE9F00F21
:102620006B467246FEF78EFA08B0FFF7F1FFFEE741
:10263000CAB310B540EA0104A40703460CD004E075
:1026400043EA010C1CF0030F06D011F801CB013A4C
:1026500003F801CBF4D110BD032A17D98C46A2F19F
:10266000040E2EF0030E04318E44A3EB0C03DCF8B1
:10267000004043F80C4003EB0C040CF1040CE6455D
:10268000F5D112F00302E6D06146231D8C461144B9
:10269000A3EB0C039CF8002003F80C200CF1010CB8
:1026A0006145F7D110BD704730B50C0444EA0164B0
:1026B0000C4344EA012472B183070DD084465FFACB
:1026C00081FE02E013F0030F07D06346013A03F8DE
:1026D00001EB9C46F6D130BD0346032A11D9A2F185
:1026E000040E2EF0030E03F1040CE6441D461C609C
:1026F000634673450CF1040CF8D112F00302EAD0E2
:102700002B1DC9B21A4403F8011B9A42FBD130BDFC
:1027100008B5EFF30583C3F308031BB9BDE8084010
:10272000FFF756B9FEF772FDBDE80840FFF750B954
:1027300010B50446EFF30583C3F3080323B920461D
:10274000BDE81040FFF748B9FEF760FD2046BDE840
:102750001040FFF741B900BF2DE9F04104460D4696
:1027600016461F46EFF30583C3F30803ABB9DFF842
:102770003C803B46294620463246D8F80050FFF7B9
:10278000FBF8D8F8003004469D4209D0BDE8F0417E
:102790009B6901461869FEF7A3BFFEF737FDE6E720
:1027A000FEF790FF2046BDE8F08100BFA42900207D
:1027B0002DE9F04104460D4616461F46EFF305830A
:1027C000C3F308033BB93B46324629462046BDE8E1
:1027D000F041FFF717B9FEF719FD3B46324629468F
:1027E0002046BDE8F041FFF70DB900BF2DE9F041EB
:1027F00004460D4616461F46EFF30583C3F3080350
:102800003BB93B46324629462046BDE8F041FFF73A
:1028100039B9FEF7FBFC3B46324629462046BDE867
:10282000F041FFF72FB900BF08B5EFF30583C3F3FD
:1028300008031BB9BDE80840FEF7ACBFFEF7E6FC95
:10284000BDE80840FEF7A6BF0F4B02689A4206D1CA
:10285000C269A3F11023A3F1EF139A4201D0012022
:1028600070478368012BFAD8C36813B10269934299
:10287000F5D043692BB18069C01AB0FA80F04009E5
:1028800070471846704700BF55AA00FFF8B5164BB1
:10289000996829B10846FFF7D7FF08B9CB680BB193
:1028A0000120F8BD0B69002BFBD0104D104E1A68AB
:1028B000AA42F5D1DA69B242F2D19A68012AEFD878
:1028C000DC68002CECD01A699442E9D05F691FB132
:1028D000D3F818C06745E3D08C42E1D11946002AED
:1028E000DFD01346E3E700BFC029002055AA00FF50
:1028F000669911EE002865D070B5374D2B68002B16
:1029000054D0AA68002A51D08342014661D86A682F
:10291000134498425DD2A0F120063046FFF794FFA1
:10292000002856D151F8183C012B52D151F8144CC3
:1029300041F8180C51F8100C002C38D0A368002B6B
:1029400035D151F81C2C6368203213442061636038
:1029500000B1C460202200213046FFF7A5FE2069A7
:10296000F0B18368E3B9264642687368134402698C
:10297000203373603261D6E9051331B38B6103B143
:102980005961416983697161B361E1B18E61B36974
:1029900003B15E6102B1D66020220021FFF784FE00
:1029A0002B699B0702D5FFF771FF90B970BD10B17D
:1029B0008368002BD8D0EB6841F8083C03B15E6116
:1029C000EE60EDE77047EE60E2E7002BD9D0EB60F8
:1029D000D6E7012002F022F8C02900202DE9F84FA7
:1029E0003E4D2B68EC68002B40D0AB68002B3DD0EF
:1029F00000283BD0002939D001FB00F6B6FBF0F0EF
:102A0000884233D1301D31D8B10733D026F00301CD
:102A1000043114B92BE0A4694CB363688B42FAD338
:102A2000D4F808C0BCF1000F55D1A0695B1A232B64
:102A30008146676920D80123A360002F47D0B86181
:102A4000A06900B1476100232A696361D207A361CD
:102A500003D5FFF71BFF00283DD12034324600216B
:102A60002046FFF721FE2046BDE8F88F00242046CF
:102A7000BDE8F88F3146CCE7D4F8108001F1200E84
:102A8000DFF85CB0DFF85CA004EB0E02203BC2E98B
:102A9000013CC2E9034844F80EB0C2F81CA0B8F1EA
:102AA000000F01D0C8F80C20C2F81890576187B108
:102AB000BA61906900B142610023616029692261B5
:102AC0000122C4E90533CB07A260C6D5C1E7E8609F
:102AD000B7E7EA60EEE7012001F0A0FFC02900207F
:102AE00055AA00FF669911EE38B50D461422002153
:102AF00004461148FFF7D8FD1049114800F030F89E
:102B0000232D18D914F0030304D0043DC3F10402AB
:102B10001D4414442A4600212046FFF7C5FD064BFC
:102B2000084A0948A5F12001C3E901541C60E0618D
:102B3000C4E90021DC6038BDC0290020F528000070
:102B4000DD29000055AA00FF669911EE00207047AC
:102B5000704700BF014B1B68184700BF982000203A
:102B600010B40446034A044B00201460196010BCE2
:102B7000704700BF9C2000209820002039B1044BF2
:102B80000A4610B500211B680446984710BD7047DF
:102B9000A020002010B5044628B121B1044B0A46FC
:102BA0001B68002198472046BDE81040FFF7D2BFC0
:102BB000A020002038B50446406A10B1A16AFFF792
:102BC000E9FF0022237FC4E90922012B0FD0023B39
:102BD000012B13D8236A012B0CBF15466FF0960505
:102BE0002C2200212046FFF75FFD284638BD236ACE
:102BF000002B0CBF00256FF09605F1E76FF09605EE
:102C0000EEE700BF074B5A78022A02D06FF0880027
:102C100070471A78072AF9D10A460146181D00F0B4
:102C200097B800BFD429002010B5134C237859075A
:102C300044BF03F0FB0323709A0716D4637883B96B
:102C4000002304210D486370FFF798FF2378DB070A
:102C500000D410BD00F078F8237823F0010323702E
:102C600010BD064800F086F8EAE700F053F8237834
:102C700023F002032370E1E7D4290020D8290020A3
:102C800038B51E4C62782378022A1AD0DD071CD58D
:102C9000980725D562783AB15A075CBF43F0040320
:102CA00023700025284638BDD907F5D5144800F013
:102CB0004DF8022305466370F0B1FFF7B5FF2846D3
:102CC00038BD072BEDD0DD07E2D400F03BF82378C8
:102CD000054643F0010323700028EED19807D9D4AC
:102CE00000F010F82378054643F002032370002813
:102CF000D0D0FFF799FFE2E72378CDE7D429002071
:102D0000D82900200122024B002083F8802570473B
:102D1000DC2900202DE9F041DFF82480012744461A
:102D2000032608F5B0652762267720462C34FFF786
:102D300041FFAC42F7D1002388F88035BDE8F0812F
:102D4000DC29002000207047704700BF002070473A
:102D500010B582B0002001AB144600F05FF830B926
:102D6000019BA34218BF6FF0930002B010BD6FF03B
:102D70009200FAE70020704710B50C4C236813B19D
:102D80000B4B1B682BB900F089FC30B90122084BB2
:102D90001A6001232360002010BD0138062801D9E4
:102DA000044810BD044B53F8200010BD782F0020BC
:102DB000742F0020FE8FFFFF044C0000144B2DE900
:102DC000F043002814BF04461C46124F236883B00A
:102DD000BB4219D016460D4620464FF4147104F13B
:102DE000040900F047F804F58E78484600F0CEF864
:102DF000404600F019FA2B464A46404606490096DE
:102E000000F034FB08B92760002003B0BDE8F08370
:102E10007C2F0020A5BCC95A1130000070B50D4CA4
:102E20001D46002814BF064626460B4B306882B06C
:102E300098420DD106F58E70002633460096144652
:102E400000F03EFB002818BF34462C6002B070BD75
:102E50000248FBE77C2F0020A5BCC95AE88FFFFF82
:102E600038B131B1002201440346013081421A7069
:102E7000FAD1704738B131B1002201440346013024
:102E800088421A70FAD170472DE9F043202B1D4675
:102E90000646884691468BB026D8DBB202AF8DF845
:102EA0000480B04658F8041B8DF8053021B940461F
:102EB00001F038F9044640B901230222404633604C
:102EC00001A901F043F9044638B138462021FFF743
:102ED000D1FF20460BB0BDE8F0832A464946404664
:102EE00001F034F90446F0E702AF1946104600231A
:102EF0003A4601F0B1FA04460028E6D12023B9464B
:102F00001D46CCE72DE9F041D0F8F830A6B0002BF3
:102F1000D8BF02AE31DD05460027D0F80C4102AE25
:102F2000A4F101089022D5F8FC403146D0F8000108
:102F300001AB0197B8FA88F8A0474FEA5818044641
:102F400020B9019B53B9B8F1000F16D0304690213B
:102F5000FFF790FF204626B0BDE8F08101463246DB
:102F60002846FFF791FF58B9D5F80431019A134468
:102F7000C5F80431B8F1000FE8D16FF03C04E5E783
:102F80000446204626B0BDE8F08100BF70B500259C
:102F90000446142204F588762946C0F8F850FC301F
:102FA000FFF782FB082229463046FFF77DFB144BD2
:102FB00030461B689847204640F8045B01F098F8BB
:102FC000104B30461B689847C8B9D4F8F830AB426C
:102FD0000FDC03EB830204EB82022021C2F8000124
:102FE0000120C2E9421008490133C2F8FC10C4F8BC
:102FF000F830064B3046BDE870401B68184770BD7E
:10300000C0200020BC200020F53F0000B820002098
:103010002DE9F047202A88B07AD83F4B00F588790F
:1030200004461B6848461746884698470546F8B93F
:1030300040F20116D4F8F830002B65D02046FFF797
:1030400061FF054638B9D4F8F830002B14DC013E96
:10305000F2D16FF03B056E4620213046FFF70AFFA4
:103060002E4B48461B689847002818BF6FF01D0577
:10307000284608B0BDE8F087D4E94132934203D333
:10308000D4F80C21012A02D0013ED7D1E1E71F2B51
:10309000FAD96E4601462022304604F1040AFFF7B1
:1030A00003FB3146504601F07BF805460028D3D19A
:1030B000504601F031F8504601F01AF829465046C2
:1030C00001F030F805460028C6D15046202231468E
:1030D00001F03CF805460028BED1034632462021C7
:1030E000304601F0B9F905460028B5D1D4F8F830DA
:1030F0003A46002BC8BF002340463146C8BFC4F83B
:103100000431FFF795FAA7E76FF03F056E46A3E796
:103110006FF03B05ACE700BFBC200020B8200020CA
:1031200070B590B000287AD03E4C0D464022362132
:1031300006462046FFF7B8FA40225C21A018FFF7A8
:10314000B3FA2B1DA34203D904F144039D4252D389
:103150002B682268534023602B68226C5340236401
:103160006B686268534063606B68626C5340636471
:10317000AB68A2685340A360AB68A26C5340A364E1
:10318000EB68E2685340E360EB68E26C5340E36451
:103190002B69226953402361226D2B6953402365BB
:1031A00062696B69534063616B69626D534063652B
:1031B000AB69A2695340A361AB69A26D5340A3659B
:1031C000EB69E2695340E361EB69E26D5340E3650B
:1031D0000021304600F0A6FF044628B940223046C0
:1031E000104900F0B3FF044640216846FFF742FE55
:1031F000204610B070BD631E04F13F01013D1F3435
:1032000015F8010F13F8012F42401A7011F8012F21
:103210002878A34282EA00020A70F1D1D8E76FF061
:103220007304E5E7CC31002010B54FF49A72002109
:103230000446FFF739FA42F21072044BC4F8202119
:1032400004F596701B68BDE810401847C0200020A8
:103250002DE9F04F04468846914695B0002900F0CC
:10326000A780002A0CBF0126022600238DF80C300F
:10327000002C00F09F80DFF844A104AF0AF1400B5E
:103280000021204600F04EFF034648B13846202179
:103290000193FFF7EFFD019B184615B0BDE8F08FD5
:1032A00040225146204600F051FF03460028EDD150
:1032B00004F1F40520222946204600F047FF03468A
:1032C0000028E3D10122204603A900F03FFF034676
:1032D0000028DBD1022E62D020460CA900F060FF4E
:1032E00003460028D2D10146204600F01BFF0346CA
:1032F0000028CBD140225946204600F027FF034644
:103300000028C3D1202220460CA900F01FFF03464D
:103310000028BBD13946204600F042FF0346002872
:10332000B4D139462046FFF7FBFE03460028ADD155
:1033300020222946204600F009FF03460028A5D197
:1033400020460CA900F02CFF034600289ED1014620
:10335000204600F0E7FE0346002897D14022594658
:10336000204600F0F3FE034600288FD1202220469D
:103370000CA900F0EBFE0346002887D12946204621
:1033800000F00EFF0346002880D19DF80C2001328A
:10339000D2B2B2428DF80C20FFF472AF76E74A4603
:1033A0004146204600F0D2FE0346002894D06DE747
:1033B00001265AE76FF0730304AF67E7CC310020B2
:1033C0002DE9F0410446884615461F46D0F81801FD
:1033D000E0B013B100EB40004008B5F5807F3ED867
:1033E0002844B0F5C07F3AD84FF4C0720021684637
:1033F000FFF75AF96946D4F82431D4F81821D4F8E3
:103400002801984770BBD4F8186157B1D4E9493006
:1034100072080DEB0601984720BBD4F8183106EB73
:103420005306B8F1000F00D08DB9324669462046E8
:10343000FFF70EFF054610B90123C4F814313146D9
:103440006846FFF717FD284660B0BDE8F0810DEB38
:10345000060041462A462E44FFF7EAF8E5E76FF0FA
:103460000405F0E76FF00805EDE700BF2DE9F04730
:10347000044604F1F4050F4691461E46DDF820800F
:1034800000F036FE29462046FFF74AFE08B1BDE8A7
:10349000F087284620220121FFF706F9D4F81831D9
:1034A000C4F82471C4F8289113B92023C4F8183142
:1034B000424631462046BDE8F0470123FFF780BF72
:1034C000B2F5806F00F295802DE9F04F89B09A46F1
:1034D000129BB3F5807F00F29080D0F8243116461D
:1034E00004460F464BB3D0F81C31012B05D0D0F861
:1034F0001421D0F820319A421FDD51460023204686
:10350000129AFFF75DFF014698B900231293002E2F
:103510005ED0DFF8EC9009F1400B0021204600F06E
:1035200001FE202E3546014628BF202504F1F4086F
:1035300090B1084609B0BDE8F08FBAF1000FE6D0AF
:10354000129B002BE1D051461A462046FFF780FE21
:1035500001460028DBD0ECE749464022204600F037
:10356000F5FD01460028E4D141462022204600F026
:10357000EDFD01460028DCD16946204600F010FE32
:1035800001460028D5D1204600F0CCFD0146002898
:10359000CFD159464022204600F0D8FD01460028F0
:1035A000C7D169462022204600F0D0FD0146002800
:1035B000BFD14146204600F0F3FD01460028B8D1B6
:1035C00038462A464146FFF733F8761B2F44A4D1EC
:1035D00051462046129AFFF73BFE01460028A8D12B
:1035E0000846D4F814310133C4F8143109B0BDE8E9
:1035F000F08F6FF00201084670476FF0040198E702
:10360000CC310020002130B58DB0282202A80191D4
:10361000FFF74AF802A800F047FF044610B1204621
:103620000DB030BD174D4FF0FF31286800F042F962
:10363000044620B1144800F0D3F9012C18D0002022
:1036400000F068F9D0B9114A02A901A800F0C4FC41
:103650000446012000F05EF960B9286800F032F9F4
:103660000028DCD00A4800F0BBF920460DB030BD80
:103670000524F2E7074800F0B3F9EEE7064800F04A
:10368000AFF9E0E7A4200020204C00004C320020DD
:10369000784C0000584C0000384C000030B583B026
:1036A00000F05CF828B100F0ABF80324204603B02A
:1036B00030BD00F077F8D8B900F02CF9E0B9224C11
:1036C000D4F828391B0EF02B0AD1D4F8242A1F4B2A
:1036D0009A4231D000F044F8072400F091F8E5E771
:1036E000062400F03DF800F08BF8204603B030BD12
:1036F0000424204603B030BD00F032F800F080F81A
:10370000FFF780FF044698B9114D2B68002BCDD1EF
:1037100002460146FFF752FB50B968220D4901AB42
:10372000FFF77CFB20B920460B4B2B6003B030BD6C
:103730000524204603B030BD012000F0EBF800283E
:10374000DAD1C4F80C0ADBE7001084500000E02056
:103750006C340020703400205AEA5A5A0020704716
:1037600000207047430504D54FF0FF32034BC3F8E8
:103770000821024BC3F8080A704700BF00108450AC
:10378000014BC3F8040A70470010845008B100F0E0
:103790006BB84FF47500704708B100F04FB84FF4A4
:1037A0007500704710B5114800F070F800B110BDF9
:1037B0000F4800F06BF80028F9D10E4C204600F0BD
:1037C00065F80028F3D10C4B0C481C6000F05EF843
:1037D00001460028EBD100F02DF8044608B1204640
:1037E00010BD00F079F82046FAE700BFB4200020B1
:1037F000B0200020AC200020A4200020A820002021
:1038000008B5084800F04CF8074800F049F80748A8
:1038100000F046F8064800F043F8BDE8084000F024
:103820000BB800BFB4200020B0200020AC20002046
:10383000A820002000207047704700BF024610B447
:10384000084CD4F8003A1342FBD021B1D4F804312B
:103850000B60C4F80831034B0020C3F8082A10BCE1
:10386000704700BF00108450044AD2F8003A184252
:10387000FBD0C2F8080A0020704700BF0010845037
:1038800001F06AB90A460021FEF70EBF08B5034BE6
:1038900002681B6810689847002008BDE0200020DF
:1038A00008B5034B02685B6810689847002008BDA4
:1038B000E0200020024B02689B681068184700BF98
:1038C000E020002008B5034B0268DB6810689847C9
:1038D000002008BDE020002070B5094C094D20698A
:1038E000AB68984718B1084B08485B6898470021B7
:1038F000074AEB6811602069BDE87040184700BFB7
:10390000CC200020E0200020C4200020904C0000AB
:10391000D8340020F8B51A4D1A4E0446B26828690A
:103920009047E8B9184F3B684CB1A3B1012B19D0AF
:10393000013B3B602869F36898470020F8BD43B914
:103940000121124AC2F800151149D1F81029002AA4
:10395000FBD101333B60F368286998470020F8BD2C
:103960000C48F8BD0A4AD2F81039002BFBD1074A9F
:103970006FF07E40C2F80035FFF702FF3B68D7E7E3
:10398000CC200020E0200020D8340020000084500B
:1039900000108450E98FFFFF014B1B68184700BFE0
:1039A000E0200020014B9B68184700BFE02000206A
:1039B000014BDB68184700BFE0200020BFF34F8FAA
:1039C0000549064BCA6802F4E0621343CB60BFF3BB
:1039D0004F8F00BFFDE700BF00ED00E00400FA05D7
:1039E00030B44FF0FE320025074B084C08494968B7
:1039F000C3F80024C3F80424C3F80824C3F80C2433
:103A0000C4F8005530BC08470010845000008450B2
:103A1000C420002010B5044650B1636813F0685FFD
:103A200005D0064A934202D000236260236010BD95
:103A3000034B04485B689847EFE700BF2C5F5CA925
:103A4000C4200020B04C0000C8B143680D4A934226
:103A500013D013F0685F0ED0012350E8002F1946F1
:103A600040E8001C9CF0000FF7D1012AF5D0BFF30D
:103A70005F8F0020704704487047044870476FF418
:103A8000E04070472C5F5CA9E98FFFFFEA8FFFFFE2
:103A9000034680B1426809498A420AD012F0685F41
:103AA00005D0BFF35F8F002210461A6070470448AC
:103AB0007047044870476FF4E04070472C5F5CA982
:103AC000E98FFFFFEA8FFFFF10B5044620B1002306
:103AD000034A2360626010BD0248FFF781FFF6E7EA
:103AE0003A00003AD84C00002DE9F047002878D081
:103AF0000C46002975D01D46002B72D007461AB11E
:103B0000012200232A6003602B68002B64D0294621
:103B1000204600F0B7FD804600285FD12146286886
:103B200000F096FD8046002858D12B68082B6CD0F9
:103B3000042B6DD0A3F10209B9FA89F94FEA59199A
:103B40000121354EC6F8C411C6F84011C6F8C4119B
:103B5000636AC6F83031D6F830219342F6D14FF07F
:103B6000000A4FF0FF30C6F82CA1FFF7FBFD6FF005
:103B70001B035046C6F80031FFF702FEC6F80C9151
:103B8000D6F8040A40F48060FFF7FAFD0A23C6F86D
:103B90003831089B012B29D02369204AA2FB03233B
:103BA0001B09626A404602FB03F303EB43031A4A14
:103BB000DB039B09C2F8D8310123C2F82C313B68E2
:103BC0002A6823F07F4343EA02633B602A6843EAA2
:103BD00002233B60BDE8F087DFF844804046BDE843
:103BE000F087DFF840804046BDE8F0874FF47F0360
:103BF000D3F80C2C013206D0D3F80C3C074AA2FBB8
:103C000003231B09CDE71623CBE74FF0030997E702
:103C10004FF0020994E700BF00108450ABAAAAAA93
:103C2000310CF100350CF10058B34B1EB3F5047F95
:103C300027D230B54FF0000ECD00744671464B09C7
:103C400001F01F0C50F82330BCF11F0F23FA0CF3C6
:103C500006D003F0010319B901211C468E46EEE798
:103C60009C4201F1010106D01C464FF0010EA94211
:103C7000E5D1002030BD0EF1010E9645F7D1024886
:103C800030BD0148704700BF360CF100C0B32DE9CC
:103C9000F0434C1EB4F5047F1DD2E3B1DAB1002528
:103CA0002E46A8462C46CF0003F1FF394FEA541C9C
:103CB00004F01F0E50F82C10BEF11F0F21FA0EFC5D
:103CC0000CD00CF0010C4CB90126E04634463546C8
:103CD000ECE7964216D90C48BDE8F083AB420BD016
:103CE000C44508BF0136A945F3D001350134BC42B3
:103CF000DCD10020BDE8F0830125E0462E46F5E743
:103D0000014870471D46F1E7370CF1002DE9F04FEF
:103D100091B08346DDE91B460D46002E6ED10F693A
:103D20001C6000231A990B60002A00F02F819D4B24
:103D30006A6AD3F83811D3F830319A4269D10A2926
:103D400067D19BF80330089304F108030793042319
:103D50000593954B934CA3FB07239B0803EB43036D
:103D6000A7EB4303039306971A9B069E1E60002E43
:103D700000F0EA8000F096FC00230993BBF1000FED
:103D800000F0D58098464FF0010ADDF81C90002D18
:103D900000F0CD80089B002B3DD0284608A900F0FC
:103DA00071FC002839D0814B984220D0089B082B09
:103DB00000F0E48000225B000893294608AB5846D7
:103DC0000092FFF791FE7A4B984200F0D38070B9D1
:103DD000DBF80020130A03F47F03134323F07F432F
:103DE000CBF80030059B013B0593BDD1002003902B
:103DF00000F058FC039811B0BDE8F08F4FF47F013C
:103E0000D1F80C0C01300CBF4FF40477D1F80C7CC6
:103E100086E76848EBE76648C5E72946089800F05A
:103E200017FC0028BFD1089B082B00F0A980042BA9
:103E300000F0A980A3F10203B3FA83F35B090493B2
:103E4000C4F8C4A1C4F840A1C4F8C4A16B6AC4F802
:103E50003031D4F830219342F6D100234FF0FF30B7
:103E6000C4F82C31FFF77EFC002318466FF01B03CB
:103E7000C4F80031FFF784FC049B4B4FC4F80C31AD
:103E8000D4F8040A40F48060FFF77AFC0A23C4F8EF
:103E900038312B6909A8A7FB03236A6A1B0902FBB7
:103EA00003F303EB4303DB039B09C4F8D831C4F8E5
:103EB0002CA1DBF80030089923F07F420B0243EA83
:103EC00001631343CBF8003000F0B2FB099B03F011
:103ED0001A0303437FF46AAFA7FB0637D4F8143103
:103EE000B8EB970F0A93D4F818310B93D4F81C3120
:103EF0000C93D4F820310D93D4F824310E93D4F8D8
:103F000028310F9301D1039B9BB9484618220AA977
:103F1000183EFFF7B5FC09F1180908F101089EB138
:103F200000F0C0FB00230993002D7FF433AF22483B
:103F300039E748461A46F61A0AA9994408F10108D1
:103F4000FFF79EFC002EEBD1069F079E6A6939465B
:103F50003046FFF769FEAA6940B94FF480633946DD
:103F60003046FFF793FE00283FF440AF00231A9A33
:103F7000136018E72B6A002B3FF439AF0F4836E780
:103F8000032304935CE70223049359E701222946A3
:103F90005846009608ABFFF7A7FD00283FF4D4AEC3
:103FA00025E700BF00108450ABAAAAAA020CF100BA
:103FB000310CF100300CF100350CF100320CF10045
:103FC00010B4DDE9013401940024DDF80CC0CDE922
:103FD00002C410BCFFF79ABE30B51546012487B065
:103FE00005AB00930022CDE9015404ABFFF78EFE30
:103FF00007B030BDF0B587B0002966D01E46002B53
:1040000063D01446002A60D0314F0D4638684FF017
:10401000FF31FFF74FFC00284DD10020FFF77AFC5D
:10402000002844D12B4800F03FFAD8B101204FF0CE
:10403000FF35FFF76FFC002835D14FF40871264893
:10404000FEF70EFF04212548FEF70AFF214828212C
:10405000FEF706FF3868FFF735FC00282FD1284609
:1040600007B0F0BD1C4A0346029205AA019204AAB9
:1040700003900092174902461848FFF7A1FF034634
:104080000028D3D128461D46059B22469C4228BFC6
:104090001A46049932600831FFF7F2FB0120FFF75E
:1040A00039FC0028C9D00E48FFF79AFCC5E70D4837
:1040B000FFF796FCB6E70C48FFF792FCADE70B481C
:1040C000FFF78EFC284607B0F0BD4FF0FF35C6E77E
:1040D000A4200020F034002018350020EC3400200B
:1040E000584C0000384C0000204C0000FC4C0000F4
:1040F00010B5044628B12046BDE81040F421FFF772
:10410000C1BB0448FFF76CFC2046BDE81040F42119
:10411000FFF7B8BB144D000010B1F421FEF7A0BEAC
:10412000704700BF08B521B1012908D06FF03600F3
:1041300008BD012100F058F80028F7D108BD022180
:1041400000F052F80028F9D0F0E700BF30B505467E
:104150008818B0F5801F0B461446A1B001D8802AFC
:104160000CD9B3F5801F17D922461946284600F00E
:104170007DF8044684B9204621B030BD6846FFF77B
:104180007FFB22466946284600F070F880210446ED
:104190006846FFF777FBEDE76FF03604EBE700BF0B
:1041A00070B5E8B10E46D9B1044600F031F80546C5
:1041B000B0B92368012B0BD0022B01D0284670BD6B
:1041C0001C22304604F10801FFF75AFB284670BD57
:1041D0002022304604F10801FFF752FB284670BD4B
:1041E0006FF03605EAE700BF78B138B50D46F0212B
:1041F0000446FFF747FB402320462560E36500F0B7
:1042000091FA003818BF012038BD0120704700BF67
:10421000F0B5056EA5B0044604AEE5B9002301274C
:10422000019330466760294602AA009300F046FADF
:1042300010B1012025B0F0BD2A46204602A900F0A9
:1042400099FA0028F5D1204600F0AAFB0028F0D109
:10425000206625B0F0BD802D2A46304628BF80223A
:1042600004F16401FFF70CFB256ED7E7002800F08E
:10427000AE802DE9F04F1446A5B0002A3DD00F4680
:10428000002949D0B2F5803F0546006E20D34FF695
:10429000FF7805F1640AEB6D1A1AB2FBF3F103FB28
:1042A0001122002A65D18342B9464FF6FF7672D0BB
:1042B000B6FBF3FB03FB0BFBBBF1000F30D1002E71
:1042C00045D1A4F57F44FF3CB4F5803F4744E2D29A
:1042D000EA6D161AB6FBF2F302FB1366A64228BF7C
:1042E0002646002E75D1824200F08D80B4FBF2F696
:1042F00002FB06F62EB9002C79D1002025B0BDE8CE
:10430000F08F002331463846CDE9003302AA00F091
:10431000D5F9002800F09580012025B0BDE8F08F88
:10432000002359464846CDE9003302AA00F0C6F9F9
:104330000028F1D15A46284602A900F01BFA0028AD
:10434000EAD1A6EB0B06286ED944002EB9D019305D
:104350004946324605EB8000FFF792FAA4F57F4408
:10436000286EFF3C3044B4F5803F4744286692D223
:10437000AEE7424528BF4246164639465044FFF74D
:104380007FFA286EEB6D3044834207EB06092866FE
:10439000A8EB06068CD1802B28BF802351461A46F5
:1043A00004A8FFF76DFA0023E96D02AACDE90033F6
:1043B00004A800F083F90028AED12846EA6D02A9CE
:1043C00000F0D8F90028A7D1EB6D286670E701202E
:1043D000704705F16403394632461844FFF750FA36
:1043E000286EEA6D3044A41B374428667BE72B6EA9
:1043F0002246193305EB83003946FFF741FA2B6E4D
:1044000023442B6679E7802A28BF802205F16401C6
:1044100004A8FFF735FA0023E96D04A8CDE90033BD
:1044200002AA00F04BF900287FF476AF2846EA6D27
:1044300002A900F09FF900287FF46EAFEA6D2866AC
:1044400054E73246284602A900F094F900287FF488
:1044500063AF3744A41B4EE7F8B51C460546114828
:1044600016460F46FFF744FE21460E48FFF75AFE58
:10447000044620B10B48FFF74FFE2046F8BD3A46F0
:1044800029460848FFF762FE04460028F2D131466B
:104490000448FFF785FE04460248FFF73DFE20462C
:1044A000F8BD00BF383700201C2370B582B001A9C9
:1044B0000546019300F032F8044638B9019B1C2BE5
:1044C00007D0144C1C212846FFF7DCF9204602B027
:1044D00070BDD5E90112131E18BF0123003918BFA2
:1044E0000121012628689B00EA6843EA410300286D
:1044F00018BF43F00103EE612AB9C5E90834002B67
:10450000E4D1054CDEE7204643F00803C5E9083452
:1045100002B070BD370CF0000E0CF000034600280E
:1045200066D0002964D00A681C2A61D14FF47F024A
:104530003B49D2F8100C88425CD0D2F8101C0131F3
:1045400058D0D2F8101C4FF47F021960D2F8140C26
:104550003449884260D0D2F8141C01315CD0D2F8C2
:10456000141C4FF47F025960D2F8181C11F5947F87
:104570004FD0D2F8181C01314BD0D2F8181C4FF490
:104580007F029960D2F81C0C274988423ED0D2F8AD
:104590001C1C01313AD0D2F81C1C4FF47F02D960A8
:1045A000D2F8001C70312FD0D2F8001C01312BD072
:1045B000D2F8001C4FF47F021961D2F8041CAF310D
:1045C00020D0D2F8041C01311CD0D2F8041C4FF4C6
:1045D0007F025961D2F8080C144988420DD0D2F8F4
:1045E000081C013109D0D2F8082C00209A617047CC
:1045F0000120704740F6FC01A5E740F23732002069
:104600009A6170475121E2E79021D3E742F6041105
:10461000C3E740F6D861B2E742F2D001A1E700BF9C
:10462000FCF8FFFFD020FFFF0429FFFF37F3FFFF57
:10463000014608B54FF48060FFF7AEF80022034B47
:10464000C3F8C821C3F82C2108BD00BF0010845056
:104650000138072805D8DFE800F0100E040A04042A
:10466000040607487047CB6800204B6270478B6890
:1046700000204B6270474B68F6E70B68F4E700BF19
:10468000310CF1000B6802E0082B0B6006D8026ABF
:1046900013424FEA4303F7D00020704700487047A9
:1046A000310CF1000022044B4FF48060C3F82C2140
:1046B000C3F8C421FFF756B800108450F0B50024A9
:1046C00083B0B0F1005F8DF8074025D38C46844459
:1046D000BCF1804F04461FD817461D4601220DF13C
:1046E000070300F097F90646B0B99DF80730099A1C
:1046F0003C603B7192B14DB10246089928460DF1DC
:10470000070300F087F938B99DF807303046099A59
:104710001560137103B0F0BD4FF47506304603B059
:10472000F0BD00BFD8B108B50368012B04D0022B3F
:104730000FD043B10B4808BD20220B490830FFF7CA
:104740009FF8002008BD142208490830FFF798F8A8
:10475000F7E7202206490830FFF792F8F1E74FF417
:10476000730070470100F300244D0000644D000009
:10477000444D00002DE9F843002900F0F98004467B
:10478000002800F0F98003680F469046002B00F0E7
:10479000C380013B012B00F2D7804FF0FF317848F6
:1047A0004FF00209FFF786F8002840F0BF80002094
:1047B000FFF7B0F80646002840F0C280714AD2F8F0
:1047C0001C39002BFBD16F4DD5F8203C002BFBD1C1
:1047D0004FF0FF30FEF7C6FFD5F8040A20F0400086
:1047E000FEF7CEFF01230722C5F81838C5F80029C7
:1047F000C5F8C437A36CC5F8CC37E36CC5F8D0371F
:10480000C5F8C09723685BB1013B012B18D8636AD8
:10481000C5F85C36236AC5F85836E369C5F85436DE
:10482000A269584BC3F850266269C3F84C26226926
:10483000C3F84826E268C3F84426A268C3F84026B5
:10484000504AD2F81039002BFBD1B8F1000F5FD0DD
:1048500063684020012B08BFC2F884363A68494B90
:10486000C3F8282CC3F82C8CFEF790FF0646454A67
:10487000D2F81039002BFBD1424AD2F8203C002B51
:10488000FBD123685BB1013B012B18D8D2F85C3611
:104890006362D2F858362362D2F85436E361394B5A
:1048A000D3F85026A261D3F84C266261D3F848268B
:1048B0002261D3F84426E260D3F84036A360002397
:1048C0000121304AD2F8CC07A064D2F8D007E064C6
:1048D000C2F8C417C2F88436C2F8C837D2F8103903
:1048E000002BFBD1C2F81838002E3BD1254BD3F852
:1048F000040A40F04000FEF743FF0120FFF70AF8EA
:1049000060BB1F48FEF7DEFF10BB3046BDE8F883F2
:104910000423C2F8C837AAE74FF0FF3118484FF018
:104920000109FEF7C7FF00283FF441AF1648FFF723
:1049300057F80020FEF7EEFF064600283FF43EAF92
:104940001248FFF74DF839E7114E3046BDE8F883BD
:104950001048FFF745F83046BDE8F8830E48FFF7EA
:104960003FF8CEE7102104F10800FEF78BFFBDE70A
:104970000A4E3046BDE8F8834FF47306C5E700BF22
:10498000B420002000108450204C0000384C00005F
:104990000100F300784C0000584C00000300F300C5
:1049A000A0B3034670B4D0E90240D3E9041226BA9A
:1049B00005BA0CBA10BAC3E90440D3E90612986AE2
:1049C00009BAC3E9026512BA996100BAD3E908418C
:1049D00025BA0CBAC3E90725D3E90B12C3E909408C
:1049E00009BAD86B12BAD962D3E90D4125BAC3E925
:1049F0000C250CBA00BAD3E9101209BA12BAC3E9ED
:104A00000E40196400205A6470BC70474FF4730064
:104A1000704700BF00201870704700BF08B5074BF3
:104A2000044613B10021AFF30080054B1868836A78
:104A300003B19847204600F08DF800BF0000000049
:104A4000784D000070B50D4D00260D4C641BA41070
:104A5000A64209D10B4D00260B4C00F0B3F8641BA5
:104A6000A410A64205D170BD55F8043B0136984705
:104A7000EEE755F8043B01369847F2E7C806000018
:104A8000C8060000C8060000CC060000431810B598
:104A900001D21F2A01D9002010BD013902F01403F0
:104AA0000144102B80EA01043CD009DC8BB1042BBB
:104AB000F1D11F2C40E840F315D941E840F10EE058
:104AC000142BE8D11F2C40E8C0F30CD941E8C0F109
:104AD00005E01F2C40E800F305D941E800F11C4631
:104AE0000B468C42D7D122F01402013A0A2AD2D8BE
:104AF00001A151F822F000BF474B0000414B0000DC
:104B0000334B0000974A0000974A0000974A000084
:104B1000974A00004D4B0000474B00003B4B000004
:104B2000334B00001F2C40E880F3DCD941E880F1D2
:104B3000D5E713F4001FAFD1ADE713F4801FFAE7F8
:104B40005B02A9D5A7E713F4002FF4E713F4802F35
:104B5000F1E700BFFEE700BF884210B501EB020499
:104B600002D98442234607D8431EA14208D011F837
:104B7000012B03F8012FF8E7024401468A4200D1D5
:104B800010BD13F8014D02F8014DF7E72DE9E04F94
:104B90002746A046A146A246A346A446A2B02DECB5
:104BA000000A84F3008825462646A447EFF31485BF
:104BB00015F0080F18BFB0EE400A3DEC000A22B015
:104BC000BDE8E08FF8B500BFF8BC08BC9E46704752
:104BD000F8B500BFF8BC08BC9E4670477AFFFFFFDF
:104BE00054464D5F43525950544F000054464D5F58
:104BF000504C4154464F524D5F53455256494345E0
:104C000000000000FF8FFFFFFF8FFFFFFE8FFFFF01
:104C1000FE8FFFFFFD8FFFFFFC8FFFFFFC8FFFFF6D
:104C20004661696C20746F206163717569726520DB
:104C30006D757465780A00004661696C20746F2098
:104C4000696E63726561736520504D20636F756E88
:104C50007465720A000000004661696C20746F2060
:104C6000646563726561736520504D20636F756E76
:104C70007465720A000000004661696C20746F2040
:104C800072656C65617365206D757465780A0000E6
:104C9000436F756C64206E6F74206C6F636B207053
:104CA0006F7765722073617665206D757465780025
:104CB0006D757465785F667265652063616C6C659F
:104CC000642077697468204E554C4C207061726185
:104CD0006D6574657200000043616E277420696E13
:104CE000697469616C697A65206D757465782C20CA
:104CF000776173204E554C4C0D0A00004661696C7B
:104D000020746F20756E6C6F636B206D75746578A1
:104D10000A0000000A637478206973204E554C4CD9
:104D20000A00000067E6096A85AE67BB72F36E3C55
:104D30003AF54FA57F520E518C68059BABD9831F66
:104D400019CDE05BD89E05C107D57C3617DD7030E4
:104D500039590EF7310BC0FF11155868A78FF96448
:104D6000A44FFABE0123456789ABCDEFFEDCBA98AC
:104D700076543210F0E1D2C3102100200000000070
:107C00007FE97FE9FAF772BC7FE97FE9FAF780BC88
:107C10007FE97FE9FAF7B2BC7FE97FE9FAF7A0BC18
:107C20007FE97FE9FAF786BC000000000000000051
:107C30000000000000000000000000000000000044
:107C4000D0210020702100204401000090ED00E0D0
:107C500000A003507FA60350512B00004D2B0000C5
:107C6000A9260000AC200020DC200020D420002029
:107C7000D0200020CC200020B1390000A539000020
:107C80009939000000000000BD39000008210020E3
:107C900000210020F820002000000000F02000203B
:107CA000C93A0000153A0000493A0000913A000034
:107CB000DC3400203A00003AE03400203A00003A78
:107CC000E43400203A00003AE83400203A00003A58
:107CD00000000000000000000000000000000000A4
:107CE0000000000000000000000000000000000094
:107CF0000000000000000000000000000000000084
:107D00000000000000000000000000000000000073
:107D10000000000000000000000000000000000063
:107D20000000000000000000000000000000000053
:10800000B059012089F30000A5EC00001DF3000029
:108010001DF300001DF300001DF300001DF3000020
:10802000000000000000000000000000E5F5000076
:108030001DF30000000000009DF500001DF300008E
:10804000D1F90000D1F90000D1F90000D1F9000008
:10805000D1F90000D1F90000D1F90000D1F90000F8
:10806000D1F90000D1F90000D1F90000D1F90000E8
:10807000D1F90000D1F90000D1F90000D1F90000D8
:10808000D1F90000D1F90000D1F90000D1F90000C8
:10809000D1F90000D1F90000D1F90000D1F90000B8
:1080A000D1F90000D1F90000D1F90000D1F90000A8
:1080B000D1F90000D1F90000D1F90000D1F9000098
:1080C000D1F90000D1F90000D1F90000D1F9000088
:1080D000D1F90000D1F90000D1F90000D1F9000078
:1080E000D1F90000D1F90000D1F90000D1F9000068
:1080F000D1F90000D1F90000D1F90000D1F9000058
:10810000D1F90000D1F90000D1F90000D1F9000047
:10811000D1F90000D1F90000D1F90000D1F9000037
:10812000D1F90000D1F90000D1F90000D1F9000027
:10813000D1F90000D1F90000D1F90000D1F9000017
:04814000D1F9000071
:108148007BB972B90029BEBF00204FF0004106E09C
:1081580008BF00281CBF6FF000414FF0FF3000F04F
:1081680057B8ADF1080C6DE904CE002909DB002BE6
:108178001ADB00F061F8DDF804E0DDE9022304B061
:108188007047404261EB4101002B1BDB00F054F8C3
:10819800DDF804E0DDE9022304B0404261EB41016F
:1081A800524263EB43037047524263EB430300F0D0
:1081B80043F8DDF804E0DDE9022304B0404261EB56
:1081C80041017047524263EB430300F035F8DDF894
:1081D80004E0DDE9022304B0524263EB4303704735
:1081E80053B94AB9002908BF00281CBF4FF0FF3116
:1081F8004FF0FF3000F00CB8ADF1080C6DE904CE7B
:1082080000F01AF8DDF804E0DDE9022304B0704755
:10821800704700BF10F8012B11F8013B012A28BF55
:108228009A42F7D0D01A7047034613F8012B002A58
:10823800FBD1181A013870472DE9F04786468C465D
:108248000846089E154674461946002B40F0C18022
:108258008542B2FA82F245D94AB1C2F1200300FA46
:1082680002FC954094402EFA03F343EA0C0C4FEAC3
:10827800154EA8B2230CBCFBFEF80EFB18CC08FB6D
:1082880000F943EA0C43994528D9EB1808F1FF3760
:1082980004D2994502D9A8F102072B44A3EB09039C
:1082A800A4B2B3FBFEFC0EFB1C330CFB00F044EA4B
:1082B8000344A04214D92C190CF1FF3304D2A04274
:1082C80002D9ACF102032C44241A43EA07401EB138
:1082D800D440002334607360BDE8F0874746DDE78B
:1082E8006346F1E792BB431B01214FEA154EAFB23B
:1082F800200CB3FBFEFC0EFB1C330CFB07F840EA1A
:108308000343984561D9EB180CF1FF3004D2984526
:1083180002D9ACF102002B44A3EB0803A4B2B3FBCF
:10832800FEFC0EFB1C330CFB07F744EA0344A74290
:108338004DD92C190CF1FF3304D2A74202D9ACF164
:1083480002032C44E41B43EA0040C0E7C2F12003C7
:108358009540944020FA03F12EFA03F34FEA154EA4
:108368009040AFB20343B1FBFEFC0EFB1C10190C8E
:108378000CFB07F841EA0041884522D969180CF13D
:10838800FF3004D2884502D9ACF102002944A1EBA0
:1083980008019BB2B1FBFEFC0EFB1C110CFB07F79E
:1083A80043EA01439F420ED9EB180CF1FF3104D286
:1083B8009F4202D9ACF102012B44DB1B41EA004188
:1083C80093E76046E3E76146F7E76046A4E763465C
:1083D800B8E7834206D916B9002108467CE7C6E902
:1083E80000E0F9E7B3FA83F78FB9834201D3724506
:1083F80008D8BEEB020460EB030301209C461EB9BB
:10840800002169E73846FAE7C6E9004CF8E7C7F102
:10841800200CBB400EFA07F522FA0CF42EFA0CF1E8
:10842800BA401C4320FA0CF3B8404FEA1449014300
:108438001FFA84FEB3FBF9F809FB18300B0C08FB94
:108448000EFA43EA00439A4540D9E31808F1FF3091
:1084580004D29A4502D9A8F102002344A3EB0A03E7
:1084680089B2B3FBF9F809FB183308FB0EFE41EAA1
:1084780003418E452CD9611808F1FF3304D28E458B
:1084880002D9A8F10203214443EA0040A1EB0E01FE
:10849800A0FB02984145CE46434602D306D14D453E
:1084A80004D20138B9EB020E68EB0403002EA7D002
:1084B800B5EB0E0261EB030101FA0CFC22FA07F39B
:1084C800F9404CEA0303C6E9003199E74046C5E79D
:1084D8004346D9E70000000070B52F4B82B0012851
:1084E8001B6801934FF0000349D12C4B8A680D4655
:1084F8009A4244D814F0FCFE04460E4614F0F8FEE6
:10850800E20B274C42EA4642A2FB04C22B68F60B58
:10851800A3FB043104FB06226E68AD6804FB061158
:108528005B1941EBE571B3EB0C0361EB0201C0F39E
:108538000E02A2FB0424D20B42EA4442981A61F1CB
:10854800000113A3D3E90023FFF7FAFDEFF3118429
:10855800202383F31288BFF36F8F124BC3E9000106
:108568009A6084F31188BFF36F8F00200A4B1A6852
:10857800019B5A404FF0000308D102B070BD07F0CC
:1085880019FE162303604FF0FF30EFE714F0DAFC12
:1085980000CA9A3B00000000B0D90120FFC99A3BED
:1085A80000CA9A3B40DE002000B5094B83B01B6827
:1085B80001934FF00003064B1A68019B5A404FF095
:1085C800000302D103B05DF804FB14F0BBFC00BF4C
:1085D800B0D901202DE9F04786B0254B00AF1B68C4
:1085E8007B614FF0000302F1080323F00703ADEBB2
:1085F800030DEA4660F07F0C50464FF08009ADEB62
:10860800030D551C00F801CBDFF868800E46FF21EA
:10861800144617F0ACFE2A460021684617F0A7FE5C
:10862800C7E901A5C7F80CD03D6100221248C8F877
:108638000C90391D10F084FA104BC8F80890984235
:1086480011D1224630460DF1010117F083FE0020BA
:10865800074B1A687B695A404FF0000306D1183758
:10866800BD46BDE8F0876FF00400F1E714F06AFC3E
:10867800B0D901200025844068C900200000AD0B56
:10868800034670B58C4600220226802588B006A9CC
:1086980003911449144C096807914FF0000103F045
:1086A8007F0305A901918DF81430ADF818208DF8D5
:1086B80015C0029604960D4801A9E56010F040FA2D
:1086C8000B4BA5609842074B14BF6FF004000020C5
:1086D8001A68079B5A404FF0000301D108B070BDDB
:1086E80014F030FCB0D901200025844068C900206E
:1086F8000000AD0B00B5124B83B01B6801934FF01F
:10870800000304E09DF8033013F0090F0BD000219B
:10871800632014F023FA0122F3200DF10301FFF77F
:1087280059FF0028EED0064B1A68019B5A404FF0BB
:10873800000302D103B05DF804FB14F003FC00BF92
:10874800B0D9012010B5294B8AB0044618228820D8
:1087580001A91B6809934FF00003FFF73BFF40B1E5
:10876800224B1A68099B5A404FF000033CD10AB0CB
:1087780010BDDDF80630BDF80410C4F80230059BC2
:10878800BDF80A00049A218023610399069BE260E0
:10879800E080A1600122A120636104F11801FFF7C4
:1087A80019FF0028DCD10722E12007A9FFF712FFF3
:1087B8000028D5D1BDF81C209DF8203062839DF893
:1087C8001E209DF81F10227703F00F0242EA0112C3
:1087D8009DF821101B09E2839DF8222043EA01132A
:1087E800238484F82220BBE714F0ACFBB0D9012025
:1087F80030B5054685B01A4B01900122D02005F10D
:1088080034011B6803934FF00003FFF7E3FE08BB36
:1088180095F83430602B1DD10446FFF76BFF48B143
:108828000F4B1A68039B5A404FF0000315D120469E
:1088380005B030BD01A8FFF785FF0028F0D104215D
:10884800F220FFF71DFF0028EAD19321F420FFF75B
:1088580017FFE5E76FF08504E2E714F073FB00BF4C
:10886800B0D9012010B50C460B4B82B00146224608
:108878000A481B6801934FF0000303F051FD064BB3
:108888001A68019B5A404FF0000302D1204602B0FB
:1088980010BD14F057FB00BFB0D901204CF30020E5
:1088A800F0B5224B8DB01B680B934FF000030646C2
:1088B8000D4614F01DFD86460B464FEA4E174FEA4B
:1088C800431CB7EB0E074CEADE6C6CEB030CBC00E8
:1088D8004FEA8C0C14EB0E044CEA977C43EB0C0328
:1088E800DB0043EA5473C4F3103444EA4344DB0B1B
:1088F8000F4A202103A80094019301F03DFA021EBB
:1089080003DD0C4803A903F00BFD324629460A484B
:1089180005F000FE054B1A680B9B5A404FF0000308
:1089280001D10DB0F0BD14F00DFB00BFB0D901208E
:10893800280D02004CF300205C0D020010B5124B0C
:10894800124C1A68124982B0A242096801914FF08C
:1089580000010CD041F224020021184617F007FD4F
:108968004FF4805200F12401C0E900410262084B33
:108978001A68019B5A404FF0000302D1002002B050
:1089880010BD14F0DFFA00BF48F3002052474F4CE7
:10899800B0D9012030B52248224D234B85B01B6841
:1089A80003934FF00003A86211F0F0FF70B34FF487
:1089B8007821A86A29606A4609F036FD0446F0B9AC
:1089C8000423019A2846AA81EB8104F09FF8044603
:1089D80070B90321154A164805F0B8F9124B1A6800
:1089E800039B5A404FF0000318D1204605B030BD14
:1089F800012103460F4A0E4805F0DCF9EEE7012194
:108A080003460D4A0A4805F0D5F9E7E701210B4A64
:108A1800074805F09BF96FF01204DFE714F092FAAB
:108A2800B0090200E4E80020B0D90120BC0D020022
:108A3800140C0200A40D0200840D02006C0D02004B
:108A480010B586468C460D4984B0096803914FF0ED
:108A5800000102230DF1060271460948ADF806C06F
:108A680004F0D4FA054B1A68039B5A404FF00003F0
:108A780001D104B010BD14F065FA00BFB0D90120CF
:108A8800E4E80020844600B50A460C4983B0022376
:108A9800096801914FF000010948614604F07CFC27
:108AA800064B1A68019B5A404FF0000304D100EAB4
:108AB800E07003B05DF804FB14F044FAB0D901206B
:108AC800E4E8002000B50C4B83B0B0F5A07F1B682C
:108AD80001934FF0000302D10122084B1A70064B94
:108AE8001A68019B5A404FF0000302D103B05DF8A9
:108AF80004FB14F027FA00BFB0D901202AF30020A4
:108B080070B5AB4B90B01B680F934FF0000300217A
:108B18004FF4804014F022F80321A64AA64805F035
:108B280015F9002140F6CD4014F018F8002206216E
:108B38000F2006F0CFFD00214FF4804014F00EF80E
:108B480003219E4A9C4805F001F9012580209C4B91
:108B58009C49D3F800220A4042F00302C3F80022DD
:108B6800D3F81C220A4042F00302C3F81C229D607D
:108B78009860002140F6CD4013F0F0FF0422002455
:108B880005214FF0FF334FF6027608928E4A07917F
:108B98000C920A932246234607A98C480B94CDE9E8
:108BA8000D440995ADF82D600FF05EFF002140F6E9
:108BB800CD4013F0D3FF0321854A7F4805F0C6F85E
:108BC80000214FF4804013F0C9FF4FF440734FF475
:108BD800C06207217F48ADF8143002907E487F4B71
:108BE80004908DF81610ADF80C2004A97C4A02A850
:108BF800069310F011F902A810F04AF94FF4FA712F
:108C080002A810F05DF92B460246214602A80095FD
:108C180010F07CF900214FF4804013F09FFF0CF016
:108C2800C1F8002840F0BD806E4C204611F0AEFE21
:108C3800002800F0B080A56820462B686A4998474C
:108C48006A4920462B689847694920462B68984707
:108C5800684920462B689847002667492B682046B4
:108C68009847664B1E80FFF795FE654C002140F63D
:108C7800CD4013F073FF21463046FFF703FF00286D
:108C88007DD1604E01203146FFF7FCFE00286BD1F4
:108C98005D4D02202946FFF7F5FE002859D133889B
:108CA80003215A4A444805F085F82B880321584A7D
:108CB800414805F07FF823880321564A3E4805F0CD
:108CC80079F800214FF4004013F048FF0124802078
:108CD8003B4B3C49D3F800220A4042F00302C3F858
:108CE8000022D3F81C220A4042F00302C3F81C22D7
:108CF8009C609860002140F6CD4013F02FFF0321BF
:108D0800454A2D4805F022F84448FFF771FD002137
:108D18004FF4004013F022FF03213F4A264805F094
:108D280015F800214FF4004013F018FF4FF40040ED
:108D3800002113F013FF3A4D1F4C00232A4603214C
:108D4800204605F037F800214FF4004013F006FFE5
:108D5800F3E7232102202980FFF772FE0321314A1D
:108D6800154804F0F3FF9AE7372101203180FFF717
:108D780067FE03212C4A104804F0E8FF88E74FF407
:108D88007A6130462180FFF75BFE0321274A0A48B3
:108D980004F0DCFF75E70121254A074804F0D6FFF7
:108DA800FEE7244A2946044804F0D0FF3CE700BF08
:108DB800B0D90120E80D0200DC0B0200FC0D020016
:108DC80000258440F0F8FCFF00127A0068C90020F2
:108DD800080E020000F000400024F4001C0E0200FF
:108DE800CD8A00009C090200580F0200500F0200B3
:108DF800480F0200400F0200380F020024F3002041
:108E080048CB00204CCB00204ACB0020CC0E0200DF
:108E1800E40E0200F80E0200180F020014E9002008
:108E2800240F0200AC0E02008C0E0200640E020039
:108E3800540E02002C0E020000B5144B83B01B68C0
:108E480001934FF00003AAB1531E114A01F1FF3CF0
:108E580001EB030E1CF8013F58400309D35C0001E5
:108E6800C0B243401909505C1B01DBB2F44580EAEB
:108E78000300EFD1054B1A68019B5A404FF00003DD
:108E880002D103B05DF804FB14F05CF8B0D90120FE
:108E9800600F020010B5224B82B01B6801934FF09F
:108EA8000003836800EBC10CB3F5004F0CD3DCF86A
:108EB8000C30994225D0DCF80810043200EBC104CC
:108EC80040F82230E3600BE0BCF80630994218D035
:108ED800BCF80410043200EBC10440F82230E380EF
:108EE800826800EBC300B2F5004F2CBF816081801F
:108EF8000B4B1A68019B5A404FF000030ED102B089
:108F080010BD01210024C36802F1040C01FA02F229
:108F180023EA0203C36040F82C40E9E714F012F892
:108F2800B0D9012070B58668224B541A82B0B6F5C4
:108F3800004F1B6801934FF000034FEA440500EB14
:108F4800C103A1EB020126D35E685D6001EB560107
:108F580086684D00B6F5004F00EBC2032CBF5D607C
:108F68005D808568B5F5004F2CBF40F8324020F889
:108F780032408468B4F5004F13D35B6802EB5303A7
:108F880040F833100B4B1A68019B5A404FF000030E
:108F98000DD102B070BDB3F802C05D8001EB5C0179
:108FA800D6E75B8802EB530220F83210EAE713F0A9
:108FB800C9FF00BFB0D9012010B5204B82B01B6893
:108FC80001934FF00003836800EBC101B3F5004F34
:108FD80000EBC20C1AD3DCF804304C685B0803EBD6
:108FE80054035C004C608168B1F5004F1CD3DCF879
:108FF800041002EB510240F83230104B1A68019B02
:109008005A404FF0000316D102B010BD4B88BCF88F
:1090180002E05B0803EB5E034FEA430EA1F802E0AF
:109028008168B1F5004FE2D2BCF8021002EB5102A0
:1090380020F83230E1E713F085FF00BFB0D90120F6
:1090480000B51A4B83B01B6801934FF00003836887
:1090580000EBC102B3F5004F16D201235288DA4063
:109068000132D21A114BB2FA82F2D3F800C0019B36
:1090780093EA0C0C4FF0000316D1C2F11F0203B0A3
:109088005DF804EBFFF706BF52685208012A01D0C9
:109098000223E5E7054B1A68019B5A404FF000038D
:1090A80002D103B05DF804FB13F04CFFB0D90120E6
:1090B80030B584682F4B83B0B4F5004F1B6801931B
:1090C8004FF0000300EBC10229D2012553885B0849
:1090D80001335B1BB3FA83F3C3F11F0300EB830C6B
:1090E800DCF810500DBB01259D40C368B4F5004F56
:1090F80043EA0503C360CCF810102CBF916091803F
:109108008368B3F5004F2CBFD160D180194B1A6822
:10911800019B5A404FF0000329D103B030BD53687A
:109128005B08012BF2D00225D2E7B4F5004F00EB23
:10913800C50C2BBFDCF80830BCF804309360938072
:10914800846800EBC303B4F5004F2CBFD560D5800D
:109158008268B2F5004F2CBFD960D9808368B3F517
:10916800004F2CBFCCF80810ACF80410CEE713F071
:10917800E9FE00BFB0D90120F0B5364B83B01B68BB
:1091880001934FF0000383680446B3F5004F0D4682
:109198004FEAC10600EBC1071CD3796805EB510102
:1091A80000EBC1035B68D80739D5A159691A04EBEC
:1091B800C1035B68DB071CD5264B1A68019B5A4024
:1091C8004FF0000344D12946204603B0BDE8F040E3
:1091D800FFF76EBF798805EB510100EBC1035B888F
:1091E800DA071CD5A15B691A04EBC1035B88DB07AE
:1091F800E2D42046FFF724FFA3682A46B3F5004FC0
:109208002CBFA159A15B2046691AFFF7D5FEA368B8
:10921800B3F5004F2CBFA359A35BED1ACCE720464A
:10922800FFF70EFFA3682946B3F5004F2CBF7A68F5
:109238007A88204605EB5202FFF7BEFEA368B3F515
:10924800004FB2D2A15B691A04EBC1035B88CEE779
:1092580013F078FEB0D901202DE9F0418668284B3B
:10926800B6F5004F82B01B6801934FF0000334BF7E
:109278000B4601F1FF33B3FA83F3C3F11F0200EB8E
:1092880082073D69A5B12C464FF0030CB6F5004F97
:1092980000EBC40E1FD3DEF80480B1EB580F29D9B8
:1092A800DEF80C40BCF1010C3C6101D0A542EDD1C7
:1092B8004FF0FF34C268C3F120039C40144012D120
:1092C8000F4B1A68019B5A404FF0000316D12046F5
:1092D80002B0BDE8F081BEF80280B1EB580F09D9A1
:1092E800BEF80640DEE794FAA4F2B2FA82F2131D41
:1092F80050F823402146FFF7CDFDE1E713F022FEA9
:10930800B0D9012000B51C4B83B01B6801934FF006
:10931800000329B300688368B3F5004F15D20439F8
:10932800091A21F0070303445A88C90822F00102E8
:109338005A80114B1A68019B5A404FF0000319D10B
:1093480003B05DF804EBFFF717BF0839091A21F0DD
:10935800070303445A68C90822F001025A60E8E783
:10936800054B1A68019B5A404FF0000302D103B025
:109378005DF804FB13F0E6FDB0D90120F0B52B4BE6
:1093880083B01B6801934FF000030568002937D0AC
:10939800AB68B3EBD10F33D9B3F5004F34BF042317
:1093A8000823CC1D1C44E40828462146FFF754FF37
:1093B80030B3AB68C600B3F5004F05EBC00717D351
:1093C8007B68B4EB530F1DD343F001037B60AB689C
:1093D800B3F5004F34BF042308231E44A819134BC8
:1093E8001A68019B5A404FF000031DD103B0F0BD2D
:1093F8007B88B4EB530F05D343F001037B80E6E78A
:109408000020ECE70444014622462846FFF78AFD7F
:1094180021462846FFF74CFEAB68B3F5004F01D252
:109428007B88E9E77B68CFE713F08CFDB0D9012092
:109438002DE9F041574B066801F1FF3882B018EA70
:10944800010814461B6801934FF000030D46B268EB
:1094580067D0B2F5004F2CBF082104216B422B4086
:109468008B424546984628BF0B46002C6DD0B2EB80
:10947800D40F6AD9B2F5004F34BF04220822E11D87
:109488002944C91A11443046C908FFF7E5FE0746C2
:1094980000285AD0B16808EBC003B1F5004F34BFBB
:1094A800042208221344334405F1FF321344B3FB6A
:1094B800F5F303FB05F534BF6FF003036FF0070303
:1094C800A5EB08052C4407342B449B1B24F0070408
:1094D800A41BB0EBD30F4FEAE4044FEAD30836D30A
:1094E800B1F5004F06EBC80712D37B6808EB5302AF
:1094F80094423CD343F001037B60264B1A68019BDE
:109508005A404FF0000343D1284602B0BDE8F0812D
:109518007B8808EB5302944229D343F001037B80F4
:10952800EBE7B2F5004F34BF0423082399429CD8D7
:10953800184B1A68019B5A404FF0000328D1214666
:1095480002B0BDE8F041FFF719BF0025D5E7014695
:1095580042463046FFF7E6FC39463046FFF7A8FD9D
:10956800B16806EBC807B1F5004FD1D3BDE7414656
:1095780022463046FFF7D6FC21463046FFF798FDD5
:10958800B368B3F5004F01D27B88C6E77B68B1E7C3
:1095980013F0D8FCB0D90120B2F5802FF0B52CBF5C
:1095A80008240424151B0D44073121F0070425F075
:1095B80007052D1BEF08B5F5802F34BF3A4607F194
:1095C800FF32B2FA82F2304B83B01B6801934FF03E
:1095D80000030023C2F12406B6000736C2F12002B8
:1095E8000460F6080021C4E90273920004F1100037
:1095F80016F0BDFE7300BA1BB5F5802F4FEA420086
:1096080004EBC60143F0010332D3636000232360F7
:109618004860A368B3F5004F2CBF44F8366024F8BF
:109628003660A1686319B1F5004F4FF000012CBFF7
:1096380059605980A368B3F5004F2CBF625162533B
:10964800A26804EBC703B2F5004F16D35A6842F07C
:1096580001025A600C4B1A68019B5A404FF00003F4
:1096680010D13146204603B0BDE8F040FFF720BDD9
:109678006380002323804880CBE75A8842F00102A8
:109688005A80E7E713F05EFCB0D901202DE9F047D6
:10969800224C82B0246801944FF0000483B39946A9
:1096A8001C785D78DB78A40004EB430499F8023059
:1096B80007461C440E4690464C447DB14FF0000AC4
:1096C80014F8013B0AF1010A204649F82340FEF745
:1096D800ABFD554500F101000444F1D10F49D9F81B
:1096E80004200868019948404FF0000109F1080377
:1096F80012D141463846B44602B0BDE8F04760474B
:10970800064B1A68019B5A404FF0000304D16FF0D2
:10971800150002B0BDE8F08713F014FCB0D90120A1
:10972800024600B5194B83B01B6801934FF0000344
:1097380012F8013B8BB14FF0000C6046F8B161455F
:1097480016D0A3F1400EBEF13A0F18D800200CF144
:10975800010C12F8013B002BF0D100200B4B1A68CA
:10976800019B5A404FF000030ED103B05DF804FB93
:10977800702BF3D0A3F1400EBEF13A0FEDD9252B93
:1097880008BF80F00100E4E713F0DCFBB0D901204A
:109798002DE9F04F9DB000AFD7F89860B64C7E63C6
:1097A8002468FC664FF00004D7F89C40C7E90732EC
:1097B80083787C61C6F3C00405468846D7F8A0A024
:1097C800FC627B6489B90478467803EB840404441A
:1097D8004EB101342046FEF727FD08F1010801309B
:1097E80046450444F5D1A4EB0508EB783B647B6C53
:1097F800002B00F009817B6B13F00103FB6300F081
:1098080003812B786A687B607A6205EB830B9A0088
:109818003B6C3A61002B40F057813B6A002B00F00B
:1098280061814FF000097B6B7E6C03F00203BB6320
:1098380007F14C007C6C5946224616F08BFD0BEB69
:1098480004033B633B6C002B57D03B6C3A6B4FEAED
:10985800430A0AF1020B9344941C7A6BC7E9028A03
:1098680002F00402854BD7F82C80BA611AE0844ACA
:1098780090421FD2B8F1000F40F01981FA6B002A0C
:1098880040F00081BA6952B109F1280207F1480194
:10989800511809F1010901F814AC5FFA89F9023489
:1098A800A34525D014F801AC14F8021C55F82A0079
:1098B8009842DCD2B8F1000F40F0EE80BA6B002A73
:1098C80040F0E08009F1010007F1700252FA80F0DF
:1098D80007F1480C09F128020234944409F10209FD
:1098E800A3450CF8141C5FFA89F900F814ACD9D117
:1098F800D7E9028A3B6B53443B6395F801A0BA6BE6
:109908000AEB0603DBB2002A40F0DC804FEA59027A
:10991800F96B002940F0D480796B11F0040F14BF63
:1099280049460021A970EA702846FA693969D7F8CA
:1099380020B06B70D847041E6FDB00237868D7F817
:1099480040C060F30703786C6AF30F2360F3174392
:10995800D7F81CA06CF31F63494652462B6007F1E9
:109968005C00D847B0F10009C0F24A81786C3B69C5
:10997800A8EB0001D7F840C0C91A5246386BA1EBD2
:109988004C01D847B0F1000846DBA144C844002E7A
:1099980000F04281C7E910654FF000095C467D6917
:1099A80017E035F819B0A0470028C0F22781804495
:1099B800BBF1000F21D0594630465246A047002837
:1099C800C0F21C813B6C09F101099945804400F003
:1099D800238107F14C0313F809307A6C012152F8FE
:1099E800236087F84B30524607F14B00002DD8D141
:1099F800A0470028C0F2028180443046FEF714FCDC
:109A0800431C1FFA83FBD6E73B6C9BB93B6A1BB12F
:109A180041462846FA6998474446174B1A68FB6E30
:109A28005A404FF0000340F0078120467437BD4686
:109A3800BDE8F08F7B6B13F00203BB63E6D02B7895
:109A48006A687B607A6205EB830B9A003B6A3A612D
:109A5800002B00F0E8807A6B02F00103FB637B6C5B
:109A6800002B00F0C580520740F1C28099460026BD
:109A780007F15C00DEE600BFB0D9012060080200F3
:109A88007C2E020006F1280207F148015118013620
:109A980001F824ACF6B202E7786AC7E90A31FFF7A1
:109AA8003FFED7E90A3100283FF408AFF7E6786AA5
:109AB800FB62FFF735FEFB6A00283FF4DFAEEEE6F7
:109AC80000212FE7002223E77B6B13F00203BB631F
:109AD8003FF4A3AE3B6A2BB14FF000097E6C07F14F
:109AE8004C00A7E644464FF00009D7F844805E468C
:109AF800D844A3467C6916F8013B55F82300FEF7C5
:109B080093FB01302CB1CA4584BF24F8190009F130
:109B1800010946458344EED17B6B3A6C5C4603F001
:109B28000503002A3FF479AF002B3B6C7A6B06EBF8
:109B3800430B0CBF022301233B63404B02F002019D
:109B480002F00102A846C7F834A0FD6A9A46023618
:109B580079643A640EE03A4A934213D2002D51D107
:109B68003A6C9AB93B6BE41A5E4506F102033FF47E
:109B780054AF1E4616F8013C16F8021C58F823305C
:109B88005345E8D28DB97A6C002AEDD01846FEF715
:109B98004BFB7A693AB17B6B4B4504D9431C22F8DD
:109BA800193009F101090444DEE7786AC7E90E3182
:109BB800FFF7B6FDD7E90E310028E4D0C7F83CD04E
:109BC8008AB06B46D9614FF400717A6A19849A6138
:109BD8001A461C4959611C4B42F8103F00234FF4A8
:109BE80012511A4804F056F9023CD7F83CD0BBE7AA
:109BF80000267B6CB1465B443B6326E604460CE7D3
:109C08004C460AE7786AC7E90E31FFF789FDD7E9BC
:109C18000E310028A4D0D1E70021FA6908463B6A32
:109C280044469847F9E67E6C7B6B4446D7F820900B
:109C38005E4403F0050377E713F084F96008020037
:109C48007C2E0200700F020004000001F40B0200D9
:109C580000B5094B83B01B6801934FF00003064B16
:109C68001A68019B5A404FF0000303D1002003B04B
:109C78005DF804FB13F066F9B0D9012000B50A4B72
:109C880083B01B6801934FF00003074B1A68019BD0
:109C98005A404FF0000305D1044B1B6803B05DF830
:109CA80004EB184713F04EF9B0D9012070C9002011
:109CB80010B5114B0C6882B01B6801934FF000037C
:109CC8008B685CB14A689A4208DD013A9A4214BF2F
:109CD80084464FF0000C04F803C08B6801338B6096
:109CE800054B1A68019B5A404FF0000301D102B09E
:109CF80010BD13F027F900BFB0D9012000B50A4BF9
:109D080083B01B6801934FF00003084B1860064BA3
:109D18001A68019B5A404FF0000302D103B05DF866
:109D280004FB13F00FF900BFB0D9012070C900205F
:109D38000FB4002100B50E4A85B006AB1268039235
:109D48004FF0000253F8042B0A480091029300F0E8
:109D58002BFA074B1A68039B5A404FF0000304D1B3
:109D680005B05DF804EB04B0704713F0EBF800BFE2
:109D7800B0D90120859C00000CB470B500250446BC
:109D88000E4688B0114A0CAB126807924FF00002D9
:109D980053F8042B0E4804A90095039305960695DD
:109DA800049400F001FADDE905309842074BB8BF8A
:109DB80025541A68079B5A404FF0000304D108B095
:109DC800BDE8704002B0704713F0BCF8B0D901206C
:109DD800B99C000000B50446064883B000680190AD
:109DE8004FF00000084611461A46A04712F0FAFE46
:109DF80005F03EFBB0D9012000B5094B83B01B68C4
:109E080001934FF00003064B1A68019B5A404FF02C
:109E1800000303D1002003B05DF804FB13F092F8AF
:109E2800B0D9012000B50C4B83B01B6801934FF0EB
:109E3800000306F0BFF916230360074B1A68019B5D
:109E48005A404FF0000304D14FF0FF3003B05DF8E3
:109E580004FB13F077F800BFB0D9012000B50B4B15
:109E680083B01B6801934FF00003084B0846114666
:109E78001A68019B5A404FF0000304D103B05DF803
:109E880004EB06F011B913F05DF800BFB0D901205A
:109E98000CB4034600B5084683B00C4904AA096807
:109EA80001914FF0000152F8041BDB6800929847BB
:109EB800064B1A68019B5A404FF0000304D103B0C7
:109EC8005DF804EB02B0704713F03CF8B0D90120FC
:109ED80010B51B4B82B00F281B6801934FF000038D
:109EE80025D8184C00EB40034FEA031E4FEA400CFC
:109EF80004EB0313D3E8AF3FCBB1A4F1080303EBA2
:109F08000E0464680C6022B10EF10C0E03EB0E0116
:109F1800116084444FEA0C1C53F80C00084B1A6873
:109F2800019B5A404FF0000307D102B010BD06F064
:109F380041F9092303600020F0E713F003F800BF9C
:109F4800B0D9012088C5002070B5254B82B01B68A8
:109F580001934FF0000300242546224E4FF0FF32B4
:109F68004FF0FF33204811F061F906F108010B1991
:109F7800D3E8AF2FBAB10135102D04F13004F6D172
:109F880006F018F917234FF0FF350360164811F053
:109F9800DBF9134B1A68019B5A404FF000031CD1A0
:109FA800284602B070BDD3E8EF1F0131C3E8E21FB5
:109FB800002AF8D10020002105EB450306EB031326
:109FC800C3E9000104F10C00304411F013F904F165
:109FD8002000304411F014FED8E712F0B3FF00BFA0
:109FE800B0D9012080C5002024CC002030B5194C00
:109FF80083B0246801944FF000041446164D00EB1A
:10A00800400C05EB0C124FEA0C1CD36245F80C10FF
:10A018005460A4B1E36893B10E4B1A68019B5A408F
:10A028004FF0000314D140F2051220460CF10C0C3D
:10A0380005EB0C0303B0BDE83040FFF729BF054B23
:10A048001A68019B5A404FF0000301D103B030BD9C
:10A0580012F078FFB0D9012080C5002030B5184B28
:10A0680083B01B6801934FF0000300EB40031549D0
:10A078001B0108334FEA400C0B44D3E8AF2F62B101
:10A0880002F1FF3ED3E8EF4F944203D1C3E8E5EF76
:10A09800002DF7D1F1D1012A08D0094B1A68019B8C
:10A0A8005A404FF0000309D103B030BD002200230D
:10A0B800844401EB0C11C1E90023EEE712F042FFE2
:10A0C800B0D9012080C500202DE9F04F9846344FC3
:10A0D800D378344C17F8039083B06F2B246801941D
:10A0E8004FF00004924606460C460C9D09F0030901
:10A0F80042D03CD903F0F703702B3AD00A27BB466D
:10A108000AE03033BE42DBB274F100042B7019D37D
:10A11800454517D906460C463A460023304621469F
:10A12800FEF75EF8092A05F1FF35D3B2E9D9B9F18E
:10A13800010F0CBF37335733BE42DBB274F1000452
:10A148002B70E5D29AF800309B0605D5BBF1080FB5
:10A1580015D0BBF1100F19D0124B1A68019B5A4049
:10A168004FF0000319D1284603B0BDE8F08F582BF3
:10A17800C4D11027BB46CFE70827BB46CCE79AF8DF
:10A18800023043F008038AF80230E5E79AF8023013
:10A1980043F010038AF80230DEE712F0D3FE00BF66
:10A1A800052D0200B0D901202DE9F04F1C46834649
:10A1B8008A4B107899B01B6817934FF0000388B149
:10A1C8009246884600275D46252816D04146A8476E
:10A1D800002807DB01370AF1010A9AF80000002875
:10A1E800F2D138467D4B1A68179B5A404FF000034E
:10A1F80041F0AF8019B0BDE8F08F00239AF8012034
:10A20800CDE90A33252ACDE90C33CDE90E3300F028
:10A21800E9801E469E469B4699460AF1010CA2F12A
:10A22800200110290AD8DFE801F0D00909CE090970
:10A238000909090909D609D30909CA002BB19DF8EA
:10A24800303043F040038DF830302EB19DF8303077
:10A2580043F020038DF83030BEF1000F05D09DF893
:10A26800303043F010038DF83030BBF1000F05D0CB
:10A278009DF8303043F008038DF83030B9F1000F05
:10A2880005D09DF8303043F004038DF830309DF848
:10A29800303003F04401442900F064829DF83030E6
:10A2A8002A2A43F080038DF8303000F03E824C4E6D
:10A2B8001046B35C61465B0748BF002316D511F80A
:10A2C800012F303816F802E003EB83031EF0040F69
:10A2D80000EB43031046F2D18C4507D09DF83000BF
:10A2E8000D93DB0F63F341008DF830002E2A0CBF6D
:10A2F800012000209DF8313060F341038DF83130A2
:10A3080026D14A782A2A00F06982354E1046B35C75
:10A31800013113F0040308BF18460ED0002311F8CA
:10A32800012F303816F802C003EB83031CF0040F2A
:10A3380000EB43031046F2D1D80F0E939DF830304E
:10A348001E46C3F34003184360F341068DF830609E
:10A35800A2F14C034E1C2E2B00F24982DFE813F0C9
:10A368005C04470247024702470247024702470286
:10A37800470247024702470247024702470247028D
:10A38800470247024702470247024702470247027D
:10A3980047024702470247026B0447025A04470232
:10A3A8004A04470247024702470247024702470258
:10A3B8004804470247024702470247023B04012379
:10A3C8001CF8012F2BE70126FAE74FF0010EF7E7FB
:10A3D8004FF00109F4E74FF0010BF1E7B0D9012084
:10A3E800052D020019461A469C461E468DF8330074
:10A3F8000AF102099DF930E09DF83000BEF1000F26
:10A408000590ACBF4FF0FF300D980490002A00F083
:10A418000481224652F804BBBBF1000F039207DA0D
:10A428004FF0FF3B9DF831206FF341028DF831204A
:10A438000022042E0D920E9200F0FD80059A012E46
:10A4480002F00302029200F02A81022E00F07881C5
:10A45800032E04D1039B53F8042B0A920393029B07
:10A46800002B40F007819DF833E0AEF12503532B14
:10A4780056D8DFE813F02104550055005500550063
:10A48800550055005500550055005500550055001C
:10A49800550055005500550055005500550055000C
:10A4A80055005500550055005500550055001B0234
:10A4B8005500550055001B021B021B025500550094
:10A4C80055005500550055005500550055005500DC
:10A4D8005500550055005500550055006B005500B6
:10A4E80055005500550055005500550055001B02F4
:10A4F8005500830158001B021B021B02550058001F
:10A508005500550055005500F0036B001804550020
:10A5180055000B0455006B00550055006B001F607B
:10A52800CA46039C59E6059B1C074EBF2B23C3F361
:10A5380000135B010293DDE90A23002B06DA52427D
:10A5480063EB43030B932D230A9202930DF15906F3
:10A55800009610AB0CAADDE90A01FFF7B5FD044629
:10A56800BBF1000F0BDB9DF830306FF386138DF8CD
:10A578003030331B9B4502D9ABEB03030D93002C02
:10A58800CED0DDF834A0331B52460DF159019DF8A9
:10A5980032600591029901B1013316F0100106915C
:10A5A80000F0F7800233134416F040021CBF0E99E6
:10A5B8005B180499002940F38F80CB1A04939DF807
:10A5C80030305807C3F3800600F18680590640F101
:10A5D800F7820298002800F07F8441460292A8473B
:10A5E8000028FFF6FFAD049B029A002B07F1010734
:10A5F80003F1FF3C40F37884029630260794E34643
:10A608006446049203E0621E002C5ED01446414664
:10A618003046A8470028F6DAE4E500221CF0020FCD
:10A6280014BFDDF838B04FF0FF3B042E03940D92B1
:10A638000E927FF403AF9DF83120930707D49DF95C
:10A648003120002AACBF4FF0060B4FF00D0B059AD6
:10A6580002F003020292039A073222F00702D2E9BB
:10A668000034CDE90A3402F108030393029B002B5E
:10A678003FF4F9AED1457FF653AF002441461AF8AE
:10A68800010BA8470028FFF6ADADCA4504F1010447
:10A69800F4D1002C2046FFF6A5AD274440E7CA1E9A
:10A6A800042A00F28986DFE812F05A020500050044
:10A6B800EA00EA00039B073323F007031846F0E893
:10A6C8000223CDE90A230390C9E64FF0FF3301378F
:10A6D800079C049A5F440493029838B14146029259
:10A6E800A8470028FFF67EAD029A0137002A59D004
:10A6F8009DF931302078002BC0F239826A4E335CE4
:10A708005B0758BF234640F1B083A34608E09BF897
:10A7180001000BF10103325C510740F1A1839B4614
:10A728004146A8470028F2DA5CE59DF831300CF183
:10A73800010143F001038DF831309CF80120D5E583
:10A74800CA1E042A00F22C8601A454F822F000BF85
:10A758009BAB0000BDA60000BDA6000037AB000003
:10A7680037AB00006FF386138DF8303096E5002381
:10A778000B93029B0392002B7FF47CAF0A9B0DF195
:10A7880041028DF840300123059210AC0022924618
:10A79800029216F0080106913FF405AF002101333B
:10A7A800069100E79DF83230DA0600F101821B07B6
:10A7B80000F1FE81069B002B40F0C881BAF1000F22
:10A7C800C8BFBA4404DC26E30137574500F02483A8
:10A7D80041463020A8470028F6DA03E59DF83130D5
:10A7E800023143F004038DF831300A78B0E50E46A3
:10A7F8009DF83000C0F34000782A8DF8332006F128
:10A8080001091AD86D2A00F29982692A15D8572A9F
:10A8180040F261820121A2F15803DBB201FA03F38D
:10A8280013F4624F40F05E8240F60106334240F076
:10A83800948513F4043F40F0AE829DF830309DF8C3
:10A8480031C043F00103CCF3C3018DF8303000264A
:10A858000B469DF830201CF0010F60F341028DF883
:10A8680030200CF004023FF4C5AD54F8040B002866
:10A878000490C0F284829DF830000590C6E5DDF8AA
:10A888000CC0012B5CF8044B22464FEAE474CDE976
:10A898000A24CDF80CC07FF4E2AD53B242F3C012E3
:10A8A8000A930B92DBE500BF052D0200DDE90A12D1
:10A8B800002AC0F26183059B180700F1D883C3F30F
:10A8C80000135B010293C2F30A5A40F2FF73C2F30A
:10A8D8001302BAF1000F40F00B83BEF1460F00F0EF
:10A8E8007484D30243EA5153069353EAC1234FEACF
:10A8F800C12000F09383120352EA11524FEA013348
:10A9080000F11A85DB185241002A0AF1FF3AF9DAF8
:10A91800AAF2FE318C1C42F0004280F209854FF009
:10A92800000A5B0843EAC2735208B2F1333F084693
:10A9380001F10101F5D2811C9C00900040EA93705E
:10A94800E31842EB0002881C0AF1FF3AE9DB002910
:10A9580024DD4FF03336B44606970233A3FB0604D2
:10A9680042F100021CEB0003A2FB063246EB04078F
:10A97800C01844EB0204C01944F100041B1901F18A
:10A98800FF310AF1010A42F10002DB185241002AA4
:10A9980001F1FF31F9DA0029DFDC069FC1F1040477
:10A9A8001C3123FA04F002FA01F1A4F1200322FA7F
:10A9B80003F308431843BEF1670F22FA04F3069322
:10A9C80000F00A83BEF1470F00F00683BEF1660F60
:10A9D80000F0F68300220BF101030792102B1E46AC
:10A9E800A8BF1026013E002B00F0A9844FF000629A
:10A9F8004FF033340023A4461146CDE908A75B087D
:10AA080043EAC173A3FB042749081CEB0203A1FB1B
:10AA1800043144EB070AD21847EB010712EB0A028C
:10AA280047F10007DB1906F1FF3641F10001771CF9
:10AA3800E5D1DDE908A70A4606991B1841EB020291
:10AA4800B2F1805F80F063830599BEF1660F01F073
:10AA5800200400F00F839100980041EA9371C31815
:10AA680042EB0101C1F3C362DB1802F13002494134
:10AA7800302A8DF8402018BF0AF1FF3A002C40F028
:10AA88003983BBF1000F40F3EE832E228DF841206D
:10AA98004FF00F0C10A821F0704206900DF1420102
:10AAA800084601EB0C0401E0A04211D09600990081
:10AAB80046EA9376CB1842EB0602DB185241110F97
:10AAC8003031BBF1010B00F8011B22F07042EBD1D1
:10AAD8000590079BCDF838B06BB10022059B0E920C
:10AAE80013F8012C1946302A03F1FF33F8D02E2A27
:10AAF80008BF194605910EF0DF03452B00F00582CB
:10AB0800DDF834A0BAF1000F40F38282012200215F
:10AB18009DF8323062F386138DF83230059B524629
:10AB2800197006999DF832600C465B1A32E54FF0B1
:10AB3800000C039C54F8042B022BCDE90A2C03D1FA
:10AB4800002392B20A920B93039488E441469DF83D
:10AB58003300A8470028FFF645AB01372EE6039AD5
:10AB680052F8043B0A93DB1703920B9377E470289F
:10AB780000F0DC83264606E0707806F1010A7028AA
:10AB880000F0928156464146A8470028F4DAFFF7BC
:10AB980029BB9DF83330039A632B039B02F104020F
:10ABA8001B680A933FF4E3AD002303920B9356E42A
:10ABB80041463020A8470028FFF614AB0137F9E5D5
:10ABC800049B002BC8BF202603F1FF3C3FF716ADBE
:10ABD800CDF810C080E506229DF831309DF8300090
:10ABE80062F3C6038DF831304A78C0F3400003E6BB
:10ABF8000722F1E74A789DF830006C2AC0F340003C
:10AC080000F0AF8103219DF8313061F3C6038DF860
:10AC18003130F1E50522DFE7BDF83030012023F4BB
:10AC2800F04323F0020343F4804343F002034A78DD
:10AC3800ADF83030E0E54A789DF83000682AC0F376
:10AC4800400000F0848102219DF8313061F3C60391
:10AC58008DF83130D0E50A9B07293FF661AC01A297
:10AC680052F821F027A50000DBAC0000D7AC0000AB
:10AC780027A500008DAC00008DAC000027A50000C2
:10AC880027A50000FA171F605A6049E4BBF1000FBE
:10AC98000A9C80F268812046FDF7C6FA23180593BE
:10ACA800059B1B1B72E50A98002840F06881C04A82
:10ACB80005230592541F69E541462520A847002829
:10ACC800FFF690AACA46039C0137FFF786BA1F8091
:10ACD80026E41F7024E4412A04D0A2F14503022B84
:10ACE8003FF6ABAD02F0DF02A2F14102B2FA82F206
:10ACF80004269DF831309DF83210520962F3C713CB
:10AD080066F302011A068DF832108DF831305FFAB9
:10AD180083FC00F1DC800CF07803182B00F09D8197
:10AD28001CF0380FCCF3C30105D09DF8303043F048
:10AD380001038DF830300B4604268AE501236E3A6C
:10AD4800D2B2934040F2824213424DD113F0240F05
:10AD580038D1D9077FF571AD03269DF832209DF8CB
:10AD680031C066F302020CF07803CCF3C301402B28
:10AD780008BF40F001008DF832200B4669E50498C1
:10AD8800404204909DF8300040F004008DF83000F7
:10AD98000590FFF73BBB9DF832309DF831C061F359
:10ADA80002038DF832300CF07803402BCCF3C3014A
:10ADB80005D19DF8303043F001038DF830300B4653
:10ADC800012646E503269DF832209DF831C066F33A
:10ADD80002021CF0780FCCF3C30118BF40F0010049
:10ADE8000B468DF8322034E502269DF831C09DF8D7
:10ADF80032300CF0780266F30203402A8DF83230C4
:10AE080005D19DF8303043F001038DF83030CCF394
:10AE1800C3010B461DE5BA460026059F07E04146DB
:10AE280014F8010BA8470028FFF6DCA90136A74251
:10AE3800F5D8002E3046FFF6D5A95644049B002BC2
:10AE480040F35582049F374403E00136BE423FF485
:10AE580067AB41462020A8470028F6DAFFF7C2B9B9
:10AE6800C4F101023A440BEB02079DF83220920626
:10AE780040F1938118782E2800F07481325C5107D4
:10AE880058BF9A4614D51C469B4607E0607804F1E3
:10AE9800010A335C5B0740F1548154464146A84798
:10AEA8000028F3DAFFF79EB9C4F101033B44F71811
:10AEB8000E9C002C78DD3C4402E00137A74274D098
:10AEC80041463020A8470028F7DAFFF78BB9CCF3C2
:10AED800C3010B460120BCE4049B002BC8BF3026ED
:10AEE80003F1FF3C3FF78AABCDF810C0FFF7FEBB7C
:10AEF8009A4500F09181D202BEF1460F08BF4FF08B
:10AF0800660E42EA5152CB0202E5059BBAF1000FE8
:10AF180083F800E0B4BF2D232B230599B8BFCAF1ED
:10AF2800000ABAF1630F4B7000F310810231214B14
:10AF3800A3FB0A23DB0803EB8302AAEB42023033AC
:10AF48000B7002F130034B708B1C0593D8E501227E
:10AF58009DF831308E1C62F3C6038DF831308A7843
:10AF68004AE40422F4E75946204615F0B6FA002CC4
:10AF78007FF494AEFFF7D4BA2D230293A3E40DF126
:10AF8800590610AB002100960CAAFFF79DF8BDF8F2
:10AF98003230044603F0EF0343F4F04343F0100368
:10AFA800ADF83230FFF7DCBA3C460026059F0BE0CF
:10AFB8003D100200CDCCCCCC41461AF8010BA84775
:10AFC8000028FFF60FA901365745F5D8002E304660
:10AFD800FFF608A9264431E71AF1030F25DAAEF186
:10AFE8000203BBF1000F5FFA83FE7FF7F3AC059A0B
:10AFF8000BF1FF33920600F148811A1E18BF012297
:10B0080007925E46102EA8BF10269B46013EEDE42F
:10B018000E9A002AD4BF0022012278E5BEF1670FFC
:10B0280003D0BEF1470F7FF4D1ACD345D7DB059BE6
:10B03800ABEB0A0213F0200F5B4640F07381111E40
:10B0480018BF012193460791002B4FF0660EBFF6FB
:10B05800C5AC00234FF00062EEE400236FF3C60C8A
:10B068008DF831C019465FFA8CFCFFF7F2BB2B2331
:10B07800029328E4BAF1000F40F3B48050460DF172
:10B08800400CCDF818C0AAF110060997970099004E
:10B09800C91847EA937742EB070749187F413A0FE7
:10B0A80030320B465146BAF1010A8CF8002027F0DD
:10B0B800704267460CF1010C00F01C81B245E5D1E5
:10B0C800CDF814C04FF0000C0897099F0D96002C7E
:10B0D80040F01A81BBF1000F40F321812E2008991E
:10B0E800059C02312070BCF1000F00F0FD804FF08C
:10B0F800000AD5E42E22BBF1000F8DF841203FF75E
:10B10800C7AC0DF14203059310AB0693E1E45B086D
:10B1180043EAC2734FEA520C4FF03332A3FB0236B4
:10B12800D418ACFB021442EB06025B1846EB04068B
:10B138009B1846F100068B190AF1010A44F1000236
:10B1480082E45B460137FF1A2744B1E66422A94B23
:10B15800A3FB0A135B0902FB13AA059A3033937009
:10B16800D11CE4E641460293A8470028FFF63AA816
:10B17800029BBAF1000F07F1010703F1010479DD21
:10B188009B46BA4402E00137574572D04146302009
:10B19800A8470028F7DAFFF725B8BAF1000FC8BFAB
:10B1A8009B460AF1FF3404DCD5E0621E002C6FD008
:10B1B800144641463020A8470028F6DAFFF712B8AF
:10B1C800002307930AEB0B033EE7D30243EA5153EC
:10B1D800069353EAC1234FEAC120F1D04FF0660E1F
:10B1E800FFF789BB30218DF84010002C56D02E2156
:10B1F8008DF84110BAF1000F6BD0BBF1000F56DC8F
:10B208000DF14203059310AB0693079BCDF838B0B8
:10B21800002B7FF462AC73E477480EF10103DBB2D4
:10B22800C35C0A4303F0030327D1012B0BBF492357
:10B2380069234E216E210CBF462266228DF84220DA
:10B2480000228DF840309DF830308DF841106FF3B2
:10B2580086130DF143018DF8303092460323059192
:10B2680010ACFFF797B90DF14103059310AB0693A6
:10B278002FE45B465878234600E6012B15BF6E2362
:10B288004E23612141211A46D8E700220792B8E6E9
:10B29800BA44AAEB04075B469246EBE5BBF1000F04
:10B2A80051DD2E218DF84110BAF1000F14D0CAF1EA
:10B2B80000015945A8BF594600290D91ABEB010B78
:10B2C800D4BF002101219DF8320061F345108DF8AB
:10B2D8003200BBF1000F93DD10A84FF0100C0DF1F8
:10B2E80042010690FFF7DCBBE24605918DE7374641
:10B2F800FFF716B9C0F10F00CDF814C008975646ED
:10B30800099F00EB010CE1E62E200899059CBBF192
:10B31800000F01F1020120703FF7E5AE05914FF0F3
:10B32800000A72E79346002207928DE6A246BFE51F
:10B338004FF0000AFFF70BBB3049FFF7F0BA4FF0A8
:10B348000062FFF779BB0DF14103059310AB06933B
:10B358005BE711F0F7FDA2468CE502219DF832303B
:10B3680061F302039DF831108DF8323001F0780650
:10B37800402E8C4605D19DF8303043F001038DF8FE
:10B388003030C1F3C301632A0B4606D1002E18BF23
:10B3980040F001000226FFF75CBA0226FFF759BA0F
:10B3A800039C012B54F8042B1CD10023D2B20A921F
:10B3B80003940B93FFF753B8DDF80CC0012B5CF82E
:10B3C800044B4FEAE4720B920A9422460ED0022BE9
:10B3D80004D123B244F3C0340A930B94CDF80CC0C3
:10B3E800FFF73DB84FF0000CFFF7A6BBCDF80CC037
:10B3F800FFF753BA1F85EB51042D020002FCFFFF33
:10B4080070B51E4B82B01B6801934FF000030468AF
:10B41800C2698B0043F0020342F8243002690368D2
:10B42800D507046A0B4419D4A34200D31B1BC56873
:10B438004668AB4203600DD031448C4298BF091B6B
:10B448000E4B41601A68019B5A404FF0000313D11C
:10B4580002B070BD42F008020261EDE7C668013C27
:10B468002340B3424568036002D142F008020261FA
:10B478004B1904EA0301E3E711F064FDB0D9012098
:10B4880030B505691D4B83B015F0010F1B6801939A
:10B498004FF00003046A02EB01031FD1A34228BF47
:10B4A8001B1B04689C421ED09300C46943F002032E
:10B4B80044F821300369416813F0010F0A44036A14
:10B4C80016D19A4228BFD21A42600C4B1A68019BC7
:10B4D8005A404FF000030ED103B030BD013C234069
:10B4E80004689C42E0D125F0080501600561ECE79D
:10B4F800013B1A40E8E711F025FD00BFB0D9012053
:10B508002DE9F04FD0F80C80C7691E4617F828308F
:10B51800534C03F0030383B0022B246801944FF0CB
:10B52800000489460446154607EB880A32D00023F2
:10B53800136033602369990721D5A369504698475A
:10B5480017F828308346DA0719D59B0748D5B9F18B
:10B55800000F3DD1D4E9022521696368CE07206A2E
:10B568005B442DD483426AD31B1AAA42636069D014
:10B5780041F00801C4E903212260012000E0002015
:10B58800374B1A68019B5A404FF0000366D103B04D
:10B59800BDE8F08F002257F828302A609B083260F7
:10B5A800C8D0D0E903120B44016AD00715D48B42E6
:10B5B80028BF5B1A22F008022261A360E360DCE77F
:10B5C80001380340AA426360D2D15A4402403DE0A8
:10B5D80049462046FFF714FFBCE701390B40E9E76D
:10B5E800E36822690344D007216A34D48B4228BF18
:10B5F8005B1A22F008022261A360E360B9F1000F30
:10B6080004D000212268E36943F822100BEB0903F8
:10B6180033602268216A13442269D00718D48B4208
:10B6280028BF5B1A42F008022360226117F828300D
:10B638006FF3000307F82830C5F800A09DE7AA4279
:10B64800636095D15A44824228BF121AA2608FE7DC
:10B6580001390B40E6E701390B40CAE711F072FCEB
:10B66800B0D90120002300B5174A83B012680192AF
:10B678004FF0000243618361036043608360C360ED
:10B688000361CA6882618A6842610A68C2614A685D
:10B69800C0E908230B6922B1511E114208BF43F0CB
:10B6A80001030361084B1A68019B5A404FF00003DD
:10B6B80007D101220021283003B05DF804EB0FF018
:10B6C80077BF11F03FFC00BFB0D901202DE9F04F42
:10B6D80000259446026A4F4C87B08A422468059434
:10B6E8004FF00004CDE903552FD304460F46AA4670
:10B6F8004FF02009A846CDE900C3EFF3118689F37E
:10B708001288BFF36F8F049A002A48D123691B0758
:10B7180026D4E1682368994248D8216AC91A8F4219
:10B7280021D92046FFF76CFE4FF0010B86F31188F4
:10B73800BFF36F8F039929B162690AB12046904718
:10B74800CDF80C80BBF1000FD7D1324B1A68059B9E
:10B758005A404FF000035AD1284607B0BDE8F08F91
:10B76800002F3BD12368E56915F8232022F0030256
:10B7780005F82320226905EB83052368D007216A91
:10B788003B4428D48B4228BF5B1AE1682360994266
:10B7980002D142F0080222614FF0000BC6E7514681
:10B7A8002046FFF76DFECDF81080AFE7A1EB030B45
:10B7B8005F45D8D9DDE90032134302D010F038FADA
:10B7C80078B15946204604AB03AAD4F800A0FFF785
:10B7D80097FE8346AAE701390B40D6E74FF0000BE6
:10B7E800E8E786F31188BFF36F8F04F12800DDE9DD
:10B7F80000230FF03DFFEFF31186202383F3128817
:10B80800BFF36F8FB0FA80FB4FEA5B1B8EE711F036
:10B8180099FB00BFB0D9012030B5234B83B01B681A
:10B8280001934FF000030446836908460D46984784
:10B83800EFF31181202383F31288BFF36F8F2B78E6
:10B8480043F001032B7022696368D5071844236A03
:10B8580025D4984228BFC01A6060500710D5120737
:10B86800656A1AD4E068226890429CBFC01800F14B
:10B87800FF30821A013B9B1AAB4238BF2B466362EA
:10B8880081F31188BFF36F8F074B1A68019B5A40E9
:10B898004FF0000306D103B030BD0022EAE75D1E79
:10B8A8002840D9E711F04EFBB0D901202DE9F0412D
:10B8B8003D4B82B01B6801934FF0000320260446DD
:10B8C800EFF3118586F31288BFF36F8F2169A368A0
:10B8D80008072DD4626893422AD8D21AE76962B35E
:10B8E80017F823204FEA830C12F0030007EB8308B4
:10B8F80023D0022849D0D10730D4A36940469847BD
:10B90800A3682169E26803441044CA07276A41D43E
:10B918009F4298BFDB1B874298BFC01B21F00801DC
:10B92800C4E90230216185F31188BFF36F8FC7E73F
:10B93800226AE769D21A002AD2D185F31188BFF3A7
:10B948006F8F4FF00008184B1A68019B5A404FF050
:10B95800000326D1404602B0BDE8F08142F0020261
:10B9680007F80C20A3694046A66898472369304425
:10B9780013F0010F236A11D1984228BFC01AA060A2
:10B9880085F31188BFF36F8FDDE757F80C00800847
:10B99800B8D1B0E7013F3B403840BFE7013B184012
:10B9A800EDE711F0CFFA00BFB0D9012030B52F4B29
:10B9B80083B01B6801934FF000030446836908466F
:10B9C8000D469847EFF31181202383F31288BFF3C4
:10B9D8006F8F2B786FF300032B7023699B070AD5B1
:10B9E800E268E36903EB82039D4204D02B6860F3AD
:10B9F8009F032B6013E02B786FF341032B70D4E97E
:10BA0800022393421DD022691844D507236A29D4FA
:10BA1800984228BFC01A22F00802C4E9030281F341
:10BA28001188BFF36F8F114B1A68019B5A404FF072
:10BA3800000319D104F1280003B0BDE830400FF02D
:10BA4800DFBD22691844D507236A05D498422ABF66
:10BA5800C51AA060A560DBE7013B03EA0005A56005
:10BA68001840D8E7013BFBE711F06CFAB0D9012088
:10BA780000B5164B83B01B6801934FF00003EFF33A
:10BA88001182202383F31288BFF36F8F036913F0A9
:10BA9800080F836804D141688B4201D8C81A01E0B5
:10BAA800006AC01A82F31188BFF36F8F074B003802
:10BAB80018BF01201A68019B5A404FF0000302D1B9
:10BAC80003B05DF804FB11F03DFA00BFB0D90120C6
:10BAD80070B53C4C82B0246801944FF000040C46C9
:10BAE80004F00105014605EB540098425FD866084A
:10BAF800002D4CD1002E41D0013A01EB460E1CE03E
:10BB0800ACF1570C5FFA8CF31B01DBB253704C7825
:10BB1800A4F1300C5FFA8CFCBCF1090F07D9A4F131
:10BB2800610CBCF1050F1CD8573C5FFA84FC02314C
:10BB38006344714502F8013F20D091F800C0ACF190
:10BB48003003DBB2092BDFD9ACF16103052BD7D960
:10BB5800ACF14103052B2AD8ACF1370C5FFA8CF312
:10BB6800D2E7A4F14105052D21D8373C5FFA84FCC2
:10BB780002316344714502F8013FDED1114B1A6866
:10BB8800019B5A404FF000031AD102B070BD0C78E7
:10BB9800A4F13003DBB2092B05D9A4F16103052B0D
:10BBA80007D8573CE3B202F8013B0131A2E7002075
:10BBB800E4E7A4F14103052BF9D8373CE3B2F2E7F7
:10BBC80011F0C0F9B0D901202DE9F04340F26C77AB
:10BBD800834B83B01B6801934FF00003D0E9043214
:10BBE800D71903F1010E4FEAE27242F10002BEF1E9
:10BBF800020F8CBF00230123FF1AC46862F1000200
:10BC0800002A04F1FF34C0F2B3803B0D43EA02334B
:10BC1800C3F31303C7F313011944D51701EB12310A
:10BC280005F0210601EB12716E4B3144A3FB016351
:10BC3800DB0803EB830303EB8303C91A25F017051D
:10BC48002944694E7B1A03FB06F662EBE1726749E9
:10BC580001FB0266A3FB0131761800F1BB80D0E935
:10BC6800018C3C21BEF1020F8CBF6FF00202092249
:10BC780040F26D154FEAE879CCFB01894FEA0911CA
:10BC88004FEA081CBCEB080C41EA187161EB09018A
:10BC980096448900026841EA9C7155481B094FEA9D
:10BCA8008C0C43EA06731CEB020C4FEA261600FBC9
:10BCB800037041EBE271F700DA00D21847EA5377D4
:10BCC80046EB07073F0147EA12771201D21846EB05
:10BCD80007073F0147EA12771201D21A67EB0607F6
:10BCE800404E0EEBCE0EA6FB0036830805FB003354
:10BCF8000EEB0E1E3F480EF1020EA0FB0E0E234463
:10BD0800B8019401A41A40EA9260A3EB561360EBC1
:10BD1800070203EB9E0338481B1942F100021B1867
:10BD280062F10002D81842EB0204C31842EB040285
:10BD380014011801C01A44EA137464EB02042301C5
:10BD48000201121A43EA107363EB0403D001DB010A
:10BD580043EA526310EB0C0041EB0301204B1A68D5
:10BD6800019B5A404FF0000338D103B0BDE8F0837F
:10BD78006FF4C773FB1862F100024FEA135C4CEAD8
:10BD8800023CCCF31308C3F3130CC4440CEB123C71
:10BD98004FEAE27808F021090CEB127C1149CC44F7
:10BDA800A1FB0C91C90801EB810101EB810128F08D
:10BDB8001708ACEB010141440B4E5B1A03FB06F676
:10BDC8000A4D62EBE17205FB0266A3FB05357619A5
:10BDD8007FF545AF0F3346F1000640E711F0B2F8A2
:10BDE800B0D901201F85EB51F5285C8F295C8FC2E3
:10BDF80070FEFFFFCDCCCCCC9405F5FF2DE9F04FBC
:10BE0800B0F818C0B54B83B01CF0080F1B6801933D
:10BE18004FF00003814640F01D8110460CF00702E8
:10BE28004FF020081446134602299BB211D0D9F8C6
:10BE38001450002DC0F2F7805A1F012A1E4640F206
:10BE4800CE80042B00F02D819C42014652D0002761
:10BE580016E0002B7CD1D9F80020002A7DD02CF0E8
:10BE6800070CD9F810204CF0060C1FFA8CFC062C95
:10BE780017680146A9F818C000F08F801D460626ED
:10BE8800D9F808304FF0000B002B00F086804CF0FA
:10BE9800080CA9F818C080F31188BFF36F8FD9F880
:10BEA800081089B10C682B4632464846D1F804A0E0
:10BEB800D0474CB1214624682B4632464846D1F833
:10BEC80004A0D047002CF5D1BBF1000F24D117B145
:10BED80048468349B847EFF3118188F31288BFF3C6
:10BEE8006F8F0846B9F818C02CF0080C1FFA8CFCA4
:10BEF800A9F818C01CF0100F21D001212CF0100C4B
:10BF08001FFA8CFC0CF007031C46A9F818C08BE735
:10BF1800D346BBF1000FDAD05846294650F804AB97
:10BF280000F0D2F904460028F2D05946D3462B46F1
:10BF380032464846A047BBF1000FEDD1C7E71CF0D9
:10BF4800200F0BD02CF0200C02211FFA8CFCD9E713
:10BF5800022B2DD1B9F81A507DB1014681F3118811
:10BF6800BFF36F8F5D4B1A68019B5A404FF0000377
:10BF780040F0B18003B0BDE8F08F2CF0070CD9F881
:10BF880010304CF0040C1FFA8CFC042C5F6801463E
:10BF9800A9F818C001D0042672E7002FAAD04CF0E7
:10BFA800080CA9F818C080F31188BFF36F8F8FE7CA
:10BFB800012BD2D1D9F80030002BCED02CF0070CB1
:10BFC800D9F810304CF0050C1FFA8CFC052C9F6832
:10BFD8000146A9F818C0E0D00526002550E700263C
:10BFE8002CF0070C062BD9F800B01FFA8CFCC9F806
:10BFF8000460C9F8006037D0B4420146A9F818C0F7
:10C0080022D1BBF1000F3FF475AF4CF0080CA9F832
:10C0180018C080F31188BFF36F8F0027BBF1000FA2
:10C028007FF47AAF53E7002301262CF0070C4CF07D
:10C03800010CD9F800B0A9F818C0C9F80030C9F83F
:10C048000430B4420146DCD0D9F80830002BD8D0EF
:10C0580000271CE701290CBF4CF0100C4CF0200CF9
:10C068001146A0F818C079E7BBF1000F09D05A466D
:10C07800B9F81A3001339BB2A9F81A301268002AAD
:10C08800F8D1B9F81A204CF00203A9F8183012B107
:10C098009C460226D5E74CF0220C0226A9F818C0C7
:10C0A800CFE72CF0070CD9F800601FFA8CFCA9F830
:10C0B80018C056B14CF0200C0146A9F818C0002C45
:10C0C8003FF418AF00263746DAE60146002C3FF465
:10C0D80011AF3746D4E610F035FF00BFB0D90120C4
:10C0E800EDC0000000B50F4B83B01B6801934FF003
:10C0F8000003EFF311824FF0200C8CF31288BFF38A
:10C108006F8F084B41611968019B59404FF000033C
:10C1180005D1012103B05DF804EBFFF76FBE10F005
:10C1280011FF00BFB0D9012000B5124B83B01B68C6
:10C1380001934FF00003C0B1B9B10A68AAB14A68C7
:10C148009AB10022034601611046C3E90022C3E9FF
:10C158000222C3E90522074B1A68019B5A404FF097
:10C16800000305D103B05DF804FB6FF01500F2E79A
:10C1780010F0E8FEB0D90120F0B53D4B83B01B6844
:10C1880001934FF0000300286DD00E4600296AD0B5
:10C198000F1D0546384600F06DF800281BD1B3681E
:10C1A800032B60D8EFF31182202383F31288BFF3A7
:10C1B8006F8F4FF6FF716B8B288B8B4200F0070453
:10C1C8003AD0022C25D0062C46D8DFE804F00E45DC
:10C1D80045450E1B0E00E5DA254B1A68019B5A40AF
:10C1E8004FF0000342D103B0F0BD002333606B6809
:10C1F8004BB31E606E604CBB28460221FFF7FEFD64
:10C208002046E9E782F31188BFF36F8F6FF085004E
:10C21800E2E701336B8382F31188BFF36F8F00214C
:10C22800384600F051F8074620B10023224631462F
:10C238002846B8470220CFE782F31188BFF36F8FF3
:10C248006FF00A00C8E72E606E60D4E7204682F3DC
:10C258001188BFF36F8FBFE782F31188BFF36F8F29
:10C268006FF00400B8E76FF01500B5E710F06AFE4C
:10C27800B0D9012000B5134B83B01B6801934FF070
:10C28800000348B14268034602F00302022A0FD0B5
:10C29800032A0DD0012A0ED06FF01500094B1A6839
:10C2A800019B5A404FF0000309D103B05DF804FB2D
:10C2B8001A68002AF0D0002210469A60EEE710F0C3
:10C2C80041FE00BFB0D9012000B5144B83B01B68F4
:10C2D80001934FF000034268034602F00302022A6A
:10C2E800816004D0032A13D00022426005E0006870
:10C2F80000225A6008B111F0A1FD0020074B1A680E
:10C30800019B5A404FF0000306D103B05DF804FBCF
:10C31800006800225A60F1E710F014FEB0D901203D
:10C328002DE9F041274B82B01B6801934FF00003C1
:10C33800002705468846164600E03CB36A68E96867
:10C34800EB69541A9C4228BF01EB030C696928BFAA
:10C35800E41AA2EB010138BFA446A3EB0404A3EB43
:10C36800010328BFA2EB0C0CB34228BF33469C4202
:10C3780028BF1C46286813194146224660446B6052
:10C3880013F0E8FF361B2744A044D6D1D5E9012392
:10C39800D21A974209D8EA683B44E9696B60AB60F6
:10C3A8009B1A8B4224BF5218EA60064B1A68019BFD
:10C3B8005A404FF0000303D1384602B0BDE8F0817F
:10C3C80010F0C0FDB0D9012000B5034B83B01B6845
:10C3D80001934FF0000301E0B0D90120054B1A6822
:10C3E800019B5A404FF0000302D103B05DF804FBF3
:10C3F80010F0A8FDB0D901202DE9F041194B82B009
:10C408001B6801934FF00003C36A0C461B6805467E
:10C41800012B88BFDE1D4FF0070288BF5B424FF03B
:10C42800FF008CBF1E4008264F88B1F80480FCF737
:10C4380003FDE37983420AD000200A4B1A68019B66
:10C448005A404FF000030AD102B0BDE8F081A88934
:10C458004744801BB84294BF00200120EDE710F04C
:10C4680071FD00BFB0D901202DE9F043224C8BB0FB
:10C47800246809944FF00004CBB105461C46C36AF2
:10C4880000681B68AF8910FA81F05B42090C01FB58
:10C49800070813EA0407164616D0A86A83684146B7
:10C4A800D3F804903B46C84710B9E41B0AD10020D2
:10C4B800114B1A68099B5A404FF0000319D10BB071
:10C4C800BDE8F083B8443E443146224601A813F043
:10C4D80041FFEE6A01AB326818197179121B13F02B
:10C4E80046FFA86A336884684146646801AAA04781
:10C4F800DEE710F027FD00BFB0D9012030B5184B9A
:10C5080083B01B6801934FF0000305460C46FFF704
:10C5180073FFC0B1A088F8B94FF6FF7322889A421A
:10C5280011D1EB6AA8891B68012B91BF0823DA1D7A
:10C538005B4213406288801AB0FBF3F203FB1200DF
:10C54800B0FA80F04009064B1A68019B5A404FF038
:10C55800000303D103B030BD0020F4E710F0F2FC73
:10C56800B0D9012010B52C4B84B01B6803934FF051
:10C578000003C36A04461B68012B48D9D91D5B42D6
:10C5880019408AB24FF6FF704FF0000C6368ADF89F
:10C5980004001A44ADF806201B0CA2891B0413449E
:10C5A8005B1A072263608DF80A0001A9FF20ADF825
:10C5B80008C0FCF741FC844601AA082361682046AC
:10C5C8008DF80BC0FFF750FFE36AE1891B68012B68
:10C5D80091BF0822DA1D5B421A40636803F5803375
:10C5E8009B1AB1EB134F4FEA1342636004BFA3EBEE
:10C5F800024363601B0C1B04A360074B1A68039B70
:10C608005A404FF0000305D1002004B010BD0822A5
:10C618001146B7E710F096FCB0D901202DE9F04794
:10C62800254B84B01B6803934FF00003C36A0C6862
:10C638001B68DFF88890012B91BF08275F420733FA
:10C648001F40E41B04EA0906A642054688460C601A
:10C6580012D32CE0284601A9FFF7CEFE48B1BDF859
:10C668000630BDF8082006EA090613441E44C8F837
:10C678000040E41BB4421AD92B68AA8913FA84F142
:10C68800230C03FB0211A86AD0F808C00823DCF8C1
:10C6980000A001AAD0470028DCD0074B1A68039BEA
:10C6A8005A404FF0000304D104B0BDE8F0870020E1
:10C6B800F3E710F047FC00BFB0D901200000FFFFEE
:10C6C8002DE9F04F1E46244CC36A8DB024680B94A4
:10C6D8004FF000041B68002E39D0054614468946E1
:10C6E800C3F1000808F020081FFA81FB4FEA114A3D
:10C6F8002968AA89B045594443460AFB021128BF54
:10C708003346A86A82680193176803AAB84760B9D4
:10C71800019B002BECD003AAD01801E090420ED068
:10C7280012F8011BA142F9D001200B4B1A680B9B90
:10C738005A404FF000030CD10DB0BDE8F08FF61A47
:10C74800994404D01FFA89FB4FEA194AD0E7002020
:10C75800EBE710F0F7FB00BFB0D9012030B5134B61
:10C7680083B082891B6801934FF0000303680D0CA6
:10C77800044602FB0531806A02F0BAF958B9E26A48
:10C788002D0429462046A3895279FFF799FF0028EE
:10C7980018BF6FF00500054B1A68019B5A404FF00F
:10C7A800000301D103B030BD10F0CCFBB0D901209B
:10C7B800F0B50446374B85B01B6803934FF0000370
:10C7C800C36A0D461B680968012B82BFDF1D5B42E7
:10C7D8001F400368808913FA81F34FEA114101FB76
:10C7E800003198BF0827A06A83681E680823B047ED
:10C7F800064600282CD12B683B442B60A1899AB2AD
:10C80800C91B8A4224D1190C09BFE189A3F58031DB
:10C8180001F1FF3103EB014129600B0C2168A06A8B
:10C828001144A28903FB0211836801AA1F68082327
:10C83800B847B8B9E36A0DF10B0059790DF1030354
:10C8480013F8012F8A420FD19842F9D163682B60FF
:10C85800104B1A68039B5A404FF0000317D130461B
:10C8680005B0F0BD0646F3E7204601A9FFF746FEEE
:10C8780038B12B68BDF806201B0C1B0413442B6031
:10C88800E6E729462046FFF7C9FE0646E0E710F02E
:10C8980059FB00BFB0D901202DE9F04F9A4B99B050
:10C8A8001B6817934FF00003C36A45681B682D0C7B
:10C8B800012B91BF0826DE1D5B421E402D04C38953
:10C8C800828905F58035B3EB154F08BFA5EB034505
:10C8D800971B03682F4413FA87F13B0C044602FBAD
:10C8E8000311806A0597836807AAD3F80080082394
:10C8F800C047002839DBE36A0DF1230059790DF1AF
:10C908001B0313F8012F8A423AD19842F9D1D4E98E
:10C9180001231E44B24224D34FF6FF760027072294
:10C928000DA9FF20ADF83630ADF834608DF83A60C7
:10C93800ADF83870FCF780FA06460DAA08232046A1
:10C9480061688DF83B60FFF78FFDE36A1B68012B78
:10C9580091BF0822DA1D5B421A4063689B1A636024
:10C9680018B929462046FFF7F9FE674B1A68179B46
:10C978005A404FF0000340F0C48019B0BDE8F08F72
:10C98800204607A9FFF7BAFDA7EB0608002800F024
:10C9980094804FEA174BBDF81E304FEA0B4B9B446F
:10C9A800CDF814B005AFB9462046494609AA5F46F6
:10C9B8000196FFF7FDFE0028D7D1204609A9FFF709
:10C9C8001BFD80B9B84500F09A804946204609AA5F
:10C9D800059FFFF7EDFE0028C7D1204609A9FFF7FC
:10C9E8000BFD0028EED06668069604E0069B626898
:10C9F8009A4213D01E4620460BAA06A9FFF7D8FE76
:10CA08000028B2D1BDF82C20BDF824309A42EDD1CF
:10CA180020460BA9FFF7F0FC0028E7D0B742D1D198
:10CA2800BDF82830002BCDD0A368BDF826A0ADF8FE
:10CA380026303B0C1B040722FF2009A99A44FCF767
:10CA4800FBF9E36A8DF82B001B68BDF828605B4290
:10CA580003F0200B002E3DD0CDE902570CE0511E0B
:10CA6800394452420A40A1681144A16000287FF469
:10CA78007CAFF61BBA442BD02368A28913FA8AF339
:10CA88004FEA1A41B3455F4601FB023128BF3746DA
:10CA9800A06A82683B4615680FAAA84700287FF459
:10CAA80064AF0FAA3B462046A168FFF7DDFCE26AA7
:10CAB8001268012AD3D83A46D5E705AF3946204649
:10CAC800FFF7ACFD00287FF450AFDDF814B06AE73B
:10CAD800DDE9025709AA082320466168FFF7C4FC6C
:10CAE800E36A1B68012B91BF0822DA1D5B421A40DA
:10CAF80063689B1A636000283FF464AF35E7019EC2
:10CB080005E710F01FFA00BFB0D901202DE9F04F5A
:10CB18009D4B8FB01B680D934FF00003044600F146
:10CB2800140948460EF066FBA06A8368DB689847DC
:10CB3800E062002800F04782A06A8368DB689847B3
:10CB48000368013B1F2B00F22482A06A21680AAA0D
:10CB580005F06AFC002840F03082A389002B00F021
:10CB68000A820B9AB3FBF2F102FB1133002B40F05F
:10CB78000282E289012A40F20682E26A0593567926
:10CB88004FF0FF334FF0FF3248460EF04FFBE36A99
:10CB98001B68012B82BF03F107085B4208EA030800
:10CBA800E38998BF4FF00808002B00F082814FF00E
:10CBB800000A57461FFA88FBA5893B04A5EB0B051D
:10CBC80013FA85F532460823294620460595FFF7CE
:10CBD80077FDC8B1E38905F58031B3EB114F4FEA12
:10CBE800114205910AF1010A08BFA1EB02414FF079
:10CBF80008033246204608BF05911FFA8AFAFFF754
:10CC08005FFD002800F00F81E3890137BFB29F4222
:10CC1800D2D39A4500F04D819F4200F032812046E0
:10CC280005A9FFF7FBFC8246002840F0ED80059B34
:10CC38001F0C3F04BB426360A7601ED30DF11F05A4
:10CC48002168A289180C11FA83F100FB0211A06A6D
:10CC580082680823D2F800B006AAD84702460028FE
:10CC680040F0F8800DF1170313F8012FB2427BD181
:10CC78009D42F9D167683F0C3F04E38907F580318D
:10CC8800B3EB114F4FEA11420591204608BFA1EBC3
:10CC98000241A389324608BF0591FFF711FD051E21
:10CCA800C0F2EA80636800F0C080A28908EB03053F
:10CCB800ABB2A2EB08018B42059580F0D2804FF60B
:10CCC800FF7608E0A2894544ABB2A2EB08018B428B
:10CCD800059580F0C6802168A06A0B44290C02FBE8
:10CCE8000131836808AA1F680823B847024600284C
:10CCF80040F0B080204608A9FFF77EFB0028E1D06D
:10CD0800BDF82030B342DDD1BDF82430002BD9D195
:10CD180003211E4A1E4801F019F86168E289090CCE
:10CD2800090401F58031B2EB114F05914FEA114327
:10CD380002D1A1EB034105912046FFF70FFD024602
:10CD4800002A40F08780A28961684FEA48080B46AC
:10CD5800A2EB08029BB293424FF6FF7100F0CD8020
:10CD680048460EF0F1FA32E0204606A9FFF744FBE8
:10CD780080B9D4E90132A3EB080393426360BFF49E
:10CD88005FAF1F0C3F0478E7B0D9012050110200B3
:10CD9800340C0200E36AA7601B68BDF81C10BDF8DC
:10CDA8001A20012B0A4403D9013A1A445B421A405B
:10CDB80063683A449A42A260DDD10029DBD06FF063
:10CDC8001C0548460EF0C0FA002D40F004810121F0
:10CDD800E389A2892174032100928048804A01F0E6
:10CDE8001FF8636899B200917E4A03217B481B0CA7
:10CDF80001F016F8A36898B2009003217A4A7748A0
:10CE08001B0C01F00DF802E048460EF09DFA774B36
:10CE18001A680D9B5A404FF0000340F0DA805046E4
:10CE28000FB0BDE8F08FE389F3E6A16899420AD311
:10CE3800B5E06368194651D0E16AA0680968014401
:10CE48009942A1607ED2324620465B1AFFF738FC31
:10CE5800021EEEDA039248460EF076FA039A9246DC
:10CE6800D5E70321624A5D4800F070FF20466168FB
:10CE7800FFF774FC054610B348460EF065FAAA465B
:10CE8800C5E7059D082332462046A5EB0801FFF7B4
:10CE980017FC00287FF4C3AEE38905F58035B3EBB2
:10CEA800154F4FEA1542059504BFA5EB02450595B8
:10CEB800B5E648460EF048FA6FF02C0AA7E7636813
:10CEC8004C4AA18913400B44A3EB48031A40C4E918
:10CED80001322046FFF7E0FC024631E7A28903EB66
:10CEE800480082424FEA48087FF431AFA0681D0C21
:10CEF8002D0485423FF42BAF30E00023A268ADF843
:10CF080020108DF82610ADF8222008A90722FF204E
:10CF1800ADF82430FBF790FF054608AA0823204601
:10CF280061688DF82750FFF79FFAE36A05461B688A
:10CF3800012B91BF0823DA1D5B4213406268D21AA5
:10CF480062603EE7A58903EB480085424FEA48083E
:10CF580080D1180C000488423FF47CAF1946204663
:10CF6800FFF7FCFB0546002886D16368A289190CE7
:10CF78000904A160ECE601211F4A184800F0E6FE0A
:10CF88006FF0150A43E701211C4A144800F0DEFE41
:10CF9800F6E701211A4A114800F0D8FEF0E7A28905
:10CFA80003EB480090424FEA48087FF4D1AE180CD2
:10CFB800000481423FF4CCAED0E70121114A074872
:10CFC80000F0C4FEDCE701210F4A044800F0BEFE71
:10CFD800D6E70FF0B7FFAA4619E700BF340C0200E6
:10CFE80010110200281102003C110200B0D90120E2
:10CFF800E81002000000FFFFB0100200C410020099
:10D008007810020098100200541002002DE9F04F29
:10D018001F46994C037C95B0246813944FF0000484
:10D02800002B00F01E81C36A0E46196805460129C7
:10D03800904640F29A804842CA1D7B1E02EA0009C7
:10D048000B4403EA000B4FEA8900A989091AB9427F
:10D05800C0F08180002F7BD12B46D5F804A055461F
:10D06800CDF818A09A4604E0069DDAF80430AB42E1
:10D0780074D0504607AA06A9FFF79AFB0446002871
:10D088005AD1BDF81C30B342EED1504607A9FFF77C
:10D09800B3F90028E8D05346BDF82010AA461D462B
:10D0A800BDF81E30002F6AD1002945D0BBF1000F12
:10D0B80060D105F1140A4FF0FF3350464FF0FF32AC
:10D0C8000EF0B4F8EB898BB99CE02846FFF74AFAD2
:10D0D800002840F092802846FFF7DEFB002840F049
:10D0E8008C80EB890134A34200F08C80D5E90121C2
:10D0F80001EB0B039A42E8D3FF2342468DF82A300E
:10D1080028463B46ADF82460ADF82610ADF82870E7
:10D11800FFF7AAF9EB6A04461A68012A40F29680DA
:10D128007B1E134452421340AA681A44AA60002C7A
:10D138006ED050460EF008F94F4B1A68139B5A40B0
:10D148004FF0000340F09580204615B0BDE8F08F01
:10D15800B8F1000F80D16FF01504EDE75546002FA8
:10D16800EAD0BBF1000F05D1A3E7BB4620204FF062
:10D1780008096AE70BEB09031FFA83FB99E7B94231
:10D1880094D1E96A4FEA1A4A09684FEA0A4A4942B9
:10D198009A4401F02003CDE901B9039699463E4629
:10D1A800CDF8108005970BE05A4640460BA913F0BE
:10D1B800C1F800284CD1B6EB0B06DA44D844BBD0F2
:10D1C8002B68AA8913FA8AF34FEA1A41B145CB466C
:10D1D80001FB023128BFB346A86A82685B4617681C
:10D1E8000BAAB8470028DFD0059FDDE901B9DDE9C2
:10D1F80003683FF75BAF04469EE7044650460EF0CF
:10D20800A3F899E76FF01B0450460EF09DF893E7DA
:10D21800072209A9FF20FBF70FFE044609AA0823E5
:10D22800284669688DF82B40FFF71EF9EB6A04461B
:10D238001B68012B91BF0822DA1D5B421A406B68FC
:10D24800002808BF3C469B1A6B6072E73B466BE7B9
:10D25800059FDDE901B9DDE90368BBF1000F89D15C
:10D2680027E70121054A064800F070FD6FF00C041D
:10D2780062E70FF067FE00BFB0D90120401002003E
:10D28800340C02002DE9F0479846404C037C84B0EA
:10D29800246803944FF00004BDF83070002B6BD065
:10D2A800C36A91461A688246012A0D465FD9D31D82
:10D2B800524213405B00BAF80C20D31A434558D3A6
:10D2C800DAF804600024009607E0009BDAF80420EE
:10D2D8009A4219D0BC422CD81E466946504601AA2B
:10D2E800FFF766FAD8B9BDF80430AB42EDD1504625
:10D2F80001A9FFF781F80028E7D0009BDAF804209D
:10D3080001349A42A4B2E5D1BDF80430AB4204D14D
:10D31800BDF808300BB1BC4211D26FF001001B4BB5
:10D328001A68039B5A404FF000032DD104B0BDE8A2
:10D33800F0879342E8D0BDF80830002BEDD0DAF83A
:10D348000020BDF80610360C1144BAF80C20DAF8A3
:10D35800280006FB02118468434528BF43464A4615
:10D368002468A0470028DAD1BDF80800D7E71023C1
:10D37800A1E76FF01500D2E705480121054A00F042
:10D38800E5FC6FF00C00CAE70FF0DCFDB0D9012016
:10D39800340C02004010020010B50024DFF82CC045
:10D3A80084B0DCF800C0CDF80CC04FF0000C00943D
:10D3B800FFF768FF054B1A68039B5A404FF00003BC
:10D3C80001D104B010BD0FF0BDFD00BFB0D90120E0
:10D3D80000B5094B83B01B6801934FF00003064B5F
:10D3E8001A68019B5A404FF0000303D1002003B094
:10D3F8005DF804FB0FF0A6FDB0D9012000B50A4B7B
:10D4080083B01B6801934FF00003074B1A68019B18
:10D418005A404FF0000304D103B05DF804EB06F066
:10D42800D3B80FF08FFD00BFB0D901202DE9F04728
:10D438001C4B82B01B6801934FF0000305468046E1
:10D4480010B30127184E95FAA5F3B3FA83F306EB48
:10D45800031A9AF80C1007FA03F26FEA020925EA90
:10D4680002051C0171B133591B6913B15046984725
:10D4780040B933195B6804225046196808EA09085C
:10D4880000F012FC002DDED1064B1A68019B5A40B1
:10D498004FF0000303D1404602B0BDE8F0870FF01B
:10D4A80051FD00BFB0D90120D40C020000B50A4BD1
:10D4B80083B01B6801934FF00003074B1A68019B68
:10D4C8005A404FF0000305D1044803B05DF804EB5F
:10D4D8000EF096B80FF036FDB0D90120A0CC002090
:10D4E80030B5164B8BB00022154916481B680993B6
:10D4F8004FF0000310F05EF80020002100240E25F4
:10D50800CDE906014FF44072CDE90354CDE9014459
:10D518000D4B0E4900940E480EF082FC0D490C4844
:10D528000EF0A0FB054B1A68099B5A404FF0000308
:10D5380002D120460BB030BD0FF004FDB0D9012058
:10D54800B5D4000008DE0020C9D90000700301200E
:10D5580048CD00207011020000B5104B83B01B6845
:10D5680001934FF0000303785B070AD500200B4BAB
:10D578001A68019B5A404FF000030DD103B05DF8C3
:10D5880004FB03684288C3F34A2000EB12101730EB
:10D5980020F007008008EAE70FF0D4FCB0D901209A
:10D5A8002DE9F04F334A83B0126801924FF0000220
:10D5B80081468846304BD3E8EF5F6A1CC3E8E12F09
:10D5C8000029F8D1002D46D12C4C2D4FBC4242D217
:10D5D800013F3F1B3F092E464FF0010A1034013727
:10D5E8000AE058469847C0B10AFA06F31D430136C7
:10D5F800BE4204F110041CD014F8043C002BF6D0F1
:10D6080054F8103CA4F1100BDA681AB15846904748
:10D6180054F8103C1B69002BE3D154F80C3C5846D5
:10D6280004221968013600F03FFBBE4204F11004E1
:10D63800E2D1B9F1000F0FD06DB12846FFF7F6FE21
:10D648000546B8F1000FF7D04FF4A47000210FF091
:10D6580085FA002DF1D10025064B1A68019B5A4026
:10D668004FF0000303D1284603B0BDE8F08F0FF058
:10D6780069FC00BFB0D901205CE90020D40C02008D
:10D68800F40C020000B5144A83B0126801924FF0FE
:10D698000002124BD3E8EF1F0131C3E8E21F002A52
:10D6A800F8D10F4BD3E8EF1F0139C3E8E21F002A76
:10D6B800F8D10C480FF0EEFF074B1A68019B5A404F
:10D6C8004FF0000305D1084803B05DF804EB0DF0F6
:10D6D80097BF0FF037FC00BFB0D9012054E90020F4
:10D6E80058E9002008DE0020A0CC002000B50A4B35
:10D6F80083B01B6801934FF00003084B53F82000D8
:10D70800054B1A68019B5A404FF0000302D103B041
:10D718005DF804FB0FF016FCB0D901208C11020053
:10D72800002370B5124882B0006801904FF00000E5
:10D73800104E1148114A1249124C134D06604FF40D
:10D7480000400B6013602B7000F074FF20460F49F7
:10D75800FDF788FF0E4B1C60054B1A68019B5A4069
:10D768004FF0000301D102B070BD0FF0EBFB00BF1A
:10D77800B0D9012005D4000074C9002058E9002060
:10D7880054E9002090CB00202CF3002078110200EF
:10D798004CE9002070B5144982B000220968019153
:10D7A8004FF00001114BD3E8EF6FC3E8E12F0029D8
:10D7B800F9D10F4C0F4DAC420BD263685B792BB19A
:10D7C80023685B6813B13146204698471034AC4251
:10D7D800F3D3054B1A68019B5A404FF0000301D15F
:10D7E80002B070BD0FF0AEFBB0D9012054E90020A3
:10D7F800D40C0200F40C020070B5384B82B03848E3
:10D808001B6801934FF00003FEF750F8E0B105469E
:10D81800344BD3E8EF1F0139C3E8E21F002AF8D1DF
:10D82800314C324EB4420AD263685B7923B1236823
:10D83800294620461B6898471034B442F4D32C4B31
:10D8480029461868FEF7B2F82A4B1B68002B15DC2E
:10D85800294CD4E9002512F57A7245F10005C4E98E
:10D8680000251E4B1A68019B5A404FF0000332D125
:10D878001B4802B0BDE87040FEF7FAB80FF038FD5B
:10D8880040F2E93C4FEA401E4E01BEEB000E46EA6C
:10D89800D06666EB01064FEA8E0318184FEA860336
:10D8A80043EA9E7341EB0301CB0043EA5073124CE9
:10D8B800C0F3103141EA4341D4E90025DB0B891A52
:10D8C80063EB0503614573F10003C4D3FFF762FFFF
:10D8D800D4E90025BFE70FF035FB00BFB0D9012020
:10D8E80090CB002058E90020D40C0200F40C020070
:10D8F8004CE9002054E9002000DE002010B5294A38
:10D9080084B0126803924FF00002274BD3E8EF2F40
:10D91800511CC3E8E01F0028F8D1244B1B7873B9C9
:10D92800234B1B6813B182B3092A1ED01D4B1A68FA
:10D93800039B5A404FF0000332D104B010BDEFF3FF
:10D948001184202383F31288BFF36F8F194B1B7840
:10D9580023B984F31188BFF36F8FE7E7FFF74CFF14
:10D9680084F31188BFF36F8FE0E713480FF092FE3E
:10D978000C4B1A68039B5A404FF0000310D10F4814
:10D9880004B0BDE810400DF03BBE002000214FF46C
:10D998000042CDE90001002307480FF02DFEC5E73E
:10D9A8000FF0D0FAB0D9012058E900202CF300205C
:10D9B80050E900202BF3002008DE0020A0CC002036
:10D9C80000212DE9F04F2A4B83B008461B680193CC
:10D9D8004FF00003FFF7E4FD064600283ED14FF064
:10D9E800FF384FF0FF390FF0FDF8224B186018B1DF
:10D9F800214B1B68092B36DC0024204FDFF880B050
:10DA0800204DDFF884A03EB93B7893B1FFF7F4FED0
:10DA180078B10446002EF7D03046FFF707FD0646DA
:10DA28000028F1D14FF0FF384FF0FF393B78002B39
:10DA3800ECD164B1AB450AD2114C23689B691BB188
:10DA480000222046114698471034AC42F5D342468E
:10DA58004B4650460DF00CFE0024D4E740F26768B0
:10DA68004FF00009BFE708480DF0CAFDC4E700BF42
:10DA7800B0D9012050E9002058E900202BF30020FC
:10DA8800D40C0200F40C0200A0CC002070B5174E94
:10DA9800174B317882B01B6801934FF0000341B1F6
:10DAA800134B1A68019B5A404FF000031CD102B077
:10DAB80070BD104D104C0120FFF772FDAC4209D229
:10DAC80063685B791BB1236820469B6898471034CC
:10DAD800AC42F5D3094C23781BB1FFF78DFE002823
:10DAE800F9D101233370DBE70FF02CFA2CF3002077
:10DAF800B0D90120F40C0200D40C02002BF3002052
:10DB080010B50D4B0D4C82B01B6801934FF000030C
:10DB1800237853B101232370074B1A68019B5A409D
:10DB28004FF0000305D102B010BD05480DF068FDA7
:10DB3800F0E70FF007FA00BFB0D901202BF300205F
:10DB4800A0CC002000B5154A83B0126801924FF0AE
:10DB58000002134BD3E8EF1F0131C3E8E21F002A8C
:10DB6800F8D178B90F480FF095FD0C4B1A68019B56
:10DB78005A404FF000030ED10B4803B05DF804EB98
:10DB88000DF03EBD094BD3E8EF1F0139C3E8E21F92
:10DB9800002AE7D0F7E70FF0D5F900BFB0D9012088
:10DBA80054E9002008DE0020A0CC002058E900201D
:10DBB80000B50C4B83B01B6801934FF00003094B71
:10DBC8001A68019B5A404FF0000308D10146002211
:10DBD8000023054803B05DF804EBFDF777BD0FF0AF
:10DBE800B1F900BFB0D9012090CB002010B50F4B80
:10DBF8000F4A82B01B68126801924FF00002044677
:10DC0800984703462146A3600A48FDF705FE084BDE
:10DC18001A68019B5A404FF0000304D102B0BDE8D6
:10DC28001040FFF76BBE0FF08DF900BF74C90020DC
:10DC3800B0D9012090CB002000B5094B83B01B68F8
:10DC480001934FF00003064B1A68019B5A404FF0AE
:10DC5800000303D1002003B05DF804FB0FF072F954
:10DC6800B0D9012000B50D4883B0006801904FF08D
:10DC780000000B4A0B4B9B1AB1EBD30F074B2CBF81
:10DC8800002052F831001A68019B5A404FF00003F7
:10DC980002D103B05DF804FB0FF054F9B0D90120AC
:10DCA800DC0B0200D40C02004FF0010C00B5114B44
:10DCB80083B01B6801934FF000030F4BD0F804E0CA
:10DCC800C31A1B1163448EF8043043689A71436881
:10DCD8001960436883F805C0064B1A68019B5A40CF
:10DCE8004FF0000304D103B05DF804EBFFF708BF61
:10DCF8000FF028F9B0D90120D40C020030B5144631
:10DD0800114B83B01B6801934FF00003926863685E
:10DD18000D469B1A8B4212D30146206810442A46AE
:10DD280012F018FB2846A3682B44A360064B1A6818
:10DD3800019B5A404FF0000304D103B030BD6FF08F
:10DD48001B00F3E70FF0FEF8B0D9012070B5184BAF
:10DD580082B0054606201B6801934FF000030C466D
:10DD68001646FFF725FFA8B10222A10101F4E071D0
:10DD780041F48051C0E900150D4B466102611A68F3
:10DD8800019B5A404FF0000310D102B0BDE870402B
:10DD9800FFF72CBF064B1A68019B5A404FF000034F
:10DDA80004D102B0BDE87040FFF7CCBE0FF0CAF84E
:10DDB800B0D90120F0B5194C83B005460820246875
:10DDC80001944FF0000417460C461E46FFF7F0FE7C
:10DDD800B0B10323A10101F4E071036141F4C05122
:10DDE8000E4B47610160866145601A68019B5A4085
:10DDF8004FF0000310D103B0BDE8F040FFF7F6BEC6
:10DE0800064B1A68019B5A404FF0000304D103B037
:10DE1800BDE8F040FFF796BE0FF094F8B0D90120A6
:10DE28002DE9F04105461A4882B0006801904FF08C
:10DE3800000008200C4690461F46089EFFF7B8FED3
:10DE4800B8B10423A401C0E9058704F4E0740361B0
:10DE580044F400540E4B0460C66145601A68019B87
:10DE68005A404FF0000310D102B0BDE8F041FFF76F
:10DE7800BDBE074B1A68019B5A404FF0000304D1FE
:10DE880002B0BDE8F041FFF75DBE0FF05BF800BFE0
:10DE9800B0D901202DE9F04F8DB0494C04AFC1F342
:10DEA8004A252468FC614FF0000482460C469846D7
:10DEB8004FEA115B9DB37D609146294600220425F7
:10DEC800C7E902223A61029507F1140501950A256E
:10DED8004846009507F10803FBF75AFCB0F5006FB8
:10DEE80005464FF0000240D36C468AB0D9F804C00A
:10DEF80004AB40F2FF7618464FF400753149DE61F5
:10DF0800C3E9051C30491D8440F8101F4FF4125115
:10DF1800134602462D48FFF7BDFFA5461AE00BF150
:10DF2800170020F007008008FFF742FE0646002889
:10DF38003FD0B8F1000F06D006F110005A4641460E
:10DF4800284412F007FA65F353243046C6E9004A1C
:10DF5800FFF74CFE1A4B1A68FB695A404FF0000352
:10DF68002BD12437BD46BDE8F08F0BF117002844AC
:10DF780020F007008008FFF71BFE0646C8B1002204
:10DF8800C7E9035206F11002BA60042279680292C6
:10DF980007F1140201920A224846009207F1080389
:10DFA8000B4AC5F30A05FBF7F3FBB8F1000FC3D121
:10DFB800C9E70020FFF7C6FDCCE70EF0C3FF00BF9E
:10DFC800B0D90120AC110200040000013C0C020091
:10DFD80005DD000000B50D4B406883B01B68019358
:10DFE8004FF0000368B10A4BC01A40F3CF00074B4B
:10DFF8001A68019B5A404FF0000305D103B05DF841
:10E0080004FB4FF0FF30F2E70EF09CFFB0D901207F
:10E01800DC0B02002DE9F0431A4B83B01B68019317
:10E028004FF000034B68CA681C680D4694420646C8
:10E0380013D0D3E8EF2F511CC3E8E01F0028F8D114
:10E04800AB689E540F4B1A68019B5A404FF000036F
:10E0580015D1002003B0BDE8F0830F68D1F808900F
:10E06800D3F804803CB1484621464246B847241AB2
:10E078008144F8D16B6800221A606B68D9E70EF00A
:10E0880061FF00BFB0D9012030B50F4B83B00A281B
:10E098001B6801934FF0000304460D460DD0294636
:10E0A8002046FFF7B7FF084B1A68019B5A404FF00C
:10E0B800000306D1002003B030BD0D20FFF7AAFFF2
:10E0C800EDE70EF03FFF00BFB0D9012010B50024E6
:10E0D800DFF82CC084B0DCF800C0CDF80CC04FF0DD
:10E0E800000C0094FCF760F8054B1A68039B5A4033
:10E0F8004FF0000301D104B010BD0EF023FF00BFA4
:10E10800B0D901200EB410B5002485B00D4A07AB74
:10E11800126803924FF0000253F8042B0146009452
:10E1280009480293FCF740F8064B1A68039B5A40CB
:10E138004FF0000304D105B0BDE8104003B07047AC
:10E148000EF000FFB0D901201DE000002DE9F04FCE
:10E158008FB09DF864C01D46DDE91A976346984C58
:10E16800CDF820C024680D944FF000041C9C059441
:10E178001D9C06940446002B40F0D780012D28D022
:10E18800B9F1000F2AD08F484B4622468E49FBF73B
:10E198007DFA059B2BBBD4E900831D68A6685F68E0
:10E1A80055B13B4647469846304629464246B84709
:10E1B8002D1A0644F8D1636800221A60804B1A6849
:10E1C8000D9B5A404FF0000340F08D810FB0BDE821
:10E1D800F08FB9F1000F01D07C48D5E7059B002BE3
:10E1E800D9D04FF0000A069BDFF8E49103F0100342
:10E1F800784E0793059D079B102D28BF10253BB926
:10E20800069B9A0640F18C8020467349FFF77AFFF7
:10E21800BAF1000FC8BF4FF0000807DD31462046AD
:10E2280008F10108FFF76EFFD045F7D120466B498A
:10E238003A78FFF767FF4FF0010BDFF8A4810AE097
:10E248005D4511D8414620460BF1010BFFF75AFFF7
:10E25800BBF1100F13D01BF0070FF1D13146204648
:10E26800FFF750FF5D45EDD917F80B2020465B49B5
:10E278000BF1010BFFF746FFBBF1100FEBD1204666
:10E288005849FFF73FFF4FF0000B3A46DFF8588137
:10E298001278414619F80230204613F0970F08BF4C
:10E2A8002E220BF1010BFFF72DFFBBF1100F0DD044
:10E2B8001BF0070F2BD05D452FD8314620460BF1B8
:10E2C800010BFFF71FFFBBF1100FF1D1059B2F4486
:10E2D8005B1B05938ED1089B002B3FF45CAF069B1C
:10E2E80003F001030993099B23B120463F4A4049A3
:10E2F800FFF708FF079B002B7FF44DAF069B2046D6
:10E308009B064CBF34493B49FFF7FCFE43E73146C7
:10E318002046FFF7F7FE5D45CFD907EB0B02B7E7BD
:10E3280020463449FFF7EEFE72E716468A46FFF7A5
:10E3380083FC069B03F0010203F00208099203F034
:10E34800080203F4807307920A930246002859D002
:10E3580020462949FFF7D6FE8346B8F1000F55D16C
:10E36800099B5BB1254B089A204653F822201F4B86
:10E378001F49002A08BF1A46FFF7C4FE0A9B002B54
:10E3880000F08680079B002B40F097802EB1324624
:10E3980020461B49FFF7B6FE8344B9F1000F05D0AC
:10E3A8004B46224608490948FBF770F9059B002BA4
:10E3B80040F08E80069B03F01003079393E700BF9D
:10E3C800B0D9012091E00000D5E000001DE0000078
:10E3D800052D020028120200242102003412020036
:10E3E8003C1202004012020044120200EC1102002A
:10E3F800842402008C210200F41102009012020011
:10E40800201202008346B8F1000FA9D0069B13F032
:10E41800440F5FD0354BD3F800E0BEF1000F9FD01A
:10E42800334B344A1B682046BAFBF3F3B3FBFEFCBC
:10E43800A2FB0C824FF47A780EFB1C3308FB03F81E
:10E448004FF46163CDF82C80B8FBFEF84FEAD22A6E
:10E4580003FB1ACA284BCDF80480A3FB0AC35B0947
:10E46800C3EB031CAAEB8C0CCDF800C0DDF82CC064
:10E4780022490EFB18CC4FF47A7808FB0CFCBCFB45
:10E48800FEFCD20ACDF808C0FFF73CFE834467E7DC
:10E49800079B9BB9DDF81C802EB1324620461849EF
:10E4A800FFF730FE8044E5B12A4620461549FFF7BC
:10E4B80029FE00EB08039B446FE70025124B089ADE
:10E4C800204653F822201149FFF71CFE8046E3E757
:10E4D800DA4688E6524620460D49FFF713FE834484
:10E4E8003EE7C34459E70EF02DFD00BF64E9002064
:10E4F80060E90020C5B3A2918988888804120200C7
:10E50800201202002C120200A4120200241202009F
:10E51800F81102002DE9F043054608781D4B89B033
:10E52800C0F3C20908460E880C468F681B6807931B
:10E538004FF000039046FFF74DFD011EC6F382160B
:10E5480021DA0023002239462846678854F8105BF0
:10E55800C7F30B17C5F34A2C944504EB0C0508BF09
:10E5680014460092CDE90478019603950294FFF7CA
:10E57800EDFD084B1A68079B5A404FF0000307D17E
:10E5880009B0BDE8F0834846FFF76CFB0346D9E7BE
:10E598000EF0D8FCB0D901202DE9F04342F20F73F8
:10E5A8000C4607461F48A34285B028BF234600688B
:10E5B80003904FF0000005211B4A01A83D68FBF7B6
:10E5C800DBFB0B2604467B68DFF86080D3F80490F9
:10E5D800404631464A46A847361A8044F8D17B68F7
:10E5E8005E6854B10DF10408404621463246A847FA
:10E5F800241A8044F8D17B685E681B240C4F384687
:10E6080021463246A847241A0744F8D1054B1A6810
:10E61800039B5A404FF0000302D105B0BDE8F083D8
:10E628000EF090FCB0D90120C81F0200641202004D
:10E638004812020000B5124A124B83B090421B6880
:10E6480001934FF0000388BF012312D9400890427C
:10E658004FEA4303FAD80C4A13600C4B1860094B75
:10E668001A68019B5A404FF0000306D103B05DF8C9
:10E6780004FB0122044B1A60EFE70EF063FC00BFB5
:10E6880040420F00B0D9012060E9002064E9002071
:10E698002DE9F041104B82B01B6801934FF0000345
:10E6A800884659B10D4E4518B768441E013D14F807
:10E6B800011F30467B689847AC42F8D1064B1A6870
:10E6C800019B5A404FF0000303D1404602B0BDE819
:10E6D800F0810EF037FC00BFB0D901208809020094
:10E6E80000B50B4B83B01B6801934FF000034368E0
:10E6F8001B685B689961064B1A68019B5A404FF08A
:10E70800000303D1002003B05DF804FB0EF01AFCEF
:10E71800B0D9012000B50B4B83B01B6801934FF0B3
:10E72800000343681B681A6852685360054B1A68EF
:10E73800019B5A404FF0000302D103B05DF804FB7F
:10E748000EF000FCB0D9012001212DE9F041154B54
:10E7580082B01B6801934FF0000343681B685A6836
:10E768001177D3F80080D8E900731C68D8F80850EE
:10E778005E6844B1284621463246B847241A054403
:10E78800F8D1D8F8043000221A60064B1A68019BA9
:10E798005A404FF0000302D102B0BDE8F0810EF0FC
:10E7A800D1FB00BFB0D9012000B50B4B83B01B686B
:10E7B80001934FF00003084B1A68019B5A404FF031
:10E7C800000307D143681B68186803B05DF804EBC1
:10E7D800FFF7E2BE0EF0B6FBB0D9012030B50F4B03
:10E7E80083B01B6801934FF0000343680C461D6813
:10E7F8006B689869FEF77AFF084A1168019A5140D8
:10E808004FF0000207D103460F222146286803B0C3
:10E81800BDE8304018470EF095FB00BFB0D9012085
:10E8280000B50A4B83B01B6801934FF00003084BF7
:10E838000360064B1A68019B5A404FF0000303D14E
:10E84800002003B05DF804FB0EF07CFBB0D901207A
:10E858000C13020070B51F4B82B01B6801934FF078
:10E86800000388B30D4679B31646002120220446DA
:10E8780011F07DFD28881122022101F083FF002874
:10E88800E0601CDB3246294601F0FAFF002813DB62
:10E89800D4E90230012144F83300002004EBC3021C
:10E8A8000B449180A3600B4B1A68019B5A404FF0B0
:10E8B80000030CD102B070BDE06801F0ABFF01F0BD
:10E8C80079FC00684042EEE76FF00D00EBE70EF0D0
:10E8D80039FB00BFB0D901202DE9F04104469CB0B6
:10E8E8006D4B0E4615460021302203A81B681B936A
:10E8F8004FF0000311F03BFD002C00F0C180002D0B
:10E9080000F0BE809DF80C3023F03F0343F01B035A
:10E918008DF80C300EF0ECFC4FEA401E4FEA411C1B
:10E92800BEEB000E4CEAD06C6CEB010C4FEA4E27A4
:10E938004FEA4C2C3F184CEADE5C41EB0C0E4FEAD8
:10E948008E184FEA871CBCEB070C48EA976868EBFF
:10E958000E081CEB000C41EB08011CF5804C41F142
:10E9680000014FEADC3C4CEA414000234B4AC90B0A
:10E97800F9F7E6FB41F2C607034607FB02F2A2617C
:10E9880012BA0E921F0E1A0247EA012702F47F02FA
:10E998003A4342EA0362C4E904311B0A03F47F43A1
:10E9A8001343E0680D93002730223B46CDE90077FA
:10E9B80003A901F0A5FF002845DB394630220FA83E
:10E9C80011F0D5FCA1683246204602F067F9B8423A
:10E9D8004BDB58D0E06830223B46CDE900770FA9E1
:10E9E80001F0D4FF002840DB302846D1159B21696F
:10E9F80062691BBA974208BF8B423BD1169BA2693A
:10EA08001BBA934236D19DF83C3003F00703042B20
:10EA180030D19DF83D30002B38D0DDE9193210BADD
:10EA2800DBB1002219BA91420B46A86029606A60DE
:10EA380016DA1B4B99421DD91A4BCB1862EB02020E
:10EA48000020C5E90032144B1A681B9B5A404FF04E
:10EA580000031ED11CB0BDE8F0815AB11A46A86067
:10EA680010495B1842F10002EAE701F0A3FB0068D5
:10EA78004042E8E76FF01500E5E76FF07900E2E75C
:10EA88006FF00D00DFE76FF07300DCE76FF00F0049
:10EA9800D9E70EF057FA00BFB0D9012040420F0065
:10EAA8007F7EAA838081557C00B5104B83B01B689C
:10EAB80001934FF0000360B1C0680C4B1A68019BCA
:10EAC8005A404FF000030ED103B05DF804EB01F09B
:10EAD800A1BE064B1A68019B5A404FF0000302D1B1
:10EAE80003B05DF804FB0EF02DFA00BFB0D9012089
:10EAF800F0B5144B876883B01B6801934FF000038F
:10EB0800FB6804460D4616469847BB686BB10D4A2C
:10EB18001168019A51404FF0000211D1324629463E
:10EB2800204603B0BDE8F0401847064B1A68019B21
:10EB38005A404FF0000303D16FF0570003B0F0BD07
:10EB48000EF000FAB0D9012000B50C4B83B00C4888
:10EB58001B6801934FF00003FBF7EAF8074B1A68AC
:10EB6800019B5A404FF0000305D1064803B05DF8F9
:10EB780004EBFBF7DDB80EF0E5F900BFB0D90120D2
:10EB8800141302004C1302002DE9F04782B02F4BFA
:10EB980000AF1B687B604FF0000380460C460029DD
:10EBA80036D0D1E90012E9468AB06D46A3684FF025
:10EBB800050A2E462B62264BC5E906126B6146F8FC
:10EBC80010AF002332464FF421512248FFF762F973
:10EBD800D4E90312CD466369AD462B621E4BC5E9E5
:10EBE8000612C5F810A06B61002332464FF421517C
:10EBF8001848FFF74FF9CD46E3690121174A154830
:10EC0800FFF7D8F8A3690121154A1248FFF7D2F88F
:10EC1800B8F1010F0ED0214640460BF019FF0B4BFF
:10EC28001A687B685A404FF000030CD10837BD467C
:10EC3800BDE8F087EFF305830A4A41460548103BD3
:10EC4800FFF7B8F8E7E70EF07DF900BFB0D901206B
:10EC58007C130200840C0200AC130200DC130200D7
:10EC6800EC1302001C14020000B50B4B83B01B68A8
:10EC780001934FF00003084B1A68019B5A404FF06C
:10EC8800000306D10146006803B05DF804EBFFF706
:10EC98007BBF0EF057F900BFB0D9012000B50B4B70
:10ECA80083B01B6801934FF0000300F011F8074B85
:10ECB8001A68019B5A404FF0000304D103B05DF875
:10ECC80004EB00F009B80EF03DF900BFB0D90120FF
:10ECD80030BFFFF7FDBF00BF00B5114B114A83B02D
:10ECE8001B6801934FF00003936893F90E100029F5
:10ECF80007DB5269934204D00B4A536843F08053B0
:10ED08005360074B1A68019B5A404FF0000304D127
:10ED180003B05DF804EB0CF0DFBF0EF013F900BF91
:10ED2800B0D90120E4F2002000ED00E000B53F4B2F
:10ED380083B01B6801934FF000033D4801213D4A11
:10ED4800FFF704F83C4B9B6A980129D43A4B1D20E5
:10ED58009B6AD9012ED4384B9B6ADA0234D4364BDD
:10ED68009B6A1B033AD4344B9B6A590340D4324BF9
:10ED78009B6A9A0346D4304B9B6ADB034CD42E4AD9
:10ED8800936A6FEA03436FEA13439362274B1A6847
:10ED9800019B5A404FF0000345D103B05DF804FBD6
:10EDA80001212348254AFEF7D1FF234B1E209B6AE9
:10EDB800D901D0D5224A1E480121FEF7C7FF1E4BB4
:10EDC8001F209B6ADA02CAD5194801211D4AFEF79D
:10EDD800BDFF194B02209B6A1B03C4D501211448AF
:10EDE800194AFEF7B3FF144B21209B6A5903BED57D
:10EDF800164A0F480121FEF7A9FF0F4B22209B6AF4
:10EE08009A03B8D50A480121114AFEF79FFF0A4B19
:10EE180023209B6ADB03B2D5054801210D4AFEF782
:10EE280095FF2420ABE70EF08DF800BFB0D9012084
:10EE3800840C02003014020000ED00E048140200C7
:10EE48005C14020078140200A4140200C414020026
:10EE5800EC1402000815020070B5394B82B01B682B
:10EE680001934FF0000305460C460121354A364808
:10EE7800FEF76CFF354B9B6ADE044BD41623334AEE
:10EE8800926A10053FD4314EB26A910530D42F4AA8
:10EE9800926A500525D42D4A916AC9051AD4926AF6
:10EEA800920410D418460021284A936A43F47F43F9
:10EEB8009362234B21701A68019B5A404FF000035C
:10EEC8003BD102B070BD20480121214AFEF73EFF28
:10EED8001C20E8E71C4801211E4AFEF737FF1B20CB
:10EEE800E1E701211C4A1848FEF730FF1A23D2E750
:10EEF8001A4A01211448FEF729FFB36BB26A1204BB
:10EF08000FD41923C3E70121154A0F48FEF71EFF46
:10EF18001823B8E70121134A0B48FEF717FF1723F8
:10EF2800ADE70121104A0848FEF744FF002DE8D05C
:10EF3800B36A23F40043B362E3E70EF003F800BFBB
:10EF4800B0D9012034150200840C020000ED00E065
:10EF5800DC150200C4150200A81502007415020091
:10EF6800601502004C1502009015020070B53E4B6A
:10EF780082B01B6801934FF0000305460C4601213F
:10EF88003A4A3B48FEF7E2FE3A4B9B6ADB062DD431
:10EF9800384B10209B6A1E0732D4364EB36A990745
:10EFA80038D4344B9B6ADE073FD4324B9B6A9D06AC
:10EFB80045D4304B9A6AD10658BF9B6A2D4B9A6A42
:10EFC800920603D55A6A22F400525A620021294A4D
:10EFD800936A43F0FF039362234B21701A68019BE5
:10EFE8005A404FF000033DD102B070BD20480121C6
:10EFF800214AFEF7ABFE1F4B11209B6A1E07CCD59A
:10F008001C4E01211A481D4AFEF7A0FEB36A1220C1
:10F018009907C6D51A4A01211548FEF797FE736B62
:10F02800B26A120612D41320BBE711480121154A0F
:10F03800FEF78CFE0F4B14209B6A9D06B9D50C4831
:10F048000121114AFEF782FE1520B2E701210F4A7D
:10F058000748FEF7AFFE002DE5D0B36A23F0800322
:10F06800B362E0E70DF06EFFB0D901200C16020084
:10F07800840C020000ED00E0241602006015020076
:10F088005816020088160200DC15020070160200ED
:10F098002DE9F0478AB07F4B00AF1B687B624FF0C9
:10F0A80000037D4B0026D3F80480C8F3080986F3D3
:10F0B8001188BFF36F8F02F07F43B3F17F4F16D1F2
:10F0C800D407154613D40C465106824634D42A0771
:10F0D8002FD500260022A9F10303FA70092B08D8BE
:10F0E800DFE803F0716B623B070707070735344613
:10F0F800F0E76A4A6D4618F4F87F8AB0684B6946AB
:10F1080018BF13464FF400700A468B61A9F110032B
:10F11800CB61644B08844B61634B42F8103F00237A
:10F128004FF411516148FEF7B5FEAD464FF0000CA3
:10F138003FE004460126CDE701215D4A5B48FEF722
:10F1480005FE15F00405C4D154462E46C2E7012138
:10F15800584A5648FEF7FAFDE8E7FFF7E7FD844608
:10F1680020686168A268E3683D1D0FC5E3692069EE
:10F178006169A2690FC53B6A002E62D0C3F3080219
:10F1880040F2FF110AB90B433B626046391DFFF795
:10F19800FBFC404B1A687B6A5A404FF0000377D15A
:10F1A8002837BD46BDE8F0870020F91CFFF754FE5C
:10F1B8008446FB78002BECD1D2E70020F91CFFF73E
:10F1C800D5FE8446F5E701213B4A3848FEF7BEFDE7
:10F1D8000023314DFB70EB6A9B0738D4EB6A002B98
:10F1E8003BDBEB6A13F0804CBAD00121334A2F483D
:10F1F800FEF7ACFD6B69A26943F480736B61BFF3E2
:10F208004F8FBFF36F8F6B6932F8022C23F4807332
:10F218006B61BFF34F8FBFF36F8F4DF602739A4246
:10F2280021D0AB6ADBB23BBBAB6A13F47F4F29D169
:10F23800AB6AB3F5803FFFF479AFFFF777FD8446FB
:10F24800B7E723F4FF7323F001033B629DE7012135
:10F258001B4A1648FEF77AFD68E70121194A134848
:10F26800FEF774FD62E723680121174A0F48FEF78D
:10F27800A1FDD4F800C09CE70120F91CFFF776FE39
:10F28800844696E70120F91CFFF7E6FD844690E7DF
:10F298000DF058FEB0D9012000ED00E0C0160200C4
:10F2A800A8160200AC17020004000001840C02003A
:10F2B800DC16020088170200001702004C17020033
:10F2C800181702003C1702006C17020000B50F4B1C
:10F2D80083B01B6801934FF000030D4B5A6942F04D
:10F2E80010025A615A6942F480625A615A6922F0DE
:10F2F80008025A61054B1A68019B5A404FF00003F7
:10F3080002D103B05DF804FB0DF01CFEB0D901205A
:10F3180000ED00E0EFF30880EFF3098101B57246D4
:10F32800FFF7B6FE01BD00BF00B5094B83B01B68EF
:10F3380001934FF00003064B1A68019B5A404FF0A7
:10F34800000302D103B05DF804FB0DF0FBFD00BF24
:10F35800B0D9012000B5094B83B01B6801934FF069
:10F368000003064B1A68019B5A404FF0000302D174
:10F3780003B05DF804FB0DF0E5FD00BFB0D9012036
:10F38800002080F31488BFF36F8F002080F30A8871
:10F3980080F30B8807F0DCFF00200E490860BFF3FC
:10F3A8004F8F0D4880F3088800F01AF8202080F36A
:10F3B80011880A484FF40061401880F30988EFF378
:10F3C80014800221084380F31488BFF36F8F00F084
:10F3D800C5F9000094ED00E0B0590120701001203B
:10F3E80000B5204B83B01B6801934FF0000372B641
:10F3F800002383F313881C4AD2F8900010F47F4F3F
:10F40800C0F3072107D01846C2F898300133994253
:10F41800C2F8A000F8D100234FF0FF30134903F1E0
:10F4280020020133102B41F82200F8D100234FF0BD
:10F43800FF300E4903F160020133102B41F822001E
:10F44800F8D162B6BFF34F8FBFF36F8F054B1A68C1
:10F45800019B5A404FF0000302D103B05DF804FB52
:10F468000DF070FDB0D9012000ED00E000E100E0F2
:10F4780000B5134B134A9B6883B08342126801920C
:10F488004FF000020BD00F4B1A68019B5A404FF007
:10F49800000312D103B05DF804EB0DF0BDBBEFF330
:10F4A8000583002BEFD0084B5A6842F080525A600F
:10F4B8005A6A22F400425A62E5E70DF043FD00BFA4
:10F4C800E4F20020B0D9012000ED00E010B56FF0A3
:10F4D8000A04114B82B01B6801934FF000030F4AD6
:10F4E8000F4993684FF0000CC3E92B044B6843F0B5
:10F4F80080534B608CF31188BFF36F8F9368D3F8F8
:10F50800B000054B1A68019B5A404FF0000301D127
:10F5180002B010BD0DF016FDB0D90120E4F20020B4
:10F5280000ED00E030B5184B184A83B01B68019312
:10F538004FF00003936883F8B500EFF3118320239D
:10F5480083F31288BFF36F8F4FF00065002453696F
:10F558000F4993604D6093F8B52020F0FF00D3F871
:10F56800AC101043C3F8AC4081F31188BFF36F8F20
:10F57800054B1A68019B5A404FF0000301D103B0B4
:10F5880030BD0DF0DFFC00BFB0D90120E4F200204F
:10F5980000ED00E010498A6882F8B5E04FF03000CD
:10F5A8001044EFF3098C80E8F01F74467046FFF7AB
:10F5B800B9FFA64608498A68864602F1300090E8F5
:10F5C800F01F8CF3098802F1000004B500F01EF961
:10F5D800BDE8044070470000E4F200201EF0040F6C
:10F5E8000CBFEFF30880EFF30980816911F8021C62
:10F5F8000229FFD001B5FFF737FB01BD00B50E4B5F
:10F6080040B283B000281B6801934FF0000307DB6A
:10F61800012300F01F01094A40098B4042F82030BD
:10F62800054B1A68019B5A404FF0000302D103B002
:10F638005DF804FB0DF086FCB0D9012000E100E084
:10F6480000B5114B40B283B000281B6801934FF0FE
:10F6580000030CDB01220D49430900F01F00203391
:10F66800824041F82320BFF34F8FBFF36F8F064BC3
:10F678001A68019B5A404FF0000302D103B05DF8AD
:10F6880004FB0DF05FFC00BFB0D9012000E100E0F1
:10F6980000B50E4B83B01B6801934FF000030123A4
:10F6A8000B4A410952F8212000F01F00834003EA69
:10F6B8000200064B1A68019B5A404FF0000302D122
:10F6C80003B05DF804FB0DF03DFC00BFB0D901208C
:10F6D80000E100E000B5124B013140B283B04901AE
:10F6E80000281B6801934FF00003C9B20FDB00F13B
:10F6F800604000F5614080F80013094B1A68019BCF
:10F708005A404FF0000308D103B05DF804FB054BE5
:10F7180000F00F0003441976EFE70DF013FC00BF6B
:10F72800B0D90120FCEC00E000B50B4B83B01B689E
:10F7380001934FF00003084B1A68019B5A404FF0A1
:10F74800000306D10021012003B05DF804EBFFF7A8
:10F758001BBA0DF0F7FB00BFB0D9012000B50E4A67
:10F768000E4B0F4983B022F07F02096801914FF0D8
:10F7780000019A60BFF34F8FBFF36F8FD3F88820D3
:10F7880022F47002C3F888200BF0D6FA0DF0AEFB15
:10F7980000F0FAF80BF052FB0080000000ED00E0EA
:10F7A800B0D9012070B517494FF0807682B0002596
:10F7B8004FF43C44096801914FF0000142F8203CA5
:10F7C800069B114942F81C3C079B21F0010142F8B5
:10F7D800183C089B42F8081C42F8143C42F8046C98
:10F7E800084B203A0265C0F8AC50C0F8B4401A681B
:10F7F800019B5A404FF0000301D102B070BD0DF0DB
:10F80800A1FB00BFB0D90120DD9D000000B50B4B66
:10F8180083B01B6801934FF00003D0F8883083F35E
:10F828000B88064B1A68019B5A404FF0000302D11F
:10F8380003B05DF804FB0DF085FB00BFB0D90120D3
:10F8480000B50F4B0F4D83B02D6801954FF00005A3
:10F858000E469860D0F8883083F30B8815462C46FE
:10F8680086F309884FF00000074B984720464FF071
:10F8780000014FF000024FF00003044C204700BF86
:10F88800E4F20020B0D9012099F80000DD9D0000C5
:10F8980000B50C4B83B01B6801934FF0000361B6B1
:10F8A80062B680F31188BFF36F8F064B1A68019B0D
:10F8B8005A404FF0000302D103B05DF804FB0DF08D
:10F8C80041FB00BFB0D9012000B51022094B83B01D
:10F8D8001B6801934FF00003074B1A61054B1A6828
:10F8E800019B5A404FF0000302D103B05DF804FBBE
:10F8F8000DF028FBB0D9012000ED00E000B50F4B5A
:10F9080083B01B6801934FF0000372B6002383F3A2
:10F918001188BFF36F8FBFF34F8F30BF62B6BFF34D
:10F928006F8F064B1A68019B5A404FF0000302D1B3
:10F9380003B05DF804FB0DF005FB00BFB0D9012052
:10F9480000B5104B83B01B6801934FF0000372B6EB
:10F95800002383F31188BFF36F8FBFF34F8F20BF4E
:10F9680080F31188BFF36F8F62B6064B1A68019B4C
:10F978005A404FF0000302D103B05DF804FB0DF0CC
:10F98800E1FA00BFB0D9012000B50D4B83B01B6868
:10F9980001934FF00003202000230A49CA180133BD
:10F9A800412B82F80003F9D1054B1A68019B5A4094
:10F9B8004FF0000302D103B05DF804FB0DF0C2FA6A
:10F9C800B0D9012000E100E000B50F4B83B01B68FF
:10F9D80001934FF00003EFF305830C4A103B02EB51
:10F9E800C30152F8330049688847074B1A68019BDE
:10F9F8005A404FF0000304D103B05DF804EBFFF761
:10FA08006BB90DF09FFA00BFB0D90120C4090200FC
:10FA180000B50D4B83B01B6801934FF0000340E81D
:10FA280000F313F4803FD8B2074B08BF6FF01500FE
:10FA38001A68019B5A404FF0000302D103B05DF8E9
:10FA480004FB0DF07FFA00BFB0D9012010B5124CAD
:10FA5800DFF848C084B0234601211148114ADCF878
:10FA680000C0CDF80CC04FF0000C00F07FF9002268
:10FA78000D4B0121E41A6846CDE90034029200F0EA
:10FA880091F9064B1A68039B5A404FF0000301D1C5
:10FA980004B010BD0DF056FA00000420B0D90120C2
:10FAA800C017020080C5002048CD002010B51D4BAE
:10FAB80082B01B6801934FF000031B4CD4F89030C0
:10FAC800C3F30723013B984220D891F808C0CB68BC
:10FAD8000A6823F01F034FEA5C1122F01F0243EA71
:10FAE80041030CF01F0C42EA0C0243F00103C4F876
:10FAF8009800C4F89C20C4F8A0300A4B1A68019BEF
:10FB08005A404FF000030AD102B010BD012103464C
:10FB1800064A0748FEF74EF96FF01500EDE70DF0BD
:10FB280011FA00BFB0D9012000ED00E0D0170200A3
:10FB3800640C020010B51F4B82B01B6801934FF094
:10FB4800000303461C4C0868D4F8902020F01F0ED0
:10FB5800C2F3072C0A890CF1FF3C02F01F004A6827
:10FB6800634502F1FF324989724419D801F007014F
:10FB780022F01F0242EA410240EA0E01184642F012
:10FB88000102C4F89830C4F89C10C4F8A020094BAE
:10FB98001A68019B5A404FF0000309D102B010BD0A
:10FBA80006480121064AFEF705F96FF01500EEE751
:10FBB8000DF0C8F9B0D9012000ED00E0640C020096
:10FBC800D01702002DE9F04F634B87B01B680593EF
:10FBD8004FF000031646A1B104468946002700F1FC
:10FBE80004086568002D00F084801F2D01D9EB06FC
:10FBF80013D001213B46594A5948FEF7DBF86FF00C
:10FC08001506554B1A68059B5A404FF0000340F003
:10FC1800A180304607B0BDE8F08F58F804AC1AF060
:10FC28001F0FE6D15046FFF7F3FE03465544681E02
:10FC38001D46FFF7EDFE85427FD115F1160F2B46C5
:10FC48007DD0B5427BDA474BC3F89850D3F89C0077
:10FC5800C3F8985058F8041C6268D3F8A0B020F094
:10FC68001F000A4488424BF01F0B02F1FF3A4FD0A5
:10FC7800C3F89850D3F8A020013921F01F0102F0F1
:10FC88001F020A43D3452146F0B2C3F8A02039D059
:10FC9800FFF750FF10F1160FB1D0324B0BF1FF3BBD
:10FCA800C3F89850D3F89C109DF80C20013061F3EC
:10FCB80004028DF80C20D3F8A010626858F8043CB0
:10FCC80049081344019323F01F035B44A3EB0A0381
:10FCD80023F01F0304939DF80C30C0B261F347135F
:10FCE80001A98DF80C30FFF7E1FE10F1160F86D050
:10FCF800461C01374F4504F10C0408F10C087FF449
:10FD080070AF7EE7FFF716FF10F1160FF0D176E718
:10FD1800D3451AD0C3F89850D3F89C1022F01F028C
:10FD280001F01F010A43F0B22146C3F89C20FFF7F7
:10FD380001FF10F1160FDBD161E76FF01503012108
:10FD4800094A0748FEF736F859E72146E8B2FFF7AF
:10FD5800F1FECEE70DF0F6F8B0D90120F817020051
:10FD6800640C020000ED00E01C18020010B50B4CFA
:10FD78000B4B82B022781B6801934FF00003FFF70A
:10FD880021FF074B20701A68019B5A404FF000036F
:10FD980001D102B010BD0DF0D5F800BF2DF3002041
:10FDA800B0D901202DE9F04F2F4B83B01B68019388
:10FDB8004FF0000300294AD08B4606464FF0000852
:10FDC8002A4CDFF8ACA02BE015F1160F44F8045CC0
:10FDD8003DD0284B1B78AB4239DDCAF89850CAF899
:10FDE8009850DAF89C20237A62F304032372DAF835
:10FDF800A030227A5B0863F347122272DAF89C304B
:10FE080023F01F032360DAF8A03023F01F03E36018
:10FE180008F10108D84506F10C0604F1140416DAB5
:10FE28007768002FF4D0D6F800904846FFF7F0FD29
:10FE3800054607EB09000138FFF7EAFD8542C3D004
:10FE48006FF015020C4B08EB880843F82820064B86
:10FE58001A68019B5A404FF0000302D103B0BDE875
:10FE6800F08F0DF06FF800BFB0D901209CE9002099
:10FE780000ED00E02DF3002098E90020F0B5604B7C
:10FE880087B01B6805934FF000035E4D5E4AD5F8B6
:10FE980090301768C3F307239F4200F2AB80BFF38B
:10FEA8005F8F0024594BC5F89440C5F8C030002F27
:10FEB80000F09C805168087ACB680A68460923F0EC
:10FEC8001F03C5F8984022F01F0200F01F0043EA04
:10FED80046030134024343F00103BC42C5F89C20A9
:10FEE80001F11001C5F8A030E5D1E3B2484F6846EA
:10FEF8003B70FEF795FC0446002879D00026387838
:10FF0800444D05E0B3F5801F60D00136B4422BD0D4
:10FF1800009A310102EB061EDEF80C302B40B3F5D7
:10FF2800001F46D0B3F5800FECD1DEE901C32CF0F9
:10FF38001F0E013B734452584FF0020E002123F06C
:10FF48001F034EEA411E01A9CDE901C28DF80CE05C
:10FF58000493FFF7ABFD002845DB38780136013004
:10FF6800C0B2B4423870D3D1264AD2F89030C3F325
:10FF7800072398420BDA0021C2F89800C2F8A010B3
:10FF8800D2F890300130C3F307239842F4DB0522FE
:10FF98001C4BC3F89420BFF34F8FBFF36F8F002023
:10FFA800174B1A68059B5A404FF0000325D107B03C
:10FFB800F0BDDEE901C32CF01F0E013B734452581B
:10FFC8004FF0010E022123F01F03BAE7DEE901C357
:10FFD8002CF01F0E013B73444FF0010E525823F0D2
:10FFE8001F037146ADE76FF01500D9E73B467DE783
:08FFF8003878B9E74FF0FF3043
:020000040001F9
:10000000D2E70CF0A3FF00BFB0D9012000ED00E063
:1000100040180200AAFF44002DF300200000F0FF6A
:1000200000B5094B83B01B6801934FF00003064BEA
:100030001A68019B5A404FF0000303D1002003B01F
:100040005DF804FB0CF082FFB0D9012000B50A4B2B
:1000500083B01B6801934FF00003074B1A68019BA4
:100060005A404FF0000304D14FF0FF3003B05DF869
:1000700004FB0CF06BFF00BFB0D9012000B50A4BA8
:1000800083B01B6801934FF00003084B1860064BC8
:100090001A68019B5A404FF0000302D103B05DF88B
:1000A00004FB0CF053FF00BFB0D9012080C9002031
:1000B000F0B5124B83B00F1E1B6801934FF0000385
:1000C0000FDD7B1E0E4E441EC51814F8010F0A28C2
:1000D00003D10D2033689847207833689847AC42A5
:1000E000F3D1064B1A68019B5A404FF0000302D12E
:1000F000384603B0F0BD0CF029FF00BFB0D9012095
:1001000080C9002030B5104B83B01B6801934FF0BD
:1001100000030E4C0E4D2268C5F10051831801F505
:1001200080218B4238BF2360074B2CBF4FF0FF303C
:1001300050191A68019B5A404FF0000301D103B0D7
:1001400030BD0CF003FF00BFB0D90120ACE90020A6
:10015000B4D9012000B50C4B83B01B6801934FF05C
:100160000003094B1A68019B5A404FF0000308D165
:100170004FF0FF324FF0FF3303B05DF804EB0BF0AC
:1001800059B80CF0E3FE00BFB0D9012000B50A4B0E
:1001900083B01B6801934FF00003074B1A68019B63
:1001A0005A404FF0000304D103B05DF804EB0BF0AC
:1001B000CFB80CF0CBFE00BFB0D9012000B50A4B80
:1001C00083B01B6801934FF00003074B1A68019B33
:1001D0005A404FF0000304D103B05DF804EB0AF07D
:1001E000F9BB0CF0B3FE00BFB0D901202DE9F04FF0
:1001F000944B83B0D0E9007ABAF1000F1B680193E9
:100200004FF000030C46C0F2C8808F4A00235146CD
:100210003846F7F799FF06468C4D8946242200217F
:10022000204605FB067510F0A6F8331D49F10001C4
:100230009A0F42EA810222F0404223F040431344E5
:10024000834A03EB1173A2FB0312981A02EB5002CC
:1002500080499208C2EBC20216EB0108A3EB02032D
:1002600049F10001A361002340467B4AF7F76CFF88
:1002700040F26D12794F7A4907FB008740F2F95C32
:10028000DFF8E081BE08A1FB0631A8FB063607EBCC
:10029000D121A1EBD611744E3B09A6FB0363734E2B
:1002A000A1EB1311A6FB01368B08A8FB0383A1EB7E
:1002B000060806EB5806DFF8B8E1360AAEFB068EF4
:1002C000DB09C3EB5E133B4402FB163300EB400239
:1002D00000EBC20003EB8302DFF898E102326245D3
:1002E000AEFB02E28CBF6FF0080E4FF0030ED20996
:1002F00002EBC20C604F0CEB0C1C0CF1020CA7FBC8
:100300000C7C06EB00107244A0F26C70022A98BFBD
:1003100001305F1CB3F5997F02F1FF32A7EB9C0718
:1003200023D3A3F599734FF46161C4E90420534AC0
:10033000E361A2FB0502D20A01FB1255504BA260F9
:10034000A3FB05235B09C3EB0312A5EB8205C4E9FC
:1003500000533C4BE7601A68019B5A404FF0000382
:100360006DD1204603B0BDE8F08F16F0030F07D023
:10037000B1F5B67F8CBF002101213B330B44D2E79E
:10038000DFF800C10CFB06F60CF1804C0CF1FF3CD1
:10039000BCEBB60FECD20121EFE73B480023381845
:1003A0006AF10001284AF7F7CFFE06468B46242261
:1003B000002120460FF0DFFF4FF0FF33254A33487E
:1003C00016EB0208214D4BF1000187427AEB030343
:1003D000D94605FB0675BFF628AF731D4BF1000C1F
:1003E0009A0F42EA8C0222F0404223F04043134429
:1003F00003EB1C734FEAEC7C0CF00B00144A034433
:10040000A2FB0302A3EB020E02EB5E02920820485D
:10041000C2EBC2022CF0050C9B1A6344874203F125
:1004200006035AF10E0AA361BFF61DAF1948002357
:100430003018094A4BF10001F7F786FE18E70CF077
:1004400085FD00BFB0D901208051010080AEFEFFC4
:10045000254992246CFA0A00B13A02004FC5FDFF0B
:100460007F206B39D97CC65941D6720061F3196778
:100470001F85EB51D7802BD6CDCCCCCCC5B3A29168
:1004800089888888295C8FC281AEFEFF00BAFAFF96
:10049000009EDA86BCBF080030B50F4B83B01B68E6
:1004A00001934FF000030D4C04F1B40520460AF00F
:1004B000A5FE04F1140024340BF0A6FBAC42F5D1E8
:1004C000054B1A68019B5A404FF0000302D10020EF
:1004D00003B030BD0CF03AFDB0D90120B0E90020E6
:1004E00030B50D4B83B01B6801934FF000030B4CEC
:1004F00004F12805204608340BF086FBAC42F9D104
:10050000054B1A68019B5A404FF0000302D10020AE
:1005100003B030BD0CF01AFDB0D9012064EA002010
:1005200030B50D4B83B01B6801934FF000030B4CAB
:1005300004F16405204614340AF060FEAC42F9D19F
:10054000054B1A68019B5A404FF0000302D100206E
:1005500003B030BD0CF0FAFCB0D901208CEA0020C9
:1005600010B5144B144C82B01B6801934FF000037C
:100570004FF0000C2346114842681146C3F8C000F2
:1005800003F1C002F03343F82C1C0A60191BB1F5CB
:10059000707F03F808CCF0D9064B42601A68019BC3
:1005A0005A404FF0000302D1002002B010BD0CF001
:1005B000CDFC00BFB0D9012050DE002084C900204E
:1005C00000B501220A4B83B01B6801934FF0000372
:1005D000084BC3F84025064B1A68019B5A404FF060
:1005E000000303D1002003B05DF804FB0CF0AEFC67
:1005F000B0D901200090034000B5104B83B01B68B8
:1006000001934FF000030D4B68B11A68019B5A40EB
:100610004FF0000310D10A4B800143F0010303B0F7
:100620005DF804EB18471A68019B5A404FF000032D
:1006300002D103B05DF804FB0CF088FCB0D90120B6
:10064000200D020000B5DFF854C083B06B46DCF823
:1006500000C0CDF804C04FF0000C06F055FE022893
:1006600011D003280CD088B14FF0FF300B4B1A6823
:10067000019B5A404FF000030ED103B05DF804FB1C
:100680006FF08500F2E76FF01500EFE70098003893
:1006900018BF01204042E9E70CF058FCB0D9012016
:1006A00000B50C4B83B01B6801934FF000030A4A5E
:1006B0000A4B92E8030018609980064B1A68019B68
:1006C0005A404FF0000302D103B05DF804FB0CF078
:1006D0003DFC00BFB0D90120F4180200F0EA002070
:1006E00000B5DFF834C083B0DCF800C0CDF804C03A
:1006F0004FF0000CDFF820C0DCF800E0DDF804C0AB
:100700009CEA0E0E4FF0000C04D103B05DF804EB30
:1007100000F012BB0CF01AFCB0D9012000B50A4B56
:1007200083B01B6801934FF00003074B1A68019BCD
:100730005A404FF0000304D103B05DF804EB00F021
:1007400019BB0CF003FC00BFB0D901200CB4034668
:1007500000B5084683B00C4904AA096801914FF01E
:10076000000152F8041BDB6800929847064B1A6898
:10077000019B5A404FF0000304D103B05DF804EB35
:1007800002B070470CF0E2FBB0D901202DE9F04136
:100790001F4CDFF88080204B82B044451B680193DA
:1007A0004FF0000322D205460E4617462368AB429F
:1007B00000D0C3B93A4631462846A368984790B15D
:1007C000FFF7FCFC00230360134B1A68019B5A409F
:1007D0004FF000031AD13A4631462846E36802B08A
:1007E000BDE8F041184710344445DFD3FFF7E6FC7D
:1007F0006A230360084B1A68019B5A404FF00003BC
:1008000004D14FF0FF3002B0BDE8F0810CF09EFB48
:10081000CC0B0200DC0B0200B0D9012030B5194B23
:1008200085B002AA01A91B6803934FF00003054697
:10083000F9F752FBE0B1044602984FF0FF324FF057
:10084000FF330AF0F7FC019B20469B68984704465B
:1008500002980AF07DFD2846F9F704FC094B1A6856
:10086000039B5A404FF0000309D1204605B030BD2C
:10087000FFF7A4FC09234FF0FF340360EEE70CF010
:1008800065FB00BFB0D90120134670B51D4D84B083
:100890000C4602AA01A92D6803954FF000051D46DC
:1008A000F9F71AFB30B3019B9B69E3B12646044676
:1008B00002984FF0FF324FF0FF330AF0BBFC019B70
:1008C0002A46314620469B699847044602980AF01A
:1008D0003FFD0C4B1A68039B5A404FF000030ED1AA
:1008E000204604B070BDFFF769FC5F2303604FF042
:1008F000FF34EEE7FFF762FC09230360F7E70CF033
:1009000025FB00BFB0D901202DE9F0439146204AD4
:1009100087B00D46126805924FF0000203A904AAA1
:100920001E460E9FDDF83C80F9F7D6FA48B3039BCC
:100930005B6AFBB1044604984FF0FF324FF0FF337F
:100940000AF078FCCDE900782046039C33464A46FD
:100950002946646AA047044604980AF0F9FC0C4B47
:100960001A68059B5A404FF000030FD1204607B08C
:10097000BDE8F083FFF722FC5F2303604FF0FF34F4
:10098000EDE7FFF71BFC09230360F7E70CF0DEFA45
:10099000B0D901202DE9F0439146204A87B00D4699
:1009A000126805924FF0000203A904AA1E460E9F8A
:1009B000DDF83C80F9F790FA48B3039B9B6AFBB1E2
:1009C000044604984FF0FF324FF0FF330AF032FC38
:1009D000CDE900782046039C33464A462946A46A5E
:1009E000A047044604980AF0B3FC0C4B1A68059B18
:1009F0005A404FF000030FD1204607B0BDE8F08306
:100A0000FFF7DCFB5F2303604FF0FF34EDE7FFF7F8
:100A1000D5FB09230360F7E70CF098FAB0D9012061
:100A20002DE9F04F894606469B489FB000681D900F
:100A30004FF000000DF1380A08A8984617460CF050
:100A40008DFCDDE90834CDF82CA0CDE90234B9F1F4
:100A5000000F00F0908000214D46CDF81C903446E8
:100A60008946CDE90516049109E00D980AF070FC5D
:100A7000BBF1000F33DB013D04F1080442D02068D4
:100A80000028F8DB0DAA0CA9F9F726FA064600287B
:100A9000F1D00D984FF0FF324FF0FF330AF0CAFB50
:100AA0001DAB01930BAB00934FF48172234631468B
:100AB0000C98FFF74BFE10F1780F834615D010F11C
:100AC000120FD2D1049B002B75D04FF0000B4FF0CA
:100AD00001090D980AF03CFCBBF1000FCBDAFFF7DF
:100AE0006DFBCBF100030360CEE000270022002362
:100AF00008A80CF033FCDDE90823B846BB46CDE975
:100B00000223B2E74A46DDE90516DDF81C9092B3F0
:100B1000B8F1FF3F08BFB7F1FF3F00F0B8804FEAE0
:100B200048127B01DB1B42EAD76262EB08029000AD
:100B300040EA93709B00DA1948EB0003DB0043EABC
:100B40005273C2F3103242EA4342019233464FF4E9
:100B500082720498CDF80090FFF7F8FD83464E4B63
:100B600019681D9B59404FF0000340F09380584690
:100B70001FB0BDE8F08FDDE9022308A80CF042FCAD
:100B8000089FDDF8248004963A4643464E460B996A
:100B90004248A1EB0A01891000FB01F150460DF01B
:100BA00039F800F10B020B2A04460CD9FFF706FBBB
:100BB0006442046068E00C9B4FF0000B4FF00109A9
:100BC0000596049351E7364B134113F00103EDD121
:100BD000CDF82CA0002E4BD0994635469B46984622
:100BE000049C21E00D984FF0FF324FF0FF330AF0E4
:100BF00021FB0BAB3946009340F2031223460C98BD
:100C0000FFF7A4FD07460D980AF0A2FB17F10B0FA2
:100C100031D0002F34D1B4F906300BB109F10109FC
:100C2000013D04F1080413D02068A4F806800028D0
:100C3000F6DB0DAA0CA9F9F74FF907460028D1D128
:100C40002023013DE38009F1010904F10804EBD1FF
:100C5000BBF1000F12D0B9F1000F0FD1DDE9022373
:100C600008A80CF0CFFBDDE9082353EA02018ED17E
:100C70004FF0000B73E74FF0010BD1E7CB466EE767
:100C8000FFF79CFA7B4203604FF0FF3B67E74FF0B2
:100C9000FF325AE70CF05AF9B0D90120CDCCCCCCB8
:100CA0007EF7FFFF30B5164B83B0002A1B68019317
:100CB0004FF0000304460D461BDB4FF4004340F2A7
:100CC000E7300021C2FB03014FF47A720023F7F7EB
:100CD0008BFA02460B460A490868019948404FF0D2
:100CE00000010AD12946204603B0BDE83040FFF795
:100CF00097BE4FF0FF321346EDE70CF027F900BF27
:100D0000B0D9012000B50A4B83B01B6801934FF0A6
:100D10000003084B1860064B1A68019B5A404FF0BD
:100D2000000302D103B05DF804FB0CF00FF900BF23
:100D3000B0D9012030EB002010B50C4C82B02468F3
:100D400001944FF00004094CD4F800C0019C94EACF
:100D50000C0C4FF0000407D1054C24682468A4460D
:100D600002B0BDE8104060470CF0F0F8B0D90120A7
:100D700030EB002000B50B4B83B01B6801934FF0A4
:100D80000003084B1A68019B5A404FF0000306D13C
:100D9000054B1B685B6803B05DF804EB18470CF06B
:100DA000D5F800BFB0D9012030EB002000B5134BBF
:100DB00083B01B6801934FF0000303681B689B68B6
:100DC00073B15B6863B10D4AD2F800C0019A92EA30
:100DD0000C0C4FF000020ED103B05DF804EB184785
:100DE000064B1A68019B5A404FF0000303D10020C4
:100DF00003B05DF804FB0CF0A9F800BFB0D90120E6
:100E000000B50C4B83B01B6801934FF00003FFF754
:100E100047FC00F02FF900F0BBF9064B1A68019B64
:100E20005A404FF0000303D1002003B05DF804FBEB
:100E30000CF08CF8B0D9012030B53E4B83B01B6864
:100E400001934FF000030368044693F820500C33DD
:100E5000D3E8AF3FD90711D40222236883F82020BA
:100E6000236893F82020022A16D0324B1A68019B7F
:100E70005A404FF000035BD103B030BD03681868DF
:100E800009F088FD48BB0322236883F820202368EB
:100E900093F82020032AE8D1062DE6D10C33D3E8BD
:100EA000EF1F21F48071C3E8E21F002AF7D1236805
:100EB000DA69002AD9D15B68002BD6D0DB68002B19
:100EC000D3D01C4A1168019A51404FF000022FD133
:100ED000204603B0BDE83040184723680C33D3E800
:100EE000AF3F9A05B8D523680C33D3E8AF3F5B0515
:100EF00014D40622236883F82020236893F8202046
:100F0000062AB2D1062DB0D00C33D3E8EF1F41F43E
:100F10008071C3E8E21F002AC9D0F6E705222368E2
:100F200083F82020236893F82020052A9DD1B3E779
:100F30000CF00CF8B0D9012070B52A4B82B01B68B8
:100F400001934FF00003044600F118064FF0FF3202
:100F50004FF0FF3330460AF06DF9002C32D0236891
:100F60000C33D3E8AF3FDB0731D423686BB35D6844
:100F70007DB1AD686DB1186809F00CFD50B3236800
:100F80006BB35B68012120469B689847051E0CDB0C
:100F900023680C33D3E8EF1F41F00101C3E8E21FDF
:100FA000002AF7D12046FFF747FF30460AF0D0F974
:100FB0000C4B1A68019B5A404FF000030DD1284694
:100FC00002B070BD25462368E3E71D46E1E76FF0F8
:100FD0007705EAE76FF00505E7E70BF0B7FF9B68D9
:100FE000FFDE00BFB0D901202DE9F0411E4B82B0D9
:100FF0001B6801934FF0000380B30F4671B30646A0
:101000000846F7F715F9082825D8184CDFF860804E
:10101000451C44450BD2A64206D02A46394604F167
:101020000C000FF08BF998B144344445F3D32A46B1
:10103000394606F10C000FF091F900200A4B1A68AE
:10104000019B5A404FF000030BD102B0BDE8F08184
:101050006FF07700F2E76FF05A00EFE76FF01500DE
:10106000ECE70BF073FF00BFB0D90120D0CC00201B
:1010700014CD00202DE9F0473D4B84B01B6803934D
:101080004FF000033B4F3C4D4FF0FF324FF0FF332A
:101090003A480AF0CFF8BD4243D22C46DFF8E08050
:1010A000DFF8E0A0DFF8E0900C3518E004F118005C
:1010B0000AF0A4F804F12C000AF0A0F833682046E6
:1010C000984794F84030227B23F0030384F84030A3
:1010D000002A47D04434BC4205F1440521D2002304
:1010E000C5E9003355F80C2C2B7213689E6816B1B5
:1010F0003368002BDAD1D36903BB6E46D8F80030D1
:101100005246591CC8F8001030460921F8F738FE3D
:10111000204631464434FFF767FFBC4205F14405E1
:10112000DDD3134B1A68039B5A404FF000031CD1C8
:10113000124804B0BDE8F0470AF00AB913689B688A
:101140009B68002BD9D098470328D6D16E46D9F892
:10115000003009215A1CC9F8002030460B4AF8F724
:101160000FFED5E755F80C2CC5E70BF0EFFE00BFDE
:10117000B0D9012014CD0020D0CC00204CCC0020D0
:1011800034EB00200419020038EB0020FC180200A8
:1011900030B5124C124D134B83B0AC421B68019317
:1011A0004FF0000303D30EE04434AC420BD223686B
:1011B0000C33D3E8AF3F1B07F6D420464434FFF787
:1011C000BBFEAC42F3D3074B1A68019B5A404FF069
:1011D000000301D103B030BD0BF0B8FED0CC00202D
:1011E00014CD0020B0D9012010B5174B002482B0D7
:1011F0001B6801934FF000031222144B0E20C3F81A
:101200000441D3F80411C3F81041D3F81011C3F806
:101210000423FEF7F7F9224601210E20FEF75EFABD
:101220000B48836C4BB1084B1A68019B5A404FF036
:10123000000306D1002002B010BD40300AF0E4F9EE
:10124000F1E70BF083FE00BFB0D9012000E00040C1
:1012500080C80020F0B5534B91F804C083B01B68E0
:1012600001934FF000030CF01F03072B8C793BD840
:1012700091F800E0BEF10B0F49D8DFE80EF0080846
:101280000808484E4848065148544FF0050E4A7821
:10129000032A34D0042A22D100224888002876D09C
:1012A000A0F57F503F3885B2292D2AD8292828D883
:1012B000DFE800F03C272727702772272727276DB4
:1012C000272727276A27272727672727272727272B
:1012D000272727272727272727272727273C0121B5
:1012E000314A3248FCF736FD6FF015002D4B1A6875
:1012F000019B5A404FF0000351D103B0F0BD0122D1
:10130000CBE701212A4A2948FCF724FDECE701211B
:10131000284A2648FCF71EFDE6E74FF0040EB6E724
:101320004FF0060EB3E74FF0070EB0E74FF4A026DC
:101330000120214D984095F8A870C0B21CF0200CF7
:1013400014BF27EA0000384385F8A80049791D44F6
:1013500018BF4FF4801C85F8A01000251203190156
:1013600042EA0E22324301F1804101F5604342EA34
:101370000C02C3F818252846C3F81055C3F81445C5
:10138000B4E74FF48026D3E74FF44036D0E74FF46C
:101390000036CDE70026CBE74FF48036C8E70BF0E8
:1013A000D5FD00BFB0D901202C190200E40B0200CA
:1013B000501902000C19020080C8002000B5164B1D
:1013C00083B01B6801934FF00003A0F10803D3E83A
:1013D000EF2F511CC3E8EC1FBCF1000FF7D162B135
:1013E0006FF00F0383660C4B1A68019B5A404FF055
:1013F00000030ED103B05DF804FB0122074BC3F8D4
:10140000002590F87E1009B1DA60ECE71A605A60A6
:10141000E9E70BF09BFD00BFB0D9012000E00040E0
:10142000F0B54B4B83B01B6801934FF00003494A62
:10143000D2F80431002B45D000260123464CA56F7D
:1014400094F8A810C2F804612942D2F8047193609C
:10145000C2F8006553D1636F002B43D0D4F88C30B1
:10146000B4F898202BB13D499847012814D00228A0
:1014700035D0B4F89830B4F894209A422FD9354A30
:101480000133D2F82C16D2F83406A4F8983083B27F
:1014900001EB4303C2F82C36D4F88830002B48D136
:1014A00001222C4B94F88610C3F8002500294AD05D
:1014B000DA60274B1A68019B5A404FF0000345D170
:1014C00003B0F0BDD2F810110029F2D00121C2F80A
:1014D0001031D2F81031916011605160E9E7D4F811
:1014E000883013BB1A4B1A68019B5A404FF0000317
:1014F0002CD11B4803B0BDE8F0400AF085B8D2F803
:101500002C66EAB21A4208D0194205D0B6F900504A
:10151000002DBCBF0025358002365B009BB299428E
:10152000F0D2636F002B99D1DCE70E480CF0B6F8CF
:10153000D8E7D4E8EF3F5A1EC4E8E12F0029F8D1DC
:10154000012BB6DDACE71A605A60B2E70BF0FEFC87
:10155000B0D9012000E0004080C80020F4C800207D
:10156000D8C8002088C800202DE9F041834B84B002
:101570001B6803934FF000030C464FF0FF334FF00E
:10158000FF327F480AF078F86668731EFE2B00F27F
:10159000DD8000237B4D19467B4F20E017F803E0E8
:1015A000BEF1000F00F0AB8094F8118005EB031C36
:1015B000B8F1000818BF4FF00108DCF8180503F176
:1015C000510220F0807001331201013140EA0860BD
:1015D000082BCCF81805C9B245F802E013D026FA5A
:1015E00003F212F00102D9D105EB031EDEF818C593
:1015F00003F1510001332CF0807C0001082BCEF860
:1016000018C52A50EBD1237CA3F10802062A05D87D
:10161000DFE802F01A0471047304620001215B4ADE
:101620005B48FCF7CBFB6FF01504554809F0ECFF65
:10163000524B1A68039B5A404FF0000340F09B80C6
:10164000204604B0BDE8F08100224E4B0129C3F8CA
:10165000F025637C47D9002B40F08780494A4D0034
:10166000C2F8F435236813B19B8903FB0555E36881
:10167000AB4271D326464FF0000CA268414B454F58
:10168000C3F82C2607F17405C3F830160FCE0FC52A
:101690003368C7F870C02B60236843B10FCB07F1E4
:1016A000880484E80F007C67A7F898C078BB012203
:1016B000344B97F88610C3F8002531BB1A605A6086
:1016C0004FF0FF324FF0FF33334809F0D5FF0446A7
:1016D000002839D13C6FA8E703222A4B0129C3F81F
:1016E000F025637CB7D8082BB8D901212B4A2848AC
:1016F000FCF764FB97E70122A7E70222A5E7012197
:10170000274A2348FCF75AFB8DE7DA60D8E7D7E889
:10171000EF3FC7E8E2CF002AF9D122494FF4004059
:101720000D466146D7F888400023E4FB00511E4A6D
:101730002846F6F759FD0022CDE90001002307F104
:1017400008000BF05DFFBBE738676EE70121174A21
:101750000F48FCF7FFFA66E70121154A0C4800958F
:10176000FCF762FB6FF00B045FE70121114A0848A8
:10177000FCF7F0FA57E70BF0E9FB00BFB0D9012006
:10178000C0C8002000E0004020C90020B8190200B5
:10179000E40B020080C80020D8C80020141A020000
:1017A0009C1902003F420F0040420F007C190200CA
:1017B000381A0200E019020000B50D4B83B01B6817
:1017C00001934FF00003C9B2036901EB410103EB40
:1017D0008103186C064B1A68019B5A404FF00003B6
:1017E00004D100F0070003B05DF804FB0BF0AEFB82
:1017F000B0D9012070B5204B204A82B01B680193FC
:101800004FF000031E4C831A9B1004FB03F30646A3
:101810000D46DBB2EFF31180202181F31288BFF374
:101820006F8F03EB430302EB83010A6C12F0800419
:1018300012D080F31188BFF36F8F4FF0FF310E4B42
:101840001A68019B5A404FF0000312D130462B46D4
:1018500002B0BDE87040184701229B000A6480F383
:101860001188BFF36F8F074A13445B68984721467E
:10187000E5E70BF06BFB00BFB0D9012050EB002077
:10188000B76DDBB6C01A020000B50E4B83B01B6803
:1018900001934FF000030B4BD3F800C0019B93EA78
:1018A0000C0C4FF000030AD1C9B20369C1EBC100AF
:1018B000002103EB800003B05DF804EB10470BF050
:1018C00045FB00BFB0D9012000B50A4B83B01B68AF
:1018D00001934FF00003074B1A68019B5A404FF0E9
:1018E000000305D1002003B05DF804EB05F0FABE5B
:1018F0000BF02CFBB0D9012010B5134B82B01B6844
:1019000001934FF00003EFF31184202383F3128837
:10191000BFF36F8F0D4A136823F00201DB071160DC
:101920000CD584F31188BFF36F8F074B1A68019BA6
:101930005A404FF0000305D102B010BD012005F060
:101940003DFFEEE70BF002FBB0D90120A0EB002039
:1019500000B50A4B83B01B6801934FF00003074B9F
:101960001A68019B5A404FF0000305D1002003B0D4
:101970005DF804EB05F022BF0BF0E8FAB0D90120C6
:1019800000B50A4B83B01B6801934FF0000310466B
:10199000064B1A68019B5A404FF0000304D103B074
:1019A0005DF804EB09F030BE0BF0D0FAB0D901209D
:1019B00000B5284A89B004AB126807924FF00002C4
:1019C0000022CDE904330123CDF800D0CDE9022374
:1019D000CDF804D00369C9B2EFF3118C202282F351
:1019E0001288BFF36F8F01EB410103EB81031A6C87
:1019F00002F0070EBEF1010F15D002F0C002802ADE
:101A00008CF31188BFF36F8F0CBF6FF077004FF02E
:101A1000FF30104B1A68079B5A404FF0000317D154
:101A200009B05DF804FB802289001A648CF31188E8
:101A3000BFF36F8F084AC3F83CD09A6343685B5882
:101A400098474FF480420023684609F015FEE0E70E
:101A50000BF07CFAB0D901208119010070B51A4B46
:101A600082B000220121044605201B6801934FF03B
:101A70000003FDF733FE154805F0E6FD144B9842D0
:101A80001DD105F007FE256912492846FAF750FBDB
:101A900000280BDB01262E6424690E4904F11C008A
:101AA000FAF746FB002801DB0020E664064B1A68C3
:101AB000019B5A404FF0000304D102B070BD6FF09B
:101AC0000400F3E70BF042FAB0D90120B91D010080
:101AD0000000AD0B881A020030B500241B4A83B009
:101AE0001B4B126801924FF0000200EB400203EB27
:101AF0008203D3E90E5201469C63EFF31180202448
:101B000084F31288BFF36F8F1C6C04F0C00444F0A0
:101B100002041C6480F31188BFF36F8F0B4B5DB11F
:101B20001868019B58404FF000030DD12B4609481F
:101B300003B0BDE8304018471A68019B5A404FF087
:101B4000000301D103B030BD0BF000FAB0D9012081
:101B500050EB00204C09020010B5284B82B01B68E6
:101B600001934FF00003EFF31180202181F31288DD
:101B7000BFF36F8F224A136843F002041460DA0740
:101B800010D480F31188BFF36F8F1C4B1A68019B30
:101B90005A404FF000032ED1012002B0BDE81040A2
:101BA00005F0A0BD174BD3F80C24D3F80C34DB0799
:101BB000E7D5EFF3118481F31288BFF36F8F124AD8
:101BC000136C03F0C00343F00203136484F3118821
:101BD000BFF36F8F80F31188BFF36F8F074B1A68C5
:101BE000019B5A404FF0000305D1002002B0BDE830
:101BF0001040FFF771BF0BF0A9F900BFB0D9012069
:101C0000A0EB00200050004050EB002010B51A4B14
:101C100082B01B6801934FF000030269C9B2EFF371
:101C2000118C202383F31288BFF36F8F01EB4101E6
:101C300002EB8102136C13F040040ED08CF3118878
:101C4000BFF36F8F4FF0FF300B4B1A68019B5A4068
:101C50004FF000030ED102B010BD012389001364C0
:101C60008CF31188BFF36F8F43680B445B68984710
:101C70002046E9E70BF06AF9B0D9012030B51F4CD6
:101C800083B0246801944FF00004C9B20469EFF3F3
:101C9000118E202585F31288BFF36F8F01EB410170
:101CA00004EB810CDCF8404004F00705012D14D052
:101CB00004F0C004802C8EF31188BFF36F8F0CBF2B
:101CC0006FF077004FF0FF300C4B1A68019B5A40C1
:101CD0004FF0000310D103B030BD80248900CCF850
:101CE00040408EF31188BFF36F8FCCE90E23436819
:101CF0005B5898470020E7E70BF028F9B0D901209E
:101D000030B5284B284A83B01B6801934FF000037D
:101D1000264D831A9B1005FB03F30C46DBB2EFF351
:101D2000118C202181F31288BFF36F8F03EB4303E3
:101D300002EB8302116C01F0070EBEF1010F17D008
:101D400001F0C00140298CF31188BFF36F8F154B50
:101D50000CBF6FF077014FF0FF311A68019B5A40BA
:101D60004FF000031BD1234603B0BDE830401847B5
:101D7000402111648CF31188BFF36F8F0C49C2E9C5
:101D80000E14084A1168019A51404FF0000206D122
:101D9000084A9B00D35803B0BDE8304018470BF009
:101DA000D5F800BFB0D9012050EB0020B76DDBB6ED
:101DB00089180100C01A020010B5244B82B01B68BC
:101DC00001934FF0000330B30128014627D10020D2
:101DD0001F4BD3E911425864EFF3118C202080F39C
:101DE0001288BFF36F8FD86C00F0C00040F0020083
:101DF000D8648CF31188BFF36F8F84B1134B1868CC
:101E0000019B58404FF000031ED12346114802B0F9
:101E1000BDE8104018470E4B1B6C5B0708D00B4BFE
:101E20001A68019B5A404FF000030DD102B010BD5B
:101E3000064B1A68019B5A404FF0000304D102B0D0
:101E4000BDE81040FFF748BE0BF080F8B0D9012084
:101E500050EB00204C0902002DE9F041404A82B0CD
:101E60000124126801924FF0000205463D4BD3E871
:101E7000EF2FC3E8E14F0029F9D162B16B1E012BAE
:101E800013D9374B1A68019B5A404FF0000364D1B5
:101E900002B0BDE8F081344934484A60CA608C60C1
:101EA000FAF76EF96B1E012BEBD8012D06D1304BE2
:101EB000D3F81C3403F00303022BE2D009F0BCFE7C
:101EC000064680B3EFF31187202383F31288BFF314
:101ED0006F8F0126264CDFF89C80D4F81824D4F8A4
:101EE0001834D20305D503F00303022B25D0012DAE
:101EF00023D046B33846FDF727FDD4F81835DBB2BA
:101F0000012BEAD1D4F80421002AE6D00022C4F83B
:101F10000421D4F804210222C4F818252022C8F88C
:101F20008021A360D9E7144B1B78002BCAD0022272
:101F30000F4B0746C3F80823CCE74EB187F311884F
:101F4000BFF36F8F9DE7002121200AF00BFED4E73D
:101F50000222074BC3F8042393E70AF0F7FF00BF00
:101F6000B0D901204CEB00203CEB00206CEB0020B2
:101F70000050004000E100E041F3002030B5114B7B
:101F800083B00A281B6801934FF0000304460FD06A
:101F90000D4DAB680C485B68E1B29847094B1A6875
:101FA000019B5A404FF0000309D1204603B030BDD9
:101FB000054D0D21AB6828465B689847E9E70AF0B4
:101FC000C5FF00BFB0D901208809020000B5104B41
:101FD00083B01B6801934FF000030E4808F0DAFC51
:101FE00080B10D48FEF74AF80B48F7F78BFE00204A
:101FF000074B1A68019B5A404FF0000305D103B00C
:102000005DF804FB6FF01200F2E70AF09FFF00BFDB
:10201000B0D90120880902007D1F010000B50D4BD9
:1020200083B0084611461B6801934FF0000305F08A
:10203000FFF8084B002818BF6FF004001A68019BD6
:102040005A404FF0000302D103B05DF804FB0AF0E0
:102050007DFF00BFB0D9012000B50C4B83B01B68D9
:1020600001934FF0000305F0CDF8084B002818BF8E
:102070006FF004001A68019B5A404FF0000302D130
:1020800003B05DF804FB0AF061FF00BFB0D9012086
:1020900000B501230A4883B0006801904FF00000AA
:1020A000084808601360064B1A68019B5A404FF0BD
:1020B000000302D103B05DF804FB0AF047FF00BF44
:1020C000B0D90120A4EB002000B5094B83B01B68F8
:1020D00001934FF00003064B1A68019B5A404FF0E2
:1020E000000303D1034803B05DF804FB0AF02EFFA0
:1020F000B0D901209C1B020070B50D46274884B062
:10210000006803904FF0000014461E4606F046FBA0
:10211000002D01DBA84211D801212B46204A21487D
:102120000096FBF781FE6FF015001C4B1A68039BAD
:102130005A404FF000032ED104B070BD401B8642C0
:10214000EAD846EA05039A071DD1D6B14FF0FF320F
:102150004FF0FF33144809F08FFA032E09D92D1BD5
:10216000264421686019043406F0F0FA331B032B6F
:10217000F7D80E4AD2F80034DB07FBD50A4809F03D
:1021800043FA0020D1E701212B46094A0548009671
:10219000FBF74AFEC7E70AF0D9FE00BFB0D901201D
:1021A000041B0200240C0200ACEB00200090034052
:1021B000241B020010B50F4B82B01B6801934FF037
:1021C000000301220C48114609F0F6F906F016FB4F
:1021D0000A4C206006F0FAFA064B60601A68019B10
:1021E0005A404FF0000302D1002002B010BD0AF0A7
:1021F000ADFE00BFB0D90120ACEB0020A4EB002065
:1022000010B50D4B84B01B6803934FF000030C46D0
:1022100003460A4A01210A480094FBF705FE064BD3
:102220001A68039B5A404FF0000303D16FF015006A
:1022300004B010BD0AF08AFEB0D90120041B0200D0
:10224000240C020070B50C46214882B00068019051
:102250004FF0000016461D4606F0A0FA002C0DDADD
:102260001B4B1A68019B5A404FF000032ED12946A0
:10227000204602B0BDE87040FFF7C2BFA042EFD9D0
:10228000001B8542ECD84DB9114B1A68019B5A408E
:102290004FF000031AD1002002B070BDB4F5004F1A
:1022A00005DB2A46214630460EF058F8ECE7084B8D
:1022B0001A68019B5A404FF0000307D12A46214675
:1022C000304602B0BDE87040FEF7BCB90AF03EFEF1
:1022D000B0D90120F0B5294B85B00F461B68039398
:1022E0004FF00003144606F071FA064606F056FA5F
:1022F0003D1E01DBA84211D801213B46204A21485E
:102300000094FBF791FD6FF015001C4B1A68039BBE
:102310005A404FF000032ED105B0F0BD401B84425F
:10232000EAD8B5FBF6F306FB1353E3B9B4FBF6F3B7
:1023300006FB1343BBB9A64201D90020E5E74FF0E5
:10234000FF324FF0FF33104809F096F906F03EFADD
:102350000646284606F0CAF9A41B3544F9D10A48B6
:1023600009F052F9E9E701213B46084A0548009483
:10237000FBF75AFDC7E70AF0E9FD00BFB0D901201D
:10238000041B0200240C0200ACEB0020441B0200E2
:10239000F0B51D4600241746244A85B083681268AC
:1023A00003924FF000022C60AC601B690E4602AA3B
:1023B00001A99847029B03F1FF3ECDF808E02BB33B
:1023C000019CAA682B68083417E0B81A54F808CCA6
:1023D000604528BF604600FB01330244AA602B60C1
:1023E00054F8081C81421CD80EF1FF31CDE901419F
:1023F0000834BEF1000F09D08E4654F8041C696001
:10240000002EE2D0F01AB0FBF1F0DFE76FF015001C
:10241000064B1A68039B5A404FF0000303D105B0E6
:10242000F0BD0020F4E70AF091FD00BFB0D9012013
:1024300000B50C4B83B01B6801934FF000031346AB
:10244000084AD2F800C0019A92EA0C0C4FF0000240
:1024500005D1002203B05DF804EBFFF799BF0AF045
:1024600075FD00BFB0D9012000B50B4B83B01B68D0
:1024700001934FF0000343685B681B690B60064BD8
:102480001A68019B5A404FF0000303D1002003B0AB
:102490005DF804FB0AF05AFDB0D9012000B50D4BE0
:1024A00083B01B6801934FF00003436802EA010008
:1024B0005B6821EA02019860D960064B1A68019BAB
:1024C0005A404FF0000303D1002003B05DF804FB35
:1024D0000AF03CFDB0D9012000B50B4B83B01B685E
:1024E00001934FF0000343685B689960064B1A68DC
:1024F000019B5A404FF0000303D1002003B05DF868
:1025000004FB0AF023FD00BFB0D9012000B50B4B3E
:1025100083B01B6801934FF0000343685B68D96088
:10252000064B1A68019B5A404FF0000303D100206C
:1025300003B05DF804FB0AF009FD00BFB0D901202B
:1025400000B50D4B83B01B6801934FF00003436847
:102550005A68536821EA03000B409060D360064B31
:102560001A68019B5A404FF0000303D1002003B0CA
:102570005DF804FB0AF0EAFCB0D9012030B504692B
:102580001D4B656883B01B6801934FF000034DB18C
:102590008D4225D02B4601E0994214D018461B6885
:1025A000002BF9D11AB30D60A36861604BB1002014
:1025B000114B1A68019B5A404FF000031AD103B027
:1025C00030BDA160F3E70B680360A368994205D0B2
:1025D00000230B60002AEAD06568E4E7A060F7E713
:1025E000A0680B6881426360F2D1A360F0E76FF0EE
:1025F0001500DDE70AF0AAFCB0D9012070B54068EB
:10260000464C067B88B00569246807944FF00004A7
:1026100001F01F0444EA4614002D76D0B2F5001FE5
:1026200060D00025B2F5800FCDE9025549D0B3F155
:10263000C06F55D0B3F1007F14BF012302238DF882
:10264000083002AB0593002304930693836804AD1E
:10265000CB4013F0010302D1B2F1A07F18D000F1FA
:1026600010062A462146304605F062FB2C4B984264
:102670003DD101222146304605F086FE0020274B41
:102680001A68079B5A404FF0000341D108B070BD53
:10269000610904F01F023DD1224B803253F82230F1
:1026A00000F11006DB07DCD4214630460DF10702AD
:1026B00005F03CFD1C4B98421CD00DF10703039321
:1026C000CFE7B3F1007F0CBF0423052302AA0495D2
:1026D0000695059200F1100604AD8DF80830C0E7AC
:1026E0000323ACE72146103005F0C2FEC6E76FF0C9
:1026F0001500C4E730460DF1070105F023FE084B35
:102700009842DAD06FF00B00B9E76FF08500B6E7BA
:102710000AF01CFC803253F82230FFDEB0D90120D1
:102720000000AD0B002584400400AD0B30B5184B04
:10273000446883B01B6801934FF0000323692BB1F9
:102740001034204605F070FD054648B10020104BBE
:102750001A68019B5A404FF0000316D103B030BDF8
:102760000146204605F00EFD0A4B98420AD120464C
:102770002A46094905F0B6FC2A4605213120FCF716
:10278000ADFFE3E76FF00400E1E70AF0DFFB00BF15
:10279000B0D901200000AD0B9D27010070B5124B90
:1027A00082B01B6801934FF00003430910D10F4B17
:1027B000596869B101250C680D4E85408A682A4028
:1027C00002D030464B68984714B121462468F5E79B
:1027D000054B1A68019B5A404FF0000301D102B02B
:1027E00070BD0AF0B3FB00BFB0D90120C4EB0020DC
:1027F000600902002DE9F0436A4B476889B01B6805
:1028000007934FF000033B7B01F01F06154646EA95
:10281000431640F20633D40648BF032205EA0304F8
:1028200058BFC2F34012B4F5837F8C468DF8072061
:1028300000F0B08030D8062C04D062D9B4F5807F87
:1028400065D101240123280303FA0CF337D469036B
:1028500044BF7968CB603B69002B35D010373146D7
:1028600038460DF1060205F061FC15F4403F814643
:1028700050D13146384605F0F9FC4B4B99456ED0A6
:102880000020484B1A68079B5A404FF0000340F065
:10289000838009B0BDE8F08340F202218C4264D00D
:1028A000B4F5407F08BF0324CCD0B4F5007F2ED10F
:1028B000012328034FF0020403FA0CF3C7D579680B
:1028C0008B603B69002BC9D106F01F01760965D1E9
:1028D000364885F4803600EB8100D0F80012C6F34C
:1028E000004621F4E161C5F3404321F0070143EACA
:1028F00046030B4343EA820343EA0423C0F8003251
:10290000BEE7002C9ED0022C08BF04249AD06FF0A2
:102910001500B6E74FF0000802AB3146384604AA6E
:102920000593CDE90288CDF81080CDF8188005F028
:10293000FFF91D4B9842EAD115F4003317D1CDE9C8
:10294000053331460DF10703384604AA049305F018
:10295000EFF9154B9842DAD1134B994590D138468F
:102960009DF8061005F0CCFC8AE705246AE79DF87F
:10297000070085F48035C5F300458DF81200434605
:102980003146384604AA8DF810408DF8115005F0F4
:10299000F1FADEE7072455E70AF0D8FA803153F858
:1029A0002130FFDEB0D901200000AD0B00258440AE
:1029B00000B5164B83B01B6801934FF000034368CA
:1029C000136090F808C003EBCC0C63450AD30FE00A
:1029D0000833136090F808C0D0F804E00EEBCC0C7C
:1029E000634505D293F805C08C45F1D1002001E084
:1029F0006FF00100054B1A68019B5A404FF000032D
:102A000002D103B05DF804FB0AF0A0FAB0D90120AE
:102A10002DE9F047A34B82B01B6801934FF00003F0
:102A2000002957D040F2FF1E9F4CA04EA04D00EB56
:102A3000810C50F8041BC1F3C72717F00807C1F336
:102A4000C328C1F3080340F0FA80734514F808A0C6
:102A50004FEA116840D0B8F1190F0ED8DFE808F03E
:102A6000ECB4DB1AA8A51A0D0D0D0DC8BB0D0D0D8C
:102A70000D0D0D0D0D0DD49E80AD6FF08500894BB1
:102A80001A68019B5A404FF0000340F0FE8002B0EC
:102A9000BDE8F087C2F810354FEA531901F01F0363
:102AA00050F8041CC1F3C038B9F1000F40F0F280B7
:102AB00006EB8303C1F34129D3F80012294041EA10
:102AC0000A2141EA8901394341EA4801C3F8001269
:102AD0006045AED10020D2E7B8F1190FCDD801A3DF
:102AE00053F828F04D2B0100772C0100572B0100E3
:102AF000452C0100572B01004D2B0100452C0100F6
:102B00007B2A01007B2A01007B2A01007B2A01002D
:102B1000572B01004D2B01007B2A01007B2A01006D
:102B20007B2A01007B2A01007B2A01007B2A01000D
:102B30007B2A01007B2A01007B2A01006D2C010009
:102B4000632C0100592C0100812C01004FF0FF3350
:102B5000C2F80C35BCE74FF0FF33C2F80835B7E7D1
:102B6000C2F8683530F8021C01F00101002954D187
:102B70004FF00108590940F092800121DFF82C91B3
:102B80009940C9F80C1050F8041C01F40049B9F13F
:102B9000000F0CBF01274FF0010889E7C2F8643528
:102BA00030F8021C01F00101E0E7C2F80C35DFE764
:102BB0004FF00008C2F80835DCE7C2F86C3530F891
:102BC000021C01F00101D1E7C2F814354FEA531994
:102BD00001F01F0364E7C2F80C354FEA531901F006
:102BE0001F03BAF1000F7FF45BAF4FF0060A57E7FF
:102BF000C2F80835BAF1000F29D14FEA53194FF046
:102C0000060A01F01F034BE7C2F8603530F8021CDA
:102C100001F00101AAE7C2F80835590937D14FF090
:102C20000108224908FA03F78F6050F8041C81F468
:102C30000047C7F3C0373BE7C2F80C35EDE76FF04C
:102C400015001CE74FF0FF33C2F8103540E74FEA9C
:102C5000531901F01F0323E74FF0FF33C2F8683523
:102C600036E74FF0FF33C2F8643531E74FF0FF33FA
:102C7000C2F860352CE74FF0FF33C2F8143527E770
:102C80004FF0FF33C2F86C3522E70AF05FF90023FA
:102C90009B60FFDE0022803352F82330FFDE0023EA
:102CA000DB60FFDEB0D90120EC1B02000025844070
:102CB000F0F8FCFF00B50C4B83B01B6801934FF09C
:102CC000000343681B68D3F88004C3F88004064BF4
:102CD0001A68019B5A404FF0000302D103B05DF81F
:102CE00004FB0AF033F900BFB0D9012010B5114B35
:102CF00082B01B6801934FF0000342681368D3F859
:102D0000100190B100200124D26912780A70C3F832
:102D10001001D3F810211C60064B1A68019B5A4021
:102D20004FF0000304D102B010BD4FF0FF30F3E7C5
:102D30000AF00CF9B0D9012000B5194B83B01B681B
:102D400001934FF0000343681B68D3F80423D205B6
:102D500002D5D3F820215AB9D3F85831104B1A684C
:102D6000019B5A404FF0000318D103B05DF804FBFB
:102D7000EFF31182202181F31288BFF36F8FD3F814
:102D8000201131B100200121C3F82001D3F8200126
:102D9000D96082F31188BFF36F8FDDE70AF0D6F8B0
:102DA000B0D901202DE9F04105464C4B002201210C
:102DB00082B008201B6801934FF00003FCF78EFCE3
:102DC0000820FCF71FFC6A6813691168C1F82435F4
:102DD000537D907D127D03431343C1F86C356E68BB
:102DE000D6E9004313F001033FD108210122C4F8C2
:102DF0000015B169C4F84415C4F84835A260D4F888
:102E00002031002BFBD0002101224FF48073C4F845
:102E10002011D4F82011E260C4F80433D4F85831FA
:102E2000002BFBD00021C4F800156B686A46DC68F3
:102E30002046FFF7BDFD002805DB009B22681979BD
:102E40001868FFF7E5FD08216A681368C3F80015E4
:102E5000117A61B30020214B1A68019B5A404FF050
:102E6000000338D102B0BDE8F0812F6907F10800F6
:102E700004F05AFB1A4B984225D14FF0010804F197
:102E80000C02387A04F5907104F032FB387A08FAB3
:102E900000F004F013FB08220023C4F80025B269F7
:102EA000C4F84425C4F84835C4F80880B6E70120C2
:102EB000D269C3F83425C3F83805C3F81011D3F824
:102EC00010211860C6E707480121074AFAF742FFB8
:102ED0006FF00400BFE70AF039F800BFB0D9012055
:102EE0000000AD0BCC0C0200F41B02002DE9F041F8
:102EF000464B82B01B6801934FF0000305460E4617
:102F0000D0F8048008F098FE88BB414B1B7873B35F
:102F1000202718E0EFF3118287F31288BFF36F8F39
:102F20006B681968D1F8580168BB5B68DB0702D48D
:102F3000D1F820313BBB82F31188BFF36F8F212082
:102F4000002109F00FFE64246B681A68D2F858114A
:102F50000029DFD15B68D90703D4D2F82031002BD8
:102F6000D8D1012004F024FA013CEDD1E7E7EFF3DA
:102F70001182202484F31288BFF36F8F6B68196865
:102F8000D1F8580118B301210020D8F818301E706C
:102F90006B68D8F818401B68C3F84445C3F8481557
:102FA000C3F82001D3F82041C3F85801D3F85801E1
:102FB000996082F31188BFF36F8F144B1A68019BDD
:102FC0005A404FF000031ED102B0BDE8F0815B68AB
:102FD00003F001031BB9D1F82031002BD3D182F3C8
:102FE0001188BFF36F8FEFF3118284F31288BFF360
:102FF0006F8F6B68D3E90013D1F8580103F0010318
:103000000028C0D1E6E709F0A1FF00BFB0D9012038
:1030100041F3002030B51749174B83B01B6801936B
:103020004FF000030B68D01AC3180B6022F07F42E8
:103030004B68A2F5001443F10003B4F5400F4B6058
:103040000AD20E4B1B6819068C184FEA13230C4A40
:1030500043F10005C2E90045074B1A68019B5A403D
:103060004FF0000304D103B0BDE830400AF070B85F
:1030700009F06CFF10E30020B0D90120E4EB002040
:1030800018E300202DE9F04F012686409A46844639
:10309000F3438BB09146149A9DF8587001927E4A82
:1030A0007E4C126809924FF00002159A0292D4E801
:1030B000EF2F02EA0301C4E8E01F0028F7D14FF424
:1030C0008035774B05FA0CF5C3F80853BFF35F8FD3
:1030D000BFF36F8F32400092724A1168080A0906E6
:1030E000BFF35F8FD3F80435591840F10000B3F5F2
:1030F000801F06D26C4BD3E90023914270EB03038F
:103100007AD3494570EB0A037ED2684BB9EB0101D3
:103110006AEB0000994270F100006AD2644B4FEAFA
:103120000C12039303EB0C130692D3E902239A4586
:1031300008BF914577D000236FF002080CF1500EC4
:103140004FEA8E0E1FFA8EFE554C0EF1804E4FEA5E
:103150008C000EF5A83E00F18040C4F8485329F0D9
:103160007F41CEF8003000F5A830DEF80030C0F81E
:103170004015C4F84453D4F80425DFF838B1A8EB5F
:1031800002030B4423F07F435B4504914BD9CDF8F8
:103190001CC00321DDF810C0CDE9049AB2461FE03F
:1031A000D4F80425A2EB0C0323F07F43B3F5000F02
:1031B00069D90023CEF80030DEF80030B7B98E1898
:1031C00026F07F43C0F84035C4F84453D4F80425B2
:1031D0000131A8EB0203334423F07F435B4552D90E
:1031E000DEF80030002BDBD1002FE8D05646DDF8AA
:1031F0001CC06FF0150022E011F1807140F1000059
:10320000494570EB0A0380D3002FF2D12A4BD3E853
:10321000EF1F3143C3E8E21F002AF8D1244B039388
:103220004FEA0C1306930020039B069A019903EBC7
:10323000020B9950CBE9029A029BCBF80430009B19
:103240004BB9154B1A68099B5A404FF0000320D127
:103250000BB0BDE8F08F1149D1E8EF3F3343C1E82F
:10326000E23F002AF8D10E4A134BC2F80453D3E8C8
:10327000AF3F23FA0CF3DB07E3D54FF400120F4BFB
:10328000C3F80021DDE75646DDE9049ADDF81CC0ED
:10329000C9E709F05BFE00BFB0D90120E0EB0020D8
:1032A00000500140E4EB002018E300200100800002
:1032B00000E30020FDFF7F00DCEB002000E100E0E8
:1032C000F0B54FF0FF30002502264FF0FF314FF4EC
:1032D00000124FF480371F4B87B01B6805934FF0E7
:1032E00000031D4C1D4BDFF878C0C4F80833C4F848
:1032F00048331C4BC4F80855CCE902010121C4F83D
:1033000004731520C4F80463C3F880212A46FCF72F
:10331000E5F91520FCF776F901231349134AA36058
:1033200028462360009113600023114ACDE901551E
:10333000FFF7A8FE3046FEF78FFD064B1A68059B87
:103340005A404FF0000302D1284607B0F0BD09F003
:10335000FDFD00BFB0D901200050014003000F0067
:1033600000E3002000E100E015300100E0EB002068
:10337000FFFF7F002DE9F043454B85B01B680393A9
:103380004FF00003434BD3F8042390070ED4414B76
:10339000D3F80423D1031BD43D4B1A68039B5A4036
:1033A0004FF0000372D105B0BDE8F083D3F80421DB
:1033B000002AECD00021384AC3F80411D3F80431B4
:1033C000136801331360334BD3F80423D103E3D5DF
:1033D000324AD2E8EF1F21F00100C2E8E40F002CCE
:1033E000F7D1CA0703D4D3F84031002BD4D0002141
:1033F000284A294BC2F84011D2F840111B68190A1B
:103400001B06BFF35F8FD2F80425D31841F10001EA
:10341000B2F5801F0AD2224AD2E90067B34271EBAB
:10342000070203D213F1807341F10001EFF3118C15
:10343000202282F31288BFF36F8F1A4CD4E90267FF
:10344000B342B9411DD34FF0FF384FF0FF39002090
:103450004FF48032C4E902890E4B21686568206010
:10346000C3F84823C3F84001D3F840318CF31188E6
:10347000BFF36F8F00298FD032463B4600958847B7
:103480008AE78CF31188BFF36F8F85E709F05EFD43
:10349000B0D9012000500140E4EB0020DCEB00201B
:1034A00018E3002000E3002030B5264B87B01B68EE
:1034B00005934FF00003431C3FD0234B9842A8BF15
:1034C00018460128B8BF0120204B19680A0A0906CE
:1034D000BFF35F8F1E4BD3F80435591842F1000239
:1034E000B3F5801F05D21B4BD3E90045A142AA4189
:1034F00020D3194BD3E90023891AB1F5000F17D255
:10350000114C0144A14228BF21460020134C5218FF
:1035100043F10003CDE901000094FFF7B3FD094B2F
:103520001A68059B5A404FF0000308D107B030BD20
:103530000549EAE711F18071DBE70348C4E709F0C8
:1035400005FD00BFB0D90120FFFF7F00E4EB0020A4
:103550000050014018E3002010E300201530010066
:1035600030B5164B83B01B6801934FF00003144B2A
:103570001868020A0006BFF35F8F124BD3F80435B8
:10358000181842F10002B3F5801F05D20E4BD3E9A3
:103590000045A042AA410BD30C4B1B68C01A074B35
:1035A0001A68019B5A404FF0000304D103B030BDAC
:1035B00010F18070F0E709F0C9FC00BFB0D901201C
:1035C000E4EB00200050014018E3002010E300204D
:1035D00030B5144B83B01B6801934FF00003124BBE
:1035E0001868020A0006BFF35F8F104BD3F804354A
:1035F000181842F10002B3F5801F05D20C4BD3E935
:103600000045A042AA4108D3064B1A68019B5A40C4
:103610004FF0000304D103B030BD10F18070F3E728
:1036200009F094FCB0D90120E4EB002000500140E7
:1036300018E3002030B5194B194C83B01B68019377
:103640004FF000030021A4462346164A04F1500E11
:1036500015681A6882421AD0DAB15A68AA1A8A42E0
:10366000C8BF9C4603F10803C8BF1146A34201D35B
:103670007345EED3013DCCE90005084B1A68019B68
:103680005A404FF0000306D1604603B030BD9C465F
:10369000F3E79C46EEE709F059FC00BFB0D90120E2
:1036A00094EC002090EC002030B500240025002090
:1036B0000D4A0E4983B0096801914FF00001C2E93B
:1036C00000450B4BD3E8EF2FC3E8E10F0029F9D1F8
:1036D000064B1A68019B5A404FF0000301D103B01A
:1036E00030BD09F033FC00BF20E30020B0D9012039
:1036F00090EC002000B50A4B83B01B6801934FF09B
:103700000003074B1A68019B5A404FF0000304D195
:1037100003B05DF804EB07F005B909F017FC00BF32
:10372000B0D901202DE9F047804B8AB01B6809937E
:103730004FF0000380460D460BF0EEFC002800F031
:10374000ED8009F0D9FD2B680746002B0E4600F0EE
:10375000E880BCBF4FF0FF332B600122002102A89C
:1037600007F02AFF01ACCDF82080EFF3118A202367
:1037700083F31288BFF36F8F09F038FAFFF75AFF0F
:10378000DFF8AC814268D8F800309A4210D043602C
:103790008AF31188BFF36F8F0020644B1A68099B6E
:1037A0005A404FF0000340F0BF800AB0BDE8F087F8
:1037B0000023DFF880910193D9F80430002B00F04A
:1037C0009C801C60C9F804408AF31188BFF36F8F96
:1037D0002B685A1C00F08A804FF4004240F2E73018
:1037E000002123EAE373C3FB02014FF47A72002342
:1037F000F4F7FAFC02460B4602A807F03DFFEFF390
:10380000118A202383F31288BFF36F8FD9F8003019
:1038100043B1A34202D177E0A3425ED01A461B68AF
:10382000002BF9D109F0E2F9FFF704FFD8F80030D6
:1038300043608AF31188BFF36F8F0BF06DFC002893
:103840006CD02C68631CA7D009F056FD4FEA4019D4
:103850004FEA4118B9EB000948EAD06868EB010863
:103860004FEA890C1CEB000C4FEA88004FEA461E19
:1038700040EA99704FEA471341EB00014EEAD76ED8
:10388000DB1B6EEB060E4FEA8E0E4EEA937E9B001C
:10389000D81946EB0E06C900F60046EA507641EA12
:1038A0005C71CCF31033C0F3103043EA414340EA7B
:1038B00046401B1A4FEAD1314FEAE47261EBD63130
:1038C000E41A62EB0102002AB8BF00242C60002C2D
:1038D0007FF462AF6FF00A005FE701991160D9F8D9
:1038E0000410994206D0002301939BE74FF0FF326A
:1038F000134681E7C9F80420F5E7C9E900448AF3D3
:103900001188BFF36F8F63E7D9F80420019BA242AF
:10391000C9F80030E7D1C9F80430E4E76FF06D0072
:103920003BE709F04BF8D5E709F010FBB0D90120CF
:1039300090EC002020E3002010B50A4B82B01B68F9
:1039400001934FF000030446FCF738FC054B04607C
:103950001A68019B5A404FF0000301D102B010BD1C
:1039600009F0F4FAB0D9012000B50A4B83B01B6806
:1039700001934FF00003074B1A68019B5A404FF028
:10398000000304D103B05DF804EB08F055B909F069
:10399000DDFA00BFB0D9012010B51D4B8646006886
:1039A00082B01B6801934FF0000310B1194B98428D
:1039B0001CD2194C94F800C0BCF1060F1AD8154B54
:1039C0000CEB4C0003EBC0000CF1010CCEF8000036
:1039D00084F800C00E4B1C68019B5C404FF0000354
:1039E00013D102B0BDE8104007F0E6BDA8339842FD
:1039F000DFD2EFE7064B1A68019B5A404FF00003F5
:103A000003D16FF00B0002B010BD09F09FFA00BFA8
:103A1000B0D90120E8EB002030F3002000B50A4BBC
:103A200083B01B6801934FF00003074B1A68019B9A
:103A30005A404FF0000304D103B05DF804EB07F0E7
:103A4000E3BD09F083FA00BFB0D9012010B5184BCF
:103A500082B01B6801934FF000034B1C044620D03A
:103A60004FF4004C40F2E730002221EAE173C3FB3F
:103A70000C02002311464FF47A72F4F7B5FB0246AC
:103A80000B46204607F0F8FD094B002818BF6FF0E1
:103A90000A001A68019B5A404FF0000305D102B09A
:103AA00010BD4FF0FF321346EBE709F04FFA00BFAD
:103AB000B0D9012000B50A4B83B01B6801934FF0C9
:103AC0000003074B1A68019B5A404FF0000304D1D2
:103AD00003B05DF804EB07F03BBC09F037FA00BF18
:103AE000B0D9012010B5184B82B01B6801934FF07C
:103AF00000034B1C044620D04FF4004C40F2E7304A
:103B0000002221EAE173C3FB0C02002311464FF4AB
:103B10007A72F4F769FB02460B46204607F08AFBEF
:103B2000094B002818BF6FF00A001A68019B5A4021
:103B30004FF0000305D102B010BD4FF0FF32134625
:103B4000EBE709F003FA00BFB0D9012030B5144A01
:103B500083B0126801924FF000020546114BD3E882
:103B6000EF1F0131C3E8E21F002AF8D10E4B1C6899
:103B700054B1E369AB4201D005B113B9201D07F080
:103B800043FD2468002CF4D1054B1A68019B5A4070
:103B90004FF0000301D103B030BD09F0D7F900BFE9
:103BA000B0D9012090EC002020E3002000B50C4BA0
:103BB00083B01B6801934FF00003094B1A68019B07
:103BC0005A404FF0000308D1014600220023054867
:103BD00003B05DF804EB07F06DBA09F0B7F900BF68
:103BE000B0D90120E4EC002000B50B4B83B01B687A
:103BF00001934FF00003084B1A68019B5A404FF0A5
:103C0000000306D10146054803B05DF804EB07F058
:103C10006FBA09F09BF900BFB0D90120E4EC002095
:103C200000B50C4B83B01B6801934FF00003094BA8
:103C30001A68019B5A404FF0000308D10146002248
:103C40000023054803B05DF804EB07F033BA09F030
:103C50007DF900BFB0D90120F8EC002000B50B4B76
:103C600083B01B6801934FF00003084B1A68019B57
:103C70005A404FF0000306D10146054803B05DF8F5
:103C800004EB07F035BA09F061F900BFB0D90120A3
:103C9000F8EC00202DE9F041134F144D144B82B085
:103CA000AF421B6801934FF0000310D20646002478
:103CB000013DED1BED0807F1040857F8343058F8C2
:103CC000341030469847AC4204F10104F5D1084B5A
:103CD0001A68019B5A404FF0000302D102B0BDE8C0
:103CE000F08109F033F900BF542E0200642E020067
:103CF000B0D9012000B50A4B83B01B6801934FF087
:103D00000003074B1A68019B5A404FF0000305D18E
:103D1000044803B05DF804EB05F032BD09F016F974
:103D2000B0D90120953C010000B5774B83B029281C
:103D30001B6801934FF0000352D017DC012856D0C6
:103D400006280ED137294FD04FF0FF306E4B1A683E
:103D5000019B5A404FF0000340F0D48003B05DF85F
:103D600004FB0028F0D11F293ED0EDE7B0F58D7F90
:103D700005D0B0F5007FE7D11E2935D0E4E74B1E12
:103D8000142BE1D801A050F823F000BFE93D010059
:103D9000E93D0100E93D0100E93D0100E93D010087
:103DA000E93D0100493D0100493D0100493D010057
:103DB000493D0100493D0100E93D0100E93D0100A7
:103DC000F93E0100013F0100493D0100493D01006C
:103DD000ED3E0100F13E0100F53E0100FD3E010017
:103DE000202901D03E29AFD100201160AEE78B1E03
:103DF0003B2BA9D801A050F823F000BFE93D0100FA
:103E0000493D0100E93D0100493D0100493D0100F6
:103E1000493D0100493D0100493D0100493D010086
:103E2000493D0100493D0100493D0100493D010076
:103E3000493D0100493D0100493D0100493D010066
:103E4000493D0100E93D0100E93D0100493D010016
:103E5000493D0100493D0100493D0100493D010046
:103E6000493D0100493D0100493D0100493D010036
:103E7000493D0100493D0100E93D0100E93D0100E6
:103E8000493D0100493D0100493D0100493D010016
:103E9000493D0100E93D0100493D0100493D010066
:103EA000493D0100493D0100493D0100493D0100F6
:103EB000493D0100493D0100493D0100493D0100E6
:103EC000493D0100493D0100493D0100493D0100D6
:103ED000493D0100493D0100493D0100493D0100C6
:103EE000493D0100493D0100E93D01000E217BE70C
:103EF000112179E7122177E70F2175E7132173E785
:103F0000102171E709F022F8B0D9012000B54FF077
:103F1000FF320F4B83B01B6801934FF000030D4B32
:103F20001A609A611A639A641A669A67C3F89020B5
:103F3000C3F8A820064B1A68019B5A404FF00003B3
:103F400003D1002003B05DF804FB08F0FFFF00BFC1
:103F5000B0D9012090ED002000B5094B83B01B685B
:103F600001934FF00003064B1A68019B5A404FF033
:103F7000000303D1002003B05DF804FB08F0E6FF66
:103F8000B0D9012070B5184B82B01B6801934FF077
:103F9000000305464FF0FF324FF0FF33134807F0A0
:103FA00049F900221346124C54F82210013112D064
:103FB0000133082B02F10602F6D100260B4807F068
:103FC000C7F9094B1A68019B5A404FF0000309D109
:103FD000304602B070BD03EB430304EBC30644F864
:103FE0003350EBE708F0B2FFB0D9012010CC00202D
:103FF00090ED00202DE9F04300272B4C87B00129DC
:10400000246805944FF0000415460C461E46CDE981
:104010000377DDF83880D0F800901DD1192A3BD005
:104020001146204602AAFFF77FFE00282DDB143D33
:10403000012D20D9334621464846029ACDF800800A
:1040400006F084F8184B1A68059B5A404FF000039D
:1040500027D107B0BDE8F0831146204602AAFFF73A
:1040600063FE002811DBB4F58D7FE3D10C2D08BF72
:104070004FF00408DEE7002EDCD03268B3684FF062
:104080000808039203AE0493D4E7FCF797F86D2376
:1040900003604FF0FF30D5E7FCF790F85F23036033
:1040A000F7E708F053FF00BFB0D901202DE9F04138
:1040B000304C88B0246807944FF00004082415465B
:1040C000D0F80080039400200C46002102AACDE91C
:1040D0000401294620461E460E9FFFF725FE0028B4
:1040E0003DDB012C029A10D0334621464046009712
:1040F00006F006F9E8B11F4B1A68079B5A404FF0CB
:10410000000334D108B0BDE8F081A5F11403012B00
:1041100011D803AB00932146404604AB06F0F0F8FB
:104120000028E8D110230499059A70603160B260CC
:104130003B600020DFE7214640463346009706F00B
:10414000DFF80028D7D1042DF3D130680028F0D053
:10415000FFF7F2FBFCF732F803683360E9E7FCF79E
:104160002DF86D2203464FF0FF301A60C3E708F0C8
:10417000EDFE00BFB0D901202DE9F043384C8BB0E3
:10418000246809944FF00004DDE912780446406881
:10419000894615461E4608B107F0DAF82A46334626
:1041A000494600252068A7B3B8F1000F31D0162684
:1041B000CDE90455CDE90265CDE90655ADF82050AD
:1041C00003AD009502AD01950BF08FFD051E25DBBB
:1041D000BDF80C30012B34D0022B1FD1029A162AC5
:1041E0001CD1BC464FF0180EBDF80E209DF8209053
:1041F0007A8004AE2CF8043B0FCE7860CCF8041023
:10420000CCF80820CCF80C3087F81490C8F800E0FF
:1042100004E0CDE900550BF068FD0546606828B163
:104220004FF0FF324FF0FF3307F004F80C4B1A68E1
:10423000099B5A404FF000030FD128460BB0BDE850
:10424000F083029A082AE9D13B80BDF80E307B80CA
:10425000049B7B60C8F80020E0E708F077FE00BF11
:10426000B0D9012000B50A4B83B01B6801934FF011
:104270000003074B1A68019B5A404FF0000305D119
:10428000006803B05DF804EB0BF028BB08F05EFE9D
:10429000B0D9012010B5264B8AB01B6809934FF0A6
:1042A00000030B888C46012B046830D0022B0CD005
:1042B0001F4B1868099B58404FF0000335D120462A
:1042C0000AB0BDE810400BF021BABCF802204868E3
:1042D000ADF80C308968DCF81030ADF80E20DCF851
:1042E0000C200DF1100EAEE80F009CF814301622D1
:1042F000204603A98DF820300BF008FA0C4B1A6801
:10430000099B5A404FF000030FD10AB010BDDCF8F2
:10431000042049880292ADF806100822204601A91F
:10432000ADF804300BF0F2F9E8E708F00FFE00BF3B
:10433000B0D90120002330B5174A83B0126801922A
:104340004FF000021A46154C056854F823108D42B0
:104350000DD00132082A03F10603F6D10E4B1A687C
:10436000019B5A404FF0000314D103B030BDB0F9A7
:104370000610094B1868019B58404FF0000309D103
:1043800002EB420204EBC200083003B0BDE830404B
:1043900009F058BD08F0DAFDB0D9012090ED0020F9
:1043A00030B50E4B83B01B6801934FF0000350B142
:1043B000044625462468E86909F0AEFD284609F060
:1043C000ABFD002CF5D1054B1A68019B5A404FF00C
:1043D000000301D103B030BD08F0B8FDB0D9012011
:1043E00000B51549154B83B0096801914FF00001E4
:1043F0001978E1B903461248007878B9581E0228A6
:104400008CBF002101210C4B1A68019B5A404FF0D0
:1044100000030ED1084603B05DF804FBA2F58070DE
:104420000228F0D9A2F58872012AE7D8EBE700212B
:10443000E9E708F08BFD00BFB0D9012032F300207E
:1044400031F3002010B50446114B124982B00968BF
:1044500001914FF000011C6023680F4A0F48DA6198
:10446000FCF750FC23680C33D3E8EF1F41F0080140
:10447000C3E8E21F002AF7D1064B1A68019B5A4095
:104480004FF0000301D102B010BD08F05FFD00BF86
:104490008CED0020B0D90120794601009C1C02005F
:1044A000F0B54E4B89B01B6807934FF00003A1F5A0
:1044B00081730468032B63D8DFE803F0210E0257F1
:1044C0006FF05E04454B1A68079B5A404FF000039B
:1044D0006AD1204609B0F0BD0021546815682368F0
:1044E00014332360CDE9041104AA05A9083009F0AA
:1044F0008FFC059B002B3AD0049BEB8037E0012614
:10450000D2E901511368B3F904308DF81A60ADF89F
:104510001830334B05932B6899422AD000F10807D5
:10452000384609F05BFC3B4600223146286809F01A
:104530004DFB4FF0080C204631463C2205ABCDF830
:1045400000C005F003FE0446B8B92B6814332B6095
:10455000CDE90300384603AA04A909F059FC049BDD
:10456000002B18BF6FF07704ACE71368436000249A
:10457000A8E7FBF723FE0C2303604FF0FF34A1E70D
:10458000032913D0042919D1156835F4804303D0C9
:10459000FBF714FE16230360104BAA131968079B40
:1045A00059404FF0000310D008F0D0FC2046002204
:1045B0000BF0BFFC840304F4804483E7FBF7FEFDAB
:1045C00016234FF0FF3403607CE70421204602F0FD
:1045D000010209B0BDE8F0400BF0ABBCB0D901203E
:1045E0003543010010B5234B8AB01B6809934FF087
:1045F00000030B888C46012B046823D0022B2FD19B
:10460000BCF802204868ADF80C308968DCF810303E
:10461000ADF80E20DCF80C200DF1100EAEE80F0006
:104620009CF814301622204603A98DF820300BF098
:104630000CF9104B1A68099B5A404FF0000317D130
:104640000AB010BDDCF8042049880292ADF80610CB
:104650000822204601A9ADF804300BF0F6F8E8E78F
:10466000FBF7ACFD6A2203464FF0FF301A60E0E72B
:1046700008F06CFCB0D901202DE9F0412A4B82B042
:104680000C1E1B6801934FF000038046164632DB78
:1046900014F080471ED1F5F75BFC051E33DB214685
:1046A000324640460AF0D9FF041E29DBFFF76AFCB8
:1046B000014658B33B4628461C4AF5F79BFC1A4B6B
:1046C0001A68019B5A404FF000032BD1284602B0D4
:1046D000BDE8F08108F090F80123154F3B70324699
:1046E000404624F04041FCF751F800233B7005465A
:1046F00008F0AAF8E3E708F07FF80E4F0123EDE792
:104700002846F5F7AFFC4FF0FF35D8E7FBF756FD2D
:104710000C22034620461A6005F0E4FC2846F5F713
:10472000A1FCF0E708F012FCB0D90120A41C0200A3
:1047300031F3002032F300202DE9F0430546354CDB
:1047400040688DB024680B944FF000040E46174665
:104750009846149CD5F8009008B106F0F9FD94B382
:104760002388012B39D0022B4AD1ADF814301623FF
:104770000193B4F802C06068A168E2682369ADF8EB
:1047800016C094F814C006AC0FC405AC00944346A0
:104790003A46314648468DF828C00BF066F9044683
:1047A000686828B14FF0FF324FF0FF3306F042FD4A
:1047B000184B1A680B9B5A404FF0000327D1204634
:1047C0000DB0BDE8F083CDE9004443463A4631469A
:1047D00048460BF04AF90446E2E7314608260196BE
:1047E00066886468ADF80C30049403AC00944346CA
:1047F0003A464846ADF80E600BF037F90446CFE76D
:10480000FBF7DCFC6A234FF0FF340360C8E708F0D5
:104810009DFB00BFB0D901202DE9F04F4C4B85B076
:104820001B6803934FF00003002900F08880CD68D7
:1048300080460E469146002D40D0886800220346EF
:1048400000EBC50459680833A3420A44FAD1802A10
:1048500034D90027BA4600EBCA035A684FEACA0B9C
:104860007AB90AF1010A5545F5D83C46384B1A6821
:10487000039B5A404FF0000368D1204605B0BDE8C5
:10488000F08F0025294608E0B068254400EB0B03B3
:104890005A682946954227440ED21C683068D6F8DB
:1048A00004C0521ACDE9000C21444B464046FFF7A4
:1048B00043FF041EE8DAD9E7F568D2E74FF0FF338B
:1048C0004FF0FF32234806F0B5FCF3686BB30024C9
:1048D0002746B368DFF880B003EBC40253F8341006
:1048E00052680BEB07000BF039FDB368E2001A4485
:1048F000526801341744F268A242EDD8002F14DD4B
:104900000025BA46D6E900324046CDE900320BEB2D
:1049100005014B465246FFF70FFF041E0ADD2544F2
:10492000BD4203DAA7EB050AECE70024094806F0CC
:104930000FFD9BE7AF42F9DD002CE3D0F6E7FBF774
:104940003DFC16234FF0FF3403608FE708F0FEFABA
:10495000B0D9012060CC00200CED00202DE9F043FF
:10496000454B89B006461B6807934FF000030C4681
:104970001746F5F7EDFA0546002D30686DDB002C83
:1049800045D0002F40D03B686A46082B18BF16233D
:104990000DF10409009349460AF0C9FFB0F100087F
:1049A00058DBFFF7EFFA0646002859D0DCB1D7B143
:1049B000B9F80030012B2DD0022B34D11822A44697
:1049C0003A60BDF806209DF818E0628002AF2CF82E
:1049D000043B0FCF6060CCF80410CCF80820CCF872
:1049E0000C3084F814E0002331462846234AF5F7BA
:1049F00001FB214B1A68079B5A404FF0000338D146
:104A0000284609B0BDE8F0833A46B946C3E72246D6
:104A1000A146C0E708223A60BDF806202380029B29
:104A200062806360DFE7FBF7C9FB862203464046EE
:104A30001A6005F057FB4FF0FF324FF0FF3310487C
:104A400006F0F8FB4FF0FF320023C6E900230C48C4
:104A500006F07EFC2846F5F705FB4FF0FF35C8E76A
:104A6000FBF7ACFB0C22034640461A6005F03AFB0C
:104A7000F0E708F06BFA00BFB0D90120A41C0200D7
:104A800010CC002030B5134B83B0054600681B687E
:104A900001934FF0000305F025FB044648B10D4B90
:104AA0001A68019B5A404FF0000311D1204603B011
:104AB00030BD4FF0FF324FF0FF33074806F0BAFB2E
:104AC0004FF0FF33C5E90034034806F041FCE6E748
:104AD00008F03CFAB0D9012010CC00202DE9F04FAD
:104AE00000271446574A8BB0126809924FF0000213
:104AF00005460E462022394601A8984600970BF03D
:104B00003AFC5CB1A3680293E368039323690493BE
:104B100063680193236A03B1079301AC22463146CF
:104B200028466B4605F024F8074600284BD1009D27
:104B3000C8F80000002D43D0044606464FF018097F
:104B4000542009F00FFAA2460446002874D00660EB
:104B500006622B684360AB68C3606A688260EA687B
:104B60000261D5F804B0BBF1010F3AD0BBF1020FDE
:104B700046D1182009F0F6F9E061002859D0024624
:104B8000C4F818906B695988418022F804BBD3F8A7
:104B900004B0D3F808E0D3F80CC01969C0F804B029
:104BA000C2F804E0C2F808C0D1601B7D0375BAF1F9
:104BB000000F13D0CAF80040ED69002DC0D1009D50
:104BC00028460AF02CFD1F4B1A68099B5A404FF0EB
:104BD000000334D138460BB0BDE8F08FC8F8004070
:104BE000EAE7082009F0BEF9E06110B30823A361E9
:104BF0006B695A88A0F800B042805B684360D6E7D2
:104C000009F08AF96FF00507D8F800404CB1254645
:104C10002468E86909F080F9284609F07DF9002C3C
:104C2000F5D10023009DC8F8003028460AF0F7FCB3
:104C3000C9E7204609F070F96FF00907E4E708F0CA
:104C400085F900BFB0D9012070B5154B0446406806
:104C500084B01B6803934FF000030D46164608B15D
:104C600006F076FB0023206829463246CDE9003362
:104C70000BF03BF86168044631B14FF0FF324FF062
:104C8000FF33084606F0D6FA054B1A68039B5A40D4
:104C90004FF0000302D1204604B070BD08F056F971
:104CA000B0D90120F0B50446154B406885B01B68AB
:104CB00003934FF000030D461646276808B106F02F
:104CC00047FB0023294632463846CDE900330AF037
:104CD000CCFE6168044631B14FF0FF324FF0FF3334
:104CE000084606F0A7FA064B1A68039B5A404FF095
:104CF000000302D1204605B0F0BD08F027F900BF3F
:104D0000B0D901202DE9F041244B84B01B680393F6
:104D10004FF0000300244FF0010806460F46204DD7
:104D200026FA04F3DA0721D427FA04F3DB070CD5BB
:104D300028682B79026908FA03F1136819421DD01B
:104D40008368DB6898470346F3B90134042C05F106
:104D50000805E5D10023114A1168039A51404FF02C
:104D6000000219D1184604B0BDE8F0812B792868FB
:104D700008FA03F103691B681942E1D083681B69D3
:104D800098470346002BE0D001930121054A0648CD
:104D9000F8F7E0FF019BDEE708F0D8F8B0D9012072
:104DA0001C1D0200E81C02000C0C02002DE9F04161
:104DB000224B82B01B6801934FF0000300210126B3
:104DC0001F4C04F12008B4F806E020684EF40032CD
:104DD000056906FA01F32F681EF0010FD0F808C02C
:104DE00014BF3B4327EA03032B60DCF800309847ED
:104DF000054688B90834A04501D02179E3E70F4B77
:104E00001A68019B5A404FF0000315D10F2102B0E0
:104E1000BDE8F041FFF776BF0A4A01210A48F8F7DA
:104E200099FF064B1A68019B5A404FF0000303D1CB
:104E3000284602B0BDE8F08108F088F8B0D901201A
:104E40001C1D0200001D02000C0C020000B50F4BDF
:104E500083B00F481B6801934FF0000304F08AFCF5
:104E600050B90A4B1A68019B5A404FF000030AD10F
:104E7000002003B05DF804FB01210346054A064803
:104E8000F8F79CFFEDE708F061F800BFB0D901200A
:104E90009D4E0100501D0200EC0B02002DE9F04375
:104EA00083B0304C304E314B00AFB4421B687B6056
:104EB0004FF0000334D280464FF0000905E0404631
:104EC000636898470C34B44210D2257AEA07F9D4C3
:104ED000216821B140460BF010FB0028F2D0AB074F
:104EE000EDD40C34B4424FF00109EED3B9F1000F08
:104EF00016D04046F3F79CF90146002200231C48D7
:104F0000053106F0D7F80446A8B1414604300BF04D
:104F1000BBFA1848214606F0EDFA174806F0ACFD3A
:104F2000124B1A687B685A404FF0000318D10C37B7
:104F3000BD46BDE8F0836D4688B06B464FF4007007
:104F40001A460E499883C3E905180D4942F8101F07
:104F50004FF4E45123460B48F8F7A0FFAD46DFE7D6
:104F600007F0F4FF50CB002080CB0020B0D9012007
:104F7000E8CB0020B8CC0020A8C90020801D02008A
:104F800003000001EC0B02002DE9F0431B4B83B042
:104F90001B6801934FF00003DFF86480DFF8649032
:104FA000194D00220023404606F0C0FA0646C8B15B
:104FB000A94512D2134C371D237ADA070AD49B076E
:104FC00008D4216819B138460BF097FA10B1384669
:104FD000636898470C34AC42EED331460B4806F078
:104FE00087F8DEE7054B1A68019B5A404FF0000333
:104FF00002D103B0BDE8F08307F0A8FFB0D90120CB
:10500000B8CC002050CB002080CB0020E8CB002083
:1050100000232DE9F04F624A87B0126805924FF0E5
:105020000002027B05460E4647680493002A7BD1A6
:10503000D0F8089097F80080B9F1000F38D097F8B1
:105040000080B8F1000F27D0B8F10D0F7FD0B8F174
:105050000A0F36D03A46137814460D2B02F101029E
:10506000F9D00A2BF7D0DFF83CA104220AF1100B8B
:1050700020465AF8041B0BF00FFA68B1D34524D030
:10508000DAF80000F3F7D4F85AF8041B0246204679
:105090000BF002FA0028F1D16FF00400404B1A68BF
:1050A000059B5A404FF0000378D107B0BDE8F08F60
:1050B000B8F10D0F57D0B8F1000FEDD0B8F10A0FCD
:1050C000C8D17B78002BE7D0C4E7B8F10D0F25D00D
:1050D000B8F10A0F22D06C460DF11008394642464D
:1050E0002046B9F1000F2BD000F0D8FA94E8070061
:1050F00086E80700337A002B3ED0053B032B049A49
:1051000018D81378717A0D2B43D8274840FA03F347
:10511000DB073ED4012908BF29730BE07B78002B05
:10512000D9D06FF00A00B9E70822C1E900730A81FB
:1051300042680373AB6800200133C5E90123ADE782
:1051400000F0DAF994E8070086E80700D2E77B78F8
:10515000002BA1D00A2B7FF47DAFBB78002B9BD016
:105160004FF00D0876E77B780A2BABD1BB78002B8C
:10517000F3D00237476062E742462046696800F094
:10518000A1FB94E8070086E80700337A002BB4D12E
:1051900001E00029CED16FF04C007FE707F0D6FE8A
:1051A000B0D90120E01D0200FEDBFFFF2DE9F04138
:1051B0004A4C84B0246803944FF000040024CDE9E5
:1051C00000440294002A7AD00546002877D017467A
:1051D0000268002A6DD098464368002B69D00E46BD
:1051E0003F4B0169994264D18368013B9E4298BF5D
:1051F000C0E9012400E030BB69462846FFF708FFFC
:10520000AB68044603F1FF3C6645F4D8D8B99DF875
:105210000830052B50D1FAF7D1FFB8F1050F009BEC
:1052200004601BD11A782D2A39D018460A2221464B
:1052300009F054FB06460D46FAF7C0FF0368222B1F
:105240002DD0C7E90065254B1A68039B5A404FF0E3
:10525000000337D1204604B0BDE8F0810A22184689
:10526000214609F019FA08F1FF3805460E46B8F153
:10527000030F29D8DFE808F0160D0A02FAF79EFF9F
:105280000368222B0BD0C7E90056DCE739B93D6033
:10529000D9E710F1004341F10006002EF7D06FF07E
:1052A0002104D0E7B0F5803F76F10001F7D23D80D0
:1052B000C9E74FF0FF34C6E76FF05E04C3E76FF055
:1052C0001504C0E707F042FE10F5004341F100016C
:1052D000B3F5803F71F10001E9D3E0E7B0D90120D7
:1052E000EEFFC0002DE9F043354C85B024680394EF
:1052F0004FF0000400249DF83080CDE90044029472
:10530000002A54D01F46002B51D0814600284ED091
:1053100016460268002A47D04368002B44D00D4649
:10532000036928498B423FD18368013B9D4298BF66
:10533000C0E9012400E030BB69464846FFF768FE3B
:10534000D9F80830044603F1FF3C6545F3D8D0B9DD
:105350009DF80830013BDBB2082B22D840F26F12D7
:1053600022FA03F3DB071CD5019DB8F1000F15D11C
:105370003A686B1C9A421DD32A46304600990AF0BF
:10538000EDFF74553D600E4B1A68039B5A404FF079
:10539000000312D1204605B0BDE8F083009B3360C6
:1053A000F0E76FF05E04EEE74FF0FF34EBE76FF0ED
:1053B0001504E8E76FF00B04E5E707F0C7FD00BF51
:1053C000B0D90120EEFFC00000B5104B83B01B68C0
:1053D00001934FF0000398B191B1034600220C48AD
:1053E00019601861104659609A60DA60074B1A68B4
:1053F000019B5A404FF0000305D103B05DF804FB58
:105400006FF01500F2E707F0A1FD00BFB0D9012051
:10541000EEFFC000002330B51A4A85B0126803922F
:105420004FF00002CDE90033029331B3044620B3BC
:105430000368FBB14368EBB1134B02690D469A4216
:1054400018D169462046FFF7E3FD0028F9D0A3688C
:105450002B60431D0CD010F10B0F08BF0020094B2F
:105460001A68039B5A404FF0000309D105B030BDC4
:105470000020F4E74FF0FF30F1E76FF01500EEE7A2
:1054800007F064FDB0D90120EEFFC00000B50B4B62
:1054900083B01B6801934FF00003084BD3F800C0A2
:1054A000019B93EA0C0C4FF0000305D1022303B0DB
:1054B0005DF804EBFFF77ABE07F048FDB0D9012094
:1054C00010B50024DFF82CC084B0DCF800C0CDF8A3
:1054D0000CC04FF0000C0094FFF704FF054B1A6856
:1054E000039B5A404FF0000301D104B010BD07F0F8
:1054F0002DFD00BFB0D9012010B5674B82B01B68ED
:1055000001934FF000030B78412B16D8222B1BD9A7
:10551000233B1E2B18D8DFE803F025172517171794
:1055200017172517171717171717171717171717FD
:1055300017171717171717171200612B04D14B787D
:1055400003F0DF03542B28D00023C0E9003383602D
:10555000514B1A68019B5A404FF0000340F099806C
:1055600002B010BD4B785A2B13D8402B02D8303BD9
:10557000092BE9D801F1010C9CF801300CF1010E66
:105580003A2B28D022D95A2B1BD8402BDCD9F446F1
:10559000F2E7613B192BD7D8ECE78B788C1C233BC7
:1055A000DBB2082B05D840F2051C2CFA03F3DB070D
:1055B0001CD4022302B114600322C0E900138260EC
:1055C000C6E7613B192BBFD8F446D5E7303B092B22
:1055D000BAD8F446D0E70CF1020302B113600422FA
:1055E0005B1A013BC0E900138260B1E7CB785A2B0C
:1055F00029D8402B02D8303B092BDAD801F1030C13
:105600009CF801300CF101045A2B20D82F2B23D900
:10561000303B2A2B20D8DFE803F01D1D1D1D1D1D6A
:105620001D1D1D1D1F1F1F271F211F1D1D1D1D1D92
:105630001D1D1D1D1D1D1D1D1D1D1D1D1D1D1D1D9A
:105640001D1D1D1D1D00613B192BB2D8D6E7613B06
:10565000192B01D8A446D3E7631AABE70CF1020378
:1056600002B113600222BBE79CF802303F2B05D049
:105670000CF1020302B113600322B1E70CF1030342
:1056800002B1136001225B1A023BC0E90013826081
:105690005EE707F05BFC00BFB0D9012030B5884B56
:1056A00083B01B6801934FF000030B78203B192B4C
:1056B00037D8DFE803F083362A36363636365F369B
:1056C0003644554436364B0D0D0D0D0D0D0D0D0D9B
:1056D0000B461C4613F801CFBCF12C0F00F0AF8035
:1056E000ACF1300CBCF1090FF3D994F800C05C1A8E
:1056F00002B11360ACF12C03B3FA83F305225B090A
:10570000C0E90014027243720FE04B78013143B1DB
:10571000222B00F099800B4613F8014F002C40F02B
:1057200087800023C0E900338360654B1A68019BC2
:105730005A404FF0000340F0C08003B030BD4B78BA
:10574000313B082BEDD84B1CC3E719464C784B1C5A
:105750002C2C00F0AE80012491F800C0C8E7194657
:105760000AB14B1C136000224FF48473C0E900128D
:105770000381DAE74B78002BD3D0283B012BD0D91B
:105780004D1C6C78282CCCD0292C40F08F80AB7825
:1057900005F1020C2C2B00F08E802346654602B1E9
:1057A0001560A3F12C03B3FA83F307245B09ACEB78
:1057B0000102C0E9001204724372B6E74C784B1C38
:1057C000223C172CADD801A555F824F0A1580100B2
:1057D00023570100235701002357010023570100DD
:1057E000235701008558010023570100235701006A
:1057F000735801005F5701007358010023570100DF
:10580000235701004B5701002D5801002D5801006E
:105810002D5801002D5801002D5801002D58010070
:105820002D5801002D5801002D580100194650E750
:10583000222C7FF471AF0D465C1A194606E05C1A03
:105840004FF02C0C013353E70D4600244B782C2BE2
:1058500014BF11F8013B023102B11160A3F12C0316
:10586000B3FA83F306225B09C0E900540272437263
:105870005BE78C78313C082C3FF653AF8C1C194603
:10588000234626E78C78292C3FF44BAF282C01F1D6
:1058900002053FF446AF002C3FF443AF194670E7D2
:1058A0008B780231002B7FF433AF3AE70B4601359A
:1058B000F1E70124C4E7033571E707F047FB00BFB8
:1058C000B0D9012030B5294B83B01B6801934FF04C
:1058D00000030B78392B0DD82F2B1FD8202B0DD17F
:1058E0004B785A2B3AD8402B02D8303B092B05D89D
:1058F000013113E05A2B0ED8402B0FD80023C0E9FA
:1059000000338360194B1A68019B5A404FF0000323
:1059100029D103B030BD613B192BEFD80C46144D93
:1059200014F8013F5A2B11D8402BF9D8203BDBB299
:10593000192B03D825FA03F3DB07F1D402B1146065
:105940000923641AC0E900148360DBE75F2BE7D00A
:10595000613B192BE4D9002AF1D1F1E7613B192B06
:10596000CCD80131DAE707F0F1FA00BFB0D9012055
:105970000160FF0300B50A4B83B01B6801934FF031
:10598000000300F09FF9064B1A68019B5A404FF044
:10599000000303D1002003B05DF804FB07F0D6FA42
:1059A000B0D9012000B5124B83B01B6801934FF0B2
:1059B000000358B10E4B1A68019B5A404FF0000388
:1059C00013D103B05DF804EB00F0E0B8084B1A689F
:1059D000019B5A404FF0000307D10321054A0648B6
:1059E00003B05DF804EBF8F7B5B907F0AFFA00BF04
:1059F000B0D90120F01D0200540C020000B50A4B82
:105A000083B01B6801934FF00003074B1A68019B9A
:105A10005A404FF0000304D103B05DF804EB00F0EE
:105A2000DFBA07F093FA00BFB0D9012000B50A4BE6
:105A300083B01B6801934FF00003074B1A68019B6A
:105A40005A404FF0000304D103B05DF804EB00F0BE
:105A50008FBB07F07BFA00BFB0D901202DE9F041E0
:105A6000134F144D144B82B0AF421B6801934FF09B
:105A7000000310D20024013DED1BC6B2ED0807F172
:105A8000040857F8343058F8341030469847AC4280
:105A900004F10104F5D1084B1A68019B5A404FF0FC
:105AA000000302D102B0BDE8F08107F04FFA00BF59
:105AB000542E0200542E0200B0D9012000B50C4B28
:105AC00083B01B6801934FF00003094A1168019AE3
:105AD00051404FF0000208D103460121054A064813
:105AE00003B05DF804EBF8F769B907F02FFA00BFCF
:105AF000B0D901206C1E0200540C020000B51D4BF1
:105B000083B01B6801934FF0000320BB1A4A1B4B64
:105B100011781878FFF78AFF68B9164B1A68019B4D
:105B20005A404FF0000322D10121154803B05DF81F
:105B300004EB03F02BBE0F4A1168019A51404FF05D
:105B4000000214D1034601210E4A0F4803B05DF84C
:105B500004EBF8F733B9074B1A68019B5A404FF032
:105B6000000304D103B05DF804EBFFF7A7BF07F013
:105B7000EDF900BFB0D901204ECB00204FCB002063
:105B8000DC1E0200A41E0200540C020030B51D4BA6
:105B900083B01B6801934FF0000304461A4D4FF089
:105BA000FF334FF0FF32194805F044FB2B6813B95F
:105BB00011E01B687BB15A68A242FAD1134805F084
:105BC000C7FB00200F4B1A68019B5A404FF000039F
:105BD00016D103B030BD082008F0C4F950B100233D
:105BE000446003606B6813B118606860E6E7C5E95C
:105BF0000000E3E7054805F0ABFB6FF06800E1E764
:105C000007F0A4F9B0D9012028E3002038CC002007
:105C100030B51B4B1B4C83B01B6801934FF0000346
:105C2000236823B305464FF0FF334FF0FF32164889
:105C300005F000FB23685BB11C6828465B68984749
:105C400034B12346246828465B689847002CF8D175
:105C50000B4B1A68019B5A404FF0000305D10A48CC
:105C600003B0BDE8304005F073BB07F06FF9044B9B
:105C70001A68019B5A404FF00003F6D103B030BDC3
:105C8000B0D9012028E3002038CC002000B50B4A11
:105C900083B0126801924FF00002094B1868074B5D
:105CA0001A68019B5A404FF0000305D1B0FA80F00A
:105CB000400903B05DF804FB07F048F9B0D90120B2
:105CC00028E3002010B5002486B003A800900D49F9
:105CD0000D480E23006805904FF000004FF48062DD
:105CE00003910A480A49049405F0F8FE064B1A6825
:105CF000059B5A404FF0000301D106B010BD07F0DC
:105D000025F900BFF01E0200B0D9012030E30020C9
:105D1000700701202DE9F041A8B0A44B00AF054663
:105D20003822002107F158001B68C7F89C304FF05B
:105D300000030AF020FB00210A23302207F128008B
:105D4000C7E901310AF017FB4FF0FF33294607F18D
:105D50001400C7E90C33FFF737FB3A46012107F17E
:105D60001400FFF793FB002840F0998007F114001E
:105D700007F108013E78FFF74DFBB04604460028C6
:105D800040F0DA805A2E03D0BB68032B00F2A480C7
:105D90003A46042107F11400FFF778FB80BB3D78F9
:105DA000052107F10C0207F11400FFF76FFB07F163
:105DB00010020446062107F11400FFF767FBFA689A
:105DC00044EA0003134300F0C980012E1AD0052EC7
:105DD00018D0042E1DD95A2E1BD001213346744AE7
:105DE0007448F7F7EBFF714B1A68D7F89C305A40AC
:105DF0004FF0000340F0D780A037BD46BDE8F081EA
:105E00000025CDE73B6B013300F0C2806A4805F006
:105E1000FBFBFFF73BFF03460028E4D1674A1178FC
:105E2000414578D1664B396B9A68914203D17A6BC0
:105E3000DB689A4221D0042307F12804A646DFF844
:105E400080C187F858300FCCACE80F000FCCACE81D
:105E50000F0094E80F0007F160068CE80F00BEE821
:105E60000F000FC6BEE80F000FC694E80F0086E8CB
:105E70000F0007F15800FFF7CBFE524B1A78AA42E9
:105E8000B1D0092D04D840F28122EA40D2075AD479
:105E900001212B464C4A4748F7F790FFA3E70446F9
:105EA00001210346494A4348F7F788FF6E468AB006
:105EB0006B4640F201301A464549DD61C3E90514DD
:105EC0004449188442F8101F00234FF411513948F7
:105ED000F7F7E4FFB54686E702213B1D07F1900284
:105EE00007F11400FFF7ECFA002854D00A2203212E
:105EF0007A603B1D07F1900207F11400FFF7E0FA0A
:105F000000287FF445AF0146102207F1900008F009
:105F10003FFC38633CE707F1580082F8008087F8BF
:105F2000583087F86080FFF773FE254B396B9A680D
:105F300091423FF47CAF7EE701210346264A1D488B
:105F4000F7F73CFFB2E7052207F158001D7087F80C
:105F5000605087F85820FFF75BFE44E76C46D7E9AE
:105F60000C028AB06946D7F810C0C1E906C0C1E981
:105F7000082506200A46DFF864C0C1F814C042F8BC
:105F8000100F4FF442510B48F7F788FFA5461CE766
:105F90004FF004083DE70146102207F1900008F099
:105FA000F7FB7863A2E706F0D1FF00BFB0D901206C
:105FB000F81F0200540C020088CC002033F30020AC
:105FC00008E4002034F3002020200200F81E020024
:105FD000CC1F020004000001281F0200781F0200ED
:105FE000002310B5184A84B0126803924FF00002E3
:105FF0000293D0B104461549154802AB0DF10602D3
:1060000003F028FC002813DD029B002001330CBFA5
:1060100004239DF8063023700B4B1A68039B5A40EB
:106020004FF000030DD104B010BD6FF01500F3E781
:1060300001210346074A0848F7F7C0FE6FF00D003C
:10604000EAE706F083FF00BFB0D901203820020044
:1060500058200200F81E0200540C020010B504463D
:1060600096B0204B3822002106A81B6815934FF0EC
:1060700000030AF080F9214601A8FFF7A5F90121E4
:106080006A4601A8FFF702FAE0B9009B83B9032230
:1060900006A88DF820308DF81820FFF7B9FD114BB8
:1060A0001A68159B5A404FF0000319D116B010BD65
:1060B000012BECD001210C4A0C48F7F77FFE6FF062
:1060C000150406E0044601210346094A0748F7F78C
:1060D00075FE01212346074A0448F7F76FFEDEE705
:1060E00006F034FFB0D9012098200200540C0200C1
:1060F0006C200200B4200200002170B5184B90B053
:106100000646382268461B680F934FF000030C4682
:106110000AF031F9134D0836314655F8040BF2F701
:106120007DF890B101340A2CF6D16FF03C030121C7
:106130000D4A0E48F7F742FE094B1A680F9B5A406A
:106140004FF000030AD110B070BD0B2368468DF8E4
:1061500008408DF80030FFF75BFDEDE706F0F6FE36
:10616000B0D90120D4210200E4200200540C020026
:1061700030B51F4B83B01B6801934FF00003431EE3
:10618000062B044621D804290D4615D8194A1A4B66
:10619000525C53F82010194803F0F8FAE0B9184A95
:1061A000184B14701D70124B1A68019B5A404FF027
:1061B00000031AD103B030BD01212B46124A134807
:1061C000F7F7FCFD6FF01500EDE701210346104ADB
:1061D0000E48F7F7F3FDF5E7012103460D4A0B489A
:1061E000F7F7ECFD6FF00D00DDE706F0AFFE00BF46
:1061F000B0D9012088220200C822020048220200F1
:106200004FCB00204ECB002020220200540C020075
:10621000FC2102006022020000B50A4B83B01B681B
:1062200001934FF0000300F09BF8064B1A68019BA6
:106230005A404FF0000303D1002003B05DF804FB87
:1062400006F084FEB0D9012000B50A4B83B01B686C
:1062500001934FF00003074B1A68019B5A404FF01F
:10626000000304D103B05DF804EB00F0A5B806F01C
:106270006DFE00BFB0D9012000B5174B83B01B687D
:1062800001934FF00003037823B9037A03F0FB0373
:10629000012B09D0104B1A68019B5A404FF00003A4
:1062A00017D103B05DF804FBFFF7CEFF0028F1D152
:1062B000094B1A68019B5A404FF0000309D14FF473
:1062C000004200230549064803B05DF804EB05F0E1
:1062D00055BC06F03BFE00BFB0D9012030C90020FC
:1062E00040E4002000B5194983B0002209680191FB
:1062F0004FF00001164BD3E8EF1FC3E8E02F002852
:10630000F9D10121134BD3E8EF2FC3E8E01F002898
:10631000F9D10E4B7AB91A68019B5A404FF000032D
:1063200012D14FF0E15200230B490C4803B05DF845
:1063300004EB05F023BC1A68019B5A404FF00003A0
:1063400002D103B05DF804FB06F000FEB0D90120D5
:1063500054EE002058EE002030C9002040E4002018
:1063600010B5002486B003A800900E490E480E23F5
:10637000006805904FF000004FF4A0620B480391B5
:106380000B49049405F0AAFB0A48FFF70BFB064BE8
:106390001A68059B5A404FF0000301D106B010BDAA
:1063A00006F0D4FDF4220200B0D9012040E4002020
:1063B000700B01207962010000B50C4B83B01B68A3
:1063C00001934FF000030A4AD2E900321343074B0E
:1063D00014BF012000201A68019B5A404FF00003AF
:1063E00002D103B05DF804FB06F0B0FDB0D9012086
:1063F00038E4002070B5204B204C82B01B6801931C
:106400004FF00003D4E9003213432FD006F074FF9D
:10641000D4E900654A014FEA401CBCEB000C42EA9B
:10642000D06262EB01024FEA8C0392001B1842EA31
:106430009C7241EB0201C90041EA5371C3F310336E
:1064400043EA41430E4C9B1B4FEAD13161EB0501FE
:10645000A34271F1000109DA0020074B1A68019B81
:106460005A404FF0000304D102B070BD6FF03C0001
:10647000F3E706F06BFD00BFB0D9012038E400203F
:1064800080EE36002DE9F0434FF0000915463D4AF5
:106490008FB012680D924FF00002804624220F4602
:1064A00004A849461E46CDE90099CDE9029909F0B4
:1064B00062FF06F021FF8C4644014901241A324B49
:1064C00041EAD06161EB0C011E608900A3001B183A
:1064D00041EA94714CEB010C4FEACC0C4CEA537C32
:1064E0002A4AC3F3103343EA4C434FEADC341360C7
:1064F0005460FFF7F7FE264BD3E8EF2FC3E8E19F88
:106500000029F9D1404639464FF47A720023F1F759
:106510001BFE204BCDE9000103FB02F2694601207E
:106520000292F1F7DDFFE0B9684604A9F9F75EFED3
:1065300085B9194B1D70194B1B680BB1164898474C
:10654000104B1A680D9B5A404FF0000317D10FB043
:10655000BDE8F083314604A800F036FBFF2DEAD0F9
:10656000E7E70F4A034601210E48F7F727FC03220D
:106570000A4B09481B680270002BE0D1E0E706F0E7
:10658000E5FC00BFB0D90120B8C9002038E40020E4
:1065900054EE002040420F0050EE00205CEE002040
:1065A00008230200040C0200F0B54D4B4D4C89B09D
:1065B0001B6807934FF00003D4E90032134345D022
:1065C00006F09AFED4E900654A014FEA401CBCEB94
:1065D000000C42EAD06262EB01024FEA8C039200A7
:1065E0001B1842EA9C7241EB0201C90041EA537157
:1065F000C3F3103343EA41433B4C9B1B4FEAD13179
:1066000061EB0501A34271F100011FDAFFF76AFE99
:10661000364B1B688BB1324A1168079A51404FF0D4
:1066200000025AD1324809B0BDE8F040184702468E
:10663000DDE90201019BFFF725FF294B1A68079B43
:106640005A404FF0000348D109B0F0BD0023294C57
:10665000D4E8EF2FC4E8E13F0029F9D163230026F5
:10666000002701A902A8CDE90267019300F044FACE
:106670000028DCD004A8CDE9046700F045F808B391
:106680001D4BD3E8EF2F511CC3E8E01F0028F8D1C1
:10669000002A1FDA0122D4E8EF3FC4E8E12F0029E5
:1066A000F9D133B94FF4F01200231449144805F01E
:1066B00065FA03220D4B0E481B680270002BBCD0FC
:1066C0009847BAE70F4B0122DDE904011B68FFF789
:1066D000D9FEB2E7FFF706FEEBE706F037FC00BF96
:1066E000B0D9012038E4002080EE36005CEE0020B6
:1066F00050EE002058EE002054EE002030C900205B
:1067000040E40020B8C900202DE9F043464BA1B079
:10671000044601A81B681F934FF00003FFF76EF9B2
:10672000002866D19DF8043003F0FB03012B0CD048
:106730006FF03C063C4B1A681F9B5A404FF0000319
:106740006FD1304621B0BDE8F083384DDFF8E080EE
:10675000DFF8E09005F10807542200210AA855F857
:10676000046B09F008FE4FF4806330460B934146FA
:1067700001AB0AAAF9F7B4FF68BB019B02A8D3E9F1
:106780000621F8F76BF800283AD141F28831294AFE
:1067900002A8F8F7A5F8064600283ED10198F9F7B7
:1067A000BDFF02A8F8F784F9D9E9000359014201B5
:1067B000121A41EAD06161EB0301890041EA92714A
:1067C0009200121843EB0103DB0043EA5273D2003C
:1067D000C4E90023AEE702210346174A1748F7F73A
:1067E000EDFAAF42B8D10221154A1448F7F7B2FAD0
:1067F0009EE702210346134A1048F7F7DFFA97E7AE
:1068000002210346104A0D48F7F7D8FA0198F9F724
:1068100085FF02A8F8F74CF9E3E7022103460B4A8B
:10682000F1E706F093FB00BFB0D90120F42302008A
:106830006423020018E5002068230200040C020013
:10684000B0230200282302008023020098230200C4
:10685000F0B58DB00122724B724900AF0968F96240
:106860004FF0000104461A70FFF7C4FD00B32C215D
:10687000204609F0FCFD054668B3F1F7D9FC102865
:1068800021D96B78222B3BD06D4688B06B464FF4F4
:1068900000701A46644E65499C615E61988342F8B7
:1068A000101F00234FF4E2516148F7F7F7FAAD46A5
:1068B0005C4B1A68FB6A5A404FF0000340F0AD8011
:1068C0003437BD46F0BD6D4688B06B464FF400705E
:1068D0001A46584EDFE76E4688B06B464FF400709C
:1068E0001A4655499883C3E90514504942F8101FC8
:1068F0004FF4E2512B464E48F7F7D0FAB546D7E7AA
:1069000007230E2107F12402A81CF5F7E5F8062855
:106910006DD997F829C097F828400CF00F0606EBC0
:10692000860E4FEA1C1606EB4E06F6B23E6004F0E9
:106930000F0606EB8606240997F8270004EB4604A9
:1069400097F82630E4B297F824107C6000F00F042A
:1069500004EB8406040903F00F0097F82A5001F0B5
:106960000F0204EB460400EB8006180902EB8202DA
:1069700000EB4600090901EB420105F0070397F817
:106980002520E4B2C0B2C7E9024003EB83032C091F
:1069900004EB430402F00F0303EB8303120902EB41
:1069A0004302C9B2D2B22B0702F1FF32384601F1DD
:1069B000640148BF6442C7E90421F5F709F9234699
:1069C00046014C01361A44EAD06464EB0104B50078
:1069D0002D184FEA840040EA967041EB0001C9008F
:1069E0000022E80041EA5571FFF74CFD60E76D4673
:1069F0008AB06B4640F201361A461049DC61C3E9A1
:106A000005100F491E8442F8101F00234FF4115146
:106A10000748F7F743FAAD464AE706F097FA00BF92
:106A200035F30020B0D901205024020003000001FA
:106A3000040C02002C240200FC2302008824020023
:106A40000400000100B5134B83B013481B68019389
:106A50004FF0000302F09AFE48B90E4B1A68019BF2
:106A60005A404FF0000312D103B05DF804FB094A0D
:106A70001168019A51404FF0000208D103460121EC
:106A8000064A074803B05DF804EBF7F797B906F03C
:106A90005DFA00BFB0D90120CC240200D824020046
:106AA000040C020000B5114B83B001281B68019350
:106AB0004FF000030D4B0AD0152808D01A68019B2F
:106AC0005A404FF000030FD103B05DF804FB1A6881
:106AD000019B5A404FF0000306D10549054803B019
:106AE0005DF804EB04F098BF06F030FAB0D901204D
:106AF000BCC9002040E40020632270B52C4B2D4C13
:106B00001B7892B0246811944FF000040792002B78
:106B100048D007AA09AB08AECDE9036202930AAADE
:106B20000BABCDE9003204460CAB0D46224823499D
:106B30000DAA02F08FFE831F012B2DD8DDE90C3248
:106B400030466432013BCDE90C32F5F741F84FF0A5
:106B5000000E46014B01361A43EAD06363EB010392
:106B60004FEA860C9B001CEB000C43EA967341EB4A
:106B70000303DB0043EA5C73079A63604FEACC03CC
:106B800023602A600B4B1A68119B5A404FF0000398
:106B90000BD1704612B070BD02210346084A094865
:106BA000F7F70CF96FF03C0EECE706F0CFF900BFF9
:106BB00035F30020B0D90120302502001425020051
:106BC0003C250200040C020000B51F4B1F4A1B7835
:106BD00087B0126805924FF000024BB11B4B1A6848
:106BE000059B5A404FF000032CD107B05DF804FB21
:106BF0004FF0640E03914169154B026983FB013C20
:106C00000368013202934368019383680093C36869
:106C1000C817C0EB6C100EFB10110E4802F0B6FD49
:106C20000028DBD0094B1A68059B5A404FF000033F
:106C300008D103460121084A084807B05DF804EB73
:106C4000F7F7BCB806F082F935F30020B0D901207F
:106C50001F85EB51D025020000260200040C020023
:106C600000B5134B83B0014612481B6801934FF0E7
:106C7000000302F08BFD48B90D4B1A68019B5A4086
:106C80004FF0000312D103B05DF804FB084A11680D
:106C9000019A51404FF0000208D103460121064AF3
:106CA000064803B05DF804EBF7F788B806F04EF934
:106CB000B0D9012084240200282602005C0C0200C6
:106CC00000B50F4B83B01B6801934FF000030C4BD2
:106CD00040B11A68019B5A404FF000030ED103B037
:106CE0005DF804FB1A68019B5A404FF0000305D180
:106CF000044803B05DF804EBFFF7B2BF06F026F9D5
:106D0000B0D901205026020010B50F4B82B00F49B8
:106D10000F481B6801934FF0000300F0A3F90446ED
:106D200048B9094B1A68019B5A404FF0000309D13A
:106D3000204602B010BD01210346064A0648F7F777
:106D40003DF8EEE706F002F9B0D90120017001002C
:106D500060EE002078260200840C02002DE9F0414C
:106D600082B0DFF828828A4BD8F8704000AF072C39
:106D70001B687B604FF000030D4600F0080676D0DC
:106D8000132C5ED0052C3BD0824B834AE8468AB058
:106D90000F2CC8BF1A466B464FF400719A611A4611
:106DA0007E48103CDC61586119847D4B42F8103FED
:106DB00000234FF411517B48F7F770F80024C546C3
:106DC000EB69A6B9C3F3080240F2FF11AAB1294644
:106DD0002046F7F7DDFE6E4B1A687B685A404FF08D
:106DE000000340F0D0800837BD46BDE8F08123F4B1
:106DF000FF7323F00103EB61E9E70B43EB61E6E787
:106E0000D8F854800121684A6648F6F7A3FF18F4C1
:106E1000805F5AD1162418F4006F7DD118F4007FDA
:106E20006ED118F4806F64D118F4807F5AD118F4B1
:106E3000005FC5D001215D4A5A48F6F78BFF1C243C
:106E4000BEE7D8F86C800121594A5648F6F782FF10
:106E500018F0020F40D118F0010F30D118F0040FD4
:106E6000AED00121534A4F48F6F774FFA8E7D8F88F
:106E70005C404C480121504AF6F76CFF600616D47E
:106E8000E1070DD4A2074ED463075AD4200765D476
:106E9000E1064FD4A20668D423066DD425248FE7DB
:106EA0000121464A3F48F6F755FF262488E7D8F8DF
:106EB00068300121424A3B48F6F780FFE0E70121B4
:106EC000404A3848F6F746FFC8E701213E4A3548B0
:106ED000F6F740FF17249EE701213C4A3148F6F7B8
:106EE00039FFB8E701213A4A2E48F6F733FF1B2451
:106EF00066E70121374A2B48F6F72CFF1A2493E75F
:106F00000121354A2748F6F725FF344B18F4004F86
:106F10009B6B1DD1192484E70121314A2148F6F7E2
:106F200019FF18247AE701212E4A1E48F6F712FFAE
:106F3000272445E701212C4A1A48F6F70BFF2A249B
:106F40003EE70121294A1748F6F704FF282437E7CE
:106F50000121274A1348F6F731FFDBE70121254AD3
:106F60001048F6F7F7FE29242AE70121224A0D48A6
:106F7000F6F7F0FE2B2423E70121204A0948F6F713
:106F8000E9FE2C241CE705F0E1FF00BF60EE0020C5
:106F9000B0D90120C0160200A8160200AC170200EA
:106FA00004000001840C020034150200DC1502000C
:106FB0009C27020018280200B4260200E0260200E6
:106FC000D0260200E82702004C150200B827020074
:106FD000C4150200A81502007415020000ED00E0BF
:106FE00060150200F826020054270200182702004C
:106FF00090150200342702006C2702008827020047
:1070000010B5164B164A8AB0126809924FF000026A
:10701000D3E90E019A6A5C6A0292DA6A06900392D8
:107020001A6B019404925A6B05921A6CD3E91303FC
:107030009B0720F00500CDE9071248BF40F004008F
:1070400001A9FFF78BFE064B1A68099B5A404FF0C7
:10705000000301D10AB010BD05F078FF60EE0020FA
:10706000B0D90120042370B506460C46082588B027
:10707000184905AA096807914FF0000118460192C6
:107080000DEB030103AA0493CDF80CD005960295ED
:10709000069400F083F80228009B10D003280BD040
:1070A00080B14FF0FF300B4B1A68079B5A404FF0EE
:1070B00000030CD108B070BD6FF08500F3E76FF0EE
:1070C0001500F0E7181E18BF01204042EBE705F05D
:1070D0003DFF00BFB0D9012000B5094B83B01B684C
:1070E00001934FF00003064B1A68019B5A404FF082
:1070F000000303D1002003B05DF804FB05F026FF78
:10710000B0D901202DE9F043214CA5B02468239487
:107110004FF000041F4C89462778154604461E464A
:10712000DDF8B080BFB14FF0FF324FF0FF331A48A7
:1071300004F080F830BB01A8F8F7FAF8434632466D
:1071400029464846A047044601A8F8F707F912481F
:1071500004F0FEF80BE001A8F8F7EAF843463246DF
:1071600029464846A047044601A8F8F7F7F8084B17
:107170001A68239B5A404FF0000306D1204625B0E1
:10718000BDE8F0836FF08304F1E705F0DFFE00BF98
:10719000B0D9012041F3002074CC002030B5002389
:1071A000042489B002AD0395144D2D6807954FF066
:1071B0000005CDE9053302900494D9B1D1E900016D
:1071C0000223CDE90501141E18BF0124009240F2EC
:1071D000F53103AA0A48019400F05EF8074B002835
:1071E000B8BF01201A68079B5A404FF0000303D133
:1071F00009B030BD0123E6E705F0A8FEB0D90120B3
:107200000501004000B5094B83B01B6801934FF0A6
:107210000003064B1A68019B5A404FF0000303D14C
:10722000002003B05DF804FB05F090FEB0D901200A
:1072300070B5402698B0164A06AB05460C46126853
:1072400017924FF0000200213246184609F093F8D9
:107250004FF48072CDE90206CDE90454ADF8402028
:107260004CB920460A4B1A68179B5A404FF000034E
:107270000BD118B070BD012304AA0092002102AA0C
:107280000193044800F008F8ECE705F05FFE00BF4A
:10729000B0D901200001004010B59E46184B82B0C5
:1072A000B1F5004F1B6801934FF000038C46059C1D
:1072B00018D2BEF1040F15D8042C13D81346104A67
:1072C00001461068019A50404FF0000215D1240485
:1072D00044EA0E640B4844EA0C0202B0BDE81040D8
:1072E000FFF710BF064B1A68019B5A404FF000038E
:1072F00003D16FF0800002B010BD05F027FE00BF83
:10730000B0D90120217C000070B5124C8AB015461E
:1073100006AA246809944FF00004029204220C2665
:107320001C46CDE9052001ABCDE9071504AA0020D4
:1073300002A904930396FFF731FF019B2360054BDD
:107340001A68099B5A404FF0000301D10AB070BD82
:1073500005F0FCFDB0D9012000B5094B83B01B68D6
:1073600001934FF00003064B1A68019B5A404FF0FF
:10737000000302D103B05DF804FB05F0E7FD00BF98
:10738000B0D9012000B5094B83B01B6801934FF0C1
:107390000003064B1A68019B5A404FF0000303D1CB
:1073A00003B05DF804EB004705F0D0FDB0D9012033
:1073B00000B50A4B83B01B6801934FF00003074BE5
:1073C0001A68019B5A404FF0000304D103B05DF8E6
:1073D00004EB03F0A7BA05F0B9FD00BFB0D9012056
:1073E00010B5154B82B01B6801934FF00003046881
:1073F000ECB1B4FA84F30122C3F11F03DBB29A406B
:1074000024EA0202D0E8EFCFA44504D1C0E8EE2F71
:10741000BEF1000FF6D1EAD108480B70064B1A688E
:10742000019B5A404FF0000303D102B010BD044845
:10743000F4E705F08BFD00BFB0D901200000AD0BD3
:107440000200AD0B00B51A4B83B01B6801934FF0DF
:107450000003036823FA01F2D20718D401228A40FC
:1074600043EA0201D0E8EFCF9C4504D1C0E8EE1F0B
:10747000BEF1000FF6D10ED10E480D4B1A68019BDC
:107480005A404FF0000304D103B05DF804FB0A48F2
:10749000F3E705F05BFD036842EA0301D0E8EFCFB4
:1074A0009C45E8D1C0E8EE1FBEF1000FE3D0F5E740
:1074B000B0D901200000AD0B0400AD0B00B50A4BA4
:1074C00083B01B6801934FF00003084BC3F8040519
:1074D000054B1A68019B5A404FF0000302D103B0DC
:1074E0005DF804FB05F032FDB0D9012000700140C9
:1074F00000B50C4B83B01B6801934FF0000340F0C4
:107500000040084BC1F88000C2F880001A68019B57
:107510005A404FF0000302D103B05DF804FB05F0C0
:1075200015FD00BFB0D9012000B50B4B83B01B681F
:1075300001934FF00003084B1A68019B5A404FF02B
:10754000000306D10146054803B05DF804EB00F0E6
:107550009BB905F0FBFC00BFB0D90120CCC90020CD
:10756000F0B5374B83B01B6801934FF0000305461D
:10757000002851D0012813D10022324B42F210745E
:10758000C3F808035860C3F80021D3F80031012381
:107590002C4E0DF103078DF8033045B3012D0FD0AC
:1075A000274B1A68019B5A404FF0000346D103B0A5
:1075B000F0BD002BF4D00120FFF7FAFE013CEFD024
:1075C000D6F80C3403F48033002FF2D0D6F80C2414
:1075D00002F001023A70002BE2D09DF8030001286E
:1075E000DED1FFF7E5FE013CDAD0002DD6D1D6F88A
:1075F000183403F480333FB1D6F8182402F00302A4
:107600003A70002BE9D1CBE7002BC9D00120FFF75E
:10761000CFFE013CEBD1C3E702210122094B074613
:10762000C3F80813DA60C3F80401D3F80431012366
:1076300042F21074034E8DF80330AEE705F086FC7D
:10764000B0D901200050004000B50E4A0E4B117910
:1076500083B01B6801934FF0000371B90346012109
:107660000A4813601171084B1A68019B5A404FF089
:10767000000304D103B05DF804FB0548F3E705F00F
:1076800065FC00BFD4EE0020B0D901200000AD0B96
:107690000C00AD0B00B5104B104A1B6883B012688C
:1076A00001924FF000021BB10520F7F7F5FF68B11A
:1076B00001220B4BC3F81825084B1A68019B5A404E
:1076C0004FF0000306D103B05DF804FB0520F7F787
:1076D00099FFEDE705F03AFCD4EE0020B0D9012087
:1076E0000050004030B52F4B83B01B6801934FF022
:1076F0000003F0B101280CD12B4B2C4A00250124AA
:107700002B491D6009681D68146059B1274BC3F8E7
:107710000403244B1A68019B5A404FF000033ED1EA
:1077200003B030BD1A68002AFCD000221A601B6822
:10773000EFE71E4BD3F81814D3F81824C90316D456
:10774000D3F81424D20707D40121184C0220194B76
:10775000194AC4F81815D1E7D3F81C2402F0030223
:10776000013A012A0AD90020FFF7FAFEECE702F0FD
:1077700003010229E9D00129F5D1E5E70C4A126895
:107780001AB10222C3F80423C3E7D3F80421002A64
:10779000FBD00022C3F80421D3F80431B9E705F087
:1077A000D5FB00BFB0D9012000510040005000407F
:1077B000D4EE0020045100400850004000B50A4BB0
:1077C00083B01B6801934FF00003074B1A68019BBD
:1077D0005A404FF0000304D103B05DF804EBFFF70B
:1077E000BFBE05F0B3FB00BFB0D9012010B5234BDD
:1077F00082B01B6801934FF00003214BD3F80021A6
:1078000052B100200121C3F800011E4AD3F8004103
:10781000C3F8081313689847194BD3F8042142B9E9
:10782000164B1A68019B5A404FF0000324D102B056
:1078300010BD0022C3F80421D3F80421D3F8182482
:10784000D3F8182402F00302012A10D00222C3F850
:1078500008230A4B1A68019B5A404FF000030BD1D2
:107860000120084B1B6802B0BDE8104018470221F8
:10787000C3F818159A60D3E705F068FBB0D901206A
:1078800000500040D4EE002000B50C4B83B01B68C4
:1078900001934FF00003094B1A68019B5A404FF0C7
:1078A000000308D10079064B03EB001003B05DF82C
:1078B00004EBFFF795BD05F049FB00BFB0D90120EF
:1078C000D4C9002070B51A4B82B01B6801934FF0E9
:1078D000000301F1080330F813301546DA050446B9
:1078E0000E4609D5C3F3432300EBC302294650F8E3
:1078F0003330526830469847A3686BB10C4A116820
:10790000019A51404FF000020FD129463046E268FB
:1079100002B0BDE870401847054B1A68019B5A40F9
:107920004FF0000301D102B070BD05F00FFB00BFA6
:10793000B0D90120322210B52A4B82B01B680193C6
:107940004FF000030379284C02FB03F353FA81F153
:1079500001F1080334F81320D1051ED5C2F34321E9
:1079600022F4F85224F8132090F804E004F14E0CAD
:107970000EEB8E0303EB83039B0003F10E02224404
:107980009C4401E0624511D032F8023F13F4807F3D
:10799000F8D0C3F343239942F4D1124B1A68019BE8
:1079A0005A404FF000031BD102B010BD64230022E7
:1079B00003FB0EFE0EEBC10E44F80E20094AD2F86E
:1079C00000C0019A92EA0C0C4FF0000208D1027933
:1079D00003FB0240583002B0BDE81040FFF732BD53
:1079E00005F0B4FAB0D90120E4C90020322270B504
:1079F000174B82B01B6801934FF000030379CCB2A0
:107A000002FB0343134E083336F8133005469A063B
:107A100008D500202A685B0B02EB8303C3F810052E
:107A2000C3F810052846FFF785FF322100232A7985
:107A300001FB0244083426F81430054B1A68019BF8
:107A40005A404FF0000301D102B070BD05F07EFA3C
:107A5000B0D90120E4C900202DE9F04F8C4B064637
:107A600083B01B6801934FF00003346D894BD3F84A
:107A70000403002C00F003814FF000090125494662
:107A8000CC46C0B240F00040CBB29B009A0805FA49
:107A900002F2104203F580730AD003F1804303F52C
:107AA00044331F6827B1C3F800C01B6849EA0209C4
:107AB00001318C42E8D1774BD3F87C31002B40F078
:107AC000D580B9F1000F29DBB9F1000F1BD00125DA
:107AD00099FAA9F4B4FA84F4A30003F1804303F5FE
:107AE0004433D3F81015D3F8102505FA04F429EA25
:107AF00004093046C2F30142C1F30421FFF7E2FE5C
:107B0000B9F1000FE4D1624B1A68019B5A404FF063
:107B1000000340F0BB8003B0BDE8F08F29F00049BE
:107B20000022F36D0092DD0703D55B4A136A1362EE
:107B30000093DFF86481DFF85CA196F85C30DC0725
:107B40005AD5009C002C57D0012718E0BBF1020F3A
:107B500077D0D5F80032032923F4403343F40033BF
:107B6000C5F8003277D0BBF1030F01D1022972D0E2
:107B700007FA04F4C8F82040009C002C3CD094FA8A
:107B8000A4F4B4FA84F4E1081DF8013004F007020B
:107B900007FA02F223EA02030DF8013008EB84052C
:107BA00004F1080336F81330D5F80002C3F382015C
:107BB000C0F3014BD8060A46C8D521463046FFF728
:107BC00081FED5F80032C3F301439B45D0D1D5F8EF
:107BD000003207FA04F423F44033C5F80032D5F834
:107BE000003223F4403343EA0B43C5F80032C8F8AF
:107BF0002040009C002CC2D1306D90B10022144670
:107C0000D3B29B007C2B03F5807107D101F1804337
:107C100003F54433196809B11C601B6801329042B6
:107C2000EED1DAF87C31DBB9F36DDB077FF54CAFD1
:107C3000D8F82030C8F82030002B3FF445AF00932F
:107C40007BE7D5F8001202F0050341F44031012B27
:107C5000C5F800128CD121463046FFF733FE87E786
:107C60000023CAF87C31DAF87C31DDE729F00049DD
:107C70000022084BC3F87C21D3F87C3150E7D3F8BD
:107C80007C31002B3FF43FAFA146F1E705F05EF9F0
:107C9000B0D9012000100340002584404FF0320C81
:107CA00000B5204B83B01B6801934FF000030379AC
:107CB0001D4A0CFB03F353FA81F3083332F81330F7
:107CC0009A0601D59A0716D501F01F02490924D159
:107CD000164B03EB8203D3F8002222F44032C3F8A0
:107CE0000022104B1A68019B5A404FF0000312D13A
:107CF00003B05DF804FB012201685B0B9A40C1F8F8
:107D00000823026802EB8303D3F8102522F0030254
:107D1000C3F81025E5E705F019F90023803253F880
:107D20002230FFDEB0D90120E4C9002000258440C4
:107D30002DE9F0418A4B166882B01B6801934FF021
:107D4000000305460C46A6B332270379C9B207FBE8
:107D500003138448083330F8133003F02203222B36
:107D600000F0C1805FEA541C04F01F0340F0F28071
:107D700096F800C07C4E06EB8306D6F8003223F05E
:107D80000F0343EA8C03C6F800322B7907FB031379
:107D9000083330F8136026F0020620F813602B79C0
:107DA00007FB0311083130F8113043F0010320F8CC
:107DB000113053683BB34FF0320E28791F78D3F857
:107DC0000480E3B20EFB003C664E0CF1080C36F862
:107DD0001C1011F0020F68D0B8F1000F40F0838042
:107DE0004FF0320C0CFB003021F01C01083026F85B
:107DF000101029790CFB0133083336F8131041EACF
:107E0000870126F813109368002B43D0D3E900872D
:107E100021462846FFF78EFDB8F1000F3AD06423C3
:107E20002A79504E02FB03F3F1583344884503D1BD
:107E30005B689F4200F08980642000FB02600DF1C6
:107E400003015830FFF7CCFA484B984223D19DF8F4
:107E500003E02A794FEA4E2189B24FF0640C3220B8
:107E60000CFB02F202EBCE0246F802802B790CFBEF
:107E700003F303EBCE0333445F602B7900FB03F382
:107E800053FA84F4083436F81430194341F48071FD
:107E900026F814103548324B1A68019B5A404FF0AF
:107EA000000355D102B0BDE8F08121F4604121F01A
:107EB000200126F81C10B8F1000F3ED0032F12D875
:107EC000516849680878296801EB80016FB9C1F8E9
:107ED0001075C1F8107528790EFB003E0EF1080EE2
:107EE00036F81E107CE72248D5E7D1F810C52CF0F3
:107EF000030CC1F810C5296801EB800CDCF81015E3
:107F000021F4473121F44071CCF810152102DCF83E
:107F1000108501F4F85141EA074141EA0801CCF823
:107F2000101529790EFB0131083136F811C04CEAE1
:107F3000403040F0200026F8110028790EFB003E6A
:107F40000EF1080E36F81E104AE700218E4684E72F
:107F500004F0FCFF0022803352F82330FFDE00BF24
:107F6000B0D90120E4C90020002584400000AD0BF9
:107F70000400AD0B2DE9F041554C82B0246801940A
:107F80004FF00004002A3FD0322490F804C05FFA7A
:107F900081FE04FB0CEC4F4C0CF1080C34F81C5027
:107FA000AF0701D4AE0660D415F01C0F02D055788F
:107FB000012D5AD04D0901F01F0758D13226464DE8
:107FC00092F802C005EB8705D5F8007292F801809F
:107FD0004FEA8C0C27F4E167127827F007074CEA88
:107FE000480C4CEA070C4CEA022242F00102C5F8A8
:107FF0000022027906FB02EE0EF1080E34F81E2074
:1080000042F0030224F81E2023B332260279CCB2B8
:1080100006FB02422F4D083235F81220920724D574
:108020004FF0000E1F7802684FEA870C02EB8702C0
:10803000C2F810E5C2F810E5027906FB02420832E8
:1080400035F812E02EF4604E2EF0200E25F812E0E6
:108050005A788AB921481E4B1A68019B5A404FF042
:10806000000333D102B0BDE8F0811D48F3E70023DF
:10807000803753F82730FFDE93F802E012040B023A
:1080800002F4403203F4F85313434FEA0E5202F461
:108090008012134302686244D2F8101521F498113B
:1080A00021F4F851C2F81015D2F810150B43C2F89C
:1080B0001035037906FB0344083435F8143043EADD
:1080C000473343F0200325F81430C3E704F03EFFA4
:1080D000B0D90120E4C90020002584400000AD0B88
:1080E0000400AD0B00B54FF0640E0E4B83B01B685F
:1080F00001934FF0000390F804C00B4B0EFB0C3CB7
:10810000CCF8081001790EFB0133DA60054B1A68D0
:10811000019B5A404FF0000302D103B05DF804FB0D
:1081200004F014FFB0D90120E4C900204FF0320C54
:1081300010B5104B82B01B6801934FF00003037918
:108140000D4C0CFB03F353FA81F1083134F8113074
:10815000990644BF5B0B1370064B4CBF0748084899
:108160001A68019B5A404FF0000301D102B010BDC4
:1081700004F0ECFEB0D90120E4C900200000AD0BF2
:108180000400AD0B64232DE9F041234F90F80480E7
:10819000224A03FB087696F8604082B0126801928A
:1081A0004FF0000254B11E481C4B1A68019B5A4004
:1081B0004FF000032DD102B0BDE8F08105463046F6
:1081C00040222146103008F0D6F8366D2D6876B181
:1081D00021462046CBB29B007C2B03F5807208BF62
:1081E000A85001F1010108BFAB588E42F2D1002323
:1081F00045F30730C5F87C31D5F87C31F7F702FA42
:108200006422012302FB0877064887F86030BB65CB
:10821000CAE704F09BFE00BFE4C90020B0D90120EA
:108220000C00AD0B0000AD0B642100B50D4B83B00D
:108230001B6801934FF0000302790B4B01FB0233E3
:1082400093F86000074B003818BF01201A68019BA3
:108250005A404FF0000302D103B05DF804FB04F074
:1082600075FE00BFB0D90120E4C900204FF0320CE8
:1082700030B51D4B83B01B6801934FF000030379A9
:108280001A4A0CFB03F353FA81F3083332F8133024
:10829000DB0709D41648144B1A68019B5A404FF06B
:1082A00000031AD103B030BD0C460546FFF7F6FCBB
:1082B00021462846FFF79AFB04F01F0164090ED1FE
:1082C0000C4A0D4B02EB8102D2F800120B480B4016
:1082D00043F00203C2F80032DDE704F037FE00236A
:1082E000803153F82130FFDEB0D90120E4C90020ED
:1082F0000400AD0B00258440F0F8FCFF0000AD0B3E
:1083000000B50E4B83B01B6801934FF000030B4B7D
:108310001A68019B5A404FF000030CD15422642389
:1083200090F804C0064813FB0C23184403B05DF812
:1083300004EBFFF787B804F009FE00BFB0D90120B5
:10834000E4C9002000B50E4B83B01B6801934FF0C9
:1083500000030B4B1A68019B5A404FF000030CD1ED
:108360005422642390F804C0064813FB0C231844DD
:1083700003B05DF804EBFFF733B804F0E7FD00BF8E
:10838000B0D90120E4C9002070B5364B82B01B681B
:1083900001934FF0000303684FF0320CD3F804430D
:1083A000002CA4BF4FF00044C3F8044303792E4CC3
:1083B0000CFB03F353FA81F3083334F813309C06B3
:1083C00019D513F0020616D15B0B05689C0004F565
:1083D00080716E50695801682144D1F8104544F00D
:1083E0000104C1F8104512B30122016802FA03F337
:1083F000C1F804331BE0C3F38203042B01F01F0216
:108400004FEA51111CD0052B22D039BB174B1B69E9
:10841000D34003F001030233144901EB8201D1F888
:10842000002222F4403242EA0343C1F800320D4BED
:108430001A68019B5A404FF000030DD102B070BD85
:1084400003230029E8D00023803253F82230FFDED6
:1084500002230029E0D0F6E704F078FD00231B6931
:10846000FFDE00BFB0D90120E4C900200025844010
:1084700000B50A4B83B01B6801934FF00003074B14
:108480001A68019B5A404FF0000304D103B05DF815
:1084900004EBFFF703BC04F059FD00BFB0D9012085
:1084A00000B50A4B83B01B6801934FF00003074BE4
:1084B0001A68019B5A404FF0000305D1044803B0ED
:1084C0005DF804EBFFF7C8BA04F040FDB0D9012015
:1084D00048CA002070B5104B104E82B01B68019343
:1084E0004FF0000333794BB10D480B4B1A68019BD9
:1084F0005A404FF000030CD102B070BD2A200D4647
:108500001446F7F77FF8012306483560B4603371ED
:10851000EBE704F01BFD00BFB0D90120DCEE00202A
:108520000C00AD0B0000AD0B30B5164B83B01B68D3
:1085300001934FF000030023134D021F03F5A271B6
:1085400052F8044F0133082B45F82140F6D100239F
:108550000D4D00F11C0203F5B27152F8044F0133C6
:10856000082B45F82140F6D1036CC5F80433054BC0
:108570001A68019B5A404FF0000301D103B030BD8F
:1085800004F0E4FCB0D9012000A0024030B5002581
:108590001D4C1E4B83B01B6801934FF000032A2033
:1085A000C4F81055C4F81455C4F81855C4F81C552F
:1085B000C4F82055C4F82455C4F82855C4F82C55DF
:1085C000C4F89055C4F89455C4F89855C4F89C550F
:1085D000C4F8A055C4F8A455C4F8A855C4F8AC55BF
:1085E000F7F732F84FF0FF33094A1571C4F8083332
:1085F000064B1A68019B5A404FF0000301D103B0AB
:1086000030BD04F0A3FC00BF00A00240B0D901209F
:10861000DCEE002000B501230A4A83B01268019203
:108620004FF00002084A8340C2F80433054B1A6831
:10863000019B5A404FF0000302D103B05DF804FBE8
:1086400004F084FCB0D9012000A0024000B5012351
:108650000A4A83B0126801924FF00002084A834030
:10866000C2F80833054B1A68019B5A404FF00003CB
:1086700002D103B05DF804FB04F068FCB0D901201E
:1086800000A00240F0B5154B83B01B6801934FF07A
:108690000003134BD3F80C43ACB101260025114F56
:1086A00094FAA4F0B0FA80F00F4B4FEA800C3A68CD
:1086B00006FA00F1634424EA01041D600AB1B968B6
:1086C0009047002CECD1054B1A68019B5A404FF0A3
:1086D000000301D103B0F0BD04F038FCB0D9012093
:1086E00000A00240DCEE002000A1024000B5134BC8
:1086F00083B01B6801934FF00003C0F30B03C3B9B1
:1087000002214FF0FF330E4AC2F884150360D2F8FD
:108710000034DB07FBD500230A48C2F88435074B39
:108720001A68019B5A404FF0000304D103B05DF872
:1087300004FB0548F3E704F009FC00BFB0D90120B1
:10874000009003400000AD0B0A00AD0B012300B503
:10875000104ADFF844C083B0DCF800C0CDF804C094
:108760004FF0000CC2F88435D2F80834DB07FBD593
:108770000160BFF35F8F0023C2F88435064B1A688F
:10878000019B5A404FF0000302D103B05DF804FB97
:1087900004F0DCFB00900340B0D9012000B50A4B87
:1087A00083B01B6801934FF00003074B1A68019BCD
:1087B0005A404FF0000304D14FF4801003B05DF82D
:1087C00004FB04F0C3FB00BFB0D9012000B50A4B85
:1087D00083B01B6801934FF00003074B1A68019B9D
:1087E0005A404FF0000304D14FF4805003B05DF8BD
:1087F00004FB04F0ABFB00BFB0D9012000B50A4B6D
:1088000083B01B6801934FF00003074B1A68019B6C
:108810005A404FF0000304D14FF4807003B05DF86C
:1088200004FB04F093FB00BFB0D9012000B5194B45
:1088300083B01B6801934FF00003431C13D000F07A
:108840001F024309C9B903BB012313499340CB60FD
:10885000114A124B02EB8002D2F800120B4043F097
:108860000303C2F800320B4B1A68019B5A404FF0C9
:10887000000308D103B05DF804FB43B901230649A6
:1088800093408B60E4E704F061FBC960FFDE0023E6
:108890009B60FFDEB0D9012000258440F0F8FCFF8A
:1088A0002DE9F047684B82B01B6801934FF000033D
:1088B000664A4B690C469342074690F8049000F0D4
:1088C000B98063D8624A934200F0A880614A93421B
:1088D00054D14FF00066DFF8808109EBC90308EB43
:1088E0008303E17E9A7F4FEAC90561F300029A771C
:1088F0003B79217C03EBC30308EB83039A7F61F38D
:1089000041029A7794F81BA0BAF1000F53D0E268A5
:1089100005EB090308EB83031A62217C9A7F61F35C
:1089200041029A77257FA07C217E627E3B68002DE4
:1089300037D0003A18BF01220229C3F8C005C3F896
:10894000246571D003296CD0012970D0C3F8542557
:108950003B7903EBC30358F82330002B51D03A4B3B
:108960001A68019B5A404FF0000366D1386840F303
:10897000073002B0BDE8F047F6F744BE374EB342C9
:108980000CBF4FF000764FF08046A4E7344A934284
:1089900041D0344EB3420CBF4FF000464FF08046FA
:1089A00099E7D4E900C5A468C3F808C5C3F80C5515
:1089B000C3F81045BDE7217E2068012994BF00213E
:1089C0000121FFF733FF51466068FFF72FFFA368CF
:1089D0005A1C0FD003F01F015B09A07E2FD1224A41
:1089E000224B02EB8102D2F800120B4043EA8003D3
:1089F000C2F80032217CE06881F00101FFF716FF28
:108A000085E7114B1A68019B5A404FF0000314D1BF
:108A100002B0BDE8F0874FF000565CE74FF080668B
:108A200059E742F0060291E742F004028EE742F075
:108A300002028BE74FF080564DE704F087FA803151
:108A40005AF82130FFDE00BFB0D9012040420F00AC
:108A500090D0030020A10700E8EE002048E80100C4
:108A600080841E0000127A0000258440F0F8FCFF8C
:108A70002DE9F041284C82B0246801944FF00004A5
:108A80000479264D04EBC40C05EB8C06377F002FD0
:108A900038D14FEAC408002936D04E69204FBE4273
:108AA0001DD013D81F4FBE4219D01F4FBE4216D043
:108AB0001E4FBE4213D01E48174B1A68019B5A40E6
:108AC0004FF0000326D102B0BDE8F081194FBE423D
:108AD00005D0194FBE4202D0184FBE42EBD108EB71
:108AE000040645F8262005EB86067360FFF7D8FEDE
:108AF0000021012208EB040305EB83051048697788
:108B00002A77D9E70F48D7E74FEA8C0C45F80C20B5
:108B10007360EDE704F01AFAB0D90120E8EE002006
:108B200040420F0090D0030020A1070048E8010058
:108B30000400AD0B00093D0000127A0080841E0085
:108B40000000AD0B0C00AD0B2DE9F047824B82B05D
:108B50001B6801934FF000030479804E04EBC403BB
:108B6000964606EB83028C46517F002940F08980AF
:108B70009B00F3580546E70023B11EF0140F04BF15
:108B80000123537707EB040806EB8808D8F820A0E8
:108B900008F10C09BAF1FF3F9CE80F0089E80F00CB
:108BA0000FD098F81E200AF01F0112F002024FEABF
:108BB0005A135FD0002B40F0CA800123684A8B40D3
:108BC0009360DCF800302D68ABB103F06043B3F183
:108BD000005F10D00023274406EB870761487B77AE
:108BE0005D4B1A68019B5A404FF0000340F0A8808B
:108BF00002B0BDE8F087DCF8083023B103F0604331
:108C0000B3F1005FE6D11EF0010318BF0123C5F8E0
:108C100050351EF0020318BF01230022C5F840356D
:108C20000723DCE90180DCF80C10DCF800C0C5F893
:108C300044C5C5F84885C5F83405C5F838151EF093
:108C40000800C5F81821D5F81821C5F8003507EB3C
:108C5000040318D056F8232006EB8303002A65D0BE
:108C600040231EF0040F14BFC5F80833C5F80433C1
:108C70003D48B5E7002B65D10123394A8B40D360CD
:108C80009FE73A48ACE79A00B15806EB8303002906
:108C900036D001212961B258002AE1D11B6A5A1C41
:108CA00012D03A1906EB8202927F03F01F0112F0F4
:108CB00002024FEA53133DD0002B45D10123284A2D
:108CC0008B40D3600028D3D101234FF064086B613F
:108CD00005E00120FEF76CFBB8F1010808D0D5F8DB
:108CE0000431002BF5D00023C5F80431D5F8043148
:108CF0000023274406EB87067377C5F80035B7E7EE
:108D000001232B61D5F81831002BFBD0D5F8183191
:108D100023B10023C5F81831D5F818313B1956F89E
:108D2000232006EB8303002A9AD1B7E71B6A591C5C
:108D3000B7D19DE773B90123094A8B409360C1E71E
:108D400004F004F9D260FFDE0023DB60FFDE0023C5
:108D50009B60FFDE9260FFDEB0D90120E8EE0020CC
:108D6000002584400A00AD0B0000AD0B0B00AD0BDD
:108D700070B5274A274B0C6882B01B6801934FF0EF
:108D80000003B2FBF4F304FB1325A5BB944232D8D5
:108D90005C1E1C402FD1B3F5007F2CD893FAA3F2B0
:108DA000B2FA82F2402391F805C00D79016805F00E
:108DB0000305D1F804650CF0030C26F0030E45EA18
:108DC0000E05C1F80455D1F8085525F0030545EA0C
:108DD0000C05C1F80855C1F81025006800F580722F
:108DE000D450D1580433582BFAD140F30730F6F75A
:108DF00009FC094800E00948064B1A68019B5A40E3
:108E00004FF0000301D102B070BD04F09FF800BF25
:108E10000024F400B0D901200000AD0B0400AD0B1C
:108E2000F0B5194B0579194C83B01B6801934FF0CD
:108E3000000305EB450304EB830C9CF808E0BEF14E
:108E4000000F1DD19B006F00E250B1B18B68CCF8D0
:108E50000430FFF78DFF0E4BC31AB3FA83F35B099F
:108E60002F4404EB87042372074B1A68019B5A4076
:108E70004FF0000306D103B0F0BD01230448EFE733
:108E80000448F1E704F062F8B0D901200CEF0020AB
:108E90000000AD0B0C00AD0B00B50122094B83B0F7
:108EA0001B6801934FF000030368DA60054B1A68F2
:108EB000019B5A404FF0000302D103B05DF804FB60
:108EC00004F044F8B0D9012010B5114B82B01B68F2
:108ED00001934FF0000303684FEA117CD3F810456B
:108EE0000801C4F120020CFA02F2A4F12003E040D0
:108EF00010432CFA03F31843054B1A68019B5A40A0
:108F00004FF0000301D102B010BD04F01FF800BF04
:108F1000B0D90120F0B51D4C83B0246801944FF006
:108F2000000440F201154FF48034066805FA01FC94
:108F3000D6F800529DF8207025EA0C05C6F80052BC
:108F400005688C40D5F800623343C5F80032BFB1E4
:108F5000002605688B0003F5A073EE50EB580368FC
:108F6000C3F80443036801F5A87143F82120074BB7
:108F70001A68019B5A404FF0000305D103B0F0BDC1
:108F80000368C3F80843EDE703F0E0FFB0D9012020
:108F90002DE9F0410027234B82B01B6801934FF06D
:108FA000000340220124384602E00432582A10D03F
:108FB00002F1804303F5714319680029F5D0910847
:108FC0000432186004FA01F1582A1B6847EA0107C5
:108FD000EED140240126144BDFF85080D3F804531F
:108FE00005F47C15A30806FA03F31D420AD03B42A0
:108FF00008D0D8F800302BB104F58070D8F80410F0
:1090000080B298470434582CECD1064B1A68019B67
:109010005A404FF0000302D102B0BDE8F08103F0E6
:1090200095FF00BFB0D9012000F000400CEF0020F8
:1090300007B5044BCDE900011B686846984703B0AB
:109040005DF804FB18EF0020014B1870704700BF5B
:1090500036F30020024B1878431E5842584170479F
:1090600036F3002070B503680446033BDBB2052BE2
:1090700003D8094A52F823502DB9A06858B1BDE869
:10908000704000F017B806F097F821682B46BDE84D
:109090007040090C184770BD4C280200014B1B683A
:1090A000184700BFACCA0020014B5B68184700BFDF
:1090B000ACCA0020014B1B69184700BFACCA002096
:1090C000014B9B68184700BFACCA0020014B1B6ACC
:1090D000184700BFACCA0020014B5B6A184700BFAD
:1090E000ACCA0020014B1B68D86870471CEF0020F9
:1090F000002230B50B4B19680C6894420FD001EB7D
:10910000C2039D68A8420BD14FF003020433D3E899
:10911000CF1F002903D1C3E8C02F0028F7D130BDED
:109120000132EAE734EF00202DE9F0410024064641
:109130000F462046DFF854803368A34201D8BDE8CB
:10914000F08106EBC4056B68DBB2012B16D16A68AF
:10915000B8F80030B3EB124F10D1022FA8680FD12E
:10916000FFF780FF01206B6823F0FF0343F0030348
:109170006B60B8F800300133A8F800300134DBE749
:109180000168090C05F0CAFFECE700BF26F30020D8
:1091900010B5074C02216068FFF7C6FF0028F9D11F
:1091A00001212068FFF7C0FF0028F3D110BD00BFE8
:1091B0003CEF002070B5072860D8DFE800F00B5FB7
:1091C000475F435F3C0401F053FB0320BDE8704060
:1091D000FAF7BCBC03202A4BD3F81446D3F8186620
:1091E000284B1D781870EDB2FFF72EFF012D10D11E
:1091F000254B264A9C4212D0230C1B04B3F1886FE6
:109200000DD0A4F58033203B022B0FD96FF004035F
:1092100013603146C4F30B00FFF70AFF00E014604F
:109220001B4B1868FAF7FAFB0020CFE7194931F910
:1092300013301360F4E70024124B20461C70FFF734
:1092400003FFEDE7FFF7A4FF0220BFE70D4B1A78FD
:10925000012AD0B20ED1104A1168104A8C685460AD
:109260004968116002221A70FFF7EEFE084B186879
:10927000FAF7D4FBFFF78CFF0120A7E770BD00BF12
:1092800000A0024038F300200100500538EF002014
:1092900024EF0020C82C020020EF00203CEF00202B
:1092A0000A23F7B54FF47A750C4E0D4F01933168D0
:1092B000386805F05CFF044640B9FAF755FB40B941
:1092C000012001A9FAF72EFA6E30F0D1204603B042
:1092D000F0BD01986843FAF70DFAE8E728EF00209F
:1092E00030EF0020054B1B782BB9054B1968054B57
:1092F000186805F03CBF0020704700BF37F300201E
:109300002CEF002034EF002070B5164B42681B682C
:1093100022F0FF0242F00202C31A42601248134ACE
:109320000168C3F38913D2E8DF4F651CC2E8D65F3A
:10933000002EF8D101EBC3014A6892B242EA04421E
:109340004A600268032002EBC302536823F0FF0364
:1093500043F001035360FAF7CDF90122044BDA60C0
:1093600070BD00BF2CEF002034EF002028F3002058
:1093700000A002402DE9F04F95B0382200210646AA
:1093800003A806F0F8FF0223049308230693202382
:10939000089304230D93102340250F93802301226B
:1093A000CDE91153D523002157480B921393FAF7B7
:1093B000F3FA0546002840F0A3800246534930796D
:1093C000FFF788F803A8FFF7AFF834686268B2F5D2
:1093D0009D6F40F092806169E3680B44E16903F599
:1093E0009D630B44B3F5003F00F287802068294657
:1093F00006F0C1FF33681C68D3F81C9004F53A727C
:10940000019204F16007424A04F1A40804F1200B20
:10941000B9F1000F5BD1C2F800B000254FF0010A8E
:109420002570657084F802A0E570336840461B69BA
:10943000636033685B69C4F814B0A360354BC4F84B
:109440001890C3F80080344BE7601F600823C4F80D
:10945000108084F8A43088F8015088F8025088F809
:10946000035084F860307D70BD70FD7005F062FEC1
:10947000384605F05FFE294B04F53A721A60284B16
:1094800004F1E80231681A60264B274E1960274B19
:109490002749C3F81046C3F81456264B264C1D80A6
:1094A000264B86F800A01D80254B029525601D6186
:1094B0001B690293029B144B1868FAF7C7FA98B11C
:1094C00003236FF073043370FFF760F811E09B69BA
:1094D00004F14009636433684846DB69C2F800B0B0
:1094E000236401F09DF998E72468002CECD1154B1A
:1094F0001C70204615B0BDE8F08F6FF01504E3E74F
:109500006FF02D04F5E700BF24EF0020B5910100B6
:1095100020EF002034EF002030EF00202CEF00205F
:1095200028EF00201CEF002038F3002000A00240AC
:10953000F049020028F3002038EF002026F3002035
:109540000056004037F3002070B5164B42681B6888
:1095500022F0FF0242F00102C31A42601248134A8D
:109560000168C3F38913D2E8DF4F651CC2E8D65FF8
:10957000002EF8D101EBC3014A6892B242EA0442DC
:109580004A600268032002EBC302536823F0FF0322
:1095900043F001035360FAF7ADF80122044B5A601F
:1095A00070BD00BF28EF002030EF002028F300201E
:1095B00000A0024010B5FFF773FE01240022032132
:1095C000047081704270C270FFF7BEFF054B1C70C3
:1095D00005F0C3FDBDE81040034B47F23051186859
:1095E000FAF734BA37F3002024EF002038B50A4BDD
:1095F00004461B78022BDDB20DD1FFF751FE50B1AE
:10960000002201218460017042708570C270BDE843
:109610003840FFF799BF38BD38F30020034A12687D
:1096200012B1002800DB1047704700BF48EF002050
:109630002DE9F743002581460F46104829469046FC
:109640001E46019305F054F9041E11DB0134204637
:1096500005F0DFFDC9F8000068B1334642462146F7
:10966000019605F045F928463C6003B0BDE8F0835B
:109670006FF01500F9E76FF00B00F6E7140D02002C
:1096800010B50E4B04461B68A3B1EEF7D1FD0828B8
:1096900010D9237A3F2B0DD009490822204604F027
:1096A000BDFE014630B904F108000A22BDE81040B1
:1096B00005F06EB84FF0FF3010BD00BF48EF00203E
:1096C000CE2C0200F7B504460F46042000211646B2
:1096D0001D4605F073FD024638B914B1204605F069
:1096E0009AFD6FF00B0003B0F0BD00206FF058033F
:1096F00014600D4C137350739073D0732070314607
:109700000320576005F07AFD4FF0FF330193237873
:10971000AB4201D10020E6E7022001A9FAF702F8E6
:109720000028F4D0DFE700BF39F30020F8B5054684
:1097300000240F4F57F8046B2846314606F0DDFE33
:1097400028B90134042CF5D14FF480300DE06CB110
:10975000A31E012BF8D83046EEF76AFD0A2200213D
:10976000284404F0FBFE40EA0440F8BD2046FCE734
:1097700064280200014B1860002070474CEF002065
:10978000014B1860704700BF48EF00200FB42DE96F
:10979000FF410A9CFFF75EFC00284AD0002C4BD00A
:1097A000284E294F31683868FAF79CF9002846D1CD
:1097B000264D31682868FAF749F9002836D1224643
:1097C0000BAB03A902A80193FFF732FF044658B17F
:1097D0002868FAF723F93868FAF76CF9204604B0DC
:1097E000BDE8F04104B07047029C2046FFF748FFF7
:1097F00002230646012220460399FFF763FF044631
:109800000028E5D1DFF84880D8F80000FFF78EFF88
:109810000446D8F8000005F0F8FC2868FAF7FEF8CE
:10982000002CD8D13046FFF7F9FED4E76FF00A04D8
:10983000D1E74FF0FF34D1E76FF00D04CEE76FF0C2
:109840000A04CBE760EF002058EF00205CEF002017
:1098500050EF00200EB42DE9F343DDF8248081465B
:10986000FFF7F8FB00285DD0B9F1000F5DD0B8F12B
:10987000000F5AD0304C314F21683868FAF732F96E
:10988000002855D12E4E21683068FAF7DFF80028FD
:1098900045D14846EEF7CCFC451C284605F0B9FCFE
:1098A000044668B93068FAF7B9F86FF00B04386805
:1098B000FAF700F9204602B0BDE8F04303B0704764
:1098C00049462A4606F0FAFD2046FFF7D9FE022354
:1098D0008146012220462946FFF7F4FE04463068FF
:1098E00014B1FAF79BF8E2E7FAF798F8B9F1000F2C
:1098F000144D06DB2868FFF719FF10B94846FFF73B
:109900008DFE0AAA41462868019205F023F8041E3C
:10991000286808BF6FF04C0405F077FCC7E76FF0CC
:109920000A04C4E74FF0FF34C4E76FF00D04C1E749
:109930006FF00A04BEE700BF60EF002058EF002080
:109940005CEF002050EF002038B5C3680446A72B19
:1099500001D0206810E0032907D0042926D002296D
:1099600002D10122154B1A7038BD144B00681A78C9
:10997000022A05D10028F7D0BDE8384005F045BCE3
:109980000F4D2A6862B12B689847002320682B602E
:1099900005F03BFC0B4B1868BDE83840FAF73EB8C1
:1099A000094A1060616851600222DCE7074B1B68BE
:1099B000002BCED000689847CBE700BF39F30020DA
:1099C00044EF00205CEF002050EF00204CEF00201F
:1099D00010B400F11C03D3E8EF2F511EC3E8E41FBD
:1099E000002CF8D1012A0CDC074BD0E8EF2FC0E89F
:1099F000E13F0029F9D16422002110BC043006F0B7
:109A0000BABC10BC704700BF1EF10100164830B54B
:109A1000002203464FF0FF34144DD0E8EF1FA94257
:109A200004D1C0E8EC4FBCF1000FF6D10CBF01210E
:109A3000002112D1682101FB023301220C49DA61B5
:109A4000097893F8202061F3451283F82020022240
:109A5000A3F8482083F84A2030BD0132082A00F1DB
:109A60006800DAD10846F7E764EF00201EF1010034
:109A70003AF3002030B5024600236825054905FB6E
:109A800003F460180C59944203D00133082BF6D12B
:109A9000002030BD64EF002010B50446043005F00E
:109AA000AEFD606C08B1FAF79FF8064BD4E8EF2FD3
:109AB000C4E8E13F0029F9D12046BDE81040FFF796
:109AC00087BF00BF1EF1ADDE2DE9F8430F4C0646FF
:109AD0000025A0464FF068090D4B0E4F1870236803
:109AE000BB420CD009FB058393F8202066F3451296
:109AF00083F82020A36B13B1204605F0EEFB01355F
:109B0000082D04F16804EAD1BDE8F88364EF002071
:109B10003AF300201EF10100112806DC00280DDBBD
:109B2000084BC34003F001007047B0F5817F07D0B8
:109B300040F21113C31A5842584170470020704731
:109B4000012070474100020010B5436904461BB96B
:109B500006F04EFA23684360044B1868F9F75EFF7D
:109B60002046BDE8104006F045BA00BFA4F2002030
:109B70002DE9F04F9A46002387B081460E461446E1
:109B8000CDE903330593FFF765FA28B90120F9F70A
:109B9000D3FE6FF00A0475E0B9F1000F4ED1002E2C
:109BA00000F0BA80002C55D1254606274FF0010859
:109BB00001940A220021304604F0EAFD4FF6FE73BC
:109BC000421E9A4200F21A814FEA002B4BEA102BF8
:109BD0001FFA8BFB002C3AD02368DB0437D53A21DF
:109BE000304606F044FC00B1461C3046854906F07C
:109BF00084FC0A2200286DD00021033004F0AEFC62
:109C00000446814B4FF47A611868F9F71FFF00286A
:109C100040F08980B9F1000F61D04846EEF708FBAB
:109C20000146182005F0CAFA0646002859D1764B9D
:109C30006FF009041868F9F7F1FE23E054B9002E1B
:109C4000B2D1354606274FF00108B34601964FF0D2
:109C5000FF34D6E7236823F4A05323F00203002B3C
:109C600040F0C980606838B9A06878B105F06AFC36
:109C700060B96FF0060405E005F05EFC0028F3D142
:109C80006FF00504204607B0BDE8F08FE068D0B95A
:109C9000606800F0CBFCC3B20193A368E768002BB7
:109CA00008BF0123002F08BF062725685FFA83F845
:109CB000BFB296B105F4A053B3F5805F7FF479AFDE
:109CC0004FF0000B88E7A16805F050FC0028DFD1B9
:109CD0006B205CE70146304690E7B346B7E749465C
:109CE0009FE70461B9F1000F07D04846EEF7A0FAEC
:109CF00049460246306806F031FB019B314647F287
:109D00000D00B361C6F81C803762756103AA00F0CC
:109D1000B9FC1628044602D16FF00104B2E705DC55
:109D200050B10B2806D16FF00204ABE7722801D1C5
:109D300073202CE720462AE72020DDF81090F9F761
:109D400035FF0646CAF8000068B3D9F8080006F0E7
:109D500009F97060DAF800607368012B0CD0022BEF
:109D600024D03046F9F740FF6FF00504049800282E
:109D700088D005F04AFA85E70823C6E9028700275C
:109D800033613560F76109F118085A464046B9F861
:109D9000141005F048FA7061DAF8006073693BB995
:109DA0003046F9F721FF6FF00904DFE71623E4E7F7
:109DB00015F002051DD0B9F816000130F9F7F6FECE
:109DC000DAF80030B061986928B95869F9F70CFFE2
:109DD000DAF80000E5E7B9F81410B9F816204144A4
:109DE00006F0BCFADAF80020B9F816309269D754B8
:109DF000BCE7B561BAE74FF0FF3443E76FF0070403
:109E000040E700BFFC2C0200A4F20020F8B548F2A5
:109E10000F03994205460E4640D022D848F20D0362
:109E2000994233D048F20E03994233D00069FFF7CC
:109E300021FE044610B3B6F5004F1FD9A6F5004623
:109E4000013E0B2E1AD8DFE816F0AE00E800B6008F
:109E5000B600B6003A013A01B600C4001900190074
:109E60000B0149F2040399421CD0B1F5104F3FD9C0
:109E7000C068FFF7FFFD0446002848D12868002885
:109E800000F02D81BDE8F84005F0BFB9BDE8F8400D
:109E9000FFF75ABEBDE8F84005F0D2BBBDE8F84078
:109EA00005F0BBBB0369082B00F21981DFE813F052
:109EB0001000160009000E00160017011701180007
:109EC0001E000020BDE8F840FFF7FEBD0120F9E7C5
:109ED0000021E868BDE8F84005F0F2BA0121F8E792
:109EE0000021E868BDE8F84005F0F6BA0121F8E77E
:109EF0000069FFF7BFFD04460028BFD048F2810388
:109F00009E42BBD10146284600F0D6FA56E049F2FF
:109F100002039E4200F0CD8037D805F059FA07467B
:109F2000E0B91020F9F742FE0646B8B139461022D2
:109F300006F021FA2B6873606B683381698A002907
:109F400000F0C8802A8A05F1140005F06CF9F06071
:109F5000002840F0BF803046F9F746FE286805F03B
:109F600054F9204605F0F6F958B1204605F030FACC
:109F700038B994F8203043F0800384F820300C2363
:109F8000A361204605F0EBF918E049F203039E4275
:109F90003DD049F282039E427FF470AF01462846CD
:109FA00000F0A2FA0AE06B692BB9284606F020F807
:109FB000AA6943681A60284606F01CF8204605F096
:109FC00017FA002800F08B802046BDE8F84005F025
:109FD00084B990F8203043F0010380F8203005F078
:109FE000DEF918B13E4B1868F9F718FD94F82030E7
:109FF000204623F00A0384F8203005F0F9F910B167
:10A00000204605F06AF92046FFF746FDD3E72869A8
:10A0100069280BD16823A361D0E790F82030EE685F
:10A020006FF3410380F82030686918B100F012FB2B
:10A03000A061C3E7204605F09CF928B994F82030C8
:10A0400043F0040384F82030204605F092F90028FC
:10A05000B4D0002EB2D00021204600F063FAADE764
:10A060006B69F3B9284605F0C3FFAA6943681A6013
:10A07000426892F8203043F0040382F820304368AD
:10A0800022691A61436862695A6183684BB105F1BC
:10A090000C0205F1300152F8040B8A4243F8040B1C
:10A0A000F9D194F82230002B85D0013B84F822307E
:10A0B00081E790F82230013380F822307EE728468D
:10A0C00005F096FF6B6913B9AB69436073E74FF016
:10A0D000FF33FAE73146204605F01CF96EE7F8BD7C
:10A0E000A8F2002030B585B00546FFF7C3FC044652
:10A0F00028B90920F9F720FC4FF0FF300EE0FEF7F9
:10A10000A9FF68B9204605F04AF918B10E4B186846
:10A11000F9F784FC2046FFF7BFFC002005B030BDF6
:10A120000021082005F04AF8014608B96920E1E756
:10A13000056101AA47F2090000F0A4FA0028ECD05A
:10A140001628EAD0D6E700BFA8F200202DE9F04398
:10A1500085B08146884614461D460C9EFFF78AFC52
:10A1600040B90920F9F7E8FB4FF0FF33184605B076
:10A17000BDE8F08315B90EB11620F3E7B8F1290F49
:10A1800000F09D800CDCB8F1010F11D0B8F1060F82
:10A1900000F09180B8F1000F00F08F806D20E1E7B2
:10A1A000B8F58D7F39D0B8F5007FF7D11E2C08E0C7
:10A1B000222C10DC202C05DC142C12D0152C17D0EE
:10A1C000022CEBD13146102004F0F8FF074600289E
:10A1D00079D16920C6E73C2C11D03D2C16D0282C13
:10A1E000EFE73246294605B0BDE8F04305F006BF6B
:10A1F0003246294605B0BDE8F04305F00DBF3246B2
:10A20000294605B0BDE8F04305F014BF32462946A3
:10A2100005B0BDE8F04305F02DBF631E112BBDD87E
:10A2200001A252F823F000BF7FA20100A9A2010001
:10A23000C5A101009DA101009BA2010071A2010026
:10A240009DA101009DA101009DA101009DA1010012
:10A250009DA101008DA20100C5A10100C5A10100C1
:10A26000C5A101009DA10100C5A10100C5A101007A
:10A270003246294605B0BDE8F04305F01EBF324620
:10A28000294605B0BDE8F04305F02BBF324629460C
:10A2900005B0BDE8F04305F039BF3246294605B0A8
:10A2A000BDE8F04305F044BF3246294605B0BDE89D
:10A2B000F04305F04CBF372C83E71F2C81E7202C9F
:10A2C00080D03E2C7DE7C0F81090404605F073FE2C
:10A2D0007861204600F0B2F9B86125B132462946CE
:10A2E000386806F03BF8394647F203007E6001AA61
:10A2F00000F0C8F9034600283FF438AF32E700BF4A
:10A300002DE9F04385B08146884614461D460C9ED3
:10A31000FFF7B0FB40B90920F9F70EFB4FF0FF340F
:10A32000204605B0BDE8F08305B10EB90E20F3E775
:10A33000B8F1290F00F094800CDCB8F1010F11D0B6
:10A34000B8F1060F00F08780B8F1000F00F08680AA
:10A350006D20E1E7B8F58D7F2DD0B8F5007FF7D1FE
:10A360001E2C79E0152C1FD00ADC042C15D0142CDF
:10A37000EED13246294605B0BDE8F04305F01EBFD8
:10A38000A4F12103012BE3D81020316804F016FF5B
:10A390000746002868D16920BEE73246294605B045
:10A3A000BDE8F04305F0FABE3246294605B0BDE8E7
:10A3B000F04305F012BF621E122AC9D801A151F85C
:10A3C00022F000BF3BA4010049A4010089A30100C1
:10A3D00089A301002DA4010011A4010051A30100D3
:10A3E00051A3010051A3010051A3010051A3010099
:10A3F0001FA4010051A3010089A3010089A301004A
:10A4000089A3010051A3010051A3010089A3010008
:10A410003246294605B0BDE8F04305F0EDBE3246B0
:10A42000294605B0BDE8F04305F0F8BE324629469E
:10A4300005B0BDE8F04305F003BF3246294605B03C
:10A44000BDE8F04305F00EBF3246294605B0BDE831
:10A45000F04305F019BF372C96D079E71F2CFBE7A6
:10A46000202C91D03E2CF7E7C0F81090404605F024
:10A47000A2FD7861204600F0E1F83946B86101AAF2
:10A4800047F20400D7F8008000F0FCF8044620B141
:10A49000404604F0C0FE20463EE77A6833684146F5
:10A4A0009A4228BF1A462846326005F057FF4046B8
:10A4B00004F0B1FE34E700BF10B543690C467BB130
:10A4C00091F820306FF3C30381F82030406900F029
:10A4D000C1F8044BA061BDE810401868F9F79EBAB6
:10A4E00010BD00BFA8F2002010B591F820300C4636
:10A4F0006FF3C30381F82030006960B9DBB223F049
:10A50000140343F0140381F82030054BBDE81040DC
:10A510001868F9F783BA00F09DF8A061F5E700BF6D
:10A52000A8F200202DE9F743DFF8FC900446D9F8A3
:10A5300000000191F9F78AFA074650B1019B002B00
:10A5400070D11023A3614FF0FF37384603B0BDE848
:10A55000F083606CD8B1EDF76BFE461C94F84B802D
:10A5600031464FEA880808F10C0004F027FE054642
:10A5700078B9204604F018FF08B16923A361D9F81F
:10A580000000F9F74BFA6920F9F7D6F9DBE73E4608
:10A59000E4E723684246036194F8483004F14C0133
:10A5A000037594F84A30183000F8023C94F84930AA
:10A5B00000F8033C94F84B3000F8013C05F0CEFE67
:10A5C000F6B13246616C286805F078FF6E6094F849
:10A5D0002030042043F008032A4647F2810184F822
:10A5E000203004F00BFE204604F0DEFE0028ACD143
:10A5F000204604F0D4FE40B9A0690028A5D0C3E7E6
:10A600002E706E70AE70EE70E0E7022001A9F9F7CF
:10A6100089F810F10B0F05D00028E9D00028B8BF49
:10A620004042B1E77420AFE7A8F2002003289CBFA6
:10A63000014B1856704700BF002D020002383C281D
:10A640009ABF034B53F820004FF0FF30704700BF14
:10A650004C2A020070289ABF024B53F8200002488F
:10A66000704700BF88280200ADBAADBA013804288F
:10A670009ABF034B53F820004FF0FF30704700BFE4
:10A68000742802004FF0FF3337B50D4DCA601446F1
:10A6900015600A4601460420019304F0AFFD2068CE
:10A6A000A84202D0FFF7D6FF08E0022001A9F9F77F
:10A6B00039F80028F3D00028B8BF404203B030BDBD
:10A6C000EEC100BC2DE9F041056807460C463DB1DE
:10A6D00001F47043B3F5005F04D1404BC3E90015AA
:10A6E000BDE8F0813E4E336863B144F2040291420A
:10A6F00064D00CD844F2020399424ED044F20303D2
:10A70000994253D03868BDE8F04104F07EBD44F270
:10A71000012221F4807393420FD044F20313994233
:10A72000F0D1304C206808B104F06FFD01222E4BAF
:10A730001A7025600420336826E0DFF8B080D8F86E
:10A74000000008B104F061FD44F201339C420CBFEB
:10A750000322022295F85170254B264C1A70C8F836
:10A76000005017F008053368227810D01AB9052078
:10A7700098470123237007F04107012F02D10220DF
:10A780003368984701203368BDE8F0411847002A34
:10A79000F1D0062098472570EDE7174C206808B1E6
:10A7A00004F033FD032033682560EDE70D4C20688D
:10A7B00008B104F02AFD00220B4BB9E72A78032ADE
:10A7C000A0D8DFE802F0020507090720984799E7BB
:10A7D0000820FBE70920F9E70A20F7E7BCF2002090
:10A7E000ACF20020B0F200203BF30020B8F20020D1
:10A7F0003CF300203DF30020B4F2002030B4074BBE
:10A800001C6844B143688589A4460268C1899BB22B
:10A81000E8B230BC604730BC704700BFC4F20020D3
:10A8200000210122074B1970074B1A70074B197052
:10A83000074B1960074B1960074B18600748F9F779
:10A84000ABB800BF3EF3002040F300203FF30020F0
:10A85000CCF20020D0F20020E0F20020C8F200206C
:10A86000024B186808B1F9F7D9B87047C8F2002050
:10A8700070B4284B1B68196958691A7C00221A7435
:10A880005C7C5A749C7C9A74DC7CDA741C7D1A752E
:10A890005C7D5A759C7D03299A75DC7DDA7529D01B
:10A8A000042929D001290FD185681B4E954210D16A
:10A8B0001A7A012100221972597A5A72997A9A7277
:10A8C000DA7A6FF05F02DA72144B70BC1868F9F72D
:10A8D000A5B8911C00EB81014C682178622907D052
:10A8E000633918BF0121490046F821400132DDE7F4
:10A8F0000121F9E7187ADEE7187A1972597A5A7243
:10A90000997A9A72DA7A6FF05F02DA720122044B56
:10A910001A70D9E7E0F20020D4F20020C8F200203B
:10A920003FF3002000B50F4B83B01B6801934FF03D
:10A9300000030C4B40B91A68019B5A404FF00003CA
:10A940000DD103B05DF804FB1A68019B5A404FF02B
:10A95000000304D103B05DF804EBF5F74DBE02F03F
:10A96000F5FA00BFB0D9012000B5094B83B01B68D0
:10A9700001934FF00003064B1A68019B5A404FF0B9
:10A98000000302D103B05DF804FB02F0DFFA00BF60
:10A99000B0D9012000B50E4B83B01B6801934FF076
:10A9A000000320B1C368587810F0010009D1084BAA
:10A9B0001A68019B5A404FF0000307D103B05DF8BD
:10A9C00004FB1878B0FA80F04009F0E702F0BEFA14
:10A9D000B0D9012000B50A4B83B01B6801934FF03A
:10A9E0000003084B9868064B1A68019B5A404FF0C9
:10A9F000000303D1843003B05DF804FB02F0A6FA33
:10AA0000B0D90120E4F20020064B82B01B6801930C
:10AA10004FF00003EFF31183202383F31288BFF379
:10AA20006F8FFEE7B0D9012010B5084B82B01B68CC
:10AA300001934FF000030446F3F72CF8044801217A
:10AA4000044AF3F787F92046FFF7DEFFB0D901206B
:10AA5000840C0200402B02002DE9F04383B0374BF9
:10AA600000AF1B687B604FF0000304460D46EFF318
:10AA70001188202383F31288BFF36F8F0428304B93
:10AA800098BF304AE9468AB09E6894BF52F82010B9
:10AA90002D491A7C6B46C3E9071240F201311A4670
:10AAA00099842A4998615961294B42F8103F002343
:10AAB0004FF431512748F3F7F1F9CD461DB1EB6959
:10AAC000C3F3080393BB2EB1304601F0F3F808B18D
:10AAD000037803B92048E9468AB06B4640F2013159
:10AAE0001A4619841D49C3E9066059611C4B42F896
:10AAF000103F00234FF411511648F3F7CFF92946C0
:10AB00002046CD46FFF790FF88F31188BFF36F8F83
:10AB10003046F4F7B1FC094B1A687B685A404FF095
:10AB2000000309D10C37BD46BDE8F08301210D4A71
:10AB30000848F3F70FF9C6E702F008FAB0D9012088
:10AB4000E4F200201C2C0200502B0200682B0200B3
:10AB500005000001840C0200602B0200B42B0200EF
:10AB600004000001902B020070B51B4A1B4B82B001
:10AB7000126801924FF00002421C53F8204053F833
:10AB80002260B44214D31BE053B12846984738B131
:10AB90000028B8BF4042FF28A8BFFF20EB6818700C
:10ABA000EA6808345378A64243F00103537007D98A
:10ABB000D4E90035002DE7D108349847A642F7D8EC
:10ABC000054B1A68019B5A404FF0000301D102B0B7
:10ABD00070BD02F0BBF900BFB0D90120402C0200CB
:10ABE000012270B5364B374988B00320364E374DB9
:10ABF000096807914FF000011A70FFF7B5FFF3F7EE
:10AC0000A7FF00F0C3F90420FFF7AEFFAE4223D246
:10AC10003446D4E90223D4E90001D4F824C0CDF8A5
:10AC200014C0D4F820C0CDF810C0D4F81CC0CDF8A2
:10AC30000CC0D4F818C0CDF808C0D4F814C0CDF8B2
:10AC400004C0D4F810C0CDF800C001F08FF823681C
:10AC50005C653034AC42DCD301F0CEFDAE421AD29A
:10AC6000194C1B4E04E001F069F83034AC4212D2AA
:10AC7000D4E90A23B3F1FF3F08BFB2F1FF3FF4D09C
:10AC800052EA03012068EED031461830303402F029
:10AC900099F9AC42ECD301F0D7FDEDF735FF0D4A41
:10ACA000137B23F001031373064B1A68079B5A406A
:10ACB0004FF0000301D108B070BD02F047F900BFAA
:10ACC00041F30020B0D90120CC0B0200CC0B0200D4
:10ACD0009DC00100E0E5002000B50B4B83B01B6870
:10ACE00001934FF00003084BD3F800C0019B93EA97
:10ACF0000C0C4FF0000304D103B05DF804EB05F039
:10AD00003ABB02F023F900BFB0D9012000B50B4BCC
:10AD100083B01B6801934FF00003084BD3F800C0C9
:10AD2000019B93EA0C0C4FF0000304D103B05DF8D3
:10AD300004EB05F013BB02F009F900BFB0D9012004
:10AD400000B50C480C4A0D4B83B0121A00211B6849
:10AD500001934FF00003FFF7BFFF084B1A68019BF8
:10AD60005A404FF0000302D103B05DF804FB02F03B
:10AD7000EDF800BF48CD002044F30020B0D90120F9
:10AD80002DE9F047294B84B01B6803934FF0000373
:10AD900005460C46264E3046FFF7FCFD58B1B36819
:10ADA000A2B25F683FB1294630460123B847002868
:10ADB000C4BF241A2D186CB3DFF878901E4EDFF84C
:10ADC0007C801F4FF8F704FC0346D9F80420A24604
:10ADD0000192D9F8002028469B1808FB03FC019A31
:10ADE000A3FB063E42F1000206FB02C2DB1942EB66
:10ADF0000E02042C28BF4FF0040AC9F80420029266
:10AE000002A95246C9F80030FFF780FFB4EB0A04EC
:10AE10005544D7D1054B1A68039B5A404FF00003A5
:10AE200002D104B0BDE8F08702F090F8B0D901205B
:10AE30007409020060C90020FDB0B087E62EBB2770
:10AE40002DF304B52DE98048002089B0FFF78CFE72
:10AE5000414B03F5006A8AF3088883F30A880024CB
:10AE6000E0223E4D4FF0010B85F82220EC772C7646
:10AE70006C76AC7685F820406A6ADFF8E49042F49C
:10AE8000E0226A6285F82340F4F724FAF4F720FD03
:10AE90004FF0FF32AA62EA62F4F7F4FFF4F7DAFD4A
:10AEA000F2F742FC40F201122E4F4846A9F80C205E
:10AEB000C9E9224403F07CF8C7F80890FFF754FD75
:10AEC0005846FFF751FE0220FFF74EFE042107A867
:10AED000FFF756FF244B079A244E1A601A68DFF8D2
:10AEE000908012021A6001F04DFD224B4FF4804217
:10AEF000214905933046214BCDE9034BCDE901446F
:10AF000000947E6100F032FF737B054623F004035A
:10AF10003046737301F030FA0F230393184B4FF44C
:10AF2000A072184905934046174BCDE90144CDF86E
:10AF300010B0009700F01AFF98F80D30294623F062
:10AF4000040330460D4A3C74C7F804A0C7F80C80CF
:10AF500088F80D30F4F778FC7010012000ED00E067
:10AF600078E70020E4F20020B0D90120E0E50020DD
:10AF700028E50020382C0200B0190120E1AB0100C7
:10AF8000302C020070180120D5B1010000B5094B2A
:10AF900083B01B6801934FF00003064B1A68019BB6
:10AFA0005A404FF0000302D103B05DF804FB01F0FA
:10AFB000CDFF00BFB0D9012030B5114C114D124B5F
:10AFC00083B0AC421B6801934FF000030BD2D4E96D
:10AFD000011204F10C0320461B6014345B60EEF791
:10AFE000DFFAAC42F3D3084B1A68019B5A404FF08A
:10AFF000000302D1002003B030BD01F0A7FF00BF65
:10B00000D4CB0020FCCB0020B0D901202DE9F04F9B
:10B010000646274B8BB0DDE914541B6809934FF0AB
:10B020000003904623462A4606A8894606F1140BDB
:10B0300002F094F9DDE90623CDE90223EFF3118153
:10B04000202787F31288BFF36F8F06F10C038A461F
:10B05000059315E025431AD0DDE9022306A802F086
:10B06000D1F9DDE9065451465846CDE90054059A18
:10B0700001F018FAEFF3118A87F31288BFF36F8F8C
:10B08000424649463046EEF7D7F90028E2D08AF327
:10B090001188BFF36F8F064B1A68099B5A404FF017
:10B0A000000302D10BB0BDE8F08F01F04FFF00BFED
:10B0B000B0D9012030B58C4614461D460B4B85B0E7
:10B0C0001B6803934FF0000362460421CDE900455D
:10B0D000FFF79CFF054B1A68039B5A404FF0000393
:10B0E00001D105B030BD01F031FF00BFB0D9012062
:10B0F00030B5194B83B01B6801934FF00003044631
:10B10000EFF31185202383F31288BFF36F8FEEF7DF
:10B11000FDF804F10C0001F0E1FB60B985F3118842
:10B12000BFF36F8F0C4B1A68019B5A404FF000031E
:10B1300010D103B030BD084B1A68019B5A404FF044
:10B14000000307D1294604F1140003B0BDE83040E4
:10B1500001F0EEBA01F0FAFEB0D9012030B51A497B
:10B160001A4D1B4B83B0A9421B6801934FF000039B
:10B170001AD24C698B6843EA040010F003001DD119
:10B180000A69C860013A04FB0232934201D908E01F
:10B190001A4610604B698C68D31AA3421046F7D246
:10B1A000CA601C31A942E4D30020094B1A68019BF4
:10B1B0005A404FF0000304D103B030BD6FF01500CA
:10B1C000F3E701F0C3FE00BFD4CB0020D4CB0020B6
:10B1D000B0D9012000B5084B83B01B6801934FF034
:10B1E00000032024EFF3118384F31288BFF36F8FE1
:10B1F000F4F788FBF6E700BFB0D9012000B503469D
:10B200000B4A002083B0126801924FF000021B60CD
:10B21000C3E902005B60064B1A68019B5A404FF07D
:10B22000000302D103B05DF804FB01F08FFE00BF04
:10B23000B0D9012070B5434986B0096805914FF037
:10B2400000010446EFF31185202181F31288BFF33A
:10B250006F8FC168A9B93C4B986890F90E300131E5
:10B26000C4E90313A06085F31188BFF36F8F00203A
:10B27000344B1A68059B5A404FF0000360D106B06A
:10B2800070BD3148A6688068864201D12369E6E72F
:10B2900052EA03014DD090F90E1096F90E006FF0AE
:10B2A0007E0C8142A8BF01466145B8BF6146884215
:10B2B00036DC00260092294622462448019301F0FC
:10B2C000F1F80028D3D0EFF31185202383F31288FF
:10B2D000BFF36F8FA06890B1236821699C420AD0A8
:10B2E0004BB193F90E309942A8BF19466FF07E0317
:10B2F0009942B8BF194690F90E30994207D156B914
:10B3000085F31188BFF36F8F6FF00A00B0E701F08B
:10B31000A9F90028F3D029460C4801F009FAF3E70F
:10B320003046CDE9022301F09DF9DDE9022306460E
:10B33000C0E785F31188BFF36F8F6FF00F0097E7B9
:10B3400001F004FEB0D90120E4F2002004F3002053
:10B3500030B5264B83B01B6801934FF00003836820
:10B36000002B3ED0224A9268934237D1C3680446EC
:10B37000012B0BD9013BC36000201C4B1A68019BB9
:10B380005A404FF000032FD103B030BDEFF31185C9
:10B39000202383F31288BFF36F8F8068216990F9AF
:10B3A0000E30994217D1204601F0F0F8A06060B14C
:10B3B00090F90E2022610022C0F8B02000F0DCFFDE
:10B3C00029460C4801F0B4F9D6E7E06085F311880E
:10B3D000BFF36F8FD0E701F045F9E4E74FF0FF309E
:10B3E000CBE76FF01500C8E701F0B0FDB0D9012040
:10B3F000E4F2002004F300202DE9F0433C4C83B03C
:10B40000246801944FF00004064615461C469DF83A
:10B4100028C000F10808EFF31189202383F3128874
:10B42000BFF36F8FBCF1000F29D04768404601F091
:10B43000ADF850BB002C33D12C60002F3AD03B68C4
:10B44000032B40D923F0030323432B603B6803F015
:10B4500003031D433D60042106F1100002F092FC3D
:10B460004946404601F064F90020214B1A68019BCF
:10B470005A404FF0000339D103B0BDE8F083404695
:10B480000F4601F083F80028D4D000224561C0F8AF
:10B49000B02000F071FF4946404601F049F9E3E76A
:10B4A000082102F09FFDD0B10124456004600546EB
:10B4B000002FC4D1336823432B6073683560002BA1
:10B4C000C9D17560C7E72C6072682AB1136803F0B0
:10B4D00003032B431360F4E735607560BBE789F322
:10B4E0001188BFF36F8F6FF00B00BEE701F02EFDE8
:10B4F000B0D9012010B5002301240A460A4984B0BE
:10B50000096803914FF0000119460094FFF774FF9A
:10B51000054B1A68039B5A404FF0000301D104B059
:10B5200010BD01F013FD00BFB0D9012070B5204956
:10B5300084B0096803914FF00001EFF311852024D6
:10B5400084F31288BFF36F8F0468F4B123684268F4
:10B5500023F00303944208BF4360036023689B0702
:10B560000DD185F31188BFF36F8F114B1A68039BC0
:10B570005A404FF0000318D1204604B070BD6668F1
:10B58000204602F0C9FC3446EBE752EA0301E8D05A
:10B590000830009229460246019300F083FF0028FC
:10B5A000E3D1044B9B685C69DFE701F0CFFC00BF8F
:10B5B000B0D90120E4F2002000B5124B83B01B6823
:10B5C00001934FF00003BAB18A4215D3034600F14C
:10B5D000100C0020C3E902121B605B60C3F810C0AE
:10B5E000C3F814C0074B1A68019B5A404FF0000380
:10B5F00005D103B05DF804FB6FF01500F2E701F030
:10B60000A5FC00BFB0D9012030B5194B83B01B6831
:10B6100001934FF000030446EFF31185202383F3D9
:10B620001288BFF36F8F00F0B1FF90B10022C0F815
:10B63000B02000F0A1FE0E4B1A68019B5A404FF05B
:10B64000000312D129460B4803B0BDE8304001F099
:10B650006FB8D4E902329A4218BF0133022104F1D3
:10B660001000A36002F08EFBE5E701F06FFC00BF65
:10B67000B0D9012004F3002030B5194985B009681C
:10B6800003914FF000011546EFF31181202282F360
:10B690001288BFF36F8F84687CB1013C846081F3B2
:10B6A0001188BFF36F8F00200D4B1A68039B5A401F
:10B6B0004FF0000312D105B030BD55EA030206D0A9
:10B6C0000246CDE90053074800F0ECFEECE781F3B9
:10B6D0001188BFF36F8F6FF00F00E5E701F036FCC4
:10B6E000B0D9012004F3002010B5104B86B003AC94
:10B6F00093E8030084E8030000940D4C4FF0FF33FF
:10B700004FF480420B490C48246805944FF0000424
:10B7100000F0E4F9064B1A68059B5A404FF000030D
:10B7200002D1002006B010BD01F010FC000D020097
:10B73000B0D90120B059012098E600202DE9F04F42
:10B7400020254FF0FF384FF0FF3904464B4B89B0AE
:10B750001B6807934FF00003494E00F1C80300F146
:10B76000C00A0593EFF3118B85F31288BFF36F8F37
:10B77000D4F8B870002F61D0D4F8BC003968874283
:10B78000C4F8B81008BFC4F8BC10D4F8D01041F009
:10B790000201C4F8D010F868796820F0040040F085
:10B7A0000100F8608BF31188BFF36F8F384688472C
:10B7B000EFF3118B85F31288BFF36F8FF868C10622
:10B7C00020F0010331D4FB609A070ED4D4F8D030B6
:10B7D00023F00203C4F8D0308BF31188BFF36F8FCE
:10B7E000DB05BFD401F0EAF8BCE7306823F00203C0
:10B7F000FB600028EAD0426800239742016807D026
:10B800000029E3D003460846426809689742F7D109
:10B8100002686BB31A607268824208BF73600023CB
:10B8200040F8083BFFF7F0FED0E720F01100F86089
:10B8300007F11000FFF7E8FEFB68C5E7D4F8D02059
:10B8400022F004015007C4F8D01009D40023524656
:10B850005946CDE9008902930A4801F061FA81E76F
:10B8600000220121059801F01BFA0028F8D1EDE72C
:10B87000736832608342D2D17260D0E7B0D90120C0
:10B8800070E7002004F30020F0B5374B83B01B684D
:10B8900001934FF00003C3680D469A07C3F34006B7
:10B8A00019D45F071AD500232B602F4B1A68019B10
:10B8B0005A404FF0000355D1304603B0F0BD00F0C0
:10B8C000BBF9D7F8D030A8B9D907C3F3C00246D521
:10B8D000D2B15A0718D46FF00F06E4E70F68044698
:10B8E0003FB3DB072AD40126204B9B68BB42E6D03E
:10B8F000D7F8D030D807C3F3800230D5002AEAD178
:10B90000C3F3C003002BE6D100232360D7F8BC307B
:10B91000E3B11C60C7F8BC40002207F1C00011462B
:10B9200001F0BEF9E36843F00403E3602B68A36011
:10B93000BBE787680F60C368DE070CD5A7680226DF
:10B940002F60002FD0D16FF01506ACE7C7F8B840D4
:10B95000C7F8BC40E0E70126002FC5D1F3E76FF040
:10B960001206A0E701F0F2FAB0D90120E4F20020BB
:10B9700010B5164B82B01B6801934FF00003EFF334
:10B980001184202383F31288BFF36F8F002250F8B5
:10B99000043C009223F008011B0740F8041C0CD45F
:10B9A00084F31188BFF36F8F084B1A68019B5A40CC
:10B9B0004FF0000308D102B010BD8369694610380A
:10B9C0000093FFF761FFEBE701F0C0FAB0D9012067
:10B9D00010B5104B84B01B6803934FF00003019027
:10B9E0000846EFF31184202383F31288BFF36F8F8F
:10B9F00001A9FFF749FF84F31188BFF36F8F054B4F
:10BA00001A68039B5A404FF0000301D104B010BDE7
:10BA100001F09CFAB0D9012070B5164B82B01B68BA
:10BA200001934FF0000300900846EFF311862025A4
:10BA300085F31288BFF36F8F6946FFF725FF044631
:10BA400086F31188BFF36F8F002807DDEFF31180B5
:10BA500085F31288BFF36F8F00F09CFE054B1A68C8
:10BA6000019B5A404FF0000302D1204602B070BD46
:10BA700001F06CFAB0D9012070B5164B164A82B0AD
:10BA8000126801924FF000020093EFF31186202517
:10BA900085F31288BFF36F8F6946FFF7F5FE044602
:10BAA00086F31188BFF36F8F002807DDEFF3118055
:10BAB00085F31288BFF36F8F00F06CFE064B1A6897
:10BAC000019B5A404FF0000302D1204602B070BDE6
:10BAD00001F03CFA98E60020B0D90120F0B5254CE1
:10BAE00000268BB0246809944FF000040446C0F887
:10BAF000B860C0F8BC60109DC030C4E9300004F1EB
:10BB0000C800C4E932008DB32E7940F20110002E36
:10BB100008BF01204FF0FF364FF0FF37C4F8D000C8
:10BB2000CDE90667002603932046CDE90166124B56
:10BB30000094049600F078F935B1296811B12046D7
:10BB400000F094F86B7963B90A4B1A68099B5A4064
:10BB50004FF000030CD120460BB0BDE8F04000F0E0
:10BB6000EDB8237B43F001032373EDE70120D1E718
:10BB700001F0ECF9B0D901203DB70100F0B5204C3F
:10BB800085B0246803944FF0000416460C461D4609
:10BB90000190EFF31187202383F31288BFF36F8F97
:10BBA000CB6823F008021B07CA6022D455EA0603BB
:10BBB0001AD0E36804F1100043F00801E160019934
:10BBC0003246A1622B460F4901F0FCF9012087F3B0
:10BBD0001188BFF36F8F0A4B1A68039B5A404FF0CE
:10BBE00000030BD105B0F0BD204601A9FFF74CFEC4
:10BBF000EDE701F1100001F083FAD7E701F0A6F9B3
:10BC0000B0D9012071B9010000B50A4B83B01B689F
:10BC100001934FF00003074B006040601A68019BDE
:10BC20005A404FF0000303D1002003B05DF804FB3D
:10BC300001F08CF9B0D9012000B50B4B83B01B6823
:10BC400001934FF00003EFF30580074B003818BF56
:10BC500001201A68019B5A404FF0000302D103B043
:10BC60005DF804FB01F072F9B0D9012010B50F4B5B
:10BC700082B01B6801934FF0000388B104461F2275
:10BC800004F1620004F01AFC0020084B84F88100E3
:10BC90001A68019B5A404FF0000304D102B010BD56
:10BCA000034B9C68EBE701F051F900BFB0D90120CC
:10BCB000E4F2002000B5094B83B01B6801934FF0FC
:10BCC0000003064B1A68019B5A404FF0000303D152
:10BCD000623003B05DF804FB01F038F9B0D90120FF
:10BCE00000B5144B144A83B0126801924FF0000261
:10BCF0009A68537B13F001030FD1D2F888201168A2
:10BD0000B1F1F03F09D04FF0F031116083F31188A9
:10BD1000BFF36F8F0223184602DF074B1A68019B9F
:10BD20005A404FF0000302D103B05DF804FB01F06C
:10BD30000DF900BFE4F20020B0D9012000B50A4B94
:10BD400083B01B6801934FF00003074B1A68019BF7
:10BD50005A404FF0000304D103B05DF804EB00F04B
:10BD60002DBB01F0F3F800BFB0D901202DE9F04F51
:10BD700000274FF0040E2A4C87B04FF0F03C4FF0F4
:10BD800000084FF00009246805944FF000040446B1
:10BD9000109D07320095119DDDF854B0019522F0F9
:10BDA0000705129A80F80DE08760C7730292139A14
:10BDB00001EB050A8273149AC0E90689027300F147
:10BDC0005802C0E91622C1F800C05246C0E9235704
:10BDD000C0F88810F3F7EAFC6765BBF1000F19D0D3
:10BDE0001F22594604F1620004F068FB84F8817058
:10BDF0000C4B9B680BB1D3F89430C4F89430084BCB
:10BE00001A68059B5A404FF0000306D1504607B010
:10BE1000BDE8F08F84F862B0EAE701F097F800BF60
:10BE2000B0D90120E4F200202DE9F04F00264FF0B8
:10BE3000040E4FF0F03C4FF000084FF000092A4C80
:10BE400087B0246805944FF00004DDE916BA044673
:10BE5000109D07320095119D019522F00705129A59
:10BE600080F80DE08660C6730292139AC0E90689D5
:10BE70008273149A027300F15802C0E91622C1F8C5
:10BE800000C04A19C0E92356C0F88810F3F78EFCA9
:10BE9000164B66659B6884F862600BB1D3F89430EA
:10BEA000BAF1FF3F08BFBBF1FF3FC4F894300AD19D
:10BEB0000D4B1A68059B5A404FF0000312D12046E3
:10BEC00007B0BDE8F08F5AEA0B0303D1204600F01B
:10BED00075FAEDE75A465346054904F1180001F09A
:10BEE00071F8E5E701F032F8B0D90120E4F2002062
:10BEF0009DC0010030B5164D164A2B4653F8184F19
:10BF000083B09C42126801924FF000021BD0D4B162
:10BF1000AB6890B95A7BD2060FD1A2696AB9DA89A7
:10BF20007F2A0AD91C460B4B6C611A68019B5A4048
:10BF30004FF0000309D103B030BD9C42F3D020463E
:10BF400000F034FFEFE7EC68E2E700F0FFFF00BF2E
:10BF5000E4F20020B0D9012070B5254B82B01B68F7
:10BF600001934FF0000390F90D30427B002B01DB71
:10BF7000D30608D01E4B1A68019B5A404FF00003AD
:10BF800033D102B070BD8369002BF3D1194E62F03A
:10BF90007F023546427355F8183FF469AB4208BF3B
:10BFA00000235BB190F90E2093F90E108A4201D064
:10BFB000914214DCA34201D01B68F2E7C0E90054AF
:10BFC0002060F0610A4B1A68019B5A404FF0000351
:10BFD0000BD1002002B0BDE87040FFF78BBF5A685C
:10BFE000C0E9003210605860ECE700F0AFFF00BF1E
:10BFF000B0D90120E4F2002030B590F90D20254B96
:10C0000083B0002A1B6801934FF0000304460D46DD
:10C01000437B09DA002203F07F034168437303681E
:10C020000B605960026042601B4B9868001BB0FABD
:10C0300080F04009FFF75EFF637B43F00203637308
:10C04000B5B1A5602B689D420DD063B194F90E2067
:10C0500093F90E00824201D0904212DC6A6893424A
:10C0600002D01B68F1E76A68C4E9005214606C6092
:10C07000084B1A68019B5A404FF0000307D103B0E8
:10C0800030BD5A68C4E9003214605C60F0E700F02B
:10C090005DFF00BFB0D90120E4F20020D0B51C4BF9
:10C0A00082B01B6801934FF00003EFF3118420234B
:10C0B00083F31288BFF36F8F10F80B3C13F0280244
:10C0C00017D150F8101C69B150E90631002600273D
:10C0D0000B60596010F80B3C40E9066740F8102CE3
:10C0E00003F0FD0323F0140300F80B3C1838FFF7AE
:10C0F00033FF84F31188BFF36F8F054B1A68019BE0
:10C100005A404FF0000301D102B0D0BD00F01EFF35
:10C11000B0D90120002A2DE9F0430CBF10270827D1
:10C12000594B83B01B6801934FF00003437B0546D6
:10C1300017EA0302884612D0544CA368AB4233D0AE
:10C1400088F31188BFF36F8F4F4B1A68019B5A40D9
:10C150004FF0000340F0958003B0BDE8F08347EA5C
:10C160000301DB0933D1082F41733BD04FF00009A5
:10C17000464CA368A669464A96426CD0002E6AD007
:10C180009E4202D0304600F011FE102F666102D0B0
:10C19000B9F1000F61D1BFF35F8F6B7B23F06003B8
:10C1A0006B73A368AB42CBD1EFF30583002BC7D1F0
:10C1B000FFF796FD344B1A68019B5A404FF000037D
:10C1C0005FD1404603B0BDE8F043F3F783B901F017
:10C1D0007F01082F4173D0E900310B605960C0E93D
:10C1E0000022C3D1AB685BB1D5E9003213605A605D
:10C1F00000236A7BC5E9003322F002026A73AB6058
:10C2000005F1180000F07CFFAC6D05F15809A1455F
:10C210001AD0CCB1002600E0B4B1D4E900321360EA
:10C220005A60637B266023F0020363736660A66036
:10C2300004F1180000F064FF2046C4F8B060FFF776
:10C240008BFEAC6DA145E7D1104CA3689D4210D088
:10C250004FF000098EE7E66892E740F201120023F2
:10C260000C4E3046C6E92233B28101F0A1FEA66031
:10C2700091E7EFF30589B9F1000918BF4FF0010903
:10C2800078E700F063FE00BFB0D90120E4F200209F
:10C29000FCF2002078E7002000B50D4B83B01B684E
:10C2A00001934FF0000390F90E3091F90E00834294
:10C2B00018BFC01A064B08BF00201A68019B5A40DD
:10C2C0004FF0000302D103B05DF804FB00F03EFE26
:10C2D000B0D9012070B590F90D20254B82B0002A0D
:10C2E0001B6801934FF00003437B0ADAD0E9001486
:10C2F000002203F07F03437321604C60437B0260A4
:10C3000042601C4D63F07F032E46437356F8183F7E
:10C31000EC69B34208BF002363B190F90E2093F992
:10C320000E108A4201D0914219DCA34202D01B6850
:10C33000002BF2D1C0E900642060E8610C4B1A6860
:10C34000019B5A404FF000030FD1AB68181AB0FAA6
:10C3500080F0400902B0BDE87040FFF7CBBD5A68DD
:10C36000C0E9003210605860E8E700F0EFFD00BF60
:10C37000B0D90120E4F2002010B50F4B82B01B6849
:10C3800001934FF00003EFF31184202383F312880D
:10C39000BFF36F8FFFF7E0FD84F31188BFF36F8F5A
:10C3A000054B1A68019B5A404FF0000301D102B0BF
:10C3B00010BD00F0CBFD00BFB0D9012030B51F4B40
:10C3C00083B01B6801934FF00003EFF31184202228
:10C3D00082F31288BFF36F8F427B53070CD484F330
:10C3E0001188BFF36F8F154B1A68019B5A404FF0AD
:10C3F000000320D103B030BD22F004024273FFF7E6
:10C40000ABFD002CEBD1EFF30585002DE7D10C4BF4
:10C410005A699B689A42E2D0FFF762FC074B1A68A0
:10C42000019B5A404FF0000305D1284603B0BDE8F8
:10C430003040F3F74FB800F089FD00BFB0D90120BC
:10C44000E4F2002030B5164B83B01B6801934FF027
:10C450000003EFF31181202383F31288BFF36F8F62
:10C4600083686BB1D0E900320024002513605A6064
:10C470000022437BC0E9004523F00203437382603E
:10C4800081F31188BFF36F8F054B1A68019B5A40E7
:10C490004FF0000301D103B030BD00F057FD00BFE5
:10C4A000B0D90120F0B51B481B4C83B00068019047
:10C4B0004FF00000194BA0680E46089F1146099DD9
:10C4C0001860EFF31183202383F31288BFF36F8F7B
:10C4D000A4682046FFF790FDB5F1FF3F08BFB7F114
:10C4E000FF3F06D03A462B460D4904F1180000F0F4
:10C4F00069FDFFF7F5FB074B1A68019B5A404FF0A7
:10C50000000305D1304603B0BDE8F040F2F7E2BFCA
:10C5100000F01CFDB0D90120E4F2002004F300205B
:10C520009DC0010030B5184B83B01B6801934FF0DC
:10C5300000030346EFF31182202181F31288BFF339
:10C540006F8F006883421BD068B1D0E900310024AE
:10C5500000250B6059600021437BC0E9004523F0B2
:10C5600002034373816082F31188BFF36F8F064B20
:10C570001A68019B5A404FF0000303D103B030BD4D
:10C580000020F0E700F0E2FCB0D90120F0B51A4B32
:10C5900083B01B6801934FF00003EFF31185202354
:10C5A00083F31288BFF36F8F0468A04220D08CB150
:10C5B000D4E900320026136000275A600022637B12
:10C5C000C4E9006723F00203637304F11800A2605A
:10C5D00000F096FD85F31188BFF36F8F064B1A6844
:10C5E000019B5A404FF0000304D1204603B0F0BD38
:10C5F0000024EFE700F0AAFCB0D9012030B5184BB9
:10C6000083B01B6801934FF00003EFF311812023E7
:10C6100083F31288BFF36F8F83686BB1D0E9003268
:10C620000024002513605A600022437BC0E90045C6
:10C6300023F002034373826081F31188BFF36F8F8D
:10C64000074B1A68019B5A404FF0000305D1183080
:10C6500003B0BDE8304000F053BD00F077FC00BFF0
:10C66000B0D90120F0B5304B83B01B6801934FF077
:10C6700000030446EFF31185202383F31288BFF3F0
:10C680006F8F437B49B2DA0601D1826972B1002013
:10C69000A17385F31188BFF36F8F234B1A68019B39
:10C6A0005A404FF000033DD103B0F0BD03F07F03CB
:10C6B0004373426803681D4E13605A6000230022D2
:10C6C0003746C0E90023437B817363F07F034373E4
:10C6D00057F8183FF069BB4208BF00234BB193F9EC
:10C6E0000E20914201D08A4216DC834201D01B68A1
:10C6F000F4E7C4E900700460F461B469BC4209D095
:10C7000044B1B3689C4202D0204600F04FFB0120A8
:10C710007461BEE7F468F4E75A68C4E90032146053
:10C720005C60EAE700F012FCB0D90120E4F20020DE
:10C7300010B5164B82B01B6801934FF0000311B97E
:10C74000EFF3058464B181F31188BFF36F8F0F4B52
:10C750001A68019B5A404FF0000315D102B010BD7A
:10C760000B4B5A699B689A42EDD0FFF7B9FA074B19
:10C770001A68019B5A404FF0000305D1204602B0D1
:10C78000BDE81040F2F7A6BE00F0E0FBB0D90120F2
:10C79000E4F2002010B5164B82B01B6801934FF0F5
:10C7A000000310B9EFF3058464B180F31188BFF37F
:10C7B0006F8F0F4B1A68019B5A404FF0000315D141
:10C7C00002B010BD0B4B5A699B689A42EDD0FFF73F
:10C7D00087FA074B1A68019B5A404FF0000305D1B6
:10C7E000204602B0BDE81040F2F774BE00F0AEFB88
:10C7F000B0D90120E4F2002000B5114B83B01B68D2
:10C8000001934FF00003EFF31181202383F312888B
:10C81000BFF36F8F0B4B9A68D37B013BD37381F3CC
:10C820001188BFF36F8F064B1A68019B5A404FF077
:10C83000000302D103B05DF804FB00F087FB00BFEA
:10C84000B0D90120E4F2002070B5224B82B01B6801
:10C8500001934FF00003EFF31186202484F3128834
:10C86000BFF36F8F1C4D0020AA68D37B0133D373B5
:10C87000FFF740FB86F31188BFF36F8FEFF311834F
:10C8800084F31288BFF36F8F13B9EFF3058464B19B
:10C8900083F31188BFF36F8F0E4B1A68019B5A40C8
:10C8A0004FF0000314D102B070BD6969AA689142CB
:10C8B000EED0FFF715FA074B1A68019B5A404FF06C
:10C8C000000305D1204602B0BDE87040F2F702BE79
:10C8D00000F03CFBB0D90120E4F200202DE9F04744
:10C8E0000468274B82B084421B6801934FF0000319
:10C8F00041D0002C3FD005464FF0200800260027ED
:10C900004FF0000900E05CB3EFF3118188F3128867
:10C91000BFF36F8FA3685BB1D4E9003213605A6034
:10C92000637BC4E9006723F002036373C4F80890D3
:10C9300081F31188BFF36F8F04F1180000F0E0FB62
:10C94000EFF3118A88F31288BFF36F8F2046FFF749
:10C9500003FB8AF31188BFF36F8F2C68A542D2D1F5
:10C960000120074B1A68019B5A404FF0000304D185
:10C9700002B0BDE8F0870020F3E700F0E7FA00BF5F
:10C98000B0D9012000B50B4A0B4B83B01B68019353
:10C990004FF00003134643F81829DA61064B1A6872
:10C9A000019B5A404FF0000302D103B05DF804FB35
:10C9B00000F0CCFAFCF20020B0D90120F0B52E4BEB
:10C9C00083B01B6801934FF00003EFF3118620231F
:10C9D00083F31288BFF36F8F284DAB682F465A7BC5
:10C9E000586802F07F025A7300221968016048609B
:10C9F0001A605A60A868437B63F07F03437357F85B
:10CA0000183FEC69BB4208BF134663B190F90E2092
:10CA100093F90E108A4201D0914224DCA34202D045
:10CA20001B68002BF2D1C0E900742060E861AC699A
:10CA3000BC4216D0ACB1AB689C4202D0204600F09C
:10CA4000B5F96C61FFF74CF90B4B1A68019B5A4022
:10CA50004FF000030DD1304603B0BDE8F040F2F7CF
:10CA600039BDEC68E7E75A68C0E9003210605860E9
:10CA7000DDE700F06BFA00BFB0D90120E4F200203E
:10CA80002DE9F041334B82B01B6801934FF0000356
:10CA900050EA010359D0831C71F1FF3305460E465D
:10CAA0004FDA6FF00104241AEFF31187202383F388
:10CAB0001288BFF36F8FDFF8A080284AD8F80830BB
:10CAC00093F90D10136000295A7B29DB0120FFF731
:10CAD00011FAD8F80800224918302A46334600F0E7
:10CAE00071FAD8F80820537B43F010035373FFF713
:10CAF000F7F83846F2F7EEFC00F0D0FB201A63EBB3
:10CB00000303012873F1000300DA0020114B1A68B7
:10CB1000019B5A404FF000031AD102B0BDE8F081EA
:10CB200002F07F025A730022D3E9001001604860CE
:10CB30001A605A60D8F80800C01AB0FA80F04009AC
:10CB4000C5E700F0ABFB4419AEE7FFF737FFDCE7C2
:10CB500000F0FCF9B0D90120E4F2002004F3002039
:10CB60009DC00100B1F1FF3F08BFB0F1FF3F10B51C
:10CB70001C4B82B01B6801934FF0000314D0FFF7E9
:10CB80007FFF4FF47A7147F6FF730022C0FB01323A
:10CB9000D80B40EA4240134B1A68019B5A404FF0B1
:10CBA00000031DD102B010BD0F4B9C6804F11800AA
:10CBB00000F0A6FAEFF31181202383F31288BFF36C
:10CBC0006F8F637B13F0100206D081F31188BFF3DF
:10CBD0006F8F4FF0FF30DEE72046FFF79BFAF8E754
:10CBE00000F0B4F9B0D90120E4F2002000B50A4BFE
:10CBF00083B01B6801934FF00003084B9868064B05
:10CC00001A68019B5A404FF0000302D103B05DF84F
:10CC100004FB00F09BF900BFB0D90120E4F2002032
:10CC200000B51E4B83B01B6801934FF00003EFF378
:10CC30001181202282F31288BFF36F8F027BD2070B
:10CC40001DD4437B1B070DD581F31188BFF36F8F74
:10CC5000124B1A68019B5A404FF000031CD103B0DD
:10CC60005DF804FB0D4B1A68019B5A404FF000031E
:10CC700012D1012203B05DF804EBFFF74BBA81F348
:10CC80001188BFF36F8F002383F31188BFF36F8F79
:10CC90000423184602DFDBE700F058F9B0D9012081
:10CCA000F0B51E4B83B01B6801934FF00003EFF308
:10CCB0001185202383F31288BFF36F8F0468A0428D
:10CCC00028D02CB362610026002200276068236808
:10CCD000C4F8B01003605860637BA26023F00203C5
:10CCE0006373C4E9006704F1180000F009FA2046F4
:10CCF000FFF732F9012085F31188BFF36F8F074BDF
:10CD00001A68019B5A404FF0000305D103B0F0BDF3
:10CD10002046F0E70020EEE700F018F9B0D9012036
:10CD200010B584B0DDE90634CDE900340B4B089C26
:10CD30001B6803934FF00003FFF7B4FB1CB1084BD3
:10CD40009B685B692360054B1A68039B5A404FF050
:10CD5000000301D104B010BD00F0F8F8B0D90120F3
:10CD6000E4F2002010B501220C4B82B01B68019345
:10CD70004FF000030A4C0B49001BC01001FB00F0F0
:10CD8000094B1A54054B1A68019B5A404FF0000397
:10CD900001D102B010BD00F0D9F800BFB0D9012018
:10CDA00030E80020ABAAAAAA08F3002070B5214BF6
:10CDB00082B01D7C204B214E1B6801934FF0000375
:10CDC00005EB450306EBC3060446304600F098F930
:10CDD00000221B4B5A55E3897F2B02D8194B1A6846
:10CDE00042B9154B1A68019B5A404FF000031ED1FF
:10CDF00002B070BD144B94F90E101B689942F0DB21
:10CE0000637BDB06EDD1114B9C42EAD00A49013A23
:10CE10000868019948404FF000014FEAE27306D1DB
:10CE200030460B4902B0BDE8704000F0CBB800F0CE
:10CE30008DF800BFE4F20020B0D9012030E80020D6
:10CE400008F3002010F300200CF3002028E5002058
:10CE500065CD010030B5204B83B01B6801934FF0C6
:10CE60000003EFF31185202383F31288BFF36F8F44
:10CE70001A4A1B4B94681868A0421BD00021127CF0
:10CE800018481960825CBAB1E3897F2B14D8164B1D
:10CE90001B688BB1154B94F90E201B689A420BDB73
:10CEA000637BDB0608D1124B9C4205D02046FFF77E
:10CEB00011FA2046FFF77AFF85F31188BFF36F8FD1
:10CEC000054B1A68019B5A404FF0000301D103B093
:10CED00030BD00F03BF800BFB0D90120E4F20020E3
:10CEE00004F3002008F3002010F300200CF30020CE
:10CEF00028E5002000B50E480E4A0F4B83B0121AE9
:10CF00000E491B6801934FF00003FDF7FFFE0A4B2B
:10CF10001A68019B5A404FF0000307D1084A09499B
:10CF2000094803B05DF804EBFDF7F0BE00F00EF821
:10CF300080C5002048CD0020B0D90120942E0200E9
:10CF4000000000007C2E020080C50020064B82B04D
:10CF50001B6801934FF00003002383F31188BFF394
:10CF60006F8F0223184602DFB0D9012010B5134B92
:10CF7000134A82B0126801924FF000025A680368A7
:10CF800082420AD04BB1D3E90421046912194469E1
:10CF90001A6141EB040159610368002241680B608A
:10CFA0005960074B026042601A68019B5A404FF07B
:10CFB000000301D102B010BDFFF7C8FFD4CA0020A2
:10CFC000B0D90120B3F1FF3F08BFB2F1FF3FF0B588
:10CFD000474C83B0246801944FF000044DD00646BE
:10CFE00014468160EFF31187202181F31288BFF38B
:10CFF0006F8F013273F1FF3248DA18466FF0010388
:10D000003C49D1E900259B1A4FF0FF3262EB050540
:10D010001C1B65EB0005012C75F1000301DA0124EE
:10D020000025DFF8D4C0C6E90445DCE900206245EC
:10D0300011D082B1D2E904319C4275EB010E32DB92
:10D04000E31A65EB010590421C46C6E9043502D09F
:10D050001268002AEED1C6E900C00660CCF8046070
:10D06000DCF80030634504D09E4202D1234B1B689C
:10D0700023B387F31188BFF36F8F1D4B1A68019B91
:10D080005A404FF0000330D103B0F0BD1B4A0134C9
:10D09000126843F10005002AC3D1F6F761FA0419BA
:10D0A00045EBE075BDE71B1B61EB0501C2E90431EF
:10D0B0005368C6E900231E605660D1E7F6F750FAC0
:10D0C000D6E904320146181A62EBE173002BBCBFAB
:10D0D00000200023B0F1004F73F10003A8BF6FF0F0
:10D0E00000400021F6F7E0F9C3E7FFF72FFF00BF8C
:10D0F000B0D9012048E80020D4CA002014F3002051
:10D1000010B5124B82B01B6801934FF00003EFF390
:10D110001184202282F31288BFF36F8F03687BB1E2
:10D12000FFF724FF002084F31188BFF36F8F074BB4
:10D130001A68019B5A404FF0000304D102B010BDA1
:10D140006FF01500EFE7FFF701FF00BFB0D9012036
:10D150002DE9F04F4D4A83B0126801924FF0000262
:10D160000346EFF311884FF0200989F31288BFF3CB
:10D170006F8FDFF81CA1474FDAF800603860564522
:10D1800068D0002E75D0444DD6E90442D917A34289
:10D1900071EB020C28DBD5E900324FF0000C4FF0A8
:10D1A000000B1B1942EBE4723046C6E904BCC5E92A
:10D1B0000032FFF7DBFE88F31188BFF36F8F304634
:10D1C000B3689847EFF3118889F31288BFF36F8F24
:10D1D0003B68DAF800601B1B56453B603BD0002ED5
:10D1E000D2D13446D91706E0E41A346162EB010269
:10D1F000DAF80040726100223A602A68D2186B683F
:10D200002A6043EB010354456B602DD0F6F7A8F973
:10D2100064B3D4E904321B1A62EBE072B3F1004F3D
:10D2200072F1000122DA002AACBF1846002000216A
:10D23000F6F73AF988F31188BFF36F8F134B1A682A
:10D24000019B5A404FF000031DD103B0BDE8F04FE1
:10D25000FFF700BE104D00212A683960D2182A60FD
:10D260006A6842EBE3726A60F6F77AF96FF00040A1
:10D27000DDE709493E60D1E90020D21840EBE370B8
:10D28000C1E90020F0E7FFF761FE00BFB0D901203F
:10D29000D4CA002014F3002048E8002010B5134B36
:10D2A00082B01B6801934FF00003EFF31184202339
:10D2B00083F31288BFF36F8F0D4B1B6883B100207F
:10D2C0000C4B1B68C01884F31188BFF36F8F074B9A
:10D2D0001A68019B5A404FF0000304D102B010BD00
:10D2E000F6F73EF9ECE7FFF731FE00BFB0D90120B9
:10D2F00014F3002048E8002010B5154B82B01B68DD
:10D3000001934FF00003EFF31184202383F312887D
:10D31000BFF36F8F0F4B1B68A3B1002001460E4B6C
:10D320001A685B68801841EB030184F31188BFF32E
:10D330006F8F074B1A68019B5A404FF0000305D1CD
:10D3400002B010BDF6F70CF9C117E8E7FFF7FEFDD4
:10D35000B0D9012014F3002048E80020B3F1FF3FCA
:10D3600008BFB2F1FF3FF0B5234983B009680191CE
:10D370004FF0000104461BD016461A431D4614D038
:10D380006FF001034FF0FF329B1B62EB0502002A96
:10D3900012DBC4E90032184B1A68019B5A404FF067
:10D3A000000327D1204603B0F0BD00231A46F0E762
:10D3B0004FF0FF331A46ECE7EFF31187202383F396
:10D3C0001288BFF36F8F0D4B1B687BB100200246A4
:10D3D0000B490B684968C31842EB010287F31188B7
:10D3E000BFF36F8F9B1942EB0502D2E7F6F7B8F84F
:10D3F000C217EDE7FFF7AAFDB0D9012014F3002012
:10D4000048E80020B3F1FF3F08BFB2F1FF3F2DE92C
:10D41000F041224982B0096801914FF000010546B0
:10D4200032D01C4654EA020317460ED100200446AF
:10D43000C5E90004194B1A68019B5A404FF00003DC
:10D440002AD1284602B0BDE8F0811646EFF31188D4
:10D45000202383F31288BFF36F8F114B1B68BBB17E
:10D46000002002460F490B68C0184B6842EB0302CC
:10D4700088F31188BFF36F8FB84272EB0403D5D2E3
:10D48000301A64EB0204D3E74FF0FF300446CFE7D5
:10D49000F6F766F8C217E5E7FFF758FDB0D90120A7
:10D4A00014F3002048E80020F0B5424B83B01B681D
:10D4B00001934FF00003EFF31186202383F31288CA
:10D4C000BFF36F8F026862B186F31188BFF36F8F6D
:10D4D000384B1A68019B5A404FF0000368D103B0E3
:10D4E000F0BDD0E90A315D1C044641F10000022D77
:10D4F00070F100001CD3012B71F10000BCBF0123AF
:10D5000011465D1E41F1FF37FFF7F6FE013041F194
:10D510000001401947EB0101012871F1000137DAE0
:10D520006FF001024FF0FF3320462349FFF74AFD19
:10D53000236B226A013323636AB186F31188BFF338
:10D540006F8F2046236A9847EFF31186202383F3D9
:10D550001288BFF36F8F54F8185FA542B4D0002D26
:10D56000B2D02846FEF76EFF0023C5F8B03086F330
:10D570001188BFF36F8F0F4B1A68019B5A404FF011
:10D58000000315D1284603B0BDE8F040FEF7F4BE15
:10D59000FFF7B2FE6FF001024FF0FF33013041F1AF
:10D5A0000001401947EB0101121A63EB0103BBE7CD
:10D5B000FFF7CCFCB0D90120A9D40100D0B50026DA
:10D5C000002700230D4C82B0246801944FF0000422
:10D5D00000F11804C0E90812C0E90644C0E9006778
:10D5E00003634363054B1A68019B5A404FF00003E5
:10D5F00001D102B0D0BDFFF7A9FC00BFB0D9012016
:10D600002DE9F043234983B0096801914FF00001EF
:10D61000DDE90A459C469846EFF31187202383F302
:10D620001288BFF36F8FBCF1FF3F08BFB2F1FF3F1D
:10D6300013D0531C7CF1FF331146064691461ADA8B
:10D640003046FFF75DFDC6E90A4500244A464346D9
:10D65000304611493463FFF7B5FC87F31188BFF3F7
:10D660006F8F0C4B1A68019B5A404FF000030ED18C
:10D6700003B0BDE8F083012A7CF10003BCBF0121A7
:10D680004FF0000C11F1FF394CF1FF38D8E7FFF7EC
:10D690005DFC00BFB0D90120A9D4010010B5194B21
:10D6A00082B01B6801934FF000030446FFF728FD8A
:10D6B000E8B9636A0BB12046984704F11800FEF7F9
:10D6C00031FFA0B1FEF758FEEFF31180202383F362
:10D6D0001288BFF36F8F0B4B1A68019B5A404FF0B3
:10D6E00000030DD102B0BDE81040FFF753B8054B61
:10D6F0001A68019B5A404FF0000301D102B010BDDF
:10D70000FFF724FCB0D901202DE9F0412A4B8668AF
:10D7100082B01B6801934FF0000304460D4636B1FA
:10D720007378012B2AD0022B14D0002333700020F1
:10D73000E368A060C3F38632154365F39433E36076
:10D740001D4B1A68019B5A404FF0000331D102B0C3
:10D75000BDE8F0813378002BE7D056F8047C002F29
:10D76000E3D006F11400FFF7CBFC0023A6F1140868
:10D7700041463846F362FEF72BF9D6E716F8533CDC
:10D780009A07D2D5A6F160073846FEF737FF082D75
:10D790000CBF6FF00302002216F8533C3265DB0623
:10D7A000C3D156F8483C002BBFD13846FEF7E4FD04
:10D7B000BBE7FFF7CBFB00BFB0D901202DE9F04F4D
:10D7C000954C89B00F1E246807944FF00004009315
:10D7D00040F3A7810025934604464FF02009A84650
:10D7E000AA46EFF3118689F31288BFF36F8F637B2C
:10D7F00003F03F03013B0F2B0DD8DFE803F0460891
:10D800000C350C0C0C2F0C0C0C0C0C0C0C2823697C
:10D810009B68002B7AD1009B1BB99BF80030002B32
:10D8200039D186F31188BFF36F8F0135AF4204F110
:10D830001404D6D1D446784B1A68079B5A404FF04F
:10D84000000340F0C081604609B0BDE8F08F206958
:10D8500000F032FB0028DED020220AE023691B6A98
:10D86000002BD8D0102204E023691B68002BD2D0F3
:10D870000422E368C4F80880C3F386310A4362F3E4
:10D880009433E3608BF80080CBE723699B68002B1F
:10D89000C1D00122EDE7637B03F03F03013B0F2B77
:10D8A0002FD8DFE813F07A00F2002E0010002E00CF
:10D8B0002E002E00BB002E002E002E002E002E006B
:10D8C0002E002E003500226902F11003184611695E
:10D8D0000193884253690FD073B1986800B16038E2
:10D8E000ABF16003194602920593FEF7D5FC0028C0
:10D8F000029A40F31F8153690199C4E900131C6027
:10D900005461C4F808B00AF1010A8AE70222B0E7BC
:10D91000226902F124031846516A01938842936AEE
:10D9200000F0F580002B00F0F280986800B16038BC
:10D93000ABF16003194602920593FEF7ADFC002897
:10D94000029A00F3E380536A0199994200F035810D
:10D95000002B00F03281CDE9025615461E46049494
:10D96000059CB16801B160392046FEF795FC00289E
:10D97000314600F30581A86AB04200F0F7803668AE
:10D98000002EEED101462A46039E029D049C019B77
:10D99000C4E900310C609462B3E72269D2E9001354
:10D9A0008A4200F0C280002B00F0BF80986800B16E
:10D9B0006038ABF16003194601920493FEF76CFCEA
:10D9C0000028019A00F3B08013689A4200F0F980B1
:10D9D000002B00F0F680CDE9015615461E46039453
:10D9E000049CB16801B160392046FEF755FC00285F
:10D9F000314600F3DD806868B04200F0CF803668C1
:10DA0000002EEED101462A46029E019D039CC4E9E8
:10DA100000210C60546074E7B0D90120226902F142
:10DA200024031846516A01938842936A6FD0002BF1
:10DA30006DD0986800B16038ABF16003194602926E
:10DA40000593FEF729FC0028029A5FDC536A0199CE
:10DA5000994200F0B280002B00F0AF80CDE9025671
:10DA600015461E460494059CB16801B160392046F4
:10DA7000FEF712FC0028314600F38280A86AB0420B
:10DA800074D03668002EEFD17CE7226902F11003D2
:10DA9000184611690193884253693FF42DAF002B5A
:10DAA0003FF42AAF986800B16038ABF160031946C3
:10DAB00002920593FEF7F0FB0028029A3FF71BAF96
:10DAC0001369019999427AD0002B78D0CDE902569A
:10DAD00015461E460494059CB16801B16039204684
:10DAE000FEF7DAFB002831465DDC6869B04242D0BF
:10DAF0003668002EF0D101462A46039E029D049C02
:10DB0000019BC4E900310C605461FAE6936A019903
:10DB10000AF1010AC4E900131C609462C4F808B059
:10DB20007FE64FF0000C86E65368C4E900231C60D2
:10DB30005460E6E613690199994240D0002B3ED02B
:10DB4000CDE9025615461E460494059CB16801B104
:10DB500060392046FEF7A0FB0028314610DC6869DA
:10DB6000B04208D03668002EF0D1C4E72A46039EA2
:10DB7000029D049C0BE72A46039E029D049CBFE77E
:10DB80003346029D049C039E5A680AF1010AC4E9C7
:10DB9000003214605C60C4F808B042E62A46029E77
:10DBA000019D039C33E73346DDE90364029DEBE707
:10DBB0003346019D039C029EE6E7916AE7E65169C0
:10DBC0009EE7516823E7FFF7C1F900BF10B5DFF802
:10DBD00040C082B00024DCF800C0CDF804C04FF093
:10DBE000000C0902520501F47C5102F400120A43B0
:10DBF000017B84600A43C0E90323054B1A68019B3B
:10DC00005A404FF0000301D102B010BDFFF79EF95A
:10DC1000B0D901202DE9F047994692460125544A92
:10DC200084B0126803924FF00002524A5AEA090384
:10DC300097680CBF2B46002307F1600287F86050FD
:10DC400087F861500446FFF7B9FD0646EFF31181EE
:10DC50004FF0200888F31288BFF36F8F97F8605059
:10DC6000002D4BD000255AEA090387F8605076D082
:10DC7000CDE900A9404A4148FEF714FCEFF31187B3
:10DC800088F31288BFF36F8FBC464EB3314601EB69
:10DC9000810304EB8302C646394E143A0DE08CF33F
:10DCA0001188BFF36F8FEFF3118C8EF31288BFF3DF
:10DCB0006F8F0139A2F1140212D0537B956003F0EB
:10DCC0003F03102BEBD826FA03F3DB07E7D51368E5
:10DCD000002BE4D0546823605C6015605560DEE77B
:10DCE00087F31188BFF36F8F214B1A68039B5A404B
:10DCF0004FF000033AD104B0BDE8F08748B306EB1B
:10DD0000860204EB82020846C6461D4F143A0DE017
:10DD100080F31188BFF36F8FEFF311808EF31288B9
:10DD2000BFF36F8F013EA2F1140212D0537B9560B6
:10DD300003F03F03102BEBD827FA03F3DC07E7D5FA
:10DD40001368002BE4D0546823605C601560556054
:10DD5000DEE781F31188BFF36F8F0020C4E781F302
:10DD60001188BFF36F8F6FF00A00BDE7FFF7EEF881
:10DD7000B0D90120E4F20020DCCA002018F3002012
:10DD80001601010010B5144B82B01B6801934FF0CF
:10DD900000030346EFF31184202282F31288BFF3BD
:10DDA0006F8F0068834208D0D0E9003213605A6058
:10DDB000002303604360FFF7A7FC84F31188BFF3DF
:10DDC0006F8F054B1A68019B5A404FF0000301D139
:10DDD00002B010BDFFF7BAF8B0D9012000B50B4B67
:10DDE00083B01B6801934FF0000300238360074B4F
:10DDF000006040601A68019B5A404FF0000302D156
:10DE000003B05DF804FBFFF7A1F800BFB0D9012013
:10DE100000B50B4B83B01B6801934FF00003836880
:10DE20000B60C3681360064B1A68019B5A404FF0A1
:10DE3000000302D103B05DF804FBFFF787F800BFD1
:10DE4000B0D9012030B51A4B83B01B6801934FF055
:10DE500000030A460346EFF31185202181F312885F
:10DE6000BFF36F8F01210068C3E90212834217D00C
:10DE7000D0E9003213605A60002303604360FFF76B
:10DE800043FC294604460B48FEF752FC084B1A682F
:10DE9000019B5A404FF0000308D1204603B030BD2B
:10DEA00085F31188BFF36F8F0024EFE7FFF74EF87B
:10DEB000B0D9012018F3002000B50246154B0068C8
:10DEC00083B01B6801934FF00003A0B1506890B17C
:10DED000EFF3118C202383F31288BFF36F8FD2E905
:10DEE0000301884211D024BF52688918081A8CF3A4
:10DEF0001188BFF36F8F074B1A68019B5A404FF090
:10DF0000000304D103B05DF804FB9068EFE7FFF76E
:10DF10001DF800BFB0D9012000B5114B83B01B68BC
:10DF200001934FF000030E4B70B11A68019B5A40E9
:10DF30004FF0000311D1014650F8040C043903B02E
:10DF40005DF804EBFDF7D4B81A68019B5A404FF016
:10DF5000000302D103B05DF804FBFEF7F7FF00BF3A
:10DF6000B0D90120D0B5104B84B0021D1B680393BB
:10DF70004FF0000314D2002600270C4C0421204649
:10DF8000CDE90067FDF742F850B140F8044B064B6D
:10DF90001A68039B5A404FF0000303D104B0D0BD70
:10DFA0000020F4E7FEF7D2FFB0D90120D4CB002047
:10DFB00000B50A4B83B01B6801934FF00003084B78
:10DFC000C0F89430054B1A68019B5A404FF000038B
:10DFD00002D103B05DF804FBFEF7B8FFB0D9012011
:10DFE000D4CB00202DE97043184B84B01B680393F9
:10DFF0004FF0000306460C46FDF71EFEF8B9144B21
:10E000009B68D3F894507DB1221D1AD24FF00008BE
:10E010004FF000092846CDE9008946F00401FCF7DD
:10E02000F5FF70B10560051D084B1A68039B5A4047
:10E030004FF0000307D1284604B0BDE87083054DBA
:10E04000E2E70025F0E7FEF781FF00BFB0D901202D
:10E05000E4F20020D4CB002038B50546002941D099
:10E0600051F8043C0C1F002BB8BFE41800F07CFCF6
:10E070001D4A136833B9636014602846BDE8384010
:10E0800000F078BCA34208D9206821188B4201BF58
:10E0900019685B6809182160EDE71A465B680BB1E7
:10E0A000A342FAD911685018A0420BD1206801444C
:10E0B000501811608342E0D118685B6808445360CF
:10E0C0001060DAE702D90C232B60D6E7206821180C
:10E0D0008B4202BF19685B680918636008BF216042
:10E0E0005460CAE738BD00BF1CF30020F8B5CD1C52
:10E0F000064625F0030508350C2D38BF0C25002DEC
:10E1000001DBA94203D90C2333600020F8BD00F0E5
:10E110002BFC21490A6814469CB9204F3B6823B95F
:10E120002146304600F06AF938602946304600F052
:10E1300065F9431C23D10C233046336000F01AFCF0
:10E14000E3E723685B1B17D40B2B03D923601C4424
:10E15000256004E06368A2420CBF0B605360304648
:10E1600000F008FC04F10B00231D20F00700C21A88
:10E170001CBF1B1AA350C9E722466468CCE7C41C25
:10E1800024F00304A042E3D0211A304600F036F90F
:10E190000130DDD1CFE700BF1CF3002018F30020D1
:10E1A0002DE9FF470F7E914680460C46782F9A4610
:10E1B0000C9D01F1430207D8622F0AD8002F00F00E
:10E1C000E080582F00F0BB8004F1420684F84270D2
:10E1D0003AE0A7F16303152BF6D801A151F823F01B
:10E1E00039E201004DE20100C9E10100C9E101008D
:10E1F000C9E10100C9E101004DE20100C9E10100EE
:10E20000C9E10100C9E10100C9E1010069E30100C0
:10E21000DDE201001FE30100C9E10100C9E10100E5
:10E220008BE30100C9E10100DDE20100C9E1010069
:10E23000C9E1010027E301002B6804F142061A1D21
:10E240001B682A6084F842300123ABE02368296808
:10E250001F0601F10400286001D50D6803E05E0689
:10E26000FBD5B1F90050002D61687ADA2D20002924
:10E27000A16084F843002DDA6D425E480A231646F9
:10E28000B5FBF3F103FB1157C75D06F8017D2F467F
:10E290000D46BB42F4D9082B0BD12368DF0708D504
:10E2A000236961689942DEBF302306F8013C06F11C
:10E2B000FF36921B22614B4603AA21464046CDF809
:10E2C00000A002F060F8013071D14FF0FF3004B0CF
:10E2D000BDE8F08723F004032360CDE72B682068B6
:10E2E000191D2960050601D51D6802E04106FBD510
:10E2F0001D886F2F3F4814BF0A230823002184F88C
:10E3000043106668002EA660B9DB216821F0040185
:10E310002160002DB3D1002EB1D11646BBE7236892
:10E3200043F0200323607827334884F84570296838
:10E3300023680E1D2E601E0603D50D6804E02D48CF
:10E34000F3E75D06F9D50D88D90744BF43F02003F4
:10E3500023600DB11023D1E7236823F0200323604D
:10E36000F8E724480A23CCE72B682668181D616962
:10E37000286035061B6801D5196002E07006FBD5E0
:10E38000198000231646236195E72B6800211A1D8A
:10E390002A601E686268304601F0C2FF08B1801B27
:10E3A000606063682361002384F8433083E7236956
:10E3B000324649464046D047013086D023689B0705
:10E3C00014D4E068039B9842B8BF18467FE7012346
:10E3D000324649464046D04701303FF476AF0135DA
:10E3E000E36803995B1AAB42F1DCEAE7002504F12C
:10E3F0001906F5E7052E0200162E020038B5002397
:10E40000054D044608462B60F1F77CFE431C02D103
:10E410002B6803B1236038BD20F3002070B50A4497
:10E4200005460E4E914201D1002011E015F8013B46
:10E4300011F8014BF05C00F003000128305D00F0A2
:10E44000030008BF2033012803D12034181BE9D072
:10E4500070BD181BFCD1002CE4D1F9E7052D02009A
:10E46000242B2DE9F0478646904601D8012B06D192
:10E47000F1F7A4FE162303600020BDE8F0870D46E7
:10E4800035482A4615F8014B065D16F00806F8D106
:10E490002D2C24D12C780126951C2BBB302C30D070
:10E4A0000A2306F1004C00220CF1FF3C1046BCFB95
:10E4B000F3F903FB19CAA4F13007092F28D83C4609
:10E4C000A34234DD571C07D081452DD301D1A2458D
:10E4D0002ADB00FB0340012215F8014BEBE72B2C54
:10E4E00004BF2C78951CD8E7102BDAD1302CD8D16A
:10E4F0002A7802F0DF02582AD3D16C781023023533
:10E50000CFE72B7803F0DF03582BF6D00823C8E7BA
:10E51000A4F14107192F01D8373CD1E7A4F16107D5
:10E52000192F04D8573CCBE74FF0FF32D4E7531CE8
:10E5300008D122236046CEF80030B8F1000F9CD0FD
:10E54000691E06E006B14042B8F1000F95D0002ADE
:10E55000F6D1C8F8001090E7052D020013460A46D0
:10E56000014602480068FFF77BBF00BFE4CA0020F5
:10E570002DE9F04F904685B089461E460D46454A26
:10E5800002902B4615F8014B175D17F00807F8D1DC
:10E590002D2C41D12C7801279D1C002E41D1302CEF
:10E5A0004CD00A2607F1004A07F1FF3BF317324629
:10E5B0000AF1FF3A584603935146E9F715FE0192D6
:10E5C00000228E46844611461046A4F13003092BE2
:10E5D00005D9A4F14103192B37D8A4F137039E4282
:10E5E0003DDD541C15D084457EEB010234D38E45AD
:10E5F00008BF844502D1019A9A422DDB039A7143E8
:10E6000000FB0211A6FB00020A44181842EBE3715A
:10E61000012215F8014BD8E72B2C04BF2C789D1C48
:10E62000BBE7102EBED1302CBCD12B7803F0DF031A
:10E63000582BB7D16C7810260235B3E72B7803F04E
:10E64000DF03582BF6D00826ACE7A4F16103192BA1
:10E6500005D8A4F15703C2E74FF0FF32D9E7531CA6
:10E660000AD12223029A584651461360B8F1000F8E
:10E670000AD105B0BDE8F08F17B1404261EB41010E
:10E68000B8F1000FF5D00AB105F1FF39C8F80090D4
:10E69000EFE700BF052D020013460A460146024877
:10E6A0000068FFF765BF00BFE4CA00202DE9F04312
:10E6B00086460D46354E284615F8014B375D17F056
:10E6C0000807F8D12D2C26D12C780127851C3BBBBF
:10E6D000302C32D00A234FF0FF380026B8FBF3F875
:10E6E00003FB08F930466FEA0909A4F1300CBCF1CC
:10E6F000090F29D86446A34237DDB6F1FF3F07D0A2
:10E7000080452FD301D1A1452CDB00FB034001261E
:10E7100015F8014BE9E72B2C04BF2C78851CD6E7B4
:10E72000102BD8D1302CD6D1287800F0DF00582813
:10E73000D1D16C7810230235CDE72B7803F0DF03BD
:10E74000582BF6D00823C6E7A4F1410CBCF1190FF1
:10E7500001D8373CCFE7A4F1610CBCF1190F04D804
:10E76000573CC8E74FF0FF36D2E7731C06D122238F
:10E770003046CEF8003032B9BDE8F08307B14042F0
:10E78000002AF9D006B1691E1160F5E7052D0200D7
:10E7900013460A46014602480068FFF787BF00BFDC
:10E7A000E4CA00202DE9F74F91468A461E460D46E1
:10E7B000494A01902B4615F8014B175D17F00807E1
:10E7C000F8D12D2C43D12C7801279D1C002E43D14C
:10E7D000302C4ED00A264FEAE67B32464FF0FF300F
:10E7E0004FF0FF315B46E9F7FFFC32460090884668
:10E7F0005B464FF0FF304FF0FF31E9F7F5FC0023A7
:10E8000018461946A4F1300CBCF1090F38D86446FB
:10E81000A64246DDB3F1FF3F16D0009B834278EB62
:10E8200001033BD3009B884508BF834201D1A2422C
:10E8300034DB714300FB0B11A6FB000319442018C5
:10E840004FF0010341EBE47115F8014BDAE72B2C93
:10E8500004BF2C789D1CB9E7102EBCD1302CBAD146
:10E860002B7803F0DF03582BB5D16C7810260235D6
:10E87000B1E72B7803F0DF03582BF6D00826AAE780
:10E88000A4F1410CBCF1190F01D8373CC0E7A4F149
:10E89000610CBCF1190F04D8573CB9E74FF0FF33B6
:10E8A000D2E75A1C0AD10199222218460A60194659
:10E8B000B9F1000F0AD103B0BDE8F08F17B14042A3
:10E8C00061EB4101B9F1000FF5D00BB105F1FF3A51
:10E8D000C9F800A0EFE700BF052D020013460A4665
:10E8E000014602480068FFF75DBF00BFE4CA002090
:10E8F00007B5009313460A4601460348006801F035
:10E9000016FE03B05DF804FBE4CA002070B51E4695
:10E910009AB04FF40173044608461546ADF80C3022
:10E9200000910491E9F784FC094B2A46694601905D
:10E9300009930023059020460D9312934FF6FF7321
:10E94000ADF80E30334600F017F91AB070BD00BFB5
:10E950006B04020013460A46014602480068FFF7AE
:10E96000D5BF00BFE4CA00200148F1F7F3BB00BFE8
:10E97000FCCB00200148F1F709BC00BFFCCB002014
:10E980002DE9F04F98468B899DB007461B060D4632
:10E99000144610D50B6973B94021FFF7A7FB286017
:10E9A000286130B90C233B604FF0FF301DB0BDE84B
:10E9B000F08F40236B610023CDF80C804FF00109EC
:10E9C000DFF8A081099320238DF8293030238DF8BA
:10E9D0002A3023469A4613F8012B0AB1252AF9D189
:10E9E000BAEB040B0BD05B4622462946384601F0B1
:10E9F00008FE013000F0A780099A5A4409929AF85B
:10EA00000030002B00F09F8000234FF0FF320AF10E
:10EA1000010A049307938DF853301A93CDE9052327
:10EA2000544605224F4814F8011B01F079FC049A62
:10EA3000D8B9D00644BF20238DF85330110744BF06
:10EA40002B238DF853309AF800302A2B15D0079AD3
:10EA5000544600204FF00A0C214611F8013B303B90
:10EA6000092B4BD9B0B1079214E0A0EB0803A246E2
:10EA700009FA03F313430493D2E7039B191D1B68A0
:10EA8000002B0391BBBF5B4242F002020793079346
:10EA9000B8BF049223782E2B0AD163782A2B32D167
:10EAA000039B02341A1D1B6843EAE3730392059328
:10EAB000DFF8B4A003222178504601F031FC38B1D0
:10EAC000A0EB0A004022049B0134824013430493CC
:10EAD00014F8011B062225488DF8281001F020FCAF
:10EAE000002836D0224B1BBB039B073323F00703C0
:10EAF00008330393099B334409936AE70CFB023202
:10EB00000C460120A8E7002301344FF00A0C1946F7
:10EB10000593204610F8012B303A092A03D9002B1F
:10EB2000C6D00591C4E70CFB012104460123F0E7A0
:10EB300003AB2A4604A9384600930E4BAFF300807E
:10EB4000421C0646D6D1AB895B063FF52DAF09982E
:10EB50002CE703AB2A4604A938460093054BFFF780
:10EB60001FFBEDE7272E02002D2E0200312E0200A2
:10EB700000000000030602002DE9F0470C46ADF549
:10EB8000227D002106460DF10408A74F0093CDF821
:10EB90001881CDE94411A549A091A549A191137807
:10EBA000002B00F05C81F95C551C11F0080119D0B4
:10EBB0006368002B0FDD23681A78BA5C120701D452
:10EBC0002A46ECE7459A0133013223604592626898
:10EBD000013A6260ECE7A19B214630469847002845
:10EBE000E9D0EDE7252B12D099466368002B40F35E
:10EBF0009480226813784B4540F03181636801327C
:10EC0000013B22606360459B01334593D8E7419106
:10EC1000439153782A2B04BF1023951C4FF00A020E
:10EC200008BF4193A94619F8011BA1F13003092B34
:10EC30001ED9DFF800A20322504601F071FB38B163
:10EC4000A0EB0A000123419A4D46834013434193B0
:10EC500015F8013B782B06D8572B10D8252BC3D09D
:10EC600056D8002B64D0032347930A2342936AE0CB
:10EC7000439B4D4602FB031130394391D2E7A3F188
:10EC80005802202AEFD801A151F822F07BED0100B3
:10EC900067EC010067EC01009DED010067EC0100ED
:10ECA00067EC010067EC010067EC010067EC010014
:10ECB00067EC010067EC0100B3ED010099ED010084
:10ECC00017ED010017ED010017ED010067EC0100E1
:10ECD0008DED010067EC010067EC010067EC0100BD
:10ECE00067EC0100C3ED010095ED010037ED010077
:10ECF00067EC010067EC0100BFED010067EC01006B
:10ED000099ED010067EC010067EC01007BED01006B
:10ED1000453B022BA7D8052314E0A19B2146304692
:10ED2000984700283FF465AF4498002840F08F8052
:10ED30004FF0FF308FE0419B43F408734193102361
:10ED40004293042347936368002B4ADD419B590695
:10ED500004D423681A78BA5C120749D4479B022B63
:10ED600058DC6B46224641A9304600F07DF8012868
:10ED700075D002287FF424AFD6E7419A42F400729E
:10ED8000419210226E2B429202D9DAE7002342937D
:10ED90000323D7E70823D3E70A22F3E729464046AF
:10EDA00001F0E2FC419B054643F0400341930123FF
:10EDB000C8E7419B43F0400341930023C2E702238D
:10EDC000C0E74198C3063FF5FBAE009B10F0010F72
:10EDD000459A03F1040100911B6814BF1A801A6060
:10EDE000EEE6A19B2146304698470028AED09BE72F
:10EDF000459A013245926268013A002A626002DD5A
:10EE000001332360A5E7A19B21463046984700289F
:10EE10009FD089E7042B0FDC6B46224641A9304680
:10EE200000F07CF8A3E700BF052D0200B906020040
:10EE30002F0702002D2E02000A4B002B3FF4C0AE1C
:10EE40006B46224641A93046AFF300808FE7A38985
:10EE50005B063FF56DAF0DF5227DBDE8F087449868
:10EE6000F9E700BF000000002DE9F84315468A6865
:10EE700080460C4632B98A69002A14BF4FF0FF322F
:10EE800001228A6022680027DFF88C90D1065FBFDC
:10EE90001A68111D19601668A06988B1012807D188
:10EEA0002B681A7863699B5C53B9002F31D022E03C
:10EEB000022820D12B681B7819F803301B071AD4BD
:10EEC00023680137DA065EBF2B681B7806F8013B22
:10EED0002A686B680132013B2A60A2686B60013AC4
:10EEE000A26042B1002BD7DCD4F8803129464046DD
:10EEF00098470028D0D0236813F0100305D1E268AA
:10EF00000132E260A26902B13370236900203B4400
:10EF10002361BDE8F88300BF052D02002DE9F04F05
:10EF2000984687B0784B0C468246164627464FF0E7
:10EF3000000B93E8070003AB83E80700734BA1695C
:10EF4000734A032908BF1A46A36801925A1EB2F5F4
:10EF5000AE7F89BF6FF4AE754FF0000903EB050972
:10EF600040F25D1388BFA36057F81C3B43F4506325
:10EF70003D462360316803AB0222097853F82B0029
:10EF800001F0CEF9002840D0BBF1010F12D1626828
:10EF90002AB92268082142F4007261602260226866
:10EFA00022F4A0622260A268511EA160DAB94FF07B
:10EFB000020BDFE7BBF1020F06D0A268511EA16071
:10EFC0008AB94FF0010BD5E7226802F4C061B1F5B0
:10EFD000007F1FD142F4807210212260A26861601C
:10EFE000511EA160B2B13268511C3160127805F82F
:10EFF000012B7268013A002A726006DCD4F8802185
:10F00000314650469047002874D10BF1010BBBF1FB
:10F01000030FAFD163680BB90A23636063684FF0D5
:10F02000000B3C496069C91A01F09EFBA368226885
:10F0300073B33168606991F800C010F80C0038B300
:10F04000BCF1300F16D1100514D50BF1010BB9F13D
:10F05000000F03D0013309F1FF39A3607368013B4E
:10F06000002B73600DDD336801333360A368013B0F
:10F07000A360DBE722F4106222600B7805F8013B05
:10F08000ECE7D4F880313146504698470028EDD05F
:10F090002368D9050DD5BD4209D905F1FF3915F809
:10F0A000011CD4F87C3132464D4650469847BD424B
:10F0B00028D0226812F0100213D12A7039466368F2
:10F0C0005046019EB047D8F8003021681A1D11F053
:10F0D000200FC8F800201B680FD01860E3680133C8
:10F0E000E360ED1B236900205D442B44236107B0DE
:10F0F000BDE8F08F4FF0000BCAE7CA074CBF18807D
:10F100001860EBE70120F2E7080D02002705020076
:10F110002B050200482E0200F9F79CBF022904D0FB
:10F12000042906D0012900D17047806808B1F4F79E
:10F1300095BD7047002210B50468944200D110BDFF
:10F1400000EBC2014B68013223F0FF0343F00303DD
:10F150004B60F2E70420F9F75DBA0420F9F776BABC
:10F1600008B5F9F713FABDE80840FBF779BB38B5E5
:10F1700004460025031D2268AA4201D8002319E095
:10F180004FF00002D3E8CF0F032804D1C3E8CC2FFF
:10F19000BCF1000FF6D102D008330135EBE701EBEB
:10F1A000851318464022002101F0E5F8034604EBE0
:10F1B000C504A060184638BD0830704770B50646D3
:10F1C0000D4621B9F9F76AFF90B9002070BD0846D5
:10F1D000F4F726FD04460028F7D03046F9F75EFF25
:10F1E00038B92046F4F73AFD0120F4F7AFFCECE71C
:10F1F0002C460661C56040F8084FE7E740EA014148
:10F20000104640F8081DF9F75BBFF9F753BFF9F74F
:10F210004BBFF4F705BD08B5F4F720FDBDE8084085
:10F220000120F4F793BC0429F8B50546174603D02E
:10F23000102910D000240CE00820F4F7B7FC044695
:10F240000028F7D0002343600123478003802B6808
:10F2500043602046F8BD1620F4F7A8FC04460028B9
:10F26000E8D0061D12220021304601F084F8022366
:10F2700023802B46678005F1100253F8041B93424C
:10F2800046F8041BF9D1E4E7134609B91160704749
:10F290000A88012A02D0022A07D070471A68082A71
:10F2A00028BF08221A6001F059B81A68162A28BF28
:10F2B0001622F7E708B5FAF7DDFB40B100F11C03B1
:10F2C000D3E8EF1F0131C3E8E21F002AF8D108BDDF
:10F2D000006808B1FAF77CBB704737B500250368B2
:10F2E00004460093838F6846ADF80650ADF80430AD
:10F2F00000F0D6FD38B1A36B6846984794F83E30CD
:10F300000BB1A563E56303B030BD4068003818BF9A
:10F310000120704700230B60836813B9C0E9011115
:10F32000704719608160704738B505460C46F9F79B
:10F33000CDFEAA68236894426B6008BFAB600023CF
:10F340002046236000F04DF9BDE83840F9F7C4BE0F
:10F35000406870470069431E584258417047006931
:10F36000831E5842584170470069C31E5842584195
:10F3700070474069B0F5817F05D040F21113C31A80
:10F380005842584170470120704790F82000C0F360
:10F390004000704790F82000C0F38000704790F85C
:10F3A0002000C0F3C0007047006C00F001007047FF
:10F3B00090F8200000F0010070470369012B05D18F
:10F3C0008069A0F18003584258417047002070477F
:10F3D00090F82000C0097047836933F0800314BFA0
:10F3E00001200020704790F82000C0F340107047C3
:10F3F000806B003818BF0120704790F83400431E1E
:10F4000058425841704708B590F82030014613F033
:10F4100001020BD1FFF7E0FF28B90846FFF7CDFF47
:10F4200080F00100C2B202F0010008BD0022FAE73C
:10F4300070B504460D4616462046FFF7E4FF70B14E
:10F4400055B1284600F0BCF848B931460220F4F71F
:10F4500069F90028F0D070BD6368002BF5D000205A
:10F46000F9E74068003818BF0120704790F8220083
:10F47000003818BF0120704710B50446FFF7ACFFF5
:10F4800094F82010C1F3401340EA0302236982F08C
:10F490000102012B14BF0123C1F38003D2B2204625
:10F4A0001A40FFF766FF48B1C1F300112046FFF78D
:10F4B00084FF0A4080F00100104010BD0121F5E7F3
:10F4C00010B50C46FAF7D6FA28B190F8203064F35C
:10F4D000861380F8203010BD10B50C46FAF7CAFA32
:10F4E00028B190F8213064F3000380F8213010BD7A
:10F4F000D0E9092353EA020109D04FF47A71B3FB32
:10F50000F1F001FB02000128B8BF012070474FF065
:10F51000FF307047D0E90B2353EA020109D04FF4C2
:10F520007A71B3FBF1F001FB02000128B8BF0120A2
:10F5300070474FF0FF307047013802288CBF002021
:10F5400001207047013802288CBF0020012070473D
:10F550000388012B03D0022B06D001207047082915
:10F5600014BF0020012070471629F9E7032915D0A0
:10F5700011280CD004DC88B106280AD0002070477E
:10F58000B0F5817F05D040F211139842F6D10229DF
:10F5900000E0012914BF00200120704701207047BE
:10F5A000C368012B03D0022B07D0012070470888C5
:10F5B000012814BF00200120704708880228F8E7BE
:10F5C00000B10068003818BF0120704700B1006822
:10F5D0007047438940681844704702894089101A6F
:10F5E000704710B504464068FFF70FFEE06808B1A9
:10F5F000F4F7FAFA2046BDE81040F4F7F5BA10B572
:10F600000446206800B910BD626803689042236018
:10F6100008BF6360FFF7E5FFF3E700F0EBBC10B550
:10F62000044660B1406908B1F4F7DEFAA06908B198
:10F63000F4F7DAFA2046BDE81040F4F7D5BA10BD69
:10F6400010B5044600F0D4FC23684360A3698360CE
:10F650002046BDE8104000F0CDBC2DE9FF418046BA
:10F660000F461646FFF768FF38B96A20F4F764F9C9
:10F670004FF0FF3004B0BDE8F0813046FAF74CFAA5
:10F6800008B97B20F2E73846FFF75CFF08B96B202A
:10F69000ECE739463046FFF769FF0028F7D0FAF764
:10F6A000B5F9054608B91720E0E700211420FFF757
:10F6B00085FD044620B92846FAF7EEF96920D5E71A
:10F6C0004FF0FF33037443748374C3744046FAF7F6
:10F6D000ADFF6061384600F04DFC0146A061304648
:10F6E00000F049FC2146E06101AA47F201000295C1
:10F6F000FAF7C8FF044620B12846FAF7CDF92046AC
:10F70000B4E7C5E9038728686E61B3E773B50646B9
:10F710000C461546FFF7CEFD019050B90920F4F7CD
:10F720000BF94FF0FF3401A8FFF7D2FD204602B0DD
:10F7300070BDFFF751FE10B1019B9869EFE701988A
:10F74000FFF728FE08B17F20E9E70198FFF71DFECB
:10F7500008B17820E3E70CB90E20E0E721460198D4
:10F76000FFF71EFF08B96A20D9E729462046FFF7B0
:10F77000EFFE08B91620D2E70198FFF715FE0546FF
:10F7800020B1019B5D69113D18BF012500211C209E
:10F79000FFF714FD024608B96920C0E70661238817
:10F7A000012B11D0022B18D00199042091F82030A0
:10F7B00043F0020381F8203047F20201D560FFF7E1
:10F7C0001DFDDDB17720AAE763888382042383755A
:10F7D0000023C37563688361E6E7638800F118015D
:10F7E0008382102383750023C375231D143453F8BB
:10F7F000040BA34241F8040BF9D1D5E70198FFF7B8
:10F8000089FE00900198FFF7C0FD20B90198846936
:10F8100084B1204683E769460220F3F783FF10F1A5
:10F820000B0F05D00028EDD00028B8BF404276E786
:10F83000742074E7FFF79DFD00283FF474AFDDE905
:10F840000010FAF76FFE04466DE730B585B0054647
:10F850000C46FAF70FF938B90920F4F76DF84FF0B4
:10F86000FF33184605B030BD0CB90E20F5E7214630
:10F87000FFF796FE08B96A20EFE700211C20FFF78A
:10F880009DFC014608B96920E7E705612388012B43
:10F890000AD0022B11D047F2050001AAFAF7F2FEB6
:10F8A00003460028DDD0D8E763888382042383756C
:10F8B0000023C37563688361EDE7638800F1180274
:10F8C0008382102383750023C375231D143453F8DA
:10F8D000040BA34242F8040BF9D1DCE730B585B044
:10F8E00005460C46FAF7C6F838B90920F4F724F8AB
:10F8F0004FF0FF33184605B030BDFFF72BFD08B9B8
:10F900005F20F3E700210C20FFF758FC014608B9FF
:10F910006920EBE724EAE4740561446101AA47F237
:10F920000800FAF7AFFE03460028E3D0DEE7F0B5A3
:10F9300095B007460D461446FFF7BCFC019050B940
:10F940000920F3F7F9FF4FF0FF3401A8FFF7C0FCDF
:10F95000204615B0F0BD15B11CB90E20F1E7002C02
:10F96000FBD1FFF7F7FC08B95F20EAE70198FFF742
:10F970001BFD28B10198FFF779FD08B90B20E0E7DE
:10F980000198FFF7B5FD00900198FFF711FD50B108
:10F990000198FFF76BFD0028D2D0FAF737F806463A
:10F9A00080B91720CDE70198FFF760FD0028EFD15F
:10F9B00069460220F3F7B6FE0028E5D00028B8BF5C
:10F9C0004042BEE700210820FFF7F8FB014620B9BE
:10F9D0003046FAF761F86920B3E70761039675B11D
:10F9E0007CB10BAB47F20C0002AA0493FAF74AFE73
:10F9F000074640B13046FAF74FF83846A1E72B46A4
:10FA0000F0E72346EEE73DB134B1BDF83E30042BBC
:10FA100004D0102B15D02760346896E7012327689F
:10FA2000ADF81430082F28BF0827BDF83C30ADF8DA
:10FA30001630109B06933A46284605A900F08EFC26
:10FA4000E9E70223ADF81430BDF83C3006AFADF85D
:10FA5000163014ABADF8280013E90F0087E80F004B
:10FA60002768162F28BF1627E5E72DE9F04F89B044
:10FA700016461D46129F0390019103F0400803F4BF
:10FA8000007BF9F7F7FF044638B90920F3F754FF74
:10FA90004FF0FF3009B0BDE8F08F35F4107305D199
:10FAA000B8F1000F11D0BBF1000F01D05F20EDE7DE
:10FAB000FFF730FD04902046FFF776FCA8B9B8F1B7
:10FAC000000818BF4FF0010805E0FFF723FD049080
:10FAD000BBF1000FEFD02046FFF78FFC40B120466E
:10FAE000FFF77AFC68B1A069D0E74FF00108F2E7B0
:10FAF0002046FFF771FC0028F5D12046FFF75DFC9A
:10FB0000F0E72046FFF72BFC00284CD02046FFF7FB
:10FB100041FC002847D10FB97920B7E72046FFF70D
:10FB20001EFC00284AD12046FFF71EFC002845D1C4
:10FB300047F206092046FFF70DFC40B12046FFF7CB
:10FB400018FC20B1B6F5006F28BF4FF40066FFF730
:10FB50005EFBB04207D22046FFF7FCFB002844D0F2
:10FB6000FFF755FB064647F2060399450CBF0E23E7
:10FB70002223002502932046FFF735FC18B12046CA
:10FB8000FFF741FC98BB31460298FFF717FB82460E
:10FB900000283BD1012004A9F3F7C4FD90BBB8F1C4
:10FBA000000FF0D026E02046FFF7D9FB20B9204611
:10FBB000FFF7DAFB0028BBD0002FB9D0394620462A
:10FBC000FFF7EEFC08B96A2060E738461399FFF7A3
:10FBD000BFFC08B9162059E72046FFF7CAFB08B159
:10FBE0007F2053E747F20709A4E77A204EE7B8F1F0
:10FBF000000F01D00B2049E7022004A9F3F792FD82
:10FC00000028B8D00028B8BF40423FE7039B0361FB
:10FC1000019B23B132461946006800F09FFB94F81F
:10FC2000340020B1FAF722FD002284F83420BBF121
:10FC3000000F0ED0049D40F040006B1C1FD04FF40D
:10FC40007A7295FBF2F5ADB2B5F5167F28BF4FF489
:10FC5000167547F207029145CAF8140034D1AAF884
:10FC60002C503A88012A0DD0022A18D05146484615
:10FC700005AAFAF707FD034648BB06980AE74FF4C2
:10FC80001675E6E77A88AAF8182004228AF81A205E
:10FC900000228AF81B207A68CAF81C20E6E77A88D6
:10FCA0000AF11C01AAF8182010228AF81A20002252
:10FCB00007F114008AF81B203A1D52F804CB824247
:10FCC00041F804CBF9D1D1E7AAF81850CEE70C28B7
:10FCD00006DC0A2807DDB8F1000F3FF44CAF89E7D6
:10FCE0008C283FF4D3AE1846D0E62DE9F74F89466D
:10FCF000DDE90C7A15461E4603F48078FFF7DAFA40
:10FD0000019058B90920F3F717FE4FF0FF3701A80B
:10FD1000FFF7DEFA384603B0BDE8F08F36F4A17382
:10FD200001D05F20EFE727B1BAF1000F04D10E2018
:10FD3000E9E7BAF1000FFAD1FFF70CFB28B10198FF
:10FD4000FFF728FB08B98020DDE70198B8F1000F24
:10FD500016D1FFF729FB08B9730611D50198FFF7F3
:10FD6000D4FA68B90198FFF737FB48B90198FFF753
:10FD700024FB28B90198FFF71BFB08B90B20C2E749
:10FD80000198FFF7B5FB6A46009000210198FFF744
:10FD90004FFB18B10028B8BF4042B4E70198FFF705
:10FDA000B4FA88B90198FFF708FB002876D10198CA
:10FDB000FFF7FEFA0028A5D10198FFF70DFB0028F8
:10FDC000A3D0019B98699EE70198FFF7C1FA04460A
:10FDD00027B1C16852463846FFF756FA002706F0A9
:10FDE000020A2046FFF7F9FBA8421DD82046FFF77C
:10FDF000F4FB0646002E8AD02046FFF7EAFB09EB0B
:10FE0000070B01463246584600F0A8FA01983744DD
:10FE1000FFF7A5FA50B1BAF1000F7FF478AF214691
:10FE20000198FFF781FA72E72E46E3E70198FFF7A2
:10FE30009BFA0028EFD1BAF1000F14D0B5423FF47D
:10FE400066AFB8F1000F04D06A4621460198FFF76B
:10FE5000EFFA2046AD1BFFF7B9FB04460028C0D1DE
:10FE6000002F9FD053E76389204633446381FFF717
:10FE7000B4FB18B921460198FFF756FAB5423FF492
:10FE800046AFAD1BB8F1000F04D06A4600210198BF
:10FE9000FFF7CEFA0198FFF75BFADEE7002736E7B7
:10FEA00038B504460068F9F7E5FD054628B9012094
:10FEB000E38843F02003E38038BDFFF779FA002898
:10FEC000F5D12846FFF788FAF8B1E38843F0080334
:10FED000E380A388DA0707D52846FFF7C2FAE8B11E
:10FEE000E38843F00103E380A3885B0707D5284636
:10FEF000FFF7C2FA18B1E38843F00403E380B4F9D2
:10FF00000600003818BF0120D6E72846FFF755FA4B
:10FF10000028DED0E38843F01003D9E72846FFF736
:10FF2000A5FA0028DCD12846FFF747FA0028D7D1E8
:10FF3000DAE738B50D461446F9F79CFD28B90920D3
:10FF4000F3F7FAFC4FF0FF3006E0032D03D0042D49
:10FF500003D01620F4E7006C38BD012CF9D80464F6
:10FF60000020F9E7431F002B03D8DFE803F001006E
:10FF7000032070477047292815D005DC062814D0C7
:10FF8000112814D048B17047B0F5817F0DD040F2F0
:10FF9000111398420BD0FF280CD1012909D0022956
:10FFA00008BF0220704706207047012070470220DA
:10FFB000704708467047292811D00ADC012810D064
:10FFC000062810D0002808BF042018BF4FF0FF30CB
:10FFD0007047B0F58D7F08D0B0F5007FF5E70620BB
:10FFE000704708207047012070474FF480707047B9
:10FFF000C06870474269C3681A60704708B5034615
:020000040002F8
:1000000024301AB95A624260002008BD082A28BF6D
:10001000082200F0A3F9F7E708B503462C301AB917
:10002000DA624260002008BD082A28BF082200F0DA
:1000300095F9F7E738B504460D4639B1082A0BD0D3
:100040001620F3F779FC4FF0FF3038BD002AF7D1C6
:100050008263C2630020F8E7F9F738F895E80300F7
:1000600004F1380383E803002046FFF736F9F9F777
:1000700033F8EFE773B5044608680D461646FAF7FD
:10008000F5FA002801DB042E06D01620F3F754FC05
:100090004FF0FF3002B070BD2B68204684F834303A
:1000A000FFF7ABF900230028F4D0CDE900331A465E
:1000B00019462068FFF7D9FCECE708B509B1042A16
:1000C00005D01620F3F738FC4FF0FF3006E00B7830
:1000D0002BB1012BF5D180F84830002008BD022358
:1000E000F9E710B5541E1B2C02D812F0030405D0FA
:1000F0001620F3F721FC4FF0FF3010BD930880F875
:100100004B304C3000F02AF92046F6E708B509B12B
:10011000042A05D01620F3F70FFC4FF0FF3008BD7E
:100120000B78003B18BF012380F849300020F6E728
:1001300008B509B1042A05D01620F3F7FDFB4FF0EE
:10014000FF3008BD0B6880F84A300020F9E770B531
:10015000054614460E4631B992B11620F3F7ECFB72
:100160004FF0FF3070BD002AF7D0406C08B1F3F7B4
:100170003BFD601CF3F71AFD686438B96920EDE7B0
:10018000406C08B1F3F730FD0020EBE72246314622
:1001900000F0E4F800226B6C1A55F5E710B5134631
:1001A00012680446042A28BF042208461A6004F193
:1001B000180100F0D3F80020A06110BD10B513465F
:1001C00012680446082A28BF082208461A6004F16B
:1001D000240100F0C3F8002010BD10B513461268CA
:1001E0000446082A28BF082208461A6004F12C0198
:1001F00000F0B4F8002010BD13B50446134694F87F
:100200004820084601921A6801A9042A28BF04223E
:100210001A6000F0A3F8002002B010BD13B5044628
:10022000134694F84920084601921A6801A9042A45
:1002300028BF04221A6000F091F8002002B010BD1F
:1002400013B50446134694F84A20084601921A68EA
:1002500001A9042A28BF04221A6000F07FF80020B8
:1002600002B010BD10B504460846114694F84B3054
:100270009A000B689A4228BF1A460A6004F14C01A2
:1002800000F06CF8002010BDF8B5456C0E46144621
:10029000176875B12846E7F7CBFF0130B842024630
:1002A00028BF3A4629463046226000F057F8002021
:1002B000F8BD3A462946304600F05DF82560F6E77D
:1002C00070B504460E4600F025F80546206808B1D2
:1002D000FEF79BFF48F202039E4218D048F2090342
:1002E0009E4214D048F201039E420BD16B684BB181
:1002F00004F1140204F1380152F8040B8A4243F865
:10030000040BF9D12046BDE8704000F005B86369E0
:100310006B60F7E7C06870470269C3681A6070478E
:10032000C9B20346024410B59342184601D10020D9
:1003300003E0047801338C42F6D110BD0139024448
:1003400010B5904201D1002005E0037811F8014F6B
:10035000A34201D0181B10BD0130F2E70A44431E2E
:10036000914200D1704710B511F8014B914203F84A
:10037000014FF9D110BD02440346934200D17047AA
:1003800003F8011BF9E72DE9F047164698468A68FD
:1003900007460B690C46DDF820909342B8BF134620
:1003A000336091F843200AB1013333602368990622
:1003B00042BF336802333360256815F0060506D165
:1003C00004F1190AE36832689B1AAB422BDC94F8FB
:1003D00043302268003B18BF0123920630D404F159
:1003E000430241463846C847013023D023681A34B7
:1003F00054F80A2C03F00603042B0ABF54F80E5CD1
:10040000002533684FF0000608BFED1A54F8123C7F
:1004100008BF25EAE5759342C4BF9B1AED18B542A3
:100420001AD1002008E00123524641463846C84709
:10043000013003D14FF0FF30BDE8F0870135C1E74F
:10044000E1185A1C30200233224481F8430094F80A
:10045000451082F84310C2E7012322464146384640
:10046000C8470130E6D00136D9E700207047C9B24D
:100470000346184613F8012B12B18A42F9D170478E
:10048000002918BF00207047034611F8012B03F81C
:10049000012B002AF9D1704710B56AB101398418CF
:1004A00010F8012B11F8013F9A4203D1A04201D06C
:1004B000002AF5D1D01A10BD1046FCE701390346D9
:1004C00010B532B111F8014F013A03F8014B002C7D
:1004D000F7D11A440021934200D110BD03F8011B4B
:1004E000F9E70246014410B58A42134603D01C784E
:1004F0000132002CF8D1181A10BD0A7870B56AB90B
:1005000070BD9A4209D10C46054614F8013F002BF4
:10051000F6D015F8016F9E42F7D001300378002B1A
:10052000EFD11846ECE7FDF79BBFFEF7BFB830B53B
:1005300014469BB005461A46002C05DA8B2303604F
:100540004FF0FF301BB030BD4FF4027300910491A7
:100550006946ADF80C3014BF04F1FF332346029313
:1005600005934FF6FF73ADF80E301E9BFEF708FAA9
:10057000431CBCBF8B232B60002CE3D0009B0022CC
:100580001A70DFE7884210B501EB020402D98442F9
:10059000234607D8431EA14208D011F8012B03F8C7
:1005A000012FF8E7024401468A4200D110BD13F83A
:1005B000014D02F8014DF7E7F8B5074615460C4620
:1005C00021B91146BDE8F840FDF790BD22B9FDF70D
:1005D00043FD00242046F8BD00F036F9A842F9D2C8
:1005E00029463846FDF782FD06460028F1D021460F
:1005F0002A46FFF7B3FE214638463446FDF72CFD68
:10060000E8E72DE9F0471F468E6882460C46BE4259
:1006100090460B682DD8B1F90C2012F4906F26D0BB
:100620006569096905EB4505A3EB01097B1C05EB31
:10063000D5754B446D109D4238BF1D46530527D5D7
:100640002946FDF753FD064660B34A462169FFF788
:1006500085FEA38923F4906343F08003A381266180
:100660004E446561A5EB090526603E46A560BE4285
:1006700000D93E46324641462068FFF783FFA36813
:1006800000209B1BA360236833442360BDE8F087F0
:100690002A46FFF791FF06460028E0D1216950461F
:1006A000FDF7DAFC0C234FF0FF30CAF80030A389C5
:1006B00043F04003A381E9E738B54B1C144603D14E
:1006C0004FF0FF35284638BD9389CDB223F0200383
:1006D00093815368526B8AB1A26B9A4208DD2368FA
:1006E0005A1E226003F8015C636801336360E9E726
:1006F000214600F072F80028F1D0E1E72169226874
:1007000041B1914206D212F8011CA94202D1013A2C
:100710002260EAE7C4E90F2304F14403636303237F
:10072000A363234603F8465F23600123DEE710B589
:100730000C46496B69B104F14403994201D0FDF7BD
:100740008BFC0020236C6063636013B1E36B236058
:1007500010BD23694FF0FF30236000236360A3893D
:1007600043F02003A381F3E770B50B78044601380A
:100770005E2B04F1FF0513BF4A1C8A1C4B78002135
:1007800008BF012100F8011FA842FBD10BB9501E80
:1007900070BD81F001011046E154024612F8015B80
:1007A0002D2D05D05D2D16D0002DF1D02B46F2E772
:1007B00046785D2EFAD0B342F8DC02301A46013298
:1007C0009642A154FBDCF21A5D1C013AB342A8BF69
:1007D0000022AB18E1E71046DAE72DE9F0410C46BC
:1007E000496B04F1440399421AD14FF48061FDF73B
:1007F0007DFC18B94FF0FF30BDE8F0814FF4806305
:10080000606300F2FD30A36394F84630837094F87F
:100810004530437094F84430037020600020EBE7CB
:10082000A66B77003A46FFF7C7FE05460028E1D0E1
:1008300000EB0608014632464046FFF78FFDC4F83C
:100840000080C4E90D57E9E751F8043C181F002B5C
:10085000BCBF0B58C0187047E879FE7F010000004C
:10086000458900000000000099040100000000001C
:10087000E10401000000000021050100000000006B
:100880006105010000000000C1050100000000003A
:10089000096D0100000000005D1A01004C09020012
:1008A000B9AF0100000000005DB1010000000000D0
:1008B0002D2701006009020059200100740902007F
:1008C000A52D010088090200CD1F010000000000D5
:1008D000C132010000000000E9D400000000000067
:1008E000A9360100000000000D3F01003809020098
:1008F0002100010000000000D9700100000000008C
:10090000E9B6010000000000E91101009C090200A5
:10091000B5210100B0090200010E01000000000035
:100920004D4E01000000000075590100000000005C
:1009300019620100000000008C1C02000000000091
:100940009CC900208CCB00208CED0020941A020062
:10095000C01A0200D81A020082CB002050EB0020FF
:10096000A41B0200B01B0200C81B020088CB0020A1
:10097000C4EB0020F41A020000000000FC1A020080
:1009800084CB002000000000141C0200301C020078
:10099000741C02008ACB0020D0EB0020601A0200F9
:1009A000000000007C1A020080CB00200000000044
:1009B000641B020000000000881B020086CB0020A0
:1009C000000000000000000031F7000000000000FF
:1009D00031F700000000000031F7000000000000C7
:1009E00031F700000000000031F70000ED77010052
:1009F000857301000000000031F7000000000000D6
:100A000031F7000088090200392D010000000000C4
:100A100031F700000000000031F700000000000086
:100A200031F700000000000031F700000000000076
:100A300031F700009C0902002114010000000000B1
:100A4000918F01000000000031F70000000000005D
:100A500031F700000000000031F700000000000046
:100A600031F700000000000031F700000000000036
:100A7000753301000000000031F7000000000000A5
:100A800031F700000000000031F700000000000016
:100A900031F700000000000031F700000000000006
:100AA00031F700000000000031F7000000000000F6
:100AB00031F700000000000031F7000000000000E6
:100AC00031F700000000000031F7000000000000D6
:100AD00031F700000000000031F7000000000000C6
:100AE00031F700000000000031F7000000000000B6
:100AF00031F700000000000031F7000000000000A6
:100B000031F700000000000031F700000000000095
:100B100031F70000858601008573010000000000A8
:100B200031F700000000000031F700000000000075
:100B300031F700000000000031F700000000000065
:100B400031F700000000000031F70000A18401002F
:100B5000857301000000000031F700000000000074
:100B600031F700000000000031F700000000000035
:100B700031F700000000000031F700000000000025
:100B800031F700000000000031F700000000000015
:100B900031F700000000000031F700000000000005
:100BA00031F700000000000031F7000000000000F5
:100BB00031F700000000000031F7000000000000E5
:100BC00031F700000000000031F7000000000000D5
:100BD00001000000E143010079460100340F0200EA
:100BE000030000006C1A020003000000AC1D0200AC
:100BF000030000001410020003000000B01A0200FD
:100C000003000000E8220200030000003C1D020077
:100C100003000000DC0D0200030000000C130200C2
:100C2000030000007C1B020003000000F01802001B
:100C30000300000068110200030000009C11020084
:100C400003000000A011020003000000CC1202000B
:100C500003000000641E020003000000682602007A
:100C600003000000CC17020003000000D4180200AB
:100C700003000000DC18020003000000801C0200DA
:100C800003000000582C0200030000007818020046
:100C9000030000008418020003000000CC180200CA
:100CA00003000000A018020003000000B0180200BA
:100CB00003000000BC1802000300000090180200AE
:100CC00003000000EC18020003000000201C0200DA
:100CD00003000000F012020078C90020B8120200E0
:100CE00001000000400D020050E80020300D02001D
:040CF00001000000FF
:100D00005C2C0200000100004A2E02004D2E020061
:100D1000502E020000000000000000000000000053
:100D20000338FDD8704700005B256C6C755D0900C9
:100D30006C6F675F72616D5F6261636B656E6400AB
:100D4000A988000000000000000000000000000072
:100D50000000000000000000000000006D8800009E
:100D600058E8002064E8002080000000466C6173B1
:100D70006820646576696365206E6F7420726561B2
:100D800064790000666C6173685F6765745F7061A9
:100D900067655F696E666F206661696C65642028AF
:100DA000256429004E5653206D6F756E7420666160
:100DB000696C65642028256429000000454550526F
:100DC0004F4D20656D756C6174696F6E20696E6939
:100DD0007469616C697A6564000000006565707211
:100DE0006F6D5F656D756C000A0A53414D504C453F
:100DF0002041505020535441525453005350494DB8
:100E000020494E49540000005350494D20494E4955
:100E1000542066696E69736865640000536F6D6580
:100E200020636F6E74657874000000004661696C21
:100E3000656420746F20696E697469616C697A6594
:100E400020746865204C4544206C69627261727937
:100E50000A000000414443206E6F74207265616493
:100E6000790A0000454550524F4D2073656C66204D
:100E7000646566207472696767657275206C6F7748
:100E8000206475726174696F6E00000045455052B0
:100E90004F4D2073656C66206465662074726967C7
:100EA0006765727520686967682000004545505283
:100EB0004F4D2073656C66206465662074726967A7
:100EC00067657275206C6F77200000007374617223
:100ED0007420747269676765722076616C2025647E
:100EE00000000000656E6420747269676765722097
:100EF00076616C2025640000656E642074726967F9
:100F0000206C6F77206475726174696F6E20256440
:100F100020736D706C730000424D4520696E6974DA
:100F20000000000049442056414C20253032582012
:100F3000000000004C495300000428400405000054
:100F400000042840030400000004284002030000BD
:100F500000042840010200000004284000010000B5
:100F600000070E091C1B1215383F363124232A2D89
:100F700028756E7369676E656429206368617220E5
:100F80002A207573656420666F72202525702061A4
:100F90007267756D656E742E2049742773207265B3
:100FA000636F6D6D656E64656420746F206361733B
:100FB0007420697420746F20766F6964202A20621F
:100FC000656361757365206974206D617920636163
:100FD000757365206D69736265686176696F7220EB
:100FE000696E206365727461696E20636F6E6669F5
:100FF0006775726174696F6E732E20537472696EB7
:10100000673A2225732220617267756D656E743AA6
:101010002564000063627072696E74665F7061635C
:101020006B61676500000000019E0000659E000086
:10103000000000002D9E0000286E696C2900000051
:101040004E5653206E6F7420696E697469616C69C5
:101050007A656400436F756C64206E6F74206F62F4
:101060007461696E20666C61736820706172616D75
:101070006574657273000000556E737570706F72E1
:1010800074656420777269746520626C6F636B208D
:1010900073697A6500000000556E61626C652074AA
:1010A0006F20676574207061676520696E666F00E8
:1010B000496E76616C696420736563746F72207326
:1010C000697A6500436F6E66696775726174696FEE
:1010D0006E206572726F72202D20736563746F725B
:1010E00020636F756E7400004E6F20474320446F7D
:1010F0006E65206D61726B657220666F756E643A05
:101100002072657374617274696E67206763000092
:10111000256420536563746F7273206F66202564A5
:101120002062797465730000616C6C6F6320777264
:10113000613A2025642C20257800000064617461E8
:10114000207772613A2025642C2025780000000069
:10115000474320446F6E65206D61726B6572206637
:101160006F756E640000000066735F6E767300003A
:101170006C6F6767696E670000CE00200004000096
:101180008DD6000061D50000020000001DE50000C2
:101190000000000000000000000000006C6F67000D
:1011A0006C6F675F6D676D74000000004D65737351
:1011B000616765202822257322292064726F707070
:1011C0006564206265636175736520697420657864
:1011D00063656564732073697A65206C696D6974F1
:1011E0006174696F6E202825752900001B5B306DC6
:1011F00000000000257320005B2530386C755D20F1
:10120000000000005B253032753A253032753A25F2
:101210003032752E253033752C253033755D200026
:1012200025732F003C25733E2000000025733A20D3
:10123000000000002530327820000000202020002F
:101240007C00000025630000206D65737361676595
:10125000732064726F70706564202D2D2D0D0A1B34
:101260005B306D001B5B313B33316D2D2D2D20002C
:101270001B5B313B33316D001B5B313B33336D0006
:101280006572720077726E00696E66006462670054
:10129000000000007012020078120200000000003E
:1012A0000000000000000000801202008412020012
:1012B000881202008C1202006C6F675F6261636BC0
:1012C000656E645F75617274000000006C6F675F2B
:1012D0007561727400000000E012020068E90020ED
:1012E00099E6000088E9002094E900200100000050
:1012F000E5E70000B1E7000051E700001DE700004E
:1013000000000000E9E6000000000000666C617368
:10131000680000002A2A2A20426F6F74696E6720D5
:101320006E524620436F6E6E6563742053444B20AB
:1013300076322E392E302D373738376232363439FF
:10134000383430202A2A2A0A000000002A2A2A20BB
:101350005573696E67205A6570687972204F532003
:1013600076332E372E39392D316638663364633241
:1013700039313432202A2A2A0A00000072302F61C3
:10138000313A2020307825303878202072312F6192
:10139000323A2020307825303878202072322F6180
:1013A000333A2020307825303878000072332F61AE
:1013B000343A2020307825303878207231322F6945
:1013C000703A2020307825303878207231342F6CF4
:1013D000723A2020307825303878000020787073F9
:1013E000723A202030782530387800004661756CDC
:1013F00074696E6720696E737472756374696F6E59
:10140000206164647265737320287231352F7063B4
:10141000293A20307825303878000000556E686110
:101420006E646C6564204952516E3A202564000058
:101430002A2A2A2A2A205553414745204641554CFD
:1014400054202A2A2A2A2A002020446976697369AE
:101450006F6E206279207A65726F00002020556ED1
:10146000616C69676E6564206D656D6F727920616E
:1014700063636573730000002020537461636B2005
:101480006F766572666C6F772028636F6E7465780F
:10149000742061726561206E6F742076616C69647E
:1014A0002900000020204E6F20636F70726F63650B
:1014B00073736F7220696E737472756374696F6E83
:1014C000730000002020496C6C6567616C206C6FB4
:1014D0006164206F66204558435F52455455524E13
:1014E00020696E746F205043000000002020496C7A
:1014F0006C6567616C20757365206F662074686524
:1015000020455053520000002020417474656D70D6
:101510007420746F206578656375746520756E64DA
:101520006566696E656420696E737472756374694B
:101530006F6E00002A2A2A2A2A204255532046414B
:10154000554C54202A2A2A2A2A00000020205374AD
:1015500061636B696E67206572726F7200000000D4
:101560002020556E737461636B696E6720657272BB
:101570006F7200002020507265636973652064619A
:10158000746120627573206572726F7200000000D2
:1015900020204246415220416464726573733A20B0
:1015A00030782578000000002020496D7072656356
:1015B000697365206461746120627573206572725D
:1015C0006F7200002020496E737472756374696FC6
:1015D0006E20627573206572726F72002020466CF7
:1015E0006F6174696E672D706F696E74206C617ABB
:1015F00079207374617465207072657365727661A9
:1016000074696F6E206572726F7200002A2A2A2A2E
:101610002A204D5055204641554C54202A2A2A2A2A
:101620002A0000002020537461636B696E67206597
:1016300072726F722028636F6E74657874206172A5
:101640006561206D69676874206265206E6F742023
:1016500076616C6964290000202044617461204136
:1016600063636573732056696F6C6174696F6E0094
:1016700020204D4D46415220416464726573733A97
:1016800020307825780000002020496E7374727530
:101690006374696F6E204163636573732056696F6D
:1016A0006C6174696F6E0000526573657276656473
:1016B00020457863657074696F6E20280000000013
:1016C00053707572696F757320696E746572727587
:1016D000707420284952512000000000457863654D
:1016E0007074696F6E206F636375727265642069D0
:1016F0006E205365637572652053746174650000D4
:101700002A2A2A2A2A2048415244204641554C542C
:10171000202A2A2A2A2A0000202042757320666186
:10172000756C74206F6E20766563746F72207461BF
:10173000626C6520726561640000000020204465D1
:10174000627567206576656E740000002020466132
:10175000756C7420657363616C6174696F6E2028A9
:101760007365652062656C6F7729000041524348BC
:101770005F4558434550542077697468207265610D
:10178000736F6E2025780A002A2A2A2A2A204465A7
:10179000627567206D6F6E69746F7220657863651E
:1017A0007074696F6E202A2A2A2A2A002A2A2A2A75
:1017B0002A20257320256429202A2A2A2A2A000083
:1017C00080C5002000000000060001006D7075005B
:1017D0004661696C656420746F20616C6C6F636135
:1017E0007465206E6577204D505520726567696F6E
:1017F0006E2025750A000000506172746974696F6B
:101800006E2025753A2073616E697479206368656E
:10181000636B206661696C65642E0000496E7661B9
:101820006C696420756E6465726C79696E6720728C
:101830006567696F6E20696E6465782025750000A4
:101840000200000058180200464C4153485F300027
:101850005352414D5F300000000000004818020064
:1018600002000000E0FF0F0068C5002050180200D1
:1018700021000000E0FF0320706F7369785F656EE0
:1018800076000000706F7369785F74696D6572002F
:10189000707468726561645F72776C6F636B00006F
:1018A000707468726561645F636F6E64000000004D
:1018B000707468726561645F6B65790070746872DA
:1018C0006561645F6D75746578000000707468729E
:1018D000656164006E65745F627566006E65745F55
:1018E0006275665F73696D706C650000736F63008D
:1018F000667300007A65706879720000776C616EBB
:10190000256400006E6574256400000053656C65F5
:101910006374656420414443206761696E20697384
:10192000206E6F742076616C6964000053656C658D
:101930006374656420414443207265666572656E18
:101940006365206973206E6F742076616C69640032
:1019500053656C6563746564204144432061637121
:101960007569736974696F6E2074696D6520697338
:10197000206E6F742076616C69640000496E766138
:101980006C69642073656C656374696F6E206F6643
:10199000206368616E6E656C730000004368616E61
:1019A0006E656C202575206E6F7420636F6E66699E
:1019B0006775726564000000414443207265736F6F
:1019C0006C7574696F6E2076616C75652025642076
:1019D0006973206E6F742076616C6964000000008A
:1019E0004F76657273616D706C696E6720697320E4
:1019F000737570706F7274656420666F722073699E
:101A00006E676C65206368616E6E656C206F6E6CCE
:101A1000790000004F76657273616D706C696E6756
:101A20002076616C7565202564206973206E6F7463
:101A30002076616C6964000050726F766964656439
:101A40002062756666657220697320746F6F2073FB
:101A50006D616C6C202825752F257529000000000C
:101A60006164634065303030000000006164635F92
:101A70006E7266785F7361616463000055120100E5
:101A80006915010058020000011D0100F517010051
:101A900000000000636C6F636B4035303030000035
:101AA0006866636C6B0000006C66636C6B00000022
:101AB000636C6F636B5F636F6E74726F6C000000BA
:101AC000591B0100F9180100A01A0200C9180100F1
:101AD00051190100A81A0200B11901000D1C0100E2
:101AE0007D1C010000000000B9170100000000008B
:101AF000000000007073612D726E67001D200100F0
:101B000000000000696E76616C6964206164647233
:101B10006573733A2030782530386C783A257A75B9
:101B2000000000006E6F7420776F72642D616C6925
:101B3000676E65643A2030782530386C783A257ABB
:101B400075000000756E616C69676E656420616484
:101B500064726573733A2030782530386C783A2592
:101B60007A750000666C6173682D636F6E74726FB6
:101B70006C6C65724033393030300000666C6173D4
:101B8000685F6E726600000045220100F9200100C6
:101B9000D5220100C92001009120010004000000AD
:101BA00000FF00006770696F403834323530300014
:101BB000FFFFFFFF00258440000000000000000040
:101BC0000010034001000000F52701006924010016
:101BD0009D240100D92401000D25010041250100AB
:101BE000FD2501007D250100000000000001020329
:101BF000040506074661696C656420746F20616C9A
:101C00006C6F6361746520505049204368616E6E4B
:101C1000656C00007561727440383030300000002F
:101C2000756172745F6E7266785F7561727465005B
:101C3000008000400100000000000000501C020075
:101C400000000004000000002FF300202EF300200D
:101C5000008000405C1C020001000000641C0200C7
:101C6000040000001B0000001A0000011A06000119
:101C70000F060003ED2C0100ED2E0100B52C010034
:101C80006E72665F6D6F64656D0000006E7266391E
:101C9000785F736F636B657400000000DD4A0100BC
:101CA000A1430100494C0100A54C0100854A0100F7
:101CB000A144010000000000E5450100954201003B
:101CC000654201005D490100394701007941010089
:101CD000AD400100F53F010019480100000000007F
:101CE000000000000000000043616E6E6F742077FA
:101CF00072697465204C4544206770696F0000006C
:101D000043616E6E6F7420636F6E6669677572658E
:101D1000204C4544206770696F0000006009020094
:101D200000000000600902000100000060090200DC
:101D3000040000006009020005000000646B5F629F
:101D40007574746F6E735F616E645F6C656473004D
:101D50004661696C656420746F20686F6F6B2074D6
:101D600068652064697370617463682066756E636A
:101D700074696F6E2C20657272202564000000006B
:101D80004E6F206865617020737061636520666FB7
:101D90007220696E636F6D696E67206E6F7469661D
:101DA00069636174696F6E3A2025730061745F6DB9
:101DB0006F6E69746F7200004F4B0D0A00000000D7
:101DC0004552524F520D0A002B434D452045525269
:101DD0004F523A002B434D53204552524F523A0036
:101DE000B81D0200C01D0200C81D0200D41D020063
:101DF0004E554C4C20617320612068616E646C65A7
:101E0000722072656365697665643A204E6F746806
:101E1000696E6720746F20626520646F6E652E0A9C
:101E20005468652068616E646C65722063616E2021
:101E300062652064657265676973746572656420A4
:101E40007573696E67206C74655F6C635F6465723F
:101E5000656769737465725F68616E646C6572282A
:101E6000290000006C74655F6C6300004D6F646551
:101E70006D206C69627261727920696E6974206587
:101E800072726F723A2025642C206C74655F6C63EB
:101E9000206E6F7420696E697469616C697A65641B
:101EA000000000004661696C656420746F207365F2
:101EB000742073797374656D206D6F646520616E35
:101EC00064206D6F646520707265666572656E630F
:101ED000652C206572722025640000004154252580
:101EE000464541434F4E463D302C332C256400007F
:101EF000776F726B5F710000436F756C64206E6F5B
:101F0000742067657420726567697374726174699F
:101F10006F6E207374617475732C206572726F72AA
:101F20003A20256400000000436F756C64206E6FDA
:101F30007420676574204345524547207061726183
:101F40006D20636F756E742C20706F74656E74698C
:101F5000616C6C79206D616C666F726D6564206E6A
:101F60006F74696669636174696F6E2C2065727243
:101F70006F723A202564000052656769737472615C
:101F800074696F6E2072656A65637465642C2045A0
:101F90004D4D2063617573653A2025642C2043659F
:101FA0006C6C2049443A2025642C20547261636B88
:101FB000696E6720617265613A2025642C204C545B
:101FC00045206D6F64653A20256400004661696CA8
:101FD000656420746F207061727365206E6F746920
:101FE0006669636174696F6E20286572726F722012
:101FF0002564293A20257300556E6B6E6F776E202D
:102000006E6574776F726B20726567697374726145
:1020100074696F6E207374617475733A202564005F
:10202000556E6B6E6F776E204C5445206D6F6465F6
:102030003A202564000000002B43455245473A20D2
:10204000252A752C2568752C252A5B5E2C5D2C2293
:102050002578222C0000000041542B43455245476F
:102060003F0000002B43455245470000436F756C0D
:1020700064206E6F7420676574207369676E616C8D
:102080006C696E67206D6F64652C206572726F726B
:102090003A20256400000000496E76616C69642076
:1020A0007369676E616C6C696E67206D6F64653A09
:1020B0002025640043616E2774207061727365206F
:1020C0007369676E616C6C696E67206D6F64652CF7
:1020D000206572726F723A20256400002B435343CF
:1020E0004F4E000043616E2774207061727365204B
:1020F0006D6F64656D206576656E74206E6F7469B2
:102100006669636174696F6E2C206572726F723AD2
:1021100020256400534541524348205354415455AF
:102120005320310D0A0000005345415243482053CB
:10213000544154555320320D0A0000005245534576
:1021400054204C4F4F500D0A000000004D452042D6
:10215000415454455259204C4F570D0A000000007D
:102160004D45204F5645524845415445440D0A00BF
:102170004E4F20494D45490D0A0000005052414341
:10218000482043452D4C4556454C20300D0A000053
:1021900050524143482043452D4C4556454C203133
:1021A0000D0A000050524143482043452D4C4556EE
:1021B000454C20320D0A000050524143482043450F
:1021C0002D4C4556454C20330D0A0000254D444DFD
:1021D0004556000014210200282102003C21020083
:1021E0004C21020060210200702102007C210200CB
:1021F00090210200A4210200B8210200496E7661FC
:102200006C69642073797374656D206D6F646520EB
:102210007265717565737465643A20256400000009
:10222000496E76616C6964204C5445207072656615
:102230006572656E6365207265717565737465643A
:102240003A20256400000000415425255853595375
:1022500054454D4D4F44453D25732C2563000000EA
:10226000436F756C64206E6F742073656E642041DB
:102270005420636F6D6D616E642C206572726F7295
:102280003A20256400000000303132333400000071
:10229000312C302C30000000302C312C300000006C
:1022A000302C302C31000000312C302C310000005B
:1022B000302C312C31000000312C312C300000004A
:1022C000312C312C3100000000000000902202006F
:1022D00098220200A0220200A8220200B0220200DE
:1022E000B8220200C0220200646174655F74696DE7
:1022F00065000000646174655F74696D655F776F88
:10230000726B5F7100000000436F756C64206E6F2C
:1023100074207365742073797374656D2074696DAE
:10232000652C2025640000004661696C65642067A7
:10233000657474696E67204C5445206E6574776FC0
:10234000726B20726567697374726174696F6E2055
:102350007374617475732C206572726F723A2025E4
:10236000640000003132330067657461646472692F
:102370006E666F2C206572726F723A2025640000C1
:10238000736E74705F696E69742C206572726F72FF
:102390003A20256400000000736E74705F717565EB
:1023A00072792C206572726F723A202564000000E9
:1023B000446964206E6F74206765742074696D656C
:1023C0002066726F6D20616E79204E5450207365C7
:1023D00072766572000000006E74702E75696F2E43
:1023E0006E6F000074696D652E676F6F676C652E88
:1023F000636F6D00D8230200E423020025255854A2
:10240000494D45206E6F74696669636174696F6ECA
:1024100020646F65736E277420636F6E7461696EDC
:1024200020272C273A20257300000000252558542A
:10243000494D45206E6F74696669636174696F6E9A
:1024400020746F6F2073686F72743A2025730000D8
:1024500025255854494D45206E6F7469666963613E
:1024600074696F6E20646F65736E277420636F6E7E
:102470007461696E202722272061667465722027A7
:102480002C273A202573000054696D652076616C15
:102490007565206465636F64696E67206661696C49
:1024A00065642066726F6D2025255854494D45207E
:1024B0006E6F74696669636174696F6E20287265F6
:1024C000743D2564293A20257300000041542525D8
:1024D0005854494D453D31005375627363726962CA
:1024E000696E6720746F206D6F64656D204154259F
:1024F000255854494D45206E6F746966696361744F
:10250000696F6E73206661696C65642C20657272F8
:102510003D2564002B43434C4B3A202225752F2543
:10252000752F25752C25753A25753A257525640076
:1025300041542B43434C4B3F00000000446964204E
:102540006E6F74206765742074696D652066726FA4
:102550006D2063656C6C756C6172206E6574776F4D
:10256000726B20286572726F723A202564292E20C2
:1025700054686973206D6179206265206E6F726D99
:10258000616C20617320736F6D652063656C6C7581
:102590006C6172206E6574776F726B7320646F6EFE
:1025A00027742070726F76696465206974206F7279
:1025B0002074696D65206D6179206E6F742062658D
:1025C00020617661696C61626C65207965742E00AA
:1025D00041542B43434C4B3D22253032752F25303F
:1025E00032752F253032752C253032753A25303230
:1025F000753A25303275252B3033642200000000F7
:1026000053657474696E67206D6F64656D207469BD
:102610006D65206661696C65642C2025640000008E
:10262000255854494D4500004661696C6564207425
:102630006F2073657420636F6E666967757261746D
:10264000696F6E20286572723A20256429000000A7
:1026500041542558434F4558303D312C312C3135AC
:1026600036352C31353836006D6F64656D5F616EBF
:1026700074656E6E6100000054462D4D206E6F6EC5
:102680002D7365637572652063616C6C6261636B49
:1026900020696E697469616C697A6174696F6E2012
:1026A0006661696C65642C206572726F723A2025D0
:1026B000640000002A2A2A2A2A20534543555245FD
:1026C000204641554C54202A2A2A2A2A000000007C
:1026D0002020416464726573733A20307825780055
:1026E0002020496E76616C696420656E7472792071
:1026F000706F696E740000002020496E76616C690D
:102700006420696E74656772697479207369676E95
:1027100061747572650000002020496E76616C69F5
:102720006420657863657074696F6E207265747576
:10273000726E000020204174747269627574696F52
:102740006E20756E69742076696F6C6174696F6E46
:10275000000000002020496E76616C69642074726C
:10276000616E736974696F6E0000000020204C6117
:102770007A792073746174652070726573657276FE
:102780006174696F6E00000020204C617A792073BB
:1027900074617465206572726F7200002A2A2A2A99
:1027A0002A2053505520494E5445525255505420DA
:1027B0002A2A2A2A2A00000020205365637572699C
:1027C00074792076696F6C6174696F6E20666F72C0
:1027D0002074686520666C617368206D656D6F722A
:1027E0007920737061636500202053656375726999
:1027F00074792076696F6C6174696F6E20666F7290
:10280000207468652052414D206D656D6F7279208E
:102810007370616365000000202053656375726901
:1028200074792076696F6C6174696F6E206F6E20A9
:102830006F6E65206F72207365766572616C2070B3
:1028400065726970686572616C732E004999010048
:102850000D9E010000000000C1020200C5A601009B
:10286000FDA70100D72C0200DC2C0200E42C0200A2
:10287000F02C020000000002000000010000000433
:102880000000000800000010000000000C00000024
:10289000690000000B0000007200000080000000D2
:1028A0001600000070000000780000007F000000AB
:1028B00080000000710000006800000016000000A9
:1028C000740000007300000073000000710000003D
:1028D0008C0000007A0000000D0000000B000000DA
:1028E0000B000000760000000B0000000900000053
:1028F000ADBAADBAADBAADBAADBAADBAADBAADBAA0
:10290000ADBAADBAADBAADBAADBAADBAADBAADBA8F
:10291000ADBAADBAADBAADBAADBAADBAADBAADBA7F
:10292000ADBAADBAADBAADBAADBAADBAADBAADBA6F
:10293000ADBAADBAADBAADBAADBAADBAADBAADBA5F
:10294000ADBAADBAADBAADBAADBAADBAADBAADBA4F
:10295000ADBAADBAADBAADBAADBAADBAADBAADBA3F
:10296000ADBAADBAADBAADBAADBAADBAADBAADBA2F
:10297000ADBAADBAADBAADBAADBAADBAADBAADBA1F
:10298000ADBAADBAADBAADBAADBAADBAADBAADBA0F
:10299000ADBAADBAADBAADBAADBAADBAADBAADBAFF
:1029A000ADBAADBAADBAADBAADBAADBAADBAADBAEF
:1029B000ADBAADBAADBAADBAADBAADBAADBAADBADF
:1029C000ADBAADBAADBAADBAADBAADBAADBAADBACF
:1029D000ADBAADBAADBAADBAADBAADBAADBAADBABF
:1029E000ADBAADBAADBAADBAADBAADBAADBAADBAAF
:1029F000ADBAADBAADBAADBAADBAADBAADBAADBA9F
:102A0000ADBAADBAADBAADBAADBAADBAADBAADBA8E
:102A1000ADBAADBAADBAADBA6F0000006F0000003C
:102A20006F0000006F0000006F0000006F000000EA
:102A30006F0000000B0000007A000000470000005B
:102A40000B0000000B0000005F00000004100000FD
:102A50000170000004700000FFFFFFFFFFFFFFFF99
:102A6000FFFFFFFFFFFFFFFFFFFFFFFFFFFFFFFF76
:102A7000FFFFFFFFFFFFFFFF037000000270000079
:102A8000057000000670000008700000097000006A
:102A90000A700000FFFFFFFFFFFFFFFFFFFFFFFFC8
:102AA000FFFFFFFFFFFFFFFFFFFFFFFFFFFFFFFF36
:102AB000FFFFFFFFFFFFFFFFFFFFFFFF01800000A1
:102AC00010400000106000001130000012300000C3
:102AD000FFFFFFFFFFFFFFFFFFFFFFFFFFFFFFFF06
:102AE000FFFFFFFF10300000FFFFFFFFFFFFFFFFB2
:102AF000FFFFFFFFFFFFFFFFFFFFFFFFFFFFFFFFE6
:102B0000FFFFFFFFFFFFFFFFFFFFFFFFFFFFFFFFD5
:102B1000FFFFFFFFFFFFFFFFFFFFFFFFFFFFFFFFC5
:102B200006500000FFFFFFFFFFFFFFFFFFFFFFFF5B
:102B3000FFFFFFFFFFFFFFFFFFFFFFFF2060000021
:102B400048616C74696E672073797374656D0000F9
:102B5000556E6B6E6F776E206572726F720000003B
:102B6000756E6B6E6F776E003E3E3E205A45504844
:102B7000595220464154414C204552524F52202533
:102B8000643A202573206F6E204350552025640041
:102B90004661756C7420647572696E6720696E7425
:102BA0006572727570742068616E646C696E670A14
:102BB0000000000043757272656E7420746872655F
:102BC00061643A2025702028257329004350552040
:102BD000657863657074696F6E000000556E68619A
:102BE0006E646C656420696E7465727275707400D1
:102BF000537461636B206F766572666C6F7700004B
:102C00004B65726E656C206F6F7073004B65726EF2
:102C1000656C2070616E696300000000CC2B0200BF
:102C2000DC2B0200F02B0200002C02000C2C020016
:102C300069646C65000000006D61696E0000000051
:102C40006008020060080200D0080200D8080200F4
:102C500020090200380902006F730000737973774E
:102C60006F726B71000000000000000000000000A7
:102C70000000000000000000000000000000000054
:102C80000000000000000000000000000000000044
:102C90000000000000000000000000000000000034
:102CA0000000000000000000000000000000000024
:102CB0000000000000000000000000000000000014
:102CC0000000000000000000EAFF7AFFF4FF41541A
:102CD0002B4346554E3D004F4B0D0A004552524F77
:102CE000520D0A002B434D45204552524F523A0097
:102CF0002B434D53204552524F523A0070646E00A0
:102D0000000102050020202020202020202028284B
:102D1000282828202020202020202020202020209B
:102D200020202020208810101010101010101010DB
:102D3000101010101004040404040404040404100B
:102D40001010101010104141414141410101010199
:102D50000101010101010101010101010101010163
:102D6000101010101010424242424242020202026F
:102D70000202020202020202020202020202020233
:102D800010101010200000000000000000000000E3
:102D90000000000000000000000000000000000033
:102DA0000000000000000000000000000000000023
:102DB0000000000000000000000000000000000013
:102DC0000000000000000000000000000000000003
:102DD00000000000000000000000000000000000F3
:102DE00000000000000000000000000000000000E3
:102DF00000000000000000000000000000000000D3
:102E00000000000000303132333435363738394174
:102E10004243444546003031323334353637383951
:102E200061626364656600232D302B2000686C4C62
:102E30000065666745464700412D46612D66383975
:102E400030313233343536375D002B2D00303000D1
:102E500078580000A56A0100000000005D5A0100DA
:102E600000000000F53C010000000000C16C010002
:0C2E700000000000FD5A010000000000FE
:102E94000000000028100200010000008CC5002082
:102EA4008CC5002000000000000000000E0000009F
:102EB400A0C50020A0C50020000000000000000004
:102EC400000000002810020001000000BCC5002022
:102ED400BCC5002000000000000000000E0000003F
:102EE400D0C50020D0C50020000000000000000074
:102EF400000000002810020001000000ECC50020C2
:102F0400ECC5002000000000000000000E000000DE
:102F140000C6002000C600200000000000000000E1
:102F2400000000000000000000000000000000009D
:102F3400000000000000000000000000000000008D
:102F4400000000000000000000000000000000007D
:102F5400000000000000000000000000000000006D
:102F6400000000000000000000000000000000005D
:102F7400000000000000000000000000000000004D
:102F8400000000000000000000000000000000003D
:102F9400000000000000000000000000000000002D
:102FA400000000000000000000000000000000001D
:102FB400000000000000000000000000000000000D
:102FC40000000000000000000000000000000000FD
:102FD40000000000000000000000000000000000ED
:102FE40000000000000000000000000000000000DD
:102FF40000000000000000000000000000000000CD
:1030040000000000000000000000000000000000BC
:1030140000000000000000000000000000000000AC
:10302400000000000000000000000000000000009C
:10303400000000000000000000000000000000008C
:10304400000000000000000000000000000000007C
:10305400000000000000000000000000000000006C
:10306400000000000000000000000000000000005C
:10307400000000000000000000000000000000004C
:10308400000000000000000000000000000000003C
:10309400000000000000000000000000000000002C
:1030A400000000000000000000000000000000001C
:1030B400000000000000000000000000000000000C
:1030C40000000000000000000000000000000000FC
:1030D40000000000000000000000000000000000EC
:1030E40000000000000000000000000000000000DC
:1030F40000000000000000000000000000000000CC
:1031040000000000000000000000000000000000BB
:1031140000000000000000000000000000000000AB
:10312400000000000000000000000000000000009B
:10313400000000000000000000000000000000008B
:10314400000000000000000000000000000000007B
:10315400000000000000000000000000000000006B
:10316400000000000000000000000000000000005B
:10317400000000000000000000000000000000004B
:10318400000000000000000000000000000000003B
:10319400000000000000000000000000000000002B
:1031A400A9D401000000000000000000000000009D
:1031B400A0C80020A0C80020BD130100000000002A
:1031C40000000000000000000000000000000000FB
:1031D400C0C80020C0C8002000000000010000009A
:1031E400D0C80020D0C80020D8C80020D8C80020EB
:1031F4000000000001000000E8C80020E8C800202A
:1032040000000000000000000000000000000000BA
:1032140000000000000000000000000000000000AA
:10322400000000000000000000000000000000009A
:10323400000000000000000000000000000000008A
:1032440000000000A965010000000000000100006A
:10325400000000000000000000000000000000006A
:10326400000000000000000000000000000000005A
:1032740015CD5B0700000000009000400000000036
:10328400599C0000D9D30000D812020000000000AD
:103294004D00010084C9002084C900208CC900208D
:1032A4008CC9002094C9002094C900204544010021
:1032B400593F01000000000000000000894F010098
:1032C4000000000000000000630000000000000097
:1032D400456A010000000000000000000070014089
:1032E40000000000FFFF00003F000000FFFF00009F
:1032F4003F0000000000000000000000000000008B
:1033040000000000000000000000000000000000B9
:1033140000000000000000000000000000000000A9
:103324000000000000000000000000000000000099
:103334000000000000000000000000000000000089
:103344000000000008000000FF0000000000000072
:103354000100000000000000000000000000000068
:103364000000000000000000000000000000000059
:103374000000000000000000000000000000000049
:103384000000000000000000000000000000000039
:103394000000000000000000000000000000000029
:1033A400000000000000000008000000FF00000012
:1033B400000000000100000000000000E592010090
:1033C400E590010009930100F1900100ED950100E1
:1033D40075930100B595010061F101005BF10100F5
:1033E40055F10100D4CA0020D4CA0020DCCA002050
:1033F400DCCA0020E8CA002000000000A82C02005B
:10340400882C0200682C020000000000000000006C
:1034140000000000000000000000000000000000A8
:103424000000000000000000000000000000000098
:103434000000000000000000000000000000000088
:103444000000000000000000000000000000000078
:103454000000000000000000A00F23003700030656
:1034640064200200155D010000000000DC20020061
:103474005D60010000000000CC210200F960010041
:103484000000000020260200516801000000000036
:0E34940000000000000000000000000000002A
:1034A4000000000000000000000000000000000018
:1034B4000000000000000000000000000000000008
:1034C40000000000000000000000000000000000F8
:1034D40000000000000000000000000000000000E8
:1034E4000000000000000000B0990120004000002E
:1034F4000000000000000000000000007006012031
:10350400000100000000000000000000FCCB0020CF
:10351400FCCB002000000000000000000E000000B2
:1035240010CC002010CC002000000000000000009F
:103534000E00000024CC002024CC00200000000059
:10354400000000000E00000038CC002038CC002021
:1035540000000000000000000E0000004CCC002021
:103564004CCC002000000000000000000E00000011
:1035740060CC002060CC00200000000000000000AF
:103584000E00000074CC002074CC00200000000069
:10359400000000000E00000088CC002088CC002031
:1035A400000000000100000098CC002098CC00200E
:1035B400A0CC0020A0CC00200000000001000000EE
:1035C400B0CC0020B0CC00200000000000000000BF
:1035D400C0CC0020C0CC0020C8CC0020C8CC002027
:1035E40014CD0020000000000000000000000000D6
:1035F40000000000000000000000000000000000C7
:1036040000000000000000000000000000000000B6
:1036140000000000000000000000000000000000A6
:10362400000000003809020038CD0020000000002E
:10363400000200000000000000000000000500007F
:103644000000000000000000000000000000000076
:0C365400AD0D01000000000015E015E0C5
:00000001FF
