:10800000D05B0220C91A0100E51301005D1A0100CE
:108010005D1A01005D1A01005D1A01005D1A010080
:10802000000000000000000000000000591D0100D9
:108030005D1A010000000000111D01005D1A010021
:108040004521010045210100452101004521010094
:108050004521010045210100452101004521010084
:108060004521010045210100452101004521010074
:108070004521010045210100452101004521010064
:108080004521010045210100452101004521010054
:108090004521010045210100452101004521010044
:1080A0004521010045210100452101004521010034
:1080B0004521010045210100452101004521010024
:1080C0004521010045210100452101004521010014
:1080D0004521010045210100452101004521010004
:1080E00045210100452101004521010045210100F4
:1080F00045210100452101004521010045210100E4
:1081000045210100452101004521010045210100D3
:1081100045210100452101004521010045210100C3
:1081200045210100452101004521010045210100B3
:1081300045210100452101004521010045210100A3
:0481400045210100D4
:1081480081F0004102E000BF83F0004330B54FEA00
:1081580041044FEA430594EA050F08BF90EA020F6D
:108168001FBF54EA000C55EA020C7FEA645C7FEA00
:10817800655C00F0E2804FEA5454D4EB5555B8BF23
:108188006D420CDD2C4480EA020281EA030382EA94
:10819800000083EA010180EA020281EA0303362D26
:1081A80088BF30BD11F0004F4FEA01314FF4801CF9
:1081B8004CEA113102D0404261EB410113F0004F0B
:1081C8004FEA03334CEA133302D0524263EB4303C2
:1081D80094EA050F00F0A780A4F10104D5F1200E60
:1081E8000DDB02FA0EFC22FA05F2801841F10001BB
:1081F80003FA0EF2801843FA05F359410EE0A5F18F
:1082080020050EF1200E012A03FA0EFC28BF4CF0BF
:10821800020C43FA05F3C01851EBE37101F0004575
:1082280007D54FF0000EDCF1000C7EEB00006EEB82
:108238000101B1F5801F1BD3B1F5001F0CD349080C
:108248005FEA30004FEA3C0C04F101044FEA445263
:1082580012F5800F80F09A80BCF1004F08BF5FEAEA
:10826800500C50F1000041EB045141EA050130BDCA
:108278005FEA4C0C404141EB0101013C28BFB1F5DC
:10828800801FE9D291F0000F04BF01460020B1FA27
:1082980081F308BF2033A3F10B03B3F120020CDAFA
:1082A8000C3208DD02F1140CC2F10C0201FA0CF0D8
:1082B80021FA02F10CE002F11402D8BFC2F1200C3D
:1082C80001FA02F120FA0CFCDCBF41EA0C019040F3
:1082D800E41AA2BF01EB0451294330BD6FEA04043C
:1082E8001F3C1CDA0C340EDC04F11404C4F1200227
:1082F80020FA04F001FA02F340EA030021FA04F339
:1083080045EA030130BDC4F10C04C4F1200220FA8F
:1083180002F001FA04F340EA0300294630BD21FACD
:1083280004F0294630BD94F0000F83F4801306BF93
:1083380081F480110134013D4EE77FEA645C18BF87
:108348007FEA655C29D094EA050F08BF90EA020F1E
:1083580005D054EA000C04BF1946104630BD91EA16
:10836800030F1EBF0021002030BD5FEA545C05D119
:108378004000494128BF41F0004130BD14F5800458
:108388003CBF01F5801130BD01F0004545F0FE41CC
:1083980041F470014FF0000030BD7FEA645C1ABF01
:1083A800194610467FEA655C1CBF0B46024650EA38
:1083B800013406BF52EA033591EA030F41F4002164
:1083C80030BD00BF90F0000F04BF0021704730B5EA
:1083D8004FF4806404F132044FF000054FF00001BF
:1083E80050E700BF90F0000F04BF0021704730B580
:1083F8004FF4806404F1320410F0004548BF404255
:108408004FF000013EE700BF42004FEAE2014FEAA9
:1084180031014FEA02701FBF12F07F4393F07F4F84
:1084280081F06051704732F07F4208BF704793F087
:108438007F4F04BF41F40021704730B54FF460749A
:1084480001F0004521F000411CE700BF50EA01029D
:1084580008BF704730B54FF000050AE050EA010246
:1084680008BF704730B511F0004502D5404261EBB6
:1084780041014FF4806404F132045FEA915C3FF4F7
:10848800D8AE4FF003025FEADC0C18BF03325FEA94
:10849800DC0C18BF033202EBDC02C2F1200300FA45
:1084A80003FC20FA02F001FA03FE40EA0E0021FA6A
:1084B80002F11444BDE600BF70B54FF0FF0C4CF458
:1084C800E06C1CEA11541DBF1CEA135594EA0C0F0A
:1084D80095EA0C0F00F0DEF82C4481EA030621EA45
:1084E8004C5123EA4C5350EA013518BF52EA033580
:1084F80041F4801143F4801338D0A0FB02CE4FF032
:108508000005E1FB02E506F00042E0FB03E54FF061
:108518000006E1FB03569CF0000F18BF4EF0010E59
:10852800A4F1FF04B6F5007F64F5407404D25FEA55
:108538004E0E6D4146EB060642EAC62141EA555108
:108548004FEAC52040EA5E504FEACE2EB4F1FD0C4A
:1085580088BFBCF5E06F1ED8BEF1004F08BF5FEAC8
:10856800500E50F1000041EB045170BD06F000467A
:1085780046EA010140EA020081EA0301B4EB5C0427
:10858800C2BFD4EB0C0541EA045170BD41F480111F
:108598004FF0000E013C00F3AB8014F1360FDEBF44
:1085A800002001F0004170BDC4F10004203C35DA20
:1085B8000C341BDC04F11404C4F1200500FA05F3A3
:1085C80020FA04F001FA05F240EA020001F0004244
:1085D80021F0004110EBD37021FA04F642EB0601BA
:1085E8005EEA430E08BF20EAD37070BDC4F10C04E4
:1085F800C4F1200500FA04F320FA05F001FA04F2A8
:1086080040EA020001F0004110EBD37041F1000193
:108618005EEA430E08BF20EAD37070BDC4F120059E
:1086280000FA05F24EEA020E20FA04F301FA05F206
:1086380043EA020321FA04F001F0004121FA04F2AE
:1086480020EA020000EBD3705EEA430E08BF20EA7E
:10865800D37070BD94F0000F0FD101F000464000B8
:1086680041EB010111F4801F08BF013CF7D041EA3A
:10867800060195F0000F18BF704703F0004652003E
:1086880043EB030313F4801F08BF013DF7D043EA0F
:108698000603704794EA0C0F0CEA135518BF95EAC5
:1086A8000C0F0CD050EA410618BF52EA4306D1D14C
:1086B80081EA030101F000414FF0000070BD50EA6B
:1086C800410606BF1046194652EA430619D094EAF5
:1086D8000C0F02D150EA013613D195EA0C0F05D1DF
:1086E80052EA03361CBF104619460AD181EA030133
:1086F80001F0004141F0FE4141F470014FF00000EB
:1087080070BD41F0FE4141F4780170BD70B54FF085
:10871800FF0C4CF4E06C1CEA11541DBF1CEA135505
:1087280094EA0C0F95EA0C0F00F0A7F8A4EB0504E7
:1087380081EA030E52EA03354FEA013100F08880DE
:108748004FEA03334FF0805545EA131343EA1263A7
:108758004FEA022245EA111545EA10654FEA00265C
:108768000EF000419D4208BF964244F1FD0404F515
:10877800407402D25B084FEA3202B61A65EB030571
:108788005B084FEA32024FF480104FF4002CB6EB2E
:10879800020E75EB030E22BFB61A754640EA0C00AE
:1087A8005B084FEA3202B6EB020E75EB030E22BFEE
:1087B800B61A754640EA5C005B084FEA3202B6EB2F
:1087C800020E75EB030E22BFB61A754640EA9C00EE
:1087D8005B084FEA3202B6EB020E75EB030E22BFBE
:1087E800B61A754640EADC0055EA060E18D04FEA7C
:1087F800051545EA16754FEA06164FEAC30343EA1C
:1088080052734FEAC2025FEA1C1CC0D111F4801FE8
:108818000BD141EA00014FF000004FF0004CB6E7E1
:1088280011F4801F04BF01430020B4F1FD0C88BF80
:10883800BCF5E06F3FF6AFAEB5EB030C04BFB6EB8B
:10884800020C5FEA500C50F1000041EB045170BD7E
:108858000EF0004E4EEA113114EB5C04C2BFD4EBAB
:108868000C0541EA045170BD41F480114FF0000E2F
:10887800013C90E645EA060E8DE60CEA135594EAAB
:108888000C0F08BF95EA0C0F3FF43BAF94EA0C0FAE
:108898000AD150EA01347FF434AF95EA0C0F7FF423
:1088A80025AF104619462CE795EA0C0F06D152EA77
:1088B80003353FF4FDAE1046194622E750EA41065B
:1088C80018BF52EA43067FF4C5AE50EA41047FF46C
:1088D8000DAF52EA43057FF4EBAE12E74FF0FF3CD1
:1088E80006E000BF4FF0010C02E000BF4FF0010CA2
:1088F8004DF804CD4FEA410C7FEA6C5C4FEA430C1B
:1089080018BF7FEA6C5C1BD001B050EA410C0CBF69
:1089180052EA430C91EA030F02BF90EA020F0020CB
:10892800704710F1000F91EA030F58BF994208BF32
:1089380090422CBFD8176FEAE37040F001007047EF
:108948004FEA410C7FEA6C5C02D150EA013C07D146
:108958004FEA430C7FEA6C5CD6D152EA033CD3D091
:108968005DF8040B704700BF8446104662468C468B
:108978001946634600E000BF01B5FFF7B7FF0028BE
:1089880048BF10F1000F01BD4DF808EDFFF7F4FFE7
:108998000CBF012000205DF808FB00BF4DF808ED72
:1089A800FFF7EAFF34BF012000205DF808FB00BF95
:1089B8004DF808EDFFF7E0FF94BF012000205DF8B7
:1089C80008FB00BF4DF808EDFFF7CEFF94BF01206C
:1089D80000205DF808FB00BF4DF808EDFFF7C4FF65
:1089E80034BF012000205DF808FB00BF4FEA410CAE
:1089F8007FEA6C5C02D150EA013C0AD14FEA430C91
:108A08007FEA6C5C02D152EA033C02D14FF00000CD
:108A180070474FF0010070474FEA410212F500120B
:108A280015D211D56FF47873B3EB625212D94FEAAD
:108A3800C12343F0004343EA505311F0004F23FA97
:108A480002F018BF404270474FF00000704750EAEC
:108A5800013005D111F0004008BF6FF000407047A9
:108A68004FF00000704700BF7BB972B90029BEBF44
:108A780000204FF0004106E008BF00281CBF6FF03F
:108A880000414FF0FF3000F057B8ADF1080C6DE928
:108A980004CE002909DB002B1ADB00F061F8DDF8B1
:108AA80004E0DDE9022304B07047404261EB410174
:108AB800002B1BDB00F054F8DDF804E0DDE90223AD
:108AC80004B0404261EB4101524263EB43037047FB
:108AD800524263EB430300F043F8DDF804E0DDE9BC
:108AE800022304B0404261EB41017047524263EBFC
:108AF800430300F035F8DDF804E0DDE9022304B0B3
:108B0800524263EB4303704753B94AB9002908BF7F
:108B180000281CBF4FF0FF314FF0FF3000F00CB8B9
:108B2800ADF1080C6DE904CE00F01AF8DDF804E0A8
:108B3800DDE9022304B07047704700BF10F8012B2D
:108B480011F8013B012A28BF9A42F7D0D01A704782
:108B5800034613F8012B002AFBD1181A0138704775
:108B68002DE9F04786468C460846089E1546744609
:108B78001946002B40F0C1808542B2FA82F245D9ED
:108B88004AB1C2F1200300FA02FC954094402EFA43
:108B980003F343EA0C0C4FEA154EA8B2230CBCFBB6
:108BA800FEF80EFB18CC08FB00F943EA0C43994584
:108BB80028D9EB1808F1FF3704D2994502D9A8F152
:108BC80002072B44A3EB0903A4B2B3FBFEFC0EFB84
:108BD8001C330CFB00F044EA0344A04214D92C19BE
:108BE8000CF1FF3304D2A04202D9ACF102032C44A9
:108BF800241A43EA07401EB1D4400023346073604E
:108C0800BDE8F0874746DDE76346F1E792BB431BC3
:108C180001214FEA154EAFB2200CB3FBFEFC0EFB50
:108C28001C330CFB07F840EA0343984561D9EB185D
:108C38000CF1FF3004D2984502D9ACF102002B4464
:108C4800A3EB0803A4B2B3FBFEFC0EFB1C330CFB26
:108C580007F744EA0344A7424DD92C190CF1FF3316
:108C680004D2A74202D9ACF102032C44E41B43EA24
:108C78000040C0E7C2F120039540944020FA03F178
:108C88002EFA03F34FEA154E9040AFB20343B1FBFF
:108C9800FEFC0EFB1C10190C0CFB07F841EA004106
:108CA800884522D969180CF1FF3004D2884502D9C9
:108CB800ACF102002944A1EB08019BB2B1FBFEFC18
:108CC8000EFB1C110CFB07F743EA01439F420ED928
:108CD800EB180CF1FF3104D29F4202D9ACF102012A
:108CE8002B44DB1B41EA004193E76046E3E761461A
:108CF800F7E76046A4E76346B8E7834206D916B9A2
:108D0800002108467CE7C6E900E0F9E7B3FA83F7F3
:108D18008FB9834201D3724508D8BEEB020460EBD9
:108D2800030301209C461EB9002169E73846FAE78B
:108D3800C6E9004CF8E7C7F1200CBB400EFA07F56E
:108D480022FA0CF42EFA0CF1BA401C4320FA0CF368
:108D5800B8404FEA144901431FFA84FEB3FBF9F8FF
:108D680009FB18300B0C08FB0EFA43EA00439A453E
:108D780040D9E31808F1FF3004D29A4502D9A8F186
:108D880002002344A3EB0A0389B2B3FBF9F809FBF9
:108D9800183308FB0EFE41EA03418E452CD96118B1
:108DA80008F1FF3304D28E4502D9A8F10203214409
:108DB80043EA0040A1EB0E01A0FB02984145CE46D4
:108DC800434602D306D14D4504D20138B9EB020E11
:108DD80068EB0403002EA7D0B5EB0E0261EB03018C
:108DE80001FA0CFC22FA07F3F9404CEA0303C6E93E
:108DF800003199E74046C5E74346D9E7000000003F
:108E080070B52F4B82B001281B6801934FF0000307
:108E180049D12C4B8A680D469A4244D819F0FAFF7A
:108E280004460E4619F0F6FFE20B274C42EA46428A
:108E3800A2FB04C22B68F60BA3FB043104FB062239
:108E48006E68AD6804FB06115B1941EBE571B3EB85
:108E58000C0361EB0201C0F30E02A2FB0424D20B47
:108E680042EA4442981A61F1000113A3D3E90023AE
:108E7800FFF7FAFDEFF31184202383F31288BFF381
:108E88006F8F124BC3E900019A6084F31188BFF316
:108E98006F8F00200A4B1A68019B5A404FF000035D
:108EA80008D102B070BD09F03FFD162303604FF0F2
:108EB800FF30EFE719F0D8FD00CA9A3B0000000028
:108EC800D0DB0220FFC99A3B00CA9A3BA0DE0020F3
:108ED80000B5094B83B01B6801934FF00003064BA4
:108EE8001A68019B5A404FF0000302D103B05DF8A5
:108EF80004FB19F0B9FD00BFD0DB02202DE9F041D9
:108F0800002698B01C4B054614460F4620223146D1
:108F180006A81B6817934FF000031DF019F92022CB
:108F280031460FA80E961DF013F902232246394642
:108F38008DF8143006A82B0C6DBA8DF81530043452
:108F48000DF11408ADF816501DF0F5F80EAB3246C9
:108F58000A4801A9CDE90334CDE9018414F098FF4A
:108F6800054B1A68179B5A404FF0000302D118B0FE
:108F7800BDE8F08119F078FDD0DB022078C9002027
:108F8800F0B5002699B01C4B044615460F46202222
:108F9800314606A81B6817934FF000031DF0D8F858
:108FA800202231460FA80E961DF0D2F803238DF823
:108FB80014302B1D02930493230C8DF8153005AB48
:108FC8003246019301A90EAB0C4864BA0393ADF87D
:108FD800164014F05DFF2A4638460FA91DF0ABF87D
:108FE800054B1A68179B5A404FF0000301D119B07E
:108FF800F0BD19F039FD00BFD0DB022078C9002090
:109008002DE9F0438BB0AB4B02AF1B68FB614FF00F
:1090180000030B780D468046092B06D8DFE803F0DD
:10902800162027620505056B05740321A24AA3488B
:1090380007F060FA9F4B1A68FB695A404FF000032B
:1090480040F0D0812437BD46BDE8F083CC69002CC0
:1090580063D0012123469A4A984807F04BFAE9E77A
:10906800CB690321974A954807F044FAE2E7486933
:10907800CB6903210090944A904807F071FA6E6911
:10908800B6F5006F73D9DFF8449206E0C0F250815C
:10909800361BB6F5006F40F25A8149464046A6F5A0
:1090A80000620CF02FFA041EF0D12B7B012B00F08C
:1090B80085816FF0040401212346854A7F4807F023
:1090C80019FA7E480321834A07F0E0F940460CF07C
:1090D8006FF80028AED0012103467F4A774807F091
:1090E80009FAA7E7CB69002B5BD001217B4A7348BB
:1090F80007F000FA9EE7CB69002B59D00121784A86
:109108006E4807F0F7F995E7CB69002B92D001215B
:10911800744A6A4807F0EEF98CE70321724A6748F7
:1091280007F0B4F9714A07F10C037B6007CA83E8BA
:1091380007006F4B6D468AB0BB6002AB12204FF43C
:1091480000711A46D86119846A4E6B496B485E6192
:10915800986142F8101F4FF413512346574807F0FF
:1091680039FA4046AD46391D0CF06EF862E74FF00B
:1091780000093246404655490CF0DEF92B7B04467F
:10918800E8B9012B00F02581B9F1000F1DD06B69FA
:109198004FF4006401215A4A4848009407F0E0F966
:1091A80048E78B880321574A444807F0A3F941E769
:1091B8008B880321544A414807F09CF93AE7012B70
:1091C80000F00681002CC0F2BD80D5F81490E84666
:1091D80009F1080323F00703ADEB030D3B4C02AB89
:1091E80021464A4618461CF0A6FF00268AB002A966
:1091F80000F809600A46C861444B45480B6248615B
:10920800444B4548886142F8103F4FF42351334698
:109218002A4807F0DFF92268FE763A83120CC54621
:109228003E4907F11800BA76FFF788FC0646002881
:1092380000F0B9800022236807F11800190CB976EC
:109248003B833749FA76FFF779FC002800F0A280C3
:109258000022236807F11800190CB9763B833149BD
:10926800FA76FFF76BFC002800F08B800022236859
:1092780007F11800190CB9763B832B49FA76FFF7EA
:109288005DFC00286FD0294B22689A4262D0274B98
:1092980022689A427FF4CEAE44F24F63A2889A4283
:1092A8007FF4C8AEA379462B7FF4C4AE002010F03B
:1092B800ABFCBFE6D0DB0220B06D0200C069020043
:1092C800486B0200A86B0200C86B020014E900207A
:1092D800DC6C0200FC6C02001C6D0200386D0200A0
:1092E800686D0200986D0200606B0200E06A02007F
:1092F8000100D204786B020004000001946B0200A4
:10930800E86B0200506D0200806D0200000201034C
:10931800386C020004000002406C0200506C02002D
:10932800686C0200846C0200AC6C02004C4544314D
:109338002B7B012B06D12B8B404607F10C01BB81FF
:109348000BF0F4FE14F17A0F7FF4B5AE1FE76FF05F
:1093580079090EE744F64F63A2889A4297D1002014
:1093680010F03AFC66E603211F4A204807F08EF801
:109378006A691F491F481CF0DEFE01221E4B1A7045
:1093880081E71E4A0321194807F080F801221C4B87
:109398001A706BE71B4A0321144807F077F801227B
:1093A800194B1A7054E70321184A104807F06EF851
:1093B8000122174B17491A700E703BE72B8B40465A
:1093C80007F10C01BB816FF004040BF0AFFE72E6ED
:1093D80081462B8B404607F10C01BB814C460BF0B4
:1093E800A5FEEFE619F040FBB06C0200C069020070
:1093F80014E900209CE5012042F50120886C020058
:1094080044F501206C6C020043F50120546C020005
:1094180045F501206ECB00202DE9F04188B01025DC
:109428001E4C1F4E00AF2468FC614FF00004044638
:10943800C7E904237E603973BD600421384609F00A
:10944800F7FDBB7E3A68E84623F003038AB0BB7693
:109458003A836B464FF400711A4612489E61586170
:10946800DD611984104B42F8103F00234FF413516B
:109478000E4807F0AFF82046C546391D0BF0DAFD57
:10948800064B1A68FB695A404FF0000303D1203796
:10949800BD46BDE8F08119F0E7FA00BFD0DB022035
:1094A800D06D0200E46D020004000001C0690200F2
:1094B8002DE9F04188B014251E4C1F4E00AF2468DA
:1094C800FC614FF000040446C7E904237E60397349
:1094D800BD600421384609F0ABFDBB7E3A68E8461A
:1094E80023F003038AB0BB763A836B464FF40071CE
:1094F8001A4612489E615861DD611984104B42F882
:10950800103F00234FF413510E4807F063F820462C
:10951800C546391D0BF08EFD064B1A68FB695A408B
:109528004FF0000303D12037BD46BDE8F08119F0A4
:109538009BFA00BFD0DB0220FC6D0200E46D020044
:1095480004000001C069020070B51824174D184EB8
:1095580088B02D6807954FF00005029405461C4613
:10956800019604928DF80C1005930421684609F0C1
:109578005FFD9DF81A30009823F003032246314618
:10958800ADF818000B488DF81A3002F001FF284694
:1095980001A90BF04FFD054B1A68079B5A404FF085
:1095A800000301D108B070BD19F05EFAD0DB0220CB
:1095B800146E0200306E02002DE9F04FA1B00124B4
:1095C8005D4B02AF1B687B674FF0000306460BF04C
:1095D8008DFC5422002107F108001CF0B9FD002180
:1095E800564807F108023B1DC7E9044409F0C8FBC7
:1095F8008346002840F089807C68002C47D04FF0D3
:10960800080ADFF83C91DFF83C8115E06D468AB026
:1096180002AB4FF0180C1A460520C3E90591C3E9BF
:1096280007AC42F8100F00234FF42151404606F0D2
:10963800D1FF2468AD464CB3A1690829E6D1DFF80B
:109648000881E36941465B68404C07F15C05C8F84E
:10965800043041F8044B10232A46012009F05AFB34
:109668006C4688B002AB4FF400711A4699833849AA
:109678009D615961374B42F8103F00234FF4E65182
:10968800304806F0A7FFA5467C6804E07C68DFF850
:10969800B88007F15C05204609F05AFB2E4B1721CC
:1096A80028462E4AC6F83480B36415F0F1FB00282A
:1096B80039D187F86B000F231421294A29480095CE
:1096C8001AF03AFC2748284CF062FFF741FA0421C7
:1096D8004FF40063002286F85E102449B365F164F4
:1096E8002349F463C6E91431224B306386F82420F9
:1096F800B363114B1A687B6F5A404FF0000319D1BE
:1097080058467C37BD46BDE8F08F1B4A03462146C4
:109718000C4806F0EFFE194A21460A4806F0B6FE44
:109728006FF0090BE5E701210346154A054806F0E5
:10973800E1FEC7E719F098F9D0DB0220446E020079
:10974800BC6E0200C0690200FCE800200100075B53
:10975800A46E02000300000109900000E06E020000
:109768000C6F0200E8E8002068C9002014F9002006
:1097780014F1002070C90020646E02007C6E0200A3
:10978800E86E020000B50E4B83B01B6801934FF0E2
:10979800000390F8243073B9806A012208601846E3
:1097A8008A80074B1A68019B5A404FF0000305D185
:1097B80003B05DF804FB6FF08500F2E719F054F987
:1097C800D0DB022010B50C460B4B82B00146224676
:1097D8000A481B6801934FF0000305F0EFF8064BA9
:1097E8001A68019B5A404FF0000302D1204602B08C
:1097F80010BD19F039F900BFD0DB02206CF501204B
:10980800F0B5224B8DB01B680B934FF00003064652
:109818000D4619F0FFFA86460B464FEA4E174FEAF7
:10982800431CB7EB0E074CEADE6C6CEB030CBC0078
:109838004FEA8C0C14EB0E044CEA977C43EB0C03B8
:10984800DB0043EA5473C4F3103444EA4344DB0BAB
:109858000F4A202103A80094019302F0BDFD021EC7
:1098680003DD0C4803A905F0A9F8324629460A4841
:1098780007F0F0F9054B1A680B9B5A404FF00003AC
:1098880001D10DB0F0BD19F0EFF800BFD0DB022018
:10989800486F02006CF501207C6F020010B5124B76
:1098A800124C1A68124982B0A242096801914FF01D
:1098B80000010CD041F22402002118461CF048FC9B
:1098C8004FF4805200F12401C0E900410262084BC4
:1098D8001A68019B5A404FF0000302D1002002B0E1
:1098E80010BD19F0C1F800BF68F5012052474F4C70
:1098F800D0DB022000B50B4B83B01B6801934FF0FF
:109908000003084B0A461968019B59404FF00003B1
:1099180006D10146044803B05DF804EB05F0A2B88F
:1099280019F0A2F8D0DB02206CF5012030B52248EE
:10993800224D234B85B01B6803934FF00003A862A8
:1099480016F0BEFC70B34FF47821A86A29606A4605
:109958000CF070FF0446F0B90423019A2846AA8146
:10996800EB8105F073FC044670B90321154A1648CB
:1099780006F08CFD124B1A68039B5A404FF0000307
:1099880018D1204605B030BD012103460F4A0E48C4
:1099980006F0B0FDEEE7012103460D4A0A4806F03D
:1099A800A9FDE7E701210B4A074806F06FFD6FF0B4
:1099B8001204DFE719F058F894670200A8010120A3
:1099C800D0DB0220DC6F0200F8690200C46F0200DD
:1099D800A46F02008C6F020010B586468C460D49B4
:1099E80084B0096803914FF0000102230DF10602CB
:1099F80071460948ADF806C005F0A8FE054B1A687F
:109A0800039B5A404FF0000301D104B010BD19F078
:109A18002BF800BFD0DB0220A8010120844600B546
:109A28000A460C4983B00223096801914FF00001EE
:109A38000948614606F050F8064B1A68019B5A40DF
:109A48004FF0000304D100EAE07003B05DF804FBB6
:109A580019F00AF8D0DB0220A801012000B50C4B50
:109A680083B0B0F5A07F1B6801934FF0000302D1CB
:109A78000122084B1A70064B1A68019B5A404FF096
:109A8800000302D103B05DF804FB18F0EDFF00BF3E
:109A9800D0DB022040F50120B0B582B0274B00AFE3
:109AA8001B687B604FF0000303782BB3032B19D19D
:109AB800027A234B23496C4688B0012A08BF19460D
:109AC8006B464FF400701A4699611F4D1F495D613E
:109AD800988342F8101F00234FF4E6511C4806F003
:109AE80079FDA546154B1A687B685A404FF000036C
:109AF80022D10837BD46B0BD037A012B1AD0052BF9
:109B0800F0D114496C4688B06B464FF400701A4681
:109B18009961114D0D495D61988342F8101F00232A
:109B28004FF4E6510A4806F055FDA5460B4817F0D4
:109B380021FAD7E70A49E5E718F096FFD0DB0220BB
:109B480034700200407002006070020003000001DF
:109B5800C06902002070020048700200DCCC0020BE
:109B6800087002004FF001104AF6CD3130B5284A8E
:109B7800284C294D294B83B02D6801954FF00005DD
:109B880023601388264D23820133138004F5005384
:109B9800A5606060598242F214030321214A2248D9
:109BA80006F0A8FC002140F6CD4018F069FD04231A
:109BB80003211E4A1C4806F09DFC002140F6CD40BA
:109BC80018F05EFD42F21403224601211848FFF7FF
:109BD80023FC184B186040B90F4B1A68019B5A4078
:109BE8004FF0000311D103B030BD0B4B1A68019B35
:109BF8005A404FF0000308D1034603210E4A0A4891
:109C080003B0BDE8304006F075BC18F02DFF00BF6A
:109C180032F5012088BE0120D0DB0220EFBE010111
:109C28009E98346870700200C06902008870020053
:109C3800A4DE0120E0010120947002002DE9F04F1C
:109C4800284B83B01B6801934FF000034FF0010CC1
:109C58000646254F254CDFF89890DFF898801DE0E0
:109C68004AF6CD3BDFF890E042F214030021234886
:109C7800AEF500520CF10105C4F80090A4F804C038
:109C8800E680C4F80880A4F810A0AEF812B0FFF778
:109C9800C3FB1B4BADB2186090B9AC466645B7F82C
:109CA80000A0DDD20F4B0AF1010AA7F800A01A683C
:109CB800019B5A404FF0000312D103B0BDE8F08F6A
:109CC800084B1A68019B5A404FF0000308D103461D
:109CD80003210C4A0C4803B0BDE8F04F06F00ABC5B
:109CE80018F0C2FED0DB022032F5012088BE012028
:109CF800EFBE01019E98346888DE0120A4DE0120B1
:109D0800E001012094700200C069020000B5194BFF
:109D180083B001291B6801934FF000030DD002297D
:109D280001D1830717D4134B1A68019B5A404FF08F
:109D380000031DD103B05DF804FBC207F3D50D4B3A
:109D48001A68019B5A404FF0000311D103B05DF827
:109D580004EBFFF707BF074B1A68019B5A404FF007
:109D6800000305D1052003B05DF804EBFFF766BFDB
:109D780018F07AFED0DB022000222DE9F04FBE4B0E
:109D8800BE491B6889B0096807914FF000019342EA
:109D9800BB49BC4CB8BF03F2FF330A602260C3F36F
:109DA8008F22B94BDFF8E4B219780023012904BFE8
:109DB80002F1010C1FFA8CF2CBF80030002A00F0F7
:109DC80097810125DFF8C8A2DFF8C8C20AF5805ECE
:109DD8000EF1120ECDE904CE0292AF4BAF4ACAF88B
:109DE8000030029BAAF80450AAF806304AF6CD3390
:109DF8005382AB4B01351B680129CAF80830049B14
:109E0800ADB21B88AAF8103000F0A2800026A54F3A
:109E1800DFF89482DFF8949203950A223946DBF83A
:109E28000000FFF7ADF83B8908215BBA38469DB2C0
:109E380001F0ACFA8542A8F8000067D02368013326
:109E480023604FF4A470002118F01AFC23681E2B1D
:109E5800E3D94FF44D70002118F012FC23683C2B15
:109E6800DBD940F20B70002118F00AFC2368502B54
:109E7800D3D940F26760002118F002FC2368642BF4
:109E8800CBD9002248F208037D4922600A680132D2
:109E98000A6006F608020AEB4202538006F60842F8
:109EA8000AEB420253800AEB46025382A2F81238A8
:109EB800012133464A467E4806F01CFBDBF8003099
:109EC80001360A33B6B2CBF80030B6F5806FA4D1AC
:109ED800039D0021774E42F214036D4A76483160A3
:109EE800FFF79AFA3060002840F0A480644B6B4A70
:109EF8001B6853820321714A6D4806F0FBFA029BE6
:109F08009D4200F2A780604B197866E7DBF80030C5
:109F1800B7F804C006F608010A330AEB4101F888CD
:109F28009CFA9CFCA1F802C03A8806F60841CBF8D6
:109F380000307B880AEB410140BA52BA5BBA4880CC
:109F48000AEB460101364A82A1F81238B6B2BCE7DC
:109F580000234D4A13705A4B1F881E88BFB2C6F59E
:109F68008066B6B20321574A514806F08FFA03219A
:109F78003B46554A4E48009606F0F2FACEB94FF4E1
:109F88000062524952481CF0D6F84FF40062514919
:109F980051481CF0D0F8059E4FF4006230464F49F6
:109FA8001CF0C9F84FF400624D49B0181CF0C3F812
:109FB8008FE7464B4FEA460903EB47014A464448B8
:109FC8001CF0B9F8434B4FEA4708444F03EB08012C
:109FD8004A4641481CF0AFF84A4607EB0801414899
:109FE8001CF0A9F83E4B4A4603EB08013E481CF01A
:109FF800A2F8364B06F1090019464FEA40094246D5
:10A008000AEB40001CF097F809F500604246314918
:10A0180050441CF090F809F58050394642465044A7
:10A028001CF089F809F5C05042462D4950441CF0EF
:10A0380082F84EE7114B1A68079B5A404FF000030D
:10A0480059D103460321294A194809B0BDE8F04F00
:10A0580006F050BADDF810C0BCF800300133ACF897
:10A068000030064B1A68079B5A404FF0000342D154
:10A0780009B0BDE8F08F00BF3C220120D0DB0220F0
:10A0880030DF012034DF01203EF5012034020120B9
:10A0980088BE012032F50120EFBE010188DE0120D3
:10A0A8002CDF0120E401012034F50120EC700200CE
:10A0B800C0690200E0010120A4DE0120087102004D
:10A0C80036F50120B0700200D47002003C1A01205D
:10A0D8009ABE01203C1201209AC601203C0A0120A8
:10A0E8003C0201209ACE01209AD6012094700200E9
:10A0F800DFF808C0B0E718F0B7FC00BF32F5012060
:10A1080010B5144B82B01B6801934FF00003002375
:10A11800114A023801EB430C92F800E030F9024F83
:10A128000133042B2CF83E40F4D113780133DBB211
:10A1380013701378042B04BF00231370054B1A689F
:10A14800019B5A404FF0000301D102B010BD18F036
:10A158008BFC00BFD0DB022041F501202DE9F04146
:10A168004FF0640C0F68D2F8008050F82770324C1A
:10A1780087FB077E82B0B8EB0707246801944FF08D
:10A188000004176057682D4E67EB0E0757600F687D
:10A198002B4C40F82730D2E90007C3FB0307C2E97C
:10A1A80000070B68274D0133A6FB037040090CFB21
:10A1B80010330B60D2E900301A0D42EA0032C2F3C4
:10A1C8001301C3F313020A44C0F31321C7170A4447
:10A1D80002EB107207F021010A44A6FB0261C908CC
:10A1E80001EB810101EB810127F01707521A3A446C
:10A1F8009B1A03FB04F460EBE27005FB0040A3FB31
:10A208000535401902D5033340F100009B0843EAA5
:10A218008070FEF7E7F81AF06BFDFEF7FDFB064BC2
:10A228001A68019B5A404FF0000302D102B0BDE802
:10A23800F08118F019FC00BFD0DB02201F85EB511C
:10A24800F5285C8F295C8FC201224FF0000C10B5F5
:10A258001548164B82B0164C006801904FF000006C
:10A268004FF4806113481A70A4F800C001F0FAF89E
:10A278004FF48061104801F0F5F84FF480610F4801
:10A2880001F0F0F8084B1A68019B5A404FF00003A0
:10A2980007D14FF480610A4802B0BDE8104001F0D0
:10A2A800E1B818F0E1FB00BFD0DB02203EF5012049
:10A2B8002CF501203C1A01203C1201203C0A012007
:10A2C8003C020120F0B58FB02B4B00AF00201B687B
:10A2D8007B634FF0000311F0D1F8284A1060002882
:10A2E80040D1384611F074F80446A8BBD7E90001FC
:10A2F8004FF47A720023FEF7B7FB03460A46204E56
:10A3080007F1100107F10800C7E90232336008F0CD
:10A318006DFB07F1100008F01FFB6D4688B06B4617
:10A328004FF4007C1A461749A3F81CC0C3E905106E
:10A33800154942F8101F4FF4E6512346134806F01A
:10A3480049F9AD460C4B1A687B6B5A404FF0000335
:10A358000FD13C37BD46F0BD01210D4A0B4806F030
:10A3680095F8EFE7012103460A4A084806F0C2F8C3
:10A37800B7E718F079FB00BFD0DB0220E00101202D
:10A388002CDF01206871020003000001C06902008F
:10A3980054710200307102002DE9F041564B82B031
:10A3A8001B6801934FF000030321544A544806F0F8
:10A3B8006DF80321534A524806F068F80DF096FBF1
:10A3C800514C2060002879D10321504A4C4806F0AE
:10A3D8005DF84F4810F008FA0546206000285CD167
:10A3E8004FF0FF324FF0FF334A4816F0FBFD0321D0
:10A3F800494A434806F04AF801200FF0EDFB256072
:10A4080046480FF0DDFA002860D10321444A3C4851
:10A4180006F03CF81E23434E3046A6F85C30FFF7A2
:10A42800CBF82060002857D13F4DDFF80081344F2A
:10A438000AE030460AF084FD03462060D8B10121C5
:10A4480038463B4A06F056F82B685A1C2A60002BFF
:10A45800EFD03C2342460321384606F04BF8002152
:10A468004FF4F01018F00CF930460AF069FD034675
:10A4780020600028E3D12F492A48FFF783F920609C
:10A48800002830D101201C4B1A68019B5A404FF01C
:10A4980000032FD102B0BDE8F08101210346264A0E
:10A4A800174806F027F823682360002BA8D001215D
:10A4B800224A134805F0EAFF0020E4E70121034699
:10A4C8001F4A0F4806F016F82368EDE701211D4AD8
:10A4D8000B4805F0DBFF98E7012103461A4A0848B4
:10A4E80006F008F8E8E701210346184A044806F090
:10A4F80001F8E1E718F0B8FAD0DB02208071020019
:10A50800C069020094710200E0010120E4710200B8
:10A51800A19A0000DCCC00202C720200159D0000DE
:10A5280094720200A4DE0120DC010120D072020036
:10A53800F07202009CDE01200072020048720200E4
:10A54800B071020068720200A87202000C73020067
:10A558002DE9F04389B0AD4B02AF1B687B614FF02A
:10A5680000030321AA4AAB4805F090FFAA480AF065
:10A5780047FF01210246A94808F0B2FBA84C002871
:10A58800206048DBA4480AF0E7FE206010B110F113
:10A598000B0F4BD1A14DB5F90600C2072FD4030705
:10A5A8004BD410F020054ED19E4B1E78012E70D052
:10A5B8009D4B1A78012A4CD09C4B1D78012D00F038
:10A5C800A9819B4B1D78012D00F0F380994D2B78C4
:10A5D800022B75D0012B00F08180974B1A78012A45
:10A5E80000F09A800120894B1A687B695A404FF025
:10A5F800000340F08D811C37BD46BDE8F0838648D6
:10A608000AF042FF2060002840F09480B5F9060067
:10A618000307C6D511E008F087F903680121874AC6
:10A628007C4805F067FF4FF0FF30DCE70121034667
:10A63800834A784805F05EFFF5E70121814A7548AD
:10A6480005F024FFEFE701217F4A724805F01EFF5D
:10A65800E9E700221A7003217C4A6E4805F016FFCC
:10A668007B4E7C4DDFF8B0810BE040232A46002169
:10A678004046FEF769FF206040F6CD40002117F004
:10A68800FFFF40212846FFF735F930600028ECD15C
:10A6980092E71D700321704A5E4805F0F7FEBB1D66
:10A6A80000936E496E483B1DBA1C19F079FC0328CB
:10A6B800804646D003216B4A564805F0E7FE77E707
:10A6C800694A0321534805F0E1FE684A13680133DB
:10A6D800022B136000F0F2802B787BE7022603211F
:10A6E800634A4C4805F0D2FE624A07F1080307CADC
:10A6F80003C3110C23F8022B19702E7003215E4A34
:10A70800444805F0C3FE0A230021434807F1080224
:10A71800FEF7CEFE206060E700221A70FFF7D2FD38
:10A72800564B1B680321564A3A4805F0E3FEFFF7EB
:10A7380023FB57E701210346524A364805F0DAFE63
:10A7480071E7E9468AB07888B988FA8802ABC3E924
:10A7580006011A6205211A464B48586142F8101F33
:10A768004FF423512B462B4805F034FF474BF9880B
:10A77800CD4628461980FFF72FF9454A4146254816
:10A7880005F084FE7988434B30461980FFF724F999
:10A79800414A41461F4805F079FEB9883F4B0220DF
:10A7A8001980FFF719F93E4A41461A4805F06EFE2E
:10A7B800FEE600221A7003213A4A164805F066FEA2
:10A7C80015480AF0F5FC43B2002B71D100214FF473
:10A7D800004017F055FF0321334A0E4805F056FE96
:10A7E800042010F065F800214FF4004017F048FFEE
:10A7F80003212E4A074805F049FE0DF0BDF9002156
:10A808004FF4803017F03CFF0DE700BFD0DB02208B
:10A8180024730200C0690200A4DE01209CDE01202E
:10A82800E001012042F5012043F5012045F5012012
:10A8380044F501206ECB00203DF501205473020041
:10A848006873020098730200A07302006874020023
:10A858009CE60120A0E60120AC730200B873020058
:10A868009CE501205074020028750200D8010120DF
:10A8780044750200A4750200607502002CDF0120F7
:10A888008075020080730200C873020068CB002044
:10A89800E87302006CCB0020107402006ACB002021
:10A8A8003074020010750200C4740200E0740200E3
:10A8B8003C4A29463C4805F01DFE87E73B480AF01C
:10A8C80077FC43B2F3B900214FF4004017F0D8FEEB
:10A8D8000321374A344805F0D9FD04200FF0E8FF7A
:10A8E80000214FF4004017F0CBFE0321314A2E48D7
:10A8F80005F0CCFD0DF040F900214FF4004017F0B1
:10A90800BFFE90E60121274A274805F0F3FDDAE764
:10A9180018F0AAF800221A700321274A224805F0E5
:10A92800B5FD00214FF4004017F0AAFE0321234A89
:10A938001D4805F0ABFD1D480AF03AFC43B253BB75
:10A9480000214FF4004017F09BFE0321184A1648D7
:10A9580005F09CFD04200FF0ABFF00214FF40040F0
:10A9680017F08EFE0321134A0F4805F08FFD0DF0F6
:10A9780003F900214FF4C03017F082FE0321104A7A
:10A98800094805F083FD4FF4C030002117F078FE28
:10A99800012003F0CDFB034A2946034805F0AAFD30
:10A9A800CEE700BF1C6D0200C0690200A4DE0120D2
:10A9B800C4740200E074020088740200A4740200E7
:10A9C800F87402002DE9F04FAC4BA3B01B6821933B
:10A9D8004FF0000300214FF4804017F051FE03218F
:10A9E800A74AA84805F052FD002140F6CD4017F0CF
:10A9F80047FE002206210F2007F026FA00214FF417
:10AA0800804017F03DFE03219F4A9E4805F03EFD19
:10AA1800002140F6CD4017F033FE00240125052122
:10AA280004224FF602739948CDE91644CDE914255E
:10AA380018901391ADF85D302246234613A9944827
:10AA4800CDE9194413F0B8F9002140F6CD4017F0CC
:10AA580017FE03218F4A8B4805F018FD00214FF49B
:10AA6800804017F00DFE4FF440734FF4C062072189
:10AA78008948ADF844300E908848894B10908DF87D
:10AA88004610ADF83C2010A9864A0EA8129313F080
:10AA98006BFB0EA813F0F8FB4FF4FA710EA813F035
:10AAA8000BFC2B460246214600950EA813F02AFC03
:10AAB80000214FF4804017F0E3FD0EF031FF00282D
:10AAC80040F01884DFF8E0B1584615F0F9FB00288B
:10AAD80000F00A84DBF80840584674492368984710
:10AAE80073495846236898477249584623689847D7
:10AAF80071495846236898472368002458466F4987
:10AB080098476F4A6F4B1DAE1480CDE91B440FCB9D
:10AB180086E80F00FEF70AFF002140F6CD4017F047
:10AB2800AFFD20466849FEF779FF002840F0CF8343
:10AB3800DFF898A101205146FEF770FF002840F089
:10AB4800BA8302206249FEF769FF002840F0A78314
:10AB5800BAF8003003215F4A4A4805F0CBFC5C4B49
:10AB68001B8803215C4A474805F0C4FC564B1B88E8
:10AB780003215A4A434805F0BDFC00214FF4004028
:10AB880017F07EFD0321564A3E4805F07FFC03215D
:10AB9800544A3C4805F07AFC0321534A394805F0E9
:10ABA80075FCFFF7F9FB0321504A364805F06EFCA7
:10ABB800FFF7CEFC4E4B18700130F9D100224D4BF7
:10ABC8001A6003214C4A2F4805F060FC03214B4AC8
:10ABD8002C4805F05BFC0321494A2A4805F056FC3D
:10ABE8000321484A274805F051FC002140F6CD4092
:10ABF80017F046FD0EA813F025FB002140F6CD40C6
:10AC080017F03EFD0321404A1E4805F03FFCC825C9
:10AC18003E4CDFF8FC80244FDFF8F8902378002BB7
:10AC2800FCD02378012B00F0D482013DADB2002D79
:10AC3800F4D1BDF974300993BDF978300A93BDF9A0
:10AC48007C300B93BDF980300C930321324A0D48B8
:10AC580005F01CFC314B1D80314B1D600321314A2E
:10AC6800084805F013FCFFF7EFFA03212E4A0548C0
:10AC780005F00CFCDFF8B4806BE000BFD0DB0220ED
:10AC8800B0750200C0690200C475020000127A00A3
:10AC980078C90020D075020000F000400024F400BC
:10ACA800E4750200659A00008067020014790200CA
:10ACB8000C79020004790200FC780200F4780200A2
:10ACC80030F50120EC6A020068CB00206CCB002034
:10ACD8006ACB002094760200AC760200C0760200AF
:10ACE800E476020004770200247702003877020035
:10ACF8003CF50120DC010120587702006C77020046
:10AD08008C770200A8770200B877020040F501208E
:10AD18001C7902001F85EB51CC7702002CF501202D
:10AD28003C220120DC770200F47702008CE5012048
:10AD3800BAF80030D8F800209A4200F39280D8F888
:10AD480008209342C0F28D80B54B1B78012B00F090
:10AD580016822378012BEBD100232370DBF808300F
:10AD6800B0495B68B0489847B048B149FFF7C8F99F
:10AD7800AF4A1BA802F1080532F9021BB2F90630E6
:10AD88000B44B2F90E101944B2F916305B1848BFDB
:10AD980003339B10AA4220F8023BEDD1099ABDF972
:10ADA8006C30DFF890929B1AA349A44AA448C9F8CA
:10ADB8000030FFF7D3F90A9ABDF96E30A14F9B1AFC
:10ADC8009D49A14AC8F80000A0483B60FFF7C6F9B2
:10ADD8000B9ABDF970309E4E9B1A97499D4AC8F848
:10ADE80004009D483360FFF7B9F90C9ABDF9723039
:10ADF8009A4D9B1A90499A4AC8F8080099482B60BE
:10AE0800FFF7ACF92B4632463946C8F80C004846DD
:10AE180000F0EEFA944BB9F900C01B88B7F90000AE
:10AE2800B3F5806FB6F90010B5F9002080F01782ED
:10AE38008E4D25F813C08E4D25F813008D4820F847
:10AE480013108D4921F8132001339BB2864A1380D1
:10AE58008A4A1380BAF80030D8F800209A427FF75F
:10AE68006EAF0321864A874805F044FB864B1B7862
:10AE7800012B00F00882814B0D931B889BB2039332
:10AE8800824A834D136000236A4ADFF808A20792BA
:10AE98006C4A814E05926E4A804F06926F4ADFF8DF
:10AEA800989104927E4A2B6013807E4A137023780F
:10AEB800012BFCD100232370DBF8083059495B686B
:10AEC8005948984759485A49FFF71AF9584A1BA848
:10AED80032F9021BB2F906300B44B2F90E101944CC
:10AEE800B2F916305B1848BF03339B10524520F85F
:10AEF800023BEDD1099ABDF96C3049469B1A079A75
:10AF08004F4813604D4AFFF729F90A9ABDF96E3088
:10AF1800C8F8000005989B1A036049464A4A4B48FE
:10AF2800FFF71CF90B9ABDF97030DDF818C09B1AB1
:10AF38004946484AC8F804004748CCF80030FFF7AB
:10AF48000DF90C9ABDF9723049469B1A049AC8F853
:10AF5800080013604348424AFFF700F93F4B3C4A58
:10AF68003849C8F80C00334800F042FA002213466A
:10AF7800DDF818E00799DEF80000DDF810E0D1F8F8
:10AF880000C0DEF800E00599CDF820E04FEA2C2E4D
:10AF98006EF3070209686CF30F224FEA202C6CF35A
:10AFA800070360F30F23081260F3174261F31F626F
:10AFB800089932600A1262F3174361F31F6330463F
:10AFC8000821736000F0E2F903460A223B8031460B
:10AFD8005BBA28683381FDF791FF039B2B4A013345
:10AFE8009BB203932B680A332B60136801331360F9
:10AFF8002D4BD8F800201B889A4280F22181D8F87E
:10B008000820934240F31C8125490A88013292B2F4
:10B018000A80264909888A4240F2158148E000BF23
:10B028003DF501201C7902008067020080BE0120E6
:10B038000CDF012048DF012038DF0120A0CD0020EF
:10B04800FCE3012044DF012098CD00206CE20120C0
:10B0580040DF012090CD0020DCE001203CDF012012
:10B0680088CD00204CDF01202CF501203C1A01205E
:10B078003C1201203C0A01203C02012036F5012047
:10B0880014780200C06902003EF501203C2201202C
:10B098003802012014DF01200C02012034F50120C0
:10B0A8002EF501203FF501206ACB002068CB002057
:10B0B800944A00919448032105F052FA012246F679
:10B0C800781392490A70039A9A4207D9904A032141
:10B0D8008D4805F0DBF901238C4A13700EA813F094
:10B0E8007FF84FF47A788B4C0821204600F04EF90F
:10B0F80003460A2293FA93FC214628683B80A6F867
:10B1080008C0FDF7FBFE2B6808F1FF380A331FFA69
:10B1180088F82B60B8F1000FE6D17F4B1B78012B24
:10B128000D9B00F0A9801A8892B27C4B7C4C7D481C
:10B138007D4903EB42021DE0B8F5806F28BF4FF050
:10B148000008DFF8E8C17A4F7A4E7B4D3CF818C00A
:10B1580037F8187036F8186035F8185008F10108F3
:10B1680023F802CB24F8027B20F8026B21F8025B5B
:10B178001FFA88F89A42DFD10123704A137000221F
:10B188006F4B1A7003216F4A5F4805F07FF9FFF78C
:10B1980003F9FFF7DDF96C4B18700130F9D16B4AF0
:10B1A8000321594805F072F969480AF001F8694A1B
:10B1B8000346106000286CD10321674A524805F005
:10B1C80065F94FF40040002117F05AFA012002F007
:10B1D800AFFF00232370DBF8083041465B68384630
:10B1E80098475E495E48FEF78BFF1BA908465B4AF5
:10B1F80002F1080C32F902EBB2F906307344B2F9E5
:10B208000EE09E44B2F9163013EB0E0348BF033329
:10B218009B10944520F8023BECD1324621A81368D4
:10B2280003EB430C31F9023B03EBCC0389FB03EC42
:10B23800DB17C3EBEC0342F8043B9042EFD1F4E494
:10B248000023484A138046F67813039A9A423FF639
:10B258003DAF2E4B1B78012B7FF429AE3EE701232F
:10B268002D4D2B70314DA5F800C0314D2880314847
:10B27800018031490A80E9E5B3F800804FF4806223
:10B288001FFA88F851E74FF48063374A03930D9209
:10B29800F6E50121354A1C4805F02CF98CE72321F5
:10B2A800334B02201980FEF797FB0321314A1648D9
:10B2B80005F0ECF84CE437210120AAF80010FEF75D
:10B2C8008BFB03212C4A104805F0E0F839E441F2E1
:10B2D80070712A4B20461980FEF77EFB0321284A0D
:10B2E800094805F0D3F823E40121264A064805F069
:10B2F800CDF8FEE7244A2946034805F0C7F8FFF7CA
:10B30800E1BB00BF2C780200C06902003FF50120B4
:10B31800487802000C0201203EF5012070970120B8
:10B328005049012060700120402201203C1A012070
:10B338003C1201203C0A01203C0201203DF501207D
:10B348006ECB0020647802003CF501208078020072
:10B35800A4DE0120E0010120D07802000CDF0120EA
:10B3680080BE01202EF5012036F50120A8780200C4
:10B378006ACB0020747602005476020068CB002065
:10B388002C7602001C760200F475020000B5174BFB
:10B3980083B01B6801934FF0000311B3024641F2DA
:10B3A800210C4FF6FF7002EB010E082312F8011B67
:10B3B80080EA0120010403F1FF3354BF40008CEA06
:10B3C800400013F0FF0380B2F4D17245EDD1074B72
:10B3D8001A68019B5A404FF0000305D103B05DF88D
:10B3E80004FB4FF6FF70F2E717F03EFBD0DB0220BC
:10B3F80030B547F6EE75194C83B0246801944FF0C8
:10B4080000040468AC4202DC154DAC4200DA056069
:10B4180047F6EE740868A04202DC114CA04200DA3C
:10B428000C6047F6EE701168814202DC0C488142DC
:10B4380000DA106047F6EE711A688A4202DC0849A1
:10B448008A4200DA1960054B1A68019B5A404FF08E
:10B45800000301D103B030BD17F006FBD0DB02209A
:10B468001280FFFF00B50B4B83B01B6801934FF0B0
:10B478000003084B4A001968019B59404FF000032C
:10B4880005D1002103B05DF804EB1AF061BE17F096
:10B49800EBFA00BFD0DB022000B5144B83B01B6869
:10B4A80001934FF00003AAB1531E114A01F1FF3C6A
:10B4B80001EB030E1CF8013F58400309D35C00015F
:10B4C800C0B243401909505C1B01DBB2F44580EA65
:10B4D8000300EFD1054B1A68019B5A404FF0000357
:10B4E80002D103B05DF804FB17F0BEFAD0DB0220EE
:10B4F8003079020010B5224B82B01B6801934FF0DF
:10B508000003836800EBC10CB3F5004F0CD3DCF8E3
:10B518000C30994225D0DCF80810043200EBC10445
:10B5280040F82230E3600BE0BCF80630994218D0AE
:10B53800BCF80410043200EBC10440F82230E38068
:10B54800826800EBC300B2F5004F2CBF8160818098
:10B558000B4B1A68019B5A404FF000030ED102B002
:10B5680010BD01210024C36802F1040C01FA02F2A3
:10B5780023EA0203C36040F82C40E9E717F074FAA5
:10B58800D0DB022070B58668224B541A82B0B6F51B
:10B59800004F1B6801934FF000034FEA440500EB8E
:10B5A800C103A1EB020126D35E685D6001EB560181
:10B5B80086684D00B6F5004F00EBC2032CBF5D60F6
:10B5C8005D808568B5F5004F2CBF40F8324020F803
:10B5D80032408468B4F5004F13D35B6802EB530321
:10B5E80040F833100B4B1A68019B5A404FF0000388
:10B5F8000DD102B070BDB3F802C05D8001EB5C01F3
:10B60800D6E75B8802EB530220F83210EAE717F01E
:10B618002BFA00BFD0DB022010B5204B82B01B688C
:10B6280001934FF00003836800EBC101B3F5004FAD
:10B6380000EBC20C1AD3DCF804304C685B0803EB4F
:10B6480054035C004C608168B1F5004F1CD3DCF8F2
:10B65800041002EB510240F83230104B1A68019B7B
:10B668005A404FF0000316D102B010BD4B88BCF809
:10B6780002E05B0803EB5E034FEA430EA1F802E029
:10B688008168B1F5004FE2D2BCF8021002EB51021A
:10B6980020F83230E1E717F0E7F900BFD0DB0220ED
:10B6A80000B51A4B83B01B6801934FF00003836801
:10B6B80000EBC102B3F5004F16D201235288DA40DD
:10B6C8000132D21A114BB2FA82F2D3F800C0019BB0
:10B6D80093EA0C0C4FF0000316D1C2F11F0203B01D
:10B6E8005DF804EBFFF706BF52685208012A01D043
:10B6F8000223E5E7054B1A68019B5A404FF0000307
:10B7080002D103B05DF804FB17F0AEF9D0DB0220DC
:10B7180030B584682F4B83B0B4F5004F1B68019394
:10B728004FF0000300EBC10229D2012553885B08C2
:10B7380001335B1BB3FA83F3C3F11F0300EB830CE4
:10B74800DCF810500DBB01259D40C368B4F5004FCF
:10B7580043EA0503C360CCF810102CBF91609180B8
:10B768008368B3F5004F2CBFD160D180194B1A689C
:10B77800019B5A404FF0000329D103B030BD5368F4
:10B788005B08012BF2D00225D2E7B4F5004F00EB9D
:10B79800C50C2BBFDCF80830BCF8043093609380EC
:10B7A800846800EBC303B4F5004F2CBFD560D58087
:10B7B8008268B2F5004F2CBFD960D9808368B3F591
:10B7C800004F2CBFCCF80810ACF80410CEE717F0E7
:10B7D8004BF900BFD0DB0220F0B5364B83B01B68B5
:10B7E80001934FF0000383680446B3F5004F0D46FC
:10B7F8004FEAC10600EBC1071CD3796805EB51017C
:10B8080000EBC1035B68D80739D5A159691A04EB65
:10B81800C1035B68DB071CD5264B1A68019B5A409D
:10B828004FF0000344D12946204603B0BDE8F0405C
:10B83800FFF76EBF798805EB510100EBC1035B8808
:10B84800DA071CD5A15B691A04EBC1035B88DB0727
:10B85800E2D42046FFF724FFA3682A46B3F5004F39
:10B868002CBFA159A15B2046691AFFF7D5FEA36832
:10B87800B3F5004F2CBFA359A35BED1ACCE72046C4
:10B88800FFF70EFFA3682946B3F5004F2CBF7A686F
:10B898007A88204605EB5202FFF7BEFEA368B3F58F
:10B8A800004FB2D2A15B691A04EBC1035B88CEE7F3
:10B8B80017F0DAF8D0DB02202DE9F0418668284B32
:10B8C800B6F5004F82B01B6801934FF0000334BFF8
:10B8D8000B4601F1FF33B3FA83F3C3F11F0200EB08
:10B8E80082073D69A5B12C464FF0030CB6F5004F11
:10B8F80000EBC40E1FD3DEF80480B1EB580F29D932
:10B90800DEF80C40BCF1010C3C6101D0A542EDD140
:10B918004FF0FF34C268C3F120039C40144012D199
:10B928000F4B1A68019B5A404FF0000316D120466E
:10B9380002B0BDE8F081BEF80280B1EB580F09D91A
:10B94800BEF80640DEE794FAA4F2B2FA82F2131DBA
:10B9580050F823402146FFF7CDFDE1E717F084F8C2
:10B96800D0DB022000B51C4B83B01B6801934FF05D
:10B97800000329B300688368B3F5004F15D2043972
:10B98800091A21F0070303445A88C90822F0010262
:10B998005A80114B1A68019B5A404FF0000319D185
:10B9A80003B05DF804EBFFF717BF0839091A21F057
:10B9B800070303445A68C90822F001025A60E8E7FD
:10B9C800054B1A68019B5A404FF0000302D103B09F
:10B9D8005DF804FB17F048F8D0DB0220F0B52B4BDC
:10B9E80083B01B6801934FF000030568002937D026
:10B9F800AB68B3EBD10F33D9B3F5004F34BF042391
:10BA08000823CC1D1C44E40828462146FFF754FFB0
:10BA180030B3AB68C600B3F5004F05EBC00717D3CA
:10BA28007B68B4EB530F1DD343F001037B60AB6815
:10BA3800B3F5004F34BF042308231E44A819134B41
:10BA48001A68019B5A404FF000031DD103B0F0BDA6
:10BA58007B88B4EB530F05D343F001037B80E6E703
:10BA68000020ECE70444014622462846FFF78AFDF9
:10BA780021462846FFF74CFEAB68B3F5004F01D2CC
:10BA88007B88E9E77B68CFE716F0EEFFD0DB022082
:10BA98002DE9F041574B066801F1FF3882B018EAEA
:10BAA800010814461B6801934FF000030D46B26865
:10BAB80067D0B2F5004F2CBF082104216B422B4000
:10BAC8008B424546984628BF0B46002C6DD0B2EBFA
:10BAD800D40F6AD9B2F5004F34BF04220822E11D01
:10BAE8002944C91A11443046C908FFF7E5FE07463C
:10BAF80000285AD0B16808EBC003B1F5004F34BF35
:10BB0800042208221344334405F1FF321344B3FBE3
:10BB1800F5F303FB05F534BF6FF003036FF007037C
:10BB2800A5EB08052C4407342B449B1B24F0070481
:10BB3800A41BB0EBD30F4FEAE4044FEAD30836D383
:10BB4800B1F5004F06EBC80712D37B6808EB530228
:10BB580094423CD343F001037B60264B1A68019B57
:10BB68005A404FF0000343D1284602B0BDE8F081A7
:10BB78007B8808EB5302944229D343F001037B806E
:10BB8800EBE7B2F5004F34BF0423082399429CD851
:10BB9800184B1A68019B5A404FF0000328D12146E0
:10BBA80002B0BDE8F041FFF719BF0025D5E701460F
:10BBB80042463046FFF7E6FC39463046FFF7A8FD17
:10BBC800B16806EBC807B1F5004FD1D3BDE74146D0
:10BBD80022463046FFF7D6FC21463046FFF798FD4F
:10BBE800B368B3F5004F01D27B88C6E77B68B1E73D
:10BBF80016F03AFFD0DB0220B2F5802FF0B52CBF4B
:10BC080008240424151B0D44073121F0070425F0EE
:10BC180007052D1BEF08B5F5802F34BF3A4607F10D
:10BC2800FF32B2FA82F2304B83B01B6801934FF0B7
:10BC380000030023C2F12406B6000736C2F1200231
:10BC48000460F6080021C4E90273920004F11000B0
:10BC58001AF07EFA7300BA1BB5F5802F4FEA42003E
:10BC680004EBC60143F0010332D363600023236071
:10BC78004860A368B3F5004F2CBF44F8366024F839
:10BC88003660A1686319B1F5004F4FF000012CBF71
:10BC980059605980A368B3F5004F2CBF62516253B5
:10BCA800A26804EBC703B2F5004F16D35A6842F0F6
:10BCB80001025A600C4B1A68019B5A404FF000036E
:10BCC80010D13146204603B0BDE8F040FFF720BD53
:10BCD8006380002323804880CBE75A8842F0010222
:10BCE8005A80E7E716F0C0FED0DB02202DE9F047C6
:10BCF800224C82B0246801944FF0000483B3994623
:10BD08001C785D78DB78A40004EB430499F80230D2
:10BD180007461C440E4690464C447DB14FF0000A3D
:10BD280014F8013B0AF1010A204649F82340FCF7C0
:10BD38000FFF554500F101000444F1D10F49D9F82E
:10BD480004200868019948404FF0000109F10803F0
:10BD580012D141463846B44602B0BDE8F0476047C4
:10BD6800064B1A68019B5A404FF0000304D16FF04C
:10BD7800150002B0BDE8F08716F076FED0DB022091
:10BD8800024600B5194B83B01B6801934FF00003BE
:10BD980012F8013B8BB14FF0000C6046F8B16145D9
:10BDA80016D0A3F1400EBEF13A0F18D800200CF1BE
:10BDB800010C12F8013B002BF0D100200B4B1A6844
:10BDC800019B5A404FF000030ED103B05DF804FB0D
:10BDD800702BF3D0A3F1400EBEF13A0FEDD9252B0D
:10BDE80008BF80F00100E4E716F03EFED0DB022039
:10BDF8002DE9F04F9DB000AFD7F89860B64C7E6340
:10BE08002468FC664FF00004D7F89C40C7E9073265
:10BE180083787C61C6F3C00405468846D7F8A0A09D
:10BE2800FC627B6489B90478467803EB8404044493
:10BE38004EB101342046FCF78BFE08F101080130B1
:10BE480046450444F5D1A4EB0508EB783B647B6CCC
:10BE5800002B00F009817B6B13F00103FB6300F0FA
:10BE680003812B786A687B607A6205EB830B9A0002
:10BE78003B6C3A61002B40F057813B6A002B00F085
:10BE880061814FF000097B6B7E6C03F00203BB639A
:10BE980007F14C007C6C594622461AF04CF90BEB22
:10BEA80004033B633B6C002B57D03B6C3A6B4FEA67
:10BEB800430A0AF1020B9344941C7A6BC7E9028A7D
:10BEC80002F00402854BD7F82C80BA611AE0844A44
:10BED80090421FD2B8F1000F40F01981FA6B002A86
:10BEE80040F00081BA6952B109F1280207F148010E
:10BEF800511809F1010901F814AC5FFA89F9023403
:10BF0800A34525D014F801AC14F8021C55F82A00F2
:10BF18009842DCD2B8F1000F40F0EE80BA6B002AEC
:10BF280040F0E08009F1010007F1700252FA80F058
:10BF380007F1480C09F128020234944409F1020976
:10BF4800A3450CF8141C5FFA89F900F814ACD9D190
:10BF5800D7E9028A3B6B53443B6395F801A0BA6B5F
:10BF68000AEB0603DBB2002A40F0DC804FEA5902F4
:10BF7800F96B002940F0D480796B11F0040F14BFDD
:10BF880049460021A970EA702846FA693969D7F844
:10BF980020B06B70D847041E6FDB00237868D7F891
:10BFA80040C060F30703786C6AF30F2360F317430C
:10BFB800D7F81CA06CF31F63494652462B6007F163
:10BFC8005C00D847B0F10009C0F24A81786C3B693F
:10BFD800A8EB0001D7F840C0C91A5246386BA1EB4C
:10BFE8004C01D847B0F1000846DBA144C844002EF4
:10BFF80000F04281C7E910654FF000095C467D6991
:10C0080017E035F819B0A0470028C0F2278180440E
:10C01800BBF1000F21D0594630465246A0470028B0
:10C02800C0F21C813B6C09F101099945804400F07C
:10C03800238107F14C0313F809307A6C012152F877
:10C04800236087F84B30524607F14B00002DD8D1BA
:10C05800A0470028C0F2028180443046FCF778FDF2
:10C06800431C1FFA83FBD6E73B6C9BB93B6A1BB1A9
:10C0780041462846FA6998474446174B1A68FB6EAA
:10C088005A404FF0000340F0078120467437BD4600
:10C09800BDE8F08F7B6B13F00203BB63E6D02B780F
:10C0A8006A687B607A6205EB830B9A003B6A3A61A7
:10C0B800002B00F0E8807A6B02F00103FB637B6CD5
:10C0C800002B00F0C580520740F1C2809946002637
:10C0D80007F15C00DEE600BFD0DB02204466020008
:10C0E800DC9D020006F1280207F1480151180136CB
:10C0F80001F824ACF6B202E7786AC7E90A31FFF71B
:10C108003FFED7E90A3100283FF408AFF7E6786A1E
:10C11800FB62FFF735FEFB6A00283FF4DFAEEEE670
:10C1280000212FE7002223E77B6B13F00203BB6398
:10C138003FF4A3AE3B6A2BB14FF000097E6C07F1C8
:10C148004C00A7E644464FF00009D7F844805E4605
:10C15800D844A3467C6916F8013B55F82300FCF740
:10C16800F7FC01302CB1CA4584BF24F8190009F145
:10C17800010946458344EED17B6B3A6C5C4603F07B
:10C188000503002A3FF479AF002B3B6C7A6B06EB72
:10C19800430B0CBF022301233B63404B02F0020117
:10C1A80002F00102A846C7F834A0FD6A9A46023692
:10C1B80079643A640EE03A4A934213D2002D51D181
:10C1C8003A6C9AB93B6BE41A5E4506F102033FF4F8
:10C1D80054AF1E4616F8013C16F8021C58F82330D6
:10C1E8005345E8D28DB97A6C002AEDD01846FCF791
:10C1F800AFFC7A693AB17B6B4B4504D9431C22F8F2
:10C20800193009F101090444DEE7786AC7E90E31FB
:10C21800FFF7B6FDD7E90E310028E4D0C7F83CD0C7
:10C228008AB06B46D9614FF400717A6A19849A61B1
:10C238001A461C4959611C4B42F8103F00234FF421
:10C2480012511A4804F0C6F9023CD7F83CD0BBE7B3
:10C2580000267B6CB1465B443B6326E604460CE74C
:10C268004C460AE7786AC7E90E31FFF789FDD7E936
:10C278000E310028A4D0D1E70021FA6908463B6AAC
:10C2880044469847F9E67E6C7B6B4446D7F8209085
:10C298005E4403F0050377E716F0E6FB4466020008
:10C2A800DC9D02004079020004000001D869020008
:10C2B80000B5094B83B01B6801934FF00003064B90
:10C2C8001A68019B5A404FF0000303D1002003B0C5
:10C2D8005DF804FB16F0C8FBD0DB022000B50A4B62
:10C2E80083B01B6801934FF00003074B1A68019B4A
:10C2F8005A404FF0000305D1044B1B6803B05DF8AA
:10C3080004EB184716F0B0FBD0DB022080C90020F0
:10C3180010B5114B0C6882B01B6801934FF00003F5
:10C328008B685CB14A689A4208DD013A9A4214BFA8
:10C3380084464FF0000C04F803C08B6801338B600F
:10C34800054B1A68019B5A404FF0000301D102B017
:10C3580010BD16F089FB00BFD0DB022000B50A4BE8
:10C3680083B01B6801934FF00003084B1860064B1D
:10C378001A68019B5A404FF0000302D103B05DF8E0
:10C3880004FB16F071FB00BFD0DB022080C900203F
:10C398000FB4002100B50E4A85B006AB12680392AF
:10C3A8004FF0000253F8042B0A480091029300F062
:10C3B8002BFA074B1A68039B5A404FF0000304D12D
:10C3C80005B05DF804EB04B0704716F04DFB00BFF4
:10C3D800D0DB0220E5C200000CB470B5002504468D
:10C3E8000E4688B0114A0CAB126807924FF0000253
:10C3F80053F8042B0E4804A9009503930596069557
:10C40800049400F001FADDE905309842074BB8BF03
:10C4180025541A68079B5A404FF0000304D108B00E
:10C42800BDE8704002B0704716F01EFBD0DB02205A
:10C4380019C3000000B50446064883B0006801909F
:10C448004FF00000084611461A46A04716F05CF95E
:10C4580005F0C8FBD0DB022000B5094B83B01B6890
:10C4680001934FF00003064B1A68019B5A404FF0A6
:10C47800000303D1002003B05DF804FB16F0F4FAC2
:10C48800D0DB022000B50C4B83B01B6801934FF042
:10C49800000306F049FA16230360074B1A68019B4C
:10C4A8005A404FF0000304D14FF0FF3003B05DF85D
:10C4B80004FB16F0D9FA00BFD0DB022000B50B4B05
:10C4C80083B01B6801934FF00003084B08461146E0
:10C4D8001A68019B5A404FF0000304D103B05DF87D
:10C4E80004EB06F09BB916F0BFFA00BFD0DB0220C0
:10C4F8000CB4034600B5084683B00C4904AA096881
:10C5080001914FF0000152F8041BDB680092984734
:10C51800064B1A68019B5A404FF0000304D103B040
:10C528005DF804EB02B0704716F09EFAD0DB0220EB
:10C5380010B51B4B82B00F281B6801934FF0000306
:10C5480025D8184C00EB40034FEA031E4FEA400C75
:10C5580004EB0313D3E8AF3FCBB1A4F1080303EB1B
:10C568000E0464680C6022B10EF10C0E03EB0E0190
:10C57800116084444FEA0C1C53F80C00084B1A68ED
:10C58800019B5A404FF0000307D102B010BD06F0DE
:10C59800CBF9092303600020F0E716F065FA00BF25
:10C5A800D0DB022088C5002070B5254B82B01B68FF
:10C5B80001934FF0000300242546224E4FF0FF322E
:10C5C8004FF0FF33204814F0EBFA06F108010B197D
:10C5D800D3E8AF2FBAB10135102D04F13004F6D1EC
:10C5E80006F0A2F917234FF0FF350360164814F040
:10C5F80065FB134B1A68019B5A404FF000031CD18E
:10C60800284602B070BDD3E8EF1F0131C3E8E21F2E
:10C61800002AF8D10020002105EB450306EB03139F
:10C62800C3E9000104F10C00304414F09DFA04F150
:10C638002000304415F076F8D8E716F015FA00BF58
:10C64800D0DB022080C5002048CC002030B5194C32
:10C6580083B0246801944FF000041446164D00EB93
:10C66800400C05EB0C124FEA0C1CD36245F80C1079
:10C678005460A4B1E36893B10E4B1A68019B5A4009
:10C688004FF0000314D140F2051220460CF10C0CB7
:10C6980005EB0C0303B0BDE83040FFF729BF054B9D
:10C6A8001A68019B5A404FF0000301D103B030BD16
:10C6B80016F0DAF9D0DB022080C5002030B5184B1F
:10C6C80083B01B6801934FF0000300EB400315494A
:10C6D8001B0108334FEA400C0B44D3E8AF2F62B17B
:10C6E80002F1FF3ED3E8EF4F944203D1C3E8E5EFF0
:10C6F800002DF7D1F1D1012A08D0094B1A68019B06
:10C708005A404FF0000309D103B030BD0022002386
:10C71800844401EB0C11C1E90023EEE716F0A4F9FB
:10C72800D0DB022080C500202DE9F04F9846344F19
:10C73800D378344C17F8039083B06F2B2468019496
:10C748004FF00004924606460C460C9D09F003097A
:10C7580042D03CD903F0F703702B3AD00A27BB46E6
:10C768000AE03033BE42DBB274F100042B7019D3F7
:10C77800454517D906460C463A4600233046214619
:10C78800FCF7C2F9092A05F1FF35D3B2E9D9B9F1A5
:10C79800010F0CBF37335733BE42DBB274F10004CC
:10C7A8002B70E5D29AF800309B0605D5BBF1080F2F
:10C7B80015D0BBF1100F19D0124B1A68019B5A40C3
:10C7C8004FF0000319D1284603B0BDE8F08F582B6D
:10C7D800C4D11027BB46CFE70827BB46CCE79AF859
:10C7E800023043F008038AF80230E5E79AF802308D
:10C7F80043F010038AF80230DEE716F035F900BF7F
:10C80800659C0200D0DB02202DE9F04F1C468346D0
:10C818008A4B107899B01B6817934FF0000388B1C2
:10C828009246884600275D46252816D04146A847E7
:10C83800002807DB01370AF1010A9AF800000028EE
:10C84800F2D138467D4B1A68179B5A404FF00003C7
:10C8580041F0AF8019B0BDE8F08F00239AF80120AD
:10C86800CDE90A33252ACDE90C33CDE90E3300F0A2
:10C87800E9801E469E469B4699460AF1010CA2F1A4
:10C88800200110290AD8DFE801F0D00909CE0909EA
:10C898000909090909D609D30909CA002BB19DF864
:10C8A800303043F040038DF830302EB19DF83030F1
:10C8B80043F020038DF83030BEF1000F05D09DF80D
:10C8C800303043F010038DF83030BBF1000F05D045
:10C8D8009DF8303043F008038DF83030B9F1000F7F
:10C8E80005D09DF8303043F004038DF830309DF8C2
:10C8F800303003F04401442900F064829DF8303060
:10C908002A2A43F080038DF8303000F03E824C4EE6
:10C918001046B35C61465B0748BF002316D511F883
:10C92800012F303816F802E003EB83031EF0040FE2
:10C9380000EB43031046F2D18C4507D09DF8300038
:10C948000D93DB0F63F341008DF830002E2A0CBFE6
:10C95800012000209DF8313060F341038DF831301B
:10C9680026D14A782A2A00F06982354E1046B35CEF
:10C97800013113F0040308BF18460ED0002311F844
:10C98800012F303816F802C003EB83031CF0040FA4
:10C9980000EB43031046F2D1D80F0E939DF83030C8
:10C9A8001E46C3F34003184360F341068DF8306018
:10C9B800A2F14C034E1C2E2B00F24982DFE813F043
:10C9C8005C04470247024702470247024702470200
:10C9D8004702470247024702470247024702470207
:10C9E80047024702470247024702470247024702F7
:10C9F80047024702470247026B0447025A044702AC
:10CA08004A044702470247024702470247024702D1
:10CA18004804470247024702470247023B040123F2
:10CA28001CF8012F2BE70126FAE74FF0010EF7E774
:10CA38004FF00109F4E74FF0010BF1E7D0DB0220DA
:10CA4800659C020019461A469C461E468DF833001E
:10CA58000AF102099DF930E09DF83000BEF1000F9F
:10CA68000590ACBF4FF0FF300D980490002A00F0FD
:10CA78000481224652F804BBBBF1000F039207DA87
:10CA88004FF0FF3B9DF831206FF341028DF83120C4
:10CA98000022042E0D920E9200F0FD80059A012EC0
:10CAA80002F00302029200F02A81022E00F078813F
:10CAB800032E04D1039B53F8042B0A920393029B81
:10CAC800002B40F007819DF833E0AEF12503532B8E
:10CAD80056D8DFE813F021045500550055005500DD
:10CAE8005500550055005500550055005500550096
:10CAF8005500550055005500550055005500550086
:10CB080055005500550055005500550055001B02AD
:10CB18005500550055001B021B021B02550055000D
:10CB28005500550055005500550055005500550055
:10CB38005500550055005500550055006B0055002F
:10CB480055005500550055005500550055001B026D
:10CB58005500830158001B021B021B025500580098
:10CB68005500550055005500F0036B00180455009A
:10CB780055000B0455006B00550055006B001F60F5
:10CB8800CA46039C59E6059B1C074EBF2B23C3F3DB
:10CB980000135B010293DDE90A23002B06DA5242F7
:10CBA80063EB43030B932D230A9202930DF159066D
:10CBB800009610AB0CAADDE90A01FFF7B5FD0446A3
:10CBC800BBF1000F0BDB9DF830306FF386138DF847
:10CBD8003030331B9B4502D9ABEB03030D93002C7C
:10CBE800CED0DDF834A0331B52460DF159019DF823
:10CBF80032600591029901B1013316F010010691D6
:10CC080000F0F7800233134416F040021CBF0E995F
:10CC18005B180499002940F38F80CB1A04939DF880
:10CC280030305807C3F3800600F18680590640F17A
:10CC3800F7820298002800F07F8441460292A847B4
:10CC48000028FFF6FFAD049B029A002B07F10107AD
:10CC580003F1FF3C40F37884029630260794E346BC
:10CC68006446049203E0621E002C5ED014464146DE
:10CC78003046A8470028F6DAE4E500221CF0020F47
:10CC880014BFDDF838B04FF0FF3B042E03940D922B
:10CC98000E927FF403AF9DF83120930707D49DF9D6
:10CCA8003120002AACBF4FF0060B4FF00D0B059A50
:10CCB80002F003020292039A073222F00702D2E935
:10CCC8000034CDE90A3402F108030393029B002BD8
:10CCD8003FF4F9AED1457FF653AF002441461AF828
:10CCE800010BA8470028FFF6ADADCA4504F10104C1
:10CCF800F4D1002C2046FFF6A5AD274440E7CA1E14
:10CD0800042A00F28986DFE812F05A0205000500BD
:10CD1800EA00EA00039B073323F007031846F0E80C
:10CD28000223CDE90A230390C9E64FF0FF33013708
:10CD3800079C049A5F440493029838B141460292D2
:10CD4800A8470028FFF67EAD029A0137002A59D07D
:10CD58009DF931302078002BC0F239826A4E335C5D
:10CD68005B0758BF234640F1B083A34608E09BF811
:10CD780001000BF10103325C510740F1A1839B468E
:10CD88004146A8470028F2DA5CE59DF831300CF1FD
:10CD9800010143F001038DF831309CF80120D5E5FD
:10CDA800CA1E042A00F22C8601A454F822F000BFFF
:10CDB800FBD100001DCD00001DCD000097D1000063
:10CDC80097D100006FF386138DF8303096E5002375
:10CDD8000B93029B0392002B7FF47CAF0A9B0DF10F
:10CDE80041028DF840300123059210AC0022924692
:10CDF800029216F0080106913FF405AF00210133B5
:10CE0800069100E79DF83230DA0600F101821B072F
:10CE180000F1FE81069B002B40F0C881BAF1000F9B
:10CE2800C8BFBA4404DC26E30137574500F0248321
:10CE380041463020A8470028F6DA03E59DF831304E
:10CE4800023143F004038DF831300A78B0E50E461C
:10CE58009DF83000C0F34000782A8DF8332006F1A1
:10CE680001091AD86D2A00F29982692A15D8572A19
:10CE780040F261820121A2F15803DBB201FA03F307
:10CE880013F4624F40F05E8240F60106334240F0F0
:10CE9800948513F4043F40F0AE829DF830309DF83D
:10CEA80031C043F00103CCF3C3018DF830300026C4
:10CEB8000B469DF830201CF0010F60F341028DF8FD
:10CEC80030200CF004023FF4C5AD54F8040B0028E0
:10CED8000490C0F284829DF830000590C6E5DDF824
:10CEE8000CC0012B5CF8044B22464FEAE474CDE9F0
:10CEF8000A24CDF80CC07FF4E2AD53B242F3C0125D
:10CF08000A930B92DBE500BF659C0200DDE90A127B
:10CF1800002AC0F26183059B180700F1D883C3F388
:10CF280000135B010293C2F30A5A40F2FF73C2F383
:10CF38001302BAF1000F40F00B83BEF1460F00F068
:10CF48007484D30243EA5153069353EAC1234FEA48
:10CF5800C12000F09383120352EA11524FEA0133C1
:10CF680000F11A85DB185241002A0AF1FF3AF9DA72
:10CF7800AAF2FE318C1C42F0004280F209854FF083
:10CF8800000A5B0843EAC2735208B2F1333F08460D
:10CF980001F10101F5D2811C9C00900040EA9370D8
:10CFA800E31842EB0002881C0AF1FF3AE9DB00298A
:10CFB80024DD4FF03336B44606970233A3FB06044C
:10CFC80042F100021CEB0003A2FB063246EB040709
:10CFD800C01844EB0204C01944F100041B1901F104
:10CFE800FF310AF1010A42F10002DB185241002A1E
:10CFF80001F1FF31F9DA0029DFDC069FC1F10404F1
:10D008001C3123FA04F002FA01F1A4F1200322FAF8
:10D0180003F308431843BEF1670F22FA04F306939B
:10D0280000F00A83BEF1470F00F00683BEF1660FD9
:10D0380000F0F68300220BF101030792102B1E4625
:10D04800A8BF1026013E002B00F0A9844FF0006213
:10D058004FF033340023A4461146CDE908A75B08F6
:10D0680043EAC173A3FB042749081CEB0203A1FB95
:10D07800043144EB070AD21847EB010712EB0A0206
:10D0880047F10007DB1906F1FF3641F10001771C73
:10D09800E5D1DDE908A70A4606991B1841EB02020B
:10D0A800B2F1805F80F063830599BEF1660F01F0ED
:10D0B800200400F00F839100980041EA9371C3188F
:10D0C80042EB0101C1F3C362DB1802F130024941AE
:10D0D800302A8DF8402018BF0AF1FF3A002C40F0A2
:10D0E8003983BBF1000F40F3EE832E228DF84120E7
:10D0F8004FF00F0C10A821F0704206900DF142017C
:10D10800084601EB0C0401E0A04211D096009900FA
:10D1180046EA9376CB1842EB0602DB185241110F10
:10D128003031BBF1010B00F8011B22F07042EBD14A
:10D138000590079BCDF838B06BB10022059B0E9285
:10D1480013F8012C1946302A03F1FF33F8D02E2AA0
:10D1580008BF194605910EF0DF03452B00F0058244
:10D16800DDF834A0BAF1000F40F3828201220021D9
:10D178009DF8323062F386138DF83230059B5246A3
:10D18800197006999DF832600C465B1A32E54FF02B
:10D19800000C039C54F8042B022BCDE90A2C03D174
:10D1A800002392B20A920B93039488E441469DF8B7
:10D1B8003300A8470028FFF645AB01372EE6039A4F
:10D1C80052F8043B0A93DB1703920B9377E4702819
:10D1D80000F0DC83264606E0707806F1010A702824
:10D1E80000F0928156464146A8470028F4DAFFF736
:10D1F80029BB9DF83330039A632B039B02F1040289
:10D208001B680A933FF4E3AD002303920B9356E4A3
:10D2180041463020A8470028FFF614AB0137F9E54E
:10D22800049B002BC8BF202603F1FF3C3FF716AD37
:10D23800CDF810C080E506229DF831309DF8300009
:10D2480062F3C6038DF831304A78C0F3400003E634
:10D258000722F1E74A789DF830006C2AC0F34000B5
:10D2680000F0AF8103219DF8313061F3C6038DF8DA
:10D278003130F1E50522DFE7BDF83030012023F435
:10D28800F04323F0020343F4804343F002034A7857
:10D29800ADF83030E0E54A789DF83000682AC0F3F0
:10D2A800400000F0848102219DF8313061F3C6030B
:10D2B8008DF83130D0E50A9B07293FF661AC01A211
:10D2C80052F821F087CB00003BD3000037D3000091
:10D2D80087CB0000EDD20000EDD2000087CB000024
:10D2E80087CB0000FA171F605A6049E4BBF1000FB2
:10D2F8000A9C80F268812046FBF72AFC23180593D4
:10D30800059B1B1B72E50A98002840F06881C04AFB
:10D3180005230592541F69E541462520A8470028A2
:10D32800FFF690AACA46039C0137FFF786BA1F800A
:10D3380026E41F7024E4412A04D0A2F14503022BFD
:10D348003FF6ABAD02F0DF02A2F14102B2FA82F27F
:10D3580004269DF831309DF83210520962F3C71344
:10D3680066F302011A068DF832108DF831305FFA33
:10D3780083FC00F1DC800CF07803182B00F09D8111
:10D388001CF0380FCCF3C30105D09DF8303043F0C2
:10D3980001038DF830300B4604268AE501236E3AE6
:10D3A800D2B2934040F2824213424DD113F0240F7F
:10D3B80038D1D9077FF571AD03269DF832209DF845
:10D3C80031C066F302020CF07803CCF3C301402BA2
:10D3D80008BF40F001008DF832200B4669E504983B
:10D3E800404204909DF8300040F004008DF8300071
:10D3F8000590FFF73BBB9DF832309DF831C061F3D3
:10D4080002038DF832300CF07803402BCCF3C301C3
:10D4180005D19DF8303043F001038DF830300B46CC
:10D42800012646E503269DF832209DF831C066F3B3
:10D4380002021CF0780FCCF3C30118BF40F00100C2
:10D448000B468DF8322034E502269DF831C09DF850
:10D4580032300CF0780266F30203402A8DF832303D
:10D4680005D19DF8303043F001038DF83030CCF30E
:10D47800C3010B461DE5BA460026059F07E0414655
:10D4880014F8010BA8470028FFF6DCA90136A742CB
:10D49800F5D8002E3046FFF6D5A95644049B002B3C
:10D4A80040F35582049F374403E00136BE423FF4FF
:10D4B80067AB41462020A8470028F6DAFFF7C2B933
:10D4C800C4F101023A440BEB02079DF832209206A0
:10D4D80040F1938118782E2800F07481325C51074E
:10D4E80058BF9A4614D51C469B4607E0607804F15D
:10D4F800010A335C5B0740F1548154464146A84712
:10D508000028F3DAFFF79EB9C4F101033B44F7188A
:10D518000E9C002C78DD3C4402E00137A74274D011
:10D5280041463020A8470028F7DAFFF78BB9CCF33B
:10D53800C3010B460120BCE4049B002BC8BF302666
:10D5480003F1FF3C3FF78AABCDF810C0FFF7FEBBF5
:10D558009A4500F09181D202BEF1460F08BF4FF004
:10D56800660E42EA5152CB0202E5059BBAF1000F62
:10D5780083F800E0B4BF2D232B230599B8BFCAF167
:10D58800000ABAF1630F4B7000F310810231214B8E
:10D59800A3FB0A23DB0803EB8302AAEB4202303326
:10D5A8000B7002F130034B708B1C0593D8E50122F8
:10D5B8009DF831308E1C62F3C6038DF831308A78BD
:10D5C8004AE40422F4E75946204618F077FE002C76
:10D5D8007FF494AEFFF7D4BA2D230293A3E40DF1A0
:10D5E800590610AB002100960CAAFFF79DF8BDF86C
:10D5F8003230044603F0EF0343F4F04343F01003E2
:10D60800ADF83230FFF7DCBA3C460026059F0BE048
:10D618000D7A0200CDCCCCCC41461AF8010BA847B4
:10D628000028FFF60FA901365745F5D8002E3046D9
:10D63800FFF608A9264431E71AF1030F25DAAEF1FF
:10D648000203BBF1000F5FFA83FE7FF7F3AC059A84
:10D658000BF1FF33920600F148811A1E18BF012210
:10D6680007925E46102EA8BF10269B46013EEDE4A9
:10D678000E9A002AD4BF0022012278E5BEF1670F76
:10D6880003D0BEF1470F7FF4D1ACD345D7DB059B60
:10D69800ABEB0A0213F0200F5B4640F07381111EBA
:10D6A80018BF012193460791002B4FF0660EBFF675
:10D6B800C5AC00234FF00062EEE400236FF3C60C04
:10D6C8008DF831C019465FFA8CFCFFF7F2BB2B23AB
:10D6D800029328E4BAF1000F40F3B48050460DF1EC
:10D6E800400CCDF818C0AAF11006099797009900C8
:10D6F800C91847EA937742EB070749187F413A0F61
:10D7080030320B465146BAF1010A8CF8002027F056
:10D71800704267460CF1010C00F01C81B245E5D15E
:10D72800CDF814C04FF0000C0897099F0D96002CF7
:10D7380040F01A81BBF1000F40F321812E20089997
:10D74800059C02312070BCF1000F00F0FD804FF005
:10D75800000AD5E42E22BBF1000F8DF841203FF7D7
:10D76800C7AC0DF14203059310AB0693E1E45B08E7
:10D7780043EAC2734FEA520C4FF03332A3FB02362E
:10D78800D418ACFB021442EB06025B1846EB040605
:10D798009B1846F100068B190AF1010A44F10002B0
:10D7A80082E45B460137FF1A2744B1E66422A94B9D
:10D7B800A3FB0A135B0902FB13AA059A3033937083
:10D7C800D11CE4E641460293A8470028FFF63AA890
:10D7D800029BBAF1000F07F1010703F1010479DD9B
:10D7E8009B46BA4402E00137574572D04146302083
:10D7F800A8470028F7DAFFF725B8BAF1000FC8BF25
:10D808009B460AF1FF3404DCD5E0621E002C6FD081
:10D81800144641463020A8470028F6DAFFF712B828
:10D82800002307930AEB0B033EE7D30243EA515365
:10D83800069353EAC1234FEAC120F1D04FF0660E98
:10D84800FFF789BB30218DF84010002C56D02E21CF
:10D858008DF84110BAF1000F6BD0BBF1000F56DC08
:10D868000DF14203059310AB0693079BCDF838B032
:10D87800002B7FF462AC73E477480EF10103DBB24E
:10D88800C35C0A4303F0030327D1012B0BBF4923D1
:10D8980069234E216E210CBF462266228DF8422054
:10D8A80000228DF840309DF830308DF841106FF32C
:10D8B80086130DF143018DF830309246032305910C
:10D8C80010ACFFF797B90DF14103059310AB069320
:10D8D8002FE45B465878234600E6012B15BF6E23DC
:10D8E8004E23612141211A46D8E700220792B8E663
:10D8F800BA44AAEB04075B469246EBE5BBF1000F7E
:10D9080051DD2E218DF84110BAF1000F14D0CAF163
:10D9180000015945A8BF594600290D91ABEB010BF1
:10D92800D4BF002101219DF8320061F345108DF824
:10D938003200BBF1000F93DD10A84FF0100C0DF171
:10D9480042010690FFF7DCBBE24605918DE73746BA
:10D95800FFF716B9C0F10F00CDF814C00897564666
:10D96800099F00EB010CE1E62E200899059CBBF10C
:10D97800000F01F1020120703FF7E5AE05914FF06D
:10D98800000A72E79346002207928DE6A246BFE599
:10D998004FF0000AFFF70BBB3049FFF7F0BA4FF022
:10D9A8000062FFF779BB0DF14103059310AB0693B5
:10D9B8005BE715F059F8A2468CE502219DF8323054
:10D9C80061F302039DF831108DF8323001F07806CA
:10D9D800402E8C4605D19DF8303043F001038DF878
:10D9E8003030C1F3C301632A0B4606D1002E18BF9D
:10D9F80040F001000226FFF75CBA0226FFF759BA89
:10DA0800039C012B54F8042B1CD10023D2B20A9298
:10DA180003940B93FFF753B8DDF80CC0012B5CF8A7
:10DA2800044B4FEAE4720B920A9422460ED0022B62
:10DA380004D123B244F3C0340A930B94CDF80CC03C
:10DA4800FFF73DB84FF0000CFFF7A6BBCDF80CC0B0
:10DA5800FFF753BA1F85EB51649C020002FCFFFFDD
:10DA680070B51E4B82B01B6801934FF00003046829
:10DA7800C2698B0043F0020342F82430026903684C
:10DA8800D507046A0B4419D4A34200D31B1BC568ED
:10DA98004668AB4203600DD031448C4298BF091BE5
:10DAA8000E4B41601A68019B5A404FF0000313D196
:10DAB80002B070BD42F008020261EDE7C668013CA1
:10DAC8002340B3424568036002D142F00802026174
:10DAD8004B1904EA0301E3E714F0C6FFD0DB022088
:10DAE80030B505691D4B83B015F0010F1B68019314
:10DAF8004FF00003046A02EB01031FD1A34228BFC1
:10DB08001B1B04689C421ED09300C46943F00203A7
:10DB180044F821300369416813F0010F0A44036A8D
:10DB280016D19A4228BFD21A42600C4B1A68019B40
:10DB38005A404FF000030ED103B030BD013C2340E2
:10DB480004689C42E0D125F0080501600561ECE716
:10DB5800013B1A40E8E714F087FF00BFD0DB022042
:10DB68002DE9F04FD0F80C80C7691E4617F8283009
:10DB7800534C03F0030383B0022B246801944FF045
:10DB8800000489460446154607EB880A32D000236C
:10DB9800136033602369990721D5A36950469847D4
:10DBA80017F828308346DA0719D59B0748D5B9F105
:10DBB800000F3DD1D4E9022521696368CE07206AA8
:10DBC8005B442DD483426AD31B1AAA42636069D08E
:10DBD80041F00801C4E903212260012000E000208F
:10DBE800374B1A68019B5A404FF0000366D103B0C7
:10DBF800BDE8F08F002257F828302A609B08326071
:10DC0800C8D0D0E903120B44016AD00715D48B425F
:10DC180028BF5B1A22F008022261A360E360DCE7F8
:10DC280001380340AA426360D2D15A4402403DE021
:10DC380049462046FFF714FFBCE701390B40E9E7E6
:10DC4800E36822690344D007216A34D48B4228BF91
:10DC58005B1A22F008022261A360E360B9F1000FA9
:10DC680004D000212268E36943F822100BEB090372
:10DC780033602268216A13442269D00718D48B4282
:10DC880028BF5B1A42F008022360226117F8283087
:10DC98006FF3000307F82830C5F800A09DE7AA42F3
:10DCA800636095D15A44824228BF121AA2608FE756
:10DCB80001390B40E6E701390B40CAE714F0D4FEFE
:10DCC800D0DB0220002300B5174A83B01268019206
:10DCD8004FF0000243618361036043608360C36067
:10DCE8000361CA6882618A6842610A68C2614A68D7
:10DCF800C0E908230B6922B1511E114208BF43F045
:10DD080001030361084B1A68019B5A404FF0000356
:10DD180007D101220021283003B05DF804EB13F08D
:10DD280001B914F0A1FE00BFD0DB02202DE9F04FAD
:10DD380000259446026A4F4C87B08A4224680594AD
:10DD48004FF00004CDE903552FD304460F46AA46E9
:10DD58004FF02009A846CDE900C3EFF3118689F3F7
:10DD68001288BFF36F8F049A002A48D123691B07D2
:10DD780026D4E1682368994248D8216AC91A8F4293
:10DD880021D92046FFF76CFE4FF0010B86F311886E
:10DD9800BFF36F8F039929B162690AB12046904792
:10DDA800CDF80C80BBF1000FD7D1324B1A68059B18
:10DDB8005A404FF000035AD1284607B0BDE8F08F0B
:10DDC800002F3BD12368E56915F8232022F00302D0
:10DDD80005F82320226905EB83052368D007216A0B
:10DDE8003B4428D48B4228BF5B1AE16823609942E0
:10DDF80002D142F0080222614FF0000BC6E75146FB
:10DE08002046FFF76DFECDF81080AFE7A1EB030BBE
:10DE18005F45D8D9DDE90032134302D013F09AFCEC
:10DE280078B15946204604AB03AAD4F800A0FFF7FE
:10DE380097FE8346AAE701390B40D6E74FF0000B5F
:10DE4800E8E786F31188BFF36F8F04F12800DDE956
:10DE5800002313F0C7F8EFF31186202383F3128809
:10DE6800BFF36F8FB0FA80FB4FEA5B1B8EE714F0AD
:10DE7800FBFD00BFD0DB022030B5234B83B01B680D
:10DE880001934FF000030446836908460D469847FE
:10DE9800EFF31181202383F31288BFF36F8F2B7860
:10DEA80043F001032B7022696368D5071844236A7D
:10DEB80025D4984228BFC01A6060500710D51207B1
:10DEC800656A1AD4E068226890429CBFC01800F1C5
:10DED800FF30821A013B9B1AAB4238BF2B46636264
:10DEE80081F31188BFF36F8F074B1A68019B5A4063
:10DEF8004FF0000306D103B030BD0022EAE75D1EF3
:10DF08002840D9E714F0B0FDD0DB02202DE9F0411C
:10DF18003D4B82B01B6801934FF000032026044656
:10DF2800EFF3118586F31288BFF36F8F2169A36819
:10DF380008072DD4626893422AD8D21AE76962B3D7
:10DF480017F823204FEA830C12F0030007EB83082D
:10DF580023D0022849D0D10730D4A3694046984736
:10DF6800A3682169E26803441044CA07276A41D4B8
:10DF78009F4298BFDB1B874298BFC01B21F0080156
:10DF8800C4E90230216185F31188BFF36F8FC7E7B9
:10DF9800226AE769D21A002AD2D185F31188BFF321
:10DFA8006F8F4FF00008184B1A68019B5A404FF0CA
:10DFB800000326D1404602B0BDE8F08142F00202DB
:10DFC80007F80C20A3694046A6689847236930449F
:10DFD80013F0010F236A11D1984228BFC01AA0601C
:10DFE80085F31188BFF36F8FDDE757F80C008008C1
:10DFF800B8D1B0E7013F3B403840BFE7013B18408C
:10E00800EDE714F031FD00BFD0DB022030B52F4B17
:10E0180083B01B6801934FF00003044683690846E8
:10E028000D469847EFF31181202383F31288BFF33D
:10E038006F8F2B786FF300032B7023699B070AD52A
:10E04800E268E36903EB82039D4204D02B6860F326
:10E058009F032B6013E02B786FF341032B70D4E9F7
:10E06800022393421DD022691844D507236A29D474
:10E07800984228BFC01A22F00802C4E9030281F3BB
:10E088001188BFF36F8F114B1A68019B5A404FF0EC
:10E09800000319D104F1280003B0BDE8304012F0A4
:10E0A80069BF22691844D507236A05D498422ABF54
:10E0B800C51AA060A560DBE7013B03EA0005A5607F
:10E0C8001840D8E7013BFBE714F0CEFCD0DB022078
:10E0D80000B5164B83B01B6801934FF00003EFF3B4
:10E0E8001182202383F31288BFF36F8F036913F023
:10E0F800080F836804D141688B4201D8C81A01E02F
:10E10800006AC01A82F31188BFF36F8F074B00387B
:10E1180018BF01201A68019B5A404FF0000302D132
:10E1280003B05DF804FB14F09FFC00BFD0DB0220B5
:10E1380000B50C4B83B01B6801934FF000030446F5
:10E14800EFF31183202383F31288BFF36F8F09F055
:10E1580073FC204603F0E4FC0348FEF719F903F0CA
:10E1680087FFFCE7D0DB0220107A020070B53C4C38
:10E1780082B0246801944FF000040C4604F00105B5
:10E18800014605EB540098425FD86608002D4CD133
:10E19800002E41D0013A01EB460E1CE0ACF1570CC1
:10E1A8005FFA8CF31B01DBB253704C78A4F1300C8E
:10E1B8005FFA8CFCBCF1090F07D9A4F1610CBCF122
:10E1C800050F1CD8573C5FFA84FC02316344714543
:10E1D80002F8013F20D091F800C0ACF13003DBB267
:10E1E800092BDFD9ACF16103052BD7D9ACF1410379
:10E1F800052B2AD8ACF1370C5FFA8CF3D2E7A4F1DF
:10E208004105052D21D8373C5FFA84FC023163446F
:10E21800714502F8013FDED1114B1A68019B5A4043
:10E228004FF000031AD102B070BD0C78A4F130038E
:10E23800DBB2092B05D9A4F16103052B07D8573C9C
:10E24800E3B202F8013B0131A2E70020E4E7A4F1C0
:10E258004103052BF9D8373CE3B2F2E714F004FC8C
:10E26800D0DB02202DE9F04340F26C77834B83B07A
:10E278001B6801934FF00003D0E90432D71903F16A
:10E28800010E4FEAE27242F10002BEF1020F8CBFAA
:10E2980000230123FF1AC46862F10002002A04F176
:10E2A800FF34C0F2B3803B0D43EA0233C3F31303D8
:10E2B800C7F313011944D51701EB123105F02106F4
:10E2C80001EB12716E4B3144A3FB0163DB0803EBD6
:10E2D800830303EB8303C91A25F017052944694E04
:10E2E8007B1A03FB06F662EBE172674901FB0266E3
:10E2F800A3FB0131761800F1BB80D0E9018C3C21E9
:10E30800BEF1020F8CBF6FF00202092240F26D15B8
:10E318004FEAE879CCFB01894FEA09114FEA081C5A
:10E32800BCEB080C41EA187161EB090196448900BD
:10E33800026841EA9C7155481B094FEA8C0C43EA74
:10E3480006731CEB020C4FEA261600FB037041EB28
:10E35800E271F700DA00D21847EA537746EB07076D
:10E368003F0147EA12771201D21846EB07073F012F
:10E3780047EA12771201D21A67EB0607404E0EEBF6
:10E38800CE0EA6FB0036830805FB00330EEB0E1EEF
:10E398003F480EF1020EA0FB0E0E2344B801940173
:10E3A800A41A40EA9260A3EB561360EB070203EB52
:10E3B8009E0338481B1942F100021B1862F1000243
:10E3C800D81842EB0204C31842EB040214011801E6
:10E3D800C01A44EA137464EB020423010201121AFE
:10E3E80043EA107363EB0403D001DB0143EA526391
:10E3F80010EB0C0041EB0301204B1A68019B5A40BB
:10E408004FF0000338D103B0BDE8F0836FF4C77351
:10E41800FB1862F100024FEA135C4CEA023CCCF3B1
:10E428001308C3F3130CC4440CEB123C4FEAE27814
:10E4380008F021090CEB127C1149CC44A1FB0C918A
:10E44800C90801EB810101EB810128F01708ACEB49
:10E45800010141440B4E5B1A03FB06F60A4D62EBC1
:10E46800E17205FB0266A3FB053576197FF545AF1A
:10E478000F3346F1000640E714F0F6FAD0DB02202D
:10E488001F85EB51F5285C8F295C8FC270FEFFFF5A
:10E49800CDCCCCCC9405F5FF2DE9F04FB0F818C0E1
:10E4A800B54B83B01CF0080F1B6801934FF00003B5
:10E4B800814640F01D8110460CF007024FF02008FD
:10E4C8001446134602299BB211D0D9F81450002DD6
:10E4D800C0F2F7805A1F012A1E4640F2CE80042B54
:10E4E80000F02D819C42014652D0002716E0002BF7
:10E4F8007CD1D9F80020002A7DD02CF0070CD9F85F
:10E5080010204CF0060C1FFA8CFC062C17680146EC
:10E51800A9F818C000F08F801D460626D9F80830E3
:10E528004FF0000B002B00F086804CF0080CA9F887
:10E5380018C080F31188BFF36F8FD9F8081089B11C
:10E548000C682B4632464846D1F804A0D0474CB157
:10E55800214624682B4632464846D1F804A0D047C5
:10E56800002CF5D1BBF1000F24D117B148468349DF
:10E57800B847EFF3118188F31288BFF36F8F08460D
:10E58800B9F818C02CF0080C1FFA8CFCA9F818C0B0
:10E598001CF0100F21D001212CF0100C1FFA8CFC5C
:10E5A8000CF007031C46A9F818C08BE7D346BBF14B
:10E5B800000FDAD05846294650F804AB00F0D2F9DB
:10E5C80004460028F2D05946D3462B4632464846E0
:10E5D800A047BBF1000FEDD1C7E71CF0200F0BD00F
:10E5E8002CF0200C02211FFA8CFCD9E7022B2DD12C
:10E5F800B9F81A507DB1014681F31188BFF36F8FC6
:10E608005D4B1A68019B5A404FF0000340F0B180FF
:10E6180003B0BDE8F08F2CF0070CD9F810304CF09F
:10E62800040C1FFA8CFC042C5F680146A9F818C07A
:10E6380001D0042672E7002FAAD04CF0080CA9F8E4
:10E6480018C080F31188BFF36F8F8FE7012BD2D1E9
:10E65800D9F80030002BCED02CF0070CD9F81030A8
:10E668004CF0050C1FFA8CFC052C9F680146A9F894
:10E6780018C0E0D00526002550E700262CF0070C2E
:10E68800062BD9F800B01FFA8CFCC9F80460C9F849
:10E69800006037D0B4420146A9F818C022D1BBF1B6
:10E6A800000F3FF475AF4CF0080CA9F818C080F3C0
:10E6B8001188BFF36F8F0027BBF1000F7FF47AAF8B
:10E6C80053E7002301262CF0070C4CF0010CD9F875
:10E6D80000B0A9F818C0C9F80030C9F80430B4422D
:10E6E8000146DCD0D9F80830002BD8D000271CE729
:10E6F80001290CBF4CF0100C4CF0200C1146A0F86E
:10E7080018C079E7BBF1000F09D05A46B9F81A309A
:10E7180001339BB2A9F81A301268002AF8D1B9F867
:10E728001A204CF00203A9F8183012B19C460226B0
:10E73800D5E74CF0220C0226A9F818C0CFE72CF038
:10E74800070CD9F800601FFA8CFCA9F818C056B15C
:10E758004CF0200C0146A9F818C0002C3FF418AF63
:10E7680000263746DAE60146002C3FF411AF37465B
:10E77800D4E614F079F900BFD0DB022089E7000065
:10E7880000B50F4B83B01B6801934FF00003EFF304
:10E7980011824FF0200C8CF31288BFF36F8F084B57
:10E7A80041611968019B59404FF0000305D10121CF
:10E7B80003B05DF804EBFFF76FBE14F055F900BF26
:10E7C800D0DB022000B5124B83B01B6801934FF0D9
:10E7D8000003C0B1B9B10A68AAB14A689AB1002267
:10E7E800034601611046C3E90022C3E90222C3E9D6
:10E7F8000522074B1A68019B5A404FF0000305D1C8
:10E8080003B05DF804FB6FF01500F2E714F02CF983
:10E81800D0DB0220F0B53D4B83B01B6801934FF06D
:10E82800000300286DD00E4600296AD00F1D05464A
:10E83800384600F06DF800281BD1B368032B60D868
:10E84800EFF31182202383F31288BFF36F8F4FF603
:10E85800FF716B8B288B8B4200F007043AD0022C97
:10E8680025D0062C46D8DFE804F00E4545450E1B9A
:10E878000E00E5DA254B1A68019B5A404FF0000359
:10E8880042D103B0F0BD002333606B684BB31E6008
:10E898006E604CBB28460221FFF7FEFD2046E9E7E3
:10E8A80082F31188BFF36F8F6FF08500E2E70133C1
:10E8B8006B8382F31188BFF36F8F0021384600F015
:10E8C80051F8074620B10023224631462846B8476A
:10E8D8000220CFE782F31188BFF36F8F6FF00A0031
:10E8E800C8E72E606E60D4E7204682F31188BFF334
:10E8F8006F8FBFE782F31188BFF36F8F6FF004004B
:10E90800B8E76FF01500B5E714F0AEF8D0DB0220D9
:10E9180000B5134B83B01B6801934FF0000348B157
:10E928004268034602F00302022A0FD0032A0DD0E0
:10E93800012A0ED06FF01500094B1A68019B5A4046
:10E948004FF0000309D103B05DF804FB1A68002AF0
:10E95800F0D0002210469A60EEE714F085F800BF68
:10E96800D0DB022000B5144B83B01B6801934FF035
:10E9780000034268034602F00302022A816004D0C1
:10E98800032A13D00022426005E0006800225A6082
:10E9980008B114F0E5FF0020074B1A68019B5A40A4
:10E9A8004FF0000306D103B05DF804FB00680022B5
:10E9B8005A60F1E714F058F8D0DB02202DE9F04155
:10E9C800274B82B01B6801934FF0000300270546D0
:10E9D8008846164600E03CB36A68E968EB69541A51
:10E9E8009C4228BF01EB030C696928BFE41AA2EB1B
:10E9F800010138BFA446A3EB0404A3EB010328BF1D
:10EA0800A2EB0C0CB34228BF33469C4228BF1C46DD
:10EA1800286813194146224660446B6017F08BFB47
:10EA2800361B2744A044D6D1D5E90123D21A9742F0
:10EA380009D8EA683B44E9696B60AB609B1A8B4272
:10EA480024BF5218EA60064B1A68019B5A404FF0DF
:10EA5800000303D1384602B0BDE8F08114F004F891
:10EA6800D0DB02202DE9F041264B82B01B680193D0
:10EA78004FF000030027054688461646036900E064
:10EA880024B3D5E906145A1AA24226BF121B091943
:10EA98001146A4EB0204AA6828BF591AD21AB24236
:10EAA80028BF3246944228BF14462344D5F800C0F4
:10EAB8002B61B8F1000F06D040462246614417F09A
:10EAC8003AFB2B69A044361B2744D9D16A699B1AA3
:10EAD8009F4209D8A969D319EA692B616B615B1A4E
:10EAE800934224BF8918A961064B1A68019B5A40B2
:10EAF8004FF0000303D1384602B0BDE8F08113F0AF
:10EB0800B3FF00BFD0DB022000B5034B83B01B6806
:10EB180001934FF0000301E0D0DB0220054B1A6897
:10EB2800019B5A404FF0000302D103B05DF804FB8B
:10EB380013F09AFFD0DB02202DE9F041194B82B087
:10EB48001B6801934FF00003C36A0C461B68054617
:10EB5800012B88BFDE1D4FF0070288BF5B424FF0D4
:10EB6800FF008CBF1E4008264F88B1F80480FCF7D0
:10EB780093FCE37983420AD000200A4B1A68019B70
:10EB88005A404FF000030AD102B0BDE8F081A889CD
:10EB98004744801BB84294BF00200120EDE713F0E2
:10EBA80063FF00BFD0DB02202DE9F043224C8BB07D
:10EBB800246809944FF00004CBB105461C46C36A8B
:10EBC80000681B68AF8910FA81F05B42090C01FBF1
:10EBD800070813EA0407164616D0A86A8368414650
:10EBE800D3F804903B46C84710B9E41B0AD100206B
:10EBF800114B1A68099B5A404FF0000319D10BB00A
:10EC0800BDE8F083B8443E443146224601A817F0D7
:10EC180092FAEE6A01AB326818197179121B17F073
:10EC280097FAA86A336884684146646801AAA047CD
:10EC3800DEE713F019FF00BFD0DB022030B5184B18
:10EC480083B01B6801934FF0000305460C46FFF79D
:10EC580073FFC0B1A088F8B94FF6FF7322889A42B3
:10EC680011D1EB6AA8891B68012B91BF0823DA1D13
:10EC78005B4213406288801AB0FBF3F203FB120078
:10EC8800B0FA80F04009064B1A68019B5A404FF0D1
:10EC9800000303D103B030BD0020F4E713F0E4FE15
:10ECA800D0DB022010B52C4B84B01B6803934FF0C7
:10ECB8000003C36A04461B68012B48D9D91D5B426F
:10ECC80019408AB24FF6FF704FF0000C6368ADF838
:10ECD80004001A44ADF806201B0CA2891B04134437
:10ECE8005B1A072263608DF80A0001A9FF20ADF8BE
:10ECF80008C0FCF7D1FB844601AA082361682046B6
:10ED08008DF80BC0FFF750FFE36AE1891B68012B00
:10ED180091BF0822DA1D5B421A40636803F580330D
:10ED28009B1AB1EB134F4FEA1342636004BFA3EB86
:10ED3800024363601B0C1B04A360074B1A68039B08
:10ED48005A404FF0000305D1002004B010BD08223E
:10ED58001146B7E713F088FED0DB02202DE9F04713
:10ED6800254B84B01B6803934FF00003C36A0C68FB
:10ED78001B68DFF88890012B91BF08275F42073393
:10ED88001F40E41B04EA0906A642054688460C60B3
:10ED980012D32CE0284601A9FFF7CEFE48B1BDF8F2
:10EDA8000630BDF8082006EA090613441E44C8F8D0
:10EDB8000040E41BB4421AD92B68AA8913FA84F1DB
:10EDC800230C03FB0211A86AD0F808C00823DCF85A
:10EDD80000A001AAD0470028DCD0074B1A68039B83
:10EDE8005A404FF0000304D104B0BDE8F08700207A
:10EDF800F3E713F039FE00BFD0DB02200000FFFF6D
:10EE08002DE9F04F1E46244CC36A8DB024680B943C
:10EE18004FF000041B68002E39D005461446894679
:10EE2800C3F1000808F020081FFA81FB4FEA114AD5
:10EE38002968AA89B045594443460AFB021128BFEC
:10EE48003346A86A82680193176803AAB84760B96D
:10EE5800019B002BECD003AAD01801E090420ED001
:10EE680012F8011BA142F9D001200B4B1A680B9B29
:10EE78005A404FF000030CD10DB0BDE8F08FF61AE0
:10EE8800994404D01FFA89FB4FEA194AD0E70020B9
:10EE9800EBE713F0E9FD00BFD0DB022030B5134BE0
:10EEA80083B082891B6801934FF0000303680D0C3F
:10EEB800044602FB0531806A02F0BAF958B9E26AE1
:10EEC8002D0429462046A3895279FFF799FF002887
:10EED80018BF6FF00500054B1A68019B5A404FF0A8
:10EEE800000301D103B030BD13F0BEFDD0DB02201A
:10EEF800F0B50446374B85B01B6803934FF0000309
:10EF0800C36A0D461B680968012B82BFDF1D5B427F
:10EF18001F400368808913FA81F34FEA114101FB0E
:10EF2800003198BF0827A06A83681E680823B04785
:10EF3800064600282CD12B683B442B60A1899AB245
:10EF4800C91B8A4224D1190C09BFE189A3F5803174
:10EF580001F1FF3103EB014129600B0C2168A06A24
:10EF68001144A28903FB0211836801AA1F680823C0
:10EF7800B847B8B9E36A0DF10B0059790DF10303ED
:10EF880013F8012F8A420FD19842F9D163682B6098
:10EF9800104B1A68039B5A404FF0000317D13046B4
:10EFA80005B0F0BD0646F3E7204601A9FFF746FE87
:10EFB80038B12B68BDF806201B0C1B0413442B60CA
:10EFC800E6E729462046FFF7C9FE0646E0E713F0C4
:10EFD8004BFD00BFD0DB02202DE9F04F9A4B99B0D2
:10EFE8001B6817934FF00003C36A45681B682D0C14
:10EFF800012B91BF0826DE1D5B421E402D04C389EC
:10F00800828905F58035B3EB154F08BFA5EB03459D
:10F01800971B03682F4413FA87F13B0C044602FB45
:10F028000311806A0597836807AAD3F8008008232C
:10F03800C047002839DBE36A0DF1230059790DF147
:10F048001B0313F8012F8A423AD19842F9D1D4E927
:10F0580001231E44B24224D34FF6FF76002707222D
:10F068000DA9FF20ADF83630ADF834608DF83A6060
:10F07800ADF83870FCF710FA06460DAA08232046AA
:10F0880061688DF83B60FFF78FFDE36A1B68012B11
:10F0980091BF0822DA1D5B421A4063689B1A6360BD
:10F0A80018B929462046FFF7F9FE674B1A68179BDF
:10F0B8005A404FF0000340F0C48019B0BDE8F08F0B
:10F0C800204607A9FFF7BAFDA7EB0608002800F0BD
:10F0D80094804FEA174BBDF81E304FEA0B4B9B4408
:10F0E800CDF814B005AFB9462046494609AA5F468F
:10F0F8000196FFF7FDFE0028D7D1204609A9FFF7A2
:10F108001BFD80B9B84500F09A804946204609AAF7
:10F11800059FFFF7EDFE0028C7D1204609A9FFF794
:10F128000BFD0028EED06668069604E0069B626830
:10F138009A4213D01E4620460BAA06A9FFF7D8FE0E
:10F148000028B2D1BDF82C20BDF824309A42EDD168
:10F1580020460BA9FFF7F0FC0028E7D0B742D1D131
:10F16800BDF82830002BCDD0A368BDF826A0ADF897
:10F1780026303B0C1B040722FF2009A99A44FCF700
:10F188008BF9E36A8DF82B001B68BDF828605B4299
:10F1980003F0200B002E3DD0CDE902570CE0511EA4
:10F1A800394452420A40A1681144A16000287FF402
:10F1B8007CAFF61BBA442BD02368A28913FA8AF3D2
:10F1C8004FEA1A41B3455F4601FB023128BF374673
:10F1D800A06A82683B4615680FAAA84700287FF4F2
:10F1E80064AF0FAA3B462046A168FFF7DDFCE26A40
:10F1F8001268012AD3D83A46D5E705AF39462046E2
:10F20800FFF7ACFD00287FF450AFDDF814B06AE7D3
:10F21800DDE9025709AA082320466168FFF7C4FC04
:10F22800E36A1B68012B91BF0822DA1D5B421A4072
:10F2380063689B1A636000283FF464AF35E7019E5A
:10F2480005E713F011FC00BFD0DB02202DE9F04FD9
:10F258009D4B8FB01B680D934FF00003044600F1DF
:10F268001409484611F080FCA06A8368DB68984757
:10F27800E062002800F04782A06A8368DB6898474C
:10F288000368013B1F2B00F22482A06A21680AAAA6
:10F2980007F0D0FA002840F03082A389002B00F054
:10F2A8000A820B9AB3FBF2F102FB1133002B40F0F8
:10F2B8000282E289012A40F20682E26A05935679BF
:10F2C8004FF0FF334FF0FF32484611F069FCE36A14
:10F2D8001B68012B82BF03F107085B4208EA030899
:10F2E800E38998BF4FF00808002B00F082814FF0A7
:10F2F800000A57461FFA88FBA5893B04A5EB0B05B6
:10F3080013FA85F532460823294620460595FFF766
:10F3180077FDC8B1E38905F58031B3EB114F4FEAAA
:10F32800114205910AF1010A08BFA1EB02414FF011
:10F3380008033246204608BF05911FFA8AFAFFF7EC
:10F348005FFD002800F00F81E3890137BFB29F42BB
:10F35800D2D39A4500F04D819F4200F03281204679
:10F3680005A9FFF7FBFC8246002840F0ED80059BCD
:10F378001F0C3F04BB426360A7601ED30DF11F053D
:10F388002168A289180C11FA83F100FB0211A06A06
:10F3980082680823D2F800B006AAD8470246002897
:10F3A80040F0F8800DF1170313F8012FB2427BD11A
:10F3B8009D42F9D167683F0C3F04E38907F5803126
:10F3C800B3EB114F4FEA11420591204608BFA1EB5C
:10F3D8000241A389324608BF0591FFF711FD051EBA
:10F3E800C0F2EA80636800F0C080A28908EB0305D8
:10F3F800ABB2A2EB08018B42059580F0D2804FF6A4
:10F40800FF7608E0A2894544ABB2A2EB08018B4223
:10F41800059580F0C6802168A06A0B44290C02FB80
:10F428000131836808AA1F680823B84702460028E4
:10F4380040F0B080204608A9FFF77EFB0028E1D005
:10F44800BDF82030B342DDD1BDF82430002BD9D12E
:10F4580003211E4A1E4801F019F86168E289090C67
:10F46800090401F58031B2EB114F05914FEA1143C0
:10F4780002D1A1EB034105912046FFF70FFD02469B
:10F48800002A40F08780A28961684FEA48080B4645
:10F49800A2EB08029BB293424FF6FF7100F0CD80B9
:10F4A800484611F00BFC32E0204606A9FFF744FB62
:10F4B80080B9D4E90132A3EB080393426360BFF437
:10F4C8005FAF1F0C3F0478E7D0DB02204C7B0200C3
:10F4D800186A0200E36AA7601B68BDF81C10BDF833
:10F4E8001A20012B0A4403D9013A1A445B421A40F4
:10F4F80063683A449A42A260DDD10029DBD06FF0FC
:10F508001C05484611F0DAFB002D40F0048101216A
:10F51800E389A2892174032100928048804A01F07E
:10F528001FF8636899B200917E4A03217B481B0C3F
:10F5380001F016F8A36898B2009003217A4A774838
:10F548001B0C01F00DF802E0484611F0B7FB774BB1
:10F558001A680D9B5A404FF0000340F0DA8050467D
:10F568000FB0BDE8F08FE389F3E6A16899420AD3AA
:10F57800B5E06368194651D0E16AA068096801449A
:10F588009942A1607ED2324620465B1AFFF738FCCA
:10F59800021EEEDA0392484611F090FB039A924657
:10F5A800D5E70321624A5D4800F070FF2046616894
:10F5B800FFF774FC054610B3484611F07FFBAA46D6
:10F5C800C5E7059D082332462046A5EB0801FFF74D
:10F5D80017FC00287FF4C3AEE38905F58035B3EB4B
:10F5E800154F4FEA1542059504BFA5EB0245059551
:10F5F800B5E6484611F062FB6FF02C0AA7E763688E
:10F608004C4AA18913400B44A3EB48031A40C4E9B0
:10F6180001322046FFF7E0FC024631E7A28903EBFE
:10F62800480082424FEA48087FF431AFA0681D0CB9
:10F638002D0485423FF42BAF30E00023A268ADF8DB
:10F6480020108DF82610ADF8222008A90722FF20E7
:10F65800ADF82430FBF720FF054608AA082320460A
:10F6680061688DF82750FFF79FFAE36A05461B6823
:10F67800012B91BF0823DA1D5B4213406268D21A3E
:10F6880062603EE7A58903EB480085424FEA4808D7
:10F6980080D1180C000488423FF47CAF19462046FC
:10F6A800FFF7FCFB0546002886D16368A289190C80
:10F6B8000904A160ECE601211F4A184800F0E6FEA3
:10F6C8006FF0150A43E701211C4A144800F0DEFEDA
:10F6D800F6E701211A4A114800F0D8FEF0E7A2899E
:10F6E80003EB480090424FEA48087FF4D1AE180C6B
:10F6F800000481423FF4CCAED0E70121114A07480B
:10F7080000F0C4FEDCE701210F4A044800F0BEFE09
:10F71800D6E713F0A9F9AA4619E700BF186A02004C
:10F728000C7B0200247B0200387B0200D0DB022025
:10F73800E47A02000000FFFFAC7A0200C07A0200FF
:10F74800747A0200947A0200507A02002DE9F04F90
:10F758001F46994C037C95B0246813944FF000041D
:10F76800002B00F01E81C36A0E4619680546012960
:10F77800904640F29A804842CA1D7B1E02EA000960
:10F788000B4403EA000B4FEA8900A989091AB94218
:10F79800C0F08180002F7BD12B46D5F804A05546B8
:10F7A800CDF818A09A4604E0069DDAF80430AB427A
:10F7B80074D0504607AA06A9FFF79AFB044600280A
:10F7C8005AD1BDF81C30B342EED1504607A9FFF715
:10F7D800B3F90028E8D05346BDF82010AA461D46C4
:10F7E800BDF81E30002F6AD1002945D0BBF1000FAB
:10F7F80060D105F1140A4FF0FF3350464FF0FF3245
:10F8080011F0CEF9EB898BB99CE02846FFF74AFA4C
:10F81800002840F092802846FFF7DEFB002840F0E1
:10F828008C80EB890134A34200F08C80D5E901215A
:10F8380001EB0B039A42E8D3FF2342468DF82A30A6
:10F8480028463B46ADF82460ADF82610ADF8287080
:10F85800FFF7AAF9EB6A04461A68012A40F2968073
:10F868007B1E134452421340AA681A44AA60002C13
:10F878006ED0504611F022FA4F4B1A68139B5A402B
:10F888004FF0000340F09580204615B0BDE8F08F9A
:10F89800B8F1000F80D16FF01504EDE75546002F41
:10F8A800EAD0BBF1000F05D1A3E7BB4620204FF0FB
:10F8B80008096AE70BEB09031FFA83FB99E7B942CA
:10F8C80094D1E96A4FEA1A4A09684FEA0A4A494252
:10F8D8009A4401F02003CDE901B9039699463E46C2
:10F8E800CDF8108005970BE05A4640460BA916F054
:10F8F80012FC00284CD1B6EB0B06DA44D844BBD036
:10F908002B68AA8913FA8AF34FEA1A41B145CB4604
:10F9180001FB023128BFB346A86A82685B461768B4
:10F928000BAAB8470028DFD0059FDDE901B9DDE95A
:10F9380003683FF75BAF04469EE70446504611F064
:10F94800BDF999E76FF01B04504611F0B7F993E73A
:10F95800072209A9FF20FBF79FFD044609AA0823EF
:10F96800284669688DF82B40FFF71EF9EB6A0446B4
:10F978001B68012B91BF0822DA1D5B421A406B6895
:10F98800002808BF3C469B1A6B6072E73B466BE752
:10F99800059FDDE901B9DDE90368BBF1000F89D1F5
:10F9A80027E70121054A064800F070FD6FF00C04B6
:10F9B80062E713F059F800BFD0DB02203C7A02005E
:10F9C800186A02002DE9F0479846404C037C84B041
:10F9D800246803944FF00004BDF83070002B6BD0FE
:10F9E800C36A91461A688246012A0D465FD9D31D1B
:10F9F800524213405B00BAF80C20D31A434558D33F
:10FA0800DAF804600024009607E0009BDAF8042086
:10FA18009A4219D0BC422CD81E466946504601AAC3
:10FA2800FFF766FAD8B9BDF80430AB42EDD15046BD
:10FA380001A9FFF781F80028E7D0009BDAF8042035
:10FA480001349A42A4B2E5D1BDF80430AB4204D1E6
:10FA5800BDF808300BB1BC4211D26FF001001B4B4E
:10FA68001A68039B5A404FF000032DD104B0BDE83B
:10FA7800F0879342E8D0BDF80830002BEDD0DAF8D3
:10FA88000020BDF80610360C1144BAF80C20DAF83C
:10FA9800280006FB02118468434528BF43464A46AE
:10FAA8002468A0470028DAD1BDF80800D7E710235A
:10FAB800A1E76FF01500D2E705480121054A00F0DB
:10FAC800E5FC6FF00C00CAE712F0CEFFD0DB022095
:10FAD800186A02003C7A020010B50024DFF82CC036
:10FAE80084B0DCF800C0CDF80CC04FF0000C0094D6
:10FAF800FFF768FF054B1A68039B5A404FF0000355
:10FB080001D104B010BD12F0AFFF00BFD0DB02205E
:10FB180000B5094B83B01B6801934FF00003064BF7
:10FB28001A68019B5A404FF0000303D1002003B02C
:10FB38005DF804FB12F098FFD0DB022000B50A4BF9
:10FB480083B01B6801934FF00003074B1A68019BB1
:10FB58005A404FF0000304D103B05DF804EB07F0FE
:10FB680039BF12F081FF00BFD0DB02202DE9F0473A
:10FB78001C4B82B01B6801934FF00003054680467A
:10FB880010B30127184E95FAA5F3B3FA83F306EBE1
:10FB9800031A9AF80C1007FA03F26FEA020925EA29
:10FBA80002051C0171B133591B6913B150469847BE
:10FBB80040B933195B6804225046196808EA0908F5
:10FBC80000F012FC002DDED1064B1A68019B5A404A
:10FBD8004FF0000303D1404602B0BDE8F08712F0B1
:10FBE80043FF00BFD0DB0220B86A020000B50A4B11
:10FBF80083B01B6801934FF00003074B1A68019B01
:10FC08005A404FF0000305D1044803B05DF804EBF7
:10FC180011F0B0B912F028FFD0DB0220C4CC0020CC
:10FC280030B5164B8BB00022154916481B6809934E
:10FC38004FF0000313F050FA0020002100240E2595
:10FC4800CDE906014FF44072CDE90354CDE90144F2
:10FC58000D4B0E4900940E4811F074FE0D490C48E6
:10FC680011F092FD054B1A68099B5A404FF00003AA
:10FC780002D120460BB030BD12F0F6FED0DB0220D8
:10FC8800F5FB000068DE0020090101009005022054
:10FC9800A8CD00206C7B020000B5104B83B01B6818
:10FCA80001934FF0000303785B070AD500200B4B44
:10FCB8001A68019B5A404FF000030DD103B05DF85C
:10FCC80004FB03684288C3F34A2000EB1210173084
:10FCD80020F007008008EAE712F0C6FED0DB022019
:10FCE8002DE9F04F334A83B0126801924FF00002B9
:10FCF80081468846304BD3E8EF5F6A1CC3E8E12FA2
:10FD08000029F8D1002D46D12C4C2D4FBC4242D2AF
:10FD1800013F3F1B3F092E464FF0010A10340137BF
:10FD28000AE058469847C0B10AFA06F31D4301365F
:10FD3800BE4204F110041CD014F8043C002BF6D089
:10FD480054F8103CA4F1100BDA681AB158469047E1
:10FD580054F8103C1B69002BE3D154F80C3C58466E
:10FD680004221968013600F03FFBBE4204F110047A
:10FD7800E2D1B9F1000F0FD06DB12846FFF7F6FEBA
:10FD88000546B8F1000FF7D04FF4A470002112F027
:10FD980077FC002DF1D10025064B1A68019B5A40CB
:10FDA8004FF0000303D1284603B0BDE8F08F12F0EE
:10FDB8005BFE00BFD0DB0220F0E60120B86A02003B
:10FDC800D86A020000B5144A83B0126801924FF055
:10FDD8000002124BD3E8EF1F0131C3E8E21F002AEB
:10FDE800F8D10F4BD3E8EF1F0139C3E8E21F002A0F
:10FDF800F8D10C4813F0E0F9074B1A68019B5A40F8
:10FE08004FF0000305D1084803B05DF804EB11F08A
:10FE1800B1B812F029FE00BFD0DB0220E8E60120CD
:10FE2800ECE6012068DE0020C4CC002000B50A4BB7
:10FE380083B01B6801934FF00003084B53F8200070
:10FE4800054B1A68019B5A404FF0000302D103B0DA
:10FE58005DF804FB12F008FED0DB0220887B02006C
:10FE6800002370B5124882B0006801904FF000007E
:10FE7800104E1148114A1249124C134D06604FF4A6
:10FE880000400B6013602B7000F074FF20460F4990
:10FE9800FDF718FF0E4B1C60054B1A68019B5A4072
:10FEA8004FF0000301D102B070BD12F0DDFD00BFBC
:10FEB800D0DB022045FB000084C90020ECE60120CD
:10FEC800E8E60120B4CB002047F50120747B02004E
:10FED800E0E6012070B5144982B00022096801915A
:10FEE8004FF00001114BD3E8EF6FC3E8E12F002971
:10FEF800F9D10F4C0F4DAC420BD263685B792BB133
:10FF080023685B6813B13146204698471034AC42E9
:10FF1800F3D3054B1A68019B5A404FF0000301D1F7
:10FF280002B070BD12F0A0FDD0DB0220E8E601208F
:10FF3800B86A0200D86A020070B5384B82B03848F7
:10FF48001B6801934FF00003FDF7E0FFE0B10546A1
:10FF5800344BD3E8EF1F0139C3E8E21F002AF8D178
:10FF6800314C324EB4420AD263685B7923B12368BC
:10FF7800294620461B6898471034B442F4D32C4BCA
:10FF880029461868FEF742F82A4B1B68002B15DC37
:10FF9800294CD4E9002512F57A7245F10005C4E927
:10FFA80000251E4B1A68019B5A404FF0000332D1BE
:10FFB8001B4802B0BDE87040FEF78AB812F02AFF6D
:10FFC80040F2E93C4FEA401E4E01BEEB000E46EA05
:10FFD800D06666EB01064FEA8E0318184FEA8603CF
:10FFE80043EA9E7341EB0301CB0043EA5073124C82
:08FFF800C0F3103141EA43415E
:020000021000EC
:10000000D4E90025DB0B891A63EB0503614573F125
:100010000003C4D3FFF762FFD4E90025BFE712F065
:1000200027FD00BFD0DB0220B4CB0020ECE601208E
:10003000B86A0200D86A0200E0E60120E8E6012082
:1000400060DE002010B5294A84B0126803924FF098
:100050000002274BD3E8EF2F511CC3E8E01F002814
:10006000F8D1244B1B7873B9234B1B6813B182B3AF
:10007000092A1ED01D4B1A68039B5A404FF00003FB
:1000800032D104B010BDEFF31184202383F3128822
:10009000BFF36F8F194B1B7823B984F31188BFF31B
:1000A0006F8FE7E7FFF74CFF84F31188BFF36F8F83
:1000B000E0E7134813F084F80C4B1A68039B5A408E
:1000C0004FF0000310D10F4804B0BDE8104010F00D
:1000D00055BF002000214FF40042CDE9000100236C
:1000E000074813F01FF8C5E712F0C2FCD0DB02206E
:1000F000ECE6012047F50120E4E6012046F5012069
:1001000068DE0020C4CC002000212DE9F04F2A4BEE
:1001100083B008461B6801934FF00003FFF7E4FD2E
:10012000064600283ED14FF0FF384FF0FF3912F05D
:10013000EFFA224B186018B1214B1B68092B36DCF3
:100140000024204FDFF880B0204DDFF884A03EB9B6
:100150003B7893B1FFF7F4FE78B10446002EF7D058
:100160003046FFF707FD06460028F1D14FF0FF3873
:100170004FF0FF393B78002BECD164B1AB450AD28C
:10018000114C23689B691BB10022204611469847F9
:100190001034AC42F5D342464B46504610F026FF91
:1001A0000024D4E740F267684FF00009BFE7084831
:1001B00010F0E4FEC4E700BFD0DB0220E4E601203B
:1001C000ECE6012046F50120B86A0200D86A020078
:1001D000C4CC002070B5174E174B317882B01B6825
:1001E00001934FF0000341B1134B1A68019B5A4031
:1001F0004FF000031CD102B070BD104D104C012017
:10020000FFF772FDAC4209D263685B791BB12368CA
:1002100020469B6898471034AC42F5D3094C2378AC
:100220001BB1FFF78DFE0028F9D101233370DBE706
:1002300012F01EFC47F50120D0DB0220D86A020034
:10024000B86A020046F5012010B50D4B0D4C82B086
:100250001B6801934FF00003237853B101232370EF
:10026000074B1A68019B5A404FF0000305D102B0BA
:1002700010BD054810F082FEF0E712F0F9FB00BF58
:10028000D0DB022046F50120C4CC002000B5154A81
:1002900083B0126801924FF00002134BD3E8EF1FB6
:1002A0000131C3E8E21F002AF8D178B90F4812F0F3
:1002B00087FF0C4B1A68019B5A404FF000030ED188
:1002C0000B4803B05DF804EB10F058BE094BD3E8BF
:1002D000EF1F0139C3E8E21F002AE7D0F7E712F069
:1002E000C7FB00BFD0DB0220E8E6012068DE00206B
:1002F000C4CC0020ECE6012000B50C4B83B01B6899
:1003000001934FF00003094B1A68019B5A404FF0CC
:10031000000308D1014600220023054803B05DF820
:1003200004EBFDF707BD12F0A3FB00BFD0DB0220FA
:10033000B4CB002010B50F4B0F4A82B01B68126877
:1003400001924FF000020446984703462146A360FD
:100350000A48FDF795FD084B1A68019B5A404FF07B
:10036000000304D102B0BDE81040FFF76BBE12F0ED
:100370007FFB00BF84C90020D0DB0220B4CB00206B
:1003800000B5094B83B01B6801934FF00003064B87
:100390001A68019B5A404FF0000303D1002003B0BC
:1003A0005DF804FB12F064FBD0DB022000B50D48C1
:1003B00083B0006801904FF000000B4A0B4B9B1A72
:1003C000B1EBD30F074B2CBF002052F831001A6855
:1003D000019B5A404FF0000302D103B05DF804FBCB
:1003E00012F046FBD0DB0220C0690200B86A0200AE
:1003F0004FF0010C00B5114B83B01B6801934FF017
:1004000000030F4BD0F804E0C31A1B1163448EF8AD
:10041000043043689A7143681960436883F805C0E3
:10042000064B1A68019B5A404FF0000304D103B0F9
:100430005DF804EBFFF708BF12F01AFBD0DB0220D7
:10044000B86A020030B51446114B83B01B680193A3
:100450004FF00003926863680D469B1A8B4212D3DB
:100460000146206810442A4615F069FE2846A36814
:100470002B44A360064B1A68019B5A404FF00003BF
:1004800004D103B030BD6FF01B00F3E712F0F0FAB7
:10049000D0DB022070B5184B82B0054606201B68E1
:1004A00001934FF000030C461646FFF725FFA8B155
:1004B0000222A10101F4E07141F48051C0E900156C
:1004C0000D4B466102611A68019B5A404FF00003D0
:1004D00010D102B0BDE87040FFF72CBF064B1A6880
:1004E000019B5A404FF0000304D102B0BDE87040B8
:1004F000FFF7CCBE12F0BCFAD0DB0220F0B5194CED
:1005000083B005460820246801944FF00004174684
:100510000C461E46FFF7F0FEB0B10323A10101F423
:10052000E071036141F4C0510E4B47610160866187
:1005300045601A68019B5A404FF0000310D103B088
:10054000BDE8F040FFF7F6BE064B1A68019B5A4023
:100550004FF0000304D103B0BDE8F040FFF796BEB2
:1005600012F086FAD0DB02202DE9F04105461A4848
:1005700082B0006801904FF0000008200C469046C1
:100580001F46089EFFF7B8FEB8B10423A401C0E9D6
:10059000058704F4E074036144F400540E4B0460D6
:1005A000C66145601A68019B5A404FF0000310D1A4
:1005B00002B0BDE8F041FFF7BDBE074B1A68019BD2
:1005C0005A404FF0000304D102B0BDE8F041FFF7FC
:1005D0005DBE12F04DFA00BFD0DB02202DE9F04FD6
:1005E0008DB0494C04AFC1F34A252468FC614FF03B
:1005F000000482460C4698464FEA115B9DB37D602D
:100600009146294600220425C7E902223A61029553
:1006100007F1140501950A254846009507F10803DE
:10062000FBF7EAFBB0F5006F05464FF0000240D340
:100630006C468AB0D9F804C004AB40F2FF76184685
:100640004FF400753149DE61C3E9051C30491D8452
:1006500040F8101F4FF41251134602462D48FFF781
:10066000BDFFA5461AE00BF1170020F00700800837
:10067000FFF742FE064600283FD0B8F1000F06D033
:1006800006F110005A464146284415F058FD65F31E
:1006900053243046C6E9004AFFF74CFE1A4B1A684D
:1006A000FB695A404FF000032BD12437BD46BDE80B
:1006B000F08F0BF11700284420F007008008FFF7A7
:1006C0001BFE0646C8B10022C7E9035206F110021C
:1006D000BA6004227968029207F1140201920A2298
:1006E0004846009207F108030B4AC5F30A05FBF7D9
:1006F00083FBB8F1000FC3D1C9E70020FFF7C6FDA7
:10070000CCE712F0B5F900BFD0DB0220A87B0200D5
:1007100004000001206A02004504010000B50D4BF1
:10072000406883B01B6801934FF0000368B10A4B27
:10073000C01A40F3CF00074B1A68019B5A404FF094
:10074000000305D103B05DF804FB4FF0FF30F2E782
:1007500012F08EF9D0DB0220C06902002DE9F043CF
:100760001A4B83B01B6801934FF000034B68CA68B3
:100770001C680D469442064613D0D3E8EF2F511C57
:10078000C3E8E01F0028F8D1AB689E540F4B1A68ED
:10079000019B5A404FF0000315D1002003B0BDE883
:1007A000F0830F68D1F80890D3F804803CB1484634
:1007B00021464246B847241A8144F8D16B6800228A
:1007C0001A606B68D9E712F053F900BFD0DB022042
:1007D00030B50F4B83B00A281B6801934FF000031C
:1007E00004460D460DD029462046FFF7B7FF084BBB
:1007F0001A68019B5A404FF0000306D1002003B055
:1008000030BD0D20FFF7AAFFEDE712F031F900BF70
:10081000D0DB022010B50024DFF82CC084B0DCF857
:1008200000C0CDF80CC04FF0000C0094FBF7F0FFB7
:10083000054B1A68039B5A404FF0000301D104B0E6
:1008400010BD12F015F900BFD0DB02200EB410B5B8
:10085000002485B00D4A07AB126803924FF00002E6
:1008600053F8042B0146009409480293FBF7D0FF8C
:10087000064B1A68039B5A404FF0000304D105B0A1
:10088000BDE8104003B0704712F0F2F8D0DB022050
:100890005D0701002DE9F04F8FB09DF864C01D4643
:1008A000DDE91A976346984CCDF820C024680D9472
:1008B0004FF000041C9C05941D9C06940446002BDC
:1008C00040F0D780012D28D0B9F1000F2AD08F48F1
:1008D0004B4622468E49FBF70DFA059B2BBBD4E90C
:1008E00000831D68A6685F6855B13B464746984639
:1008F000304629464246B8472D1A0644F8D1636867
:1009000000221A60804B1A680D9B5A404FF000037A
:1009100040F08D810FB0BDE8F08FB9F1000F01D02C
:100920007C48D5E7059B002BD9D04FF0000A069BE9
:10093000DFF8E49103F01003784E0793059D079BC1
:10094000102D28BF10253BB9069B9A0640F18C80DC
:1009500020467349FFF77AFFBAF1000FC8BF4FF086
:10096000000807DD3146204608F10108FFF76EFF59
:10097000D045F7D120466B493A78FFF767FF4FF033
:10098000010BDFF8A4810AE05D4511D841462046FD
:100990000BF1010BFFF75AFFBBF1100F13D01BF047
:1009A000070FF1D131462046FFF750FF5D45EDD9E5
:1009B00017F80B2020465B490BF1010BFFF746FFB0
:1009C000BBF1100FEBD120465849FFF73FFF4FF026
:1009D000000B3A46DFF858811278414619F8023088
:1009E000204613F0970F08BF2E220BF1010BFFF7E3
:1009F0002DFFBBF1100F0DD01BF0070F2BD05D4565
:100A00002FD8314620460BF1010BFFF71FFFBBF13A
:100A1000100FF1D1059B2F445B1B05938ED1089BD2
:100A2000002B3FF45CAF069B03F001030993099B85
:100A300023B120463F4A4049FFF708FF079B002BA0
:100A40007FF44DAF069B20469B064CBF34493B4983
:100A5000FFF7FCFE43E731462046FFF7F7FE5D4512
:100A6000CFD907EB0B02B7E720463449FFF7EEFE7C
:100A700072E716468A46FFF783FC069B03F00102E5
:100A800003F00208099203F0080203F4807307924E
:100A90000A930246002859D020462949FFF7D6FE7E
:100AA0008346B8F1000F55D1099B5BB1254B089ADD
:100AB000204653F822201F4B1F49002A08BF1A4620
:100AC000FFF7C4FE0A9B002B00F08680079B002BDB
:100AD00040F097802EB1324620461B49FFF7B6FE04
:100AE0008344B9F1000F05D04B4622460849094816
:100AF000FBF700F9059B002B40F08E80069B03F06E
:100B00001003079393E700BFD0DB0220D107010059
:100B1000150801005D070100659C0200247C0200AD
:100B2000AC8F0200307C0200387C02003C7C02006A
:100B3000407C0200E87B0200E49302001490020073
:100B4000F07B02008C7C02001C7C02008346B8F122
:100B5000000FA9D0069B13F0440F5FD0354BD3F89C
:100B600000E0BEF1000F9FD0334B344A1B68204693
:100B7000BAFBF3F3B3FBFEFCA2FB0C824FF47A78D2
:100B80000EFB1C3308FB03F84FF46163CDF82C8097
:100B9000B8FBFEF84FEAD22A03FB1ACA284BCDF85D
:100BA0000480A3FB0AC35B09C3EB031CAAEB8C0CF8
:100BB000CDF800C0DDF82CC022490EFB18CC4FF454
:100BC0007A7808FB0CFCBCFBFEFCD20ACDF808C00E
:100BD000FFF73CFE834467E7079B9BB9DDF81C8069
:100BE0002EB1324620461849FFF730FE8044E5B169
:100BF0002A4620461549FFF729FE00EB08039B44CF
:100C00006FE70025124B089A204653F8222011491D
:100C1000FFF71CFE8046E3E7DA4688E652462046A8
:100C20000D49FFF713FE83443EE7C34459E711F033
:100C30001FFF00BFF8E60120F4E60120C5B3A29132
:100C400089888888007C02001C7C0200287C0200C5
:100C5000A07C0200207C0200F47B02002DE9F0431E
:100C6000054608781D4B89B0C0F3C20908460E88B6
:100C70000C468F681B6807934FF000039046FFF700
:100C80004DFD011EC6F3821621DA002300223946EB
:100C90002846678854F8105BC7F30B17C5F34A2C36
:100CA000944504EB0C0508BF14460092CDE9047886
:100CB000019603950294FFF7EDFD084B1A68079B18
:100CC0005A404FF0000307D109B0BDE8F083484611
:100CD000FFF76CFB0346D9E711F0CAFED0DB022018
:100CE0002DE9F04342F20F730C4607461F48A3421A
:100CF00085B028BF2346006803904FF0000005210F
:100D00001B4A01A83D68FBF76BFB0B2604467B687A
:100D1000DFF86080D3F80490404631464A46A84741
:100D2000361A8044F8D17B685E6854B10DF104082E
:100D3000404621463246A847241A8044F8D17B68B1
:100D40005E681B240C4F384621463246A847241AB9
:100D50000744F8D1054B1A68039B5A404FF0000333
:100D600002D105B0BDE8F08311F082FED0DB022095
:100D7000AC700200607C0200447C020000B5124AA4
:100D8000124B83B090421B6801934FF0000388BF61
:100D9000012312D9400890424FEA4303FAD80C4A83
:100DA00013600C4B1860094B1A68019B5A404FF0B6
:100DB000000306D103B05DF804FB0122044B1A6066
:100DC000EFE711F055FE00BF40420F00D0DB0220DC
:100DD000F4E60120F8E601202DE9F041104B82B045
:100DE0001B6801934FF00003884659B10D4E45181A
:100DF000B768441E013D14F8011F30467B689847D0
:100E0000AC42F8D1064B1A68019B5A404FF00003E0
:100E100003D1404602B0BDE8F08111F029FE00BFC9
:100E2000D0DB02206C67020000B50B4B83B01B685F
:100E300001934FF0000343681B685B689961064BA0
:100E40001A68019B5A404FF0000303D1002003B001
:100E50005DF804FB11F00CFED0DB022000B50B4B5B
:100E600083B01B6801934FF0000343681B681A6846
:100E700052685360054B1A68019B5A404FF00003BB
:100E800002D103B05DF804FB11F0F2FDD0DB0220CB
:100E900001212DE9F041154B82B01B6801934FF001
:100EA000000343681B685A681177D3F80080D8E9BB
:100EB00000731C68D8F808505E6844B12846214683
:100EC0003246B847241A0544F8D1D8F80430002235
:100ED0001A60064B1A68019B5A404FF0000302D17A
:100EE00002B0BDE8F08111F0C3FD00BFD0DB0220ED
:100EF00000B50B4B83B01B6801934FF00003084B08
:100F00001A68019B5A404FF0000307D143681B68E1
:100F1000186803B05DF804EBFFF7E2BE11F0A8FD1E
:100F2000D0DB022030B50F4B83B01B6801934FF02C
:100F3000000343680C461D686B689869FEF77AFFEA
:100F4000084A1168019A51404FF0000207D1034648
:100F50000F222146286803B0BDE83040184711F041
:100F600087FD00BFD0DB022000B50A4B83B01B68B1
:100F700001934FF00003084B0360064B1A68019B76
:100F80005A404FF0000303D1002003B05DF804FB8A
:100F900011F06EFDD0DB0220087D020070B51F4B02
:100FA00082B01B6801934FF0000388B30D4679B3FC
:100FB000164600212022044615F0CEF8288811227A
:100FC000022102F0E3F80028E0601CDB32462946EB
:100FD00002F05AF9002813DBD4E90230012144F869
:100FE0003300002004EBC3020B449180A3600B4B41
:100FF0001A68019B5A404FF000030CD102B070BD3B
:10100000E06802F00BF901F093FC00684042EEE763
:101010006FF00D00EBE711F02BFD00BFD0DB0220DD
:101020002DE9F04104469CB06D4B0E46154600215B
:10103000302203A81B681B934FF0000315F08CF8B7
:10104000002C00F0C180002D00F0BE809DF80C3017
:1010500023F03F0343F01B038DF80C3011F0DEFE4C
:101060004FEA401E4FEA411CBEEB000E4CEAD06C2A
:101070006CEB010C4FEA4E274FEA4C2C3F184CEA20
:10108000DE5C41EB0C0E4FEA8E184FEA871CBCEB7E
:10109000070C48EA976868EB0E081CEB000C41EB64
:1010A00008011CF5804C41F100014FEADC3C4CEAA0
:1010B000414000234B4AC90BF7F7DAFC41F2C6075F
:1010C000034607FB02F2A26112BA0E921F0E1A0229
:1010D00047EA012702F47F023A4342EA0362C4E985
:1010E00004311B0A03F47F431343E0680D93002788
:1010F00030223B46CDE9007703A902F005F900282C
:1011000045DB394630220FA815F026F8A168324693
:10111000204602F007FBB8424BDB58D0E068302293
:101120003B46CDE900770FA902F074F9002840DBB7
:10113000302846D1159B216962691BBA974208BFC6
:101140008B423BD1169BA2691BBA934236D19DF8C4
:101150003C3003F00703042B30D19DF83D30002BC9
:1011600038D0DDE9193210BADBB1002219BA914248
:101170000B46A86029606A6016DA1B4B99421DD99C
:101180001A4BCB1862EB02020020C5E90032144B67
:101190001A681B9B5A404FF000031ED11CB0BDE8DB
:1011A000F0815AB11A46A86010495B1842F100025A
:1011B000EAE701F0BDFB00684042E8E76FF0150088
:1011C000E5E76FF07900E2E76FF00D00DFE76FF021
:1011D0007300DCE76FF00F00D9E711F049FC00BFA6
:1011E000D0DB022040420F007F7EAA838081557CA5
:1011F00000B5104B83B01B6801934FF0000360B142
:10120000C0680C4B1A68019B5A404FF000030ED186
:1012100003B05DF804EB02F001B8064B1A68019BBD
:101220005A404FF0000302D103B05DF804FB11F007
:101230001FFC00BFD0DB0220F0B5144B876883B0E1
:101240001B6801934FF00003FB6804460D461646E9
:101250009847BB686BB10D4A1168019A51404FF035
:10126000000211D132462946204603B0BDE8F040C5
:101270001847064B1A68019B5A404FF0000303D1F0
:101280006FF0570003B0F0BD11F0F2FBD0DB02208D
:1012900000B50C4B83B00C481B6801934FF0000362
:1012A000FBF77AF8074B1A68019B5A404FF000038E
:1012B00005D1064803B05DF804EBFBF76DB811F0FB
:1012C000D7FB00BFD0DB0220107D0200487D02006A
:1012D0002DE9F04782B02F4B00AF1B687B604FF0C9
:1012E000000380460C46002936D0D1E90012E946B9
:1012F0008AB06D46A3684FF0050A2E462B62264B36
:10130000C5E906126B6146F810AF002332464FF470
:1013100021512248FFF762F9D4E90312CD466369EF
:10132000AD462B621E4BC5E90612C5F810A06B61D5
:10133000002332464FF421511848FFF74FF9CD46AC
:10134000E3690121174A1548FFF7D8F8A36901217D
:10135000154A1248FFF7D2F8B8F1010F0ED0214616
:1013600040460FF013F80B4B1A687B685A404FF059
:1013700000030CD10837BD46BDE8F087EFF30583C5
:101380000A4A41460548103BFFF7B8F8E7E711F075
:101390006FFB00BFD0DB0220787D0200686A02008C
:1013A000A87D0200D87D0200E87D0200187E0200C0
:1013B00000B50B4B83B01B6801934FF00003084B43
:1013C0001A68019B5A404FF0000306D1014600689D
:1013D00003B05DF804EBFFF77BBF11F049FB00BFE2
:1013E000D0DB022000B50B4B83B01B6801934FF09C
:1013F000000300F011F8074B1A68019B5A404FF0A8
:10140000000304D103B05DF804EB00F009B811F05B
:101410002FFB00BFD0DB022030BFFFF7FDBF00BFB6
:1014200000B5114B114A83B01B6801934FF00003C4
:10143000936893F90E10002907DB5269934204D098
:101440000B4A536843F080535360074B1A68019B63
:101450005A404FF0000304D103B05DF804EB10F0E4
:10146000D1B911F005FB00BFD0DB0220ECF4012064
:1014700000ED00E000B53F4B83B01B6801934FF0D7
:1014800000033D4801213D4AFFF704F83C4B9B6AAD
:10149000980129D43A4B1D209B6AD9012ED4384B90
:1014A0009B6ADA0234D4364B9B6A1B033AD4344B22
:1014B0009B6A590340D4324B9B6A9A0346D4304B03
:1014C0009B6ADB034CD42E4A936A6FEA03436FEAAC
:1014D00013439362274B1A68019B5A404FF0000355
:1014E00045D103B05DF804FB01212348254AFEF7EE
:1014F000D1FF234B1E209B6AD901D0D5224A1E481A
:101500000121FEF7C7FF1E4B1F209B6ADA02CAD5D6
:10151000194801211D4AFEF7BDFF194B02209B6AA5
:101520001B03C4D501211448194AFEF7B3FF144B1D
:1015300021209B6A5903BED5164A0F480121FEF7A8
:10154000A9FF0F4B22209B6A9A03B8D50A480121B4
:10155000114AFEF79FFF0A4B23209B6ADB03B2D59B
:10156000054801210D4AFEF795FF2420ABE711F055
:101570007FFA00BFD0DB0220686A02002C7E0200E6
:1015800000ED00E0447E0200587E0200747E0200FE
:10159000A07E0200C07E0200E87E0200047F0200FE
:1015A00070B5394B82B01B6801934FF000030546BC
:1015B0000C460121354A3648FEF76CFF354B9B6AD5
:1015C000DE044BD41623334A926A10053FD4314EC1
:1015D000B26A910530D42F4A926A500525D42D4A1B
:1015E000916AC9051AD4926A920410D4184600214F
:1015F000284A936A43F47F439362234B21701A680D
:10160000019B5A404FF000033BD102B070BD20480F
:101610000121214AFEF73EFF1C20E8E71C4801217A
:101620001E4AFEF737FF1B20E1E701211C4A18483C
:10163000FEF730FF1A23D2E71A4A01211448FEF7B9
:1016400029FFB36BB26A12040FD41923C3E7012137
:10165000154A0F48FEF71EFF1823B8E70121134A69
:101660000B48FEF717FF1723ADE70121104A084882
:10167000FEF744FF002DE8D0B36A23F40043B362C1
:10168000E3E711F0F5F900BFD0DB0220307F020064
:10169000686A020000ED00E0D87F0200C07F02000F
:1016A000A47F0200707F02005C7F0200487F02007E
:1016B0008C7F020070B53E4B82B01B6801934FF0E7
:1016C000000305460C4601213A4A3B48FEF7E2FE7C
:1016D0003A4B9B6ADB062DD4384B10209B6A1E07C1
:1016E00032D4364EB36A990738D4344B9B6ADE073E
:1016F0003FD4324B9B6A9D0645D4304B9A6AD10643
:1017000058BF9B6A2D4B9A6A920603D55A6A22F4F7
:1017100000525A620021294A936A43F0FF03936200
:10172000234B21701A68019B5A404FF000033DD1B2
:1017300002B070BD20480121214AFEF7ABFE1F4BCD
:1017400011209B6A1E07CCD51C4E01211A481D4A48
:10175000FEF7A0FEB36A12209907C6D51A4A0121E6
:101760001548FEF797FE736BB26A120612D4132067
:10177000BBE711480121154AFEF78CFE0F4B1420E0
:101780009B6A9D06B9D50C480121114AFEF782FEDD
:101790001520B2E701210F4A0748FEF7AFFE002DE2
:1017A000E5D0B36A23F08003B362E0E711F060F99B
:1017B000D0DB022008800200686A020000ED00E031
:1017C000208002005C7F02005480020084800200BE
:1017D000D87F02006C8002002DE9F0478AB07F4B71
:1017E00000AF1B687B624FF000037D4B0026D3F8EF
:1017F0000480C8F3080986F31188BFF36F8F02F0E5
:101800007F43B3F17F4F16D1D407154613D40C464E
:101810005106824634D42A072FD500260022A9F18A
:101820000303FA70092B08D8DFE803F0716B623B01
:101830000707070707353446F0E76A4A6D4618F48C
:10184000F87F8AB0684B694618BF13464FF40070A2
:101850000A468B61A9F11003CB61644B08844B618C
:10186000634B42F8103F00234FF411516148FEF7DB
:10187000B5FEAD464FF0000C3FE004460126CDE733
:1018800001215D4A5B48FEF705FE15F00405C4D151
:1018900054462E46C2E70121584A5648FEF7FAFD43
:1018A000E8E7FFF7E7FD844620686168A268E3681F
:1018B0003D1D0FC5E36920696169A2690FC53B6AD7
:1018C000002E62D0C3F3080240F2FF110AB90B43A5
:1018D0003B626046391DFFF7FBFC404B1A687B6A90
:1018E0005A404FF0000377D12837BD46BDE8F08756
:1018F0000020F91CFFF754FE8446FB78002BECD146
:10190000D2E70020F91CFFF7D5FE8446F5E7012158
:101910003B4A3848FEF7BEFD0023314DFB70EB6AB1
:101920009B0738D4EB6A002B3BDBEB6A13F0804C4F
:10193000BAD00121334A2F48FEF7ACFD6B69A2698A
:1019400043F480736B61BFF34F8FBFF36F8F6B698D
:1019500032F8022C23F480736B61BFF34F8FBFF317
:101960006F8F4DF602739A4221D0AB6ADBB23BBB5C
:10197000AB6A13F47F4F29D1AB6AB3F5803FFFF414
:1019800079AFFFF777FD8446B7E723F4FF7323F0C1
:1019900001033B629DE701211B4A1648FEF77AFDD1
:1019A00068E70121194A1348FEF774FD62E72368CE
:1019B0000121174A0F48FEF7A1FDD4F800C09CE7AB
:1019C0000120F91CFFF776FE844696E70120F91CFA
:1019D000FFF7E6FD844690E711F04AF8D0DB0220DD
:1019E00000ED00E0BC800200A4800200A88102009B
:1019F00004000001686A0200D880020084810200AD
:101A0000FC8002004881020014810200388102003B
:101A10006881020000B50F4B83B01B6801934FF043
:101A200000030D4B5A6942F010025A615A6942F4A0
:101A300080625A615A6922F008025A61054B1A689D
:101A4000019B5A404FF0000302D103B05DF804FB44
:101A500011F00EF8D0DB022000ED00E0EFF308807B
:101A6000EFF3098101B57246FFF7B6FE01BD00BF75
:101A700000B5094B83B01B6801934FF00003064B80
:101A80001A68019B5A404FF0000302D103B05DF881
:101A900004FB10F0EDFF00BFD0DB022000B5094BC6
:101AA00083B01B6801934FF00003064B1A68019B3B
:101AB0005A404FF0000302D103B05DF804FB10F070
:101AC000D7FF00BFD0DB0220002080F31488BFF3D3
:101AD0006F8F002080F30A8880F30B880AF0E4FD02
:101AE00000200E490860BFF34F8F0D4880F308882F
:101AF00000F034F8202080F311880A484FF4006188
:101B0000401880F30988EFF314800221084380F322
:101B10001488BFF36F8F00F0DFF9000094ED00E050
:101B2000D05B022090120220094B82B01B68019307
:101B30004FF00003BFF34F8F0649074BCA6802F40A
:101B4000E0621343CB60BFF34F8F00BFFDE700BFE0
:101B5000D0DB022000ED00E00400FA0500B5204BC8
:101B600083B01B6801934FF0000372B6002383F328
:101B700013881C4AD2F8900010F47F4FC0F307215D
:101B800007D01846C2F8983001339942C2F8A00035
:101B9000F8D100234FF0FF30134903F12002013345
:101BA000102B41F82200F8D100234FF0FF300E49EE
:101BB00003F160020133102B41F82200F8D162B624
:101BC000BFF34F8FBFF36F8F054B1A68019B5A40CD
:101BD0004FF0000302D103B05DF804FB10F048FFA2
:101BE000D0DB022000ED00E000E100E000B5134B87
:101BF000134A9B6883B08342126801924FF000023F
:101C00000BD00F4B1A68019B5A404FF0000312D1C2
:101C100003B05DF804EB10F095BDEFF30583002BE6
:101C2000EFD0084B5A6842F080525A605A6A22F448
:101C300000425A62E5E710F01BFF00BFECF4012000
:101C4000D0DB022000ED00E010B56FF00A04114B6C
:101C500082B01B6801934FF000030F4A0F4993684D
:101C60004FF0000CC3E92B044B6843F080534B60EA
:101C70008CF31188BFF36F8F9368D3F8B000054BD6
:101C80001A68019B5A404FF0000301D102B010BD09
:101C900010F0EEFED0DB0220ECF4012000ED00E0BD
:101CA00030B5184B184A83B01B6801934FF00003FE
:101CB000936883F8B500EFF31183202383F3128830
:101CC000BFF36F8F4FF00065002453690F49936095
:101CD0004D6093F8B52020F0FF00D3F8AC1010430E
:101CE000C3F8AC4081F31188BFF36F8F054B1A68BE
:101CF000019B5A404FF0000301D103B030BD10F0FA
:101D0000B7FE00BFD0DB0220ECF4012000ED00E0C4
:101D100010498A6882F8B5E04FF030001044EFF3C4
:101D2000098C80E8F01F74467046FFF7B9FFA6469D
:101D300008498A68864602F1300090E8F01F8CF36B
:101D4000098802F1000004B500F01EF9BDE8044066
:101D500070470000ECF401201EF0040F0CBFEFF3FD
:101D60000880EFF30980816911F8021C0229FFD075
:101D700001B5FFF71DFB01BD00B50E4B40B283B0AE
:101D800000281B6801934FF0000307DB012300F0DC
:101D90001F01094A40098B4042F82030054B1A6860
:101DA000019B5A404FF0000302D103B05DF804FBE1
:101DB00010F05EFED0DB022000E100E000B5114B28
:101DC00040B283B000281B6801934FF000030CDB86
:101DD00001220D49430900F01F002033824041F8E1
:101DE0002320BFF34F8FBFF36F8F064B1A68019B01
:101DF0005A404FF0000302D103B05DF804FB10F02D
:101E000037FE00BFD0DB022000E100E000B50E4B42
:101E100083B01B6801934FF0000301230B4A410973
:101E200052F8212000F01F00834003EA0200064B15
:101E30001A68019B5A404FF0000302D103B05DF8CD
:101E400004FB10F015FE00BFD0DB022000E100E033
:101E500000B5124B013140B283B0490100281B6824
:101E600001934FF00003C9B20FDB00F1604000F5B1
:101E7000614080F80013094B1A68019B5A404FF0EB
:101E8000000308D103B05DF804FB054B00F00F0020
:101E900003441976EFE710F0EBFD00BFD0DB022022
:101EA000FCEC00E000B50B4B83B01B6801934FF0D6
:101EB0000003084B1A68019B5A404FF0000306D1FB
:101EC0000021012003B05DF804EBFFF701BA10F028
:101ED000CFFD00BFD0DB022000B50E4A0E4B0F49EC
:101EE00083B022F07F02096801914FF000019A60EF
:101EF000BFF34F8FBFF36F8FD3F8882022F47002A7
:101F0000C3F888200EF0B6FB10F086FD00F0FAF85A
:101F10000EF032FC0080000000ED00E0D0DB02207B
:101F200070B517494FF0807682B000254FF43C44DD
:101F3000096801914FF0000142F8203C069B1149CD
:101F400042F81C3C079B21F0010142F8183C089B19
:101F500042F8081C42F8143C42F8046C084B203A42
:101F60000265C0F8AC50C0F8B4401A68019B5A40F2
:101F70004FF0000301D102B070BD10F079FD00BF39
:101F8000D0DB02203DC4000000B50B4B83B01B68C2
:101F900001934FF00003D0F8883083F30B88064B91
:101FA0001A68019B5A404FF0000302D103B05DF85C
:101FB00004FB10F05DFD00BFD0DB022000B50F4B2D
:101FC0000F4D83B02D6801954FF000050E469860C7
:101FD000D0F8883083F30B8815462C4686F30988A1
:101FE0004FF00000074B984720464FF000014FF09C
:101FF00000024FF00003044C204700BFECF4012026
:10200000D0DB02200D2001003DC4000000B50C4BC8
:1020100083B01B6801934FF0000361B662B680F392
:102020001188BFF36F8F064B1A68019B5A404FF01F
:10203000000302D103B05DF804FB10F019FD00BFEE
:10204000D0DB022000B51022094B83B01B6801933E
:102050004FF00003074B1A61054B1A68019B5A4069
:102060004FF0000302D103B05DF804FB10F000FD57
:10207000D0DB022000ED00E000B50F4B83B01B6801
:1020800001934FF0000372B6002383F31188BFF36E
:102090006F8FBFF34F8F30BF62B6BFF36F8F064BAA
:1020A0001A68019B5A404FF0000302D103B05DF85B
:1020B00004FB10F0DDFC00BFD0DB022000B5104BAC
:1020C00083B01B6801934FF0000372B6002383F3C3
:1020D0001188BFF36F8FBFF34F8F20BF80F311883C
:1020E000BFF36F8F62B6064B1A68019B5A404FF0E0
:1020F000000302D103B05DF804FB10F0B9FC00BF8F
:10210000D0DB022000B50D4B83B01B6801934FF06C
:102110000003202000230A49CA180133412B82F80A
:102120000003F9D1054B1A68019B5A404FF0000398
:1021300002D103B05DF804FB10F09AFCD0DB022062
:1021400000E100E000B50F4B83B01B6801934FF036
:102150000003EFF305830C4A103B02EBC30152F876
:10216000330049688847074B1A68019B5A404FF073
:10217000000304D103B05DF804EBFFF751B910F090
:1021800077FC00BFD0DB0220A867020000B50D4B32
:1021900083B01B6801934FF0000340E800F313F491
:1021A000803FD8B2074B08BF6FF015001A68019B3B
:1021B0005A404FF0000302D103B05DF804FB10F069
:1021C00057FC00BFD0DB022010B5124CDFF848C02E
:1021D00084B0234601211148114ADCF800C0CDF833
:1021E0000CC04FF0000C00F07FF900220D4B0121D4
:1021F000E41A6846CDE90034029200F091F9064BEA
:102200001A68039B5A404FF0000301D104B010BD7F
:1022100010F02EFC00000420D0DB0220BC81020064
:1022200080C5002088CD002010B51D4B82B01B68F2
:1022300001934FF000031B4CD4F89030C3F30723F5
:10224000013B984220D891F808C0CB680A6823F077
:102250001F034FEA5C1122F01F0243EA41030CF016
:102260001F0C42EA0C0243F00103C4F89800C4F8C2
:102270009C20C4F8A0300A4B1A68019B5A404FF0CA
:1022800000030AD102B010BD01210346064A0748E7
:10229000FEF734F96FF01500EDE710F0E9FB00BF31
:1022A000D0DB022000ED00E0CC810200486A020091
:1022B00010B51F4B82B01B6801934FF0000303461B
:1022C0001C4C0868D4F8902020F01F0EC2F3072C95
:1022D0000A890CF1FF3C02F01F004A68634502F1D5
:1022E000FF324989724419D801F0070122F01F0218
:1022F00042EA410240EA0E01184642F00102C4F8E7
:102300009830C4F89C10C4F8A020094B1A68019BAF
:102310005A404FF0000309D102B010BD0648012118
:10232000064AFEF7EBF86FF01500EEE710F0A0FBA1
:10233000D0DB022000ED00E0486A0200CC81020000
:102340002DE9F04F634B87B01B6805934FF00003F6
:102350001646A1B104468946002700F104086568C5
:10236000002D00F084801F2D01D9EB0613D0012130
:102370003B46594A5948FEF7C1F86FF01506554BD0
:102380001A68059B5A404FF0000340F0A180304688
:1023900007B0BDE8F08F58F804AC1AF01F0FE6D173
:1023A0005046FFF7F3FE03465544681E1D46FFF7EF
:1023B000EDFE85427FD115F1160F2B467DD0B5423B
:1023C0007BDA474BC3F89850D3F89C00C3F8985079
:1023D00058F8041C6268D3F8A0B020F01F000A442B
:1023E00088424BF01F0B02F1FF3A4FD0C3F89850D0
:1023F000D3F8A020013921F01F0102F01F020A4387
:10240000D3452146F0B2C3F8A02039D0FFF750FFE2
:1024100010F1160FB1D0324B0BF1FF3BC3F89850BF
:10242000D3F89C109DF80C20013061F304028DF864
:102430000C20D3F8A010626858F8043C49081344F3
:10244000019323F01F035B44A3EB0A0323F01F0354
:1024500004939DF80C30C0B261F3471301A98DF8C5
:102460000C30FFF7E1FE10F1160F86D0461C013745
:102470004F4504F10C0408F10C087FF470AF7EE7BF
:10248000FFF716FF10F1160FF0D176E7D3451AD0FB
:10249000C3F89850D3F89C1022F01F0201F01F01DE
:1024A0000A43F0B22146C3F89C20FFF701FF10F168
:1024B000160FDBD161E76FF015030121094A0748C8
:1024C000FEF71CF859E72146E8B2FFF7F1FECEE728
:1024D00010F0CEFAD0DB0220F4810200486A02003C
:1024E00000ED00E01882020010B50B4C0B4B82B0DF
:1024F00022781B6801934FF00003FFF721FF074B81
:1025000020701A68019B5A404FF0000301D102B0BD
:1025100010BD10F0ADFA00BF48F50120D0DB02205D
:102520002DE9F04F2F4B83B01B6801934FF0000350
:1025300000294AD08B4606464FF000082A4CDFF8A7
:10254000ACA02BE015F1160F44F8045C3DD0284BED
:102550001B78AB4239DDCAF89850CAF89850DAF8BF
:102560009C20237A62F304032372DAF8A030227AE3
:102570005B0863F347122272DAF89C3023F01F03E2
:102580002360DAF8A03023F01F03E36008F10108AC
:10259000D84506F10C0604F1140416DA7768002F0A
:1025A000F4D0D6F800904846FFF7F0FD054607EB5B
:1025B00009000138FFF7EAFD8542C3D06FF015022C
:1025C0000C4B08EB880843F82820064B1A68019B3F
:1025D0005A404FF0000302D103B0BDE8F08F10F075
:1025E00047FA00BFD0DB022030E7012000ED00E019
:1025F00048F501202CE70120F0B5604B87B01B683F
:1026000005934FF000035E4D5E4AD5F89030176891
:10261000C3F307239F4200F2AB80BFF35F8F002418
:10262000594BC5F89440C5F8C030002F00F09C808D
:102630005168087ACB680A68460923F01F03C5F879
:10264000984022F01F0200F01F0043EA46030134C5
:10265000024343F00103BC42C5F89C2001F1100184
:10266000C5F8A030E5D1E3B2484F68463B70FEF7AD
:102670007BFC0446002879D000263878444D05E0DC
:10268000B3F5801F60D00136B4422BD0009A3101DF
:1026900002EB061EDEF80C302B40B3F5001F46D0CF
:1026A000B3F5800FECD1DEE901C32CF01F0E013B26
:1026B000734452584FF0020E002123F01F034EEADC
:1026C000411E01A9CDE901C28DF80CE00493FFF78A
:1026D000ABFD002845DB387801360130C0B2B4428A
:1026E0003870D3D1264AD2F89030C3F307239842EA
:1026F0000BDA0021C2F89800C2F8A010D2F890308E
:102700000130C3F307239842F4DB05221C4BC3F8C6
:102710009420BFF34F8FBFF36F8F0020174B1A68C1
:10272000059B5A404FF0000325D107B0F0BDDEE90C
:1027300001C32CF01F0E013B734452584FF0010EA1
:10274000022123F01F03BAE7DEE901C32CF01F0EBC
:10275000013B73444FF0010E525823F01F037146A2
:10276000ADE76FF01500D9E73B467DE73878B9E76C
:102770004FF0FF30D2E710F07BF900BFD0DB022032
:1027800000ED00E03C820200AAFF440048F5012071
:102790000000F0FF00B5094B83B01B6801934FF0B8
:1027A0000003064B1A68019B5A404FF0000303D107
:1027B000002003B05DF804FB10F05AF9D0DB0220D2
:1027C00000B50A4B83B01B6801934FF00003074B21
:1027D0001A68019B5A404FF0000304D14FF0FF30BC
:1027E00003B05DF804FB10F043F900BFD0DB02201A
:1027F00000B50A4B83B01B6801934FF00003084BF0
:102800001860064B1A68019B5A404FF0000302D132
:1028100003B05DF804FB10F02BF900BFD0DB022001
:1028200090C90020F0B5124B83B00F1E1B680193B6
:102830004FF000030FDD7B1E0E4E441EC51814F82A
:10284000010F0A2803D10D20336898472078336898
:102850009847AC42F3D1064B1A68019B5A404FF09F
:10286000000302D1384603B0F0BD10F001F900BFFB
:10287000D0DB022090C9002030B5104B83B01B681C
:1028800001934FF000030E4C0E4D2268C5F100512C
:10289000831801F580218B4238BF2360074B2CBF82
:1028A0004FF0FF3050191A68019B5A404FF0000357
:1028B00001D103B030BD10F0DBF800BFD0DB022047
:1028C00040E70120D4DB022000B50C4B83B01B682D
:1028D00001934FF00003094B1A68019B5A404FF0D7
:1028E000000308D14FF0FF324FF0FF3303B05DF823
:1028F00004EB0EF059B910F0BBF800BFD0DB02209A
:1029000000B50A4B83B01B6801934FF00003074BDF
:102910001A68019B5A404FF0000304D103B05DF8E0
:1029200004EB0EF0CFB910F0A3F800BFD0DB02200B
:1029300000B50A4B83B01B6801934FF00003074BAF
:102940001A68019B5A404FF0000304D103B05DF8B0
:1029500004EB0DF0D9BC10F08BF800BFD0DB0220E7
:1029600010B51F4B88B01B6807934FF0000350B39E
:1029700084468069062826D8DCF810200B2A22D845
:10298000DCF814401749DCF8003002EB4202114435
:1029900004F26C74049300910594DCF80440124B2B
:1029A0000394DCF8084000EB40000294DCF80C4093
:1029B00003441A210D4A0E48019411F0C1FA192856
:1029C00001DC0B4800E00020054B1A68079B5A40C9
:1029D0004FF0000301D108B010BD10F049F800BF5E
:1029E000D0DB022094820200B882020074820200CE
:1029F00044E701202DE9F04F944B83B0D0E9007AF1
:102A0000BAF1000F1B6801934FF000030C46C0F2AF
:102A1000C8808F4A002351463846F6F729F8064603
:102A20008C4D894624220021204605FB067513F0B3
:102A300093FB331D49F100019A0F42EA810222F013
:102A4000404223F040431344834A03EB1173A2FB3B
:102A50000312981A02EB500280499208C2EBC2029C
:102A600016EB0108A3EB020349F10001A361002367
:102A700040467B4AF5F7FCFF40F26D12794F7A49E8
:102A800007FB008740F2F95CDFF8E081BE08A1FB9C
:102A90000631A8FB063607EBD121A1EBD611744E07
:102AA0003B09A6FB0363734EA1EB1311A6FB013692
:102AB0008B08A8FB0383A1EB060806EB5806DFF89A
:102AC000B8E1360AAEFB068EDB09C3EB5E133B446E
:102AD00002FB163300EB400200EBC20003EB830263
:102AE000DFF898E102326245AEFB02E28CBF6FF084
:102AF000080E4FF0030ED20902EBC20C604F0CEB34
:102B00000C1C0CF1020CA7FB0C7C06EB00107244B1
:102B1000A0F26C70022A98BF01305F1CB3F5997F58
:102B200002F1FF32A7EB9C0723D3A3F599734FF46F
:102B30006161C4E90420534AE361A2FB0502D20AA1
:102B400001FB1255504BA260A3FB05235B09C3EBAD
:102B50000312A5EB8205C4E900533C4BE7601A68F9
:102B6000019B5A404FF000036DD1204603B0BDE8F1
:102B7000F08F16F0030F07D0B1F5B67F8CBF0021A0
:102B800001213B330B44D2E7DFF800C10CFB06F612
:102B90000CF1804C0CF1FF3CBCEBB60FECD20121E8
:102BA000EFE73B48002338186AF10001284AF5F79F
:102BB0005FFF06468B4624220021204613F0CCFA04
:102BC0004FF0FF33254A334816EB0208214D4BF1F5
:102BD000000187427AEB0303D94605FB0675BFF671
:102BE00028AF731D4BF1000C9A0F42EA8C0222F0C1
:102BF000404223F04043134403EB1C734FEAEC7C48
:102C00000CF00B00144A0344A2FB0302A3EB020ED8
:102C100002EB5E0292082048C2EBC2022CF0050CC7
:102C20009B1A6344874203F106035AF10E0AA3611B
:102C3000BFF61DAF194800233018094A4BF10001B7
:102C4000F5F716FF18E70FF013FF00BFD0DB0220E7
:102C50008051010080AEFEFF254992246CFA0A00E3
:102C6000B13A02004FC5FDFF7F206B39D97CC659B0
:102C700041D6720061F319671F85EB51D7802BD6BF
:102C8000CDCCCCCCC5B3A29189888888295C8FC271
:102C900081AEFEFF00BAFAFF009EDA86BCBF0800D4
:102CA00030B50F4B83B01B6801934FF000030D4C00
:102CB00004F1B40520460DF05BFF04F11400243448
:102CC0000EF034FDAC42F5D1054B1A68019B5A4019
:102CD0004FF0000302D1002003B030BD0FF0C8FE5A
:102CE000D0DB022060E7012000B50B4B83B01B68EE
:102CF00001934FF00003084BD3F800C0019B93EA07
:102D00000C0C4FF0000304D103B05DF804EB00F0AD
:102D100009BD0FF0ADFE00BFD0DB022000B5DFF82B
:102D200034C083B0DCF800C0CDF804C04FF0000C14
:102D3000DFF820C0DCF800E0DDF804C09CEA0E0EED
:102D40004FF0000C04D103B05DF804EB00F08CBF31
:102D50000FF08EFED0DB022000B50A4B83B01B685B
:102D600001934FF00003074B1A68019B5A404FF044
:102D7000000304D103B05DF804EB00F0CFB90FF00D
:102D800077FE00BFD0DB022000B5DFF834C083B08F
:102D9000DCF800C0CDF804C04FF0000CDFF820C014
:102DA000DCF800E0DDF804C09CEA0E0E4FF0000CE9
:102DB00004D103B05DF804EB00F092B90FF058FEB7
:102DC000D0DB0220F0B5284B83B001281B680193AB
:102DD0004FF000030C4635D004280FD0FFF7A8FDB4
:102DE000162203464FF0FF301A601F4B1A68019BF2
:102DF0005A404FF0000335D103B0F0BD00252F46F7
:102E00002E4610F00BF8194AC0F30E03A3FB023E46
:102E1000C00BDB0BDFF858C043EA4E4340EA4140A9
:102E2000C0191D4446EBD1366545C4E90006A560CE
:102E300006D9013046F10006C4E90006AD1AA560C6
:102E40000020D2E7EFF31182202383F31288BFF32F
:102E50006F8F084B9D68D3E9007682F31188BFF32A
:102E60006F8FCEE70FF004FED0DB022000CA9A3B42
:102E7000FFC99A3BA0DE002030B50D4B83B01B6824
:102E800001934FF000030B4C04F128052046083451
:102E90000EF04CFCAC42F9D1054B1A68019B5A402C
:102EA0004FF0000302D1002003B030BD0FF0E0FD71
:102EB000D0DB022014E8012030B50D4B83B01B6835
:102EC00001934FF000030B4C04F1640520461434C9
:102ED0000DF04EFEAC42F9D1054B1A68019B5A40E9
:102EE0004FF0000302D1002003B030BD0FF0C0FD51
:102EF000D0DB02203CE8012010B5144B144C82B00A
:102F00001B6801934FF000034FF0000C234611485B
:102F100042681146C3F8C00003F1C002F03343F821
:102F20002C1C0A60191BB1F5707F03F808CCF0D98E
:102F3000064B42601A68019B5A404FF0000302D1D1
:102F4000002002B010BD0FF093FD00BFD0DB0220C7
:102F5000B0DE002094C9002000B501220A4B83B0E6
:102F60001B6801934FF00003084BC3F84025064B44
:102F70001A68019B5A404FF0000303D1002003B0B0
:102F80005DF804FB0FF074FDD0DB022000900340DD
:102F900000B5104B83B01B6801934FF000030D4B3D
:102FA00068B11A68019B5A404FF0000310D10A4BD8
:102FB000800143F0010303B05DF804EB18471A6881
:102FC000019B5A404FF0000302D103B05DF804FBAF
:102FD0000FF04EFDD0DB0220406B020000B5DFF8A1
:102FE00054C083B06B46DCF800C0CDF804C04FF08D
:102FF000000C09F031FB022811D003280CD088B155
:103000004FF0FF300B4B1A68019B5A404FF0000302
:103010000ED103B05DF804FB6FF08500F2E76FF0AE
:103020001500EFE70098003818BF01204042E9E79B
:103030000FF01EFDD0DB0220F0B5174B83B01B68EC
:1030400001934FF0000305460C4614488AB283688A
:1030500029461B689847002808DB0F4B1A68019B1C
:103060005A404FF0000314D103B0F0BD002CF4D04F
:103070000026A71B042F28BF042704F0AFFC3A4604
:1030800000906946A8193E4413F059F8B442F0D8AC
:10309000E3E70FF0EDFC00BFD0DB02205867020031
:1030A00000B50C4B83B01B6801934FF000030A4A34
:1030B0000A4B92E8030018609980064B1A68019B3E
:1030C0005A404FF0000302D103B05DF804FB0FF04B
:1030D000CFFC00BFD0DB02204C830200A0E801201F
:1030E00000B5DFF834C083B0DCF800C0CDF804C010
:1030F0004FF0000CDFF820C0DCF800E0DDF804C081
:103100009CEA0E0E4FF0000C04D103B05DF804EB06
:1031100000F052BB0FF0ACFCD0DB022000B50A4B34
:1031200083B01B6801934FF00003074B1A68019BA3
:103130005A404FF0000304D103B05DF804EB00F0F7
:1031400059BB0FF095FC00BFD0DB02200CB4034646
:1031500000B5084683B00C4904AA096801914FF0F4
:10316000000152F8041BDB6800929847064B1A686E
:10317000019B5A404FF0000304D103B05DF804EB0B
:1031800002B070470FF074FCD0DB02202DE9F04153
:103190001F4CDFF88080204B82B044451B680193B0
:1031A0004FF0000322D205460E4617462368AB4275
:1031B00000D0C3B93A4631462846A368984790B133
:1031C000FFF7B6FB00230360134B1A68019B5A40BC
:1031D0004FF000031AD13A4631462846E36802B060
:1031E000BDE8F041184710344445DFD3FFF7A0FB9A
:1031F0006A230360084B1A68019B5A404FF0000392
:1032000004D14FF0FF3002B0BDE8F0810FF030FC88
:10321000B0690200C0690200D0DB022030B5194B52
:1032200085B002AA01A91B6803934FF0000305466D
:10323000F9F782F9E0B1044602984FF0FF324FF0FF
:10324000FF330DF0B1FC019B20469B689847044674
:1032500002980DF037FD2846F9F734FA094B1A6841
:10326000039B5A404FF0000309D1204605B030BD02
:10327000FFF75EFB09234FF0FF340360EEE70FF02A
:10328000F7FB00BFD0DB0220134670B51D4D84B0A4
:103290000C4602AA01A92D6803954FF000051D46B2
:1032A000F9F74AF930B3019B9B69E3B1264604461E
:1032B00002984FF0FF324FF0FF330DF075FC019B89
:1032C0002A46314620469B699847044602980DF0ED
:1032D000F9FC0C4B1A68039B5A404FF000030ED1C7
:1032E000204604B070BDFFF723FB5F2303604FF05F
:1032F000FF34EEE7FFF71CFB09230360F7E70FF04D
:10330000B7FB00BFD0DB02202DE9F0439146204AF5
:1033100087B00D46126805924FF0000203A904AA77
:103320001E460E9FDDF83C80F9F706F948B3039B73
:103330005B6AFBB1044604984FF0FF324FF0FF3355
:103340000DF032FCCDE900782046039C33464A4616
:103350002946646AA047044604980DF0B3FC0C4B60
:103360001A68059B5A404FF000030FD1204607B062
:10337000BDE8F083FFF7DCFA5F2303604FF0FF3412
:10338000EDE7FFF7D5FA09230360F7E70FF070FBCD
:10339000D0DB0220134670B51D4D84B00C4602AA46
:1033A00001A92D6803954FF000051D46F9F7C4F8F3
:1033B00030B3019B5B6BE3B12646044602984FF0A5
:1033C000FF324FF0FF330DF0EFFB019B2A463146F1
:1033D00020465B6B9847044602980DF073FC0C4B3B
:1033E0001A68039B5A404FF000030ED1204604B0E8
:1033F00070BDFFF79DFA5F2303604FF0FF34EEE7E7
:10340000FFF796FA09230360F7E70FF031FB00BFDF
:10341000D0DB02202DE9F0439146204A87B00D46CB
:10342000126805924FF0000203A904AA1E460E9FDF
:10343000DDF83C80F9F780F848B3039B9B6AFBB149
:10344000044604984FF0FF324FF0FF330DF0ACFB11
:10345000CDE900782046039C33464A462946A46AB3
:10346000A047044604980DF02DFC0C4B1A68059BF0
:103470005A404FF000030FD1204607B0BDE8F0835B
:10348000FFF756FA5F2303604FF0FF34EDE7FFF7D5
:103490004FFA09230360F7E70FF0EAFAD0DB0220C6
:1034A0002DE9F04F894606469B489FB000681D9065
:1034B0004FF000000DF1380A08A8984617460FF0A3
:1034C000DFFCDDE90834CDF82CA0CDE90234B9F1F8
:1034D000000F00F0908000214D46CDF81C9034463E
:1034E0008946CDE90516049109E00D980DF0EAFB37
:1034F000BBF1000F33DB013D04F1080442D020682A
:103500000028F8DB0DAA0CA9F9F716F806460028E2
:10351000F1D00D984FF0FF324FF0FF330DF044FB28
:103520001DAB01930BAB00934FF4817223463146E0
:103530000C98FFF70BFE10F1780F834615D010F1B1
:10354000120FD2D1049B002B75D04FF0000B4FF01F
:1035500001090D980DF0B6FBBBF1000FCBDAFFF7B8
:10356000E7F9CBF100030360CEE00027002200233F
:1035700008A80FF085FCDDE90823B846BB46CDE975
:103580000223B2E74A46DDE90516DDF81C9092B346
:10359000B8F1FF3F08BFB7F1FF3F00F0B8804FEA36
:1035A00048127B01DB1B42EAD76262EB0802900003
:1035B00040EA93709B00DA1948EB0003DB0043EA12
:1035C0005273C2F3103242EA4342019233464FF43F
:1035D00082720498CDF80090FFF7B8FD83464E4BF9
:1035E00019681D9B59404FF0000340F093805846E6
:1035F0001FB0BDE8F08FDDE9022308A80FF094FCAE
:10360000089FDDF8248004963A4643464E460B99BF
:103610004248A1EB0A01891000FB01F1504610F06D
:103620008BF800F10B020B2A04460CD9FFF780F946
:103630006442046068E00C9B4FF0000B4FF00109FE
:103640000596049351E7364B134113F00103EDD176
:10365000CDF82CA0002E4BD0994635469B46984677
:10366000049C21E00D984FF0FF324FF0FF330DF036
:103670009BFA0BAB3946009340F2031223460C9899
:10368000FFF764FD07460D980DF01CFB17F10B0FBB
:1036900031D0002F34D1B4F906300BB109F1010952
:1036A000013D04F1080413D02068A4F80680002826
:1036B000F6DB0DAA0CA9F8F73FFF07460028D1D189
:1036C0002023013DE38009F1010904F10804EBD155
:1036D000BBF1000F12D0B9F1000F0FD1DDE90223C9
:1036E00008A80FF021FCDDE9082353EA02018ED17E
:1036F0004FF0000B73E74FF0010BD1E7CB466EE7BD
:10370000FFF716F97B4203604FF0FF3B67E74FF08E
:10371000FF325AE70FF0ACF9D0DB0220CDCCCCCC95
:103720007EF7FFFF30B5164B83B0002A1B6801936C
:103730004FF0000304460D461BDB4FF4004340F2FC
:10374000E7300021C2FB03014FF47A720023F5F742
:10375000DFF902460B460A490868019948404FF0D4
:1037600000010AD12946204603B0BDE83040FFF7EA
:1037700097BE4FF0FF321346EDE70FF079F900BF27
:10378000D0DB022000B50A4B83B01B6801934FF0D9
:103790000003084B1860064B1A68019B5A404FF013
:1037A000000302D103B05DF804FB0FF061F900BF24
:1037B000D0DB0220E0E8012010B50C4C82B0246878
:1037C00001944FF00004094CD4F800C0019C94EA25
:1037D0000C0C4FF0000407D1054C24682468A44663
:1037E00002B0BDE8104060470FF042F9D0DB022084
:1037F000E0E8012000B50B4B83B01B6801934FF04C
:103800000003084B1A68019B5A404FF0000306D191
:10381000054B1B685B6803B05DF804EB18470FF0BD
:1038200027F900BFD0DB0220E0E8012000B5134BF0
:1038300083B01B6801934FF0000303681B689B680B
:1038400073B15B6863B10D4AD2F800C0019A92EA85
:103850000C0C4FF000020ED103B05DF804EB1847DA
:10386000064B1A68019B5A404FF0000303D1002019
:1038700003B05DF804FB0FF0FBF800BFD0DB0220C3
:1038800000B50C4B83B01B6801934FF00003FFF7AA
:1038900007FC00F02FF900F0BBF9064B1A68019BFA
:1038A0005A404FF0000303D1002003B05DF804FB41
:1038B0000FF0DEF8D0DB022030B53E4B83B01B6842
:1038C00001934FF000030368044693F820500C3333
:1038D000D3E8AF3FD90711D40222236883F8202010
:1038E000236893F82020022A16D0324B1A68019BD5
:1038F0005A404FF000035BD103B030BD0368186835
:103900000CF0E2FC48BB0322236883F820202368E4
:1039100093F82020032AE8D1062DE6D10C33D3E812
:10392000EF1F21F48071C3E8E21F002AF7D123685A
:10393000DA69002AD9D15B68002BD6D0DB68002B6E
:10394000D3D01C4A1168019A51404FF000022FD188
:10395000204603B0BDE83040184723680C33D3E855
:10396000AF3F9A05B8D523680C33D3E8AF3F5B056A
:1039700014D40622236883F82020236893F820209B
:10398000062AB2D1062DB0D00C33D3E8EF1F41F494
:103990008071C3E8E21F002AC9D0F6E70522236838
:1039A00083F82020236893F82020052A9DD1B3E7CF
:1039B0000FF05EF8D0DB022070B52A4B82B01B6896
:1039C00001934FF00003044600F118064FF0FF3258
:1039D0004FF0FF3330460DF0E7F8002C32D023686B
:1039E0000C33D3E8AF3FDB0731D423686BB35D689A
:1039F0007DB1AD686DB118680CF066FC50B32368FA
:103A00006BB35B68012120469B689847051E0CDB61
:103A100023680C33D3E8EF1F41F00101C3E8E21F34
:103A2000002AF7D12046FFF747FF30460DF04AF94C
:103A30000C4B1A68019B5A404FF000030DD12846E9
:103A400002B070BD25462368E3E71D46E1E76FF04D
:103A50007705EAE76FF00505E7E70FF009F89B68DF
:103A6000FFDE00BFD0DB02202DE9F0411E4B82B00B
:103A70001B6801934FF0000380B30F4671B30646F5
:103A80000846F5F769F8082825D8184CDFF8608053
:103A9000451C44450BD2A64206D02A46394604F1BD
:103AA0000C0012F03CFB98B144344445F3D32A4651
:103AB000394606F10C0012F042FB00200A4B1A684E
:103AC000019B5A404FF000030BD102B0BDE8F081DA
:103AD0006FF07700F2E76FF05A00EFE76FF0150034
:103AE000ECE70EF0C5FF00BFD0DB02200CCD0020BC
:103AF00050CD00202DE9F0473D4B84B01B68039367
:103B00004FF000033B4F3C4D4FF0FF324FF0FF337F
:103B10003A480DF049F8BD4243D22C46DFF8E08028
:103B2000DFF8E0A0DFF8E0900C3518E004F11800B1
:103B30000DF01EF804F12C000DF01AF83368204641
:103B4000984794F84030227B23F0030384F84030F8
:103B5000002A47D04434BC4205F1440521D2002359
:103B6000C5E9003355F80C2C2B7213689E6816B10A
:103B70003368002BDAD1D36903BB6E46D8F8003026
:103B80005246591CC8F8001030460921F8F728FCA5
:103B9000204631464434FFF767FFBC4205F1440537
:103BA000DDD3134B1A68039B5A404FF000031CD11E
:103BB000124804B0BDE8F0470DF084B813689B6864
:103BC0009B68002BD9D098470328D6D16E46D9F8E8
:103BD000003009215A1CC9F8002030460B4AF8F77A
:103BE000FFFBD5E755F80C2CC5E70EF041FF00BFF1
:103BF000D0DB022050CD00200CCD002070CC002066
:103C0000E4E801205C830200E8E80120548302001C
:103C100030B5124C124D134B83B0AC421B6801936C
:103C20004FF0000303D30EE04434AC420BD22368C0
:103C30000C33D3E8AF3F1B07F6D420464434FFF7DC
:103C4000BBFEAC42F3D3074B1A68019B5A404FF0BE
:103C5000000301D103B030BD0EF00AFF0CCD0020EF
:103C600050CD0020D0DB02202DE9F04F0026954CEE
:103C70008FB0022824680D944FF000048946144642
:103C8000CDE90B6600F0CC80012870D12E230425ED
:103C900002934FF0FF3B0346B44601960021069085
:103CA00022468A463046CE46DFF81C82CDF824C034
:103CB00007945C1E4FF0000C0594089339E018B18E
:103CC000BCF1050F00F3EC80E3456FD019B14FF064
:103CD0003A0302F8013B019B33F81C305BBA13F442
:103CE0007F4FC3F30726C3F3031403F00F014AD039
:103CF00006F00F03360905D0092E94BF303657362B
:103D000002F8016B092B94BF30335733092C94BF51
:103D100030345734092994BF303157319170012123
:103D20001370547082F803A003320CF1010C654546
:103D300011DD042DC3D11EF80C70002F48D113469D
:103D40004FF030040CF1010C03F8024B029C654566
:103D500054701A46EDDCDDE90604A24207D00128C2
:103D60004FF0000300F098802046137000E0002020
:103D7000544B1A680D9B5A404FF0000340F09F804F
:103D80000FB0BDE8F08F0CB31346092C94BF30344C
:103D9000573403F8014B1A46092994BF3031573183
:103DA00002F8011B012183F801A0BEE711B9BBF1A4
:103DB000000F03D14FF03A0302F8013B059B0021AD
:103DC0009C444FF03A0302F8013BAEE71346E2E7AA
:103DD000144609264FF00009CDE903253B4BB7FBFC
:103DE000F3F5B1453A4603FB157701DC934205D85C
:103DF000B2FBF3F2B146303204F8012BA8FB0323E7
:103E0000013E721C4FEAD303E9D1DDE9032584F8B2
:103E100000A0029BA41A52FA84F202F8013B84E744
:103E20000A6801914AB94B68002B46D14FF6FF73DF
:103E30004A89D61AB6FA86F676094F460BA909F1D1
:103E400010053B4605E00A7802330132AB420A70A6
:103E500002D01A88002AF6D00237AF4201F10101E0
:103E6000EFD14FF0FF3B012300250DF12B0111F89D
:103E7000012F9A4288BFAB4605F1010588BF134662
:103E8000082DF4D13A22012BCC46029201D14FF0F9
:103E9000FF3B4FF0000901E7204602F8013C67E7CD
:103EA0002E24029401243A250694099C02F8015B11
:103EB000089B042504F10C0EFBE61646BDE70EF048
:103EC000D7FD00BFD0DB0220CDCCCCCC00CA9A3BC2
:103ED00000B5214B83B01B6801934FF000038C4663
:103EE000D0E900318B421FD0002113F801EB8CF890
:103EF00000E0036011600368D0F804C063451FD27E
:103F00001B78D2F800C003F07F038B40634413603A
:103F1000036807319C46013303609CF900C0BCF183
:103F2000000F10DA1C29E7D16FF015000A4B1A6850
:103F3000019B5A404FF000030BD103B05DF804FB26
:103F40006FF00A00F2E71368B3F1805FECD2002053
:103F5000ECE70EF08DFD00BFD0DB022030B5154B35
:103F600083B01B6801934FF00003D1E90035AB42E9
:103F70001BD01C4614F801CBAC420C6015D09C1C25
:103F80005B780C6090F85E100020042904BF0CF0F0
:103F9000010C82F800C05370064B1A68019B5A400E
:103FA0004FF0000304D103B030BD6FF01500F3E70C
:103FB0000EF05EFDD0DB022030B5274C4FEA400CFE
:103FC00083B0C0F34100246801944FF000041872DC
:103FD000987D0CF0020C20F003004CEA000098756C
:103FE000D2E90004251A012D31D930F8025B241AD8
:103FF000106068BA80B2844229DB58609DB91C7A8F
:104000001D60C4B90230814221D30022091A104632
:104010001961DA60104B1A68019B5A404FF0000397
:1040200018D103B030BD146820441C6010601C7AA5
:104030005868002CE6D0D2E900452D1B012D06D989
:1040400034F8025B04306DBA9D821460DBE76FF0D8
:104050001500DFE70EF00CFDD0DB022000B5114BA0
:1040600083B01B6801934FF000030246D0E9003093
:10407000C01A012811D9002033F802CB9CFA9CFC0D
:10408000A1F800C01360074B1A68019B5A404FF01B
:10409000000305D103B05DF804FB6FF01500F2E7F3
:1040A0000EF0E6FCD0DB022000B5114B83B01B689C
:1040B00001934FF000030246D0E90030C01A0128F6
:1040C00011D9002033F802CB9CFA9CFCA1F800C067
:1040D0001360074B1A68019B5A404FF0000305D14B
:1040E00003B05DF804FB6FF01500F2E70EF0C0FCC2
:1040F000D0DB022000B5114B83B01B6801934FF059
:1041000000030246D0E90030C01A012811D900206E
:1041100033F802CB9CFA9CFCA1F800C01360074B5B
:104120001A68019B5A404FF0000305D103B05DF8B7
:1041300004FB6FF01500F2E70EF09AFCD0DB0220D2
:1041400000B5114B83B01B6801934FF0000302468A
:10415000D0E90030C01A012811D9002033F802CB71
:104160009CFA9CFCA1F800C01360074B1A68019BE5
:104170005A404FF0000305D103B05DF804FB6FF027
:104180001500F2E70EF074FCD0DB022000B5154BF1
:1041900083B01B6801934FF00003D0E90032D21ABC
:1041A000012A19D933F8022B52BA0A8042680360F7
:1041B000D31A8B605BB94B6000200A4B1A68019BD5
:1041C0005A404FF000030AD103B05DF804FB0268C7
:1041D00013444A600360EFE76FF01500EDE70EF05F
:1041E00047FC00BFD0DB022000B5114B83B01B6839
:1041F00001934FF000030246D0E90030C01A0128B5
:1042000011D9002033F802CB9CFA9CFCA1F800C025
:104210001360074B1A68019B5A404FF0000305D109
:1042200003B05DF804FB6FF01500F2E70EF020FC20
:10423000D0DB022030B5174B426883B01B68019376
:104240004FF000030546D1E900030C461B1A911CF0
:104250008B4219D3012B91B205D9090A0170427022
:10426000023020606A68296811F069FF0020236825
:104270006A6813442360074B1A68019B5A404FF049
:10428000000304D103B030BD6FF00B00F3E70EF074
:10429000EFFB00BFD0DB022030B5244B83B01B689E
:1042A00001934FF000031368A3EB010EBEF1805F92
:1042B00037D2844600237046C0091C4603F101032F
:1042C000FAD10234E4B20B1B6542546813609C427D
:1042D00003D0013301F805C013600EF07F0119709F
:1042E0005FEADE130ED0146803F07F0C2178DB093F
:1042F00061F07F012170116801F10104146081F8FF
:1043000001C0F0D1136801331D447344C2E9005366
:10431000064B1A68019B5A404FF0000304D103B0CA
:1043200030BD6FF07900F3E70EF0A2FBD0DB022086
:104330002DE9F0470546494B82B01B6801934FF0C9
:10434000000390F85E00464B464A95F860700428DA
:1043500014BF104618460B680C4603F10508C1F857
:104360000080C7F34007FFF765FF002861D1D4E95B
:1043700000639E4295F85E2059D0334603F8012B26
:1043800062682360934252D070706368B21C2260EE
:104390009A1A012AB5F85C3049D9F3701B0AB37038
:1043A000331D2146236005F12C00FFF743FF002851
:1043B0003FD1286C7F00D0B195F86090214690F8ED
:1043C00008A009F00109FFF735FF90BB686C0028D1
:1043D00039D02146FFF72EFF58BB47F004074FEABC
:1043E000CA0A47EA49170AF0180A47EA0A07A86BF7
:1043F00028B12146FFF71EFFD8B947F08007E86BC8
:1044000028B12146FFF716FF98B947F04007134B34
:1044100077701A68019B5A404FF000031CD1224666
:104420004146102002B0BDE8F047FFF735BF6FF0FE
:104430000B000A4B1A68019B5A404FF000030BD146
:1044400002B0BDE8F087D4E90032D21A012AEED9D1
:1044500023F8020B2360C0E70EF00AFBD0DB02203A
:104460007C830200848302002DE9F043284B90F8FE
:104470001690057A83B009F001081B6801934FF08C
:10448000000306460C46C9F3400915B1838A002B88
:1044900035D027682146053730462760FFF7CAFE2A
:1044A00018BB337A22684BB16368991A0129B38A21
:1044B00028D953701B0A1370023222606B0003F07C
:1044C000060343EA090343EAC80343F0300303F059
:1044D0003F00336939461A4422602246FFF7DCFE6A
:1044E00018B9636832699B1A6360094B1A68019BAB
:1044F0005A404FF0000308D103B0BDE8F0836FF0DD
:104500001500F2E76FF00B00EFE70EF0B1FA00BF15
:10451000D0DB022010B51A4B008882B01B680193D3
:104520004FF00003D8B10A460B685468591DA4EB3C
:10453000010CBCF1010F11601CD9040A5C71987167
:10454000DC1D0F4B14601868019B58404FF00003AE
:1045500013D1402002B0BDE81040FFF79DBE6FF0C0
:104560001500074B1A68019B5A404FF0000304D115
:1045700002B010BD6FF00B00F3E70EF079FA00BF48
:10458000D0DB022000B5104B83B01B6801934FF0C5
:104590000003D0E90031C91A012910D902460020D0
:1045A0000A49098823F8021B5360074B1A68019BCC
:1045B0005A404FF0000305D103B05DF804FB6FF0E3
:1045C0000B00F2E70EF054FAD0DB02206483020005
:1045D0002DE9F043374B83B01B6801934FF0000384
:1045E000C388002B60D0804608684A68471DD21BEC
:1045F0000F60012A0C46B8F8063049D983711B0AAE
:10460000437107300860B8F8043000258BB3D8F840
:1046100000C005EB45010CEB8106636872681B1A4C
:1046200002F1020E73454FEA810931D3012B1FFAC3
:1046300082FE07D94FEA1E2E80F800E04270023059
:10464000206072685CF8211011F079FD71682268B1
:10465000666850182060D8F8003086424B441B7AB8
:1046600016D0013053542060B8F804300135AB4205
:10467000CDDC104B1A68019B5A404FF0000316D155
:1046800022463946822003B0BDE8F043FFF704BE5E
:104690006FF00B00074B1A68019B5A404FF0000364
:1046A00005D103B0BDE8F0836FF01500F2E70EF01E
:1046B000DFF900BFD0DB022000B5104B83B01B68D0
:1046C00001934FF00003D0E90031C91A012910D934
:1046D000024600200A49098823F8021B5360074B51
:1046E0001A68019B5A404FF0000305D103B05DF8F2
:1046F00004FB6FF00B00F2E70EF0BAF9D0DB0220FA
:104700006883020070B50D461C4B82B01B68019394
:104710004FF0000349682B68CB1A93421CD2D41A7D
:1047200001EB040CD0E9132313449C4506461DD825
:1047300094451BD30023224600F0ACFA00280CDB82
:1047400017D0F369A0420344F3616B6803446B60C4
:1047500038BF6FF00A0000D30020084B1A68019B95
:104760005A404FF0000307D102B070BD6FF00B004C
:10477000F3E76FF07F00F0E70EF07AF9D0DB02206C
:1047800070B5C26CC169904B8EB011441B680D931B
:104790004FF000030546022314460392049119E0EA
:1047A00000F0C080EA69049B22442344A642EA61E7
:1047B000049364D8EC6C02AA0DF1070103A80394DA
:1047C000FFF786FB10F10B0F044625D1DDE903212D
:1047D0000123EC6C8A1A9342EDD9286D9E1A8B192D
:1047E0002044834200F29B80A342C0F098800023C3
:1047F0003246284600F04EFA041ED1DA14F10B0FAF
:104800003DD0714B1A680D9B5A404FF0000340F0A9
:10481000D98020460EB070BD0028F2DB9DF80760FD
:1048200006F0F003302B62D02846029A03A9FFF766
:1048300069FF0446002CE1DB00249DF80700029983
:1048400000F0F003602B0C9400F093802AD8402BEA
:1048500000F09A8015D9502B0FD1042303A806A984
:104860008DF81430FFF720FC044605AE0C9031465D
:10487000284600F00FFB002CC3DB0023EB61002473
:10488000BFE7202B51D0302BF7D1022406AB03AA6F
:104890008DF81440FFF790FB0A9B044605AE2B628F
:1048A0000C90E4E7B02B59D012D9D02BE5D195F973
:1048B0005F302846002BC4BF03F1FF335CB20923ED
:1048C00085F85F4005A98DF8143000F0E3FAD4E7CD
:1048D000702B64D0902BD0D1072303A806A98DF8A4
:1048E0001430FFF753FC044605AE0C94BFE70222D8
:1048F000284603A9FFF706FF041EFFF67FAF039BC0
:1049000016F0060F1B8828465BBA9BB20CBF9A1C98
:104910001A1D03A9FFF7F6FE00EAE0748AE76FF0BC
:104920000B046EE76FF07F046BE7284603A906AA25
:104930008DF81440FFF712FB05AE04460028D4D1D1
:104940009DF81930002B35D1AB69314643F0040393
:104950002846AB610C9400F09DFA8EE7082303A86B
:1049600006A98DF81430FFF73FFC05AE04460C9005
:104970007DE7052303A806A98DF81430FFF7BAFBDD
:1049800005AE04460C9072E7032303A806A98DF830
:104990001430FFF763FB05AE04460C9067E706236F
:1049A00003A806A98DF81430FFF7CAFB05AE04462C
:1049B0000C905CE7314628466FF06E040C9300F0D3
:1049C00069FA1EE70EF054F8D0DB022030B5174B21
:1049D000456B83B004461B6801934FF000032888A1
:1049E00006220121FEF7D2FB0028A06216DB2B88ED
:1049F000616B012B0CBF08221822FEF745FC002832
:104A000009DB0020094B1A68019B5A404FF0000354
:104A100009D103B030BDA06AFEF700FCFDF788FFA6
:104A200000684042EEE70EF023F800BFD0DB022022
:104A30002DE9F041164B84B01B6803934FF000033F
:104A4000C2B10024074688461546264602E00444C3
:104A5000A5420FD9B86A0023CDE900662A1B08EBEE
:104A60000401FEF751FC0028F1DAFDF761FF006850
:104A7000404200E00020064B1A68039B5A404FF06A
:104A8000000302D104B0BDE8F0810DF0F1FF00BFDA
:104A9000D0DB02202DE9F041294B0C46C96882B0D9
:104AA0001B6801934FF00003002936D007464FF0F2
:104AB0000008A36803EBC1015A6808339942904487
:104AC000FAD1B8F1000F28D000263546B86A002286
:104AD0002146FEF75FFCB0F1000C29DB6644464539
:104AE0001BD2E368002BF1D0002206E05D60E36892
:104AF00001329342ACEB010CE8D9A36803EBC2038B
:104B000059686145F2D9A1EB0C015960A16851F8CF
:104B10003230634441F83230D8E70020084B1A683D
:104B2000019B5A404FF0000307D102B0BDE8F0816D
:104B3000FDF7FEFE00684042F0E70DF099FF00BF70
:104B4000D0DB022010B5104C84B0246803944FF0E1
:104B50000004806A002483F00103CDE900449B0136
:104B6000FEF758FC002808DB074B1A68039B5A40E5
:104B70004FF0000306D104B010BDFDF7D9FE006868
:104B80004042F1E70DF074FFD0DB022000B50E4B80
:104B900083B01B6801934FF00003806AFEF73EFB71
:104BA00000280ADB0020084B1A68019B5A404FF08E
:104BB000000307D103B05DF804FBFDF7B9FE006800
:104BC0004042F0E70DF054FFD0DB022000B50D4B62
:104BD00083B01B6801934FF000030A4A1168019AE1
:104BE00051404FF000020AD190F82430064A03EBFE
:104BF000830352F8233003B05DF804EB18470DF03F
:104C000037FF00BFD0DB02208C83020010B50E4BB3
:104C100082B01B6801934FF000030B4CD4F800C026
:104C2000019C94EA0C0C4FF000040BD190F8243056
:104C3000064C03EB830304EB83035B6802B0BDE81F
:104C4000104018470DF014FFD0DB02208C830200C7
:104C500000B50E4B83B01B6801934FF000030B4A65
:104C6000D2F800C0019A92EA0C0C4FF000020BD16E
:104C700090F82430064A03EB830302EB83039B681E
:104C800003B05DF804EB18470DF0F2FED0DB022014
:104C90008C83020010B50F4C82B0246801944FF051
:104CA00000040C4CD4F800E0019C94EA0E0E4FF086
:104CB00000040DD190F824C0074C0CEB8C0C04EBD5
:104CC0008C0CDCF80C40A44602B0BDE810406047F4
:104CD0000DF0CEFED0DB02208C83020000B50A4B23
:104CE00083B01B6801934FF00003074B1A68019BC8
:104CF0005A404FF0000304D103B05DF804EBFFF716
:104D000045BF0DF0B5FE00BFD0DB0220002301221D
:104D100010B5154C8AB0246809944FF00004019333
:104D2000CDE90233CDE90433CDE90633836C089134
:104D30008DF804206BB104460BF0C4FF2046A36C31
:104D400001A998474FF0FF324FF0FF3320460BF098
:104D50002BFF054B1A68099B5A404FF0000301D105
:104D60000AB010BD0DF084FED0DB022030B5204B20
:104D700083B01B6801934FF000030446FFF746FF22
:104D8000051E25DB0EF04AF800254A014FEA401CBB
:104D9000BCEB000C42EAD06262EB01024FEA8C03EA
:104DA00092001B1842EA9C7241EB0201C90041EAE1
:104DB0005371C3F3103343EA414363610C4B1A68E8
:104DC000019B5A404FF000030FD1284603B030BD7D
:104DD0002046FFF783FF0023294620466361A36135
:104DE000E3612362FFF792FFE8E70DF041FE00BFA9
:104DF000D0DB02202DE9F041254C82B024680194DB
:104E00004FF0000400283DD00F4690461E46044651
:104E10004FF0FF324FF0FF330BF0C6FE256A6DB93D
:104E200020460BF04FFF1A4B1A68019B5A404FF077
:104E300000032AD1284602B0BDE8F08145452A4644
:104E4000394628BF424620463346FFF723FF054632
:104E500016B910F10B0FE3D0002D03DD236A5B1BA5
:104E60002362DDE7204608BF6FF07F05FFF736FFBE
:104E70000023294620466361A361E3612362FFF7B3
:104E800045FFCDE76FF01505CDE70DF0F1FD00BF53
:104E9000D0DB022030B5164B83B01B6801934FF076
:104EA0000003836CC3B104460D460BF00BFF29468B
:104EB0002046A36C98470E4B1A68019B5A404FF04E
:104EC000000312D14FF0FF324FF0FF33204603B002
:104ED000BDE830400BF068BE054B1A68019B5A4094
:104EE0004FF0000301D103B030BD0DF0C1FD00BF94
:104EF000D0DB022010B5134B82B01B6801934FF03A
:104F0000000398B168220021044611F025F92046DB
:104F10000BF02EFE04213C2294F8603084F85E10E1
:104F200043F0020384F86030A4F85C20054B1A6853
:104F3000019B5A404FF0000301D102B010BD0DF0AB
:104F400097FD00BFD0DB022030B53B4B85B01B681E
:104F500003934FF00003002868D0C36A0446002B77
:104F600064D04FF0FF334FF0FF320BF01DFE636D46
:104F7000002B43D0E36C002B40D02046FFF726FEE9
:104F8000051E3DDBD4E91502002111F0E5F8D4E956
:104F90001553A2692B4442F002022046A26101A9E6
:104FA000CDE90153FFF7C4F9051E3BDBDDE9011232
:104FB0002046521AFFF72AFE051E33DB0DF02EFFA6
:104FC00000234FEA401C1D4684F85F304B01BCEBC8
:104FD000000C43EAD06363EB01034FEA8C029B00B1
:104FE000121843EA9C7341EB0301CB0043EA52736E
:104FF000C2F3103242EA4342626106E06FF00B05F1
:1050000000236361A361E361236220460BF05AFE33
:10501000094B1A68039B5A404FF0000309D12846F8
:1050200005B030BD2046FFF759FEE9E76FF01505E2
:10503000EEE70DF01DFD00BFD0DB0220F0B53C4BCC
:105040008FB01B680D934FF00003002867D00E4609
:10505000002964D004464FF0FF334FF0FF320BF0CD
:10506000A3FDD4E91502002111F076F8D4E9152347
:10507000A1691344CDE900234B0753D53046694657
:10508000FFF7F2F9051E31DB02230027009A059392
:10509000019B09929B1AF2680A930B92326909AB41
:1050A000204602A9CDE90277CDE9067708970C9250
:1050B0000493FFF7CDFD051E25DB0DF0AFFE3D4649
:1050C0004A014601361A42EAD06262EB0102B3009D
:1050D00092001B1842EA967241EB0201C90041EAB4
:1050E0005371C3F3103343EA4143636120460BF02D
:1050F000E9FD0F4B1A680D9B5A404FF0000314D185
:1051000028460FB0F0BD2046FFF7E8FD29462046AF
:105110006761A761E7612762FFF7F8FDE6E76FF0D7
:105120001505E6E76FF07F05E0E70DF0A1FC00BF95
:10513000D0DB022030B51F4B85B01B6803934FF0C6
:10514000000378B30D4669B304464FF0FF334FF0C8
:10515000FF320BF029FDD4E91502002110F0FCFF0D
:10516000D4E91523A1691344CDE901234B071CD5CC
:10517000284601A9FFF7CEF9051E06DBDDE901127D
:105180002046521AFFF7F2FD054620460BF09AFD25
:10519000084B1A68039B5A404FF0000308D1284679
:1051A00005B030BD6FF01505F2E76FF07F05ECE755
:1051B0000DF05EFCD0DB022030B5244B85B01B68BF
:1051C00003934FF0000300283BD004464FF0FF3319
:1051D0004FF0FF320BF0E8FCD4E91502002110F08B
:1051E000BBFFD4E91523A1691344CDE901234B0783
:1051F00024D501A8FFF7C6F9051E12DBDDE901126F
:105200002046521AFFF7B2FD051E0ADB2046FFF7C3
:1052100065FD002120466161A161E1612162FFF726
:1052200075FD20460BF04EFD084B1A68039B5A4053
:105230004FF0000308D1284605B030BD6FF07F0560
:10524000EFE76FF01505EFE70DF012FCD0DB022061
:1052500030B51F4B85B01B6803934FF0000378B344
:105260000D4669B304464FF0FF334FF0FF320BF0A9
:105270009BFCD4E91502002110F06EFFD4E9152340
:10528000A1691344CDE901234B071CD5284601A988
:10529000FFF79EF9051E06DBDDE901122046521AD2
:1052A000FFF764FD054620460BF00CFD084B1A681D
:1052B000039B5A404FF0000308D1284605B030BD8B
:1052C0006FF01505F2E76FF07F05ECE70DF0D0FB0E
:1052D000D0DB022030B5214B85B01B6803934FF023
:1052E0000003B0B304464FF0FF334FF0FF320BF032
:1052F0005BFCD4E91502002110F02EFFD4E9152340
:10530000A1691344CDE901234B071FD501A8FFF77D
:10531000D3F9051E0DDBDDE901122046521AFFF715
:1053200025FD94F95F3005467F2B02D0013384F8C8
:105330005F3020460BF0C6FC084B1A68039B5A40AE
:105340004FF0000308D1284605B030BD6FF07F054F
:10535000EFE76FF01505EFE70DF08AFBD0DB0220D9
:1053600030B5284B83B01B6801934FF00003002831
:1053700043D004464FF0FF324FF0FF330BF014FCE4
:1053800065690DF04BFD4A014FEA401CBCEB000C77
:1053900042EAD06262EB01024FEA8C0392001B18D2
:1053A00042EA9C7241EB0201C90041EA5371C3F326
:1053B000103343EA41435B1B02D4B4F85C2072B95A
:1053C00020460BF07FFC6FF00A050E4B1A68019B1C
:1053D0005A404FF0000313D1284603B030BD4FF4BC
:1053E0007A7101FB02F29A42EAD82046FFF772FF77
:1053F000054620460BF066FCE7E76FF01505E4E78D
:105400000DF036FBD0DB022030B5204B83B01B689B
:1054100001934FF00003054644690DF0FFFC4FF483
:105420007A7C4A014FEA401EBEEB000E42EAD0628F
:1054300062EB01024FEA8E0392001B1842EA9E7251
:1054400041EB0201C90041EA5371B5F85C50C3F366
:10545000103343EA41430CFB05FC1B1B85B123EAD7
:10546000E3739C450AD9ACEB0300084B1A68019B17
:105470005A404FF0000306D103B030BD0020F4E7DE
:105480004FF0FF30F1E70DF0F3FA00BFD0DB022060
:1054900070B51D4B82B01B6801934FF0000358B3E9
:1054A00004464FF0FF334FF0FF320BF07DFBA36952
:1054B0009B070ED46FF07F0520460BF003FC124BC8
:1054C0001A68019B5A404FF000031BD1284602B0D6
:1054D00070BD266A9EB92046FFF752F9051EEBDA29
:1054E0002046FFF7FBFB294620466661A661E66180
:1054F0002662FFF70BFCDFE76FF01505DFE76FF0C3
:105500000F05D9E70DF0B4FAD0DB022000B50B4B44
:1055100083B01B6801934FF00003084BD3F800C021
:10552000019B93EA0C0C4FF0000305D1012303B05B
:105530005DF804EBFFF75EBC0DF09AFAD0DB0220B9
:10554000F0B52B4B8F1883B0B9421B6801934FF015
:10555000000346D20D4616460446B0B943E0B142B8
:105560000A464FF0010328BF324629462046FFF77E
:1055700091FB061E22DD236A9B1B236220463544D5
:105580000BF0A0FBAF422CD97E1B4FF0FF324FF047
:10559000FF3320460BF008FB216A0029DFD12046AB
:1055A0000BF090FB6FF00406114B1A68019B5A40F8
:1055B0004FF000031AD1304603B0F0BD204608BFBB
:1055C0006FF07F06FFF78AFB0023314620466361B8
:1055D000A361E3612362FFF799FB20460BF072FBA6
:1055E000E2E70026E0E76FF01506DDE70DF040FA90
:1055F000D0DB022010B5174B002482B01B6801934A
:105600004FF000031222144B0E20C3F80441D3F8CC
:105610000411C3F81041D3F81011C3F80423FCF7A8
:10562000ABFB224601210E20FCF712FC0B48836CD9
:105630004BB1084B1A68019B5A404FF0000306D14A
:10564000002002B010BD40300BF098FCF1E70DF0E7
:105650000FFA00BFD0DB022000E0004080C800202D
:10566000F0B5534B91F804C083B01B6801934FF021
:1056700000030CF01F03072B8C793BD891F800E056
:10568000BEF10B0F49D8DFE80EF008080808484EB5
:105690004848065148544FF0050E4A78032A34D042
:1056A000042A22D100224888002876D0A0F57F5015
:1056B0003F3885B2292D2AD8292828D8DFE800F0DC
:1056C0003C272727702772272727276D272727277B
:1056D0006A272727276727272727272727272727D7
:1056E0002727272727272727273C0121314A324808
:1056F000FAF7D0FE6FF015002D4B1A68019B5A4047
:105700004FF0000351D103B0F0BD0122CBE70121DE
:105710002A4A2948FAF7BEFEECE70121284A264822
:10572000FAF7B8FEE6E74FF0040EB6E74FF0060EC4
:10573000B3E74FF0070EB0E74FF4A0260120214D4C
:10574000984095F8A870C0B21CF0200C14BF27EA4E
:105750000000384385F8A80049791D4418BF4FF46C
:10576000801C85F8A01000251203190142EA0E22C0
:10577000324301F1804101F5604342EA0C02C3F873
:1057800018252846C3F81055C3F81445B4E74FF45C
:105790008026D3E74FF44036D0E74FF40036CDE70C
:1057A0000026CBE74FF48036C8E70DF061F900BF63
:1057B000D0DB0220C0830200C8690200E48302003B
:1057C000A083020080C8002000B5164B83B01B6880
:1057D00001934FF00003A0F10803D3E8EF2F511C11
:1057E000C3E8EC1FBCF1000FF7D162B16FF00F03FB
:1057F00083660C4B1A68019B5A404FF000030ED190
:1058000003B05DF804FB0122074BC3F8002590F8B4
:105810007E1009B1DA60ECE71A605A60E9E70DF032
:1058200027F900BFD0DB022000E00040F0B54B4B71
:1058300083B01B6801934FF00003494AD2F804314A
:10584000002B45D000260123464CA56F94F8A810E4
:10585000C2F804612942D2F804719360C2F800656D
:1058600053D1636F002B43D0D4F88C30B4F8982018
:105870002BB13D499847012814D0022835D0B4F8FF
:105880009830B4F894209A422FD9354A0133D2F88F
:105890002C16D2F83406A4F8983083B201EB4303F7
:1058A000C2F82C36D4F88830002B48D101222C4B7A
:1058B00094F88610C3F8002500294AD0DA60274BF7
:1058C0001A68019B5A404FF0000345D103B0F0BD68
:1058D000D2F810110029F2D00121C2F81031D2F80B
:1058E0001031916011605160E9E7D4F8883013BB42
:1058F0001A4B1A68019B5A404FF000032CD11B48E9
:1059000003B0BDE8F0400BF039BBD2F82C66EAB228
:105910001A4208D0194205D0B6F90050002DBCBF7C
:105920000025358002365B009BB29942F0D2636F4E
:10593000002B99D1DCE70E480DF042FCD8E7D4E803
:10594000EF3F5A1EC4E8E12F0029F8D1012BB6DD44
:10595000ACE71A605A60B2E70DF08AF8D0DB02209B
:1059600000E0004080C80020F4C80020D8C8002013
:1059700088C800202DE9F041834B84B01B68039355
:105980004FF000030C464FF0FF334FF0FF327F48DB
:105990000BF02CFB6668731EFE2B00F2DD800023EB
:1059A0007B4D19467B4F20E017F803E0BEF1000F56
:1059B00000F0AB8094F8118005EB031CB8F10008EF
:1059C00018BF4FF00108DCF8180503F1510220F070
:1059D000807001331201013140EA0860082BCCF8D5
:1059E0001805C9B245F802E013D026FA03F212F006
:1059F0000102D9D105EB031EDEF818C503F15100F1
:105A000001332CF0807C0001082BCEF818C52A50F9
:105A1000EBD1237CA3F10802062A05D8DFE802F0C7
:105A20001A0471047304620001215B4A5B48FAF7AF
:105A300065FD6FF0150455480BF0A0FA524B1A683B
:105A4000039B5A404FF0000340F09B80204604B077
:105A5000BDE8F08100224E4B0129C3F8F025637C9C
:105A600047D9002B40F08780494A4D00C2F8F435F1
:105A7000236813B19B8903FB0555E368AB4271D3DF
:105A800026464FF0000CA268414B454FC3F82C2628
:105A900007F17405C3F830160FCE0FC53368C7F889
:105AA00070C02B60236843B10FCB07F1880484E8F2
:105AB0000F007C67A7F898C078BB0122344B97F899
:105AC0008610C3F8002531BB1A605A604FF0FF32D0
:105AD0004FF0FF3333480BF089FA0446002839D1E0
:105AE0003C6FA8E703222A4B0129C3F8F025637C09
:105AF000B7D8082BB8D901212B4A2848FAF7FEFC61
:105B000097E70122A7E70222A5E70121274A2348B8
:105B1000FAF7F4FC8DE7DA60D8E7D7E8EF3FC7E89B
:105B2000E2CF002AF9D122494FF400400D466146E8
:105B3000D7F888400023E4FB00511E4A2846F2F7BC
:105B4000E7FF0022CDE90001002307F108000DF076
:105B5000E9FABBE738676EE70121174A0F48FAF701
:105B600099FC66E70121154A0C480095FAF7FCFC00
:105B70006FF00B045FE70121114A0848FAF78AFC2D
:105B800057E70CF075FF00BFD0DB0220C0C8002033
:105B900000E0004020C900204C840200C8690200D7
:105BA00080C80020D8C80020A884020030840200E9
:105BB0003F420F0040420F0010840200CC840200DC
:105BC0007484020000B50D4B83B01B6801934FF045
:105BD0000003C9B2036901EB410103EB8103186CB7
:105BE000064B1A68019B5A404FF0000304D100F0A5
:105BF000070003B05DF804FB0CF03AFFD0DB022095
:105C000070B5204B204A82B01B6801934FF000030F
:105C10001E4C831A9B1004FB03F306460D46DBB2B1
:105C2000EFF31180202181F31288BFF36F8F03EB14
:105C3000430302EB83010A6C12F0800412D080F35C
:105C40001188BFF36F8F4FF0FF310E4B1A68019B25
:105C50005A404FF0000312D130462B4602B0BDE847
:105C60007040184701229B000A6480F31188BFF33B
:105C70006F8F074A13445B6898472146E5E70CF0AD
:105C8000F7FE00BFD0DB022000E90120B76DDBB6D4
:105C90005485020000B50E4B83B01B6801934FF092
:105CA00000030B4BD3F800C0019B93EA0C0C4FF0A0
:105CB00000030AD1C9B20369C1EBC100002103EBA3
:105CC000800003B05DF804EB10470CF0D1FE00BF7C
:105CD000D0DB022000B50A4B83B01B6801934FF064
:105CE0000003074B1A68019B5A404FF0000305D18F
:105CF000002003B05DF804EB06F09CBE0CF0B8FE8B
:105D0000D0DB022010B5134B82B01B6801934FF01B
:105D10000003EFF31184202383F31288BFF36F8F06
:105D20000D4A136823F00201DB0711600CD584F3E0
:105D30001188BFF36F8F074B1A68019B5A404FF0D1
:105D4000000305D102B010BD012006F0DFFEEEE732
:105D50000CF08EFED0DB022050E9012000B50A4B8A
:105D600083B01B6801934FF00003074B1A68019B37
:105D70005A404FF0000305D1002003B05DF804EB5A
:105D800006F0C4BE0CF074FED0DB022000B50A4B56
:105D900083B01B6801934FF000031046064B1A684E
:105DA000019B5A404FF0000304D103B05DF804EBAF
:105DB0000BF0E4B80CF05CFED0DB022000B5284A02
:105DC00089B004AB126807924FF000020022CDE9BF
:105DD00004330123CDF800D0CDE90223CDF804D05F
:105DE0000369C9B2EFF3118C202282F31288BFF34A
:105DF0006F8F01EB410103EB81031A6C02F0070E78
:105E0000BEF1010F15D002F0C002802A8CF3118878
:105E1000BFF36F8F0CBF6FF077004FF0FF30104B68
:105E20001A68079B5A404FF0000317D109B05DF87C
:105E300004FB802289001A648CF31188BFF36F8FF2
:105E4000084AC3F83CD09A6343685B5898474FF4BC
:105E50008042002368460BF0C9F8E0E70CF008FE2A
:105E6000D0DB02208D5D010070B51A4B82B000229C
:105E70000121044605201B6801934FF00003FBF746
:105E8000E7FF154806F088FD144B98421DD106F037
:105E9000A9FD256912492846F8F798FC00280BDB74
:105EA00001262E6424690E4904F11C00F8F78EFCCB
:105EB000002801DB0020E664064B1A68019B5A406B
:105EC0004FF0000304D102B070BD6FF00400F3E79F
:105ED0000CF0CEFDD0DB0220C56101000000AD0B4F
:105EE0001C85020030B500241B4A83B01B4B12688E
:105EF00001924FF0000200EB400203EB8203D3E972
:105F00000E5201469C63EFF31180202484F3128823
:105F1000BFF36F8F1C6C04F0C00444F002041C64D7
:105F200080F31188BFF36F8F0B4B5DB11868019B35
:105F300058404FF000030DD12B46094803B0BDE88F
:105F4000304018471A68019B5A404FF0000301D1B6
:105F500003B030BD0CF08CFDD0DB022000E9012045
:105F60003067020010B5284B82B01B6801934FF0D8
:105F70000003EFF31180202181F31288BFF36F8FAC
:105F8000224A136843F002041460DA0710D480F345
:105F90001188BFF36F8F1C4B1A68019B5A404FF05A
:105FA00000032ED1012002B0BDE8104006F042BD32
:105FB000174BD3F80C24D3F80C34DB07E7D5EFF3F9
:105FC000118481F31288BFF36F8F124A136C03F0B0
:105FD000C00343F00203136484F31188BFF36F8F8F
:105FE00080F31188BFF36F8F074B1A68019B5A40EB
:105FF0004FF0000305D1002002B0BDE81040FFF7CC
:1060000071BF0CF035FD00BFD0DB022050E901204C
:106010000050004000E9012010B51A4B82B01B6807
:1060200001934FF000030269C9B2EFF3118C2023F2
:1060300083F31288BFF36F8F01EB410102EB810202
:10604000136C13F040040ED08CF31188BFF36F8FE4
:106050004FF0FF300B4B1A68019B5A404FF0000382
:106060000ED102B010BD0123890013648CF3118896
:10607000BFF36F8F43680B445B6898472046E9E79E
:106080000CF0F6FCD0DB022030B51F4C83B0246846
:1060900001944FF00004C9B20469EFF3118E20257A
:1060A00085F31288BFF36F8F01EB410104EB810C84
:1060B000DCF8404004F00705012D14D004F0C004C2
:1060C000802C8EF31188BFF36F8F0CBF6FF07700B9
:1060D0004FF0FF300C4B1A68019B5A404FF0000301
:1060E00010D103B030BD80248900CCF840408EF33D
:1060F0001188BFF36F8FCCE90E2343685B58984734
:106100000020E7E70CF0B4FCD0DB022030B5284BD0
:10611000284A83B01B6801934FF00003264D831A71
:106120009B1005FB03F30C46DBB2EFF3118C20212F
:1061300081F31288BFF36F8F03EB430302EB8302FB
:10614000116C01F0070EBEF1010F17D001F0C00174
:1061500040298CF31188BFF36F8F154B0CBF6FF084
:1061600077014FF0FF311A68019B5A404FF000034E
:106170001BD1234603B0BDE83040184740211164CD
:106180008CF31188BFF36F8F0C49C2E90E14084AD3
:106190001168019A51404FF0000206D1084A9B0055
:1061A000D35803B0BDE8304018470CF061FC00BF85
:1061B000D0DB022000E90120B76DDBB6955C010061
:1061C0005485020010B5244B82B01B6801934FF038
:1061D000000330B30128014627D100201F4BD3E92B
:1061E00011425864EFF3118C202080F31288BFF322
:1061F0006F8FD86C00F0C00040F00200D8648CF3C0
:106200001188BFF36F8F84B1134B1868019B5840FE
:106210004FF000031ED12346114802B0BDE81040E4
:1062200018470E4B1B6C5B0708D00B4B1A68019B81
:106230005A404FF000030DD102B010BD064B1A6852
:10624000019B5A404FF0000304D102B0BDE810405A
:10625000FFF748BE0CF00CFCD0DB022000E9012067
:10626000306702002DE9F041404A82B001241268F3
:1062700001924FF0000205463D4BD3E8EF2FC3E8F3
:10628000E14F0029F9D162B16B1E012B13D9374BB5
:106290001A68019B5A404FF0000364D102B0BDE878
:1062A000F081344934484A60CA608C60F8F7B6FA25
:1062B0006B1E012BEBD8012D06D1304BD3F81C34CB
:1062C00003F00303022BE2D00BF048FA064680B33A
:1062D000EFF31187202383F31288BFF36F8F01261A
:1062E000264CDFF89C80D4F81824D4F81834D20354
:1062F00005D503F00303022B25D0012D23D046B38F
:106300003846FBF7DBFED4F81835DBB2012BEAD1B7
:10631000D4F80421002AE6D00022C4F80421D4F8DD
:1063200004210222C4F818252022C8F88021A36085
:10633000D9E7144B1B78002BCAD002220F4B07461B
:10634000C3F80823CCE74EB187F31188BFF36F8FF2
:106350009DE7002121200CF097F9D4E70222074B9A
:10636000C3F8042393E70CF083FB00BFD0DB0220CB
:10637000FCE80120ECE801201CE90120005000406D
:1063800000E100E061F5012030B5114B83B00A282F
:106390001B6801934FF0000304460FD00D4DAB680E
:1063A0000C485B68E1B29847094B1A68019B5A4058
:1063B0004FF0000309D1204603B030BD054D0D213B
:1063C000AB6828465B689847E9E70CF051FB00BFD3
:1063D000D0DB02206C67020000B5104B83B01B6855
:1063E00001934FF000030E4809F06EFF80B10D4895
:1063F000FCF7FEF90B48F5F7B5FF0020074B1A68CC
:10640000019B5A404FF0000305D103B05DF804FB37
:106410006FF01200F2E70CF02BFB00BFD0DB022084
:106420006C6702008963010000B50D4B83B008461C
:1064300011461B6801934FF0000306F0A1F8084BCA
:10644000002818BF6FF004001A68019B5A404FF0F3
:10645000000302D103B05DF804FB0CF009FB00BFA0
:10646000D0DB022000B50C4B83B01B6801934FF0CA
:10647000000306F06FF8084B002818BF6FF0040007
:106480001A68019B5A404FF0000302D103B05DF837
:1064900004FB0CF0EDFA00BFD0DB022000B50123B5
:1064A0000A4883B0006801904FF000000848086077
:1064B0001360064B1A68019B5A404FF0000302D14B
:1064C00003B05DF804FB0CF0D3FA00BFD0DB022070
:1064D00054E9012000B5094B83B01B6801934FF0CC
:1064E0000003064B1A68019B5A404FF0000303D18A
:1064F000034803B05DF804FB0CF0BAFAD0DB0220CD
:106500003086020070B50D46274884B000680390BD
:106510004FF0000014461E4607F0E8FA002D01DB9C
:10652000A84211D801212B46204A21480096FAF7AB
:106530001BF86FF015001C4B1A68039B5A404FF074
:1065400000032ED104B070BD401B8642EAD846EA53
:1065500005039A071DD1D6B14FF0FF324FF0FF333C
:1065600014480AF043FD032E09D92D1B2644216847
:106570006019043407F092FA331B032BF7D80E4A44
:10658000D2F80034DB07FBD50A480AF0F7FC0020FC
:10659000D1E701212B46094A05480096F9F7E4FFA7
:1065A000C7E70CF065FA00BFD0DB02209885020037
:1065B000086A02005CE9012000900340B8850200EF
:1065C00010B50F4B82B01B6801934FF000030122FE
:1065D0000C4811460AF0AAFC07F0B8FA0A4C2060F1
:1065E00007F09CFA064B60601A68019B5A404FF016
:1065F000000302D1002002B010BD0CF039FA00BF38
:10660000D0DB02205CE9012054E9012010B50D4BDC
:1066100084B01B6803934FF000030C4603460A4AFC
:1066200001210A480094F9F79FFF064B1A68039B63
:106630005A404FF0000303D16FF0150004B010BDB5
:106640000CF016FAD0DB022098850200086A0200DE
:1066500070B50C46214882B0006801904FF00000F0
:1066600016461D4607F042FA002C0DDA1B4B1A683D
:10667000019B5A404FF000032ED12946204602B01C
:10668000BDE87040FFF7C2BFA042EFD9001B8542B2
:10669000ECD84DB9114B1A68019B5A404FF00003DA
:1066A0001AD1002002B070BDB4F5004F05DB2A46B8
:1066B000214630460FF043FDECE7084B1A68019B7A
:1066C0005A404FF0000307D12A462146304602B017
:1066D000BDE87040FCF782BC0CF0CAF9D0DB0220A8
:1066E000F0B5294B85B00F461B6803934FF00003AC
:1066F000144607F013FA064607F0F8F93D1E01DBD1
:10670000A84211D801213B46204A21480094F9F7BC
:106710002BFF6FF015001C4B1A68039B5A404FF07B
:1067200000032ED105B0F0BD401B8442EAD8B5FB72
:10673000F6F306FB1353E3B9B4FBF6F306FB13437E
:10674000BBB9A64201D90020E5E74FF0FF324FF078
:10675000FF3310480AF04AFC07F0E0F906462846E5
:1067600007F06CF9A41B3544F9D10A480AF006FC7D
:10677000E9E701213B46084A05480094F9F7F4FE91
:10678000C7E70CF075F900BFD0DB02209885020046
:10679000086A02005CE90120D8850200F0B51D46B8
:1067A00000241746244A85B08368126803924FF08C
:1067B00000022C60AC601B690E4602AA01A9984732
:1067C000029B03F1FF3ECDF808E02BB3019CAA68C1
:1067D0002B68083417E0B81A54F808CC604528BF75
:1067E000604600FB01330244AA602B6054F8081C89
:1067F00081421CD80EF1FF31CDE901410834BEF1D0
:10680000000F09D08E4654F8041C6960002EE2D0B7
:10681000F01AB0FBF1F0DFE76FF01500064B1A68D5
:10682000039B5A404FF0000303D105B0F0BD002098
:10683000F4E70CF01DF900BFD0DB022000B50C4BD3
:1068400083B01B6801934FF000031346084AD2F847
:1068500000C0019A92EA0C0C4FF0000205D1002210
:1068600003B05DF804EBFFF799BF0CF001F900BF2E
:10687000D0DB022000B50B4B83B01B6801934FF0B7
:10688000000343685B681B690B60064B1A68019B39
:106890005A404FF0000303D1002003B05DF804FB21
:1068A0000CF0E6F8D0DB022000B50D4B83B01B687E
:1068B00001934FF00003436802EA01005B6821EA9C
:1068C00002019860D960064B1A68019B5A404FF04C
:1068D000000303D1002003B05DF804FB0CF0C8F8FE
:1068E000D0DB022000B50B4B83B01B6801934FF047
:1068F000000343685B689960064B1A68019B5A4025
:106900004FF0000303D1002003B05DF804FB0CF04E
:10691000AFF800BFD0DB022000B50B4B83B01B6883
:1069200001934FF0000343685B68D960064B1A6817
:10693000019B5A404FF0000303D1002003B05DF8E3
:1069400004FB0CF095F800BFD0DB022000B50D4B26
:1069500083B01B6801934FF0000343685A68536883
:1069600021EA03000B409060D360064B1A68019B3C
:106970005A404FF0000303D1002003B05DF804FB40
:106980000CF076F8D0DB022030B504691D4B656849
:1069900083B01B6801934FF000034DB18D4225D0A9
:1069A0002B4601E0994214D018461B68002BF9D100
:1069B0001AB30D60A36861604BB10020114B1A68D7
:1069C000019B5A404FF000031AD103B030BDA160C3
:1069D000F3E70B680360A368994205D000230B60BE
:1069E000002AEAD06568E4E7A060F7E7A0680B68D2
:1069F00081426360F2D1A360F0E76FF01500DDE73C
:106A00000CF036F8D0DB022070B54068464C067BAF
:106A100088B00569246807944FF0000401F01F0452
:106A200044EA4614002D76D0B2F5001F60D0002550
:106A3000B2F5800FCDE9025549D0B3F1C06F55D002
:106A4000B3F1007F14BF012302238DF8083002AB9D
:106A50000593002304930693836804ADCB4013F0A1
:106A6000010302D1B2F1A07F18D000F110062A462E
:106A70002146304606F004FB2C4B98423DD10122C2
:106A80002146304606F028FE0020274B1A68079B57
:106A90005A404FF0000341D108B070BD610904F0C5
:106AA0001F023DD1224B803253F8223000F11006F4
:106AB000DB07DCD4214630460DF1070206F0DEFC90
:106AC0001C4B98421CD00DF107030393CFE7B3F1A1
:106AD000007F0CBF0423052302AA049506950592A6
:106AE00000F1100604AD8DF80830C0E70323ACE7D1
:106AF0002146103006F064FEC6E76FF01500C4E7CB
:106B000030460DF1070106F0C5FD084B9842DAD07A
:106B10006FF00B00B9E76FF08500B6E70BF0A8FF48
:106B2000803253F82230FFDED0DB02200000AD0BB4
:106B3000002584400400AD0B30B5184B446883B089
:106B40001B6801934FF0000323692BB110342046DA
:106B500006F012FD054648B10020104B1A68019B53
:106B60005A404FF0000316D103B030BD0146204615
:106B700006F0B0FC0A4B98420AD120462A46094941
:106B800006F058FC2A4605213120FBF761F9E3E7BE
:106B90006FF00400E1E70BF06BFF00BFD0DB0220D9
:106BA0000000AD0BA96B010070B5124B82B01B68E1
:106BB00001934FF00003430910D10F4B596869B19D
:106BC00001250C680D4E85408A682A4002D0304667
:106BD0004B68984714B121462468F5E7054B1A68BD
:106BE000019B5A404FF0000301D102B070BD0BF081
:106BF0003FFF00BFD0DB022074E9012044670200A0
:106C00002DE9F0436A4B476889B01B6807934FF042
:106C100000033B7B01F01F06154646EA431640F28F
:106C20000633D40648BF032205EA030458BFC2F363
:106C30004012B4F5837F8C468DF8072000F0B080B9
:106C400030D8062C04D062D9B4F5807F65D10124F8
:106C50000123280303FA0CF337D4690344BF79688E
:106C6000CB603B69002B35D01037314638460DF1EB
:106C7000060206F003FC15F4403F814650D1314630
:106C8000384606F09BFC4B4B99456ED00020484B94
:106C90001A68079B5A404FF0000340F0838009B008
:106CA000BDE8F08340F202218C4264D0B4F5407F0D
:106CB00008BF0324CCD0B4F5007F2ED101232803D4
:106CC0004FF0020403FA0CF3C7D579688B603B6977
:106CD000002BC9D106F01F01760965D1364885F42D
:106CE000803600EB8100D0F80012C6F3004621F494
:106CF000E161C5F3404321F0070143EA46030B433A
:106D000043EA820343EA0423C0F80032BEE7002CC2
:106D10009ED0022C08BF04249AD06FF01500B6E76D
:106D20004FF0000802AB3146384604AA0593CDE97E
:106D30000288CDF81080CDF8188006F0A1F91D4B1F
:106D40009842EAD115F4003317D1CDE90533314625
:106D50000DF10703384604AA049306F091F9154B88
:106D60009842DAD1134B994590D138469DF80610D8
:106D700006F06EFC8AE705246AE79DF8070085F4B3
:106D80008035C5F300458DF812004346314638463C
:106D900004AA8DF810408DF8115006F093FADEE742
:106DA000072455E70BF064FE803153F82130FFDEF5
:106DB000D0DB02200000AD0B0025844000B5164B4F
:106DC00083B01B6801934FF000034368136090F891
:106DD00008C003EBCC0C63450AD30FE00833136003
:106DE00090F808C0D0F804E00EEBCC0C634505D257
:106DF00093F805C08C45F1D1002001E06FF001004F
:106E0000054B1A68019B5A404FF0000302D103B0B2
:106E10005DF804FB0BF02CFED0DB02202DE9F047DF
:106E2000A34B82B01B6801934FF00003002957D099
:106E300040F2FF1E9F4CA04EA04D00EB810C50F87D
:106E4000041BC1F3C72717F00807C1F3C328C1F318
:106E5000080340F0FA80734514F808A04FEA11685F
:106E600040D0B8F1190F0ED8DFE808F0ECB4DB1A07
:106E7000A8A51A0D0D0D0DC8BB0D0D0D0D0D0D0D99
:106E80000D0DD49E80AD6FF08500894B1A68019B73
:106E90005A404FF0000340F0FE8002B0BDE8F0879A
:106EA000C2F810354FEA531901F01F0350F8041CC3
:106EB000C1F3C038B9F1000F40F0F28006EB830354
:106EC000C1F34129D3F80012294041EA0A2141EADD
:106ED0008901394341EA4801C3F800126045AED147
:106EE0000020D2E7B8F1190FCDD801A353F828F04C
:106EF000596F010083700100636F01005170010040
:106F0000636F0100596F010051700100876E01002D
:106F1000876E0100876E0100876E0100636F0100BC
:106F2000596F0100876E0100876E0100876E0100B6
:106F3000876E0100876E0100876E0100876E010079
:106F4000876E0100876E0100797001006F7001008B
:106F5000657001008D7001004FF0FF33C2F80C35F1
:106F6000BCE74FF0FF33C2F80835B7E7C2F8683521
:106F700030F8021C01F00101002954D14FF0010842
:106F8000590940F092800121DFF82C919940C9F80D
:106F90000C1050F8041C01F40049B9F1000F0CBFAB
:106FA00001274FF0010889E7C2F8643530F8021C68
:106FB00001F00101E0E7C2F80C35DFE74FF000080F
:106FC000C2F80835DCE7C2F86C3530F8021C01F075
:106FD0000101D1E7C2F814354FEA531901F01F033C
:106FE00064E7C2F80C354FEA531901F01F03BAF1F8
:106FF000000F7FF45BAF4FF0060A57E7C2F8083581
:10700000BAF1000F29D14FEA53194FF0060A01F0E7
:107010001F034BE7C2F8603530F8021C01F0010194
:10702000AAE7C2F80835590937D14FF001082249BB
:1070300008FA03F78F6050F8041C81F40047C7F387
:10704000C0373BE7C2F80C35EDE76FF015001CE7E1
:107050004FF0FF33C2F8103540E74FEA531901F003
:107060001F0323E74FF0FF33C2F8683536E74FF0D0
:10707000FF33C2F8643531E74FF0FF33C2F86035B3
:107080002CE74FF0FF33C2F8143527E74FF0FF33FA
:10709000C2F86C3522E70BF0EBFC00239B60FFDEAF
:1070A0000022803352F82330FFDE0023DB60FFDE56
:1070B000D0DB02208086020000258440F0F8FCFF2F
:1070C00000B50C4B83B01B6801934FF0000343687D
:1070D0001B68D3F88004C3F88004064B1A68019B30
:1070E0005A404FF0000302D103B05DF804FB0BF0EF
:1070F000BFFC00BFD0DB022010B5114B82B01B6873
:1071000001934FF0000342681368D3F8100190B167
:1071100000200124D26912780A70C3F81001D3F854
:1071200010211C60064B1A68019B5A404FF0000367
:1071300004D102B010BD4FF0FF30F3E70BF098FC24
:10714000D0DB022000B5194B83B01B6801934FF0D0
:10715000000343681B68D3F80423D20502D5D3F893
:1071600020215AB9D3F85831104B1A68019B5A4064
:107170004FF0000318D103B05DF804FBEFF3118268
:10718000202181F31288BFF36F8FD3F8201131B122
:1071900000200121C3F82001D3F82001D96082F337
:1071A0001188BFF36F8FDDE70BF062FCD0DB0220AC
:1071B0002DE9F04105464C4B0022012182B0082008
:1071C0001B6801934FF00003FAF742FE0820FAF71C
:1071D000D3FD6A6813691168C1F82435537D907D29
:1071E000127D03431343C1F86C356E68D6E9004342
:1071F00013F001033FD108210122C4F80015B16941
:10720000C4F84415C4F84835A260D4F82031002BE6
:10721000FBD0002101224FF48073C4F82011D4F870
:107220002011E260C4F80433D4F85831002BFBD0AD
:107230000021C4F800156B686A46DC682046FFF739
:10724000BDFD002805DB009B226819791868FFF74F
:10725000E5FD08216A681368C3F80015117A61B367
:107260000020214B1A68019B5A404FF0000338D18F
:1072700002B0BDE8F0812F6907F1080005F0FCFAC3
:107280001A4B984225D14FF0010804F10C02387ACC
:1072900004F5907105F0D4FA387A08FA00F005F098
:1072A000B5FA08220023C4F80025B269C4F84425C1
:1072B000C4F84835C4F80880B6E70120D269C3F89D
:1072C0003425C3F83805C3F81011D3F8102118601D
:1072D000C6E707480121074AF9F7DCF86FF0040018
:1072E000BFE70BF0C5FB00BFD0DB02200000AD0BF9
:1072F000B06A0200888602002DE9F041464B82B058
:107300001B6801934FF0000305460E46D0F8048039
:107310000AF024FA88BB414B1B7873B3202718E08E
:10732000EFF3118287F31288BFF36F8F6B681968D0
:10733000D1F8580168BB5B68DB0702D4D1F8203173
:107340003BBB82F31188BFF36F8F212000210BF02C
:107350009BF964246B681A68D2F858110029DFD1B0
:107360005B68D90703D4D2F82031002BD8D1012093
:1073700005F0C6F9013CEDD1E7E7EFF311822024D7
:1073800084F31288BFF36F8F6B681968D1F85801C6
:1073900018B301210020D8F818301E706B68D8F897
:1073A00018401B68C3F84445C3F84815C3F82001CA
:1073B000D3F82041C3F85801D3F85801996082F3FB
:1073C0001188BFF36F8F144B1A68019B5A404FF01E
:1073D00000031ED102B0BDE8F0815B6803F0010339
:1073E0001BB9D1F82031002BD3D182F31188BFF320
:1073F0006F8FEFF3118284F31288BFF36F8F6B6886
:10740000D3E90013D1F8580103F001030028C0D1DB
:10741000E6E70BF02DFB00BFD0DB022061F5012079
:1074200030B51749174B83B01B6801934FF0000329
:107430000B68D01AC3180B6022F07F424B68A2F58C
:10744000001443F10003B4F5400F4B600AD20E4B19
:107450001B6819068C184FEA13230C4A43F10005E8
:10746000C2E90045074B1A68019B5A404FF00003E0
:1074700004D103B0BDE830400BF0FCBB0BF0F8FAD0
:1074800070E30020D0DB022094E9012078E30020A3
:107490002DE9F04F012686409A468446F3438BB08F
:1074A0009146149A9DF8587001927E4A7E4C12685B
:1074B00009924FF00002159A0292D4E8EF2F02EAE7
:1074C0000301C4E8E01F0028F7D14FF48035774B63
:1074D00005FA0CF5C3F80853BFF35F8FBFF36F8F46
:1074E00032400092724A1168080A0906BFF35F8FA2
:1074F000D3F80435591840F10000B3F5801F06D2C7
:107500006C4BD3E90023914270EB03037AD34945D6
:1075100070EB0A037ED2684BB9EB01016AEB000005
:10752000994270F100006AD2644B4FEA0C12039347
:1075300003EB0C130692D3E902239A4508BF914549
:1075400077D000236FF002080CF1500E4FEA8E0E38
:107550001FFA8EFE554C0EF1804E4FEA8C000EF550
:10756000A83E00F18040C4F8485329F07F41CEF88E
:10757000003000F5A830DEF80030C0F84015C4F83F
:107580004453D4F80425DFF838B1A8EB02030B44C8
:1075900023F07F435B4504914BD9CDF81CC00321F8
:1075A000DDF810C0CDE9049AB2461FE0D4F80425F6
:1075B000A2EB0C0323F07F43B3F5000F69D900233E
:1075C000CEF80030DEF80030B7B98E1826F07F43D1
:1075D000C0F84035C4F84453D4F804250131A8EB71
:1075E0000203334423F07F435B4552D9DEF8003079
:1075F000002BDBD1002FE8D05646DDF81CC06FF021
:10760000150022E011F1807140F10000494570EB56
:107610000A0380D3002FF2D12A4BD3E8EF1F314366
:10762000C3E8E21F002AF8D1244B03934FEA0C135E
:1076300006930020039B069A019903EB020B9950D5
:10764000CBE9029A029BCBF80430009B4BB9154B57
:107650001A68099B5A404FF0000320D10BB0BDE8D7
:10766000F08F1149D1E8EF3F3343C1E8E23F002AF0
:10767000F8D10E4A134BC2F80453D3E8AF3F23FAB4
:107680000CF3DB07E3D54FF400120F4BC3F80021D6
:10769000DDE75646DDE9049ADDF81CC0C9E70BF0CA
:1076A000E7F900BFD0DB022090E901200050014043
:1076B00094E9012078E300200100800060E30020CD
:1076C000FDFF7F008CE9012000E100E0F0B54FF004
:1076D000FF30002502264FF0FF314FF400124FF427
:1076E00080371F4B87B01B6805934FF000031D4C7C
:1076F0001D4BDFF878C0C4F80833C4F848331C4B7E
:10770000C4F80855CCE902010121C4F8047315201E
:10771000C4F80463C3F880212A46FAF799FB1520C0
:10772000FAF72AFB01231349134AA3602846236072
:10773000009113600023114ACDE90155FFF7A8FE1F
:107740003046FEF78FFD064B1A68059B5A404FF0F6
:10775000000302D1284607B0F0BD0BF089F900BF45
:10776000D0DB02200050014003000F0060E3002046
:1077700000E100E02174010090E90120FFFF7F009B
:107780002DE9F043454B85B01B6803934FF0000390
:10779000434BD3F8042390070ED4414BD3F8042372
:1077A000D1031BD43D4B1A68039B5A404FF0000392
:1077B00072D105B0BDE8F083D3F80421002AECD0E3
:1077C0000021384AC3F80411D3F804311368013397
:1077D0001360334BD3F80423D103E3D5324AD2E804
:1077E000EF1F21F00100C2E8E40F002CF7D1CA0717
:1077F00003D4D3F84031002BD4D00021284A294BA0
:10780000C2F84011D2F840111B68190A1B06BFF3D9
:107810005F8FD2F80425D31841F10001B2F5801F23
:107820000AD2224AD2E90067B34271EB070203D2BF
:1078300013F1807341F10001EFF3118C202282F3E8
:107840001288BFF36F8F1A4CD4E90267B342B94173
:107850001DD34FF0FF384FF0FF3900204FF4803236
:10786000C4E902890E4B216865682060C3F848238B
:10787000C3F84001D3F840318CF31188BFF36F8F08
:1078800000298FD032463B46009588478AE78CF323
:107890001188BFF36F8F85E70BF0EAF8D0DB022089
:1078A0000050014094E901208CE9012078E3002098
:1078B00060E3002030B5264B87B01B6805934FF07E
:1078C0000003431C3FD0234B9842A8BF1846012811
:1078D000B8BF0120204B19680A0A0906BFF35F8F61
:1078E0001E4BD3F80435591842F10002B3F5801F3E
:1078F00005D21B4BD3E90045A142AA4120D3194B25
:10790000D3E90023891AB1F5000F17D2114C0144B5
:10791000A14228BF21460020134C521843F1000316
:10792000CDE901000094FFF7B3FD094B1A68059BF0
:107930005A404FF0000308D107B030BD0549EAE7CF
:1079400011F18071DBE70348C4E70BF091F800BF49
:10795000D0DB0220FFFF7F0094E9012000500140AE
:1079600078E3002070E300202174010030B5164B4D
:1079700083B01B6801934FF00003144B1868020A90
:107980000006BFF35F8F124BD3F80435181842F18D
:107990000002B3F5801F05D20E4BD3E90045A0428B
:1079A000AA410BD30C4B1B68C01A074B1A68019BEA
:1079B0005A404FF0000304D103B030BD10F1807085
:1079C000F0E70BF055F800BFD0DB022094E901206E
:1079D0000050014078E3002070E3002030B5144BE4
:1079E00083B01B6801934FF00003124B1868020A22
:1079F0000006BFF35F8F104BD3F80435181842F11F
:107A00000002B3F5801F05D20C4BD3E90045A0421C
:107A1000AA4108D3064B1A68019B5A404FF0000355
:107A200004D103B030BD10F18070F3E70BF020F803
:107A3000D0DB022094E901200050014078E30020CF
:107A4000012310B50F4A104C82B0126801924FF01A
:107A5000000215206360FAF7B1F94FF400110B4BE7
:107A60000B4AC4F80833C4F84833064BC2F88011F7
:107A70001A68019B5A404FF0000301D102B010BDBB
:107A80000AF0F6FFD0DB02200050014003000F0097
:107A900000E100E02DE9F041134F144D144B82B08A
:107AA000AF421B6801934FF0000310D2064600243A
:107AB000013DED1BED0807F1040857F8343058F884
:107AC000341030469847AC4204F10104F5D1084B1C
:107AD0001A68019B5A404FF0000302D102B0BDE882
:107AE000F0810AF0C5FF00BFC49D0200C49D0200E2
:107AF000D0DB02202DE9F0411B4B82B00022012196
:107B00002A201B6801934FF00003FAF7A1F91748E8
:107B100006F0C6FC0646F0B9154F164DAF420FD21F
:107B20000024013DED1BED0807F1040857F834303F
:107B300058F8341030469847AC4204F10104F5D1AE
:107B4000094B1A68019B5A404FF000030AD1304696
:107B500002B0BDE8F08101210346074A0748F8F763
:107B6000CDFCD9E70AF084FFD0DB0220C0870200F9
:107B7000C49D0200DC9D020014870200606A0200BE
:107B8000F0B51F4E1F4D204B83B0AE421B680193D2
:107B90004FF000030DD20024013DAD1BED08371D51
:107BA00056F8343057F834009847AC4204F10104D9
:107BB000F6D1164916480DF1020207F033FA0128F2
:107BC0000BD006F0D3FC104B1A68019B5A404FF0C3
:107BD000000312D1002003B0F0BDBDF8023023F045
:107BE00004039BB2002BECD002210A480A4AF8F7A2
:107BF00051FC0A4807F0ECF8E3E70AF039FF00BF50
:107C0000DC9D0200DC9D0200D0DB022040870200E8
:107C10004C870200606A020058870200B4870200A5
:107C200030B5194B194C83B01B6801934FF000031A
:107C30000021A4462346164A04F1500E15681A681E
:107C400082421AD0DAB15A68AA1A8A42C8BF9C4640
:107C500003F10803C8BF1146A34201D37345EED315
:107C6000013DCCE90005084B1A68019B5A404FF0D2
:107C7000000306D1604603B030BD9C46F3E79C4646
:107C8000EEE70AF0F5FE00BFD0DB022058EA012043
:107C900054EA012030B50024002500200D4A0E4989
:107CA00083B0096801914FF00001C2E900450B4B18
:107CB000D3E8EF2FC3E8E10F0029F9D1064B1A688A
:107CC000019B5A404FF0000301D103B030BD0AF0D0
:107CD000CFFE00BF80E30020D0DB022054EA012069
:107CE00000B50A4B83B01B6801934FF00003074BAC
:107CF0001A68019B5A404FF0000304D103B05DF8AD
:107D000004EB08F0A9BA0AF0B3FE00BFD0DB0220F2
:107D10002DE9F047804B8AB01B6809934FF00003B0
:107D200080460D460DF0D6F8002800F0ED800BF0EF
:107D300075F82B680746002B0E4600F0E880BCBFA4
:107D40004FF0FF332B600122002102A809F0EEF86A
:107D500001ACCDF82080EFF3118A202383F3128841
:107D6000BFF36F8F0AF0D4FCFFF75AFFDFF8AC8146
:107D70004268D8F800309A4210D043608AF31188E4
:107D8000BFF36F8F0020644B1A68099B5A404FF075
:107D9000000340F0BF800AB0BDE8F0870023DFF8A1
:107DA00080910193D9F80430002B00F09C801C6076
:107DB000C9F804408AF31188BFF36F8F2B685A1CEF
:107DC00000F08A804FF4004240F2E730002123EABD
:107DD000E373C3FB02014FF47A720023F0F798FEBD
:107DE00002460B4602A809F001F9EFF3118A20239D
:107DF00083F31288BFF36F8FD9F8003043B1A342E9
:107E000002D177E0A3425ED01A461B68002BF9D15D
:107E10000AF07EFCFFF704FFD8F8003043608AF3D5
:107E20001188BFF36F8F0DF055F800286CD02C68C7
:107E3000631CA7D00AF0F2FF4FEA40194FEA41183D
:107E4000B9EB000948EAD06868EB01084FEA890CF1
:107E50001CEB000C4FEA88004FEA461E40EA99707E
:107E60004FEA471341EB00014EEAD76EDB1B6EEB86
:107E7000060E4FEA8E0E4EEA937E9B00D81946EB13
:107E80000E06C900F60046EA507641EA5C71CCF372
:107E90001033C0F3103043EA414340EA46401B1A16
:107EA0004FEAD1314FEAE47261EBD631E41A62EB6A
:107EB0000102002AB8BF00242C60002C7FF462AFBE
:107EC0006FF00A005FE701991160D9F80410994238
:107ED00006D0002301939BE74FF0FF32134681E762
:107EE000C9F80420F5E7C9E900448AF31188BFF313
:107EF0006F8F63E7D9F80420019BA242C9F80030D4
:107F0000E7D1C9F80430E4E76FF06D003BE70AF011
:107F1000E7FAD5E70AF0ACFDD0DB022054EA0120F5
:107F200080E3002000B5184B421E83B003321B686B
:107F300001934FF0000318D803464FF4004240F27B
:107F4000E7300021E3FB02014FF47A720023F0F7DF
:107F5000DFFD0D4B1A68019B5A404FF0000310D112
:107F600003B05DF804EB0AF08FBB074B1A68019B66
:107F70005A404FF0000304D16FF0150003B05DF8D4
:107F800004FB0AF075FD00BFD0DB022010B50A4BE0
:107F900082B01B6801934FF000030446FAF7C8FC57
:107FA000054B04601A68019B5A404FF0000301D151
:107FB00002B010BD0AF05CFDD0DB022000B50A4B18
:107FC00083B01B6801934FF00003074B1A68019BB5
:107FD0005A404FF0000304D103B05DF804EB09F000
:107FE000BDBB0AF045FD00BFD0DB022010B51D4B24
:107FF0008646006882B01B6801934FF0000310B101
:10800000194B98421CD2194C94F800C0BCF1060FD1
:108010001AD8154B0CEB4C0003EBC0000CF1010C13
:10802000CEF8000084F800C00E4B1C68019B5C4039
:108030004FF0000313D102B0BDE8104008F076BF46
:10804000A8339842DFD2EFE7064B1A68019B5A40EB
:108050004FF0000303D16FF00B0002B010BD0AF027
:1080600007FD00BFD0DB0220ACE901204CF5012068
:1080700000B50A4B83B01B6801934FF00003074B18
:108080001A68019B5A404FF0000304D103B05DF819
:1080900004EB08F073BF0AF0EBFC00BFD0DB02205A
:1080A00010B5184B82B01B6801934FF000034B1CB6
:1080B000044620D04FF4004C40F2E730002221EA81
:1080C000E173C3FB0C02002311464FF47A72F0F700
:1080D0001FFD02460B46204608F088FF094B00288A
:1080E00018BF6FF00A001A68019B5A404FF0000356
:1080F00005D102B010BD4FF0FF321346EBE70AF096
:10810000B7FC00BFD0DB022000B51A4B83B01B6860
:1081100001934FF000030346006810B1164A9042E5
:1081200015D2164A1178B1B913494FF0010C08461F
:10813000196082F800C00F4B1A68019B5A404FF03B
:10814000000314D103B05DF804EB08F011BD143244
:108150009042E6D2EFE7074B1A68019B5A404FF076
:10816000000304D16FF00B0003B05DF804FB0AF0CC
:108170007FFC00BFD0DB022098E901204BF50120F5
:1081800000B50A4B83B01B6801934FF00003074B07
:108190001A68019B5A404FF0000304D103B05DF808
:1081A00004EB08F08FBD0AF063FC00BFD0DB0220B7
:1081B00010B5184B82B01B6801934FF000034B1CA5
:1081C000044620D04FF4004C40F2E730002221EA70
:1081D000E173C3FB0C02002311464FF47A72F0F7EF
:1081E00097FC02460B46204608F0DEFC094B0028AF
:1081F00018BF6FF00A001A68019B5A404FF0000345
:1082000005D102B010BD4FF0FF321346EBE70AF084
:108210002FFC00BFD0DB022030B5144A83B01268B7
:1082200001924FF000020546114BD3E8EF1F0131D8
:10823000C3E8E21F002AF8D10E4B1C6854B1E36971
:10824000AB4201D005B113B9201D08F097FE246898
:10825000002CF4D1054B1A68019B5A404FF00003E3
:1082600001D103B030BD0AF003FC00BFD0DB022017
:1082700054EA012080E3002000B50C4B83B01B685A
:1082800001934FF00003094B1A68019B5A404FF0CD
:10829000000308D1014600220023054803B05DF821
:1082A00004EB08F0C1BB0AF0E3FB00BFD0DB022007
:1082B000A8EE012000B50B4B83B01B6801934FF073
:1082C0000003084B1A68019B5A404FF0000306D187
:1082D0000146054803B05DF804EB08F0C3BB0AF0A3
:1082E000C7FB00BFD0DB0220A8EE012000B50C4B7D
:1082F00083B01B6801934FF00003094B1A68019B80
:108300005A404FF0000308D10146002200230548DF
:1083100003B05DF804EB08F087BB0AF0A9FB00BFCF
:10832000D0DB0220BCEE012000B50B4B83B01B68F4
:1083300001934FF00003084B1A68019B5A404FF01D
:10834000000306D10146054803B05DF804EB08F0D0
:1083500089BB0AF08DFB00BFD0DB0220BCEE012000
:1083600000B50F4B83B04FF480620E490E481B6876
:1083700001934FF0000308F0E3FA094B1A68019BE0
:108380005A404FF0000308D14FF402520749084801
:1083900003B05DF804EB08F0D3BA0AF069FB00BF44
:1083A000D0DB0220A8EA0120A8EE0120E88400200A
:1083B000BCEE012010B50D4B0D4A1C6882B012684E
:1083C00001924FF000022CB1201D08F0D7FD246867
:1083D000002CF9D1064B1A68019B5A404FF000035C
:1083E00001D102B010BD0AF043FB00BF80E30020C2
:1083F000D0DB02202DE9F041134F144D144B82B015
:10840000AF421B6801934FF0000310D206460024D0
:10841000013DED1BED0807F1040857F8343058F81A
:10842000341030469847AC4204F10104F5D1084BB2
:108430001A68019B5A404FF0000302D102B0BDE818
:10844000F0810AF015FB00BFB49D0200C49D02003C
:10845000D0DB022000B50A4B83B01B6801934FF0BC
:108460000003074B1A68019B5A404FF0000305D1E7
:10847000044803B05DF804EB06F0A4BC0AF0F8FA77
:10848000D0DB0220F583010000B5774B83B02928AB
:108490001B6801934FF0000352D017DC012856D01F
:1084A00006280ED137294FD04FF0FF306E4B1A6897
:1084B000019B5A404FF0000340F0D48003B05DF8B8
:1084C00004FB0028F0D11F293ED0EDE7B0F58D7FE9
:1084D00005D0B0F5007FE7D11E2935D0E4E74B1E6B
:1084E000142BE1D801A050F823F000BF498501000A
:1084F0004985010049850100498501004985010040
:1085000049850100A9840100A9840100A984010012
:10851000A9840100A9840100498501004985010061
:108520005986010061860100A9840100A984010027
:108530004D86010051860100558601005D860100CF
:10854000202901D03E29AFD100201160AEE78B1E5B
:108550003B2BA9D801A050F823F000BF49850100AA
:10856000A984010049850100A9840100A9840100B2
:10857000A9840100A9840100A9840100A984010043
:10858000A9840100A9840100A9840100A984010033
:10859000A9840100A9840100A9840100A984010023
:1085A000A98401004985010049850100A9840100D1
:1085B000A9840100A9840100A9840100A984010003
:1085C000A9840100A9840100A9840100A9840100F3
:1085D000A9840100A98401004985010049850100A1
:1085E000A9840100A9840100A9840100A9840100D3
:1085F000A984010049850100A9840100A984010022
:10860000A9840100A9840100A9840100A9840100B2
:10861000A9840100A9840100A9840100A9840100A2
:10862000A9840100A9840100A9840100A984010092
:10863000A9840100A9840100A9840100A984010082
:10864000A9840100A9840100498501000E217BE76E
:10865000112179E7122177E70F2175E7132173E7DD
:10866000102171E70AF004FAD0DB022000B54FF0C8
:10867000FF320F4B83B01B6801934FF000030D4B8B
:108680001A609A611A639A641A669A67C3F890200E
:10869000C3F8A820064B1A68019B5A404FF000030C
:1086A00003D1002003B05DF804FB0AF0E1F900BF3C
:1086B000D0DB022054EF012000B5094B83B01B68CA
:1086C00001934FF00003064B1A68019B5A404FF08C
:1086D000000303D1002003B05DF804FB0AF0C8F9E1
:1086E000D0DB022070B5184B82B01B6801934FF0AD
:1086F000000305464FF0FF324FF0FF33134808F0F8
:1087000053FA00221346124C54F82210013112D0B1
:108710000133082B02F10602F6D100260B4808F0BF
:10872000D1FA094B1A68019B5A404FF0000309D156
:10873000304602B070BD03EB430304EBC30644F8BC
:108740003350EBE70AF094F9D0DB022034CC002060
:1087500054EF01202DE9F04300272B4C87B001296D
:10876000246805944FF0000415460C461E46CDE9DA
:108770000377DDF83880D0F800901DD1192A3BD05E
:108780001146204602AAFFF77FFE00282DDB143D8C
:10879000012D20D9334621464846029ACDF8008063
:1087A00007F01CF9184B1A68059B5A404FF000035C
:1087B00027D107B0BDE8F0831146204602AAFFF793
:1087C00063FE002811DBB4F58D7FE3D10C2D08BFCB
:1087D0004FF00408DEE7002EDCD03268B3684FF0BB
:1087E0000808039203AE0493D4E7FAF7A1F86D23C7
:1087F00003604FF0FF30D5E7FAF79AF85F23036084
:10880000F7E70AF035F900BFD0DB02202DE9F0418F
:10881000304C88B0246807944FF0000408241546B3
:10882000D0F80080039400200C46002102AACDE974
:108830000401294620461E460E9FFFF725FE00280C
:108840003DDB012C029A10D033462146404600976A
:1088500007F09EF9E8B11F4B1A68079B5A404FF08A
:10886000000334D108B0BDE8F081A5F11403012B59
:1088700011D803AB00932146404604AB07F088F9BA
:108880000028E8D110230499059A70603160B26025
:108890003B600020DFE7214640463346009707F063
:1088A00077F90028D7D1042DF3D130680028F0D013
:1088B000FFF76CFBFAF73CF803683360E9E7FAF777
:1088C00037F86D2203464FF0FF301A60C3E70AF015
:1088D000CFF800BFD0DB02202DE9F043384C8BB03D
:1088E000246809944FF00004DDE9127804464068DA
:1088F000894615461E4608B108F0E4F92A46334673
:10890000494600252068A7B3B8F1000F31D01626DC
:10891000CDE90455CDE90265CDE90655ADF8205005
:1089200003AD009502AD01950DF0CBF8051E25DBDA
:10893000BDF80C30012B34D0022B1FD1029A162A1D
:108940001CD1BC464FF0180EBDF80E209DF82090AB
:108950007A8004AE2CF8043B0FCE7860CCF804107B
:10896000CCF80820CCF80C3087F81490C8F800E058
:1089700004E0CDE900550DF0A4F80546606828B183
:108980004FF0FF324FF0FF3308F00EF90C4B1A682E
:10899000099B5A404FF000030FD128460BB0BDE8A9
:1089A000F083029A082AE9D13B80BDF80E307B8023
:1089B000049B7B60C8F80020E0E70AF059F800BF8C
:1089C000D0DB022000B50A4B83B01B6801934FF047
:1089D0000003074B1A68019B5A404FF0000305D172
:1089E000006803B05DF804EB0CF064BE0AF040F8D8
:1089F000D0DB022010B5264B8AB01B6809934FF0DC
:108A000000030B888C46012B046830D0022B0CD05D
:108A10001F4B1868099B58404FF0000335D1204682
:108A20000AB0BDE810400CF05DBDBCF802204868FB
:108A3000ADF80C308968DCF81030ADF80E20DCF8A9
:108A40000C200DF1100EAEE80F009CF81430162229
:108A5000204603A98DF820300CF044FD0C4B1A6819
:108A6000099B5A404FF000030FD10AB010BDDCF84B
:108A7000042049880292ADF806100822204601A978
:108A8000ADF804300CF02EFDE8E709F0F1FF00BF6F
:108A9000D0DB0220002330B5174A83B01268019260
:108AA0004FF000021A46154C056854F823108D4209
:108AB0000DD00132082A03F10603F6D10E4B1A68D5
:108AC000019B5A404FF0000314D103B030BDB0F900
:108AD0000610094B1868019B58404FF0000309D15C
:108AE00002EB420204EBC200083003B0BDE83040A4
:108AF0000AF03ABF09F0BCFFD0DB022054EF01209E
:108B000030B50E4B83B01B6801934FF0000350B19A
:108B1000044625462468E8690AF090FF28460AF0D2
:108B20008DFF002CF5D1054B1A68019B5A404FF080
:108B3000000301D103B030BD09F09AFFD0DB022061
:108B400000B51549154B83B0096801914FF000013C
:108B50001978E1B903461248007878B9581E0228FE
:108B60008CBF002101210C4B1A68019B5A404FF029
:108B700000030ED1084603B05DF804FBA2F5807037
:108B80000228F0D9A2F58872012AE7D8EBE7002184
:108B9000E9E709F06DFF00BFD0DB02204EF50120B0
:108BA0004DF5012010B50446114B124982B00968F9
:108BB00001914FF000011C6023680F4A0F48DA61F1
:108BC000FAF7E0FD23680C33D3E8EF1F41F008010A
:108BD000C3E8E21F002AF7D1064B1A68019B5A40EE
:108BE0004FF0000301D102B010BD09F041FF00BFFA
:108BF00050EF0120D0DB0220D98D0100088802004F
:108C0000F0B54E4B89B01B6807934FF00003A1F5F8
:108C100081730468032B63D8DFE803F0210E025749
:108C20006FF05E04454B1A68079B5A404FF00003F3
:108C30006AD1204609B0F0BD002154681568236848
:108C400014332360CDE9041104AA05A908300AF001
:108C500071FE059B002B3AD0049BEB8037E0012688
:108C6000D2E901511368B3F904308DF81A60ADF8F8
:108C70001830334B05932B6899422AD000F108072E
:108C800038460AF03DFE3B460022314628680AF08D
:108C90002FFD4FF0080C204631463C2205ABCDF8A5
:108CA00000C006F09BFE0446B8B92B6814332B6055
:108CB000CDE90300384603AA04A90AF03BFE049B51
:108CC000002B18BF6FF07704ACE7136843600024F3
:108CD000A8E7F9F72DFE0C2303604FF0FF34A1E75E
:108CE000032913D0042919D1156835F4804303D022
:108CF000F9F71EFE16230360104BAA131968079B91
:108D000059404FF0000310D009F0B2FE2046002277
:108D10000DF000F8840304F4804483E7F9F708FEBB
:108D200016234FF0FF3403607CE70421204602F055
:108D3000010209B0BDE8F0400CF0ECBFD0DB02202E
:108D4000958A010010B5234B8AB01B6809934FF038
:108D500000030B888C46012B046823D0022B2FD1F3
:108D6000BCF802204868ADF80C308968DCF8103097
:108D7000ADF80E20DCF80C200DF1100EAEE80F005F
:108D80009CF814301622204603A98DF820300CF0F0
:108D900048FC104B1A68099B5A404FF0000317D14A
:108DA0000AB010BDDCF8042049880292ADF8061024
:108DB0000822204601A9ADF804300CF032FCE8E7A7
:108DC000F9F7B6FD6A2203464FF0FF301A60E0E77C
:108DD00009F04EFED0DB02202DE9F0412A4B82B093
:108DE0000C1E1B6801934FF000038046164632DBD1
:108DF00014F080471ED1F3F7DBFB051E33DB214661
:108E0000324640460CF015FB041E29DBFFF76AFCD6
:108E1000014658B33B4628461C4AF3F71BFC1A4B45
:108E20001A68019B5A404FF000032BD1284602B02C
:108E3000BDE8F08109F072FA0123154F3B7032460C
:108E4000404624F04041FAF7A1F900233B70054663
:108E500009F08CFAE3E709F061FA0E4F0123EDE720
:108E60002846F3F72FFC4FF0FF35D8E7F9F760FD00
:108E70000C22034620461A6006F07CFD2846F3F7D4
:108E800021FCF0E709F0F4FDD0DB0220108802009D
:108E90004DF501204EF501202DE9F0430546354CF6
:108EA00040688DB024680B944FF000040E461746BE
:108EB0009846149CD5F8009008B107F003FF94B3CE
:108EC0002388012B39D0022B4AD1ADF81430162358
:108ED0000193B4F802C06068A168E2682369ADF844
:108EE00016C094F814C006AC0FC405AC00944346F9
:108EF0003A46314648468DF828C00CF0A2FC04469C
:108F0000686828B14FF0FF324FF0FF3307F04CFE96
:108F1000184B1A680B9B5A404FF0000327D120468C
:108F20000DB0BDE8F083CDE9004443463A463146F2
:108F300048460CF086FC0446E2E7314608260196D6
:108F400066886468ADF80C30049403AC0094434622
:108F50003A464846ADF80E600CF073FC0446CFE785
:108F6000F9F7E6FC6A234FF0FF340360C8E709F025
:108F70007FFD00BFD0DB02202DE9F04F4C4B85B0C8
:108F80001B6803934FF00003002900F08880CD6830
:108F900080460E469146002D40D088680022034648
:108FA00000EBC50459680833A3420A44FAD1802A69
:108FB00034D90027BA4600EBCA035A684FEACA0BF5
:108FC0007AB90AF1010A5545F5D83C46384B1A687A
:108FD000039B5A404FF0000368D1204605B0BDE81E
:108FE000F08F0025294608E0B068254400EB0B030C
:108FF0005A682946954227440ED21C683068D6F834
:1090000004C0521ACDE9000C21444B464046FFF7FC
:1090100043FF041EE8DAD9E7F568D2E74FF0FF33E3
:109020004FF0FF32234807F0BFFDF3686BB3002415
:109030002746B368DFF880B003EBC40253F834105E
:1090400052680BEB07000DF07AF8B368E2001A449F
:10905000526801341744F268A242EDD8002F14DDA3
:109060000025BA46D6E900324046CDE900320BEB86
:1090700005014B465246FFF70FFF041E0ADD25444B
:10908000BD4203DAA7EB050AECE70024094807F024
:1090900019FE9BE7AF42F9DD002CE3D0F6E7F9F7C4
:1090A00047FC16234FF0FF3403608FE709F0E0FC24
:1090B000D0DB022084CC0020D0EE01202DE9F0434B
:1090C000454B89B006461B6807934FF000030C46DA
:1090D0001746F3F76DFA0546002D30686DDB002C5E
:1090E00045D0002F40D03B686A46082B18BF162396
:1090F0000DF10409009349460CF005FBB0F100089E
:1091000058DBFFF7EFFA0646002859D0DCB1D7B19B
:10911000B9F80030012B2DD0022B34D11822A446EF
:109120003A60BDF806209DF818E0628002AF2CF886
:10913000043B0FCF6060CCF80410CCF80820CCF8CA
:109140000C3084F814E0002331462846234AF3F714
:1091500081FA214B1A68079B5A404FF0000338D11F
:10916000284609B0BDE8F0833A46B946C3E722462F
:10917000A146C0E708223A60BDF806202380029B82
:1091800062806360DFE7F9F7D3FB8622034640463F
:109190001A6006F0EFFB4FF0FF324FF0FF3310483C
:1091A00007F002FD4FF0FF320023C6E900230C4810
:1091B00007F088FD2846F3F785FA4FF0FF35C8E73A
:1091C000F9F7B6FB0C22034640461A6006F0D2FBC4
:1091D000F0E709F04DFC00BFD0DB02201088020050
:1091E00034CC002030B5134B83B0054600681B68B3
:1091F00001934FF0000306F0BDFB044648B10D4B50
:109200001A68019B5A404FF0000311D1204603B069
:1092100030BD4FF0FF324FF0FF33074807F0C4FC7A
:109220004FF0FF33C5E90034034807F04BFDE6E794
:1092300009F01EFCD0DB022034CC00202DE9F04FD9
:1092400000271446574A8BB0126809924FF000026B
:1092500005460E462022394601A8984600970CF094
:109260007BFF5CB1A3680293E368039323690493D3
:1092700063680193236A03B1079301AC2246314628
:1092800028466B4606F0BCF8074600284BD1009DE7
:10929000C8F80000002D43D0044606464FF01809D8
:1092A00054200AF0F1FBA2460446002874D0066060
:1092B00006622B684360AB68C3606A688260EA68D4
:1092C0000261D5F804B0BBF1010F3AD0BBF1020F37
:1092D00046D118200AF0D8FBE061002859D0024698
:1092E000C4F818906B695988418022F804BBD3F800
:1092F00004B0D3F808E0D3F80CC01969C0F804B082
:10930000C2F804E0C2F808C0D1601B7D0375BAF151
:10931000000F13D0CAF80040ED69002DC0D1009DA8
:1093200028460CF068F81F4B1A68099B5A404FF00A
:10933000000334D138460BB0BDE8F08FC8F80040C8
:10934000EAE708200AF0A0FBE06110B30823A3615C
:109350006B695A88A0F800B042805B684360D6E72A
:109360000AF06CFB6FF00507D8F800404CB12546B9
:109370002468E8690AF062FB28460AF05FFB002CCB
:10938000F5D10023009DC8F8003028460CF033F8D2
:10939000C9E720460AF052FB6FF00907E4E709F03D
:1093A00067FB00BFD0DB022070B5154B0446406858
:1093B00084B01B6803934FF000030D46164608B1B6
:1093C00007F080FC0023206829463246CDE90033AF
:1093D0000CF077FB6168044631B14FF0FF324FF07B
:1093E000FF33084607F0E0FB054B1A68039B5A4021
:1093F0004FF0000302D1204604B070BD09F038FBE5
:10940000D0DB0220F0B50446154B406885B01B68E0
:1094100003934FF000030D461646276808B107F086
:1094200051FC0023294632463846CDE900330CF082
:1094300008FA6168044631B14FF0FF324FF0FF3354
:10944000084607F0B1FB064B1A68039B5A404FF0E1
:10945000000302D1204605B0F0BD09F009FB00BFB2
:10946000D0DB022010B50C4B84B01B6803934FF087
:109470000003D0E90034094A012109480094F7F7B4
:1094800073F8054B1A68039B5A404FF0000301D153
:1094900004B010BD09F0ECFAD0DB022054880200C1
:1094A000606A020000B50C4B83B01B6801934FF05B
:1094B00000030A4A01210A48F6F7ECFF064B1A6836
:1094C000019B5A404FF0000303D1002003B05DF828
:1094D00004FB09F0CDFA00BFD0DB02208088020037
:1094E000F06902002DE9F0470026204B82B01B688E
:1094F00001934FF000034FF0010934461C4F07F170
:10950000040857F8340018F83450D0F810A08368D5
:1095100069465B689847002811D019DB09FA04F303
:109520001E430134042CECD1104B1A68019B5A40A5
:109530004FF0000318D1304602B0BDE8F087009B21
:10954000DAF8002009FA05F553402B42E9D0E5E7A7
:10955000064B1A68019B5A404FF0000304D102B039
:10956000BDE8F047FFF79EBF09F082FAD0DB02208A
:10957000C889020000B50C4B83B01B6801934FF003
:1095800000030A4A01210A48F6F784FF064B1A68CD
:10959000019B5A404FF0000304D16FF0150003B057
:1095A0005DF804FB09F064FAD0DB02209888020021
:1095B000F06902002DE9F047294B82B01B68019346
:1095C0004FF000034FF0010A0646264CDFF8989052
:1095D000264F04F1200886B354F8043C4B452FD0A5
:1095E000002B14BF4FF0E8624FF0986254F8040C5F
:1095F000217885680369AD6965B312F4000F07D05F
:109600001B680AFA01FC1CEA030F18BF82F0C06253
:1096100002EA070302F0B072A847054698B9083479
:109620004445D8D10E4B1A68019B5A404FF00003B5
:1096300014D1284602B0BDE8F0874FF40012D5E7F8
:109640004FF09862D2E703460121094A0948F6F72C
:1096500055FFE7E76FF057031D46F5E709F008FAF5
:10966000D0DB0220CC8902004467020040000006E3
:10967000B4880200F069020030B51C4B83B01B684F
:1096800001934FF00003EFF31185202383F3128839
:10969000BFF36F8F164C237853B9164B984214D0F2
:1096A00098B10121212200231348217007F0F6FF11
:1096B00085F31188BFF36F8F0C4B1A68019B5A40DA
:1096C0004FF000030FD103B030BD0020FFF772FF51
:1096D00018B90022094B1A70E3E70121084A09482A
:1096E000F6F7D8FEF5E709F0C3F900BFD0DB02209A
:1096F00050F501204467020090E300204FF501205F
:10970000D4880200F06902002DE9F0414F4B504F20
:1097100082B01B6801934FF000033B782BB100200F
:10972000FFF748FF00287FD13870FFF7DBFE0546C2
:10973000484BD3E8EF2FC3E8E15F0029F9D1464B4E
:109740001A78002A51D1DFF81481D8F80060AE42AF
:109750001CD1C8F80050002D37D1EFF3118620231B
:1097600083F31288BFF36F8F3D4B1C78012C41D0DF
:1097700086F31188BFF36F8F344B1A68019B5A40F0
:109780004FF000035FD102B0BDE8F081354B6E4071
:109790001B680BB1314698474FF0FF334FF0FF3253
:1097A000314807F001FA314B1C683CB1043C236896
:1097B0003146284698476468002CF7D12A4807F0BC
:1097C00081FAC8F80050002DC7D0204B1A68019BC1
:1097D0005A404FF0000336D14FF4A47200232448BE
:1097E00002B0BDE8F04107F059BF0022DFF86C80FD
:1097F0001A70AEE720461D70FFF7DCFE3C7086F362
:109800001188BFF36F8F0028B6D0104B1A68019BE8
:109810005A404FF0000316D12146164A164802B0AE
:10982000BDE8F041F6F736BE084B1A68019B5A4076
:109830004FF0000307D10121104A0F4802B0BDE8E4
:10984000F041F6F727BE09F013F900BFD0DB022084
:109850004FF501203CF001206FCB002018F00120D3
:1098600050F5012040F001201CF0012088E3002089
:1098700090E300200C890200F0690200F0880200E9
:109880002DE9F041244B84B01B6803934FF0000393
:1098900000244FF0010806460F46204D26FA04F337
:1098A000DA0721D427FA04F3DB070CD528682B79D3
:1098B000026908FA03F1136819421DD08368DB6856
:1098C00098470346F3B90134042C05F10805E5D1A6
:1098D0000023114A1168039A51404FF0000219D138
:1098E000184604B0BDE8F0812B79286808FA03F126
:1098F00003691B681942E1D083681B6998470346D6
:10990000002BE0D001930121054A0648F6F7C2FD7D
:10991000019BDEE709F0ACF8D0DB0220A889020049
:1099200024890200F06902002DE9F041224B82B047
:109930001B6801934FF00003002101261F4C04F126
:109940002008B4F806E020684EF40032056906FAF3
:1099500001F32F681EF0010FD0F808C014BF3B437D
:1099600027EA03032B60DCF800309847054688B9E6
:109970000834A04501D02179E3E70F4B1A68019B19
:109980005A404FF0000315D10F2102B0BDE8F0415D
:10999000FFF776BF0A4A01210A48F6F77BFD064B1E
:1099A0001A68019B5A404FF0000303D1284602B0C9
:1099B000BDE8F08109F05CF8D0DB0220A889020044
:1099C0003C890200F06902002DE9F0434F4B504AF8
:1099D00083B0126801924FF0000218604D4D4E485E
:1099E00007F0C6F8A9462E4608214FF0010805F1F8
:1099F0002007F388306813F0010F0CBF20221022DB
:109A0000134343F48032D0F810C013F0010FDCF898
:109A1000003008FA01FE846814BF4EEA030323EA0B
:109A20000E03CCF80030236898470446002854D130
:109A30000836BE4201D03179DBE706464FF0010817
:109A40002868297983689C69002C4CD000234FF446
:109A50000012A0470446002847D12B79083508FAA0
:109A600003F3BD4246EA0306EAD105462B4F2C4BD1
:109A7000C7E9013659F835008368DB69002B3AD015
:109A80000122394698470446002836D10135042D75
:109A9000F0D101262349244807F060FD2349002224
:109AA000002321480E70224D07F076FDD5E8AF2F38
:109AB000204B1A60FFF716FDD5E8EF3FC5E8E20F2F
:109AC000002AF9D1124B1A68019B5A404FF000034B
:109AD00019D1204603B0BDE8F0830121164A17488A
:109AE000F6F7D8FCEEE76FF057040121144A13484B
:109AF000F6F7D0FCE6E76FF057040121114A0F4852
:109B0000F6F7C8FCDEE708F0B3FF00BF40F0012025
:109B1000D0DB0220C88902001CF0012030F00120B7
:109B2000799601000997010090E3002050F501208B
:109B30003CF0012014F0012058890200F069020075
:109B4000788902009489020010B5214B82B0032865
:109B50001B6801934FF000032CD803461D4A0C46A6
:109B600052F8300002EBC30201231179026903FAB3
:109B700001F1126811420FD084B183681B699847C4
:109B800004468CB9124B1A68019B5A404FF00003EF
:109B90001CD1204602B010BD002CEED08368DB68DB
:109BA00098470446002CEDD001210B4A0B48F6F7EC
:109BB00071FCE7E7064B1A68019B5A404FF000031F
:109BC00004D102B0BDE81040FFF7D4BC08F050FF4C
:109BD000D0DB0220A889020024890200F06902007B
:109BE00000B50A4B83B01B6801934FF00003074B8D
:109BF0001A68019B5A404FF0000305D1012103B0C0
:109C00005DF804EBFFF7A0BF08F032FFD0DB0220C5
:109C100000B50A4B83B01B6801934FF00003074B5C
:109C20001A68019B5A404FF0000305D1002103B090
:109C30005DF804EBFFF788BF08F01AFFD0DB0220C5
:109C400000B50F4B83B00F481B6801934FF0000322
:109C500005F0B2F850B90A4B1A68019B5A404FF010
:109C600000030AD1002003B05DF804FB0121034684
:109C7000054A0648F6F742FCEDE708F0F9FE00BF9A
:109C8000D0DB0220919C0100FC890200D069020017
:109C90002DE9F04383B0304C304E314B00AFB4422D
:109CA0001B687B604FF0000334D280464FF0000900
:109CB00005E04046636898470C34B44210D2257AD8
:109CC000EA07F9D4216821B140460CF007FB0028CF
:109CD000F2D0AB07EDD40C34B4424FF00109EED30F
:109CE000B9F1000F16D04046EEF736FF01460022CC
:109CF00000231C48053106F097FE0446A8B14146F2
:109D000004300CF0B2FA1848214607F0ADF81748B5
:109D100007F0A2FB124B1A687B685A404FF0000311
:109D200018D10C37BD46BDE8F0836D4688B06B4650
:109D30004FF400701A460E499883C3E905180D497F
:109D400042F8101F4FF4E45123460B48F6F746FC47
:109D5000AD46DFE708F08CFE74CB0020A4CB0020DA
:109D6000D0DB02200CCC0020F4CC0020B8C90020AD
:109D70002C8A020003000001D06902002DE9F043A3
:109D80001B4B83B01B6801934FF00003DFF8648026
:109D9000DFF86490194D00220023404607F080F858
:109DA0000646C8B1A94512D2134C371D237ADA07EB
:109DB0000AD49B0708D4216819B138460CF08EFAF2
:109DC00010B13846636898470C34AC42EED3314644
:109DD0000B4806F047FEDEE7054B1A68019B5A4028
:109DE0004FF0000302D103B0BDE8F08308F040FE5D
:109DF000D0DB0220F4CC002074CB0020A4CB0020C8
:109E00000CCC002000232DE9F04F624A87B0126885
:109E100005924FF00002027B05460E464768049308
:109E2000002A7BD1D0F8089097F80080B9F1000F94
:109E300038D097F80080B8F1000F27D0B8F10D0F97
:109E40007FD0B8F10A0F36D03A46137814460D2B5E
:109E500002F10102F9D00A2BF7D0DFF83CA104226D
:109E60000AF1100B20465AF8041B0CF006FA68B1F0
:109E7000D34524D0DAF80000EEF76EFE5AF8041B42
:109E8000024620460CF0F9F90028F1D16FF00400E9
:109E9000404B1A68059B5A404FF0000378D107B039
:109EA000BDE8F08FB8F10D0F57D0B8F1000FEDD02D
:109EB000B8F10A0FC8D17B78002BE7D0C4E7B8F11E
:109EC0000D0F25D0B8F10A0F22D06C460DF1100805
:109ED000394642462046B9F1000F2BD000F0D8FA9F
:109EE00094E8070086E80700337A002B3ED0053B54
:109EF000032B049A18D81378717A0D2B43D827486E
:109F000040FA03F3DB073ED4012908BF29730BE0B5
:109F10007B78002BD9D06FF00A00B9E70822C1E99D
:109F200000730A8142680373AB6800200133C5E9FE
:109F30000123ADE700F0DAF994E8070086E80700AE
:109F4000D2E77B78002BA1D00A2B7FF47DAFBB78C2
:109F5000002B9BD04FF00D0876E77B780A2BABD116
:109F6000BB78002BF3D00237476062E742462046B9
:109F7000696800F0A1FB94E8070086E80700337ADF
:109F8000002BB4D101E00029CED16FF04C007FE767
:109F900008F06EFDD0DB02208C8A0200FEDBFFFFA2
:109FA0002DE9F0414A4C84B0246803944FF000043A
:109FB0000024CDE900440294002A7AD00546002806
:109FC00077D017460268002A6DD098464368002B68
:109FD00069D00E463F4B0169994264D18368013BC9
:109FE0009E4298BFC0E9012400E030BB6946284684
:109FF000FFF708FFAB68044603F1FF3C6645F4D861
:10A00000D8B99DF80830052B50D1F8F791FCB8F17C
:10A01000050F009B04601BD11A782D2A39D01846F1
:10A020000A2221460AF04AFA06460D46F8F780FC55
:10A030000368222B2DD0C7E90065254B1A68039BC6
:10A040005A404FF0000337D1204604B0BDE8F081FC
:10A050000A22184621460AF00FF908F1FF38054692
:10A060000E46B8F1030F29D8DFE808F0160D0A02F2
:10A07000F8F75EFC0368222B0BD0C7E90056DCE73B
:10A0800039B93D60D9E710F1004341F10006002ED7
:10A09000F7D06FF02104D0E7B0F5803F76F10001F2
:10A0A000F7D23D80C9E74FF0FF34C6E76FF05E049A
:10A0B000C3E76FF01504C0E708F0DAFC10F50043C1
:10A0C00041F10001B3F5803F71F10001E9D3E0E710
:10A0D000D0DB0220EEFFC0002DE9F043354C85B007
:10A0E000246803944FF0000400249DF83080CDE9EB
:10A0F00000440294002A54D01F46002B51D08146C0
:10A1000000284ED016460268002A47D04368002B2C
:10A1100044D00D46036928498B423FD18368013BF7
:10A120009D4298BFC0E9012400E030BB6946484623
:10A13000FFF768FED9F80830044603F1FF3C654597
:10A14000F3D8D0B99DF80830013BDBB2082B22D8F8
:10A1500040F26F1222FA03F3DB071CD5019DB8F120
:10A16000000F15D13A686B1C9A421DD32A4630461F
:10A1700000990BF0E4FF74553D600E4B1A68039B89
:10A180005A404FF0000312D1204605B0BDE8F083DD
:10A19000009B3360F0E76FF05E04EEE74FF0FF34B2
:10A1A000EBE76FF01504E8E76FF00B04E5E708F064
:10A1B0005FFC00BFD0DB0220EEFFC00000B5104BFB
:10A1C00083B01B6801934FF0000398B191B103462F
:10A1D00000220C4819601861104659609A60DA60D4
:10A1E000074B1A68019B5A404FF0000305D103B09A
:10A1F0005DF804FB6FF01500F2E708F039FC00BFD2
:10A20000D0DB0220EEFFC000002330B51A4A85B033
:10A21000126803924FF00002CDE90033029331B38C
:10A22000044620B30368FBB14368EBB1134B0269EA
:10A230000D469A4218D169462046FFF7E3FD0028F3
:10A24000F9D0A3682B60431D0CD010F10B0F08BF91
:10A250000020094B1A68039B5A404FF0000309D1B4
:10A2600005B030BD0020F4E74FF0FF30F1E76FF0AC
:10A270001500EEE708F0FCFBD0DB0220EEFFC0008B
:10A2800000B50B4B83B01B6801934FF00003084BE4
:10A29000D3F800C0019B93EA0C0C4FF0000305D1EA
:10A2A000022303B05DF804EBFFF77ABE08F0E0FB91
:10A2B000D0DB022010B50024DFF82CC084B0DCF81D
:10A2C00000C0CDF80CC04FF0000C0094FFF704FF65
:10A2D000054B1A68039B5A404FF0000301D104B0AC
:10A2E00010BD08F0C5FB00BFD0DB022010B5674BE6
:10A2F00082B01B6801934FF000030B78412B16D8F6
:10A30000222B1BD9233B1E2B18D8DFE803F025177F
:10A3100025171717171725171717171717171717B1
:10A320001717171717171717171717171200612B7B
:10A3300004D14B7803F0DF03542B28D00023C0E96D
:10A3400000338360514B1A68019B5A404FF0000361
:10A3500040F0998002B010BD4B785A2B13D8402B97
:10A3600002D8303B092BE9D801F1010C9CF80130EF
:10A370000CF1010E3A2B28D022D95A2B1BD8402B96
:10A38000DCD9F446F2E7613B192BD7D8ECE78B78A0
:10A390008C1C233BDBB2082B05D840F2051C2CFAA1
:10A3A00003F3DB071CD4022302B114600322C0E9CB
:10A3B00000138260C6E7613B192BBFD8F446D5E78E
:10A3C000303B092BBAD8F446D0E70CF1020302B1B6
:10A3D000136004225B1A013BC0E900138260B1E7FD
:10A3E000CB785A2B29D8402B02D8303B092BDAD80E
:10A3F00001F1030C9CF801300CF101045A2B20D818
:10A400002F2B23D9303B2A2B20D8DFE803F01D1D4A
:10A410001D1D1D1D1D1D1D1D1F1F1F271F211F1D54
:10A420001D1D1D1D1D1D1D1D1D1D1D1D1D1D1D1D5C
:10A430001D1D1D1D1D1D1D1D1D00613B192BB2D8AD
:10A44000D6E7613B192B01D8A446D3E7631AABE7E3
:10A450000CF1020302B113600222BBE79CF8023048
:10A460003F2B05D00CF1020302B113600322B1E7C8
:10A470000CF1030302B1136001225B1A023BC0E935
:10A48000001382605EE708F0F3FA00BFD0DB022021
:10A4900030B5884B83B01B6801934FF000030B78F5
:10A4A000203B192B37D8DFE803F083362A363636BF
:10A4B00036365F363644554436364B0D0D0D0D0D90
:10A4C0000D0D0D0D0B461C4613F801CFBCF12C0FE2
:10A4D00000F0AF80ACF1300CBCF1090FF3D994F867
:10A4E00000C05C1A02B11360ACF12C03B3FA83F321
:10A4F00005225B09C0E90014027243720FE04B7839
:10A50000013143B1222B00F099800B4613F8014F23
:10A51000002C40F087800023C0E900338360654B46
:10A520001A68019B5A404FF0000340F0C08003B00E
:10A5300030BD4B78313B082BEDD84B1CC3E7194697
:10A540004C784B1C2C2C00F0AE80012491F800C0FC
:10A55000C8E719460AB14B1C136000224FF48473FC
:10A56000C0E900120381DAE74B78002BD3D0283BF7
:10A57000012BD0D94D1C6C78282CCCD0292C40F044
:10A580008F80AB7805F1020C2C2B00F08E802346D7
:10A59000654602B11560A3F12C03B3FA83F30724D7
:10A5A0005B09ACEB0102C0E9001204724372B6E72A
:10A5B0004C784B1C223C172CADD801A555F824F043
:10A5C00095A6010017A5010017A5010017A5010018
:10A5D00017A5010017A5010079A6010017A5010024
:10A5E00017A5010067A6010053A5010067A6010099
:10A5F00017A5010017A501003FA5010021A6010034
:10A6000021A6010021A6010021A6010021A601002A
:10A6100021A6010021A6010021A6010021A601001A
:10A62000194650E7222C7FF471AF0D465C1A19468B
:10A6300006E05C1A4FF02C0C013353E70D46002462
:10A640004B782C2B14BF11F8013B023102B1116081
:10A65000A3F12C03B3FA83F306225B09C0E900548B
:10A66000027243725BE78C78313C082C3FF653AFA3
:10A670008C1C1946234626E78C78292C3FF44BAFD7
:10A68000282C01F102053FF446AF002C3FF443AF04
:10A69000194670E78B780231002B7FF433AF3AE72D
:10A6A0000B460135F1E70124C4E7033571E708F0F3
:10A6B000DFF900BFD0DB022030B5294B83B01B6827
:10A6C00001934FF000030B78392B0DD82F2B1FD897
:10A6D000202B0DD14B785A2B3AD8402B02D8303B47
:10A6E000092B05D8013113E05A2B0ED8402B0FD877
:10A6F0000023C0E900338360194B1A68019B5A405C
:10A700004FF0000329D103B030BD613B192BEFD8C6
:10A710000C46144D14F8013F5A2B11D8402BF9D890
:10A72000203BDBB2192B03D825FA03F3DB07F1D466
:10A7300002B114600923641AC0E900148360DBE7E6
:10A740005F2BE7D0613B192BE4D9002AF1D1F1E767
:10A75000613B192BCCD80131DAE708F089F900BF49
:10A76000D0DB02200160FF0300B50A4B83B01B68F9
:10A7700001934FF0000300F0EBF9064B1A68019BC0
:10A780005A404FF0000303D1002003B05DF804FBF2
:10A7900008F06EF9D0DB022000B5124B83B01B68C5
:10A7A00001934FF0000358B10E4B1A68019B5A40B9
:10A7B0004FF0000313D103B05DF804EB00F02CB9A7
:10A7C000084B1A68019B5A404FF0000307D1032140
:10A7D000054A064803B05DF804EBF5F75BBE08F0E8
:10A7E00047F900BFD0DB02209C8A0200386A0200D1
:10A7F00000B5164B83B01B6801934FF0000370B196
:10A8000000F00AF9114B1A68019B5A404FF00003FF
:10A810001AD1002003B05DF804EB00F065BB00F036
:10A820007BF90028EED00A4A01210A48F5F732FEEA
:10A83000064B1A68019B5A404FF0000304D16FF099
:10A84000150003B05DF804FB08F012F9D0DB02201C
:10A85000108B0200386A020000B50A4B83B01B68F7
:10A8600001934FF00003074B1A68019B5A404FF0C9
:10A87000000304D103B05DF804EB00F0F7BA08F070
:10A88000F7F800BFD0DB022000B50A4B83B01B688D
:10A8900001934FF00003074B1A68019B5A404FF099
:10A8A000000304D103B05DF804EB00F009BD08F02B
:10A8B000DFF800BFD0DB022000B50A4B83B01B6875
:10A8C00001934FF00003074B1A68019B5A404FF069
:10A8D000000304D103B05DF804EB00F0DDBB08F029
:10A8E000C7F800BFD0DB02202DE9F041134F144D13
:10A8F000144B82B0AF421B6801934FF0000310D29B
:10A900000024013DED1BC6B2ED0807F1040857F81D
:10A91000343058F8341030469847AC4204F1010402
:10A92000F5D1084B1A68019B5A404FF0000302D141
:10A9300002B0BDE8F08108F09BF800BFB49D0200B2
:10A94000B49D0200D0DB022000B50C4B83B01B6825
:10A9500001934FF00003094A1168019A51404FF0EA
:10A96000000208D103460121054A064803B05DF8FC
:10A9700004EBF5F7C3BD08F07BF800BFD0DB022085
:10A98000308B0200386A020000B51D4B83B01B6893
:10A9900001934FF0000320BB1A4A1B4B1178187823
:10A9A000FFF772FF68B9164B1A68019B5A404FF0C7
:10A9B000000322D10121154803B05DF804EB04F037
:10A9C00007BA0F4A1168019A51404FF0000214D1A2
:10A9D000034601210E4A0F4803B05DF804EBF5F77A
:10A9E0008DBD074B1A68019B5A404FF0000304D1FC
:10A9F00003B05DF804EBFFF7A7BF08F039F800BF1C
:10AA0000D0DB022070CB002071CB0020A08B020095
:10AA1000688B0200386A020030B51D4B83B01B689A
:10AA200001934FF0000304461A4D4FF0FF334FF0EF
:10AA3000FF32194806F0B8F82B6813B911E01B680B
:10AA40007BB15A68A242FAD1134806F03BF90020C4
:10AA50000F4B1A68019B5A404FF0000316D103B008
:10AA600030BD082009F010F850B1002344600360A5
:10AA70006B6813B118606860E6E7C5E90000E3E7BA
:10AA8000054806F01FF96FF06800E1E707F0F0FFF6
:10AA9000D0DB0220C0E300205CCC002030B51B4B93
:10AAA0001B4C83B01B6801934FF00003236823B352
:10AAB00005464FF0FF334FF0FF32164806F074F8AA
:10AAC00023685BB11C6828465B68984734B123460D
:10AAD000246828465B689847002CF8D10B4B1A680D
:10AAE000019B5A404FF0000305D10A4803B0BDE86E
:10AAF000304006F0E7B807F0BBFF044B1A68019B33
:10AB00005A404FF00003F6D103B030BDD0DB022035
:10AB1000C0E300205CCC002000B50B4A83B0126873
:10AB200001924FF00002094B1868074B1A68019B0D
:10AB30005A404FF0000305D1B0FA80F0400903B04D
:10AB40005DF804FB07F094FFD0DB0220C0E3002097
:10AB500010B5002486B003A800900D490D480E23BF
:10AB6000006805904FF000004FF4806203910A489E
:10AB70000A49049406F0A2FC064B1A68059B5A4049
:10AB80004FF0000301D106B010BD07F071FF00BF08
:10AB9000B48B0200D0DB0220C8E300209009022021
:10ABA0002DE9F041A8B0A44B00AF054638220021A2
:10ABB00007F158001B68C7F89C304FF000030BF0FA
:10ABC000CBFA00210A23302207F12800C7E901311E
:10ABD0000BF0C2FA4FF0FF33294607F11400C7E922
:10ABE0000C33FFF7EBFA3A46012107F11400FFF7A7
:10ABF00047FB002840F0998007F1140007F1080195
:10AC00003E78FFF701FBB0460446002840F0DA80AA
:10AC10005A2E03D0BB68032B00F2A4803A460421CD
:10AC200007F11400FFF72CFB80BB3D78052107F1ED
:10AC30000C0207F11400FFF723FB07F11002044692
:10AC4000062107F11400FFF71BFBFA6844EA000332
:10AC5000134300F0C980012E1AD0052E18D0042EFF
:10AC60001DD95A2E1BD001213346744A7448F5F77A
:10AC700045FC714B1A68D7F89C305A404FF00003DE
:10AC800040F0D780A037BD46BDE8F0810025CDE774
:10AC90003B6B013300F0C2806A4806F06FF9FFF7A2
:10ACA0003BFF03460028E4D1674A1178414578D13B
:10ACB000664B396B9A68914203D17A6BDB689A4292
:10ACC00021D0042307F12804A646DFF880C187F8C5
:10ACD00058300FCCACE80F000FCCACE80F0094E874
:10ACE0000F0007F160068CE80F00BEE80F000FC6EA
:10ACF000BEE80F000FC694E80F0086E80F0007F1CA
:10AD00005800FFF7CBFE524B1A78AA42B1D0092D5A
:10AD100004D840F28122EA40D2075AD401212B46BE
:10AD20004C4A4748F5F7EAFBA3E7044601210346EE
:10AD3000494A4348F5F7E2FB6E468AB06B4640F25B
:10AD400001301A464549DD61C3E9051444491884B8
:10AD500042F8101F00234FF411513948F5F73EFC1B
:10AD6000B54686E702213B1D07F1900207F114006A
:10AD7000FFF7A0FA002854D00A2203217A603B1D75
:10AD800007F1900207F11400FFF794FA00287FF40E
:10AD900045AF0146102207F1900009F0E9FA386347
:10ADA0003CE707F1580082F8008087F8583087F8B0
:10ADB0006080FFF773FE254B396B9A6891423FF430
:10ADC0007CAF7EE701210346264A1D48F5F796FB36
:10ADD000B2E7052207F158001D7087F8605087F828
:10ADE0005820FFF75BFE44E76C46D7E90C028AB0B7
:10ADF0006946D7F810C0C1E906C0C1E90825062098
:10AE00000A46DFF864C0C1F814C042F8100F4FF4CE
:10AE100042510B48F5F7E2FBA5461CE74FF004084A
:10AE20003DE70146102207F1900009F0A1FA78638E
:10AE3000A2E707F01DFE00BFD0DB0220BC8C0200A1
:10AE4000386A0200ACCC002051F50120A0E40020BB
:10AE500052F50120E48C0200BC8B0200908C0200B1
:10AE600004000001EC8B02003C8C0200002310B5B2
:10AE7000184A84B0126803924FF000020293D0B1D6
:10AE800004461549154802AB0DF1060204F0CAF854
:10AE9000002813DD029B002001330CBF04239DF822
:10AEA000063023700B4B1A68039B5A404FF0000387
:10AEB0000DD104B010BD6FF01500F3E7012103467A
:10AEC000074A0848F5F71AFB6FF00D00EAE707F0AC
:10AED000CFFD00BFD0DB0220FC8C02001C8D0200E5
:10AEE000BC8B0200386A0200F0B5354B83B00126F6
:10AEF0001B6801934FF000030746324DD5E8EF3F42
:10AF0000C5E8E26F002AF9D1002B4FD10DF1030003
:10AF1000FFF7ACFF0446E8B99DF8033003F0FB03EC
:10AF2000012B06D00DF1020000F080F8D0B16FF0D7
:10AF30000D040023D5E8EF2FC5E8E13F0029F9D142
:10AF40001F4B1A68019B5A404FF0000336D1204630
:10AF500003B0F0BD1C4A31461C48F5F79BFA6FF070
:10AF60000D04E6E71A4806F079F8304600F094F848
:10AF700090B9002FDDD04FF096720023144806F0F0
:10AF800035F810F10B0F09D00028D2D004469DF8F7
:10AF9000020000F081F8CCE70446CAE703210D4A1D
:10AFA0000A48F5F777FA6FF07304F0E702210A4ACE
:10AFB0000648F5F76FFA6FF07604C1E707F058FD21
:10AFC000D0DB022044F00120448D0200386A0200E8
:10AFD000ACCC0020708D0200288D020000B50F4B14
:10AFE00083B00F481B6801934FF0000303F0F0FE9D
:10AFF00048B90A4B1A68019B5A404FF000030BD125
:10B0000003B05DF804FB01210346064A0648F5F744
:10B0100075FA6FF00D00ECE707F02AFDD0DB022097
:10B02000988D0200A48D0200386A020010B5154BFD
:10B0300082B01B6801934FF00003F0B1044612493F
:10B0400012480DF1020203F0EDFF01280CD100209F
:10B05000BDF8023023700B4B1A68019B5A404FF029
:10B0600000030DD102B010BD01210346084A094872
:10B07000F5F744FA6FF00D00EDE76FF01500EAE721
:10B0800007F0F6FCD0DB0220408702004C8702006C
:10B09000E48D0200386A020010B5294B82B0042802
:10B0A0001B6801934FF0000304461CD9A0F1140360
:10B0B000DBB2182B06D8012222499A400A4227D136
:10B0C000012B1FD0204801212346204AF5F716FA0C
:10B0D0006FF015001A4B1A68019B5A404FF000039D
:10B0E0002BD102B010BD0428ECD801A353F820F0F6
:10B0F00011B1010005B1010011B10100C5B001009D
:10B1000011B10100FFF76AFF70B900F075F858B986
:10B1100021460F4803F05CFE0028DBD001210D4AD8
:10B120000948F5F7B7F905E0012103460A4A064840
:10B13000F5F7E4F96FF00D00CCE707F099FC00BFDC
:10B14000D0DB0220010C3001386A02004C8E020074
:10B15000688E0200748E0200208E020010B5044634
:10B1600096B0204B3822002106A81B6815934FF09B
:10B1700000030AF0F1FF214601A8FFF71FF80121A3
:10B180006A4601A8FFF77CF8E0B9009B83B9032267
:10B1900006A88DF820308DF81820FFF77FFC114BA2
:10B1A0001A68159B5A404FF0000319D116B010BD14
:10B1B000012BECD001210C4A0C48F5F79FF96FF0F8
:10B1C000150406E0044601210346094A0748F5F73D
:10B1D00095F901212346074A0448F5F78FF9DEE780
:10B1E00007F046FCD0DB0220DC8E0200386A020049
:10B1F000B08E0200F88E020000B50F4B83B00F48EE
:10B200001B6801934FF0000303F0E2FD48B90A4BBD
:10B210001A68019B5A404FF000030BD103B05DF850
:10B2200004FB02210346064A0648F5F767F96FF06A
:10B230000D00ECE707F01CFCD0DB0220608F020061
:10B24000208F0200386A0200002170B5184B90B0C0
:10B250000646382268461B680F934FF000030C46E1
:10B260000AF07AFF134D0836314655F8040BEDF716
:10B2700069FC90B101340A2CF6D16FF03C03012136
:10B280000D4A0E48F5F73AF9094B1A680F9B5A40D8
:10B290004FF000030AD110B070BD0B2368468DF843
:10B2A00008408DF80030FFF7F9FBEDE707F0E0FB11
:10B2B000D0DB02205C9002006C8F0200386A020032
:10B2C00030B51F4B83B01B6801934FF00003431E42
:10B2D000062B044621D804290D4615D8194A1A4BC5
:10B2E000525C53F82010194803F072FDE0B9184A77
:10B2F000184B14701D70124B1A68019B5A404FF086
:10B3000000031AD103B030BD01212B46124A134865
:10B31000F5F7F4F86FF01500EDE701210346104A48
:10B320000E48F5F7EBF8F5E7012103460D4A0B4807
:10B33000F5F7E4F86FF00D00DDE707F099FB00BFCB
:10B34000D0DB02201091020050910200D090020048
:10B3500071CB002070CB0020A8900200386A020058
:10B3600084900200E890020000B50A4B83B01B688D
:10B3700001934FF0000300F035F9064B1A68019B6A
:10B380005A404FF0000303D1002003B05DF804FBE6
:10B3900007F06EFBD0DB022000B50C4B83B01B68BE
:10B3A00001934FF000030A4A01210A48F5F772F8A9
:10B3B000064B1A68019B5A404FF0000304D16FF00E
:10B3C000150003B05DF804FB07F052FBD0DB022050
:10B3D00070910200E869020010B51B4B82B01B6837
:10B3E00001934FF0000300B3044600F08DF960B103
:10B3F000154B1A68019B5A404FF0000321D120469B
:10B4000002B0BDE8104000F019B9104A02211048FE
:10B41000F5F740F80C4B1A68019B5A404FF00003B7
:10B420000FD16FF03C0002B010BD074B1A68019BB2
:10B430005A404FF0000304D102B0BDE81040FFF7BE
:10B44000ABBF07F015FB00BFD0DB0220B4910200B8
:10B45000E869020000B50A4B83B01B6801934FF006
:10B460000003074B1A68019B5A404FF0000304D1B8
:10B4700003B05DF804EB00F047B907F0F9FA00BF3C
:10B48000D0DB022000B50A4B83B01B6801934FF05C
:10B490000003074B1A68019B5A404FF0000304D188
:10B4A00003B05DF804EB00F00BB907F0E1FA00BF60
:10B4B000D0DB022000B5174B83B01B6801934FF01F
:10B4C0000003037823B9037A03F0FB03012B09D0AF
:10B4D000104B1A68019B5A404FF0000317D103B07C
:10B4E0005DF804FBFFF7B6FF0028F1D1094B1A689D
:10B4F000019B5A404FF0000309D14FF40042002352
:10B500000549064803B05DF804EB06F081B807F082
:10B51000AFFA00BFD0DB022030C90020D8E4002001
:10B5200000B50E4B83B01B6801934FF00003F7F793
:10B53000FFF903680A4A02210A48F4F7DFFF074BC4
:10B540001A68019B5A404FF0000304D16FF03C0091
:10B5500003B05DF804FB07F08BFA00BFD0DB0220DC
:10B5600034920200E869020000B5194983B0002254
:10B57000096801914FF00001164BD3E8EF1FC3E8B3
:10B58000E02F0028F9D10121134BD3E8EF2FC3E8B6
:10B59000E01F0028F9D10E4B7AB91A68019B5A4076
:10B5A0004FF0000312D14FF0E15200230B490C4839
:10B5B00003B05DF804EB06F02BB81A68019B5A4003
:10B5C0004FF0000302D103B05DF804FB07F050FA1E
:10B5D000D0DB02204CF0012050F0012030C90020C7
:10B5E000D8E4002010B5002486B003A800900E49CE
:10B5F0000E480E23006805904FF000004FF4A06243
:10B600000B4803910B49049405F058FF0A48FFF7D3
:10B61000C3F8064B1A68059B5A404FF0000301D14E
:10B6200006B010BD07F024FA54920200D0DB0220CD
:10B63000D8E40020900D0220B5B4010070B51E4B77
:10B6400086B00446694601201B6805934FF000034D
:10B65000F7F7B8FB50BBDDE90052029B174E5101D2
:10B6600086FB036E4FEAE37C6B015B1B41EAD5610D
:10B6700061EB0201890041EA93719B005B1942EB87
:10B680000102D200CCEBAE4C42EA5372DB0013EB6A
:10B690000C0342EBEC72C4E90032074B1A68059BBD
:10B6A0005A404FF0000304D106B070BDFFF738FFD9
:10B6B000F3E707F0DDF900BFD0DB022083DE1B4398
:10B6C00000B50D4B83B01B6801934FF0000308B128
:10B6D0000A4B18600A490B4805F08EFE064B1A68A3
:10B6E000019B5A404FF0000303D1002003B05DF8E6
:10B6F00004FB07F0BDF900BFD0DB022054F00120AD
:10B70000CCC90020D8E4002000B50C4B83B01B68E6
:10B7100001934FF000030A4AD2E900321343074B6A
:10B7200014BF012000201A68019B5A404FF000030B
:10B7300002D103B05DF804FB07F09AF9D0DB0220D8
:10B74000D0E4002070B5204B204C82B01B680193E0
:10B750004FF00003D4E9003213432FD007F05EFB13
:10B76000D4E900654A014FEA401CBCEB000C42EAF8
:10B77000D06262EB01024FEA8C0392001B1842EA8E
:10B780009C7241EB0201C90041EA5371C3F31033CB
:10B7900043EA41430E4C9B1B4FEAD13161EB05015B
:10B7A000A34271F1000109DA0020074B1A68019BDE
:10B7B0005A404FF0000304D102B070BD6FF03C005E
:10B7C000F3E707F055F900BFD0DB0220D0E40020FA
:10B7D00080EE36002DE9F0434FF0000915463D4A52
:10B7E0008FB012680D924FF00002804624220F465F
:10B7F00004A849461E46CDE90099CDE902990AF010
:10B80000ABFC07F00BFB8C4644014901241A324B78
:10B8100041EAD06161EB0C011E608900A3001B1896
:10B8200041EA94714CEB010C4FEACC0C4CEA537C8E
:10B830002A4AC3F3103343EA4C434FEADC34136023
:10B840005460FFF791FE264BD3E8EF2FC3E8E19F4A
:10B850000029F9D1404639464FF47A720023EDF7BA
:10B8600007F9204BCDE9000103FB02F269460120F4
:10B870000292EDF7C9FAE0B9684604A9F7F7BAF8F9
:10B8800085B9194B1D70194B1B680BB116489847A9
:10B89000104B1A680D9B5A404FF0000317D10FB0A0
:10B8A000BDE8F083314604A800F036FBFF2DEAD056
:10B8B000E7E70F4A034601210E48F4F71FFE032273
:10B8C0000A4B09481B680270002BE0D1E0E707F043
:10B8D000CFF800BFD0DB0220C8C90020D0E4002090
:10B8E0004CF0012040420F0048F0012054F00120AC
:10B8F00068920200E8690200F0B54D4B4D4C89B0EA
:10B900001B6807934FF00003D4E90032134345D07E
:10B9100007F084FAD4E900654A014FEA401CBCEB09
:10B92000000C42EAD06262EB01024FEA8C03920003
:10B930001B1842EA9C7241EB0201C90041EA5371B3
:10B94000C3F3103343EA41433B4C9B1B4FEAD131D5
:10B9500061EB0501A34271F100011FDAFFF704FE5C
:10B96000364B1B688BB1324A1168079A51404FF031
:10B9700000025AD1324809B0BDE8F04018470246EB
:10B98000DDE90201019BFFF725FF294B1A68079BA0
:10B990005A404FF0000348D109B0F0BD0023294CB4
:10B9A000D4E8EF2FC4E8E13F0029F9D16323002652
:10B9B000002701A902A8CDE90267019300F044FA2B
:10B9C0000028DCD004A8CDE9046700F045F808B3EE
:10B9D0001D4BD3E8EF2F511CC3E8E01F0028F8D11E
:10B9E000002A1FDA0122D4E8EF3FC4E8E12F002942
:10B9F000F9D133B94FF4F01200231449144805F07B
:10BA000007FE03220D4B0E481B680270002BBCD0B2
:10BA10009847BAE70F4B0122DDE904011B68FFF7E5
:10BA2000D9FEB2E7FFF7A0FDEBE707F021F800BF72
:10BA3000D0DB0220D0E4002080EE360054F001205C
:10BA400048F0012050F001204CF0012030C90020C6
:10BA5000D8E40020C8C900202DE9F043464BA1B02E
:10BA6000044601A81B681F934FF00003FEF7F4FE85
:10BA7000002866D19DF8043003F0FB03012B0CD0A5
:10BA80006FF03C063C4B1A681F9B5A404FF0000376
:10BA90006FD1304621B0BDE8F083384DDFF8E0804B
:10BAA000DFF8E09005F10807542200210AA855F8B4
:10BAB000046B0AF051FB4FF4806330460B93414610
:10BAC00001AB0AAAF7F70CFB68BB019B02A8D3E9FC
:10BAD0000621F5F763FA00283AD141F28831294A64
:10BAE00002A8F5F79DFA064600283ED10198F7F71F
:10BAF00015FB02A8F5F77CFBD9E9000359014201C7
:10BB0000121A41EAD06161EB0301890041EA9271A6
:10BB10009200121843EB0103DB0043EA5273D20098
:10BB2000C4E90023AEE702210346174A1748F4F799
:10BB3000E5FCAF42B8D10221154A1448F4F7AAFC3B
:10BB40009EE702210346134A1048F4F7D7FC97E713
:10BB500002210346104A0D48F4F7D0FC0198F7F78C
:10BB6000DDFA02A8F5F744FBE3E7022103460B4A9E
:10BB7000F1E706F07DFF00BFD0DB02205493020006
:10BB8000C4920200B0E50020C8920200E8690200F9
:10BB90001093020088920200E0920200F8920200E4
:10BBA000F0B58DB00122724B724900AF0968F9629D
:10BBB0004FF0000104461A70FFF7C4FD00B32C21BA
:10BBC00020460AF045FB054668B3ECF7C5FF102890
:10BBD00021D96B78222B3BD06D4688B06B464FF451
:10BBE00000701A46644E65499C615E61988342F814
:10BBF000101F00234FF4E2516148F4F7EFFCAD460B
:10BC00005C4B1A68FB6A5A404FF0000340F0AD806D
:10BC10003437BD46F0BD6D4688B06B464FF40070BA
:10BC20001A46584EDFE76E4688B06B464FF40070F8
:10BC30001A4655499883C3E90514504942F8101F24
:10BC40004FF4E2512B464E48F4F7C8FCB546D7E70F
:10BC500007230E2107F12402A81CF2F78BFA06280D
:10BC60006DD997F829C097F828400CF00F0606EB1D
:10BC7000860E4FEA1C1606EB4E06F6B23E6004F046
:10BC80000F0606EB8606240997F8270004EB460406
:10BC900097F82630E4B297F824107C6000F00F0487
:10BCA00004EB8406040903F00F0097F82A5001F012
:10BCB0000F0204EB460400EB8006180902EB820237
:10BCC00000EB4600090901EB420105F0070397F874
:10BCD0002520E4B2C0B2C7E9024003EB83032C097C
:10BCE00004EB430402F00F0303EB8303120902EB9E
:10BCF0004302C9B2D2B22B0702F1FF32384601F13A
:10BD0000640148BF6442C7E90421F2F7AFFA234651
:10BD100046014C01361A44EAD06464EB0104B500D4
:10BD20002D184FEA840040EA967041EB0001C900EB
:10BD30000022E80041EA5571FFF74CFD60E76D46CF
:10BD40008AB06B4640F201361A461049DC61C3E9FD
:10BD500005100F491E8442F8101F00234FF41151A3
:10BD60000748F4F73BFCAD464AE706F081FE00BF0A
:10BD700053F50120D0DB0220B09302000300000144
:10BD8000E86902008C9302005C930200E8930200D1
:10BD90000400000100B5134B83B013481B680193E6
:10BDA0004FF0000303F014F848B90E4B1A68019BDA
:10BDB0005A404FF0000312D103B05DF804FB094A6A
:10BDC0001168019A51404FF0000208D10346012149
:10BDD000064A074803B05DF804EBF4F78FBB06F0A2
:10BDE00047FE00BFD0DB02202C94020038940200F2
:10BDF000E869020000B5114B83B001281B6801936C
:10BE00004FF000030D4B0AD0152808D01A68019B8B
:10BE10005A404FF000030FD103B05DF804FB1A68DD
:10BE2000019B5A404FF0000306D10549054803B075
:10BE30005DF804EB05F0E0BA06F01AFED0DB022054
:10BE4000DCC90020D8E40020632270B52C4B2D4CB7
:10BE50001B7892B0246811944FF000040792002BD5
:10BE600048D007AA09AB08AECDE9036202930AAA3B
:10BE70000BABCDE9003204460CAB0D4622482349FA
:10BE80000DAA03F0CFF8831F012B2DD8DDE90C326A
:10BE900030466432013BCDE90C32F2F7E7F94FF05E
:10BEA000000E46014B01361A43EAD06363EB0103EF
:10BEB0004FEA860C9B001CEB000C43EA967341EBA7
:10BEC0000303DB0043EA5C73079A63604FEACC0329
:10BED00023602A600B4B1A68119B5A404FF00003F5
:10BEE0000BD1704612B070BD02210346084A0948C2
:10BEF000F4F704FB6FF03C0EECE706F0B9FD00BF71
:10BF000053F50120D0DB02209094020074940200CB
:10BF10009C940200E869020000B51F4B1F4A1B7881
:10BF200087B0126805924FF000024BB11B4B1A68A4
:10BF3000059B5A404FF000032CD107B05DF804FB7D
:10BF40004FF0640E03914169154B026983FB013C7C
:10BF50000368013202934368019383680093C368C6
:10BF6000C817C0EB6C100EFB10110E4802F030FF2A
:10BF70000028DBD0094B1A68059B5A404FF000039C
:10BF800008D103460121084A084807B05DF804EBD0
:10BF9000F4F7B4BA06F06CFD53F50120D0DB0220B3
:10BFA0001F85EB513095020060950200E8690200A0
:10BFB00000B5134B83B0014612481B6801934FF044
:10BFC000000302F005FF48B90D4B1A68019B5A4067
:10BFD0004FF0000312D103B05DF804FB084A11686A
:10BFE000019A51404FF0000208D103460121064A50
:10BFF000064803B05DF804EBF4F780BA06F038FDAC
:10C00000D0DB0220E493020088950200406A02001F
:10C0100000B50F4B83B01B6801934FF000030C4B2E
:10C0200040B11A68019B5A404FF000030ED103B093
:10C030005DF804FB1A68019B5A404FF0000305D1DC
:10C04000044803B05DF804EBFFF7B2BF06F010FD43
:10C05000D0DB0220B095020010B50F4B82B00F4923
:10C060000F481B6801934FF0000300F0A3F904464A
:10C0700048B9094B1A68019B5A404FF0000309D197
:10C08000204602B010BD01210346064A0648F4F7D7
:10C0900035FAEEE706F0ECFCD0DB022051C30100DC
:10C0A00058F00120D8950200686A02002DE9F0419D
:10C0B00082B0DFF828828A4BD8F8704000AF072C96
:10C0C0001B687B604FF000030D4600F0080676D039
:10C0D000132C5ED0052C3BD0824B834AE8468AB0B5
:10C0E0000F2CC8BF1A466B464FF400719A611A466E
:10C0F0007E48103CDC61586119847D4B42F8103F4A
:10C1000000234FF411517B48F4F768FA0024C54628
:10C11000EB69A6B9C3F3080240F2FF11AAB12946A0
:10C120002046F5F7D5F86E4B1A687B685A404FF0F9
:10C13000000340F0D0800837BD46BDE8F08123F40D
:10C14000FF7323F00103EB61E9E70B43EB61E6E7E3
:10C15000D8F854800121684A6648F4F79BF918F42E
:10C16000805F5AD1162418F4006F7DD118F4007F37
:10C170006ED118F4806F64D118F4807F5AD118F40E
:10C18000005FC5D001215D4A5A48F4F783F91C24A9
:10C19000BEE7D8F86C800121594A5648F4F77AF97D
:10C1A00018F0020F40D118F0010F30D118F0040F31
:10C1B000AED00121534A4F48F4F76CF9A8E7D8F8FC
:10C1C0005C404C480121504AF4F764F9600616D4EB
:10C1D000E1070DD4A2074ED463075AD4200765D4D3
:10C1E000E1064FD4A20668D423066DD425248FE738
:10C1F0000121464A3F48F4F74DF9262488E7D8F84C
:10C2000068300121424A3B48F4F778F9E0E7012120
:10C21000404A3848F4F73EF9C8E701213E4A35481C
:10C22000F4F738F917249EE701213C4A3148F4F726
:10C2300031F9B8E701213A4A2E48F4F72BF91B24CB
:10C2400066E70121374A2B48F4F724F91A2493E7CB
:10C250000121354A2748F4F71DF9344B18F4004FF3
:10C260009B6B1DD1192484E70121314A2148F4F741
:10C2700011F918247AE701212E4A1E48F4F70AF929
:10C28000272445E701212C4A1A48F4F703F92A2408
:10C290003EE70121294A1748F4F7FCF8282437E73C
:10C2A0000121274A1348F4F729F9DBE70121254A40
:10C2B0001048F4F7EFF829242AE70121224A0D4813
:10C2C000F4F7E8F82B2423E70121204A0948F4F782
:10C2D000E1F82C241CE706F0CBFB00BF58F001204E
:10C2E000D0DB0220BC800200A4800200A8810200F2
:10C2F00004000001686A0200307F0200D87F02005B
:10C30000FC96020078970200149602004096020004
:10C310003096020048970200487F020018970200FA
:10C32000C07F0200A47F0200707F020000ED00E0E9
:10C330005C7F020058960200B496020078960200D4
:10C340008C7F020094960200CC960200E8960200D0
:10C3500010B5164B164A8AB0126809924FF00002C7
:10C36000D3E90E019A6A5C6A0292DA6A0690039235
:10C370001A6B019404925A6B05921A6CD3E9130359
:10C380009B0720F00500CDE9071248BF40F00400EC
:10C3900001A9FFF78BFE064B1A68099B5A404FF024
:10C3A000000301D10AB010BD06F062FB58F0012075
:10C3B000D0DB0220042370B506460C46082588B061
:10C3C000184905AA096807914FF000011846019223
:10C3D0000DEB030103AA0493CDF80CD0059602954A
:10C3E000069400F083F80228009B10D003280BD09D
:10C3F00080B14FF0FF300B4B1A68079B5A404FF04B
:10C4000000030CD108B070BD6FF08500F3E76FF04A
:10C410001500F0E7181E18BF01204042EBE706F0B8
:10C4200027FB00BFD0DB022000B5094B83B01B689F
:10C4300001934FF00003064B1A68019B5A404FF0DE
:10C44000000303D1002003B05DF804FB06F010FBED
:10C45000D0DB02202DE9F043214CA5B024682394C1
:10C460004FF000041F4C89462778154604461E46A7
:10C47000DDF8B080BFB14FF0FF324FF0FF331A4804
:10C4800004F092FB30BB01A8F5F7F2FA43463246BE
:10C4900029464846A047044601A8F5F7FFFA124886
:10C4A00004F010FC0BE001A8F5F7E2FA434632462F
:10C4B00029464846A047044601A8F5F7EFFA084B7D
:10C4C0001A68239B5A404FF0000306D1204625B03E
:10C4D000BDE8F0836FF08304F1E706F0C9FA00BF0E
:10C4E000D0DB022061F5012098CC002030B500237C
:10C4F000042489B002AD0395144D2D6807954FF0C3
:10C500000005CDE9053302900494D9B1D1E90001C9
:10C510000223CDE90501141E18BF0124009240F248
:10C52000F53103AA0A48019400F05EF8074B002891
:10C53000B8BF01201A68079B5A404FF0000303D18F
:10C5400009B030BD0123E6E706F092FAD0DB022005
:10C550000501004000B5094B83B01B6801934FF003
:10C560000003064B1A68019B5A404FF0000303D1A9
:10C57000002003B05DF804FB06F07AFAD0DB02205D
:10C5800070B5402698B0164A06AB05460C461268B0
:10C5900017924FF0000200213246184609F0DCFDE8
:10C5A0004FF48072CDE90206CDE90454ADF8402085
:10C5B0004CB920460A4B1A68179B5A404FF00003AB
:10C5C0000BD118B070BD012304AA0092002102AA69
:10C5D0000193044800F008F8ECE706F049FA00BFC0
:10C5E000D0DB02200001004010B59E46184B82B0FF
:10C5F000B1F5004F1B6801934FF000038C46059C7A
:10C6000018D2BEF1040F15D8042C13D81346104AC3
:10C6100001461068019A50404FF0000215D12404E1
:10C6200044EA0E640B4844EA0C0202B0BDE8104034
:10C63000FFF710BF064B1A68019B5A404FF00003EA
:10C6400003D16FF0800002B010BD06F011FA00BFF8
:10C65000D0DB0220217C000070B5124C8AB0154658
:10C6600006AA246809944FF00004029204220C26C2
:10C670001C46CDE9052001ABCDE9071504AA002031
:10C6800002A904930396FFF731FF019B2360054B3A
:10C690001A68099B5A404FF0000301D10AB070BDDF
:10C6A00006F0E6F9D0DB022000B5094B83B01B6829
:10C6B00001934FF00003064B1A68019B5A404FF05C
:10C6C000000302D103B05DF804FB06F0D1F900BF0E
:10C6D000D0DB022000B5094B83B01B6801934FF0FB
:10C6E0000003064B1A68019B5A404FF0000303D128
:10C6F00003B05DF804EB004706F0BAF9D0DB022086
:10C7000000B50A4B83B01B6801934FF00003074B41
:10C710001A68019B5A404FF0000304D103B05DF842
:10C7200004EB03F099BD06F0A3F900BFD0DB0220B3
:10C7300010B5154B82B01B6801934FF000030468DD
:10C74000ECB1B4FA84F30122C3F11F03DBB29A40C7
:10C7500024EA0202D0E8EFCFA44504D1C0E8EE2FCE
:10C76000BEF1000FF6D1EAD108480B70064B1A68EB
:10C77000019B5A404FF0000303D102B010BD0448A2
:10C78000F4E706F075F900BFD0DB02200000AD0B26
:10C790000200AD0B00B51A4B83B01B6801934FF03C
:10C7A0000003036823FA01F2D20718D401228A4059
:10C7B00043EA0201D0E8EFCF9C4504D1C0E8EE1F68
:10C7C000BEF1000FF6D10ED10E480D4B1A68019B39
:10C7D0005A404FF0000304D103B05DF804FB0A484F
:10C7E000F3E706F045F9036842EA0301D0E8EFCF2A
:10C7F0009C45E8D1C0E8EE1FBEF1000FE3D0F5E79D
:10C80000D0DB02200000AD0B0400AD0B00B50A4BDD
:10C8100083B01B6801934FF00003084BC3F8040575
:10C82000054B1A68019B5A404FF0000302D103B038
:10C830005DF804FB06F01CF9D0DB0220007001401B
:10C8400000B50C4B83B01B6801934FF0000340F020
:10C850000040084BC1F88000C2F880001A68019BB4
:10C860005A404FF0000302D103B05DF804FB06F01C
:10C87000FFF800BFD0DB022000B50B4B83B01B6874
:10C8800001934FF00003084B1A68019B5A404FF088
:10C89000000306D10146054803B05DF804EB00F043
:10C8A0009BB906F0E5F800BFD0DB0220ECC9002000
:10C8B000F0B5374B83B01B6801934FF0000305467A
:10C8C000002851D0012813D10022324B42F21074BB
:10C8D000C3F808035860C3F80021D3F800310123DE
:10C8E0002C4E0DF103078DF8033045B3012D0FD009
:10C8F000274B1A68019B5A404FF0000346D103B002
:10C90000F0BD002BF4D00120FFF7FAFE013CEFD080
:10C91000D6F80C3403F48033002FF2D0D6F80C2470
:10C9200002F001023A70002BE2D09DF803000128CA
:10C93000DED1FFF7E5FE013CDAD0002DD6D1D6F8E6
:10C94000183403F480333FB1D6F8182402F0030200
:10C950003A70002BE9D1CBE7002BC9D00120FFF7BB
:10C96000CFFE013CEBD1C3E702210122094B074670
:10C97000C3F80813DA60C3F80401D3F804310123C3
:10C9800042F21074034E8DF80330AEE706F070F8F3
:10C99000D0DB02200050004000B50E4A0E4B11794A
:10C9A00083B01B6801934FF0000371B90346012166
:10C9B0000A4813601171084B1A68019B5A404FF0E6
:10C9C000000304D103B05DF804FB0548F3E706F06B
:10C9D0004FF800BFCCF00120D0DB02200000AD0BEF
:10C9E0000C00AD0B00B5104B104A1B6883B01268E9
:10C9F00001924FF000021BB10520F5F707FA68B16C
:10CA000001220B4BC3F81825084B1A68019B5A40AA
:10CA10004FF0000306D103B05DF804FB0520F5F7E5
:10CA2000ABF9EDE706F024F8CCF00120D0DB0220D2
:10CA30000050004030B52F4B83B01B6801934FF07E
:10CA40000003F0B101280CD12B4B2C4A0025012406
:10CA50002B491D6009681D68146059B1274BC3F844
:10CA60000403244B1A68019B5A404FF000033ED147
:10CA700003B030BD1A68002AFCD000221A601B687F
:10CA8000EFE71E4BD3F81814D3F81824C90316D4B3
:10CA9000D3F81424D20707D40121184C0220194BD3
:10CAA000194AC4F81815D1E7D3F81C2402F0030280
:10CAB000013A012A0AD90020FFF7FAFEECE702F05A
:10CAC00003010229E9D00129F5D1E5E70C4A1268F2
:10CAD0001AB10222C3F80423C3E7D3F80421002AC1
:10CAE000FBD00022C3F80421D3F80431B9E705F0E4
:10CAF000BFFF00BFD0DB02200051004000500040CB
:10CB0000CCF00120045100400850004000B50A4B11
:10CB100083B01B6801934FF00003074B1A68019B19
:10CB20005A404FF0000304D103B05DF804EBFFF767
:10CB3000BFBE05F09DFF00BFD0DB022010B5234B28
:10CB400082B01B6801934FF00003214BD3F8002102
:10CB500052B100200121C3F800011E4AD3F8004160
:10CB6000C3F8081313689847194BD3F8042142B946
:10CB7000164B1A68019B5A404FF0000324D102B0B3
:10CB800010BD0022C3F80421D3F80421D3F81824DF
:10CB9000D3F8182402F00302012A10D00222C3F8AD
:10CBA00008230A4B1A68019B5A404FF000030BD12F
:10CBB0000120084B1B6802B0BDE810401847022155
:10CBC000C3F818159A60D3E705F052FFD0DB0220B6
:10CBD00000500040CCF0012000B50C4B83B01B6826
:10CBE00001934FF00003094B1A68019B5A404FF024
:10CBF000000308D10079064B03EB001003B05DF889
:10CC000004EBFFF795BD05F033FF00BFD0DB02203A
:10CC1000F4C9002070B51A4B82B01B6801934FF025
:10CC2000000301F1080330F813301546DA05044615
:10CC30000E4609D5C3F3432300EBC302294650F83F
:10CC40003330526830469847A3686BB10C4A11687C
:10CC5000019A51404FF000020FD129463046E26858
:10CC600002B0BDE870401847054B1A68019B5A4056
:10CC70004FF0000301D102B070BD05F0F9FE00BF16
:10CC8000D0DB0220322210B52A4B82B01B68019300
:10CC90004FF000030379284C02FB03F353FA81F1B0
:10CCA00001F1080334F81320D1051ED5C2F3432146
:10CCB00022F4F85224F8132090F804E004F14E0C0A
:10CCC0000EEB8E0303EB83039B0003F10E02224461
:10CCD0009C4401E0624511D032F8023F13F4807F9A
:10CCE000F8D0C3F343239942F4D1124B1A68019B45
:10CCF0005A404FF000031BD102B010BD6423002244
:10CD000003FB0EFE0EEBC10E44F80E20094AD2F8CA
:10CD100000C0019A92EA0C0C4FF0000208D102798F
:10CD200003FB0240583002B0BDE81040FFF732BDAF
:10CD300005F09EFED0DB022004CA0020322270B52E
:10CD4000174B82B01B6801934FF000030379CCB2FC
:10CD500002FB0343134E083336F8133005469A0698
:10CD600008D500202A685B0B02EB8303C3F810058B
:10CD7000C3F810052846FFF785FF322100232A79E2
:10CD800001FB0244083426F81430054B1A68019B55
:10CD90005A404FF0000301D102B070BD05F068FEAB
:10CDA000D0DB022004CA00202DE9F04F8C4B064650
:10CDB00083B01B6801934FF00003346D894BD3F8A7
:10CDC0000403002C00F003814FF0000901254946BF
:10CDD000CC46C0B240F00040CBB29B009A0805FAA6
:10CDE00002F2104203F580730AD003F1804303F589
:10CDF00044331F6827B1C3F800C01B6849EA020921
:10CE000001318C42E8D1774BD3F87C31002B40F0D4
:10CE1000D580B9F1000F29DBB9F1000F1BD0012536
:10CE200099FAA9F4B4FA84F4A30003F1804303F55A
:10CE30004433D3F81015D3F8102505FA04F429EA81
:10CE400004093046C2F30142C1F30421FFF7E2FEB8
:10CE5000B9F1000FE4D1624B1A68019B5A404FF0C0
:10CE6000000340F0BB8003B0BDE8F08F29F000491B
:10CE70000022F36D0092DD0703D55B4A136A13624B
:10CE80000093DFF86481DFF85CA196F85C30DC0782
:10CE90005AD5009C002C57D0012718E0BBF1020F97
:10CEA00077D0D5F80032032923F4403343F400331C
:10CEB000C5F8003277D0BBF1030F01D1022972D03F
:10CEC00007FA04F4C8F82040009C002C3CD094FAE7
:10CED000A4F4B4FA84F4E1081DF8013004F0070268
:10CEE00007FA02F223EA02030DF8013008EB840589
:10CEF00004F1080336F81330D5F80002C3F38201B9
:10CF0000C0F3014BD8060A46C8D521463046FFF784
:10CF100081FED5F80032C3F301439B45D0D1D5F84B
:10CF2000003207FA04F423F44033C5F80032D5F890
:10CF3000003223F4403343EA0B43C5F80032C8F80B
:10CF40002040009C002CC2D1306D90B100221446CC
:10CF5000D3B29B007C2B03F5807107D101F1804394
:10CF600003F54433196809B11C601B680132904213
:10CF7000EED1DAF87C31DBB9F36DDB077FF54CAF2E
:10CF8000D8F82030C8F82030002B3FF445AF00938C
:10CF90007BE7D5F8001202F0050341F44031012B84
:10CFA000C5F800128CD121463046FFF733FE87E7E3
:10CFB0000023CAF87C31DAF87C31DDE729F000493A
:10CFC0000022084BC3F87C21D3F87C3150E7D3F81A
:10CFD0007C31002B3FF43FAFA146F1E705F048FD5F
:10CFE000D0DB022000100340002584404FF0320CBB
:10CFF00000B5204B83B01B6801934FF00003037909
:10D000001D4A0CFB03F353FA81F3083332F8133053
:10D010009A0601D59A0716D501F01F02490924D1B5
:10D02000164B03EB8203D3F8002222F44032C3F8FC
:10D030000022104B1A68019B5A404FF0000312D196
:10D0400003B05DF804FB012201685B0B9A40C1F854
:10D050000823026802EB8303D3F8102522F00302B1
:10D06000C3F81025E5E705F003FD0023803253F8EF
:10D070002230FFDED0DB022004CA002000258440DD
:10D080002DE9F0418A4B166882B01B6801934FF07E
:10D09000000305460C46A6B332270379C9B207FB45
:10D0A00003138448083330F8133003F02203222B93
:10D0B00000F0C1805FEA541C04F01F0340F0F280CE
:10D0C00096F800C07C4E06EB8306D6F8003223F0BB
:10D0D0000F0343EA8C03C6F800322B7907FB0313D6
:10D0E000083330F8136026F0020620F813602B791D
:10D0F00007FB0311083130F8113043F0010320F829
:10D10000113053683BB34FF0320E28791F78D3F8B3
:10D110000480E3B20EFB003C664E0CF1080C36F8BE
:10D120001C1011F0020F68D0B8F1000F40F083809E
:10D130004FF0320C0CFB003021F01C01083026F8B7
:10D14000101029790CFB0133083336F8131041EA2B
:10D15000870126F813109368002B43D0D3E900878A
:10D1600021462846FFF78EFDB8F1000F3AD0642320
:10D170002A79504E02FB03F3F1583344884503D11A
:10D180005B689F4200F08980642000FB02600DF123
:10D1900003015830FFF7CCFA484B984223D19DF851
:10D1A00003E02A794FEA4E2189B24FF0640C322015
:10D1B0000CFB02F202EBCE0246F802802B790CFB4C
:10D1C00003F303EBCE0333445F602B7900FB03F3DF
:10D1D00053FA84F4083436F81430194341F480715A
:10D1E00026F814103548324B1A68019B5A404FF00C
:10D1F000000355D102B0BDE8F08121F4604121F077
:10D20000200126F81C10B8F1000F3ED0032F12D8D1
:10D21000516849680878296801EB80016FB9C1F845
:10D220001075C1F8107528790EFB003E0EF1080E3E
:10D2300036F81E107CE72248D5E7D1F810C52CF04F
:10D24000030CC1F810C5296801EB800CDCF810153F
:10D2500021F4473121F44071CCF810152102DCF89B
:10D26000108501F4F85141EA074141EA0801CCF880
:10D27000101529790EFB0131083136F811C04CEA3E
:10D28000403040F0200026F8110028790EFB003EC7
:10D290000EF1080E36F81E104AE700218E4684E78C
:10D2A00005F0E6FB0022803352F82330FFDE00BF9A
:10D2B000D0DB022004CA0020002584400000AD0B12
:10D2C0000400AD0B2DE9F041554C82B02468019467
:10D2D0004FF00004002A3FD0322490F804C05FFAD7
:10D2E00081FE04FB0CEC4F4C0CF1080C34F81C5084
:10D2F000AF0701D4AE0660D415F01C0F02D05578EC
:10D30000012D5AD04D0901F01F0758D13226464D44
:10D3100092F802C005EB8705D5F8007292F80180FB
:10D320004FEA8C0C27F4E167127827F007074CEAE4
:10D33000480C4CEA070C4CEA022242F00102C5F804
:10D340000022027906FB02EE0EF1080E34F81E20D0
:10D3500042F0030224F81E2023B332260279CCB215
:10D3600006FB02422F4D083235F81220920724D5D1
:10D370004FF0000E1F7802684FEA870C02EB87021D
:10D38000C2F810E5C2F810E5027906FB0242083245
:10D3900035F812E02EF4604E2EF0200E25F812E043
:10D3A0005A788AB921481E4B1A68019B5A404FF09F
:10D3B000000333D102B0BDE8F0811D48F3E700233C
:10D3C000803753F82730FFDE93F802E012040B0297
:10D3D00002F4403203F4F85313434FEA0E5202F4BE
:10D3E0008012134302686244D2F8101521F4981198
:10D3F00021F4F851C2F81015D2F810150B43C2F8F9
:10D400001035037906FB0344083435F8143043EA39
:10D41000473343F0200325F81430C3E705F028FB19
:10D42000D0DB022004CA0020002584400000AD0BA0
:10D430000400AD0B00B54FF0640E0E4B83B01B68BB
:10D4400001934FF0000390F804C00B4B0EFB0C3C13
:10D45000CCF8081001790EFB0133DA60054B1A682D
:10D46000019B5A404FF0000302D103B05DF804FB6A
:10D4700005F0FEFAD0DB022004CA00204FF0320C87
:10D4800010B5104B82B01B6801934FF00003037975
:10D490000D4C0CFB03F353FA81F1083134F81130D1
:10D4A000990644BF5B0B1370064B4CBF07480848F6
:10D4B0001A68019B5A404FF0000301D102B010BD21
:10D4C00005F0D6FAD0DB022004CA00200000AD0B24
:10D4D0000400AD0B64232DE9F041234F90F8048044
:10D4E000224A03FB087696F8604082B012680192E7
:10D4F0004FF0000254B11E481C4B1A68019B5A4061
:10D500004FF000032DD102B0BDE8F0810546304652
:10D5100040222146103008F01FFE366D2D6876B18E
:10D5200021462046CBB29B007C2B03F5807208BFBE
:10D53000A85001F1010108BFAB588E42F2D100237F
:10D5400045F30730C5F87C31D5F87C31F4F714FC8D
:10D550006422012302FB0877064887F86030BB6528
:10D56000CAE705F085FA00BF04CA0020D0DB02201C
:10D570000C00AD0B0000AD0B642100B50D4B83B06A
:10D580001B6801934FF0000302790B4B01FB023340
:10D5900093F86000074B003818BF01201A68019B00
:10D5A0005A404FF0000302D103B05DF804FB05F0D0
:10D5B0005FFA00BFD0DB022004CA00204FF0320C1B
:10D5C00030B51D4B83B01B6801934FF00003037906
:10D5D0001A4A0CFB03F353FA81F3083332F8133081
:10D5E000DB0709D41648144B1A68019B5A404FF0C8
:10D5F00000031AD103B030BD0C460546FFF7F6FC18
:10D6000021462846FFF79AFB04F01F0164090ED15A
:10D610000C4A0D4B02EB8102D2F800120B480B4072
:10D6200043F00203C2F80032DDE705F021FA0023DF
:10D63000803153F82130FFDED0DB022004CA002005
:10D640000400AD0B00258440F0F8FCFF0000AD0B9A
:10D6500000B50E4B83B01B6801934FF000030B4BDA
:10D660001A68019B5A404FF000030CD154226423E6
:10D6700090F804C0064813FB0C23184403B05DF86F
:10D6800004EBFFF787B805F0F3F900BFD0DB022009
:10D6900004CA002000B50E4B83B01B6801934FF005
:10D6A00000030B4B1A68019B5A404FF000030CD14A
:10D6B0005422642390F804C0064813FB0C2318443A
:10D6C00003B05DF804EBFFF733B805F0D1F900BF04
:10D6D000D0DB022004CA002070B5364B82B01B6834
:10D6E00001934FF0000303684FF0320CD3F804436A
:10D6F000002CA4BF4FF00044C3F8044303792E4C20
:10D700000CFB03F353FA81F3083334F813309C060F
:10D7100019D513F0020616D15B0B05689C0004F5C1
:10D7200080716E50695801682144D1F8104544F069
:10D730000104C1F8104512B30122016802FA03F393
:10D74000C1F804331BE0C3F38203042B01F01F0272
:10D750004FEA51111CD0052B22D039BB174B1B6946
:10D76000D34003F001030233144901EB8201D1F8E5
:10D77000002222F4403242EA0343C1F800320D4B4A
:10D780001A68019B5A404FF000030DD102B070BDE2
:10D7900003230029E8D00023803253F82230FFDE33
:10D7A00002230029E0D0F6E705F062F900231B69A7
:10D7B000FFDE00BFD0DB022004CA00200025844029
:10D7C00000B50A4B83B01B6801934FF00003074B71
:10D7D0001A68019B5A404FF0000304D103B05DF872
:10D7E00004EBFFF703BC05F043F900BFD0DB0220D8
:10D7F00000B50A4B83B01B6801934FF00003074B41
:10D800001A68019B5A404FF0000305D1044803B049
:10D810005DF804EBFFF7C8BA05F02AF9D0DB022067
:10D8200068CA002070B5104B104E82B01B6801937F
:10D830004FF0000333794BB10D480B4B1A68019B35
:10D840005A404FF000030CD102B070BD2A200D46A3
:10D850001446F4F791FA012306483560B460337139
:10D86000EBE705F005F900BFD0DB0220D4F0012082
:10D870000C00AD0B0000AD0B30B5164B83B01B6830
:10D8800001934FF000030023134D021F03F5A27113
:10D8900052F8044F0133082B45F82140F6D10023FC
:10D8A0000D4D00F11C0203F5B27152F8044F013323
:10D8B000082B45F82140F6D1036CC5F80433054B1D
:10D8C0001A68019B5A404FF0000301D103B030BDEC
:10D8D00005F0CEF8D0DB022000A0024030B50025D4
:10D8E0001D4C1E4B83B01B6801934FF000032A2090
:10D8F000C4F81055C4F81455C4F81855C4F81C558C
:10D90000C4F82055C4F82455C4F82855C4F82C553B
:10D91000C4F89055C4F89455C4F89855C4F89C556B
:10D92000C4F8A055C4F8A455C4F8A855C4F8AC551B
:10D93000F4F744FA4FF0FF33094A1571C4F808337D
:10D94000064B1A68019B5A404FF0000301D103B007
:10D9500030BD05F08DF800BF00A00240D0DB0220F2
:10D96000D4F0012000B501230A4A83B01268019265
:10D970004FF00002084A8340C2F80433054B1A688E
:10D98000019B5A404FF0000302D103B05DF804FB45
:10D9900005F06EF8D0DB022000A0024000B50123A4
:10D9A0000A4A83B0126801924FF00002084A83408D
:10D9B000C2F80833054B1A68019B5A404FF0000328
:10D9C00002D103B05DF804FB05F052F8D0DB022071
:10D9D00000A00240F0B5154B83B01B6801934FF0D7
:10D9E0000003134BD3F80C43ACB101260025114FB3
:10D9F00094FAA4F0B0FA80F00F4B4FEA800C3A682A
:10DA000006FA00F1634424EA01041D600AB1B96812
:10DA10009047002CECD1054B1A68019B5A404FF0FF
:10DA2000000301D103B0F0BD05F022F8D0DB0220E5
:10DA300000A00240D4F0012000A1024000B5134B29
:10DA400083B01B6801934FF00003C0F30B03C3B90D
:10DA500002214FF0FF330E4AC2F884150360D2F85A
:10DA60000034DB07FBD500230A48C2F88435074B96
:10DA70001A68019B5A404FF0000304D103B05DF8CF
:10DA800004FB0548F3E704F0F3FF00BFD0DB0220FE
:10DA9000009003400000AD0B0A00AD0B012300B560
:10DAA000104ADFF844C083B0DCF800C0CDF804C0F1
:10DAB0004FF0000CC2F88435D2F80834DB07FBD5F0
:10DAC0000160BFF35F8F0023C2F88435064B1A68EC
:10DAD000019B5A404FF0000302D103B05DF804FBF4
:10DAE00004F0C6FF00900340D0DB022000B50A4BD3
:10DAF00083B01B6801934FF00003074B1A68019B2A
:10DB00005A404FF0000304D14FF4801003B05DF889
:10DB100004FB04F0ADFF00BFD0DB022000B50A4BD0
:10DB200083B01B6801934FF00003074B1A68019BF9
:10DB30005A404FF0000304D14FF4805003B05DF819
:10DB400004FB04F095FF00BFD0DB022000B50A4BB8
:10DB500083B01B6801934FF00003074B1A68019BC9
:10DB60005A404FF0000304D14FF4807003B05DF8C9
:10DB700004FB04F07DFF00BFD0DB022000B5194B91
:10DB800083B01B6801934FF00003431C13D000F0D7
:10DB90001F024309C9B903BB012313499340CB605A
:10DBA000114A124B02EB8002D2F800120B4043F0F4
:10DBB0000303C2F800320B4B1A68019B5A404FF026
:10DBC000000308D103B05DF804FB43B90123064903
:10DBD00093408B60E4E704F04BFFC960FFDE002355
:10DBE0009B60FFDED0DB022000258440F0F8FCFFC4
:10DBF0002DE9F047684B82B01B6801934FF000039A
:10DC0000664A4B690C469342074690F8049000F030
:10DC1000B98063D8624A934200F0A880614A934277
:10DC200054D14FF00066DFF8808109EBC90308EB9F
:10DC30008303E17E9A7F4FEAC90561F300029A7778
:10DC40003B79217C03EBC30308EB83039A7F61F3E9
:10DC500041029A7794F81BA0BAF1000F53D0E26802
:10DC600005EB090308EB83031A62217C9A7F61F3B9
:10DC700041029A77257FA07C217E627E3B68002D41
:10DC800037D0003A18BF01220229C3F8C005C3F8F3
:10DC9000246571D003296CD0012970D0C3F85425B4
:10DCA0003B7903EBC30358F82330002B51D03A4B98
:10DCB0001A68019B5A404FF0000366D1386840F360
:10DCC000073002B0BDE8F047F4F756B8374EB3421C
:10DCD0000CBF4FF000764FF08046A4E7344A9342E1
:10DCE00041D0344EB3420CBF4FF000464FF0804657
:10DCF00099E7D4E900C5A468C3F808C5C3F80C5572
:10DD0000C3F81045BDE7217E2068012994BF00219A
:10DD10000121FFF733FF51466068FFF72FFFA3682B
:10DD20005A1C0FD003F01F015B09A07E2FD1224A9D
:10DD3000224B02EB8102D2F800120B4043EA80032F
:10DD4000C2F80032217CE06881F00101FFF716FF84
:10DD500085E7114B1A68019B5A404FF0000314D11C
:10DD600002B0BDE8F0874FF000565CE74FF08066E8
:10DD700059E742F0060291E742F004028EE742F0D2
:10DD800002028BE74FF080564DE704F071FE8031C0
:10DD90005AF82130FFDE00BFD0DB022040420F00E6
:10DDA00090D0030020A10700E0F0012048E8010026
:10DDB00080841E0000127A0000258440F0F8FCFFE9
:10DDC0002DE9F041284C82B0246801944FF0000402
:10DDD0000479264D04EBC40C05EB8C06377F002F2D
:10DDE00038D14FEAC408002936D04E69204FBE42D0
:10DDF0001DD013D81F4FBE4219D01F4FBE4216D0A0
:10DE00001E4FBE4213D01E48174B1A68019B5A4042
:10DE10004FF0000326D102B0BDE8F081194FBE4299
:10DE200005D0194FBE4202D0184FBE42EBD108EBCD
:10DE3000040645F8262005EB86067360FFF7D8FE3A
:10DE40000021012208EB040305EB830510486977E4
:10DE50002A77D9E70F48D7E74FEA8C0C45F80C2012
:10DE60007360EDE704F004FED0DB0220E0F0012057
:10DE700040420F0090D0030020A1070048E80100B5
:10DE80000400AD0B00093D0000127A0080841E00E2
:10DE90000000AD0B0C00AD0B2DE9F047824B82B0BA
:10DEA0001B6801934FF000030479804E04EBC40318
:10DEB000964606EB83028C46517F002940F089800C
:10DEC0009B00F3580546E70023B11EF0140F04BF72
:10DED0000123537707EB040806EB8808D8F820A045
:10DEE00008F10C09BAF1FF3F9CE80F0089E80F0028
:10DEF0000FD098F81E200AF01F0112F002024FEA1C
:10DF00005A135FD0002B40F0CA800123684A8B402F
:10DF10009360DCF800302D68ABB103F06043B3F1DF
:10DF2000005F10D00023274406EB870761487B770A
:10DF30005D4B1A68019B5A404FF0000340F0A880E7
:10DF400002B0BDE8F087DCF8083023B103F060438D
:10DF5000B3F1005FE6D11EF0010318BF0123C5F83D
:10DF600050351EF0020318BF01230022C5F84035CA
:10DF70000723DCE90180DCF80C10DCF800C0C5F8F0
:10DF800044C5C5F84885C5F83405C5F838151EF0F0
:10DF90000800C5F81821D5F81821C5F8003507EB99
:10DFA000040318D056F8232006EB8303002A65D01B
:10DFB00040231EF0040F14BFC5F80833C5F804331E
:10DFC0003D48B5E7002B65D10123394A8B40D3602A
:10DFD0009FE73A48ACE79A00B15806EB8303002963
:10DFE00036D001212961B258002AE1D11B6A5A1C9E
:10DFF00012D03A1906EB8202927F03F01F0112F051
:10E0000002024FEA53133DD0002B45D10123284A89
:10E010008B40D3600028D3D101234FF064086B619B
:10E0200005E00120FEF76CFBB8F1010808D0D5F837
:10E030000431002BF5D00023C5F80431D5F80431A4
:10E040000023274406EB87067377C5F80035B7E74A
:10E0500001232B61D5F81831002BFBD0D5F81831EE
:10E0600023B10023C5F81831D5F818313B1956F8FB
:10E07000232006EB8303002A9AD1B7E71B6A591CB9
:10E08000B7D19DE773B90123094A8B409360C1E77B
:10E0900004F0EEFCD260FFDE0023DB60FFDE002335
:10E0A0009B60FFDE9260FFDED0DB0220E0F001200B
:10E0B000002584400A00AD0B0000AD0B0B00AD0B3A
:10E0C00070B5274A274B0C6882B01B6801934FF04C
:10E0D0000003B2FBF4F304FB1325A5BB944232D832
:10E0E0005C1E1C402FD1B3F5007F2CD893FAA3F20D
:10E0F000B2FA82F2402391F805C00D79016805F06B
:10E100000305D1F804650CF0030C26F0030E45EA74
:10E110000E05C1F80455D1F8085525F0030545EA68
:10E120000C05C1F80855C1F81025006800F580728B
:10E13000D450D1580433582BFAD140F30730F3F7B9
:10E140001BFE094800E00948064B1A68019B5A402B
:10E150004FF0000301D102B070BD04F089FC00BF94
:10E160000024F400D0DB02200000AD0B0400AD0B56
:10E17000F0B5194B0579194C83B01B6801934FF02A
:10E18000000305EB450304EB830C9CF808E0BEF1AB
:10E19000000F1DD19B006F00E250B1B18B68CCF82D
:10E1A0000430FFF78DFF0E4BC31AB3FA83F35B09FC
:10E1B0002F4404EB87042372074B1A68019B5A40D3
:10E1C0004FF0000306D103B0F0BD01230448EFE790
:10E1D0000448F1E704F04CFCD0DB022004F10120FC
:10E1E0000000AD0B0C00AD0B30B504460068154BBC
:10E1F00083B040F307301B6801934FF00003F3F73F
:10E20000DDFD00214FF0FF3501202368D3F8002207
:10E21000C3F8001223680C4AC3F808532368186136
:10E22000237903EB430302EB83031972054B1A684E
:10E23000019B5A404FF0000301D103B030BD04F000
:10E2400017FC00BFD0DB022004F1012010B501242F
:10E250000D4B82B002211B6801934FF0000303684D
:10E260000A4A1C60037903EB430302EB8302064B6B
:10E2700011721A68019B5A404FF0000301D102B09D
:10E2800010BD04F0F5FB00BFD0DB022004F101203B
:10E2900000B50122094B83B01B6801934FF00003C6
:10E2A0000368DA60054B1A68019B5A404FF000037F
:10E2B00002D103B05DF804FB04F0DAFBD0DB0220EE
:10E2C00010B5114B82B01B6801934FF00003036837
:10E2D0004FEA117CD3F810450801C4F120020CFA72
:10E2E00002F2A4F12003E04010432CFA03F3184398
:10E2F000054B1A68019B5A404FF0000301D102B050
:10E3000010BD04F0B5FB00BFD0DB0220F0B51D4C02
:10E3100083B0246801944FF0000440F201154FF4DB
:10E320008034066805FA01FCD6F800529DF820708A
:10E3300025EA0C05C6F8005205688C40D5F8006245
:10E340003343C5F80032BFB1002605688B0003F5E2
:10E35000A073EE50EB580368C3F80443036801F55B
:10E36000A87143F82120074B1A68019B5A404FF0CF
:10E37000000305D103B0F0BD0368C3F80843EDE71F
:10E3800004F076FBD0DB02202DE9F0410027234B7F
:10E3900082B01B6801934FF00003402201243846ED
:10E3A00002E00432582A10D002F1804303F5714391
:10E3B00019680029F5D091080432186004FA01F1B7
:10E3C000582A1B6847EA0107EED140240126144B66
:10E3D000DFF85080D3F8045305F47C15A30806FA3F
:10E3E00003F31D420AD03B4208D0D8F800302BB1CD
:10E3F00004F58070D8F8041080B298470434582C83
:10E40000ECD1064B1A68019B5A404FF0000302D131
:10E4100002B0BDE8F08104F02BFB00BFD0DB02208E
:10E4200000F0004004F1012037B50125074C4FF4FE
:10E43000FA706561F9F754FC00236361019325616B
:10E4400023690193019B03B030BD00BF005600401B
:10E4500030B50D4D89B0036A03AC01908DF80830DA
:10E460000FCD0FC42B6801A8236006F043FD40B90F
:10E47000044603AD55F8043B984710B90134052C08
:10E48000F8D109B030BD00BFFC6A0200034BD3E8ED
:10E49000EF2FC3E8E10F0029F9D1704710F10120F7
:10E4A00038B50546002850D0436A002B50D0836A07
:10E4B000002B4DD00124294BD3E8EF2F002A03D1A4
:10E4C000C3E8E14F0029F7D145D1686A00F0B2F8FE
:10E4D000F9F746FF224BC8209C66F9F701FC284655
:10E4E000FFF7B6FF044640B901221D4B0220DA6651
:10E4F000FFF7CCFF0024204638BDFFF795FF002C26
:10E5000011DBAB6A20469847164B9C421AD013DCAD
:10E51000A4F18864033C012C11D82846FFF798FF2A
:10E5200004460028E0D001220D4BDA66F9F742FFDD
:10E530000020FFF7ABFFDEE70B4B9C42EDD06FF006
:10E540000404F0E76FF00A04EDE76FF00D04D2E782
:10E550006FF01504CFE74FF0FF34CCE710F1012046
:10E5600000500040050040040100500530B52D4B1F
:10E5700087B01A68022A05D0032A43D04FF0FF3033
:10E5800007B030BD0422D3E8EF1F022903D1C3E84E
:10E59000E02F0028F7D1F1D1234D0DEB02040FCD70
:10E5A0000FC42B6801AD2360002455F8043B0134EF
:10E5B0009847052CF9D106F09FFC00F05BF850B1AC
:10E5C000002000F049F8FFF72FFFF9F7F3FE0020D5
:10E5D000FFF75CFFD4E7154BD3F8F030DB070DD520
:10E5E0000A20F9F79FFCEEE70A20F9F79BFCD5F823
:10E5F0004034012BE7D1013CF6D1E4E741F2C124DC
:10E600000B4DF4E70422D3E8EF1F032903D1C3E83D
:10E61000E02F0028F7D1B1D1002000F01DF806F05E
:10E620005BFCD0E710F10120106B020000ED00E070
:10E6300000500040014B1860704700BF14F10120EA
:10E6400007B5044BCDE900011B686846984703B045
:10E650005DF804FB14F10120014B1870704700BFF6
:10E6600054F50120024B1878431E58425841704718
:10E6700054F50120024B1878C31E58425841704788
:10E6800054F5012070B503680446033BDBB2052B4B
:10E6900003D8094A52F823502DB9A06858B1BDE8F3
:10E6A000704000F01DB806F073FC21682B46BDE8F1
:10E6B0007040090C184770BDAC970200014B5B69B4
:10E6C000184700BFCCCA0020014B1B68184700BF89
:10E6D000CCCA0020014B5B68184700BFCCCA0020A1
:10E6E000014B1B69184700BFCCCA0020014B9B6837
:10E6F000184700BFCCCA0020014B9B69184700BFD8
:10E70000CCCA0020014BDB69184700BFCCCA0020EF
:10E71000014B1B6A184700BFCCCA0020014B5B6A43
:10E72000184700BFCCCA0020014B1B68D86870474F
:10E7300018F10120002230B50B4B19680C68944287
:10E740000FD001EBC2039D68A8420BD14FF003022A
:10E750000433D3E8CF1F002903D1C3E8C02F00281A
:10E76000F7D130BD0132EAE730F101202DE9F04167
:10E77000002406460F462046DFF854803368A34243
:10E7800001D8BDE8F08106EBC4056B68DBB2012B54
:10E7900016D16A68B8F80030B3EB124F10D1022FCF
:10E7A000A8680FD1FFF76EFF01206B6823F0FF030D
:10E7B00043F003036B60B8F800300133A8F8003071
:10E7C0000134DBE70168090C06F088FBECE700BFC9
:10E7D00038F5012010B5074C02216068FFF7C6FF2D
:10E7E0000028F9D101212068FFF7C0FF0028F3D1EC
:10E7F00010BD00BF38F1012070B5072860D8DFE8F0
:10E8000000F00B5F475F435F3C0401F0CBFC03204B
:10E81000BDE87040F9F700BD03202A4BD3F8144639
:10E82000D3F81866284B1D781870EDB2FFF714FF67
:10E83000012D10D1254B264A9C4212D0230C1B04DB
:10E84000B3F1886F0DD0A4F58033203B022B0FD994
:10E850006FF0040313603146C4F30B00FFF7F0FEC2
:10E8600000E014601B4B1868F9F702FC0020CFE7AA
:10E87000194931F913301360F4E70024124B204694
:10E880001C70FFF7E9FEEDE7FFF7A4FF0220BFE7EA
:10E890000D4B1A78012AD0B20ED1104A1168104AD5
:10E8A0008C6854604968116002221A70FFF7D4FE28
:10E8B000084B1868F9F7DCFBFFF78CFF0120A7E78E
:10E8C00070BD00BF00A0024056F5012001005005B8
:10E8D00034F1012020F10120289C02001CF10120CC
:10E8E00038F101200A23F7B54FF47A750C4E0D4F1D
:10E8F00001933168386806F026FB044640B9F9F701
:10E900005DFB40B9012001A9F9F702FA6E30F0D1A0
:10E91000204603B0F0BD01986843F9F7E1F9E8E754
:10E9200024F101202CF10120054B1B782BB9054B5C
:10E930001968054B186806F006BB0020704700BF39
:10E9400055F5012028F1012030F1012070B5164B5A
:10E9500042681B6822F0FF0242F00202C31A4260C2
:10E960001248134A0168C3F38913D2E8DF4F651CCC
:10E97000C2E8D65F002EF8D101EBC3014A6892B21B
:10E9800042EA04424A600268032002EBC302536871
:10E9900023F0FF0343F001035360F9F7A1F90122CB
:10E9A000044BDA6070BD00BF28F1012030F1012076
:10E9B0003AF5012000A002402DE9F04F95B0382231
:10E9C0000021064603A807F0C7FB0223049308238F
:10E9D00006932023089304230D93102340250F93BF
:10E9E00080230122CDE91153D523002157480B92F2
:10E9F0001393F9F7FBFA0546002840F0A38002467E
:10EA000053493079FEF70EFF03A8FEF735FF34684F
:10EA10006268B2F59D6F40F092806169E3680B44D3
:10EA2000E16903F59D630B44B3F5003F00F2878075
:10EA30002068294607F090FB33681C68D3F81C90C7
:10EA400004F53A72019204F16007424A04F1A40805
:10EA500004F1200BB9F1000F5BD1C2F800B0002522
:10EA60004FF0010A2570657084F802A0E5703368E4
:10EA700040461B69636033685B69C4F814B0A360E7
:10EA8000354BC4F81890C3F80080344BE7601F6022
:10EA90000823C4F8108084F8A43088F8015088F85E
:10EAA000025088F8035084F860307D70BD70FD70AE
:10EAB00006F02CFA384606F029FA294B04F53A728A
:10EAC0001A60284B04F1E80231681A60264B274E81
:10EAD0001960274B2749C3F81046C3F81456264B34
:10EAE000264C1D80264B86F800A01D80254B0295E4
:10EAF00025601D611B690293029B144B1868F9F78E
:10EB0000CFFA98B103236FF073043370FEF7E6FE7B
:10EB100011E09B6904F14009636433684846DB698E
:10EB2000C2F800B0236401F015FB98E72468002CBC
:10EB3000ECD1154B1C70204615B0BDE8F08F6FF07E
:10EB40001504E3E76FF02D04F5E700BF20F1012085
:10EB5000F9E701001CF1012030F101202CF1012026
:10EB600028F1012024F1012018F1012056F501209F
:10EB700000A00240F04902003AF5012034F10120E2
:10EB800038F501200056004055F5012070B5164BB0
:10EB900042681B6822F0FF0242F00102C31A426081
:10EBA0001248134A0168C3F38913D2E8DF4F651C8A
:10EBB000C2E8D65F002EF8D101EBC3014A6892B2D9
:10EBC00042EA04424A600268032002EBC30253682F
:10EBD00023F0FF0343F001035360F9F781F80122AA
:10EBE000044B5A6070BD00BF24F101202CF10120BC
:10EBF0003AF5012000A0024010B5FFF773FE012492
:10EC000000220321047081704270C270FFF7BEFFC2
:10EC1000054B1C7006F08DF9BDE81040034B47F220
:10EC200030511868F9F73CBA55F5012020F1012060
:10EC300038B50A4B04461B78022BDDB20DD1FFF725
:10EC400051FE50B100220121846001704270857034
:10EC5000C270BDE83840FFF799BF38BD56F50120B6
:10EC6000034A126812B1002800DB1047704700BF4A
:10EC70004CF101202DE9F743002581460F4610484D
:10EC8000294690461E46019305F022FC041E11DB26
:10EC90000134204606F0A9F9C9F8000068B13346EE
:10ECA00042462146019605F013FC28463C6003B01D
:10ECB000BDE8F0836FF01500F9E76FF00B00F6E7A1
:10ECC000386B020010B50E4B04461B68A3B1E9F780
:10ECD00043FF082810D9237A3F2B0DD00949082279
:10ECE000204605F08BF9014630B904F108000A22EC
:10ECF000BDE8104005F03CBB4FF0FF3010BD00BF39
:10ED00004CF101202E9C0200F7B504460F4604206A
:10ED1000002116461D4606F03DF9024638B914B1E9
:10ED2000204606F064F96FF00B0003B0F0BD002040
:10ED30006FF0580314600D4C137350739073D073BD
:10ED4000207031460320576006F044F94FF0FF333E
:10ED500001932378AB4201D10020E6E7022001A90C
:10ED6000F8F7D6FF0028F4D0DFE700BF57F5012001
:10ED7000F8B5054600240F4F57F8046B2846314676
:10ED800007F0ACFA28B90134042CF5D14FF48030E7
:10ED90000DE06CB1A31E012BF8D83046E9F7DCFE7C
:10EDA0000A220021284405F0C9F940EA0440F8BDD0
:10EDB0002046FCE7C4970200014B18600020704712
:10EDC00050F10120014B1860704700BF4CF1012049
:10EDD0000FB42DE9FF410A9CFFF744FC00284AD0FC
:10EDE000002C4BD0284E294F31683868F9F7E0F9EC
:10EDF000002846D1264D31682868F9F751F90028D6
:10EE000036D122460BAB03A902A80193FFF732FFCC
:10EE1000044658B12868F9F72BF93868F9F7B0F9C2
:10EE2000204604B0BDE8F04104B07047029C204683
:10EE3000FFF748FF02230646012220460399FFF709
:10EE400063FF04460028E5D1DFF84880D8F80000C9
:10EE5000FFF78EFF0446D8F8000006F0C2F82868D5
:10EE6000F9F706F9002CD8D13046FFF7F9FED4E7C0
:10EE70006FF00A04D1E74FF0FF34D1E76FF00D04D3
:10EE8000CEE76FF00A04CBE764F101205CF10120CA
:10EE900060F1012054F101200CB42DE9F04F89B04C
:10EEA00080460F46129CFFF7DDFB002800F0A28091
:10EEB000B8F1000F00F0A180002C00F09E80002F20
:10EEC00000F09E80514DDFF848B12968DBF8000062
:10EED000F9F76EF9002840F096804E4E29683068A8
:10EEE000F9F7DEF8002840F08280224613AB07A92C
:10EEF00006A80593FFF7BEFE044618B13068F9F77F
:10EF0000B7F823E0DDE906930193434B1D68002D1C
:10EF100039D00C228246414B1B6802FB03530293FB
:10EF2000029B9D421CD1BAF1000F2CD03068F9F73A
:10EF30009FF84A4639464046D047044618B94046ED
:10EF4000FFF716FF0446484606F051F8DBF80000CC
:10EF5000F9F716F9204609B0BDE8F04F02B0704746
:10EF6000AB68A3420DD9019A48469A4228BF1A4677
:10EF70002968039305F042F818B9039BD5F804A05B
:10EF80001C460C35CCE74846FFF79CFE022305469D
:10EF9000012248460199FFF7B7FE04460028ADD18B
:10EFA000DFF87C904046D9E9004ABA4552462146EE
:10EFB00028BF3A4607F0C3F8BA45204607D906F0FD
:10EFC00010F83068F9F754F86FF00604BEE7FFF761
:10EFD000CFFE0446D9F8000006F003F83068F9F7D0
:10EFE00047F8002CB2D12846FFF73AFEAEE76FF0A3
:10EFF0000A04ABE74FF0FF34ACE76FF00D04A9E76C
:10F000006FF01504A6E76FF00A04A3E764F101208E
:10F010005CF1012060F1012044F1012040F1012068
:10F0200054F101200EB42DE9F343DDF8248081462C
:10F03000FFF718FB00285DD0B9F1000F5DD0B8F1E3
:10F04000000F5AD0304C314F21683868F9F7B0F8CA
:10F05000002855D12E4E21683068F9F721F8002894
:10F0600045D14846E9F778FD451C284605F0BDFF27
:10F07000044668B93068F8F7FBFF6FF00B04386896
:10F08000F9F77EF8204602B0BDE8F04303B07047C0
:10F0900049462A4607F003F92046FFF713FE0223EC
:10F0A0008146012220462946FFF72EFE044630689D
:10F0B00014B1F8F7DDFFE2E7F8F7DAFFB9F1000F76
:10F0C000144D06DB2868FFF753FE10B94846FFF7DA
:10F0D000C7FD0AAA41462868019205F02BFA041ED2
:10F0E000286808BF6FF04C0405F07BFFC7E76FF09E
:10F0F0000A04C4E74FF0FF34C4E76FF00D04C1E722
:10F100006FF00A04BEE700BF64F101205CF101204A
:10F1100060F1012054F1012038B5C3680446A72BE3
:10F1200001D0206810E0032907D0042926D0022945
:10F1300002D10122154B1A7038BD144B00681A78A1
:10F14000022A05D10028F7D0BDE8384005F049BFB4
:10F150000F4D2A6862B12B689847002320682B6006
:10F1600005F03FFF0B4B1868BDE83840F8F780BF4B
:10F17000094A1060616851600222DCE7074B1B6896
:10F18000002BCED000689847CBE700BF57F5012091
:10F1900048F1012060F1012054F1012050F10120DB
:10F1A000012210B511460B48F8F720FF70B90A4844
:10F1B000F8F7AAFF014648B94FF0FF32074B1A6033
:10F1C000BDE8104001230522FFF79EBD6FF02D0022
:10F1D00010BD00BF60F101205CF1012064F101204D
:10F1E00010B400F11C03D3E8EF2F511EC3E8E41F55
:10F1F000002CF8D1012A0CDC074BD0E8EF2FC0E837
:10F20000E13F0029F9D16422002110BC043006F04E
:10F21000A3BF10BC704700BF1EF1010010B5002451
:10F220000A4B4FF45072214609481C7006F094FFB7
:10F2300021462246064B074801310829C3E900024E
:10F240009A6003F16803F7D110BD00BF58F50120A3
:10F2500068F101201EF10100164830B50022034676
:10F260004FF0FF34144DD0E8EF1FA94204D1C0E89D
:10F27000EC4FBCF1000FF6D10CBF0121002112D1DF
:10F28000682101FB023301220C49DA61097893F805
:10F29000202061F3451283F820200222A3F84820A1
:10F2A00083F84A2030BD0132082A00F16800DAD123
:10F2B0000846F7E768F101201EF1010058F501202A
:10F2C00030B5024600236825054905FB03F46018A4
:10F2D0000C59944203D00133082BF6D1002030BDE5
:10F2E00068F1012010B50446043006F074F8606C33
:10F2F00008B1F8F7DFFF064BD4E8EF2FC4E8E13F91
:10F300000029F9D12046BDE81040FFF769BF00BFD2
:10F310001EF1ADDE70B50825064C074E2368B342DA
:10F3200002D02046FFF7DEFF013D04F16804F5D16D
:10F3300070BD00BF68F101201EF101002DE9F84306
:10F340000F4C06460025A0464FF068090D4B0E4FA6
:10F3500018702368BB420CD009FB058393F820206A
:10F3600066F3451283F82020A36B13B1204605F005
:10F37000A0FE0135082D04F16804EAD1BDE8F88348
:10F3800068F1012058F501201EF10100112806DC6A
:10F3900000280DDB084BC34003F001007047B0F5B7
:10F3A000817F07D040F21113C31A58425841704769
:10F3B00000207047012070474100020010B54369EA
:10F3C00004461BB906F005FD23684360044B18682A
:10F3D000F8F74EFE2046BDE8104006F0FCBC00BF2A
:10F3E000A8F40120032208B511460448F8F7FEFDF1
:10F3F000002818BF6FF02D0008BD00BFA8F4012041
:10F400002DE9F04F9A46002387B081460E461446F8
:10F41000CDE903330593FFF725F928B90120F8F763
:10F42000B5FD6FF00A0475E0B9F1000F4ED1002E62
:10F4300000F0BA80002C55D1254606274FF0010870
:10F4400001940A220021304604F092FF4FF6FE7329
:10F45000421E9A4200F21A814FEA002B4BEA102B0F
:10F460001FFA8BFB002C3AD02368DB0437D53A21F6
:10F47000304606F0EDFE00B1461C3046854906F0E8
:10F480002DFF0A2200286DD00021033004F056FE23
:10F490000446814B4FF47A611868F8F701FE0028A2
:10F4A00040F08980B9F1000F61D04846E9F754FB7C
:10F4B0000146182005F06EFD0646002859D1764B0E
:10F4C0006FF009041868F8F7D3FD23E054B9002E53
:10F4D000B2D1354606274FF00108B34601964FF0EA
:10F4E000FF34D6E7236823F4A05323F00203002B54
:10F4F00040F0C980606838B9A06878B105F00EFFA7
:10F5000060B96FF0060405E005F002FF0028F3D1B2
:10F510006FF00504204607B0BDE8F08FE068D0B971
:10F52000606800F0DDFCC3B20193A368E768002BBC
:10F5300008BF0123002F08BF062725685FFA83F85C
:10F54000BFB296B105F4A053B3F5805F7FF479AFF5
:10F550004FF0000B88E7A16805F0F4FE0028DFD12A
:10F560006B205CE70146304690E7B346B7E7494673
:10F570009FE70461B9F1000F07D04846E9F7ECFABC
:10F5800049460246306806F0DAFD019B314647F2F3
:10F590000D00B361C6F81C803762756103AA00F0E4
:10F5A000CBFC1628044602D16FF00104B2E705DC5B
:10F5B00050B10B2806D16FF00204ABE7722801D1DD
:10F5C00073202CE720462AE72020DDF81090F8F77A
:10F5D00053FE0646CAF8000068B3D9F8080006F0E2
:10F5E000B2FB7060DAF800607368012B0CD0022B5C
:10F5F00024D03046F8F75EFE6FF00504049800282A
:10F6000088D005F0EEFC85E70823C6E902870027CD
:10F6100033613560F76109F118085A464046B9F878
:10F62000141005F0ECFC7061DAF8006073693BB906
:10F630003046F8F73FFE6FF00904DFE71623E4E7F2
:10F6400015F002051DD0B9F816000130F8F714FEC8
:10F65000DAF80030B061986928B95869F8F72AFEDD
:10F66000DAF80000E5E7B9F81410B9F816204144BB
:10F6700006F065FDDAF80020B9F816309269D75423
:10F68000BCE7B561BAE74FF0FF3443E76FF007041A
:10F6900040E700BF5C9C0200A8F40120F8B548F2E6
:10F6A0000F03994205460E4640D022D848F20D037A
:10F6B000994233D048F20E03994233D00069FFF7E4
:10F6C000FFFD044610B3B6F5004F1FD9A6F500465E
:10F6D000013E0B2E1AD8DFE816F0AE00E800B600A7
:10F6E000B600B6003A013A01B600C400190019008C
:10F6F0000B0149F2040399421CD0B1F5104F3FD9D8
:10F70000C068FFF7DDFD0446002848D128680028BE
:10F7100000F02D81BDE8F84005F063BCBDE8F8407D
:10F72000FFF74CBEBDE8F84005F076BEBDE8F840F6
:10F7300005F05FBE0369082B00F21981DFE813F0C2
:10F740001000160009000E0016001701170118001E
:10F750001E000020BDE8F840FFF7F0BD0120F9E7EA
:10F760000021E868BDE8F84005F096BD0121F8E702
:10F770000021E868BDE8F84005F09ABD0121F8E7EE
:10F780000069FFF79DFD04460028BFD048F28103C1
:10F790009E42BBD10146284600F0E8FA56E049F205
:10F7A00002039E4200F0CD8037D805F0FDFC0746ED
:10F7B000E0B91020F8F760FD0646B8B139461022CE
:10F7C00006F0CAFC2B6873606B683381698A002974
:10F7D00000F0C8802A8A05F1140005F010FCF060E2
:10F7E000002840F0BF803046F8F764FD286805F037
:10F7F000F8FB204605F09AFC58B1204605F0D4FCF1
:10F8000038B994F8203043F0800384F820300C237A
:10F81000A361204605F08FFC18E049F203039E42E5
:10F820003DD049F282039E427FF470AF01462846E4
:10F8300000F0B4FA0AE06B692BB9284606F0C9FA61
:10F84000AA6943681A60284606F0C5FA204605F002
:10F85000BBFC002800F08B802046BDE8F84005F096
:10F8600028BC90F8203043F0010380F8203005F0E8
:10F8700082FC18B13E4B1868F8F7FAFB94F8203078
:10F88000204623F00A0384F8203005F09DFC10B1D7
:10F89000204605F00EFC2046FFF724FDD3E728693B
:10F8A00069280BD16823A361D0E790F82030EE6877
:10F8B0006FF3410380F82030686918B100F024FB31
:10F8C000A061C3E7204605F040FC28B994F8203039
:10F8D00043F0040384F82030204605F036FC00286D
:10F8E000B4D0002EB2D00021204600F075FAADE76A
:10F8F0006B69F3B9284606F06CFAAA6943681A6086
:10F90000426892F8203043F0040382F820304368C4
:10F9100022691A61436862695A6183684BB105F1D3
:10F920000C0205F1300152F8040B8A4243F8040B33
:10F93000F9D194F82230002B85D0013B84F8223095
:10F9400081E790F82230013380F822307EE72846A4
:10F9500006F03FFA6B6913B9AB69436073E74FF088
:10F96000FF33FAE73146204605F0C0FB6EE7F8BDED
:10F97000ACF4012030B585B00546FFF7A1FC044684
:10F9800028B90920F8F702FB4FF0FF300EE0FEF730
:10F9900069FE68B9204605F0EEFB18B10E4B1868F9
:10F9A000F8F766FB2046FFF79DFC002005B030BD50
:10F9B0000021082005F0EEFA014608B96920E1E7C8
:10F9C000056101AA47F2090000F0B6FA0028ECD060
:10F9D0001628EAD0D6E700BFACF401202DE9F043A9
:10F9E00085B08146884614461D460C9EFFF768FC8C
:10F9F00040B90920F8F7CAFA4FF0FF33184605B0AE
:10FA0000BDE8F08315B90EB11620F3E7B8F1290F60
:10FA100000F09D800CDCB8F1010F11D0B8F1060F99
:10FA200000F09180B8F1000F00F08F806D20E1E7C9
:10FA3000B8F58D7F39D0B8F5007FF7D11E2C08E0DE
:10FA4000222C10DC202C05DC142C12D0152C17D005
:10FA5000022CEBD13146102005F09CFA0746002815
:10FA600079D16920C6E73C2C11D03D2C16D0282C2A
:10FA7000EFE73246294605B0BDE8F04306F0AFB9DE
:10FA80003246294605B0BDE8F04306F0B6B9324625
:10FA9000294605B0BDE8F04306F0BDB93246294617
:10FAA00005B0BDE8F04306F0D6B9631E112BBDD8F2
:10FAB00001A252F823F000BF0FFB010039FB010047
:10FAC00055FA01002DFA01002BFB010001FB01009A
:10FAD0002DFA01002DFA01002DFA01002DFA010086
:10FAE0002DFA01001DFB010055FA010055FA010035
:10FAF00055FA01002DFA010055FA010055FA0100EE
:10FB00003246294605B0BDE8F04306F0C7B9324693
:10FB1000294605B0BDE8F04306F0D4B9324629467F
:10FB200005B0BDE8F04306F0E2B93246294605B01B
:10FB3000BDE8F04306F0EDB93246294605B0BDE810
:10FB4000F04306F0F5B9372C83E71F2C81E7202C12
:10FB500080D03E2C7DE7C0F81090404606F01CF99E
:10FB60007861204600F0C4F9B86125B132462946D3
:10FB7000386806F0E4FA394647F203007E6001AACD
:10FB800000F0DAF9034600283FF438AF32E700BF4F
:10FB90002DE9F04385B08146884614461D460C9EEB
:10FBA000FFF78EFB40B90920F8F7F0F94FF0FF346A
:10FBB000204605B0BDE8F08305B10EB90E20F3E78D
:10FBC000B8F1290F00F094800CDCB8F1010F11D0CE
:10FBD000B8F1060F00F08780B8F1000F00F08680C2
:10FBE0006D20E1E7B8F58D7F2DD0B8F5007FF7D116
:10FBF0001E2C79E0152C1FD00ADC042C15D0142CF7
:10FC0000EED13246294605B0BDE8F04306F0C7B94B
:10FC1000A4F12103012BE3D81020316805F0BAF9D3
:10FC20000746002868D16920BEE73246294605B05C
:10FC3000BDE8F04306F0A3B93246294605B0BDE859
:10FC4000F04306F0BBB9621E122AC9D801A151F8CF
:10FC500022F000BFCBFC0100D9FC010019FC01001F
:10FC600019FC0100BDFC0100A1FC0100E1FB010049
:10FC7000E1FB0100E1FB0100E1FB0100E1FB010010
:10FC8000AFFC0100E1FB010019FC010019FC0100BF
:10FC900019FC0100E1FB0100E1FB010019FC01007E
:10FCA0003246294605B0BDE8F04306F096B9324623
:10FCB000294605B0BDE8F04306F0A1B93246294611
:10FCC00005B0BDE8F04306F0ACB93246294605B0B0
:10FCD000BDE8F04306F0B7B93246294605B0BDE8A5
:10FCE000F04306F0C2B9372C96D079E71F2CFBE71A
:10FCF000202C91D03E2CF7E7C0F81090404606F03B
:10FD00004BF87861204600F0F3F83946B86101AA53
:10FD100047F20400D7F8008000F00EF9044620B145
:10FD2000404605F064F920463EE77A68336841466C
:10FD30009A4228BF1A462846326006F000FA40462A
:10FD400005F055F934E700BF08B5FFF767FAFFF78C
:10FD500049FB40B9012204481146F8F747F9002849
:10FD600018BF6FF02D0008BDACF4012010B5436939
:10FD70000C467BB191F820306FF3C30381F820303B
:10FD8000406900F0C1F8044BA061BDE8104018685C
:10FD9000F8F76EB910BD00BFACF4012010B591F8B2
:10FDA00020300C466FF3C30381F82030006960B93E
:10FDB000DBB223F0140343F0140381F82030054B29
:10FDC000BDE810401868F8F753B900F09DF8A0613D
:10FDD000F5E700BFACF401202DE9F743DFF8FC9014
:10FDE0000446D9F800000191F8F75AF9074650B1D6
:10FDF000019B002B70D11023A3614FF0FF373846D1
:10FE000003B0BDE8F083606CD8B1E8F7A5FE461CEE
:10FE100094F84B8031464FEA880808F10C0005F051
:10FE2000B9F8054678B9204605F0AAF908B1692362
:10FE3000A361D9F80000F8F71BF96920F8F7A6F8D4
:10FE4000DBE73E46E4E723684246036194F8483026
:10FE500004F14C01037594F84A30183000F8023C64
:10FE600094F8493000F8033C94F84B3000F8013C1A
:10FE700006F065F9F6B13246616C286806F00FFAB3
:10FE80006E6094F82030042043F008032A4647F2BD
:10FE9000810184F8203005F09DF8204605F070F9C6
:10FEA0000028ACD1204605F066F940B9A0690028C9
:10FEB000A5D0C3E72E706E70AE70EE70E0E7022042
:10FEC00001A9F7F725FF10F10B0F05D00028E9D0A5
:10FED0000028B8BF4042B1E77420AFE7ACF401207E
:10FEE00003289CBF014B1856704700BF609C02005E
:10FEF00002383C289ABF034B53F820004FF0FF30E4
:10FF0000704700BFAC99020070289ABF024B53F8AB
:10FF100020000248704700BFE8970200ADBAADBAB2
:10FF2000013804289ABF034B53F820004FF0FF30EC
:10FF3000704700BFD49702004FF0FF3337B50D4D27
:10FF4000CA60144615600A4601460420019305F074
:10FF500041F82068A84202D0FFF7D6FF08E002204F
:10FF600001A9F7F7D5FE0028F3D00028B8BF40421A
:10FF700003B030BDEEC100BC2DE9F0410568074675
:10FF80000C463DB101F47043B3F5005F04D1404B22
:10FF9000C3E90015BDE8F0813E4E336863B144F219
:10FFA0000402914264D00CD844F2020399424ED02C
:10FFB00044F20303994253D03868BDE8F04105F09C
:10FFC00010B844F2012221F4807393420FD044F21E
:10FFD00003139942F0D1304C206808B105F001F8C4
:10FFE00001222E4B1A7025600420336826E0DFF8CA
:10FFF000B080D8F8000008B104F0F3FF44F20133F8
:020000022000DC
:100000009C420CBF0322022295F85170254B264CCE
:100010001A70C8F8005017F008053368227810D01D
:100020001AB9052098470123237007F04107012FD3
:1000300002D102203368984701203368BDE8F041BF
:100040001847002AF1D0062098472570EDE7174C95
:10005000206808B104F0C5FF032033682560EDE790
:100060000D4C206808B104F0BCFF00220B4BB9E72F
:100070002A78032AA0D8DFE802F002050709072042
:10008000984799E70820FBE70920F9E70A20F7E7F6
:10009000C0F40120B0F40120B4F4012059F501208E
:1000A000BCF401205AF501205BF50120B8F40120D1
:1000B00008B50023094A0A4813700A4A13700A4A0D
:1000C00013700A4A13700A4A136001221146F7F7A7
:1000D0008DFF002818BF6FF02D0008BD5BF50120D3
:1000E000C8F401205DF501205CF501205AF50120DE
:1000F000B0F4012010B50B4C206818B104F071FF6A
:1001000000232360084C206818B104F06AFF002324
:100110002360064C206818B104F063FF00232360BD
:10012000002010BDBCF40120B8F40120B4F401207B
:1001300030B4074B1C6844B143688589A446026803
:10014000C1899BB2E8B230BC604730BC704700BF89
:10015000CCF4012000210122074B1970074B1A70C3
:10016000074B1970074B1960074B1960074B186054
:100170000748F7F73BBF00BF5EF5012060F501209F
:100180005FF50120D4F40120D8F40120E8F4012027
:10019000D0F40120024B186808B1F7F769BF704727
:1001A000D0F4012070B4284B1B68196958691A7C77
:1001B00000221A745C7C5A749C7C9A74DC7CDA741D
:1001C0001C7D1A755C7D5A759C7D03299A75DC7DB2
:1001D000DA7529D0042929D001290FD185681B4E51
:1001E000954210D11A7A012100221972597A5A7255
:1001F000997A9A72DA7A6FF05F02DA72144B70BCF5
:100200001868F7F735BF911C00EB81014C68217825
:10021000622907D0633918BF0121490046F82140FF
:100220000132DDE70121F9E7187ADEE7187A197261
:10023000597A5A72997A9A72DA7A6FF05F02DA72A0
:100240000122044B1A70D9E7E8F40120DCF4012004
:10025000D0F401205FF5012000B50F4B83B01B687F
:1002600001934FF000030C4B40B91A68019B5A40B0
:100270004FF000030DD103B05DF804FB1A68019B39
:100280005A404FF0000304D103B05DF804EBF2F7DD
:100290007FBE02F0EDFB00BFD0DB022000B5094BB2
:1002A00083B01B6801934FF00003064B1A68019B53
:1002B0005A404FF0000302D103B05DF804FB02F096
:1002C000D7FB00BFD0DB022000B50E4B83B01B680C
:1002D00001934FF0000320B1C368587810F001007B
:1002E00009D1084B1A68019B5A404FF0000307D10F
:1002F00003B05DF804FB1878B0FA80F04009F0E72D
:1003000002F0B6FBD0DB022000B50A4B83B01B68BD
:1003100001934FF00003084B9868064B1A68019B45
:100320005A404FF0000303D1843003B05DF804FB62
:1003300002F09EFBD0DB0220ECF40120064B82B0E1
:100340001B6801934FF00003EFF31183202383F325
:100350001288BFF36F8FFEE7D0DB022010B5084B89
:1003600082B01B6801934FF000030446EFF732FFA1
:1003700004480121044AF0F78DF82046FFF7DEFF1C
:10038000D0DB0220686A0200A09A02002DE9F04347
:1003900083B0374B00AF1B687B604FF0000304460F
:1003A0000D46EFF31188202383F31288BFF36F8F7C
:1003B0000428304B98BF304AE9468AB09E6894BF03
:1003C00052F820102D491A7C6B46C3E9071240F2FF
:1003D00001311A4699842A4998615961294B42F89A
:1003E000103F00234FF431512748F0F7F7F8CD467E
:1003F0001DB1EB69C3F3080393BB2EB1304601F086
:10040000EBF908B1037803B92048E9468AB06B4696
:1004100040F201311A4619841D49C3E90660596149
:100420001C4B42F8103F00234FF411511648F0F7CF
:10043000D5F829462046CD46FFF790FF88F311886E
:10044000BFF36F8F3046F1F7D1FB094B1A687B6819
:100450005A404FF0000309D10C37BD46BDE8F08388
:1004600001210D4A0848F0F715F8C6E702F000FB35
:10047000D0DB0220ECF401207C9B0200B09A020049
:10048000C89A020005000001686A0200C09A0200D2
:10049000149B020004000001F09A020070B51B4A90
:1004A0001B4B82B0126801924FF00002421C53F8BD
:1004B000204053F82260B44214D31BE053B12846C5
:1004C000984738B10028B8BF4042FF28A8BFFF2096
:1004D000EB681870EA6808345378A64243F00103C9
:1004E000537007D9D4E90035002DE7D10834984777
:1004F000A642F7D8054B1A68019B5A404FF00003FB
:1005000001D102B070BD02F0B3FA00BFD0DB02200F
:10051000A09B0200012270B5364B374988B00320FA
:10052000364E374D096807914FF000011A70FFF7FA
:10053000B5FFF0F7ADFE00F0C3F90420FFF7AEFF02
:10054000AE4223D23446D4E90223D4E90001D4F8E0
:1005500024C0CDF814C0D4F820C0CDF810C0D4F811
:100560001CC0CDF80CC0D4F818C0CDF808C0D4F821
:1005700014C0CDF804C0D4F810C0CDF800C001F00C
:1005800087F923685C653034AC42DCD301F0C6FEE9
:10059000AE421AD2194C1B4E04E001F061F930341E
:1005A000AC4212D2D4E90A23B3F1FF3F08BFB2F143
:1005B000FF3FF4D052EA03012068EED031461830F4
:1005C000303402F091FAAC42ECD301F0CFFEEAF7FE
:1005D000FDF90D4A137B23F001031373064B1A68D0
:1005E000079B5A404FF0000301D108B070BD02F0E4
:1005F0003FFA00BF61F50120D0DB0220B0690200A4
:10060000B0690200C11B020078E6002000B50B4B68
:1006100083B01B6801934FF00003084BD3F800C070
:10062000019B93EA0C0C4FF0000304D103B05DF87A
:1006300004EB05F091BD02F01BFA00BFD0DB0220F5
:1006400000B50B4B83B01B6801934FF00003084BC0
:10065000D3F800C0019B93EA0C0C4FF0000304D1C7
:1006600003B05DF804EB05F06ABD02F001FA00BFCB
:10067000D0DB022000B50C480C4A0D4B83B0121A97
:1006800000211B6801934FF00003FFF7BFFF084BE9
:100690001A68019B5A404FF0000302D103B05DF885
:1006A00004FB02F0E5F900BF88CD002064F50120CD
:1006B000D0DB02202DE9F047294B84B01B6803935F
:1006C0004FF0000305460C46264E3046FFF7FCFD72
:1006D00058B1B368A2B25F683FB1294630460123E2
:1006E000B8470028C4BF241A2D186CB3DFF87890DF
:1006F0001E4EDFF87C801F4FF7F770F90346D9F8DC
:100700000420A2460192D9F8002028469B1808FB35
:1007100003FC019AA3FB063E42F1000206FB02C263
:10072000DB1942EB0E02042C28BF4FF0040AC9F873
:100730000420029202A95246C9F80030FFF780FF58
:10074000B4EB0A045544D7D1054B1A68039B5A40B1
:100750004FF0000302D104B0BDE8F08702F088F941
:10076000D0DB02205867020060C90020FDB0B087CE
:10077000E62EBB272DF304B52DE98048002089B073
:10078000FFF78CFE414B03F5006A8AF3088883F378
:100790000A880024E0223E4D4FF0010B85F822200C
:1007A000EC772C766C76AC7685F820406A6ADFF8B8
:1007B000E49042F4E0226A6285F82340F1F72AF9D6
:1007C000F1F740FC4FF0FF32AA62EA62F1F714FF42
:1007D000F1F7FAFCEFF748FB40F201122E4F4846C2
:1007E000A9F80C20C9E9224403F074F9C7F808906D
:1007F000FFF754FD5846FFF751FE0220FFF74EFE6B
:10080000042107A8FFF756FF244B079A244E1A60CD
:100810001A68DFF8908012021A6001F045FE224B40
:100820004FF48042214905933046214BCDE9034BDB
:10083000CDE9014400947E6101F02AF8737B0546FE
:1008400023F004033046737301F028FB0F23039356
:10085000184B4FF4A072184905934046174BCDE949
:100860000144CDF810B0009701F012F898F80D305F
:10087000294623F0040330460D4A3C74C7F804A00F
:10088000C7F80C8088F80D30F1F798FB9012022021
:1008900000ED00E010E80020ECF40120D0DB0220A5
:1008A00078E60020C0E50020989B0200D01B0220C3
:1008B00015050200909B0200901A0220490B0200CD
:1008C00000B5094B83B01B6801934FF00003064B42
:1008D0001A68019B5A404FF0000302D103B05DF843
:1008E00004FB02F0C5F800BFD0DB022030B5114C8C
:1008F000114D124B83B0AC421B6801934FF00003C3
:100900000BD2D4E9011204F10C0320461B6014340D
:100910005B60EBF775F9AC42F3D3084B1A68019BA7
:100920005A404FF0000302D1002003B030BD02F066
:100930009FF800BFF8CB002020CC0020D0DB0220A5
:1009400000B50E4B83B01B6801934FF0000300F11C
:100950000C0C0A4BC0F80CC0C0F810C0D3F800C093
:10096000019B93EA0C0C4FF0000304D103B05DF837
:1009700004EBEBF745B902F07BF800BFD0DB0220B7
:100980002DE9F04F0646274B8BB0DDE914541B6868
:1009900009934FF00003904623462A4606A889464D
:1009A00006F1140B02F06CFADDE90623CDE902230F
:1009B000EFF31181202787F31288BFF36F8F06F1C1
:1009C0000C038A46059315E025431AD0DDE902237E
:1009D00006A802F0A9FADDE9065451465846CDE9C9
:1009E0000054059A01F0F0FAEFF3118A87F31288A8
:1009F000BFF36F8F424649463046EBF74DF800286B
:100A0000E2D08AF31188BFF36F8F064B1A68099BF7
:100A10005A404FF0000302D10BB0BDE8F08F02F056
:100A200027F800BFD0DB022030B58C4614461D46A7
:100A30000B4B85B01B6803934FF000036246042103
:100A4000CDE90045FFF79CFF054B1A68039B5A4010
:100A50004FF0000301D105B030BD02F009F800BF2E
:100A6000D0DB022030B5194B83B01B6801934FF0E7
:100A700000030446EFF31185202383F31288BFF3AC
:100A80006F8FEAF773FF04F10C0001F0B9FC60B955
:100A900085F31188BFF36F8F0C4B1A68019B5A4086
:100AA0004FF0000310D103B030BD084B1A68019B12
:100AB0005A404FF0000307D1294604F1140003B057
:100AC000BDE8304001F0C6BB01F0D2FFD0DB022010
:100AD00030B51A491A4D1B4B83B0A9421B680193CC
:100AE0004FF000031AD24C698B6843EA040010F0FF
:100AF00003001DD10A69C860013A04FB0232934227
:100B000001D908E01A4610604B698C68D31AA342D9
:100B10001046F7D2CA601C31A942E4D30020094B29
:100B20001A68019B5A404FF0000304D103B030BD56
:100B30006FF01500F3E701F09BFF00BFF8CB00203A
:100B4000F8CB0020D0DB022000B5084B83B01B6837
:100B500001934FF000032024EFF3118384F31288F4
:100B6000BFF36F8FF1F788FAF6E700BFD0DB022002
:100B700000B503460B4A002083B0126801924FF083
:100B800000021B60C3E902005B60064B1A68019B10
:100B90005A404FF0000302D103B05DF804FB01F0AE
:100BA00067FF00BFD0DB022070B5434986B00968FB
:100BB00005914FF000010446EFF31185202181F3E8
:100BC0001288BFF36F8FC168A9B93C4B986890F940
:100BD0000E300131C4E90313A06085F31188BFF31F
:100BE0006F8F0020344B1A68059B5A404FF000036A
:100BF00060D106B070BD3148A6688068864201D1D8
:100C00002369E6E752EA03014DD090F90E1096F9F8
:100C10000E006FF07E0C8142A8BF01466145B8BF4F
:100C20006146884236DC0026009229462246244846
:100C3000019301F0C9F90028D3D0EFF311852023E7
:100C400083F31288BFF36F8FA06890B12368216986
:100C50009C420AD04BB193F90E309942A8BF194675
:100C60006FF07E039942B8BF194690F90E30994251
:100C700007D156B985F31188BFF36F8F6FF00A0063
:100C8000B0E701F081FA0028F3D029460C4801F0C2
:100C9000E1FAF3E73046CDE9022301F075FADDE928
:100CA00002230646C0E785F31188BFF36F8F6FF00C
:100CB0000F0097E701F0DCFED0DB0220ECF401200E
:100CC0000CF5012030B5264B83B01B6801934FF023
:100CD00000038368002B3ED0224A9268934237D1AA
:100CE000C3680446012B0BD9013BC36000201C4B99
:100CF0001A68019B5A404FF000032FD103B030BD5A
:100D0000EFF31185202383F31288BFF36F8F806880
:100D1000216990F90E30994217D1204601F0C8F9A7
:100D2000A06060B190F90E2022610022C0F8B020CE
:100D300001F0B4F829460C4801F08CFAD6E7E060DF
:100D400085F31188BFF36F8FD0E701F01DFAE4E758
:100D50004FF0FF30CBE76FF01500C8E701F088FED9
:100D6000D0DB0220ECF401200CF501202DE9F0434A
:100D70003C4C83B0246801944FF0000406461546AD
:100D80001C469DF828C000F10808EFF311892023C4
:100D900083F31288BFF36F8FBCF1000F29D047682F
:100DA000404601F085F950BB002C33D12C60002F58
:100DB0003AD03B68032B40D923F0030323432B6035
:100DC0003B6803F003031D433D60042106F110005E
:100DD00002F06AFD4946404601F03CFA0020214BF2
:100DE0001A68019B5A404FF0000339D103B0BDE8A7
:100DF000F08340460F4601F05BF90028D4D0002272
:100E00004561C0F8B02001F049F84946404601F07C
:100E100021FAE3E7082102F077FED0B10124456012
:100E200004600546002FC4D1336823432B607368E8
:100E30003560002BC9D17560C7E72C6072682AB194
:100E4000136803F003032B431360F4E73560756008
:100E5000BBE789F31188BFF36F8F6FF00B00BEE71C
:100E600001F006FED0DB022010B5002301240A4663
:100E70000A4984B0096803914FF0000119460094B3
:100E8000FFF774FF054B1A68039B5A404FF00003AD
:100E900001D104B010BD01F0EBFD00BFD0DB02209A
:100EA00070B5204984B0096803914FF00001EFF359
:100EB0001185202484F31288BFF36F8F0468F4B186
:100EC0002368426823F00303944208BF4360036031
:100ED00023689B070DD185F31188BFF36F8F114BEA
:100EE0001A68039B5A404FF0000318D1204604B003
:100EF00070BD6668204602F0A1FD3446EBE752EA79
:100F00000301E8D00830009229460246019301F01F
:100F10005BF80028E3D1044B9B685C69DFE701F0D4
:100F2000A7FD00BFD0DB0220ECF4012000B5124B7E
:100F300083B01B6801934FF00003BAB18A4215D306
:100F4000034600F1100C0020C3E902121B605B6035
:100F5000C3F810C0C3F814C0074B1A68019B5A406D
:100F60004FF0000305D103B05DF804FB6FF01500EE
:100F7000F2E701F07DFD00BFD0DB022030B5194B58
:100F800083B01B6801934FF000030446EFF3118513
:100F9000202383F31288BFF36F8F01F089F890B19B
:100FA0000022C0F8B02000F079FF0E4B1A68019BB8
:100FB0005A404FF0000312D129460B4803B0BDE858
:100FC000304001F047B9D4E902329A4218BF0133E8
:100FD000022104F11000A36002F066FCE5E701F0D5
:100FE00047FD00BFD0DB02200CF5012030B51949C8
:100FF00085B0096803914FF000011546EFF31181A8
:10100000202282F31288BFF36F8F84687CB1013C89
:10101000846081F31188BFF36F8F00200D4B1A6835
:10102000039B5A404FF0000312D105B030BD55EA82
:10103000030206D00246CDE90053074800F0C4FF82
:10104000ECE781F31188BFF36F8F6FF00F00E5E7D6
:1010500001F00EFDD0DB02200CF5012070B5184B1D
:1010600082B01B6801934FF000030446EFF3118632
:10107000202383F31288BFF36F8F6FF00A0503E01C
:10108000C0F8B05000F00AFF204601F011F8002827
:10109000F6D1A060022104F1100002F005FC084B1B
:1010A0001A68019B5A404FF0000306D131460548AB
:1010B00002B0BDE8704001F0CDB801F0D9FC00BF2E
:1010C000D0DB02200CF5012010B5104B86B003AC2C
:1010D00093E8030084E8030000940D4C4FF0FF33C5
:1010E0004FF480420B490C48246805944FF00004EB
:1010F00000F0E4F9064B1A68059B5A404FF00003D4
:1011000002D1002006B010BD01F0B2FC246B020039
:10111000D0DB0220D05B022030E700202DE9F04F29
:1011200020254FF0FF384FF0FF3904464B4B89B074
:101130001B6807934FF00003494E00F1C80300F10C
:10114000C00A0593EFF3118B85F31288BFF36F8FFD
:10115000D4F8B870002F61D0D4F8BC003968874249
:10116000C4F8B81008BFC4F8BC10D4F8D01041F0CF
:101170000201C4F8D010F868796820F0040040F04B
:101180000100F8608BF31188BFF36F8F38468847F2
:10119000EFF3118B85F31288BFF36F8FF868C106E8
:1011A00020F0010331D4FB609A070ED4D4F8D0307C
:1011B00023F00203C4F8D0308BF31188BFF36F8F94
:1011C000DB05BFD401F08CF9BCE7306823F00203E3
:1011D000FB600028EAD0426800239742016807D0EC
:1011E0000029E3D003460846426809689742F7D1D0
:1011F00002686BB31A607268824208BF7360002392
:1012000040F8083BFFF7BAFED0E720F01100F86085
:1012100007F11000FFF7B2FEFB68C5E7D4F8D02055
:1012200022F004015007C4F8D01009D4002352461C
:101230005946CDE9008902930A4801F003FB81E792
:1012400000220121059801F0BDFA0028F8D1EDE750
:10125000736832608342D2D17260D0E7D0DB022063
:1012600008E800200CF50120F0B5374B83B01B686F
:1012700001934FF00003C3680D469A07C3F340067D
:1012800019D45F071AD500232B602F4B1A68019BD6
:101290005A404FF0000355D1304603B0F0BD00F086
:1012A0005DFAD7F8D030A8B9D907C3F3C00246D544
:1012B000D2B15A0718D46FF00F06E4E70F6804465E
:1012C0003FB3DB072AD40126204B9B68BB42E6D004
:1012D000D7F8D030D807C3F3800230D5002AEAD13E
:1012E000C3F3C003002BE6D100232360D7F8BC3042
:1012F000E3B11C60C7F8BC40002207F1C0001146F2
:1013000001F060FAE36843F00403E3602B68A36034
:10131000BBE787680F60C368DE070CD5A7680226A5
:101320002F60002FD0D16FF01506ACE7C7F8B8409A
:10133000C7F8BC40E0E70126002FC5D1F3E76FF006
:101340001206A0E701F094FBD0DB0220ECF40120B0
:1013500010B5164B82B01B6801934FF00003EFF3FA
:101360001184202383F31288BFF36F8F002250F87B
:10137000043C009223F008011B0740F8041C0CD425
:1013800084F31188BFF36F8F084B1A68019B5A4092
:101390004FF0000308D102B010BD836969461038D0
:1013A0000093FFF761FFEBE701F062FBD0DB022067
:1013B00010B5104B84B01B6803934FF000030190ED
:1013C0000846EFF31184202383F31288BFF36F8F55
:1013D00001A9FFF749FF84F31188BFF36F8F054B15
:1013E0001A68039B5A404FF0000301D104B010BDAE
:1013F00001F03EFBD0DB022070B5164B82B01B68BB
:1014000001934FF0000300900846EFF3118620256A
:1014100085F31288BFF36F8F6946FFF725FF0446F7
:1014200086F31188BFF36F8F002807DDEFF311807B
:1014300085F31288BFF36F8F00F03EFF054B1A68EB
:10144000019B5A404FF0000302D1204602B070BD0C
:1014500001F00EFBD0DB022070B5164B164A82B0AD
:10146000126801924FF000020093EFF311862025DD
:1014700085F31288BFF36F8F6946FFF7F5FE0446C8
:1014800086F31188BFF36F8F002807DDEFF311801B
:1014900085F31288BFF36F8F00F00EFF064B1A68BA
:1014A000019B5A404FF0000302D1204602B070BDAC
:1014B00001F0DEFA30E70020D0DB0220F0B5254C49
:1014C00000268BB0246809944FF000040446C0F84D
:1014D000B860C0F8BC60109DC030C4E9300004F1B1
:1014E000C800C4E932008DB32E7940F20110002EFD
:1014F00008BF01204FF0FF364FF0FF37C4F8D0008F
:10150000CDE90667002603932046CDE90166124B1C
:101510000094049600F01AFA35B1296811B12046FA
:1015200000F036F96B7963B90A4B1A68099B5A4087
:101530004FF000030CD120460BB0BDE8F04000F0A6
:101540008FB9237B43F001032373EDE70120D1E73B
:1015500001F08EFAD0DB02201D11020030B50D4BD8
:1015600083B00D463022002104461B6801934FF0E2
:10157000000304F0F1FD4FF48073E360054B6560F8
:101580001A68019B5A404FF0000301D103B030BDEF
:1015900001F06EFAD0DB022010B51A491A4C82B065
:1015A000246801944FF000040091EFF3118420218E
:1015B00081F31288BFF36F8FC16811F01E0F0DD039
:1015C000002084F31188BFF36F8F0F4B1A68019BC3
:1015D0005A404FF0000313D102B010BD53EA020E7F
:1015E0000AD041F00801C1600099103081610749BB
:1015F00001F07AFA0120E4E76946FFF735FEE0E7FB
:1016000001F036FA30E70020D0DB0220511302004F
:10161000F0B5204C85B0246803944FF000041646C2
:101620000C461D460190EFF31187202383F31288A7
:10163000BFF36F8FCB6823F008021B07CA6022D468
:1016400055EA06031AD0E36804F1100043F00801DC
:10165000E16001993246A1622B460F4901F044FA3C
:10166000012087F31188BFF36F8F0A4B1A68039B21
:101670005A404FF000030BD105B0F0BD204601A940
:10168000FFF7F2FDEDE701F1100001F0CBFAD7E72B
:1016900001F0EEF9D0DB022051130200F0B5204931
:1016A000204C83B0246801944FF000041646044691
:1016B0001D460091EFF31187202383F31288BFF3B7
:1016C0006F8FC36823F008021B07C26022D455EA5B
:1016D00006031AD0E36804F1100043F00801E1604A
:1016E00000993246A1622B460F4901F0FDF9012015
:1016F00087F31188BFF36F8F0A4B1A68019B5A401A
:101700004FF000030AD103B0F0BD20466946FFF751
:10171000ABFDEDE7103001F085FAD8E701F0A8F94C
:1017200030E70020D0DB02205113020000B50A4B45
:1017300083B01B6801934FF00003074B00604060CB
:101740001A68019B5A404FF0000303D1002003B0F8
:101750005DF804FB01F08CF9D0DB022000B50B4BE7
:1017600083B01B6801934FF00003EFF30580074B34
:10177000003818BF01201A68019B5A404FF000033F
:1017800002D103B05DF804FB01F072F9D0DB022056
:1017900010B50F4B82B01B6801934FF0000388B166
:1017A00004461F2204F1620004F079FD0020084B7A
:1017B00084F881001A68019B5A404FF0000304D15D
:1017C00002B010BD034B9C68EBE701F051F900BF7C
:1017D000D0DB0220ECF4012000B5094B83B01B687C
:1017E00001934FF00003064B1A68019B5A404FF0DB
:1017F000000303D1623003B05DF804FB01F038F957
:10180000D0DB022000B5144B144A83B01268019259
:101810004FF000029A68537B13F001030FD1D2F806
:1018200088201168B1F1F03F09D04FF0F03111601C
:1018300083F31188BFF36F8F0223184602DF074B33
:101840001A68019B5A404FF0000302D103B05DF8C3
:1018500004FB01F00DF900BFECF40120D0DB022005
:1018600000B50A4B83B01B6801934FF00003074B90
:101870001A68019B5A404FF0000304D103B05DF891
:1018800004EB00F02DBB01F0F3F800BFD0DB022029
:101890002DE9F04F00274FF0040E2A4C87B04FF08F
:1018A000F03C4FF000084FF00009246805944FF019
:1018B00000040446109D07320095119DDDF854B0D8
:1018C000019522F00705129A80F80DE08760C77332
:1018D0000292139A01EB050A8273149AC0E90689F1
:1018E000027300F15802C0E91622C1F800C0524646
:1018F000C0E92357C0F88810F0F712FB6765BBF109
:10190000000F19D01F22594604F1620004F0C7FCF1
:1019100084F881700C4B9B680BB1D3F89430C4F8F9
:101920009430084B1A68059B5A404FF0000306D1CB
:10193000504607B0BDE8F08F84F862B0EAE701F0E6
:1019400097F800BFD0DB0220ECF401202DE9F04F26
:1019500000264FF0040E4FF0F03C4FF000084FF01F
:1019600000092A4C87B0246805944FF00004DDE993
:1019700016BA0446109D07320095119D019522F07C
:101980000705129A80F80DE08660C6730292139ADA
:10199000C0E906898273149A027300F15802C0E903
:1019A0001622C1F800C04A19C0E92356C0F88810B1
:1019B000F0F7B6FA164B66659B6884F862600BB167
:1019C000D3F89430BAF1FF3F08BFBBF1FF3FC4F832
:1019D00094300AD10D4B1A68059B5A404FF0000312
:1019E00012D1204607B0BDE8F08F5AEA0B0303D1AD
:1019F000204600F075FAEDE75A465346054904F1D2
:101A0000180001F071F8E5E701F032F8D0DB0220B0
:101A1000ECF40120C11B020030B5164D164A2B46CE
:101A200053F8184F83B09C42126801924FF00002A5
:101A30001BD0D4B1AB6890B95A7BD2060FD1A26942
:101A40006AB9DA897F2A0AD91C460B4B6C611A687D
:101A5000019B5A404FF0000309D103B030BD9C42B6
:101A6000F3D0204600F034FFEFE7EC68E2E700F047
:101A7000FFFF00BFECF40120D0DB022070B5254B46
:101A800082B01B6801934FF0000390F90D30427B48
:101A9000002B01DBD30608D01E4B1A68019B5A406D
:101AA0004FF0000333D102B070BD8369002BF3D136
:101AB000194E62F07F023546427355F8183FF469BB
:101AC000AB4208BF00235BB190F90E2093F90E10D2
:101AD0008A4201D0914214DCA34201D01B68F2E794
:101AE000C0E900542060F0610A4B1A68019B5A401B
:101AF0004FF000030BD1002002B0BDE87040FFF7AB
:101B00008BBF5A68C0E9003210605860ECE700F003
:101B1000AFFF00BFD0DB0220ECF4012030B590F91C
:101B20000D20254B83B0002A1B6801934FF0000362
:101B300004460D46437B09DA002203F07F03416827
:101B4000437303680B605960026042601B4B9868E6
:101B5000001BB0FA80F04009FFF75EFF637B43F0A3
:101B600002036373B5B1A5602B689D420DD063B1CC
:101B700094F90E2093F90E00824201D0904212DCBB
:101B80006A68934202D01B68F1E76A68C4E90052B0
:101B900014606C60084B1A68019B5A404FF00003B8
:101BA00007D103B030BD5A68C4E9003214605C60EC
:101BB000F0E700F05DFF00BFD0DB0220ECF4012075
:101BC000D0B51C4B82B01B6801934FF00003EFF3BC
:101BD0001184202383F31288BFF36F8F10F80B3C1E
:101BE00013F0280217D150F8101C69B150E90631E2
:101BF000002600270B60596010F80B3C40E906678F
:101C000040F8102C03F0FD0323F0140300F80B3C04
:101C10001838FFF733FF84F31188BFF36F8F054B3C
:101C20001A68019B5A404FF0000301D102B0D0BDA9
:101C300000F01EFFD0DB0220002A2DE9F0430CBF8C
:101C400010270827594B83B01B6801934FF00003FE
:101C5000437B054617EA0302884612D0544CA3681A
:101C6000AB4233D088F31188BFF36F8F4F4B1A68A4
:101C7000019B5A404FF0000340F0958003B0BDE84F
:101C8000F08347EA0301DB0933D1082F41733BD0CE
:101C90004FF00009464CA368A669464A96426CD0AC
:101CA000002E6AD09E4202D0304600F011FE102F66
:101CB000666102D0B9F1000F61D1BFF35F8F6B7B1A
:101CC00023F060036B73A368AB42CBD1EFF30583C2
:101CD000002BC7D1FFF796FD344B1A68019B5A4081
:101CE0004FF000035FD1404603B0BDE8F043EFF78B
:101CF000ABBF01F07F01082F4173D0E900310B60C9
:101D00005960C0E90022C3D1AB685BB1D5E90032AC
:101D100013605A6000236A7BC5E9003322F0020297
:101D20006A73AB6005F1180000F07CFFAC6D05F143
:101D30005809A1451AD0CCB1002600E0B4B1D4E9CD
:101D4000003213605A60637B266023F002036373E2
:101D50006660A66004F1180000F064FF2046C4F835
:101D6000B060FFF78BFEAC6DA145E7D1104CA368C6
:101D70009D4210D04FF000098EE7E66892E740F2EE
:101D8000011200230C4E3046C6E92233B28101F025
:101D9000A1FEA66091E7EFF30589B9F1000918BF2C
:101DA0004FF0010978E700F063FE00BFD0DB0220AE
:101DB000ECF4012004F5012010E8002000B50D4BE3
:101DC00083B01B6801934FF0000390F90E3091F936
:101DD0000E00834218BFC01A064B08BF00201A68C5
:101DE000019B5A404FF0000302D103B05DF804FBA1
:101DF00000F03EFED0DB022070B590F90D20254B9F
:101E000082B0002A1B6801934FF00003437B0ADA7B
:101E1000D0E90014002203F07F03437321604C607B
:101E2000437B026042601C4D63F07F032E46437388
:101E300056F8183FEC69B34208BF002363B190F92C
:101E40000E2093F90E108A4201D0914219DCA34270
:101E500002D01B68002BF2D1C0E900642060E86169
:101E60000C4B1A68019B5A404FF000030FD1AB682E
:101E7000181AB0FA80F0400902B0BDE87040FFF7D0
:101E8000CBBD5A68C0E9003210605860E8E700F046
:101E9000EFFD00BFD0DB0220ECF4012010B50F4BAA
:101EA00082B01B6801934FF00003EFF311842023ED
:101EB00083F31288BFF36F8FFFF7E0FD84F311887F
:101EC000BFF36F8F054B1A68019B5A404FF0000318
:101ED00001D102B010BD00F0CBFD00BFD0DB02206D
:101EE00030B51F4B83B01B6801934FF00003EFF335
:101EF0001184202282F31288BFF36F8F427B530735
:101F00000CD484F31188BFF36F8F154B1A68019BB3
:101F10005A404FF0000320D103B030BD22F004023C
:101F20004273FFF7ABFD002CEBD1EFF30585002DDD
:101F3000E7D10C4B5A699B689A42E2D0FFF762FCEA
:101F4000074B1A68019B5A404FF0000305D1284601
:101F500003B0BDE83040EFF777BE00F089FD00BF69
:101F6000D0DB0220ECF4012030B5164B83B01B68A7
:101F700001934FF00003EFF31181202383F31288C4
:101F8000BFF36F8F83686BB1D0E900320024002566
:101F900013605A600022437BC0E9004523F002032E
:101FA0004373826081F31188BFF36F8F054B1A680A
:101FB000019B5A404FF0000301D103B030BD00F047
:101FC00057FD00BFD0DB0220F0B51B481B4C83B08F
:101FD000006801904FF00000194BA0680E46089F62
:101FE0001146099D1860EFF31183202383F31288B3
:101FF000BFF36F8FA4682046FFF790FDB5F1FF3F58
:1020000008BFB7F1FF3F06D03A462B460D4904F111
:10201000180000F069FDFFF7F5FB074B1A68019BFC
:102020005A404FF0000305D1304603B0BDE8F04000
:10203000EFF70ABE00F01CFDD0DB0220ECF401201B
:102040000CF50120C11B020030B5184B83B01B6892
:1020500001934FF000030346EFF31182202181F337
:102060001288BFF36F8F006883421BD068B1D0E93C
:102070000031002400250B6059600021437BC0E93A
:10208000004523F002034373816082F31188BFF39C
:102090006F8F064B1A68019B5A404FF0000303D123
:1020A00003B030BD0020F0E700F0E2FCD0DB0220FE
:1020B000F0B51A4B83B01B6801934FF00003EFF3A8
:1020C0001185202383F31288BFF36F8F0468A04229
:1020D00020D08CB1D4E900320026136000275A606A
:1020E0000022637BC4E9006723F00203637304F1F9
:1020F0001800A26000F096FD85F31188BFF36F8F82
:10210000064B1A68019B5A404FF0000304D1204649
:1021100003B0F0BD0024EFE700F0AAFCD0DB022002
:1021200030B5184B83B01B6801934FF00003EFF3F9
:102130001181202383F31288BFF36F8F83686BB103
:10214000D0E900320024002513605A600022437B4E
:10215000C0E9004523F002034373826081F31188D4
:10216000BFF36F8F074B1A68019B5A404FF0000373
:1021700005D1183003B0BDE8304000F053BD00F089
:1021800077FC00BFD0DB0220F0B5304B83B01B687A
:1021900001934FF000030446EFF31185202383F3EE
:1021A0001288BFF36F8F437B49B2DA0601D182698F
:1021B00072B10020A17385F31188BFF36F8F234B99
:1021C0001A68019B5A404FF000033DD103B0F0BDA7
:1021D00003F07F034373426803681D4E13605A6027
:1021E000002300223746C0E90023437B817363F05C
:1021F0007F03437357F8183FF069BB4208BF0023C1
:102200004BB193F90E20914201D08A4216DC8342F1
:1022100001D01B68F4E7C4E900700460F461B4699C
:10222000BC4209D044B1B3689C4202D0204600F0C1
:102230004FFB01207461BEE7F468F4E75A68C4E913
:10224000003214605C60EAE700F012FCD0DB022090
:10225000ECF4012010B5164B82B01B6801934FF0CF
:10226000000311B9EFF3058464B181F31188BFF362
:102270006F8F0F4B1A68019B5A404FF0000315D126
:1022800002B010BD0B4B5A699B689A42EDD0FFF724
:10229000B9FA074B1A68019B5A404FF0000305D169
:1022A000204602B0BDE81040EFF7CEBC00F0E0FBE6
:1022B000D0DB0220ECF4012010B5164B82B01B6875
:1022C00001934FF0000310B9EFF3058464B180F37C
:1022D0001188BFF36F8F0F4B1A68019B5A404FF064
:1022E000000315D102B010BD0B4B5A699B689A428E
:1022F000EDD0FFF787FA074B1A68019B5A404FF061
:10230000000305D1204602B0BDE81040EFF79CBCA9
:1023100000F0AEFBD0DB0220ECF4012000B5114B45
:1023200083B01B6801934FF00003EFF3118120236A
:1023300083F31288BFF36F8F0B4B9A68D37B013BFB
:10234000D37381F31188BFF36F8F064B1A68019B1B
:102350005A404FF0000302D103B05DF804FB00F0D7
:1023600087FB00BFD0DB0220ECF4012070B5224BCC
:1023700082B01B6801934FF00003EFF31186202415
:1023800084F31288BFF36F8F1C4D0020AA68D37BA3
:102390000133D373FFF740FB86F31188BFF36F8FD0
:1023A000EFF3118384F31288BFF36F8F13B9EFF348
:1023B000058464B183F31188BFF36F8F0E4B1A68E5
:1023C000019B5A404FF0000314D102B070BD6969FF
:1023D000AA689142EED0FFF715FA074B1A68019BE5
:1023E0005A404FF0000305D1204602B0BDE87040CE
:1023F000EFF72ABC00F03CFBD0DB0220ECF401201C
:102400002DE9F0470468274B82B084421B68019392
:102410004FF0000341D0002C3FD005464FF020087C
:10242000002600274FF0000900E05CB3EFF31181B4
:1024300088F31288BFF36F8FA3685BB1D4E90032D1
:1024400013605A60637BC4E9006723F0020363737F
:10245000C4F8089081F31188BFF36F8F04F118005E
:1024600000F0E0FBEFF3118A88F31288BFF36F8F5F
:102470002046FFF703FB8AF31188BFF36F8F2C68A8
:10248000A542D2D10120074B1A68019B5A404FF058
:10249000000304D102B0BDE8F0870020F3E700F0AC
:1024A000E7FA00BFD0DB022000B50B4A0B4B83B02C
:1024B0001B6801934FF00003134643F81829DA61B3
:1024C000064B1A68019B5A404FF0000302D103B03B
:1024D0005DF804FB00F0CCFA04F50120D0DB02200B
:1024E000F0B52E4B83B01B6801934FF00003EFF360
:1024F0001186202383F31288BFF36F8F284DAB68BA
:102500002F465A7B586802F07F025A7300221968DE
:10251000016048601A605A60A868437B63F07F03DB
:10252000437357F8183FEC69BB4208BF134663B1C9
:1025300090F90E2093F90E108A4201D0914224DCCA
:10254000A34202D01B68002BF2D1C0E900742060C6
:10255000E861AC69BC4216D0ACB1AB689C4202D019
:10256000204600F0B5F96C61FFF74CF90B4B1A6887
:10257000019B5A404FF000030DD1304603B0BDE837
:10258000F040EFF761BBEC68E7E75A68C0E900325A
:1025900010605860DDE700F06BFA00BFD0DB02206E
:1025A000ECF401202DE9F041334B82B01B6801931C
:1025B0004FF0000350EA010359D0831C71F1FF333F
:1025C00005460E464FDA6FF00104241AEFF3118727
:1025D000202383F31288BFF36F8FDFF8A080284A8F
:1025E000D8F8083093F90D10136000295A7B29DBC5
:1025F0000120FFF711FAD8F80800224918302A46BE
:10260000334600F071FAD8F80820537B43F01003EA
:102610005373FFF7F7F83846EFF716FB00F0D0FBDF
:10262000201A63EB0303012873F1000300DA002092
:10263000114B1A68019B5A404FF000031AD102B0A7
:10264000BDE8F08102F07F025A730022D3E9001046
:10265000016048601A605A60D8F80800C01AB0FAE1
:1026600080F04009C5E700F0ABFB4419AEE7FFF787
:1026700037FFDCE700F0FCF9D0DB0220ECF40120AE
:102680000CF50120C11B0200B1F1FF3F08BFB0F102
:10269000FF3F10B51C4B82B01B6801934FF0000345
:1026A00014D0FFF77FFF4FF47A7147F6FF730022D3
:1026B000C0FB0132D80B40EA4240134B1A68019B21
:1026C0005A404FF000031DD102B010BD0F4B9C6863
:1026D00004F1180000F0A6FAEFF31181202383F330
:1026E0001288BFF36F8F637B13F0100206D081F363
:1026F0001188BFF36F8F4FF0FF30DEE72046FFF702
:102700009BFAF8E700F0B4F9D0DB0220ECF40120EA
:1027100000B50A4B83B01B6801934FF00003084BD0
:102720009868064B1A68019B5A404FF0000302D18B
:1027300003B05DF804FB00F09BF900BFD0DB022082
:10274000ECF4012000B51E4B83B01B6801934FF0E1
:102750000003EFF31181202282F31288BFF36F8F01
:10276000027BD2071DD4437B1B070DD581F3118853
:10277000BFF36F8F124B1A68019B5A404FF0000352
:102780001CD103B05DF804FB0D4B1A68019B5A4045
:102790004FF0000312D1012203B05DF804EBFFF704
:1027A0004BBA81F31188BFF36F8F002383F3118835
:1027B000BFF36F8F0423184602DFDBE700F058F900
:1027C000D0DB0220F0B51E4B83B01B6801934FF0A5
:1027D0000003EFF31185202383F31288BFF36F8F7B
:1027E0000468A04228D02CB3626100260022002792
:1027F00060682368C4F8B01003605860637BA2600F
:1028000023F002036373C4E9006704F1180000F0C9
:1028100009FA2046FFF732F9012085F31188BFF34A
:102820006F8F074B1A68019B5A404FF0000305D188
:1028300003B0F0BD2046F0E70020EEE700F018F905
:10284000D0DB022010B584B0DDE90634CDE90034D8
:102850000B4B089C1B6803934FF00003FFF7B4FB7E
:102860001CB1084B9B685B692360054B1A68039B8E
:102870005A404FF0000301D104B010BD00F0F8F849
:10288000D0DB0220ECF4012010B501220C4B82B009
:102890001B6801934FF000030A4C0B49001BC0104A
:1028A00001FB00F0094B1A54054B1A68019B5A4072
:1028B0004FF0000301D102B010BD00F0D9F800BF05
:1028C000D0DB0220C8E80020ABAAAAAA10F501209C
:1028D00070B5214B82B01D7C204B214E1B680193AB
:1028E0004FF0000305EB450306EBC30604463046F4
:1028F00000F098F900221B4B5A55E3897F2B02D830
:10290000194B1A6842B9154B1A68019B5A404FF08F
:1029100000031ED102B070BD144B94F90E101B6859
:102920009942F0DB637BDB06EDD1114B9C42EAD090
:102930000A49013A0868019948404FF000014FEAFE
:10294000E27306D130460B4902B0BDE8704000F09A
:10295000CBB800F08DF800BFECF40120D0DB0220F2
:10296000C8E8002010F5012018F5012014F5012019
:10297000C0E500208928020030B5204B83B01B68D9
:1029800001934FF00003EFF31185202383F31288A6
:10299000BFF36F8F1A4A1B4B94681868A0421BD074
:1029A0000021127C18481960825CBAB1E3897F2B40
:1029B00014D8164B1B688BB1154B94F90E201B686D
:1029C0009A420BDB637BDB0608D1124B9C4205D09D
:1029D0002046FFF711FA2046FFF77AFF85F31188AA
:1029E000BFF36F8F054B1A68019B5A404FF00003ED
:1029F00001D103B030BD00F03BF800BFD0DB0220B6
:102A0000ECF401200CF5012010F5012018F501204F
:102A100014F50120C0E5002000B50E480E4A0F4B0A
:102A200083B0121A0E491B6801934FF00003FDF7A3
:102A300007FE0A4B1A68019B5A404FF0000307D16A
:102A4000084A0949094803B05DF804EBFDF7F8BDF1
:102A500000F00EF880C5002084CD0020D0DB0220DD
:102A6000F49D020000000000DC9D020080C50020F3
:102A7000064B82B01B6801934FF00003002383F3E1
:102A80001188BFF36F8F0223184602DFD0DB0220CC
:102A900010B5134B134A82B0126801924FF0000236
:102AA0005A68036882420AD04BB1D3E90421046911
:102AB000121944691A6141EB04015961036800224B
:102AC00041680B605960074B026042601A68019BC5
:102AD0005A404FF0000301D102B010BDFFF7C8FF0C
:102AE000F4CA0020D0DB0220B3F1FF3F08BFB2F1EF
:102AF000FF3FF0B5474C83B0246801944FF00004C9
:102B00004DD0064614468160EFF31187202181F3F2
:102B10001288BFF36F8F013273F1FF3248DA184623
:102B20006FF001033C49D1E900259B1A4FF0FF32B9
:102B300062EB05051C1B65EB0005012C75F100031C
:102B400001DA01240025DFF8D4C0C6E90445DCE938
:102B50000020624511D082B1D2E904319C4275EB6C
:102B6000010E32DBE31A65EB010590421C46C6E913
:102B7000043502D01268002AEED1C6E900C0066012
:102B8000CCF80460DCF80030634504D09E4202D1EA
:102B9000234B1B6823B387F31188BFF36F8F1D4B43
:102BA0001A68019B5A404FF0000330D103B0F0BDCA
:102BB0001B4A0134126843F10005002AC3D1F4F71F
:102BC000D5FE041945EBE075BDE71B1B61EB050164
:102BD000C2E904315368C6E900231E605660D1E79C
:102BE000F4F7C4FED6E904320146181A62EBE17329
:102BF000002BBCBF00200023B0F1004F73F1000395
:102C0000A8BF6FF000400021F4F754FEC3E7FFF7C0
:102C10002FFF00BFD0DB0220E0E80020F4CA002034
:102C20001CF5012010B5124B82B01B6801934FF0C8
:102C30000003EFF31184202282F31288BFF36F8F19
:102C400003687BB1FFF724FF002084F31188BFF3F2
:102C50006F8F074B1A68019B5A404FF0000304D155
:102C600002B010BD6FF01500EFE7FFF701FF00BFE6
:102C7000D0DB02202DE9F04F4D4A83B0126801925B
:102C80004FF000020346EFF311884FF0200989F35B
:102C90001288BFF36F8FDFF81CA1474FDAF800608E
:102CA0003860564568D0002E75D0444DD6E90442B0
:102CB000D917A34271EB020C28DBD5E900324FF0A3
:102CC000000C4FF0000B1B1942EBE4723046C6E9D2
:102CD00004BCC5E90032FFF7DBFE88F31188BFF3BF
:102CE0006F8F3046B3689847EFF3118889F31288E5
:102CF000BFF36F8F3B68DAF800601B1B56453B60E3
:102D00003BD0002ED2D13446D91706E0E41A346104
:102D100062EB0102DAF80040726100223A602A6830
:102D2000D2186B682A6043EB010354456B602DD0C9
:102D3000F4F71CFE64B3D4E904321B1A62EBE072B0
:102D4000B3F1004F72F1000122DA002AACBF18463D
:102D500000200021F4F7AEFD88F31188BFF36F8FD8
:102D6000134B1A68019B5A404FF000031DD103B06A
:102D7000BDE8F04FFFF700BE104D00212A68396012
:102D8000D2182A606A6842EBE3726A60F4F7EEFDDB
:102D90006FF00040DDE709493E60D1E90020D2181C
:102DA00040EBE370C1E90020F0E7FFF761FE00BFF0
:102DB000D0DB0220F4CA00201CF50120E0E800204E
:102DC00010B5134B82B01B6801934FF00003EFF373
:102DD0001184202383F31288BFF36F8F0D4B1B6880
:102DE00083B100200C4B1B68C01884F31188BFF31B
:102DF0006F8F074B1A68019B5A404FF0000304D1B4
:102E000002B010BDF4F7B2FDECE7FFF731FE00BFF2
:102E1000D0DB02201CF50120E0E8002010B5154BA6
:102E200082B01B6801934FF00003EFF3118420235D
:102E300083F31288BFF36F8F0F4B1B68A3B1002081
:102E400001460E4B1A685B68801841EB030184F35E
:102E50001188BFF36F8F074B1A68019B5A404FF0E0
:102E6000000305D102B010BDF4F780FDC117E8E7FB
:102E7000FFF7FEFDD0DB02201CF50120E0E800207A
:102E8000B3F1FF3F08BFB2F1FF3FF0B5234983B074
:102E9000096801914FF0000104461BD016461A4301
:102EA0001D4614D06FF001034FF0FF329B1B62EB05
:102EB0000502002A12DBC4E90032184B1A68019B94
:102EC0005A404FF0000327D1204603B0F0BD002345
:102ED0001A46F0E74FF0FF331A46ECE7EFF311879D
:102EE000202383F31288BFF36F8F0D4B1B687BB1D8
:102EF000002002460B490B684968C31842EB0102E7
:102F000087F31188BFF36F8F9B1942EB0502D2E75D
:102F1000F4F72CFDC217EDE7FFF7AAFDD0DB022086
:102F20001CF50120E0E80020B3F1FF3F08BFB2F13B
:102F3000FF3F2DE9F041224982B0096801914FF02D
:102F40000001054632D01C4654EA020317460ED152
:102F500000200446C5E90004194B1A68019B5A4039
:102F60004FF000032AD1284602B0BDE8F081164692
:102F7000EFF31188202383F31288BFF36F8F114B77
:102F80001B68BBB1002002460F490B68C0184B6894
:102F900042EB030288F31188BFF36F8FB84272EBE4
:102FA0000403D5D2301A64EB0204D3E74FF0FF30AC
:102FB0000446CFE7F4F7DAFCC217E5E7FFF758FD60
:102FC000D0DB02201CF50120E0E80020F0B5424BE8
:102FD00083B01B6801934FF00003EFF311862023A9
:102FE00083F31288BFF36F8F026862B186F3118892
:102FF000BFF36F8F384B1A68019B5A404FF00003A4
:1030000068D103B0F0BDD0E90A315D1C044641F13E
:103010000000022D70F100001CD3012B71F10000A3
:10302000BCBF012311465D1E41F1FF37FFF7F6FEDD
:10303000013041F10001401947EB0101012871F114
:10304000000137DA6FF001024FF0FF3320462349C9
:10305000FFF74AFD236B226A013323636AB186F3CB
:103060001188BFF36F8F2046236A9847EFF31186CC
:10307000202383F31288BFF36F8F54F8185FA542A3
:10308000B4D0002DB2D02846FEF76EFF0023C5F85D
:10309000B03086F31188BFF36F8F0F4B1A68019B16
:1030A0005A404FF0000315D1284603B0BDE8F04068
:1030B000FEF7F4BEFFF7B2FE6FF001024FF0FF33F0
:1030C000013041F10001401947EB0101121A63EB95
:1030D0000103BBE7FFF7CCFCD0DB0220CD2F0200C1
:1030E000D0B50026002700230D4C82B0246801943F
:1030F0004FF0000400F11804C0E90812C0E90644CA
:10310000C0E9006703634363054B1A68019B5A409B
:103110004FF0000301D102B0D0BDFFF7A9FC00BF02
:10312000D0DB02202DE9F043234983B009680191E7
:103130004FF00001DDE90A459C469846EFF3118700
:10314000202383F31288BFF36F8FBCF1FF3F08BFCA
:10315000B2F1FF3F13D0531C7CF1FF3311460646FA
:1031600091461ADA3046FFF75DFDC6E90A450024AC
:103170004A464346304611493463FFF7B5FC87F3AE
:103180001188BFF36F8F0C4B1A68019B5A404FF0A8
:1031900000030ED103B0BDE8F083012A7CF10003E7
:1031A000BCBF01214FF0000C11F1FF394CF1FF3889
:1031B000D8E7FFF75DFC00BFD0DB0220CD2F020077
:1031C00010B5194B82B01B6801934FF00003044601
:1031D000FFF728FDE8B9636A0BB12046984704F170
:1031E0001800FEF731FFA0B1FEF758FEEFF3118093
:1031F000202383F31288BFF36F8F0B4B1A68019B58
:103200005A404FF000030DD102B0BDE81040FFF767
:1032100053B8054B1A68019B5A404FF0000301D187
:1032200002B010BDFFF724FCD0DB02202DE9F041F5
:103230002A4B866882B01B6801934FF00003044656
:103240000D4636B17378012B2AD0022B14D00023FF
:1032500033700020E368A060C3F38632154365F342
:103260009433E3601D4B1A68019B5A404FF00003F2
:1032700031D102B0BDE8F0813378002BE7D056F8A9
:10328000047C002FE3D006F11400FFF7CBFC0023F1
:10329000A6F1140841463846F362FEF789F8D6E7EE
:1032A00016F8533C9A07D2D5A6F160073846FEF7C8
:1032B00037FF082D0CBF6FF00302002216F8533CB5
:1032C0003265DB06C3D156F8483C002BBFD13846E7
:1032D000FEF7E4FDBBE7FFF7CBFB00BFD0DB02202E
:1032E0002DE9F04F954C89B00F1E246807944FF0DC
:1032F0000004009340F3A7810025934604464FF055
:103300002009A846AA46EFF3118689F31288BFF375
:103310006F8F637B03F03F03013B0F2B0DD8DFE87A
:1033200003F046080C350C0C0C2F0C0C0C0C0C0C80
:103330000C2823699B68002B7AD1009B1BB99BF852
:103340000030002B39D186F31188BFF36F8F013520
:10335000AF4204F11404D6D1D446784B1A68079BC7
:103360005A404FF0000340F0C081604609B0BDE80C
:10337000F08F206900F032FB0028DED020220AE026
:1033800023691B6A002BD8D0102204E023691B6834
:10339000002BD2D00422E368C4F80880C3F386313E
:1033A0000A4362F39433E3608BF80080CBE7236930
:1033B0009B68002BC1D00122EDE7637B03F03F0344
:1033C000013B0F2B2FD8DFE813F07A00F2002E001C
:1033D00010002E002E002E00BB002E002E002E000E
:1033E0002E002E002E002E003500226902F110035F
:1033F000184611690193884253690FD073B19868D8
:1034000000B16038ABF16003194602920593FEF7F4
:10341000D5FC0028029A40F31F8153690199C4E941
:1034200000131C605461C4F808B00AF1010A8AE76D
:103430000222B0E7226902F124031846516A01937F
:103440008842936A00F0F580002B00F0F2809868C3
:1034500000B16038ABF16003194602920593FEF7A4
:10346000ADFC0028029A00F3E380536A0199994267
:1034700000F03581002B00F03281CDE9025615466F
:103480001E460494059CB16801B160392046FEF7E0
:1034900095FC0028314600F30581A86AB04200F08F
:1034A000F7803668002EEED101462A46039E029D23
:1034B000049C019BC4E900310C609462B3E722696B
:1034C000D2E900138A4200F0C280002B00F0BF80D6
:1034D000986800B16038ABF160031946019204931B
:1034E000FEF76CFC0028019A00F3B08013689A4242
:1034F00000F0F980002B00F0F680CDE9015615466A
:103500001E460394049CB16801B160392046FEF761
:1035100055FC0028314600F3DD806868B04200F0B9
:10352000CF803668002EEED101462A46029E019DCC
:10353000039CC4E900210C60546074E7D0DB0220D6
:10354000226902F124031846516A01938842936A62
:103550006FD0002B6DD0986800B16038ABF160037C
:10356000194602920593FEF729FC0028029A5FDCB7
:10357000536A0199994200F0B280002B00F0AF80AD
:10358000CDE9025615461E460494059CB16801B16A
:1035900060392046FEF712FC0028314600F3828095
:1035A000A86AB04274D03668002EEFD17CE7226959
:1035B00002F11003184611690193884253693FF4E0
:1035C0002DAF002B3FF42AAF986800B16038ABF103
:1035D0006003194602920593FEF7F0FB0028029A59
:1035E0003FF71BAF1369019999427AD0002B78D02D
:1035F000CDE9025615461E460494059CB16801B1FA
:1036000060392046FEF7DAFB002831465DDC686948
:10361000B04242D03668002EF0D101462A46039EC1
:10362000029D049C019BC4E900310C605461FAE6E0
:10363000936A01990AF1010AC4E900131C609462BB
:10364000C4F808B07FE64FF0000C86E65368C4E982
:1036500000231C605460E6E613690199994240D04A
:10366000002B3ED0CDE9025615461E460494059C1B
:10367000B16801B160392046FEF7A0FB0028314651
:1036800010DC6869B04208D03668002EF0D1C4E77B
:103690002A46039E029D049C0BE72A46039E029D38
:1036A000049CBFE73346029D049C039E5A680AF1BE
:1036B000010AC4E9003214605C60C4F808B042E654
:1036C0002A46029E019D039C33E73346DDE90364ED
:1036D000029DEBE73346019D039C029EE6E7916A5B
:1036E000E7E651699EE7516823E7FFF7C1F900BF9C
:1036F00010B5DFF840C082B00024DCF800C0CDF87F
:1037000004C04FF0000C0902520501F47C5102F490
:1037100000120A43017B84600A43C0E90323054B7E
:103720001A68019B5A404FF0000301D102B010BD4E
:10373000FFF79EF9D0DB02202DE9F047994692462B
:103740000125544A84B0126803924FF00002524A95
:103750005AEA090397680CBF2B46002307F1600261
:1037600087F8605087F861500446FFF7B9FD0646B8
:10377000EFF311814FF0200888F31288BFF36F8FA9
:1037800097F86050002D4BD000255AEA090387F8BE
:10379000605076D0CDE900A9404A4148FEF714FCBC
:1037A000EFF3118788F31288BFF36F8FBC464EB3D7
:1037B000314601EB810304EB8302C646394E143ACD
:1037C0000DE08CF31188BFF36F8FEFF3118C8EF344
:1037D0001288BFF36F8F0139A2F1140212D0537B0C
:1037E000956003F03F03102BEBD826FA03F3DB07B9
:1037F000E7D51368002BE4D0546823605C60156043
:103800005560DEE787F31188BFF36F8F214B1A688D
:10381000039B5A404FF000033AD104B0BDE8F08753
:1038200048B306EB860204EB82020846C6461D4FEB
:10383000143A0DE080F31188BFF36F8FEFF311801E
:103840008EF31288BFF36F8F013EA2F1140212D0E3
:10385000537B956003F03F03102BEBD827FA03F35B
:10386000DC07E7D51368002BE4D0546823605C6064
:1038700015605560DEE781F31188BFF36F8F00207C
:10388000C4E781F31188BFF36F8F6FF00A00BDE7C3
:10389000FFF7EEF8D0DB0220ECF40120FCCA002098
:1038A00020F501201601010010B5144B82B01B68F1
:1038B00001934FF000030346EFF31184202282F3BB
:1038C0001288BFF36F8F0068834208D0D0E90032BE
:1038D00013605A60002303604360FFF7A7FC84F382
:1038E0001188BFF36F8F054B1A68019B5A404FF048
:1038F000000301D102B010BDFFF7BAF8D0DB0220FF
:1039000000B50B4B83B01B6801934FF000030023FD
:103910008360074B006040601A68019B5A404FF07B
:10392000000302D103B05DF804FBFFF7A1F800BF6C
:10393000D0DB022000B50B4B83B01B6801934FF026
:10394000000383680B60C3681360064B1A68019B11
:103950005A404FF0000302D103B05DF804FBFFF7BB
:1039600087F800BFD0DB022030B51A4B83B01B684C
:1039700001934FF000030A460346EFF3118520211F
:1039800081F31288BFF36F8F01210068C3E902122F
:10399000834217D0D0E9003213605A6000230360DD
:1039A0004360FFF743FC294604460B48FEF752FCF0
:1039B000084B1A68019B5A404FF0000308D120467B
:1039C00003B030BD85F31188BFF36F8F0024EFE79C
:1039D000FFF74EF8D0DB022020F5012000B50246AB
:1039E000154B006883B01B6801934FF00003A0B132
:1039F000506890B1EFF3118C202383F31288BFF34A
:103A00006F8FD2E90301884211D024BF5268891810
:103A1000081A8CF31188BFF36F8F074B1A68019B4C
:103A20005A404FF0000304D103B05DF804FB9068E6
:103A3000EFE7FFF71DF800BFD0DB022000B5114B08
:103A400083B01B6801934FF000030E4B70B11A68EE
:103A5000019B5A404FF0000311D1014650F8040C6D
:103A6000043903B05DF804EBFCF7FCBF1A68019B56
:103A70005A404FF0000302D103B05DF804FBFEF79B
:103A8000F7FF00BFD0DB0220D0B5104B84B0021D81
:103A90001B6803934FF0000314D2002600270C4C40
:103AA00004212046CDE90067FCF76AFF50B140F8D9
:103AB000044B064B1A68039B5A404FF0000303D196
:103AC00004B0D0BD0020F4E7FEF7D2FFD0DB022027
:103AD000F8CB002000B50A4B83B01B6801934FF070
:103AE0000003084BC0F89430054B1A68019B5A40FC
:103AF0004FF0000302D103B05DF804FBFEF7B8FFFE
:103B0000D0DB0220F8CB00202DE97043184B84B0A5
:103B10001B6803934FF0000306460C46FDF71EFE9C
:103B2000F8B9144B9B68D3F894507DB1221D1AD27A
:103B30004FF000084FF000092846CDE9008946F013
:103B40000401FCF71DFF70B10560051D084B1A68E4
:103B5000039B5A404FF0000307D1284604B0BDE84C
:103B60007083054DE2E70025F0E7FEF781FF00BF17
:103B7000D0DB0220ECF40120F8CB002038B505465C
:103B8000002941D051F8043C0C1F002BB8BFE418A9
:103B900000F0DAFC1D4A136833B9636014602846EC
:103BA000BDE8384000F0D6BCA34208D920682118EF
:103BB0008B4201BF19685B6809182160EDE71A465E
:103BC0005B680BB1A342FAD911685018A0420BD11F
:103BD00020680144501811608342E0D118685B6886
:103BE000084453601060DAE702D90C232B60D6E753
:103BF000206821188B4202BF19685B68091863604E
:103C000008BF21605460CAE738BD00BF24F5012019
:103C1000F8B5CD1C064625F0030508350C2D38BF38
:103C20000C25002D01DBA94203D90C2333600020B1
:103C3000F8BD00F089FC21490A6814469CB9204F60
:103C40003B6823B92146304600F06AF938602946BE
:103C5000304600F065F9431C23D10C233046336015
:103C600000F078FCE3E723685B1B17D40B2B03D928
:103C700023601C44256004E06368A2420CBF0B6013
:103C80005360304600F066FC04F10B00231D20F069
:103C90000700C21A1CBF1B1AA350C9E7224664685A
:103CA000CCE7C41C24F00304A042E3D0211A304620
:103CB00000F036F90130DDD1CFE700BF24F5012057
:103CC00020F501202DE9FF470F7E914680460C46E6
:103CD000782F9A460C9D01F1430207D8622F0AD82B
:103CE000002F00F0E080582F00F0BB8004F1420666
:103CF00084F842703AE0A7F16303152BF6D801A1CE
:103D000051F823F05D3D0200713D0200ED3C0200E0
:103D1000ED3C0200ED3C0200ED3C0200713D020072
:103D2000ED3C0200ED3C0200ED3C0200ED3C0200E7
:103D30008D3E0200013E0200433E0200ED3C0200C7
:103D4000ED3C0200AF3E0200ED3C0200013E0200ED
:103D5000ED3C0200ED3C02004B3E02002B6804F1FA
:103D600042061A1D1B682A6084F842300123ABE02A
:103D7000236829681F0601F10400286001D50D6839
:103D800003E05E06FBD5B1F90050002D61687ADAD8
:103D90002D200029A16084F843002DDA6D425E4891
:103DA0000A231646B5FBF3F103FB1157C75D06F86E
:103DB000017D2F460D46BB42F4D9082B0BD1236859
:103DC000DF0708D5236961689942DEBF302306F812
:103DD000013C06F1FF36921B22614B4603AA2146A5
:103DE0004046CDF800A002F0BFF9013071D14FF08C
:103DF000FF3004B0BDE8F08723F004032360CDE773
:103E00002B682068191D2960050601D51D6802E090
:103E10004106FBD51D886F2F3F4814BF0A23082396
:103E2000002184F843106668002EA660B9DB216883
:103E300021F004012160002DB3D1002EB1D116462E
:103E4000BBE7236843F0200323607827334884F8D6
:103E50004570296823680E1D2E601E0603D50D6867
:103E600004E02D48F3E75D06F9D50D88D90744BF76
:103E700043F0200323600DB11023D1E7236823F022
:103E800020032360F8E724480A23CCE72B68266840
:103E9000181D6169286035061B6801D5196002E0AC
:103EA0007006FBD5198000231646236195E72B6821
:103EB00000211A1D2A601E686268304602F021F94E
:103EC00008B1801B606063682361002384F843307D
:103ED00083E72369324649464046D047013086D0C1
:103EE00023689B0714D4E068039B9842B8BF184628
:103EF0007FE70123324649464046D04701303FF430
:103F000076AF0135E36803995B1AAB42F1DCEAE76F
:103F1000002504F11906F5E7659D0200769D020073
:103F200038B50023054D044608462B60EEF7A4FC87
:103F3000431C02D12B6803B1236038BD28F5012052
:103F40000CB4184B30B50C1E9DB01D6808DA8B23DD
:103F50004FF0FF302B601DB0BDE8304002B070471D
:103F60004FF402730290069002A9ADF8143014BF0A
:103F700004F1FF332346209A2846049307934FF613
:103F8000FF73ADF8163021AB019300F0E9FA431C42
:103F9000BCBF8B232B60002CDDD0029B00221A704B
:103FA000D9E700BF04CB00200EB430B59CB04FF46D
:103FB00001721FACADF81420029054F8045B069017
:103FC000E4F7CAFD0B4B2A46039002A90B9300238A
:103FD00007900F9314934FF6FF730748ADF8163010
:103FE00023460068019400F0B7FB1CB0BDE83040E8
:103FF00003B070474D62020004CB002070B50A4444
:1040000005460E4E914201D1002011E015F8013B0A
:1040100011F8014BF05C00F003000128305D00F066
:10402000030008BF2033012803D12034181BE9D036
:1040300070BD181BFCD1002CE4D1F9E7659C02008F
:10404000242B2DE9F0478646904601D8012B06D156
:10405000EEF76EFC162303600020BDE8F0870D46E6
:1040600035482A4615F8014B065D16F00806F8D1CA
:104070002D2C24D12C780126951C2BBB302C30D034
:104080000A2306F1004C00220CF1FF3C1046BCFB59
:10409000F3F903FB19CAA4F13007092F28D83C46CD
:1040A000A34234DD571C07D081452DD301D1A24551
:1040B0002ADB00FB0340012215F8014BEBE72B2C18
:1040C00004BF2C78951CD8E7102BDAD1302CD8D12E
:1040D0002A7802F0DF02582AD3D16C7810230235F7
:1040E000CFE72B7803F0DF03582BF6D00823C8E77F
:1040F000A4F14107192F01D8373CD1E7A4F161079A
:10410000192F04D8573CCBE74FF0FF32D4E7531CAC
:1041100008D122236046CEF80030B8F1000F9CD0C1
:10412000691E06E006B14042B8F1000F95D0002AA2
:10413000F6D1C8F8001090E7659C020013460A46C5
:10414000014602480068FFF77BBF00BF04CB002098
:104150002DE9F04F904685B089461E460D46454AEA
:1041600002902B4615F8014B175D17F00807F8D1A0
:104170002D2C41D12C7801279D1C002E41D1302CB3
:104180004CD00A2607F1004A07F1FF3BF3173246ED
:104190000AF1FF3A584603935146E4F7B9FC0192FD
:1041A00000228E46844611461046A4F13003092BA6
:1041B00005D9A4F14103192B37D8A4F137039E4246
:1041C0003DDD541C15D084457EEB010234D38E4571
:1041D00008BF844502D1019A9A422DDB039A7143AC
:1041E00000FB0211A6FB00020A44181842EBE3711F
:1041F000012215F8014BD8E72B2C04BF2C789D1C0D
:10420000BBE7102EBED1302CBCD12B7803F0DF03DE
:10421000582BB7D16C7810260235B3E72B7803F012
:10422000DF03582BF6D00826ACE7A4F16103192B65
:1042300005D8A4F15703C2E74FF0FF32D9E7531C6A
:104240000AD12223029A584651461360B8F1000F52
:104250000AD105B0BDE8F08F17B1404261EB4101D2
:10426000B8F1000FF5D00AB105F1FF39C8F8009098
:10427000EFE700BF659C020013460A46014602486C
:104280000068FFF765BF00BF04CB00202DE9F043B5
:1042900086460D46354E284615F8014B375D17F01A
:1042A0000807F8D12D2C26D12C780127851C3BBB83
:1042B000302C32D00A234FF0FF380026B8FBF3F839
:1042C00003FB08F930466FEA0909A4F1300CBCF190
:1042D000090F29D86446A34237DDB6F1FF3F07D066
:1042E00080452FD301D1A1452CDB00FB03400126E3
:1042F00015F8014BE9E72B2C04BF2C78851CD6E779
:10430000102BD8D1302CD6D1287800F0DF005828D7
:10431000D1D16C7810230235CDE72B7803F0DF0381
:10432000582BF6D00823C6E7A4F1410CBCF1190FB5
:1043300001D8373CCFE7A4F1610CBCF1190F04D8C8
:10434000573CC8E74FF0FF36D2E7731C06D1222353
:104350003046CEF8003032B9BDE8F08307B14042B4
:10436000002AF9D006B1691E1160F5E7659C0200CC
:1043700013460A46014602480068FFF787BF00BFA0
:1043800004CB00202DE9F74F91468A461E460D4684
:10439000494A01902B4615F8014B175D17F00807A5
:1043A000F8D12D2C43D12C7801279D1C002E43D110
:1043B000302C4ED00A264FEAE67B32464FF0FF30D3
:1043C0004FF0FF315B46E4F7A3FB3246009088468E
:1043D0005B464FF0FF304FF0FF31E4F799FB0023CD
:1043E00018461946A4F1300CBCF1090F38D86446C0
:1043F000A64246DDB3F1FF3F16D0009B834278EB27
:1044000001033BD3009B884508BF834201D1A242F0
:1044100034DB714300FB0B11A6FB00031944201889
:104420004FF0010341EBE47115F8014BDAE72B2C57
:1044300004BF2C789D1CB9E7102EBCD1302CBAD10A
:104440002B7803F0DF03582BB5D16C78102602359A
:10445000B1E72B7803F0DF03582BF6D00826AAE744
:10446000A4F1410CBCF1190F01D8373CC0E7A4F10D
:10447000610CBCF1190F04D8573CB9E74FF0FF337A
:10448000D2E75A1C0AD10199222218460A6019461D
:10449000B9F1000F0AD103B0BDE8F08F17B1404267
:1044A00061EB4101B9F1000FF5D00BB105F1FF3A15
:1044B000C9F800A0EFE700BF659C020013460A465A
:1044C000014602480068FFF75DBF00BF04CB002033
:1044D00007B5009313460A4601460348006801F0F9
:1044E00017FF03B05DF804FB04CB002070B51E4637
:1044F0009AB04FF40173044608461546ADF80C30E7
:1045000000910491E4F728FB094B2A466946019083
:1045100009930023059020460D9312934FF6FF73E5
:10452000ADF80E30334600F017F91AB070BD00BF79
:104530004D62020013460A46014602480068FFF732
:10454000D5BF00BF04CB00200148EEF7BDB900BFC6
:1045500020CC00200148EEF7D3B900BF20CC0020CA
:104560002DE9F04F98468B899DB007461B060D46F6
:10457000144610D50B6973B94021FFF749FB286039
:10458000286130B90C233B604FF0FF301DB0BDE80F
:10459000F08F40236B610023CDF80C804FF00109B0
:1045A000DFF8A081099320238DF8293030238DF87E
:1045B0002A3023469A4613F8012B0AB1252AF9D14D
:1045C000BAEB040B0BD05B4622462946384601F075
:1045D00009FF013000F0A780099A5A4409929AF81D
:1045E0000030002B00F09F8000234FF0FF320AF1D3
:1045F000010A049307938DF853301A93CDE90523EC
:10460000544605224F4814F8011B01F07AFD049A24
:10461000D8B9D00644BF20238DF85330110744BFCA
:104620002B238DF853309AF800302A2B15D0079A97
:10463000544600204FF00A0C214611F8013B303B54
:10464000092B4BD9B0B1079214E0A0EB0803A246A6
:1046500009FA03F313430493D2E7039B191D1B6864
:10466000002B0391BBBF5B4242F00202079307930A
:10467000B8BF049223782E2B0AD163782A2B32D12B
:10468000039B02341A1D1B6843EAE37303920593EC
:10469000DFF8B4A003222178504601F032FD38B192
:1046A000A0EB0A004022049B013482401343049390
:1046B00014F8011B062225488DF8281001F021FD71
:1046C000002836D0224B1BBB039B073323F0070384
:1046D00008330393099B334409936AE70CFB0232C6
:1046E0000C460120A8E7002301344FF00A0C1946BC
:1046F0000593204610F8012B303A092A03D9002BE4
:10470000C6D00591C4E70CFB012104460123F0E764
:1047100003AB2A4604A9384600930E4BAFF3008042
:10472000421C0646D6D1AB895B063FF52DAF0998F2
:104730002CE703AB2A4604A938460093054BFFF744
:10474000C1FAEDE7879D02008D9D0200919D020058
:1047500000000000E56302002DE9F0470C46ADF5CE
:10476000227D002106460DF10408A74F0093CDF8E5
:104770001881CDE94411A549A091A549A1911378CB
:10478000002B00F05C81F95C551C11F0080119D078
:104790006368002B0FDD23681A78BA5C120701D416
:1047A0002A46ECE7459A013301322360459262685C
:1047B000013A6260ECE7A19B214630469847002809
:1047C000E9D0EDE7252B12D099466368002B40F322
:1047D0009480226813784B4540F031816368013240
:1047E000013B22606360459B01334593D8E74191CB
:1047F000439153782A2B04BF1023951C4FF00A02D3
:1048000008BF4193A94619F8011BA1F13003092BF8
:104810001ED9DFF800A20322504601F072FC38B125
:10482000A0EB0A000123419A4D4683401343419374
:1048300015F8013B782B06D8572B10D8252BC3D061
:1048400056D8002B64D0032347930A2342936AE08F
:10485000439B4D4602FB031130394391D2E7A3F14C
:104860005802202AEFD801A151F822F05B4902003A
:1048700047480200474802007D49020047480200BD
:1048800047480200474802004748020047480200E4
:104890004748020047480200934902007949020054
:1048A000F7480200F7480200F748020047480200B4
:1048B0006D4902004748020047480200474802008D
:1048C00047480200A3490200754902001749020047
:1048D00047480200474802009F490200474802003B
:1048E0007949020047480200474802005B4902003C
:1048F000453B022BA7D8052314E0A19B2146304657
:10490000984700283FF465AF4498002840F08F8016
:104910004FF0FF308FE0419B43F408734193102325
:104920004293042347936368002B4ADD419B590659
:1049300004D423681A78BA5C120749D4479B022B27
:1049400058DC6B46224641A9304600F07DF801282C
:1049500075D002287FF424AFD6E7419A42F4007262
:10496000419210226E2B429202D9DAE70023429341
:104970000323D7E70823D3E70A22F3E72946404673
:1049800001F0E3FD419B054643F0400341930123C1
:10499000C8E7419B43F0400341930023C2E7022351
:1049A000C0E74198C3063FF5FBAE009B10F0010F36
:1049B000459A03F1040100911B6814BF1A801A6024
:1049C000EEE6A19B2146304698470028AED09BE7F3
:1049D000459A013245926268013A002A626002DD1E
:1049E00001332360A5E7A19B214630469847002864
:1049F0009FD089E7042B0FDC6B46224641A9304645
:104A000000F07CF8A3E700BF659C02009B640200F5
:104A1000116502008D9D02000A4B002B3FF4C0AED1
:104A20006B46224641A93046AFF300808FE7A38949
:104A30005B063FF56DAF0DF5227DBDE8F08744982C
:104A4000F9E700BF000000002DE9F84315468A6829
:104A500080460C4632B98A69002A14BF4FF0FF32F3
:104A600001228A6022680027DFF88C90D1065FBFA0
:104A70001A68111D19601668A06988B1012807D14C
:104A80002B681A7863699B5C53B9002F31D022E000
:104A9000022820D12B681B7819F803301B071AD481
:104AA00023680137DA065EBF2B681B7806F8013BE6
:104AB0002A686B680132013B2A60A2686B60013A88
:104AC000A26042B1002BD7DCD4F8803129464046A1
:104AD00098470028D0D0236813F0100305D1E2686E
:104AE0000132E260A26902B13370236900203B44C5
:104AF0002361BDE8F88300BF659C02002DE9F04FFB
:104B0000984687B0784B0C468246164627464FF0AB
:104B1000000B93E8070003AB83E80700734BA16920
:104B2000734A032908BF1A46A36801925A1EB2F5B8
:104B3000AE7F89BF6FF4AE754FF0000903EB050936
:104B400040F25D1388BFA36057F81C3B43F45063E9
:104B50003D462360316803AB0222097853F82B00ED
:104B600001F0CFFA002840D0BBF1010F12D16268EA
:104B70002AB92268082142F400726160226022682A
:104B800022F4A0622260A268511EA160DAB94FF03F
:104B9000020BDFE7BBF1020F06D0A268511EA16035
:104BA0008AB94FF0010BD5E7226802F4C061B1F574
:104BB000007F1FD142F4807210212260A2686160E0
:104BC000511EA160B2B13268511C3160127805F8F3
:104BD000012B7268013A002A726006DCD4F8802149
:104BE000314650469047002874D10BF1010BBBF1C0
:104BF000030FAFD163680BB90A23636063684FF09A
:104C0000000B3C496069C91A01F09FFCA368226847
:104C100073B33168606991F800C010F80C0038B3C4
:104C2000BCF1300F16D1100514D50BF1010BB9F101
:104C3000000F03D0013309F1FF39A3607368013B12
:104C4000002B73600DDD336801333360A368013BD3
:104C5000A360DBE722F4106222600B7805F8013BC9
:104C6000ECE7D4F880313146504698470028EDD023
:104C70002368D9050DD5BD4209D905F1FF3915F8CD
:104C8000011CD4F87C3132464D4650469847BD420F
:104C900028D0226812F0100213D12A7039466368B6
:104CA0005046019EB047D8F8003021681A1D11F017
:104CB000200FC8F800201B680FD01860E36801338C
:104CC000E360ED1B236900205D442B44236107B0A2
:104CD000BDE8F08F4FF0000BCAE7CA074CBF188041
:104CE0001860EBE70120F2E72C6B02000963020079
:104CF0000D630200A89D0200F8B506460F4600F0BD
:104D000027F8124B04460D4693F90030013319D0B1
:104D100032463B4630463946E3F76CFE90B90022F6
:104D2000002330463946E3F73DFE58B1EDF700FE6B
:104D3000212300220360002310461946E3F7EAFC12
:104D400004460D4620462946F8BD00BF72CB002020
:104D50005A4A0B468A432DE9F04104460D46064661
:104D60000ED10246E3F7ACFB02460B46204629462D
:104D7000E3F7F0F904460D4620462946BDE8F081E8
:104D800000290CDC21F000420243F5D089B1024633
:104D9000E3F7DEF902460B46E3F7BCFCEAE70A1547
:104DA00015D1002109E0F30A153A7605002BFAD057
:104DB000F7E70A46FAE75B000131DC02FBD5481E43
:104DC000121AC1F1200026FA00F08E400343C3F30B
:104DD0001303D007A2F2FF354FF0000743F480130E
:104DE0004FF0160E4FEA6505B84658BF5B004FF40A
:104DF00000125CBF03EBD67376005B0003EBD67347
:104E0000760008EB02019942DEBF5B1A02EB010853
:104E1000BF18BEF1010E4FEA43034FEA520203EB03
:104E2000D6734FEA4606ECD1F44620204FF00041FD
:104E3000984501EB0E022FDB0BD1B24209D8002AB4
:104E400001EB020E02DABEF1000F2CDA0023B61AD3
:104E50008C445B0001384FEA510103EBD6734FEAF3
:104E60004606E5D1334308D0BCF1FF3F13BF0CF138
:104E700001030137844623F0010C7A10F9074FEA49
:104E80005C0302F17F5248BF43F0004302F5001279
:104E9000184602EB05516DE7002A01EB020E0BDA12
:104EA000BEF1000F08DB08F10104B242A3EB0803D6
:104EB00000D9013BA046CAE74446F6E70000F07F70
:104EC0000020704700207047002070470020704786
:104ED00000207047F9F7C6BBF8F700BD022904D0DF
:104EE000042906D0012900D17047806808B1F3F782
:104EF0001BBA7047F9F7E2BB08B5F9F7BBFB08B975
:104F0000F9F7FAFBBDE80840F9F7FCBB002210B541
:104F10000468944200D110BD00EBC2014B6801321D
:104F200023F0FF0343F003034B60F2E70420F8F79C
:104F300019BD0420F8F732BD08B5F8F7CFFCBDE87D
:104F40000840FBF727B938B504460025031D226841
:104F5000AA4201D8002319E04FF00002D3E8CF0F96
:104F6000032804D1C3E8CC2FBCF1000FF6D102D046
:104F700008330135EBE701EB851318464022002189
:104F800001F0EAF8034604EBC504A060184638BDFA
:104F90000830704770B506460D4621B9F9F794FB05
:104FA00090B9002070BD0846F3F7A0F90446002828
:104FB000F7D03046F9F788FB38B92046F3F7B4F953
:104FC0000120F3F729F9ECE72C460661C56040F8AB
:104FD000084FE7E740EA0141104640F8081DF9F79D
:104FE00085BBF9F77DBBF9F775BBF3F77FB908B55A
:104FF000F3F79AF9BDE808400120F3F70DB9042949
:10500000F8B50546174603D0102910D000240CE04F
:105010000820F3F731F904460028F7D00023436055
:105020000123478003802B6843602046F8BD16208B
:10503000F3F722F904460028E8D0061D12220021C9
:10504000304601F089F8022323802B46678005F162
:10505000100253F8041B934246F8041BF9D1E4E70D
:10506000134609B9116070470A88012A02D0022A42
:1050700007D070471A68082A28BF08221A6001F072
:105080005EB81A68162A28BF1622F7E708B5FAF79D
:1050900017F940B100F11C03D3E8EF1F0131C3E859
:1050A000E21F002AF8D108BD006808B1FAF798B8E5
:1050B000704737B50025036804460093838F684620
:1050C000ADF80650ADF8043000F0DBFD38B1A36B4D
:1050D0006846984794F83E300BB1A563E56303B08A
:1050E00030BD4068003818BF0120704700230B60B6
:1050F000836813B9C0E90111704719608160704776
:1051000038B505460C46F9F703FBAA6823689442B4
:105110006B6008BFAB6000232046236000F04DF9B0
:10512000BDE83840F9F7FABA406870470069431E95
:105130005842584170470069831E58425841704791
:105140000069C31E5842584170474069B0F5817FDD
:1051500005D040F21113C31A58425841704701203C
:10516000704790F82000C0F34000704790F820008E
:10517000C0F38000704790F82000C0F3C000704773
:10518000006C00F00100704790F8200000F0010072
:1051900070470369012B05D18069A0F18003584253
:1051A000584170470020704790F82000C0097047B0
:1051B000836933F0800314BF01200020704790F80A
:1051C0002000C0F340107047806B003818BF0120EA
:1051D000704790F83400431E58425841704708B554
:1051E00090F82030014613F001020BD1FFF7E0FFE9
:1051F00028B90846FFF7CDFF80F00100C2B202F0E7
:10520000010008BD0022FAE770B504460D461646B7
:105210002046FFF7E4FF70B155B1284600F0BCF816
:1052200048B931460220F2F773FD0028F0D070BD76
:105230006368002BF5D00020F9E74068003818BFFC
:105240000120704790F82200003818BF01207047F5
:1052500010B50446FFF7ACFF94F82010C1F34013DB
:1052600040EA0302236982F00102012B14BF0123EB
:10527000C1F38003D2B220461A40FFF766FF48B15F
:10528000C1F300112046FFF784FF0A4080F00100BF
:10529000104010BD0121F5E710B50C46FAF710F8E3
:1052A00028B190F8203064F3861380F8203010BDC8
:1052B00010B50C46FAF704F828B190F8213064F3E1
:1052C000000380F8213010BDD0E9092353EA020120
:1052D00009D04FF47A71B3FBF1F001FB0200012811
:1052E000B8BF012070474FF0FF307047D0E90B2363
:1052F00053EA020109D04FF47A71B3FBF1F001FBDC
:1053000002000128B8BF012070474FF0FF307047FE
:10531000013802288CBF0020012070470138022884
:105320008CBF0020012070470388012B03D0022B83
:1053300006D001207047082914BF002001207047C3
:105340001629F9E7032915D011280CD004DC88B1FF
:1053500006280AD000207047B0F5817F05D040F2C2
:1053600011139842F6D1022900E0012914BF002050
:105370000120704701207047C368012B03D0022B26
:1053800007D0012070470888012814BF00200120A1
:10539000704708880228F8E700B10068003818BF95
:1053A0000120704700B10068704743894068184485
:1053B000704702894089101A704710B5044640684A
:1053C000FFF70FFEE06808B1F2F774FF2046BDE872
:1053D0001040F2F76FBF10B50446206800B910BD49
:1053E000626803689042236008BF6360FFF7E5FFCF
:1053F000F3E700F0F0BC10B5044660B1406908B1B5
:10540000F2F758FFA06908B1F2F754FF2046BDE853
:105410001040F2F74FBF10BD10B5044600F0D9FCA4
:1054200023684360A36983602046BDE8104000F014
:10543000D2BC2DE9FF4180460F461646FFF768FFB4
:1054400038B96A20F2F7A2FD4FF0FF3004B0BDE892
:10545000F0813046F9F79AFF08B97B20F2E7384629
:10546000FFF75CFF08B96B20ECE739463046FFF7E1
:1054700069FF0028F7D0F9F7EFFE054608B91720B5
:10548000E0E700211420FFF785FD044620B92846F7
:10549000F9F728FF6920D5E74FF0FF330374437411
:1054A0008374C3744046FAF71BFD6061384600F010
:1054B00052FC0146A061304600F04EFC2146E061FE
:1054C00001AA47F201000295FAF736FD044620B121
:1054D0002846F9F707FF2046B4E7C5E9038728689F
:1054E0006E61B3E773B506460C461546FFF7CEFD71
:1054F000019050B90920F2F749FD4FF0FF3401A89F
:10550000FFF7D2FD204602B070BDFFF751FE10B18B
:10551000019B9869EFE70198FFF728FE08B17F200B
:10552000E9E70198FFF71DFE08B17820E3E70CB921
:105530000E20E0E721460198FFF71EFF08B96A2018
:10554000D9E729462046FFF7EFFE08B91620D2E733
:105550000198FFF715FE054620B1019B5D69113DDD
:1055600018BF012500211C20FFF714FD024608B9D1
:105570006920C0E706612388012B11D0022B18D0C7
:105580000199042091F8203043F0020381F8203083
:1055900047F20201D560FFF71DFDDDB17720AAE7D4
:1055A00063888382042383750023C37563688361E2
:1055B000E6E7638800F118018382102383750023D6
:1055C000C375231D143453F8040BA34241F8040B94
:1055D000F9D1D5E70198FFF789FE00900198FFF710
:1055E000C0FD20B90198846984B1204683E76946EB
:1055F0000220F2F78DFB10F10B0F05D00028EDD043
:105600000028B8BF404276E7742074E7FFF79DFD9D
:1056100000283FF474AFDDE90010FAF7DDFB044623
:105620006DE730B585B005460C46F9F749FE38B947
:105630000920F2F7ABFC4FF0FF33184605B030BD40
:105640000CB90E20F5E72146FFF796FE08B96A204F
:10565000EFE700211C20FFF79DFC014608B96920F7
:10566000E7E705612388012B0AD0022B11D047F20E
:10567000050001AAFAF760FC03460028DDD0D8E750
:1056800063888382042383750023C3756368836101
:10569000EDE7638800F118028382102383750023ED
:1056A000C375231D143453F8040BA34242F8040BB2
:1056B000F9D1DCE730B585B005460C46F9F700FEB8
:1056C00038B90920F2F762FC4FF0FF33184605B0F5
:1056D00030BDFFF72BFD08B95F20F3E700210C2058
:1056E000FFF758FC014608B96920EBE724EAE474A7
:1056F0000561446101AA47F20800FAF71DFC034660
:105700000028E3D0DEE7F0B595B007460D46144615
:10571000FFF7BCFC019050B90920F2F737FC4FF0BD
:10572000FF3401A8FFF7C0FC204615B0F0BD15B14D
:105730001CB90E20F1E7002CFBD1FFF7F7FC08B9EC
:105740005F20EAE70198FFF71BFD28B10198FFF7FA
:1057500079FD08B90B20E0E70198FFF7B5FD00904F
:105760000198FFF711FD50B10198FFF76BFD00287C
:10577000D2D0F9F771FD064680B91720CDE7019820
:10578000FFF760FD0028EFD169460220F2F7C0FA6A
:105790000028E5D00028B8BF4042BEE7002108201D
:1057A000FFF7F8FB014620B93046F9F79BFD692069
:1057B000B3E70761039675B17CB10BAB47F20C0000
:1057C00002AA0493FAF7B8FB074640B13046F9F74E
:1057D00089FD3846A1E72B46F0E72346EEE73DB1C9
:1057E00034B1BDF83E30042B04D0102B15D0276007
:1057F000346896E701232768ADF81430082F28BFD6
:105800000827BDF83C30ADF81630109B06933A4699
:10581000284605A900F093FCE9E70223ADF814300F
:10582000BDF83C3006AFADF8163014ABADF828002B
:1058300013E90F0087E80F002768162F28BF1627E7
:10584000E5E72DE9F04F89B016461D46129F0390FB
:10585000019103F0400803F4007BF9F731FD0446A1
:1058600038B90920F2F792FB4FF0FF3009B0BDE8DC
:10587000F08F35F4107305D1B8F1000F11D0BBF1E2
:10588000000F01D05F20EDE7FFF730FD04902046C8
:10589000FFF776FCA8B9B8F1000818BF4FF001086F
:1058A00005E0FFF723FD0490BBF1000FEFD0204689
:1058B000FFF78FFC40B12046FFF77AFC68B1A06982
:1058C000D0E74FF00108F2E72046FFF771FC00280F
:1058D000F5D12046FFF75DFCF0E72046FFF72BFCF3
:1058E00000284CD02046FFF741FC002847D10FB9D3
:1058F0007920B7E72046FFF71EFC00284AD1204652
:10590000FFF71EFC002845D147F206092046FFF7A5
:105910000DFC40B12046FFF718FC20B1B6F5006F32
:1059200028BF4FF40066FFF75EFBB04207D2204667
:10593000FFF7FCFB002844D0FFF755FB064647F273
:10594000060399450CBF0E2322230025029320460F
:10595000FFF735FC18B12046FFF741FC98BB3146F4
:105960000298FFF717FB824600283BD1012004A9CB
:10597000F2F7CEF990BBB8F1000FF0D026E0204648
:10598000FFF7D9FB20B92046FFF7DAFB0028BBD090
:10599000002FB9D039462046FFF7EEFC08B96A203F
:1059A00060E738461399FFF7BFFC08B9162059E79E
:1059B0002046FFF7CAFB08B17F2053E747F20709EB
:1059C000A4E77A204EE7B8F1000F01D00B2049E799
:1059D000022004A9F2F79CF90028B8D00028B8BF2B
:1059E00040423FE7039B0361019B23B132461946C6
:1059F000006800F0A4FB94F8340020B1FAF790FAA4
:105A0000002284F83420BBF1000F0ED0049D40F03A
:105A100040006B1C1FD04FF47A7295FBF2F5ADB2CB
:105A2000B5F5167F28BF4FF4167547F2070291456A
:105A3000CAF8140034D1AAF82C503A88012A0DD0A3
:105A4000022A18D05146484605AAFAF775FA0346C5
:105A500048BB06980AE74FF41675E6E77A88AAF875
:105A6000182004228AF81A2000228AF81B207A685B
:105A7000CAF81C20E6E77A880AF11C01AAF8182067
:105A800010228AF81A20002207F114008AF81B203D
:105A90003A1D52F804CB824241F804CBF9D1D1E748
:105AA000AAF81850CEE70C2806DC0A2807DDB8F162
:105AB000000F3FF44CAF89E78C283FF4D3AE184673
:105AC000D0E62DE9F74F8946DDE90C7A15461E46EA
:105AD00003F48078FFF7DAFA019058B90920F2F759
:105AE00055FA4FF0FF3701A8FFF7DEFA384603B04A
:105AF000BDE8F08F36F4A17301D05F20EFE727B146
:105B0000BAF1000F04D10E20E9E7BAF1000FFAD183
:105B1000FFF70CFB28B10198FFF728FB08B980209C
:105B2000DDE70198B8F1000F16D1FFF729FB08B99E
:105B3000730611D50198FFF7D4FA68B90198FFF7F9
:105B400037FB48B90198FFF724FB28B90198FFF704
:105B50001BFB08B90B20C2E70198FFF7B5FB6A46AB
:105B6000009000210198FFF74FFB18B10028B8BF43
:105B70004042B4E70198FFF7B4FA88B90198FFF7FB
:105B800008FB002876D10198FFF7FEFA0028A5D17E
:105B90000198FFF70DFB0028A3D0019B98699EE7B1
:105BA0000198FFF7C1FA044627B1C168524638464A
:105BB000FFF756FA002706F0020A2046FFF7F9FB26
:105BC000A8421DD82046FFF7F4FB0646002E8AD0D7
:105BD0002046FFF7EAFB09EB070B01463246584621
:105BE00000F0ADFA01983744FFF7A5FA50B1BAF1C9
:105BF000000F7FF478AF21460198FFF781FA72E732
:105C00002E46E3E70198FFF79BFA0028EFD1BAF19F
:105C1000000F14D0B5423FF466AFB8F1000F04D0C6
:105C20006A4621460198FFF7EFFA2046AD1BFFF7C1
:105C3000B9FB04460028C0D1002F9FD053E76389E9
:105C4000204633446381FFF7B4FB18B9214601981D
:105C5000FFF756FAB5423FF446AFAD1BB8F1000F5F
:105C600004D06A4600210198FFF7CEFA0198FFF7A9
:105C70005BFADEE7002736E708B5F9F74BFB0020B3
:105C800008BD38B504460068F9F71AFB054628B97F
:105C90000120E38843F02003E38038BDFFF774FA66
:105CA0000028F5D12846FFF783FAF8B1E38843F0DE
:105CB0000803E380A388DA0707D52846FFF7BDFA73
:105CC000E8B1E38843F00103E380A3885B0707D5CD
:105CD0002846FFF7BDFA18B1E38843F00403E380D8
:105CE000B4F90600003818BF0120D6E72846FFF7B0
:105CF00050FA0028DED0E38843F01003D9E72846A5
:105D0000FFF7A0FA0028DCD12846FFF742FA002866
:105D1000D7D1DAE738B50D461446F9F7D1FA28B9E4
:105D20000920F2F733F94FF0FF3006E0032D03D0DE
:105D3000042D03D01620F4E7006C38BD012CF9D8EF
:105D400004640020F9E7431F002B03D8DFE803F0C9
:105D50000100032070477047292815D005DC06286C
:105D600014D0112814D048B17047B0F5817F0DD000
:105D700040F2111398420BD0FF280CD1012909D011
:105D8000022908BF02207047062070470120704793
:105D90000220704708467047292811D00ADC0128E4
:105DA00010D0062810D0002808BF042018BF4FF0DC
:105DB000FF307047B0F58D7F08D0B0F5007FF5E774
:105DC0000620704708207047012070474FF480700C
:105DD0007047C06870474269C3681A60704708B569
:105DE000034624301AB95A624260002008BD082ACE
:105DF00028BF082200F0A3F9F7E708B503462C30C6
:105E00001AB9DA624260002008BD082A28BF0822B9
:105E100000F095F9F7E738B504460D4639B1082A80
:105E20000BD01620F2F7B2F84FF0FF3038BD002A41
:105E3000F7D18263C2630020F8E7F8F769FC95E8C0
:105E4000030004F1380383E803002046FFF731F92B
:105E5000F8F764FCEFE773B5044608680D4616468C
:105E6000FAF75EF8002801DB042E06D01620F2F7C0
:105E70008DF84FF0FF3002B070BD2B68204684F8DB
:105E80003430FFF7A6F900230028F4D0CDE9003321
:105E90001A4619462068FFF7D4FCECE708B509B1AB
:105EA000042A05D01620F2F771F84FF0FF3006E013
:105EB0000B782BB1012BF5D180F84830002008BDBC
:105EC0000223F9E710B5541E1B2C02D812F003046C
:105ED00005D01620F2F75AF84FF0FF3010BD9308A6
:105EE00080F84B304C3000F02AF92046F6E708B530
:105EF00009B1042A05D01620F2F748F84FF0FF3018
:105F000008BD0B78003B18BF012380F84930002002
:105F1000F6E708B509B1042A05D01620F2F736F8DD
:105F20004FF0FF3008BD0B6880F84A300020F9E7D9
:105F300070B5054614460E4631B992B11620F2F7F7
:105F400025F84FF0FF3070BD002AF7D0406C08B143
:105F5000F2F7B0F9601CF2F78FF9686438B969207C
:105F6000EDE7406C08B1F2F7A5F90020EBE7224617
:105F7000314600F0E4F800226B6C1A55F5E710B5D5
:105F8000134612680446042A28BF042208461A60F1
:105F900004F1180100F0D3F80020A06110BD10B585
:105FA000134612680446082A28BF082208461A60C9
:105FB00004F1240100F0C3F8002010BD10B5134611
:105FC00012680446082A28BF082208461A6004F10D
:105FD0002C0100F0B4F8002010BD13B504461346A0
:105FE00094F84820084601921A6801A9042A28BF9B
:105FF00004221A6000F0A3F8002002B010BD13B50F
:106000000446134694F84920084601921A6801A9EB
:10601000042A28BF04221A6000F091F8002002B080
:1060200010BD13B50446134694F84A200846019261
:106030001A6801A9042A28BF04221A6000F07FF818
:10604000002002B010BD10B504460846114694F871
:106050004B309A000B689A4228BF1A460A6004F136
:106060004C0100F06CF8002010BDF8B5456C0E46F0
:106070001446176875B12846E2F76EFD0130B84244
:10608000024628BF3A4629463046226000F057F8BB
:106090000020F8BD3A462946304600F05DF82560FC
:1060A000F6E770B504460E4600F025F80546206870
:1060B00008B1FEF796FF48F202039E4218D048F25C
:1060C00009039E4214D048F201039E420BD16B6833
:1060D0004BB104F1140204F1380152F8040B8A4266
:1060E00043F8040BF9D12046BDE8704000F005B834
:1060F00063696B60F7E7C06870470269C3681A603C
:106100007047C9B20346024410B59342184601D104
:10611000002003E0047801338C42F6D110BD013930
:10612000024410B5904201D1002005E0037811F837
:10613000014FA34201D0181B10BD0130F2E70A4401
:10614000431E914200D1704710B511F8014B9142A6
:1061500003F8014FF9D110BD02440346934200D128
:10616000704703F8011BF9E72DE9F04716469846FA
:106170008A6807460B690C46DDF820909342B8BF49
:106180001346336091F843200AB10133336023682A
:10619000990642BF336802333360256815F006055F
:1061A00006D104F1190AE36832689B1AAB422BDC72
:1061B00094F843302268003B18BF0123920630D484
:1061C00004F1430241463846C847013023D02368D2
:1061D0001A3454F80A2C03F00603042B0ABF54F8AF
:1061E0000E5C002533684FF0000608BFED1A54F826
:1061F000123C08BF25EAE5759342C4BF9B1AED180F
:10620000B5421AD1002008E00123524641463846E3
:10621000C847013003D14FF0FF30BDE8F0870135AA
:10622000C1E7E1185A1C30200233224481F84300B0
:1062300094F8451082F84310C2E7012322464146F4
:106240003846C8470130E6D00136D9E7002070470C
:10625000C9B20346184613F8012B12B18A42F9D18C
:106260007047002918BF00207047034611F8012B22
:1062700003F8012B002AF9D1704710B56AB1013932
:10628000841810F8012B11F8013F9A4203D1A04263
:1062900001D0002AF5D1D01A10BD1046FCE7013913
:1062A000034610B532B111F8014F013A03F8014B22
:1062B000002CF7D11A440021934200D110BD03F8FD
:1062C000011BF9E70246014410B58A42134603D088
:1062D0001C780132002CF8D1181A10BD0A7870B55C
:1062E0006AB970BD9A4209D10C46054614F8013FBF
:1062F000002BF6D015F8016F9E42F7D001300378DD
:10630000002BEFD11846ECE7FDF79ABEFDF7BEBFB4
:1063100030B514469BB005461A46002C05DA8B238F
:1063200003604FF0FF301BB030BD4FF4027300919B
:1063300004916946ADF80C3014BF04F1FF332346D5
:10634000029305934FF6FF73ADF80E301E9BFEF7D8
:1063500007F9431CBCBF8B232B60002CE3D0009BB0
:1063600000221A70DFE7884210B501EB020402D95F
:106370008442234607D8431EA14208D011F8012BBE
:1063800003F8012FF8E7024401468A4200D110BD0C
:1063900013F8014D02F8014DF7E7F8B50746154629
:1063A0000C4621B91146BDE8F840FDF731BC22B9D1
:1063B000FDF7E4FB00242046F8BD00F036F9A842C2
:1063C000F9D229463846FDF723FC06460028F1D0CD
:1063D00021462A46FFF7B3FE214638463446FDF7EC
:1063E000CDFBE8E72DE9F0471F468E6882460C4654
:1063F000BE4290460B682DD8B1F90C2012F4906F74
:1064000026D06569096905EB4505A3EB01097B1CED
:1064100005EBD5754B446D109D4238BF1D465305A5
:1064200027D52946FDF7F4FB064660B34A462169A5
:10643000FFF785FEA38923F4906343F08003A381D3
:1064400026614E446561A5EB090526603E46A560C0
:10645000BE4200D93E46324641462068FFF783FFE0
:10646000A36800209B1BA360236833442360BDE81E
:10647000F0872A46FFF791FF06460028E0D1216900
:106480005046FDF77BFB0C234FF0FF30CAF800307D
:10649000A38943F04003A381E9E738B54B1C1446B8
:1064A00003D14FF0FF35284638BD9389CDB223F094
:1064B000200393815368526B8AB1A26B9A4208DD24
:1064C00023685A1E226003F8015C6368013363602D
:1064D000E9E7214600F072F80028F1D0E1E72169F0
:1064E000226841B1914206D212F8011CA94202D1A0
:1064F000013A2260EAE7C4E90F2304F1440363632D
:106500000323A363234603F8465F23600123DEE7EA
:1065100010B50C46496B69B104F14403994201D0AE
:10652000FDF72CFB0020236C6063636013B1E36B09
:10653000236010BD23694FF0FF30236000236360A8
:10654000A38943F02003A381F3E770B50B780446D9
:1065500001385E2B04F1FF0513BF4A1C8A1C4B78DF
:10656000002108BF012100F8011FA842FBD10BB98F
:10657000501E70BD81F001011046E154024612F830
:10658000015B2D2D05D05D2D16D0002DF1D02B46B1
:10659000F2E746785D2EFAD0B342F8DC02301A46B4
:1065A00001329642A154FBDCF21A5D1C013AB3425F
:1065B000A8BF0022AB18E1E71046DAE72DE9F04169
:1065C0000C46496B04F1440399421AD14FF480619F
:1065D000FDF71EFB18B94FF0FF30BDE8F0814FF416
:1065E0008063606300F2FD30A36394F846308370EB
:1065F00094F84530437094F84430037020600020D4
:10660000EBE7A66B77003A46FFF7C7FE0546002882
:10661000E1D000EB0608014632464046FFF78FFD09
:10662000C4F80080C4E90D57E9E751F8043C181F8D
:0C663000002BBCBF0B58C01870470000C6
:08663C002C25FE7F0100000087
:10664400A598000000000000A12C0100000000003B
:10665400792E010000000000B92E010000000000A6
:10666400F92E010000000000592F01000000000075
:1066740059C0010000000000695E0100306702009B
:10668400ED08020000000000D10A02000000000032
:10669400396B010044670200656401005867020019
:1066A400B17101006C670200D963010000000000B1
:1066B400CD7601000000000029FC0000000000006D
:1066C400957C0100000000006D8601001C6702003B
:1066D400952701000000000029C40100000000000B
:1066E400C910020000000000F55501008067020097
:1066F400C1650100946702008138010000000000B8
:10670400419C01000000000069A701000000000096
:0867140069B301000000000060
:10671C00F887020000000000ACC90020B0CB0020BC
:10672C0050EF012028850200548502006C85020080
:10673C00A6CB002000E90120388602004486020026
:10674C005C860200ACCB002074E901208885020035
:10675C000000000090850200A8CB00200000000083
:10676C00A8860200C486020008870200AECB002077
:10677C0080E90120F4840200000000001085020072
:10678C00A4CB002000000000F885020000000000EF
:0C679C001C860200AACB002000000000B8
:1067A80000000000A51E010000000000A51E010059
:1067B80000000000A51E010000000000A51E010049
:1067C80000000000A51E01003DCB0100D5C6010058
:1067D80000000000A51E010000000000A51E010029
:1067E8006C6702004571010000000000A51E010051
:1067F80000000000A51E010000000000A51E010009
:1068080000000000A51E010000000000A51E0100F8
:10681800806702002D5801000000000089E3010094
:1068280000000000A51E010000000000A51E0100D8
:1068380000000000A51E010000000000A51E0100C8
:1068480000000000A51E0100000000008177010083
:1068580000000000A51E010000000000A51E0100A8
:1068680000000000A51E010000000000A51E010098
:1068780000000000A51E010000000000A51E010088
:1068880000000000A51E010000000000A51E010078
:1068980000000000A51E010000000000A51E010068
:1068A80000000000A51E010000000000A51E010058
:1068B80000000000A51E010000000000A51E010048
:1068C80000000000A51E010000000000A51E010038
:1068D80000000000A51E010000000000A51E010028
:1068E80000000000A51E010000000000A51E010018
:1068F800D5D90100D5C6010000000000A51E010081
:1069080000000000A51E010000000000A51E0100F7
:1069180000000000A51E010000000000A51E0100E7
:1069280000000000A51E0100F1D70100D5C6010036
:1069380000000000A51E010000000000A51E0100C7
:1069480000000000A51E010000000000A51E0100B7
:1069580000000000A51E010000000000A51E0100A7
:1069680000000000A51E010000000000A51E010097
:1069780000000000A51E010000000000A51E010087
:1069880000000000A51E010000000000A51E010077
:1069980000000000A51E010000000000A51E010067
:0869A80000000000A51E010023
:1069B0000000000001000000418B0100D98D0100A2
:1069C000F0780200030000000085020003000000D0
:1069D000588A020003000000E4790200030000006E
:1069E000448502000300000028920200030000001A
:1069F000E889020003000000FC6F020003000000B1
:106A0000087D020003000000108602000300000061
:106A10004883020003000000647B020003000000C2
:106A2000987B0200030000009C7B02000300000032
:106A3000C87C020003000000288B02000300000055
:106A4000C895020003000000C88102000300000096
:106A50002C830200030000003483020003000000C6
:106A6000EC87020003000000B89B02000300000056
:106A7000D082020003000000DC820200030000005C
:106A80002483020003000000F882020003000000DB
:106A900008830200030000001483020003000000CA
:106AA000E8820200030000004483020003000000AB
:086AB000B4860200030000009F
:106AB800EC7C020088C90020B47C020001000000C0
:106AC800606F020014010120506F020001000000F5
:106AE000946B02001200000001000000501400002E
:106AF000501400005014000050140000A1F10100D7
:106B000049FD0100B1000200C94E0200D14E020051
:106B1000C14E0200795C0200F5000200CD4E020079
:106B2000C54E0200BC9B020000010000AA9D0200AD
:106B3000AD9D0200B09D02000000000000000000BA
:106B40000338FDD8704700004D51545420636F6ED8
:106B50006E656374206661696C65643A2025640023
:106B60004D51545420636C69656E7420636F6E6E72
:106B700065637465640000005375627363726962D3
:106B8000696E6720746F3A202573206C656E20252E
:106B9000750000004E52462F30352F444F574E5F40
:106BA00053545245414D00004D51545420636C697B
:106BB000656E7420646973636F6E6E65637465647B
:106BC0003A202564000000004D5154542050554295
:106BD0004C49534820726573756C743D2564206C74
:106BE000656E3D25640000005265636569766564E5
:106BF000207061796C6F616420282564206279744B
:106C0000657329206973206C6172676572207468EE
:106C1000616E20746865207061796C6F61642062B8
:106C200075666665722073697A652028256420621E
:106C300079746573292E0000257325730000000008
:106C4000526563656976656420434D443A200000CF
:106C50005253540072657175657374207265736563
:106C600074202E2E2E0000004C444D00726571756C
:106C7000657374206C6F67732064756D70202E2EA1
:106C80002E000000534B50007265717565737420BF
:106C9000736B697020706F6F6C696E672070726FB4
:106CA000636564757265202E2E2E000043464700F2
:106CB000636F6E66696720726571756573742072A3
:106CC00065636569766564202E2E2E004C4544313F
:106CD0004F4E00004C4544314F4646006765745F97
:106CE00072656365697665645F7061796C6F616414
:106CF000206661696C65643A2025640044697363A9
:106D00006F6E6E656374696E67204D5154542063D5
:106D10006C69656E742E2E2E00000000436F756C3A
:106D200064206E6F7420646973636F6E6E65637444
:106D30003A202564000000004D5154542050554223
:106D400041434B206572726F723A20256400000047
:106D500050554241434B207061636B6574206964F8
:106D60003A202575000000004D51545420535542DF
:106D700041434B206572726F723A20256400000017
:106D800053554241434B207061636B6574206964C5
:106D90003A202575000000004D5154542050494EB2
:106DA0004752455350206572726F723A2025640035
:106DB000556E68616E646C6564204D515454206555
:106DC00076656E7420747970653A20256400000041
:106DD0004E52462F30352F55505F53545245414D3A
:106DE00000000000746F20746F7069633A2025738F
:106DF000206C656E3A202575000000004E52462F2B
:106E000030352F55505F53545245414D5F535953C0
:106E1000000000004E52462F30352F55505F53541E
:106E20005245414D5F5359535F4C4F47000000009E
:106E30002573207075622062797465733A20257518
:106E40000A000000696F742D636F757273652D629F
:106E500075742E636C6F75642E7368696674722E18
:106E6000696F000067657461646472696E666F20A3
:106E70006661696C65643A20256400004661696C4E
:106E8000656420746F20696E697469616C697A65E4
:106E90002062726F6B657220636F6E6E65637469DA
:106EA0006F6E0000495076342041646472657373DC
:106EB00020666F756E6420257300000061695F6154
:106EC0006464726C656E203D2025752073686F7553
:106ED0006C64206265202575206F72202575000086
:106EE00041542B4347534E004661696C65642074DE
:106EF0006F206F627461696E20494D45492C206591
:106F000072726F723A202564000000006E72662D66
:106F1000252E2A7300000000746869736973746811
:106F2000656D6F73747365637265747365637265A1
:106F30007465766572000000696F742D636F7572F9
:106F400073652D62757400005B256C6C755D0900BE
:106F50006C6F675F72616D5F6261636B656E640029
:106F60000998000000000000000000000000000080
:106F7000000000000000000000000000CD970000AD
:106F80001C0101202801012080000000466C617373
:106F90006820646576696365206E6F742072656130
:106FA00064790000666C6173685F6765745F706127
:106FB00067655F696E666F206661696C656420282D
:106FC000256429004E5653206D6F756E74206661DE
:106FD000696C6564202825642900000045455052ED
:106FE0004F4D20656D756C6174696F6E20696E69B7
:106FF0007469616C697A656400000000656570728F
:107000006F6D5F656D756C00436F6E65637465646D
:10701000202D20686F6D65206E6574776F726B0030
:10702000436F6E6E6563746564202D20726F616DB1
:10703000696E6700436F6E6E65637465640000007F
:1070400049646C65000000004E6574776F726B20B8
:1070500072656720737461743A2025730000000024
:10706000525243206D6F64653A2025730000000082
:1070700073697A65206F6620737472756374206912
:10708000733A202564000000737465703A2025640B
:10709000000000004661696C656420746F207365B0
:1070A0006E64206D6573736167652C202564000034
:1070B000636963722062756666206F7672666C77AC
:1070C0002C20616C69676E696E6720726573756CE0
:1070D000740000006275666620686561643A202568
:1070E000642C207461696C3A20256400435243206B
:1070F0006D69736D617463682061742073616D7074
:107100006C652C202564000073616D706C652072C5
:1071100065636F726420435243206D69736D6174BF
:10712000636820636F756E7465722C20256400009F
:10713000646174655F74696D655F757064617465C1
:107140005F6173796E63206572726F723A20256495
:10715000000000004661696C656420746F206765FB
:10716000742074696D65000043757272656E7420D9
:107170005554432074696D653A2025730000000062
:10718000436F6E6669677572696E67206D6F6465BF
:107190006D000000496E697469616C697A696E6797
:1071A000206D6F64656D206C696272617279000098
:1071B0004661696C656420746F20696E69746961E9
:1071C0006C697A6520746865206D6F64656D206CEC
:1071D0006962726172792C206572726F723A202531
:1071E00064000000436F6E6E656374696E6720749F
:1071F0006F204C5445206E6574776F726B000000F1
:107200004572726F7220696E206C74655F6C635F8B
:10721000636F6E6E6563745F6173796E632C206556
:1072200072726F723A20256400000000436F6E6E28
:10723000656374656420746F204C5445206E6574DA
:10724000776F726B000000004661696C65642074A2
:107250006F20636F6E66696775726520746865205C
:107260006D6F64656D0000004661696C6564207433
:107270006F20696E697469616C697A6520746865EC
:1072800020627574746F6E73206C696272617279BA
:10729000000000004D51545420636C69656E7420E9
:1072A000696E6974000000004661696C6564207451
:1072B0006F20696E697469616C697A65204D5154FB
:1072C0005420636C69656E743A20256400000000E8
:1072D0005265636F6E6E656374696E6720696E20B8
:1072E0002564207365636F6E64732E2E2E0000007C
:1072F0004572726F7220696E206D7174745F636F76
:107300006E6E6563743A2025640000004572726FEA
:107310007220696E206664735F696E69743A202515
:10732000640000006D7174745F706F6F6C696E67DC
:107330005F70726F636564757265202D20656E7471
:1073400065726E696E6720706F6F6C20776169740B
:10735000000000004572726F7220696E20706F6CC1
:107360006C28293A202564004572726F7220696E7C
:10737000206D7174745F6C6976653A202564000035
:107380004572726F7220696E206D7174745F696EE0
:107390007075743A20256400504F4C4C4552520091
:1073A000504F4C4C4E56414C000000004346472085
:1073B000736F6C76696E67004346472025687520B9
:1073C000256875202568750043464720726563650A
:1073D0006976656420706172616D73202564202573
:1073E0006420256400000000454550524F4D204D5B
:1073F00051545420646566207472696767657275BC
:10740000206C6F77206475726174696F6E00000084
:10741000454550524F4D204D5154542064656620CF
:107420007472696767657275206869676820000013
:10743000454550524F4D204D5154542064656620AF
:107440007472696767657275206C6F772000000041
:1074500043464720706172616D73206E6F742076B1
:10746000616C696400000000454E544552494E4726
:10747000204C4F472044554D50204D5154542052DC
:1074800045504F525400000074726967676572205E
:10749000726573657420696E2070726F67726573B0
:1074A00073000000656E642D7570206D717474201A
:1074B000636C69656E7420636F6E6E656374696F6B
:1074C0006E0000004C54455F4C435F46554E435F91
:1074D0004D4F44455F4F46464C494E450000000025
:1074E0006E72665F6D6F64656D5F6C69625F736815
:1074F0007574646F776E000052535420747269671C
:1075000067205245424F4F54204E4F570000000015
:10751000534B4950205245515545535420524543F1
:107520004549564544000000656E746572696E6792
:107530002066697273745F616C6976655F666C6101
:10754000673D3200656E746572696E6720666972A8
:1075500073745F616C6976655F666C61673D31006D
:107560004D51545420554E49542053454E44494E94
:107570004720414C49564520494E464F00000000E7
:1075800074696D657374616D70206761746865728C
:1075900065642066726F6D206D6F64656D20257562
:1075A00000000000554E495420414C49564500000A
:1075B0000A0A53414D504C452041505020535441EC
:1075C000525453005350494D20494E495400000035
:1075D0005350494D20494E49542066696E6973687D
:1075E00065640000536F6D6520636F6E7465787419
:1075F000000000004661696C656420746F20696E4C
:10760000697469616C697A6520746865204C4544C9
:10761000206C6962726172790A0000004144432063
:107620006E6F742072656164790A0000454550529E
:107630004F4D2073656C66206465662074726967BF
:1076400067657275206C6F77206475726174696FFD
:107650006E000000454550524F4D2073656C66200A
:10766000646566207472696767657275206869670A
:1076700068200000454550524F4D2073656C6620D0
:10768000646566207472696767657275206C6F77D0
:1076900020000000737461727420747269676765FA
:1076A000722076616C20256400000000656E642005
:1076B00074726967676572752076616C2025640055
:1076C000656E6420747269676765722076616C20EC
:1076D0006475726174696F6E20256420736D706CBF
:1076E000730000002D2D2D2D2D2D2D2D2D2D2D2D0B
:1076F0002D2D2D2D2D2D2D2D2D2D2D2D2D2D2D2DBA
:107700002D0000003C2D2D2D2D2052454D4F544570
:1077100020434F4E464947205354414745202D2D85
:107720002D3E00006669727374206D6F64656D2074
:10773000696E6974000000002D2D656E74657269B4
:107740006E67204D51545420706F6F6C696E6720C6
:107750006C6F6F702D2D00006C656176696E67200F
:1077600020494E4954205354414745002D2D2D2D7D
:107770002D2D2D2D2D2D2D2D2D2D2D2D2D2D2D2D39
:107780002D2D2D2D2D2D2D2D2D0A00003C2D2D2D97
:107790002D4D4541535552454D454E54205354416E
:1077A0004745202D2D2D3E007374617274696E67FC
:1077B0002074696D65720000676174686572696E36
:1077C00067206F6666736574730000006F6666738A
:1077D00065747320646F6E650000000063697263F6
:1077E000756C61722062756666657220696E697477
:1077F00000000000656E746572696E6720747269BE
:10780000676765722077616974696E67206C6F6F56
:1078100070000000524D532074726573686F6C6481
:107820002025642063726F7373656400524D53208A
:10783000756E64657220256420666F722025642051
:1078400073616D706C657300656E64207472696736
:10785000676572202D2073616D706C65206C696D99
:1078600069740000646174615F72656164795F745A
:107870006F5F73656E6420666C616720736574006A
:1078800050524F4752414D20454E44204469736346
:107890006F6E6E656374696E67204D51545420633A
:1078A0006C69656E74000000436F756C64206E6FC8
:1078B0007420646973636F6E6E656374204D5154F8
:1078C0005420636C69656E743A20256400000000E2
:1078D00050524F4752414D20454E4420207472690A
:1078E0006767205245424F4F54204E4F570A0000C1
:1078F0004C495300000428400405000000042840BF
:107900000304000000042840020300000004284093
:1079100001020000000428400001000000000000F7
:107920001E00000080BE0120080000000E000000C4
:1079300000070E091C1B1215383F363124232A2D4F
:1079400028756E7369676E656429206368617220AB
:107950002A207573656420666F722025257020616A
:107960007267756D656E742E204974277320726579
:10797000636F6D6D656E64656420746F2063617301
:107980007420697420746F20766F6964202A2062E5
:10799000656361757365206974206D617920636129
:1079A000757365206D69736265686176696F7220B1
:1079B000696E206365727461696E20636F6E6669BB
:1079C0006775726174696F6E732E20537472696E7D
:1079D000673A2225732220617267756D656E743A6D
:1079E0002564000063627072696E74665F70616323
:1079F0006B6167650000000061C40000C5C4000041
:107A0000000000008DC40000286E696C2900000091
:107A10004661696C656420746F207265626F6F7473
:107A20003A207370696E6E696E6720656E646C656E
:107A300073736C792E2E2E0A000000004E565320D0
:107A40006E6F7420696E697469616C697A6564002F
:107A5000436F756C64206E6F74206F627461696E21
:107A600020666C61736820706172616D6574657207
:107A700073000000556E737570706F7274656420CA
:107A8000777269746520626C6F636B2073697A65C5
:107A900000000000556E61626C6520746F206765A0
:107AA00074207061676520696E666F00496E76614B
:107AB0006C696420736563746F722073697A650002
:107AC000436F6E66696775726174696F6E20657267
:107AD000726F72202D20736563746F7220636F75EF
:107AE0006E7400004E6F20474320446F6E65206D1A
:107AF00061726B657220666F756E643A2072657391
:107B000074617274696E6720676300002564205396
:107B10006563746F7273206F6620256420627974C8
:107B200065730000616C6C6F63207772613A202589
:107B3000642C2025780000006461746120777261F4
:107B40003A2025642C20257800000000474320447B
:107B50006F6E65206D61726B657220666F756E6405
:107B60000000000066735F6E767300006C6F6767DD
:107B7000696E670060CE002000040000CDFD0000AB
:107B8000A1FC0000020000005D0C010000000000EC
:107B900000000000000000006C6F67006C6F675F02
:107BA0006D676D74000000004D657373616765203B
:107BB0002822257322292064726F70706564206208
:107BC00065636175736520697420657863656564B4
:107BD000732073697A65206C696D69746174696F6B
:107BE0006E202825752900001B5B306D0000000009
:107BF000257320005B2530386C755D200000000087
:107C00005B253032753A253032753A253032752E83
:107C1000253033752C253033755D200025732F00FA
:107C20003C25733E2000000025733A200000000030
:107C30002530327820000000202020007C00000049
:107C400025630000206D657373616765732064723E
:107C50006F70706564202D2D2D0D0A1B5B306D003B
:107C60001B5B313B33316D2D2D2D20001B5B313BD8
:107C700033316D001B5B313B33336D006572720035
:107C800077726E00696E6600646267000000000033
:107C90006C7C0200747C0200000000000000000008
:107CA000000000007C7C0200807C0200847C0200DA
:107CB000887C02006C6F675F6261636B656E645FF6
:107CC00075617274000000006C6F675F756172749B
:107CD00000000000DC7C0200FCE60120D90D010060
:107CE0001CE7012028E7012001000000250F01000A
:107CF000F10E0100910E01005D0E01000000000078
:107D0000290E010000000000666C6173680000002D
:107D10002A2A2A20426F6F74696E67206E524620AD
:107D2000436F6E6E6563742053444B2076322E3958
:107D30002E302D37373837623236343938343020E8
:107D40002A2A2A0A000000002A2A2A205573696E6E
:107D500067205A6570687972204F532076332E372A
:107D60002E39392D31663866336463323931343215
:107D7000202A2A2A0A00000072302F61313A20207E
:107D8000307825303878202072312F61323A202027
:107D9000307825303878202072322F61333A202015
:107DA000307825303878000072332F61343A202043
:107DB000307825303878207231322F69703A20209F
:107DC000307825303878207231342F6C723A202088
:107DD000307825303878000020787073723A20208F
:107DE00030782530387800004661756C74696E67AC
:107DF00020696E737472756374696F6E2061646458
:107E00007265737320287231352F7063293A2030E0
:107E10007825303878000000556E68616E646C65B6
:107E200064204952516E3A20256400002A2A2A2AE9
:107E30002A205553414745204641554C54202A2A73
:107E40002A2A2A0020204469766973696F6E2062AD
:107E500079207A65726F00002020556E616C696729
:107E60006E6564206D656D6F727920616363657303
:107E7000730000002020537461636B206F7665727D
:107E8000666C6F772028636F6E74657874206172FA
:107E90006561206E6F742076616C69642900000052
:107EA00020204E6F20636F70726F636573736F7203
:107EB00020696E737472756374696F6E730000006D
:107EC0002020496C6C6567616C206C6F6164206F69
:107ED00066204558435F52455455524E20696E7492
:107EE0006F205043000000002020496C6C656761E2
:107EF0006C20757365206F6620746865204550534B
:107F0000520000002020417474656D707420746FFD
:107F1000206578656375746520756E646566696E45
:107F2000656420696E737472756374696F6E0000A6
:107F30002A2A2A2A2A20425553204641554C5420A9
:107F40002A2A2A2A2A0000002020537461636B69C0
:107F50006E67206572726F72000000002020556EFF
:107F6000737461636B696E67206572726F72000073
:107F700020205072656369736520646174612062BA
:107F80007573206572726F720000000020204246F7
:107F9000415220416464726573733A2030782578C9
:107FA000000000002020496D7072656369736520D0
:107FB0006461746120627573206572726F72000073
:107FC0002020496E737472756374696F6E206275D8
:107FD00073206572726F72002020466C6F61746945
:107FE0006E672D706F696E74206C617A792073747E
:107FF00061746520707265736572766174696F6E05
:10800000206572726F7200002A2A2A2A2A204D5097
:1080100055204641554C54202A2A2A2A2A0000007D
:108020002020537461636B696E67206572726F7292
:108030002028636F6E746578742061726561206DAD
:1080400069676874206265206E6F742076616C6960
:1080500064290000202044617461204163636573DA
:10806000732056696F6C6174696F6E0020204D4DEE
:1080700046415220416464726573733A203078251A
:10808000780000002020496E737472756374696F04
:108090006E204163636573732056696F6C61746908
:1080A0006F6E000052657365727665642045786373
:1080B000657074696F6E202800000000537075723F
:1080C000696F757320696E7465727275707420289B
:1080D0004952512000000000457863657074696F53
:1080E0006E206F6363757272656420696E205365DC
:1080F0006375726520537461746500002A2A2A2A08
:108100002A2048415244204641554C54202A2A2ACC
:108110002A2A00002020427573206661756C742045
:108120006F6E20766563746F72207461626C652077
:10813000726561640000000020204465627567205C
:108140006576656E7400000020204661756C7420B1
:10815000657363616C6174696F6E20287365652057
:1081600062656C6F77290000415243485F45584370
:10817000455054207769746820726561736F6E2072
:1081800025780A002A2A2A2A2A204465627567204F
:108190006D6F6E69746F7220657863657074696F56
:1081A0006E202A2A2A2A2A002A2A2A2A2A202573E5
:1081B00020256429202A2A2A2A2A000080C5002096
:1081C00000000000060001006D7075004661696CDA
:1081D000656420746F20616C6C6F63617465206EE0
:1081E0006577204D505520726567696F6E20257543
:1081F0000A000000506172746974696F6E20257501
:108200003A2073616E69747920636865636B2066D8
:1082100061696C65642E0000496E76616C6964204A
:10822000756E6465726C79696E6720726567696FD7
:108230006E20696E646578202575000002000000DC
:1082400054820200464C4153485F30005352414D26
:108250005F300000000000004482020002000000C5
:10826000E0FF0F0068C500204C82020021000000E2
:10827000E0FF0320252E337320252E33732533642E
:1082800020252E32643A252E32643A252E3264207F
:1082900025640A004A616E4665624D6172417072E2
:1082A0004D61794A756E4A756C4175675365704FBB
:1082B00063744E6F7644656353756E4D6F6E54757F
:1082C00065576564546875467269536174000000AF
:1082D000706F7369785F656E76000000706F736908
:1082E000785F74696D657200707468726561645F4F
:1082F00072776C6F636B0000707468726561645FA5
:10830000636F6E6400000000707468726561645F82
:108310006B657900707468726561645F6D75746512
:108320007800000070746872656164006E65745F47
:10833000627566006E65745F6275665F73696D7005
:108340006C650000736F6300667300007A65706887
:1083500079720000776C616E256400006E6574258B
:1083600064000000E0000000C00000004D515454C3
:10837000000000004D514973647000006C830200DE
:10838000040000007483020006000000CD490100D3
:10839000314A0100954A0100454B01008D4B010017
:1083A00053656C656374656420414443206761696B
:1083B0006E206973206E6F742076616C69640000B2
:1083C00053656C656374656420414443207265663F
:1083D0006572656E6365206973206E6F74207661C7
:1083E0006C69640053656C65637465642041444343
:1083F000206163717569736974696F6E2074696D4A
:1084000065206973206E6F742076616C696400006A
:10841000496E76616C69642073656C656374696F1D
:108420006E206F66206368616E6E656C730000007D
:108430004368616E6E656C202575206E6F742063D5
:108440006F6E666967757265640000004144432081
:108450007265736F6C7574696F6E2076616C75658B
:10846000202564206973206E6F742076616C6964C6
:10847000000000004F76657273616D706C696E6705
:1084800020697320737570706F7274656420666FF5
:10849000722073696E676C65206368616E6E656CCF
:1084A000206F6E6C790000004F76657273616D709D
:1084B0006C696E672076616C756520256420697330
:1084C000206E6F742076616C6964000050726F7664
:1084D00069646564206275666665722069732074DC
:1084E0006F6F20736D616C6C202825752F257529A1
:1084F000000000006164634065303030000000001F
:108500006164635F6E7266785F73616164630000CB
:108510006156010075590100580200000D6101000B
:10852000015C010000000000636C6F636B4035303C
:10853000303000006866636C6B0000006C66636C32
:108540006B000000636C6F636B5F636F6E74726FC0
:108550006C000000655F0100055D010034850200CC
:10856000D55C01005D5D01003C850200BD5D010040
:10857000196001008960010000000000C55B010076
:1085800000000000000000007073612D726E670033
:108590002964010000000000696E76616C69642046
:1085A000616464726573733A2030782530386C7872
:1085B0003A257A75000000006E6F7420776F726440
:1085C0002D616C69676E65643A2030782530386CAF
:1085D000783A257A75000000756E616C69676E6582
:1085E0006420616464726573733A20307825303892
:1085F0006C783A257A750000666C6173682D636F3C
:108600006E74726F6C6C65724033393030300000BC
:10861000666C6173685F6E726600000051660100EF
:1086200005650100E1660100D56401009D6401005B
:108630000400000000FF00006770696F40383432AA
:1086400035303000FFFFFFFF0025844000000000B0
:10865000000000000010034001000000016C010058
:1086600075680100A9680100E56801001969010049
:108670004D690100096A01008969010000000000DC
:1086800000010203040506074661696C65642074F5
:108690006F20616C6C6F636174652050504920439A
:1086A00068616E6E656C00007561727440383030C0
:1086B00030000000756172745F6E7266785F75617C
:1086C000727465000080004001000000000000009E
:1086D000E486020000000004000000004AF50120CA
:1086E00049F5012000800040F086020001000000F2
:1086F000F8860200040000001B0000001A000001C0
:108700001A0600010F060003F9700100F97201005A
:10871000C17001004D6F64656D206C696272617299
:108720007920696E697469616C697A6174696F6EC8
:10873000206661696C65642C206572722025640076
:108740002B4346554E3A20256875000041542B4373
:1087500046554E3F000000004170706C69636174C3
:10876000696F6E2073686F756C6420736574206D1B
:10877000696E696D616C2066756E6374696F6E6198
:108780006C206D6F646520284346554E3D3029208E
:108790006265666F7265207368757474696E6720B0
:1087A000646F776E206D6F64656D206C69627261B5
:1087B0007279000041542B4346554E3D3000000075
:1087C00000800020E8040000E88400200020000071
:1087D00068A500200020000000000000000000004C
:1087E0000100000065940100957A01006E72665FD9
:1087F0006D6F64656D0000006E726639785F736F2F
:10880000636B6574000000003D920100018B010064
:10881000A993010005940100E5910100018C01007C
:1088200000000000458D0100F5890100C5890100A7
:10883000BD900100998E0100D98801000D880100CA
:1088400055870100798F0100000000000000000042
:10885000000000004D6F64656D20686173206372D5
:1088600061736865642C20726561736F6E20307867
:1088700025782C2050433A203078257800000000DD
:1088800043616E6E6F742072656164206770696FFA
:108890002070696E000000004C454420696E6465DC
:1088A00078206F7574206F66207468652072616E21
:1088B000676500004750494F2049525120636F6E51
:1088C000666967206661696C65642C206572723A1E
:1088D000202564004661696C656420646973616287
:1088E0006C696E6720696E7465727275707473005E
:1088F00043616E6E6F742064697361626C6520639E
:10890000616C6C6261636B730000000043616E6EAA
:108910006F7420656E61626C652063616C6C62616E
:10892000636B730043616E6E6F7420777269746558
:10893000204C4544206770696F00000043616E6EF3
:108940006F7420636F6E666967757265204C45446D
:10895000206770696F00000043616E6E6F74206362
:108960006F6E66696775726520627574746F6E20CC
:108970006770696F0000000043616E6E6F74206461
:10898000697361626C652063616C6C6261636B73B7
:108990002829000043616E6E6F7420616464206357
:1089A000616C6C6261636B00446702000000000050
:1089B0004467020001000000446702000400000058
:1089C000446702000500000044670200080011002F
:1089D0004467020009001100446702001200110000
:1089E0004467020013001100646B5F627574746F5A
:1089F0006E735F616E645F6C656473004661696C81
:108A0000656420746F20686F6F6B207468652064E4
:108A1000697370617463682066756E6374696F6EE4
:108A20002C20657272202564000000004E6F2068C3
:108A300065617020737061636520666F7220696E76
:108A4000636F6D696E67206E6F74696669636174C8
:108A5000696F6E3A2025730061745F6D6F6E697483
:108A60006F7200004F4B0D0A000000004552524F3C
:108A7000520D0A002B434D45204552524F523A00A9
:108A80002B434D53204552524F523A00648A020004
:108A90006C8A0200748A0200808A02004E554C4C97
:108AA00020617320612068616E646C65722072655C
:108AB0006365697665643A204E6F7468696E6720F5
:108AC000746F20626520646F6E652E0A546865209D
:108AD00068616E646C65722063616E2062652064FB
:108AE0006572656769737465726564207573696E14
:108AF00067206C74655F6C635F646572656769733A
:108B00007465725F68616E646C657228290000008C
:108B10004E6F2068616E646C657220726567697360
:108B200074657265640000006C74655F6C630000BE
:108B30004D6F64656D206C69627261727920696E37
:108B40006974206572726F723A2025642C206C74EF
:108B5000655F6C63206E6F7420696E697469616C07
:108B6000697A6564000000004661696C6564207480
:108B70006F207365742073797374656D206D6F64F5
:108B80006520616E64206D6F646520707265666536
:108B900072656E63652C206572722025640000008A
:108BA00041542525464541434F4E463D302C332CFC
:108BB00025640000776F726B5F710000436F756C06
:108BC00064206E6F742067657420726567697374C2
:108BD000726174696F6E207374617475732C206593
:108BE00072726F723A20256400000000436F756C4A
:108BF00064206E6F7420676574204345524547209A
:108C0000706172616D20636F756E742C20706F746B
:108C1000656E7469616C6C79206D616C666F726DE4
:108C20006564206E6F74696669636174696F6E2C28
:108C3000206572726F723A20256400005265676980
:108C40007374726174696F6E2072656A65637465AE
:108C5000642C20454D4D2063617573653A20256471
:108C60002C2043656C6C2049443A2025642C205408
:108C70007261636B696E6720617265613A20256479
:108C80002C204C5445206D6F64653A20256400000B
:108C90004661696C656420746F2070617273652031
:108CA0006E6F74696669636174696F6E202865729E
:108CB000726F72202564293A20257300556E6B6E01
:108CC0006F776E206E6574776F726B20726567695F
:108CD0007374726174696F6E207374617475733A22
:108CE00020256400556E6B6E6F776E204C544520C6
:108CF0006D6F64653A202564000000002B434552E7
:108D000045473A20252A752C2568752C252A5B5E57
:108D10002C5D2C222578222C0000000041542B438E
:108D2000455245473F000000436F6E6E65637420F7
:108D3000616C726561647920696E2070726F677210
:108D4000657373004661696C656420746F206765A4
:108D5000742063757272656E7420726567697374CE
:108D6000726174696F6E20737461747573000000B2
:108D70004E6574776F726B20636F6E6E6563746996
:108D80006F6E20617474656D70742074696D6564B4
:108D9000206F75740000000041542B434552454735
:108DA0003D3500004661696C656420746F20737501
:108DB0006273637269626520746F20434552454750
:108DC000206E6F74696669636174696F6E732C20BD
:108DD0006572726F723A2025640000002B43455281
:108DE00045470000415420636F6D6D616E642066DD
:108DF00061696C65642C206E72665F6D6F64656D71
:108E00005F61745F7363616E662829207265747593
:108E1000726E6564206572726F723A20256400007C
:108E20004661696C656420746F20656E61626C6573
:108E3000206E6F74696669636174696F6E732C204C
:108E40006572726F723A202564000000496E766187
:108E50006C69642066756E6374696F6E616C206DF9
:108E60006F64653A2025640041542B4346554E3DBE
:108E7000256400004661696C656420746F20736529
:108E8000742066756E6374696F6E616C206D6F64BB
:108E9000652E20506C6561736520636865636B2087
:108EA0005853595354454D4D4F44452E0000000032
:108EB000436F756C64206E6F7420676574207369EE
:108EC000676E616C6C696E67206D6F64652C2065E0
:108ED00072726F723A20256400000000496E76615C
:108EE0006C6964207369676E616C6C696E67206D74
:108EF0006F64653A2025640043616E2774207061B9
:108F0000727365207369676E616C6C696E67206D42
:108F10006F64652C206572726F723A2025640000C0
:108F20004661696C656420746F20656E61626C6572
:108F300020525243206E6F74696669636174696F71
:108F40006E7320282B4353434F4E292C2065727299
:108F50006F722025640000002B4353434F4E0000E6
:108F600041542B4353434F4E3D31000043616E2724
:108F700074207061727365206D6F64656D20657615
:108F8000656E74206E6F74696669636174696F6E73
:108F90002C206572726F723A20256400534541524D
:108FA00043482053544154555320310D0A000000CA
:108FB0005345415243482053544154555320320D98
:108FC0000A0000005245534554204C4F4F500D0AA3
:108FD000000000004D452042415454455259204C58
:108FE0004F570D0A000000004D45204F564552488E
:108FF00045415445440D0A004E4F20494D45490D09
:109000000A00000050524143482043452D4C45562C
:10901000454C20300D0A0000505241434820434542
:109020002D4C4556454C20310D0A0000505241430D
:10903000482043452D4C4556454C20320D0A000032
:1090400050524143482043452D4C4556454C203312
:109050000D0A0000254D444D455600009C8F02002E
:10906000B08F0200C48F0200D48F0200E88F02008C
:10907000F88F020004900200189002002C90020069
:1090800040900200496E76616C6964207379737454
:10909000656D206D6F6465207265717565737465AB
:1090A000643A202564000000496E76616C69642092
:1090B0004C544520707265666572656E63652072FA
:1090C00065717565737465643A202564000000005D
:1090D000415425255853595354454D4D4F44453D12
:1090E00025732C2563000000436F756C64206E6F40
:1090F000742073656E6420415420636F6D6D616EE2
:10910000642C206572726F723A20256400000000A2
:109110003031323334000000312C302C300000006C
:10912000302C312C30000000302C302C310000006D
:10913000312C302C31000000302C312C310000005B
:10914000312C312C30000000312C312C310000004A
:1091500000000000189102002091020028910200F6
:1091600030910200389102004091020048910200C3
:109170005468652070617373656420696E20706F38
:10918000696E7465722063616E6E6F742062652013
:109190004E554C4C00000000557074696D6520639D
:1091A000616E6E6F74206265206E656761746976AA
:1091B0006500000056616C69642074696D65206EFD
:1091C0006F742063757272656E746C79206176615C
:1091D000696C61626C650000557074696D6520741E
:1091E0006F6F206C61726765206F72207072657698
:1091F000696F75736C7920636F6E766572746564E0
:1092000000000000436C65617220766172696162E2
:109210006C65206F72207365742061206E65772005
:10922000757074696D650000646174655F74696D63
:1092300065000000636C6F636B5F67657474696DD4
:1092400065206661696C65642C206572726E6F20A2
:1092500025640000646174655F74696D655F776F94
:10926000726B5F7100000000436F756C64206E6F5D
:1092700074207365742073797374656D2074696DDF
:10928000652C2025640000004661696C65642067D8
:10929000657474696E67204C5445206E6574776FF1
:1092A000726B20726567697374726174696F6E2086
:1092B0007374617475732C206572726F723A202515
:1092C0006400000031323300676574616464726960
:1092D0006E666F2C206572726F723A2025640000F2
:1092E000736E74705F696E69742C206572726F7230
:1092F0003A20256400000000736E74705F7175651C
:1093000072792C206572726F723A20256400000019
:10931000446964206E6F74206765742074696D659C
:109320002066726F6D20616E79204E5450207365F7
:1093300072766572000000006E74702E75696F2E73
:109340006E6F000074696D652E676F6F676C652EB8
:10935000636F6D0038930200449302002525585432
:10936000494D45206E6F74696669636174696F6EFB
:1093700020646F65736E277420636F6E7461696E0D
:1093800020272C273A20257300000000252558545B
:10939000494D45206E6F74696669636174696F6ECB
:1093A00020746F6F2073686F72743A202573000009
:1093B00025255854494D45206E6F7469666963616F
:1093C00074696F6E20646F65736E277420636F6EAF
:1093D0007461696E202722272061667465722027D8
:1093E0002C273A202573000054696D652076616C46
:1093F0007565206465636F64696E67206661696C7A
:1094000065642066726F6D2025255854494D4520AE
:109410006E6F74696669636174696F6E2028726526
:10942000743D2564293A2025730000004154252508
:109430005854494D453D31005375627363726962FA
:10944000696E6720746F206D6F64656D20415425CF
:10945000255854494D45206E6F746966696361747F
:10946000696F6E73206661696C65642C2065727229
:109470003D2564002B43434C4B3A202225752F2574
:10948000752F25752C25753A25753A2575256400A7
:1094900041542B43434C4B3F00000000446964207F
:1094A0006E6F74206765742074696D652066726FD5
:1094B0006D2063656C6C756C6172206E6574776F7E
:1094C000726B20286572726F723A202564292E20F3
:1094D00054686973206D6179206265206E6F726DCA
:1094E000616C20617320736F6D652063656C6C75B2
:1094F0006C6172206E6574776F726B7320646F6E2F
:1095000027742070726F76696465206974206F72A9
:109510002074696D65206D6179206E6F74206265BD
:1095200020617661696C61626C65207965742E00DA
:1095300041542B43434C4B3D22253032752F25306F
:1095400032752F253032752C253032753A25303260
:10955000753A25303275252B303364220000000027
:1095600053657474696E67206D6F64656D207469EE
:109570006D65206661696C65642C202564000000BF
:10958000255854494D4500004661696C6564207456
:109590006F2073657420636F6E666967757261749E
:1095A000696F6E20286572723A20256429000000D8
:1095B00041542558434F4558303D312C312C3135DD
:1095C00036352C31353836006D6F64656D5F616EF0
:1095D00074656E6E6100000054462D4D206E6F6EF6
:1095E0002D7365637572652063616C6C6261636B7A
:1095F00020696E697469616C697A6174696F6E2043
:109600006661696C65642C206572726F723A202500
:10961000640000002A2A2A2A2A205345435552452D
:10962000204641554C54202A2A2A2A2A00000000AC
:109630002020416464726573733A20307825780085
:109640002020496E76616C696420656E74727920A1
:10965000706F696E740000002020496E76616C693D
:109660006420696E74656772697479207369676EC6
:1096700061747572650000002020496E76616C6926
:109680006420657863657074696F6E2072657475A7
:10969000726E000020204174747269627574696F83
:1096A0006E20756E69742076696F6C6174696F6E77
:1096B000000000002020496E76616C69642074729D
:1096C000616E736974696F6E0000000020204C6148
:1096D0007A7920737461746520707265736572762F
:1096E0006174696F6E00000020204C617A792073EC
:1096F00074617465206572726F7200002A2A2A2ACA
:109700002A2053505520494E54455252555054200A
:109710002A2A2A2A2A0000002020536563757269CC
:1097200074792076696F6C6174696F6E20666F72F0
:109730002074686520666C617368206D656D6F725A
:1097400079207370616365002020536563757269C9
:1097500074792076696F6C6174696F6E20666F72C0
:10976000207468652052414D206D656D6F727920BF
:109770007370616365000000202053656375726932
:1097800074792076696F6C6174696F6E206F6E20DA
:109790006F6E65206F72207365766572616C2070E4
:1097A00065726970686572616C732E0019F1010051
:1097B0009DF6010000000000A360020079FF010097
:1097C00031010200379C02003C9C0200449C0200D4
:1097D000509C020000000002000000010000000494
:1097E0000000000800000010000000000C00000055
:1097F000690000000B000000720000008000000003
:109800001600000070000000780000007F000000DB
:1098100080000000710000006800000016000000D9
:10982000740000007300000073000000710000006D
:109830008C0000007A0000000D0000000B0000000A
:109840000B000000760000000B0000000900000083
:10985000ADBAADBAADBAADBAADBAADBAADBAADBAD0
:10986000ADBAADBAADBAADBAADBAADBAADBAADBAC0
:10987000ADBAADBAADBAADBAADBAADBAADBAADBAB0
:10988000ADBAADBAADBAADBAADBAADBAADBAADBAA0
:10989000ADBAADBAADBAADBAADBAADBAADBAADBA90
:1098A000ADBAADBAADBAADBAADBAADBAADBAADBA80
:1098B000ADBAADBAADBAADBAADBAADBAADBAADBA70
:1098C000ADBAADBAADBAADBAADBAADBAADBAADBA60
:1098D000ADBAADBAADBAADBAADBAADBAADBAADBA50
:1098E000ADBAADBAADBAADBAADBAADBAADBAADBA40
:1098F000ADBAADBAADBAADBAADBAADBAADBAADBA30
:10990000ADBAADBAADBAADBAADBAADBAADBAADBA1F
:10991000ADBAADBAADBAADBAADBAADBAADBAADBA0F
:10992000ADBAADBAADBAADBAADBAADBAADBAADBAFF
:10993000ADBAADBAADBAADBAADBAADBAADBAADBAEF
:10994000ADBAADBAADBAADBAADBAADBAADBAADBADF
:10995000ADBAADBAADBAADBAADBAADBAADBAADBACF
:10996000ADBAADBAADBAADBAADBAADBAADBAADBABF
:10997000ADBAADBAADBAADBA6F0000006F0000006D
:109980006F0000006F0000006F0000006F0000001B
:109990006F0000000B0000007A000000470000008C
:1099A0000B0000000B0000005F000000041000002E
:1099B0000170000004700000FFFFFFFFFFFFFFFFCA
:1099C000FFFFFFFFFFFFFFFFFFFFFFFFFFFFFFFFA7
:1099D000FFFFFFFFFFFFFFFF0370000002700000AA
:1099E000057000000670000008700000097000009B
:1099F0000A700000FFFFFFFFFFFFFFFFFFFFFFFFF9
:109A0000FFFFFFFFFFFFFFFFFFFFFFFFFFFFFFFF66
:109A1000FFFFFFFFFFFFFFFFFFFFFFFF01800000D1
:109A200010400000106000001130000012300000F3
:109A3000FFFFFFFFFFFFFFFFFFFFFFFFFFFFFFFF36
:109A4000FFFFFFFF10300000FFFFFFFFFFFFFFFFE2
:109A5000FFFFFFFFFFFFFFFFFFFFFFFFFFFFFFFF16
:109A6000FFFFFFFFFFFFFFFFFFFFFFFFFFFFFFFF06
:109A7000FFFFFFFFFFFFFFFFFFFFFFFFFFFFFFFFF6
:109A800006500000FFFFFFFFFFFFFFFFFFFFFFFF8C
:109A9000FFFFFFFFFFFFFFFFFFFFFFFF2060000052
:109AA00048616C74696E672073797374656D00002A
:109AB000556E6B6E6F776E206572726F720000006C
:109AC000756E6B6E6F776E003E3E3E205A45504875
:109AD000595220464154414C204552524F52202564
:109AE000643A202573206F6E204350552025640072
:109AF0004661756C7420647572696E6720696E7456
:109B00006572727570742068616E646C696E670A44
:109B10000000000043757272656E7420746872658F
:109B200061643A2025702028257329004350552070
:109B3000657863657074696F6E000000556E6861CA
:109B40006E646C656420696E746572727570740001
:109B5000537461636B206F766572666C6F7700007B
:109B60004B65726E656C206F6F7073004B65726E23
:109B7000656C2070616E6963000000002C9B020020
:109B80003C9B0200509B0200609B02006C9B020009
:109B900069646C65000000006D61696E0000000082
:109BA0004466020044660200B4660200BC6602001D
:109BB000046702001C6702006F73000073797377FB
:109BC0006F726B71000000000000000000000000D8
:109BD0000000000000000000000000000000000085
:109BE0000000000000000000000000000000000075
:109BF0000000000000000000000000000000000065
:109C00000000000000000000000000000000000054
:109C10000000000000000000000000000000000044
:109C20000000000000000000EAFF7AFFF4FF41544A
:109C30002B4346554E3D004F4B0D0A004552524FA7
:109C4000520D0A002B434D45204552524F523A00C7
:109C50002B434D53204552524F523A0070646E00D0
:109C6000000102050020202020202020202028287C
:109C700028282820202020202020202020202020CC
:109C8000202020202088101010101010101010100C
:109C9000101010101004040404040404040404103C
:109CA00010101010101041414141414101010101CA
:109CB0000101010101010101010101010101010194
:109CC00010101010101042424242424202020202A0
:109CD0000202020202020202020202020202020264
:109CE0001010101020000000000000000000000014
:109CF0000000000000000000000000000000000064
:109D00000000000000000000000000000000000053
:109D10000000000000000000000000000000000043
:109D20000000000000000000000000000000000033
:109D30000000000000000000000000000000000023
:109D40000000000000000000000000000000000013
:109D50000000000000000000000000000000000003
:109D600000000000003031323334353637383941A5
:109D70004243444546003031323334353637383982
:109D800061626364656600232D302B2000686C4C93
:109D90000065666745464700412D46612D663839A6
:109DA00030313233343536375D002B2D0030300002
:109DB00078580000F5BD010000000000E9A801008E
:109DC00000000000558401000000000011C00100E7
:0C9DD0000000000089A901000000000054
:109DF40000000000F8790200010000008CC500207A
:109E04008CC5002000000000000000000E000000CF
:109E1400A0C50020A0C50020000000000000000034
:109E240000000000F879020001000000BCC5002019
:109E3400BCC5002000000000000000000E0000006F
:109E4400D0C50020D0C500200000000000000000A4
:109E540000000000F879020001000000ECC50020B9
:109E6400ECC5002000000000000000000E0000000F
:109E740000C6002000C60020000000000000000012
:109E840000000000000000000000000000000000CE
:109E940000000000000000000000000000000000BE
:109EA40000000000000000000000000000000000AE
:109EB400000000000000000000000000000000009E
:109EC400000000000000000000000000000000008E
:109ED400000000000000000000000000000000007E
:109EE400000000000000000000000000000000006E
:109EF400000000000000000000000000000000005E
:109F0400000000000000000000000000000000004D
:109F1400000000000000000000000000000000003D
:109F2400000000000000000000000000000000002D
:109F3400000000000000000000000000000000001D
:109F4400000000000000000000000000000000000D
:109F540000000000000000000000000000000000FD
:109F640000000000000000000000000000000000ED
:109F740000000000000000000000000000000000DD
:109F840000000000000000000000000000000000CD
:109F940000000000000000000000000000000000BD
:109FA40000000000000000000000000000000000AD
:109FB400000000000000000000000000000000009D
:109FC400000000000000000000000000000000008D
:109FD400000000000000000000000000000000007D
:109FE400000000000000000000000000000000006D
:109FF400000000000000000000000000000000005D
:10A00400000000000000000000000000000000004C
:10A01400000000000000000000000000000000003C
:10A02400000000000000000000000000000000002C
:10A03400000000000000000000000000000000001C
:10A04400000000000000000000000000000000000C
:10A0540000000000000000000000000000000000FC
:10A0640000000000000000000000000000000000EC
:10A0740000000000000000000000000000000000DC
:10A0840000000000000000000000000000000000CC
:10A0940000000000000000000000000000000000BC
:10A0A40000000000000000000000000000000000AC
:10A0B400000000000000000000000000000000009C
:10A0C400000000000000000000000000000000008C
:10A0D400000000000000000000000000000000007C
:10A0E400000000000000000000000000000000006C
:10A0F400000000000000000000000000000000005C
:10A10400CD2F02000000000000000000000000004D
:10A11400A0C80020A0C80020C9570100000000000A
:10A12400000000000000000000000000000000002B
:10A13400C0C80020C0C800200000000001000000CA
:10A14400D0C80020D0C80020D8C80020D8C800201B
:10A154000000000001000000E8C80020E8C800205A
:10A1640000000000000000000000000000000000EB
:10A1740000000000000000000000000000000000DB
:10A1840000000000000000000000000000000000CB
:10A1940000000000000000000000000000000000BB
:10A1A40000000000F9B801000000000000010000F8
:10A1B400000000000000000000000000000000009B
:10A1C400000000000000000000000000000000008B
:10A1D40015CD5B0700000000186F02001D00000091
:10A1E400386F02000E0000000090004000000000E4
:10A1F400B9C2000019FB0000D47C0200000000007A
:10A20400C127010094C9002094C900209CC90020E2
:10A214009CC90020A4C90020A4C90020A58B01006A
:10A22400B986010000000000000000007D9D0100CF
:10A2340000000000000000006300000000000000B7
:10A24400F9B8010000000000000000000000000058
:10A2540095BD0100000000000000000000700140F6
:10A2640000000000FFFF00003F000000FFFF0000AF
:10A274003F0000000000000000000000000000009B
:10A2840000000000000000000000000000000000CA
:10A2940000000000000000000000000000000000BA
:10A2A40000000000000000000000000000000000AA
:10A2B400000000000000000000000000000000009A
:10A2C4000000000008000000FF0000000000000083
:10A2D4000100000000000000000000000000000079
:10A2E400000000000000000000000000000000006A
:10A2F400000000000000000000000000000000005A
:10A304000000000000000000000000000000000049
:10A314000000000000000000000000000000000039
:10A32400000000000000000008000000FF00000022
:10A3340000000000010000000000000029E9010005
:10A3440029E701004DE9010035E7010031EC010086
:10A35400B9E90100F9EB0100394F0200334F020063
:10A364002D4F0200F4CA0020F4CA0020FCCA0020C9
:10A37400FCCA002008CB002000000000089C02005A
:10A38400E89B0200C89B02000000000000000000DF
:10A3940000000000000000000000000000000000B9
:10A3A40000000000000000000000000000000000A9
:10A3B4000000000000000000000000000000000099
:10A3C4000000000000000000000000000000000089
:10A3D4000000000000000000701723003700010196
:10A3E4000306FF00DC8D0200A1AB010000000000A9
:10A3F400588F02005DB1010000000000549002007B
:10A4040049B201000000000080950200A1BB0100D8
:04A414000000000044
:0EA41800000000000000000000000000000036
:10A428000000000000000000000000000000000024
:10A438000000000000000000000000000000000014
:10A448000000000000000000000000000000000004
:10A4580000000000000000000000000000000000F4
:04A4680000000000F0
:10A46C0000000000D09B0220004000000000000013
:10A47C000000000000000000900802200001000015
:08A48C000000000000000000C8
:10A4940020CC002020CC00200000000000000000A0
:10A4A4000E00000034CC002034CC0020000000005A
:10A4B400000000000E00000048CC002048CC002022
:10A4C40000000000000000000E0000005CCC002032
:10A4D4005CCC002000000000000000000E00000022
:10A4E40070CC002070CC00200000000000000000B0
:10A4F4000E00000084CC002084CC0020000000006A
:10A50400000000000E00000098CC002098CC002031
:0CA5140000000000000000000E0000002D
:10A52000ACCC0020ACCC00200000000001000000FA
:10A53000BCCC0020BCCC0020C4CC0020C4CC00206B
:10A540000000000001000000D4CC0020D4CC00208A
:10A55000DCCC0020DCCC002000000000010000006A
:08A56000ECCC0020ECCC002043
:10A568000000000000000000FCCC0020FCCC002013
:08A5780004CD002004CD0020F9
:10A5800050CD00200000000000000000000000008E
:10A5900000000000000000000000000000000000BB
:10A5A00000000000000000000000000000000000AB
:10A5B000000000000000000000000000000000009B
:04A5C0000000000097
:10A5C4001C67020074CD002000000000000200009F
:10A5D4000000000000000000000500000000000072
:04A5E4000000000073
:10A5E80000000000000000002D38010000000000FD
:04A5F80015E015E075
:0400000310001AC906
:00000001FF
