:020000040000FA
:10000000F80B002049060000ED06000091560000A4
:10001000B1560000D156000011570000F156000003
:10002000000000000000000000000000C1250000EA
:10003000ED06000000000000ED060000ED060000E7
:100040000000000000000000000000005F30000021
:1000500000000000ED0600000000000000000000AD
:10006000ED060000ED060000ED060000ED060000C4
:1000700000000000ED060000ED060000ED060000A7
:10008000ED060000ED06000000000000000000008A
:10009000ED060000ED06000000000000000000007A
:1000A000ED0600000000000000000000ED0600006A
:1000B000ED060000ED060000ED060000ED06000074
:1000C000ED060000ED060000ED060000ED06000064
:1000D000ED06000000000000ED060000000000003A
:1000E000ED06000000000000ED060000000000002A
:1000F000ED0600000000000000000000000000000D
:1001000000000000ED0600000000000000000000FC
:1001100000000000000000000000000000000000DF
:1001200000000000ED0600000000000000000000DC
:1001300000000000000000000000000000000000BF
:10014000ED06000000015F5F00000000FE0B0000F4
:1001500051260000800600000000000000000000A2
:10016000000000000000000000000000401200201D
:100170000000000001015F5F030100001F0100009B
:1001800079040000000000000000000001000000F1
:10019000010000000000000000000000000000005E
:1001A0000000000070000000145B000080000000F0
:1001B000000F000001000000C502000001015F5FA8
:1001C000040100001F010000E10500000000000024
:1001D000000000000000000001000000000000001E
:1001E0000000000000000000000000001F5B000095
:1001F000400000000507000001000000CD040000E1
:1002000038B50025054C29462046D4F80024C4F80A
:10021000045405F0E6FAC4F8005438BD200C002060
:1002200013B511460022CDE9002242680346302A68
:1002300004683ED194F82C20022A18D01AB900F094
:1002400041F902B010BD1E482468D0F80404013AF8
:10025000CDE90040072A2FD8DFE802F004090D128B
:10026000171C21266A46184600F029F9E9E71846C6
:1002700000F013F9E5E76A46184600F011F9E0E7E7
:100280006A46184600F006F9DBE76A46184600F0B1
:100290000AF9D6E76A46184600F008F9D1E76A4637
:1002A000184600F006F9CCE76A46184600F004F953
:1002B000C7E76FF08000C4E76FF08500C1E700BFBB
:1002C000200C00202DE9F04F056804469FB0002D5A
:1002D00040F0AA802022294602A805F082FA12AF37
:1002E000202229460AA805F07CFA30222946384601
:1002F00005F077FAE26904F11C039846B2B10426CE
:10030000E26A04F12C03EAB10425EEB96FF083062A
:1003100030461FB0BDE8F08F002EF1D053F8041D19
:100320003246013E0029F7D01646E9E70326F5E7F5
:10033000002DEAD053F8041D2A46013D0029F7D0CC
:100340001546E2E70325F5E730233A4600216068C9
:1003500005F084FA3028D9D14FF00109CDE90270B7
:10036000334F0DF1080A04F1100B4E45D7F8001475
:100370001CD10DF128094B46002008EB850EC6451F
:1003800033D108B1C7F80014A3683146C7F8043464
:100390000AAA2B4602A8FFF743FF00270646BD42E4
:1003A00009F1080938D1FFF72BFFB1E75BF8043FEB
:1003B000C1F58062D81C20F00300904204D9FFF7F9
:1003C0001FFF6FF08C06A3E70844CA19C7F80004A2
:1003D00049466068019205F041FA019ACAF80C009A
:1003E00009F101094AF8082FBFE758F804CFC1F511
:1003F000806A0CF1030222F00302524503F1080364
:1004000005D8781843E9020C11440120B7E7002809
:10041000D5D0C7F80014D2E7394659E902236068FD
:1004200005F031FA0137BAE76FF0850670E700BFD3
:10043000200C002008B528220021024805F0D1F93F
:10044000002008BD2810002010B5044C0F222046C3
:10045000034905F0A1F9204610BD00BF511000204E
:10046000E405000008B50121024803F077F90020F7
:1004700008BD00BF5010002008B5FFF7DBFF40B9F2
:10048000FFF7E2FFFFF7EEFF18B9BDE8084003F001
:10049000D3B908BD6FF0850070476FF085007047D5
:1004A0006FF0850070476FF0850070476FF0850032
:1004B00070476FF0850070476FF0850070476FF0F0
:1004C00085007047D1E9000103F096B9F0B50368E3
:1004D0000546B3F57D7FA7B007D040F2F5329342D1
:1004E00007D06FF0850027B0F0BD01F0FDFB0020C4
:1004F000F9E700243C22214607A8CDE90244CDE9D2
:100500000444069405F06DF93C22214617A8169480
:1005100005F067F9EA69019405F11C0302B30426AA
:10052000EA6A05F12C033AB30424731E012B52D856
:10053000012C50D80423002168680DEB030205F05C
:100540008DF904281AD06FF08000CCE7002EE7D098
:1005500053F8041D3246013E0029F7D01646DFE766
:100560000326F5E7002CE0D053F8041D2246013C99
:100570000029F7D01446D8E70324F5E7022E16D158
:100580006E69402E29D806AF33463A460121686885
:1005900005F064F98642D6D1CDE9027602A944B9C4
:1005A0002246019801F083FD044620469BE7002186
:1005B000F5E72B6A402BC6D816AACDE9042301988B
:1005C00004AA01F074FDDDE90423044600216868F3
:1005D00005F059F9E9E7012085E76FF0890082E726
:1005E000002070474D62656420544C5320332E35F3
:1005F0002E3200000000000000000000000000009B
:10060000342E000001000000407C0000801000201B
:1006100048000000407C0000200C0020000000008A
:10062000407C0000000C002000000000A011002011
:10063000C4050000200C002018010000000C002060
:100640000800000002F07CBB08B572B61E4A1F4BC2
:100650009A601F4B83F309881E4B83F30A8883F348
:100660000B881D4B16A1D1E90001C3E9000100F080
:1006700089F81A4B1A498B4212D30020194B1A4998
:100680008B4218D302F0DAFE186850F822405868FE
:1006900040F82240013298688242F5D30C33EAE7F1
:1006A0000022F8E71C6844F8220001325C68A2428C
:1006B000F8D30833E4E70022F8E700BFAFF3008087
:1006C000A5EDF5FEA5EDF5FE0000000000ED00E053
:1006D000F80B002000040020F80B002008060000A2
:1006E0002C0600002C06000044060000EFF30880F2
:1006F000EFF309812DE9F00F6B46724600F02CF9FB
:1007000008B0FFF79FFFFEE708B5EFF31083012B5A
:100710000C4A07D1126ABFF34F8F511C4A424A411B
:10072000104608BD01F034FB00B172B6126ABFF387
:100730004F8F531C5A425A4101F02AFB0028EFD038
:1007400062B6EDE70080FF0008B5EFF31083012BE0
:100750000B4A06D1D269BFF34F8F02F00102104657
:1007600008BD01F015FB00B172B6D269BFF34F8F1F
:1007700002F0010201F00CFB0028F0D062B6EEE7B7
:100780000080FF00694A10B5D2F8D03043F0020370
:10079000C2F8D03001F0FCFA30B14FF05023002203
:1007A000C3F81421C3F8182101F001FB28B101227C
:1007B0005F4BC3F8382AC3F878254FF47F02D2F88C
:1007C0003031D2F83421BFF34F8FC3F30B03092B21
:1007D00005D1012A1EBF0122554BC3F8782501F02F
:1007E000E6FA18B10E22534BC3F8E42E01F0D0FA0A
:1007F00030B100224E4BC3F80C270122C3F810275A
:100800000022D30003F57F03D3F80013BFF34F8F0B
:10081000013108D0D3F800130132D3F80433B2F514
:10082000807F0B60EDD1EFF31084FFF78DFF002880
:100830004DD0BFF34F8F404BD3F80024012AFBD19A
:10084000C3F80425D3F80024012AFBD1012C03D0DE
:1008500001F09EFA00B172B6FFF776FF58B1374A41
:10086000D36923F00103D361BFF34F8F324AD2F82B
:100870000034012BFBD1FFF747FF68B12F4A136A01
:1008800023F0FF0343F020031362BFF34F8F2A4A84
:10089000D2F80034012BFBD1012C03D001F078FAFF
:1008A00000B162B60022244BC3F80425D3F800241B
:1008B000012AFBD1BFF34F8F1C49214BCA6802F4B8
:1008C000E0621343CB60BFF34F8F00BFFDE7FFF73C
:1008D0001BFF0028ADD1154AD2F88C3043F4406399
:1008E000C2F88C304FF47F03D3F83021D3F8343181
:1008F000BFF34F8FC2F30B02092A16D1013B022B23
:1009000002D8104AD35C83B10C480F4903680A4AE5
:100910008B420CBF5A230023C2F8103EC36A8B429D
:100920000CBF5A230023C2F8003E10BD00ED00E0CA
:100930000040005000A00350009003500080FF00D2
:100940000400FA052E310000FA50FA507C220149C9
:1009500004F022BFDC18002038B51D46364B374C5A
:100960005B68C3F308032360EFF30383C4E901204A
:100970006365C2F3801302F00C020C2AE16036D1E9
:100980000BB9EFF3898120222D48216104F004FF87
:1009900025B1202229462B4804F0FEFE264B9A6AF8
:1009A000A265D96AE165986B206602F40040606632
:1009B000586BA06602F08000E0669A62D962D3F8B4
:1009C000E42021482267D3F8E810616702F0400173
:1009D000A167C3F8E4200E2101F0FBF92268D31EC1
:1009E000042B1CD8DFE803F0090F1215180013B907
:1009F000EFF38881C7E70146C5E70C211348BDE83E
:100A0000384001F0E6B912211148F8E70B211148EE
:100A1000F5E70D211048F2E70E211048EFE70F2A05
:100A200098BF1421BDE8384089BF25210C480D48E6
:100A3000103A01F073BB00BF00ED00E0DC180020AD
:100A4000F018002010190020313100003F31000063
:100A50004B3100005D31000068310000753100004D
:100A600083310000973100002DE9F34106460F461F
:100A70000C4DD5F82C80C04710F00104FBD139464D
:100A800030466B69984740B9C047C307FCD42B6A0E
:100A9000019302B0BDE8F0411847204602B0BDE81E
:100AA000F08100BFBC31000010B5094C0020A368E4
:100AB0009847236902209847A46A4FF4E131012046
:100AC000A0472346BDE8104001211520184700BF6C
:100AD000BC310000064B82B01868002382B262F37A
:100AE0000F03000C60F31F43184602B0704700BFAD
:100AF00004320000014B1869704700BF84100020C9
:100B0000014B5869704700BF8410002010B5044C99
:100B1000204600F099FE002084F8200010BD00BFA0
:100B20008410002038B50C4D0C4695F8203013B9D0
:100B30004FF0FF3038BD0A460146284600F00AFF54
:100B4000064B984205D00B3B9842F1D100206C61D6
:100B5000F0E76FF00100EDE7841000200B00AD0B13
:100B6000F0B51B4E054696F820300C4691B01BB9E7
:100B70004FF0FF3011B0F0BD00F06043B3F1005F03
:100B800021D100230A460146304600F0EBFB114B11
:100B900098421AD00B3B9842EAD1346111E0A71B6E
:100BA000402F28BF4027A9193A46684604F0F4FDB3
:100BB00039466846FFF7D4FF0028DBD14036B442FF
:100BC000EDD80020D6E70026F9E76FF00100D1E765
:100BD000841000200B00AD0BC3B2012B10B540F008
:100BE00096804DF6C023994270D028D8B1F5615F48
:100BF0006FD011D8B1F5965F6DD008D8B1F5966F6A
:100C00006BD0B1F5166F6BD06FF007005DE0B1F5FA
:100C1000165FF9D1454B33E047F61223994262D073
:100C200007D8B1F5964F61D0B1F5E14FECD1404B0B
:100C300026E0B1F5164FE7D14FF41D0320E03D4B00
:100C4000994255D011D8B1F5E13F54D007D8B1F54C
:100C5000614F53D0B1F5963FD6D1374B10E0B1F587
:100C6000613FD1D14FF06C730AE0B1F5612F48D0EC
:100C7000324B994248D0B1F5E12FC5D14FF0E8632E
:100C800010F4E06F46D110F4404103D0B1F5804F2D
:100C900043D1102110F4405203D0B2F5805F3FD110
:100CA0000E2210F4403003D0B0F5403F3BD101207C
:100CB000234C20766276E361A1760A4324681043D0
:100CC000C4F82435C4F86C05002010BD4FF465034A
:100CD000D6E71C4BD4E71C4BD2E74FF49E23CFE75B
:100CE0004FF41D23CCE74FF40003C9E7174BC7E7C8
:100CF0004FF08063C4E74FF0EB73C1E74FF46B0331
:100D0000BEE74FF07063BBE74FF08053B8E76FF07A
:100D10000300DAE76FF00800D7E76FF00A00D4E7C6
:100D20006FF00900D1E76FF00B00CEE7005027000D
:100D300000C0750090D0030000903A0140420F00BF
:100D40008410002000F03A0000B0130000A04E0014
:100D500010B58EB02422002105A804F042FD4FF00A
:100D6000FF33CDE90133CDE903334FF0EB730B9340
:100D70000723104C01A8D4E902128DF8363001F097
:100D800046F801460022204600F036FA0A4B984207
:100D90000DD10C9B002023831B0CA3760B9BC4E975
:100DA0000400E361012384F820300EB010BD6FF021
:100DB0000100FAE7841000200000AD0B30B51546A5
:100DC000D0F8002285B022F02002C0F80022114A9B
:100DD0000C46C0F8082301F06AF8002104F14C0326
:100DE000A1602161D3E8EF0F20F47F0020F4704070
:100DF000C3E8E20F002AF5D11022684604F0F1FCA6
:100E0000042368468DF800300195D4E90013984713
:100E100005B030BD10020A0000F01F03400909D1DF
:100E2000074A02EB8303D3F80012064A0A40C3F8CC
:100E3000002270470022803352F82330FFDE00BFCB
:100E400000258450F0F8FCFF2DE9F04F804690F823
:100E500004A05020664F0E4600FB0A70416885B022
:100E600049B113F0020304D0836B002B00F0B28071
:100E70000123009300E000914FF0500909FB0A7331
:100E8000DB6CD90600F1A6804FF0010BB31802937A
:100E9000029BB34200F0A78006F06043039398F8EA
:100EA0000450D8F8004009FB05739A6B9AB9039B6C
:100EB000B3F1005F40F09980019200F085FD09FBDD
:100EC0000572D16C204601F0010100F0BEFF28B987
:100ED00000F082FDE3E701230193EEE7516C334616
:100EE0000029BCBFD4F84C155164019A42B109FBEA
:100EF00005713078D1E90E23D054D1E90E32134474
:100F00001BB1C4F84435C4F848B50022C4F8202108
:100F1000D4F82011C4F85821D4F85811C4F850213D
:100F2000D4F850210822C4F80025009AE2B14FF409
:100F30008003C4F80433C4F808B000F04DFD50231A
:100F400003FB0A72516800294BD1D26C120748D5B5
:100F500003FB0A734C33D3E8EF1F21F00801C3E809
:100F6000E21F002A36D0F6E7C4F808B0019300F07B
:100F700033FD09FB0572D16C019B01F00101204694
:100F8000019300F062FF8446019BD4F84C05D4F82D
:100F90004425BCF1000F0DD19342F0D005EB85053F
:100FA00007EB0515D1B100F00FFD2946204600F0F2
:100FB000C3FFC2E705EB8505934207EB0515F1D1A9
:100FC0000028EFD100F000FD2946204600F0B4FFD4
:100FD00000F002FD074805B0BDE8F08FC4F80CB082
:100FE000E1E7013654E70448F5E70448F3E700BFBA
:100FF000581900200800AD0B0000AD0B0400AD0B2C
:10100000430904D10123034A8340936070470023BE
:101010009B60FFDE0025845000F01F0340090BD1C8
:10102000084A02EB8302D2F80012074B0B4043F050
:101030000303C2F8003270470022803352F8233095
:10104000FFDE00BF00258450F0F8FCFF2DE9F843D7
:1010500091F8303005460C4690F804800F6853BB79
:101060005023DFF85091781C03FB0893DE6C46F0A8
:101070000072DA6404D03846FFF7C2FFFFF7CCFFF6
:101080006068411C01D0FFF7C7FE94F82C30012B9B
:1010900011D1502303FB0893E06846F02066421C00
:1010A000DE6401D0FFF7B8FEA068431C03D0FFF751
:1010B000A7FFFFF7B1FF94F82F0038B950223D4B3E
:1010C00002FB0833DA6C42F08072DA6494F82CC0C8
:1010D00094F82D1094F82E202B68D4F828E041EADB
:1010E0000C010A43E668D4E90198C3F824E5C3F883
:1010F0006C2550B9BCF1010FC3F80C75C3F81495F9
:1011000004BFC3F80885C3F81065D3F8682503F257
:101110006458012A08BFDA60D3F86425012A13D184
:10112000082149F64046244FC3F8001547F001074F
:101130005A60D8F800309BBB2B68D3F88024C3F8E2
:1011400080240022C3F8002500212B6894F8322067
:10115000C3F81011D3F81001C3F82011D3F82001FF
:10116000C3F82411D3F82401C3F84411D3F844017F
:10117000C3F85811D3F8581143F307335201002B29
:10118000D2B212DB0D49C81880F800230122580999
:1011900003F01F0302FA03F341F82030BDE8F8839F
:1011A0004020B847013EC4D1C6E7054903F00F030C
:1011B000CA54F3E7581900201032000000E100E0A3
:1011C00014ED00E000F01F0340090BD1084A02EBC8
:1011D0008302D2F80012074B0B4043F00203C2F81F
:1011E000003270470022803352F82330FFDE00BF08
:1011F00000258450F0F8FCFF2DE9F347904650227B
:1012000090F80490514C02FB09FA04EB0A070D46D2
:1012100097F848100646002940F0858009EB8900C0
:1012200004EB001004F0DDFA2B69AA6944F80A30D7
:101230006B69BB6302B1013A502303FB0943DA63D4
:101240002A6A042A81BFEA699A610022DA6195F864
:101250003130B8F1000F37D083F001073F0233B1CE
:10126000502303FB0943DA6C42F00102DA64502395
:1012700003FB09440123C4F8048084F8483034682F
:10128000D4F84C2112BB29463046FFF7DFFE082276
:10129000002334688DF80730C4F800250DF10702EB
:1012A000C4F84425C4F8483501230A25A360E36047
:1012B000D4F85831002B38D1254B402043F001039E
:1012C0009847013DF4D128E04746C8E708224FF08F
:1012D0006409C4F8002563601D4B43F0010AD4F88B
:1012E0004431F3B9D4F82431DBB94FF42070D0473E
:1012F000B9F10109F3D14B460022C4F84C21D4F8CE
:101300004C11C4F81021D4F81011C4F84421D4F8B9
:101310004411C4F80025002BB5D10E4802B0BDE839
:10132000F0870123E8E70C48F8E70023C4F82031F0
:101330009845D4F82021C4F80035084B08BF002395
:101340001F4333680648C3F80473E7E758190020C1
:10135000103200000100AD0B0500AD0B10020A00B9
:101360000000AD0B2DE9F04784460F469E46164619
:101370000579002A51D04FF0500ADFF8AC80D0F840
:1013800000900AFB058ADAF8044074B96BB9DAF800
:101390002C50002D43D1CAF82C20FFF755FD0446F0
:1013A000CAF82C502046BDE8F0871EF0030F07D086
:1013B000734632463946BDE8F0476046FFF744BD04
:1013C00007F06043B3F1005F4FF0500414D104FB09
:1013D000058400F0F9FAE26A1AB1144C00F0FCFA44
:1013E000E0E7C4E90A7605EB8505484608EB0511F8
:1013F00000F0ADFD0E4CF1E704FB0584A36B83B157
:1014000000F0E2FAE36A002BE7D1E36C012243F03B
:101410000203C4E90A76E364E5E7064CC2E7034C3D
:10142000C0E7054CBEE700BF581900200B00AD0B0C
:101430000000AD0B0600AD0B0A00AD0B2DE9F84323
:1014400050230679284D046803FB0653D4F804732F
:10145000DA6AC4F8087322B92448C4F80473BDE8F2
:10146000F88306EB860005F14C024FEA001802EB08
:101470000012D2E8EFCF4CF0080CC2E8E0CF002811
:10148000F7D10122E26031B3D96C01EA0209494681
:10149000204600F0DAFC0028FAD000F095FAB9F105
:1014A000000F1CD1D4F8203153B10123E360D4F8EC
:1014B0005831002BFBD0204605EB080100F03CFD25
:1014C00000F08AFA0023C4F82031D4F820215022F9
:1014D00002FB0655EB620648C4F80473BFE7D4F874
:1014E0005831002BE7D1EBE7581900200500AD0B70
:1014F0000000AD0B2DE9F04107793D4E07EB870366
:101500001B0103F14C0504683544D5E8EF2F42F484
:101510008050C5E8EC0FBCF1000FF6D1D00462D4C6
:101520004A0705D5502202FB07629269002A5CD067
:10153000304AC4F808230822C4F800250022C4F861
:101540001021D4F81001C4F84C21D4F84C01C4F88F
:1015500044210803D4F844218A0302F4804200F4B1
:1015600000504903024301F400410A43D5E8EF1F4C
:101570001143C5E8E01F0028F8D14FF0500808FBE0
:101580000768D8F80820BAB9D8F8042062B9D5E8B5
:10159000EF3F23F47F0323F47043C5E8E23F002AC2
:1015A000F5D11548BDE8F081F018032100F05AFC90
:1015B000D8F80830002BEAD0502303FB0763DB6C1C
:1015C000DB0401D40D48EDE7D4F84C310BB901230D
:1015D0002360502303FB07635B68002BF2D0054BAD
:1015E000C4F80433EEE70648DCE70648DAE700BF54
:1015F0005819002010020A000200AD0B0000AD0BCC
:101600000B00AD0B0800AD0B2DE9F74F056801F09D
:101610006043D5F804A3B3F1005F90F804908846C6
:101620001746C5F808A340F08B805023464E03FBB5
:1016300009639A6852B15B68002B6CD1D5F8102110
:10164000002A68D0C5F81031D5F81031502404FBB9
:101650000964E269C4E90287002A3ED009EB890BDC
:101660004FEA0B139742019306EB0B1B23D2002684
:101670003A46A1694046C4E9026604F08DF8E26981
:10168000A069D21BC119E26104F050F8636863B12C
:1016900058463A46414600F0F6FBE36C980404D500
:1016A000324659462846FFF789FB2848C5F804A367
:1016B00003B0BDE8F08FA169404604F06DF8E3691E
:1016C00063620023E361D5F80433590717D56368D3
:1016D000ABB10621584600F0C5FB502303FB09635C
:1016E000586ADA689968DB6C121A0144C5F8341537
:1016F000C5F83825DA04D8D501232B60D5E7144B7B
:10170000019A1344D3E8EF1F41F40021C3E8E21F1C
:10171000002AE2D0F6E7502303FB096633698BB950
:10172000F36CC5F834855B04C6E90487C5F83875E1
:10173000BBD5D5F8003243F02003C5F80032B4E73A
:101740000448B3E70448B1E7581900200000AD0B86
:10175000A41900200A00AD0B0B00AD0B50232DE99E
:10176000F041354D90F80480046803FB0853DB6CAE
:10177000D4F8000203F48223B3F5805F5AD1D4F881
:101780000463C4F8086309B9830648D4D4F8003266
:1017900023F02003C4F800324FF4842308EB8801BF
:1017A000090101F14C072F44D7E8EF0F1843C7E8B0
:1017B000EC0FBCF1000FF7D122B9502303FB085303
:1017C0005B68A3BB1D4BC4F8083301236360D4F8E6
:1017D0004431002BFBD0502303FB0853DA6C12F486
:1017E00000421FD1DA61204600F061FB502303FB69
:1017F00008550023AB602B61D7E8EF3F23F47F034C
:1018000023F47043C7E8E23F002AF5D126F42026EE
:1018100026F404760A48C4F80463BDE8F0814FF466
:101820008033BBE72046294400F053FBDBE701236C
:101830006360EFE70348F0E75819002010020A0040
:101840000000AD0B0500AD0B2DE9F8432F4A0368EE
:101850000679C3F8082343F30733002B04460DDB56
:1018600001215A0903F01F03994002F12003284A7D
:1018700042F82310BFF34F8FBFF36F8F0122204632
:101880001146FFF76BFF01212046FFF7D7FD5021DE
:101890002279204D236801FB0252D46CD3F80C0549
:1018A000E201D3F81495D3F80875D3F8108509D55B
:1018B0004FF0FF32C3F80C25C3F81425C3F80825F0
:1018C000C3F81025A30116D5411C01D0FFF77AFCFF
:1018D000B9F1FF3F02D04846FFF774FC22010AD558
:1018E000B8F1FF3F02D04046FFF76CFC7B1C02D0F2
:1018F0003846FFF767FC5023002203FB0653DA64E7
:1019000083F848205A60BDE8F88300BF10034A00FE
:1019100000E100E05819002010B550240279094B6D
:1019200004FB02335B684BB90368D3F810213AB16A
:1019300011B1D3F83C350B60034810BD0348FCE7F8
:101940000348FAE7581900200000AD0B0800AD0B62
:101950000B00AD0BF7B505461646FFF755FE164BC7
:101960000446984222D1032128462F79FFF7C2FD71
:10197000124B984201D0A0421BD15022104B02FBC7
:1019800007335B6893B90C4C284601A9FFF7C4FFE5
:10199000A042F9D1019BB34207D301222846114648
:1019A00003B0BDE8F040FFF7D9BE064C204603B0B7
:1019B000F0BD0446FAE700BF0000AD0B0B00AD0B15
:1019C000581900200800AD0B72B6024A13680133A3
:1019D00013607047A8190020034A1368013B136085
:1019E00003B962B6704700BFA8190020003A18BFBB
:1019F0000122003918BF012103688900074841EA24
:101A00004201186359605A6842F001025A60BFF3FC
:101A10004F8FBFF36F8F0020704700BF04AAFF00F5
:101A20000722024BC3F80423704700BF0030005068
:101A3000084BD3F80001D3F80421003818BF012067
:101A40000AB140F00200D3F808310BB140F00400B5
:101A5000704700BF003000500022074BC3F8002140
:101A6000D3F80011C3F80421D3F80411C3F80821F6
:101A7000D3F80831704700BF003000500023172012
:101A8000094A03F5C0710133202B42F82100F8D137
:101A900000231720044A03F5E0710133202B42F89C
:101AA0002100F8D1704700BF0030005010B59DF8FC
:101AB0000840C00B43EA0423064CC90B43EA021357
:101AC000884200D910BDC2B202F5C07244F822307B
:101AD0000130F5E70030005010B59DF8084000F1E6
:101AE000604043EA042301F16041074C400B490B7D
:101AF00043EA0213884200D910BDC2B202F5E07277
:101B000044F822300130F5E700300050C0F30E03F6
:101B1000C3F50043B3FA83F3C3F11B03064AC0F3D2
:101B2000C730DBB240F4807043F48073C2F8000524
:101B3000C2F80435704700BF00300050430301482D
:101B400018447047FF1FF81F044B090241F0300191
:101B500000F5007043F82010704700BF00300050BF
:101B6000034B090200F5007043F82010704700BFD6
:101B70000030005008B5FFF75BFF044B20211860D0
:101B80000348BDE8084000F024B900BFEC1F002066
:101B9000163200000422014903F0FEBDEC1F0020B4
:101BA00008B501F038FA68B901F07CFE58B9074A67
:101BB000D36823F008031B041B0C43F0BF6343F4FA
:101BC0000033D36008BD45F22350FBE700ED00E091
:101BD00008B500F06FF8BFF34F8F0549054BCA6891
:101BE00002F4E0621343CB60BFF34F8F00BFFDE709
:101BF00000ED00E00400FA05024B1860024B0020E3
:101C000019607047F41F0020F01F002013B5274C07
:101C1000426923685A6282699A62C269DA62026A18
:101C20001A63426A5A63826A9A63C26ADA63026B0F
:101C30001A64426B5A60826B9A60C26BDA60026C03
:101C40001A61426C5A61826C9A61C26CDA61026DEF
:101C50001A62826D5A65C26D9A65026FDA65026E0C
:101C60001A66826E5A66426F9A66EFF388825A64E9
:101C7000EFF389829A644268DA64EFF394821A651A
:101C8000026801A81A67FFF785FF2368019ADA66E0
:101C900001221A70064B1C68640864002046214625
:101CA0002246234603F051FE02B010BDF41F00206F
:101CB000F01F002000B5A1B001A8FEF747FE029B6F
:101CC00063B15B060AD4019B23F00203052B05D107
:101CD000044B1B6813B101A8FFF798FF21B05DF812
:101CE00004FB00BFF01F0020BFF34F8F0549064BD8
:101CF000CA6802F4E0621343CB60BFF34F8F00BFAA
:101D0000FDE700BF00ED00E00400FA0538B54368C8
:101D10000C2B30D14B68042B2DD14FF0FF330468CE
:101D20000D6821682B6031B3A26822B3062301201D
:101D300001F0C9F8F8B96168104B99420DD9A26851
:101D40000F485318834202D9F438834210D82068D0
:101D500003F022FD0020286038BD0A4B99420AD9C1
:101D6000A26809488B188342F1D90730814202D911
:101D700006488342EBD90220EEE700BFFF01FF00D7
:101D80002C02FF002F01FF003801FF004C01FF0073
:101D90004FF47F03D3F83001D3F83431BFF34F8FC2
:101DA000C0F30B00A0F109035842584170474FF4AB
:101DB0007F02D2F83031D2F83401BFF34F8FC3F332
:101DC0000B03092B03D1431E584258417047002092
:101DD0007047FEF749BE012070476FF0030070475F
:101DE000002382B00193019802B070476FF00300A6
:101DF0007047002382B00193019802B07047022817
:101E000014BF6FF0030000207047FEF7A9BE30B585
:101E100001EB8202914200D130BD51F8044B04F035
:101E20007F037F2B4FEA144408BF4FF0FF33032C8E
:101E3000F0D8DFE804F0020406080360EAE7436034
:101E4000E8E78360E6E7C360E4E70346D0F85801BB
:101E500030B931B9D3F82001003818BF01207047DC
:101E60000120704730B504460D4685B01022002190
:101E7000684603F0B6FCD4E9001368468DF80050BC
:101E8000984705B030BD7FB504460E461546002183
:101E90001022684603F0A5FC012368468DF8003047
:101EA000CDE90165D4E90013984704B070BD10B5C1
:101EB0000446FFF789FDD4F8583133B1D4F8043320
:101EC00013F4800308BFC4F80035BDE81040FFF7E5
:101ED00083BD70B50D4604460522AA21D0F83C65A5
:101EE000A86903F07EFC0522AB69C4F83435C4F858
:101EF00038250022C4F81021D4F810110121E16224
:101F0000D4F810110029FBD0C4F84C21D4F84C119E
:101F1000C4F81021D4F81021D4F83C259642EA6187
:101F200009D15A1E043312F8011FAA2903D19A427B
:101F3000F9D10023EB6170BDD0F8583133B1CB6CCF
:101F4000C3F30032DB0458BFC0F80025704770B5FA
:101F5000CE6C0D4606F001010446FFF776FF38B956
:101F60004FF4800346F00406EE64C4F8043370BDF9
:101F7000D5E90A365AB1296CEA6B761A964228BF1F
:101F8000164619443246A86B03F006FCAB6B4FF0C3
:101F9000FF326A641BB1C4F84435C4F848650023B5
:101FA000C4F82031D4F82021C4F85831D4F858218D
:101FB000C4F85031D4F850310823C4F800354FF438
:101FC0008003C4F804330123A360D0E74B6830B525
:101FD00013F01F052DD102680C681068C0F30720AC
:101FE000844226D25068556094600C7C23F01F0315
:101FF00004F001041C438B7CDB0003F018031C433A
:102000004B7C5B0003F006032343D3608B68013BEA
:1020100023F01F04CB685B0003F00E03234343F05F
:10202000010313615060BFF34F8FBFF36F8F2846DA
:1020300030BD0120FCE7036800205A68C9B258602F
:102040009960D86018615A60704770B505460024E1
:1020500003681E68C6F30726B44201D1002070BD94
:1020600021462846FFF7E7FF0134F5E7C003704734
:10207000C00300F5FF407F307047002070471F20ED
:1020800070474FF40040704700F57F40C030400378
:102090007047402070475F2070474FF400507047F2
:1020A00000207047002070470020704770470B46A3
:1020B00070B5114618B1032806D0032070BD18462C
:1020C000BDE87040FFF722BE5A68082A01D00220FE
:1020D000F4E74C68042CFAD11D684FF0FF330E680A
:1020E000296833600029F2D06B68002BEFD02623DB
:1020F0007422012000F0E7FE0028E8D122462323C5
:102100000120696800F0DFFE04460028DFD1D5E930
:102110000001FFF771FD30602046CFE730B50C4677
:10212000154685B038B139B1FFF753FE041E03DA06
:10213000204605B030BD044640F60D23ADF80E3004
:1021400009230B4901A805F00F028A5C2D091A54D6
:10215000013B012BF7D147F630030C21ADF80430D9
:10216000FFF737FE0028B4BF04462418E0E700BF9D
:102170003632000008B5154B83F30A88144800F086
:1021800035FF00BBFFF70CFDE8B9FFF789FFD0B9B9
:10219000FFF788FF98B9FFF789FF00F093FE35211C
:1021A0000C48FFF716FE00F0D9FB21210A48FFF783
:1021B00010FE00F039FA00F067FE002008BDFFF7BE
:1021C00073FF0028E7D000F0BBFDEEE7000400201D
:1021D000AC190020463200007B3200002DE9F04FA0
:1021E00093B00093574B8146D3F800B00BB2002B4D
:1021F0000D461646C1F30268C1F3024A04DA6FF0D5
:10220000800013B0BDE8F08F8B42C36001D1002085
:10221000F7E708EB0A03042BF1D8CC0F64014FEA6F
:10222000C80731463A46DBF8080044F0020300F0E4
:102230004AFE01460028E2D1202202A803F0D1FA8A
:102240003A46314602A84FEACA0603F0A5FA3246DA
:102250000099DBF8080044F0060300F034FE07465E
:102260000028CCD1014620220AA803F0BAFA32464F
:1022700000990AA802AE03F08FFA33460137B84539
:1022800014D91A46BC460DE0D2F808E0D1681868A7
:102290007144884203D2596808448645AFD30CF193
:1022A000010C0832C445EFD10833E7E715F0006FA1
:1022B00018BF202409F1180707EB880844F002032F
:1022C000474513D1202C26D1002D02DBC5F3C04594
:1022D0006C0109F128050AAE05EB8A0A44F00604F0
:1022E00055451AD1009BC9F87C3090E77268DBF83D
:1022F000080056F8081B019300F0E5FD00287FF464
:102300007EAF56F8042C019B47F8042F56F8082C92
:1023100038633A62D4E70024DBE77268234656F854
:10232000081BDBF8080000F0CEFD00287FF467AF43
:1023300056F8043C45F8043F56F8083C28642B63E3
:10234000CEE700BFB01900202DE9F0411F461A4B1F
:102350000D461646D3F8008000F0B2FE044608B9D8
:1023600000F0EEFCE368002B01DA00F0E9FC032D3D
:1023700001D900F0E5FC04EB8504E569E36CED1A96
:1023800016D006233A463146D8F8080000F09BFDE7
:1023900008B100F0D5FCBD4228BF3D46E36CE16BBF
:1023A0002A461944304603F0F7F9E36C2B44E36402
:1023B0002846BDE8F08100BFB01900202DE9F041AA
:1023C0001D461A4B0F461646D3F8008000F078FEE3
:1023D000044608B900F0B4FCE368002B01DA00F011
:1023E000AFFC032F01D900F0ABFC04EB8704E36AD8
:1023F000E26E9B1AAB4201D200F0A2FC02232A46F5
:102400003146D8F8080000F05EFD08B100F098FCF5
:10241000E36EE06D2A463146184403F0BDF9E36EE1
:1024200000202B44E366BDE8F08100BFB019002016
:102430002DE9F04105464FF001080E4E0E4B37686E
:102440005C681CB928463760BDE8F0812268936853
:1024500013F400700CD1A369012B09D0D368346048
:1024600023B19847002801DA00F06AFCC4F818800C
:10247000246AE6E7B0190020B419002038B50446F4
:1024800010B96FF0800038BD8368002BF9D01A684E
:10249000002AF6D05D68002DF3D00B4BE861A869E7
:1024A0001D6020B92B68DB6853B90123AB61A368B9
:1024B00004F10C001B681B69984701232360E2E7C5
:1024C00098470028F1DADCE7B01900204268024B97
:1024D00008461A60704700BFB0190020002330B5CD
:1024E00005680446AA68C0E9063312F4406F85B057
:1024F0001CD012F4006202D000F07EF90246A96AF4
:102500002B6968460B44073123F0070321F00701CC
:10251000CDE902130093002305490193EB6800F015
:102520003DFA684600F0AFFD024B1C6005B030BDBF
:1025300031240000B019002001F00C0370B50C2B01
:102540000CBF154605464A060C461ED58B0658BFDD
:102550002835AB6913F8026C84F00803C3F3C00399
:10256000C6F38012934201D000F0EAFB16F0A00FF0
:102570001CD176B1032E15D032461C210D48FFF731
:10258000CDFD6FF083032B600AE000F0D9FB20261D
:10259000E2E700F0D9FA04460146074800F06FFD73
:1025A000204670BD284600F0DFF9F9E732461F21CA
:1025B0000248E4E79C320000F80B0020B83200002B
:1025C000EFF308807146EFF30982EFF30B830CB44D
:1025D00006B4FFF7B1FF8646009900F0080001F04D
:1025E0000801401A02DC12DB04B070471EF0200321
:1025F0001CBF2DE9F00FBDF1080D0A4C25462646FB
:102600002746A046A146A246A34630B4704704B070
:1026100030BC1EF020031CBF1DF1080DBDE8F00FFB
:1026200004B07047A5EDF5FE084BDA6882F07F42F2
:1026300082F47F0242F48042DA6000221A765A76EF
:10264000DA76DA77602283F82220704700ED00E026
:10265000009A0A4B9A420FD101229043014602464A
:10266000034604460546064607468046814682469E
:102670008346844686460447FEE70000A5EDF5FE46
:102680002DE9F041044618B943F6DA30BDE8F0818F
:102690000029F9D08368002513F4406F14BF01238B
:1026A00000234FF0140843F00203104E0B6000F1BA
:1026B0003007236AAB4201D80020E7E7A369E2694B
:1026C00007EB830308FB02330C226A4399188968DD
:1026D000090709D59B58B342D6D1306820B10121F2
:1026E000C0F30730FFF730FA0135E2E7AC10002005
:1026F00070B5324C86B03248FFF7A7FC236801253D
:102700005A1C01932F4B2260DA681B694FF4407604
:10271000039300232A4801A902920495ADF814609E
:102720008DF81630FFF752FC18B143F6DA3006B0D8
:1027300070BD23688DF816005A1C0193224B204867
:102740000293224B01A9CDE903352260ADF8146054
:10275000FFF73CFC0028E8D123688DF816005A1CCE
:1027600001931B4B164802931A4B01A9CDE903357F
:102770002260ADF81460FFF729FC0028D5D123684A
:102780008DF816005A1C0193134B0D480293134BFE
:1027900001A903930223049340F201132260ADF8D0
:1027A0001430FFF713FC04460028BED12A46294600
:1027B0000348FFF71BF92046B9E700BFBC1900200A
:1027C000A8100020F432000020330000405B00001D
:1027D0000006000000060000000C0020200C002075
:1027E000014B1868704700BFF4320000014B1B68B2
:1027F00018687047F4320000014B1B685868704736
:10280000F43200000020034BD8765A6A42F470225A
:102810005A62704700ED00E00349044BCA6800208B
:1028200092B21343CB60704700ED00E00800FA0558
:1028300000224FF0FF300D4B02F1A0010132102AAF
:1028400043F82100F8D1D3F88022002022F00802BA
:10285000C3F88022D3F88022D3F8802222F40072B9
:10286000C3F88022D3F88032704700BF00E100E057
:1028700008B5FFF7D5F80822024BC3F880211A608B
:10288000002008BD00E100E0064BD3F8D02022F084
:102890000102C3F8D020D3F8D02042F00202C3F8DE
:1028A000D020704700ED00E037B50124FFF7E6F8CF
:1028B000134D2246052347F6FF7100200094FFF7D1
:1028C000F5F8224607234FF000500E490094FFF719
:1028D00003F9D5E90101072300220094FFF7E6F888
:1028E00007230022084909480094FFF7F5F82969F1
:1028F000E8680139FFF70AF9002003B030BD00BFD6
:10290000F4320000FF7F0020FFFF03200080002042
:1029100038B500240E4D002115F8010B0134FFF7E6
:102920001FF91D2CF7D10020012240F20111094BA3
:10293000C3F88004C3F88424C3F8C004C3F8C424D3
:10294000054AC2F840154FF48072C3F8402438BDE0
:10295000D732000000300050009003500122014B9C
:102960001A607047C019002010B50446094B22892F
:10297000186861680623806800F0A5FA28B9064B3C
:102980001B68012B01D100F087F86FF086032360EC
:1029900010BD00BFB0190020C01900202DE9F84378
:1029A00005461E460068134B9046AA68A0F108042D
:1029B00040E90233503890420F4601D200F0C0F98E
:1029C000A4F1480948220021484602F00AFF0023EA
:1029D00044E9073344F8143C4FF0807344F8043C56
:1029E0006FF0020344E9036744F8208CC5E90093C3
:1029F000BDE8F883A5EDF5FE30B5094C02466168E7
:102A00000023084640B105686D68954205D11BB1A9
:102A1000826860609A60816030BD03468068F1E73B
:102A2000441A002038B504462AB10B689B68DB05C0
:102A300012D5002038BD0B4B1D680DB900F080F990
:102A400000222B6899692C338A4203D053F8040F73
:102A5000A04204D19142ECD16FF0FC00EAE70132D0
:102A6000F2E700BFB019002070B504460E461546C7
:102A7000002130220C3002F0B4FE064B20461B68C9
:102A8000A6606360656100F001FA002320612360A5
:102A900070BD00BFB0190020044B1B681BB11B6840
:102AA0000BB1586870474FF0FF307047B0190020E5
:102AB000064B10B51C680CB900F042F923689B68FE
:102AC00013F4406F14BF0120002010BDB019002086
:102AD0002DE9F843904607460C46FFF7E9FF02460A
:102AE00024B96FF080042046BDE8F8836300F8D570
:102AF000144B04F01F0153F82150002DF1D02B6826
:102B000029465868FFF78EFFB0B9C4F3072128465D
:102B100000F0C4FA04460028E3D1EFF3108972B63E
:102B200000F0C1F9064689F3108840B142462946B3
:102B3000FFF79AFF3E60D6E76FF08104D3E76FF0AE
:102B40008204D0E7C41900202DE9F04100F0AAF971
:102B50000023134E134F73607B6000F0E5F8DFF83D
:102B60004880304600F022F80446A8B13946802358
:102B7000424600F07FF80546204600F0D4FA20686F
:102B800004F10801FFF77CFD08B100F0D9F82946EF
:102B90002046FFF7A3FCE4E7BDE8F04100F071B97F
:102BA000B4190020441A0020C4190020F8B50546C5
:102BB00008B900F0C5F82A4E346814F1290F4CD832
:102BC000284B196804F128038B4246D2236AA26974
:102BD00003EB43030C321344606AE269024402EBE4
:102BE000820213449B00E31801D2994201D200F003
:102BF000A7F823681C4A1B0C1B04934201D000F069
:102C00009FF82388B3F5817F01D300F099F86368BA
:102C1000002B01DA00F094F8144A176807F1240336
:102C20001360134A1268934201D900F089F8236AAD
:102C3000A26903EB43030C32616A1344E2693C600E
:102C40000A4402EB82021344326802EB83026B688F
:102C500032603B626F603846F8BD0027FBE700BF7B
:102C6000BC1000201033000000005F5FB81000208F
:102C70000C3300002DE9F74F0F46904606460093AF
:102C800000B109B900F05CF8D6F800A0DAF8182015
:102C90000AF1300303EB820BDAF81C40204B1D686D
:102CA00054B10C2202FB04541C601E4B1B689C4256
:102CB00001D900F045F82C4625464FF00009DAF816
:102CC0001C204A4500D91CB9002003B0BDE8F08F94
:102CD000142303FB09B20023C5E900269268AB6008
:102CE000930516D5B8F1000F02D0009B802B03D0BE
:102CF000019200F025F8019A12F0E00FD0B202D153
:102D000058F820201AB1019000F01AF8019848F8FC
:102D100020507A6809F10109AA607D600C35CEE780
:102D2000B41000200833000008B5FFF759FD034B2D
:102D30009860FFF75BFD80F3888808BD00ED02E036
:102D4000FEF746BF8230012808B506D8FFF7B0FE6F
:102D500018B9BDE80840FFF7F3BF08BDF8B506464F
:102D60000D4600F0ADF9044608B9FFF7E9FFA76882
:102D70000FB9FFF7E5FFE368991C20D05A1C21D159
:102D8000A5B315F1820F13D102232360EFF3108650
:102D900072B629462046FFF799FB054686F3108850
:102DA0002368022B24D1204600F086F82846F8BD7F
:102DB00015F1830FEAD0FFF7C3FF0025E6E70223F2
:102DC0002360FAE7002BF6DB204600F09DF93B6814
:102DD0009B689B0501D50223236015F1810FD5D196
:102DE0006369002BD2DBFFF7ABFFCFE73546F4E793
:102DF00000232360DAE708B5FEF7EAFE6FF08300F0
:102E000008BD2DE9F3410E46174698460546FFF7E3
:102E10004FFE00F069F92946024601A8FFF758FE67
:102E2000044660B943463A4631460198FFF7D6F961
:102E3000044640B16B0002D5019800F03DF82046F1
:102E400002B0BDE8F0810198FFF718FB0446F6E7F1
:102E500040F20110704770B50546FFF729FE06469F
:102E60002846FFF7C9FD044608B9002070BD014699
:102E700032462846FFF7D6FD0028F6D12368D868E9
:102E8000F4E76FF00200704700DF70474FF48050A6
:102E90007047B0F5805F03D1EFF30B808038704747
:102EA000002070477047EFF30B8000F1800383F33D
:102EB0000B88704700207047EFF30B83803B83F350
:102EC0000B88704770472DE9F0410E461546002AE1
:102ED0004AD0C4074BD480F00204C4F34004A400D9
:102EE00003F00602062A4AD144F00104224629468C
:102EF000304602F061FBB8BB46E800F205EB06087D
:102F0000100E120208F1FF3747E800F34FEA136191
:102F100066D51B0264D5884262D046E800F547E8D2
:102F200000F7FFF7AAF82D0E85424FEA176734D352
:102F3000FFF7A5F8874230D82846FFF799F82246D0
:102F4000C6F101010144304602F036FB002847D0AB
:102F50000135AF4218D83846FFF788F82246A8EB6B
:102F6000000102F029FBD8B30020BDE8F081EFF3A7
:102F70009484A40004F0040444F01204B0E7990718
:102F800031D544F00804B1E72846FFF76FF806464C
:102F9000FFF777F822460146D5E7FFF77AF8854232
:102FA0001ED3FFF778F887421AD82846FEF7C6FDE9
:102FB0002246C6F101010144304602F0FDFA78B123
:102FC0000135AF4203D83846FFF75EF8C6E728461A
:102FD000FFF75AF80646FFF760F822460146EBE78E
:102FE0006FF07F00C1E74CF2DA20BEE710B504466F
:102FF000FFF74AFCFFF758FC10B143F6DA3010BD7A
:10300000FFF786FC0028F8D1FFF772FB0028F4D107
:1030100002232360F3E708B5FFF7F4FB10B143F692
:10302000DA3008BDFFF7F8FB0028F8D100F025F8EA
:103030000028F4D162B6FDF737FDFFF7F9FB002851
:10304000EDD1FFF715FC0028EBD0E8E708B5FEF757
:1030500091FDFEF701FDBDE80840FFF771BEEFF3FB
:103060000880EFF309812DE9F00F6B467246FDF7FA
:1030700073FC08B0FFF7EAFFFEE700207047044644
:103080000D46A54628470368283383F309888368DB
:1030900083F30B88BFF36F8F4068704703689A68AB
:1030A000DB6812F4806F05D18B422CBF00206FF0DB
:1030B000FA0070478B420CBF00206FF0FA00704797
:1030C00010B5FFF7E6FE0446FFF7F4FE50B9FFF730
:1030D000E3FCA3685B681B685B68834218BF00243D
:1030E000204610BD0024FBE738B5054648B100F086
:1030F0001BF8B5EBD07F044601D0FFF721FE204638
:1031000038BDFFF7C9FCF4E7002310B500F1280231
:1031100052F8041F19B1C16F146C19444C60083384
:10312000202BF5D110BD70474FF0FF3070470000E5
:1031300001464154414C204552524F523A200048DA
:103140006172644661756C740D0A004D656D4D6168
:103150006E616765206661756C740D0A0042757357
:103160004661756C740D0A0055736167654661753B
:103170006C740D0A005365637572654661756C74F5
:103180000D0A005265736572766564204578636543
:103190007074696F6E2000506C6174666F726D2080
:1031A00065787465726E616C20696E746572727593
:1031B000707420284952516E293A2000D50A000027
:1031C000D71D0000510D00000D0B0000FF1D000079
:1031D0000B1E0000250B0000DB1D0000F50A00009F
:1031E000010B0000D90B0000E11D0000ED1D0000E7
:1031F000F31D00001D000000100002001C00010073
:1032000011000300030202020000000000000000A1
:103210000338FDD87047506C6174666F726D20453D
:103220007863657074696F6E3A205350552046611B
:10323000756C740D0A003031323334353637383915
:103240004142434445461B5B313B33346D5B536520
:1032500063205468726561645D20536563757265AF
:1032600020696D61676520696E697469616C697A4E
:10327000696E67211B5B306D0D0A001B5B313B33B0
:10328000346D426F6F74696E672054462D4D207601
:10329000322E302E301B5B306D0D0A00556E6B6E7A
:1032A0006F776E2053504D205356432072657175D1
:1032B00065737465643A2000556E6B6E6F776E208F
:1032C000535643206E756D62657220726571756527
:1032D000737465643A20000405080A0B0E0F101180
:1032E000141517181B1C1D1E1F20212223242628FD
:1032F0002A39423A0080000000800000FFFF0F00E2
:10330000007C000000800000241200200C1200202D
:0433100000020000B7
:10332000009A204B9A4208D110B502F07DFA02F0C3
:10333000A9F906BC96460C46744702F0B9FA009A01
:10334000184B9A4208D110B502F07AFA02F09AF9B5
:1033500006BC96460C46744702F0AAFA0CB4029AD0
:10336000104B9A420CD14FF0004319430CBC10B5DE
:1033700000F09EF802F086F906BC96460C467447AB
:1033800002F096FA009A074B9A4202D10649086861
:10339000744702F08DFA009A024B9A4200D17447AA
:1033A00002F086FAA5EDF5FE801000200348044BDC
:1033B000834202D0034B03B118477047A01100208D
:1033C000A0110020000000000548064B1B1AD90F71
:1033D00001EBA301491002D0034B03B1184770471A
:1033E000A0110020A01100200000000010B5064C24
:1033F000237843B9FFF7DAFF044B13B10448AFF366
:1034000000800123237010BDC018002000000000C0
:10341000345B000008B5044B1BB104490448AFF30A
:103420000080BDE80840CFE700000000C41800207D
:10343000345B0000A3F5803A704700BF174B002BA8
:1034400008BF134B9D46FFF7F5FF00218B460F4643
:103450001348144A121A02F0C4F90E4B002B00D084
:1034600098470D4B002B00D0984700200021040006
:103470000D000D48002802D00C48AFF3008002F088
:1034800077F820002900FEF775FE02F05DF800BF16
:10349000000008000000000000000000F80B002001
:1034A000A0110020B0280020000000000000000053
:1034B0002DE9F84304460D4616461F46EFF30583F3
:1034C000C3F308030BB1FFF73BFCDFF834903B4636
:1034D000204632462946D9F80080FFF792FCD9F8F9
:1034E00000300446984506D0DB6901461869BDE8FE
:1034F000F843FFF733BCFFF725FC2046BDE8F8830F
:10350000B019002001680E4A0346914215D1C169E5
:10351000A2F11022A2F1EF1291420ED18268012A8B
:103520000BD8C26812B101698A4206D0586928B125
:103530009B691B1A5842584170470120704700BFD1
:1035400055AA00FF0D4B70B59E68A6B13046FFF737
:10355000D9FF044678B9F3686BB935690DB92046CF
:1035600070BD2846FFF7CEFF28B9EB68B34202D101
:103570002E462D69F2E70124F1E700BF4C1A002026
:103580002DE9F041394E3468F368D4B1B468C4B160
:10359000002861D000295FD001FB00F5B5FBF0F0F9
:1035A000884259D1291D57D8AA070DD025F003020A
:1035B00004321C4603E0616891424FD2A469002C9A
:1035C000F9D12046BDE8F0812A46F2E7891A23297D
:1035D00004F12007D4E9050C1AD80123A360A0B197
:1035E000C0F818C0A36903B158610023C4E90533CA
:1035F0003369DB0702D5FFF7A5FFA0BB2A460021F0
:1036000038463C4602F0EDF8DBE7C6F80CC0E9E7C7
:1036100002F1200804EB08032039C3E9011E2169E7
:10362000DFF84CE0DC60196144F808E0AEF1102EE0
:10363000AEF1EF1EC3F81CE001B1CB60C3E9050C8D
:1036400040B18361996901B14B6101212361C4E9F2
:103650000121CAE7F360F5E70024B2E7D4F808E0F7
:10366000BEF1000FB2D0012001F06EFF4C1A002015
:1036700055AA00FFF8B5054600283AD0364E336803
:10368000002B36D0B268002A33D0834203D8726848
:103690001344984202D3012001F056FFA0F1200408
:1036A0002046FFF72FFF0028F5D155F8183C012BD5
:1036B000F1D145F8180C55E90570DFB1BB68CBB9FD
:1036C00055F81C2C7B68203213447B60386100B1B4
:1036D000C76020220021204602F083F8386908B133
:1036E00083682BB333699B0703D5FFF72BFF0028B3
:1036F000D1D1F8BD40B3836833BB426863681344DB
:10370000203363600369D4E90521236192B9B9B913
:10371000426981696261A161A2B19461A26902B149
:10372000546103B1DC602022002102F05AF8D9E78D
:103730003C46E2E79161A1690029E9D04A61E7E7E7
:10374000F160F8E7F460E9E7F36845F8083C03B195
:103750005C61F460C6E700BF4C1A002038B50D4626
:10376000142200210446124802F03BF81149124885
:1037700000F02CF8232D1AD914F003031FBF043DC9
:10378000ED18C3F10403E4182A460021204602F094
:1037900028F8074B094AC3E900459C602260A2F162
:1037A0001022203DA2F1EF126560E261DC6038BDBD
:1037B0004C1A0020753600008135000055AA00FF24
:1037C000014B1B68184700BFC0100020024B186057
:1037D000024B002019607047C4100020C010002068
:1037E00010B50A46044619B1024B00211B689847E0
:1037F00010BD00BFC8100020054B0A46197819B14A
:103800000146181D02F08EB86FF08800704700BFA7
:10381000601A002010B5074C00F032F8204602F084
:1038200092F8201F0821FFF7DBFFBDE8104002F0EF
:1038300076B800BF641A002070B50C4D2B787BB9A8
:1038400002F06BF8044670B90126281D6E7002F074
:1038500067F8044638B900F00BF8044618B92E7022
:103860000024204670BDFFF7D5FFFAE7601A00205C
:103870000122024B002083F880257047681A00203F
:10388000F8B5074C2025264601272046276202F07E
:1038900033F8013D04F12C04F7D186F88055F8BDCA
:1038A000681A002010B50C4C236813B10B4B1B6831
:1038B0002BB900F089FC30B90122084B1A600123B2
:1038C0002360002010BD0138062801D9044810BD2E
:1038D000044B53F8200010BDFC1F0020F81F0020EF
:1038E000FE8FFFFF9C590000144B2DE9F043002888
:1038F00014BF04461C46124F236883B0BB4219D044
:1039000016460D4620464FF4147104F1040900F0E8
:1039100047F804F58E78484600F0CEF8404600F0AF
:1039200019FA2B464A4640460649009600F034FBF9
:1039300008B92760002003B0BDE8F0830020002014
:10394000A5BCC95A3D3B000070B50D4C1D46002872
:1039500014BF064626460B4B306882B098420DD104
:1039600006F58E70002633460096144600F03EFBA6
:10397000002818BF34462C6002B070BD0248FBE737
:1039800000200020A5BCC95AE88FFFFF38B131B133
:10399000002201440346013081421A70FAD1704777
:1039A00038B131B1002201440346013088421A7017
:1039B000FAD170472DE9F043202B1D460646884674
:1039C00091468BB026D8DBB202AF8DF80480B046AA
:1039D00058F8041B8DF8053021B9404601F038F93C
:1039E000044640B9012302224046336001A901F098
:1039F00043F9044638B138462021FFF7D1FF20466D
:103A00000BB0BDE8F0832A464946404601F034F940
:103A10000446F0E702AF1946104600233A4601F08B
:103A2000B1FA04460028E6D12023B9461D46CCE76A
:103A30002DE9F041D0F8F830A6B0002BD8BF02AE87
:103A400031DD05460027D0F80C4102AEA4F1010893
:103A50009022D5F8FC403146D0F8000101AB019727
:103A6000B8FA88F8A0474FEA5818044620B9019BD5
:103A700053B9B8F1000F16D030469021FFF790FFF0
:103A8000204626B0BDE8F081014632462846FFF7C1
:103A900091FF58B9D5F80431019A1344C5F804319F
:103AA000B8F1000FE8D16FF03C04E5E7044620468A
:103AB00026B0BDE8F08100BF70B500250446142291
:103AC00004F588762946C0F8F850FC3001F089FEEC
:103AD00008222946304601F084FE144B30461B680C
:103AE0009847204640F8045B01F098F8104B3046A8
:103AF0001B689847C8B9D4F8F830AB420FDC03EB29
:103B0000830204EB82022021C2F800010120C2E9F5
:103B1000421008490133C2F8FC10C4F8F830064BD3
:103B20003046BDE870401B68184770BDE8100020A3
:103B3000E4100020214B0000E01000202DE9F047A8
:103B4000202A88B07AD83F4B00F5887904461B6854
:103B500048461746884698470546F8B940F2011688
:103B6000D4F8F830002B65D02046FFF761FF0546FA
:103B700038B9D4F8F830002B14DC013EF2D16FF0E4
:103B80003B056E4620213046FFF70AFF2E4B484684
:103B90001B689847002818BF6FF01D05284608B01D
:103BA000BDE8F087D4E94132934203D3D4F80C2125
:103BB000012A02D0013ED7D1E1E71F2BFAD96E4688
:103BC00001462022304604F1040A01F00AFE314683
:103BD000504601F07BF805460028D3D1504601F04D
:103BE00031F8504601F01AF82946504601F030F8F5
:103BF00005460028C6D150462022314601F03CF847
:103C000005460028BED1034632462021304601F049
:103C1000B9F905460028B5D1D4F8F8303A46002B5A
:103C2000C8BF002340463146C8BFC4F8043101F084
:103C3000B3FDA7E76FF03F056E46A3E76FF03B05C6
:103C4000ACE700BFE4100020E010002070B590B099
:103C500000287AD03E4C0D464022362106462046AA
:103C600001F0BFFD40225C21A01801F0BAFD2B1D20
:103C7000A34203D904F144039D4252D32B68226826
:103C8000534023602B68226C534023646B68626846
:103C9000534063606B68626C53406364AB68A268B6
:103CA0005340A360AB68A26C5340A364EB68E26826
:103CB0005340E360EB68E26C5340E3642B69226994
:103CC00053402361226D2B695340236562696B6900
:103CD000534063616B69626D53406365AB69A26970
:103CE0005340A361AB69A26D5340A365EB69E269E0
:103CF0005340E361EB69E26D5340E36500213046D8
:103D000000F0A6FF044628B940223046104900F0D2
:103D1000B3FF044640216846FFF742FE204610B03C
:103D200070BD631E04F13F01013D1F3415F8010F02
:103D300013F8012F42401A7011F8012F2878A3427E
:103D400082EA00020A70F1D1D8E76FF07304E5E768
:103D50005022002010B54FF49A720021044601F061
:103D600040FD42F21072044BC4F8202104F5967015
:103D70001B68BDE810401847E81000202DE9F04FFF
:103D800004468846914695B0002900F0A780002A95
:103D90000CBF0126022600238DF80C30002C00F009
:103DA0009F80DFF844A104AF0AF1400B00212046B8
:103DB00000F04EFF034648B1384620210193FFF73B
:103DC000EFFD019B184615B0BDE8F08F402251462B
:103DD000204600F051FF03460028EDD104F1F40520
:103DE00020222946204600F047FF03460028E3D161
:103DF0000122204603A900F03FFF03460028DBD143
:103E0000022E62D020460CA900F060FF0346002875
:103E1000D2D10146204600F01BFF03460028CBD13B
:103E200040225946204600F027FF03460028C3D110
:103E3000202220460CA900F01FFF03460028BBD11A
:103E40003946204600F042FF03460028B4D13946E7
:103E50002046FFF7FBFE03460028ADD1202229466D
:103E6000204600F009FF03460028A5D120460CA9F2
:103E700000F02CFF034600289ED10146204600F0AA
:103E8000E7FE0346002897D140225946204600F01D
:103E9000F3FE034600288FD1202220460CA900F013
:103EA000EBFE0346002887D12946204600F00EFF8E
:103EB0000346002880D19DF80C200132D2B2B242D4
:103EC0008DF80C20FFF472AF76E74A464146204653
:103ED00000F0D2FE0346002894D06DE701265AE791
:103EE0006FF0730304AF67E7502200202DE9F04123
:103EF0000446884615461F46D0F81801E0B013B1B5
:103F000000EB40004008B5F5807F3ED82844B0F56E
:103F1000C07F3AD84FF4C0720021684601F061FCBE
:103F20006946D4F82431D4F81821D4F828019847E8
:103F300070BBD4F8186157B1D4E9493072080DEB61
:103F40000601984720BBD4F8183106EB5306B8F1A8
:103F5000000F00D08DB9324669462046FFF70EFFAC
:103F6000054610B90123C4F8143131466846FFF7FD
:103F700017FD284660B0BDE8F0810DEB0600414614
:103F80002A462E4401F008FCE5E76FF00405F0E74F
:103F90006FF00805EDE700BF2DE9F047044604F196
:103FA000F4050F4691461E46DDF8208000F036FEEF
:103FB00029462046FFF74AFE08B1BDE8F0872846AB
:103FC0002022012101F00DFCD4F81831C4F824712D
:103FD000C4F8289113B92023C4F818314246314659
:103FE0002046BDE8F0470123FFF780BFB2F5806FA0
:103FF00000F295802DE9F04F89B09A46129BB3F5F7
:10400000807F00F29080D0F82431164604460F4697
:104010004BB3D0F81C31012B05D0D0F81421D0F8C7
:1040200020319A421FDD514600232046129AFFF7A5
:104030005DFF014698B900231293002E5ED0DFF891
:10404000EC9009F1400B0021204600F001FE202EEB
:104050003546014628BF202504F1F40890B10846F2
:1040600009B0BDE8F08FBAF1000FE6D0129B002B2B
:10407000E1D051461A462046FFF780FE014600284F
:10408000DBD0ECE749464022204600F0F5FD014632
:104090000028E4D141462022204600F0EDFD0146F3
:1040A0000028DCD16946204600F010FE01460028B9
:1040B000D5D1204600F0CCFD01460028CFD159468D
:1040C0004022204600F0D8FD01460028C7D16946AD
:1040D0002022204600F0D0FD01460028BFD14146F5
:1040E000204600F0F3FD01460028B8D138462A46A4
:1040F000414601F051FB761B2F44A4D15146204686
:10410000129AFFF73BFE01460028A8D10846D4F8D2
:1041100014310133C4F8143109B0BDE8F08F6FF0E9
:104120000201084670476FF0040198E75022002012
:10413000002130B58DB0282202A8019101F051FB79
:1041400002A800F047FF044610B120460DB030BD74
:10415000174D4FF0FF31286800F042F9044620B1B6
:10416000144800F0D3F9012C18D0002000F068F9B1
:10417000D0B9114A02A901A800F0C4FC04460120EC
:1041800000F05EF960B9286800F032F90028DCD050
:104190000A4800F0BBF920460DB030BD0524F2E717
:1041A000074800F0B3F9EEE7064800F0AFF9E0E7A2
:1041B000CC100020B8590000D0220020105A000076
:1041C000F0590000D059000030B583B000F05CF821
:1041D00028B100F0ABF80324204603B030BD00F056
:1041E00077F8D8B900F02CF9E0B9224CD4F8283986
:1041F0001B0EF02B0AD1D4F8242A1F4B9A4231D03F
:1042000000F044F8072400F091F8E5E7062400F0F8
:104210003DF800F08BF8204603B030BD0424204662
:1042200003B030BD00F032F800F080F8FFF780FFF7
:10423000044698B9114D2B68002BCDD1024601469A
:10424000FFF752FB50B968220D4901ABFFF77CFB29
:1042500020B920460B4B2B6003B030BD052420460F
:1042600003B030BD012000F0EBF80028DAD1C4F82B
:104270000C0ADBE7001084500000E020F02400204E
:10428000F42400205AEA5A5A002070470020704750
:10429000430504D54FF0FF32034BC3F80821024B0E
:1042A000C3F8080A704700BF00108450014BC3F8E0
:1042B000040A70470010845008B100F06BB84FF446
:1042C0007500704708B100F04FB84FF475007047A3
:1042D00010B5114800F070F800B110BD0F4800F0A3
:1042E0006BF80028F9D10E4C204600F065F8002844
:1042F000F3D10C4B0C481C6000F05EF8014600281E
:10430000EBD100F02DF8044608B1204610BD00F0B6
:1043100079F82046FAE700BFDC100020D810002012
:10432000D4100020CC100020D010002008B5084880
:1043300000F04CF8074800F049F8074800F046F84C
:10434000064800F043F8BDE8084000F00BB800BF95
:10435000DC100020D8100020D4100020D010002045
:1043600000207047704700BF024610B4084CD4F8D4
:10437000003A1342FBD021B1D4F804310B60C4F8E9
:104380000831034B0020C3F8082A10BC704700BF57
:1043900000108450044AD2F8003A1842FBD0C2F808
:1043A000080A0020704700BF0010845001F0BEB919
:1043B0000A46002101F015BA08B5034B02681B68D4
:1043C00010689847002008BD0811002008B5034B6D
:1043D00002685B6810689847002008BD081100203B
:1043E000024B02689B681068184700BF0811002044
:1043F00008B5034B0268DB6810689847002008BDC9
:104400000811002070B5094C094D2069AB68984728
:1044100018B1084B08485B6898470021074AEB68C9
:1044200011602069BDE87040184700BFF4100020FB
:1044300008110020EC100020285A00005C25002004
:10444000F8B51A4D1A4E0446B26828699047E8B983
:10445000184F3B684CB1A3B1012B19D0013B3B6015
:104460002869F36898470020F8BD43B90121124A32
:10447000C2F800151149D1F81029002AFBD10133E7
:104480003B60F368286998470020F8BD0C48F8BDE8
:104490000A4AD2F81039002BFBD1074A6FF07E4050
:1044A000C2F80035FFF702FF3B68D7E7F4100020A1
:1044B000081100205C25002000008450001084506A
:1044C000E98FFFFF014B1B68184700BF0811002050
:1044D000014B9B68184700BF08110020014BDB68A7
:1044E000184700BF08110020BFF34F8F0549064B46
:1044F000CA6802F4E0621343CB60BFF34F8F00BF82
:10450000FDE700BF00ED00E00400FA0530B44FF015
:10451000FE320025074B084C08494968C3F80024BF
:10452000C3F80424C3F80824C3F80C24C4F80055C5
:1045300030BC08470010845000008450EC1000206C
:1045400010B5044650B1636813F0685F05D0064AA1
:10455000934202D000236260236010BD034B0448E5
:104560005B689847EFE700BF2C5F5CA9EC10002068
:10457000485A0000C8B143680D4A934213D013F063
:10458000685F0ED0012350E8002F194640E8001C58
:104590009CF0000FF7D1012AF5D0BFF35F8F002008
:1045A000704704487047044870476FF4E040704714
:1045B0002C5F5CA9E98FFFFFEA8FFFFF034680B104
:1045C000426809498A420AD012F0685F05D0BFF3F9
:1045D0005F8F002210461A607047044870470448F5
:1045E00070476FF4E04070472C5F5CA9E98FFFFFD4
:1045F000EA8FFFFF10B5044620B10023034A236071
:10460000626010BD0248FFF781FFF6E73A00003A0A
:10461000705A00002DE9F047002878D00C46002998
:1046200075D01D46002B72D007461AB10122002317
:104630002A6003602B68002B64D02946204600F0D6
:10464000B7FD804600285FD12146286800F096FD1E
:104650008046002858D12B68082B6CD0042B6DD0D5
:10466000A3F10209B9FA89F94FEA59190121354E26
:10467000C6F8C411C6F84011C6F8C411636AC6F87A
:104680003031D6F830219342F6D14FF0000A4FF086
:10469000FF30C6F82CA1FFF7FBFD6FF01B0350465F
:1046A000C6F80031FFF702FEC6F80C91D6F8040AEE
:1046B00040F48060FFF7FAFD0A23C6F83831089B02
:1046C000012B29D02369204AA2FB03231B09626A1C
:1046D000404602FB03F303EB43031A4ADB039B0947
:1046E000C2F8D8310123C2F82C313B682A6823F084
:1046F0007F4343EA02633B602A6843EA02233B604C
:10470000BDE8F087DFF844804046BDE8F087DFF879
:1047100040804046BDE8F0874FF47F03D3F80C2C6F
:10472000013206D0D3F80C3C074AA2FB03231B0935
:10473000CDE71623CBE74FF0030997E74FF00209C7
:1047400094E700BF00108450ABAAAAAA310CF10074
:10475000350CF10058B34B1EB3F5047F27D230B5AA
:104760004FF0000ECD00744671464B0901F01F0C4E
:1047700050F82330BCF11F0F23FA0CF306D003F0DE
:10478000010319B901211C468E46EEE79C4201F156
:10479000010106D01C464FF0010EA942E5D10020D0
:1047A00030BD0EF1010E9645F7D1024830BD0148EB
:1047B000704700BF360CF100C0B32DE9F0434C1E2A
:1047C000B4F5047F1DD2E3B1DAB100252E46A84628
:1047D0002C46CF0003F1FF394FEA541C04F01F0EA2
:1047E00050F82C10BEF11F0F21FA0EFC0CD00CF06B
:1047F000010C4CB90126E04634463546ECE79642BA
:1048000016D90C48BDE8F083AB420BD0C44508BFB5
:104810000136A945F3D001350134BC42DCD100207A
:10482000BDE8F0830125E0462E46F5E701487047D4
:104830001D46F1E7370CF1002DE9F04F91B08346AA
:10484000DDE91B460D46002E6ED10F691C6000236A
:104850001A990B60002A00F02F819D4B6A6AD3F8E9
:104860003811D3F830319A4269D10A2967D19BF8BF
:104870000330089304F10803079304230593954B31
:10488000934CA3FB07239B0803EB4303A7EB4303D2
:10489000039306971A9B069E1E60002E00F0EA8086
:1048A00000F096FC00230993BBF1000F00F0D580C7
:1048B00098464FF0010ADDF81C90002D00F0CD80E5
:1048C000089B002B3DD0284608A900F071FC002869
:1048D00039D0814B984220D0089B082B00F0E4800F
:1048E00000225B000893294608AB58460092FFF768
:1048F00091FE7A4B984200F0D38070B9DBF800202B
:10490000130A03F47F03134323F07F43CBF80030F3
:10491000059B013B0593BDD10020039000F058FC9E
:10492000039811B0BDE8F08F4FF47F01D1F80C0C63
:1049300001300CBF4FF40477D1F80C7C86E768484F
:10494000EBE76648C5E72946089800F017FC002801
:10495000BFD1089B082B00F0A980042B00F0A98090
:10496000A3F10203B3FA83F35B090493C4F8C4A16F
:10497000C4F840A1C4F8C4A16B6AC4F83031D4F8BB
:1049800030219342F6D100234FF0FF30C4F82C3190
:10499000FFF77EFC002318466FF01B03C4F80031BC
:1049A000FFF784FC049B4B4FC4F80C31D4F8040A85
:1049B00040F48060FFF77AFC0A23C4F838312B6991
:1049C00009A8A7FB03236A6A1B0902FB03F303EB95
:1049D0004303DB039B09C4F8D831C4F82CA1DBF8EE
:1049E0000030089923F07F420B0243EA016313432E
:1049F000CBF8003000F0B2FB099B03F01A0303432D
:104A00007FF46AAFA7FB0637D4F81431B8EB970FE1
:104A10000A93D4F818310B93D4F81C310C93D4F8C2
:104A200020310D93D4F824310E93D4F828310F930C
:104A300001D1039B9BB9484618220AA9183EFFF7EB
:104A4000B5FC09F1180908F101089EB100F0C0FB9E
:104A500000230993002D7FF433AF224839E74846FD
:104A60001A46F61A0AA9994408F10108FFF79EFCB4
:104A7000002EEBD1069F079E6A6939463046FFF744
:104A800069FEAA6940B94FF4806339463046FFF7A2
:104A900093FE00283FF440AF00231A9A136018E7F2
:104AA0002B6A002B3FF439AF0F4836E703230493FA
:104AB0005CE70223049359E70122294658460096F1
:104AC00008ABFFF7A7FD00283FF4D4AE25E700BFF1
:104AD00000108450ABAAAAAA020CF100310CF1001C
:104AE000300CF100350CF100320CF10010B4DDE9AE
:104AF000013401940024DDF80CC0CDE902C410BCDF
:104B0000FFF79ABE30B51546012487B005AB009378
:104B10000022CDE9015404ABFFF78EFE07B030BD93
:104B2000F0B587B0002966D01E46002B63D014462E
:104B3000002A60D0314F0D4638684FF0FF31FFF743
:104B40004FFC00284DD10020FFF77AFC002844D10B
:104B50002B4800F03FFAD8B101204FF0FF35FFF7A6
:104B60006FFC002835D14FF408712648FEF70EFF80
:104B700004212548FEF70AFF21482821FEF706FFF9
:104B80003868FFF735FC00282FD1284607B0F0BD64
:104B90001C4A0346029205AA019204AA03900092BD
:104BA000174902461848FFF7A1FF03460028D3D152
:104BB00028461D46059B22469C4228BF1A4604995A
:104BC00032600831FFF7F2FB0120FFF739FC0028C3
:104BD000C9D00E48FFF79AFCC5E70D48FFF796FCD1
:104BE000B6E70C48FFF792FCADE70B48FFF78EFCE9
:104BF000284607B0F0BD4FF0FF35C6E7CC100020C7
:104C0000742500209C25002070250020F05900000C
:104C1000D0590000B8590000945A000010B504465D
:104C200028B12046BDE81040F421FFF7C1BB04487D
:104C3000FFF76CFC2046BDE81040F421FFF7B8BB3D
:104C4000AC5A000010B1F421FEF7A0BE704700BFBF
:104C500008B521B1012908D06FF0360008BD012147
:104C600000F058F80028F7D108BD022100F052F8F2
:104C70000028F9D0F0E700BF30B505468818B0F538
:104C8000801F0B461446A1B001D8802A0CD9B3F579
:104C9000801F17D922461946284600F07DF80446A1
:104CA00084B9204621B030BD6846FFF77FFB22461D
:104CB0006946284600F070F8802104466846FFF7F0
:104CC00077FBEDE76FF03604EBE700BF70B5E8B1B6
:104CD0000E46D9B1044600F031F80546B0B9236854
:104CE000012B0BD0022B01D0284670BD1C22304670
:104CF00004F10801FFF75AFB284670BD2022304618
:104D000004F10801FFF752FB284670BD6FF036052D
:104D1000EAE700BF78B138B50D46F0210446FFF749
:104D200047FB402320462560E36500F091FA0038F8
:104D300018BF012038BD0120704700BFF0B5056ED7
:104D4000A5B0044604AEE5B900230127019330461F
:104D50006760294602AA009300F046FA10B10120CC
:104D600025B0F0BD2A46204602A900F099FA002895
:104D7000F5D1204600F0AAFB0028F0D1206625B02E
:104D8000F0BD802D2A46304628BF802204F1640100
:104D9000FFF70CFB256ED7E7002800F0AE802DE969
:104DA000F04F1446A5B0002A3DD00F46002949D047
:104DB000B2F5803F0546006E20D34FF6FF7805F12F
:104DC000640AEB6D1A1AB2FBF3F103FB1122002AFD
:104DD00065D18342B9464FF6FF7672D0B6FBF3FB3E
:104DE00003FB0BFBBBF1000F30D1002E45D1A4F526
:104DF0007F44FF3CB4F5803F4744E2D2EA6D161A87
:104E0000B6FBF2F302FB1366A64228BF2646002E2D
:104E100075D1824200F08D80B4FBF2F602FB06F6FB
:104E20002EB9002C79D1002025B0BDE8F08F0023E9
:104E300031463846CDE9003302AA00F0D5F9002802
:104E400000F09580012025B0BDE8F08F0023594681
:104E50004846CDE9003302AA00F0C6F90028F1D196
:104E60005A46284602A900F01BFA0028EAD1A6EB10
:104E70000B06286ED944002EB9D019304946324667
:104E800005EB8000FFF792FAA4F57F44286EFF3C03
:104E90003044B4F5803F4744286692D2AEE742459D
:104EA00028BF4246164639465044FFF77FFA286E1F
:104EB000EB6D3044834207EB06092866A8EB060633
:104EC0008CD1802B28BF802351461A4604A8FFF7B7
:104ED0006DFA0023E96D02AACDE9003304A800F0C1
:104EE00083F90028AED12846EA6D02A900F0D8F96E
:104EF0000028A7D1EB6D286670E70120704705F107
:104F00006403394632461844FFF750FA286EEA6DBA
:104F10003044A41B374428667BE72B6E22461933A6
:104F200005EB83003946FFF741FA2B6E23442B66CD
:104F300079E7802A28BF802205F1640104A8FFF7E1
:104F400035FA0023E96D04A8CDE9003302AA00F088
:104F50004BF900287FF476AF2846EA6D02A900F0ED
:104F60009FF900287FF46EAFEA6D286654E7324659
:104F7000284602A900F094F900287FF463AF374473
:104F8000A41B4EE7F8B51C460546114816460F46C9
:104F9000FFF744FE21460E48FFF75AFE044620B1B3
:104FA0000B48FFF74FFE2046F8BD3A462946084811
:104FB000FFF762FE04460028F2D131460448FFF7AD
:104FC00085FE04460248FFF73DFE2046F8BD00BFBF
:104FD000BC2700201C2370B582B001A905460193AF
:104FE00000F032F8044638B9019B1C2B07D0144C52
:104FF0001C212846FFF7DCF9204602B070BDD5E938
:105000000112131E18BF0123003918BF0121012608
:1050100028689B00EA6843EA4103002818BF43F070
:105020000103EE612AB9C5E90834002BE4D1054C2F
:10503000DEE7204643F00803C5E9083402B070BD3E
:10504000370CF0000E0CF0000346002866D0002953
:1050500064D00A681C2A61D14FF47F023B49D2F820
:10506000100C88425CD0D2F8101C013158D0D2F814
:10507000101C4FF47F021960D2F8140C3449884296
:1050800060D0D2F8141C01315CD0D2F8141C4FF45B
:105090007F025960D2F8181C11F5947F4FD0D2F8D6
:1050A000181C01314BD0D2F8181C4FF47F029960C4
:1050B000D2F81C0C274988423ED0D2F81C1C013182
:1050C0003AD0D2F81C1C4FF47F02D960D2F8001CF1
:1050D00070312FD0D2F8001C01312BD0D2F8001C37
:1050E0004FF47F021961D2F8041CAF3120D0D2F8FE
:1050F000041C01311CD0D2F8041C4FF47F0259610A
:10510000D2F8080C144988420DD0D2F8081C01319D
:1051100009D0D2F8082C00209A617047012070470E
:1051200040F6FC01A5E740F2373200209A61704753
:105130005121E2E79021D3E742F60411C3E740F69C
:10514000D861B2E742F2D001A1E700BFFCF8FFFF4F
:10515000D020FFFF0429FFFF37F3FFFF014608B50A
:105160004FF48060FFF7AEF80022034BC3F8C8216C
:10517000C3F82C2108BD00BF001084500138072857
:1051800005D8DFE800F0100E040A040404060748FE
:105190007047CB6800204B6270478B6800204B62E1
:1051A00070474B68F6E70B68F4E700BF310CF1007D
:1051B0000B6802E0082B0B6006D8026A13424FEA24
:1051C0004303F7D00020704700487047310CF100CE
:1051D0000022044B4FF48060C3F82C21C3F8C42193
:1051E000FFF756B800108450F0B5002483B0B0F13A
:1051F000005F8DF8074025D38C468444BCF1804F76
:1052000004461FD817461D4601220DF1070300F082
:1052100097F90646B0B99DF80730099A3C603B7192
:1052200092B14DB10246089928460DF1070300F0EE
:1052300087F938B99DF807303046099A156013711F
:1052400003B0F0BD4FF47506304603B0F0BD00BFAB
:10525000D8B108B50368012B04D0022B0FD043B19D
:105260000B4808BD20220B490830FFF79FF80020AB
:1052700008BD142208490830FFF798F8F7E7202204
:1052800006490830FFF792F8F1E74FF473007047D2
:105290000100F300BC5A0000FC5A0000DC5A000078
:1052A0002DE9F843002900F0F9800446002800F0B9
:1052B000F98003680F469046002B00F0C380013B45
:1052C000012B00F2D7804FF0FF3178484FF00209F0
:1052D000FFF786F8002840F0BF800020FFF7B0F805
:1052E0000646002840F0C280714AD2F81C39002BD3
:1052F000FBD16F4DD5F8203C002BFBD14FF0FF3098
:10530000FEF7C6FFD5F8040A20F04000FEF7CEFFF6
:1053100001230722C5F81838C5F80029C5F8C43795
:10532000A36CC5F8CC37E36CC5F8D037C5F8C09787
:1053300023685BB1013B012B18D8636AC5F85C3662
:10534000236AC5F85836E369C5F85436A269584B44
:10535000C3F850266269C3F84C262269C3F8482670
:10536000E268C3F84426A268C3F84026504AD2F83F
:105370001039002BFBD1B8F1000F5FD063684020DB
:10538000012B08BFC2F884363A68494BC3F8282C71
:10539000C3F82C8CFEF790FF0646454AD2F8103928
:1053A000002BFBD1424AD2F8203C002BFBD12368D2
:1053B0005BB1013B012B18D8D2F85C366362D2F89E
:1053C00058362362D2F85436E361394BD3F850266D
:1053D000A261D3F84C266261D3F848262261D3F843
:1053E0004426E260D3F84036A36000230121304A0E
:1053F000D2F8CC07A064D2F8D007E064C2F8C41792
:10540000C2F88436C2F8C837D2F81039002BFBD165
:10541000C2F81838002E3BD1254BD3F8040A40F0CF
:105420004000FEF743FF0120FFF70AF860BB1F486A
:10543000FEF7DEFF10BB3046BDE8F8830423C2F858
:10544000C837AAE74FF0FF3118484FF00109FEF7BF
:10545000C7FF00283FF441AF1648FFF757F8002078
:10546000FEF7EEFF064600283FF43EAF1248FFF776
:105470004DF839E7114E3046BDE8F8831048FFF784
:1054800045F83046BDE8F8830E48FFF73FF8CEE711
:10549000102104F10800FEF78BFFBDE70A4E3046ED
:1054A000BDE8F8834FF47306C5E700BFDC100020A9
:1054B00000108450B8590000D05900000100F300DA
:1054C000105A0000F05900000300F300A0B3034697
:1054D00070B4D0E90240D3E9041226BA05BA0CBA76
:1054E00010BAC3E90440D3E90612986A09BAC3E9BD
:1054F000026512BA996100BAD3E9084125BA0CBA1B
:10550000C3E90725D3E90B12C3E9094009BAD86BEF
:1055100012BAD962D3E90D4125BAC3E90C250CBAF8
:1055200000BAD3E9101209BA12BAC3E90E401964DD
:1055300000205A6470BC70474FF47300704700BF7E
:1055400000201870704700BF08B5074B044613B120
:105550000021AFF30080054B1868836A03B19847B8
:10556000204600F08DF800BF00000000105B000036
:1055700070B50D4D00260D4C641BA410A64209D138
:105580000B4D00260B4C00F0FDF9641BA410A64245
:1055900005D170BD55F8043B01369847EEE755F844
:1055A000043B01369847F2E798110020981100203B
:1055B000981100209C110020431810B501D21F2A19
:1055C00001D9002010BD013902F014030144102B51
:1055D00080EA01043CD009DC8BB1042BF1D11F2CF3
:1055E00040E840F315D941E840F10EE0142BE8D132
:1055F0001F2C40E8C0F30CD941E8C0F105E01F2C96
:1056000040E800F305D941E800F11C460B468C4206
:10561000D7D122F01402013A0A2AD2D801A151F8B6
:1056200022F000BF735600006D5600005F56000068
:10563000C3550000C3550000C3550000C35500000A
:105640007956000073560000675600005F56000050
:105650001F2C40E880F3DCD941E880F1D5E713F452
:10566000001FAFD1ADE713F4801FFAE75B02A9D5A5
:10567000A7E713F4002FF4E713F4802FF1E700BF3E
:10568000FEE700BF002383F300887047FDF758BB97
:10569000EFF30880EFF309812DE9F00F6B467246B6
:1056A000FBF75AF908B0FFF7F1FFFEE7FDF748BB3B
:1056B000EFF30880EFF309812DE9F00F6B46724696
:1056C000FBF74AF908B0FFF7F1FFFEE7FDF738BB3B
:1056D000EFF30880EFF309812DE9F00F6B46724676
:1056E000FBF73AF908B0FFF7F1FFFEE7FDF728BB3B
:1056F000EFF30880EFF309812DE9F00F6B46724656
:10570000FBF72AF908B0FFF7F1FFFEE7FDF718BB3A
:10571000EFF30880EFF309812DE9F00F6B46724635
:10572000FBF71AF908B0FFF7F1FFFEE7814270B40A
:105730000546144602D370BC00F02EB882182144EE
:105740003CB141EA020313F003030FD1E018032830
:1057500012D86FF00300A3084343002019441A44F1
:105760002344984210D1284670BC704711F8013D7F
:10577000013C02F8013DE3E7581850F8046C981812
:1057800040F8046C043BE1E70C1A14F8016C141A9D
:1057900004F8016C0130E4E770B504463AB141EA1F
:1057A000040313F003030CD1D518032D0FD822F0F6
:1057B00003031C441944002302F0030293420CD15A
:1057C00070BD11F8013B013A04F8013BE6E7CD1A40
:1057D0002E68E51A2E60043BE6E75D5CE554013374
:1057E000ECE7F0B5044662B922F00303234402F06B
:1057F00003021A44934214D1F0BD04F8011B013A8C
:10580000F1E7A307F9D115460B0443EA01630B4303
:1058100043EA01231619032DE6D9771B3B60043DAB
:10582000F9E703F8011BE5E708B5EFF30583C3F3D8
:1058300008030BB1FDF784FABDE80840FDF708BB8B
:1058400010B50446EFF30583C3F308030BB1FDF76E
:1058500077FA2046BDE81040FDF7FDBA2DE9F0418A
:1058600004460D4616461F46EFF30583C3F30803AF
:105870000BB1FDF765FA3B46324629462046BDE8A6
:10588000F041FCF761BD2DE9F04104460D46164696
:105890001F46EFF30583C3F308030BB1FDF750FA7E
:1058A0003B46324629462046BDE8F041FCF786BD1E
:1058B00008B5EFF30583C3F308030BB1FDF740FA16
:1058C000BDE80840FDF797BA00207047704710B553
:1058D000044608B1FDF784FF2046BDE81040FDF7FF
:1058E0006FBF10B50446406A10B1A16AFFF7EFFF21
:1058F0000020C4E9090010BD38B50446FFF7F1FFE8
:10590000236A2C22012B0CBF05466FF0960500215F
:105910002046FFF766FF284638BD002070477047D5
:105920000020704713B5002001AB1446FEF70CF8B9
:1059300030B9019BA34218BF6FF0930002B010BDB5
:105940006FF09200FAE7002070472DE9E04F2746FC
:10595000A046A146A246A346A446A2B02DEC000A4A
:1059600084F3008825462646A447EFF3148515F0F6
:10597000080F18BFB0EE400A3DEC000A22B0BDE8A7
:10598000E08F0000F8B500BFF8BC08BC9E46704729
:10599000F8B500BFF8BC08BC9E467047FF8FFFFFFC
:1059A000FF8FFFFFFE8FFFFFFE8FFFFFFD8FFFFFCB
:1059B000FC8FFFFFFC8FFFFF4661696C20746F2036
:1059C00061637175697265206D757465780A000090
:1059D0004661696C20746F20696E637265617365DE
:1059E00020504D20636F756E7465720A00000000D0
:1059F0004661696C20746F206465637265617365CC
:105A000020504D20636F756E7465720A00000000AF
:105A10004661696C20746F2072656C6561736520E6
:105A20006D757465780A0000436F756C64206E6F45
:105A300074206C6F636B20706F7765722073617672
:105A400065206D75746578006D757465785F667234
:105A500065652063616C6C65642077697468204EAD
:105A6000554C4C20706172616D6574657200000068
:105A700043616E277420696E697469616C697A6527
:105A8000206D757465782C20776173204E554C4CD1
:105A90000D0A00004661696C20746F20756E6C6F92
:105AA000636B206D757465780A0000000A63747872
:105AB000206973204E554C4C0A00000067E6096AC5
:105AC00085AE67BB72F36E3C3AF54FA57F520E511F
:105AD0008C68059BABD9831F19CDE05BD89E05C1AF
:105AE00007D57C3617DD703039590EF7310BC0FF02
:105AF00011155868A78FF964A44FFABE01234567B2
:105B000089ABCDEFFEDCBA9876543210F0E1D2C307
:105B10003811002054464D5F43525950544F0054A1
:105B2000464D5F504C4154464F524D5F534552567F
:105B30004943450000000000000000000000000094
:107C00007FE97FE9FBF78CBB7FE97FE9FBF797BB57
:107C10007FE97FE9FBF7BFBB7FE97FE9FBF7B2BBF9
:107C20007FE97FE9FBF79ABB00000000000000003D
:107C30000000000000000000000000000000000044
:107C40007AFFFFFF0090005000000000F4310000B8
:107C50000400000000000000000000000000000020
:107C6000000000000000000090ED00E000900050D7
:107C70006F9500500C120020A0110020440100005C
:107C8000CD580000C9580000E3570000D410002070
:107C900004110020FC100020F8100020F410002037
:107CA000DD440000D1440000C54400000000000095
:107CB000E94400003011002028110020201100208C
:107CC0000000000018110020F545000041450000AB
:107CD00075450000BD450000602500203A00003ACF
:107CE000642500203A00003A682500203A00003A56
:107CF0006C2500203A00003A00000000000000005F
:107D00000000000000000000000000000000000073
:107D10000000000000000000000000000000000063
:107D20000000000000000000000000000000000053
:107D30000000000000000000000000000000000043
:107D40000000000000000000000000000000000033
:107D5000000000000000000015340000ED330000BA
:10800000803E012001E5000011DF00009DE400003A
:108010009DE400009DE400009DE400009DE400005C
:1080200000000000000000000000000061E7000008
:108030009DE4000000000000FDE600009DE400005B
:1080400065EA000065EA000065EA000065EA0000F4
:1080500065EA000065EA000065EA000065EA0000E4
:1080600065EA000065EA000065EA000065EA0000D4
:1080700065EA000065EA000065EA000065EA0000C4
:1080800065EA000065EA000065EA000065EA0000B4
:1080900065EA000065EA000065EA000065EA0000A4
:1080A00065EA000065EA000065EA000065EA000094
:1080B00065EA000065EA000065EA000065EA000084
:1080C00065EA000065EA000065EA000065EA000074
:1080D00065EA000065EA000065EA000065EA000064
:1080E00065EA000065EA000065EA000065EA000054
:1080F00065EA000065EA000065EA000065EA000044
:1081000065EA000065EA000065EA000065EA000033
:1081100065EA000065EA000065EA000065EA000023
:1081200065EA000065EA000065EA000065EA000013
:1081300065EA000065EA000065EA000065EA000003
:1081400065EA0000FFFFFFFF4FF0FF0C1CEAD05272
:108150001EBF1CEAD15392EA0C0F93EA0C0F6FD0AA
:108160001A4480EA010C400218BF5FEA41211ED088
:108170004FF0006343EA501043EA5111A0FB013174
:108180000CF00040B1F5000F3EBF490041EAD37149
:108190005B0040EA010062F17F02FD2A1DD8B3F1C5
:1081A000004F40EBC25008BF20F00100704790F034
:1081B000000F0CF0004C08BF49024CEA502040EA86
:1081C00051207F3AC2BFD2F1FF0340EAC25070474C
:1081D00040F400004FF00003013A5DDC12F1190F8A
:1081E000DCBF00F000407047C2F10002410021FAFC
:1081F00002F1C2F1200200FA02FC5FEA310040F114
:10820000000053EA4C0308BF20EADC70704792F08C
:10821000000F00F0004C02BF400010F4000F013AC4
:10822000F9D040EA0C0093F0000F01F0004C02BFBF
:10823000490011F4000F013BF9D041EA0C018FE72E
:108240000CEAD15392EA0C0F18BF93EA0C0F0AD034
:1082500030F0004C18BF31F0004CD8D180EA01005A
:1082600000F00040704790F0000F17BF90F0004FF3
:10827000084691F0000F91F0004F14D092EA0C0FD5
:1082800001D142020FD193EA0C0F03D14B0218BF68
:10829000084608D180EA010000F0004040F0FE40AE
:1082A00040F40000704740F0FE4040F4400070474A
:1082B00081F0004102E000BF83F0004330B54FEA97
:1082C00041044FEA430594EA050F08BF90EA020F04
:1082D0001FBF54EA000C55EA020C7FEA645C7FEA97
:1082E000655C00F0E2804FEA5454D4EB5555B8BFBA
:1082F0006D420CDD2C4480EA020281EA030382EA2B
:10830000000083EA010180EA020281EA0303362DBC
:1083100088BF30BD11F0004F4FEA01314FF4801C8F
:108320004CEA113102D0404261EB410113F0004FA1
:108330004FEA03334CEA133302D0524263EB430358
:1083400094EA050F00F0A780A4F10104D5F1200EF6
:108350000DDB02FA0EFC22FA05F2801841F1000151
:1083600003FA0EF2801843FA05F359410EE0A5F125
:1083700020050EF1200E012A03FA0EFC28BF4CF056
:10838000020C43FA05F3C01851EBE37101F000450C
:1083900007D54FF0000EDCF1000C7EEB00006EEB19
:1083A0000101B1F5801F1BD3B1F5001F0CD34908A3
:1083B0005FEA30004FEA3C0C04F101044FEA4452FA
:1083C00012F5800F80F09A80BCF1004F08BF5FEA81
:1083D000500C50F1000041EB045141EA050130BD61
:1083E0005FEA4C0C404141EB0101013C28BFB1F573
:1083F000801FE9D291F0000F04BF01460020B1FABE
:1084000081F308BF2033A3F10B03B3F120020CDA90
:108410000C3208DD02F1140CC2F10C0201FA0CF06E
:1084200021FA02F10CE002F11402D8BFC2F1200CD3
:1084300001FA02F120FA0CFCDCBF41EA0C01904089
:10844000E41AA2BF01EB0451294330BD6FEA0404D2
:108450001F3C1CDA0C340EDC04F11404C4F12002BD
:1084600020FA04F001FA02F340EA030021FA04F3CF
:1084700045EA030130BDC4F10C04C4F1200220FA26
:1084800002F001FA04F340EA0300294630BD21FA64
:1084900004F0294630BD94F0000F83F4801306BF2A
:1084A00081F480110134013D4EE77FEA645C18BF1E
:1084B0007FEA655C29D094EA050F08BF90EA020FB5
:1084C00005D054EA000C04BF1946104630BD91EAAD
:1084D000030F1EBF0021002030BD5FEA545C05D1B0
:1084E0004000494128BF41F0004130BD14F58004EF
:1084F0003CBF01F5801130BD01F0004545F0FE4163
:1085000041F470014FF0000030BD7FEA645C1ABF97
:10851000194610467FEA655C1CBF0B46024650EACE
:10852000013406BF52EA033591EA030F41F40021FA
:1085300030BD00BF90F0000F04BF0021704730B580
:108540004FF4806404F132044FF000054FF0000155
:1085500050E700BF90F0000F04BF0021704730B516
:108560004FF4806404F1320410F0004548BF4042EB
:108570004FF000013EE700BF42004FEAE2014FEA40
:1085800031014FEA02701FBF12F07F4393F07F4F1B
:1085900081F06051704732F07F4208BF704793F01E
:1085A0007F4F04BF41F40021704730B54FF4607431
:1085B00001F0004521F000411CE700BF50EA010234
:1085C00008BF704730B54FF000050AE050EA0102DD
:1085D00008BF704730B511F0004502D5404261EB4D
:1085E00041014FF4806404F132045FEA915C3FF48E
:1085F000D8AE4FF003025FEADC0C18BF03325FEA2B
:10860000DC0C18BF033202EBDC02C2F1200300FADB
:1086100003FC20FA02F001FA03FE40EA0E0021FA00
:1086200002F11444BDE600BF70B54FF0FF0C4CF4EE
:10863000E06C1CEA11541DBF1CEA135594EA0C0FA0
:1086400095EA0C0F00F0DEF82C4481EA030621EADB
:108650004C5123EA4C5350EA013518BF52EA033516
:1086600041F4801143F4801338D0A0FB02CE4FF0C8
:108670000005E1FB02E506F00042E0FB03E54FF0F8
:108680000006E1FB03569CF0000F18BF4EF0010EF0
:10869000A4F1FF04B6F5007F64F5407404D25FEAEC
:1086A0004E0E6D4146EB060642EAC62141EA55519F
:1086B0004FEAC52040EA5E504FEACE2EB4F1FD0CE1
:1086C00088BFBCF5E06F1ED8BEF1004F08BF5FEA5F
:1086D000500E50F1000041EB045170BD06F0004611
:1086E00046EA010140EA020081EA0301B4EB5C04BE
:1086F000C2BFD4EB0C0541EA045170BD41F48011B6
:108700004FF0000E013C00F3AB8014F1360FDEBFDA
:10871000002001F0004170BDC4F10004203C35DAB6
:108720000C341BDC04F11404C4F1200500FA05F339
:1087300020FA04F001FA05F240EA020001F00042DA
:1087400021F0004110EBD37021FA04F642EB060150
:108750005EEA430E08BF20EAD37070BDC4F10C047A
:10876000C4F1200500FA04F320FA05F001FA04F23E
:1087700040EA020001F0004110EBD37041F100012A
:108780005EEA430E08BF20EAD37070BDC4F1200535
:1087900000FA05F24EEA020E20FA04F301FA05F29D
:1087A00043EA020321FA04F001F0004121FA04F245
:1087B00020EA020000EBD3705EEA430E08BF20EA15
:1087C000D37070BD94F0000F0FD101F0004640004F
:1087D00041EB010111F4801F08BF013CF7D041EAD1
:1087E000060195F0000F18BF704703F000465200D5
:1087F00043EB030313F4801F08BF013DF7D043EAA6
:108800000603704794EA0C0F0CEA135518BF95EA5B
:108810000C0F0CD050EA410618BF52EA4306D1D1E2
:1088200081EA030101F000414FF0000070BD50EA01
:10883000410606BF1046194652EA430619D094EA8B
:108840000C0F02D150EA013613D195EA0C0F05D175
:1088500052EA03361CBF104619460AD181EA0301C9
:1088600001F0004141F0FE4141F470014FF0000081
:1088700070BD41F0FE4141F4780170BD70B54FF01C
:10888000FF0C4CF4E06C1CEA11541DBF1CEA13559C
:1088900094EA0C0F95EA0C0F00F0A7F8A4EB05047E
:1088A00081EA030E52EA03354FEA013100F0888075
:1088B0004FEA03334FF0805545EA131343EA12633E
:1088C0004FEA022245EA111545EA10654FEA0026F3
:1088D0000EF000419D4208BF964244F1FD0404F5AC
:1088E000407402D25B084FEA3202B61A65EB030508
:1088F0005B084FEA32024FF480104FF4002CB6EBC5
:10890000020E75EB030E22BFB61A754640EA0C0044
:108910005B084FEA3202B6EB020E75EB030E22BF84
:10892000B61A754640EA5C005B084FEA3202B6EBC5
:10893000020E75EB030E22BFB61A754640EA9C0084
:108940005B084FEA3202B6EB020E75EB030E22BF54
:10895000B61A754640EADC0055EA060E18D04FEA12
:10896000051545EA16754FEA06164FEAC30343EAB2
:1089700052734FEAC2025FEA1C1CC0D111F4801F7F
:108980000BD141EA00014FF000004FF0004CB6E778
:1089900011F4801F04BF01430020B4F1FD0C88BF17
:1089A000BCF5E06F3FF6AFAEB5EB030C04BFB6EB22
:1089B000020C5FEA500C50F1000041EB045170BD15
:1089C0000EF0004E4EEA113114EB5C04C2BFD4EB42
:1089D0000C0541EA045170BD41F480114FF0000EC6
:1089E000013C90E645EA060E8DE60CEA135594EA42
:1089F0000C0F08BF95EA0C0F3FF43BAF94EA0C0F45
:108A00000AD150EA01347FF434AF95EA0C0F7FF4B9
:108A100025AF104619462CE795EA0C0F06D152EA0D
:108A200003353FF4FDAE1046194622E750EA4106F1
:108A300018BF52EA43067FF4C5AE50EA41047FF402
:108A40000DAF52EA43057FF4EBAE12E74FEA410265
:108A5000B2F1E04324BFB3F5001CDCF1FE5C0DD99C
:108A600001F0004C4FEAC0024CEA5070B2F1004FE6
:108A700040EB830008BF20F00100704711F0804FE9
:108A800021D113F13872BCBF01F00040704741F4AE
:108A900080114FEA5252C2F11802C2F1200C10FAB2
:108AA0000CF320FA02F018BF40F001004FEAC12396
:108AB0004FEAD32303FA0CFC40EA0C0023FA02F33A
:108AC0004FEA4303CCE77FEA625307D150EA013310
:108AD0001EBF4FF0FE4040F44000704701F00040E0
:108AE00040F0FE4040F40000704700BF80F00040BE
:108AF00002E000BF81F0004142001FBF5FEA410376
:108B000092EA030F7FEA226C7FEA236C6AD04FEA75
:108B10001262D2EB1363C1BFD218414048404140BA
:108B2000B8BF5B42192B88BF704710F0004F40F46C
:108B3000000020F07F4018BF404211F0004F41F488
:108B4000000121F07F4118BF494292EA030F3FD054
:108B5000A2F1010241FA03FC10EB0C00C3F1200367
:108B600001FA03F100F0004302D5494260EB4000F6
:108B7000B0F5000F13D3B0F1807F06D340084FEA61
:108B8000310102F10102FE2A51D2B1F1004F40EB56
:108B9000C25008BF20F0010040EA030070474900BE
:108BA00040EB0000013A28BFB0F5000FEDD2B0FA5B
:108BB00080FCACF1080CB2EB0C0200FA0CF0AABF7E
:108BC00000EBC25052421843BCBFD040184370471C
:108BD00092F0000F81F4000106BF80F40000013222
:108BE000013BB5E74FEA41037FEA226C18BF7FEAF9
:108BF000236C21D092EA030F04D092F0000F08BF3B
:108C00000846704790EA010F1CBF0020704712F021
:108C10007F4F04D1400028BF40F00040704712F160
:108C200000723CBF00F50000704700F0004343F0C5
:108C3000FE4040F4000070477FEA226216BF0846FB
:108C40007FEA23630146420206BF5FEA412390EABE
:108C5000010F40F4800070474FF0000304E000BFB4
:108C600010F0004348BF40425FEA000C08BF704765
:108C700043F0964301464FF000001CE050EA010229
:108C800008BF70474FF000030AE000BF50EA01023E
:108C900008BF704711F0004302D5404261EB41012B
:108CA0005FEA010C02BF84460146002043F0B64350
:108CB00008BFA3F18053A3F50003BCFA8CF2083A75
:108CC000A3EBC25310DB01FA02FC634400FA02FC7E
:108CD000C2F12002BCF1004F20FA02F243EB020085
:108CE00008BF20F00100704702F1200201FA02FCE7
:108CF000C2F1200250EA4C0021FA02F243EB0200DA
:108D000008BF20EADC70704753B94AB9002908BF90
:108D100000281CBF4FF0FF314FF0FF3000F00CB8BF
:108D2000ADF1080C6DE904CE00F008F8DDF804E0C0
:108D3000DDE9022304B07047704700BF2DE9F0471A
:108D400086468C460846089E154674461946002BF2
:108D500040F0C1808542B2FA82F245D94AB1C2F1EF
:108D6000200300FA02FC954094402EFA03F343EAF4
:108D70000C0C4FEA154EA8B2230CBCFBFEF80EFB00
:108D800018CC08FB00F943EA0C43994528D9EB18A5
:108D900008F1FF3704D2994502D9A8F102072B4404
:108DA000A3EB0903A4B2B3FBFEFC0EFB1C330CFBCC
:108DB00000F044EA0344A04214D92C190CF1FF330B
:108DC00004D2A04202D9ACF102032C44241A43EA93
:108DD00007401EB1D440002334607360BDE8F087C3
:108DE0004746DDE76346F1E792BB431B01214FEAAB
:108DF000154EAFB2200CB3FBFEFC0EFB1C330CFB7C
:108E000007F840EA0343984561D9EB180CF1FF30AD
:108E100004D2984502D9ACF102002B44A3EB08031D
:108E2000A4B2B3FBFEFC0EFB1C330CFB07F744EAB9
:108E30000344A7424DD92C190CF1FF3304D2A742A9
:108E400002D9ACF102032C44E41B43EA0040C0E722
:108E5000C2F120039540944020FA03F12EFA03F367
:108E60004FEA154E9040AFB20343B1FBFEFC0EFB40
:108E70001C10190C0CFB07F841EA0041884522D967
:108E800069180CF1FF3004D2884502D9ACF1020018
:108E90002944A1EB08019BB2B1FBFEFC0EFB1C11A7
:108EA0000CFB07F743EA01439F420ED9EB180CF184
:108EB000FF3104D29F4202D9ACF102012B44DB1BEB
:108EC00041EA004193E76046E3E76146F7E7604621
:108ED000A4E76346B8E7834206D916B900210846DD
:108EE0007CE7C6E900E0F9E7B3FA83F78FB983427C
:108EF00001D3724508D8BEEB020460EB03030120E6
:108F00009C461EB9002169E73846FAE7C6E9004CDD
:108F1000F8E7C7F1200CBB400EFA07F522FA0CF473
:108F20002EFA0CF1BA401C4320FA0CF3B8404FEA79
:108F3000144901431FFA84FEB3FBF9F809FB18300A
:108F40000B0C08FB0EFA43EA00439A4540D9E3189C
:108F500008F1FF3004D29A4502D9A8F10200234457
:108F6000A3EB0A0389B2B3FBF9F809FB183308FB3A
:108F70000EFE41EA03418E452CD9611808F1FF33FA
:108F800004D28E4502D9A8F10203214443EA0040ED
:108F9000A1EB0E01A0FB02984145CE46434602D309
:108FA00006D14D4504D20138B9EB020E68EB04033B
:108FB000002EA7D0B5EB0E0261EB030101FA0CFC09
:108FC00022FA07F3F9404CEA0303C6E9003199E7B6
:108FD0004046C5E74346D9E710F8012B11F8013B9D
:108FE000012A28BF9A42F7D0D01A7047034613F8D7
:108FF000012B002AFBD1181A01387047000000002D
:10900000F0B5674B89B01B6807934FF0000300234E
:10901000CDE9033304230D4606460293002800F0F1
:10902000B280002900F0AF80062103A80CF01AFAE4
:10903000044678B1034601215A4A5B480DF0E8FA2C
:10904000574B1A68079B5A404FF0000300F09E8070
:1090500014F07AFD014603AA30460CF08FF904465D
:1090600048B10346514A01214F480DF0D1FA03A8F7
:109070000CF044FAE4E7012101AA03A80CF06AFB12
:10908000044610B103464A4AEDE7019BB3B1042BF5
:109090001AD0052B0CBF0923FF232B70032102AB31
:1090A00005AA03A80CF0A6FB064678B10346414A80
:1090B00001213D480DF0ACFA3446D8E700230020EA
:1090C0002B706860A860D2E70723E6E7029B002BBD
:1090D000F4D020336B4403F80C0C0146022205A89F
:1090E00015F0E6FE2B78C0B2092B06D10F2823D944
:1090F0006FF015042346304AB5E70F28F8D8072B40
:1091000021D12E4B2E4F33F81000D0B1FFF722FAA9
:1091100021A3D3E90023FFF787FAFFF797FC042187
:10912000686002AB05AA03A802910CF063FB064637
:1091300060B10346234ABBE7234B244F33F81000AA
:10914000E3E72348EBE76FF07F04D3E7029B014698
:1091500020336B4403F80C0C022205A815F0A8FE7E
:10916000C3B20F2B07D901211A4A0F480DF050FA4C
:109170006FF015047BE7581CC0B2FFF771FD39464C
:10918000FEF7E2FF9EE76FF0150459E7204609B0AD
:10919000F0BD00BFAFF300807B14AE47E17A2440FE
:1091A00080BE01209B31020070120200C431020017
:1091B000ED3102000F3202003B320200E0190200E2
:1091C0000AD7A33F5F320200C01902000AD723402A
:1091D0000AD7A3408A32020007B5084B1B680193E7
:1091E0004FF00003054B1A68019B5A404FF00003F3
:1091F00001D014F0A9FC03B05DF804FB80BE01208F
:1092000037B5094C246801944FF00004064C2568DA
:10921000019C65404FF0000401D014F095FC03B0B0
:10922000BDE8304004F0A6B980BE0120F0B583B09F
:10923000184B00AF1B687B604FF0000302F108037E
:1092400023F00703ADEB030D05466846144617F0FF
:10925000A1FB00236E460DF804308AB06A460E4921
:10926000D661C2E905150D4911620D4942F8101F7A
:109270004FF423510B4804F0D1F8064B1A687B6871
:109280005A404FF0000301D014F05EFC0C37BD468D
:10929000F0BD00BF80BE0120061A020000020103DB
:1092A00004000002201202002DE9F04389B0774B40
:1092B00002AF1B687B614FF000030B7806460C463B
:1092C000092B00F2DD80DFE813F00A0046004A00B7
:1092D000C700DB00DB00DB00CE00DB00D500CD6982
:1092E00035B12B466A4A01216A48FFF789FF28E019
:1092F0000321694A674804F025F9684B07F108041F
:1093000093E80700664B84E807003C606C468AB02F
:109310007B6002AA634B5361634B93611223D36159
:109320004FF400731384614B42F8103F4FF4135114
:1093300058482B4604F072F83946A546304607F0E7
:10934000A5FC524B1A687B695A404FF0000300F0AD
:10935000998014F0F9FBCB69554A0321C4E74A69A7
:10936000CB69032100924B48524A04F01DF9D4F80E
:109370001480B8F5006F12D9DFF83C9149463046A9
:10938000A8F5006207F0B8FC051E28D029DBA8EB81
:109390000508B8F5006FF1D86FF0790901E04FF0DA
:1093A000000942463046444907F0BEFC0546C0B9B4
:1093B000237B012B06D1238B30463B8107F108012B
:1093C00007F0F4FBB9F1000F17D063694FF40062A6
:1093D000012100922F48394A04F0E6F8B1E76FF016
:1093E0000405237B012B06D1238B30463B8107F1FB
:1093F000080107F0DBFB002D17DB62692E493048BE
:10940000FFF714FF06222F492B4817F07DFB10B9F8
:109410000BF0EAFA95E707222B49274817F074FB6F
:1094200000288ED10BF0F8FA8BE715F17A0FCCD02B
:109430002B460121254A1748FFF7E2FE0321244A63
:10944000144804F07FF8304607F0E6FB0346002896
:109450003FF477AF1F4A46E7CB690BB11E4A42E79C
:109460008B881E4A79E7CB690BB11D4A3BE78B8895
:109470001C4A72E7CB69002B3FF463AF1A4A32E70C
:109480001A4A6AE71C37BD46BDE8F08380BE01205A
:109490000B1A020020120200231A0200E01202003E
:1094A0000100D204391A0200531A0200040000011C
:1094B000661A0200831A0200E0E30020A11A0200EB
:1094C000F01A0200FB1A0200021B02000A1B020033
:1094D0002A1B0200471B0200601B0200761B0200D1
:1094E0008B1B0200A11B0200B61B0200CE1B020058
:1094F0002DE9F04389B01D464FF01008214BDFF8ED
:10950000889000AF1B68FB614FF0000306461446CD
:10951000C7E904253973C7F80490C7F8088005F037
:109520004FFFBB7E2A462146388323F003031748AA
:109530006C46BB76FFF77AFE8AB06A46144BC2F8D7
:109540001C80C2E905394FF400731384114B42F8B3
:10955000103F00234FF413510F4803F05FFF3046D4
:10956000A546391D07F0CEFA064B1A68FB695A402A
:109570004FF0000301D014F0E7FA2437BD46BDE8F0
:10958000F08300BF80BE0120EC1B0200FD1B020027
:109590000A1C020004000001201202002DE9F04F15
:1095A0009FB00126574B02AF1B68FB664FF00003CC
:1095B000044607F02BFA50220021381D17F0F7F966
:1095C0003B46002150483A1DC7E9036605F01AFFE3
:1095D0000546A8B1034631464C4A4D48FFF710FEF8
:1095E0004C4A31464A4803F0ADFF6FF00905454B40
:1095F0001A68FB6E5A404FF000037DD014F0A4FAB5
:109600004FF008093E68DFF81081DFF804B136B387
:109610007369082B51D1B36940495B6801204B60E5
:1096200045F6073308804B8007F154061023324675
:10963000043106F0CBFBE84688B002AB384AC3E9F8
:1096400005264FF400729A831A46364B42F8103FB3
:1096500000234FF4E6512E4803F0E0FEC54638687B
:1096600005F0E6FE2D4B07F1540663632E4B1721E0
:10967000A36430462D4A10F031FC0346002831D057
:1096800001212B4A2248FFF7BBFD2A48E062FFF781
:10969000ADFC294B294AE363294B2063A3630423D0
:1096A00084F85E30274BE3644FF40063C4E915236C
:1096B0002365002384F8243099E7EA468AB002AA99
:1096C000C2E90583182313620523C2F81C9042F8EF
:1096D000103F00234FF42151584603F09FFED5461A
:1096E000366894E787F863000F231421164A009622
:1096F000104815F0EFF9C8E728467437BD46BDE8B5
:10970000F08F00BF80BE01201F1C02003E1C020023
:1097100020120200551C0200921C0200ACE3002043
:109720007C1C020003000001A9920000B51C02008D
:10973000BD1C0200CCE3002030C60020E0EB00207E
:1097400038C60020E0F30020DE1C020007B5034607
:109750000D4A90F82400126801924FF0000260B99F
:109760009B6A0B6001238B80074B1A68019B5A4050
:109770004FF0000304D014F0E7F96FF08500F3E731
:1097800003B05DF804FB00BF80BE012007B50B4BA2
:10979000B0F5A07F1B6801934FF0000302BF0122C8
:1097A000074B1A70054B1A68019B5A404FF0000393
:1097B00001D014F0C9F903B05DF804FB80BE0120AC
:1097C000E0FB002037B5094C246801944FF00004F9
:1097D000064C2568019C65404FF0000401D014F050
:1097E000B3F903B0BDE8304003F0C4BE80BE012031
:1097F00013B50A4A126801924FF00002074A146832
:10980000019A54404FF0000201D014F09DF9836892
:109810001B6802B0BDE81040184700BF80BE0120A1
:1098200090B583B0274B00AF1B687B604FF00003FF
:10983000037853B1032B27D0224B1A687B685A4018
:109840004FF000033AD014F07FF9037A012B19D0BE
:10985000052BF1D11C4B6C4688B06A461B49C2E906
:1098600005134FF400739383194B42F8103F002304
:109870004FF4E651174803F0D1FDA546164812F003
:10988000EDFDD9E7154BE6E7017A154A154B6C4615
:1098900088B0012908BF13466A461349C2E9051377
:1098A0004FF4007393830A4B42F8103F00234FF4A8
:1098B000E651084803F0B2FDA546BDE70C37BD46AA
:1098C00090BD00BF80BE01202D1D0200501D020072
:1098D0000300000120120200B0CD0020141D020080
:1098E000411D02004B1D0200701D020007B56FF004
:1098F0001002444B00211B6801934FF00003424BC0
:109900001A706FF041025A7001229A70DA701A715F
:109910009A716FF061021A726FF067025A72342204
:109920009A7268225971D9713849DA720A881A8292
:1099300001320A806FF0320103F5005291746FF02A
:109940005401D174324A123302F1400152F8040B2F
:109950008A4243F8040BF9D12D4B2E4A03F1100132
:1099600053F8040B8B4242F8040BF9D180222A49A8
:109970002A4817F00FF82A4B2A4A03F1300153F80E
:10998000040B8B4242F8040BF9D11B88032113808E
:10999000254842F21403254AFFF714FF002140F640
:1099A000CD4013F0B3FF04230321214A1E48FFF7E3
:1099B00009FF002140F6CD4013F0A8FF42F2140346
:1099C0000121114A1B48FFF793FD034680B10D4A60
:1099D0001168019A51404FF0000201D014F0B4F820
:1099E0000321154A104803B05DF804EBFFF7EABE07
:1099F000044B1A68019B5A404FF00003EED103B0AC
:109A00005DF804FB80BE0120E1FB0020C4E30020E0
:109A100074CB0020F30B012074CA0020FD03012049
:109A200088CA0020F3130120201202007D1D0200CD
:109A3000931D0200F8D900209C1D02002DE9F3417E
:109A4000404B05461B6801934FF0000301223E4C3A
:109A50003E4F04F5005895423B880BD201333B80C2
:109A6000384B1A68019B5A404FF000035ED102B098
:109A7000BDE8F0816FF0100121706FF0410161705D
:109A80000121A28056186FF0610222726FF0670206
:109A900023826FF032036272342288F812306FF042
:109AA0005403A272682288F81330294BE272294AC3
:109AB000A170E170B6B2E58003F1400153F8040BE8
:109AC0008B4242F8040BF9D1214B234A03F11001D8
:109AD00053F8040B8B4242F8040BF9D180221F4942
:109AE0001F4816F057FF1F4B1F4A03F1300153F870
:109AF000040B8B4242F8040BF9D11B88032113801D
:109B00001A4842F214031A4AFFF75CFE42F21403A9
:109B1000224600211748FFF7EBFC034680B1094AB3
:109B20001168019A51404FF0000201D014F00CF876
:109B30000321114A0D4802B0BDE8F041FFF742BED3
:109B4000324688E780BE0120E1FB0020C4E300200C
:109B500074CB0020F3FB0020F30B012074CA00201B
:109B6000F303012088CA0020F31301202012020011
:109B70007D1D0200F8D900209C1D020007B5194B7D
:109B800001291B6801934FF000030BD0022919D063
:109B9000144B1A68019B5A404FF000030BD103B0DD
:109BA0005DF804FBC207F3D50E4B1A68019B5A40BF
:109BB0004FF0000301D013F0C7FF03B05DF804EBD2
:109BC000FFF794BE8307E3D5064B1A68019B5A4002
:109BD0004FF00003EFD1322003B05DF804EBFFF744
:109BE0002DBF00BF80BE0120F0B5674B89B00022B9
:109BF00006210F201B6807934FF0000304F028FE96
:109C0000624B634A02934FF4C063ADF80C30614B72
:109C100004A904934FF44073ADF8143007238DF872
:109C200016305D4B02A806930FF048FC02A80FF017
:109C30007BFC4FF47A7102A80FF08EFC01240246DF
:109C400023460021009402A80FF0D4FC00214FF419
:109C5000804013F05BFE514800F06AFD504811F05F
:109C600077FC60B94F4800F063FD474B1A68079BCB
:109C70005A404FF0000300F0858013F065FF4A4919
:109C80004748FFF7B5FD49494548FFF7B1FD484949
:109C90004348FFF7ADFD47494148FFF7A9FD0AF0EA
:109CA0006FFD20B1444A2146444803F04BFC032198
:109CB000434A424803F046FC08F0C4FF034658B14B
:109CC000404A01213D48FFF77DFD01213E4A3B48C6
:109CD00003F038FC0020C8E703213C4A374803F072
:109CE00031FC3B480CF038FC034608B1394AE8E740
:109CF0004FF0FF324FF0FF33374812F0E7FB0321FC
:109D0000364A2E4803F01EFC01200AF06DFE34484E
:109D10000AF094FD20B10121324A284803F012FCD8
:109D20003148FFF73BFC0346F0B1304A012123489C
:109D3000FFF748FDCEE73C23032128462C4AFFF7D6
:109D400041FD4FF4F010002113F0E0FD304606F025
:109D500085FE0134034660B13A4601212846FFF7EB
:109D600031FD002CE7D1F1E704461F4E214F134D82
:109D7000ECE721491C48FFF7E9FC03460028A9D07D
:109D80001E4AD3E709B0F0BD80BE012000F00040BC
:109D90008D9700000024F400B71D0200C41D0200CE
:109DA000F40F0200D81D0200B8190200B019020019
:109DB000A8190200A0190200E71D020020120200EB
:109DC0000C1E0200271E0200B51E0200591E0200D2
:109DD00021980000731E0200B0CD00209C1E0200DE
:109DE0007D9B0000D31E0200F8D90020FC1E02005B
:109DF000211F02003F1F0200F0D90020591F02005E
:109E00002DE9F04F93B00093944B03921B6811938C
:109E10004FF00003039B840703F004030293039BAA
:109E20000546C3F3C20303F101030E46DDF870904B
:109E3000059340F0C481041D68B1072910D86FF064
:109E40001B00864B1A68119B5A404FF0000300F02C
:109E5000B98113F079FE01F00706341DC6F108063A
:109E6000009B4FF000084FF0040A591E4FF0FF33DB
:109E700047460193C3465346CDF810800DB1009A72
:109E800022600598002800F3EF807548009A82420E
:109E900003D374488242C0F0E780039AA4EB050E16
:109EA00092074FEA9E0000F10A810F2F00F2B18065
:109EB000002D00F00C8107F148020DEB020C019A15
:109EC0000CF8240C0CF8142C049801300490EEE0EB
:109ED0007A285DD84B280ED8472859D829282DD85C
:109EE000252852D054D820287AD02338D0F1000B1E
:109EF0004BEB000B74E04C382E2849D8DFE800F01B
:109F00007048484848484848484848484B484848A6
:109F1000484848484859484B4B595959704B6D4827
:109F20007048184B184848827F4B48484B487F0080
:109F300000204FF0000B4FF0040A38E001222A38CD
:109F4000C0B202FA00F010EA0E0F49D110F0625CC4
:109F50002FD110EA020B43D06046013C5444B4FBBD
:109F6000FAF40AFB04F4002D61D0A3EB050CA44421
:109F70006645FFF464AF002868D1042B47D159F837
:109F8000043B2360042304342AE0019A013A01923D
:109F90004FF0000B24E011F8010C6C2834D10020A4
:109FA00011F8023C83466C2BC5D14FF0080A53468A
:109FB000D3E709F1070929F00709073424F007045A
:109FC000F9E802AB35B106982044B0423FF637AF0E
:109FD000C4E900AB4FF0000B08344FF0080A5346B9
:109FE00011F8010F00287FD0BBF1000F7FF470AF94
:109FF0002528F5D14FF0010B019B013301934FF060
:10A00000040AECE7584694E700208346A5E7082BAE
:10A0100002D06FF0150014E709F1070929F00709CC
:10A02000F9E80223C4E9002308230834D8E768B913
:10A03000042B02D109F10409A4E7082BE9D109F1A5
:10A04000070929F0070909F10809EDE7059A013A1E
:10A05000059259F8042B009210E700BF80BE012042
:10A06000D00E0200B8400200039A900720D54FF0AE
:10A07000010CA4EB050E4FEA9E00BEF5007FC8D28E
:10A080000F2FC6D8F5B107F148020DEB020E019A69
:10A09000C0B20EF8240C0EF8142CBCF1000F3FF4E3
:10A0A00013AF60F07F000EF8240C08F101080137AF
:10A0B000C5F108024FF6DA7E0434069290E74FF0BD
:10A0C000000CDAE7BCF1000F01D00136EFE702988F
:10A0D00002360028EBD10098CDE90631FEF786FF65
:10A0E000DDE906310644E2E7631BB3F5806F90D2E9
:10A0F0001DB9A6F10804E018A3E6029A9B0828609F
:10A100002B709DF81030C2B1EB7085F80280B8F169
:10A11000000F05D0002209A8C5F1010C97420ED10D
:10A120004FF0000AC5F101030DF1240901930DF16F
:10A13000340B574512D1601B83E66B70E5E710F8CE
:10A14000013B190608D504EB0C0E764503F07F039E
:10A15000FFF475AE04F8013B0132DFE7B8F1000F00
:10A1600003D099F90020002A17DB029BD3B11AF81B
:10A170000B2004F8012B0022019B981820448642F2
:10A18000FFF45DAE99F80000009904F8010B204639
:10A19000039216F0FFFB039A14440AF1010A09F135
:10A1A0000109C6E799F8002055F822300093029B78
:10A1B000009845F82230FEF719FF421CDCE76FF0EB
:10A1C0000D003EE613B0BDE8F08F00BF2DE9F34768
:10A1D0001746224A06460D46126801924FF00002C9
:10A1E00098467BB34FF0000A98F8004093F801902E
:10A1F000DB78A40004EB430498F802301C44444488
:10A20000CA450CD31549D8F804200868019948407C
:10A210004FF0000108F108030DD013F095FC14F87D
:10A22000013B0AF1010A204648F82340FEF7DEFE12
:10A2300001300444E4E739463046AC4602B0BDE89C
:10A24000F0476047054B1A68019B5A404FF00003E6
:10A25000E3D16FF0150002B0BDE8F08780BE0120A9
:10A2600073B50025184B02461B6801934FF000039D
:10A270002846144614F8013B0BB9184609E0D8B13A
:10A280008D420FD1702B04D0A3F140023A2A13D88B
:10A2900000200D4B1A68019B5A404FF0000311D06B
:10A2A00013F052FCA3F140063A2E05D8537801353D
:10A2B000941C002BE1D00020252B224608BF80F003
:10A2C0000100D6E702B070BD80BE01202DE9F04F3D
:10A2D00099B000AF7B62D7E922A33B62D7F89030F8
:10A2E0007A633B61A34B04461B68FB654FF0000398
:10A2F000CAF3C00390F802B0BB61396349B945782D
:10A3000000780BEB800020443B6B9D421DD8031B63
:10A310003B63E378FB61BBF1000F02D01AF0010F41
:10A320001DD1FB69002B30D17B6B1BB120467A6AB3
:10A33000396B98473D6B8F4B1A68FB6D5A404FF055
:10A34000000300F0B18113F0FFFB461C3046FEF71E
:10A350004DFE3B6B0130013330443B63D4E723783F
:10A360006268FB629B007B61FB6ABA6204EB830953
:10A370007B6B002B40F00A81C84600263D6B09EB41
:10A380000B02904551D1D94413E01AF0020FCBD003
:10A3900023789946FB629B007B61636804EB890923
:10A3A000BB627B6B002B7AD13D6BBBF1000F50D1B0
:10A3B0005E461AF0050F0CBF022301237B63FB6985
:10A3C00009EB43033B630AF00203FB623B6B9945D5
:10A3D000B1D019F802BB19F8013C54F82380664B40
:10A3E000984502D3654B984539D3BB69002B44D0BF
:10A3F0005946B86AFFF734FF00283ED0E8468AB0D5
:10A400006A465F4B5361BB6AC2E9063B4FF4007377
:10A4100013845C4B42F8103F00234FF412515A480A
:10A4200002F0FCFF023DC546D0E718F8013B7A6315
:10A4300054F82300FEF7DAFD3B6A7A6B013033B142
:10A440003B699E423EBF3B6A23F816000136054435
:10A4500097E71AF004061CBF7E6BD944A9E7BB69D5
:10A460002BB15946B86AFFF7FBFE0028C6D11AF097
:10A47000010F05D17B6BED1AA8E7FB6A002BA5D075
:10A480004046FEF7B3FD3B6A3BB13B699E423FBF8E
:10A490003A6A431C22F816300136054496E7BBF1B0
:10A4A000000F79D01AF0040679D0D846002607F1BB
:10A4B0004C005A46494616F06DFAFB69D9445B00D8
:10A4C000FB60FB6909EB43033B610AF00203BB60DD
:10A4D0003B694B4565D163781AF0020F18BF002124
:10A4E00006EB030208BF4FEA58011AF0010FD2B27F
:10A4F00040F0A9801AF0040F14BF40460020BB6250
:10A500006270A070E17020467A6A79697B6B984727
:10A51000051EFFF610AFFB6A41462370BB6A7A6ADC
:10A520006370FB6984F802B0E37007F14C007B6B49
:10A530009847B0F10008C0F2B3803B6B4846A3EBEC
:10A540000B017B697A6AC91AFB68C91A7B6B984749
:10A550000028C0F2A7804FF0000BA84408EB0005CC
:10A5600007F13C0AB34570D300217A6A08467B6B39
:10A570009847E0E680BE0120D00E0200B8400200FD
:10A58000811F020004000001381202005E464FF0F5
:10A59000000807F13C008CE75E46D8468DE7B046E0
:10A5A0008BE719F8021B434B19F8015C54F825009E
:10A5B000984202D3404B98421FD3BB6933B1B86A6B
:10A5C0007960FFF74DFE7968002881D1BB68FBB93F
:10A5D00008F1280307F1380208F1010003EB020C2F
:10A5E00007F1600308F1020853FA80F00CF8141C1C
:10A5F0005FFA88F800F8145C6AE7BB692BB1B86AA7
:10A60000FFF72EFE00287FF463AF1AF0010F09D088
:10A6100006F1280307F13802711C9E1806F8245C25
:10A62000CEB255E71AF0040F3FF452AF08F12803F9
:10A6300007F1380208F1010103EB020808F8145C85
:10A640005FFA81F844E7002059E71BF80A3054F814
:10A65000239087F83B303B6AFBB133F81B80012124
:10A660007A6A7B6B07F13B00984700281ADB0544A8
:10A67000B8F1000F06D14846FEF7B8FC00F101081A
:10A680001FFA88F8414648467A6A7B6B984700284B
:10A6900008DB05440BF1010B64E7D7F82080DEE707
:10A6A000454648E6054646E628466437BD46BDE8C9
:10A6B000F08F00BFD00E0200B840020007B5094B72
:10A6C0001B6801934FF00003064B1A68019B5A4028
:10A6D0004FF0000301D013F037FA002003B05DF80B
:10A6E00004FB00BF80BE012037B5104B8A680C68A0
:10A6F0001B6801934FF00003551C14B14B68934243
:10A7000009DC8D60094B1A68019B5A404FF0000329
:10A710000AD013F019FA013B934208BF00228D6062
:10A720000CBFE254A054EDE703B030BD80BE012061
:10A730000FB407B504A90C4B51F8040B1B68019327
:10A740004FF00003009102F05BFA074B1A68019B7F
:10A750005A404FF0000301D013F0F6F903B05DF852
:10A7600004EB04B0704700BF80BE012007B5094B61
:10A770001B6801934FF00003074B1860054B1A68E4
:10A78000019B5A404FF0000301D013F0DDF903B0F4
:10A790005DF804FB80BE012040C6002030B50446B1
:10A7A00000250F4887B0006805904FF00000CDE904
:10A7B00002410C48009502A9049501F089F9DDE9F0
:10A7C00003309842064BB8BF25541A68059B5A407F
:10A7D0004FF0000301D013F0B7F907B030BD00BF50
:10A7E00080BE0120E9A600000CB437B506AB53F8D3
:10A7F000042B0B4C246801944FF000040093FFF7E6
:10A80000CDFF074B1A68019B5A404FF0000301D05F
:10A8100013F09AF903B0BDE8304002B0704700BFB2
:10A8200080BE012007B5044608461146054A126855
:10A8300001924FF000021A46A04713F093F803F07C
:10A8400005FF00BF80BE012013B50D4B00EBC10119
:10A850001B6801934FF000038368B3F5004F084B6A
:10A860002CBF51F8220031F812001A68019B5A409F
:10A870004FF0000301D013F067F902B010BD00BF24
:10A8800080BE012037B50D4C00EBC1012468019456
:10A890004FF000048068B0F5004F2CBF41F8223023
:10A8A00021F81230054B1A68019B5A404FF0000303
:10A8B00001D013F049F903B030BD00BF80BE0120C4
:10A8C00007B50A4B01221B6801934FF00003FFF705
:10A8D000BBFF064B40081A68019B5A404FF000032B
:10A8E00001D013F031F903B05DF804FB80BE012004
:10A8F00013B5134B00EBC1011B6801934FF000032C
:10A900008368B3F5004F10D34B685AB143F001038D
:10A910004B600B4B1A68019B5A404FF000030DD05F
:10A9200013F012F923F00103F2E74B881AB143F058
:10A9300001034B80EDE723F00103FAE702B010BDFD
:10A9400080BE012013B50A4B1B6801934FF0000332
:10A95000074B1C68019B5C404FF0000301D013F0D3
:10A96000F3F85300012202B0BDE81040FFF78ABFA0
:10A9700080BE012007B50D4B1B6801934FF000030B
:10A980008368B3F5004F34BF04230823C91A074B6B
:10A99000081A1A68019B5A404FF000034FEAD00092
:10A9A00001D013F0D1F803B05DF804FB80BE0120A4
:10A9B00007B50F4BB0F5004F1B6801934FF0000334
:10A9C00034BF04230823481C0833A0EBD300084BF2
:10A9D000B0FA80F01A68019B5A404FF00003C0F1B2
:10A9E0001F0001D013F0B0F803B05DF804FB00BF06
:10A9F00080BE01202DE9F341214B174603220E466C
:10AA000004461B6801934FF00003FFF71DFF8642C9
:10AA1000054607F1040811D10122E368BA4023EA90
:10AA20000203E360002344F82830154B1A68019BA9
:10AA30005A404FF000031FD013F086F8314602222F
:10AA40002046FFF701FF2B4603220146064644F845
:10AA500028502046FFF716FF094B1A68019B5A4001
:10AA60004FF00003E8D1334602222946204602B0C7
:10AA7000BDE8F041FFF706BF02B0BDE8F08100BFBE
:10AA800080BE012073B5164B0D46866804461B68D0
:10AA900001934FF00003FFF713FFB6F5004F014697
:10AAA00001D3012813D03046FFF782FF0C4B02463A
:10AAB0001968019B59404FF0000301D013F044F88E
:10AAC0002946204602B0BDE87040FFF793BF044B13
:10AAD0001A68019B5A404FF00003EFD102B070BDDD
:10AAE00080BE01202DE9F347234B05468068884648
:10AAF0001B6801934FF00003FFF75AFF05EB800A34
:10AB0000DAF810900646B9F1000F21D00327DAF8E1
:10AB1000104028462146FFF7D3FE40450DD332466C
:10AB200021462846FFF766FF134B1A68019B5A40DF
:10AB30004FF000031BD013F007F8032221462846EC
:10AB4000FFF782FE013FCAF8100001D08145DED137
:10AB50004FF0FF34EB68721C94401C40E4D094FA30
:10AB6000A4F2B2FA82F2131D55F82340D8E720462A
:10AB700002B0BDE8F08700BF80BE01202DE9F3419F
:10AB8000194B14460E4605461B6801934FF000030F
:10AB9000FFF796FEA71B331B03EB00083A4631462E
:10ABA0002846FFF7CFFE424621462846FFF7CAFE59
:10ABB0003B46002221462846FFF764FE21462846F0
:10ABC000FFF77EFE084B1A68019B5A404FF00003C6
:10ABD00001D012F0B9FF211843460022284602B0E6
:10ABE000BDE8F041FFF74EBE80BE0120F7B5154B22
:10ABF00016461B6801934FF0000304460F46FFF70B
:10AC00005FFE314605462046FFF75AFE05442A46B8
:10AC100039462046FFF796FE31462046FFF750FEA4
:10AC2000084B1A68019B5A404FF0000301D012F004
:10AC30008BFF31182B460022204603B0BDE8F040C0
:10AC4000FFF720BE80BE0120F7B5304B0D46866869
:10AC500004461B6801934FF00003FFF731FEB6F581
:10AC6000004F014601D3012847D03046FFF7A0FE30
:10AC700004EB80010E69EEB90122E36882401343C0
:10AC8000E36002222B460D6120462946FFF7FAFDBC
:10AC90001E4B1A68019B5A404FF0000301D012F07E
:10ACA00053FF2B4603222946204603B0BDE8F0405F
:10ACB000FFF7E8BD022231462046FFF7C5FD0746F3
:10ACC0000346022229462046FFF7DCFD33460322D5
:10ACD00029462046FFF7D6FD2B460322394620465B
:10ACE000FFF7D0FD094B1A68019B5A404FF0000353
:10ACF000D5D12B4602223146D6E7044B1A68019B78
:10AD00005A404FF00003CAD103B0F0BD80BE01200D
:10AD1000F7B5284B0C461B6801934FF0000305461E
:10AD2000FFF7CEFD2618012231462846FFF78CFD9D
:10AD3000C3070CD431462846FFF7A4FE2146284617
:10AD4000FFF7BEFD214622182846FFF74FFF0022DD
:10AD500021462846FFF778FD271A01223946284662
:10AD6000FFF772FD10F0010613D139462846FFF7B0
:10AD700089FE214632462846FFF766FD2246211A03
:10AD80002846FFF733FF214632462846FFF75CFD91
:10AD9000241A084B1A68019B5A404FF0000301D057
:10ADA00012F0D2FE2146284603B0BDE8F040FFF77E
:10ADB0004BBF00BF80BE012037B5144B1B68019309
:10ADC0004FF00003C9B105682846FFF7D3FD002204
:10ADD000014604462846FFF78BFD0C4B1A68019B81
:10ADE0005A404FF0000301D012F0AEFE2146284633
:10ADF00003B0BDE83040FFF78BBF044B1A68019BDE
:10AE00005A404FF00003EFD103B030BD80BE0120A7
:10AE100073B5224B05681B6801934FF0000349B9D5
:10AE200000201E4B1A68019B5A404FF0000333D09C
:10AE300012F08AFEAB68B3EBD10FF1D9B3F5004F36
:10AE400034BF04230823CC1D1C44E40821462846B3
:10AE5000FFF748FE06460028E2D001462846FFF7E5
:10AE60002FFDA04209D93444314628462246FFF737
:10AE700085FE21462846FFF7E7FE28460122314697
:10AE8000FFF736FDAB68B3F5004F34BF042308234A
:10AE900003EBC603E818C4E702B070BD80BE012012
:10AEA0002DE9F74306681446B268434BB2F5004FEC
:10AEB00001F1FF391B6801934FF0000334BF0423F5
:10AEC000082319EA01090F4613D0494239408B4241
:10AED0004F4628BF0B468946E4B90025364B1A6811
:10AEE000019B5A404FF000030CD1284603B0BDE847
:10AEF000F0839942F0D8304B1A68019B5A404FF0CA
:10AF0000000301D012F020FE214603B0BDE8F0435B
:10AF1000FFF77EBFB2EBD40FDFD9B2F5004F34BFDD
:10AF200004220822E11D3944C91A11443046C908D7
:10AF3000FFF7D8FD80460028CFD0B36809EBC005E5
:10AF4000B3F5004F34BF042308231D4435447B1E52
:10AF50001D44B5FBF7F57D43A5EB090529463046B1
:10AF6000FFF708FD2C44073424F00704A41B804598
:10AF700007464FEAE40408D2024641463046FFF74E
:10AF8000FDFD41463046FFF75FFE39463046FFF78C
:10AF900097FC3844844208D2394630462246FFF7AF
:10AFA000EDFD21463046FFF74FFE0122394630467F
:10AFB000FFF79EFC92E700BF80BE01202DE9F34120
:10AFC000334BB2F5802F1B6801934FF000032CBF69
:10AFD000082304230025D21A8C18CE1D26F007065C
:10AFE00024F00704A41BE408066021462046B46050
:10AFF000F560FFF7DDFC421D9200013002F107070A
:10B000004FEAD707A2F110022946B8BF2A4606F137
:10B01000100015F0CCFC3A4629463046FFF792FC6A
:10B020002B462A4629463046FFF72CFCA4EB07089E
:10B03000012229463046FFF75BFC4246394630463E
:10B04000FFF780FC3B462A4639463046FFF71AFC9C
:10B050002A4621463046FFF775FC43462A462146DC
:10B060003046FFF70FFC012221463046FFF740FC37
:10B07000074B1A68019B5A404FF0000301D012F0B1
:10B0800063FD3946304602B0BDE8F041FFF7DCBD54
:10B0900080BE012007B5094B1B6801934FF00003E8
:10B0A000064B1A68019B5A404FF0000301D012F082
:10B0B0004BFD002003B05DF804FB00BF80BE012003
:10B0C00007B50B4B1B6801934FF0000304F07EF8AB
:10B0D00016230360064B1A68019B5A404FF0000389
:10B0E00001D012F031FD4FF0FF3003B05DF804FBEA
:10B0F00080BE012007B50A4B08461B6801934FF03C
:10B100000003074B11461A68019B5A404FF0000399
:10B1100001D012F019FD03B05DF804EB03F0D6BFC7
:10B1200080BE012007B5114B0F281B6801934FF01B
:10B1300000030ED904F04AF8092303604FF0FF30F2
:10B140000A4B1A68019B5A404FF000030BD012F0D3
:10B15000FBFC2822064B02FB0033D3E8AF3F002B59
:10B16000E8D00020ECE703B05DF804FB80BE0120CE
:10B170004CC600200CB4034637B506AA08460C4C52
:10B1800052F8041BDB68246801944FF0000400921D
:10B190009847074B1A68019B5A404FF0000301D0B3
:10B1A00012F0D2FC03B0BDE8304002B0704700BFDF
:10B1B00080BE012007B5094B1B6801934FF00003C7
:10B1C000064B1A68019B5A404FF0000301D012F061
:10B1D000BBFC03B05DF804EB10F034BF80BE01206F
:10B1E00037B5154B15491B6801934FF00003282311
:10B1F000434308330B44D3E8AF2F92B1541ED3E836
:10B20000EF5F954204D1C3E8EC4FBCF1000FF6D1DB
:10B21000F1D1012A05D12823584300230A180B50E5
:10B220005360054B1A68019B5A404FF0000301D050
:10B2300012F08AFC03B030BD80BE012044C600205D
:10B2400073B5134B04460E4615461B6801934FF029
:10B250000003FFF767FF002815DB282363430D4A2F
:10B26000D0184068306015B10C3313442B6028238C
:10B270005C431059064B1A68019B5A404FF000037B
:10B2800003D012F061FC0020F4E702B070BD00BFF3
:10B2900080BE012044C6002073B5214B1B6801937A
:10B2A0004FF0000300254FF0FF334FF0FF321D48F1
:10B2B00010F018FF1C4BD3E8AF2FB2B10135102DA1
:10B2C00003F12803F7D103F081FF17234FF0FF3577
:10B2D00003601448FFF76EFF114B1A68019B5A4038
:10B2E0004FF0000319D012F02FFC28246C43D3E850
:10B2F000EF0F0130C3E8E10F0029F8D10B4E3319ED
:10B3000032515A6004F10C00304410F075FF04F122
:10B310002000304412F0D4FBDBE7284602B070BDB9
:10B3200080BE012008CD00204CC6002044C600206D
:10B3300037B5044610462822134B54431B6801932B
:10B340004FF00003114B1A191951506098B1C2689F
:10B350008AB10D4A1568019A55404FF0000201D09C
:10B3600012F0F2FB40F205120C34234403B0BDE8A6
:10B370003040FFF7FFBE044B1A68019B5A404FF064
:10B380000003EDD103B030BD80BE012044C60020D3
:10B3900007B5094B1B6801934FF00003064B1A6871
:10B3A000019B5A404FF0000301D012F0CDFB03B0D7
:10B3B0005DF804EBFFF714BF80BE01202DE9F341D7
:10B3C000194B04460F4690461B6801934FF000034B
:10B3D000FFF7A8FE002820DB28235C43134E04F16E
:10B3E0000C0535444FF0FF324FF0FF33284610F084
:10B3F00079FE33195B683059424639465B68984795
:10B4000004462846FFF7D6FE074B1A68019B5A40B0
:10B410004FF0000304D012F097FB4FF0FF34F3E736
:10B42000204602B0BDE8F08180BE012044C6002065
:10B4300007B5164B1B6801934FF00003038B13F005
:10B4400007030DD10368002B0CBF002003200F4B16
:10B450001A68019B5A404FF0000313D012F074FB9E
:10B46000022B05D1408BB0FA80F040098000EEE756
:10B47000012B05D10368002B0CBF00200520E6E757
:10B480000020E4E703B05DF804FB00BF80BE0120AC
:10B4900013B50F4B0C461B6801934FF0000300B12E
:10B4A00051B96FF015000A4B1A68019B5A404FF0D2
:10B4B00000030AD012F048FB081D00F00DFA002826
:10B4C000F1D1A368032BEED9EBE702B010BD00BFAA
:10B4D00080BE01202DE9F3410D461E46134B074661
:10B4E0003146281D1B6801934FF00003904600F081
:10B4F0001BFA0E4B044680B11A68019B5A404FF06C
:10B50000000301D012F020FB33464246294638465C
:10B51000A44602B0BDE8F04160471A68019B5A405A
:10B520004FF00003EED102B0BDE8F08180BE0120F3
:10B530002DE9F347068B8F4B044630071B680193B8
:10B540004FF00003914613D4022906F0070640F09D
:10B55000D8802046FFF76CFF88B10138218B042882
:10B560001BD8DFE810F0CE001A007A009000A0008F
:10B5700001290CBF46F0100646F02006268389F309
:10B580001188BFF36F8F7B4B1A68019B5A404FF0B5
:10B59000000300F0EC8012F0D7FA01F0070AB24580
:10B5A00000F0A7804FF0000845464746A368002BEF
:10B5B00000F0BD8041F00801218389F31188BFF3B9
:10B5C0006F8FA168002900F0BC800E68002900F090
:10B5D000B8803B4652462046D1F80490C847002E1A
:10B5E00077D0336831461E46F0E705F007035A1F4F
:10B5F000012A1CD8002225F00705062BD4F800806C
:10B60000ADB2C4E9002209D1434603E0628B0132A6
:10B6100062831B68002BF9D145F002052046258383
:10B62000FFF706FF00287BD045F0200577E0042BCC
:10B630000AD125F00705ADB220462583FFF7F8FEB5
:10B6400010B145F020052583218B01F0070AB24592
:10B650004FD04FF000084546A8E7236921F00701C5
:10B6600041F00601062E1D6821832CD1002D40D00B
:10B6700041F00801218389F31188BFF36F8F2046C1
:10B680003D49A84729E021F00701236941F0040161
:10B6900089B2042E5D682183E8D04FF000084FF096
:10B6A000040A474682E721F00701236941F00501BA
:10B6B00089B2052E9D682183D8D04FF000084FF045
:10B6C000050A474672E74FF000084FF0060A474662
:10B6D0006CE7334686E7002DD1D14FF02003EFF31E
:10B6E000118983F31288BFF36F8F238B23F0080334
:10B6F0002383268BF20631D526F01003238306F030
:10B7000007066769258B002FBFF66FAF0023D4F8BB
:10B710000080C4E9003325F0070545F001052583C5
:10B72000218B002501F0070AB2457FF43FAFB8F145
:10B73000000F9BD041F00801218389F31188BFF3EA
:10B740006F8FB8F1000FC6D0D8F8006041463B4675
:10B7500052462046FFF7BEFEB046F2E7B3067FF53D
:10B760000EAF26F02003238306F00706F1E602B0B1
:10B77000BDE8F08780BE01207DB7000013B50E4AFA
:10B78000126801924FF000024FF02004EFF3118293
:10B7900084F31288BFF36F8F074B41611968019BD7
:10B7A00059404FF0000301D012F0CEF9012102B050
:10B7B000BDE81040FFF7BCBE80BE012037B5104B7E
:10B7C0000C461B6801934FF00003054698B191B1F8
:10B7D0000B6883B14B6873B11C22002115F0E7F8A8
:10B7E00000202C61064B1A68019B5A404FF0000361
:10B7F00004D012F0A9F96FF01500F3E703B030BDE3
:10B8000080BE012073B5334B05460E461B6801937D
:10B810004FF00003FFF73CFE041E15DB4FF0200342
:10B82000EFF3118283F31288BFF36F8F4FF6FF712E
:10B830006B8B2C8B8B4204F007040ED182F31188A2
:10B84000BFF36F8F6FF00A04224B1A68019B5A40B6
:10B850004FF000033AD012F077F9022C0CD10133EB
:10B860006B8382F31188BFF36F8F0023224631462A
:10B870002846FFF72FFEE7E7062C14D8DFE804F090
:10B8800004131313041A0400002333606B683BB9DC
:10B89000C5E90066ACB902212846FFF749FED3E7A7
:10B8A0001E606E60F6E782F31188BFF36F8F6FF052
:10B8B0000404C9E782F31188BFF36F8F6FF085042A
:10B8C000C2E782F31188BFF36F8FBDE7204602B055
:10B8D00070BD00BF80BE012007B5124B1B680193ED
:10B8E0004FF00003034640B1426802F00302022A0F
:10B8F00006D0032A04D0012A05D06FF0150004E019
:10B900001A68002AF9D000209860064B1A68019B3B
:10B910005A404FF0000301D012F016F903B05DF861
:10B9200004FB00BF80BE012013B5134A0346126812
:10B9300001924FF000024268002402F00302022A42
:10B9400081600FD0032A02D05C60002001E01868FB
:10B950005C60094B1A68019B5A404FF0000308D005
:10B9600012F0F2F818685C600028EED012F068FD62
:10B97000EBE702B010BD00BF80BE0120F7B5104B51
:10B98000024601681B6801934FF0000300200A275C
:10B990000C4E0B461C780131355D6D0709D41360E0
:10B9A000074B1A68019B5A404FF0000306D012F073
:10B9B000CBF807FB0043A3F13000EAE703B0F0BD8A
:10B9C00080BE01204A3F02002DE9F74F9A462A4BDC
:10B9D00015461B6801934FF00003D378274A6F2B5D
:10B9E00012F803B0814688460C9E0BF0030B2DD055
:10B9F00028D8582B0CBF10270A273A460023484660
:10BA00004146FDF781F9092AD4B224D83034B9452A
:10BA1000E4B278F1000806F8014D01D3564517D875
:10BA20002B789B0605D5082F1BD1AB7843F0080374
:10BA3000AB70114B1A68019B5A404FF0000316D0AF
:10BA400012F082F803F0F703702BD3E70827D4E74E
:10BA500081468846D1E7BBF1010F0CBF373457341C
:10BA6000D5E7102FE5D1AB7843F01003E0E730467F
:10BA700003B0BDE8F08F00BF80BE01204A3F020046
:10BA80002DE9F3411E46114B0746884615461B68B3
:10BA900001934FF000031446B44205D30EB1601B6E
:10BAA00008E02378002BFAD0414614F8010BB84780
:10BAB0000028F1DA054B1A68019B5A404FF0000349
:10BAC00001D012F041F802B0BDE8F08180BE012043
:10BAD0002DE9F04F164699B0B94A03908A4612688C
:10BAE00017924FF000021C460025307808B928460E
:10BAF0004DE3731C2528049307D05146039B9847B8
:10BB00000028C0F244830135F2E1182200210AA87E
:10BB100014F04DFF7378252B00F0A3800023984686
:10BB20009E469C461846711C0F4611F8012B2B2A85
:10BB300000F0C68000F2BD80202A00F0C480232AD5
:10BB400000F0C4802BB19DF8303043F040038DF8F5
:10BB50003030B8F1000F05D09DF8303043F02003AD
:10BB60008DF83030BEF1000F05D09DF8303043F035
:10BB700010038DF83030BCF1000F05D09DF8303047
:10BB800043F008038DF8303028B19DF8303043F091
:10BB900004038DF830309DF8303003F0440144291F
:10BBA00003D16FF386138DF830309DF830302A2A98
:10BBB00043F0800309978DF8303040F08C809DF879
:10BBC000313043F001038DF831307B1C1A782E2A76
:10BBD0000CBF012100219DF8312061F341028DF855
:10BBE00031200CD15A1C09925A782A2A40F08380BD
:10BBF0009DF83120023342F004028DF831201A788A
:10BC00006C2A00F0A48000F28680682A00F08C8004
:10BC10006A2A00F0A5804C2A00F0AA801A4612F881
:10BC2000013B782B04928DF833309DF8312000F2DF
:10BC300019816D2B00F2A980692B00F21381572B1B
:10BC400000F2C080412B03D0453B022B00F20A8159
:10BC500004229DF8323062F302038DF83230012362
:10BC6000CCE0B21C04928DF833309DF83130D90706
:10BC700040F1FF8054F8048BB8F1000F07DA9DF80B
:10BC80003020C8F1000842F004028DF830205A0735
:10BC900040F1F88054F804BBBBF1000F80F2F7804C
:10BCA0009DF831306FF341038DF831304FF0FF3B99
:10BCB000EDE02D2A0DD0302A7FF444AF012333E785
:10BCC0004FF0010C30E74FF0010E2DE74FF0010867
:10BCD0002AE7012028E709A8FFF750FE099BBB428D
:10BCE0003FF474AF9DF830200D90C00F60F3410217
:10BCF0008DF830206AE709A8FFF740FE9DF8303044
:10BD00000E90C3F3400242EAD07262F341038DF811
:10BD10003030099B73E7742A26D07A2A7FF47EAFED
:10BD200006219DF831200CE05A78682A9DF83120D0
:10BD300006D1012161F3C6028DF8312002336DE78F
:10BD4000022161F3C6028DF83120013366E75A788B
:10BD50006C2A9DF8312001D10421EBE70321F0E7A3
:10BD600005219DF83120ECE707219DF83120E8E717
:10BD7000BDF8302022F4F04222F0020242F4804268
:10BD800042F00202ADF83020DFE76E3BD9B201236A
:10BD90008B4040F282410B423AD113F0240F54D130
:10BDA000DF075FD503219DF8323061F302038DF880
:10BDB000323002F07803A3F14000434243411DE0DA
:10BDC00080BE01200120A3F15801C9B200FA01F19F
:10BDD00011F4624F7FF43CAF40F6010739421DD1A8
:10BDE00011F4043F3ED09DF8323060F3020302F0BC
:10BDF0007802402A8DF8323034D000239DF830206C
:10BE0000C2F340010B4363F341028DF830202CE76D
:10BE100002219DF8323061F30203E8E702209DF829
:10BE2000321002F0780260F30201402A8DF83210DD
:10BE300002BF9DF8301041F001018DF83010632BE6
:10BE4000DBD1131E18BF0123D8E703219DF8323040
:10BE500012F0780F61F302038DF8323014BF012322
:10BE60000023CBE79DF8303043F001038DF83030EC
:10BE7000C3E79DF93020002AACBF4FF0FF38DDF852
:10BE8000348004E79F077FF511AFDDF838B0002359
:10BE9000CDE90D339DF832309DF8311003F00703E2
:10BEA000012BC1F3C30133D1CB1E042B04D8DFE82F
:10BEB00003F0214646212100236801294FEAE3725D
:10BEC000CDE90A321CD19DF92830DA17CDE90A32C2
:10BED00004349DF8303013F0030750D032465146F9
:10BEE000049B0398FFF7CCFD0028C0F25081054465
:10BEF000049EFAE554F8043BDA17CDE90A32E8E784
:10BF00000229E5D11AB243F3C033CDE90A23DFE7B2
:10BF1000022B24D1CB1E042B04D8DFE803F0181029
:10BF20001018180001294FF0000254F8043B14D0F7
:10BF30000229CDE90A32CCD19BB20A93C9E7073472
:10BF400024F00704F4E80223CDE90A23C1E754F8FA
:10BF5000043B0A9300230B93BBE7DBB2CDE7042B32
:10BF600008D1073424F00704D4E900230834CDE9CC
:10BF70000A23AEE7032BACD154F8043BDDE79DF870
:10BF800033007828B4D862281DD825283FF4B5ADF1
:10BF90005828ADD1DDE90A010DF15A0300930CAA2E
:10BFA00011ABFFF711FDBBF1000F814680F29980C4
:10BFB000B9F1000F9CD00DF15A06A6EB0903002F32
:10BFC00051D001334FE06338152891D801A252F8BF
:10BFD00020F000BF55C00000B9C00000F1BE000055
:10BFE000F1BE0000F1BE0000F1BE0000B9C00000CB
:10BFF000F1BE0000F1BE0000F1BE0000F1BE000085
:10C0000043C10000DDC0000005C10000F1BE00001A
:10C01000F1BE00002DC00000F1BE0000DDC0000038
:10C02000F1BE0000F1BE0000DDC00000BBF1000F5A
:10C03000DDF828900ADB5946484614F08AFDB9F12C
:10C04000000F3FF455AF09EB000676E04846FCF7D9
:10C05000CDFFF8E70A9B00278DF8443001230DF14E
:10C0600045060DF144099DF8321011F010020692B8
:10C0700000F0818002330D9A134405924A0644BFB2
:10C080000E995B18B8F1000F40F39480A8EB0308F9
:10C090009DF830305807C3F3800B00F18B805906B0
:10C0A0007ED53FB151463846039B984700286EDB4A
:10C0B0005F460135302374E01E075ABFC3F30013F7
:10C0C0005F012B27DDE90A23002BBFF663AF524245
:10C0D00063EB43032D27CDE90A235BE7002759E7EC
:10C0E00000279DF830100DF15A03A3EB09036FF3FD
:10C0F00086119B458DF830107FF65AAFABEB0303EA
:10C100000D9355E70A9880B30DF15A0611AB002143
:10C1100000960CAAFFF758FCBDF83230BBF1000FB7
:10C1200003F0EF0343F4F04343F010038146ADF80E
:10C130003230D5DA00283FF4DBAE0027A6EB090346
:10C1400091E70A9B07293FF6D3AEDFE801F00C0424
:10C15000060C08080C0C1D70CAE61D80C8E6EA171C
:10C16000C3E90052C4E61D60C2E6354E074605230A
:10C17000A6F1050977E7080748BF01337BE71846B2
:10C1800007935146039B98470028079B0ADA2D4BDB
:10C190001A68179B5A404FF000034ED011F0D4FCA0
:10C1A0002023C346594600290BF1FF3BE7DC4544F9
:10C1B000D8466D1A37B151463846039B9847002838
:10C1C000E5DB01359DF83230DA0601D41B0706D5D0
:10C1D00051463020039B98470028D8DB0135069B49
:10C1E0003BB151469DF83300039B98470028CEDBB6
:10C1F0000135059F2F4406E051463020039B9847A8
:10C200000028C4DB01357B1B002BF5DC33464A4696
:10C2100051460398FFF734FC0028B8DB0544A844D6
:10C22000A8EB0503002B7FF763AE51462020039B4C
:10C2300098470028ABDB0135F2E719B0BDE8F08F75
:10C240003A20020080BE012013B5104B02461B6845
:10C2500001934FF00003036913F0080011D1136834
:10C26000D4689C429BBF0120126AE31AD31A0B6068
:10C27000064B1A68019B5A404FF0000304D011F09E
:10C2800063FC00231846F2E702B010BD80BE012017
:10C2900013B50F4B694604461B6801934FF000032A
:10C2A000FFF7D2FF20B1009BE268013B13440093EB
:10C2B000009B206AC01A064B01381A68019B5A403D
:10C2C0004FF0000301D011F03FFC02B010BD00BFE1
:10C2D00080BE012013B50446501822690C4BD207CA
:10C2E0001B6801934FF00003236A0AD5013B1840F5
:10C2F000074B1A68019B5A404FF0000305D011F01C
:10C3000023FC984228BFC01AF2E702B010BD00BF5C
:10C3100080BE012013B504460C4B0A46C1681B6859
:10C3200001934FF00003FFF7D5FF2369E06023F08E
:10C3300008032361054B1A68019B5A404FF0000324
:10C3400001D011F001FC02B010BD00BF80BE012081
:10C3500037B50D46154BC2691B6801934FF00003BA
:10C360008B00016843F00203044642F82130016863
:10C370002A46FFF7AFFFE3682A46984208BF2369C1
:10C38000616804BF43F00803236120602046FFF783
:10C39000A1FF064B60601A68019B5A404FF00003F2
:10C3A00001D011F0D1FB03B030BD00BF80BE012031
:10C3B0002DE9F04F9B46C768404BC66985B01B68A6
:10C3C00003934FF0000316F82730044603F00303ED
:10C3D000022B884691464FF0000306EB870A0FD0E8
:10C3E0001360CBF800302369990716D40020334B33
:10C3F0001A68039B5A404FF000035CD011F0A4FB75
:10C4000056F8271013608908CBF80030EBD0FFF7FF
:10C4100081FFE368A3600120E9E7A36950469847DC
:10C4200016F827300546DA07E0D513F002031DD0D1
:10C43000B8F1000F03D041462046FFF789FF61683D
:10C440002A462046FFF746FFD4E902319942606050
:10C4500004D12A462046FFF73DFFA060A368236071
:10C46000E360236943F008032361D4E701462046D3
:10C470000193FFF74FFFE268A260B8F1000F04D00C
:10C480002168E269019B42F8213005EB0802CBF8F4
:10C49000002021682046FFF71DFF2369206043F03C
:10C4A0000803236116F827306FF3000306F82730DE
:10C4B000C9F800A0AFE705B0BDE8F08F80BE01204D
:10C4C000F7B5154B04461B6801934FF000030E4669
:10C4D0001546FFF7FFFE236883420DD123692660CE
:10C4E00023F0080323610C4B1A68019B5A404FF05C
:10C4F00000030ED011F028FBE269AB0043F0020309
:10C5000042F8263061682A462046FFF7E3FE606065
:10C51000E9E703B0F0BD00BF80BE012037B50D4B89
:10C5200004461B6801934FF0000303695B0706D5BF
:10C53000456AFFF7ADFE85422CBF65626062054B20
:10C540001A68019B5A404FF0000301D011F0FCFA29
:10C5500003B030BD80BE012037B50D460446164BF2
:10C560001C2200211B6801934FF0000314F01FFAF6
:10C570000022EB68A361AB6863612B68E3616B68C1
:10C58000626223622A6923B1591E194208BF42F030
:10C5900001022261084B1A68019B5A404FF00003C8
:10C5A00001D011F0D1FA0122002104F1280003B0DA
:10C5B000BDE830400FF030BF80BE01202DE9F04FC4
:10C5C000002587B00093434B04461B6805934FF04A
:10C5D0000003036A0E468B429246A94602950495D3
:10C5E0003AD34FF02003EFF3118B83F31288BFF39C
:10C5F0006F8F049AD8462AB129462046FFF760FF7C
:10C600000023049303A92046FFF71EFE0399074663
:10C61000B1422FD32268E369204613F8221003EBBE
:10C62000820921F0030103F8221021683246FFF746
:10C6300051FEE3682060984217D0002788F31188E4
:10C64000BFF36F8F029929B162690AB12046904702
:10C6500000230293002FC4D11E4B1A68059B5A4039
:10C660004FF0000332D011F06FFA236943F0080352
:10C670002361E2E718B12046FFF76AFEDEE7009B80
:10C680005AEA03031AD001910FF028FB0199A8B9C7
:10C690008BF31188BFF36F8F5246009B04F1280083
:10C6A0000FF014FF4FF02003EFF3118883F312888B
:10C6B000BFF36F8FB0FA80F77F09BFE7204604AB66
:10C6C00002AA2568FFF774FE0746B7E7484607B099
:10C6D000BDE8F08F80BE012073B5174B04461B6880
:10C6E00001934FF00003836908460D4698470246C0
:10C6F0004FF02003EFF3118683F31288BFF36F8F9F
:10C700002B78204643F001032B706168FFF7E2FDB0
:10C7100060602046FFF702FF86F31188BFF36F8F3A
:10C72000054B1A68019B5A404FF0000301D011F0ED
:10C730000BFA02B070BD00BF80BE0120F7B5304BD0
:10C7400004461B6801934FF000034FF02003EFF302
:10C75000118683F31288BFF36F8F236913F0080FDC
:10C76000A36802D16268934200D9226AD21AE169B1
:10C770002AB986F31188BFF36F8F002733E011F8D1
:10C78000232001EB830712F00300F2D0022803D12B
:10C7900051F82350AD0805D1D00712D43846A3690B
:10C7A00098470546A1682A462046FFF793FD29468B
:10C7B000A0602046FFF7AEFD86F31188BFF36F8FB0
:10C7C000C3E742F0020201F82320A3693846A568B6
:10C7D0009847294602462046FFF77CFDA06086F375
:10C7E0001188BFF36F8F064B1A68019B5A404FF0B8
:10C7F000000301D011F0A8F9384603B0F0BD00BF26
:10C8000080BE0120F7B5254B04461B6801934FF00D
:10C810000003836908460D46984706464FF02003FB
:10C82000EFF3118783F31288BFF36F8F2B786FF3C9
:10C8300000032B7023699B0705D5E268E36903EBCE
:10C8400082039D421DD12B786FF341032B70D4E9F5
:10C850000231994204D132462046FFF73BFDA060E9
:10C8600031462046FFF756FD87F31188BFF36F8FDF
:10C870000A4B1A68019B5A404FF0000306D011F092
:10C8800063F92B6860F39F032B60EDE704F1280048
:10C8900003B0BDE8F0400FF0E1BD00BF80BE012055
:10C8A00007B502690D4B12071B6801934FF0000397
:10C8B000836802D442689A4200D2026AD31A181ED0
:10C8C000064B18BF01201A68019B5A404FF0000325
:10C8D00001D011F039F903B05DF804FB80BE0120EE
:10C8E00007B5034B1B6801934FF0000302E000BF44
:10C8F00080BE0120054B1A68019B5A404FF000038F
:10C9000001D011F021F903B05DF804FB80BE0120D5
:10C9100007B5104B1B6801934FF0000303785B07CA
:10C920005FBF03684288C3F34A2303EB121058BF6A
:10C930001730084B56BF20F00700002080081A6807
:10C94000019B5A404FF0000301D011F0FDF803B0F5
:10C950005DF804FB80BE012007B5094B1B680193FD
:10C960004FF00003064B1A68019B5A404FF000033A
:10C9700001D011F0E9F8002003B05DF804FB00BF1E
:10C9800080BE012007B5094B1B6801934FF00003DF
:10C99000064B1A68019B5A404FF0000301D011F07A
:10C9A000D3F803B05DF804EB06F014B980BE0120A3
:10C9B0002DE9F3471D4B04461B6801934FF000031C
:10C9C00007464FF00109DFF8688044B9174B1A6831
:10C9D000019B5A404FF0000324D011F0B5F894FAAF
:10C9E000A4F5B5FA85F509FA05F32E0108EB05154E
:10C9F0006FEA030A24EA03042B7B002BE5D058F8E6
:10CA000006301B694BB946447368042228461968EE
:10CA100007EA0A0700F03AFCD7E7284698470028BB
:10CA2000D3D1F0E7384602B0BDE8F08780BE0120E0
:10CA3000D012020007B50C4A0346126801924FF06B
:10CA40000002D3E8EF0F421CC3E8E12F0029F8D120
:10CA5000054B1A68019B5A404FF0000301D011F0BA
:10CA600073F803B05DF804FB80BE012010B5164BCF
:10CA70008AB00022154916481B6809934FF000033D
:10CA800011F06AFB002200230024CDE906230E23C7
:10CA90004FF44072CDE90334CDE901440D4B0E490A
:10CAA00000940E480FF0FEF90D490C480FF030F9D4
:10CAB000054B1A68099B5A404FF0000301D011F052
:10CAC00043F820460AB010BD80BE0120E5CA000030
:10CAD00018D3002081D000004021012068CE002022
:10CAE0003B20020007B50A4B1B6801934FF000037F
:10CAF000074B1A68019B5A404FF0000301D011F018
:10CB000023F8044803B05DF804EB0FF0A7BC00BFA6
:10CB100080BE012098CD00202DE9F347274B8046A9
:10CB200027480F461B6801934FF00003FFF782FF71
:10CB30000646002836D00025204B1A68019B5A4033
:10CB40004FF0000335D010F0FFFF237B73B1236853
:10CB5000DB680BB12046984723681B69D3B963682B
:10CB600004222046196800F091FB013610344C4530
:10CB7000EBD3B8F1000FDFD0002DDCD02846FFF753
:10CB800017FF0546002FF7D000214FF4A47010F0D6
:10CB9000BDFEF1E7204698470028E0D00AFA06F3E8
:10CBA0001D43E2E705464FF0010A064CDFF81890F6
:10CBB000DDE7284602B0BDE8F08700BF80BE012057
:10CBC0006CDA0020D0120200E012020007B50A4B16
:10CBD0001B6801934FF00003084B53F82000064BED
:10CBE0001A68019B5A404FF0000301D010F0ACFFCF
:10CBF00003B05DF804FB00BF80BE01205C1302009F
:10CC00007FB50D4B1B6805934FF000030023CDE962
:10CC100002011A4619461846CDE9003300F0E0FC3F
:10CC2000054B1A68059B5A404FF0000301D010F0E5
:10CC30008BFF07B05DF804FB80BE0120034607B5FB
:10CC40000D4A0846126801924FF000026BB10B4A80
:10CC5000136000F0F1FF0020074B1A68019B5A4057
:10CC60004FF0000304D010F06FFF6FF01500F3E7F2
:10CC700003B05DF804FB00BF80BE0120C4C80020E3
:10CC800013B50C4B0C4C1B6801934FF00003237839
:10CC900013B90A480FF0E2FB01232370054B1A6811
:10CCA000019B5A404FF0000301D010F04DFF02B03D
:10CCB00010BD00BF80BE0120F51B012098CD0020D3
:10CCC00013B504460D4B0E481B6801934FF000034B
:10CCD000FFF7B0FE3CB10B4BD3E8EF1F0139C3E8BF
:10CCE000E21F002AF8D1054B1A68019B5A404FF009
:10CCF000000301D010F028FF02B010BD80BE01205B
:10CD000064DA002068DA002007B50A4B1B6801933B
:10CD10004FF00003074B1A68019B5A404FF0000385
:10CD200001D010F011FF012003B05DF804EBFFF714
:10CD3000C7BF00BF80BE012007B500220B4B1B6898
:10CD400001934FF000030A4BD3E8EF0FC3E8E12F44
:10CD50000029F9D1054B1A68019B5A404FF0000396
:10CD600001D010F0F1FE03B05DF804FB80BE01209D
:10CD700064DA002073B5114B114C1B6801934FF01E
:10CD80000003FFF7D9FF05460E4EB44208D30B4B04
:10CD90001A68019B5A404FF000030CD010F0D4FEEB
:10CDA00063685B792BB123685B6813B12946204621
:10CDB00098471034E9E702B070BD00BF80BE012083
:10CDC000D0120200E012020013B50B4C0B4B2046B0
:10CDD0000B491B6801934FF00003FFF7BDFB094BA4
:10CDE0001C60064B1A68019B5A404FF0000301D0AB
:10CDF00010F0AAFE02B010BD74CC002080BE01204D
:10CE0000481302005CDA002007B50F4B0F4A1B687D
:10CE100001934FF00003002313700D4A4FF40041BB
:10CE200013600C4A0C481360FFF708FF064B1A68A2
:10CE3000019B5A404FF0000301D010F085FE03B073
:10CE40005DF804EBFFF7C0BF80BE0120F61B012098
:10CE500064DA002068DA002085C9000007B50B4BB2
:10CE600001461B6801934FF00003084B1A68019BB1
:10CE70005A404FF0000301D010F066FE002200235C
:10CE8000034803B05DF804EBFFF798BB80BE0120B8
:10CE900074CC002007B50A4B1B6801934FF00003C8
:10CEA000074B1A68019B5A404FF0000301D010F065
:10CEB0004BFE044803B05DF804EBFFF73FBC00BF36
:10CEC00080BE012074CC002007B50B4B01461B68C7
:10CED00001934FF00003084B1A68019B5A404FF032
:10CEE000000301D010F030FE044B186803B05DF869
:10CEF00004EBFFF787BC00BF80BE01205CDA002096
:10CF000007B50A4B1B6801934FF00003074B1A68E3
:10CF1000019B5A404FF0000301D010F015FE044869
:10CF200003B05DF804EBFFF7BBBC00BF80BE01207F
:10CF300074CC002073B5324B1B6801934FF0000393
:10CF4000304B1878002851D0FFF7A4FF054670B188
:10CF50002D4BD3E8EF1F0139C3E8E21F002AF8D1B7
:10CF60002A4C2B4EB44232D32846FFF7ADFF294B53
:10CF7000294C1B68002B19DD10F0E4FF4FF47A7286
:10CF8000A0FB020302FB0131C30B43EA4143D4E996
:10CF900000209B1A40F2E9324FEAD13161EB0001E7
:10CFA000934271F1000101D3FFF7E4FED4E90032AE
:10CFB00013F57A7342F10002C4E90032104B1A688B
:10CFC000019B5A404FF000030BD010F0BDFD636889
:10CFD0005B7923B12368294620461B6898471034A3
:10CFE000C0E702B0BDE87040FFF78ABF044B1A6883
:10CFF000019B5A404FF00003E7D102B070BD00BF63
:10D0000080BE0120F51B012068DA0020D01202004A
:10D01000E012020064DA002010D3002073B5144D32
:10D02000144B29781B6801934FF0000361B901206C
:10D03000FFF772FD104C114EB4420ED3FFF77AFF8A
:10D040000028FBD101232B700A4B1A68019B5A4020
:10D050004FF000030AD010F077FD63685B791BB1D5
:10D06000236820469B6898471034E5E702B070BDFE
:10D07000F61B012080BE0120D0120200E012020047
:10D080002DE9F3470021234B08461B6801934FF01D
:10D090000003FFF741FD044648B340F267684FF0D4
:10D0A000000910F05FFC1C4B186030B11B4B1B6873
:10D0B000092B02DD1A480FF0D1F90025194FDFF8CE
:10D0C00060A044B12046FFF773FC044618B94FF046
:10D0D000FF384FF0FF39FFF72DFF064628B9B5B9E5
:10D0E00042464B4650460FF0F1F93546E9E74FF01E
:10D0F000FF384FF0FF39D4E72B689B691BB1002242
:10D100002846114698471035BD42F5D3E8E7064D4D
:10D11000FAE700BF80BE012060DA002068DA002054
:10D1200098CD0020E0120200D01202001FB5234B60
:10D1300023481B6803934FF00003FFF77BFC214B50
:10D140001B78B3B14FF02003EFF3118483F31288FF
:10D15000BFF36F8FFFF7EEFE84F31188BFF36F8F7D
:10D16000164B1A68039B5A404FF000031DD104B0C0
:10D1700010BD154B1B68002BF2D050B900220023C4
:10D180001248CDE900234FF40042002311F002F8C9
:10D19000E6E70928E4D10D4811F048F8074B1A6872
:10D1A000039B5A404FF0000301D010F0CDFC08481B
:10D1B00004B0BDE810400FF051B900BF80BE01209F
:10D1C00068DA0020F61B012060DA002018D3002066
:10D1D00098CD002013B50E4B04461B6801934FF009
:10D1E00000030C4B1B6898472146A0600A48FFF7D4
:10D1F00073FA074B1A68019B5A404FF0000301D0A5
:10D2000010F0A2FC02B0BDE81040FFF78FBF00BFD6
:10D2100080BE0120C4C8002074CC002007B5094B93
:10D220001B6801934FF00003064B1A68019B5A409C
:10D230004FF0000301D010F087FC002003B05DF830
:10D2400004FB00BF80BE012007B50D4B0D4A1B68D3
:10D2500001934FF000030C4B9B1AB1EBD30F084B1B
:10D260002CBF002052F831001A68019B5A404FF041
:10D27000000301D010F068FC03B05DF804FB00BFB0
:10D2800080BE012020120200D012020013B5104B04
:10D2900044681B6801934FF000030E4BC31A1B1127
:10D2A0000133237143689A7101224368196043680E
:10D2B0005A71074B1A68019B5A404FF0000301D086
:10D2C00010F042FC02B0BDE81040FFF7D9BC00BF2F
:10D2D00080BE0120D012020073B5124B0C461B68B1
:10D2E00001934FF00003D2E901369B1B8B42154698
:10D2F00012D313680A460146981913F04BFB2046D7
:10D30000AB682344AB60074B1A68019B5A404FF04F
:10D31000000304D010F018FC6FF01B00F3E702B01C
:10D3200070BD00BF80BE012073B50E461946164B76
:10D3300015461B6801934FF000030446120D68B9AF
:10D34000114B1A68019B5A404FF0000301D010F0B6
:10D35000FBFB02B0BDE87040FFF7B2BC29B1103052
:10D36000C5F34A23184413F015FBC4E90056064BD5
:10D370001A68019B5A404FF00003E8D1204602B0E2
:10D38000BDE87040FFF726BF80BE01202DE9F341C4
:10D390005F1C4FEA8708064608F11700154620F083
:10D3A00007001D4A80080C46126801924FF00002E7
:10D3B000FFF754FD00238DF80070ADF801308DF8B3
:10D3C000033068B10346009AA8F1040143F8102F16
:10D3D0002A46294452F8045B8A4243F8045FF9D193
:10D3E0000D4BA2011968019B59404FF0000302F454
:10D3F000E07242EA482222F07F4222F4700222F0D8
:10D400003F0201D010F0A0FB0023314602B0BDE87E
:10D41000F041FFF789BF00BF80BE01202DE9F04F2A
:10D420008FB004AF7B60424BB860C1F34A280D4611
:10D4300091461B687B624FF000030C0DB8F1000FA2
:10D4400068D000264FF0040B4FF00A0A07F11C03C6
:10D45000C7F80C80C7E90466BE610193CDF808B037
:10D46000CDF800A007F1100332464846F968FCF7F2
:10D470002DFFB0F5006F034621D36C468AB0D9F872
:10D48000041004AB2B481A46C3E9050140F2FF71B2
:10D49000D9614FF400711984274B42F8103F4FF4C3
:10D4A000125133462548FFF7B9FFA546204B1A68AD
:10D4B0007B6A5A404FF0000335D010F045FBC0F3B3
:10D4C0000A0804F11700184420F0070080083B60A8
:10D4D000FFF7C4FC68F35325044690B13B6800F1A4
:10D4E0001001C7E9053607F11C033961CDE900A336
:10D4F000CDF808B04846124AF96807F11003FCF766
:10D50000E5FE68F353252A4620467B68B968FFF795
:10D510000BFFCBE704F1170020F007008008FFF7AE
:10D520009DFC0446EDE72C37BD46BDE8F08F00BFFB
:10D5300080BE0120502002000400000158120200A9
:10D54000D9D2000013B50A4B1B6801934FF00003BA
:10D55000012300926A46FFF719FF054B1A68019BE9
:10D560005A404FF0000301D010F0EEFA02B010BDA7
:10D5700080BE012030B50B4C85B0246803944FF079
:10D580000004CDE90123022301AAFFF7FFFE054BAA
:10D590001A68039B5A404FF0000301D010F0D4FAF0
:10D5A00005B030BD80BE012030B50C4C85B024687C
:10D5B00003944FF00004CDE90023089B6A460293D0
:10D5C0000323FFF7E3FE054B1A68039B5A404FF015
:10D5D000000301D010F0B8FA05B030BD80BE0120C4
:10D5E0002DE9F04F9846274B87B00446DDE9105AE5
:10D5F000DDE912690F4693461B6805934FF000035F
:10D60000A6B31021334652460020CDF80090CDF845
:10D610001090FCF7F5FB014605F1170008441A4B82
:10D6200004F007040BF0070BE40020F0070003EA06
:10D63000412344EA8B1480081C430391FFF70EFC3E
:10D6400044EA0554054640B13EB13346524603997B
:10D65000CDF800901030FCF7D3FB0A4B1A68059BFD
:10D660005A404FF0000303D010F06EFA3146D3E772
:10D67000434622463946284607B0BDE8F04FFFF73B
:10D6800053BE00BF80BE012000FE0F00F7B51F464D
:10D690000C4B06460D4614461B6801934FF00003E1
:10D6A000214628463A46B047241A0544F8D1054B8E
:10D6B0001A68019B5A404FF0000301D010F044FA61
:10D6C00003B0F0BD80BE012030B50A4C85B024689F
:10D6D00003944FF0000400240094FEF7F9F9054B81
:10D6E0001A68039B5A404FF0000301D010F02CFA47
:10D6F00005B030BD80BE01200EB417B5014605ABA4
:10D700000C4853F8042B006801904FF000000A48C1
:10D710000093FFF7D9FF074B1A68019B5A404FF05F
:10D72000000301D010F010FA03B0BDE8104003B0C0
:10D73000704700BF80BE0120D9D7000007B5144B49
:10D74000CA061B6801934FF00003114B17D48A06D9
:10D750000DD51A68019B5A404FF0000301D010F01C
:10D76000F3F90C4903B05DF804EBFFF7C5BF1A6885
:10D77000019B5A404FF00003F1D10749F2E71A68C4
:10D78000019B5A404FF00003E9D103B05DF804FB60
:10D7900080BE0120B03A0200AF3A020013B50D4B33
:10D7A000426804461B6801934FF00003D2E900234E
:10D7B00081680068FFF76AFF002263681A60054B02
:10D7C0001A68019B5A404FF0000301D010F0BCF9D9
:10D7D00002B010BD80BE012037B5124B05461B6854
:10D7E00001934FF000034B680C461A68CB689A42CD
:10D7F00002D10846FFF7D2FF6368D3E8EF2F511C30
:10D80000C3E8E01F0028F8D1A3689D54054B1A68AF
:10D81000019B5A404FF0000301D010F095F9002011
:10D8200003B030BD80BE012037B50E4B0A28044638
:10D830000D461B6801934FF0000302D10D20FFF746
:10D84000CBFF29462046FFF7C7FF064B1A68019B0E
:10D850005A404FF0000301D010F076F9002003B0D9
:10D8600030BD00BF80BE01202DE9F04F8BB09A463D
:10D87000DDE916730593189B9DF854B00493964BFD
:10D88000069204460D461B6809934FF00003199E4B
:10D89000BBF1000F00F0858006F008030793FFF747
:10D8A000BDFC06F002090246002849D020468B49FB
:10D8B000FFF722FF8046B9F1000F08D016F0440FA1
:10D8C00040D12A4620468649FFF716FF804406F0DD
:10D8D000010353B1834B204653F82B20824B8349DD
:10D8E000002A08BF1A46FFF707FF06F00803002BBF
:10D8F00054D07F4B204653F82B207E49FFF7FCFE87
:10D900000546069B2BB11A4620467B49FFF7F4FEDD
:10D910000544BAF1000F05D0524620467749FFF77B
:10D92000EBFE05444544002F49D1049B002B4FD109
:10D93000F30700F1C48031462046FFF7FFFEB5E053
:10D940008046B8E76E4B18680028BFD06D4B4FF487
:10D950007A791B684FF46161B5FBF3F5B5FBF0F321
:10D9600000FB135509FB05F5B3FBF1F2B5FBF0FE27
:10D970004FF03C0C01FB123100FB1E55B1FBFCF3D8
:10D9800009FB05F5B5FBF0F50CFB131120460091E2
:10D99000CDE901E55C49FFF7AFFE97E706F0080522
:10D9A000AFE7BAF1010F06D1002F65D1049B002B20
:10D9B0007CD000250CE0002FF8D054485DE054489E
:10D9C0003B4622465349FCF701FC049B002B69D0DF
:10D9D000DFF84481DFF84491049F3146102F204640
:10D9E00028BF10274FF0000AFFF7A8FE554546DC78
:10D9F000059B494620461A78FFF77EFE4FF0010A44
:10DA00001AF0070F03D141462046FFF775FE574530
:10DA10003CD9059B4946204613F80A20FFF76CFEC7
:10DA20000AF1010ABAF1100FEAD14FF0000A2046BC
:10DA30003B49FFF761FE5246059B20469A5C394BF5
:10DA4000995C11F0970F08BF2E223749FFF754FE5B
:10DA50000AF1010ABAF1100F1DD01AF0070F03D115
:10DA600041462046FFF748FE57455246E4D8414616
:10DA70002046FFF741FEEBE725485D46A0E741461B
:10DA80002046FFF739FE0AF1010AAFE72046274991
:10DA9000FFF732FEC4E7059B3B440593049BDB1B69
:10DAA000049399D1BBF1000F7FF442AF0A4B1A687F
:10DAB000099B5A404FF0000307D010F045F820466C
:10DAC000094A0A49FFF718FE35E720460BB0BDE8C2
:10DAD000F04FFFF763BE00BF80BE0120942002001C
:10DAE000982002006C1302008F200200072E020013
:10DAF00080130200BD200200C3200200C7200200E4
:10DB000074DA002070DA0020A120020029D8000079
:10DB1000D9D70000C9D60000D4200200CC200200D2
:10DB2000D62002004A3F02009E2F0200D2200200AF
:10DB30002DE9F041204B88B01B6807934FF000039C
:10DB40000F884B6805460C4690468E68C7F38217CF
:10DB50005BB11A4A9B1A43F3CF01002926DB2078D8
:10DB6000C0F3C200FFF770FB0346214651F8102BAB
:10DB70006088C2F34A22002A01EB020408BF002198
:10DB80000022C0F30B10CDE90408CDE90214009285
:10DB9000314628460197FFF767FE074B1A68079B37
:10DBA0005A404FF0000303D00FF0CEFF0023DCE714
:10DBB00008B0BDE8F08100BF80BE01202012020045
:10DBC0007FB5194B05681B6803934FF0000342F2C1
:10DBD0000F738B4228BF0B4604460521134A01A848
:10DBE000FCF702FE064663680B2228465B68104974
:10DBF000FFF74CFD6368324628465B6801A9FFF7D2
:10DC000045FD63681B225B6828460A49FFF73EFD15
:10DC1000054B1A68039B5A404FF0000301D00FF0E8
:10DC200093FF04B070BD00BF80BE0120B41D020090
:10DC3000F4200200D820020007B5104B00211B6819
:10DC400001934FF0000301230D4A90420ED80D4A74
:10DC500001B9012313600C4B1860084B1A68019B33
:10DC60005A404FF0000305D00FF06EFF012140082D
:10DC70005B00EAE703B05DF804FB00BF80BE012053
:10DC800040420F0070DA002074DA002007B50B4B19
:10DC90001B6801934FF0000343681B685B68996140
:10DCA000064B1A68019B5A404FF0000301D00FF059
:10DCB0004BFF002003B05DF804FB00BF80BE0120D5
:10DCC00007B50B4B1B6801934FF0000343681B68BB
:10DCD0001A6852685360064B1A68019B5A404FF00D
:10DCE000000301D00FF030FF03B05DF804FB00BF6C
:10DCF00080BE012007B50C4B01211B6801934FF03A
:10DD0000000343681B685A681177074A1168019A33
:10DD100051404FF0000201D00FF016FF186803B019
:10DD20005DF804EBFFF73ABD80BE012007B50B4B51
:10DD30001B6801934FF00003084B1A68019B5A407F
:10DD40004FF0000301D00FF0FFFE43681B68186816
:10DD500003B05DF804EBFFF733BF00BF80BE0120C6
:10DD600037B50E4B0C461B6801934FF00003436818
:10DD70001D686B689869FEF729FF084A0346116819
:10DD8000019A51404FF0000201D00FF0DDFE0F224A
:10DD90002146286803B0BDE83040184780BE012006
:10DDA000F7B50F4B0D461B6801934FF00003044677
:10DDB0000C4F4618B44208D1094B1A68019B5A40CF
:10DDC0004FF0000308D00FF0BFFE14F8011BBB6832
:10DDD00004485B689847EDE7284603B0F0BD00BFF4
:10DDE00080BE0120E00F020007B50A4B1B680193BB
:10DDF0004FF00003084B0360064B1A68019B5A4022
:10DE00004FF0000301D00FF09FFE002003B05DF83B
:10DE100004FB00BF80BE0120C81302002DE9F047BB
:10DE200082B0294B00AF80461B687B604FF0000337
:10DE30000C46002936D0D1E90012E9468AB06D4679
:10DE4000A3684FF0050A2E462048C5E90723C5E917
:10DE5000050146F810AF002332464FF421511C480B
:10DE6000FFF7DCFAD4E90312CD466369AD461948E1
:10DE7000C5E90723C5E90501C5F810A0002332460E
:10DE80004FF421511248FFF7C9FACD46E369012149
:10DE9000114A0F48FFF76EFBA36901210F4A0C4896
:10DEA000FFF768FB214640460DF08AFB064B1A68D7
:10DEB0007B685A404FF0000301D00FF045FE083751
:10DEC000BD46BDE8F08700BF80BE01203A210200B8
:10DED000A01202006921020098210200A72102007D
:10DEE00007B50A4B01461B6801934FF00003074B2F
:10DEF0001A68019B5A404FF0000301D00FF024FE36
:10DF0000006803B05DF804EBFFF788BF80BE012016
:10DF100007B50A4B1B6801934FF0000300F010F89F
:10DF2000064B1A68019B5A404FF0000301D00FF0D6
:10DF30000BFE03B05DF804EB00F006B880BE0120D4
:10DF400030BFFFF7FDBF00BF074B99685869884293
:10DF500003D006494FF080520A6001B50DF010FF62
:10DF6000BDE801407047000068E3002004ED00E0D8
:10DF700007B50A4B0A461B6801934FF00003074B95
:10DF80001968019B59404FF0000301D00FF0DCFDF0
:10DF9000012103B05DF804EBFFF7D4BA80BE012085
:10DFA00073B5314B314C06460D46314831491B683B
:10DFB00001934FF00003FFF7DBFFA36ADB064FD5A9
:10DFC0002B482D49FFF7D4FF1120A36A1C0704D565
:10DFD00027482A49FFF7CCFF1220244CA36A99074F
:10DFE00012D527492248FFF7C3FF636BA26A1206C6
:10DFF00009D50121234A1E48FFF7BCFA1EB1A36AC6
:10E0000023F08003A3621320184CA36ADE0704D513
:10E0100017481D49FFF7ACFF1420A36A9C0604D5DE
:10E0200013481A49FFF7A4FF1520104B9A6AD1062E
:10E0300058BF9A6A9A6A920642BF5A6A22F40052FC
:10E040005A629A6A42F0FF029A6200232B70064BD2
:10E050001A68019B5A404FF0000303D00FF074FD83
:10E060001020B2E702B070BD80BE012000ED00E0DC
:10E07000A0120200D5210200EB2102001E220200A4
:10E0800031220200492202005F2202007E220200A9
:10E0900013B52C4B2C4C2D492D481B6801934FF088
:10E0A0000003FFF765FFA36A990146D5284829496F
:10E0B000FFF75EFF1E20A36ADA0104D52448264933
:10E0C000FFF756FF1F20204CA36ADB0204D520482F
:10E0D0002249FFF74DFF0220A36A1C0304D51C4808
:10E0E0001F49FFF745FF2120174CA36A590304D5A8
:10E0F00017481C49FFF73CFF2220A36A9A0304D566
:10E1000013481949FFF734FF23200F4CA36ADB03A0
:10E1100004D50F481549FFF72BFF2420A36A6FEAA7
:10E1200003436FEA1343A362064B1A68019B5A40EC
:10E130004FF0000303D00FF007FD1D20BBE702B036
:10E1400010BD00BF80BE012000ED00E0AD22020046
:10E15000A0120200C5220200D8220200F222020010
:10E160001C2302003A2302005F23020079230200ED
:10E1700073B5304B304C06460D46304830491B686D
:10E1800001934FF00003FFF7F3FEA36AD90444D5CF
:10E190002A482C49FFF7ECFE1720A36A1A0504D57C
:10E1A00026482949FFF7E4FE1820234CA36A9B0563
:10E1B00012D522482549FFF7DBFEA36BA26A1004A3
:10E1C00009D50121224A1D48FFF7D4F91EB1A36ADF
:10E1D00023F40043A3621920174CA36A590504D500
:10E1E00016481C49FFF7C4FE1A20A36ADA0516D5A3
:10E1F00012481949FFF7BCFE1B200F4A936A43F4EB
:10E200007F43936200232B700A4B1A68019B5A408C
:10E210004FF000030CD00FF097FC1620BDE7A36A67
:10E220009B04EAD505480D49FFF7A2FE1C20E4E750
:10E2300002B070BD80BE012000ED00E0A01202001F
:10E24000A4230200BA2302001E220200CB230200F4
:10E25000E4230200F9230200142402007E220200BB
:10E260002DE9F0478AB06F4B00AF1B687B624FF01F
:10E2700000036D4B0446D3F804A0894616460025DA
:10E28000CAF3080885F31188BFF36F8F02F07F434C
:10E29000B3F17F4F1ED1D3071CD4500603D411070E
:10E2A00008D4012508E061496148FFF761FE16F0D6
:10E2B000040600D04C4600250023FB70A8F10303A0
:10E2C000092B00F28980DFE803F0077F827C8787D3
:10E2D000878787852C46EFE756495548FFF748FE64
:10E2E0000023514EFB70F36A9A0705D552495048F6
:10E2F000FFF73EFE002329E0F36A002B01DA4F49C5
:10E30000F5E7F36A5B00F5D54D494948FFF730FE64
:10E310007369A26943F480737361BFF34F8FBFF3D6
:10E320006F8F736932F8022C23F480737361BFF32B
:10E330004F8FBFF36F8F4DF602739A422BD1236834
:10E340000121404A3A48FFF715F92368FA78CAB91B
:10E350003E1D04F1200C324620686168083403C277
:10E3600064451646F7D13A6A002D52D0C2F308012F
:10E3700021B96FEA52226FEA42223A621846391DE9
:10E38000FFF74CFD274B1A687B6A5A404FF0000399
:10E3900044D00FF0D9FBB36ADBB22BB10120F91CDA
:10E3A000FFF7FEFD0346D1E7B36A13F47F4F04D0B5
:10E3B0000120F91CFFF7DCFEF4E7B36AB3F5803FF8
:10E3C00098D3FFF765FEEDE70020F91CE8E7002091
:10E3D000F91CEFE71C498AE71C4A6E461AF4F87FDD
:10E3E0008AB01B4B18BF13466A461A49C2E9051387
:10E3F000A8F11003D3614FF400731384164B42F855
:10E40000103F00234FF411510948FFF707F8B546B4
:10E4100070E722F4FF7222F00102AEE72837BD4612
:10E42000BDE8F08780BE012000ED00E05A24020024
:10E43000A01202007D24020094240200B5240200F0
:10E44000C3240200E2240200FE2402004124020050
:10E450002C240200222502000400000107B50D4B08
:10E460001B6801934FF000030B4B5A6942F01002F6
:10E470005A615A6942F480625A61064B1A68019BDC
:10E480005A404FF0000301D00FF05EFB03B05DF87F
:10E4900004FB00BF80BE012000ED00E0EFF3088028
:10E4A000EFF3098101B57246FFF7DAFE01BD00BF47
:10E4B00007B5084B1B6801934FF00003054B1A6822
:10E4C000019B5A404FF0000301D00FF03DFB03B019
:10E4D0005DF804FB80BE012007B5084B1B68019363
:10E4E0004FF00003054B1A68019B5A404FF00003A0
:10E4F00001D00FF029FB03B05DF804FB80BE0120C2
:10E50000002080F31488BFF36F8F002080F30A8807
:10E5100080F30B8800F052FF00200E490860BFF323
:10E520004F8F0D4880F3088800F05AF8202080F3C0
:10E5300011880A484FF40061401880F30988EFF30E
:10E5400014800221084380F31488BFF36F8F00F01A
:10E55000C3F9000094ED00E0803E01204025012039
:10E56000094B82B01B6801934FF00003BFF34F8F3C
:10E570000649074BCA6802F4E0621343CB60BFF35D
:10E580004F8F00BFFDE700BF80BE012000ED00E01F
:10E590000400FA0507B5104B10491B6801934FF0B2
:10E5A000000300231846D1F89020C2F307229342BB
:10E5B00008DB094B1A68019B5A404FF0000307D053
:10E5C0000FF0C2FAC1F89830C1F8A0000133EEE7AD
:10E5D00003B05DF804FB00BF80BE012000ED00E049
:10E5E00013B5184B1B6801934FF0000372B600245B
:10E5F00084F31388FFF7CEFF23464FF0FF30124A13
:10E6000003F120010133102B42F82100F8D100233F
:10E610004FF0FF300C4A03F160010133102B42F838
:10E620002100F8D162B6BFF34F8FBFF36F8F054B58
:10E630001A68019B5A404FF0000301D00FF084FA92
:10E6400002B010BD80BE012000E100E007B5114B13
:10E650001B6801934FF000030F4B9B6883420BD163
:10E66000EFF3058343B10D4B5A6842F080525A6074
:10E670005A6A22F400425A62064B1A68019B5A40B9
:10E680004FF0000301D00FF05FFA03B05DF804EB28
:10E690000FF080B980BE012068E3002000ED00E0AB
:10E6A00007B5134B6FF00A011B6801934FF000038D
:10E6B000104A9368C3F89C100F49C3F898004B6840
:10E6C00043F080534B60002383F31188BFF36F8FB7
:10E6D0009368D3F89C00064B1A68019B5A404FF090
:10E6E000000301D00FF030FA03B05DF804FB00BF67
:10E6F00080BE012068E3002000ED00E016498A6832
:10E7000082F8A1E04FF030001044EFF3098C80E86C
:10E71000F01F202080F31288BFF36F8F0F4F4FF050
:10E7200000664A698A603E6092F9A1E0D2F89800DA
:10E730000023C2F8983080F3118802F1300090E88D
:10E74000F01F8CF3098802F1000004B500F014F901
:10E75000BDE804407047000068E3002004ED00E0DD
:10E760001EF0040F0CBFEFF30880EFF309808169FE
:10E7700011F8021C0229FFD001B5FFF7B1FB01BD62
:10E7800007B50E4B40B200281B6801934FF0000301
:10E7900007DB012341090A4A00F01F00834042F8C9
:10E7A0002130064B1A68019B5A404FF0000301D0FC
:10E7B0000FF0CAF903B05DF804FB00BF80BE012072
:10E7C00000E100E007B5104B40B200281B68019340
:10E7D0004FF000030CDB01220C49430900F01F003D
:10E7E0008240203341F82320BFF34F8FBFF36F8F58
:10E7F000054B1A68019B5A404FF0000301D00FF0FF
:10E80000A3F903B05DF804FB80BE012000E100E045
:10E8100007B50D4B42091B6801934FF000030B4BEA
:10E8200000F01F0053F82220012303FA00F0064BEA
:10E8300010401A68019B5A404FF0000301D00FF0BE
:10E8400083F903B05DF804FB80BE012000E100E025
:10E8500007B5134B40B21B6801934FF0000300282B
:10E8600001F10101B8BF0F4B4FEA4111A8BF00F100
:10E870006040C9B2B6BF00F00F0000F56140195406
:10E88000074BA8BF80F800131A68019B5A404FF04D
:10E89000000301D00FF058F903B05DF804FB00BF8E
:10E8A00080BE012014ED00E007B50A4B1B68019300
:10E8B0004FF00003074B1A68019B5A404FF00003CA
:10E8C00001D00FF041F90021012003B05DF804EB05
:10E8D000FFF7A4BA80BE012007B50E4B0E4A1B6895
:10E8E00001934FF000030D4B22F07F029A60BFF3BB
:10E8F0004F8FBFF36F8FD3F8882022F47002C3F8D4
:10E9000088200CF073FF0FF0F3F800F08BF80DF097
:10E9100037F800BF80BE01200080000000ED00E05D
:10E9200013B51349203A096801914FF000011360B3
:10E93000049B10495360059B21F001019360069BE5
:10E940009161D3604FF08073D3610023C0F8983099
:10E950004FF43C43C0F8A030054B02651A68019B98
:10E960005A404FF0000301D00FF0EEF802B010BD96
:10E9700080BE012025A8000007B50A4B1B68019343
:10E980004FF00003D0F8883083F30B88054B1A68EA
:10E99000019B5A404FF0000301D00FF0D5F803B0AF
:10E9A0005DF804FB80BE01200C4B82B01B68019314
:10E9B0004FF000030A4B9860D0F8883083F30B883F
:10E9C000104681F30988002163B681F31188BFF3F3
:10E9D0006F8F00220023FBF725FF00BF80BE0120C0
:10E9E00068E30020014910220A60704710ED00E042
:10E9F00072B6404080F31188BFF36F8FBFF34F8F23
:10EA000030BF62B6BFF36F8F704700BF72B6494028
:10EA100081F31188BFF34F8F20BF80F3118862B656
:10EA2000704700BF07B50D4B20211B6801934FF0C5
:10EA3000000300230A48C2180133412B82F8001357
:10EA4000F9D1064B1A68019B5A404FF0000301D0E0
:10EA50000FF07AF803B05DF804FB00BF80BE012020
:10EA600000E100E001B5EFF30580A0F110004FEAEE
:10EA7000C0000449014409C99847BDE80140024962
:10EA8000084700000810020049DF000007B50C4BE2
:10EA90001B6801934FF0000340E800F313F4803F3C
:10EAA000D8B2074B08BF6FF015001A68019B5A4097
:10EAB0004FF0000301D00FF047F803B05DF804FBFE
:10EAC00080BE01201FB5104B104C114A1B680393E8
:10EAD0004FF00003012123460E4800F097F9002370
:10EAE00002930D4B0121E41A68460093019400F053
:10EAF000A7F9054B1A68039B5A404FF0000301D059
:10EB00000FF022F804B010BD80BE012000000420E8
:10EB100080C50020C813020068CE002013B5134B37
:10EB20000C7A1B6801934FF000030B6804F01F027E
:10EB300023F01F031A43CB68640923F01F030C4919
:10EB400043EA440343F00103C1F89800C1F89C2054
:10EB5000C1F8A030054B1A68019B5A404FF00003E2
:10EB600001D00EF0F1FF02B010BD00BF80BE012049
:10EB700000ED00E013B50F4B0F2804461B6801930E
:10EB80004FF0000310D9012103460B4A0B48FEF752
:10EB9000F1FC6FF01500074B1A68019B5A404FF0CB
:10EBA000000305D00EF0D0FFFFF7B8FF2046F2E7D4
:10EBB00002B010BD80BE0120392502008012020083
:10EBC00030B5134B87B01B6805934FF000030C68FA
:10EBD0004B680A894D890194013B24F01F0402F01F
:10EBE0001F02234442EA451223F01F0301A98DF8B6
:10EBF0000C200493FFF7BEFF054B1A68059B5A4093
:10EC00004FF0000301D00EF09FFF07B030BD00BFF2
:10EC100080BE01202DE9F04F5A4B87B089461B6812
:10EC200005934FF00003144606464FF00008564D7A
:10EC3000C84527DAD6F804A0BAF1000F49D0BAF1D6
:10EC40001F0F17D91AF01F0F14D1D6F800B01BF000
:10EC50001F0F0FD15846FFF719FF07460AEB0B00AD
:10EC60000138FFF713FF874215D06FF01507474AA9
:10EC70003B4601E04346464A01214648FEF77AFCFE
:10EC80006FF015043F4B1A68059B5A404FF0000384
:10EC900073D00EF059FF17F1160FE8D0BC42E6DD35
:10ECA000C5F89870D5F89C10C5F89870D5F8A030C4
:10ECB00021F01F0143F01F0BD6E900321A4499429C
:10ECC00002F1FF3A1DD1D34507D13146F8B2FFF723
:10ECD00077FF08F101080C36AAE73146C5F89870AD
:10ECE000D5F89C3022F01F0203F01F031343C5F830
:10ECF0009C30E0B2FFF764FF10F1160FC0D0441C47
:10ED0000E7E7C5F89870D5F8A020013B23F01F0372
:10ED100002F01F021343D3453146E0B2C5F8A030DC
:10ED2000E8D0FFF74DFF10F1160FA9D0C5F8987085
:10ED3000D5F89C209DF80C300BF1FF3B62F30403E7
:10ED40008DF80C30D5F8A0309DF80C205B0863F3EB
:10ED500047128DF80C20D6E900321344019323F0BA
:10ED60001F035B44A3EB0A03013023F01F0301A937
:10ED7000C0B20493FFF7FEFEBEE7204607B0BDE831
:10ED8000F08F00BF80BE012000ED00E08225020070
:10ED90005F2502008012020007B505220B4B1B689D
:10EDA00001934FF000030A4BC3F89420BFF34F8F39
:10EDB000BFF36F8F054B1A68019B5A404FF0000359
:10EDC00001D00EF0C1FE03B05DF804FB80BE01204F
:10EDD00000ED00E007B50B4B1B6801934FF00003FB
:10EDE000BFF35F8F0022084BC3F89420054B1A68CD
:10EDF000019B5A404FF0000301D00EF0A5FE03B076
:10EE00005DF804FB80BE012000ED00E013B50A4C64
:10EE10000A4B22781B6801934FF00003FFF7FAFEBC
:10EE2000064B20701A68019B5A404FF0000301D036
:10EE30000EF08AFE02B010BDF81B012080BE01203A
:10EE40002DE9F04F304B314D85B08A461B68039356
:10EE50004FF0000306464FF00008AB462C4FD0455C
:10EE60001BDAD6F80490B9F1000F45D03168084696
:10EE70000191FFF70BFE0199044609EB01000138EF
:10EE8000FFF704FE84424FF01402224B0ED002FB27
:10EE900008F36FF015024BF803201B4B1A68039B15
:10EEA0005A404FF000032CD00EF04EFE14F1160F16
:10EEB0002C60F2D01978A142EFDD02FB08B0C7F850
:10EEC0009840C7F89840D7F89C4000F10801007BB3
:10EED00064F304000871D7F8A0000C79400860F3CF
:10EEE00047140C71D7F89C1021F01F016960D7F806
:10EEF000A01021F01F01296108F1010814350C361A
:10EF0000ADE705B0BDE8F08F80BE0120A4DA002097
:10EF100000ED00E0F81B0120F0B5424D424B2E6899
:10EF200087B0102E1B6805934FF0000374D800249F
:10EF3000FFF750FF3D4B3E4AC3F8C020A6420DD11B
:10EF40003C4D68462E70FEF74FFF002406463A4FB0
:10EF5000A6420BD1FFF720FF002054E0696820464D
:10EF600001EB0411FFF7DAFD0134E7E70099200116
:10EF700001EB0413DA683A40B2F5001F22D0B2F573
:10EF8000800F2CD0B2F5801F36D15A689B68095883
:10EF9000013B22F01F0003440120844623F01F039D
:10EFA00040EA4C10CDE901218DF80C0001A9287828
:10EFB0000493FFF7DFFD002823DB2B7801340133B6
:10EFC0002B70C5E75A689B680958013B22F01F0067
:10EFD00003444FF0020C012023F01F03E0E75A68BE
:10EFE0009B680958013B22F01F0003444FF0000CBE
:10EFF000062023F01F03D3E70121104A1048FEF733
:10F00000A1FA6FF01500084B1A68059B5A404FF0A3
:10F01000000304D00EF098FD4FF0FF30F3E707B087
:10F02000F0BD00BFD413020080BE012000ED00E05F
:10F03000AAFF4400F81B01200000F0FFA5250200F4
:10F040008012020007B5094B1B6801934FF00003C3
:10F05000064B1A68019B5A404FF0000301D00EF096
:10F0600073FD002003B05DF804FB00BF80BE0120EB
:10F0700007B5094B1B6801934FF00003064B1A6854
:10F08000019B5A404FF0000301D00EF05DFD4FF0A0
:10F09000FF3003B05DF804FB80BE012007B5094BCB
:10F0A0001B6801934FF00003074B1860054B1A686B
:10F0B000019B5A404FF0000301D00EF045FD03B014
:10F0C0005DF804FB80BE0120D0C80020F7B5124BCC
:10F0D0000D461B6801934FF00003104F461EC0F110
:10F0E0000104A3199D4208DC0B4B1A68019B5A408E
:10F0F0004FF000030CD00EF027FD73780A2B02D1DD
:10F100000D203B6898473B6816F8010F9847E8E7E1
:10F11000284603B0F0BD00BF80BE0120D0C800204B
:10F1200013B50F4B0F4C1B6801934FF0000323687E
:10F13000C2180D48C0F1005101F580218A4238BF44
:10F14000C018074B34BF22604FF0FF301A68019B94
:10F150005A404FF0000301D00EF0F6FC02B010BD93
:10F1600080BE0120B8DA002084BE012007B50B4B19
:10F170001B6801934FF00003084B1A68019B5A402B
:10F180004FF0000301D00EF0DFFC4FF0FF324FF0E4
:10F19000FF3303B05DF804EB0CF0A4BF80BE012088
:10F1A00007B5094B1B6801934FF00003064B1A6823
:10F1B000019B5A404FF0000301D00EF0C5FC03B094
:10F1C0005DF804EB0CF03EBF80BE012007B5094B93
:10F1D0001B6801934FF00003064B1A68019B5A40CD
:10F1E0004FF0000301D00EF0AFFC03B05DF804EB6C
:10F1F0000CF0CCB980BE012007B5084B1D22084990
:10F2000002201B6801934FF00003FCF7D7F8404041
:10F2100080F311884FF0030002DF00BF80BE0120A1
:10F22000D625020037B50F4B00251B6801934FF020
:10F2300000030D4C20460CF0DFFF04F114000135F3
:10F240000EF03EFC052D04F12404F3D1054B1A68A1
:10F25000019B5A404FF0000301D00EF075FC0020D6
:10F2600003B030BD80BE0120BCDA002037B50D4BA5
:10F2700000241B6801934FF000030B4D2846013416
:10F280000EF01EFC052C05F10805F7D1054B1A6898
:10F29000019B5A404FF0000301D00EF055FC0020B6
:10F2A00003B030BD80BE012070DB002037B50D4BB0
:10F2B00000241B6801934FF000030B4D28460134D6
:10F2C0000CF09AFF052C05F11405F7D1054B1A68CF
:10F2D000019B5A404FF0000301D00EF035FC002096
:10F2E00003B030BD80BE012098DB002013B505209F
:10F2F0000E4B0F4A1B6801934FF000030D4B5468EF
:10F3000003F1A8010138C3E92A24216003F1C803ED
:10F310005160F4D1054B1A68019B5A404FF000032D
:10F3200001D00EF011FC02B010BD00BF80BE012064
:10F33000D4C8002050D3002007B50B4B01221B6816
:10F3400001934FF00003094BC3F84025064B1A68A0
:10F35000019B5A404FF0000301D00EF0F5FB002056
:10F3600003B05DF804FB00BF80BE012000900340A5
:10F3700007B5104B1B6801934FF000030D4B78B19C
:10F380001A68019B5A404FF0000301D00EF0DCFBDD
:10F39000094B800143F0010303B05DF804EB18470B
:10F3A0001A68019B5A404FF00003EFD103B05DF89B
:10F3B00004FB00BF80BE01203013020008F016BE1F
:10F3C00007B50E4B1B6801934FF000030C48042255
:10F3D000836869461B689847002802DA03F0FAFB45
:10F3E0000090064B00981A68019B5A404FF00003AA
:10F3F00001D00EF0A9FB03B05DF804FB80BE012034
:10F40000CC0F020037B5094C246801944FF000047A
:10F41000064C2568019C65404FF0000401D00EF0B9
:10F4200093FB03B0BDE8304000F0D8B980BE0120A6
:10F4300007B5094B1B6801934FF00003064B1A6890
:10F44000019B5A404FF0000301D00EF07DFB03B04A
:10F450005DF804EB00F0DEB980BE012013B5094968
:10F46000096801914FF0000106490C6801994C4070
:10F470004FF0000101D00EF067FB02B0BDE8104074
:10F480000CF030BE80BE012007B5094B1B6801930C
:10F490004FF00003064B1A68019B5A404FF00003DF
:10F4A00001D00EF051FB03B05DF804EB0CF0CABDC7
:10F4B00080BE01202DE9F3411C4B05460E46174640
:10F4C0001B6801934FF00003194CDFF86880444536
:10F4D0000FD3FFF77BFE6A230360144B1A68019B6E
:10F4E0005A404FF0000315D14FF0FF3002B0BDE895
:10F4F000F0812368AB4200D0B3B93A463146284682
:10F50000A368984780B1094B1A68019B5A404FF095
:10F51000000301D00EF018FB3A4631462846E36856
:10F5200002B0BDE8F04118471034D0E780BE01209A
:10F53000101202002012020030B5194B85B002AA49
:10F5400001A905461B6803934FF00003FBF778FE03
:10F55000044670B9FFF73AFE09234FF0FF34036009
:10F560000F4B1A68039B5A404FF0000314D00EF063
:10F57000EBFA4FF0FF3202984FF0FF33FFF76EFFC8
:10F58000019B20469B68984704460298FFF77CFF42
:10F590002846FBF7FDFEE3E7204605B030BD00BF7F
:10F5A00080BE01207FB51C4B0D46164601A902AA5C
:10F5B0001B6803934FF00003FBF742FE044670B94B
:10F5C000FFF704FE09234FF0FF340360124B1A6863
:10F5D000039B5A404FF000031AD00EF0B5FA019B7E
:10F5E0009B691BB9FFF7F2FD5F23ECE702984FF030
:10F5F000FF324FF0FF33FFF731FF019B32462946C0
:10F6000020469B69984704460298FFF73DFFDDE7D7
:10F61000204604B070BD00BF80BE01202DE9F0433C
:10F620001F4687B01F4B0D46DDE90E89164603A91C
:10F6300004AA1B6805934FF00003FBF701FE044684
:10F6400070B9FFF7C3FD09234FF0FF340360154B7A
:10F650001A68059B5A404FF000031ED00EF074FA52
:10F66000039B5B6A1BB9FFF7B1FD5F23ECE70498CE
:10F670004FF0FF324FF0FF33FFF7F0FECDE9008986
:10F68000039B3246D3F8248029463B462046C04798
:10F6900004460498FFF7F8FED9E7204607B0BDE816
:10F6A000F08300BF80BE01207FB51C4B0D4616467F
:10F6B00001A902AA1B6803934FF00003FBF7C0FDEA
:10F6C000044670B9FFF782FD09234FF0FF34036051
:10F6D000124B1A68039B5A404FF000031AD00EF0E9
:10F6E00033FA019B5B6B1BB9FFF770FD5F23ECE7FF
:10F6F00002984FF0FF324FF0FF33FFF7AFFE019B50
:10F700003246294620465B6B984704460298FFF72D
:10F71000BBFEDDE7204604B070BD00BF80BE012007
:10F720002DE9F0431F4687B01F4B0D46DDE90E89DA
:10F73000164603A904AA1B6805934FF00003FBF7C4
:10F740007FFD044670B9FFF741FD09234FF0FF34F8
:10F750000360154B1A68059B5A404FF000031ED0FA
:10F760000EF0F2F9039B9B6A1BB9FFF72FFD5F2395
:10F77000ECE704984FF0FF324FF0FF33FFF76EFED7
:10F78000CDE90089039B3246D3F8288029463B46C1
:10F790002046C04704460498FFF776FED9E7204686
:10F7A00007B0BDE8F08300BF80BE012007B5094B5C
:10F7B0001B6801934FF00003074B1860054B1A6854
:10F7C000019B5A404FF0000301D00EF0BDF903B089
:10F7D0005DF804FB80BE0120FCDB002037B50B4C3C
:10F7E000246801944FF00004084C2568019C654092
:10F7F0004FF0000401D00EF0A7F9054C24682468EE
:10F80000A44603B0BDE83040604700BF80BE012081
:10F81000FCDB002007B50A4B1B6801934FF0000387
:10F82000074B1A68019B5A404FF0000301D00EF0BD
:10F830008BF9044B1B685B6803B05DF804EB184759
:10F8400080BE0120FCDB002013B5114B1B68019327
:10F850004FF0000303681B689B6873B15B6863B17A
:10F860000B4A1468019A54404FF0000201D00EF088
:10F870006BF902B0BDE810401847054B1A68019BB0
:10F880005A404FF00003F2D1002002B010BD00BF7B
:10F8900080BE012007B50B4B1B6801934FF000039E
:10F8A00000F0D2F900F03CFA064B1A68019B5A406E
:10F8B0004FF0000301D00EF047F9002003B05DF8CF
:10F8C00004FB00BF80BE012007B50A4B1B680193F3
:10F8D0004FF0000310B1006800B14068054B1A6892
:10F8E000019B5A404FF0000301D00EF02DF903B0F8
:10F8F0005DF804FB80BE012007B50F4B4A091B6869
:10F9000001934FF00003012301F01F018B4000EB36
:10F910008200D0E8EF2F1A43C0E8E12F0029F8D188
:10F92000054B1A68019B5A404FF0000301D00EF0BE
:10F930000BF903B05DF804FB80BE012007B5104B46
:10F940004A091B6801934FF00003012301F01F01D6
:10F950008B40DB4300EB8200D0E8EF2F1A40C0E879
:10F96000E12F0029F8D1064B1A68019B5A404FF04D
:10F97000000301D00EF0E8F803B05DF804FB00BF0F
:10F9800080BE012013B50949096801914FF00001BB
:10F9900006490C6801994C404FF0000101D00EF06F
:10F9A000D3F802B0BDE810400CF09CBB80BE012033
:10F9B00007B50C4B1B6801934FF00003094B1A6805
:10F9C000019B5A404FF0000301D00EF0BDF84FF0FC
:10F9D000FF324FF0FF33103003B05DF804EBFFF758
:10F9E000D1BF00BF80BE012007B50C4B1B6801933F
:10F9F0004FF0000330B103680C33D3E8AF0F084178
:10FA000000F00100054B1A68019B5A404FF00003BB
:10FA100001D00EF099F803B05DF804FB80BE012020
:10FA200013B5114B04461B6801934FF00003FFF719
:10FA30004BFF78B1C3686BB10B4A1168019A514012
:10FA40004FF0000201D00EF07FF8204602B0BDE872
:10FA500010401847044B1A68019B5A404FF00003AE
:10FA6000F1D102B010BD00BF80BE012007B5094B27
:10FA70001B6801934FF00003064B1A68019B5A4024
:10FA80004FF0000301D00EF05FF803B05DF804EB17
:10FA90000CF0D8BA80BE012037B52A4B00211B6874
:10FAA00001934FF000030368044693F82050FFF7DA
:10FAB0009BFF78B90222236883F82020206890F801
:10FAC0002030934235D1062D33D108210C30FFF779
:10FAD00035FF1CE009212046FFF786FF0028E9D00A
:10FAE0000A212046FFF780FF2268C0F10603DBB23F
:10FAF00082F82030206890F820209A4219D1062AF6
:10FB0000E1D1062D15D008210C30FFF7F5FE236852
:10FB1000DB6973B90B4B1A68019B5A404FF0000325
:10FB200001D00EF011F8204603B0BDE83040FFF7D9
:10FB300077BF044B1A68019B5A404FF00003F0D185
:10FB400003B030BD80BE012037B50546194B1B6898
:10FB500001934FF00003FFF72BFF00212846FFF72A
:10FB600043FF00BB2846FFF7AFFE044630B1846870
:10FB700024B101212846A047041E07DB2868002184
:10FB80000C30FFF7B9FE2846FFF786FF05F110009D
:10FB9000FFF76CFF074B1A68019B5A404FF00003B8
:10FBA00004D00DF0D1FF6FF07704EFE7204603B0EB
:10FBB00030BD00BF80BE012007B50E4B1B6801930E
:10FBC0004FF000030368D86938B11B689B689868D8
:10FBD00018B18047C31E58425841064B1A68019B12
:10FBE0005A404FF0000301D00DF0AEFF03B05DF8B6
:10FBF00004FB00BF80BE012037B5124B0C461B68CA
:10FC000001934FF000030546A0B199B10846F9F7FA
:10FC1000EDF9082811D8421C2146281D10F0BAFE23
:10FC20000020084B1A68019B5A404FF0000307D090
:10FC30000DF08AFF6FF01500F3E76FF05A00F0E760
:10FC400003B030BD80BE01202DE9FF412C4B4FF0A9
:10FC5000FF321B6803934FF000032A484FF0FF3335
:10FC6000FFF790FE284C294F294EDFF8A880BC42B0
:10FC700008D3234B1A68039B5A404FF0000338D037
:10FC80000DF062FF23681B689D6865B12B6853B156
:10FC900004F110000CF0B0FA04F124000CF0ACFAFE
:10FCA00020462B68984700232046C4E9013323737C
:10FCB000CDE900338DF80830FFF77EFF38B13368A7
:10FCC00008215A1C326068464246FAF78DFD9DF8BD
:10FCD000003043B9104A68461368591C1160082166
:10FCE0000E4AFAF781FD20466946FFF785FF383452
:10FCF000BDE7044804B0BDE8F041FFF7B7BE00BF60
:10FD000080BE012044CD0020F8CD002030CE002060
:10FD100004DC00203226020000DC0020392602002C
:10FD200037B50F4B0F4C1B6801934FF000030E4D7E
:10FD3000AC4208D30A4B1A68019B5A404FF00003AB
:10FD40000BD00DF001FF03212046FFF74DFE10B947
:10FD50002046FFF7F9FE3834EAE703B030BD00BFB4
:10FD600080BE0120F8CD002030CE002037B50446FB
:10FD70001548006801904FF000000809FBB1092800
:10FD80001BD9A2F10A031844C0B204F8010B0023E6
:10FD900001F00F01092983BF0A3A8918C9B230312D
:10FDA0006370094B21701A68019B5A404FF00003A1
:10FDB00004F1010006D00DF0C7FE3030E5E7002861
:10FDC000DDD1E4E703B030BD80BE01202DE9F04F66
:10FDD00000248BB0874B029202281B6809934FF0D6
:10FDE000000383460E46CDE907445FD10B680491BA
:10FDF0003BB94A6852B94FF6FF734C89E11A4C423D
:10FE00004C4107A801460022134608E01C46F8E7CB
:10FE10000D78013301350D70DDB2082D03D036F8B1
:10FE20001350002DF4D00132082A01F10101EBD169
:10FE30004FF0FF374FF0010A002310F8012B524515
:10FE400088BF5FB203F10103DBB288BF9246082B83
:10FE5000F3D199463A220023BAF1010F08BF4FF0BF
:10FE6000FF37CDE900230022029800252B46B9F187
:10FE7000040F65D10199C95C034679BB302103F8B1
:10FE8000021B0099417018460135EDB24D452B46D5
:10FE9000EDDB029B98420BD0BBF1010F4FF000034A
:10FEA00040F0A38000F8013C029802E001280AD04B
:10FEB0000020504B1A68099B5A404FF0000300F095
:10FEC00096800DF041FE2E234FF004094FF0FF37CE
:10FED00082462646019100930494C4E74FF0000C3B
:10FEE0004FF00908CDF814C0DFF80CC1B1FBFCFEDF
:10FEF00003910CFB1E11DDF814E0C64503DCDDF8B0
:10FF00000CE0E64509D3DDF80CE0CDF81480BEFB2B
:10FF1000FCFE0EF1300E03F801EB4FF00A0E08F173
:10FF2000FF38B8F1FF3FBCFBFEFCDFD14FF0000112
:10FF300019701B1A50FA83F0009B00F8013BA3E7ED
:10FF400074B1052D0CD906F10C0301933A2300F886
:10FF5000013B2E234FF004094FF0010B009384E77F
:10FF60009F420DD102B915B93A2300F8013B3A235B
:10FF700000F8013B0AF1FF332B440022DDB283E796
:10FF800012B13A2300F8013B049B33F8152052BA12
:10FF900012F47F4FC2F307235FFA82F816D00F2BBB
:10FFA000D9B20AD900236122FFF7E0FE01236122C2
:10FFB0004146FFF7DBFE012266E7092B04D830310A
:10FFC000C9B200F8011BF1E75731F9E7B8F10F0F9B
:10FFD000EDD8B8F1090F94BF08F1300808F15708BF
:10FFE0005FFA88F800F8018BE5E703705CE70BB077
:10FFF000BDE8F08F80BE012000CA9A3B07B5114BC7
:020000040001F9
:100000001B6801934FF00003D1E90032D21A012A94
:1000100011D95A1C0A60020A1A700B685A1C0A602D
:1000200018700020074B1A68019B5A404FF00003DC
:1000300004D00DF089FD6FF00B00F3E703B05DF81D
:1000400004FB00BF80BE012037B5144B0546406855
:100050001B6801934FF00003D1E900239B1A821C17
:1000600093420C4615D380B2FFF7C8FFD5E90012C2
:10007000206810F08FFC002023686A681344236016
:10008000064B1A68019B5A404FF0000304D00DF054
:100090005BFD6FF00B00F3E703B030BD80BE0120C5
:1000A00073B514681E4B641AB4F1805F1B6801932A
:1000B0004FF000032FD225460026ED09334606F106
:1000C0000106FAD102335668DBB25D42CB1AB34265
:1000D00013601EBF0133136048552046136800F0BB
:1000E0007F011970C00913680DD101331D442344E9
:1000F000156053600A4B1A68019B5A404FF0000389
:100100000CD00DF021FD197861F07F011970136892
:1001100001331360E2E76FF07900EBE702B070BDE6
:1001200080BE012073B5164B064614461B6801932A
:100130004FF000030846B9B1156811460535156042
:10014000FFF75CFF90B90E4B1A68019B5A404FF0C5
:10015000000301D00DF0F8FC22462946304602B0DB
:10016000BDE87040FFF79CBF6FF01500044B1A68A4
:10017000019B5A404FF00003ECD102B070BD00BFAC
:1001800080BE01202DE9F347494B0F6890F860507D
:100190001B6801934FF00003464A474B064690F810
:1001A0005E000537042814BF104618460F600C4641
:1001B000FFF74AFFC5F34005034638B9D4E90020EC
:1001C000904296F85E100CD16FF00B03384A11681C
:1001D000019A51404FF000025DD1184602B0BDE8CF
:1001E000F087501C20601170D4E900829045EBD05C
:1001F00008F10102226088F800302146B6F85C0060
:10020000FFF7FCFE03460028E0D1214606F12C0052
:10021000FFF71AFF03460028D8D1306C6D00E8B113
:10022000214696F860A090F80890FFF70DFF0AF0BD
:10023000010A03460028C9D1736C21466BB31846E6
:10024000FFF702FF03460028C0D145F004054FEA3E
:10025000C90345EA4A1503F018031D43B06B38B1D2
:100260002146FFF7F1FE03460028AFD145F0800597
:10027000F06B38B12146FFF7E7FE03460028A5D111
:1002800045F040050A4B88F800501A68019B5A4017
:100290004FF0000304D00DF057FCFFF7AFFED1E79D
:1002A00022463946102002B0BDE8F047FFF7F8BEFD
:1002B00080BE012004140200FC1302002DE9F74364
:1002C000264B877D047A07F00108054689461B689E
:1002D00001934FF00003C7F340070CB1838ABBB30F
:1002E000D9F80060494605362846C9F80060FFF78E
:1002F000ABFEB0B92B7AEBB9600000F006002A69BA
:10030000D9F80030384340EAC800134440F03000C8
:100310004A463146C9F8003000F03F00FFF7C0FE02
:1003200078B10E4B1A68019B5A404FF0000312D06F
:100330000DF00AFC4946A88AFFF760FE0028DBD0D2
:10034000EFE7D9F804302A699B1AC9F80430E8E7C6
:100350006FF01500E5E703B0BDE8F08380BE012033
:1003600007B50B4B0A461B6801934FF00003084B7F
:100370001968019B59404FF0000301D00DF0E4FBD8
:100380000188402003B05DF804EBFFF7CBBE00BF4F
:1003900080BE012007B5104B1B6801934FF000038E
:1003A000D0E900239B1A012B89BF0C4B6FF00B0087
:1003B0001B88138082BF036802334360064B88BFEB
:1003C00000201A68019B5A404FF0000301D00DF045
:1003D000BBFB03B05DF804FB80BE01203F2602009A
:1003E0002DE9F743264B06461B6801934FF00003A7
:1003F000C3880D468BB30F6805370F60C088FFF7C1
:10040000FDFD044658BB4FF00C08B388A34208DC3E
:100410001B4B1A68019B5A404FF0000315D00DF09A
:1004200093FB08FB04F9306829464844FFF70CFEAB
:1004300000BB33684B441A7AD5E9003199421BD08E
:10044000591C296001341A70DFE72A463946822098
:1004500003B0BDE8F043FFF723BE6FF01504084B6F
:100460001A68019B5A404FF00003D8D1204603B0D0
:10047000BDE8F0830446F2E76FF00B04EFE700BF3E
:1004800080BE012037B5174B456B04461B680193AE
:100490004FF00003288806220121FFF70BF80028FF
:1004A000A0620CDAFEF792FE006840420D4B1A681B
:1004B000019B5A404FF0000311D00DF045FB2B88F3
:1004C000616B012B0CBF08221822FFF76BF8002884
:1004D00003DAA06AFFF730F8E4E70020E6E703B0AC
:1004E00030BD00BF80BE01202DE9FF410024144B28
:1004F00006460F4615461B6803934FF00003A046BF
:10050000AC4201D300200DE0B06A0023CDE90088A1
:100510002A1B3919FFF782F8031E0CDAFEF756FE84
:1005200000684042064B1A68039B5A404FF0000394
:1005300003D00DF009FB1C44E2E704B0BDE8F081F4
:1005400080BE01202DE9F3410025254B07461B689D
:1005500001934FF000032B460C46C9688B4217D11C
:100560000026B046AE421DD2B86A00222146FFF7EF
:100570009BF8031E13DAFEF729FE00684042184B71
:100580001A68019B5A404FF0000325D00DF0DCFAA9
:10059000A26802EBC302526801331544DEE71E4431
:1005A000B54217D80020EAE71B1AC1F804800132CF
:1005B000E1689142D6D9A16801EBC201486898422E
:1005C000F2D9C01A4860A06850F83210194440F8B7
:1005D0003210C7E70022EBE702B0BDE8F08100BFB0
:1005E00080BE012030B5104C85B0246803944FF0D4
:1005F0000004806A002483F00103CDE900449B01DC
:10060000FFF78EF8002803DAFEF7E0FD00684042AD
:10061000054B1A68039B5A404FF0000301D00DF0C0
:1006200093FA05B030BD00BF80BE012007B50E4B68
:10063000806A1B6801934FF00003FEF77DFF0028DE
:100640000CDAFEF7C3FD00684042074B1A68019BB5
:100650005A404FF0000303D00DF076FA0020F4E783
:1006600003B05DF804FB00BF80BE012007B50C4A53
:10067000126801924FF00002094A1168019A514034
:100680004FF0000201D00DF05FFA142290F82430F0
:100690005343044AD35803B05DF804EB184700BF36
:1006A00080BE01200C14020037B50C4C2468019464
:1006B0004FF00004094C2568019C65404FF0000490
:1006C00001D00DF041FA142590F82440044B05FBAD
:1006D00004335B6803B0BDE83040184780BE01209A
:1006E0000C14020013B50C4A126801924FF000027C
:1006F000094A1468019A54404FF0000201D00DF0ED
:1007000023FA142490F82420044B04FB02339B6842
:1007100002B0BDE81040184780BE01200C14020052
:1007200073B50D4D2D6801954FF000050A4D2E68EB
:10073000019D6E404FF0000501D00DF005FA142622
:1007400090F82450054C06FB0544E468A44602B02A
:10075000BDE87040604700BF80BE01200C1402005D
:1007600007B5094B1B6801934FF00003064B1A684D
:10077000019B5A404FF0000301D00DF0E5F903B0A2
:100780005DF804EBFFF752BF80BE012007B50E4BAA
:100790001B6801934FF000030DF0D4FB4FF47A7205
:1007A000A0FB020302FB0131074BC00B1A68019B3F
:1007B0005A404FF0000340EA414001D00DF0C4F927
:1007C00003B05DF804FB00BF80BE012037B50446CE
:1007D0000D460D4B826D0021406D1B6801934FF05B
:1007E000000310F0E4F8636D2B60A26D13446B609E
:1007F000054B1A68019B5A404FF0000301D00DF0E1
:10080000A3F903B030BD00BF80BE012007B50B4B7C
:100810001B6801934FF00003084B1A68019B5A4074
:100820004FF0000301D00DF08FF94FF0FF324FF081
:10083000FF3303B05DF804EB0BF054BC80BE012025
:1008400007B50B4B10F0040F1B6801934FF000032A
:10085000074B0CBF6FF07F0000201A68019B5A40C5
:100860004FF0000301D00DF06FF903B05DF804FB09
:1008700080BE012007B5094B1B6801934FF00003B0
:10088000064B1A68019B5A404FF0000301D00DF04F
:100890005BF903B05DF804EB0BF0D4BB80BE012024
:1008A00037B5134B04461B6801934FF00003836C6C
:1008B0000D46A3B1FFF7DEFFA36C294620469847FB
:1008C0000B4B1A68019B5A404FF0000301D00DF00A
:1008D0003BF9204603B0BDE83040FFF797BF044B1B
:1008E0001A68019B5A404FF00003F0D103B030BDAD
:1008F00080BE012030B5134B8BB004460D461B68FB
:1009000009934FF00003FFF72BFF00211C22C4E9DD
:100910000511C4E9071101A810F049F80123204688
:1009200001A98DF804300895FFF7BAFF054B1A6846
:10093000099B5A404FF0000301D00DF005F90BB0B0
:1009400030BD00BF80BE01202DE9F3411E461D4B86
:100950000F4690461B6801934FF00003054650B3C5
:10096000FFF754FF2C6AB4B144452246334628BFF2
:10097000424639462846FFF7D3FE044616B910F121
:100980000B0F08D0002C12DC08BF6FF07F04284644
:100990002146FFF7AFFF2846FFF76CFF094B1A68A7
:1009A000019B5A404FF0000308D00DF0CDF82B6AA0
:1009B0001B1B2B62EFE76FF01504EFE7204602B038
:1009C000BDE8F08180BE012037B50F4B05461B689E
:1009D00001934FF00003FFF767FE041E0CDA214677
:1009E0002846FFF787FF084B1A68019B5A404FF0D3
:1009F000000306D00DF0A8F8FFF7C8FE00246861D8
:100A0000F1E7204603B030BD80BE012013B5124B84
:100A100004461B6801934FF0000390B1642200214B
:100A20000FF0C5FF20460BF0E7FB042384F85E308F
:100A300094F8603043F0020384F860303C23A4F85B
:100A40005C30054B1A68019B5A404FF0000301D0FF
:100A50000DF07AF802B010BD80BE012030B5284BF1
:100A600085B01B6803934FF000030546002841D072
:100A7000C36A002B3ED0FFF7C9FE6B6DBBB3EB6CB6
:100A8000ABB32846FFF7F2FD041E2ADB284601A976
:100A9000FFF79CFEAB69284643F00203AB6101A956
:100AA000FFF770FB041E19DBDDE901122846521A1C
:100AB000FFF7FAFD041E11DBFFF768FE00246861F2
:100AC00085F85F402846FFF7D5FE0D4B1A68039B5B
:100AD0005A404FF0000310D00DF036F82846FFF7CB
:100AE0003FFE0023C5E90533C5E90733EAE76FF0A8
:100AF0000B04F6E76FF01504E7E7204605B030BDBC
:100B000080BE012070B5284B8EB00E461B680D9339
:100B10004FF00003054600283FD000293DD0FFF7E5
:100B200075FE69462846FFF751FEA869FFF788FE63
:100B3000041E21DB69463046FFF7C0FB041E1BDBA9
:100B4000009A019B00219B1A0A93F36809920B9368
:100B500033691C2202A80C930FF029FF09AB049300
:100B60000223284602A90593FFF7BCFD041E0FDAF5
:100B700021462846FFF7BEFE2846FFF77BFE0A4BBC
:100B80001A680D9B5A404FF0000309D00CF0DCFFAF
:100B9000FFF7FCFD00246861EEE76FF01504EEE757
:100BA00020460EB070BD00BF80BE01207FB5194B3E
:100BB0000E461B6803934FF00003054620B319B39C
:100BC000FFF724FE284601A9FFF700FEA869FFF7FA
:100BD00037FE041E0CDB304601A9FFF7C1FB041EE3
:100BE00006DBDDE901122846521AFFF7EDFE044646
:100BF0002846FFF73FFE074B1A68039B5A404FF009
:100C0000000304D00CF0A0FF6FF01504F3E72046BA
:100C100004B070BD80BE012030B51B4B85B01B6891
:100C200003934FF00003054638B3FFF7EFFD284666
:100C300001A9FFF7CBFDA869FFF702FE041E10DB38
:100C400001A8FFF7A7FB041E0BDBDDE90112284614
:100C5000521AFFF7B9FE041E03DB00212846FFF7F6
:100C600049FE2846FFF706FE074B1A68039B5A40C9
:100C70004FF0000304D00CF067FF6FF01504F3E7AA
:100C8000204605B030BD00BF80BE01207FB5194BA6
:100C90000E461B6803934FF00003054620B319B3BB
:100CA000FFF7B4FD284601A9FFF790FDA869FFF7FB
:100CB000C7FD041E0CDB304601A9FFF791FB041EA3
:100CC00006DBDDE901122846521AFFF77DFE0446D5
:100CD0002846FFF7CFFD074B1A68039B5A404FF099
:100CE000000304D00CF030FF6FF01504F3E720464A
:100CF00004B070BD80BE012013B50A4B1B68019380
:100D00004FF00003074B1C68019B5C404FF0000351
:100D100001D00CF019FF012302B0BDE81040FFF72D
:100D200013BE00BF80BE012073B5114B06460C46B2
:100D30001B6801934FF000038D18AC4209D30020CB
:100D40000B4B1A68019B5A404FF000030ED00CF079
:100D5000FBFE214630462A1BFFF7CEFF0028EFDBC3
:100D600001D00444E9E76FF00400E9E702B070BD88
:100D700080BE012007B501220D4B1B6801934FF087
:100D800000030C4BC3F8002590F8861049B1DA60D7
:100D9000074B1A68019B5A404FF0000304D00CF037
:100DA000D3FE1A605A60F3E703B05DF804FB00BF9E
:100DB00080BE012000E0004013B5144A03461268CB
:100DC00001924FF000020838D0E8EF2F511CC0E824
:100DD000E41F002CF8D16AB90C4B1A68019B5A40E9
:100DE0004FF0000301D00CF0AFFE02B0BDE81040A0
:100DF000FFF7C0BF6FF00F029A66044B1A68019BA1
:100E00005A404FF00003EED102B010BD80BE012069
:100E100073B508793F4B00F01F04072C1B68019342
:100E20004FF000031DD80B780B2B15D8DFE803F02B
:100E300007070707140614140E10141204234A7827
:100E4000032A19D0042A29D0334A06E00523F6E7FD
:100E50000623F4E70723F2E7304A01213048FCF784
:100E600071FB6FF015002B4B1A68019B5A404FF035
:100E700000034DD00CF068FE012544F20A064A88B2
:100E8000B2423FD00CD844F20306B24216D044F22C
:100E90000506B24234D0AAB3224ADEE70025ECE7C9
:100EA00044F21406B2422FD044F22806B2422DD0AA
:100EB00044F20F06B242EFD1032200E00022C0F359
:100EC00040101B0243EA0053002043EA053343EA83
:100ED0000243220102F1804202F56042C2F8183555
:100EE00023018A7903F1804303F56043C3F8142595
:100EF000C3F810050C4B4A79234483F8A020B2E7CD
:100F00000122DCE70222DAE70422D8E70522D6E74D
:100F100002B070BD80BE01206C2602004D2602008A
:100F2000281202009026020080C50020F0B56B4B0D
:100F300085B00D461B6803934FF000034FF0FF335D
:100F40004FF0FF3266480BF0C1FA6E68731EFE2B3D
:100F500005D9644A01216448FCF7F4FA12E0002341
:100F60001A466248624F26FA03F111F001013BD0A4
:100F700017F803C0BCF1000F13D15E4A01215A4893
:100F8000FCF7F8FA6FF0150455480BF067FA534B6D
:100F90001A68039B5A404FF0000300F09C800CF04D
:100FA000D3FD6C7C00EB031E003C18BF0124DEF86F
:100FB0001815013221F0807141EA0461CEF818154C
:100FC00003F15101090140F801C0D2B20133082BED
:100FD000C9D12B7CA3F10801062916D8DFE801F05E
:100FE000171519150915130003F1510424010151B6
:100FF000ECE702233D49012AC1F8F0356B7C0AD9A0
:101000005BB13D4AA6E70323F4E73C4AB6E7002379
:10101000F0E70123EEE7082B10D8C1F8F4352B6870
:1010200051006BB9EB688B420ED2354A00912E48C5
:101030000121FCF7B9FA6FF00B04A5E7314A9DE7EF
:101040009B8903FB0111EDE72F46A968274B2E4C26
:10105000C3F82C1604F17406C3F830260FCF0FC660
:101060003B6827463360002626672B687BB30FCB8F
:1010700004F1880585E80F006567A4F8986030B32F
:10108000D7E8EF3FC7E8E26F002AF9D11F494FF4D4
:1010900000400F463146D4F888500023E5FB00712C
:1010A0001B4A3846F7F730FE0022CDE90001002345
:1010B00004F108000DF06EF84FF0FF324FF0FF33EF
:1010C00014480BF003FA00B12067246F5CE70E4868
:1010D000FFF750FEF0E7204605B0F0BD80BE0120CE
:1010E000C0C50020BB2602002812020000E000401C
:1010F00020C60020D926020018270200F32602008D
:101100006D2702004A27020080C500203F420F00E1
:1011100040420F00D8C5002013B5164B00241B68B1
:1011200001934FF00003144B0E20C3F80441D3F891
:101130000421C3F81041D3F810211222C3F804236C
:10114000FDF71EFB224601210E20FDF781FB0B4817
:10115000836C13B940300BF081F9064B1A68019B80
:101160005A404FF0000301D00CF0EEFC002002B01A
:1011700010BD00BF80BE012000E0004080C50020FF
:1011800037B53D4B1B6801934FF000033B4BD3F841
:101190000421002A63D00022C3F80421D3F80411EB
:1011A0000121374C9960C3F80025636F2546002B59
:1011B00048D0D4F88C30B4F8982033B104F17401DD
:1011C0009847012814D0022836D0B4F89830B4F8E3
:1011D00094209A4230D90133A4F89830274BD3F8A1
:1011E0002C26D3F8341689B202EB4102C3F82C2620
:1011F000D4F8883073B9204B1A68019B5A404FF0DD
:10120000000301D00CF0A0FC1D4803B0BDE8304045
:10121000FFF7B0BDD5E8EF3F5A1EC5E8E12F002922
:10122000F8D1012BE7DC144B1A68019B5A404FF0B0
:101230000003E7D103B030BDD4F8883013B11148B2
:101240000CF0F4FF0C4B1A68019B5A404FF000035E
:10125000D8D10D4803B0BDE830400BF0FFB8D3F84B
:1012600010110029DFD0C3F81021D3F8102101227A
:101270009A601A605A60D6E780BE012000E0004004
:1012800080C5002088C50020D8C5002007B50C22E5
:101290000B4BC9B21B6801934FF00003036901FBBC
:1012A0000233186C064B00F007001A68019B5A4085
:1012B0004FF0000301D00CF047FC03B05DF804FBD5
:1012C00080BE012007B5114B1B6801934FF000034E
:1012D0004FF02003EFF3118283F31288BFF36F8F77
:1012E000036803F0C00343F00203036082F3118834
:1012F000BFF36F8F054B1A68019B5A404FF00003F4
:1013000001D00CF021FC03B05DF804FB80BE01208D
:1013100073B51B4BC9B21B6801934FF000030369FF
:101320004FF02004EFF3118584F31288BFF36F8F21
:101330000C2606FB0134246C14F0C00410D0A24229
:101340000ED085F31188BFF36F8F4FF0FF300C4B39
:101350001A68019B5A404FF000030FD00CF0F4FBC9
:10136000012271430B441A6485F31188BFF36F8F18
:1013700043680B445B6898470020E8E702B070BD03
:1013800080BE012007B50A4B1B6801934FF0000394
:10139000074B1A68019B5A404FF0000301D00CF034
:1013A000D3FB802203B05DF804EBFFF7B1BF00BFB1
:1013B00080BE0120F7B51E4CDDF820C024680194E2
:1013C0004FF00004C9B204694FF02005EFF3118615
:1013D00085F31288BFF36F8F0C2569430C44256C8D
:1013E00005F00707012F14D1C4F840C086F3118817
:1013F000BFF36F8FC4E90E2343685B589847002002
:101400000B4B1A68019B5A404FF000030ED00CF0B2
:101410009BFB05F0C005AC4586F31188BFF36F8FC9
:101420000CBF6FF077004FF0FF30E9E703B0F0BD7D
:1014300080BE012030B50A4C85B0246803944FF07B
:10144000000480240094FFF7B5FF054B1A68039B46
:101450005A404FF0000301D00CF076FB05B030BDD0
:1014600080BE012037B5104B0D461B6801934FF02D
:1014700000030E4B0E49C31A9B10594340220446E9
:101480000C48FFF745FF084B01461A68019B5A407C
:101490004FF0000301D00CF057FB20462B4603B061
:1014A000BDE83040184700BF80BE01201CDC002092
:1014B000B76DDBB6A40F020013B50C4B1B6801938C
:1014C0004FF00003094B1C68019B5C404FF0000388
:1014D00001D00CF039FB1C24CBB20021006903FBC6
:1014E000040002B0BDE81040104700BF80BE0120DC
:1014F0007FB5164B164C1B6803934FF00003402337
:10150000041B00930D460B461249A4106143064686
:10151000114A1248FFF74EFF011E0C4B0DDA1A68F4
:10152000039B5A404FF0000301D00CF00DFB3046F6
:101530002B4604B0BDE8704018471A68039B5A4018
:101540004FF00003F1D104B070BD00BF80BE012098
:101550001CDC0020B76DDBB6B9140100A40F02003B
:1015600007B50A4B1B6801934FF00003074B1A683D
:10157000019B5A404FF0000301D00CF0E5FA002027
:1015800003B05DF804EB06F0B5BE00BF80BE0120DD
:1015900007B50A4B1B6801934FF00003074B1A680D
:1015A000019B5A404FF0000301D00CF0CDFA00200F
:1015B00003B05DF804EB06F009BF00BF80BE012058
:1015C00007B50A4B10461B6801934FF00003074B09
:1015D0001A68019B5A404FF0000301D00CF0B4FA96
:1015E00003B05DF804EB0AF039BF00BF80BE0120F4
:1015F00073B51A4B00220121044605201B68019394
:101600004FF00003FDF724F9154806F029FE154BAD
:1016100098421DD106F048FE266913493046FAF774
:10162000CDF800280BDB0125356424690E4904F14F
:101630001C00FAF7C3F8002801DB0020E564074B23
:101640001A68019B5A404FF0000304D00CF07CFA5A
:101650006FF00400F3E702B070BD00BF80BE012050
:10166000D51601000000AD0B2C14020073B5164B0B
:1016700004461B6801934FF000030C2300226343D0
:101680001248C11840331844D1E90E568A63FFF757
:1016900019FE0D4B7DB11A68019B5A404FF00003B3
:1016A00001D00CF051FA324621462B46084802B0D0
:1016B000BDE8704018471A68019B5A404FF000037C
:1016C000EFD102B070BD00BF80BE01201CDC002045
:1016D000A40F020007B5124B1B6801934FF00003E3
:1016E00058B101280DD00E4B1A68019B5A404FF09B
:1016F00000030DD103B05DF804FB0A4B1B6C5B07C4
:10170000F1D1074B1A68019B5A404FF0000301D0FA
:101710000CF01AFA03B05DF804EBFFF7A7BF00BFA7
:1017200080BE01201CDC002013B5214B1B680193F7
:101730004FF000034FF02003EFF3118483F312887E
:10174000BFF36F8F1B4A136843F002011160DA0781
:101750000CD484F31188BFF36F8F154B1A68019B6B
:101760005A404FF000031CD00CF0EEF9124BD3F8A6
:101770000C24D3F80C34DB07EBD51048FFF7A2FD9F
:1017800084F31188BFF36F8F094B1A68019B5A408D
:101790004FF00003E8D1002002B0BDE81040FFF791
:1017A00065BF012002B0BDE8104006F0A3BD00BF38
:1017B00080BE01206CDC0020005000405CDC00207A
:1017C00000B5144B89B01B6807934FF0000301ABC1
:1017D0000022CDE901330123CDE9032305ABCDE997
:1017E00005330D4A01ABFFF725FE002805DB4FF45A
:1017F0008042002301A80AF069FE064B1A68079B85
:101800005A404FF0000301D00CF09EF909B05DF88A
:1018100004FB00BF80BE0120C115010013B5134BAE
:101820001B6801934FF000034FF02003EFF3118486
:1018300083F31288BFF36F8F0D4A136823F0020100
:10184000DB07116002D4012006F0C0FD84F311888B
:10185000BFF36F8F054B1A68019B5A404FF000038E
:1018600001D00CF071F902B010BD00BF80BE0120A4
:101870006CDC00202DE9F3413D4B07461B680193CA
:101880004FF0000301223B49D1E8EF3FC1E8E02FD0
:101890000028F9D133B9384938484B60CB608A60A9
:1018A000F9F7B0FF7B1E012B28D8012F06D1344B4E
:1018B000D3F81C3403F00303022B1FD00AF00EFAF6
:1018C000054620BB2F4B1B780BB3022206462C4B40
:1018D000C3F808232A4CDFF8B080D4F81824D4F8D1
:1018E0001834D2031DD503F00303022B01D0012FBE
:1018F00017D1ADB386F31188BFF36F8F1C4B1A68F5
:10190000019B5A404FF000032FD00CF01DF94FF00F
:101910002003EFF3118683F31288BFF36F8F012545
:10192000D8E7C5B13046FDF771F8D4F81835DBB209
:10193000012BD2D1D4F80421002ACED00022C4F841
:101940000421D4F804210222C4F818252022C8F862
:101950008021A360C1E7002121200BF0D7FFE4E73D
:101960000222074BC3F80423C8E702B0BDE8F081A8
:1019700080BE012018DC002008DC002038DC0020BC
:10198000005000403D21012000E100E007B50F4B71
:101990001B6801934FF000030D4809F0D9FD78B1A1
:1019A0000C48FDF77BFB0B48F8F7E0FE0020074BE7
:1019B0001A68019B5A404FF0000304D00CF0C4F8A1
:1019C0006FF01200F3E703B05DF804FB80BE012066
:1019D000E00F0200D919010037B50F4B0A28044661
:1019E0001B6801934FF000030C4D04D1AB680D212F
:1019F00028465B689847AB6808485B68E1B298473F
:101A0000054B1A68019B5A404FF0000301D00CF0BF
:101A10009BF8204603B030BD80BE0120E00F0200DD
:101A200007B50C4B084611461B6801934FF00003A5
:101A300006F078FA074B002818BF6FF004001A6808
:101A4000019B5A404FF0000301D00CF07DF803B029
:101A50005DF804FB80BE012007B50B4B1B680193AA
:101A60004FF0000306F048FA074B002818BF6FF04C
:101A700004001A68019B5A404FF0000301D00CF09B
:101A800063F803B05DF804FB80BE012007B50B4B83
:101A90001B6801934FF0000343685B681B690B6090
:101AA000064B1A68019B5A404FF0000301D00CF01E
:101AB0004BF8002003B05DF804FB00BF80BE01209E
:101AC00013B50C4B1B6801934FF00003436802EA07
:101AD00001005B6821EA02019860D960054B1A6831
:101AE000019B5A404FF0000301D00CF02DF800206C
:101AF00002B010BD80BE012007B50A4B1B680193E0
:101B00004FF0000343685B689960064B1A68019BBD
:101B10005A404FF0000301D00CF016F8002003B03B
:101B20005DF804FB80BE012007B50A4B1B680193DA
:101B30004FF0000343685B68D960064B1A68019B4D
:101B40005A404FF0000301D00BF0FEFF002003B01D
:101B50005DF804FB80BE012007B50D4B1B680193A7
:101B60004FF0000343685A68536821EA03000B40B2
:101B70009060D360064B1A68019B5A404FF00003F7
:101B800001D00BF0E1FF002003B05DF804FB00BFC3
:101B900080BE012013B51B4B1B6801934FF000035F
:101BA00003695868F8B1884219D19C680868A14255
:101BB000586000D19860002008602AB15A680A6015
:101BC0009A68596002B99960002010E0814206D1FC
:101BD0000868206098688142EDD19C60EBE704467C
:101BE00000680028F2D1002AE8D16FF01500054BFB
:101BF0001A68019B5A404FF0000301D00BF0A4FF7C
:101C000002B010BD80BE012037B5174B45681B6878
:101C100001934FF000032B69B3B11035284607F04C
:101C2000E9F9044680B90146284607F091F90F4BBF
:101C3000984213D1224628460D4907F03BF9224627
:101C400005213120FCF704FE0020074B1A68019B98
:101C50005A404FF0000304D00BF076FF6FF0040001
:101C6000F3E703B030BD00BF80BE01200000AD0B24
:101C7000751C010073B5134B1B6801934FF00003F3
:101C8000430907D1104B596821B101250C680F4E4B
:101C9000854041B90B4B1A68019B5A404FF0000335
:101CA0000ED00BF051FF8A682A4002D030464B68B4
:101CB00098471CB1236821461C46EAE72346FAE709
:101CC00002B070BD80BE012070DC0020B80F0200A1
:101CD0002DE9F04340F206354668D00648BF0320A0
:101CE000604B89B01B6807934FF0000302EA0505BB
:101CF000337B58BFC2F3401001F01F07B5F5837F57
:101D0000144647EA43178DF8070048D016D8062D29
:101D10001FD00ED8EDB1022D43D06FF01500514BFE
:101D20001A68079B5A404FF0000300F098800BF0B0
:101D30000BFFB5F5807FF0D101250AE040F20222C9
:101D4000954230D0B5F5407F2FD0B5F5007FE4D176
:101D5000022522032BD5012372688B4093603269E0
:101D600062BB07F01F037F0975D13F4A84F48031BD
:101D700002EB8302D2F80032C1F30041C4F34044C5
:101D800023F4E16344EA410423F007031C4344EADB
:101D9000800444EA0524C2F800420020BFE707257A
:101DA000D7E70425D5E70525D3E70325D1E7630366
:101DB00041BF012372688B40D360D0E710363946AB
:101DC00030460DF1060207F095F814F4403F8046C6
:101DD0000CD13946304607F02DF9244B9845DCD11B
:101DE00030469DF8061007F03BF9D6E74FF00009A2
:101DF00002AB3946304604AACDE90539CDE902994E
:101E0000CDF8109006F0A0FE184B984285D114F43E
:101E1000003315D09DF8073084F48034C4F30044B7
:101E20008DF8123039464B46304604AA8DF81050D2
:101E30008DF8114006F094FF0C4B9842CDD06CE722
:101E4000CDE9053339460DF10703304604AA049362
:101E500006F07AFEF0E7803352F82330FFDE09B057
:101E6000BDE8F08380BE0120002584400000AD0B5A
:101E7000F0B540683F4C057B89B0246807944FF06B
:101E8000000401F01F0444EA45140569002D66D0E2
:101E9000B2F5001F00F110050DD12146284607F0CC
:101EA00085F90020334B1A68079B5A404FF0000316
:101EB0005ED00BF049FE0027B2F5800F02AE02970C
:101EC000776037D1B3F1007F14BF052304238DF869
:101ED00008300023CDE905630493836823FA01F1F8
:101EE00011F0010118D1B2F1A07F15D104F01F0348
:101EF000620903F1800338D11F4A52F82330DB070F
:101F00000AD40DF1070632462146284606F0F2FFB4
:101F10001A4B984219D003962146284604AA06F087
:101F200013FE174B98421DD101222146284607F087
:101F3000D7F8B6E7B3F1C06F05D0B3F1007F14BF97
:101F400001230223C3E70323C1E73146284607F0F4
:101F5000A7F80B4B9842DED06FF00B00A2E76FF0B2
:101F600085009FE76FF015009CE751F82330FFDEF6
:101F700009B0F0BD80BE0120002584400400AD0BF7
:101F80000000AD0B37B5104B1B6801934FF00003F9
:101F900043681360057A446804EBC504A3420AD37E
:101FA0006FF00100084B1A68019B5A404FF0000384
:101FB00008D00BF0C9FD5C798C4201D00833E8E70A
:101FC0000020EFE703B030BD80BE01202DE9F743CC
:101FD000614B624D1B6801934FF00003604E614FEF
:101FE00000EB810181420AD100205B4B1A68019B02
:101FF0005A404FF0000300F0AC800BF0A5FD0468E0
:1020000014F4805FC4F3432C04F07F0340F08F800E
:102010007F2B4FEA144408BF4FF0FF3315F80CC074
:10202000192C00F28780DFE804F00D13191C1F251E
:102030001C8585858536618585858585858585852C
:1020400064797C7FC2F80C355C1C5CD10430C9E734
:10205000C2F814355C1CF9D000245DE0C2F80835E4
:10206000F2E7C2F81035F5E75C1CC2F80835EDD090
:10207000002404E05C1CC2F80C35E7D001245FEAC0
:10208000531E5AD14FF00108DFF8D4E008FA03F9E3
:10209000CEF80C900AE0C2F80835BCF1000FD9D197
:1020A0005C1CD3D000244FF0060CA046D0F8009062
:1020B00009F4005EBEF1000F1CBF4FF000080124C0
:1020C00003F01F0E5B093ED106EB8E0EDEF80032E8
:1020D000C9F3C1193B4043EA890343EA0C2343EAAD
:1020E000080343EA4403CEF80032AFE7C2F80C35E8
:1020F000D3E7C2F86035B3F1FF3F0468A6D0C4F35C
:102100008034002CBAD05C091AD10124DFF850E0E9
:1021100004FA03F8CEF80880A046C7E7C2F8643591
:10212000E9E7C2F86835E6E7C2F86C35E3E76FF037
:1021300015005AE76FF0850057E70023DB60FFDEEC
:1021400000239B60FBE700230EF1800E53F82E3036
:10215000F5E703B0BDE8F08380BE0120E32702006D
:1021600000258440F0F8FCFF07B50B4B1B6801937A
:102170004FF0000343681B68D3F88004C3F8800461
:10218000054B1A68019B5A404FF0000301D00BF039
:10219000DBFC03B05DF804FB80BE012007B5124BE9
:1021A00002691B6801934FF0000343681B68D3F872
:1021B000100190B10020526912780A70C3F8100122
:1021C000D3F8102101221A60074B1A68019B5A406C
:1021D0004FF0000304D00BF0B7FC4FF0FF30F3E7F3
:1021E00003B05DF804FB00BF80BE012007B5104AB4
:1021F0000346126801924FF000020268D2F85801BB
:1022000080B95B689B0704D4D2F82001003818BF5E
:102210000120074B1A68019B5A404FF0000303D07E
:102220000BF092FC0120F4E703B05DF804FB00BF63
:1022300080BE012007B5244B42681B6801934FF014
:1022400000031368D3F80413C90518D5D3F8201177
:10225000A9B14FF02000EFF3118180F31288BFF392
:102260006F8FD3F8200130B10020C3F82001D3F8DC
:1022700020010120D86081F31188BFF36F8F52686D
:10228000D20615D54FF02001EFF3118281F31288A9
:10229000BFF36F8FD3F8581111B10021C3F80015A7
:1022A0004FF48001C3F8081382F31188BFF36F8FD6
:1022B000054B1A68019B5A404FF0000301D00BF008
:1022C00043FC03B05DF804FB80BE01202DE9F74319
:1022D00006464FF00008914B0022012108201B68A0
:1022E00001934FF00003FCF7B3FA0820FCF748FA1B
:1022F000776835693C686A46C4F800852E60D7F86F
:102300000C9041464846FFF73DFE002839DB009B14
:10231000D9F8002019791868FFF758FE002830DB3B
:102320006B7A3169012B03D0032B28D14FF01008B1
:10233000AB7A032B23D195F80BC0BCF1000F02D070
:10234000BCF1010F1BD12A7A12B1022A17D10E2239
:102350006B687068B3F5164F006800F0848035D85C
:10236000B3F5165F00F082801DD8B3F5966F7FD06D
:1023700011D8B3F5967F7ED0B3F5167F7ED06FF07F
:102380008500664B1A68019B5A404FF0000300F02D
:10239000C1800BF0D9FBB3F5166F72D0B3F5965F21
:1023A000EDD15F4B3EE0B3F5E14F6DD007D8B3F50B
:1023B000615F6BD0B3F5964FE1D15A4B32E047F6EF
:1023C000122E7345DBD14FF400032BE0B3F5613FD0
:1023D0005ED013D8B3F5963F5DD009D84DF6C02E28
:1023E00073455AD0B3F5614FC9D14FF46B0319E06F
:1023F000B3F5E13FC3D14FF0EB7313E0B3F5612FB9
:102400004ED009D8DFF820E173454CD0B3F5E12F69
:10241000B5D14FF0E86305E0DFF810E17345AED1C8
:102420004FF08053C0F82435736848EA0C081B68E5
:1024300042EA0802C3F86C250B1DD5E9010183E8C7
:1024400003007B6899073DD505F1180006F020F8D8
:10245000374B98422AD037480121374AFBF772F8A8
:102460006FF004008DE74FF41D03DBE7334BD9E732
:102470004FF49E23D6E74FF4A033D3E74FF41C3339
:10248000D0E74FF41D23CDE72D4BCBE72D4BC9E70C
:102490004FF06C73C6E72C4BC4E74FF46503C1E7FC
:1024A0004FF07063BEE74FF08063BBE7287E04F116
:1024B0000C0204F5907105F051FE01202B7E98402E
:1024C00005F032FE0823C4F800353B7A53B9C4F84E
:1024D0001031D4F810316B69C4F834350123C4F8D5
:1024E000383523607B6800209A075CBF4FF4807307
:1024F000C4F804337B68DB0644BF4FF48003C4F8A0
:1025000004332B69C4F844350123C4F84805A3609B
:10251000E36036E703B0BDE8F08300BF80BE012072
:1025200000B0130000A04E0090D0030040420F0006
:102530000000AD0BC8120200EB270200005027007C
:1025400000C0750000F03A0000903A012DE9F34117
:10255000394B04460D461B6801934FF00003076991
:1025600009F0BCFBB0B9354B1B789BB164266068A1
:10257000FFF73CFE00BB012005F062FD013EF6D1F5
:10258000002121200BF0C2F9F0E788F31188BFF396
:102590006F8FF5E74FF02003EFF3118883F3128874
:1025A000BFF36F8F60684646FFF720FE90B988F34F
:1025B0001188BFF36F8FEDE74FF02003EFF3118821
:1025C00083F31288BFF36F8F60684646FFF70EFEF5
:1025D0000028DAD03B691D70626839691368C3F856
:1025E00044150121C3F848150021C3F82011D3F880
:1025F0002001C3F858115268D3F85811D20608D5F3
:10260000082162681268C2F800154FF48002C3F80E
:10261000042301229A6086F31188BFF36F8F064B63
:102620001A68019B5A404FF0000301D00BF08CFA5E
:1026300002B0BDE8F08100BF80BE01203D21012035
:1026400007B50E4B00221B6801934FF0000300F109
:1026500050039B009BB203F1804303F5A8331A603B
:102660001B68064B1A68019B5A404FF0000301D0CB
:102670000BF06AFA03B05DF804FB00BF80BE0120D6
:1026800073B5154B154A1B6801934FF000030123E6
:102690008340DC43D2E8EF1F01EA0405C2E8E65FAD
:1026A000002EF7D14FF4803282400D48C0F8082345
:1026B000BFF35F8FBFF36F8F0B42074B14BF012037
:1026C00000201A68019B5A404FF0000301D00BF024
:1026D0003BFA02B070BD00BF80BE012080DC00204C
:1026E0000050014073B5164B16491B6801934FF01B
:1026F0000003D1E90034D01AC31844F1000422F0D9
:102700007F46C1E90034A6F50013B3F5400F09D2A6
:102710000D4B1B681A0A1B069C190C4B42F1000555
:10272000C3E90045064B1A68019B5A404FF000036D
:1027300001D00BF009FA02B0BDE870400BF044BBC9
:1027400080BE012048D7002084DC002050D7002024
:1027500007B5174B1B6801934FF00003D9B1012354
:10276000144A8340D2E8EFCF4CEA030CC2E8E1CF31
:102770000029F7D14FF480330F4A8340C2F8043365
:102780000E4BD3E8AF3FC340DB0742BF4FF400120C
:102790000B4BC3F80021064B1A68019B5A404FF0BF
:1027A000000301D00BF0D0F903B05DF804FB00BFCB
:1027B00080BE012080DC0020005001407CDC002035
:1027C00000E100E007B5154B1B6801934FF00003D3
:1027D000134B1868010A0006BFF35F8F114BD3F843
:1027E0000435181841F10001B3F5801F0AD20E4BD1
:1027F000D3E90023904271EB030303D210F1807000
:1028000041F10001054B1A68019B5A404FF000034B
:1028100001D00BF099F903B05DF804FB80BE0120F4
:1028200084DC00200050014050D700202DE9F04FFB
:1028300089B01F46129B16460293139B04460393CE
:10284000484B9DF850A01B6807934FF00003FFF71B
:1028500017FF0190FFF7B6FFB04271EB070355D2A7
:10286000414B301A67EB0101984271F1000150D2DF
:102870003E4B03EB0413D3E902239F4208BF964269
:1028800060D04FF4803808FA04F3DFF8E480009356
:102890002046C8F8483326F07F4BFFF7D1FE4FF0B3
:1028A0000309584604F15005AD00ADB205F180456D
:1028B00004F5A87305F5A8350493049B20F07F4226
:1028C00048F82320009BC8F84433D8F80425294B46
:1028D000801A033820F07F40984233D9286868B1C5
:1028E000D8F80425A2EB0B0020F07F40B0F5000FD4
:1028F000059227D92046FFF7A3FE059ABAF1000FEB
:1029000007D109EB020009F10109D6E7BAF1000F7E
:102910000ED06FF0150520460199FFF719FF114BF6
:102920001A68079B5A404FF0000317D00BF00CF9C0
:102930000123114AA340D2E8EF0F1843C2E8E10F88
:102940000029F8D1094902982301C850039B01EBE3
:1029500004120025C2E902675360DCE7284609B08B
:10296000BDE8F08F80BE01200100800038D7002034
:1029700000500140FDFF7F007CDC002070B54FF06F
:10298000FF3000254FF0FF31204B86B01B680593C8
:102990004FF000031E4C1F4B0226C4F80833C4F846
:1029A00048331D4BC4F80855C3E902014FF4803386
:1029B0004FF40012C4F80433184B01211520C4F859
:1029C0000463C3F880212A46FBF742FF1520FBF77A
:1029D000D7FE0123124AA36023601360114B124AF1
:1029E000009328460023CDE90155FFF71FFF30462D
:1029F000FEF740FF054B1A68059B5A404FF0000355
:102A000001D00BF0A1F8284606B070BD80BE0120B1
:102A10000050014003000F0038D7002000E100E023
:102A200080DC0020E5260100FFFF7F002DE9F04358
:102A3000364B85B01B6803934FF00003344BD3F83B
:102A4000042390070BD5D3F8042142B10022C3F828
:102A50000421304AD3F804311368013313602C4A3F
:102A6000D2F80433D90327D52B4BD3E8EF1F21F03D
:102A70000100C3E8E40F002CF7D1CB0702D4D2F851
:102A80004031CBB10025224CC4F84051D4F840313C
:102A9000FFF798FE4FF02003EFF3118283F31288C3
:102AA000BFF36F8F1D4BD3E90267B042B9410CD21F
:102AB00082F31188BFF36F8F144B1A68039B5A403F
:102AC0004FF000031ED00BF03FF84FF0FF38D3E972
:102AD00000104FF0FF391D60C3E902894FF48033C5
:102AE000C4F84833C4F84051D4F8403182F3118817
:102AF000BFF36F8F0029DFD0009032463B46284657
:102B00008847D9E705B0BDE8F08300BF80BE01204B
:102B10000050014084DC00207CDC002038D70020FD
:102B200030B51A4B87B01B6805934FF00003431C68
:102B3000174C05D08442A8BF0446012CB8BF01241D
:102B4000FFF740FE134B124DD3E90013401AB0F5C6
:102B5000000F16D22218AA4228BF2A460020521877
:102B60000D4943F10003CDE901000091FFF75EFE3E
:102B7000064B1A68059B5A404FF0000303D00AF039
:102B8000E3FF2A46EAE707B030BD00BF80BE012060
:102B9000FFFF7F0048D70020E526010007B50B4B5B
:102BA0001B6801934FF00003FFF70CFE084B1B68F6
:102BB000C01A064B1A68019B5A404FF0000301D01F
:102BC0000AF0C2FF03B05DF804FB00BF80BE012025
:102BD00048D7002007B5094B1B6801934FF000034D
:102BE000FFF7F0FD054B1A68019B5A404FF00003B8
:102BF00001D00AF0A9FF03B05DF804FB80BE0120FC
:102C000073B50D4B05461B6801934FF000030B4C49
:102C10000B4EB44208D3084B1A68019B5A404FF040
:102C2000000307D00AF090FFD4E900312846984706
:102C30000834EEE702B070BD80BE0120A040020063
:102C4000A040020073B5154B002201212A201B6809
:102C500001934FF00003FBF7FBFD114808F03EFB2A
:102C6000044628B1012103460E4A0F48FAF782FCB8
:102C70000E4D0F4EB54208D3084B1A68019B5A40BF
:102C80004FF0000307D00AF05FFFD5E9003120467E
:102C900098470835EEE7204602B070BD80BE01209F
:102CA000F01402002428020098120200A040020042
:102CB000B0400200F7B5174B01461B6801934FF077
:102CC0000003154B0B251A68144B002618461F46A7
:102CD000B84201D3013D0CD11846013A19605A603F
:102CE0000C4B1A68019B5A404FF000030FD00AF0BA
:102CF0002BFF04688C42F3D03CB14468141BA642FD
:102D0000BCBF034626460830E2E70346E4E703B0CB
:102D1000F0BD00BF80BE012044DD002050DD00205A
:102D200007B500200D4B1B6801934FF000030C4BBF
:102D3000C3E900000B4BD3E8EF2FC3E8E10F0029F4
:102D4000F9D1064B1A68019B5A404FF0000301D09D
:102D50000AF0FAFE03B05DF804FB00BF80BE01205C
:102D600048DD002044DD002007B5094B1B680193B6
:102D70004FF00003064B1A68019B5A404FF00003C6
:102D800001D00AF0E1FE03B05DF804EB08F0ACBB43
:102D900080BE01202DE9F047654B8AB005460E46FE
:102DA0001B6809934FF000030DF0D4FD58B96FF084
:102DB0006D005F4B1A68099B5A404FF0000300F00A
:102DC000B4800AF0C1FE0BF0BDF833680446002B56
:102DD0000F4604D10AF0F4FC6FF00A00E9E7BCBF2B
:102DE0004FF0FF3333600122002102A809F014FBE9
:102DF0000DF1040808954FF02003EFF3118A83F3D7
:102E00001288BFF36F8F0AF0ADFDFFF753FFDFF8B5
:102E100024914268D9F800309A426DD10023464D82
:102E200001936B68002B6ED1C5E900888AF3118885
:102E3000BFF36F8F33685A1C6AD04FF4004E40F2D4
:102E4000E730002123EAE37C4FF47A720023CCFBC5
:102E50000E01F5F759FF02460B4602A809F036FBB2
:102E60004FF02003EFF3118A83F31288BFF36F8FC3
:102E700000222B685BB1434554D10199002A4BD104
:102E80006A6829609A4200D16960002301930AF0C0
:102E900069FDFFF70FFFD9F8003043608AF311880E
:102EA000BFF36F8F0DF056FD002880D035686B1C86
:102EB00027D00BF047F84FF47A7EA0FB0E320EFBC2
:102EC0000121A4FB0E420EFB0722DB0BE40B43EABD
:102ED000414344EA42441B1B4FEAD1314FEAE57CAF
:102EE00061EBD231ED1A6CEB010CBCF1000FB8BFF5
:102EF000002535602DB96FE743608AF31188BFF371
:102F00006F8F002055E7C3F80080C5F804808DE777
:102F10004FF0FF321346A0E711606968994208BF7D
:102F20006A60B2E71A461B68A4E70AB0BDE8F087FA
:102F300080BE012044DD002048DD002013B50A4B8F
:102F400004461B6801934FF00003FCF73FF9064B62
:102F500004601A68019B5A404FF0000301D00AF048
:102F6000F3FD02B010BD00BF80BE012007B5094BC4
:102F70001B6801934FF00003064B1A68019B5A40EF
:102F80004FF0000301D00AF0DFFD03B05DF804EB61
:102F900008F0A4BE80BE012037B5194B04681B6839
:102FA00001934FF000032CB1164B9C4202D3A8337F
:102FB0009C420BD3144C2378062B16D85D1C25702D
:102FC000104C03EB430304EBC303036000680C4B9A
:102FD0001C68019B5C404FF0000301D00AF0B4FD77
:102FE00003B0BDE8304009F017BA054B1A68019BE1
:102FF0005A404FF00003F1D16FF00B0003B030BD29
:1030000080BE01209CDC0020FC1B012007B5094B81
:103010001B6801934FF00003064B1A68019B5A404E
:103020004FF0000301D00AF08FFD03B05DF804EB10
:1030300009F014BA80BE012073B5174B05461B6812
:1030400001934FF000034B1C1FD021EAE1744FF4B1
:10305000004640F2E73000214FF47A720023C4FBAF
:103060000601F5F751FE02460B46284609F02EFAF6
:10307000094B002818BF6FF00A001A68019B5A40DC
:103080004FF0000305D00AF05FFD4FF0FF3213460A
:10309000EBE702B070BD00BF80BE012007B5174B43
:1030A00002681B6801934FF000032AB1144B9A4247
:1030B00002D314339A4206D3124B1A7892B90122E2
:1030C0001A700F4B036000680C4B1A68019B5A4042
:1030D0004FF0000301D00AF037FD03B05DF804EBB8
:1030E00009F08AB8054B1A68019B5A404FF000035B
:1030F000F1D16FF00B0003B05DF804FB80BE01203E
:1031000088DC0020FB1B012007B5094B1B680193DD
:103110004FF00003064B1A68019B5A404FF0000322
:1031200001D00AF011FD03B05DF804EB08F08ABF8E
:1031300080BE012073B5174B05461B6801934FF005
:1031400000034B1C1FD021EAE1744FF4004640F20B
:10315000E73000214FF47A720023C4FB0601F5F733
:10316000D3FD02460B46284608F0BCFF094B002859
:1031700018BF6FF00A001A68019B5A404FF0000315
:1031800005D00AF0E1FC4FF0FF321346EBE702B046
:1031900070BD00BF80BE012037B50546124B1B68CD
:1031A00001934FF00003114BD3E8EF1F0131C3E847
:1031B000E21F002AF8D10E4B1C6844B90A4B1A686A
:1031C000019B5A404FF000030BD00AF0BDFCE369AD
:1031D000AB4201D005B113B9201D09F03FF92468B5
:1031E000EBE703B030BD00BF80BE012044DD00200E
:1031F00048DD002007B50B4B01461B6801934FF0DB
:103200000003084B1A68019B5A404FF0000301D09D
:103210000AF09AFC00220023034803B05DF804EB97
:1032200008F0BEBC80BE0120A0DD002007B50A4B1F
:1032300001461B6801934FF00003074B1A68019B7E
:103240005A404FF0000301D00AF07EFC034803B05F
:103250005DF804EB08F0BEBC80BE0120A0DD0020BC
:1032600007B50B4B01461B6801934FF00003084B59
:103270001A68019B5A404FF0000301D00AF064FC29
:1032800000220023034803B05DF804EB08F088BC7B
:1032900080BE0120B4DD002007B50A4B01461B6843
:1032A00001934FF00003074B1A68019B5A404FF0FF
:1032B000000301D00AF048FC034803B05DF804EBBA
:1032C00008F088BC80BE0120B4DD002007B50E4B9D
:1032D0004FF480620D490E481B6801934FF00003C4
:1032E00008F0CCFB084B1A68019B5A404FF00003D2
:1032F00001D00AF029FC4FF402520649064803B0F7
:103300005DF804EB08F0BABB80BE0120FD1B012074
:10331000A0DD0020E8840020B4DD002013B50C4BB4
:103320001B6801934FF000030A4B1C6844B9084B1B
:103330001A68019B5A404FF0000306D00AF004FCC3
:10334000201D09F08BF82468F0E702B010BD00BF23
:1033500080BE012048DD002073B50D4B05461B687B
:1033600001934FF000030B4C0B4EB44208D3084BB3
:103370001A68019B5A404FF0000307D00AF0E4FBA3
:10338000D4E90031284698470834EEE702B070BD12
:1033900080BE012098400200A040020007B50A4B01
:1033A0000A481B6801934FF0000306F02DFD064B01
:1033B0001A68019B5A404FF0000301D00AF0C4FB89
:1033C000002003B05DF804FB80BE012059330100EA
:1033D00013B5574B29281B6801934FF0000300F0E9
:1033E000A1800ADC012857D0062800F09D80002823
:1033F00000F096804FF0FF303BE0B0F58D7F04D0B9
:10340000B0F5007FF6D11E2950E04B1E142BF1D8E9
:1034100001A050F823F000BF6F3401006F340100A9
:103420006F3401006F3401006F3401006F3401000C
:10343000F5330100F5330100F5330100F5330100E8
:10344000F53301006F3401006F3401008534010051
:1034500089340100F5330100F53301006D340100BA
:103460008D34010091340100953401000E210020BB
:1034700011602F4B1A68019B5A404FF0000355D042
:103480000AF062FB0F21F2E71021F0E71121EEE7CD
:103490001221ECE71321EAE736293FDC202907DC7B
:1034A0001429E4D038DC0229E1D00429DFD0A1E7D7
:1034B000A1F12103152B9DD801A050F823F000BFE6
:1034C0006F3401006F340100F5330100F533010062
:1034D000F5330100F5330100F53301006F340100CD
:1034E000F5330100F5330100F5330100F533010038
:1034F000F5330100F5330100F5330100F533010028
:10350000F53301006F3401006F3401006F340100A6
:103510006F3401006F3401001529C7E73D29C5E765
:103520001F29C3E72029C1E73729BFE702B010BD33
:1035300080BE012007B50F4B4FF0FF321B6801938F
:103540004FF000030C4B1A609A611A639A641A6672
:103550009A67C3F89020C3F8A820064B1A68019B0D
:103560005A404FF0000301D00AF0EEFA002003B0F9
:103570005DF804FB80BE0120CCDD002007B5094BBF
:103580001B6801934FF00003064B1A68019B5A40D9
:103590004FF0000301D00AF0D7FA002003B05DF825
:1035A00004FB00BF80BE01202DE9F041144600223B
:1035B0001E46284B86B001291B6805934FF0000377
:1035C0000D46CDE90322DDF83080076810D1192CB3
:1035D00019D1FBF7FBFD5F2303604FF0FF301D4B5C
:1035E0001A68059B5A404FF000032FD00AF0ACFA3E
:1035F0002146284602AAFFF7EBFE00281EDAFBF759
:10360000E5FD6D23E8E72146284602AAFFF7E0FE24
:103610000028F4DB143C012C07D836B14FF0080821
:103620003268B3680392049303AE334629463846A2
:10363000029ACDF8008007F013FAD0E7B5F58D7F38
:10364000F3D10C2C08BF4FF00408EEE706B0BDE83C
:10365000F08100BF80BE01202DE9F0411C462C4BBB
:1036600088B01B6807934FF0000300230F461546F0
:10367000CDE90533082306682946384603AADDF854
:1036800038800493FFF7A4FE00280EDAFBF79EFDB6
:103690006D234FF0FF3603601D4B1A68079B5A409D
:1036A0004FF000032FD00AF04FFA012F1CD1A5F1E3
:1036B0001403012B18D804AA05AB304600923946F2
:1036C000039A07F0F9FA06460028E5D1012FE3D165
:1036D000042D0CD120680028DED0FFF72FFCFBF76B
:1036E00075FD03682360D7E742462346E5E7143DAE
:1036F000012DD1D8059BC4E90030069BA36010239F
:10370000C8F80030C8E7304608B0BDE8F08100BF17
:1037100080BE012007B50A4B1B6801934FF00003E0
:10372000074B1A68019B5A404FF0000301D00AF082
:103730000BFA006803B05DF804EB0CF0BBBB00BFF4
:1037400080BE012037B50D4B04461B6801934FF036
:10375000000344B9094B1A68019B5A404FF000031B
:103760000AD00AF0F1F9A06925680AF0C7FE2046E0
:103770000AF0C4FE2C46ECE703B030BD80BE012049
:1037800007B513490346096801914FF0000111493B
:103790000878C0B91049097839B1A2F580710229B9
:1037A00008D9A2F58872012A04D9013B022B8CBFEB
:1037B00000200120064B1A68019B5A404FF000037D
:1037C00003D00AF0C1F90020F4E703B05DF804FB70
:1037D00080BE01207E2001207D20012037B5104BC6
:1037E00002221B6801934FF000034B8801F114047F
:1037F0004380034623F8042B0A1D52F8045BA242BF
:1038000043F8045BF9D10B7D0375054B1A68019BE6
:103810005A404FF0000301D00AF096F903B030BDD2
:1038200080BE012037B5104B02221B6801934FF078
:103830000003438800F114044B800B4623F8042B4B
:10384000021D52F8045BA24243F8045BF9D1037DE8
:103850000B75054B1A68019B5A404FF0000301D0CD
:103860000AF072F903B030BD80BE0120034630B5C6
:103870001B4C8BB0246809944FF000041C680B8823
:103880000846012B14D14A88ADF80430ADF8062063
:1038900008224B6801A9029320460CF01DFA104B38
:1038A0001A68099B5A404FF0000316D00AF04CF9F1
:1038B000022B05D103A9FFF7B5FF162203A9EBE7F9
:1038C000074B1868099B58404FF00003EED1204683
:1038D0000BB0BDE830400CF0FFB90BB030BD00BFFD
:1038E00080BE0120034610B51C680B88174A8AB0B9
:1038F000012B0846126809924FF0000214D14A8841
:10390000ADF80430ADF8062008224B6801A90293F7
:1039100020460CF083FA0D4B1A68099B5A404FF071
:10392000000310D00AF010F9022B05D103A9FFF70C
:1039300079FF162203A9EBE7FBF748FC6A23036033
:103940004FF0FF30E7E70AB010BD00BF80BE012096
:1039500013B50949096801914FF0000106490C6847
:1039600001994C404FF0000101D00AF0EDF802B08F
:10397000BDE8104008F0B6BB80BE012073B5164B01
:1039800018251B6801934FF0000300230168134CB6
:1039900005FB03F2A658B14211D1B0F906100E4B47
:1039A0001868019B58404FF0000301D00AF0CCF892
:1039B0000832A01802B0BDE870400AF041BD0133E2
:1039C000082BE5D1044B1A68019B5A404FF00003C5
:1039D000ECD102B070BD00BF80BE0120CCDD002064
:1039E00007B5094B1B6801934FF00003064B1A689B
:1039F000019B5A404FF0000301D00AF0A5F803B034
:103A00005DF804EB08F01EBB80BE01202DE9F04FED
:103A100014460E4600218BB01F46474B0546202218
:103A200001A81B6809934FF0000300910CF0BFFF41
:103A30005CB163680193E3680393A368029323690D
:103A40000493E36903B1079301AC4FF0FF324FF0E9
:103A5000FF333A48FFF77CFF31466B462246284643
:103A600006F0E0FC064648B9804681464FF0180A49
:103A7000009D386075B900980CF0B2F82F48FFF738
:103A8000AFFF2D4B1A68099B5A404FF000034ED0F0
:103A90000AF05AF850200AF071FD0446002840D080
:103AA000C0F80090C0F81C902B684360AB68C360FE
:103AB0006B688360EB680361D5F804B0BBF1010F5C
:103AC00014D108200AF05AFDA06138B308236361BD
:103AD0006B695A88A0F800B042805B684360B8F117
:103AE000000F21D13C60A046ED69C3E7BBF1020F96
:103AF00009D00AF003FD6FF005063868FFF722FED3
:103B000000233B60B7E718200AF038FDA06128B118
:103B1000C4F814A06969FFF761FEE0E720460AF0E7
:103B2000EDFC6FF00906E8E7C8F80040DBE7304637
:103B30000BB0BDE8F08F00BF80BE01201CCD00207F
:103B40002DE9F0479846284B8CB00546D0E9009007
:103B50000E4617461B680B934FF00003149C08B1E8
:103B6000FFF73EFFCCB9CDE9004443463A46314623
:103B700048460CF06AFA0446686828B14FF0FF32F4
:103B80004FF0FF33FFF7E4FE174B1A680B9B5A40C8
:103B90004FF0000323D009F0D7FF2388012B0BD16E
:103BA000ADF80C306368628804930823019303AB7B
:103BB000ADF80E200093D8E7022B09D10DF1140ABD
:103BC00051462046FFF72EFE1623CDE900A3CCE791
:103BD000FBF7FCFA6A234FF0FF340360CCE7204682
:103BE0000CB0BDE8F08700BF80BE01202DE9FF4783
:103BF000474B074690461B6803934FF000030C4663
:103C000079B300231A46C868834239D1802A76D80E
:103C100000254FF0FF324FF0FF333E48FFF798FE8C
:103C2000A9463D4EE3689D4231D300263546DFF874
:103C3000E8A0B14511DD85B9636838460193236872
:103C4000A9EB060200930AEB06014346FFF778FF53
:103C5000051EEEDD2E44B145EEDC2E48FFF7C0FE1A
:103C600005E0FBF7B3FA16234FF0FF350360284B4E
:103C70001A68039B5A404FF0000345D009F064FFD7
:103C8000A16801EBC301496801330A44BCE7A3689A
:103C900006EB090003EBC50253F8351052680CF02F
:103CA00079FEA3684FEAC50A53445B68013599441D
:103CB000B8E7A3684FEAC60A03EBC6035B683BB1EB
:103CC0004FF00009A36803EB0A025268914504D340
:103CD0000136E3689E42ECD3C9E753F80A106368E3
:103CE00049440193236838460093A2EB09024346F6
:103CF000FFF726FF011E05DB89440D44E2E700269D
:103D00003546E6E70D46B2E7284604B0BDE8F08741
:103D100080BE012058CD0020FD1F01201FB50A4B99
:103D20001B6803934FF000030023CDE90033FFF736
:103D300007FF054B1A68039B5A404FF0000301D060
:103D400009F002FF04B010BD80BE01202DE9F04F44
:103D500005469A4640682F4B8BB00C46DDE9146748
:103D600091461B6809934FF0000308B1FFF738FE36
:103D7000D5F800B006B1D7B900232146CDE900330C
:103D80004A46534658460CF0A1FA0446686828B1E2
:103D90004FF0FF324FF0FF33FFF7DAFD1D4B1A688B
:103DA000099B5A404FF0000330D009F0CDFE0DF1D1
:103DB0000C081622002140460CF0F9FD162202AB39
:103DC0002146CDE90083029253464A4658460CF0FC
:103DD0007DFA041EDADBBDF80C30012B0AD1029A01
:103DE000082AD3D13380BDF80E10049B7180736014
:103DF0003A60CBE7022BC9D1029B162BC6D14146B4
:103E00003046FFF7EBFC18233B60BFE720460BB0C2
:103E1000BDE8F08F80BE01201FB50A4B1B680393DD
:103E20004FF000030023CDE90033FFF78FFF054B70
:103E30001A68039B5A404FF0000301D009F084FE3A
:103E400004B010BD80BE012073B5154B4FF0FF329A
:103E50001B6801934FF0000305464FF0FF331148F4
:103E6000FFF776FD002318200F4A00FB03F1565898
:103E70008C1801360CD155500A48FFF7B1FD084B9C
:103E80001A68019B5A404FF0000306D009F05CFE0F
:103E90000133082BE9D10024EEE7204602B070BDC3
:103EA00080BE0120F4CC0020CCDD002013B5104BE7
:103EB00004461B6801934FF000034FF0FF324FF0B0
:103EC000FF330C48FFF744FD4FF0FF320023C4E9F5
:103ED0000023074B1A68019B5A404FF0000301D0A2
:103EE00009F032FE034802B0BDE81040FFF778BD8C
:103EF00080BE0120F4CC002037B50D4B054600688C
:103F00001B6801934FF0000306F078FD044610B9DA
:103F10002846FFF7CBFF064B1A68019B5A404FF02B
:103F2000000301D009F010FE204603B030BD00BFF1
:103F300080BE01202DE9F043344B89B007460C4682
:103F400015461B6807934FF00003F7F7A5F90646DF
:103F5000002E38681DDBFCB10DB32B686A46082BB8
:103F600018BF16230DF10409009349460BF0D0FF4A
:103F7000B0F100080ADBFFF767FF074690B9FBF7CF
:103F800025F90C230360404606F038FD3046F7F76C
:103F9000FFF94FF0FF3618E02246A146E5E72A4632
:103FA000A946E2E764B15DB1B9F80030012B15D143
:103FB00008222A60BDF806202380029B628063608D
:103FC00039463046124AF7F7B3F9104B1A68079B87
:103FD0005A404FF0000315D009F0B6FD022B06D170
:103FE000182320462B6001A9FFF7F8FBE8E7FBF751
:103FF000EDF886230360404606F000FD3846FFF7E3
:1040000055FFC3E7304609B0BDE8F08380BE01200C
:104010002415020013B50446104B114A1B68019386
:104020004FF000030F4B186003680F48DA61FBF78D
:10403000BDFB23680C33D3E8EF1F41F00801C3E850
:10404000E21F002AF7D1054B1A68019B5A404FF036
:10405000000301D009F078FD02B010BD80BE012040
:10406000A9410100C8DD00201C150200F0B54C4B31
:1040700089B01B6807934FF00003A1F581730768AF
:10408000032B5ED8DFE803F00247885A0124D2E907
:1040900001611368434AB3F904300592ADF8183052
:1040A0008DF81A403368994204D1FBF78FF80C233E
:1040B000036014E000F1080528460AF091F9214652
:1040C0002B46002230680AF03FF90823214600936E
:1040D0003C22384605AB06F0C3FC044610B14FF055
:1040E000FF340EE0336814333360CDE90300284613
:1040F00003AA04A90AF08CF9049B002B18BF6FF0E7
:104100007704274B1A68079B5A404FF000032CD1C5
:10411000204609B0F0BDD2E90042136814331360A1
:104120000023CDE9043304AA05A908300AF070F988
:10413000059B0BB1049BE3800024E2E71368436016
:10414000FAE703291CD0042922D1146834F48043EF
:1041500003D0FBF73BF816230360114BA213196839
:10416000079B59404FF0000301D009F0EDFC0421FA
:10417000384602F0010209B0BDE8F0400CF0CFB9BA
:10418000002238460CF0CBF9840304F48044B8E7ED
:10419000FBF71CF816238BE76FF05E04B1E700BF56
:1041A00080BE01207D3901002DE9F341264B0D1E13
:1041B000074690461B6801934FF0000318DA09F098
:1041C0006DFA224E012333704246384625F04041B5
:1041D000FBF770F900233370044609F087FA1A4B95
:1041E0001A68019B5A404FF0000329D009F0ACFC3B
:1041F0006B0003D509F052FA154EE3E7F7F74CF8D8
:10420000041E09DB2946424638460BF007FD051E11
:1042100005DA2046F7F7BCF84FF0FF34DFE7FFF789
:1042200013FE014638B9FAF7D1FF0C230360284684
:1042300006F0E4FBEDE72046064AF7F779F8CEE70B
:10424000204602B0BDE8F08180BE01207E20012022
:104250007D200120241502001FB50C4B1B68039321
:104260004FF00003D0E90032012100920848094ACA
:10427000F9F79AF9054B1A68039B5A404FF000036F
:1042800001D009F061FC05B05DF804FB80BE01209F
:104290009812020067280200034673B50C46114AC3
:1042A0000068126801924FF00002DA8819792243FF
:1042B000012405698C402B6812F0010F14BF2343C1
:1042C000A34386682B60074B1C68019B5C404FF042
:1042D000000301D009F038FC336802B0BDE870403B
:1042E000184700BF80BE012013B5144B1B68019313
:1042F0004FF00003012303FA01F103691B6819421F
:104300000AD05AB10D4B1A68019B5A404FF0000376
:104310000BD183681B690CE0002AF3D0074B1A68A5
:10432000019B5A404FF0000301D009F00DFC836857
:10433000DB6802B0BDE81040184700BF80BE012016
:1043400007B50A4B0A461B6801934FF00003074B61
:104350001968019B59404FF0000301D009F0F4FBAC
:10436000012103B05DF804EBF9F7ECB880BE012041
:1043700007B50B4B0B490C481B6801934FF000032A
:10438000FFF7DEFF064B1A68019B5A404FF000030F
:1043900001D009F0D9FB6FF0150003B05DF804FB04
:1043A00080BE0120902802004812020007B50B4B86
:1043B0000B490C481B6801934FF00003FFF7C0FF47
:1043C000064B1A68019B5A404FF0000301D009F0D8
:1043D000BBFB002003B05DF804FB00BF80BE0120E2
:1043E000AB280200481202002DE9F74300241F4BBE
:1043F00025461B6801934FF000034FF001081C4E47
:1044000030683779D0F81090836869465B689847C0
:10441000002813D01BDB08FA05F31C430135042DDB
:1044200006F10806ECD1114B1A68019B5A404FF077
:10443000000313D1204603B0BDE8F083D9F8002073
:10444000009B08FA07F753403B42E7D0E3E7074BEE
:104450001A68019B5A404FF0000301D009F074FB29
:1044600003B0BDE8F043FFF7A1BF00BF80BE01204D
:10447000841502002DE9F341184B074688461B6856
:1044800001934FF000030025154E27FA05F212F0B4
:10449000010216D128FA05F3DB0714D5317930680B
:1044A000FFF722FF044670B10E490F48FFF748FF9F
:1044B0000A4B1A68019B5A404FF000030AD009F0DA
:1044C00043FB0122EAE70135042D06F10806DCD1A1
:1044D0000024EDE7204602B0BDE8F08180BE012057
:1044E00064150200C0280200481202002DE9F743BB
:1044F000274B07461B6801934FF0000300264FF03F
:104500000109244DDFF89080286877B340452FD00B
:10451000002814BF4FF0E8624FF098622979836851
:10452000D0F810C09C6934B3130208D5DCF800C081
:1045300009FA01F313EA0C0F18BF82F0C06202F00F
:10454000C06302F0B072A0470446B8B1012123460F
:10455000124A1348F9F70EF80D4B1A68019B5A409E
:104560004FF0000310D009F0EFFA4FF40012D5E736
:104570004FF09862D2E76FF05704E7E70136042E58
:1045800005F10805C0D1E7E7204603B0BDE8F08398
:1045900080BE012084150200B80F0200D628020058
:1045A0004812020037B51A4B1B6801934FF0000305
:1045B0004FF02003EFF3118583F31288BFF36F8F61
:1045C000144C2378ABB9144B984200D050B900205A
:1045D000FFF78CFF18B111491148FFF7B1FE002217
:1045E000104B1A700123212223700F48002308F07A
:1045F000D3FA85F31188BFF36F8F054B1A68019BBF
:104600005A404FF0000301D009F09EFA03B030BDCC
:1046100080BE012080200120B80F0200F628020091
:10462000481202007F20012058D700202DE9F341D5
:10463000464B474F1B6801934FF000033B78A3B1F3
:104640000020FFF753FF78B1404B1A68019B5A4096
:104650004FF0000301D009F077FA3E493E4802B01E
:10466000BDE8F041FFF76CBE3870FFF7BDFE0446B1
:104670003A4BD3E8EF2FC3E8E14F0029F9D1384B8B
:10468000DFF8E0801A7882BBD8F80060A64219D023
:10469000354B66401B680BB1314698474FF0FF33EE
:1046A0004FF0FF32314807F01DFD314B1D6835B129
:1046B000043D2B683146204698476D68F7E72B4844
:1046C00007F0C0FCC8F8004094B1204B1A68019B69
:1046D0005A404FF00003BED14FF4A4720023254886
:1046E00002B0BDE8F04108F057BA00221A70E9E7BD
:1046F0004FF02003EFF3118683F31288BFF36F8F1F
:104700001D4B1D78012D0DD086F31188BFF36F8FDF
:104710000E4B1A68019B5A404FF000039BD102B028
:10472000BDE8F08128461C70FFF7E0FE3D7086F37F
:104730001188BFF36F8F0028EAD0044B1A68019BE1
:104740005A404FF0000386D10C4987E780BE012014
:104750007F2001201229020048120200BCDE002046
:10476000F4CB002090DE0020C0DE002094DE00208C
:10477000A8DE002058D70020802001202B2902002D
:1047800073B5184B00251B6801934FF00003164EBC
:104790004FF400313046FFF77FFD044660B1134906
:1047A0001348FFF7CDFD0F4B1A68019B5A404FF09D
:1047B000000313D009F0C8F90135042D06F10806ED
:1047C000E6D1084B1A68019B5A404FF00003F1D123
:1047D0000F2102B0BDE87040FFF74CBE204602B08A
:1047E00070BD00BF80BE0120641502004329020095
:1047F0004812020007B50E4B1B6801934FF00003EF
:104800000C4BD3E8AF3F00B103600B4811B1026815
:104810005A400A600360064B1A68019B5A404FF0E9
:10482000000301D009F090F903B05DF804FB00BF6C
:1048300080BE0120BCDE00208CDE00202DE9F74385
:104840003F4B1B6801934FF000033E4B18603E4DF9
:104850003E4807F0D1FC2E460027A846F388304694
:1048600013F0010F0CBF2021102141F48031FFF71C
:1048700013FD044660B136493648FFF761FD304B01
:104880001A68019B5A404FF0000355D009F05CF9BB
:104890000137042F06F10806E0D1064607464FF01F
:1048A00001092868297983689C693CB100234FF489
:1048B0000012A047044620B12749DDE76FF05704F6
:1048C000FAE72B79013609FA03F3042E47EA0307C6
:1048D00005F10805E5D10546204E214BC6E9013713
:1048E00058F835008368DB6933B1012231469847B7
:1048F000044620B11B49BFE76FF05704FAE70135C2
:10490000042DEDD11849194808F092F80122184BEE
:1049100016481A700023002208F0E4F821462046C9
:10492000FFF768FFFFF760FD124BD3E8EF2FC3E8F6
:10493000E10F0029A3D0F8E7204603B0BDE8F083DB
:1049400080BE0120C0DE00208415020094DE00201D
:104950005D290200481202007A290200B0DE002020
:10496000A5450100952902002D46010058D70020D9
:1049700080200120BCDE002013B5174B03280A4617
:104980001B6801934FF000030DD9134B1A68019B6C
:104990005A404FF0000301D009F0D6F802B0BDE84C
:1049A0001040FFF7E5BC0D4B03EBC001097953F84C
:1049B0003000FFF799FC044618B109490948FFF790
:1049C000BFFC054B1A68019B5A404FF00003E3D12E
:1049D000204602B010BD00BF80BE01206415020059
:1049E000C02802004812020007B50A4B1B68019359
:1049F0004FF00003074B1A68019B5A404FF0000329
:104A000001D009F0A1F8012103B05DF804EBFFF734
:104A1000B3BF00BF80BE012007B50A4B1B680193DE
:104A20004FF00003074B1A68019B5A404FF00003F8
:104A300001D009F089F8002103B05DF804EBFFF71D
:104A40009BBF00BF80BE012007B50E4B0E481B6800
:104A500001934FF0000305F0D1F9034620B1012185
:104A60000A4A0B48F8F786FD064B1A68019B5A4024
:104A70004FF0000301D009F067F8002003B05DF8A3
:104A800004FB00BF80BE0120954A0100BD29020041
:104A9000301202002DE9F04383B02D4B00AF0446E5
:104AA0001B687B604FF0000300262A4DDFF8A890BA
:104AB0004D4527D3EEB12046F4F798FA0022411D68
:104AC0000023264807F06CF8054680BB6E4688B088
:104AD0006A46234BC2E905344FF400739383214B9C
:104AE00042F8103F4FF4E45103461F48F8F796FC94
:104AF000B546174B1A687B685A404FF0000322D026
:104B000009F022F895F8088018F0010F0BD12968F8
:104B100019B120460CF029F828B118F0020F04D082
:104B200020466B6898470C35C2E70126FBE7214613
:104B300004300BF0C5FF29460C4807F00DFC0C486B
:104B400007F014FFD5E70C37BD46BDE8F08300BF82
:104B500080BE012014CC002068CC0020CCCC0020EA
:104B6000EA2902000300000130120200E0CD00201B
:104B700004C900202DE9F7431A4B1B4E1B68019313
:104B80004FF00003194FDFF8688000220023304601
:104B900007F0FEFB0546F0B9124B1A68019B5A401C
:104BA0004FF000031BD008F0CFFF237ADA070AD4B6
:104BB0009B0708D4216819B148460BF0D6FF10B105
:104BC0004846636898470C34BC42EED329464046B9
:104BD00007F000F8D9E7074C05F10409F4E703B042
:104BE000BDE8F08380BE0120E0CD002068CC00202D
:104BF000CCCC002014CC002007B50E4B1B680193D1
:104C00004FF00003A0F12303DBB2082B9CBF40F25E
:104C10000510D840074B8CBF002000F001001A6837
:104C2000019B5A404FF0000301D008F08DFF03B004
:104C30005DF804FB80BE012007B5114B1B68019392
:104C40004FF000030F4B1B5C03F00303022B08BF64
:104C50002038C0B2A0F14103192B0CD9A0F15F0399
:104C600058425841064B1A68019B5A404FF00003C6
:104C700003D008F069FF0120F4E703B05DF804FBFE
:104C800080BE01204A3F020007B50E4B1B6801930E
:104C90004FF00003A0F12C03DBB2112B96BF0A48A2
:104CA0000020D840074B98BF00F001001A68019B14
:104CB0005A404FF0000301D008F046FF03B05DF802
:104CC00004FB00BF80BE01200140020007B50C4B71
:104CD0000D281B6801934FF000030CD0A0F10A03CC
:104CE00058425841064B1A68019B5A404FF0000346
:104CF00003D008F029FF0120F4E703B05DF804FBBE
:104D000080BE012073B50E4B05681B6801934FF000
:104D10000003AB1C0360AE7804463046FFF7D6FFB5
:104D200010B90EB103352560054B1A68019B5A4036
:104D30004FF0000301D008F007FF02B070BD00BFC4
:104D400080BE0120F7B5124B05461B6801934FF05A
:104D5000000300240F4E56F8047B3846F4F746F95A
:104D60003946024628460BF0CFFE60B10134042CD0
:104D7000F1D10020064B1A68019B5A404FF0000306
:104D800003D008F0E1FE0120F4E703B0F0BD00BF5E
:104D900080BE0120A41502002DE9F047774B04687E
:104DA000A4B01B6823934FF00003237880460E467F
:104DB00015460194002B00F0DB80714B1B78062B0D
:104DC00017D10020671C0197B946824617F8010BDE
:104DD000FFF732FF0028F7D1BAF1000F01D0CDF86C
:104DE0000490A9EB040322463146284600F0F2FB6A
:104DF00046E0013B082B43D8DFE803F06C4F62AA82
:104E00000D421C3F050022460021134612F8010BFB
:104E100060B10121F9E7224600215A4F134612F8EA
:104E2000010B385C10F0440F40F0A08001B10193F9
:104E30001B1BD8E701A8FFF765FF0022019B514823
:104E40001F4613F8011B415C490710D102B10197BD
:104E50003B1B22463146284600F0BCFB3B783D2BED
:104E600007D17B783F2B0BD10237019708E0012255
:104E7000E6E73F2B04D10137F7E7284600F05EFB59
:104E80000020019BC8F800303C4B1A68239B5A4015
:104E90004FF000036FD008F057FE274697F80090B8
:104EA0004846FFF713FF3B46013710B9B9F1000F31
:104EB000F4D12246314628461B1B00F08BFBD4E779
:104EC00027463A783B46222A07F10107F1D0002A0B
:104ED000F7D1EEE720460A2202A909F0E9FF0124F2
:104EE000029B03900193019B1878292825D020B3B9
:104EF00003F10109FFF7C8FECDF8049008B9274671
:104F000019E00A2202A9484609F0D2FF24AB671C27
:104F100003EB840444F8840C4846F4F767F8DDF8A2
:104F2000089004464846F4F761F8844206D0202FE2
:104F3000CDF8049002D03C46D5E72746BB00314669
:104F4000284603AA00F07AFB019B0133019397E7FF
:104F50000A22204602A909F02FFF0B4602990246B9
:104F600001912846314600F00FFB89E7012155E702
:104F70004FF0FF3088E724B0BDE8F08780BE012005
:104F8000822001204A3F020013B51D4B04461B68D6
:104F900001934FF00003F4F729F8012829D9237869
:104FA0001849CA5C02F00302022A08BF203B412BC9
:104FB0001FD16378CA5C02F00302022A08BF203BBB
:104FC000542B16D1A47804F0F703232B13D0252CEF
:104FD00011D02046FFF77AFE10B9B4FA84F04009E8
:104FE000074B1A68019B5A404FF0000305D008F0A8
:104FF000ABFD0020F4E70120F2E702B010BD00BFD6
:1050000080BE01204A3F02002DE9F3416D4B074667
:105010001B6801934FF000030468DFF8AC8100299E
:105020003DD12078FFF7E8FD684E054660B30623C2
:1050300005222046664933700BF066FDF8B1052263
:10504000204664490BF060FDC8B10B22204662493E
:105050000BF05AFD98B10A22204660490BF054FD2E
:1050600068B10B2220465E490BF04EFD38B1072295
:1050700020465C490BF048FDB0FA80F56D0988F8D0
:10508000005000203C6050E098F8003053B92046B2
:10509000FFF77AFF002851D007233370F1E798F823
:1050A00000301BB10222494B1A70EAE700294CDD9F
:1050B000A04698F800504646284608F10108FFF738
:1050C00005FE0028F5D13046F3F790FF032837D9C5
:1050D0002B46454A515D01F00301022908BFA5F1A5
:1050E0002003412B2CD17378D15C01F003010229FC
:1050F00008BF203B542B23D1B378D15C01F00301CE
:10510000022908BF203B2B2B0AD0252B18D1F3787E
:10511000D25C02F00302022A08BF203B582B0FD0BA
:1051200009226FF00100294B1A70264B1A68019B67
:105130005A404FF0000341D008F006FD0223ACE7CF
:105140002078FFF759FD002835D12578264B5B5D87
:105150005B070AD42D2D08D02B2D06D0222D07D188
:1051600003221A4B01341A708BE70422174B9BE77A
:10517000282D04D10122154B14441A7081E72846CA
:10518000FFF7A4FD80B1114E3378042B09D12546D9
:105190002C4615F8010BFFF799FD0028F8D10523DF
:1051A0007BE7082B3FF46DAF2846FFF76DFD10B18C
:1051B0000822064B78E74FF0FF30B6E702B0BDE8B3
:1051C000F08100BF80BE01208120012082200120CB
:1051D000212A0200272A02002D2A0200392A020071
:1051E000442A0200502A02004A3F02002DE9F04FF3
:1051F0001F465E4B85B0894616461B6803934FF0E9
:1052000000038046002800F0AA80002A00F0A78052
:105210005368002B00F0A38000244546104600F0A0
:1052200045F93368CDF808809F4228BF1F46504B90
:105230001C70504B1C70AA469AF80000FFF746FD00
:10524000A346013504460028F5D1BBF1000F01D07B
:10525000CDF808A00025029B1A78002A59D0AF4249
:1052600057D9454902A88A5C2946120744BF013331
:105270000293FFF7C9FE431C4BD0023008BF002544
:105280003246294602A808BFCDF80880FFF784FD02
:1052900001303ED0DDF808A09AF80000FFF7F4FCDA
:1052A000B8B19AF80100FFF711FD78B10135BD42A0
:1052B0004ED0294602A8FFF7A7FE013029D032467A
:1052C000294602A8FFF768FD013022D0029B013376
:1052D0000293DDF808B09BF80000FFF7F7FC90B3ED
:1052E0000BF1010B9BF80020DA4610460192FFF704
:1052F000EDFC0BF1010B019A0028F3D13AB11046F5
:10530000FFF77AFC18B95046FFF71CFDD8B1CDF86D
:1053100008A0029DF4B92B78FBB12846FFF712FDD7
:10532000002814BF00206FF00A00B9F1000F01D06F
:10533000C9F800500D4B1A68039B5A404FF0000308
:1053400010D008F001FC0135BD4208BF012482E7FE
:105350000446DEE76FF00600E7E72046E5E76FF07A
:105360001500E7E705B0BDE8F08F00BF80BE012063
:1053700082200120812001204A3F020037B50A4CDB
:10538000246801944FF00004074C2568019C654097
:105390004FF0000401D008F0D7FB136803B0BDE85C
:1053A0003040FFF723BF00BF80BE012007B50C4B84
:1053B0001B6801934FF0000303688B4288BF40686D
:1053C000074B94BF002000EB01101A68019B5A4064
:1053D0004FF0000301D008F0B7FB03B05DF804FB09
:1053E00080BE012007B50E4B1B6801934FF00003F0
:1053F0000378012B0CD0023B012B0BD84068084BE3
:105400001A68019B5A404FF0000305D008F09CFB3E
:105410000820F4E70020F2E703B05DF804FB00BFCA
:1054200080BE012013B50E4B04461B6801934FF05C
:1054300000030378023B012B02D8806809F05EF874
:1054400000220023C4E90223054B1A68019B5A403D
:105450004FF0000301D008F077FB02B010BD00BF91
:1054600080BE012037B5104B0D461B6801934FF0ED
:105470000003044680B11021284609F097F86060C7
:1054800068B100202560084B1A68019B5A404FF014
:10549000000307D008F058FB6FF01500F3E76FF03A
:1054A0000B00F0E703B030BD80BE012073B5124B96
:1054B00004461B6801934FF0000328B143681BB1F9
:1054C000002523689D4208D30B4B1A68019B5A4064
:1054D0004FF000030ED008F037FB666806EB0516A8
:1054E0003046FFF79FFF1022002130460BF05FFA95
:1054F0000135E6E702B070BD80BE012037B50E4B26
:1055000004461B6801934FF0000348B143683BB168
:105510000025FFF7CBFF6068256008F0EFFF6560AE
:10552000054B1A68019B5A404FF0000301D008F068
:105530000BFB03B030BD00BF80BE012013B5114B83
:105540001B6801934FF00003B8B14368ABB1FFF79C
:105550002DFF044688B1FFF765FF04230022237066
:1055600000230020C4E90223064B1A68019B5A401D
:105570004FF0000304D008F0E7FA6FF01500F3E7EE
:1055800002B010BD80BE012073B51D46104B1646FB
:105590001B6801934FF00003A8B143689BB1FFF76C
:1055A00005FF044678B1FFF73DFF01230020C4E961
:1055B00002652370064B1A68019B5A404FF00003A6
:1055C00004D008F0C1FA6FF01500F3E702B070BD27
:1055D00080BE0120F7B51D46174B17461B68019387
:1055E0004FF0000300B34368F3B1EAB1FFF7DEFE0A
:1055F0000446C8B1681C08F0C1FF0646B8B12A4687
:1056000039460BF0C7F92046FFF70CFF02230020B4
:1056100065602370A660084B1A68019B5A404FF0E2
:10562000000307D008F090FA6FF01500F3E76FF071
:105630000B00F0E703B0F0BD80BE0120F7B51D46BA
:10564000174B17461B6801934FF0000300B34368E4
:10565000F3B1EAB1FFF7AAFE0446C8B1284608F044
:105660008DFF0646B8B12A4639460BF093F920461D
:10567000FFF7D8FE0323002065602370A660084B67
:105680001A68019B5A404FF0000307D008F05CFAFB
:105690006FF01500F3E76FF00B00F0E703B0F0BD1B
:1056A00080BE012013B5154B14461B6801934FF0C3
:1056B0000003F0B14368E3B1DAB1FFF777FEC0B1A0
:1056C0000378012B15D1D0E9023213F5004142F1E4
:1056D0000002B1F5803F72F100020AD2002023805F
:1056E000064B1A68019B5A404FF0000304D008F0A3
:1056F0002BFA6FF01500F3E702B010BD80BE012059
:1057000013B5134B14461B6801934FF00003D0B13F
:105710004368C3B1BAB1FFF749FEA0B10378012BCA
:1057200011D1D0E90232B3F5803F72F100020AD202
:1057300000202380064B1A68019B5A404FF000035B
:1057400004D008F001FA6FF01500F3E702B010BDC5
:1057500080BE012013B5134B14461B6801934FF014
:105760000003D0B14368C3B1BAB1FFF71FFEA0B1C7
:105770000378012B11D1D0E9023213F1004142F13B
:10578000000252B900202360064B1A68019B5A4060
:105790004FF0000304D008F0D7F96FF01500F3E7DD
:1057A00002B010BD80BE012013B5114B14461B681A
:1057B00001934FF00003B0B14368A3B19AB1FFF772
:1057C000F5FD80B10378012B0DD1D0E90223002033
:1057D000C4E90023064B1A68019B5A404FF00003AE
:1057E00004D008F0B1F96FF01500F3E702B010BD76
:1057F00080BE0120F7B51C46174B17461B68019366
:105800004FF0000300B34368F3B1EAB1E4B1FFF72E
:10581000CDFD0646C0B10378022B15D1FFF7E2FD9E
:1058200023680546834212D30246B16838460BF01E
:10583000B1F800202560084B1A68019B5A404FF0D0
:10584000000307D008F080F96FF01500F3E76FF060
:105850000B00F0E703B0F0BD80BE012037B5124B5E
:1058600005461B6801934FF00003B0B14068A0B13A
:105870002C681CB1002408B1037843B90A4B1A689C
:10588000019B5A404FF000030AD008F05DF9013443
:1058900021462846FFF78AFDEDE76FF01504EDE796
:1058A000204603B030BD00BF80BE012013B5094BB8
:1058B0001B6801934FF00003064B1C68019B5C4082
:1058C0004FF0000301D008F03FF902B0BDE81040EE
:1058D000F7F738BE80BE012037B5094C2468019423
:1058E0004FF00004064C2568019C65404FF0000411
:1058F00001D008F029F903B0BDE83040F7F73ABE0F
:1059000080BE012010B5044694B0144B48220021FB
:1059100068461B6813934FF000030BF048F8012210
:10592000204602A901F066F8034668B101210C4A3D
:105930000C48FFF7D1FF094B1A68139B5A404FF0F0
:10594000000308D008F000F9032368468DF8003002
:1059500000F0E6FEEFE714B010BD00BF80BE0120EE
:105960007B2A02007012020010B5044694B0134B5B
:105970004822002168461B6813934FF000030BF088
:1059800016F8204602A9F3F73BFB034668B1012154
:105990000B4A0C48FFF7A0FF084B1A68139B5A40AC
:1059A0004FF0000308D008F0CFF8022368468DF8C6
:1059B000003000F0B5FEEFE714B010BD80BE01204E
:1059C000A22A02007012020010B5044694B0174BD0
:1059D0004822002168461B6813934FF000030AF029
:1059E000E6FF204602A901F045F9034668B101210E
:1059F0000F4A1048FFF770FF0C4B1A68139B5A4070
:105A00004FF000030FD008F09FF8029B039AA3F514
:105A10009C53083B1343EFD1062368468DF80030B2
:105A200000F07EFEE8E714B010BD00BF80BE01208C
:105A3000BE2A02007012020030B5444BA7B000210C
:105A40004822054668461B6825934FF000030AF07C
:105A5000AEFF00F00DFE0146A0B93D4C2378032BAC
:105A600041D948220DEB02000AF0A1FF6078A8B1ED
:105A7000302108F09BFD044688B9364A012136489A
:105A8000FFF714FF354806F0E9FC304B1A68259BF8
:105A90005A404FF0000357D008F056F80446294604
:105AA0002B4814AA239401F0E7FAC11D034607D03E
:105AB00001280BD901212A4A2748FFF70DFF0BE0E7
:105AC0000A230221274A2448FFF706FF072312A8CA
:105AD0008DF8483000F024FE204608F00FFD219894
:105AE00008F00CFDCEE7284601F028F9044630B155
:105AF000102108F05BFD044608B91B4ABEE72846A2
:105B000002A90F9401F04CF9C21D034607D00128E9
:105B100010D90121124A1048FFF7DEFE10E00221E1
:105B2000124A0D48FFF7C2FE0A230221104A0A4812
:105B3000FFF7D2FE072368468DF8003000F0F0FD35
:105B4000002C9FD02046CBE727B030BD80BE01207F
:105B500025210120F22A020070120200C8CD002087
:105B6000802B02001E2B0200AA2B0200D72B020062
:105B7000462B020010B5044694B01D4B482200216C
:105B800068461B6813934FF000030AF010FF20468D
:105B900002A901F001FD034668B10121154A16482A
:105BA000FFF79AFE124B1A68139B5A404FF00003FE
:105BB0001CD007F0C9FF9DF808305A1E032A01D9EE
:105BC000072BEFD1DDE90421A2F59C53083B0B43E1
:105BD00008D00A4308D00A2368468DF8003000F048
:105BE0009FFDDFE70823F7E70923F5E714B010BDB1
:105BF00080BE0120FE2B02007012020010B5044688
:105C000094B0134B4822002168461B6813934FF051
:105C100000030AF0CCFE204602A901F02BFD03464A
:105C200068B101210B4A0C48FFF756FE084B1A6871
:105C3000139B5A404FF0000308D007F085FF0B2359
:105C400068468DF8003000F06BFDEFE714B010BD32
:105C500080BE01203A2C02007012020007B5134BDF
:105C600013481B6801934FF0000304F0D3F8034678
:105C700078B101210F4A1048FFF72EFE6FF00D009A
:105C80000A4B1A68019B5A404FF000030AD007F0F4
:105C90005BFF0A4804F0BEF80028F1D00346022159
:105CA000074AE8E703B05DF804FB00BF80BE0120AF
:105CB0006A2C0200752C0200701202006131020091
:105CC000AB2C020007B50C4B0C4A01210C481B6899
:105CD00001934FF00003FFF7E9FD074B1A68019BA2
:105CE0005A404FF0000301D007F02EFF6FF015006F
:105CF00003B05DF804FB00BF80BE0120E12C020070
:105D00007012020037B5204B0C461B6801934FF010
:105D10000003054640B989B30846F3F767F9082838
:105D200020D06FF0150014E0F3F760F90828F8D1DF
:105D3000DCB12046F3F75AF90828F2D109222946A6
:105D400012480AF0C5FE0922214611480AF0C0FE99
:105D500000200D4B1A68019B5A404FF0000310D0F1
:105D600007F0F2FE094B1D70EDE7092229460748AE
:105D70000AF0AEFE0022064B1A70E9E7034B1970D9
:105D8000F8E703B030BD00BF80BE0120F7CB002094
:105D900000CC002013B51D4B1B6801934FF000038E
:105DA00078B31B48F3F722F904461A48F3F71EF9B3
:105DB000082C1DD1082816D1164A1549164804F09A
:105DC00029F838B1034601211448154AFFF784FD2C
:105DD0006FF00D000D4B1A68019B5A404FF0000305
:105DE00011D007F0B1FE0A490E4804F013F8E8E7B5
:105DF000082802D107490C48F7E70C4804F00AF8D4
:105E0000DFE70B48FAE702B010BD00BF80BE0120FB
:105E1000F7CB002000CC0020F72C0200701202000B
:105E20003E2D02000E2D0200202D0200332D020017
:105E30006C310200F0B5414B8DB01B680B934FF0F5
:105E4000000300230D460646CDE90233CDE90533B4
:105E5000CDE908338DF810308DF81C308DF82830DE
:105E6000002865D0002963D0354CA0212046354A52
:105E7000237004F033F8034678B10121324A3348E5
:105E8000FFF72AFD6FF00D042C4B1A680B9B5A404C
:105E90004FF000034FD007F057FE20462C210AF0A8
:105EA00002FE044648B96FF04C04EDE734B9012115
:105EB000274A2648FFF7FAFCF5E70C27601C2C213F
:105EC0000AF0F1FD013F0446F0D10028EFD008228E
:105ED000811C0DEB02000AF029FE601C2C210AF047
:105EE000E2FD04460028E2D0811C082205A80AF041
:105EF0001DFE2C21601C0AF0D6FD0028D7D0811C85
:105F0000082208A80AF012FE6B4608AA05A902A8F2
:105F100000F0D2FC044630B1034601210D4A0B4883
:105F2000FFF7DAFCB0E7009B3360019B2B60ABE727
:105F30006FF01504A8E720460DB0F0BD80BE01202B
:105F4000832001206D2D02007A2D020070120200C4
:105F5000972D0200B12D02002DE9F041A6B00024DA
:105F6000054602AF634B4822002107F140001B6841
:105F7000C7F88C304FF000030AF019FD302221469B
:105F800007F11000BC7107F108080AF010FDFB1DB5
:105F9000BC60C8F8044001210093284607F11003B3
:105FA000BA1D00F085FDF0B16E468AB002AA524BD0
:105FB000D561C2E9053040F2013313844F4B42F8FA
:105FC000103F4FF4115123464D48F7F727FAB546D5
:105FD000484B1A68D7F88C305A404FF0000300F055
:105FE000858007F0B1FDBB7903F0FB03012B04D1E1
:105FF000BB6901335CD10423BB7100F039FB00287D
:10600000E6D1404ABB791178994208D087F8400020
:1060100007F14000137087F8483000F081FB3A4BDD
:10602000B9699A68914203D1DB68FA699A421DD036
:106030000423354D07F1100487F840300FCC0FC50D
:106040000FCC0FC594E80F0085E80F0007F1480654
:1060500007F110050FCD0FC60FCD0FC694E80F0046
:1060600086E80F0007F1400000F05AFB274AFB7951
:106070001178994209D01370052207F1400087F882
:10608000402087F8483000F04BFBBC7904F0FB045B
:10609000012C9DD1404607F10C01FFF7CBFE58B112
:1060A0004D3095D021461A4A1548FFF7FFFB8FE780
:1060B000184806F0D3F9A0E7174BB9681A6891425F
:1060C0001A4603D15B68F968994281D098E80300C9
:1060D000012387F8403007F1480382E8030083E892
:1060E000030007F1400000F01BFB71E79037BD464D
:1060F000BDE8F08180BE0120DE2D02000400000119
:10610000701202002421012088D7002023210120C1
:106110000A2E020080CD0020C8DE002007B50D4AFF
:106120000346126801924FF0000200220A4811460D
:1061300003F070FE074B002818BF6FF00D001A68BF
:10614000019B5A404FF0000301D007F0FDFC03B063
:106150005DF804FB80BE0120282E02002DE9F04FDF
:106160002D4B85B01B6803934FF0000304220523D9
:10617000CDE90123A8B9294803F04CFE03460028C5
:1061800045D0274A27480121FFF7A6FB6FF00D00F5
:10619000214B1A68039B5A404FF0000339D007F097
:1061A000D3FC0026DFF88080DFF88090DFF880A045
:1061B00001AF57F8044B1F4D042C14BFC346CB4608
:1061C000584618BF5546F2F711FF04280AD15A461F
:1061D0002146194803F01EFE034640B1174AD1E795
:1061E0000126E6E72146164803F014FEF4E72846A8
:1061F000F2F7FCFE042808D12A462146114803F094
:1062000009FE034608B1104ABCE7002EE8D0002082
:10621000BEE705B0BDE8F08F80BE012076310200F8
:106220003D2E02007012020009CC00200ECC00208E
:10623000272101202C210120682E02008B2E020034
:106240007C2E0200B52E0200C62E02001FB5184B90
:1062500004461B6803934FF000030023029308B326
:1062600002AB144914480DF1060203F0F7FE031EB9
:106270000FDC12480121124AFFF72EFB6FF00D00D0
:106280000B4B1A68039B5A404FF000030DD007F0E8
:106290005BFC029B002001330CBF04239DF80630F9
:1062A0002370EDE76FF01500EAE704B010BD00BF02
:1062B00080BE0120F02E02000D2F0200701202009D
:1062C000172F020037B51C4B421E062A05460C4606
:1062D0001B6801934FF0000310D90346174A184872
:1062E0000121FFF7F9FA6FF01500134B1A68019BB3
:1062F0005A404FF000031DD007F026FC042902D9B4
:106300000B46104AEBE7104A525C104951F8201036
:106310000F4803F07FFD40B10346012108480D4AB4
:10632000FFF7DAFA6FF00D00DFE70B4A0B4B157041
:106330001C70DAE703B030BD80BE0120442F02009C
:1063400070120200662F02005C310200B4150200D8
:106350008B2F0200A12F0200F6CB0020F5CB0020EE
:1063600013B5154B04461B6801934FF00003E8B1C9
:10637000124913480DF1020203F070FE0128034692
:106380000FD010480121104AFFF7A6FA6FF00D0058
:10639000094B1A68019B5A404FF0000309D007F0DF
:1063A000D3FBBDF8023000202370F1E76FF0150039
:1063B000EEE702B010BD00BF80BE0120C62F020074
:1063C000D12F020070120200DA2F020037B5234BE2
:1063D000042804461B6801934FF0000321D80428C9
:1063E00024D8DFE800F02C0A2C232C0001231C4ABF
:1063F000AB40134223D1012D18D1FFF72FFC0346E8
:10640000E8B10121174A1848FFF766FA6FF00D004E
:10641000124B1A68019B5A404FF000031BD007F043
:1064200093FBA0F11405EDB2182DDFD90E482346D9
:1064300001210E4AFFF750FA6FF01500E8E72146F8
:106440000B4803F0E7FC0028E2D00121094A064886
:10645000FFF72CFADAE703B030BD00BF80BE0120A1
:10646000010C300115300200701202003F300200B2
:106470005B30020066300200F7B5314B07461B68FF
:1064800001934FF0000301242E4ED6E8EF3FC6E8FB
:10649000E24F002AF9D1002B4CD10DF10300FFF798
:1064A000D5FE054660B12146274A2848FFF7FEF988
:1064B0006FF00D049DF80200FFF788FF254629E0E4
:1064C0009DF8033003F0FB03012B23D00DF10200F4
:1064D000FFF746FF0028EBD11D4806F02FF82046B5
:1064E000FFF774FF04460028E4D19FB14FF0967285
:1064F0000023174805F0EAFF10F10B0F044607D1FF
:106500000321144A1148FFF7D1F96FF07304D1E762
:106510000028CFD10023D6E8EF2FC6E8E13F0029BD
:10652000F9D1074B1A68019B5A404FF0000304D081
:1065300007F00AFB6FF07605F3E7284603B0F0BDDD
:1065400080BE0120C4DE00209F30020070120200D5
:1065500080CD0020C930020007B5134B1B680193A2
:106560004FF0000370B100F09FF80F4B1A68019BC9
:106570005A404FF0000310D1002003B05DF804EB47
:10658000FFF77ABF00F074F80028EED0064B1A68C7
:10659000019B5A404FF0000301D007F0D5FA03B039
:1065A0005DF804EBFFF78EBB80BE012007B50C4BF6
:1065B00000201B6801934FF00003FFF707FF084B13
:1065C000002818BF6FF00D001A68019B5A404FF069
:1065D000000301D007F0B8FA03B05DF804FB00BF78
:1065E00080BE012013B5094B1B6801934FF00003D7
:1065F000064B1C68019B5C404FF0000301D007F084
:10660000A3FA02B0BDE81040F6F79CBF80BE01209F
:1066100037B5094C246801944FF00004064C2568F6
:10662000019C65404FF0000401D007F08DFA03B0E3
:10663000BDE83040F6F79EBF80BE012007B50A4B8B
:106640001B6801934FF00003074B1A68019B5A40E7
:106650004FF0000301D007F077FA044803B05DF86B
:1066600004EB05F0EFBC00BF80BE012030CD002060
:1066700007B50B4B1B6801934FF00003094B1868DB
:10668000074BB0FA80F01A68019B5A404FF00003A4
:106690004FEA501001D007F057FA03B05DF804FB41
:1066A00080BE0120D0DE002073B51A4B06461B6861
:1066B00001934FF00003184D4FF0FF324FF0FF33BE
:1066C000164805F00FFD2C6844B9082007F056FF66
:1066D00048B9FFF7B3FF6FF068000DE063689E42B2
:1066E00007D02468F0E7046046606B686BB9C5E9C1
:1066F0000000FFF7A3FF0020064B1A68019B5A40D9
:106700004FF0000304D007F01FFA18606860F0E74C
:1067100002B070BD80BE0120D0DE002030CD002050
:1067200037B51A4B1A4C1B6801934FF000032368CE
:10673000054613B34FF0FF334FF0FF32154805F015
:10674000D1FC23680BB11C6843B9104B1A68019B3C
:106750005A404FF000030BD007F0F6F928465B686B
:1067600098471CB1226823461446EDE72246FAE713
:1067700003B0BDE83040FFF761BF044B1A68019BCE
:106780005A404FF00003E7D103B030BD80BE012076
:10679000D0DE002030CD002073B5144B0E461446D9
:1067A0001B6801934FF00003054600B172B9012147
:1067B0000F4A1048FFF716FF00200C4B1A68019B88
:1067C0005A404FF000030FD007F0BEF91046F2F721
:1067D0000DFCB042F0D83246214628460AF0CAF8ED
:1067E000B0FA80F04009E8E702B070BD80BE012039
:1067F000823102007012020073B5194B0C46054637
:1068000016461B6801934FF00003F8F7DFFC0023E6
:10681000224603606946284608F030FA009B044689
:10682000AB420AD16FF03C000D4B1A68019B5A40F5
:106830004FF0000312D007F087F91B78002BF1D13D
:1068400000F10043013B033302D800203460EBE742
:10685000F8F7BCFC0368222BF7D1E3E702B070BD68
:1068600080BE012030B51025124B87B01B68059300
:106870004FF0000314466B4601AA0095FEF7BAFFDD
:1068800068B9009B224618336B4403F8140C294660
:1068900001A8FFF7B1FF002818BF6FF03C00054BBF
:1068A0001A68059B5A404FF0000301D007F04CF9DD
:1068B00007B030BD80BE01202DE9F7434FF000083E
:1068C0001C46434B07461B6801934FF000030E46DE
:1068D0001546CDF80080F2F789FB08281BD1304619
:1068E000F2F784FB082816D12846F2F77FFB082828
:1068F00011D13288B378ADF80020414602226846B3
:106900008DF8023008F0D4FA07280FD9314A012156
:106910003148FFF767FE6FF015002D4B1A68019B99
:106920005A404FF0000350D007F00EF92B4B0222D3
:1069300053F820904146F01C08F0BAFAB9F1000F64
:1069400011D14FF0FF3323602A88AB78ADF80020D7
:106950000021022268468DF8023008F0A9FA0728C3
:1069600015D91F4AD3E709FB00F020600130EBD0B6
:106970003A88BB78ADF800200021022268468DF8E5
:10698000023008F095FA07280FD9164ABFE7164BD0
:1069900053F820600EB9154AB9E702220021E81C1D
:1069A00008F086FA70432060E2E7114B022253F8A8
:1069B00020500021F81C08F07BFA1DB1454300204F
:1069C0006560AAE74FF0FF35F9E703B0BDE8F08353
:1069D00080BE0120A732020070120200FC150200E6
:1069E000DC320200283302001C16020008330200C9
:1069F0001C160200F0B5284B85B00D4604211B681B
:106A000003934FF00003002307460DEB01001646E9
:106A1000CDE90133FEF726FD044670B1034601219E
:106A20001E4A1F48FFF7F4FD1B4B1A68039B5A4090
:106A30004FF000032CD007F087F8014601AA384632
:106A4000FEF79CFC044648B10346164A012114484F
:106A5000FFF7DEFD01A8FEF751FDE5E76A46314686
:106A600001A8FEF777FE044610B103460E4AEDE793
:106A7000009B1BB1012B03D12B70EBE70346FBE717
:106A800001210A4A0648FFF7C3FD6FF01504E1E74C
:106A9000204605B0F0BD00BF80BE01209B31020042
:106AA000701202004B330200763302009F33020063
:106AB0002DE9F0431D46674B8DB01B680B934FF0DB
:106AC00000030023904606930722ADF81C308DF892
:106AD0001E30092381460E4604A80B21CDE901236F
:106AE000149FFEF7BFFC044678B1034601215A4AC1
:106AF0005A48FFF78DFD574B1A680B9B5A404FF0D1
:106B0000000300F0A38007F01FF8014604AA4846DE
:106B1000FEF734FC044648B10346514A01214F4870
:106B2000FFF776FD04A8FEF7E9FCE4E7014601ABB8
:106B300006AA04A8FEF75EFE044610B10346494AC1
:106B4000ECE7494A019906A8FFF726FEF8B103AA27
:106B5000C6F1020104A8FEF7FDFD041E34D1039B1B
:106B6000052B19DC002B25DBB8F1000F11D1002D0E
:106B700034D10024002FD5D003AAC6F1050104A802
:106B8000FEF7E8FD00285FD19DF80C303B70002433
:106B9000C8E788F80030EAE75A2B0BD1B8F1000FAC
:106BA00001D088F80030002DE3D04FF0FF33C5E965
:106BB0000233DEE701212D4A2848FFF729FD6FF057
:106BC000150423462A4AA9E7FBDBB8F1000F01D0E0
:106BD00088F80040002DCCD05A2CE6D004A8FEF74F
:106BE0003DFE0328E1D9C6F1030102AB08AA04A8BF
:106BF000FEF700FE0146C0B9029B102230336B4401
:106C000003F8100C08A808F053F90923E860029370
:106C100008AA02ABC6F1040104A8FEF7EBFD044686
:106C200030B14FF0FF33AB60A4E74FF0FF30ECE73B
:106C3000029B014630336B4403F8100C102208A865
:106C400008F036F9A86094E700239FE720460DB0CE
:106C5000BDE8F08380BE01209B310200701202006B
:106C6000BB330200E8330200243102001134020079
:106C7000172F02007FB52A4B06461B6803934FF07F
:106C8000000300230D46CDE90133002942D000283E
:106C900040D004210DEB0100FEF7E4FB044670B187
:106CA000034601211F4A2048FFF7B2FC1C4B1A681B
:106CB000039B5A404FF000032FD006F045FF0146DA
:106CC00001AA3046FEF75AFB044648B10346174A6C
:106CD00001211548FFF79CFC01A8FEF70FFCE5E732
:106CE0002A46022101A8FEF75FFD044610B10346C3
:106CF0000F4AEDE70F49D5E9003299424FF00803FA
:106D00009341E9D202210C4A0748FFF76BFC6FF070
:106D10001504E1E76FF01504C8E7204604B070BD24
:106D200080BE01209B310200701202003934020043
:106D30006634020000E099509334020007B5154B09
:106D40001B6801934FF0000370B90121124A1348E8
:106D5000FFF748FC00200F4B1A68019B5A404FF088
:106D6000000313D006F0F0FE0023013810F8012FC5
:106D70002C2A01D10133F9E7002AF7D10A2BE9D9EE
:106D8000A3F109000523B0FBF3F0E4E703B05DF8DD
:106D900004FB00BF80BE0120C0340200701202005C
:106DA0002DE9F043AE4B8DB01B680B934FF0000301
:106DB0000D460B2300210746CDE908110393CDF8BA
:106DC0002710421E12F8013F2C2B01D10131F9E7A7
:106DD000002BF7D185F830304FF0FF330331AB6033
:106DE00004A8FEF73FFB044678B1034601219D4A03
:106DF0009D48FFF70DFC9A4B1A680B9B5A404FF0C9
:106E0000000300F0298106F09FFE014604AA3846DF
:106E1000FEF7B4FA044658B1C31D15D00346934A91
:106E200001219148FFF7F4FB04A8FEF767FBE2E7B6
:106E30000646002103AB08AA04A8FEF7DBFC0446C3
:106E400020B103468A4AEBE70126F2E7894A039913
:106E500008A8FFF7A1FC002800F0A5806A460121E0
:106E600004A8FEF777FC04460028DDD1009B002B28
:106E700040F0F080022101AA04A8FFF7F3FC0446C9
:106E80000028D1D1019B4FF00708B3F1805FA4BF68
:106E90004FF0FF330193019B0321AB6006AA02ABC5
:106EA00004A8CDF80880FEF7A5FC04460028BBD155
:106EB000029B0A2130336B4403F8180C2A1D0DF194
:106EC0001B00FFF799FC04460028ADD18DF81B008C
:106ED0002A460A2106A8FFF78FFC04460028A3D102
:106EE000042101AA04A8FFF7BDFC044600289BD199
:106EF000019B0521EB6001AA04A8FEF72BFC0446C8
:106F0000002891D1019B0621AB8205F1100204A853
:106F1000FEF720FC0446002886D1414605F12802F0
:106F200004A8FEF7BFFB044600287FF47DAF0821CC
:106F300001AA04A8FEF70EFC044600287FF474AFF3
:106F4000019B09216B8501AA04A8FEF703FC0446F6
:106F500000287FF469AF019B0A21AB8505F120026F
:106F600004A8FEF721FC044600287FF45DAF3846F4
:106F7000FFF7E4FE85F83000C0B200EB800000F1BE
:106F80000B0404A8FEF76AFC84420ED2214605F1E8
:106F9000180204A8FEF708FC044600287FF444AF5A
:106FA00095F8303033B900243EE700220023C5E9CC
:106FB0000623F5E76B6B002BF5D00F274FF0000889
:106FC00095F83030984504D3002EECD06FF00604CD
:106FD0002AE76A6B391F02EB081204A8FEF7BAFB16
:106FE0004FEA0819044600287FF41EAF6A6BF91EA9
:106FF0004A44083204A8FEF755FB044600287FF4F3
:1070000013AF01AAB91E04A8FEF7A4FB044600288A
:107010007FF40AAF6B6B019A4B445A81791E01AA27
:1070200004A8FEF797FB044600287FF4FDAE6B6BC7
:10703000019A4B449A816A6B39464A44043204A847
:10704000FEF788FB0537044600287FF4EDAE08F113
:107050000108B5E70124E7E620460DB0BDE8F0835E
:1070600080BE01209B31020070120200EA3402004F
:10707000E8330200023102002DE9F04FA3B0B04B1B
:1070800002AFF8601B68FB674FF000030023164651
:107090000B220D469946C7E91C33FA62C7F87730D0
:1070A0004A1E12F8013F2C2B02D109F10109F8E721
:1070B000002BF6D14FF0FF32302409F1030886F897
:1070C000383086F83030B260F968497899421AD879
:1070D000414607F13000FEF7C5F90446E8B1034622
:1070E000984A01219848FFF793FA07F13000FEF71C
:1070F00005FA934B1A68FB6F5A404FF0000300F0FB
:107100002B8206F021FD04FB03F0F16B01330144F7
:107110008A60F16B01448A82D6E7014607F13002AA
:107120002846FEF72BF9044648B3C31D02D0034698
:10713000864AD6E7EA468AB002AA854BC2E9070525
:10714000C2E9053840F202439384824B42F8103F73
:1071500000234FF432517C48F6F760F90123D546FD
:107160007B61002107F12C0307F1700207F1300069
:10717000FEF740FB044620B10346774AB1E7786149
:10718000EFE7764AF96A07F17000FFF705FB38610F
:1071900030B90121724A6C48FFF724FA0024A4E7B1
:1071A000012107F1200207F13000FEF7D3FA04466F
:1071B00000289AD13C6A012C97D0022C04D1214698
:1071C000684A6148FFF70EFA4FF0000A0125D046E1
:1071D000A9F10A037B607B68AB4203D9FB685B784B
:1071E00043450CD87B69002BD8D06FF006030121F2
:1071F0005D4A5548FFF70CFA6FF0060475E705F194
:107200000109494607F1240207F13000FFF72AFB84
:10721000044690B16D468AB002AA544BC2E9078079
:10722000C2E90539052342F8103F00234FF42151EC
:107230004548F6F7F3F8AD4657E77B6AB3F1805F50
:1072400007DB02214A4A4048FFF7E2F94FF0FF33DB
:107250007B627B6A07F168023B640723A91CBB625F
:1072600007F1300007F12803FEF7C4FA044610B115
:107270000346404A35E7BB6A07F1180268331344F6
:1072800003F8180C0A2107F13C0207F16B00FFF725
:10729000B3FA044610B12346374A22E787F86B0059
:1072A0000A2107F1380207F16800FFF7A5FA044642
:1072B0000028F0D107F12402E91C07F13000FFF7A4
:1072C000D1FA044638B10121009043462B4A1E48AA
:1072D000F6F76AF909E77B6A07F12402291D07F12D
:1072E00030007B64FEF736FA044610B10346244AA8
:1072F000F7E67B6A07F15002691D07F13000A7F835
:107300004C30FEF751FA044610B103461D4AE8E638
:1073100007F14802A91D07F13000FEF71BFA0446E9
:1073200010B10346184ADCE607F16002E91D07F1D7
:107330003000FEF7B7F9044650B30346134AD0E6CF
:1073400080BE01201C35020070120200EA340200E7
:107350005335020005000001E8330200023102004B
:1073600090350200AF35020067390200E6350200B1
:10737000183602005B3602007B36020094360200AB
:10738000CA360200F4360200283702004A370200EB
:1073900007F1620205F1080107F13000FEF782F9FA
:1073A000044610B103466F4A9BE607F1640205F1FB
:1073B000090107F13000FEF775F9044610B10346E4
:1073C000694A8EE607F1580205F10A0107F130001B
:1073D000FEF7EAF9044610B10346644A81E607F174
:1073E0001E0205F10B0107F13000FEF75BF90446C0
:1073F00010B103465E4A74E60C35294607F11E02B9
:1074000007F13000B7F91E90FEF74CF9044610B1B1
:107410000346584A65E6B9F1000F00F08580B4468E
:1074200007F1380EBEE80F00ACE80F00BEE80F0011
:10743000ACE80F009EE80F0097F81E908CE80F0054
:10744000B9F1000F1DD0B9F10A0F15D90A240A238A
:107450000221494A4948FFF7DBF83B697B6110216B
:10746000204607F0A3F848B90221454A4348FFF7F0
:10747000B9F808F10108AEE64C46F0E7706386F80B
:1074800030404FF00009BC60BB684B45F1D0726BD7
:10749000691C02EB091207F13000FEF75BF94FEAB5
:1074A000091B044610B10346364A1AE6726BA91C42
:1074B0005A44083207F13000FEF7F4F8044610B1E0
:1074C0000346314A0DE607F12402E91C07F13000BA
:1074D000FEF740F9044610B103462C4A01E6736BEF
:1074E0007A6A5B445A81291D07F1240207F13000B2
:1074F000FEF730F9044610B10346254AF1E5736BF7
:107500007A6A5B449A81726B05355A442946043283
:1075100007F13000FEF71EF9044610B103461D4A7C
:10752000DFE509F10109AFE73023F46B07F1380C0F
:1075300003FB0A44BCE80F000FC4BCE80F000FC4F3
:107540009CE80F0084E80F0096F838300AF1010A31
:10755000013386F838308CE720468437BD46BDE8D5
:10756000F08F00BF7237020092370200B23702007C
:10757000D7370200FA3702002438020070120200E6
:107580007C380200B0380200D4380200FE38020015
:1075900020390200423902007FB5304B06461B6895
:1075A00003934FF0000300230D46CDE9013300297A
:1075B0004ED000284CD004210DEB0100FDF752FF06
:1075C000044670B103460121254A2648FFF720F8FA
:1075D000224B1A68039B5A404FF000033BD006F041
:1075E000B3FA014601AA3046FDF7C8FE044630B1A1
:1075F00003461D4A01211B48FFF70AF818E0012144
:107600000DF1020201A8FEF77BF8044610B1034613
:10761000164AEFE7BDF8023001A82B70FEF71EF9FD
:10762000022809D84FF0FF324FF0FF33C5E902239B
:1076300001A8FDF763FFCBE7022105F1080201A8CD
:10764000FEF7B2F804460028F2D00346084AD1E714
:107650006FF01504BCE7204604B070BD80BE012069
:107660009B3102007012020093390200C5390200FA
:10767000EE390200F7B51A4B0E461B6801934FF026
:107680000003044630B329B30821164AFFF784F8F3
:1076900078B915480121154AFEF7A4FF6FF00400E0
:1076A0000F4B1A68019B5A404FF0000315D006F0AB
:1076B0004BFA00250E4F0834214657F8040BF1F71A
:1076C0008BFC08B93570EBE701350A2DF4D16FF06A
:1076D0003C00E5E76FF01500E2E703B0F0BD00BF46
:1076E00080BE0120233A0200701202002C3A0200F0
:1076F000D415020073B50D4B0D4C1B6801934FF070
:1077000000030C4EC5B2B44208D3084B1A68019B63
:107710005A404FF0000307D006F016FAD4E90031C2
:10772000284698470834EEE702B070BD80BE0120BD
:10773000984002009840020007B50F4B1B68019368
:107740004FF0000309F006F90B4B60B11A68019B7A
:107750005A404FF0000301D006F0F6F903B05DF88F
:1077600004EBFEF723BF1A68019B5A404FF0000359
:10777000F2D103B05DF804FB80BE012013B5294BA4
:1077800029492A481B6801934FF00003FEF7BAFA13
:10779000034680B1234A1168019A51404FF000021C
:1077A00001D006F0D1F9224A0121224802B0BDE8F9
:1077B0001040F5F7DFBEFEF7EDFA044648B1194B6D
:1077C0001A68019B5A404FF00003EAD103461A4A57
:1077D000EAE7FEF7A3FC2046FEF7C0FC034640B1F3
:1077E000104A1168019A51404FF00002D9D1134A52
:1077F000DAE70146124802F00DFB034640B1094AA0
:107800001168019A51404FF00002CAD10D4ACBE7EE
:10781000044B1A68019B5A404FF00003C1D102B0DB
:1078200010BD00BF80BE0120EB3A0200F43A020016
:10783000FD3A0200701202001E3B02003E3B0200B5
:107840005F3B02006A3B020007B51A4B1B680193BD
:107850004FF00003034680B1164A1168019A514067
:107860004FF0000201D006F06FF9134A01211348CE
:1078700003B05DF804EBF5F77DBE114B1978114BA1
:107880001878FEF71FFD034640B10A4A1168019AB5
:1078900051404FF00002E6D10B4AE7E7054B1A686A
:1078A000019B5A404FF00003DDD103B05DF804EBBB
:1078B000FFF764BF80BE01208A3B02007012020005
:1078C000F5CB0020F6CB0020BF3B020007B5074BED
:1078D0001B6801934FF00003F5F7A0FB044801215A
:1078E000044AF5F72FFE0020F6F73AFE80BE01208D
:1078F00050120200F53B020007B5134B0146134836
:107900001B6801934FF0000302F084FA034680B134
:107910000D4A1168019A51404FF0000201D006F063
:1079200013F901210A4A0B4803B05DF804EBF5F79F
:1079300021BE054B1A68019B5A404FF00003EED15F
:1079400003B05DF804FB00BF80BE0120072E0200DB
:10795000123C02007812020007B50F4B1B6801931E
:107960004FF0000303786BB10B4B1A68019B5A4030
:107970004FF0000301D006F0E7F803B05DF804EB28
:10798000FFF7BABF044B1A68019B5A404FF000033F
:10799000F1D103B05DF804FB80BE012007B5184BA0
:1079A0001B6801934FF0000300BB1648FFF7D4FF9C
:1079B0001548FFF7D1FF1348FFF7CEFF1148FFF737
:1079C000CBFF1048FFF7C8FF0E48FFF7C5FF0C4B71
:1079D0001A68019B5A404FF0000301D006F0B4F83A
:1079E000084803B05DF804EBFFF7B6BF044B1A6814
:1079F000019B5A404FF00003F0D103B05DF804FB47
:107A000080BE0120B13A0200383C020007B50A4BA3
:107A10000A461B6801934FF00003074B1968019B4E
:107A200059404FF0000301D006F08EF8012103B059
:107A30005DF804EBF5F786BD80BE012013B50E4B53
:107A40000E490F481B6801934FF0000300F08CF9BA
:107A5000044628B1012103460A4A0B48F5F78AFD7E
:107A6000054B1A68019B5A404FF0000301D006F005
:107A70006BF8204602B010BD80BE0120017D0100E0
:107A8000D8DE00205E3C0200A01202002DE9F04189
:107A900082B0DFF8F8817E4BD8F8704000AF072C39
:107AA0000D461B687B604FF0000300F0080662D0B3
:107AB000132C00F0A780052C40F0C180D8F854802A
:107AC00074497548FFF7A2FF18F4805F48D07349E6
:107AD0007148FFF79BFF172418F4006F04D070491A
:107AE0006D48FFF793FF182418F4007F0ED06D49FE
:107AF0006948FFF78BFF6C4B18F4004F9B6B04D069
:107B000001216A4A6448F5F735FD192418F4806F9D
:107B100004D067496048FFF779FF1A2418F4807F82
:107B200020D064495C48FFF771FF1B24EB69002EED
:107B300040F0A380C3F3080222B96FEA53236FEA2F
:107B40004323EB6129462046F6F768F9504B1A6843
:107B50007B685A404FF0000300F0948005F0F4FF7A
:107B60001624B9E718F4005FE0D053494A48FFF7FC
:107B70004DFF1C24DAE7D8F85C4047484F49FFF72F
:107B800045FF600606D5D8F8683001214C4A4248C6
:107B9000F5F7F0FCE10705D54A493F48FFF736FF06
:107BA0002624C3E7A20705D547493B48FFF72EFF28
:107BB0002724BBE7630705D544493748FFF726FF6D
:107BC0002824B3E7200705D541493348FFF71EFFB6
:107BD0002924ABE7E10605D53E492F48FFF716FFFC
:107BE0002A24A3E7A20605D53B492B48FFF70EFF41
:107BF0002B249BE723063ED538492748FFF706FF8D
:107C00002C2493E7D8F86C8035492348FFF7FEFE13
:107C100018F0020F03D033491F48FFF7F7FE18F0A2
:107C2000010F03D030491C48FFF7F0FE18F0040F95
:107C30003FF47CAF2D491848FFF7E8FE76E72C4A61
:107C40002C4BE8468AB00F2CC8BF13466A462A4917
:107C5000103CC2E905134FF400731384274BD46121
:107C600042F8103F00234FF411510B48F5F7D6FBB3
:107C70000024C5465AE7252458E723F4FF7323F070
:107C800001035EE70837BD46BDE8F081D8DE00207D
:107C900080BE0120A4230200A0120200BA23020029
:107CA0001E220200CB23020000ED00E0E4230200CC
:107CB000F9230200142402007E220200983C0200F4
:107CC000B13C0200C13C0200D73C0200F53C02007E
:107CD000103D02002D3D0200423D02005C3D0200CD
:107CE0006F3D0200893D0200B93D0200E73D020000
:107CF000412402002C24020022250200040000017D
:107D000000B5174B8BB01B6809934FF00003154B60
:107D100001A95A6AD86C01929A6A20F00500029271
:107D2000DA6A03921A6B04925A6B05929A6B069266
:107D3000DA6B07921A6C1B6D08929B0748BF40F0E4
:107D40000400FFF7A3FE064B1A68099B5A404FF048
:107D5000000301D005F0F8FE0BB05DF804FB00BF96
:107D600080BE0120D8DE002000B51A4B89B01B6808
:107D700007934FF0000305AB0193082302930423FC
:107D80000691CDE904300DEB0301032003AACDF8E1
:107D90000CD000F07DF80228009B0FD0032810D0F3
:107DA00090B9181E18BF012040420A4B1A68079B61
:107DB0005A404FF000030AD005F0C6FE6FF01500E0
:107DC000F3E76FF08500F0E74FF0FF30EDE709B023
:107DD0005DF804FB80BE012007B5094B1B680193C9
:107DE0004FF00003064B1A68019B5A404FF0000306
:107DF00001D005F0A9FE002003B05DF804FB00BF30
:107E000080BE01202DE9F0431F461E4BA5B01B6824
:107E100023934FF000031C4B044693F800800D465B
:107E20001646DDF8B090B8F1000F1AD101A8F6F7A8
:107E30003FFB4B463A4631462846A047044601A838
:107E4000F6F74AFBB8F1000F02D0104804F0FAF838
:107E50000C4B1A68239B5A404FF000030DD005F0DD
:107E600073FE4FF0FF324FF0FF33084804F03AF949
:107E70000028DBD06FF08304EAE7204625B0BDE898
:107E8000F08300BF80BE01203D2101206CCD002089
:107E900010B5174B88B01B6807934FF00003002301
:107EA000CDE9053302AB0393042302900493D9B1C7
:107EB0000B6805934B6806930223111E18BF01211E
:107EC0000C48CDE9002103AA40F2F53100F05AF840
:107ED000074B0028B8BF01201A68079B5A404FF093
:107EE000000303D005F030FE0123E6E708B010BD23
:107EF00080BE01200501004007B5094B1B680193B6
:107F00004FF00003064B1A68019B5A404FF00003E4
:107F100001D005F019FE002003B05DF804FB00BF9E
:107F200080BE012070B53026144B94B01B681393AB
:107F30004FF0000307AB05460C46324600211846B9
:107F400008F035FDCDE90554CDE903068CB10123D8
:107F500005AA009200210A48019303AA00F012F832
:107F6000064B1A68139B5A404FF0000303D005F0EC
:107F7000EBFD2046F4E714B070BD00BF80BE0120C9
:107F80000001004073B5174DB1F5004F2D68019504
:107F90004FF00005079C19D2042B17D8042C15D8D4
:107FA000104D2E68019D6E404FF0000501D005F088
:107FB000CBFD240444EA0364134644EA010201466B
:107FC000094802B0BDE87040FFF71CBF054B1A68B6
:107FD000019B5A404FF00003E9D16FF0800002B0DE
:107FE00070BD00BF80BE0120217C000007B5084B9A
:107FF0001B6801934FF00003054B1A68019B5A4020
:108000004FF0000301D005F09FFD03B05DF804FBC5
:1080100080BE012007B5094B1B6801934FF0000398
:10802000064B1A68019B5A404FF0000301D005F03F
:108030008BFD03B05DF804EB004700BF80BE01205C
:1080400007B5094B1B6801934FF00003064B1A68F4
:10805000019B5A404FF0000301D005F075FD03B0BD
:108060005DF804EB03F040BA80BE012037B5144B35
:108070001B6801934FF000030468ECB1B4FA84F379
:108080000122C3F11F03DBB29A4024EA0202D0E8C6
:10809000EF5FA54204D1C0E8EC2FBCF1000FF6D190
:1080A000EAD108480B70064B1A68019B5A404FF002
:1080B000000303D005F048FD0348F4E703B030BDEA
:1080C00080BE01200000AD0B0200AD0B13B5134BB9
:1080D0001B6801934FF000030368CB40DB0718D403
:1080E00001238B40026843EA0201D0E8EF4F94423B
:1080F00004D1C0E8EC1FBCF1000FF6D1F2D1084862
:10810000064B1A68019B5A404FF0000303D005F05C
:108110001BFD0448F4E702B010BD00BF80BE012083
:108120000000AD0B0400AD0B07B50A4B1B680193B3
:108130004FF00003084BC3F80405064B1A68019B77
:108140005A404FF0000301D005F0FEFC03B05DF88B
:1081500004FB00BF80BE01200070014013B50B4B33
:1081600040F000401B6801934FF00003074BC1F83B
:108170008000C2F880001A68019B5A404FF000034B
:1081800001D005F0E1FC02B010BD00BF80BE0120AF
:10819000F7B5314B04461B6801934FF0000350B113
:1081A000012829D02C4B1A68019B5A404FF000033C
:1081B00050D005F0C9FC0222284B0646C3F808231C
:1081C0000122DA60C3F80401D3F80431012342F23A
:1081D0001075224F8DF80330D4B1012CE2D1D7F8BD
:1081E0000C3403F4803386BB002BDBD00120FFF777
:1081F00027FF013DF3D1D5E70022184B0DF103060F
:10820000C3F808035860C3F80021D3F80031DDE754
:10821000D7F8183403F480333EB9002BC2D00120C4
:10822000FFF70EFF013DF3D1BCE7D7F8182402F0A9
:1082300003023270002BB5D09DF803000128B1D1A4
:10824000FFF7FEFE013DC7D1ACE7D7F80C2402F0E2
:108250000102EEE703B0F0BD80BE012000500040F7
:1082600007B50D4B1B6801934FF000030B4B1A79B8
:1082700062B9012218600A481A71074B1A68019BFB
:108280005A404FF0000303D005F05EFC0548F4E7C8
:1082900003B05DF804FB00BF80BE01204CDF00206E
:1082A0000000AD0B0C00AD0B07B50F4B1B68019325
:1082B0004FF000030D4B1B6833B10520F6F7A8FA09
:1082C00010B90520F6F75CFA0122094BC3F818250E
:1082D000054B1A68019B5A404FF0000301D005F08E
:1082E00033FC03B05DF804FB80BE01204CDF0020AE
:1082F0000050004013B5324B1B6801934FF0000350
:1083000050B1012850D02E4B1A68019B5A404FF0B3
:10831000000353D005F018FC2A4BD3F81814D3F8F7
:108320001824C90324D502F00303022B05D0012B26
:1083300002D00020FFF72CFF0123224A0220C2F8BE
:10834000183508224FF48273002103F1804303F5AE
:10835000A04319601C68012402F1804202F5A0428A
:108360001460194A12681AB3164BC3F80403CAE71B
:10837000D3F81424D207DFD5D3F81C2402F003026B
:10838000013A012AD5D8104A12681AB10222C3F85C
:108390000423B8E7D3F80421002AFBD00022C3F855
:1083A0000421D3F80431AEE700224FF48073CBE709
:1083B0001A68002AFCD019601B68A4E702B010BD3F
:1083C00080BE0120005000404CDF002007B5094B63
:1083D0001B6801934FF00003064B1A68019B5A403B
:1083E0004FF0000301D005F0AFFB03B05DF804EBE4
:1083F000FFF7CEBE80BE012007B5224B1B6801935C
:108400004FF00003204BD3F8002152B10020C3F8F5
:108410000001D3F800210122C3F808231B4B1B687D
:108420009847194BD3F8042182B10022C3F80421E4
:10843000D3F80421D3F81824D3F81824022102F029
:108440000302012A0CD1C3F818159A600D4B1A6863
:10845000019B5A404FF000030BD103B05DF804FBC1
:10846000C3F80813074B1A68019B5A404FF00003EA
:1084700001D005F069FB0120044B1B6803B05DF8D7
:1084800004EB184780BE0120005000404CDF002064
:1084900007B50A4B01461B6801934FF00003074BD9
:1084A0001A68019B5A404FF0000301D005F04CFBC5
:1084B000034803B05DF804EBFFF7D8BD80BE012090
:1084C00014C9002007B50C4B1B6801934FF0000343
:1084D000036803F01F025B09074B0260074818BFDF
:1084E00000201A68019B5A404FF0000301D005F0AC
:1084F0002BFB03B05DF804FB80BE01200025844007
:108500002DE9FF411E46DDE90A582B4B1746019025
:1085100001A80C461B6803934FF00003FFF7D2FF3E
:10852000019B391E18BF012100EB8300231E18BFD9
:108530000123002E43EA410314BF0C210021002D2A
:1085400043EA010314BF4FF4E0610021B8F1000FCA
:1085500043EA010314BF4FF440310021D0F8002258
:108560000B4322EA030304B124780FB13F787F0064
:108570001C430EB13678B6003C43BDB129780902E0
:108580003443B8F1000F03D098F800804FEA084850
:108590002143094B41EA0801C0F800121A68039B05
:1085A0005A404FF0000303D005F0CEFA2946E7E722
:1085B00004B0BDE8F08100BF80BE01207FB50E4B46
:1085C0008DF80F101B6805934FF000030DF10F039A
:1085D000019300231A4619460093FFF791FF064BBB
:1085E0001A68059B5A404FF0000301D005F0ACFA21
:1085F00007B05DF804FB00BF80BE012073B5194BC6
:1086000016461B6801934FF0000301F1080330F890
:1086100013300446DA050D4609D5C3F3432300EBB6
:10862000C302314650F83330526828469847A36851
:108630007BB10C4A1168019A51404FF0000201D001
:1086400005F082FA31462846E26802B0BDE8704083
:108650001847044B1A68019B5A404FF00003EFD1B2
:1086600002B070BD80BE012073B532240279234B65
:1086700062431B6801934FF0000352FA81F2204BD2
:10868000083233F81240E1052FD5C4F3432124F416
:10869000F85423F8124064240026027904FB0234C3
:1086A0000E3434F8025F15F4807F03D0C5F3432500
:1086B000A9421AD00136202EF3D16424002562434A
:1086C00002EBC1029D500D4A1568019A55404FF0CA
:1086D000000201D005F038FA027904FB023058306C
:1086E00002B0BDE87040FFF7F1BC044B1A68019B73
:1086F0005A404FF00003EDD102B070BD80BE0120A2
:1087000018C9002007B50D4B1B6801934FF00003FB
:10871000322358430A4B50FA81F1083133F81100E3
:10872000064B400B1A68019B5A404FF0000301D0E2
:1087300005F00AFA03B05DF804FB00BF80BE01201B
:1087400018C9002007B50E4B1B6801934FF00003BA
:10875000322358430B4B50FA81F1083133F81100A2
:10876000074B80F002001A68019B5A404FF000034B
:10877000C0F3400001D005F0E7F903B05DF804FB59
:1087800080BE012018C9002007B50D4B1B6801935E
:108790004FF00003322358430A4B50FA81F108315D
:1087A00033F81100064BC0F340101A68019B5A4081
:1087B0004FF0000301D005F0C7F903B05DF804FBEA
:1087C00080BE012018C9002007B50D4B024611F0EC
:1087D00001001B6801934FF0000304D009490B6AA4
:1087E00013600B6203B90020054B1A68019B5A40C5
:1087F0004FF0000301D005F0A7F903B05DF804FBCA
:1088000080BE012000258440F7B5054600201B4BA3
:1088100004461B6801934FF00003012607468C4273
:1088200013D1174BD3F87C2132B10022C3F87C213D
:10883000D3F87C3140F00040104B1A68019B5A403D
:108840004FF0000318D005F07FF9E3B29B0003F569
:1088500080729B0806FA03F31D420BD002F180429E
:1088600002F54432D2F800C0BCF1000F02D017600C
:10887000126818430134D2E703B0F0BD80BE012076
:10888000001003402DE9F04F5D4B85B01B6803934A
:108890004FF0000305465B4B296DD3F80403C0B2CB
:1088A00040F00040FFF7B0FF061E18DA0023E96D24
:1088B00002A802934FF00108FFF786FF95F85C309D
:1088C000DB0760D4296D4FF00040FFF79DFFE96D95
:1088D00002A8FFF779FF0028F0D126F00046012416
:1088E000002E70D1464B1A68039B5A404FF000038C
:1088F00000F0828005F028F994FAA4F4B4FA84F424
:1089000004F1080335F81390E10802AB5B5C04F056
:10891000070208FA02F223EA020302AA535401A84A
:108920000194FFF7CFFD019B4FEA990B803350F87C
:108930002370C9F3820A1BF0040FD146C7F3014725
:1089400025D0524621462846FFF758FE01A801943B
:10895000FFF7B8FD019BFFB2803350F82330C3F31B
:1089600001439F4207D100212046FFF727FE3946E9
:108970002046FFF723FE01A80194FFF7A3FD019B0A
:1089800008FA03F30362029C002CB5D19AE7022F88
:108990000DD103212046FFF711FE0AF00503012B3C
:1089A000E9D14A4621462846FFF728FEE3E702219F
:1089B0002046FFF703FEBAF1030FF2D0032FDAD1FE
:1089C000BAF1020FECE796FAA6F3B3FA83F304FACE
:1089D00003F29B0003F1804303F54433D3F81015F1
:1089E00026EA0206D3F810252846C2F30142C1F355
:1089F0000421FFF703FE73E705B0BDE8F08F00BF69
:108A000080BE01200010034073B506791D4B05465A
:108A100030460C461B6801934FF00003FFF7B4FE8D
:108A200000B321463046FFF78DFED8B121463046CF
:108A3000FFF768FE01232A688340C2F808332A68DA
:108A400003B202EB8303D3F8102522F00302C3F82C
:108A500010250C4B1A68019B5A404FF000030FD0B1
:108A600005F072F8074B1A68019B5A404FF000035B
:108A7000F6D10021204602B0BDE87040FFF79EBD50
:108A800002B070BD80BE01202DE9F7433222294B90
:108A9000294F1B6801934FF00003037905465343A8
:108AA00053FA81F3083337F813300C46DB07CEB2A4
:108AB0003BD5FFF7A9FF95F8049021464846FFF7FC
:108AC00063FE68B121464846FFF71CFE0022D5F838
:108AD000008000B208EB8003C3F81025C3F810250E
:108AE00021462846FFF7C0FD32222B79684602FB5B
:108AF00003660023083627F816300094FFF7E2FCDF
:108B0000009B00EB8300D0F800220C4B134043F095
:108B10000203C0F800320A48064B1A68019B5A400B
:108B20004FF0000303D005F00FF80648F4E703B058
:108B3000BDE8F08380BE012018C90020F0F8FCFFDA
:108B40000000AD0B0400AD0B2DE9F043804BD2F8D3
:108B5000009085B004460D4616461B6803934FF0FF
:108B60000003B9F1000F34D032220079DFF8E4813C
:108B7000424352FA81F2083238F81230CFB29B07E2
:108B800003D5FFF701FE00283BD100230DF10B02B6
:108B9000CDE900338DF80A308DF80B300DF10A0164
:108BA0004B462846FFF7ACFC3221237901FB0373C7
:108BB000083338F8132022F0020228F81320237912
:108BC00001FB0377083738F8173043F0010328F822
:108BD00017307368002B43D04FF0320C22791F7886
:108BE0000CFB02F2D3F804E052FA85F2594B08323A
:108BF00033F81200E9B210F0020F04D0BEF1000FFA
:108C000018D055482FE020F4604020F0200023F8D1
:108C10001200BEF1000F0DD0032FF2D87268506819
:108C2000226890F800E002EB8E022FBBC2F81075AC
:108C3000C2F810754FF0320C22790CFB0212083288
:108C400033F8120020F01C0023F8120022790CFBEC
:108C50000211083133F8112042EA870223F811206B
:108C6000B36893BB3D483A4B1A68039B5A404FF098
:108C7000000369D004F068FFD2F8108528F00308DB
:108C8000C2F81085226802EB8E00D0F8102522F47D
:108C9000473222F44072C0F810252A02D0F810851D
:108CA00002F4F85242EA074242EA0802C0F81025EC
:108CB00022790CFB0212083233F8120040EA4E30DF
:108CC00040F0200023F81200B4E72946D3E90087DA
:108CD0002046FFF7C9FCB8F1000FC3D06423207908
:108CE0001C4E4343F218F358984504D153689F42F1
:108CF00001D100210CE0642303FB00600DF10B01A6
:108D00005830FFF7B3F9154B9842ACD19DF80B10D2
:108D100064222379534303EBC10346F8038023798C
:108D20005343322203EBC10333445F60237953433F
:108D300053FA85F3083336F8132042EA412242F40D
:108D4000807226F813208DE705B0BDE8F08300BFE0
:108D500080BE012018C900200400AD0B0000AD0B3F
:108D60002DE9FF471F464F4B05460C461B680393F2
:108D70004FF000039246B2B306793046FFF7E2FCAB
:108D800020B121463046FFF7FFFC98BB32235E43FB
:108D9000DFF8149156FA84F6083639F816305FFA7F
:108DA00084F813F01C0F03D09AF80130012B21D066
:108DB00001238DF80B3000230AF10102CDE900A355
:108DC00020460AF102030DF10B01FFF799FB322255
:108DD0002B7902FB038808F1080839F8183043F0B2
:108DE000030329F81830002F57D021462879FFF7C0
:108DF000A9FC48B12D482B4B1A68039B5A404FF0F1
:108E000000034CD004F0A0FE3E782B68264903EB0B
:108E10008603C3F81005C3F8100532202B794FEAFA
:108E2000860C434353FA84F3083331F813E0E2B27B
:108E30002EF4604E2EF0200E21F813E097F801E09A
:108E4000BEF1000F29D02B68BF789C44DCF81035A8
:108E50004FEA0E4E23F4981323F4F853CCF8103550
:108E6000230203F4F8530EF4403E3F05DCF810856E
:108E700043EA0E0307F480173B4343EA0803CCF8A8
:108E800010352B7900FB0322083231F8123043EA07
:108E9000463343F0200321F812300548ABE704B015
:108EA000BDE8F08780BE012018C900200400AD0B8A
:108EB0000000AD0B37B564250C4B04791B6801939A
:108EC0004FF000030A4B05FB0434A160017905FB58
:108ED0000133DA60054B1A68019B5A404FF00003DA
:108EE00001D004F031FE03B030BD00BF80BE0120D0
:108EF00018C9002073B50579114B28460C46164653
:108F00001B6801934FF00003FFF73EFC98B132233A
:108F10005D430C4B55FA84F4083433F814300A4896
:108F20005B0B3370064B1A68019B5A404FF00003ED
:108F300003D004F009FE0548F4E702B070BD00BF9D
:108F400080BE012018C900200000AD0B0400AD0B4D
:108F50002DE9F341064607796420224D224B00FBA0
:108F6000075898F860401B6801934FF000039CBBC2
:108F7000404621464022103007F019FD2146366850
:108F8000D8F8500088421DD1002346F30730C6F8B8
:108F90007C31D6F87C31F5F7F3FB4FF00043C6F88F
:108FA0000433642303FB07550123104885F8603020
:108FB000AB650D4B1A68019B5A404FF000030DD072
:108FC00004F0C2FDCBB29B0003F580727C2B04BF82
:108FD000B450B3580131D5E70548EAE702B0BDE81F
:108FE000F08100BF18C9002080BE01200000AD0B39
:108FF0000C00AD0B07B564210C4B02791B68019383
:109000004FF000030A4B01FB023393F86000074B5B
:10901000003818BF01201A68019B5A404FF0000326
:1090200001D004F091FD03B05DF804FB80BE012087
:1090300018C9002007B5094B1B6801934FF00003C6
:10904000064B1A68019B5A404FF0000301D004F010
:109050007BFD03B05DF804EBFFF716BD80BE012079
:1090600007B50D4B1B6801934FF000030A4B1A68BC
:10907000019B5A404FF0000301D004F065FD5422DB
:109080006423007913FB00230448184403B05DF8FF
:1090900004EBFFF71BB800BF80BE012018C90020F9
:1090A00007B50D4B1B6801934FF000030A4B1A687C
:1090B000019B5A404FF0000301D004F045FD5422BB
:1090C0006423007913FB00230448184403B05DF8BF
:1090D00004EBFEF7CBBF00BF80BE012018C9002003
:1090E000F7B504792F4B064620460D4617461B68F8
:1090F00001934FF00003FFF747FB38B329462046A2
:10910000FFF720FB10B329462046FFF7FBFA0024A7
:1091100001B23268890001F58073D450D3583368A6
:109120000B44D3F8102542F00102C3F8102527B1F3
:10913000012332688340C2F804331A4B1A68019B3A
:109140005A404FF0000320D103B0F0BD32235C43FE
:10915000154B54FA85F4083433F81430C3F3820302
:10916000042B14D0052B14D068460095FFF7AAF9FC
:10917000009B0169D94001F001010231094B1A68D5
:10918000019B5A404FF0000305D004F0DDFC0321A1
:10919000F4E70221F2E7284603B0BDE8F040FFF70C
:1091A0000DBA00BF80BE012018C9002007B5094BC9
:1091B0001B6801934FF00003064B1A68019B5A404D
:1091C0004FF0000301D004F0BFFC03B05DF804EBE6
:1091D000FFF71ABC80BE012007B50A4B1B6801933C
:1091E0004FF00003074B1A68019B5A404FF00003F1
:1091F00001D004F0A9FC044803B05DF804EBFFF7CC
:1092000041BB00BF80BE01207CC9002073B50F4B5D
:109210000F4C1B6801934FF0000323790E4615464F
:1092200083B92A20F5F7ACFA01230A482371266096
:10923000A560064B1A68019B5A404FF0000303D00B
:1092400004F082FC0448F4E702B070BD80BE012047
:1092500054DF00200000AD0B0C00AD0B37B5154BF3
:10926000154A1B6801934FF00003002350F8234078
:1092700003F5A2710133082B42F82140F6D10023F7
:109280000D4A00F11C0103F5B27451F8045F01337B
:10929000082B42F82450F6D1036CC2F80433054B76
:1092A0001A68019B5A404FF0000301D004F04CFCB7
:1092B00003B030BD80BE012000A0024037B50024BD
:1092C0001C4D1D4B2A201B6801934FF00003C5F86D
:1092D0001045C5F81445C5F81845C5F81C45C5F82E
:1092E0002045C5F82445C5F82845C5F82C45C5F8DE
:1092F0009045C5F89445C5F89845C5F89C45C5F80E
:10930000A045C5F8A445C5F8A845C5F8AC45F5F78E
:1093100059FA4FF0FF33C5F80833084B1C71064B60
:109320001A68019B5A404FF0000301D004F00CFC76
:1093300003B030BD00A0024080BE012054DF0020F9
:1093400007B50B4B0B4A1B6801934FF00003012339
:109350008340C2F80433064B1A68019B5A404FF011
:10936000000301D004F0F0FB03B05DF804FB00BF84
:1093700080BE012000A0024007B50B4B0B4A1B68C2
:1093800001934FF0000301238340C2F80833064BDA
:109390001A68019B5A404FF0000301D004F0D4FB3F
:1093A00003B05DF804FB00BF80BE012000A00240B6
:1093B000F7B5144B01261B6801934FF000030027FB
:1093C000114B124DD3F80C4344B90E4B1A68019B54
:1093D0005A404FF0000312D004F0B6FB94FAA4F008
:1093E000B0FA80F006FA00F324EA0304084B820086
:1093F0009F502B68002BE7D0A9689847E4E703B09B
:10940000F0BD00BF80BE012000A0024054DF00205C
:1094100000A1024073B5254B0C68254A1B680193D7
:109420004FF00003B2FBF4F304FB1325002D39D1F8
:10943000944237D85C1E1C4034D1B3F5007F31D83C
:1094400093FAA3F3B3FA83F302684D79D2F8046573
:10945000097926F0030601F003013143C2F804152F
:10946000D2F8081505F0030521F003012943C2F8DD
:109470000815C2F810354023006800F58072D450FA
:10948000D1580433582BFAD140F30730F5F778F967
:109490000848064B1A68019B5A404FF0000303D05E
:1094A00004F052FB0448F4E702B070BD80BE012016
:1094B0000024F4000000AD0B0400AD0BF7B50C2543
:1094C0000679154C7543246801944FF00004134C41
:1094D000671997F808C0BCF1000F18D16251A1B10B
:1094E0008B687B60FFF796FF0C2303FB06440C4B55
:1094F000C21A534253412372074B1A68019B5A40C8
:109500004FF0000305D004F01FFB0548ECE70548C9
:10951000F2E703B0F0BD00BF80BE012060DF002095
:109520000000AD0B0C00AD0B07B50A4B01221B6808
:1095300001934FF000030368DA60064B1A68019B41
:109540005A404FF0000301D004F0FEFA03B05DF87A
:1095500004FB00BF80BE012037B5104B0D0F1B6808
:1095600001934FF0000303680801D3F81045C4F1DC
:10957000200205FA02F2A4F12003E040104325FA8C
:1095800003F31843054B1A68019B5A404FF0000340
:1095900001D004F0D9FA03B030BD00BF80BE012075
:1095A00073B5134C0568246801944FF000044FF420
:1095B00080348C40B3B100268B0003F5A073EE50CD
:1095C000EB580368C3F80443036801F5A87143F836
:1095D0002120074B1A68019B5A404FF0000304D02A
:1095E00004F0B2FAC5F80843EEE702B070BD00BF60
:1095F00080BE0120F7B540F20116124D9C462D6841
:1096000001954FF0000507688E40D7F800520D4CC9
:1096100025EA0605C7F8005205689DF82030D5F800
:1096200000624CEA0606C5F800622568019C6540A8
:109630004FF0000401D004F087FA03B0BDE8F04019
:10964000FFF7AEBF80BE01202DE9F34100251E4B80
:1096500029461B6801934FF000030120402303F1CA
:10966000804202F5714214682CB1116012689A08A8
:1096700000FA02F215430433582BF0D140244FF086
:109680000108124B124FD3F8046306F47C16A308AA
:1096900008FA03F31E4208D02B4206D03B6823B1E0
:1096A00004F58070796880B298470434582CEED164
:1096B000054B1A68019B5A404FF0000301D004F09B
:1096C00043FA02B0BDE8F08180BE012000F0004006
:1096D00060DF002070B503680446033BDBB2052B56
:1096E00003D8094A52F823502DB9A06858B1BDE8F3
:1096F000704000F01DB806F044F821682B46BDE824
:109700007040090C184770BD3C160200014B5B69A4
:10971000184700BFE0C90020014B1B68184700BF75
:10972000E0C90020014B5B68184700BFE0C900207A
:10973000014B1B69184700BFE0C90020014B9B6823
:10974000184700BFE0C90020014B1B6A184700BF43
:10975000E0C90020014B5B6A184700BFE0C9002048
:10976000014B1B68D86870476CDF0020002230B5C1
:109770000B4B19680C6894420FD001EBC2039D6833
:10978000A8420BD14FF003020433D3E8CF1F0029C6
:1097900003D1C3E8C02F0028F7D130BD0132EAE77A
:1097A00084DF00202DE9F041002406460F462046C4
:1097B000DFF854803368A34201D8BDE8F08106EB9E
:1097C000C4056B68DBB2012B16D16A68B8F80030AB
:1097D000B3EB124F10D1022FA8680FD1FFF77AFF19
:1097E00001206B6823F0FF0343F003036B60B8F8BC
:1097F00000300133A8F800300134DBE70168090CC0
:1098000005F074FFECE700BFC6E3002010B5074C7D
:1098100002216068FFF7C6FF0028F9D10121206806
:10982000FFF7C0FF0028F3D110BD00BF8CDF002080
:1098300070B5072860D8DFE800F00B5F475F435F33
:109840003C0401F0EDFD0320BDE87040F9F7A4BC35
:1098500003202A4BD3F81446D3F81866284B1D78FA
:109860001870EDB201F0B2FD012D10D1254B264A42
:109870009C4212D0230C1B04B3F1886F0DD0A4F5C9
:109880008033203B022B0FD96FF004031360314665
:10989000C4F30B0001F08EFD00E014601B4B186850
:1098A000F9F7B4FB0020CFE7194931F91330136001
:1098B000F4E70024124B20461C7001F087FDEDE711
:1098C000FFF7A4FF0220BFE70D4B1A78012AD0B2A0
:1098D0000ED1104A1168104A8C68546049681160B2
:1098E00002221A7001F072FD084B1868F9F78EFB1E
:1098F000FFF78CFF0120A7E770BD00BF00A002406A
:10990000322101200100500588DF002074DF002093
:10991000001A020070DF00208CDF002070B5164BAB
:1099200042681B6822F0FF0242F00202C31A426042
:109930001248134A0168C3F38913D2E8DF4F651C4C
:10994000C2E8D65F002EF8D101EBC3014A6892B29B
:1099500042EA04424A600268032002EBC3025368F1
:1099600023F0FF0343F001035360F9F7FDF90122EF
:10997000044BDA6070BD00BF7CDF002084DF002074
:10998000C8E3002000A002400A23F7B54FF47A751F
:109990000C4E0D4F01933168386805F0CDFE04463A
:1099A00040B9F9F7E3FA40B9012001A9F9F7F2F952
:1099B0006E30F0D1204603B0F0BD01986843F9F74E
:1099C000D3F9E8E778DF002080DF0020054B1B7823
:1099D0002BB9054B1968054B186805F0ADBE002082
:1099E000704700BF312101207CDF002084DF002090
:1099F0002DE9F04F95B038220021064603A806F065
:109A0000D6FF0223049308230693202308930423FC
:109A10000D93102340250F9380230122CDE911538C
:109A2000D523002157480B921393F9F7B5FA054651
:109A3000002840F0A380024653493079FFF7E6FB47
:109A400003A8FFF70BFC34686268B2F59D6F40F025
:109A500092806169E3680B44E16903F59D630B44FF
:109A6000B3F5003F00F287802068294606F09FFF8B
:109A700033681C68D3F81C9004F53A72019204F123
:109A80006007424A04F1A40804F1200BB9F1000F69
:109A90005BD1C2F800B000254FF0010A2570657057
:109AA00084F802A0E570336840461B696360336840
:109AB0005B69C4F814B0A360354BC4F81890C3F8C0
:109AC0000080344BE7601F600823C4F8108084F8DE
:109AD000A43088F8015088F8025088F8035084F8C0
:109AE00060307D70BD70FD7005F00EFE384605F0EB
:109AF0000BFE294B04F53A721A60284B04F1E80278
:109B000031681A60264B274E1960274B2749C3F846
:109B10001046C3F81456264B264C1D80264B86F85B
:109B200000A01D80254B029525601D611B690293D5
:109B3000029B144B1868F9F77FFA98B103236FF072
:109B400073043370FFF7BAFB11E09B6904F140091D
:109B5000636433684846DB69C2F800B0236401F0EF
:109B600043FC98E72468002CECD1154B1C70204670
:109B700015B0BDE8F08F6FF01504E3E76FF02D042A
:109B8000F5E700BF74DF00203198010070DF00208E
:109B900084DF002080DF00207CDF002078DF0020D1
:109BA0006CDF00203221012000A00240F0490200B9
:109BB000C8E3002088DF0020C6E3002000560040F4
:109BC0003121012070B5164B42681B6822F0FF025C
:109BD00042F00102C31A42601248134A0168C3F3FB
:109BE0008913D2E8DF4F651CC2E8D65F002EF8D19A
:109BF00001EBC3014A6892B242EA04424A60026839
:109C0000032002EBC302536823F0FF0343F0010378
:109C10005360F9F7A9F80122044B5A6070BD00BFE8
:109C200078DF002080DF0020C8E3002000A0024091
:109C300010B5FFF7A9FE01240022032104708170F2
:109C40004270C270FFF7BEFF054B1C7005F06FFD40
:109C5000BDE81040034B47F230511868F9F7ECB9F2
:109C60003121012074DF002038B50A4B04461B78EF
:109C7000022BDDB20DD1FFF787FE50B1002201218A
:109C80008460017042708570C270BDE83840FFF793
:109C900099BF38BD32210120034A126812B1002851
:109CA00000DB1047704700BFA0DF002010B50E4B4F
:109CB00004461B68A3B1EFF799F9082810D9237A55
:109CC0003F2B0DD009490822204604F037FF0146FA
:109CD00030B904F108000A22BDE8104005F0E8B8E8
:109CE0004FF0FF3010BD00BFA0DF00201B3E020080
:109CF0002DE9F34105460020174688461E4605F02B
:109D000042FD024640B915B1284605F065FD6FF0E9
:109D10000B0002B0BDE8F0816FF05803002403731C
:109D2000042305600E4D037244738473C47344723C
:109D30008472C472C0F80480394603202C7005F088
:109D40003EFD4FF0FF3301932B78B34201D1002049
:109D5000DFE7022001A9F9F71DF80028F4D0D8E7C1
:109D600033210120F8B5054600240F4F57F8046B46
:109D70002846314606F0F9FE28B90134042CF5D105
:109D80004FF480300DE06CB1A31E012BF8D83046A3
:109D9000EFF72CF90A220021284404F06FFF40EA73
:109DA0000440F8BD2046FCE7541602002DE9F743B5
:109DB000002581460F461048294690461E460193CD
:109DC00005F080F8041E11DB0134204605F002FD89
:109DD000C9F8000068B1334642462146019605F0B5
:109DE00071F828463C6003B0BDE8F0836FF01500C1
:109DF000F9E76FF00B00F6E720130200014B186043
:109E000000207047A4DF0020014B1860704700BF9E
:109E1000A0DF00200FB42DE9FF410A9C01F0DCFA1D
:109E200000284AD0002C4BD0284E294F3168386882
:109E3000F9F780F9002846D1264D31682868F9F7EE
:109E4000FBF8002836D122460BAB03A902A80193E8
:109E5000FFF7ACFF044658B12868F9F7D7F838681F
:109E6000F9F752F9204604B0BDE8F04104B070475C
:109E7000029C2046FFF71AFF0223064601222046D5
:109E80000399FFF735FF04460028E5D1DFF8488045
:109E9000D8F80000FFF766FF0446D8F8000005F088
:109EA00095FC2868F9F7B2F8002CD8D13046FFF7B6
:109EB000F3FED4E76FF00A04D1E74FF0FF34D1E7A7
:109EC0006FF00D04CEE76FF00A04CBE7B8DF002097
:109ED000B0DF0020B4DF0020A8DF00200CB42DE9A3
:109EE000F04F87B007460E46109C01F075FA002827
:109EF00000F09B80002F00F09B80002C00F09880E9
:109F0000002E00F09880DFF83C81DFF83CA1D8F803
:109F10000010DAF80000F9F70DF9002840F08E8003
:109F20004A4DD8F800102868F9F786F8002879D14A
:109F3000224611AB05A904A80393FFF737FF044697
:109F400018B12868F9F762F852E0414BDDF810804B
:109F5000D3F80090B9F1000F14D03E4BD3F800B005
:109F60005C450FD059F8341008460191EFF73EF8E0
:109F700001990246404604F0E1FD38BB09EBC404F8
:109F800064682CBB4046FFF791FE02238146012204
:109F900040460599FFF7ACFE04460028D1D1DFF812
:109FA000B8803846D8E9004BB3455A46214628BF09
:109FB000324606F0EFFCB345204623D905F006FCF7
:109FC0002868F9F723F86FF0060411E00134C7E7B9
:109FD0002868F9F71BF8424631463846A047044640
:109FE00018B93846FFF7BEFE0446404605F0F4FBBC
:109FF000DAF80000F9F788F8204607B0BDE8F04F1E
:10A0000002B07047FFF7AEFE0446D8F8000005F036
:10A01000DDFB2868F8F7FAFF002CE9D14846FFF786
:10A020003BFEE5E76FF00A04E2E74FF0FF34E3E7B9
:10A030006FF00D04E0E76FF01504DDE76FF00A0440
:10A04000DAE700BFB8DF0020B0DF0020B4DF002077
:10A0500098DF002094DF0020A8DF00200EB42DE957
:10A06000F343DDF82480814601F0B6F900285DD085
:10A07000B9F1000F5DD0B8F1000F5AD0304C314F1C
:10A0800021683868F9F756F8002855D12E4E216816
:10A090003068F8F7D1FF002845D14846EEF7A6FF13
:10A0A000451C284605F096FB044668B93068F8F769
:10A0B000ADFF6FF00B043868F9F726F8204602B0C0
:10A0C000BDE8F04303B0704749462A4606F02EFD2E
:10A0D0002046FFF7EBFD0223814601222046294658
:10A0E000FFF706FE0446306814B1F8F78FFFE2E789
:10A0F000F8F78CFFB9F1000F144D06DB2868FFF765
:10A1000031FE10B94846FFF7C7FD0AAA4146286844
:10A11000019204F009FF041E286808BF6FF04C0488
:10A1200005F054FBC7E76FF00A04C4E74FF0FF34B3
:10A13000C4E76FF00D04C1E76FF00A04BEE700BF8B
:10A14000B8DF0020B0DF0020B4DF0020A8DF00204F
:10A1500038B5C3680446A72B01D0206810E0032956
:10A1600007D0042926D0022902D10122154B1A70EA
:10A1700038BD144B00681A78022A05D10028F7D0A0
:10A18000BDE8384005F022BB0F4D2A6862B12B684C
:10A190009847002320682B6005F018FB0B4B1868CC
:10A1A000BDE83840F8F732BF094A10606168516075
:10A1B0000222DCE7074B1B68002BCED000689847D3
:10A1C000CBE700BF332101209CDF0020B4DF00205B
:10A1D000A8DF0020A4DF0020012210B511460B48A3
:10A1E000F8F7DAFE70B90A48F8F758FF014648B99F
:10A1F0004FF0FF32074B1A60BDE8104001230522E3
:10A20000FFF776BD6FF02D0010BD00BFB4DF00205A
:10A21000B0DF0020B8DF002010B400F11C03D3E849
:10A22000EF2F511EC3E8E41F002CF8D1012A0CDCEB
:10A23000074BD0E8EF2FC0E8E13F0029F9D16422B5
:10A24000002110BC043006F0B2BB10BC704700BF48
:10A250001EF1010010B500240A4B4FF45072214644
:10A2600009481C7006F0A3FB21462246064B07480E
:10A2700001310829C3E900029A6003F16803F7D1AC
:10A2800010BD00BF34210120BCDF00201EF1010001
:10A29000164830B5002203464FF0FF34144DD0E885
:10A2A000EF1FA94204D1C0E8EC4FBCF1000FF6D17A
:10A2B0000CBF0121002112D1682101FB02330122D0
:10A2C0000C49DA61097893F8202061F3451283F88C
:10A2D00020200222A3F8482083F84A2030BD013212
:10A2E000082A00F16800DAD10846F7E7BCDF002051
:10A2F0001EF101003421012030B5024600236825FB
:10A30000054905FB03F460180C59944203D001334E
:10A31000082BF6D1002030BDBCDF002010B504466C
:10A32000043005F04DFC606C08B1F8F77FFF064B78
:10A33000D4E8EF2FC4E8E13F0029F9D12046BDE879
:10A340001040FFF769BF00BF1EF1ADDE70B50825F4
:10A35000064C074E2368B34202D02046FFF7DEFFCB
:10A36000013D04F16804F5D170BD00BFBCDF0020E1
:10A370001EF101002DE9F8430F4C06460025A046CA
:10A380004FF068090D4B0E4F18702368BB420CD07C
:10A3900009FB058393F8202066F3451283F82020FB
:10A3A000A36B13B1204605F079FA0135082D04F1AD
:10A3B0006804EAD1BDE8F883BCDF00203421012025
:10A3C0001EF10100112806DC00280DDB084BC340FC
:10A3D00003F001007047B0F5817F07D040F2111300
:10A3E000C31A5842584170470020704701207047F7
:10A3F00041000200034B02685A6082699A60426918
:10A400001A607047FCE20020012208B5114604489A
:10A41000F8F7C2FD002818BF6FF02D0008BD00BF7F
:10A4200008E300202DE9F04F85B082460F4616461E
:10A430001D4600F0D1FF28B90120F8F77FFD6FF02D
:10A440000A041CE05AEA070300F051811EB3336886
:10A4500023F4A05323F00203002B40F04B817068DB
:10A4600038B9B06878B105F04EFB60B96FF00604FA
:10A4700005E005F042FB0028F3D16FF0050420460B
:10A4800005B0BDE8F08FF06828B1B16805F04FFB6A
:10A4900008B96B20D1E79A4B4FF47A611868F8F746
:10A4A000CBFD0446002840F02881002F64D0F6B18F
:10A4B000336803F4A053B3F5805F18D13368DB042D
:10A4C00045D44FF0FF37706808B100F091FD8D4B17
:10A4D0008D4A1860B368002B08BF01231360F3682E
:10A4E0008A4A002B08BF0623136033681CE00A2247
:10A4F0000021384604F0DCFC4FF6FE73421E9A42FF
:10A5000000F2F280824A030243EA10231380002EF5
:10A51000D4D1002301217B4A4FF0FF3713607A4AE0
:10A5200011600621794A1160DFF8E8815046C8F8C9
:10A530000030BAF1000F65D105F025F9064600BBE1
:10A540006FF009046E4B1868F8F760FD97E73A2141
:10A55000384606F0A8FA00B1471C38466E4906F0A6
:10A5600004FB0A2228B10021033004F087FB0746D0
:10A57000A9E701463846F8E7654B1880002EC8D099
:10A580009FE707615F4BDFF880B11B68DFF87CA1B4
:10A59000B361DBF800303246F361DAF8003047F29D
:10A5A0000D013362D8F800300420736105F007F91B
:10A5B0004FF0FF33594F5A4E03933E603868B04214
:10A5C00031D0002840F08C802020D7F80490F8F794
:10A5D00011FE286070B109F118034D4A0193184625
:10A5E0001288B9F8141005F0FFF8064638BB286841
:10A5F000F8F71CFE6FF0090478680028A2D005F077
:10A60000E5F89FE7EEF7F2FC05F0BDF806460028F6
:10A6100096D007615046EEF7E9FC51460246306895
:10A6200006F0B8F9AEE7022003A9F8F7B3FB00285B
:10A63000C4D06E20F8F782FC6FF00A0482E7D9F8E4
:10A6400008102A6801290AD002291FD01046F8F7FD
:10A65000EDFD3046F8F7EAFD6FF00504CCE7082180
:10A660001161D8F8001011F0020137D00192B9F849
:10A6700016000130F8F7BEFD019A90612A689069D2
:10A6800030B91046F8F7D2FD3046B1E71621E7E7BA
:10A69000B9F8141009F118030B441946B9F816203B
:10A6A00006F078F900202968B9F8162089698854DD
:10A6B0002A680192D9F8080005F04AFF019A2B6830
:10A6C0005060DBF800205E619A60DAF80020DA6002
:10A6D000D8F800201A600022DA618DE79161E7E77F
:10A6E00005F07CFF044687E76FF007042AE76FF068
:10A6F0000104C4E64FF0FF34C1E66FF00204BEE689
:10A7000008E3002014E3002010E300200CE3002005
:10A71000CAE3002018E300203C3E0200FCE20020D7
:10A72000EEC100BCF8B548F20F03994205460E464B
:10A7300040D022D848F20D03994233D048F20E039C
:10A74000994233D00069FFF7D7FD044610B3B6F540
:10A75000004F1FD9A6F50046013E0B2E1AD8DFE8A0
:10A7600016F0AE00E800B600B600B6003A013A01B5
:10A77000B600C400190019000B0149F20403994204
:10A780001CD0B1F5104F3FD9C068FFF7B5FD0446A6
:10A79000002848D12868002800F02D81BDE8F84045
:10A7A00005F014B8BDE8F840FFF724BEBDE8F84056
:10A7B00005F027BABDE8F84005F010BA0369082B88
:10A7C00000F21981DFE813F01000160009000E00F6
:10A7D00016001701170118001E000020BDE8F84000
:10A7E000FFF7C8BD0120F9E70021E868BDE8F8409F
:10A7F00005F047B90121F8E70021E868BDE8F84015
:10A8000005F04BB90121F8E70069FFF775FD044633
:10A810000028BFD048F281039E42BBD101462846A2
:10A8200000F036FB56E049F202039E4200F0CD8074
:10A8300037D805F0AEF80746E0B91020F8F7DAFC93
:10A840000646B8B13946102206F0B1F82B6873609D
:10A850006B683381698A002900F0C8802A8A05F173
:10A86000140004F0C1FFF060002840F0BF803046C3
:10A87000F8F7DCFC286804F0A9FF204605F04BF847
:10A8800058B1204605F085F838B994F8203043F0E7
:10A89000800384F820300C23A361204605F040F8A3
:10A8A00018E049F203039E423DD049F282039E42E2
:10A8B0007FF470AF0146284600F002FB0AE06B69A6
:10A8C0002BB9284605F0A4FEAA6943681A602846F9
:10A8D00005F0A0FE204605F06CF8002800F08B8003
:10A8E0002046BDE8F84004F0D9BF90F8203043F08E
:10A8F000010380F8203005F033F818B13E4B18689A
:10A90000F8F784FB94F82030204623F00A0384F8FB
:10A91000203005F04EF810B1204604F0BFFF20466D
:10A92000FFF7FCFCD3E7286969280BD16823A361F2
:10A93000D0E790F82030EE686FF3410380F82030C4
:10A94000686918B100F068FBA061C3E7204604F015
:10A95000F1FF28B994F8203043F0040384F8203044
:10A96000204604F0E7FF0028B4D0002EB2D000212A
:10A97000204600F0C3FAADE76B69F3B9284605F04D
:10A9800047FEAA6943681A60426892F8203043F093
:10A99000040382F82030436822691A6143686269BF
:10A9A0005A6183684BB105F1180205F1300152F884
:10A9B000040B8A4243F8040BF9D194F82230002B9F
:10A9C00085D0013B84F8223081E790F822300133B2
:10A9D00080F822307EE7284605F01AFE6B6913B92D
:10A9E000AB69436073E74FF0FF33FAE73146204627
:10A9F00004F071FF6EE7F8BD1CE3002030B585B0B0
:10AA00000546FFF779FC044628B90920F8F796FABD
:10AA10004FF0FF300EE000F0DFFC68B9204604F094
:10AA20009FFF18B10D4B1868F8F7F0FA2046FFF7B2
:10AA300075FC002005B030BD002004F0A4FE0146E6
:10AA400008B96920E2E7056101AA47F2090000F0B0
:10AA5000FBFA0028EDD01628EBD0D7E71CE3002046
:10AA60002DE9F04385B08146884614461F460C9E6A
:10AA7000FFF742FC40B90920F8F760FA4FF0FF33C6
:10AA8000184605B0BDE8F08317B90EB11620F3E7FC
:10AA9000B8F1290F00F0ED800CDCB8F1010F12D0F5
:10AAA000B8F1060F00F0E180B8F1000F00F0DF8090
:10AAB0006D20E1E7B8F58D7F00F08880B8F5007F64
:10AAC000F6D11E2C08E03D2CF2DC202C0EDC142CE0
:10AAD0004ED0152C53D0022CEAD1304604F053FE50
:10AAE0000546002840F0C7806920C5E7A4F121038E
:10AAF0001C2BDDD801A252F823F000BFDBAA010015
:10AB0000DBAA0100B1AA0100B1AA0100B1AA0100AB
:10AB1000B1AA0100B1AA0100DBAA0100B1AA01009B
:10AB2000B1AA0100B1AA0100B1AA0100B1AA0100B5
:10AB3000B1AA0100B1AA0100B1AA0100B1AA0100A5
:10AB40009BAB0100A3AB0100A7AB0100ABAB0100C5
:10AB5000BBAB0100B1AA0100B1AA0100B1AA01007A
:10AB6000B1AA0100B1AA01008DAB0100BFAB010089
:10AB70003246394605B0BDE8F04305F04FBD3246D8
:10AB8000394605B0BDE8F04305F056BD32463946BA
:10AB900005B0BDE8F04305F05DBD0123042201933B
:10ABA00005E00223FAE70323F8E7042201920DEB04
:10ABB000020105F06FFD034662E70523EEE732462A
:10ABC000394605B0BDE8F04305F064BD631E112BA6
:10ABD0003FF66EAF01A252F823F000BF33AC010084
:10ABE0005DAC0100DBAA0100B1AA01004FAC01007D
:10ABF00025AC0100B1AA0100B1AA0100B1AA01006F
:10AC0000B1AA0100B1AA010041AC0100DBAA010018
:10AC1000DBAA0100DBAA0100B1AA0100DBAA010046
:10AC2000DBAA01003246394605B0BDE8F04305F025
:10AC300054BD3246394605B0BDE8F04305F061BD6C
:10AC40003246394605B0BDE8F04305F06FBD3246E7
:10AC5000394605B0BDE8F04305F07ABD32463946C5
:10AC600005B0BDE8F04305F082BD372C34E71F2C5A
:10AC700032E7202C30E70023082243728372C3722C
:10AC80000272C0F81090404605F08BFC68612046C7
:10AC900000F0B6F932463946A861286805F07AFE18
:10ACA000294647F203006E6001AA00F0CDF9034681
:10ACB00000283FF4E5AEDFE62DE9F04385B081469C
:10ACC000884617461D460C9EFFF716FB40B9092023
:10ACD000F8F734F94FF0FF37384605B0BDE8F08398
:10ACE00005B10EB90E20F3E7B8F1290F00F08F80FF
:10ACF0000CDCB8F1010F11D0B8F1060F00F0838021
:10AD0000B8F1000F00F081806D20E1E7B8F58D7F8C
:10AD10002AD0B8F5007FF7D11E2F0EE0152F1CD0DA
:10AD20000ADC042F12D0142FEED13246294605B08A
:10AD3000BDE8F04305F052BD212FE5D1306804F0A5
:10AD400022FD0446002864D16920C1E73246294625
:10AD500005B0BDE8F04305F031BD3246294605B0E7
:10AD6000BDE8F04305F049BD7A1E122ACCD801A1F6
:10AD700051F822F0EBAD0100F9AD01003DAD01004D
:10AD80003DAD0100DDAD0100C1AD010009AD010027
:10AD900009AD010009AD010009AD010009AD0100D7
:10ADA000CFAD010009AD01003DAD01003DAD010099
:10ADB0003DAD010009AD010009AD01003DAD01004F
:10ADC0003246294605B0BDE8F04305F025BD3246C0
:10ADD000294605B0BDE8F04305F030BD32462946AE
:10ADE00005B0BDE8F04305F03BBD3246294605B04D
:10ADF000BDE8F04305F046BD3246294605B0BDE842
:10AE0000F04305F051BD372F97E71F2F95E7202F0F
:10AE100093E700230822437202728372C372C0F860
:10AE20001090404605F0BDFB6061384600F0E8F840
:10AE30002146A06101AA47F20400D4F8008000F086
:10AE400003F9074620B1404604F0C6FC38463FE708
:10AE50006268336841469A4228BF1A4628463260E3
:10AE600005F098FD404604F0B7FC35E708B5FFF75C
:10AE7000F1F9FFF7C9FA40B9012204481146F8F781
:10AE80008BF8002818BF6FF02D0008BD1CE30020D0
:10AE900010B543690C467BB191F820306FF3C303C2
:10AEA00081F82030406900F0B7F8044BA061BDE89C
:10AEB00010401868F8F7AAB810BD00BF1CE30020C6
:10AEC00010B591F820300C466FF3C30381F82030A1
:10AED000006960B9DBB223F0140343F0140381F876
:10AEE0002030054BBDE810401868F8F78FB800F027
:10AEF00093F8A061F5E700BF1CE300202DE9F341C2
:10AF0000DFF8E8800546D8F800000191F8F794F8DA
:10AF1000074650B1019B002B65D11023AB614FF068
:10AF2000FF37384602B0BDE8F081686CA8B1EEF793
:10AF30005DF8461C304604F026FC044678B92846E5
:10AF400004F013FD08B16923AB61D8F80000F8F7ED
:10AF50005DF86920F7F7F2FFE1E73E46EAE72B6884
:10AF6000042203610023027243728372C37295F854
:10AF70004B2005F14801013292008260143005F047
:10AF800009FDF6B13246696C206805F0CFFD6660B8
:10AF900095F82030042043F00803224647F281014F
:10AFA00085F8203004F00BFC284604F0DEFC002875
:10AFB000B7D1284604F0D4FC40B9A8690028B0D025
:10AFC000C8E726706670A670E670E0E7022001A967
:10AFD000F7F7E0FE10F10B0F05D00028E9D00028AC
:10AFE000B8BF4042B6E77420B4E700BF1CE30020BE
:10AFF00003289CBF014B1856704700BF403E02001B
:10B00000023835289ABF034B53F820004FF0FF3029
:10B01000704700BF3C18020070289ABF024B53F8DB
:10B0200020000248704700BF78160200ADBAADBAE2
:10B03000013804289ABF034B53F820004FF0FF302B
:10B04000704700BF641602004FF0FF3337B50D4D57
:10B05000CA60144615600A4601460420019304F0B4
:10B06000AEFB2068A84202D0FFF7D6FF08E002201E
:10B0700001A9F7F78FFE0028F3D00028B8BF40429F
:10B0800003B030BDEEC100BC2DE9F04105680746B4
:10B090000C463DB101F47043B3F5005F04D1404B61
:10B0A000C3E90015BDE8F0813E4E336863B144F258
:10B0B0000402914264D00CD844F2020399424ED06B
:10B0C00044F20303994253D03868BDE8F04104F0DC
:10B0D0007DBB44F2012221F4807393420FD044F2ED
:10B0E00003139942F0D1304C206808B104F06EFB94
:10B0F00001222E4B1A7025600420336826E0DFF809
:10B10000B080D8F8000008B104F060FB44F20133CD
:10B110009C420CBF0322022295F85170254B264C0D
:10B120001A70C8F8005017F008053368227810D05C
:10B130001AB9052098470123237007F04107012F12
:10B1400002D102203368984701203368BDE8F041FE
:10B150001847002AF1D0062098472570EDE7174CD4
:10B16000206808B104F032FB032033682560EDE766
:10B170000D4C206808B104F029FB00220B4BB9E705
:10B180002A78032AA0D8DFE802F002050709072081
:10B19000984799E70820FBE70920F9E70A20F7E735
:10B1A00030E3002020E3002024E3002035210120AB
:10B1B0002CE30020362101203721012028E3002044
:10B1C00008B50023094A0A4813700A4A13700A4A4C
:10B1D00013700A4A13700A4A136001221146F7F7E6
:10B1E000DBFE002818BF6FF02D0008BD37210120BD
:10B1F00038E30020392101203821012036210120A7
:10B2000020E3002010B50B4C206818B104F0DEFAE2
:10B2100000232360084C206818B104F0D7FA0023FB
:10B220002360064C206818B104F0D0FA0023236094
:10B23000002010BD2CE3002028E3002024E30020A0
:10B2400030B4074B1C6844B143688589A446026842
:10B25000C1899BB2E8B230BC604730BC704700BFC8
:10B260003CE3002037B50125074C4FF4FA706561C7
:10B27000F7F77AFD00236361019325612369019348
:10B28000019B03B030BD00BF0056004030B50D4DEE
:10B2900089B0036A03AC01908DF808300FCD0FC45C
:10B2A0002B6801A8236004F02DFA40B9044603ADD1
:10B2B00055F8043B984710B90134052CF8D109B072
:10B2C00030BD00BFEC120200034BD3E8EF2FC3E800
:10B2D000E10F0029F9D1704740E3002038B5054659
:10B2E000002850D0436A002B50D0836A002B4DD0E9
:10B2F0000124294BD3E8EF2F002A03D1C3E8E14F03
:10B300000029F7D145D1686A00F04EF8F7F7DEFF63
:10B31000224BC8209C66F7F727FD2846FFF7B6FFAB
:10B32000044640B901221D4B0220DA66FFF7CCFF2C
:10B330000024204638BDFFF795FF002C11DBAB6AD7
:10B3400020469847164B9C421AD013DCA4F188641F
:10B35000033C012C11D82846FFF798FF044600282B
:10B36000E0D001220D4BDA66F7F7D8FF0020FFF797
:10B37000ABFFDEE70B4B9C42EDD06FF00404F0E72F
:10B380006FF00A04EDE76FF00D04D2E76FF01504DB
:10B39000CFE74FF0FF34CCE740E3002000500040FF
:10B3A0000500400401005005014B1860704700BFC4
:10B3B00044E3002007B5044BCDE900011B68684653
:10B3C000984703B05DF804FB44E30020014B18707C
:10B3D000704700BF3A210120024B1878431E5842A3
:10B3E000584170473A2101200021074B0122197072
:10B3F000064B1970064B1960064B1960064B186016
:10B400000648F7F7C9BD00BF3B2101203C210120C0
:10B410004CE3002050E3002060E3002048E30020DC
:10B4200070B42D4B1B68196958691A7C00221A7474
:10B430005C7C5A749C7C9A74DC7CDA741C7D1A7572
:10B440005C7D5A759C7D03299A75DC7DDA7529D05F
:10B45000042933D001292FD18568204E954210D17F
:10B4600001211A7A00221972597A5A72997A9A72BB
:10B47000DA7A6FF05F02DA72194B70BC1868F7F76E
:10B48000C5BD911C00EB81014C682178622907D071
:10B49000633918BF0121490046F821400132DDE738
:10B4A0000121F9E7187A1972597A5A72997A9A72BF
:10B4B000DA7A6FF05F02DA7270BC7047187A19722C
:10B4C000597A5A72997A9A72DA7A6FF05F02DA725E
:10B4D0000122044B1A70EFE760E3002054E30020E0
:10B4E00048E300203C21012007B50E4B1B68019367
:10B4F0004FF000030B4B60B11A68019B5A404FF0AC
:10B50000000301D002F020FB03B05DF804EBF3F779
:10B510002FBF1A68019B5A404FF00003F2D103B0CD
:10B520005DF804FB80BE012007B5084B1B68019342
:10B530004FF00003054B1A68019B5A404FF000037F
:10B5400001D002F001FB03B05DF804FB80BE0120D6
:10B5500007B50D4B1B6801934FF0000340B1C36862
:10B56000587810F001001EBF1878B0FA80F040093A
:10B57000054B1A68019B5A404FF0000301D002F0BE
:10B58000E3FA03B05DF804FB80BE012007B50A4B67
:10B590001B6801934FF00003084B9868064B8430FA
:10B5A0001A68019B5A404FF0000301D002F0CCFA18
:10B5B00003B05DF804FB00BF80BE012068E30020FB
:10B5C0002DE9F04383B0374B00AF04460D461B68AE
:10B5D0007B604FF000034FF02003EFF3118883F3FB
:10B5E0001288BFF36F8F04282F4A98BF2F4BE9466C
:10B5F0008AB09668117C98BF53F820306A4688BF9D
:10B600002B4BC2E9073140F201332A4893842A4B7D
:10B61000C2E9050442F8103F00234FF43151274896
:10B62000F1F7FCFECD4645B1EB69C3F3080323B146
:10B630000121234A2148F1F785FF2EB1304600F061
:10B6400089FB08B1037803B91E48E9468AB06A4607
:10B650001D4BD061C2E9053640F2013313841B4B08
:10B6600042F8103F00234FF411511448F1F7D6FE71
:10B670002946CD462046FCF729F988F31188BFF307
:10B680006F8F3046F2F7E2FF064B1A687B685A402C
:10B690004FF0000301D002F057FA0C37BD46BDE869
:10B6A000F08300BF80BE012068E30020141902006F
:10B6B000443E02005A3E020005000001A0120200B2
:10B6C000823E0200523E0200A33E0200040000013E
:10B6D00073B5184B1B6801934FF00003164B53F8DA
:10B6E0002040013053F82060A64208D8114B1A6858
:10B6F000019B5A404FF0000319D002F025FAD4E91B
:10B70000003595B153B12846984738B10028B8BFE5
:10B710004042FF28A8BFFF20EB681870EA68537802
:10B7200043F0010353700834DEE79847FBE702B0AB
:10B7300070BD00BF80BE01202819020007B501229C
:10B74000114B03201B6801934FF000030F4B1A703D
:10B75000FFF7BEFF02F098FF0420FFF7B9FF00F0EB
:10B76000DDFBEEF741FA0A4A137B23F00103137362
:10B77000054B1A68019B5A404FF0000301D002F0BC
:10B78000E3F903B05DF804FB80BE01203D210120F8
:10B7900060D8002013B5094B1B6801934FF00003DC
:10B7A000064B1C68019B5C404FF0000301D002F087
:10B7B000CBF902B0BDE8104005F0F9B880BE012019
:10B7C00013B5094B1B6801934FF00003064B1C682F
:10B7D000019B5C404FF0000301D002F0B5F902B0CC
:10B7E000BDE8104005F0D6B880BE012007B50B4873
:10B7F0000B4A0C4B121A00211B6801934FF00003F7
:10B80000FFF7C8FF074B1A68019B5A404FF000032F
:10B8100001D002F099F903B05DF804FB68CE002076
:10B820004021012080BE012070B5204B88B01B68EC
:10B8300007934FF00003A8231D4E012203FB00666F
:10B840001C4B044605930F23CDE903320023CDE9B9
:10B85000013314234FF4A072174D184903FB005510
:10B8600002FB0011164B3046009500F0C9FA737BBD
:10B870002C7423F004037373124B013403EBC423C1
:10B880006B60114BEE60D3E8EF1F0131C3E8E21F9C
:10B89000002AF8D1054B1A68079B5A404FF0000365
:10B8A00001D002F051F908B070BD00BF80BE012088
:10B8B000B8D70020053F020068E30020402D01209A
:10B8C000D5BF01004025012064E300202DE9F743A6
:10B8D000254B05460C461B6801934FF00003234E91
:10B8E0003046FFF735FE58B1B368A2B25F683FB18A
:10B8F000294601233046B8470028C4BF241A2D1812
:10B900001B4EDFF870801C4F44B9174B1A68019B1F
:10B910005A404FF0000323D002F016F9F7F75AF916
:10B920001649A146D1E90032C31842F1000008FBD4
:10B9300003F206FB0022A3FB0630DB1942EB0002F8
:10B94000042C28BF4FF00409C1E9003228460092B8
:10B9500069464A46FFF734FFA4EB09044D44D3E798
:10B9600003B0BDE8F08300BF80BE0120CC0F020011
:10B97000FDB0B087E62EBB272DF304B528C6002006
:10B9800080B50020B2B0FFF7A3FE344B03F5006290
:10B9900082F3088883F30A880024E023304D314E77
:10B9A00085F82230EC772C766C76AC7685F82040E2
:10B9B0006B6A2D4F43F4E0236B6285F82340F2F766
:10B9C0004DFDF3F70FF84FF0FF33AB62EB62F3F787
:10B9D000A3FAF3F777F8F1F717FA40F2011308AD7D
:10B9E0002846ADF82C30CDE92A4402F001FEB560BE
:10B9F000FFF79AFD0120FFF76BFE0220FFF768FEBC
:10BA0000042107A8FFF762FF184B079A184D1A6028
:10BA10001A6812021A6001F0B7FE164B75610593A1
:10BA2000012315494FF48052CDE9034328463B4694
:10BA3000CDE90144009400F0E3F906466A7B28460C
:10BA400022F004026A7301F0ADFB2046FFF7ECFE22
:10BA50003A4631462846F2F7A7FF00BF40250120AD
:10BA600000ED00E068E300203DB7010080BE01204A
:10BA700060D800200A3F0200802E012037B50B4C11
:10BA80000A4B246801944FF0000400F10C04C0E953
:10BA900003441C68019B5C404FF0000301D002F09E
:10BAA00053F803B0BDE83040EFF788BA80BE0120FC
:10BAB00037B50E4B0E4C1B6801934FF000030D4D34
:10BAC000AC4208D3094B1A68019B5A404FF000035F
:10BAD00008D002F039F82046D4E90112FFF7CEFF72
:10BAE0001434EDE7002003B030BD00BF80BE01205C
:10BAF000B8CC0020E0CC00202DE9F04F0546274BC4
:10BB000089B0DDE912671B6807934FF00003914687
:10BB10003B46324604A8884605F1140A02F028FA8A
:10BB2000DDE90434CDE902344FF02003EFF3118452
:10BB300083F31288BFF36F8F05F10C0B4A46414621
:10BB40002846EFF7ADF960B184F31188BFF36F8F2A
:10BB5000124B1A68079B5A404FF000031AD001F0AD
:10BB6000F3FF3E43F0D0DDE9022304A802F036FAE9
:10BB7000DDE904675A4621465046CDE9006701F0E9
:10BB8000D7FB4FF02003EFF3118483F31288BFF348
:10BB90006F8FD3E709B0BDE8F08F00BF80BE0120F2
:10BBA00030B50B4C85B0246803944FF00004CDE908
:10BBB00000230A460421FFF79FFF054B1A68039BE9
:10BBC0005A404FF0000301D001F0BEFF05B030BD78
:10BBD00080BE012037B5194B04461B6801934FF016
:10BBE00000034FF02003EFF3118583F31288BFF3B6
:10BBF0006F8FEFF7E1F804F10C0001F0A3FD80B1C5
:10BC00000E4B1A68019B5A404FF0000301D001F01F
:10BC10009BFF294604F1140003B0BDE8304001F059
:10BC20008DBC85F31188BFF36F8F044B1A68019B9D
:10BC30005A404FF00003EAD103B030BD80BE01206E
:10BC400007B5134B82681B6801934FF000034369EB
:10BC5000134313F0030314D1C3600169994209D857
:10BC600000200B4B1A68019B5A404FF000030BD089
:10BC700001F06AFFC168013311604169C2600A4482
:10BC8000EBE76FF01500ECE703B05DF804FB00BFD5
:10BC900080BE012037B50E4B00201B6801934FF08A
:10BCA00000030C4C0C4DAC4208D3094B1A68019BA5
:10BCB0005A404FF0000308D001F046FF2046FFF73E
:10BCC000BFFF0028F1DB1C34EDE703B030BD00BF3F
:10BCD00080BE0120B8CC0020B8CC002007B50B4BAB
:10BCE0001B6801934FF00003EFF30580074B00380A
:10BCF00018BF01201A68019B5A404FF0000301D081
:10BD000001F022FF03B05DF804FB00BF80BE0120FC
:10BD100013B50E4B04461B6801934FF0000308B99E
:10BD20000B4B9C681F2204F1620004F0FFFE002010
:10BD3000064B84F881001A68019B5A404FF00003BB
:10BD400001D001F001FF02B010BD00BF80BE012094
:10BD500068E3002007B5094B62301B6801934FF080
:10BD60000003064B1A68019B5A404FF0000301D0B4
:10BD700001F0EAFE03B05DF804FB00BF80BE0120C5
:10BD800007B5124B1B6801934FF00003104B9B68E3
:10BD90005A7BD2070ED4D3F888301A68B2F1F03F3C
:10BDA00008D04FF0F0321A60404080F311884FF015
:10BDB000020002DF054B1A68019B5A404FF0000356
:10BDC00001D001F0C1FE03B05DF804FB80BE01208C
:10BDD00068E3002007B5094B1B6801934FF000038F
:10BDE000064B1A68019B5A404FF0000301D001F046
:10BDF000ABFE03B05DF804EB01F0D0BB80BE0120C8
:10BE0000F0B587B0254D109F2D6805954FF00005C2
:10BE10000773042700F15805C0E916554FF0F03EAE
:10BE200000250446477307320F9F22F007028773ED
:10BE3000C0E906558560C5738F18C1F800E0C0E9F8
:10BE400022120E9AC0F8905002920D9A119E019201
:10BE50000C9A00923A46F2F763FD6565BEB11F2267
:10BE6000314604F1620004F061FE84F881500C4B0D
:10BE70009B680BB1D3F89430C4F89430074B1A6820
:10BE8000059B5A404FF0000304D001F05DFE84F89A
:10BE90006260ECE7384607B0F0BD00BF80BE01200D
:10BEA00068E30020F0B51B4F89B03F6807974FF05B
:10BEB0000007DDE9146500270597129F04460497E3
:10BEC000119F0397109F02970F9F01970E9F009756
:10BED000FFF796FFB5F1FF3F08BFB6F1FF3F05D072
:10BEE00055EA06030BD1204601F058FB094B1A68AE
:10BEF000079B5A404FF0000309D001F025FE32465F
:10BF00002B46054904F1180001F0AEFEEEE720468D
:10BF100009B0F0BD80BE012001D3010070B5294BEE
:10BF200088B01B6807934FF00003274C274D264627
:10BF3000AE4204F130040ED301F0B0FB224C244E8B
:10BF4000AC4224D31F4B1A68079B5A404FF00003A2
:10BF500032D001F0F9FD54F80C3C059354F8103C34
:10BF6000049354F8143C039354F8183C029354F887
:10BF70001C3C019354F8203C009354E90A2354E9F3
:10BF80000C01FFF73DFF54F8303C5E65CFE7D4E984
:10BF90000A23B3F1FF3F08BFB2F1FF3F05D052EAD9
:10BFA0000301206803D101F0F9FA3034C8E73146C3
:10BFB000183001F059FEF8E708B0BDE8704001F014
:10BFC00095BB00BF80BE01201012020010120200BB
:10BFD00001D3010007B5084B1B6801934FF0000324
:10BFE0004FF02002EFF3118382F31288BFF36F8FBB
:10BFF000F2F7FEFCF4E700BF80BE012007B5104B4E
:10C000001B6801934FF0000390F90E308B420C4BEC
:10C010000CD01A68019B5A404FF0000301D001F088
:10C0200093FD03B05DF804EB01F032BA1A68019B8E
:10C030005A404FF00003F2D1002003B05DF804FB3A
:10C0400080BE012037B5244B04461B6801934FF096
:10C0500000038368002B36D0204A9268934235D182
:10C06000C368012B0BD9013BC36000201A4B1A682F
:10C07000019B5A404FF000032BD001F065FD4FF0BB
:10C080002003EFF3118583F31288BFF36F8F0169EB
:10C090008068FFF7B3FF204601F0A2F9A06060B10D
:10C0A00090F90E2022610022C0F89C2001F07AF85D
:10C0B00029460B4801F042FAD7E7E06085F3118882
:10C0C000BFF36F8FD1E76FF01500CFE74FF0FF3070
:10C0D000CCE703B030BD00BF80BE012068E3002084
:10C0E0003E2101202DE9FF411E46404B04461746E4
:10C0F0001B6803934FF000034FF02003EFF3118808
:10C1000083F31288BFF36F8FC368394AABB180687D
:10C11000916888421FD057EA06031ED188F3118820
:10C12000BFF36F8F6FF00F00304B1A68039B5A40BC
:10C130004FF0000357D001F007FD916891F90E1000
:10C140000133E36093682161A36088F31188BFF332
:10C150006F8F0020E8E72169F2E791F90E1090F95E
:10C160000E306FF07E029942A8BF19469142B8BFC7
:10C1700011468B422EDDFFF741FF05462246414620
:10C18000CDE900761B4801F0D3F80028E1D04FF04C
:10C190002003EFF3118683F31288BFF36F8FA0683B
:10C1A000D0B1236821699C420AD04BB193F90E307B
:10C1B0009942A8BF19466FF07E039942B8BF19464D
:10C1C000FFF71CFF40B131460A4801F0B7F96FF0A4
:10C1D0000A00A9E70025D1E7002DF4D186F31188E4
:10C1E000BFF36F8FF3E704B0BDE8F08180BE01209C
:10C1F00068E300203E21012007B503460A4A0020DB
:10C20000126801924FF00002C3E90033C3E9020053
:10C21000054B1A68019B5A404FF0000301D001F012
:10C2200093FC03B05DF804FB80BE01202DE9F743C9
:10C230009046394A994604460D46126801924FF0DD
:10C2400000029DF8283000F108064FF02002EFF3BD
:10C25000118782F31288BFF36F8F03B145683046B0
:10C2600001F0BEF860B10023C0F81480C0F89C3023
:10C2700000F098FF3046394601F060F900200CE0EC
:10C28000B9F1000F22D0082102F0CCF970B987F380
:10C290001188BFF36F8F6FF00B001F4B1A68019B63
:10C2A0005A404FF0000334D001F04EFC0122C0F898
:10C2B00004800260016801F003015DB922680A434D
:10C2C0000260626820606AB960600BE04046C8F8AE
:10C2D0000090EFE72A68032A10D80160616839B935
:10C2E000C4E90000042104F1100002F04DF8C1E798
:10C2F0000A6802F0030202430A60E5E722F0030243
:10C300000A4302602A6802F0030240EA02032B603B
:10C31000E8E703B0BDE8F08380BE012013B50D4B04
:10C3200004461B6801934FF0000330B10268930785
:10C3300003D0446809B102F0E1F8064A1168019A95
:10C3400051404FF0000201D001F0FEFB204602B048
:10C3500010BD00BF80BE01201FB50C4B0A461B68F4
:10C3600003934FF000030123009300231946FFF7C6
:10C370005DFF064B1A68039B5A404FF0000301D043
:10C3800001F0E2FB05B05DF804FB00BF80BE0120B8
:10C3900030B511461E4A85B0126803924FF0000274
:10C3A0004FF02002EFF3118582F31288BFF36F8FF5
:10C3B0000468CCB12368426823F00303944203600D
:10C3C00008BF436001212046FFF7A8FF044685F31C
:10C3D0001188BFF36F8F0E4B1A68039B5A404FF0C2
:10C3E000000312D001F0B0FB51EA0302EFD000F1DC
:10C3F0000802CDE900131046294600F099FF0028F5
:10C40000E9D1044B9B685C69E5E7204605B030BD87
:10C4100080BE012068E3002013B50F4B1B68019319
:10C420004FF000039AB18A4211D300F11003C0E922
:10C430000212C0E90000C0E904330020064B1A686C
:10C44000019B5A404FF0000304D001F07DFB6FF0D8
:10C450001500F3E702B010BD80BE012037B5194BBF
:10C4600004461B6801934FF000034FF02003EFF3E5
:10C47000118583F31288BFF36F8F00F0B1FF68B1AD
:10C480000022C0F89C2000F08DFE0E4B1A68019B24
:10C490005A404FF000030DD001F056FBD4E90232B0
:10C4A0009A4218BF01330221A36004F1100001F089
:10C4B0006BFFEAE72946044803B0BDE8304001F0CD
:10C4C0003DB800BF80BE01203E2101201FB51949A3
:10C4D000096803914FF000014FF02004EFF3118140
:10C4E00084F31288BFF36F8F84687CB1013C846051
:10C4F00081F31188BFF36F8F00200E4B1A68039BE6
:10C500005A404FF0000312D001F01EFB52EA030420
:10C5100006D181F31188BFF36F8F6FF00F00ECE746
:10C52000CDE900230246044800F002FFE5E704B02D
:10C5300010BD00BF80BE01203E21012073B5174B06
:10C5400004461B6801934FF000034FF02003EFF304
:10C55000118583F31288BFF36F8F6FF00A062046B0
:10C5600000F03EFF20B1C0F89C6000F01BFEF6E733
:10C57000A060022104F1100001F006FF074B1A68C9
:10C58000019B5A404FF0000301D001F0DDFA29462B
:10C59000034802B0BDE8704000F0D0BF80BE01206B
:10C5A0003E21012007B501220C4B8A401B680193F4
:10C5B0004FF00003036823EA0202026023FA01F04D
:10C5C000064B00F001001A68019B5A404FF000032F
:10C5D00001D001F0B9FA03B05DF804FB80BE012080
:10C5E00013B50E4B044603210C301B6801934FF02A
:10C5F0000003FFF7D7FF30B104F1100001F0BCFBDE
:10C60000B0FA80F04009054B1A68019B5A404FF080
:10C61000000301D001F098FA02B010BD80BE0120E5
:10C6200007B5104B1B6801934FF000030D4B78B119
:10C630001A68019B5A404FF0000301D001F084FAC0
:10C6400000221146B03003B05DF804EB01F0E0B910
:10C650001A68019B5A404FF00003EFD103B05DF818
:10C6600004FB00BF80BE01202DE9F04F4C4B87B08A
:10C6700004461B6805934FF000034FF0FF384FF05E
:10C68000FF39484E4FF02003EFF3118783F31288F0
:10C69000BFF36F8FD4F8A8508DB9022104F1C00008
:10C6A000FFF780FF002843D100233946CDE90089F8
:10C6B000029304F1B0023C4801F0E0F9E2E7D4F85B
:10C6C000AC202B689542C4F8A83008BFC4F8AC3041
:10C6D000D4F8C03043F00203C4F8C030EB6823F054
:10C6E000040343F00103EB606B6887F31188BFF329
:10C6F0006F8F284698474FF02003EFF3118B83F399
:10C700001288BFF36F8FEB68990723F0010219D4E9
:10C71000EA60D4F8C03023F00203C4F8C0308BF3D1
:10C720001188BFF36F8FDB05ACD401F049F8A9E79E
:10C7300004F1B80500220121284601F069F900281A
:10C74000F8D1B1E7306823F00303EB600028E0D0B4
:10C7500000273B46D0F800A00028DAD04268014606
:10C7600095420CD101689FB972683160824200D154
:10C77000716040F8083BFFF771FE39460023BAF1BB
:10C78000000F0BD0DAF8002050460F469246E3E740
:10C7900039607268824208BF7760EAE75246F3E781
:10C7A00080BE012088E300203E210120F7B5324BF6
:10C7B00004461B6801934FF00003C3680F469A07B5
:10C7C000C3F340062CD45B071AD40B680BB98368FB
:10C7D0000B60E368DD0742BFA36802263B603D684B
:10C7E00058BF0126002D41D0244B9B68AB420AD094
:10C7F000D5F8C030D807C3F3800214D46FF0120606
:10C8000000233B6025E0FFF769FAD5F8C030002827
:10C81000F0D1D907C3F3C002F0D552B15B0708D4F9
:10C820006FF00F06ECE7002AFAD1C3F3C003002B28
:10C83000F6D100232360D5F8AC309BB9C5E92A4472
:10C840002846FFF7EDFEE36843F00403E3603B682E
:10C85000A360094B1A68019B5A404FF0000308D0AF
:10C8600001F072F91C60C5F8AC40E9E76FF01506FD
:10C87000C6E7304603B0F0BD80BE012068E300206B
:10C8800073B5164B04461B6801934FF000034FF03D
:10C890002003EFF3118583F31288BFF36F8F00231A
:10C8A000A0F11006032104380093FFF77BFE28B1A6
:10C8B000A369694630460093FFF778FF85F3118836
:10C8C000BFF36F8F054B1A68019B5A404FF000036E
:10C8D00001D001F039F902B070BD00BF80BE012067
:10C8E0001FB5104B01901B6803934FF000030846DF
:10C8F0004FF02003EFF3118483F31288BFF36F8F9F
:10C9000001A9FFF753FF84F31188BFF36F8F054B25
:10C910001A68039B5A404FF0000301D001F014F94C
:10C9200004B010BD80BE012013B50F4B1B680193EE
:10C930004FF00003FFF7D4FF041E09DD4FF0200382
:10C94000EFF3118083F31288BFF36F8F00F05EFE68
:10C95000054B1A68019B5A404FF0000301D001F0CB
:10C96000F3F8204602B010BD80BE012007B50A4B87
:10C9700001461B6801934FF00003074B1A68019BA7
:10C980005A404FF0000301D001F0DEF8034803B035
:10C990005DF804EBFFF7C8BF80BE012028D9002056
:10C9A000F0B5044620488BB0006809904FF00000B5
:10C9B0000020109DC4E92A0004F1B000C4E92C0055
:10C9C00004F1B800C4E92E0035B32879002840F2FC
:10C9D000011008BF0120C4F8C00000204FF0FF364E
:10C9E0004FF0FF37CDE90330CDE90100CDE906670F
:10C9F00020460E4B0094FFF755FA25B1296811B176
:10CA00002046FFF785F9084B1A68099B5A404FF0FA
:10CA1000000303D001F098F80120DCE720460BB0BA
:10CA2000BDE8F040FFF7D6B980BE012069C601001D
:10CA300037B50D4B0D463022002104461B6801938B
:10CA40004FF0000303F0B3FF4FF48073E360064B35
:10CA500065601A68019B5A404FF0000301D001F055
:10CA600073F803B030BD00BF80BE012030B585B083
:10CA7000019008461949096803914FF000014FF0F1
:10CA80002001EFF3118481F31288BFF36F8FC16827
:10CA900011F00E0F1DD153EA02050FD101A9FFF7C6
:10CAA00085FE84F31188BFF36F8F0C4B1A68039BCC
:10CAB0005A404FF000030ED001F046F841F0080153
:10CAC000C160019910308161054901F0CDF8012064
:10CAD000E7E70020E5E705B030BD00BF80BE0120DC
:10CAE00081C8010013B501460948006801904FF064
:10CAF000000007480468019844404FF0000001D04E
:10CB000001F022F8034802B0BDE81040FFF7AEBFC5
:10CB100080BE012028D90020F0B51D4685B01C4BF1
:10CB200001900C4617461B6803934FF000034FF02B
:10CB30002003EFF3118683F31288BFF36F8F08464B
:10CB4000FFF74EFD55EA070310D1204601A9FFF774
:10CB50002DFE86F31188BFF36F8F0D4B1A68039B70
:10CB60005A404FF0000310D000F0EEFFE36804F1EC
:10CB7000100043F00803E360019B3A46A3620549B5
:10CB80002B4601F071F80120E3E705B0F0BD00BFCE
:10CB900080BE012081C8010013B501460948006824
:10CBA00001904FF0000007480468019844404FF09E
:10CBB000000001D000F0C8FF034802B0BDE81040FB
:10CBC000FFF7AABF80BE012028D9002007B50C4B73
:10CBD0001B6801934FF00003D0E9003213605A60E4
:10CBE0000023C0E90033064B1A68019B5A404FF0FE
:10CBF000000301D000F0A8FF03B05DF804FB00BF04
:10CC000080BE012007B5144B1B6801934FF0000351
:10CC1000C3897F2B1AD8114B1B6863B1104B90F955
:10CC20000E201B689A4211DB437BDB060ED10D4BB5
:10CC3000C31A18BF012303F00100074B1A68019BB8
:10CC40005A404FF0000303D000F07EFF0023F2E7CC
:10CC500003B05DF804FB00BF80BE012098E3002014
:10CC600094E30020B8D7002007B50C4B01221B68C5
:10CC700001934FF000030A4BC01A0A4BC0105843EF
:10CC8000094B1A54054B1A68019B5A404FF0000398
:10CC900001D000F059FF03B05DF804FB80BE012015
:10CCA00008D90020ABAAAAAA3E21012013B5044648
:10CCB0000B4B1B6801934FF00003FFF787FF637B6B
:10CCC00023F0020363730023A360054B1A68019BE2
:10CCD0005A404FF0000301D000F036FF02B010BD03
:10CCE00080BE012013B50B4B04461B6801934FF027
:10CCF0000003FFF745F8074B1A68019B5A404FF0B5
:10CD0000000301D000F020FF204602B0BDE8104033
:10CD1000F1F7C6BC80BE012073B51B4B1B4C1B68D2
:10CD200001934FF000031A4B05461E7C06EB4603A9
:10CD300004EBC304204601F01FF80022154B2846DF
:10CD40009A55FFF75FFFA8B10F49134B0868019987
:10CD500048404FF000011A6802F1FF324FEAE273D7
:10CD600001D000F0F1FE20460C4902B0BDE8704051
:10CD700000F07ABF044B1A68019B5A404FF0000341
:10CD8000EFD102B070BD00BF80BE012008D90020E5
:10CD900068E300203E21012098E3002069CC0100D7
:10CDA00037B5144B144D1B6801934FF000032B460D
:10CDB00053F8184F9C4200D004B9EC68AB6838B9FE
:10CDC0005A7BD20604D1A26912B9DA897F2A05D822
:10CDD0009C4202D02046FFF79FFF23466B61054B24
:10CDE0001A68019B5A404FF0000301D000F0ACFEDE
:10CDF00003B030BD80BE012068E3002073B590F918
:10CE00000D20214B002A1B6801934FF000030446BC
:10CE1000437B04DA03F07F034373FFF7D7FE1B4A1B
:10CE2000637B114663F07F03637351F8183FD06949
:10CE30008B4208BF002323B9C4E900100460D46109
:10CE40000CE094F90E5093F90E60B5420FD0AE424B
:10CE50000DDD5968C4E900310C605C600A4B19684B
:10CE6000019B59404FF0000305D000F06DFE984241
:10CE7000E2D01B68DFE79068031B5842584102B0BC
:10CE8000BDE87040FFF78CBF80BE012068E3002042
:10CE900073B5244B427B1B6801934FF0000390F95C
:10CEA0000D30002B34DBD30632D1836983BB1E499E
:10CEB00062F07F0242730A4652F8184F944218BF3C
:10CEC0002346CC6923B9C0E900242060C8610CE086
:10CED00090F90E5093F90E60B5420FD0AE420DDDC1
:10CEE0005A68C0E90032106058600E4B1A68019B06
:10CEF0005A404FF0000305D000F026FEA342E2D0D6
:10CF00001B68DFE7002002B0BDE87040FFF748BFB4
:10CF1000044B1A68019B5A404FF00003ECD102B059
:10CF200070BD00BF80BE012068E3002013B590F9FA
:10CF30000D20104B002A1B6801934FF0000304469C
:10CF4000437B04DA03F07F034373FFF73FFE094B93
:10CF50001A68019B5A404FF0000301D000F0F4FD25
:10CF6000054B9868031B5842584102B0BDE8104079
:10CF7000FFF716BF80BE012068E3002037B50446E6
:10CF80000D461A4B1B6801934FF00003FFF7CEFFCD
:10CF9000637B43F002036373E5B1A5602B689D4298
:10CFA00009D16B68C4E900531C606C6012E06A68C8
:10CFB0009342F6D01B68002BF3D094F90E2093F91E
:10CFC0000E108A42F3D09142F1DD5A68C4E9003272
:10CFD00014605C60054B1A68019B5A404FF00003D7
:10CFE00001D000F0B1FD03B030BD00BF80BE012014
:10CFF00073B515461C46144B06461B6801934FF04B
:10D000000003FFF7BBFFB4F1FF3F08BFB5F1FF3FDF
:10D010000D4B11D01A68019B5A404FF0000301D00C
:10D0200000F092FD2A462346084906F1180002B096
:10D03000BDE8704000F018BE1A68019B5A404FF0DE
:10D040000003EDD102B070BD80BE012001D301000C
:10D05000002A2DE9F3410CBF102508252E4B04466C
:10D060001B6801934FF00003437B0E461D420AD11B
:10D070002B43D90903F09F0215D14273082D18D014
:10D080000120FFF78DFE254B9B68A34236D1EFF3BD
:10D0900005839BBB204B1A68019B5A404FF000034D
:10D0A00026D000F051FD03F01F034373FFF78EFD00
:10D0B000E4E7A36813B12046FFF7F8FD04F1180078
:10D0C00000F05AFE4FF0000804F15807A56DBD426C
:10D0D000D6D0002DD4D02846FFF7E8FD05F1180082
:10D0E00000F04AFE2846C5F89C80FFF7D1FEEDE728
:10D0F000304602B0BDE8F041FFF7F4BD86F3118879
:10D10000BFF36F8F044B1A68019B5A404FF0000326
:10D11000C7D102B0BDE8F08180BE012068E30020E5
:10D1200037B51C4B1B6801934FF000034FF02003F1
:10D13000EFF3118583F31288BFF36F8F164B174AF5
:10D140009C681068A0420ED1FFF7E6FD85F31188B8
:10D15000BFF36F8F0F4B1A68019B5A404FF00003CB
:10D1600015D000F0F1FC00211B7C11600C4AD35C4F
:10D17000002BEBD02046FFF745FD0028E6D0637B6F
:10D18000DB0602D12046FFF739FE2046DCE703B07C
:10D1900030BD00BF80BE012068E3002090E3002086
:10D1A0003E21012013B50F4B1B6801934FF0000384
:10D1B0004FF02003EFF3118483F31288BFF36F8FD6
:10D1C000FFF766FE84F31188BFF36F8F054B1A6873
:10D1D000019B5A404FF0000301D000F0B5FC02B0B3
:10D1E00010BD00BF80BE012013B5184B0446183097
:10D1F0001B6801934FF0000300F0BEFD4FF02003C9
:10D20000EFF3118183F31288BFF36F8F627B12F00B
:10D2100010020CD081F31188BFF36F8F0B4B1A688B
:10D22000019B5A404FF000030ED000F08DFC074BDD
:10D230001868019B58404FF00003F6D1204602B019
:10D24000BDE81040FFF704BF02B010BD80BE012052
:10D2500013B5104A126801924FF000024FF02002FD
:10D26000EFF3118482F31288BFF36F8F83680BB1E1
:10D27000FFF71CFD84F31188BFF36F8F054B1A680D
:10D28000019B5A404FF0000301D000F05DFC02B05A
:10D2900010BD00BF80BE012073B5184B04460D467B
:10D2A0001B6801934FF000034FF02003EFF311864A
:10D2B00083F31288BFF36F8F437B13F0280F0BD1DA
:10D2C00083680BB1FFF7F2FC637B95B903F0FB03B6
:10D2D00020466373FFF7DCFD86F31188BFF36F8F81
:10D2E000064B1A68019B5A404FF0000304D000F02F
:10D2F0002BFC03F0EB03EBE702B070BD80BE012016
:10D3000007B50A4B1B6801934FF00003074B1A68DF
:10D31000019B5A404FF0000301D000F015FC0121A1
:10D32000183803B05DF804EBFFF7B6BF80BE0120EC
:10D3300073B51348134D006801904FF00000124878
:10D340000C4686681146DDE906232E604FF0200664
:10D35000EFF3118586F31288BFF36F8F8068FFF7B4
:10D3600047FE074B1A68019B5A404FF0000301D05B
:10D3700000F0EAFB204602B0BDE87040FFF7B2BC07
:10D3800080BE012090E3002068E3002037B5134BF6
:10D390001B6801934FF000034FF02003EFF311855A
:10D3A00083F31288BFF36F8F0468A04210D014B1CA
:10D3B0002046FFF77BFC85F31188BFF36F8F074B87
:10D3C0001A68019B5A404FF0000303D000F0BCFBE9
:10D3D0000024F0E7204603B030BD00BF80BE01202E
:10D3E00037B5154B1B6801934FF000034FF0200336
:10D3F000EFF3118583F31288BFF36F8F0468A042A7
:10D4000014D034B12046FFF751FC04F1180000F0AD
:10D41000B3FC85F31188BFF36F8F074B1A68019B2C
:10D420005A404FF0000303D000F08EFB0024F0E7D9
:10D43000204603B030BD00BF80BE012037B5134B7E
:10D4400004461B6801934FF000034FF02003EFF3F5
:10D45000118583F31288BFF36F8F83680BB1FFF7D9
:10D4600025FC85F31188BFF36F8F084B1A68019B69
:10D470005A404FF0000301D000F066FB04F11800A1
:10D4800003B0BDE8304000F077BC00BF80BE012093
:10D49000F7B5284B04461B6801934FF000034FF08B
:10D4A0002003EFF3118783F31288BFF36F8F437B61
:10D4B0004EB2DA0619D18569BDB903F07F03437313
:10D4C000FFF784FB637B1C4A63F07F03637313469F
:10D4D000A67353F8181F994218BF0D46D1699DB91C
:10D4E000C4E900310C60D46119E00020A67387F311
:10D4F0001188BFF36F8F0F4B1A68019B5A404FF092
:10D50000000315D000F020FB95F90E0086420BD0E9
:10D51000B04209DD6B68C4E900531C606C600120F7
:10D52000FFF73EFC0120E2E7A942D9D02D68D6E7FB
:10D5300003B0F0BD80BE012068E3002007B5154BA5
:10D540001B6801934FF00003A9B9EFF3058090B970
:10D55000114B5A699B689A420DD00E4B1A68019B79
:10D560005A404FF0000301D000F0EEFA03B05DF82E
:10D5700004EBFFF7B7BB81F31188BFF36F8F054B47
:10D580001A68019B5A404FF00003EDD103B05DF8DB
:10D5900004FB00BF80BE012068E3002013B5194AD8
:10D5A000126801924FF000024FF02002EFF3118455
:10D5B00082F31288BFF36F8F427B51070CD484F340
:10D5C0001188BFF36F8F0F4B1A68019B5A404FF0C1
:10D5D000000314D000F0B8FA22F004024273FFF7FF
:10D5E00057FC084B1A68019B5A404FF00003F1D1D9
:10D5F0002146054802B0BDE81040FFF79FBF02B0CA
:10D6000010BD00BF80BE01203F21012007B5134B94
:10D610001B6801934FF00003034680B9EFF30582C6
:10D620006AB90E4B1A68019B5A404FF0000301D0B3
:10D6300000F08AFA03B05DF804EBFFF753BB83F305
:10D640001188BFF36F8F054B1A68019B5A404FF04A
:10D650000003EDD103B05DF804FB00BF80BE0120E4
:10D6600007B50D4B1B6801934FF000034FF02003EB
:10D67000EFF3118083F31288BFF36F8F064B1A68A4
:10D68000019B5A404FF0000301D000F05DFA03B057
:10D690005DF804EBFFF7BABF80BE012007B5114B60
:10D6A0001B6801934FF000034FF02003EFF311814B
:10D6B00083F31288BFF36F8F0B4B9A68D37B013BC8
:10D6C000D37381F31188BFF36F8F064B1A68019BE8
:10D6D0005A404FF0000301D000F036FA03B05DF875
:10D6E00004FB00BF80BE012068E3002013B5134B8C
:10D6F0001B6801934FF000034FF02003EFF31184F8
:10D7000083F31288BFF36F8F0D4B00209A68D37B91
:10D710000133D373FFF744FB84F31188BFF36F8F9A
:10D72000064B1A68019B5A404FF0000301D000F0ED
:10D730000BFA02B0BDE81040FFF792BF80BE012097
:10D7400068E3002037B50F4B05461B6801934FF087
:10D75000000300202C68A54200D044B9094B1A6888
:10D76000019B5A404FF0000309D000F0EDF920462C
:10D77000FFF764FE2046FFF715FD0120EAE703B03E
:10D7800030BD00BF80BE012007B50B4B1B68019365
:10D790004FF00003094B03F11802C3E90622064BC0
:10D7A0001A68019B5A404FF0000301D000F0CCF9F9
:10D7B00003B05DF804FB00BF80BE012068E30020D9
:10D7C000F7B5254B1B6801934FF000034FF0200382
:10D7D000EFF3118583F31288BFF36F8F1F4CA0689E
:10D7E000437B03F07F034373FFF7F0F92146A368FF
:10D7F0005A7B62F07F025A7351F8182FE0698A420F
:10D8000008BF002222B9C3E900100360E3610CE005
:10D8100093F90E6092F90E70BE4212D0B74210DD3D
:10D820005168C3E900210B6053600120FFF7B8FA8B
:10D83000094B1A68019B5A404FF0000305D000F0D5
:10D8400083F98242DFD01268DCE7284603B0BDE8E6
:10D85000F040FFF747BA00BF80BE012068E3002018
:10D860002DE9F341254B05461B6801934FF000035A
:10D8700050EA01030E4603D1FFF7A2FF00202CE07F
:10D88000831C71F1FF3331DB00F046FB2C184FF0A5
:10D890002003EFF3118883F31288BFF36F8F184FC3
:10D8A000184BB8681860FFF741FBB86816492A465C
:10D8B0003346183000F0D8F9BA684046537B43F03D
:10D8C00010035373FFF70EFA00F026FB201A63EBE8
:10D8D0000303012873F10003D0DB084B1A68019B96
:10D8E0005A404FF0000305D000F02EF96FF001040C
:10D8F000241ACCE702B0BDE8F08100BF80BE012051
:10D9000068E3002090E3002001D30100B1F1FF3F64
:10D9100008BFB0F1FF3F07B5104B1B6801934FF0F4
:10D9200000030ED10E4B9868FFF75EFC4FF0FF30FE
:10D930000A4B1A68019B5A404FF000030BD000F0CD
:10D9400003F9FFF78DFF4FF47A7380FB0303C00BDD
:10D9500040EA4340ECE703B05DF804FB80BE0120E1
:10D9600068E3002007B5094B1B6801934FF00003E3
:10D97000074B9868054B1A68019B5A404FF000030B
:10D9800001D000F0E1F803B05DF804FB80BE012097
:10D9900068E3002007B51D4A126801924FF00002AB
:10D9A0004FF02002EFF3118182F31288BFF36F8FE3
:10D9B000027BD20713D581F31188BFF36F8F4040EC
:10D9C00080F311884FF0040002DF104B1A68019BAE
:10D9D0005A404FF0000311D103B05DF804FB437BC4
:10D9E0001B0704D581F31188BFF36F8FEDE7074B59
:10D9F0001A68019B5A404FF0000301D000F0A4F8D0
:10DA0000012203B05DF804EBFFF722BB80BE0120CA
:10DA100037B5194B1B6801934FF000034FF02003FB
:10DA2000EFF3118583F31288BFF36F8F0468A04270
:10DA30001BD0E4B1C4F89C1062612046FFF736F9B0
:10DA400004F1180000F098F92046FFF721FA0120B0
:10DA500085F31188BFF36F8F074B1A68019B5A40FB
:10DA60004FF0000305D000F06FF80020F0E72046EB
:10DA7000EEE703B030BD00BF80BE0120F0B50E4B15
:10DA800085B00C9C1B6803934FF00003DDE90A6727
:10DA9000CDE90067FFF74CFC1CB1084B9B685B6944
:10DAA0002360054B1A68039B5A404FF0000301D0D6
:10DAB00000F04AF805B0F0BD80BE012068E3002008
:10DAC00007B50A4B1B6801934FF00003C0E9000043
:10DAD000064B1A68019B5A404FF0000301D000F03A
:10DAE00033F8002003B05DF804FB00BF80BE0120C6
:10DAF00007B50E480E4A0F4B121A0F491B680193C7
:10DB00004FF00003FDF75CFE0A4B1A68019B5A4078
:10DB10004FF0000301D000F017F8084A08490948FF
:10DB200003B05DF804EBFDF74BBE00BF80C50020DD
:10DB300064CE002080BE0120D04002000000000022
:10DB4000B840020080C50020054B82B01B680193DD
:10DB50004FF00003404080F311884FF0020002DFD5
:10DB600080BE012007B5104B1B6801934FF00003E6
:10DB70000E4B1B686BB90C4B1A68019B5A404FF057
:10DB8000000301D0FFF7E0FF03B05DF804EBF5F709
:10DB900005B8054B1A68019B5A404FF00003F1D1BC
:10DBA000002003B05DF804FB80BE01209CE3002050
:10DBB00013B5154B1B6801934FF00003134B1C6802
:10DBC0009C420CD1FFF7CEFF6FF000400E4B1A685D
:10DBD000019B5A404FF0000314D0FFF7B5FFFFF749
:10DBE000C1FF002CF0D0D4E904321B1A62EBE072C2
:10DBF000B3F1004F72F10001E6DA002AACBF18461B
:10DC00000020E3E702B010BD80BE012008CA00205A
:10DC100037B5134B1B6801934FF0000370B1114BE4
:10DC20005B6898420AD0036843B1D3E90421D0E984
:10DC30000445121941EB0501C3E90421D0E9003282
:10DC400013605A600023C0E90033054B1A68019B3A
:10DC50005A404FF0000301D0FFF776FF03B030BD0C
:10DC600080BE012008CA0020F7B51D46B5F1FF3F70
:10DC700008BFB2F1FF3F3D4B04461B6801934FF0D4
:10DC8000000316465CD081604FF02003EFF311874C
:10DC900083F31288BFF36F8F013275F1FF3324DAFB
:10DCA0006FF001033249D1E900209B1A4FF0FF3297
:10DCB00062EB00009E1B60EB0500012E70F100037B
:10DCC00001DA01260020C4E904602A4ED6F800C01B
:10DCD0007568B44508BF4FF0000CBCF1000F0DD1C2
:10DCE000C4E900652C6074601CE0FFF73BFF01365F
:10DCF00045F10005361845EBE070E4E7DCE9042067
:10DD0000D4E90431934271EB000E22DAD21ADCF826
:10DD1000043060EB0100CCE90420C4E900C31C60BE
:10DD2000CCF804403368B34206D09C4204D1FFF7DC
:10DD30003FFF0021F4F7F4FE87F31188BFF36F8FE4
:10DD40000A4B1A68019B5A404FF000030BD0FFF7B3
:10DD5000FBFE9B1A61EB0001AC45C4E90431BFD066
:10DD6000DCF800C0B9E703B0F0BD00BF80BE012001
:10DD700020D9002008CA002013B5124A1268019267
:10DD80004FF000024FF02002EFF3118482F312886B
:10DD9000BFF36F8F03687BB1FFF73AFF002084F376
:10DDA0001188BFF36F8F074B1A68019B5A404FF0E1
:10DDB000000304D0FFF7C8FE6FF01500EFE702B0D4
:10DDC00010BD00BF80BE01202DE9F74F394B1B6805
:10DDD00001934FF000034FF02003EFF3118C83F316
:10DDE0001288BFF36F8FDFF8D0B00026DBF8004059
:10DDF00000275C4508BF0024DFF8C0A0DFF8C08022
:10DE0000CAF80000E146D8E90021DAF8003094B3FE
:10DE1000D4E904504FEAE37CAB427CEB000E05DA18
:10DE2000ED1A60EB0C00C4E9045024E0AA1841EBA1
:10DE3000E5712046C4E90467C8E90021FFF7E8FE60
:10DE400089F31188BFF36F8F2046A36898474FF07E
:10DE50002003EFF3118983F31288BFF36F8FDAF891
:10DE60000030DBF800405B1B5C45CC46CAF8003054
:10DE7000C8D1D8E9002100249A1841EBE373C8E91E
:10DE80000023CAF80040FFF793FE2146F4F748FE4E
:10DE900089F31188BFF36F8F064B1A68019B5A40B4
:10DEA0004FF0000301D0FFF74FFE03B0BDE8F04F85
:10DEB000FFF736B980BE012008CA00209CE300208D
:10DEC00020D9002013B5124B1B6801934FF00003BB
:10DED0004FF02003EFF3118483F31288BFF36F8FA9
:10DEE000FFF740FE03460B4AD2E90001181841EB48
:10DEF000E37184F31188BFF36F8F054B1A68019BA0
:10DF00005A404FF0000301D0FFF71EFE02B010BDD3
:10DF100080BE012020D9002007B5094B1B68019362
:10DF20004FF00003FFF7CEFF054B1A68019B5A40E4
:10DF30004FF0000301D0FFF707FE03B05DF804FBCC
:10DF400080BE012007B5094B1B6801934FF0000309
:10DF5000064B1A68019B5A404FF0000301D0FFF7AF
:10DF6000F3FD03B05DF804EBFFF7ACBF80BE01200A
:10DF700073B51D46B5F1FF3F08BFB2F1FF3F164B29
:10DF800004461B6801934FF0000316461AD02A433B
:10DF90001CD06FF001024FF0FF33921B63EB0501C1
:10DFA000002904DAFFF78EFF821941EB0501C4E96D
:10DFB0000021094B1A68019B5A404FF0000307D01B
:10DFC000FFF7C2FD4FF0FF321146F0E70022FBE7FA
:10DFD000204602B070BD00BF80BE0120F7B51C46D0
:10DFE000B4F1FF3F08BFB2F1FF3F144B074616469E
:10DFF0001B6801934FF0000317D054EA020318D0B6
:10E00000FFF760FFB0420A46A141034611D2F31A5E
:10E0100064EB0204C7E90034084B1A68019B5A40BC
:10E020004FF0000307D0FFF78FFD4FF0FF331C4682
:10E03000F0E70023FBE7384603B0F0BD80BE0120C7
:10E04000F7B5434B04461B6801934FF000034FF0B4
:10E050002003EFF3118783F31288BFF36F8F0268F9
:10E0600062B187F31188BFF36F8F394B1A68019B38
:10E070005A404FF0000368D0FFF766FDD0E90A363A
:10E08000581C46F10001022871F1000127D3012B31
:10E0900076F10001BCBF012316465D1E46F1FF3636
:10E0A000FFF750FF013041F10001401946EB01013B
:10E0B000012871F1000143DBFFF744FF013041F11A
:10E0C00000016FF00102401946EB01034FF0FF31F0
:10E0D000121A61EB030320461E49FFF7C5FD236BAF
:10E0E00001332363236A73B187F31188BFF36F8F02
:10E0F0002046236A98474FF02003EFF3118783F3FC
:10E100001288BFF36F8F54F8185FA542A9D0002D75
:10E11000A7D02846FFF79CF80023C5F89C3087F36A
:10E120001188BFF36F8F0A4B1A68019B5A404FF05A
:10E130000003A1D1284603B0BDE8F040FFF732B894
:10E140006FF001024FF0FF33C5E703B0F0BD00BF31
:10E1500080BE012041E0010013B50D4B1B68019307
:10E160004FF000030023C0E9081200F11802C0E9D3
:10E170000033C0E9062203634363054B1A68019B21
:10E180005A404FF0000301D0FFF7DEFC02B010BD93
:10E1900080BE01202DE9F347DDE90A671C46214BCB
:10E1A00005461B6801934FF000039246A1464FF0CD
:10E1B0002003EFF3118883F31288BFF36F8FB4F15C
:10E1C000FF3F08BFB2F1FF3F0CD188F31188BFF3C6
:10E1D0006F8F144B1A68019B5A404FF000031DD0FB
:10E1E000FFF7B2FC531C74F1FF3309DB012A74F111
:10E1F0000003BCBF0122002412F1FF3A44F1FF39B1
:10E200002846FFF7B9FD002352462B6328464B46AC
:10E21000C5E90A670449FFF727FDD6E702B0BDE864
:10E22000F08700BF80BE012041E0010013B5194B0B
:10E2300004461B6801934FF00003FFF79DFD00BBF0
:10E24000636A0BB12046984704F11800FFF79EF867
:10E25000B8B1FEF7A7FF4FF02003EFF3118083F36F
:10E260001288BFF36F8F0B4B1A68019B5A404FF017
:10E27000000301D0FFF768FC02B0BDE81040FFF7D3
:10E28000C5B9044B1A68019B5A404FF00003F1D105
:10E2900002B010BD80BE01202DE9F341294B8468F6
:10E2A00005460E461B6801934FF00003ECB16378FE
:10E2B000012B2CD114F8533C9A0714D5A4F1600714
:10E2C0003846FFF7BBF8082E0CBF6FF0030300239E
:10E2D000E36314F8533CDB0605D154F8483C13B90A
:10E2E0003846FEF75FFF002323700020EB68A8602C
:10E2F000C3F38632164366F39433EB60114B1A680E
:10E30000019B5A404FF0000318D0FFF71DFC022B71
:10E31000E9D12378002BE6D054F8048CB8F1000F33
:10E32000E1D004F11400FFF727FD0023A4F1140746
:10E3300039464046E362FEF7D3FAD4E702B0BDE8BF
:10E34000F08100BF80BE012037B50E4C5205246815
:10E3500001944FF000040024090201F47C5102F4FE
:10E3600000120A43017B84600A43C0E90323054B82
:10E370001A68019B5A404FF0000301D0FFF7E4FBFD
:10E3800003B030BD80BE012013B5144A03461268A5
:10E3900001924FF000024FF02002EFF3118482F35C
:10E3A0001288BFF36F8F0068834208D0D0E9003233
:10E3B00013605A600023C0E90033FFF76DFF84F358
:10E3C0001188BFF36F8F054B1A68019B5A404FF0BD
:10E3D000000301D0FFF7B8FB02B010BD80BE0120E2
:10E3E00007B50A4B1B6801934FF000030023C0E9F7
:10E3F00000008360054B1A68019B5A404FF00003F0
:10E4000001D0FFF7A1FB03B05DF804FB80BE012043
:10E4100013B50A4B1B6801934FF0000383680B6030
:10E42000C3681360054B1A68019B5A404FF0000304
:10E4300001D0FFF789FB02B010BD00BF80BE0120F4
:10E4400037B51A4A0346126801924FF000024FF0A6
:10E450002002EFF3118582F31288BFF36F8FC16042
:10E4600001218160006883420DD185F31188BFF3DB
:10E470006F8F00240D4B1A68019B5A404FF0000328
:10E4800010D0FFF761FBD0E9003213605A6000231F
:10E49000C0E90033FFF700FF294604460448FFF7B0
:10E4A0004DF8E7E7204603B030BD00BF80BE012035
:10E4B0003F210120F0B5104B85B0043204461B68A3
:10E4C00003934FF0000308D20026002741F0040117
:10E4D000CDE90067FDF710FB48B90020064B1A682C
:10E4E000039B5A404FF0000304D0FFF72DFB40F888
:10E4F000044BF3E705B0F0BD80BE012007B5104B1B
:10E500001B6801934FF000030D4B78B11A68019B13
:10E510005A404FF0000301D0FFF716FB011F50F8DF
:10E52000040C03B05DF804EBFDF754BB1A68019BC3
:10E530005A404FF00003EFD103B05DF804FB00BF79
:10E5400080BE012007B50B4B0A461B6801934FF0B4
:10E550000003084B1968019B59404FF0000301D09C
:10E56000FFF7F2FA0146044803B05DF804EBFFF749
:10E57000A1BF00BF80BE0120B8CC002007B50A4B68
:10E5800001461B6801934FF00003074B1A68019B7B
:10E590005A404FF0000301D0FFF7D6FA042003B031
:10E5A0005DF804EBFFF7CEBF80BE012073B5A0FB82
:10E5B00001540E4B1B6801934FF0000324B9284609
:10E5C000FFF7DCFF064648B90026084B1A68019B96
:10E5D0005A404FF0000306D0FFF7B6FA2A4621460C
:10E5E00002F0E5F9F1E7304602B070BD80BE0120CF
:10E5F00007B50A4B1B6801934FF00003084BC0F8A6
:10E600009430064B1A68019B5A404FF0000301D02A
:10E61000FFF79AFA03B05DF804FB00BF80BE01204B
:10E62000B8CC002037B5154B04460D461B68019346
:10E630004FF00003FDF752FB68B9114B9B68D3F80C
:10E6400094304BB90D4B1A68019B5A404FF00003B0
:10E6500009D103B030BD0B4B084A1168019A5140F3
:10E660004FF0000201D0FFF76FFA2A462146184604
:10E6700003B0BDE83040FFF71DBF00BF80BE0120E2
:10E6800068E30020B8CC002007B50A4B1B68019353
:10E690004FF00003074B1A68019B5A404FF00003EC
:10E6A00001D0FFF751FA044803B05DF804EBECF732
:10E6B0003FB800BF80BE0120123F020010B5002409
:10E6C0000F4B86B01B6805934FF000030D4B4FF4C2
:10E6D0008042039303AB00930B494FF0FF330B4889
:10E6E0008DF81040FEF75CF9054B1A68059B5A40FF
:10E6F0004FF0000301D0FFF727FA204606B010BD07
:10E7000080BE0120403F0200807E012028D90020E9
:10E7100038B50546002941D051F8043C0C1F002BA8
:10E72000B8BFE41800F00AFC1D4A136833B96360EF
:10E7300014602846BDE8384000F006BCA34208D962
:10E74000206821188B4201BF19685B680918216095
:10E75000EDE71A465B680BB1A342FAD9116850186D
:10E76000A0420BD120680144501811608342E0D1CF
:10E7700018685B68084453601060DAE702D90C231C
:10E780002B60D6E7206821188B4202BF19685B68AE
:10E790000918636008BF21605460CAE738BD00BF34
:10E7A000A4E30020F8B5CD1C064625F00305083586
:10E7B0000C2D38BF0C25002D01DBA94203D90C23F9
:10E7C00033600020F8BD00F0B9FB21490A68144607
:10E7D0009CB9204F3B6823B92146304600F06AF9C6
:10E7E00038602946304600F065F9431C23D10C23DC
:10E7F0003046336000F0A8FBE3E723685B1B17D4C7
:10E800000B2B03D923601C44256004E06368A242FB
:10E810000CBF0B605360304600F096FB04F10B0018
:10E82000231D20F00700C21A1CBF1B1AA350C9E702
:10E8300022466468CCE7C41C24F00304A042E3D061
:10E84000211A304600F036F90130DDD1CFE700BFA4
:10E85000A4E30020A0E300202DE9FF470F7E9146AE
:10E8600080460C46782F9A460C9D01F1430207D84A
:10E87000622F0AD8002F00F0E080582F00F0BB80F4
:10E8800004F1420684F842703AE0A7F16303152BC5
:10E89000F6D801A151F823F0F1E8010005E90100E3
:10E8A00081E8010081E8010081E8010081E80100C0
:10E8B00005E9010081E8010081E8010081E801002B
:10E8C00081E8010021EA010095E90100D7E9010092
:10E8D00081E8010081E8010043EA010081E80100CC
:10E8E00095E9010081E8010081E80100DFE901000C
:10E8F0002B6804F142061A1D1B682A6084F8423016
:10E900000123ABE0236829681F0601F10400286099
:10E9100001D50D6803E05E06FBD5B1F90050002D6E
:10E9200061687ADA2D200029A16084F843002DDA8D
:10E930006D425E480A231646B5FBF3F103FB1157FF
:10E94000C75D06F8017D2F460D46BB42F4D9082B62
:10E950000BD12368DF0708D5236961689942DEBFC0
:10E96000302306F8013C06F1FF36921B22614B462C
:10E9700003AA21464046CDF800A002F020F801305D
:10E9800071D14FF0FF3004B0BDE8F08723F00403ED
:10E990002360CDE72B682068191D2960050601D585
:10E9A0001D6802E04106FBD51D886F2F3F4814BF4C
:10E9B0000A230823002184F843106668002EA6600D
:10E9C000B9DB216821F004012160002DB3D1002EB4
:10E9D000B1D11646BBE7236843F0200323607827B4
:10E9E000334884F84570296823680E1D2E601E0682
:10E9F00003D50D6804E02D48F3E75D06F9D50D88D1
:10EA0000D90744BF43F0200323600DB11023D1E7A1
:10EA1000236823F020032360F8E724480A23CCE787
:10EA20002B682668181D6169286035061B6801D5AA
:10EA3000196002E07006FBD5198000231646236199
:10EA400095E72B6800211A1D2A601E68626830460F
:10EA500001F082FF08B1801B6060636823610023BE
:10EA600084F8433083E72369324649464046D0471D
:10EA7000013086D023689B0714D4E068039B98423A
:10EA8000B8BF18467FE70123324649464046D04783
:10EA900001303FF476AF0135E36803995B1AAB426E
:10EAA000F1DCEAE7002504F11906F5E74A40020027
:10EAB0005B40020038B50023054D044608462B6034
:10EAC000F0F72EFB431C02D12B6803B1236038BD45
:10EAD000A8E300200CB4184B30B50C1E9DB01D6887
:10EAE00008DA8B234FF0FF302B601DB0BDE83040BB
:10EAF00002B070474FF402730290069002A9ADF87D
:10EB0000143014BF04F1FF332346209A284604939F
:10EB100007934FF6FF73ADF8163021AB019300F069
:10EB200019FA431CBCBF8B232B60002CDDD0029B49
:10EB300000221A70D9E700BF10CA002070B50A443D
:10EB400005460E4E914201D1002011E015F8013B1F
:10EB500011F8014BF05C00F003000128305D00F07B
:10EB6000030008BF2033012803D12034181BE9D04B
:10EB700070BD181BFCD1002CE4D1F9E74A3F02001C
:10EB8000242B2DE9F0478646904601D8012B06D16B
:10EB9000F0F71CFB162303600020BDE8F0870D464C
:10EBA00035482A4615F8014B065D16F00806F8D1DF
:10EBB0002D2C24D12C780126951C2BBB302C30D049
:10EBC0000A2306F1004C00220CF1FF3C1046BCFB6E
:10EBD000F3F903FB19CAA4F13007092F28D83C46E2
:10EBE000A34234DD571C07D081452DD301D1A24566
:10EBF0002ADB00FB0340012215F8014BEBE72B2C2D
:10EC000004BF2C78951CD8E7102BDAD1302CD8D142
:10EC10002A7802F0DF02582AD3D16C78102302350B
:10EC2000CFE72B7803F0DF03582BF6D00823C8E793
:10EC3000A4F14107192F01D8373CD1E7A4F16107AE
:10EC4000192F04D8573CCBE74FF0FF32D4E7531CC1
:10EC500008D122236046CEF80030B8F1000F9CD0D6
:10EC6000691E06E006B14042B8F1000F95D0002AB7
:10EC7000F6D1C8F8001090E74A3F020013460A4652
:10EC8000014602480068FFF77BBF00BF10CA0020A2
:10EC90002DE9F04F904685B089461E460D46454AFF
:10ECA00002902B4615F8014B175D17F00807F8D1B5
:10ECB0002D2C41D12C7801279D1C002E41D1302CC8
:10ECC0004CD00A2607F1004A07F1FF3BF317324602
:10ECD0000AF1FF3A584603935146EAF715F80192B4
:10ECE00000228E46844611461046A4F13003092BBB
:10ECF00005D9A4F14103192B37D8A4F137039E425B
:10ED00003DDD541C15D084457EEB010234D38E4585
:10ED100008BF844502D1019A9A422DDB039A7143C0
:10ED200000FB0211A6FB00020A44181842EBE37133
:10ED3000012215F8014BD8E72B2C04BF2C789D1C21
:10ED4000BBE7102EBED1302CBCD12B7803F0DF03F3
:10ED5000582BB7D16C7810260235B3E72B7803F027
:10ED6000DF03582BF6D00826ACE7A4F16103192B7A
:10ED700005D8A4F15703C2E74FF0FF32D9E7531C7F
:10ED80000AD12223029A584651461360B8F1000F67
:10ED90000AD105B0BDE8F08F17B1404261EB4101E7
:10EDA000B8F1000FF5D00AB105F1FF39C8F80090AD
:10EDB000EFE700BF4A3F020013460A4601460248F9
:10EDC0000068FFF765BF00BF10CA00202DE9F043BF
:10EDD00086460D46354E284615F8014B375D17F02F
:10EDE0000807F8D12D2C26D12C780127851C3BBB98
:10EDF000302C32D00A234FF0FF380026B8FBF3F84E
:10EE000003FB08F930466FEA0909A4F1300CBCF1A4
:10EE1000090F29D86446A34237DDB6F1FF3F07D07A
:10EE200080452FD301D1A1452CDB00FB03400126F7
:10EE300015F8014BE9E72B2C04BF2C78851CD6E78D
:10EE4000102BD8D1302CD6D1287800F0DF005828EC
:10EE5000D1D16C7810230235CDE72B7803F0DF0396
:10EE6000582BF6D00823C6E7A4F1410CBCF1190FCA
:10EE700001D8373CCFE7A4F1610CBCF1190F04D8DD
:10EE8000573CC8E74FF0FF36D2E7731C06D1222368
:10EE90003046CEF8003032B9BDE8F08307B14042C9
:10EEA000002AF9D006B1691E1160F5E74A3F020059
:10EEB00013460A46014602480068FFF787BF00BFB5
:10EEC00010CA002007B5009313460A4601460348BE
:10EED000006801F064FE03B05DF804FB10CA002076
:10EEE00070B51E469AB04FF40173044608461546A5
:10EEF000ADF80C3000910491EAF778F8094B2A46F6
:10EF00006946019009930023059020460D931293C2
:10EF10004FF6FF73ADF80E30334600F017F91AB014
:10EF200070BD00BFA30A020013460A46014602480C
:10EF30000068FFF7D5BF00BF10CA00200148F0F7F6
:10EF400015B900BFE0CC00200148F0F729B900BF97
:10EF5000E0CC00202DE9F04F98468B899DB0074604
:10EF60001B060D46144610D50B6973B94021FFF7F7
:10EF700019FC2860286130B90C233B604FF0FF304A
:10EF80001DB0BDE8F08F40236B610023CDF80C80ED
:10EF90004FF00109DFF8A081099320238DF8293073
:10EFA00030238DF82A3023469A4613F8012B0AB1F4
:10EFB000252AF9D1BAEB040B0BD05B462246294631
:10EFC000384601F056FE013000F0A780099A5A44F5
:10EFD00009929AF80030002B00F09F8000234FF038
:10EFE000FF320AF1010A049307938DF853301A9304
:10EFF000CDE90523544605224F4814F8011B01F0C2
:10F00000ABFC049AD8B9D00644BF20238DF8533006
:10F01000110744BF2B238DF853309AF800302A2B68
:10F0200015D0079A544600204FF00A0C214611F8DB
:10F03000013B303B092B4BD9B0B1079214E0A0EB58
:10F040000803A24609FA03F313430493D2E7039B90
:10F05000191D1B68002B0391BBBF5B4242F00202EB
:10F0600007930793B8BF049223782E2B0AD16378B5
:10F070002A2B32D1039B02341A1D1B6843EAE37327
:10F0800003920593DFF8B4A003222178504601F0E3
:10F0900063FC38B1A0EB0A004022049B013482409B
:10F0A0001343049314F8011B062225488DF82810F9
:10F0B00001F052FC002836D0224B1BBB039B0733C8
:10F0C00023F0070308330393099B334409936AE74A
:10F0D0000CFB02320C460120A8E7002301344FF05C
:10F0E0000A0C19460593204610F8012B303A092ADC
:10F0F00003D9002BC6D00591C4E70CFB01210446BF
:10F100000123F0E703AB2A4604A9384600930E4BCF
:10F11000AFF30080421C0646D6D1AB895B063FF5B3
:10F120002DAF09982CE703AB2A4604A93846009373
:10F13000054BFFF791FBEDE76C40020072400200C7
:10F140007640020000000000730C02002DE9F04739
:10F150000C46ADF5227D002106460DF10408A74FAF
:10F160000093CDF81881CDE94411A549A091A54996
:10F17000A1911378002B00F05C81F95C551C11F013
:10F18000080119D06368002B0FDD23681A78BA5C78
:10F19000120701D42A46ECE7459A01330132236075
:10F1A00045926268013A6260ECE7A19B21463046D5
:10F1B00098470028E9D0EDE7252B12D099466368DF
:10F1C000002B40F39480226813784B4540F0318146
:10F1D00063680132013B22606360459B01334593C4
:10F1E000D8E74191439153782A2B04BF1023951CF3
:10F1F0004FF00A0208BF4193A94619F8011BA1F17B
:10F200003003092B1ED9DFF800A20322504601F07B
:10F21000A3FB38B1A0EB0A000123419A4D4683407D
:10F220001343419315F8013B782B06D8572B10D880
:10F23000252BC3D056D8002B64D0032347930A2331
:10F2400042936AE0439B4D4602FB031130394391E0
:10F25000D2E7A3F15802202AEFD801A151F822F0F9
:10F260004FF301003BF201003BF2010071F301009A
:10F270003BF201003BF201003BF201003BF20100D6
:10F280003BF201003BF201003BF2010087F3010079
:10F290006DF30100EBF20100EBF20100EBF2010073
:10F2A0003BF2010061F301003BF201003BF201007F
:10F2B0003BF201003BF2010097F3010069F301000A
:10F2C0000BF301003BF201003BF2010093F301005C
:10F2D0003BF201006DF301003BF201003BF2010043
:10F2E0004FF30100453B022BA7D8052314E0A19B57
:10F2F00021463046984700283FF465AF44980028DF
:10F3000040F08F804FF0FF308FE0419B43F4087353
:10F31000419310234293042347936368002B4ADDF3
:10F32000419B590604D423681A78BA5C120749D461
:10F33000479B022B58DC6B46224641A9304600F021
:10F340007DF8012875D002287FF424AFD6E7419AD2
:10F3500042F40072419210226E2B429202D9DAE7F7
:10F36000002342930323D7E70823D3E70A22F3E7D6
:10F370002946404601F030FD419B054643F04003DD
:10F3800041930123C8E7419B43F04003419300238D
:10F39000C2E70223C0E74198C3063FF5FBAE009BDE
:10F3A00010F0010F459A03F1040100911B6814BF8E
:10F3B0001A801A60EEE6A19B214630469847002845
:10F3C000AED09BE7459A013245926268013A002A25
:10F3D000626002DD01332360A5E7A19B2146304630
:10F3E000984700289FD089E7042B0FDC6B46224604
:10F3F00041A9304600F07CF8A3E700BF4A3F020075
:10F40000290D02009F0D0200724002000A4B002BE2
:10F410003FF4C0AE6B46224641A93046AFF30080B0
:10F420008FE7A3895B063FF56DAF0DF5227DBDE843
:10F43000F0874498F9E700BF000000002DE9F84389
:10F4400015468A6880460C4632B98A69002A14BF7C
:10F450004FF0FF3201228A6022680027DFF88C908B
:10F46000D1065FBF1A68111D19601668A06988B1BE
:10F47000012807D12B681A7863699B5C53B9002F68
:10F4800031D022E0022820D12B681B7819F80330F4
:10F490001B071AD423680137DA065EBF2B681B7876
:10F4A00006F8013B2A686B680132013B2A60A268BA
:10F4B0006B60013AA26042B1002BD7DCD4F88031F6
:10F4C0002946404698470028D0D0236813F01003FF
:10F4D00005D1E2680132E260A26902B133702369AA
:10F4E00000203B442361BDE8F88300BF4A3F02008F
:10F4F0002DE9F04F984687B0784B0C468246164669
:10F5000027464FF0000B93E8070003AB83E80700A2
:10F51000734BA169734A032908BF1A46A368019275
:10F520005A1EB2F5AE7F89BF6FF4AE754FF0000979
:10F5300003EB050940F25D1388BFA36057F81C3B3D
:10F5400043F450633D462360316803AB02220978DF
:10F5500053F82B0001F000FA002840D0BBF1010F56
:10F5600012D162682AB92268082142F400726160EF
:10F570002260226822F4A0622260A268511EA1606B
:10F58000DAB94FF0020BDFE7BBF1020F06D0A26839
:10F59000511EA1608AB94FF0010BD5E7226802F431
:10F5A000C061B1F5007F1FD142F48072102122604A
:10F5B000A2686160511EA160B2B13268511C316015
:10F5C000127805F8012B7268013A002A726006DC95
:10F5D000D4F88021314650469047002874D10BF171
:10F5E000010BBBF1030FAFD163680BB90A23636052
:10F5F00063684FF0000B3C496069C91A01F0ECFBED
:10F60000A368226873B33168606991F800C010F88C
:10F610000C0038B3BCF1300F16D1100514D50BF126
:10F62000010BB9F1000F03D0013309F1FF39A360D9
:10F630007368013B002B73600DDD33680133336069
:10F64000A368013BA360DBE722F4106222600B7821
:10F6500005F8013BECE7D4F8803131465046984735
:10F660000028EDD02368D9050DD5BD4209D905F193
:10F67000FF3915F8011CD4F87C3132464D4650460E
:10F680009847BD4228D0226812F0100213D12A7088
:10F69000394663685046019EB047D8F8003021686B
:10F6A0001A1D11F0200FC8F800201B680FD0186039
:10F6B000E3680133E360ED1B236900205D442B44C4
:10F6C000236107B0BDE8F08F4FF0000BCAE7CA070F
:10F6D0004CBF18801860EBE70120F2E7141302001A
:10F6E000970B02009B0B02008D400200022904D000
:10F6F000042906D0012900D17047806808B1F3F7CA
:10F70000CBBD7047FAF702B8002210B504689442E6
:10F7100000D110BD00EBC2014B68013223F0FF03A2
:10F7200043F003034B60F2E70420F9F709BE04201D
:10F73000F9F722BEF9F7C2BD38B504460025031D0E
:10F740002268AA4201D8002319E04FF00002D3E852
:10F75000CF0F032804D1C3E8CC2FBCF1000FF6D1A2
:10F7600002D008330135EBE701EB85131846402240
:10F77000002101F01CF9034604EBC504A060184603
:10F7800038BD0830704738B5054620B9F9F7C4FFD1
:10F7900080B9002038BDF3F763FD04460028F8D097
:10F7A000F9F7BAFF38B92046F3F776FD0120F3F7F1
:10F7B000F3FCEEE72C46C56040F8084FEAE740EA64
:10F7C0000141104640F8081DF9F7B8BFF9F7B0BF7E
:10F7D000F9F7A8BFF3F744BD08B5F3F75DFDBDE841
:10F7E00008400120F3F7D8BC0429F8B505461746B0
:10F7F00003D0102910D000240CE00820F3F7FAFC05
:10F8000004460028F7D0002343600123478003808B
:10F810002B6843602046F8BD1620F3F7EBFC044646
:10F820000028E8D0061D12220021304601F0BFF862
:10F83000022323802B46678005F1100253F8041B36
:10F84000934246F8041BF9D1E4E7134609B9116065
:10F8500070470A88012A02D0022A07D070471A6826
:10F86000082A28BF08221A6001F094B81A68162ADC
:10F8700028BF1622F7E708B5FAF73EFD40B100F1C0
:10F880001C03D3E8EF1F0131C3E8E21F002AF8D1BF
:10F8900008BD006808B1FAF7BFBC704737B500254E
:10F8A000036804460093838F6846ADF80650ADF8B0
:10F8B000043000F0EBFD38B1A36B6846984794F82C
:10F8C0003E300BB1A563E56303B030BD406800383E
:10F8D00018BF0120704700230B60836813B9C0E98B
:10F8E0000111704719608160704738B505460C46B4
:10F8F000F9F72AFFAA68236894426B6008BFAB60DF
:10F9000000232046236000F04DF9BDE83840F9F7A8
:10F9100021BF406870470069431E584258417047F4
:10F920000069831E5842584170470069C31E5842FF
:10F93000584170474069B0F5817F05D040F21113FE
:10F94000C31A5842584170470120704790F8200070
:10F95000C0F34000704790F82000C0F3800070476B
:10F9600090F82000C0F3C0007047006C00F0010068
:10F97000704790F8200000F0010070470369012BE8
:10F9800005D18069A0F1800358425841704700209A
:10F99000704790F82000C0097047836933F08003F6
:10F9A00014BF01200020704790F82000C0F34010E1
:10F9B0007047806B003818BF0120704790F8340002
:10F9C000431E58425841704708B590F82030014610
:10F9D00013F001020BD1FFF7E0FF28B90846FFF74B
:10F9E000CDFF80F00100C2B202F0010008BD00228C
:10F9F000FAE770B504460D4616462046FFF7E4FFC9
:10FA000070B155B1284600F0BCF848B93146022023
:10FA1000F3F7C0F90028F0D070BD6368002BF5D073
:10FA20000020F9E74068003818BF0120704790F8BF
:10FA30002200003818BF0120704710B50446FFF7B8
:10FA4000ACFF94F82010C1F3401340EA030223698D
:10FA500082F00102012B14BF0123C1F38003D2B253
:10FA600020461A40FFF766FF48B1C1F30011204657
:10FA7000FFF784FF0A4080F00100104010BD012113
:10FA8000F5E710B50C46FAF737FC28B190F82030AE
:10FA900064F3861380F8203010BD10B50C46FAF7D9
:10FAA0002BFC28B190F8213064F3000380F821305A
:10FAB00010BDD0E9092353EA020109D04FF47A714D
:10FAC000B3FBF1F001FB02000128B8BF0120704731
:10FAD0004FF0FF307047D0E90B2353EA020109D001
:10FAE0004FF47A71B3FBF1F001FB02000128B8BFBB
:10FAF000012070474FF0FF307047013802288CBF5B
:10FB0000002001207047013802288CBF002001200E
:10FB100070470388012B03D0022B06D001207047C9
:10FB2000082914BF0020012070471629F9E703298E
:10FB300015D011280CD004DC88B106280AD000208A
:10FB40007047B0F5817F05D040F211139842F6D18D
:10FB5000022900E0012914BF002001207047012084
:10FB60007047C368012B03D0022B07D001207047D8
:10FB70000888012814BF0020012070470888022847
:10FB8000F8E700B10068003818BF0120704700B1E5
:10FB9000006870474389406818447047028940896B
:10FBA000101A704710B504464068FFF70FFEE06872
:10FBB00008B1F3F73BFB2046BDE81040F3F736BB36
:10FBC00010B50446206800B910BD62680368904211
:10FBD000236008BF6360FFF7E5FFF3E700F01ABD9D
:10FBE00010B5044660B1406908B1F3F71FFBA06986
:10FBF00008B1F3F71BFB2046BDE81040F3F716BB36
:10FC000010BD10B5044600F003FD23684360A369EE
:10FC100083602046BDE8104000F0FCBC2DE9FF41A8
:10FC200080460F461646FFF768FF38B96A20F3F79B
:10FC300085F94FF0FF3004B0BDE8F0813046FAF7A7
:10FC4000C1FB08B97B20F2E73846FFF75CFF08B933
:10FC50006B20ECE739463046FFF769FF0028F7D004
:10FC6000FAF716FB054608B91720E0E70020FFF772
:10FC70008AFD044620B92846FAF750FB6920D6E7EA
:10FC80004FF0FF330C22037443748374C374002356
:10FC9000027243728372C3724046FBF7A9F9606136
:10FCA000384600F05DFC0146A061304600F059FC8A
:10FCB0002146E06101AA47F201000295FBF7C4F971
:10FCC000044620B12846FAF729FB2046AFE7C5E9EC
:10FCD000038728686E61AEE773B506460C46154685
:10FCE000FFF7C9FD019050B90920F3F727F94FF04C
:10FCF000FF3401A8FFF7CDFD204602B070BDFFF72D
:10FD00004CFE10B1019B9869EFE70198FFF723FEC5
:10FD100008B17F20E9E70198FFF718FE08B17820C5
:10FD2000E3E70CB90E20E0E721460198FFF719FF41
:10FD300008B96A20D9E729462046FFF7EAFE08B944
:10FD40001620D2E70198FFF710FE054620B1019B6F
:10FD50005D69113D18BF01250020FFF714FD024623
:10FD600008B96920C1E700231421066101724372BA
:10FD70008372C3722188012911D0022917D00199F9
:10FD8000042091F8203043F0020381F8203047F23C
:10FD90000201D560FFF713FDCDB17720A5E761889B
:10FDA000C37581820421817563688361E7E7618897
:10FDB000C37581821021231D8175143400F118014F
:10FDC00053F8040BA34241F8040BF9D1D7E701988B
:10FDD000FFF781FE00900198FFF7B8FD20B9019868
:10FDE000846984B1204680E769460220F2F7D2FF99
:10FDF00010F10B0F05D00028EDD00028B8BF40420D
:10FE000073E7742071E7FFF795FD00283FF471AFA9
:10FE1000DDE90010FBF772F804466AE730B585B0FB
:10FE200005460C46FAF768FA38B90920F3F786F860
:10FE30004FF0FF33184605B030BD0CB90E20F5E782
:10FE40002146FFF78EFE08B96A20EFE70020FFF792
:10FE50009AFC014608B96920E8E7002314220561ED
:10FE6000027243728372C3722288012A0AD0022A64
:10FE700010D047F2050001AAFBF7E6F80346002878
:10FE8000D8D0D3E76288C375828204228275636802
:10FE90008361EEE76288C37582821022231D82751A
:10FEA000143400F1180253F8040BA34242F8040B77
:10FEB000F9D1DEE730B585B005460C46FAF71CFAF5
:10FEC00038B90920F3F73AF84FF0FF33184605B078
:10FED00030BDFFF720FD08B95F20F3E70020FFF7F2
:10FEE00052FC014608B96920ECE70023042224EA09
:10FEF000E474027243728372C372056144616A449E
:10FF000047F20800FBF7A0F803460028DED0D9E747
:10FF1000F0B593B007460D461446FFF7ACFC0290CF
:10FF200050B90920F3F70AF84FF0FF3402A8FFF7A1
:10FF3000B0FC204613B0F0BD15B11CB90E20F1E79E
:10FF4000002CFBD1FFF7E7FC08B95F20EAE7029835
:10FF5000FFF70BFD28B10298FFF769FD08B90B20E8
:10FF6000E0E70298FFF7A5FD01900298FFF701FD79
:10FF700050B10298FFF75BFD0028D2D0FAF788F95C
:10FF8000064680B91720CDE70298FFF750FD0028FC
:10FF9000EFD1022001A9F2F7FDFE0028E5D00028EC
:10FFA000B8BF4042BEE70020FFF7EDFB014620B995
:10FFB0003046FAF7B3F96920B4E70761049675B1E2
:10FFC0007CB10CAB47F20C0003AA0593FBF73CF89D
:10FFD000074640B13046FAF7A1F93846A2E72B466A
:10FFE000F0E72346EEE73DB134B1BDF83630042BDF
:10FFF00004D0102B15D02760346897E701232768B9
:020000040002F8
:10000000ADF81830082F28BF0827BDF83430ADF8F8
:100010001A300E9B07933A46284606A900F0BAFC10
:10002000E9E70223ADF81830BDF8343007AFADF87A
:100030001A3012ABADF82C0013E90F0087E80F005F
:100040002768162F28BF1627E5E72DE9F04F87B060
:10005000894616461D46109F009003F0400803F4A1
:10006000007AFAF749F9044638B90920F2F766FF31
:100070004FF0FF3007B0BDE8F08F35F4107305D1B5
:10008000B8F1000F11D0BAF1000F01D05F20EDE7F9
:10009000FFF721FD02902046FFF767FCA8B9B8F1F1
:1000A000000818BF4FF0010805E0FFF714FD0290AB
:1000B000BAF1000FEFD02046FFF780FC40B1204698
:1000C000FFF76BFC68B1A069D0E74FF00108F2E7D9
:1000D0002046FFF762FC0028F5D12046FFF74EFCD2
:1000E000F0E72046D7B1FFF716FC00BB39462046A3
:1000F000FFF737FD08B96A20B8E738461199FFF7CE
:1001000008FD08B91620B1E72046FFF709FC70B1D9
:100110002046FFF70FFC50B17F20A7E7FFF700FC58
:1001200028B12046FFF717FC08B979209EE7204642
:10013000FFF7F1FB40B12046FFF7FCFB20B1B6F51D
:10014000006F28BF4FF40066FFF742FBB04206D2B3
:100150002046FFF7E0FBC8B1FFF73AFB0646002553
:100160002046FFF721FC18B12046FFF72DFC78B997
:100170003046FFF708FB8346C8B9012002A9F2F711
:1001800009FE80B9B8F1000FF2D004E07A206DE7E3
:10019000B8F1000F01D00B2068E7022002A9F2F7A6
:1001A000F9FD0028DCD00028B8BF40425EE7009B84
:1001B0000361B9F1000F04D032464946006800F0EF
:1001C000E9FB94F8340000283CD0FAF731FF002115
:1001D000024684F83410BAF1000F0ED0029D42F0AE
:1001E00040026B1C30D04FF47A7195FBF1F5ADB243
:1001F000B5F5167F28BF4FF41675002F47D020465F
:100200000192FFF788FB019A002840D11A218BF850
:1002100009008BF808108BF80A008BF80B00CBF85C
:100220001420ABF82C503A88012A10D0022A1AD098
:1002300047F20700594603AAFAF706FF0346B8BB80
:10024000049817E70246C6E74FF41675D5E77A8893
:100250008BF81B00ABF8182004228BF81A207A6860
:10026000CBF81C20E4E77A880BF11C01ABF81820CE
:1002700010228BF81B008BF81A2007F114003A1D8E
:1002800052F804CB824241F804CBF9D1D0E70021E7
:1002900006208BF809108BF808008BF80A1047F23B
:1002A00006008BF80B10CBF81420ABF81850C1E700
:1002B0000C2806DC0A2807DDB8F1000F3FF450AF28
:1002C00069E78C283FF4D2AE1846CFE62DE9F74F08
:1002D0008946DDE90C7A15461E4603F48078FFF75F
:1002E000CAFA019058B90920F2F728FE4FF0FF37FB
:1002F00001A8FFF7CEFA384603B0BDE8F08F36F418
:10030000A17301D05F20EFE727B1BAF1000F04D14C
:100310000E20E9E7BAF1000FFAD1FFF7FCFA28B195
:100320000198FFF718FB08B98020DDE70198B8F1C4
:10033000000F16D1FFF719FB08B9730611D5019804
:10034000FFF7C4FA68B90198FFF727FB48B901988D
:10035000FFF714FB28B90198FFF70BFB08B90B2036
:10036000C2E70198FFF7A5FB6A46009000210198BB
:10037000FFF73FFB18B10028B8BF4042B4E701982F
:10038000FFF7A4FA88B90198FFF7F8FA002876D1A8
:100390000198FFF7EEFA0028A5D10198FFF7FDFAC2
:1003A0000028A3D0019B98699EE70198FFF7B1FA56
:1003B000044627B1C16852463846FFF746FA00277F
:1003C00006F0020A2046FFF7E9FBA8421DD82046A6
:1003D000FFF7E4FB0646002E8AD02046FFF7DAFB43
:1003E00009EB070B01463246584600F0D3FA019854
:1003F0003744FFF795FA50B1BAF1000F7FF478AFA8
:1004000021460198FFF771FA72E72E46E3E701985B
:10041000FFF78BFA0028EFD1BAF1000F14D0B542E4
:100420003FF466AFB8F1000F04D06A462146019848
:10043000FFF7DFFA2046AD1BFFF7A9FB04460028B3
:10044000C0D1002F9FD053E7638920463344638196
:10045000FFF7A4FB18B921460198FFF746FAB54209
:100460003FF446AFAD1BB8F1000F04D06A4600213F
:100470000198FFF7BEFA0198FFF74BFADEE7002775
:1004800036E708B5F9F762FF002008BD38B5044625
:100490000068F9F731FF054628B90120E38843F0E9
:1004A0002003E38038BDFFF764FA0028F5D1284621
:1004B000FFF773FAF8B1E38843F00803E380A388F9
:1004C000DA0707D52846FFF7ADFAE8B1E38843F02D
:1004D0000103E380A3885B0707D52846FFF7ADFA41
:1004E00018B1E38843F00403E380B4F90600003850
:1004F00018BF0120D6E72846FFF740FA0028DED0D3
:10050000E38843F01003D9E72846FFF790FA002864
:10051000DCD12846FFF732FA0028D7D1DAE738B520
:100520000D461446F9F7E8FE28B90920F2F706FD52
:100530004FF0FF3006E0032D03D0042D03D016202A
:10054000F4E7006C38BD012CF9D804640020F9E709
:10055000431F002B03D8DFE803F00100032070479E
:100560007047292815D005DC062814D0112814D08E
:1005700048B17047B0F5817F0DD040F21113984219
:100580000BD0FF280CD1012909D0022908BF022075
:1005900070470620704701207047022070470846C8
:1005A0007047292811D00ADC012810D0062810D065
:1005B000002808BF042018BF4FF0FF307047B0F587
:1005C0008D7F08D0B0F5007FF5E706207047082042
:1005D0007047012070474FF48070704708B5031FC3
:1005E000092B0FD8DFE803F00811050E0E0E0E0ED2
:1005F0000E056FF0010008BD7320F2F79FFC6FF04D
:100600000A00F8E7FAF708FDF7E76FF06300F2E792
:10061000C06870474269C3681A60704708B50346EE
:1006200024301AB95A624260002008BD082A28BF47
:10063000082200F0AFF9F7E708B503462C301AB9E5
:10064000DA624260002008BD082A28BF082200F0B4
:10065000A1F9F7E738B504460D4639B1082A0BD0A1
:100660001620F2F76BFC4FF0FF3038BD002AF7D1AF
:100670008263C2630020F8E7F9F766F895E80300A3
:1006800004F1380383E803002046FFF707F9F9F780
:1006900061F8EFE773B5044608680D461646FAF7A9
:1006A000C7FC002801DB042E06D01620F2F746FC1A
:1006B0004FF0FF3002B070BD2B68204684F8343014
:1006C000FFF77CF900230028F4D0CDE900331A4667
:1006D00019462068FFF7B9FCECE708B509B1042A10
:1006E00005D01620F2F72AFC4FF0FF3006E00B7819
:1006F0002BB1012BF5D180F84830002008BD022332
:10070000F9E710B5541E1B2C02D812F0030405D0D3
:100710001620F2F713FC4FF0FF3010BD930880F85D
:100720004B304C3000F036F92046F6E708B509B1F9
:10073000042A05D01620F2F701FC4FF0FF3008BD67
:100740000B78003B18BF012380F849300020F6E702
:1007500008B509B1042A05D01620F2F7EFFB4FF0D7
:10076000FF3008BD0B6880F84A300020F9E770B50B
:10077000054614460E4631B992B11620F2F7DEFB5B
:100780004FF0FF3070BD002AF7D0406C08B1F2F78F
:100790004DFD601CF2F72EFD686438B96920EDE765
:1007A000406C08B1F2F742FD0020EBE722463146EB
:1007B00000F0F0F800226B6C1A55F5E710B51346FF
:1007C00012680446042A28BF042208461A6004F16D
:1007D000180100F0DFF80020A06110BD10B513462D
:1007E00012680446082A28BF082208461A6004F145
:1007F000240100F0CFF8002010BD10B51346126898
:100800000446082A28BF082208461A6004F12C0171
:1008100000F0C0F8002010BD13B50446134694F84C
:100820004820084601921A6801A9042A28BF042218
:100830001A6000F0AFF8002002B010BD13B50446F6
:10084000134694F84920084601921A6801A9042A1F
:1008500028BF04221A6000F09DF8002002B010BDED
:1008600013B50446134694F84A20084601921A68C4
:1008700001A9042A28BF04221A6000F08BF8002086
:1008800002B010BD10B504460846114694F84B302E
:100890009A000B689A4228BF1A460A6004F14C017C
:1008A00000F078F8002010BDF8B5456C0E461446EF
:1008B000176875B12846E8F799FB0130B84202463F
:1008C00028BF3A4629463046226000F063F80020EF
:1008D000F8BD3A462946304600F069F82560F6E74B
:1008E00070B504460E4600F025F80546206808B1AC
:1008F000FEF76CFF48F202039E4218D048F209034B
:100900009E4214D048F201039E420BD16B684BB15A
:1009100004F1140204F1380152F8040B8A4243F83E
:10092000040BF9D12046BDE8704000F005B86369BA
:100930006B60F7E7C06870470269C3681A60704768
:10094000002070470020704700207047002070474B
:1009500000207047FAF740BDC9B20346024410B503
:100960009342184601D1002003E0047801338C4201
:10097000F6D110BD0139024410B5904201D10020DA
:1009800005E0037811F8014FA34201D0181B10BDF8
:100990000130F2E70A44431E914200D1704710B57E
:1009A00011F8014B914203F8014FF9D110BD0244F7
:1009B0000346934200D1704703F8011BF9E72DE984
:1009C000F047164698468A6807460B690C46DDF8DC
:1009D00020909342B8BF1346336091F843200AB188
:1009E000013333602368990642BF336802333360B2
:1009F000256815F0060506D104F1190AE368326886
:100A00009B1AAB422BDC94F843302268003B18BFA2
:100A10000123920630D404F1430241463846C847C8
:100A2000013023D023681A3454F80A2C03F006034B
:100A3000042B0ABF54F80E5C002533684FF0000603
:100A400008BFED1A54F8123C08BF25EAE575934239
:100A5000C4BF9B1AED18B5421AD1002008E001234B
:100A6000524641463846C847013003D14FF0FF3067
:100A7000BDE8F0870135C1E7E1185A1C3020023388
:100A8000224481F8430094F8451082F84310C2E7ED
:100A90000123224641463846C8470130E6D0013698
:100AA000D9E700207047C9B20346184613F8012B56
:100AB00012B18A42F9D17047002918BF002070474F
:100AC000034611F8012B03F8012B002AF9D17047D6
:100AD00070B50546084616460C46E8F787FA421CEC
:100AE000B24201D9EEF788FBAC4204D8A3189D426C
:100AF000F8D3AC4202D1AB189C42F3D3214628462E
:100B0000BDE87040FFF746BF10B56AB101398418DF
:100B100010F8012B11F8013F9A4203D1A04201D0F5
:100B2000002AF5D1D01A10BD1046FCE70139034662
:100B300010B532B111F8014F013A03F8014B002C06
:100B4000F7D11A440021934200D110BD03F8011BD4
:100B5000F9E70246014410B58A42134603D01C78D7
:100B60000132002CF8D1181A10BD0A7870B56AB994
:100B700070BD9A4209D10C46054614F8013F002B7E
:100B8000F6D015F8016F9E42F7D001300378002BA4
:100B9000EFD11846ECE7FDF7F3BFFEF717B930B514
:100BA00014469BB005461A46002C05DA8B230360D9
:100BB0004FF0FF301BB030BD4FF402730091049131
:100BC0006946ADF80C3014BF04F1FF33234602939D
:100BD00005934FF6FF73ADF80E301E9BFEF7BAF982
:100BE000431CBCBF8B232B60002CE3D0009B002256
:100BF0001A70DFE7884210B501EB020402D9844283
:100C0000234607D8431EA14208D011F8012B03F850
:100C1000012FF8E7024401468A4200D110BD13F8C3
:100C2000014D02F8014DF7E7F8B5074615460C46A9
:100C300021B91146BDE8F840FDF7B4BD22B9FDF772
:100C400067FD00242046F8BD00F036F9A842F9D22D
:100C500029463846FDF7A6FD06460028F1D0214674
:100C60002A46FFF797FE214638463446FDF750FDE9
:100C7000E8E72DE9F0471F468E6882460C46BE42E3
:100C800090460B682DD8B1F90C2012F4906F26D045
:100C90006569096905EB4505A3EB01097B1C05EBBB
:100CA000D5754B446D109D4238BF1D46530527D561
:100CB0002946FDF777FD064660B34A462169FFF7EE
:100CC00069FEA38923F4906343F08003A381266126
:100CD0004E446561A5EB090526603E46A560BE420F
:100CE00000D93E46324641462068FFF783FFA3689D
:100CF00000209B1BA360236833442360BDE8F0877A
:100D00002A46FFF791FF06460028E0D121695046A8
:100D1000FDF7FEFC0C234FF0FF30CAF80030A3892A
:100D200043F04003A381E9E738B54B1C144603D1D7
:100D30004FF0FF35284638BD9389CDB223F020030C
:100D400093815368526B8AB1A26B9A4208DD236883
:100D50005A1E226003F8015C636801336360E9E7AF
:100D6000214600F072F80028F1D0E1E721692268FD
:100D700041B1914206D212F8011CA94202D1013AB6
:100D80002260EAE7C4E90F2304F144036363032309
:100D9000A363234603F8465F23600123DEE710B513
:100DA0000C46496B69B104F14403994201D0FDF747
:100DB000AFFC0020236C6063636013B1E36B2360BE
:100DC00010BD23694FF0FF30236000236360A389C7
:100DD00043F02003A381F3E770B50B780446013894
:100DE0005E2B04F1FF0513BF4A1C8A1C4B780021BF
:100DF00008BF012100F8011FA842FBD10BB9501E0A
:100E000070BD81F001011046E154024612F8015B09
:100E10002D2D05D05D2D16D0002DF1D02B46F2E7FB
:100E200046785D2EFAD0B342F8DC02301A46013221
:100E30009642A154FBDCF21A5D1C013AB342A8BFF2
:100E40000022AB18E1E71046DAE72DE9F0410C4645
:100E5000496B04F1440399421AD14FF48061FDF7C4
:100E6000A1FC18B94FF0FF30BDE8F0814FF480636A
:100E7000606300F2FD30A36394F84630837094F809
:100E80004530437094F84430037020600020EBE755
:100E9000A66B77003A46FFF7C7FE05460028E1D06B
:100EA00000EB0608014632464046FFF773FDC4F8E2
:100EB0000080C4E90D57E9E751F8043C181F002BE6
:100EC000BCBF0B58C0187047747EFE7F0100000045
:100ED00025F20000000000006DF20000000000009C
:100EE000ADF2000000000000EDF200000000000084
:100EF00039F30000000000003D7A0100000000000E
:100F0000F1150100A40F0200B1BA010000000000B9
:100F100095BC010000000000091C0100B80F020090
:100F2000591A0100CC0F0200CD220100E00F02008F
:100F30008D190100000000007D2901000000000063
:100F40006DCA000000000000212D0100000000001B
:100F500035350100900F020045F000000000000050
:100F6000D97D010000000000BDE601000000000086
:100F700019110100F40F020095F8000000000000B4
:100F8000494A0100000000009D33010000000000FC
:100F90005A28020000000000F8C8002072CC00208F
:100FA000C8DD0020AA2702003814020050140200F5
:100FB0006ACC00201CDC0020D72702007414020039
:100FC0008C1402006ECC002070DC0020CF270200C1
:100FD000000000006C1402006CCC00200000000037
:100FE0000A280200B0140200E414020070CC0020B1
:100FF000DCC800209227020000000000201402003C
:1010000068CC00200000000000000000A9E80000FB
:1010100000000000A9E8000000000000A9E80000AE
:1010200000000000A9E8000000000000A9E800009E
:10103000F98301001580010000000000A9E800000C
:1010400000000000A9E80000E00F020035220100C6
:1010500000000000A9E8000000000000A9E800006E
:1010600000000000A9E8000000000000A9E800005E
:1010700000000000A9E80000F40F02008111010047
:10108000000000004996010000000000A9E80000EF
:1010900000000000A9E8000000000000A9E800002E
:1010A00000000000A9E8000000000000A9E800001E
:1010B000000000002D2A010000000000A9E8000047
:1010C00000000000A9E8000000000000A9E80000FE
:1010D00000000000A9E8000000000000A9E80000EE
:1010E00000000000A9E8000000000000A9E80000DE
:1010F00000000000A9E8000000000000A9E80000CE
:1011000000000000A9E8000000000000A9E80000BD
:1011100000000000A9E8000000000000A9E80000AD
:1011200000000000A9E8000000000000A9E800009D
:1011300000000000A9E8000000000000A9E800008D
:1011400000000000A9E8000000000000A9E800007D
:1011500000000000A9E80000B19301001580010023
:1011600000000000A9E8000000000000A9E800005D
:1011700000000000A9E8000000000000A9E800004D
:1011800000000000A9E8000000000000A9E800003D
:10119000D99101001580010000000000A9E80000BD
:1011A00000000000A9E8000000000000A9E800001D
:1011B00000000000A9E8000000000000A9E800000D
:1011C00000000000A9E8000000000000A9E80000FD
:1011D00000000000A9E8000000000000A9E80000ED
:1011E00000000000A9E8000000000000A9E80000DD
:1011F00000000000A9E8000000000000A9E80000CD
:1012000000000000A9E8000000000000A9E80000BC
:10121000000000000100000081370100A941010029
:101220006F1F0200030000009B2702000300000064
:10123000162A020003000000242002000300000020
:10124000C127020003000000A929020003000000DA
:10125000063C0200030000004320020003000000DF
:1012600047200200030000003121020003000000BB
:101270005531020003000000503C02000300000052
:1012800035250200030000001B26020003000000B9
:101290002326020003000000502802000300000083
:1012A0000F3F0200030000000F26020003000000B1
:1012B000F4250200030000000126020003000000E4
:1012C000172602000300000014280200030000009B
:1012D000AC130200C8C80020202102000100000059
:1012E000531A02001200000001000000D9A1010001
:1012F0006DAE0100C1B101004909020051090200AF
:10130000410902008304020005B201004D090200F8
:10131000450902008F400200B227020092400200FD
:1013200000000000000000000000000000000000BD
:101330000338FDD87047000095B00000F5B00000FC
:1013400000000000C1B0000010CF0020000100002C
:1013500009CD000011C900000200000031DB0000CF
:10136000000000000000000000000000000000007D
:10137000002102000821020000000000000000001F
:1013800000000000102102001421020018210200B8
:101390001C2102009C13020078DA0020A1DD00006D
:1013A00098DA0020F71B01200100000061DD000039
:1013B0002DDD0000F5DC0000C1DC000000000000B5
:1013C0008DDC00000000000080C50020000000004F
:1013D0000600010002000000DC1302000000000013
:1013E000C725020006000000E0FF0F0068C50020CE
:1013F000CF25020021000000E0FF0320412602006B
:1014000004000000462602000600000085040100DA
:10141000E904010045050100E50501002D06010074
:10142000110E01002D0F010058020000F1140100FF
:101430006514010000000000291701001D180100BB
:10144000B52702006115010091150100BB270200BC
:10145000C1170100851301003514010000000000D0
:101460008D1201000000000000000000211A0100A0
:1014700000000000FFFFFFFF002584400000000087
:10148000000000000010034001000000D11C01001A
:101490008D1A0100C11A0100F91A0100291B01006F
:1014A000591B0100711E0100951B01000000000086
:1014B000008000400200000000000000C014020094
:1014C00000800040CC14020001000000D41402008F
:1014D000040000001B0000000E0002009A01010041
:1014E0008F0103009D2101004D25010069210100AC
:1014F00000800020E8040000E884002000200000B4
:1015000068A500200020000000000000000000008E
:101510000100000059420100012C01000D3A0100B8
:1015200045370100193E01001D3D0100F93E010053
:101530006D40010000000000E53801006D38010039
:1015400015370100353F0100413B01004D3D0100D1
:1015500059360100A9350100ED3B010000000000F3
:1015600000000000B80F020000000000B80F0200E9
:1015700001000000B80F020004000000B80F0200D4
:1015800005000000B80F020008001100B80F0200AB
:1015900009001100B80F020012001100B80F02007C
:1015A00013001100582A02005D2A0200652A020079
:1015B000702A0200000000002B31020031310200CD
:1015C000373102003D31020043310200493102004F
:1015D0004F310200433A0200553A0200673A0200D6
:1015E000743A0200853A0200953A02009F3A0200DE
:1015F000B23A0200C53A0200D83A0200580200008E
:10160000100E0000A08C0000020000001E00000070
:101610003C000000009411000000000002000000E7
:101620003C000000680100003C0000003C0000009D
:101630003C0000003C0000000000000051A101003F
:1016400025A7010000000000E108020089B00100A8
:1016500041B20100582A02005D2A0200243E020025
:10166000303E020000000002000000010000000403
:101670000000000800000010000000000C00000046
:10168000690000000B0000007200000080000000F4
:101690001600000070000000780000007F000000CD
:1016A00080000000710000006800000016000000CB
:1016B000740000007300000073000000710000005F
:1016C0008C0000007A0000000D0000000B000000FC
:1016D0000B00000076000000ADBAADBAADBAADBAED
:1016E000ADBAADBAADBAADBAADBAADBAADBAADBAC2
:1016F000ADBAADBAADBAADBAADBAADBAADBAADBAB2
:10170000ADBAADBAADBAADBAADBAADBAADBAADBAA1
:10171000ADBAADBAADBAADBAADBAADBAADBAADBA91
:10172000ADBAADBAADBAADBAADBAADBAADBAADBA81
:10173000ADBAADBAADBAADBAADBAADBAADBAADBA71
:10174000ADBAADBAADBAADBAADBAADBAADBAADBA61
:10175000ADBAADBAADBAADBAADBAADBAADBAADBA51
:10176000ADBAADBAADBAADBAADBAADBAADBAADBA41
:10177000ADBAADBAADBAADBAADBAADBAADBAADBA31
:10178000ADBAADBAADBAADBAADBAADBAADBAADBA21
:10179000ADBAADBAADBAADBAADBAADBAADBAADBA11
:1017A000ADBAADBAADBAADBAADBAADBAADBAADBA01
:1017B000ADBAADBAADBAADBAADBAADBAADBAADBAF1
:1017C000ADBAADBAADBAADBAADBAADBAADBAADBAE1
:1017D000ADBAADBAADBAADBAADBAADBAADBAADBAD1
:1017E000ADBAADBAADBAADBAADBAADBAADBAADBAC1
:1017F000ADBAADBAADBAADBAADBAADBAADBAADBAB1
:10180000ADBAADBAADBAADBA6F0000006F0000005E
:101810006F0000006F0000006F0000006F0000000C
:101820006F0000000B0000007A000000470000007D
:101830000B0000000B0000005F000000041000001F
:101840000170000004700000FFFFFFFFFFFFFFFFBB
:10185000FFFFFFFFFFFFFFFFFFFFFFFFFFFFFFFF98
:10186000FFFFFFFFFFFFFFFF03700000027000009B
:10187000057000000670000008700000097000008C
:101880000A700000FFFFFFFFFFFFFFFFFFFFFFFFEA
:10189000FFFFFFFFFFFFFFFFFFFFFFFFFFFFFFFF58
:1018A000FFFFFFFFFFFFFFFFFFFFFFFF01800000C3
:1018B00010400000106000001130000012300000E5
:1018C000FFFFFFFFFFFFFFFFFFFFFFFFFFFFFFFF28
:1018D000FFFFFFFF10300000FFFFFFFFFFFFFFFFD4
:1018E000FFFFFFFFFFFFFFFFFFFFFFFFFFFFFFFF08
:1018F000FFFFFFFFFFFFFFFFFFFFFFFFFFFFFFFFF8
:10190000FFFFFFFFFFFFFFFFFFFFFFFFFFFFFFFFE7
:1019100006500000BB3E0200C93E0200DD3E020050
:10192000EC3E0200F83E0200D00E0200D00E020093
:10193000380F0200400F0200800F0200900F0200DB
:101940000000000000000000000000000000000097
:101950000000000000000000000000000000000087
:101960000000000000000000000000000000000077
:101970000000000000000000000000000000000067
:101980000000000000000000000000000000000057
:101990000000000000000000000000000000000047
:1019A000000428400405000000042840030400004F
:1019B0000004284002030000000428400102000047
:1019C00002000200020004000200080002000200FF
:1019D000020010002000400080000001000200040E
:1019E0000000010002000400060008000A000C00CC
:1019F0000E001000200040008000000100010001E6
:101A0000EAFF7AFFF4FF25732573004D51545420EB
:101A1000636F6E6E656374206661696C65643A20FD
:101A20002564004D51545420636C69656E742063C5
:101A30006F6E6E656374656400537562736372697B
:101A400062696E6720746F3A202573206C656E2082
:101A50002575004E52462F30312F444F574E5F535D
:101A6000545245414D004D51545420636C69656E8C
:101A70007420646973636F6E6E65637465643A2085
:101A80002564004D515454205055424C4953482030
:101A9000726573756C743D2564206C656E3D2564BC
:101AA000005265636569766564207061796C6F6169
:101AB0006420282564206279746573292069732065
:101AC0006C6172676572207468616E20746865204D
:101AD0007061796C6F6164206275666665722073EF
:101AE000697A6520282564206279746573292E003F
:101AF00052656365697665643A20004C4544314F10
:101B00004E004C4544314F4646006765745F726530
:101B10006365697665645F7061796C6F6164206686
:101B200061696C65643A20256400446973636F6E73
:101B30006E656374696E67204D51545420636C69FF
:101B4000656E742E2E2E00436F756C64206E6F745C
:101B500020646973636F6E6E6563743A2025640058
:101B60004D5154542050554241434B206572726F81
:101B7000723A2025640050554241434B2070616306
:101B80006B65742069643A202575004D51545420CA
:101B900053554241434B206572726F723A2025645F
:101BA0000053554241434B207061636B657420695B
:101BB000643A202575004D5154542050494E4752E7
:101BC000455350206572726F723A20256400556E3D
:101BD00068616E646C6564204D515454206576656F
:101BE0006E7420747970653A202564004E52462F39
:101BF00030312F55505F53545245414D005075625E
:101C00006C697368696E673A2000746F20746F7036
:101C100069633A202573206C656E3A20257500694A
:101C20006F742D636F757273652D6275742E636C9E
:101C30006F75642E7368696674722E696F006765CC
:101C40007461646472696E666F206661696C656454
:101C50003A202564004661696C656420746F2069D0
:101C60006E697469616C697A652062726F6B657206
:101C700020636F6E6E656374696F6E0049507634D1
:101C8000204164647265737320666F756E642025ED
:101C9000730061695F616464726C656E203D20252C
:101CA000752073686F756C64206265202575206FE0
:101CB000722025750041542B4347534E00466169FD
:101CC0006C656420746F206F627461696E20494D89
:101CD00045492C206572726F723A202564006E723D
:101CE000662D252E2A73007468697369737468659C
:101CF0006D6F737473656372657473656372657415
:101D00006576657200696F742D636F757273652DEA
:101D100062757400436F6E6E6563746564202D2078
:101D2000686F6D65206E6574776F726B00436F6EC0
:101D30006E6563746564202D20726F616D696E67D6
:101D400000436F6E6E65637465640049646C650082
:101D50004E6574776F726B20726567697374726118
:101D600074696F6E207374617475733A2025730003
:101D7000525243206D6F64653A2025730073697A6F
:101D800065206F66207374727563742069733A20DE
:101D9000256400737465703A202564004661696C9F
:101DA000656420746F2073656E64206D6573736164
:101DB00067652C20256400536F6D6520636F6E741A
:101DC000657874000A53414D504C452041505020D5
:101DD0005354415254530A00414443206E6F7420BF
:101DE00072656164790A004661696C656420746F8C
:101DF00020696E697469616C697A65207468652010
:101E00004C4544206C69627261727900496E697454
:101E100069616C697A696E67206D6F64656D206CAD
:101E2000696272617279004661696C656420746FE1
:101E300020696E697469616C697A652074686520CF
:101E40006D6F64656D206C6962726172792C2065BA
:101E500072726F723A20256400436F6E6E65637410
:101E6000696E6720746F204C5445206E6574776FDF
:101E7000726B004572726F7220696E206C74655FC0
:101E80006C635F636F6E6E6563745F6173796E63BD
:101E90002C206572726F723A20256400436F6E6E5B
:101EA000656374656420746F204C5445206E6574BE
:101EB000776F726B004661696C656420746F206394
:101EC0006F6E66696775726520746865206D6F64F2
:101ED000656D004661696C656420746F20696E6988
:101EE0007469616C697A65207468652062757474C0
:101EF0006F6E73206C696272617279004661696C01
:101F0000656420746F20696E697469616C697A65B3
:101F1000204D51545420636C69656E743A202564D9
:101F2000005265636F6E6E656374696E6720696EDB
:101F3000202564207365636F6E64732E2E2E00451A
:101F400072726F7220696E206D7174745F636F6E50
:101F50006E6563743A202564004572726F72206961
:101F60006E206664735F696E69743A202564004C64
:101F70006573736F6E345F4578657263697365313D
:101F80000028756E7369676E6564292063686172E5
:101F9000202A207573656420666F722025257020C5
:101FA000617267756D656E742E2049742773207297
:101FB00065636F6D6D656E64656420746F20636129
:101FC000737420697420746F20766F6964202A20EE
:101FD00062656361757365206974206D6179206342
:101FE00061757365206D69736265686176696F728A
:101FF00020696E206365727461696E20636F6E661E
:10200000696775726174696F6E732E20537472699B
:102010006E673A2225732220617267756D656E7452
:102020003A25640063627072696E74665F70616302
:102030006B61676500286E696C29006C6F67676962
:102040006E67006C6F67006C6F675F6D676D740023
:102050004D657373616765202822257322292064EA
:10206000726F707065642062656361757365206965
:102070007420657863656564732073697A65206C84
:10208000696D69746174696F6E2028257529001B5C
:102090005B306D00257320005B2530386C755D204A
:1020A000005B253032753A253032753A253032756D
:1020B0002E253033752C253033755D20003C25737B
:1020C0003E200025732F0025733A200025303278FA
:1020D0002000202020007C00206D657373616765FF
:1020E000732064726F70706564202D2D2D0D0A1B96
:1020F0005B306D001B5B313B33316D2D2D2D20008E
:102100001B5B313B33316D001B5B313B33336D0067
:102110006572720077726E00696E660064626700B5
:102120006C6F675F6261636B656E645F756172742B
:10213000006C6F675F756172740072302F61313AA5
:102140002020307825303878202072312F61323AC3
:102150002020307825303878202072322F61333AB1
:1021600020203078253038780072332F61343A20BF
:1021700020307825303878207231322F69703A203B
:1021800020307825303878207231342F6C723A2024
:10219000203078253038780020787073723A20200B
:1021A000307825303878004661756C74696E672028
:1021B000696E737472756374696F6E2061646472A2
:1021C00065737320287231352F7063293A20307877
:1021D00025303878002A2A2A2A2A204D50552046B0
:1021E00041554C54202A2A2A2A2A0020205374615F
:1021F000636B696E67206572726F722028636F6E01
:10220000746578742061726561206D6967687420F7
:102210006265206E6F742076616C696429002020ED
:10222000556E737461636B696E67206572726F724D
:1022300000202044617461204163636573732056FC
:10224000696F6C6174696F6E0020204D4D4641527C
:1022500020416464726573733A20307825780020D9
:1022600020496E737472756374696F6E2041636385
:102270006573732056696F6C6174696F6E002020FE
:10228000466C6F6174696E672D706F696E74206C37
:10229000617A7920737461746520707265736572F8
:1022A000766174696F6E206572726F72002A2A2AD5
:1022B0002A2A205553414745204641554C54202A4F
:1022C0002A2A2A2A0020204469766973696F6E20C1
:1022D0006279207A65726F002020556E616C6967A3
:1022E0006E6564206D656D6F7279206163636573DF
:1022F00073002020537461636B206F766572666C87
:102300006F772028636F6E746578742061726561E1
:10231000206E6F742076616C6964290020204E6FF6
:1023200020636F70726F636573736F7220696E7371
:102330007472756374696F6E73002020496C6C65EC
:1023400067616C206C6F6164206F66204558435F45
:1023500052455455524E20696E746F2050430020F0
:1023600020496C6C6567616C20757365206F662011
:102370007468652045505352002020417474656D87
:10238000707420746F206578656375746520756E50
:10239000646566696E656420696E737472756374D2
:1023A000696F6E002A2A2A2A2A2042555320464164
:1023B000554C54202A2A2A2A2A002020537461636B
:1023C0006B696E67206572726F72002020507265B3
:1023D000636973652064617461206275732065723E
:1023E000726F72002020424641522041646472653F
:1023F00073733A2030782578002020496D7072651B
:10240000636973652064617461206275732065720D
:10241000726F72002020496E737472756374696FF5
:102420006E20627573206572726F720052657365FB
:102430007276656420457863657074696F6E2028D4
:102440000053707572696F757320696E746572726E
:102450007570742028495251200045786365707466
:10246000696F6E206F6363757272656420696E2098
:10247000536563757265205374617465002A2A2A56
:102480002A2A2048415244204641554C54202A2AA9
:102490002A2A2A002020427573206661756C7420F8
:1024A0006F6E20766563746F72207461626C652054
:1024B00072656164002020446562756720657665F9
:1024C0006E740020204661756C7420657363616CC6
:1024D0006174696F6E20287365652062656C6F7723
:1024E0002900415243485F4558434550542077697D
:1024F000746820726561736F6E2025780A002A2A3D
:102500002A2A2A204465627567206D6F6E69746F90
:102510007220657863657074696F6E202A2A2A2A92
:102520002A002A2A2A2A2A20257320256429202ADB
:102530002A2A2A2A006D7075004661696C6564203C
:10254000746F20616C6C6F63617465206E657720B9
:102550004D505520726567696F6E2025750A0050D1
:102560006172746974696F6E2025753A2073616EAB
:1025700069747920636865636B206661696C656462
:102580002E00496E76616C696420756E6465726CAC
:1025900079696E6720726567696F6E20696E646520
:1025A0007820257500496E76616C696420617474C9
:1025B00072696275746520666F7220746865207236
:1025C0006567696F6E0A00464C4153485F3000539F
:1025D00052414D5F30002A20627566666572206F39
:1025E000766572666C6F7720646574656374656484
:1025F000202A0A00707468726561645F636F6E649C
:1026000000707468726561645F6D757465780070E0
:1026100074687265616400736F63006E65745F62F5
:102620007566006E65745F6275665F73696D706C68
:102630006500776C616E2564006E6574256400E04A
:10264000004D515454004D51497364700053656CF2
:10265000656374656420414443206761696E206945
:1026600073206E6F742076616C69640053656C65CD
:102670006374656420414443207265666572656ECB
:102680006365206973206E6F742076616C696400E5
:1026900053656C65637465642041444320616371D4
:1026A0007569736974696F6E2074696D65206973EB
:1026B000206E6F742076616C696400496E76616C7F
:1026C00069642073656C656374696F6E206F662042
:1026D0006368616E6E656C73004368616E6E656CF5
:1026E000202575206E6F7420636F6E666967757242
:1026F000656400414443207265736F6C7574696F43
:102700006E2076616C7565202564206973206E6F7C
:10271000742076616C6964004F76657273616D70C8
:102720006C696E6720697320737570706F72746561
:102730006420666F722073696E676C6520636861E0
:102740006E6E656C206F6E6C79004F76657273618A
:102750006D706C696E672076616C756520256420EC
:102760006973206E6F742076616C69640050726FBB
:102770007669646564206275666665722069732097
:10278000746F6F20736D616C6C202825752F257513
:1027900029006164634065303030006164635F6EBE
:1027A0007266785F736161646300636C6F636B4032
:1027B00035303030006866636C6B006C66636C6B40
:1027C00000636C6F636B5F636F6E74726F6C00702D
:1027D00073612D726E67006770696F4038343235EF
:1027E00030300000010203040506074661696C658C
:1027F0006420746F20616C6C6F636174652050504D
:1028000049204368616E6E656C0075617274403872
:1028100030303000756172745F6E7266785F75611A
:10282000727465004D6F64656D206C6962726172CF
:102830007920696E697469616C697A6174696F6E17
:10284000206661696C65642C2065727220256400C5
:102850006E72665F6D6F64656D006E726639315FB2
:10286000736F636B6574004D6F64656D2068617391
:1028700020637261736865642C20726561736F6E8A
:1028800020307825782C2050433A20307825780065
:102890004C454420696E646578206F7574206F66BE
:1028A000207468652072616E67650043616E6E6FAB
:1028B000742072656164206770696F2070696E00B2
:1028C00043616E6E6F74207772697465204C454465
:1028D000206770696F004750494F2049525120636B
:1028E0006F6E666967206661696C65642C2065722D
:1028F000723A202564004661696C656420646973DE
:1029000061626C696E6720696E746572727570744D
:10291000730043616E6E6F742064697361626C65ED
:102920002063616C6C6261636B730043616E6E6FF8
:102930007420656E61626C652063616C6C626163BA
:102940006B730043616E6E6F7420636F6E666967B0
:10295000757265204C4544206770696F0043616E55
:102960006E6F7420636F6E6669677572652062753D
:1029700074746F6E206770696F0043616E6E6F7460
:102980002064697361626C652063616C6C62616371
:102990006B7328290043616E6E6F7420616464203C
:1029A00063616C6C6261636B00646B5F627574740D
:1029B0006F6E735F616E645F6C656473004661691E
:1029C0006C656420746F20686F6F6B20746865207D
:1029D00064697370617463682066756E6374696F8F
:1029E0006E2C20657272202564004E6F2068656130
:1029F0007020737061636520666F7220696E636F0B
:102A00006D696E67206E6F74696669636174696F62
:102A10006E3A2025730061745F6D6F6E69746F721A
:102A2000002B43474556002B4350494E0025534841
:102A30004F52545357564552002548575645525306
:102A4000494F4E0025584D4F44454D55554944007A
:102A500025584943434944004F4B0D0A0045525203
:102A60004F520D0A002B434D45204552524F520004
:102A70002B434D53204552524F520043616E2774F1
:102A8000207061727365207369676E616C6C696E2A
:102A900067206D6F64652C206572726F723A202515
:102AA000640043616E277420706172736520654411
:102AB00052582C206572726F723A2025640043616F
:102AC0006E277420706172736520544155207072B6
:102AD000652D7761726E696E67206E6F74696669C5
:102AE000636174696F6E2C206572726F723A202573
:102AF00064004661696C656420746F20616C6C6F62
:102B000063617465206D656D6F727920666F7220E8
:102B1000746865204743492063656C6C73004E6F91
:102B20007420616C6C206E65696768626F722063E7
:102B3000656C6C7320636F756C64206265207061D6
:102B4000727365642E204D6F72652063656C6C73C3
:102B5000207468616E2074686520636F6E666967B3
:102B600075726564206D617820636F756E74206F77
:102B700066202564207765726520666F756E640037
:102B800050617273696E67206F66206E6569676851
:102B9000626F722063656C6C73206661696C65643A
:102BA0002C206572723A202564004661696C656468
:102BB00020746F20616C6C6F63617465206D656D4E
:102BC0006F727920666F72206E65696768626F72D6
:102BD0002063656C6C73004E6F7420616C6C206EAA
:102BE00065696768626F722063656C6C7320636FE0
:102BF000756C642062652070617273656400436166
:102C00006E2774207061727365206D6F64656D202E
:102C1000736C656570207072652D7761726E696E78
:102C200067206E6F74696669636174696F6E2C20CA
:102C30006572726F723A2025640043616E277420BA
:102C40007061727365206D6F64656D206576656E69
:102C500074206E6F74696669636174696F6E2C208D
:102C60006572726F723A2025640041542B434552BD
:102C700045473D35004661696C656420746F20737B
:102C8000756273637269626520746F2043455245B3
:102C900047206E6F74696669636174696F6E732C27
:102CA000206572726F723A202564004661696C6516
:102CB0006420746F20656E61626C652052524320FF
:102CC0006E6F74696669636174696F6E7320282B17
:102CD0004353434F4E292C206572726F7220256436
:102CE000004E6F2068616E646C6572207265676962
:102CF0007374657265640041542B4350534D533DCA
:102D0000312C2C2C222573222C2225732200415495
:102D10002B4350534D533D312C2C2C222573220034
:102D200041542B4350534D533D312C2C2C2C2225F8
:102D300073220041542B4350534D533D31006E726A
:102D4000665F6D6F64656D5F61745F7072696E74EC
:102D500066206661696C65642C207265706F7274A0
:102D60006564206572726F723A20256400415425B3
:102D700025584D4F4E49544F5200415420636F6DBA
:102D80006D616E64206661696C65642C2065727289
:102D90006F723A20256400415420636F6D6D616E3F
:102DA000642070617273696E67206661696C656426
:102DB000004661696C656420746F20706172736590
:102DC0002050534D20636F6E666967757261746938
:102DD0006F6E2C206572726F723A20256400466116
:102DE000696C656420746F207061727365206E6F0A
:102DF00074696669636174696F6E20286572726FA9
:102E000072202564293A202573004661696C656447
:102E100020746F206765742050534D20696E666F73
:102E2000726D6174696F6E004154252546454143BA
:102E30004F4E463D25642C25642C2575004661695E
:102E40006C656420746F2064697361626C652065D1
:102E50004452582C207265706F72746564206572DC
:102E6000726F723A2025640041542B4345445258F6
:102E7000533D322C25642C222573220041542B43D0
:102E800045445258533D322C2564004661696C65B7
:102E90006420746F20656E61626C652065445258D1
:102EA0002C207265706F72746564206572726F7227
:102EB0003A2025640041542525585054573D256437
:102EC0002C22257322004661696C656420746F2092
:102ED00072657175657374205054572C207265703B
:102EE0006F72746564206572726F723A2025640097
:102EF0002B43455245473A20252A752C2568752CC9
:102F0000252A5B5E2C5D2C222578222C0041542B37
:102F100043455245473F00436F756C64206E6F74A4
:102F20002067657420726567697374726174696F74
:102F30006E207374617475732C206572726F723AAF
:102F400020256400496E76616C696420737973741E
:102F5000656D206D6F64652072657175657374654C
:102F6000643A20256400496E76616C6964204C5493
:102F70004520707265666572656E63652072657165
:102F80007565737465643A2025640041542525589D
:102F900053595354454D4D4F44453D25732C25639E
:102FA00000436F756C64206E6F742073656E6420CF
:102FB000415420636F6D6D616E642C206572726F79
:102FC000723A202564002B4346554E3A20256875F9
:102FD0000041542B4346554E3F00415420636F6DD2
:102FE0006D616E64206661696C65642C206E72662A
:102FF0005F6D6F64656D5F61745F7363616E66289A
:10300000292072657475726E6564206572726F72C4
:103010003A202564004661696C656420746F206500
:103020006E61626C65206E6F746966696361746954
:103030006F6E732C206572726F723A20256400499E
:103040006E76616C69642066756E6374696F6E611B
:103050006C206D6F64653A2025640041542B434613
:10306000554E3D2564004661696C656420746F208F
:103070007365742066756E6374696F6E616C206D24
:103080006F64652E20506C656173652063686563AD
:103090006B205853595354454D4D4F44452E0046CF
:1030A00061696C656420746F206765742063757254
:1030B00072656E7420726567697374726174696F8A
:1030C0006E20737461747573004E6574776F726BE4
:1030D00020636F6E6E656374696F6E2061747465D2
:1030E0006D70742074696D6564206F757400254D72
:1030F000444D45560025584D4F44454D534C45458C
:103100005000254E43454C4C4D45415300255854E5
:1031100033343132002B434544525850002B435333
:10312000434F4E002B434552454700312C302C3045
:1031300000302C312C3000302C302C3100312C3030
:103140002C3100302C312C3100312C312C3000311D
:103150002C312C31006C74655F6C6300303132337C
:103160003441542B4353434F4E3D310041542B4384
:1031700050534D533D0041542B4345445258533D09
:103180003300496E76616C696420706F696E746596
:10319000722070726F766964656400436F756C6449
:1031A000206E6F7420696E697420415420706172C2
:1031B000616D73206C6973742C206572726F723A42
:1031C00020256400436F756C64206E6F74207061FD
:1031D000727365206544525820726573706F6E7308
:1031E000652C206572726F723A2025640046616911
:1031F0006C656420746F20676574204C5445206DA5
:103200006F64652C206572726F723A2025640046E7
:1032100061696C656420746F206765742065445231
:103220005820636F6E66696775726174696F6E2C82
:10323000206572726F723A202564004661696C6580
:103240006420746F2067657420654452582076614D
:103250006C75652C206572726F723B202564004688
:1032600061696C656420746F2067657420505457E1
:1032700020636F6E66696775726174696F6E2C206A
:103280006572726F723A20256400496E76616C69CE
:103290006420505457206C6F6F6B757020696E649A
:1032A00065783A20256400556E61626C6520746F04
:1032B00020706172736520706572696F6469632044
:1032C00054415520737472696E6720285433343129
:1032D0003220657874656E6465642900556E61629C
:1032E0006C6520746F2070617273652070657269FF
:1032F0006F6469632054415520737472696E67204E
:10330000285433343132290045787065637465641C
:103310002076616C69642054333431322074696DD5
:10332000657220756E697400556E61626C652074FB
:103330006F207061727365206163746976652074B3
:10334000696D6520737472696E6700436F756C6494
:10335000206E6F74207061727365202B4353434F4E
:103360004E20726573706F6E73652C206572726F7C
:10337000723A20256400436F756C64206E6F742070
:10338000676574207369676E616C6C696E67206D28
:103390006F64652C206572726F723A202564004953
:1033A0006E76616C6964207369676E616C6C696EBE
:1033B00067206D6F64653A20256400436F756C6407
:1033C000206E6F742070617273652041542B4345E9
:1033D00052454720726573706F6E73652C2065725D
:1033E000726F723A20256400436F756C64206E6FB3
:1033F000742067657420726573706F6E73652070DA
:1034000072656669782C206572726F723A20256445
:1034100000496E76616C6964206E6574776F726BBB
:1034200020726567697374726174696F6E2073745A
:10343000617475733A20256400436F756C64206E67
:103440006F742070617273652025255854333431B0
:103450003220726573706F6E73652C206572726FA7
:10346000723A20256400436F756C64206E6F74207F
:103470006765742074696D6520756E74696C206E63
:10348000657874205441552C206572726F723A2011
:103490002564005061727365642074696D652070E5
:1034A0006172616D65746572206E6F7420776974E6
:1034B00068696E2076616C69642072616E67650070
:1034C00061745F726573706F6E7365206973204EEF
:1034D000554C4C2C2063616E277420676574206303
:1034E000656C6C20636F756E7400436F756C64203F
:1034F0006E6F7420706172736520415425254E43B0
:10350000454C4C4D45415320726573706F6E736529
:103510002C206572726F723A20256400436F756CBF
:1035200064206E6F7420696E69742041542070614C
:1035300072616D73206C69737420666F72206365AD
:103540006C6C5F6C6973742C206572726F723A20B8
:1035500025640045324249472077617320726574C3
:1035600075726E65642C20636F6E74696E75652E5E
:1035700020706172616D5F636F756E742025642CBD
:10358000206572722025642C2073747220257300CC
:103590004E6F7420612076616C6964204E43454C07
:1035A0004C4D45415320726573706F6E7365004ECC
:1035B00043454C4C4D454153206D656173757265B3
:1035C0006D656E747320696E746572727570746562
:1035D000643B20726573756C747320696E636F6DE4
:1035E000706C65746500436F756C64206E6F742039
:1035F00070617273652063656C6C5F69642C20690F
:103600006E6465782025642C20692025642065720D
:10361000726F723A2025640063656C6C5F69642088
:103620003D202564207768696368206973203E2007
:103630004C54455F4C435F43454C4C5F4555545299
:10364000414E5F49445F4D41583B206D61726B694B
:103650006E6720696E76616C696400436F756C6497
:10366000206E6F7420706172736520706C6D6E2CAB
:10367000206572726F723A20256400737472696EED
:10368000675F746F5F696E742C206572726F723A37
:1036900020256400436F756C64206E6F7420706128
:1036A00072736520747261636B696E675F617265C6
:1036B000615F636F646520696E20692025642C203A
:1036C0006572726F723A20256400436F756C6420D6
:1036D0006E6F742070617273652074696D696E67B6
:1036E0005F616476616E63652C206572726F723AF9
:1036F00020256400436F756C64206E6F74207061C8
:103700007273652074696D696E675F616476616E5E
:1037100063655F6D6561735F74696D652C206572AB
:10372000726F723A20256400436F756C64206E6F6F
:10373000742070617273652065617266636E2C20FF
:103740006572726F723A20256400436F756C642055
:103750006E6F7420706172736520706879735F6337
:10376000656C6C5F69642C206572726F723A2025FB
:103770006400436F756C64206E6F742070617273A7
:103780006520727372702C206572726F723A2025F8
:103790006400436F756C64206E6F74207061727387
:1037A0006520727372712C206572726F723A2025D7
:1037B0006400436F756C64206E6F74207061727367
:1037C00065206D6561735F74696D652C206572722B
:1037D0006F723A20256400436F756C64206E6F74BD
:1037E0002070617273652073657276696E672C2034
:1037F0006572726F723A20256400436F756C6420A5
:103800006E6F74207061727365206E65696768629F
:103810006F725F636F756E742C206572726F723A8F
:103820002025640043757474696E67207265737037
:103830006F6E73652C2062656361757365207265B8
:10384000636569766564206E656967626F7220637F
:10385000656C6C20636F756E742069732062696794
:10386000676572207468616E20636F6E6669677544
:10387000726564206D61783A202564004661696C48
:10388000656420746F20616C6C6F63617465206D7A
:10389000656D6F727920666F7220746865206E6343
:1038A000656C6C732028636F6E74696E7565290092
:1038B000436F756C64206E6F742070617273652045
:1038C0006E5F65617266636E2C206572726F723A0C
:1038D00020256400436F756C64206E6F74207061E6
:1038E000727365206E5F706879735F63656C6C5F7F
:1038F00069642C206572726F723A20256400436FF0
:10390000756C64206E6F74207061727365206E5FD9
:10391000727372702C206572726F723A2025640087
:10392000436F756C64206E6F7420706172736520D4
:103930006E5F727372712C206572726F723A2025FD
:103940006400436F756C64206E6F742070617273D5
:10395000652074696D655F646966662C20657272A6
:103960006F723A202564004275666665722069733D
:1039700020746F6F20736D616C6C3B207265737582
:103980006C747320696E636F6D706C6574653A203A
:10399000256400436F756C64206E6F7420706172D3
:1039A0007365202525584D4F44454D534C45455092
:1039B00020726573706F6E73652C206572726F7202
:1039C0003A20256400436F756C64206E6F74206725
:1039D0006574206D6F646520736C65657020747903
:1039E00070652C206572726F723A20256400436FF7
:1039F000756C64206E6F74206765742074696D65E2
:103A000020756E74696C206E657874206D6F6465C6
:103A10006D20736C6565702C206572726F723A2030
:103A2000256400254D444D45563A2000496E766187
:103A30006C6964204D444D455620726573706F6EFD
:103A400073650053454152434820535441545553E4
:103A500020310D0A005345415243482053544154EC
:103A6000555320320D0A005245534554204C4F4FB8
:103A7000500D0A004D452042415454455259204CA6
:103A80004F570D0A004D45204F5645524845415469
:103A900045440D0A004E4F20494D45490D0A00503E
:103AA000524143482043452D4C4556454C20300D4E
:103AB0000A0050524143482043452D4C4556454C41
:103AC00020310D0A0050524143482043452D4C45BA
:103AD00056454C20320D0A00505241434820434580
:103AE0002D4C4556454C20330D0A003030313030D6
:103AF00030303100303030303030313100466169A3
:103B00006C656420746F207365742050534D207071
:103B10006172616D732C20657272202564004661AC
:103B2000696C656420746F20636F6E666967757277
:103B3000652050534D2C206572722025640046612B
:103B4000696C656420746F20636F6E666967757257
:103B50006520654452582C2065727220256400410E
:103B60005425255241493D2564004661696C6564D0
:103B700020746F20636F6E666967757265205241AD
:103B8000492C20657272202564004D6F64656D209C
:103B90006C69627261727920696E697420657272F3
:103BA0006F723A2025642C206C74655F6C63206E04
:103BB0006F7420696E697469616C697A6564004626
:103BC00061696C656420746F207365742073797308
:103BD00074656D206D6F646520616E64206D6F6427
:103BE0006520707265666572656E63652C2065720E
:103BF0007220256400526573657474696E67207362
:103C0000797374656D00666174616C5F6572726F63
:103C100072004661696C656420746F20736574205E
:103C2000636F6E66696775726174696F6E2028656F
:103C300072723A202564290041542558434F455853
:103C4000303D312C312C313536352C31353836007C
:103C50006D6F64656D5F616E74656E6E6100544674
:103C60002D4D206E6F6E2D736563757265206361D7
:103C70006C6C6261636B20696E697469616C697AEE
:103C80006174696F6E206661696C65642C20657271
:103C9000726F723A202564002A2A2A2A2A20534564
:103CA00043555245204641554C54202A2A2A2A2A57
:103CB000002020416464726573733A20307825785F
:103CC000002020496E76616C696420656E7472799B
:103CD00020706F696E74002020496E76616C696493
:103CE00020696E74656772697479207369676E61A3
:103CF00074757265002020496E76616C6964206578
:103D00007863657074696F6E2072657475726E0089
:103D100020204174747269627574696F6E20756ECB
:103D200069742076696F6C6174696F6E0020204938
:103D30006E76616C6964207472616E736974696F08
:103D40006E0020204C617A79207374617465207054
:103D50007265736572766174696F6E0020204C61C4
:103D60007A79207374617465206572726F72002AAB
:103D70002A2A2A2A2053505520494E54455252553A
:103D80005054202A2A2A2A2A00202053656375725B
:103D90006974792076696F6C6174696F6E20666FE3
:103DA000722074686520666C617368206D656D6F44
:103DB00072792073706163650020205365637572AA
:103DC0006974792076696F6C6174696F6E20666FB3
:103DD00072207468652052414D206D656D6F727957
:103DE0002073706163650020205365637572697488
:103DF000792076696F6C6174696F6E206F6E206FC9
:103E00006E65206F72207365766572616C207065D7
:103E1000726970686572616C732E0041542B434661
:103E2000554E3D002B434D45204552524F523A00CE
:103E30002B434D53204552524F523A0070646E004E
:103E400000010205556E6B6E6F776E206572726FA2
:103E50007200756E6B6E6F776E003E3E3E205A4567
:103E60005048595220464154414C204552524F52DD
:103E70002025643A202573206F6E2043505520255D
:103E800064004661756C7420647572696E672069A0
:103E90006E746572727570742068616E646C696EA0
:103EA000670A0043757272656E742074687265618A
:103EB000643A202570202825732900435055206539
:103EC0007863657074696F6E00556E68616E646CBE
:103ED000656420696E7465727275707400537461E4
:103EE000636B206F766572666C6F77004B65726EE0
:103EF000656C206F6F7073004B65726E656C20701F
:103F0000616E69630069646C65006D61696E006F64
:103F100073002A2A2A20426F6F74696E67206E52DE
:103F20004620436F6E6E6563742053444B206439A2
:103F300036373639666163656361202A2A2A0A00AA
:103F4000737973776F726B7100002020202020201E
:103F50002020202828282828202020202020202039
:103F60002020202020202020202088101010101039
:103F70001010101010101010101004040404040489
:103F8000040404041010101010101041414141416C
:103F900041010101010101010101010101010101D1
:103FA0000101010101101010101010424242424262
:103FB00042020202020202020202020202020202A1
:103FC0000202020202101010102000000000000087
:103FD00000000000000000000000000000000000E1
:103FE00000000000000000000000000000000000D1
:103FF00000000000000000000000000000000000C1
:1040000000000000000000000000000000000000B0
:1040100000000000000000000000000000000000A0
:104020000000000000000000000000000000000090
:104030000000000000000000000000000000000080
:104040000000000000000000000030313233343541
:1040500036373839414243444546003031323334F3
:10406000353637383961626364656600232D302B3D
:104070002000686C4C0065666745464700412D4648
:10408000612D66383930313233343536375D002BA7
:104090002D00785800000000F576010000000000B7
:1040A0009D79010000000000497801000000000037
:1040B0003977010000000000FFFFFFFFFFFFFFFF57
:1040C000FFFFFFFFFFFFFFFFFFFFFFFFFFFFFFFF00
:1040D00000000000000000000000000000000000E0
:1040E00041E00100000000000000000000000000AE
:1040F000A0C50020A0C50020B90D010000000000EF
:1041000000000000000000000000000000000000AF
:10411000C0C50020C0C50020000000000100000054
:10412000D0C50020D0C50020D8C50020D8C50020AB
:104130000000000001000000E8C50020E8C50020E4
:10414000000000000000000000000000000000006F
:10415000000000000000000000000000000000005F
:10416000000000000000000000000000000000004F
:10417000000000000000000015CD5B0700000000FB
:10418000E71C02001D000000051D02000E000000DB
:10419000BDA600000000000038130200010000006E
:1041A00050C6002050C600200000000000000000A3
:1041B0000E00000064C6002064C60020000000005D
:1041C000381302000100000078C6002078C60020E5
:1041D00000000000000000000E0000008CC600205F
:1041E0008CC600200000000038130200010000000F
:1041F000A0C60020A0C600200000000000000000B3
:104200000E000000B4C60020B4C60020000000006C
:10421000000000000000000000000000000000009E
:10422000000000000000000000000000000000008E
:10423000000000000000000000000000000000007E
:10424000000000000000000000000000000000006E
:10425000000000000000000000000000000000005E
:10426000000000000000000000000000000000004E
:10427000000000000000000000000000000000003E
:10428000000000000000000000000000000000002E
:10429000000000000000000000000000000000001E
:1042A000000000000000000000000000000000000E
:1042B00000000000000000000000000000000000FE
:1042C00000000000000000000000000000000000EE
:1042D00000000000000000000000000000000000DE
:1042E00000000000000000000000000000000000CE
:1042F00000000000000000000000000000000000BE
:1043000000000000000000000000000000000000AD
:10431000000000000000000000000000000000009D
:10432000000000000000000000000000000000008D
:10433000000000000000000000000000000000007D
:10434000000000000000000000000000000000006D
:10435000000000000000000000000000000000005D
:10436000000000000000000000000000000000004D
:10437000000000000000000000000000000000003D
:10438000000000000000000000000000000000002D
:10439000000000000000000000000000000000001D
:1043A000000000000000000000000000000000000D
:1043B00000000000000000000000000000000000FD
:1043C00000000000000000000000000000000000ED
:1043D00000000000000000000000000000000000DD
:1043E00000000000000000000000000000000000CD
:1043F00000000000000000000000000000000000BD
:1044000000000000000000000000000000000000AC
:104410000000000059C900009413020000000000D1
:1044200071F00000D4C80020D4C8002000000000B3
:1044300000C201000001030000000000FA1B01207F
:10444000F91B012000000000154001007D3501002E
:104450000000000000000000754B0100000000009B
:1044600000000000FFFF000000000000000000004E
:10447000000000000000000000000000000000003C
:10448000000000000000000000000000000000002C
:10449000000000000000000000000000000000001C
:1044A000000000000000000000000000000000000C
:1044B000000000000000000008000000FF000000F5
:1044C00000000000010000000000000000000000EB
:1044D00000000000000000000000000000000000DC
:1044E00000000000000000000000000000000000CC
:1044F00000000000000000000000000000000000BC
:1045000000000000000000000000000000000000AB
:104510000000000000000000000000000800000093
:10452000FF0000000000000001000000000000008B
:10453000CD990100619701001D9901006D9701005F
:10454000699C0100F1990100319C010035F70100DF
:104550002FF7010029F7010008CA002008CA00202F
:1045600014CA002000000000801902006019020037
:1045700040190200000000000000000000000000E0
:10458000000000000000000000000000000000002B
:10459000000000000000000000000000000000001B
:1045A000000000000000000000000000000000000B
:1045B00000000000000000000000000000000000FB
:1045C00000000000000001000200030004000500DC
:1045D00006000700080009000A000B000C000D008F
:1045E0000E000F000000010002000300040005009F
:1045F00006000700080009000A000B000C000D006F
:104600000E000F000000010002000300040005007E
:1046100006000700080009000A000B000C000D004E
:104620000E000F000000010002000300040005005E
:1046300006000700080009000A000B000C000D002E
:104640000E000F000000010002000300040005003E
:1046500006000700080009000A000B000C000D000E
:104660000E000F000000010002000300040005001E
:1046700006000700080009000A000B000C000D00EE
:104680000E000F00000001000200030004000500FE
:1046900006000700080009000A000B000C000D00CE
:1046A0000E000F00000001000200030004000500DE
:1046B00006000700080009000A000B000C000D00AE
:1046C0000E000F00000001000200030004000500BE
:1046D00006000700080009000A000B000C000D008E
:1046E0000E000F000000010002000300040005009E
:1046F00006000700080009000A000B000C000D006E
:104700000E000F000000010002000300040005007D
:1047100006000700080009000A000B000C000D004D
:104720000E000F000000010002000300040005005D
:1047300006000700080009000A000B000C000D002D
:104740000E000F00010306303030303030313100C0
:1047500030303130303030310031303031003130B4
:1047600030310000153102006959010000000000DD
:1047700024310200595F0100000000001D310200D9
:104780000559010000000000EE300200FD5B010051
:104790000000000002310200395A01000000000050
:1047A000F5300200755B0100000000000D310200D1
:1047B000C9590100000000000000000000000000D6
:1047C00000000000000000000000000000000000E9
:1047D00000000000000000000000000000000000D9
:1047E00000000000000000000000000000000000C9
:1047F00000000000000000000000000000000000B9
:10480000000000000000000000000000803E0120C9
:104810000040000000000000000000000000000058
:104820004024012000010000000000000000000002
:10483000E0CC0020E0CC00200000000000000000E0
:104840000E000000F4CC0020F4CC0020000000009A
:10485000000000000E00000008CD002008CD002060
:1048600000000000000000000E0000001CCD002031
:104870001CCD002000000000000000000E00000021
:1048800030CD002030CD00200000000000000000EE
:104890000E00000044CD002044CD002000000000A8
:1048A000000000000E00000058CD002058CD002070
:1048B00000000000000000000E0000006CCD002091
:1048C0006CCD002000000000000000000E00000081
:1048D00080CD002080CD00200000000001000000FD
:1048E00090CD002090CD002098CD002098CD0020C4
:1048F0000000000001000000A8CD0020A8CD00208D
:10490000B0CD0020B0CD002000000000010000006C
:10491000C0CD0020C0CD0020C8CD0020C8CD0020D3
:104920000100000001000000D8CD0020D8CD0020FB
:104930000000000000000000E8CD0020E8CD0020CD
:10494000F0CD0020F0CD002030CE0020000000008F
:104950000000000000000000000000000000000057
:104960000000000000000000000000000000000047
:104970000000000000000000000000000000000037
:10498000900F020054CE0020000000000002000042
:104990000000000000000000000500000000000012
:1049A00000000000000000000000000049F80000C6
:0849B0000000000015E015E015
:00000001FF
