:020000040000FA
:10000000F80B002049060000ED06000091560000A4
:10001000B1560000D156000011570000F156000003
:10002000000000000000000000000000C1250000EA
:10003000ED06000000000000ED060000ED060000E7
:100040000000000000000000000000005F30000021
:1000500000000000ED0600000000000000000000AD
:10006000ED060000ED060000ED060000ED060000C4
:1000700000000000ED060000ED060000ED060000A7
:10008000ED060000ED06000000000000000000008A
:10009000ED060000ED06000000000000000000007A
:1000A000ED0600000000000000000000ED0600006A
:1000B000ED060000ED060000ED060000ED06000074
:1000C000ED060000ED060000ED060000ED06000064
:1000D000ED06000000000000ED060000000000003A
:1000E000ED06000000000000ED060000000000002A
:1000F000ED0600000000000000000000000000000D
:1001000000000000ED0600000000000000000000FC
:1001100000000000000000000000000000000000DF
:1001200000000000ED0600000000000000000000DC
:1001300000000000000000000000000000000000BF
:10014000ED06000000015F5F00000000FE0B0000F4
:1001500051260000800600000000000000000000A2
:10016000000000000000000000000000401200201D
:100170000000000001015F5F030100001F0100009B
:1001800079040000000000000000000001000000F1
:10019000010000000000000000000000000000005E
:1001A0000000000070000000145B000080000000F0
:1001B000000F000001000000C502000001015F5FA8
:1001C000040100001F010000E10500000000000024
:1001D000000000000000000001000000000000001E
:1001E0000000000000000000000000001F5B000095
:1001F000400000000507000001000000CD040000E1
:1002000038B50025054C29462046D4F80024C4F80A
:10021000045405F0E6FAC4F8005438BD200C002060
:1002200013B511460022CDE9002242680346302A68
:1002300004683ED194F82C20022A18D01AB900F094
:1002400041F902B010BD1E482468D0F80404013AF8
:10025000CDE90040072A2FD8DFE802F004090D128B
:10026000171C21266A46184600F029F9E9E71846C6
:1002700000F013F9E5E76A46184600F011F9E0E7E7
:100280006A46184600F006F9DBE76A46184600F0B1
:100290000AF9D6E76A46184600F008F9D1E76A4637
:1002A000184600F006F9CCE76A46184600F004F953
:1002B000C7E76FF08000C4E76FF08500C1E700BFBB
:1002C000200C00202DE9F04F056804469FB0002D5A
:1002D00040F0AA802022294602A805F082FA12AF37
:1002E000202229460AA805F07CFA30222946384601
:1002F00005F077FAE26904F11C039846B2B10426CE
:10030000E26A04F12C03EAB10425EEB96FF083062A
:1003100030461FB0BDE8F08F002EF1D053F8041D19
:100320003246013E0029F7D01646E9E70326F5E7F5
:10033000002DEAD053F8041D2A46013D0029F7D0CC
:100340001546E2E70325F5E730233A4600216068C9
:1003500005F084FA3028D9D14FF00109CDE90270B7
:10036000334F0DF1080A04F1100B4E45D7F8001475
:100370001CD10DF128094B46002008EB850EC6451F
:1003800033D108B1C7F80014A3683146C7F8043464
:100390000AAA2B4602A8FFF743FF00270646BD42E4
:1003A00009F1080938D1FFF72BFFB1E75BF8043FEB
:1003B000C1F58062D81C20F00300904204D9FFF7F9
:1003C0001FFF6FF08C06A3E70844CA19C7F80004A2
:1003D00049466068019205F041FA019ACAF80C009A
:1003E00009F101094AF8082FBFE758F804CFC1F511
:1003F000806A0CF1030222F00302524503F1080364
:1004000005D8781843E9020C11440120B7E7002809
:10041000D5D0C7F80014D2E7394659E902236068FD
:1004200005F031FA0137BAE76FF0850670E700BFD3
:10043000200C002008B528220021024805F0D1F93F
:10044000002008BD2810002010B5044C0F222046C3
:10045000034905F0A1F9204610BD00BF511000204E
:10046000E405000008B50121024803F077F90020F7
:1004700008BD00BF5010002008B5FFF7DBFF40B9F2
:10048000FFF7E2FFFFF7EEFF18B9BDE8084003F001
:10049000D3B908BD6FF0850070476FF085007047D5
:1004A0006FF0850070476FF0850070476FF0850032
:1004B00070476FF0850070476FF0850070476FF0F0
:1004C00085007047D1E9000103F096B9F0B50368E3
:1004D0000546B3F57D7FA7B007D040F2F5329342D1
:1004E00007D06FF0850027B0F0BD01F0FDFB0020C4
:1004F000F9E700243C22214607A8CDE90244CDE9D2
:100500000444069405F06DF93C22214617A8169480
:1005100005F067F9EA69019405F11C0302B30426AA
:10052000EA6A05F12C033AB30424731E012B52D856
:10053000012C50D80423002168680DEB030205F05C
:100540008DF904281AD06FF08000CCE7002EE7D098
:1005500053F8041D3246013E0029F7D01646DFE766
:100560000326F5E7002CE0D053F8041D2246013C99
:100570000029F7D01446D8E70324F5E7022E16D158
:100580006E69402E29D806AF33463A460121686885
:1005900005F064F98642D6D1CDE9027602A944B9C4
:1005A0002246019801F083FD044620469BE7002186
:1005B000F5E72B6A402BC6D816AACDE9042301988B
:1005C00004AA01F074FDDDE90423044600216868F3
:1005D00005F059F9E9E7012085E76FF0890082E726
:1005E000002070474D62656420544C5320332E35F3
:1005F0002E3200000000000000000000000000009B
:10060000342E000001000000407C0000801000201B
:1006100048000000407C0000200C0020000000008A
:10062000407C0000000C002000000000A011002011
:10063000C4050000200C002018010000000C002060
:100640000800000002F07CBB08B572B61E4A1F4BC2
:100650009A601F4B83F309881E4B83F30A8883F348
:100660000B881D4B16A1D1E90001C3E9000100F080
:1006700089F81A4B1A498B4212D30020194B1A4998
:100680008B4218D302F0DAFE186850F822405868FE
:1006900040F82240013298688242F5D30C33EAE7F1
:1006A0000022F8E71C6844F8220001325C68A2428C
:1006B000F8D30833E4E70022F8E700BFAFF3008087
:1006C000A5EDF5FEA5EDF5FE0000000000ED00E053
:1006D000F80B002000040020F80B002008060000A2
:1006E0002C0600002C06000044060000EFF30880F2
:1006F000EFF309812DE9F00F6B46724600F02CF9FB
:1007000008B0FFF79FFFFEE708B5EFF31083012B5A
:100710000C4A07D1126ABFF34F8F511C4A424A411B
:10072000104608BD01F034FB00B172B6126ABFF387
:100730004F8F531C5A425A4101F02AFB0028EFD038
:1007400062B6EDE70080FF0008B5EFF31083012BE0
:100750000B4A06D1D269BFF34F8F02F00102104657
:1007600008BD01F015FB00B172B6D269BFF34F8F1F
:1007700002F0010201F00CFB0028F0D062B6EEE7B7
:100780000080FF00694A10B5D2F8D03043F0020370
:10079000C2F8D03001F0FCFA30B14FF05023002203
:1007A000C3F81421C3F8182101F001FB28B101227C
:1007B0005F4BC3F8382AC3F878254FF47F02D2F88C
:1007C0003031D2F83421BFF34F8FC3F30B03092B21
:1007D00005D1012A1EBF0122554BC3F8782501F02F
:1007E000E6FA18B10E22534BC3F8E42E01F0D0FA0A
:1007F00030B100224E4BC3F80C270122C3F810275A
:100800000022D30003F57F03D3F80013BFF34F8F0B
:10081000013108D0D3F800130132D3F80433B2F514
:10082000807F0B60EDD1EFF31084FFF78DFF002880
:100830004DD0BFF34F8F404BD3F80024012AFBD19A
:10084000C3F80425D3F80024012AFBD1012C03D0DE
:1008500001F09EFA00B172B6FFF776FF58B1374A41
:10086000D36923F00103D361BFF34F8F324AD2F82B
:100870000034012BFBD1FFF747FF68B12F4A136A01
:1008800023F0FF0343F020031362BFF34F8F2A4A84
:10089000D2F80034012BFBD1012C03D001F078FAFF
:1008A00000B162B60022244BC3F80425D3F800241B
:1008B000012AFBD1BFF34F8F1C49214BCA6802F4B8
:1008C000E0621343CB60BFF34F8F00BFFDE7FFF73C
:1008D0001BFF0028ADD1154AD2F88C3043F4406399
:1008E000C2F88C304FF47F03D3F83021D3F8343181
:1008F000BFF34F8FC2F30B02092A16D1013B022B23
:1009000002D8104AD35C83B10C480F4903680A4AE5
:100910008B420CBF5A230023C2F8103EC36A8B429D
:100920000CBF5A230023C2F8003E10BD00ED00E0CA
:100930000040005000A00350009003500080FF00D2
:100940000400FA052E310000FA50FA507C220149C9
:1009500004F022BFDC18002038B51D46364B374C5A
:100960005B68C3F308032360EFF30383C4E901204A
:100970006365C2F3801302F00C020C2AE16036D1E9
:100980000BB9EFF3898120222D48216104F004FF87
:1009900025B1202229462B4804F0FEFE264B9A6AF8
:1009A000A265D96AE165986B206602F40040606632
:1009B000586BA06602F08000E0669A62D962D3F8B4
:1009C000E42021482267D3F8E810616702F0400173
:1009D000A167C3F8E4200E2101F0FBF92268D31EC1
:1009E000042B1CD8DFE803F0090F1215180013B907
:1009F000EFF38881C7E70146C5E70C211348BDE83E
:100A0000384001F0E6B912211148F8E70B211148EE
:100A1000F5E70D211048F2E70E211048EFE70F2A05
:100A200098BF1421BDE8384089BF25210C480D48E6
:100A3000103A01F073BB00BF00ED00E0DC180020AD
:100A4000F018002010190020313100003F31000063
:100A50004B3100005D31000068310000753100004D
:100A600083310000973100002DE9F34106460F461F
:100A70000C4DD5F82C80C04710F00104FBD139464D
:100A800030466B69984740B9C047C307FCD42B6A0E
:100A9000019302B0BDE8F0411847204602B0BDE81E
:100AA000F08100BFBC31000010B5094C0020A368E4
:100AB0009847236902209847A46A4FF4E131012046
:100AC000A0472346BDE8104001211520184700BF6C
:100AD000BC310000064B82B01868002382B262F37A
:100AE0000F03000C60F31F43184602B0704700BFAD
:100AF00004320000014B1869704700BF84100020C9
:100B0000014B5869704700BF8410002010B5044C99
:100B1000204600F099FE002084F8200010BD00BFA0
:100B20008410002038B50C4D0C4695F8203013B9D0
:100B30004FF0FF3038BD0A460146284600F00AFF54
:100B4000064B984205D00B3B9842F1D100206C61D6
:100B5000F0E76FF00100EDE7841000200B00AD0B13
:100B6000F0B51B4E054696F820300C4691B01BB9E7
:100B70004FF0FF3011B0F0BD00F06043B3F1005F03
:100B800021D100230A460146304600F0EBFB114B11
:100B900098421AD00B3B9842EAD1346111E0A71B6E
:100BA000402F28BF4027A9193A46684604F0F4FDB3
:100BB00039466846FFF7D4FF0028DBD14036B442FF
:100BC000EDD80020D6E70026F9E76FF00100D1E765
:100BD000841000200B00AD0BC3B2012B10B540F008
:100BE00096804DF6C023994270D028D8B1F5615F48
:100BF0006FD011D8B1F5965F6DD008D8B1F5966F6A
:100C00006BD0B1F5166F6BD06FF007005DE0B1F5FA
:100C1000165FF9D1454B33E047F61223994262D073
:100C200007D8B1F5964F61D0B1F5E14FECD1404B0B
:100C300026E0B1F5164FE7D14FF41D0320E03D4B00
:100C4000994255D011D8B1F5E13F54D007D8B1F54C
:100C5000614F53D0B1F5963FD6D1374B10E0B1F587
:100C6000613FD1D14FF06C730AE0B1F5612F48D0EC
:100C7000324B994248D0B1F5E12FC5D14FF0E8632E
:100C800010F4E06F46D110F4404103D0B1F5804F2D
:100C900043D1102110F4405203D0B2F5805F3FD110
:100CA0000E2210F4403003D0B0F5403F3BD101207C
:100CB000234C20766276E361A1760A4324681043D0
:100CC000C4F82435C4F86C05002010BD4FF465034A
:100CD000D6E71C4BD4E71C4BD2E74FF49E23CFE75B
:100CE0004FF41D23CCE74FF40003C9E7174BC7E7C8
:100CF0004FF08063C4E74FF0EB73C1E74FF46B0331
:100D0000BEE74FF07063BBE74FF08053B8E76FF07A
:100D10000300DAE76FF00800D7E76FF00A00D4E7C6
:100D20006FF00900D1E76FF00B00CEE7005027000D
:100D300000C0750090D0030000903A0140420F00BF
:100D40008410002000F03A0000B0130000A04E0014
:100D500010B58EB02422002105A804F042FD4FF00A
:100D6000FF33CDE90133CDE903334FF0EB730B9340
:100D70000723104C01A8D4E902128DF8363001F097
:100D800046F801460022204600F036FA0A4B984207
:100D90000DD10C9B002023831B0CA3760B9BC4E975
:100DA0000400E361012384F820300EB010BD6FF021
:100DB0000100FAE7841000200000AD0B30B51546A5
:100DC000D0F8002285B022F02002C0F80022114A9B
:100DD0000C46C0F8082301F06AF8002104F14C0326
:100DE000A1602161D3E8EF0F20F47F0020F4704070
:100DF000C3E8E20F002AF5D11022684604F0F1FCA6
:100E0000042368468DF800300195D4E90013984713
:100E100005B030BD10020A0000F01F03400909D1DF
:100E2000074A02EB8303D3F80012064A0A40C3F8CC
:100E3000002270470022803352F82330FFDE00BFCB
:100E400000258450F0F8FCFF2DE9F04F804690F823
:100E500004A05020664F0E4600FB0A70416885B022
:100E600049B113F0020304D0836B002B00F0B28071
:100E70000123009300E000914FF0500909FB0A7331
:100E8000DB6CD90600F1A6804FF0010BB31802937A
:100E9000029BB34200F0A78006F06043039398F8EA
:100EA0000450D8F8004009FB05739A6B9AB9039B6C
:100EB000B3F1005F40F09980019200F085FD09FBDD
:100EC0000572D16C204601F0010100F0BEFF28B987
:100ED00000F082FDE3E701230193EEE7516C334616
:100EE0000029BCBFD4F84C155164019A42B109FBEA
:100EF00005713078D1E90E23D054D1E90E32134474
:100F00001BB1C4F84435C4F848B50022C4F8202108
:100F1000D4F82011C4F85821D4F85811C4F850213D
:100F2000D4F850210822C4F80025009AE2B14FF409
:100F30008003C4F80433C4F808B000F04DFD50231A
:100F400003FB0A72516800294BD1D26C120748D5B5
:100F500003FB0A734C33D3E8EF1F21F00801C3E809
:100F6000E21F002A36D0F6E7C4F808B0019300F07B
:100F700033FD09FB0572D16C019B01F00101204694
:100F8000019300F062FF8446019BD4F84C05D4F82D
:100F90004425BCF1000F0DD19342F0D005EB85053F
:100FA00007EB0515D1B100F00FFD2946204600F0F2
:100FB000C3FFC2E705EB8505934207EB0515F1D1A9
:100FC0000028EFD100F000FD2946204600F0B4FFD4
:100FD00000F002FD074805B0BDE8F08FC4F80CB082
:100FE000E1E7013654E70448F5E70448F3E700BFBA
:100FF000581900200800AD0B0000AD0B0400AD0B2C
:10100000430904D10123034A8340936070470023BE
:101010009B60FFDE0025845000F01F0340090BD1C8
:10102000084A02EB8302D2F80012074B0B4043F050
:101030000303C2F8003270470022803352F8233095
:10104000FFDE00BF00258450F0F8FCFF2DE9F843D7
:1010500091F8303005460C4690F804800F6853BB79
:101060005023DFF85091781C03FB0893DE6C46F0A8
:101070000072DA6404D03846FFF7C2FFFFF7CCFFF6
:101080006068411C01D0FFF7C7FE94F82C30012B9B
:1010900011D1502303FB0893E06846F02066421C00
:1010A000DE6401D0FFF7B8FEA068431C03D0FFF751
:1010B000A7FFFFF7B1FF94F82F0038B950223D4B3E
:1010C00002FB0833DA6C42F08072DA6494F82CC0C8
:1010D00094F82D1094F82E202B68D4F828E041EADB
:1010E0000C010A43E668D4E90198C3F824E5C3F883
:1010F0006C2550B9BCF1010FC3F80C75C3F81495F9
:1011000004BFC3F80885C3F81065D3F8682503F257
:101110006458012A08BFDA60D3F86425012A13D184
:10112000082149F64046244FC3F8001547F001074F
:101130005A60D8F800309BBB2B68D3F88024C3F8E2
:1011400080240022C3F8002500212B6894F8322067
:10115000C3F81011D3F81001C3F82011D3F82001FF
:10116000C3F82411D3F82401C3F84411D3F844017F
:10117000C3F85811D3F8581143F307335201002B29
:10118000D2B212DB0D49C81880F800230122580999
:1011900003F01F0302FA03F341F82030BDE8F8839F
:1011A0004020B847013EC4D1C6E7054903F00F030C
:1011B000CA54F3E7581900201032000000E100E0A3
:1011C00014ED00E000F01F0340090BD1084A02EBC8
:1011D0008302D2F80012074B0B4043F00203C2F81F
:1011E000003270470022803352F82330FFDE00BF08
:1011F00000258450F0F8FCFF2DE9F347904650227B
:1012000090F80490514C02FB09FA04EB0A070D46D2
:1012100097F848100646002940F0858009EB8900C0
:1012200004EB001004F0DDFA2B69AA6944F80A30D7
:101230006B69BB6302B1013A502303FB0943DA63D4
:101240002A6A042A81BFEA699A610022DA6195F864
:101250003130B8F1000F37D083F001073F0233B1CE
:10126000502303FB0943DA6C42F00102DA64502395
:1012700003FB09440123C4F8048084F8483034682F
:10128000D4F84C2112BB29463046FFF7DFFE082276
:10129000002334688DF80730C4F800250DF10702EB
:1012A000C4F84425C4F8483501230A25A360E36047
:1012B000D4F85831002B38D1254B402043F001039E
:1012C0009847013DF4D128E04746C8E708224FF08F
:1012D0006409C4F8002563601D4B43F0010AD4F88B
:1012E0004431F3B9D4F82431DBB94FF42070D0473E
:1012F000B9F10109F3D14B460022C4F84C21D4F8CE
:101300004C11C4F81021D4F81011C4F84421D4F8B9
:101310004411C4F80025002BB5D10E4802B0BDE839
:10132000F0870123E8E70C48F8E70023C4F82031F0
:101330009845D4F82021C4F80035084B08BF002395
:101340001F4333680648C3F80473E7E758190020C1
:10135000103200000100AD0B0500AD0B10020A00B9
:101360000000AD0B2DE9F04784460F469E46164619
:101370000579002A51D04FF0500ADFF8AC80D0F840
:1013800000900AFB058ADAF8044074B96BB9DAF800
:101390002C50002D43D1CAF82C20FFF755FD0446F0
:1013A000CAF82C502046BDE8F0871EF0030F07D086
:1013B000734632463946BDE8F0476046FFF744BD04
:1013C00007F06043B3F1005F4FF0500414D104FB09
:1013D000058400F0F9FAE26A1AB1144C00F0FCFA44
:1013E000E0E7C4E90A7605EB8505484608EB0511F8
:1013F00000F0ADFD0E4CF1E704FB0584A36B83B157
:1014000000F0E2FAE36A002BE7D1E36C012243F03B
:101410000203C4E90A76E364E5E7064CC2E7034C3D
:10142000C0E7054CBEE700BF581900200B00AD0B0C
:101430000000AD0B0600AD0B0A00AD0B2DE9F84323
:1014400050230679284D046803FB0653D4F804732F
:10145000DA6AC4F8087322B92448C4F80473BDE8F2
:10146000F88306EB860005F14C024FEA001802EB08
:101470000012D2E8EFCF4CF0080CC2E8E0CF002811
:10148000F7D10122E26031B3D96C01EA0209494681
:10149000204600F0DAFC0028FAD000F095FAB9F105
:1014A000000F1CD1D4F8203153B10123E360D4F8EC
:1014B0005831002BFBD0204605EB080100F03CFD25
:1014C00000F08AFA0023C4F82031D4F820215022F9
:1014D00002FB0655EB620648C4F80473BFE7D4F874
:1014E0005831002BE7D1EBE7581900200500AD0B70
:1014F0000000AD0B2DE9F04107793D4E07EB870366
:101500001B0103F14C0504683544D5E8EF2F42F484
:101510008050C5E8EC0FBCF1000FF6D1D00462D4C6
:101520004A0705D5502202FB07629269002A5CD067
:10153000304AC4F808230822C4F800250022C4F861
:101540001021D4F81001C4F84C21D4F84C01C4F88F
:1015500044210803D4F844218A0302F4804200F4B1
:1015600000504903024301F400410A43D5E8EF1F4C
:101570001143C5E8E01F0028F8D14FF0500808FBE0
:101580000768D8F80820BAB9D8F8042062B9D5E8B5
:10159000EF3F23F47F0323F47043C5E8E23F002AC2
:1015A000F5D11548BDE8F081F018032100F05AFC90
:1015B000D8F80830002BEAD0502303FB0763DB6C1C
:1015C000DB0401D40D48EDE7D4F84C310BB901230D
:1015D0002360502303FB07635B68002BF2D0054BAD
:1015E000C4F80433EEE70648DCE70648DAE700BF54
:1015F0005819002010020A000200AD0B0000AD0BCC
:101600000B00AD0B0800AD0B2DE9F74F056801F09D
:101610006043D5F804A3B3F1005F90F804908846C6
:101620001746C5F808A340F08B805023464E03FBB5
:1016300009639A6852B15B68002B6CD1D5F8102110
:10164000002A68D0C5F81031D5F81031502404FBB9
:101650000964E269C4E90287002A3ED009EB890BDC
:101660004FEA0B139742019306EB0B1B23D2002684
:101670003A46A1694046C4E9026604F08DF8E26981
:10168000A069D21BC119E26104F050F8636863B12C
:1016900058463A46414600F0F6FBE36C980404D500
:1016A000324659462846FFF789FB2848C5F804A367
:1016B00003B0BDE8F08FA169404604F06DF8E3691E
:1016C00063620023E361D5F80433590717D56368D3
:1016D000ABB10621584600F0C5FB502303FB09635C
:1016E000586ADA689968DB6C121A0144C5F8341537
:1016F000C5F83825DA04D8D501232B60D5E7144B7B
:10170000019A1344D3E8EF1F41F40021C3E8E21F1C
:10171000002AE2D0F6E7502303FB096633698BB950
:10172000F36CC5F834855B04C6E90487C5F83875E1
:10173000BBD5D5F8003243F02003C5F80032B4E73A
:101740000448B3E70448B1E7581900200000AD0B86
:10175000A41900200A00AD0B0B00AD0B50232DE99E
:10176000F041354D90F80480046803FB0853DB6CAE
:10177000D4F8000203F48223B3F5805F5AD1D4F881
:101780000463C4F8086309B9830648D4D4F8003266
:1017900023F02003C4F800324FF4842308EB8801BF
:1017A000090101F14C072F44D7E8EF0F1843C7E8B0
:1017B000EC0FBCF1000FF7D122B9502303FB085303
:1017C0005B68A3BB1D4BC4F8083301236360D4F8E6
:1017D0004431002BFBD0502303FB0853DA6C12F486
:1017E00000421FD1DA61204600F061FB502303FB69
:1017F00008550023AB602B61D7E8EF3F23F47F034C
:1018000023F47043C7E8E23F002AF5D126F42026EE
:1018100026F404760A48C4F80463BDE8F0814FF466
:101820008033BBE72046294400F053FBDBE701236C
:101830006360EFE70348F0E75819002010020A0040
:101840000000AD0B0500AD0B2DE9F8432F4A0368EE
:101850000679C3F8082343F30733002B04460DDB56
:1018600001215A0903F01F03994002F12003284A7D
:1018700042F82310BFF34F8FBFF36F8F0122204632
:101880001146FFF76BFF01212046FFF7D7FD5021DE
:101890002279204D236801FB0252D46CD3F80C0549
:1018A000E201D3F81495D3F80875D3F8108509D55B
:1018B0004FF0FF32C3F80C25C3F81425C3F80825F0
:1018C000C3F81025A30116D5411C01D0FFF77AFCFF
:1018D000B9F1FF3F02D04846FFF774FC22010AD558
:1018E000B8F1FF3F02D04046FFF76CFC7B1C02D0F2
:1018F0003846FFF767FC5023002203FB0653DA64E7
:1019000083F848205A60BDE8F88300BF10034A00FE
:1019100000E100E05819002010B550240279094B6D
:1019200004FB02335B684BB90368D3F810213AB16A
:1019300011B1D3F83C350B60034810BD0348FCE7F8
:101940000348FAE7581900200000AD0B0800AD0B62
:101950000B00AD0BF7B505461646FFF755FE164BC7
:101960000446984222D1032128462F79FFF7C2FD71
:10197000124B984201D0A0421BD15022104B02FBC7
:1019800007335B6893B90C4C284601A9FFF7C4FFE5
:10199000A042F9D1019BB34207D301222846114648
:1019A00003B0BDE8F040FFF7D9BE064C204603B0B7
:1019B000F0BD0446FAE700BF0000AD0B0B00AD0B15
:1019C000581900200800AD0B72B6024A13680133A3
:1019D00013607047A8190020034A1368013B136085
:1019E00003B962B6704700BFA8190020003A18BFBB
:1019F0000122003918BF012103688900074841EA24
:101A00004201186359605A6842F001025A60BFF3FC
:101A10004F8FBFF36F8F0020704700BF04AAFF00F5
:101A20000722024BC3F80423704700BF0030005068
:101A3000084BD3F80001D3F80421003818BF012067
:101A40000AB140F00200D3F808310BB140F00400B5
:101A5000704700BF003000500022074BC3F8002140
:101A6000D3F80011C3F80421D3F80411C3F80821F6
:101A7000D3F80831704700BF003000500023172012
:101A8000094A03F5C0710133202B42F82100F8D137
:101A900000231720044A03F5E0710133202B42F89C
:101AA0002100F8D1704700BF0030005010B59DF8FC
:101AB0000840C00B43EA0423064CC90B43EA021357
:101AC000884200D910BDC2B202F5C07244F822307B
:101AD0000130F5E70030005010B59DF8084000F1E6
:101AE000604043EA042301F16041074C400B490B7D
:101AF00043EA0213884200D910BDC2B202F5E07277
:101B000044F822300130F5E700300050C0F30E03F6
:101B1000C3F50043B3FA83F3C3F11B03064AC0F3D2
:101B2000C730DBB240F4807043F48073C2F8000524
:101B3000C2F80435704700BF00300050430301482D
:101B400018447047FF1FF81F044B090241F0300191
:101B500000F5007043F82010704700BF00300050BF
:101B6000034B090200F5007043F82010704700BFD6
:101B70000030005008B5FFF75BFF044B20211860D0
:101B80000348BDE8084000F024B900BFEC1F002066
:101B9000163200000422014903F0FEBDEC1F0020B4
:101BA00008B501F038FA68B901F07CFE58B9074A67
:101BB000D36823F008031B041B0C43F0BF6343F4FA
:101BC0000033D36008BD45F22350FBE700ED00E091
:101BD00008B500F06FF8BFF34F8F0549054BCA6891
:101BE00002F4E0621343CB60BFF34F8F00BFFDE709
:101BF00000ED00E00400FA05024B1860024B0020E3
:101C000019607047F41F0020F01F002013B5274C07
:101C1000426923685A6282699A62C269DA62026A18
:101C20001A63426A5A63826A9A63C26ADA63026B0F
:101C30001A64426B5A60826B9A60C26BDA60026C03
:101C40001A61426C5A61826C9A61C26CDA61026DEF
:101C50001A62826D5A65C26D9A65026FDA65026E0C
:101C60001A66826E5A66426F9A66EFF388825A64E9
:101C7000EFF389829A644268DA64EFF394821A651A
:101C8000026801A81A67FFF785FF2368019ADA66E0
:101C900001221A70064B1C68640864002046214625
:101CA0002246234603F051FE02B010BDF41F00206F
:101CB000F01F002000B5A1B001A8FEF747FE029B6F
:101CC00063B15B060AD4019B23F00203052B05D107
:101CD000044B1B6813B101A8FFF798FF21B05DF812
:101CE00004FB00BFF01F0020BFF34F8F0549064BD8
:101CF000CA6802F4E0621343CB60BFF34F8F00BFAA
:101D0000FDE700BF00ED00E00400FA0538B54368C8
:101D10000C2B30D14B68042B2DD14FF0FF330468CE
:101D20000D6821682B6031B3A26822B3062301201D
:101D300001F0C9F8F8B96168104B99420DD9A26851
:101D40000F485318834202D9F438834210D82068D0
:101D500003F022FD0020286038BD0A4B99420AD9C1
:101D6000A26809488B188342F1D90730814202D911
:101D700006488342EBD90220EEE700BFFF01FF00D7
:101D80002C02FF002F01FF003801FF004C01FF0073
:101D90004FF47F03D3F83001D3F83431BFF34F8FC2
:101DA000C0F30B00A0F109035842584170474FF4AB
:101DB0007F02D2F83031D2F83401BFF34F8FC3F332
:101DC0000B03092B03D1431E584258417047002092
:101DD0007047FEF749BE012070476FF0030070475F
:101DE000002382B00193019802B070476FF00300A6
:101DF0007047002382B00193019802B07047022817
:101E000014BF6FF0030000207047FEF7A9BE30B585
:101E100001EB8202914200D130BD51F8044B04F035
:101E20007F037F2B4FEA144408BF4FF0FF33032C8E
:101E3000F0D8DFE804F0020406080360EAE7436034
:101E4000E8E78360E6E7C360E4E70346D0F85801BB
:101E500030B931B9D3F82001003818BF01207047DC
:101E60000120704730B504460D4685B01022002190
:101E7000684603F0B6FCD4E9001368468DF80050BC
:101E8000984705B030BD7FB504460E461546002183
:101E90001022684603F0A5FC012368468DF8003047
:101EA000CDE90165D4E90013984704B070BD10B5C1
:101EB0000446FFF789FDD4F8583133B1D4F8043320
:101EC00013F4800308BFC4F80035BDE81040FFF7E5
:101ED00083BD70B50D4604460522AA21D0F83C65A5
:101EE000A86903F07EFC0522AB69C4F83435C4F858
:101EF00038250022C4F81021D4F810110121E16224
:101F0000D4F810110029FBD0C4F84C21D4F84C119E
:101F1000C4F81021D4F81021D4F83C259642EA6187
:101F200009D15A1E043312F8011FAA2903D19A427B
:101F3000F9D10023EB6170BDD0F8583133B1CB6CCF
:101F4000C3F30032DB0458BFC0F80025704770B5FA
:101F5000CE6C0D4606F001010446FFF776FF38B956
:101F60004FF4800346F00406EE64C4F8043370BDF9
:101F7000D5E90A365AB1296CEA6B761A964228BF1F
:101F8000164619443246A86B03F006FCAB6B4FF0C3
:101F9000FF326A641BB1C4F84435C4F848650023B5
:101FA000C4F82031D4F82021C4F85831D4F858218D
:101FB000C4F85031D4F850310823C4F800354FF438
:101FC0008003C4F804330123A360D0E74B6830B525
:101FD00013F01F052DD102680C681068C0F30720AC
:101FE000844226D25068556094600C7C23F01F0315
:101FF00004F001041C438B7CDB0003F018031C433A
:102000004B7C5B0003F006032343D3608B68013BEA
:1020100023F01F04CB685B0003F00E03234343F05F
:10202000010313615060BFF34F8FBFF36F8F2846DA
:1020300030BD0120FCE7036800205A68C9B258602F
:102040009960D86018615A60704770B505460024E1
:1020500003681E68C6F30726B44201D1002070BD94
:1020600021462846FFF7E7FF0134F5E7C003704734
:10207000C00300F5FF407F307047002070471F20ED
:1020800070474FF40040704700F57F40C030400378
:102090007047402070475F2070474FF400507047F2
:1020A00000207047002070470020704770470B46A3
:1020B00070B5114618B1032806D0032070BD18462C
:1020C000BDE87040FFF722BE5A68082A01D00220FE
:1020D000F4E74C68042CFAD11D684FF0FF330E680A
:1020E000296833600029F2D06B68002BEFD02623DB
:1020F0007422012000F0E7FE0028E8D122462323C5
:102100000120696800F0DFFE04460028DFD1D5E930
:102110000001FFF771FD30602046CFE730B50C4677
:10212000154685B038B139B1FFF753FE041E03DA06
:10213000204605B030BD044640F60D23ADF80E3004
:1021400009230B4901A805F00F028A5C2D091A54D6
:10215000013B012BF7D147F630030C21ADF80430D9
:10216000FFF737FE0028B4BF04462418E0E700BF9D
:102170003632000008B5154B83F30A88144800F086
:1021800035FF00BBFFF70CFDE8B9FFF789FFD0B9B9
:10219000FFF788FF98B9FFF789FF00F093FE35211C
:1021A0000C48FFF716FE00F0D9FB21210A48FFF783
:1021B00010FE00F039FA00F067FE002008BDFFF7BE
:1021C00073FF0028E7D000F0BBFDEEE7000400201D
:1021D000AC190020463200007B3200002DE9F04FA0
:1021E00093B00093574B8146D3F800B00BB2002B4D
:1021F0000D461646C1F30268C1F3024A04DA6FF0D5
:10220000800013B0BDE8F08F8B42C36001D1002085
:10221000F7E708EB0A03042BF1D8CC0F64014FEA6F
:10222000C80731463A46DBF8080044F0020300F0E4
:102230004AFE01460028E2D1202202A803F0D1FA8A
:102240003A46314602A84FEACA0603F0A5FA3246DA
:102250000099DBF8080044F0060300F034FE07465E
:102260000028CCD1014620220AA803F0BAFA32464F
:1022700000990AA802AE03F08FFA33460137B84539
:1022800014D91A46BC460DE0D2F808E0D1681868A7
:102290007144884203D2596808448645AFD30CF193
:1022A000010C0832C445EFD10833E7E715F0006FA1
:1022B00018BF202409F1180707EB880844F002032F
:1022C000474513D1202C26D1002D02DBC5F3C04594
:1022D0006C0109F128050AAE05EB8A0A44F00604F0
:1022E00055451AD1009BC9F87C3090E77268DBF83D
:1022F000080056F8081B019300F0E5FD00287FF464
:102300007EAF56F8042C019B47F8042F56F8082C92
:1023100038633A62D4E70024DBE77268234656F854
:10232000081BDBF8080000F0CEFD00287FF467AF43
:1023300056F8043C45F8043F56F8083C28642B63E3
:10234000CEE700BFB01900202DE9F0411F461A4B1F
:102350000D461646D3F8008000F0B2FE044608B9D8
:1023600000F0EEFCE368002B01DA00F0E9FC032D3D
:1023700001D900F0E5FC04EB8504E569E36CED1A96
:1023800016D006233A463146D8F8080000F09BFDE7
:1023900008B100F0D5FCBD4228BF3D46E36CE16BBF
:1023A0002A461944304603F0F7F9E36C2B44E36402
:1023B0002846BDE8F08100BFB01900202DE9F041AA
:1023C0001D461A4B0F461646D3F8008000F078FEE3
:1023D000044608B900F0B4FCE368002B01DA00F011
:1023E000AFFC032F01D900F0ABFC04EB8704E36AD8
:1023F000E26E9B1AAB4201D200F0A2FC02232A46F5
:102400003146D8F8080000F05EFD08B100F098FCF5
:10241000E36EE06D2A463146184403F0BDF9E36EE1
:1024200000202B44E366BDE8F08100BFB019002016
:102430002DE9F04105464FF001080E4E0E4B37686E
:102440005C681CB928463760BDE8F0812268936853
:1024500013F400700CD1A369012B09D0D368346048
:1024600023B19847002801DA00F06AFCC4F818800C
:10247000246AE6E7B0190020B419002038B50446F4
:1024800010B96FF0800038BD8368002BF9D01A684E
:10249000002AF6D05D68002DF3D00B4BE861A869E7
:1024A0001D6020B92B68DB6853B90123AB61A368B9
:1024B00004F10C001B681B69984701232360E2E7C5
:1024C00098470028F1DADCE7B01900204268024B97
:1024D00008461A60704700BFB0190020002330B5CD
:1024E00005680446AA68C0E9063312F4406F85B057
:1024F0001CD012F4006202D000F07EF90246A96AF4
:102500002B6968460B44073123F0070321F00701CC
:10251000CDE902130093002305490193EB6800F015
:102520003DFA684600F0AFFD024B1C6005B030BDBF
:1025300031240000B019002001F00C0370B50C2B01
:102540000CBF154605464A060C461ED58B0658BFDD
:102550002835AB6913F8026C84F00803C3F3C00399
:10256000C6F38012934201D000F0EAFB16F0A00FF0
:102570001CD176B1032E15D032461C210D48FFF731
:10258000CDFD6FF083032B600AE000F0D9FB20261D
:10259000E2E700F0D9FA04460146074800F06FFD73
:1025A000204670BD284600F0DFF9F9E732461F21CA
:1025B0000248E4E79C320000F80B0020B83200002B
:1025C000EFF308807146EFF30982EFF30B830CB44D
:1025D00006B4FFF7B1FF8646009900F0080001F04D
:1025E0000801401A02DC12DB04B070471EF0200321
:1025F0001CBF2DE9F00FBDF1080D0A4C25462646FB
:102600002746A046A146A246A34630B4704704B070
:1026100030BC1EF020031CBF1DF1080DBDE8F00FFB
:1026200004B07047A5EDF5FE084BDA6882F07F42F2
:1026300082F47F0242F48042DA6000221A765A76EF
:10264000DA76DA77602283F82220704700ED00E026
:10265000009A0A4B9A420FD101229043014602464A
:10266000034604460546064607468046814682469E
:102670008346844686460447FEE70000A5EDF5FE46
:102680002DE9F041044618B943F6DA30BDE8F0818F
:102690000029F9D08368002513F4406F14BF01238B
:1026A00000234FF0140843F00203104E0B6000F1BA
:1026B0003007236AAB4201D80020E7E7A369E2694B
:1026C00007EB830308FB02330C226A4399188968DD
:1026D000090709D59B58B342D6D1306820B10121F2
:1026E000C0F30730FFF730FA0135E2E7AC10002005
:1026F00070B5324C86B03248FFF7A7FC236801253D
:102700005A1C01932F4B2260DA681B694FF4407604
:10271000039300232A4801A902920495ADF814609E
:102720008DF81630FFF752FC18B143F6DA3006B0D8
:1027300070BD23688DF816005A1C0193224B204867
:102740000293224B01A9CDE903352260ADF8146054
:10275000FFF73CFC0028E8D123688DF816005A1CCE
:1027600001931B4B164802931A4B01A9CDE903357F
:102770002260ADF81460FFF729FC0028D5D123684A
:102780008DF816005A1C0193134B0D480293134BFE
:1027900001A903930223049340F201132260ADF8D0
:1027A0001430FFF713FC04460028BED12A46294600
:1027B0000348FFF71BF92046B9E700BFBC1900200A
:1027C000A8100020F432000020330000405B00001D
:1027D0000006000000060000000C0020200C002075
:1027E000014B1868704700BFF4320000014B1B68B2
:1027F00018687047F4320000014B1B685868704736
:10280000F43200000020034BD8765A6A42F470225A
:102810005A62704700ED00E00349044BCA6800208B
:1028200092B21343CB60704700ED00E00800FA0558
:1028300000224FF0FF300D4B02F1A0010132102AAF
:1028400043F82100F8D1D3F88022002022F00802BA
:10285000C3F88022D3F88022D3F8802222F40072B9
:10286000C3F88022D3F88032704700BF00E100E057
:1028700008B5FFF7D5F80822024BC3F880211A608B
:10288000002008BD00E100E0064BD3F8D02022F084
:102890000102C3F8D020D3F8D02042F00202C3F8DE
:1028A000D020704700ED00E037B50124FFF7E6F8CF
:1028B000134D2246052347F6FF7100200094FFF7D1
:1028C000F5F8224607234FF000500E490094FFF719
:1028D00003F9D5E90101072300220094FFF7E6F888
:1028E00007230022084909480094FFF7F5F82969F1
:1028F000E8680139FFF70AF9002003B030BD00BFD6
:10290000F4320000FF7F0020FFFF03200080002042
:1029100038B500240E4D002115F8010B0134FFF7E6
:102920001FF91D2CF7D10020012240F20111094BA3
:10293000C3F88004C3F88424C3F8C004C3F8C424D3
:10294000054AC2F840154FF48072C3F8402438BDE0
:10295000D732000000300050009003500122014B9C
:102960001A607047C019002010B50446094B22892F
:10297000186861680623806800F0A5FA28B9064B3C
:102980001B68012B01D100F087F86FF086032360EC
:1029900010BD00BFB0190020C01900202DE9F84378
:1029A00005461E460068134B9046AA68A0F108042D
:1029B00040E90233503890420F4601D200F0C0F98E
:1029C000A4F1480948220021484602F00AFF0023EA
:1029D00044E9073344F8143C4FF0807344F8043C56
:1029E0006FF0020344E9036744F8208CC5E90093C3
:1029F000BDE8F883A5EDF5FE30B5094C02466168E7
:102A00000023084640B105686D68954205D11BB1A9
:102A1000826860609A60816030BD03468068F1E73B
:102A2000441A002038B504462AB10B689B68DB05C0
:102A300012D5002038BD0B4B1D680DB900F080F990
:102A400000222B6899692C338A4203D053F8040F73
:102A5000A04204D19142ECD16FF0FC00EAE70132D0
:102A6000F2E700BFB019002070B504460E461546C7
:102A7000002130220C3002F0B4FE064B20461B68C9
:102A8000A6606360656100F001FA002320612360A5
:102A900070BD00BFB0190020044B1B681BB11B6840
:102AA0000BB1586870474FF0FF307047B0190020E5
:102AB000064B10B51C680CB900F042F923689B68FE
:102AC00013F4406F14BF0120002010BDB019002086
:102AD0002DE9F843904607460C46FFF7E9FF02460A
:102AE00024B96FF080042046BDE8F8836300F8D570
:102AF000144B04F01F0153F82150002DF1D02B6826
:102B000029465868FFF78EFFB0B9C4F3072128465D
:102B100000F0C4FA04460028E3D1EFF3108972B63E
:102B200000F0C1F9064689F3108840B142462946B3
:102B3000FFF79AFF3E60D6E76FF08104D3E76FF0AE
:102B40008204D0E7C41900202DE9F04100F0AAF971
:102B50000023134E134F73607B6000F0E5F8DFF83D
:102B60004880304600F022F80446A8B13946802358
:102B7000424600F07FF80546204600F0D4FA20686F
:102B800004F10801FFF77CFD08B100F0D9F82946EF
:102B90002046FFF7A3FCE4E7BDE8F04100F071B97F
:102BA000B4190020441A0020C4190020F8B50546C5
:102BB00008B900F0C5F82A4E346814F1290F4CD832
:102BC000284B196804F128038B4246D2236AA26974
:102BD00003EB43030C321344606AE269024402EBE4
:102BE000820213449B00E31801D2994201D200F003
:102BF000A7F823681C4A1B0C1B04934201D000F069
:102C00009FF82388B3F5817F01D300F099F86368BA
:102C1000002B01DA00F094F8144A176807F1240336
:102C20001360134A1268934201D900F089F8236AAD
:102C3000A26903EB43030C32616A1344E2693C600E
:102C40000A4402EB82021344326802EB83026B688F
:102C500032603B626F603846F8BD0027FBE700BF7B
:102C6000BC1000201033000000005F5FB81000208F
:102C70000C3300002DE9F74F0F46904606460093AF
:102C800000B109B900F05CF8D6F800A0DAF8182015
:102C90000AF1300303EB820BDAF81C40204B1D686D
:102CA00054B10C2202FB04541C601E4B1B689C4256
:102CB00001D900F045F82C4625464FF00009DAF816
:102CC0001C204A4500D91CB9002003B0BDE8F08F94
:102CD000142303FB09B20023C5E900269268AB6008
:102CE000930516D5B8F1000F02D0009B802B03D0BE
:102CF000019200F025F8019A12F0E00FD0B202D153
:102D000058F820201AB1019000F01AF8019848F8FC
:102D100020507A6809F10109AA607D600C35CEE780
:102D2000B41000200833000008B5FFF759FD034B2D
:102D30009860FFF75BFD80F3888808BD00ED02E036
:102D4000FEF746BF8230012808B506D8FFF7B0FE6F
:102D500018B9BDE80840FFF7F3BF08BDF8B506464F
:102D60000D4600F0ADF9044608B9FFF7E9FFA76882
:102D70000FB9FFF7E5FFE368991C20D05A1C21D159
:102D8000A5B315F1820F13D102232360EFF3108650
:102D900072B629462046FFF799FB054686F3108850
:102DA0002368022B24D1204600F086F82846F8BD7F
:102DB00015F1830FEAD0FFF7C3FF0025E6E70223F2
:102DC0002360FAE7002BF6DB204600F09DF93B6814
:102DD0009B689B0501D50223236015F1810FD5D196
:102DE0006369002BD2DBFFF7ABFFCFE73546F4E793
:102DF00000232360DAE708B5FEF7EAFE6FF08300F0
:102E000008BD2DE9F3410E46174698460546FFF7E3
:102E10004FFE00F069F92946024601A8FFF758FE67
:102E2000044660B943463A4631460198FFF7D6F961
:102E3000044640B16B0002D5019800F03DF82046F1
:102E400002B0BDE8F0810198FFF718FB0446F6E7F1
:102E500040F20110704770B50546FFF729FE06469F
:102E60002846FFF7C9FD044608B9002070BD014699
:102E700032462846FFF7D6FD0028F6D12368D868E9
:102E8000F4E76FF00200704700DF70474FF48050A6
:102E90007047B0F5805F03D1EFF30B808038704747
:102EA000002070477047EFF30B8000F1800383F33D
:102EB0000B88704700207047EFF30B83803B83F350
:102EC0000B88704770472DE9F0410E461546002AE1
:102ED0004AD0C4074BD480F00204C4F34004A400D9
:102EE00003F00602062A4AD144F00104224629468C
:102EF000304602F061FBB8BB46E800F205EB06087D
:102F0000100E120208F1FF3747E800F34FEA136191
:102F100066D51B0264D5884262D046E800F547E8D2
:102F200000F7FFF7AAF82D0E85424FEA176734D352
:102F3000FFF7A5F8874230D82846FFF799F82246D0
:102F4000C6F101010144304602F036FB002847D0AB
:102F50000135AF4218D83846FFF788F82246A8EB6B
:102F6000000102F029FBD8B30020BDE8F081EFF3A7
:102F70009484A40004F0040444F01204B0E7990718
:102F800031D544F00804B1E72846FFF76FF806464C
:102F9000FFF777F822460146D5E7FFF77AF8854232
:102FA0001ED3FFF778F887421AD82846FEF7C6FDE9
:102FB0002246C6F101010144304602F0FDFA78B123
:102FC0000135AF4203D83846FFF75EF8C6E728461A
:102FD000FFF75AF80646FFF760F822460146EBE78E
:102FE0006FF07F00C1E74CF2DA20BEE710B504466F
:102FF000FFF74AFCFFF758FC10B143F6DA3010BD7A
:10300000FFF786FC0028F8D1FFF772FB0028F4D107
:1030100002232360F3E708B5FFF7F4FB10B143F692
:10302000DA3008BDFFF7F8FB0028F8D100F025F8EA
:103030000028F4D162B6FDF737FDFFF7F9FB002851
:10304000EDD1FFF715FC0028EBD0E8E708B5FEF757
:1030500091FDFEF701FDBDE80840FFF771BEEFF3FB
:103060000880EFF309812DE9F00F6B467246FDF7FA
:1030700073FC08B0FFF7EAFFFEE700207047044644
:103080000D46A54628470368283383F309888368DB
:1030900083F30B88BFF36F8F4068704703689A68AB
:1030A000DB6812F4806F05D18B422CBF00206FF0DB
:1030B000FA0070478B420CBF00206FF0FA00704797
:1030C00010B5FFF7E6FE0446FFF7F4FE50B9FFF730
:1030D000E3FCA3685B681B685B68834218BF00243D
:1030E000204610BD0024FBE738B5054648B100F086
:1030F0001BF8B5EBD07F044601D0FFF721FE204638
:1031000038BDFFF7C9FCF4E7002310B500F1280231
:1031100052F8041F19B1C16F146C19444C60083384
:10312000202BF5D110BD70474FF0FF3070470000E5
:1031300001464154414C204552524F523A200048DA
:103140006172644661756C740D0A004D656D4D6168
:103150006E616765206661756C740D0A0042757357
:103160004661756C740D0A0055736167654661753B
:103170006C740D0A005365637572654661756C74F5
:103180000D0A005265736572766564204578636543
:103190007074696F6E2000506C6174666F726D2080
:1031A00065787465726E616C20696E746572727593
:1031B000707420284952516E293A2000D50A000027
:1031C000D71D0000510D00000D0B0000FF1D000079
:1031D0000B1E0000250B0000DB1D0000F50A00009F
:1031E000010B0000D90B0000E11D0000ED1D0000E7
:1031F000F31D00001D000000100002001C00010073
:1032000011000300030202020000000000000000A1
:103210000338FDD87047506C6174666F726D20453D
:103220007863657074696F6E3A205350552046611B
:10323000756C740D0A003031323334353637383915
:103240004142434445461B5B313B33346D5B536520
:1032500063205468726561645D20536563757265AF
:1032600020696D61676520696E697469616C697A4E
:10327000696E67211B5B306D0D0A001B5B313B33B0
:10328000346D426F6F74696E672054462D4D207601
:10329000322E302E301B5B306D0D0A00556E6B6E7A
:1032A0006F776E2053504D205356432072657175D1
:1032B00065737465643A2000556E6B6E6F776E208F
:1032C000535643206E756D62657220726571756527
:1032D000737465643A20000405080A0B0E0F101180
:1032E000141517181B1C1D1E1F20212223242628FD
:1032F0002A39423A0080000000800000FFFF0F00E2
:10330000007C000000800000241200200C1200202D
:0433100000020000B7
:10332000009A204B9A4208D110B502F07DFA02F0C3
:10333000A9F906BC96460C46744702F0B9FA009A01
:10334000184B9A4208D110B502F07AFA02F09AF9B5
:1033500006BC96460C46744702F0AAFA0CB4029AD0
:10336000104B9A420CD14FF0004319430CBC10B5DE
:1033700000F09EF802F086F906BC96460C467447AB
:1033800002F096FA009A074B9A4202D10649086861
:10339000744702F08DFA009A024B9A4200D17447AA
:1033A00002F086FAA5EDF5FE801000200348044BDC
:1033B000834202D0034B03B118477047A01100208D
:1033C000A0110020000000000548064B1B1AD90F71
:1033D00001EBA301491002D0034B03B1184770471A
:1033E000A0110020A01100200000000010B5064C24
:1033F000237843B9FFF7DAFF044B13B10448AFF366
:1034000000800123237010BDC018002000000000C0
:10341000345B000008B5044B1BB104490448AFF30A
:103420000080BDE80840CFE700000000C41800207D
:10343000345B0000A3F5803A704700BF174B002BA8
:1034400008BF134B9D46FFF7F5FF00218B460F4643
:103450001348144A121A02F0C4F90E4B002B00D084
:1034600098470D4B002B00D0984700200021040006
:103470000D000D48002802D00C48AFF3008002F088
:1034800077F820002900FEF775FE02F05DF800BF16
:10349000000008000000000000000000F80B002001
:1034A000A0110020B0280020000000000000000053
:1034B0002DE9F84304460D4616461F46EFF30583F3
:1034C000C3F308030BB1FFF73BFCDFF834903B4636
:1034D000204632462946D9F80080FFF792FCD9F8F9
:1034E00000300446984506D0DB6901461869BDE8FE
:1034F000F843FFF733BCFFF725FC2046BDE8F8830F
:10350000B019002001680E4A0346914215D1C169E5
:10351000A2F11022A2F1EF1291420ED18268012A8B
:103520000BD8C26812B101698A4206D0586928B125
:103530009B691B1A5842584170470120704700BFD1
:1035400055AA00FF0D4B70B59E68A6B13046FFF737
:10355000D9FF044678B9F3686BB935690DB92046CF
:1035600070BD2846FFF7CEFF28B9EB68B34202D101
:103570002E462D69F2E70124F1E700BF4C1A002026
:103580002DE9F041394E3468F368D4B1B468C4B160
:10359000002861D000295FD001FB00F5B5FBF0F0F9
:1035A000884259D1291D57D8AA070DD025F003020A
:1035B00004321C4603E0616891424FD2A469002C9A
:1035C000F9D12046BDE8F0812A46F2E7891A23297D
:1035D00004F12007D4E9050C1AD80123A360A0B197
:1035E000C0F818C0A36903B158610023C4E90533CA
:1035F0003369DB0702D5FFF7A5FFA0BB2A460021F0
:1036000038463C4602F0EDF8DBE7C6F80CC0E9E7C7
:1036100002F1200804EB08032039C3E9011E2169E7
:10362000DFF84CE0DC60196144F808E0AEF1102EE0
:10363000AEF1EF1EC3F81CE001B1CB60C3E9050C8D
:1036400040B18361996901B14B6101212361C4E9F2
:103650000121CAE7F360F5E70024B2E7D4F808E0F7
:10366000BEF1000FB2D0012001F06EFF4C1A002015
:1036700055AA00FFF8B5054600283AD0364E336803
:10368000002B36D0B268002A33D0834203D8726848
:103690001344984202D3012001F056FFA0F1200408
:1036A0002046FFF72FFF0028F5D155F8183C012BD5
:1036B000F1D145F8180C55E90570DFB1BB68CBB9FD
:1036C00055F81C2C7B68203213447B60386100B1B4
:1036D000C76020220021204602F083F8386908B133
:1036E00083682BB333699B0703D5FFF72BFF0028B3
:1036F000D1D1F8BD40B3836833BB426863681344DB
:10370000203363600369D4E90521236192B9B9B913
:10371000426981696261A161A2B19461A26902B149
:10372000546103B1DC602022002102F05AF8D9E78D
:103730003C46E2E79161A1690029E9D04A61E7E7E7
:10374000F160F8E7F460E9E7F36845F8083C03B195
:103750005C61F460C6E700BF4C1A002038B50D4626
:10376000142200210446124802F03BF81149124885
:1037700000F02CF8232D1AD914F003031FBF043DC9
:10378000ED18C3F10403E4182A460021204602F094
:1037900028F8074B094AC3E900459C602260A2F162
:1037A0001022203DA2F1EF126560E261DC6038BDBD
:1037B0004C1A0020753600008135000055AA00FF24
:1037C000014B1B68184700BFC0100020024B186057
:1037D000024B002019607047C4100020C010002068
:1037E00010B50A46044619B1024B00211B689847E0
:1037F00010BD00BFC8100020054B0A46197819B14A
:103800000146181D02F08EB86FF08800704700BFA7
:10381000601A002010B5074C00F032F8204602F084
:1038200092F8201F0821FFF7DBFFBDE8104002F0EF
:1038300076B800BF641A002070B50C4D2B787BB9A8
:1038400002F06BF8044670B90126281D6E7002F074
:1038500067F8044638B900F00BF8044618B92E7022
:103860000024204670BDFFF7D5FFFAE7601A00205C
:103870000122024B002083F880257047681A00203F
:10388000F8B5074C2025264601272046276202F07E
:1038900033F8013D04F12C04F7D186F88055F8BDCA
:1038A000681A002010B50C4C236813B10B4B1B6831
:1038B0002BB900F089FC30B90122084B1A600123B2
:1038C0002360002010BD0138062801D9044810BD2E
:1038D000044B53F8200010BDFC1F0020F81F0020EF
:1038E000FE8FFFFF9C590000144B2DE9F043002888
:1038F00014BF04461C46124F236883B0BB4219D044
:1039000016460D4620464FF4147104F1040900F0E8
:1039100047F804F58E78484600F0CEF8404600F0AF
:1039200019FA2B464A4640460649009600F034FBF9
:1039300008B92760002003B0BDE8F0830020002014
:10394000A5BCC95A3D3B000070B50D4C1D46002872
:1039500014BF064626460B4B306882B098420DD104
:1039600006F58E70002633460096144600F03EFBA6
:10397000002818BF34462C6002B070BD0248FBE737
:1039800000200020A5BCC95AE88FFFFF38B131B133
:10399000002201440346013081421A70FAD1704777
:1039A00038B131B1002201440346013088421A7017
:1039B000FAD170472DE9F043202B1D460646884674
:1039C00091468BB026D8DBB202AF8DF80480B046AA
:1039D00058F8041B8DF8053021B9404601F038F93C
:1039E000044640B9012302224046336001A901F098
:1039F00043F9044638B138462021FFF7D1FF20466D
:103A00000BB0BDE8F0832A464946404601F034F940
:103A10000446F0E702AF1946104600233A4601F08B
:103A2000B1FA04460028E6D12023B9461D46CCE76A
:103A30002DE9F041D0F8F830A6B0002BD8BF02AE87
:103A400031DD05460027D0F80C4102AEA4F1010893
:103A50009022D5F8FC403146D0F8000101AB019727
:103A6000B8FA88F8A0474FEA5818044620B9019BD5
:103A700053B9B8F1000F16D030469021FFF790FFF0
:103A8000204626B0BDE8F081014632462846FFF7C1
:103A900091FF58B9D5F80431019A1344C5F804319F
:103AA000B8F1000FE8D16FF03C04E5E7044620468A
:103AB00026B0BDE8F08100BF70B500250446142291
:103AC00004F588762946C0F8F850FC3001F089FEEC
:103AD00008222946304601F084FE144B30461B680C
:103AE0009847204640F8045B01F098F8104B3046A8
:103AF0001B689847C8B9D4F8F830AB420FDC03EB29
:103B0000830204EB82022021C2F800010120C2E9F5
:103B1000421008490133C2F8FC10C4F8F830064BD3
:103B20003046BDE870401B68184770BDE8100020A3
:103B3000E4100020214B0000E01000202DE9F047A8
:103B4000202A88B07AD83F4B00F5887904461B6854
:103B500048461746884698470546F8B940F2011688
:103B6000D4F8F830002B65D02046FFF761FF0546FA
:103B700038B9D4F8F830002B14DC013EF2D16FF0E4
:103B80003B056E4620213046FFF70AFF2E4B484684
:103B90001B689847002818BF6FF01D05284608B01D
:103BA000BDE8F087D4E94132934203D3D4F80C2125
:103BB000012A02D0013ED7D1E1E71F2BFAD96E4688
:103BC00001462022304604F1040A01F00AFE314683
:103BD000504601F07BF805460028D3D1504601F04D
:103BE00031F8504601F01AF82946504601F030F8F5
:103BF00005460028C6D150462022314601F03CF847
:103C000005460028BED1034632462021304601F049
:103C1000B9F905460028B5D1D4F8F8303A46002B5A
:103C2000C8BF002340463146C8BFC4F8043101F084
:103C3000B3FDA7E76FF03F056E46A3E76FF03B05C6
:103C4000ACE700BFE4100020E010002070B590B099
:103C500000287AD03E4C0D464022362106462046AA
:103C600001F0BFFD40225C21A01801F0BAFD2B1D20
:103C7000A34203D904F144039D4252D32B68226826
:103C8000534023602B68226C534023646B68626846
:103C9000534063606B68626C53406364AB68A268B6
:103CA0005340A360AB68A26C5340A364EB68E26826
:103CB0005340E360EB68E26C5340E3642B69226994
:103CC00053402361226D2B695340236562696B6900
:103CD000534063616B69626D53406365AB69A26970
:103CE0005340A361AB69A26D5340A365EB69E269E0
:103CF0005340E361EB69E26D5340E36500213046D8
:103D000000F0A6FF044628B940223046104900F0D2
:103D1000B3FF044640216846FFF742FE204610B03C
:103D200070BD631E04F13F01013D1F3415F8010F02
:103D300013F8012F42401A7011F8012F2878A3427E
:103D400082EA00020A70F1D1D8E76FF07304E5E768
:103D50005022002010B54FF49A720021044601F061
:103D600040FD42F21072044BC4F8202104F5967015
:103D70001B68BDE810401847E81000202DE9F04FFF
:103D800004468846914695B0002900F0A780002A95
:103D90000CBF0126022600238DF80C30002C00F009
:103DA0009F80DFF844A104AF0AF1400B00212046B8
:103DB00000F04EFF034648B1384620210193FFF73B
:103DC000EFFD019B184615B0BDE8F08F402251462B
:103DD000204600F051FF03460028EDD104F1F40520
:103DE00020222946204600F047FF03460028E3D161
:103DF0000122204603A900F03FFF03460028DBD143
:103E0000022E62D020460CA900F060FF0346002875
:103E1000D2D10146204600F01BFF03460028CBD13B
:103E200040225946204600F027FF03460028C3D110
:103E3000202220460CA900F01FFF03460028BBD11A
:103E40003946204600F042FF03460028B4D13946E7
:103E50002046FFF7FBFE03460028ADD1202229466D
:103E6000204600F009FF03460028A5D120460CA9F2
:103E700000F02CFF034600289ED10146204600F0AA
:103E8000E7FE0346002897D140225946204600F01D
:103E9000F3FE034600288FD1202220460CA900F013
:103EA000EBFE0346002887D12946204600F00EFF8E
:103EB0000346002880D19DF80C200132D2B2B242D4
:103EC0008DF80C20FFF472AF76E74A464146204653
:103ED00000F0D2FE0346002894D06DE701265AE791
:103EE0006FF0730304AF67E7502200202DE9F04123
:103EF0000446884615461F46D0F81801E0B013B1B5
:103F000000EB40004008B5F5807F3ED82844B0F56E
:103F1000C07F3AD84FF4C0720021684601F061FCBE
:103F20006946D4F82431D4F81821D4F828019847E8
:103F300070BBD4F8186157B1D4E9493072080DEB61
:103F40000601984720BBD4F8183106EB5306B8F1A8
:103F5000000F00D08DB9324669462046FFF70EFFAC
:103F6000054610B90123C4F8143131466846FFF7FD
:103F700017FD284660B0BDE8F0810DEB0600414614
:103F80002A462E4401F008FCE5E76FF00405F0E74F
:103F90006FF00805EDE700BF2DE9F047044604F196
:103FA000F4050F4691461E46DDF8208000F036FEEF
:103FB00029462046FFF74AFE08B1BDE8F0872846AB
:103FC0002022012101F00DFCD4F81831C4F824712D
:103FD000C4F8289113B92023C4F818314246314659
:103FE0002046BDE8F0470123FFF780BFB2F5806FA0
:103FF00000F295802DE9F04F89B09A46129BB3F5F7
:10400000807F00F29080D0F82431164604460F4697
:104010004BB3D0F81C31012B05D0D0F81421D0F8C7
:1040200020319A421FDD514600232046129AFFF7A5
:104030005DFF014698B900231293002E5ED0DFF891
:10404000EC9009F1400B0021204600F001FE202EEB
:104050003546014628BF202504F1F40890B10846F2
:1040600009B0BDE8F08FBAF1000FE6D0129B002B2B
:10407000E1D051461A462046FFF780FE014600284F
:10408000DBD0ECE749464022204600F0F5FD014632
:104090000028E4D141462022204600F0EDFD0146F3
:1040A0000028DCD16946204600F010FE01460028B9
:1040B000D5D1204600F0CCFD01460028CFD159468D
:1040C0004022204600F0D8FD01460028C7D16946AD
:1040D0002022204600F0D0FD01460028BFD14146F5
:1040E000204600F0F3FD01460028B8D138462A46A4
:1040F000414601F051FB761B2F44A4D15146204686
:10410000129AFFF73BFE01460028A8D10846D4F8D2
:1041100014310133C4F8143109B0BDE8F08F6FF0E9
:104120000201084670476FF0040198E75022002012
:10413000002130B58DB0282202A8019101F051FB79
:1041400002A800F047FF044610B120460DB030BD74
:10415000174D4FF0FF31286800F042F9044620B1B6
:10416000144800F0D3F9012C18D0002000F068F9B1
:10417000D0B9114A02A901A800F0C4FC04460120EC
:1041800000F05EF960B9286800F032F90028DCD050
:104190000A4800F0BBF920460DB030BD0524F2E717
:1041A000074800F0B3F9EEE7064800F0AFF9E0E7A2
:1041B000CC100020B8590000D0220020105A000076
:1041C000F0590000D059000030B583B000F05CF821
:1041D00028B100F0ABF80324204603B030BD00F056
:1041E00077F8D8B900F02CF9E0B9224CD4F8283986
:1041F0001B0EF02B0AD1D4F8242A1F4B9A4231D03F
:1042000000F044F8072400F091F8E5E7062400F0F8
:104210003DF800F08BF8204603B030BD0424204662
:1042200003B030BD00F032F800F080F8FFF780FFF7
:10423000044698B9114D2B68002BCDD1024601469A
:10424000FFF752FB50B968220D4901ABFFF77CFB29
:1042500020B920460B4B2B6003B030BD052420460F
:1042600003B030BD012000F0EBF80028DAD1C4F82B
:104270000C0ADBE7001084500000E020F02400204E
:10428000F42400205AEA5A5A002070470020704750
:10429000430504D54FF0FF32034BC3F80821024B0E
:1042A000C3F8080A704700BF00108450014BC3F8E0
:1042B000040A70470010845008B100F06BB84FF446
:1042C0007500704708B100F04FB84FF475007047A3
:1042D00010B5114800F070F800B110BD0F4800F0A3
:1042E0006BF80028F9D10E4C204600F065F8002844
:1042F000F3D10C4B0C481C6000F05EF8014600281E
:10430000EBD100F02DF8044608B1204610BD00F0B6
:1043100079F82046FAE700BFDC100020D810002012
:10432000D4100020CC100020D010002008B5084880
:1043300000F04CF8074800F049F8074800F046F84C
:10434000064800F043F8BDE8084000F00BB800BF95
:10435000DC100020D8100020D4100020D010002045
:1043600000207047704700BF024610B4084CD4F8D4
:10437000003A1342FBD021B1D4F804310B60C4F8E9
:104380000831034B0020C3F8082A10BC704700BF57
:1043900000108450044AD2F8003A1842FBD0C2F808
:1043A000080A0020704700BF0010845001F0BEB919
:1043B0000A46002101F015BA08B5034B02681B68D4
:1043C00010689847002008BD0811002008B5034B6D
:1043D00002685B6810689847002008BD081100203B
:1043E000024B02689B681068184700BF0811002044
:1043F00008B5034B0268DB6810689847002008BDC9
:104400000811002070B5094C094D2069AB68984728
:1044100018B1084B08485B6898470021074AEB68C9
:1044200011602069BDE87040184700BFF4100020FB
:1044300008110020EC100020285A00005C25002004
:10444000F8B51A4D1A4E0446B26828699047E8B983
:10445000184F3B684CB1A3B1012B19D0013B3B6015
:104460002869F36898470020F8BD43B90121124A32
:10447000C2F800151149D1F81029002AFBD10133E7
:104480003B60F368286998470020F8BD0C48F8BDE8
:104490000A4AD2F81039002BFBD1074A6FF07E4050
:1044A000C2F80035FFF702FF3B68D7E7F4100020A1
:1044B000081100205C25002000008450001084506A
:1044C000E98FFFFF014B1B68184700BF0811002050
:1044D000014B9B68184700BF08110020014BDB68A7
:1044E000184700BF08110020BFF34F8F0549064B46
:1044F000CA6802F4E0621343CB60BFF34F8F00BF82
:10450000FDE700BF00ED00E00400FA0530B44FF015
:10451000FE320025074B084C08494968C3F80024BF
:10452000C3F80424C3F80824C3F80C24C4F80055C5
:1045300030BC08470010845000008450EC1000206C
:1045400010B5044650B1636813F0685F05D0064AA1
:10455000934202D000236260236010BD034B0448E5
:104560005B689847EFE700BF2C5F5CA9EC10002068
:10457000485A0000C8B143680D4A934213D013F063
:10458000685F0ED0012350E8002F194640E8001C58
:104590009CF0000FF7D1012AF5D0BFF35F8F002008
:1045A000704704487047044870476FF4E040704714
:1045B0002C5F5CA9E98FFFFFEA8FFFFF034680B104
:1045C000426809498A420AD012F0685F05D0BFF3F9
:1045D0005F8F002210461A607047044870470448F5
:1045E00070476FF4E04070472C5F5CA9E98FFFFFD4
:1045F000EA8FFFFF10B5044620B10023034A236071
:10460000626010BD0248FFF781FFF6E73A00003A0A
:10461000705A00002DE9F047002878D00C46002998
:1046200075D01D46002B72D007461AB10122002317
:104630002A6003602B68002B64D02946204600F0D6
:10464000B7FD804600285FD12146286800F096FD1E
:104650008046002858D12B68082B6CD0042B6DD0D5
:10466000A3F10209B9FA89F94FEA59190121354E26
:10467000C6F8C411C6F84011C6F8C411636AC6F87A
:104680003031D6F830219342F6D14FF0000A4FF086
:10469000FF30C6F82CA1FFF7FBFD6FF01B0350465F
:1046A000C6F80031FFF702FEC6F80C91D6F8040AEE
:1046B00040F48060FFF7FAFD0A23C6F83831089B02
:1046C000012B29D02369204AA2FB03231B09626A1C
:1046D000404602FB03F303EB43031A4ADB039B0947
:1046E000C2F8D8310123C2F82C313B682A6823F084
:1046F0007F4343EA02633B602A6843EA02233B604C
:10470000BDE8F087DFF844804046BDE8F087DFF879
:1047100040804046BDE8F0874FF47F03D3F80C2C6F
:10472000013206D0D3F80C3C074AA2FB03231B0935
:10473000CDE71623CBE74FF0030997E74FF00209C7
:1047400094E700BF00108450ABAAAAAA310CF10074
:10475000350CF10058B34B1EB3F5047F27D230B5AA
:104760004FF0000ECD00744671464B0901F01F0C4E
:1047700050F82330BCF11F0F23FA0CF306D003F0DE
:10478000010319B901211C468E46EEE79C4201F156
:10479000010106D01C464FF0010EA942E5D10020D0
:1047A00030BD0EF1010E9645F7D1024830BD0148EB
:1047B000704700BF360CF100C0B32DE9F0434C1E2A
:1047C000B4F5047F1DD2E3B1DAB100252E46A84628
:1047D0002C46CF0003F1FF394FEA541C04F01F0EA2
:1047E00050F82C10BEF11F0F21FA0EFC0CD00CF06B
:1047F000010C4CB90126E04634463546ECE79642BA
:1048000016D90C48BDE8F083AB420BD0C44508BFB5
:104810000136A945F3D001350134BC42DCD100207A
:10482000BDE8F0830125E0462E46F5E701487047D4
:104830001D46F1E7370CF1002DE9F04F91B08346AA
:10484000DDE91B460D46002E6ED10F691C6000236A
:104850001A990B60002A00F02F819D4B6A6AD3F8E9
:104860003811D3F830319A4269D10A2967D19BF8BF
:104870000330089304F10803079304230593954B31
:10488000934CA3FB07239B0803EB4303A7EB4303D2
:10489000039306971A9B069E1E60002E00F0EA8086
:1048A00000F096FC00230993BBF1000F00F0D580C7
:1048B00098464FF0010ADDF81C90002D00F0CD80E5
:1048C000089B002B3DD0284608A900F071FC002869
:1048D00039D0814B984220D0089B082B00F0E4800F
:1048E00000225B000893294608AB58460092FFF768
:1048F00091FE7A4B984200F0D38070B9DBF800202B
:10490000130A03F47F03134323F07F43CBF80030F3
:10491000059B013B0593BDD10020039000F058FC9E
:10492000039811B0BDE8F08F4FF47F01D1F80C0C63
:1049300001300CBF4FF40477D1F80C7C86E768484F
:10494000EBE76648C5E72946089800F017FC002801
:10495000BFD1089B082B00F0A980042B00F0A98090
:10496000A3F10203B3FA83F35B090493C4F8C4A16F
:10497000C4F840A1C4F8C4A16B6AC4F83031D4F8BB
:1049800030219342F6D100234FF0FF30C4F82C3190
:10499000FFF77EFC002318466FF01B03C4F80031BC
:1049A000FFF784FC049B4B4FC4F80C31D4F8040A85
:1049B00040F48060FFF77AFC0A23C4F838312B6991
:1049C00009A8A7FB03236A6A1B0902FB03F303EB95
:1049D0004303DB039B09C4F8D831C4F82CA1DBF8EE
:1049E0000030089923F07F420B0243EA016313432E
:1049F000CBF8003000F0B2FB099B03F01A0303432D
:104A00007FF46AAFA7FB0637D4F81431B8EB970FE1
:104A10000A93D4F818310B93D4F81C310C93D4F8C2
:104A200020310D93D4F824310E93D4F828310F930C
:104A300001D1039B9BB9484618220AA9183EFFF7EB
:104A4000B5FC09F1180908F101089EB100F0C0FB9E
:104A500000230993002D7FF433AF224839E74846FD
:104A60001A46F61A0AA9994408F10108FFF79EFCB4
:104A7000002EEBD1069F079E6A6939463046FFF744
:104A800069FEAA6940B94FF4806339463046FFF7A2
:104A900093FE00283FF440AF00231A9A136018E7F2
:104AA0002B6A002B3FF439AF0F4836E703230493FA
:104AB0005CE70223049359E70122294658460096F1
:104AC00008ABFFF7A7FD00283FF4D4AE25E700BFF1
:104AD00000108450ABAAAAAA020CF100310CF1001C
:104AE000300CF100350CF100320CF10010B4DDE9AE
:104AF000013401940024DDF80CC0CDE902C410BCDF
:104B0000FFF79ABE30B51546012487B005AB009378
:104B10000022CDE9015404ABFFF78EFE07B030BD93
:104B2000F0B587B0002966D01E46002B63D014462E
:104B3000002A60D0314F0D4638684FF0FF31FFF743
:104B40004FFC00284DD10020FFF77AFC002844D10B
:104B50002B4800F03FFAD8B101204FF0FF35FFF7A6
:104B60006FFC002835D14FF408712648FEF70EFF80
:104B700004212548FEF70AFF21482821FEF706FFF9
:104B80003868FFF735FC00282FD1284607B0F0BD64
:104B90001C4A0346029205AA019204AA03900092BD
:104BA000174902461848FFF7A1FF03460028D3D152
:104BB00028461D46059B22469C4228BF1A4604995A
:104BC00032600831FFF7F2FB0120FFF739FC0028C3
:104BD000C9D00E48FFF79AFCC5E70D48FFF796FCD1
:104BE000B6E70C48FFF792FCADE70B48FFF78EFCE9
:104BF000284607B0F0BD4FF0FF35C6E7CC100020C7
:104C0000742500209C25002070250020F05900000C
:104C1000D0590000B8590000945A000010B504465D
:104C200028B12046BDE81040F421FFF7C1BB04487D
:104C3000FFF76CFC2046BDE81040F421FFF7B8BB3D
:104C4000AC5A000010B1F421FEF7A0BE704700BFBF
:104C500008B521B1012908D06FF0360008BD012147
:104C600000F058F80028F7D108BD022100F052F8F2
:104C70000028F9D0F0E700BF30B505468818B0F538
:104C8000801F0B461446A1B001D8802A0CD9B3F579
:104C9000801F17D922461946284600F07DF80446A1
:104CA00084B9204621B030BD6846FFF77FFB22461D
:104CB0006946284600F070F8802104466846FFF7F0
:104CC00077FBEDE76FF03604EBE700BF70B5E8B1B6
:104CD0000E46D9B1044600F031F80546B0B9236854
:104CE000012B0BD0022B01D0284670BD1C22304670
:104CF00004F10801FFF75AFB284670BD2022304618
:104D000004F10801FFF752FB284670BD6FF036052D
:104D1000EAE700BF78B138B50D46F0210446FFF749
:104D200047FB402320462560E36500F091FA0038F8
:104D300018BF012038BD0120704700BFF0B5056ED7
:104D4000A5B0044604AEE5B900230127019330461F
:104D50006760294602AA009300F046FA10B10120CC
:104D600025B0F0BD2A46204602A900F099FA002895
:104D7000F5D1204600F0AAFB0028F0D1206625B02E
:104D8000F0BD802D2A46304628BF802204F1640100
:104D9000FFF70CFB256ED7E7002800F0AE802DE969
:104DA000F04F1446A5B0002A3DD00F46002949D047
:104DB000B2F5803F0546006E20D34FF6FF7805F12F
:104DC000640AEB6D1A1AB2FBF3F103FB1122002AFD
:104DD00065D18342B9464FF6FF7672D0B6FBF3FB3E
:104DE00003FB0BFBBBF1000F30D1002E45D1A4F526
:104DF0007F44FF3CB4F5803F4744E2D2EA6D161A87
:104E0000B6FBF2F302FB1366A64228BF2646002E2D
:104E100075D1824200F08D80B4FBF2F602FB06F6FB
:104E20002EB9002C79D1002025B0BDE8F08F0023E9
:104E300031463846CDE9003302AA00F0D5F9002802
:104E400000F09580012025B0BDE8F08F0023594681
:104E50004846CDE9003302AA00F0C6F90028F1D196
:104E60005A46284602A900F01BFA0028EAD1A6EB10
:104E70000B06286ED944002EB9D019304946324667
:104E800005EB8000FFF792FAA4F57F44286EFF3C03
:104E90003044B4F5803F4744286692D2AEE742459D
:104EA00028BF4246164639465044FFF77FFA286E1F
:104EB000EB6D3044834207EB06092866A8EB060633
:104EC0008CD1802B28BF802351461A4604A8FFF7B7
:104ED0006DFA0023E96D02AACDE9003304A800F0C1
:104EE00083F90028AED12846EA6D02A900F0D8F96E
:104EF0000028A7D1EB6D286670E70120704705F107
:104F00006403394632461844FFF750FA286EEA6DBA
:104F10003044A41B374428667BE72B6E22461933A6
:104F200005EB83003946FFF741FA2B6E23442B66CD
:104F300079E7802A28BF802205F1640104A8FFF7E1
:104F400035FA0023E96D04A8CDE9003302AA00F088
:104F50004BF900287FF476AF2846EA6D02A900F0ED
:104F60009FF900287FF46EAFEA6D286654E7324659
:104F7000284602A900F094F900287FF463AF374473
:104F8000A41B4EE7F8B51C460546114816460F46C9
:104F9000FFF744FE21460E48FFF75AFE044620B1B3
:104FA0000B48FFF74FFE2046F8BD3A462946084811
:104FB000FFF762FE04460028F2D131460448FFF7AD
:104FC00085FE04460248FFF73DFE2046F8BD00BFBF
:104FD000BC2700201C2370B582B001A905460193AF
:104FE00000F032F8044638B9019B1C2B07D0144C52
:104FF0001C212846FFF7DCF9204602B070BDD5E938
:105000000112131E18BF0123003918BF0121012608
:1050100028689B00EA6843EA4103002818BF43F070
:105020000103EE612AB9C5E90834002BE4D1054C2F
:10503000DEE7204643F00803C5E9083402B070BD3E
:10504000370CF0000E0CF0000346002866D0002953
:1050500064D00A681C2A61D14FF47F023B49D2F820
:10506000100C88425CD0D2F8101C013158D0D2F814
:10507000101C4FF47F021960D2F8140C3449884296
:1050800060D0D2F8141C01315CD0D2F8141C4FF45B
:105090007F025960D2F8181C11F5947F4FD0D2F8D6
:1050A000181C01314BD0D2F8181C4FF47F029960C4
:1050B000D2F81C0C274988423ED0D2F81C1C013182
:1050C0003AD0D2F81C1C4FF47F02D960D2F8001CF1
:1050D00070312FD0D2F8001C01312BD0D2F8001C37
:1050E0004FF47F021961D2F8041CAF3120D0D2F8FE
:1050F000041C01311CD0D2F8041C4FF47F0259610A
:10510000D2F8080C144988420DD0D2F8081C01319D
:1051100009D0D2F8082C00209A617047012070470E
:1051200040F6FC01A5E740F2373200209A61704753
:105130005121E2E79021D3E742F60411C3E740F69C
:10514000D861B2E742F2D001A1E700BFFCF8FFFF4F
:10515000D020FFFF0429FFFF37F3FFFF014608B50A
:105160004FF48060FFF7AEF80022034BC3F8C8216C
:10517000C3F82C2108BD00BF001084500138072857
:1051800005D8DFE800F0100E040A040404060748FE
:105190007047CB6800204B6270478B6800204B62E1
:1051A00070474B68F6E70B68F4E700BF310CF1007D
:1051B0000B6802E0082B0B6006D8026A13424FEA24
:1051C0004303F7D00020704700487047310CF100CE
:1051D0000022044B4FF48060C3F82C21C3F8C42193
:1051E000FFF756B800108450F0B5002483B0B0F13A
:1051F000005F8DF8074025D38C468444BCF1804F76
:1052000004461FD817461D4601220DF1070300F082
:1052100097F90646B0B99DF80730099A3C603B7192
:1052200092B14DB10246089928460DF1070300F0EE
:1052300087F938B99DF807303046099A156013711F
:1052400003B0F0BD4FF47506304603B0F0BD00BFAB
:10525000D8B108B50368012B04D0022B0FD043B19D
:105260000B4808BD20220B490830FFF79FF80020AB
:1052700008BD142208490830FFF798F8F7E7202204
:1052800006490830FFF792F8F1E74FF473007047D2
:105290000100F300BC5A0000FC5A0000DC5A000078
:1052A0002DE9F843002900F0F9800446002800F0B9
:1052B000F98003680F469046002B00F0C380013B45
:1052C000012B00F2D7804FF0FF3178484FF00209F0
:1052D000FFF786F8002840F0BF800020FFF7B0F805
:1052E0000646002840F0C280714AD2F81C39002BD3
:1052F000FBD16F4DD5F8203C002BFBD14FF0FF3098
:10530000FEF7C6FFD5F8040A20F04000FEF7CEFFF6
:1053100001230722C5F81838C5F80029C5F8C43795
:10532000A36CC5F8CC37E36CC5F8D037C5F8C09787
:1053300023685BB1013B012B18D8636AC5F85C3662
:10534000236AC5F85836E369C5F85436A269584B44
:10535000C3F850266269C3F84C262269C3F8482670
:10536000E268C3F84426A268C3F84026504AD2F83F
:105370001039002BFBD1B8F1000F5FD063684020DB
:10538000012B08BFC2F884363A68494BC3F8282C71
:10539000C3F82C8CFEF790FF0646454AD2F8103928
:1053A000002BFBD1424AD2F8203C002BFBD12368D2
:1053B0005BB1013B012B18D8D2F85C366362D2F89E
:1053C00058362362D2F85436E361394BD3F850266D
:1053D000A261D3F84C266261D3F848262261D3F843
:1053E0004426E260D3F84036A36000230121304A0E
:1053F000D2F8CC07A064D2F8D007E064C2F8C41792
:10540000C2F88436C2F8C837D2F81039002BFBD165
:10541000C2F81838002E3BD1254BD3F8040A40F0CF
:105420004000FEF743FF0120FFF70AF860BB1F486A
:10543000FEF7DEFF10BB3046BDE8F8830423C2F858
:10544000C837AAE74FF0FF3118484FF00109FEF7BF
:10545000C7FF00283FF441AF1648FFF757F8002078
:10546000FEF7EEFF064600283FF43EAF1248FFF776
:105470004DF839E7114E3046BDE8F8831048FFF784
:1054800045F83046BDE8F8830E48FFF73FF8CEE711
:10549000102104F10800FEF78BFFBDE70A4E3046ED
:1054A000BDE8F8834FF47306C5E700BFDC100020A9
:1054B00000108450B8590000D05900000100F300DA
:1054C000105A0000F05900000300F300A0B3034697
:1054D00070B4D0E90240D3E9041226BA05BA0CBA76
:1054E00010BAC3E90440D3E90612986A09BAC3E9BD
:1054F000026512BA996100BAD3E9084125BA0CBA1B
:10550000C3E90725D3E90B12C3E9094009BAD86BEF
:1055100012BAD962D3E90D4125BAC3E90C250CBAF8
:1055200000BAD3E9101209BA12BAC3E90E401964DD
:1055300000205A6470BC70474FF47300704700BF7E
:1055400000201870704700BF08B5074B044613B120
:105550000021AFF30080054B1868836A03B19847B8
:10556000204600F08DF800BF00000000105B000036
:1055700070B50D4D00260D4C641BA410A64209D138
:105580000B4D00260B4C00F0FDF9641BA410A64245
:1055900005D170BD55F8043B01369847EEE755F844
:1055A000043B01369847F2E798110020981100203B
:1055B000981100209C110020431810B501D21F2A19
:1055C00001D9002010BD013902F014030144102B51
:1055D00080EA01043CD009DC8BB1042BF1D11F2CF3
:1055E00040E840F315D941E840F10EE0142BE8D132
:1055F0001F2C40E8C0F30CD941E8C0F105E01F2C96
:1056000040E800F305D941E800F11C460B468C4206
:10561000D7D122F01402013A0A2AD2D801A151F8B6
:1056200022F000BF735600006D5600005F56000068
:10563000C3550000C3550000C3550000C35500000A
:105640007956000073560000675600005F56000050
:105650001F2C40E880F3DCD941E880F1D5E713F452
:10566000001FAFD1ADE713F4801FFAE75B02A9D5A5
:10567000A7E713F4002FF4E713F4802FF1E700BF3E
:10568000FEE700BF002383F300887047FDF758BB97
:10569000EFF30880EFF309812DE9F00F6B467246B6
:1056A000FBF75AF908B0FFF7F1FFFEE7FDF748BB3B
:1056B000EFF30880EFF309812DE9F00F6B46724696
:1056C000FBF74AF908B0FFF7F1FFFEE7FDF738BB3B
:1056D000EFF30880EFF309812DE9F00F6B46724676
:1056E000FBF73AF908B0FFF7F1FFFEE7FDF728BB3B
:1056F000EFF30880EFF309812DE9F00F6B46724656
:10570000FBF72AF908B0FFF7F1FFFEE7FDF718BB3A
:10571000EFF30880EFF309812DE9F00F6B46724635
:10572000FBF71AF908B0FFF7F1FFFEE7814270B40A
:105730000546144602D370BC00F02EB882182144EE
:105740003CB141EA020313F003030FD1E018032830
:1057500012D86FF00300A3084343002019441A44F1
:105760002344984210D1284670BC704711F8013D7F
:10577000013C02F8013DE3E7581850F8046C981812
:1057800040F8046C043BE1E70C1A14F8016C141A9D
:1057900004F8016C0130E4E770B504463AB141EA1F
:1057A000040313F003030CD1D518032D0FD822F0F6
:1057B00003031C441944002302F0030293420CD15A
:1057C00070BD11F8013B013A04F8013BE6E7CD1A40
:1057D0002E68E51A2E60043BE6E75D5CE554013374
:1057E000ECE7F0B5044662B922F00303234402F06B
:1057F00003021A44934214D1F0BD04F8011B013A8C
:10580000F1E7A307F9D115460B0443EA01630B4303
:1058100043EA01231619032DE6D9771B3B60043DAB
:10582000F9E703F8011BE5E708B5EFF30583C3F3D8
:1058300008030BB1FDF784FABDE80840FDF708BB8B
:1058400010B50446EFF30583C3F308030BB1FDF76E
:1058500077FA2046BDE81040FDF7FDBA2DE9F0418A
:1058600004460D4616461F46EFF30583C3F30803AF
:105870000BB1FDF765FA3B46324629462046BDE8A6
:10588000F041FCF761BD2DE9F04104460D46164696
:105890001F46EFF30583C3F308030BB1FDF750FA7E
:1058A0003B46324629462046BDE8F041FCF786BD1E
:1058B00008B5EFF30583C3F308030BB1FDF740FA16
:1058C000BDE80840FDF797BA00207047704710B553
:1058D000044608B1FDF784FF2046BDE81040FDF7FF
:1058E0006FBF10B50446406A10B1A16AFFF7EFFF21
:1058F0000020C4E9090010BD38B50446FFF7F1FFE8
:10590000236A2C22012B0CBF05466FF0960500215F
:105910002046FFF766FF284638BD002070477047D5
:105920000020704713B5002001AB1446FEF70CF8B9
:1059300030B9019BA34218BF6FF0930002B010BDB5
:105940006FF09200FAE7002070472DE9E04F2746FC
:10595000A046A146A246A346A446A2B02DEC000A4A
:1059600084F3008825462646A447EFF3148515F0F6
:10597000080F18BFB0EE400A3DEC000A22B0BDE8A7
:10598000E08F0000F8B500BFF8BC08BC9E46704729
:10599000F8B500BFF8BC08BC9E467047FF8FFFFFFC
:1059A000FF8FFFFFFE8FFFFFFE8FFFFFFD8FFFFFCB
:1059B000FC8FFFFFFC8FFFFF4661696C20746F2036
:1059C00061637175697265206D757465780A000090
:1059D0004661696C20746F20696E637265617365DE
:1059E00020504D20636F756E7465720A00000000D0
:1059F0004661696C20746F206465637265617365CC
:105A000020504D20636F756E7465720A00000000AF
:105A10004661696C20746F2072656C6561736520E6
:105A20006D757465780A0000436F756C64206E6F45
:105A300074206C6F636B20706F7765722073617672
:105A400065206D75746578006D757465785F667234
:105A500065652063616C6C65642077697468204EAD
:105A6000554C4C20706172616D6574657200000068
:105A700043616E277420696E697469616C697A6527
:105A8000206D757465782C20776173204E554C4CD1
:105A90000D0A00004661696C20746F20756E6C6F92
:105AA000636B206D757465780A0000000A63747872
:105AB000206973204E554C4C0A00000067E6096AC5
:105AC00085AE67BB72F36E3C3AF54FA57F520E511F
:105AD0008C68059BABD9831F19CDE05BD89E05C1AF
:105AE00007D57C3617DD703039590EF7310BC0FF02
:105AF00011155868A78FF964A44FFABE01234567B2
:105B000089ABCDEFFEDCBA9876543210F0E1D2C307
:105B10003811002054464D5F43525950544F0054A1
:105B2000464D5F504C4154464F524D5F534552567F
:105B30004943450000000000000000000000000094
:107C00007FE97FE9FBF78CBB7FE97FE9FBF797BB57
:107C10007FE97FE9FBF7BFBB7FE97FE9FBF7B2BBF9
:107C20007FE97FE9FBF79ABB00000000000000003D
:107C30000000000000000000000000000000000044
:107C40007AFFFFFF0090005000000000F4310000B8
:107C50000400000000000000000000000000000020
:107C6000000000000000000090ED00E000900050D7
:107C70006F9500500C120020A0110020440100005C
:107C8000CD580000C9580000E3570000D410002070
:107C900004110020FC100020F8100020F410002037
:107CA000DD440000D1440000C54400000000000095
:107CB000E94400003011002028110020201100208C
:107CC0000000000018110020F545000041450000AB
:107CD00075450000BD450000602500203A00003ACF
:107CE000642500203A00003A682500203A00003A56
:107CF0006C2500203A00003A00000000000000005F
:107D00000000000000000000000000000000000073
:107D10000000000000000000000000000000000063
:107D20000000000000000000000000000000000053
:107D30000000000000000000000000000000000043
:107D40000000000000000000000000000000000033
:107D5000000000000000000015340000ED330000BA
:10800000581A0320EDE20000FDDC000089E20000C8
:1080100089E2000089E2000089E2000089E20000B4
:108020000000000000000000000000004DE500001E
:1080300089E2000000000000E9E4000089E200009D
:1080400051E8000051E8000051E8000051E800004C
:1080500051E8000051E8000051E8000051E800003C
:1080600051E8000051E8000051E8000051E800002C
:1080700051E8000051E8000051E8000051E800001C
:1080800051E8000051E8000051E8000051E800000C
:1080900051E8000051E8000051E8000051E80000FC
:1080A00051E8000051E8000051E8000051E80000EC
:1080B00051E8000051E8000051E8000051E80000DC
:1080C00051E8000051E8000051E8000051E80000CC
:1080D00051E8000051E8000051E8000051E80000BC
:1080E00051E8000051E8000051E8000051E80000AC
:1080F00051E8000051E8000051E8000051E800009C
:1081000051E8000051E8000051E8000051E800008B
:1081100051E8000051E8000051E8000051E800007B
:1081200051E8000051E8000051E8000051E800006B
:1081300051E8000051E8000051E8000051E800005B
:1081400051E80000FFFFFFFF4FF0FF0C1CEAD05288
:108150001EBF1CEAD15392EA0C0F93EA0C0F6FD0AA
:108160001A4480EA010C400218BF5FEA41211ED088
:108170004FF0006343EA501043EA5111A0FB013174
:108180000CF00040B1F5000F3EBF490041EAD37149
:108190005B0040EA010062F17F02FD2A1DD8B3F1C5
:1081A000004F40EBC25008BF20F00100704790F034
:1081B000000F0CF0004C08BF49024CEA502040EA86
:1081C00051207F3AC2BFD2F1FF0340EAC25070474C
:1081D00040F400004FF00003013A5DDC12F1190F8A
:1081E000DCBF00F000407047C2F10002410021FAFC
:1081F00002F1C2F1200200FA02FC5FEA310040F114
:10820000000053EA4C0308BF20EADC70704792F08C
:10821000000F00F0004C02BF400010F4000F013AC4
:10822000F9D040EA0C0093F0000F01F0004C02BFBF
:10823000490011F4000F013BF9D041EA0C018FE72E
:108240000CEAD15392EA0C0F18BF93EA0C0F0AD034
:1082500030F0004C18BF31F0004CD8D180EA01005A
:1082600000F00040704790F0000F17BF90F0004FF3
:10827000084691F0000F91F0004F14D092EA0C0FD5
:1082800001D142020FD193EA0C0F03D14B0218BF68
:10829000084608D180EA010000F0004040F0FE40AE
:1082A00040F40000704740F0FE4040F4400070474A
:1082B00081F0004102E000BF83F0004330B54FEA97
:1082C00041044FEA430594EA050F08BF90EA020F04
:1082D0001FBF54EA000C55EA020C7FEA645C7FEA97
:1082E000655C00F0E2804FEA5454D4EB5555B8BFBA
:1082F0006D420CDD2C4480EA020281EA030382EA2B
:10830000000083EA010180EA020281EA0303362DBC
:1083100088BF30BD11F0004F4FEA01314FF4801C8F
:108320004CEA113102D0404261EB410113F0004FA1
:108330004FEA03334CEA133302D0524263EB430358
:1083400094EA050F00F0A780A4F10104D5F1200EF6
:108350000DDB02FA0EFC22FA05F2801841F1000151
:1083600003FA0EF2801843FA05F359410EE0A5F125
:1083700020050EF1200E012A03FA0EFC28BF4CF056
:10838000020C43FA05F3C01851EBE37101F000450C
:1083900007D54FF0000EDCF1000C7EEB00006EEB19
:1083A0000101B1F5801F1BD3B1F5001F0CD34908A3
:1083B0005FEA30004FEA3C0C04F101044FEA4452FA
:1083C00012F5800F80F09A80BCF1004F08BF5FEA81
:1083D000500C50F1000041EB045141EA050130BD61
:1083E0005FEA4C0C404141EB0101013C28BFB1F573
:1083F000801FE9D291F0000F04BF01460020B1FABE
:1084000081F308BF2033A3F10B03B3F120020CDA90
:108410000C3208DD02F1140CC2F10C0201FA0CF06E
:1084200021FA02F10CE002F11402D8BFC2F1200CD3
:1084300001FA02F120FA0CFCDCBF41EA0C01904089
:10844000E41AA2BF01EB0451294330BD6FEA0404D2
:108450001F3C1CDA0C340EDC04F11404C4F12002BD
:1084600020FA04F001FA02F340EA030021FA04F3CF
:1084700045EA030130BDC4F10C04C4F1200220FA26
:1084800002F001FA04F340EA0300294630BD21FA64
:1084900004F0294630BD94F0000F83F4801306BF2A
:1084A00081F480110134013D4EE77FEA645C18BF1E
:1084B0007FEA655C29D094EA050F08BF90EA020FB5
:1084C00005D054EA000C04BF1946104630BD91EAAD
:1084D000030F1EBF0021002030BD5FEA545C05D1B0
:1084E0004000494128BF41F0004130BD14F58004EF
:1084F0003CBF01F5801130BD01F0004545F0FE4163
:1085000041F470014FF0000030BD7FEA645C1ABF97
:10851000194610467FEA655C1CBF0B46024650EACE
:10852000013406BF52EA033591EA030F41F40021FA
:1085300030BD00BF90F0000F04BF0021704730B580
:108540004FF4806404F132044FF000054FF0000155
:1085500050E700BF90F0000F04BF0021704730B516
:108560004FF4806404F1320410F0004548BF4042EB
:108570004FF000013EE700BF42004FEAE2014FEA40
:1085800031014FEA02701FBF12F07F4393F07F4F1B
:1085900081F06051704732F07F4208BF704793F01E
:1085A0007F4F04BF41F40021704730B54FF4607431
:1085B00001F0004521F000411CE700BF50EA010234
:1085C00008BF704730B54FF000050AE050EA0102DD
:1085D00008BF704730B511F0004502D5404261EB4D
:1085E00041014FF4806404F132045FEA915C3FF48E
:1085F000D8AE4FF003025FEADC0C18BF03325FEA2B
:10860000DC0C18BF033202EBDC02C2F1200300FADB
:1086100003FC20FA02F001FA03FE40EA0E0021FA00
:1086200002F11444BDE600BF70B54FF0FF0C4CF4EE
:10863000E06C1CEA11541DBF1CEA135594EA0C0FA0
:1086400095EA0C0F00F0DEF82C4481EA030621EADB
:108650004C5123EA4C5350EA013518BF52EA033516
:1086600041F4801143F4801338D0A0FB02CE4FF0C8
:108670000005E1FB02E506F00042E0FB03E54FF0F8
:108680000006E1FB03569CF0000F18BF4EF0010EF0
:10869000A4F1FF04B6F5007F64F5407404D25FEAEC
:1086A0004E0E6D4146EB060642EAC62141EA55519F
:1086B0004FEAC52040EA5E504FEACE2EB4F1FD0CE1
:1086C00088BFBCF5E06F1ED8BEF1004F08BF5FEA5F
:1086D000500E50F1000041EB045170BD06F0004611
:1086E00046EA010140EA020081EA0301B4EB5C04BE
:1086F000C2BFD4EB0C0541EA045170BD41F48011B6
:108700004FF0000E013C00F3AB8014F1360FDEBFDA
:10871000002001F0004170BDC4F10004203C35DAB6
:108720000C341BDC04F11404C4F1200500FA05F339
:1087300020FA04F001FA05F240EA020001F00042DA
:1087400021F0004110EBD37021FA04F642EB060150
:108750005EEA430E08BF20EAD37070BDC4F10C047A
:10876000C4F1200500FA04F320FA05F001FA04F23E
:1087700040EA020001F0004110EBD37041F100012A
:108780005EEA430E08BF20EAD37070BDC4F1200535
:1087900000FA05F24EEA020E20FA04F301FA05F29D
:1087A00043EA020321FA04F001F0004121FA04F245
:1087B00020EA020000EBD3705EEA430E08BF20EA15
:1087C000D37070BD94F0000F0FD101F0004640004F
:1087D00041EB010111F4801F08BF013CF7D041EAD1
:1087E000060195F0000F18BF704703F000465200D5
:1087F00043EB030313F4801F08BF013DF7D043EAA6
:108800000603704794EA0C0F0CEA135518BF95EA5B
:108810000C0F0CD050EA410618BF52EA4306D1D1E2
:1088200081EA030101F000414FF0000070BD50EA01
:10883000410606BF1046194652EA430619D094EA8B
:108840000C0F02D150EA013613D195EA0C0F05D175
:1088500052EA03361CBF104619460AD181EA0301C9
:1088600001F0004141F0FE4141F470014FF0000081
:1088700070BD41F0FE4141F4780170BD70B54FF01C
:10888000FF0C4CF4E06C1CEA11541DBF1CEA13559C
:1088900094EA0C0F95EA0C0F00F0A7F8A4EB05047E
:1088A00081EA030E52EA03354FEA013100F0888075
:1088B0004FEA03334FF0805545EA131343EA12633E
:1088C0004FEA022245EA111545EA10654FEA0026F3
:1088D0000EF000419D4208BF964244F1FD0404F5AC
:1088E000407402D25B084FEA3202B61A65EB030508
:1088F0005B084FEA32024FF480104FF4002CB6EBC5
:10890000020E75EB030E22BFB61A754640EA0C0044
:108910005B084FEA3202B6EB020E75EB030E22BF84
:10892000B61A754640EA5C005B084FEA3202B6EBC5
:10893000020E75EB030E22BFB61A754640EA9C0084
:108940005B084FEA3202B6EB020E75EB030E22BF54
:10895000B61A754640EADC0055EA060E18D04FEA12
:10896000051545EA16754FEA06164FEAC30343EAB2
:1089700052734FEAC2025FEA1C1CC0D111F4801F7F
:108980000BD141EA00014FF000004FF0004CB6E778
:1089900011F4801F04BF01430020B4F1FD0C88BF17
:1089A000BCF5E06F3FF6AFAEB5EB030C04BFB6EB22
:1089B000020C5FEA500C50F1000041EB045170BD15
:1089C0000EF0004E4EEA113114EB5C04C2BFD4EB42
:1089D0000C0541EA045170BD41F480114FF0000EC6
:1089E000013C90E645EA060E8DE60CEA135594EA42
:1089F0000C0F08BF95EA0C0F3FF43BAF94EA0C0F45
:108A00000AD150EA01347FF434AF95EA0C0F7FF4B9
:108A100025AF104619462CE795EA0C0F06D152EA0D
:108A200003353FF4FDAE1046194622E750EA4106F1
:108A300018BF52EA43067FF4C5AE50EA41047FF402
:108A40000DAF52EA43057FF4EBAE12E74FEA410265
:108A500012F5001215D211D56FF47873B3EB625290
:108A600012D94FEAC12343F0004343EA505311F0B7
:108A7000004F23FA02F018BF404270474FF0000049
:108A8000704750EA013005D111F0004008BF6FF087
:108A9000004070474FF00000704700BF4FEA4102AE
:108AA000B2F1E04324BFB3F5001CDCF1FE5C0DD94C
:108AB00001F0004C4FEAC0024CEA5070B2F1004F96
:108AC00040EB830008BF20F00100704711F0804F99
:108AD00021D113F13872BCBF01F00040704741F45E
:108AE00080114FEA5252C2F11802C2F1200C10FA62
:108AF0000CF320FA02F018BF40F001004FEAC12346
:108B00004FEAD32303FA0CFC40EA0C0023FA02F3E9
:108B10004FEA4303CCE77FEA625307D150EA0133BF
:108B20001EBF4FF0FE4040F44000704701F000408F
:108B300040F0FE4040F40000704700BF80F000406D
:108B400002E000BF81F0004142001FBF5FEA410325
:108B500092EA030F7FEA226C7FEA236C6AD04FEA25
:108B60001262D2EB1363C1BFD2184140484041406A
:108B7000B8BF5B42192B88BF704710F0004F40F41C
:108B8000000020F07F4018BF404211F0004F41F438
:108B9000000121F07F4118BF494292EA030F3FD004
:108BA000A2F1010241FA03FC10EB0C00C3F1200317
:108BB00001FA03F100F0004302D5494260EB4000A6
:108BC000B0F5000F13D3B0F1807F06D340084FEA11
:108BD000310102F10102FE2A51D2B1F1004F40EB06
:108BE000C25008BF20F0010040EA0300704749006E
:108BF00040EB0000013A28BFB0F5000FEDD2B0FA0B
:108C000080FCACF1080CB2EB0C0200FA0CF0AABF2D
:108C100000EBC25052421843BCBFD04018437047CB
:108C200092F0000F81F4000106BF80F400000132D1
:108C3000013BB5E74FEA41037FEA226C18BF7FEAA8
:108C4000236C21D092EA030F04D092F0000F08BFEA
:108C50000846704790EA010F1CBF0020704712F0D1
:108C60007F4F04D1400028BF40F00040704712F110
:108C700000723CBF00F50000704700F0004343F075
:108C8000FE4040F4000070477FEA226216BF0846AB
:108C90007FEA23630146420206BF5FEA412390EA6E
:108CA000010F40F4800070474FF0000304E000BF64
:108CB00010F0004348BF40425FEA000C08BF704715
:108CC00043F0964301464FF000001CE050EA0102D9
:108CD00008BF70474FF000030AE000BF50EA0102EE
:108CE00008BF704711F0004302D5404261EB4101DB
:108CF0005FEA010C02BF84460146002043F0B64300
:108D000008BFA3F18053A3F50003BCFA8CF2083A24
:108D1000A3EBC25310DB01FA02FC634400FA02FC2D
:108D2000C2F12002BCF1004F20FA02F243EB020034
:108D300008BF20F00100704702F1200201FA02FC96
:108D4000C2F1200250EA4C0021FA02F243EB020089
:108D500008BF20EADC7070477BB972B90029BEBF3A
:108D600000204FF0004106E008BF00281CBF6FF054
:108D700000414FF0FF3000F057B8ADF1080C6DE93D
:108D800004CE002909DB002B1ADB00F0EDF8DDF83A
:108D900004E0DDE9022304B07047404261EB410189
:108DA000002B1BDB00F0E0F8DDF804E0DDE9022336
:108DB00004B0404261EB4101524263EB4303704710
:108DC000524263EB430300F0CFF8DDF804E0DDE945
:108DD000022304B0404261EB41017047524263EB11
:108DE000430300F0C1F8DDF804E0DDE9022304B03C
:108DF000524263EB4303704753B94AB9002908BF95
:108E000000281CBF4FF0FF314FF0FF3000F00CB8CE
:108E1000ADF1080C6DE904CE00F0A6F8DDF804E031
:108E2000DDE9022304B07047704700BF4FF0FF3CFC
:108E300006E000BF4FF0010C02E000BF4FF0010C54
:108E40004DF804CD4FEA410C7FEA6C5C4FEA430CCD
:108E500018BF7FEA6C5C1BD001B050EA410C0CBF1C
:108E600052EA430C91EA030F02BF90EA020F00207E
:108E7000704710F1000F91EA030F58BF994208BFE5
:108E800090422CBFD8176FEAE37040F001007047A2
:108E90004FEA410C7FEA6C5C02D150EA013C07D1F9
:108EA0004FEA430C7FEA6C5CD6D152EA033CD3D044
:108EB0005DF8040B704700BF8446104662468C463E
:108EC0001946634600E000BF01B5FFF7B7FF002871
:108ED00048BF10F1000F01BD4DF808EDFFF7F4FF9A
:108EE0000CBF012000205DF808FB00BF4DF808ED25
:108EF000FFF7EAFF34BF012000205DF808FB00BF48
:108F00004DF808EDFFF7E0FF94BF012000205DF869
:108F100008FB00BF4DF808EDFFF7CEFF94BF01201E
:108F200000205DF808FB00BF4DF808EDFFF7C4FF17
:108F300034BF012000205DF808FB00BF4FEA410C60
:108F40007FEA6C5C02D150EA013C0AD14FEA430C43
:108F50007FEA6C5C02D152EA033C02D14FF0000080
:108F600070474FF0010070472DE9F04786468C4668
:108F70000846089E154674461946002B40F0C180ED
:108F80008542B2FA82F245D94AB1C2F1200300FA11
:108F900002FC954094402EFA03F343EA0C0C4FEA8E
:108FA000154EA8B2230CBCFBFEF80EFB18CC08FB38
:108FB00000F943EA0C43994528D9EB1808F1FF372B
:108FC00004D2994502D9A8F102072B44A3EB090367
:108FD000A4B2B3FBFEFC0EFB1C330CFB00F044EA16
:108FE0000344A04214D92C190CF1FF3304D2A0423F
:108FF00002D9ACF102032C44241A43EA07401EB103
:10900000D440002334607360BDE8F0874746DDE755
:109010006346F1E792BB431B01214FEA154EAFB205
:10902000200CB3FBFEFC0EFB1C330CFB07F840EAE4
:109030000343984561D9EB180CF1FF3004D29845F1
:1090400002D9ACF102002B44A3EB0803A4B2B3FB9A
:10905000FEFC0EFB1C330CFB07F744EA0344A7425B
:109060004DD92C190CF1FF3304D2A74202D9ACF12F
:1090700002032C44E41B43EA0040C0E7C2F1200392
:109080009540944020FA03F12EFA03F34FEA154E6F
:109090009040AFB20343B1FBFEFC0EFB1C10190C59
:1090A0000CFB07F841EA0041884522D969180CF108
:1090B000FF3004D2884502D9ACF102002944A1EB6B
:1090C00008019BB2B1FBFEFC0EFB1C110CFB07F769
:1090D00043EA01439F420ED9EB180CF1FF3104D251
:1090E0009F4202D9ACF102012B44DB1B41EA004153
:1090F00093E76046E3E76146F7E76046A4E7634627
:10910000B8E7834206D916B9002108467CE7C6E9CC
:1091100000E0F9E7B3FA83F78FB9834201D37245D0
:1091200008D8BEEB020460EB030301209C461EB985
:10913000002169E73846FAE7C6E9004CF8E7C7F1CD
:10914000200CBB400EFA07F522FA0CF42EFA0CF1B3
:10915000BA401C4320FA0CF3B8404FEA14490143CB
:109160001FFA84FEB3FBF9F809FB18300B0C08FB5F
:109170000EFA43EA00439A4540D9E31808F1FF305C
:1091800004D29A4502D9A8F102002344A3EB0A03B2
:1091900089B2B3FBF9F809FB183308FB0EFE41EA6C
:1091A00003418E452CD9611808F1FF3304D28E4556
:1091B00002D9A8F10203214443EA0040A1EB0E01C9
:1091C000A0FB02984145CE46434602D306D14D4509
:1091D00004D20138B9EB020E68EB0403002EA7D0CD
:1091E000B5EB0E0261EB030101FA0CFC22FA07F366
:1091F000F9404CEA0303C6E9003199E74046C5E768
:109200004346D9E710F8012B11F8013B012A28BF8A
:109210009A42F7D0D01A7047034613F8012B002A60
:10922000FBD1181A01387047F0B5674B89B01B683D
:1092300007934FF000030023CDE9033304230D46C9
:1092400006460293002800F0B280002900F0AF80AB
:10925000062103A80AF022FA044678B10346012148
:109260005A4A5B480BF0C4F9574B1A68079B5A409F
:109270004FF0000300F09E8012F00EF9014603AAA1
:1092800030460AF097F9044648B10346514A012195
:109290004F480BF0ADF903A80AF04CFAE4E70121BE
:1092A00001AA03A80AF072FB044610B103464A4A19
:1092B000EDE7019BB3B1042B1AD0052B0CBF09239A
:1092C000FF232B70032102AB05AA03A80AF0AEFB13
:1092D000064678B10346414A01213D480BF088F922
:1092E0003446D8E7002300202B706860A860D2E7DE
:1092F0000723E6E7029B002BF4D020336B4403F8EE
:109300000C0C0146022205A813F02AFB2B78C0B2F0
:10931000092B06D10F2823D96FF015042346304AB4
:10932000B5E70F28F8D8072B21D12E4B2E4F33F855
:109330001000D0B1FFF70EF921A3D3E90023FFF706
:1093400073F9FFF7ABFB0421686002AB05AA03A821
:1093500002910AF06BFB064660B10346234ABBE765
:10936000234B244F33F81000E3E72348EBE76FF07B
:109370007F04D3E7029B014620336B4403F80C0CB7
:10938000022205A813F0ECFAC3B20F2B07D9012172
:109390001A4A0F480BF02CF96FF015047BE7581CA4
:1093A000C0B2FFF785FC3946FEF7CEFE9EE76FF0B0
:1093B000150459E7204609B0F0BD00BFAFF30080A7
:1093C0007B14AE47E17A2440589A0320D0FC010078
:1093D00068E50100F9FC010022FD010044FD0100E7
:1093E00070FD01005CEC01000AD7A33F94FD010071
:1093F0003CEC01000AD723400AD7A340BFFD01007F
:1094000007B5084B1B6801934FF00003054B1A6822
:10941000019B5A404FF0000301D012F03DF803B019
:109420005DF804FB589A032007B50B4BB0F5A07FFD
:109430001B6801934FF0000302BF0122074B1A7013
:10944000054B1A68019B5A404FF0000301D012F0FF
:1094500023F803B05DF804FB589A0320D1FB0220E7
:1094600007B50A4A126801924FF00002074A1168D4
:10947000019A51404FF0000201D012F00DF88368BC
:1094800003495B6803B05DF804EB1847589A032062
:1094900008E6010013B50A4A126801924FF0000273
:1094A000074A1468019A54404FF0000201D011F0AD
:1094B000F3FF83681B6802B0BDE81040184700BF87
:1094C000589A0320002273B5114B1B6801934FF08B
:1094D0000003104B30F9126001EB42041D78013299
:1094E000042A24F83560F5D11A780132D2B21A7004
:1094F0001A78052A04BF00221A70054B1A68019BCE
:109500005A404FF0000301D011F0C6FF02B070BD09
:10951000589A0320D2FB022073B5104B00221B681F
:1095200001934FF0000300231C46851835F9336082
:109530000133052B3444F9D194FBF3F48C520232FD
:10954000082AF0D1054B1A68019B5A404FF00003DE
:1095500001D011F0A1FF02B070BD00BF589A0320E6
:10956000F7B514461C4AD4E90056126801924FF030
:1095700000020A6850F8222082FB0227AD1A66EB2F
:109580000706C4E900560A6840F82230D4E90020F2
:10959000C3FB0320C4E9002064220B680133B3FB42
:1095A000F2F002FB10330B606422D4E900010023C7
:1095B000FFF7D2FBFEF7CEFF12F052FDFFF746FA9F
:1095C000054B1A68019B5A404FF0000301D011F07F
:1095D00063FF03B0F0BD00BF589A03202DE9F341AB
:1095E000194E054634881948B4F5806F006801901B
:1095F0004FF00000DFF85880DFF858E0DFF858C07F
:10960000164F13D2601C28F814502EF814102CF8A2
:10961000142027F8143080B20C4B30801A68019B5C
:109620005A404FF000030CD011F036FF01200C4CD3
:10963000A8F800502070AEF80010ACF800203B8075
:10964000EAE702B0BDE8F08194E70020589A0320D1
:1096500096FF002096F7002096EF002096E7002066
:10966000D0FB022007B50A4B4A001B6801934FF05C
:109670000003074B1968019B59404FF0000301D0CC
:1096800011F00AFF002103B05DF804EB14F0D8BB21
:10969000589A032007B547F6EE721D4B1B680193DD
:1096A0004FF000031B4B1968914201DD1A6002E084
:1096B000194A9142FADB47F6EE72184B196891424B
:1096C00001DD1A6002E0144A9142FADB47F6EE72BD
:1096D000134B1968914201DD1A6002E00E4A914273
:1096E000FADB47F6EE720F4B1968914201DD1A6002
:1096F00002E0094A9142FADB054B1A68019B5A4085
:109700004FF0000301D011F0C7FE03B05DF804FB79
:10971000589A032048D800201280FFFF44D8002028
:1097200040D800203CD800202DE9F04F284B93B0C2
:10973000002206210F201B6811934FF0000304F054
:109740007DFF244B244A06934FF4C063ADF81C30D0
:10975000224B08A908934FF44073ADF82430072337
:109760008DF826301E4B06A80A930DF05BFE06A866
:109770000DF0AEFE4FF4FA6106A80DF0C1FE012413
:10978000024623460021009406A80DF007FF0021A1
:109790004FF4804011F062FD124800F0EBFE09F03A
:1097A00035FA20B1104A2146104803F0C1FD104897
:1097B0000FF0C8FC00BB0F4800F0DCFE044B1A6839
:1097C000119B5A404FF0000300F0248211F064FE18
:1097D000589A032000F00040299400000024F4006F
:1097E00082EC01008FEC0100A3EC010018E5010000
:1097F000ECE20100C8EC0100B349B448FFF74AFEAF
:10980000B349B248FFF746FEB249B048FFF742FEFF
:10981000B149AE48FFF73EFEB049AC48FFF73AFE0B
:10982000AF4800F0A7FE002140F6CD4011F016FD34
:1098300006A80DF02DFE0023C825AA4ACDE90B335A
:109840001380A94B0DAE0FCB86E80F00DFF89C927A
:10985000DFF87882A64F99F80030002BFBD099F8FA
:109860000030012B00F07C81013DADB2002DF2D122
:10987000BDF934309D4E0293BDF93830DFF84CB25B
:109880000393BDF93C309B4C0493BDF940300593E4
:10989000994B1D803378012B50D1002358463370EB
:1098A000FFF7DEFD92499548FFF70CFE90480BA9A3
:1098B000FFF732FE029ABDF92C30914F9B1A914965
:1098C000914A92483B60FFF74BFE039ABDF92E3058
:1098D000DFF83C829B1A8B498E4A20608E48C8F87C
:1098E0000030FFF73DFE049ABDF93030DFF82C92CE
:1098F0009B1A84498A4A60608A48C9F80030FFF799
:109900002FFE059ABDF93230DFF81CA29B1A7D4963
:10991000864AA0608648CAF80030FFF721FEE06062
:10992000FFF7B8FEBAF90030B9F90020B8F9001015
:10993000B7F90000FFF752FE7E4B18802368B3F59D
:10994000FA7F03DCA368B3F5FA7FA3DD7A4B6D4F92
:109950001B78012B0FBF4FF48064764B1C88A4B298
:10996000624B1B78012BFBD14FF000085F4B57482F
:1099700083F80080FFF774FD5D496048FFF7A2FDA2
:109980005B480BA9FFF7C8FD029ABDF92C30DFF840
:1099900070B19B1A39465C4A5C48CBF80030FFF73F
:1099A000DFFD544E039ABDF92E30DFF864A19B1AF7
:1099B0003946584A30605848CAF80030FFF7D0FDA1
:1099C000049ABDF93030DFF854919B1A3946544A55
:1099D00070605448C9F80030FFF7C2FD059ABDF920
:1099E000323039469B1A504AB060136050484F4A93
:1099F000FFF7B6FDF060FFF74DFEDBF800204F4BA0
:109A000023F81420DAF800204D4B23F81420D9F85D
:109A100000204C4B23F81420434A4B4B126823F888
:109A200014200134A4B2B4F5FA6F99D9414B1A88C5
:109A300092B232B140F2FF311A8892B28A4240F0BB
:109A4000B2804FF4006241493C4814F0ECF94FF405
:109A500000623F493A4814F0E6F94FF400623D498C
:109A6000384814F0E0F94FF400623B49364814F0EE
:109A7000DAF94FF480613548FFF7F4FD4FF4806167
:109A80003448FFF7EFFD4FF480613148FFF7EAFDFE
:109A90004FF480613048FFF7E5FD0027274C2F4E3B
:109AA000002300971A46304634F9021B00F062FD8D
:109AB0002120002111F0D2FB40F6C4130135ADB2D4
:109AC0009D42EDD1FEE700BF34EC0100ECE2010065
:109AD0002CEC010024EC01001CEC010014EC010052
:109AE000D7EC010096FB0220E0E50100D1FB02204B
:109AF000A0FB02208CDE002094E7002098FB0220CF
:109B000048D8002038D80020D8CC0020FCDC002029
:109B100044D80020D0CC00206CDB002040D80020AE
:109B2000C8CC0020DCD900203CD80020C0CC0020CC
:109B30004CD80020C8FB0220D0FB0220967E0220D9
:109B400096840120960102209607012096FF0020AE
:109B500096EF002096F7002096E70020E8EC010041
:109B60000024404689F80040FFF77AFC39462B482C
:109B7000FFF7A8FC0BA93846FFF7CEFC2346314679
:109B80004FF0180E19240DF12C0C08683CF9022B2B
:109B900001330EFB002292FBF4F2DBB2042B41F8FE
:109BA000042BF2D160E61E4A1E4F12781E4E012A87
:109BB00016BF19884FF4806143464FF0000208BF7A
:109BC0001B881A4C1A480CBF9BB289B28A423FF4D8
:109BD00050AFB3F5806F28BF0023DFF858C00132C3
:109BE0003CF813C092B227F802CBDFF84CC03CF827
:109BF00013C026F802CBDFF844C03CF813C024F8A9
:109C000002CBDFF83CC03CF813C0013320F802CB94
:109C10009BB2DBE7002013B0BDE8F08F98FB022079
:109C2000D0FB0220967E022096840120960102201D
:109C30009607012096FF002096F7002096EF00205F
:109C400096E700202DE9F04F93B00093944B0392D8
:109C50001B6811934FF00003039B840703F0040378
:109C60000293039B0546C3F3C20303F101030E46AF
:109C7000DDF87090059340F0C481041D68B1072998
:109C800010D86FF01B00864B1A68119B5A404FF09A
:109C9000000300F0B98111F0FFFB01F00706341D4D
:109CA000C6F10806009B4FF000084FF0040A591E49
:109CB0004FF0FF3347460193C3465346CDF810801B
:109CC0000DB1009A22600598002800F3EF807548D6
:109CD000009A824203D374488242C0F0E780039A1C
:109CE000A4EB050E92074FEA9E0000F10A810F2FA8
:109CF00000F2B180002D00F00C8107F148020DEB5D
:109D0000020C019A0CF8240C0CF8142C0498013065
:109D10000490EEE07A285DD84B280ED8472859D811
:109D200029282DD8252852D054D820287AD0233855
:109D3000D0F1000B4BEB000B74E04C382E2849D8C7
:109D4000DFE800F0704848484848484848484848D4
:109D50004B484848484848484859484B4B59595936
:109D6000704B6D487048184B184848827F4B4848E4
:109D70004B487F0000204FF0000B4FF0040A38E002
:109D800001222A38C0B202FA00F010EA0E0F49D1BF
:109D900010F0625C2FD110EA020B43D06046013C08
:109DA0005444B4FBFAF40AFB04F4002D61D0A3EB95
:109DB000050CA4446645FFF464AF002868D1042B69
:109DC00047D159F8043B2360042304342AE0019A64
:109DD000013A01924FF0000B24E011F8010C6C28BD
:109DE00034D1002011F8023C83466C2BC5D14FF0D2
:109DF000080A5346D3E709F1070929F00709073490
:109E000024F00704F9E802AB35B106982044B042CB
:109E10003FF637AFC4E900AB4FF0000B08344FF00A
:109E2000080A534611F8010F00287FD0BBF1000F3C
:109E30007FF470AF2528F5D14FF0010B019B013362
:109E400001934FF0040AECE7584694E7002083465C
:109E5000A5E7082B02D06FF0150014E709F10709F8
:109E600029F00709F9E80223C4E90023082308348C
:109E7000D8E768B9042B02D109F10409A4E7082B3B
:109E8000E9D109F1070929F0070909F10809EDE706
:109E9000059A013A059259F8042B009210E700BF89
:109EA000589A0320C8E10100000C0200039A9007B1
:109EB00020D54FF0010CA4EB050E4FEA9E00BEF535
:109EC000007FC8D20F2FC6D8F5B107F148020DEBBD
:109ED000020E019AC0B20EF8240C0EF8142CBCF13C
:109EE000000F3FF413AF60F07F000EF8240C08F170
:109EF00001080137C5F108024FF6DA7E04340692F4
:109F000090E74FF0000CDAE7BCF1000F01D001360A
:109F1000EFE7029802360028EBD10098CDE9063130
:109F2000FFF77AF9DDE906310644E2E7631BB3F592
:109F3000806F90D21DB9A6F10804E018A3E6029A3A
:109F40009B0828602B709DF81030C2B1EB7085F82B
:109F50000280B8F1000F05D0002209A8C5F1010C5C
:109F600097420ED14FF0000AC5F101030DF124090B
:109F700001930DF1340B574512D1601B83E66B70D2
:109F8000E5E710F8013B190608D504EB0C0E764501
:109F900003F07F03FFF475AE04F8013B0132DFE705
:109FA000B8F1000F03D099F90020002A17DB029BBB
:109FB000D3B11AF80B2004F8012B0022019B98184A
:109FC00020448642FFF45DAE99F80000009904F841
:109FD000010B2046039213F026FF039A14440AF162
:109FE000010A09F10109C6E799F8002055F8223065
:109FF0000093029B009845F82230FFF70DF9421CB0
:10A00000DCE76FF00D003EE613B0BDE8F08F00BF57
:10A010002DE9F3471746224A06460D46126801927B
:10A020004FF0000298467BB34FF0000A98F80040CA
:10A0300093F80190DB78A40004EB430498F8023015
:10A040001C444444CA450CD31549D8F80420086878
:10A05000019948404FF0000108F108030DD011F0BC
:10A060001BFA14F8013B0AF1010A204648F8234084
:10A07000FFF7D2F801300444E4E739463046AC46F5
:10A0800002B0BDE8F0476047054B1A68019B5A4093
:10A090004FF00003E3D16FF0150002B0BDE8F08788
:10A0A000589A032073B50025184B02461B6801938C
:10A0B0004FF000032846144614F8013B0BB918462C
:10A0C00009E0D8B18D420FD1702B04D0A3F140022A
:10A0D0003A2A13D800200D4B1A68019B5A404FF0C2
:10A0E000000311D011F0D8F9A3F140063A2E05D89B
:10A0F00053780135941C002BE1D00020252B2246FB
:10A1000008BF80F00100D6E702B070BD589A032066
:10A110002DE9F04F99B000AF7B62D7E922A33B62F3
:10A12000D7F890307A633B61A34B04461B68FB650C
:10A130004FF00003CAF3C00390F802B0BB6139636B
:10A1400049B9457800780BEB800020443B6B9D4279
:10A150001DD8031B3B63E378FB61BBF1000F02D00A
:10A160001AF0010F1DD1FB69002B30D17B6B1BB1A5
:10A1700020467A6A396B98473D6B8F4B1A68FB6DA6
:10A180005A404FF0000300F0B18111F085F9461CF0
:10A190003046FFF741F83B6B0130013330443B63FD
:10A1A000D4E723786268FB629B007B61FB6ABA623A
:10A1B00004EB83097B6B002B40F00A81C846002624
:10A1C0003D6B09EB0B02904551D1D94413E01AF0D5
:10A1D000020FCBD023789946FB629B007B616368BA
:10A1E00004EB8909BB627B6B002B7AD13D6BBBF121
:10A1F000000F50D15E461AF0050F0CBF0223012359
:10A200007B63FB6909EB43033B630AF00203FB62D8
:10A210003B6B9945B1D019F802BB19F8013C54F8D1
:10A220002380664B984502D3654B984539D3BB696B
:10A23000002B44D05946B86AFFF734FF00283ED0BF
:10A24000E8468AB06A465F4B5361BB6AC2E9063B87
:10A250004FF4007313845C4B42F8103F00234FF41B
:10A2600012515A4802F0D0FF023DC546D0E718F817
:10A27000013B7A6354F82300FEF7CEFF3B6A7A6B0A
:10A28000013033B13B699E423EBF3B6A23F8160062
:10A290000136054497E71AF004061CBF7E6BD944CB
:10A2A000A9E7BB692BB15946B86AFFF7FBFE002846
:10A2B000C6D11AF0010F05D17B6BED1AA8E7FB6A36
:10A2C000002BA5D04046FEF7A7FF3B6A3BB13B6998
:10A2D0009E423FBF3A6A431C22F8163001360544BD
:10A2E00096E7BBF1000F79D01AF0040679D0D84672
:10A2F000002607F14C005A46494613F094FDFB69CD
:10A30000D9445B00FB60FB6909EB43033B610AF046
:10A310000203BB603B694B4565D163781AF0020FBD
:10A3200018BF002106EB030208BF4FEA58011AF0DC
:10A33000010FD2B240F0A9801AF0040F14BF4046BA
:10A340000020BB626270A070E17020467A6A796971
:10A350007B6B9847051EFFF610AFFB6A41462370E2
:10A36000BB6A7A6A6370FB6984F802B0E37007F134
:10A370004C007B6B9847B0F10008C0F2B3803B6B98
:10A380004846A3EB0B017B697A6AC91AFB68C91AB4
:10A390007B6B98470028C0F2A7804FF0000BA844C1
:10A3A00008EB000507F13C0AB34570D300217A6A37
:10A3B00008467B6B9847E0E6589A0320C8E1010005
:10A3C000000C02000AED01000400000130E501006C
:10A3D0005E464FF0000807F13C008CE75E46D84629
:10A3E0008DE7B0468BE719F8021B434B19F8015C67
:10A3F00054F82500984202D3404B98421FD3BB69C2
:10A4000033B1B86A7960FFF74DFE7968002881D1D1
:10A41000BB68FBB908F1280307F1380208F1010015
:10A4200003EB020C07F1600308F1020853FA80F015
:10A430000CF8141C5FFA88F800F8145C6AE7BB6932
:10A440002BB1B86AFFF72EFE00287FF463AF1AF035
:10A45000010F09D006F1280307F13802711C9E187C
:10A4600006F8245CCEB255E71AF0040F3FF452AF61
:10A4700008F1280307F1380208F1010103EB020893
:10A4800008F8145C5FFA81F844E7002059E71BF8EC
:10A490000A3054F8239087F83B303B6AFBB133F81D
:10A4A0001B8001217A6A7B6B07F13B0098470028EB
:10A4B0001ADB0544B8F1000F06D14846FEF7ACFEA2
:10A4C00000F101081FFA88F8414648467A6A7B6B1A
:10A4D0009847002808DB05440BF1010B64E7D7F827
:10A4E0002080DEE7454648E6054646E628466437CE
:10A4F000BD46BDE8F08F00BFC8E10100000C0200BE
:10A5000007B5094B1B6801934FF00003064B1A680F
:10A51000019B5A404FF0000301D010F0BDFF002016
:10A5200003B05DF804FB00BF589A032037B5104B09
:10A530008A680C681B6801934FF00003551C14B126
:10A540004B68934209DC8D60094B1A68019B5A40A5
:10A550004FF000030AD010F09FFF013B934208BF69
:10A5600000228D600CBFE254A054EDE703B030BD73
:10A57000589A03200FB407B504A90C4B51F8040BEB
:10A580001B6801934FF00003009102F02FFA074B74
:10A590001A68019B5A404FF0000301D010F07CFF75
:10A5A00003B05DF804EB04B0704700BF589A032075
:10A5B00007B5094B1B6801934FF00003074B186068
:10A5C000054B1A68019B5A404FF0000301D010F070
:10A5D00063FF03B05DF804FB589A032030C60020E7
:10A5E00030B5044600250F4887B0006805904FF04D
:10A5F0000000CDE902410C48009502A9049501F044
:10A600005DF9DDE903309842064BB8BF25541A685E
:10A61000059B5A404FF0000301D010F03DFF07B0FA
:10A6200030BD00BF589A03202DA500000CB437B5EB
:10A6300006AB53F8042B0B4C246801944FF0000434
:10A640000093FFF7CDFF074B1A68019B5A404FF06C
:10A65000000301D010F020FF03B0BDE8304002B08D
:10A66000704700BF589A032007B5044608461146B4
:10A67000054A126801924FF000021A46A04710F0F6
:10A6800019FE03F0D9FE00BF589A032013B50D4BF5
:10A6900000EBC1011B6801934FF000038368B3F521
:10A6A000004F084B2CBF51F8220031F812001A68F5
:10A6B000019B5A404FF0000301D010F0EDFE02B0B4
:10A6C00010BD00BF589A032037B50D4C00EBC101F7
:10A6D000246801944FF000048068B0F5004F2CBF4F
:10A6E00041F8223021F81230054B1A68019B5A407C
:10A6F0004FF0000301D010F0CFFE03B030BD00BF1B
:10A70000589A032007B50A4B01221B6801934FF0AA
:10A710000003FFF7BBFF064B40081A68019B5A4035
:10A720004FF0000301D010F0B7FE03B05DF804FB5A
:10A73000589A032013B5134B00EBC1011B6801931A
:10A740004FF000038368B3F5004F10D34B685AB144
:10A7500043F001034B600B4B1A68019B5A404FF0CA
:10A7600000030DD010F098FE23F00103F2E74B88B0
:10A770001AB143F001034B80EDE723F00103FAE740
:10A7800002B010BD589A032013B50A4B1B68019301
:10A790004FF00003074B1C68019B5C404FF0000327
:10A7A00001D010F079FE5300012202B0BDE8104044
:10A7B000FFF78ABF589A032007B50D4B1B6801931A
:10A7C0004FF000038368B3F5004F34BF0423082320
:10A7D000C91A074B081A1A68019B5A404FF0000328
:10A7E0004FEAD00001D010F057FE03B05DF804FB33
:10A7F000589A032007B50F4BB0F5004F1B68019323
:10A800004FF0000334BF04230823481C0833A0EB97
:10A81000D300084BB0FA80F01A68019B5A404FF001
:10A820000003C0F11F0001D010F036FE03B05DF848
:10A8300004FB00BF589A03202DE9F341214B174632
:10A8400003220E4604461B6801934FF00003FFF7F6
:10A850001DFF8642054607F1040811D10122E36875
:10A86000BA4023EA0203E360002344F82830154B82
:10A870001A68019B5A404FF000031FD010F00CFEE5
:10A88000314602222046FFF701FF2B4603220146F4
:10A89000064644F828502046FFF716FF094B1A6871
:10A8A000019B5A404FF00003E8D13346022229466B
:10A8B000204602B0BDE8F041FFF706BF02B0BDE898
:10A8C000F08100BF589A032073B5164B0D46866879
:10A8D00004461B6801934FF00003FFF713FFB6F522
:10A8E000004F014601D3012813D03046FFF782FF05
:10A8F0000C4B02461968019B59404FF0000301D0F0
:10A9000010F0CAFD2946204602B0BDE87040FFF7AE
:10A9100093BF044B1A68019B5A404FF00003EFD1DC
:10A9200002B070BD589A03202DE9F347234B05462A
:10A93000806888461B6801934FF00003FFF75AFFB9
:10A9400005EB800ADAF810900646B9F1000F21D025
:10A950000327DAF8104028462146FFF7D3FE40458A
:10A960000DD3324621462846FFF766FF134B1A687F
:10A97000019B5A404FF000031BD010F08DFD0322C5
:10A9800021462846FFF782FE013FCAF8100001D099
:10A990008145DED14FF0FF34EB68721C94401C40BF
:10A9A000E4D094FAA4F2B2FA82F2131D55F82340CF
:10A9B000D8E7204602B0BDE8F08700BF589A0320D0
:10A9C0002DE9F341194B14460E4605461B680193C9
:10A9D0004FF00003FFF796FEA71B331B03EB0008A5
:10A9E0003A4631462846FFF7CFFE424621462846E2
:10A9F000FFF7CAFE3B46002221462846FFF764FEC9
:10AA000021462846FFF77EFE084B1A68019B5A40F4
:10AA10004FF0000301D010F03FFD21184346002203
:10AA2000284602B0BDE8F041FFF74EBE589A032019
:10AA3000F7B5154B16461B6801934FF0000304460B
:10AA40000F46FFF75FFE314605462046FFF75AFEE8
:10AA500005442A4639462046FFF796FE31462046F1
:10AA6000FFF750FE084B1A68019B5A404FF0000355
:10AA700001D010F011FD31182B460022204603B002
:10AA8000BDE8F040FFF720BE589A0320F7B5304BE1
:10AA90000D46866804461B6801934FF00003FFF7DC
:10AAA00031FEB6F5004F014601D3012847D03046AC
:10AAB000FFF7A0FE04EB80010E69EEB90122E36806
:10AAC00082401343E36002222B460D612046294653
:10AAD000FFF7FAFD1E4B1A68019B5A404FF0000326
:10AAE00001D010F0D9FC2B4603222946204603B0A2
:10AAF000BDE8F040FFF7E8BD022231462046FFF7EF
:10AB0000C5FD07460346022229462046FFF7DCFD25
:10AB10003346032229462046FFF7D6FD2B46032263
:10AB200039462046FFF7D0FD094B1A68019B5A4071
:10AB30004FF00003D5D12B4602223146D6E7044B15
:10AB40001A68019B5A404FF00003CAD103B0F0BD10
:10AB5000589A0320F7B5284B0C461B6801934FF019
:10AB600000030546FFF7CEFD261801223146284690
:10AB7000FFF78CFDC3070CD431462846FFF7A4FE2F
:10AB800021462846FFF7BEFD214622182846FFF73A
:10AB90004FFF002221462846FFF778FD271A0122A1
:10ABA00039462846FFF772FD10F0010613D13946E9
:10ABB0002846FFF789FE214632462846FFF766FD04
:10ABC0002246211A2846FFF733FF214632462846FF
:10ABD000FFF75CFD241A084B1A68019B5A404FF09E
:10ABE000000301D010F058FC2146284603B0BDE810
:10ABF000F040FFF74BBF00BF589A032037B5144B06
:10AC00001B6801934FF00003C9B105682846FFF7A0
:10AC1000D3FD0022014604462846FFF78BFD0C4B6E
:10AC20001A68019B5A404FF0000301D010F034FC29
:10AC30002146284603B0BDE83040FFF78BBF044BE8
:10AC40001A68019B5A404FF00003EFD103B030BDAA
:10AC5000589A032073B5224B05681B6801934FF087
:10AC6000000349B900201E4B1A68019B5A404FF05F
:10AC7000000333D010F010FCAB68B3EBD10FF1D967
:10AC8000B3F5004F34BF04230823CC1D1C44E40853
:10AC900021462846FFF748FE06460028E2D0014636
:10ACA0002846FFF72FFDA04209D9344431462846F3
:10ACB0002246FFF785FE21462846FFF7E7FE284695
:10ACC00001223146FFF736FDAB68B3F5004F34BFC4
:10ACD0000423082303EBC603E818C4E702B070BDE1
:10ACE000589A03202DE9F74306681446B268434B8F
:10ACF000B2F5004F01F1FF391B6801934FF00003DB
:10AD000034BF0423082319EA01090F4613D049422E
:10AD100039408B424F4628BF0B468946E4B900258F
:10AD2000364B1A68019B5A404FF000030CD128465D
:10AD300003B0BDE8F0839942F0D8304B1A68019B0C
:10AD40005A404FF0000301D010F0A6FB214603B09B
:10AD5000BDE8F043FFF77EBFB2EBD40FDFD9B2F509
:10AD6000004F34BF04220822E11D3944C91A11449E
:10AD70003046C908FFF7D8FD80460028CFD0B36819
:10AD800009EBC005B3F5004F34BF042308231D446D
:10AD900035447B1E1D44B5FBF7F57D43A5EB090546
:10ADA00029463046FFF708FD2C44073424F00704F9
:10ADB000A41B804507464FEAE40408D202464146F8
:10ADC0003046FFF7FDFD41463046FFF75FFE39464E
:10ADD0003046FFF797FC3844844208D23946304663
:10ADE0002246FFF7EDFD21463046FFF74FFE0122D8
:10ADF00039463046FFF79EFC92E700BF589A032081
:10AE00002DE9F341334BB2F5802F1B6801934FF0CE
:10AE100000032CBF082304230025D21A8C18CE1D52
:10AE200026F0070624F00704A41BE4080660214668
:10AE30002046B460F560FFF7DDFC421D9200013052
:10AE400002F107074FEAD707A2F110022946B8BF5F
:10AE50002A4606F1100012F0F3FF3A462946304622
:10AE6000FFF792FC2B462A4629463046FFF72CFC7A
:10AE7000A4EB0708012229463046FFF75BFC424657
:10AE800039463046FFF780FC3B462A463946304675
:10AE9000FFF71AFC2A4621463046FFF775FC434669
:10AEA0002A4621463046FFF70FFC01222146304654
:10AEB000FFF740FC074B1A68019B5A404FF0000314
:10AEC00001D010F0E9FA3946304602B0BDE8F04151
:10AED000FFF7DCBD589A032007B5094B1B680193A7
:10AEE0004FF00003064B1A68019B5A404FF00003D5
:10AEF00001D010F0D1FA002003B05DF804FB00BFD0
:10AF0000589A032007B50B4B1B6801934FF00003C1
:10AF100004F052F816230360064B1A68019B5A404E
:10AF20004FF0000301D010F0B7FA4FF0FF3003B03C
:10AF30005DF804FB589A032007B50A4B08461B68C6
:10AF400001934FF00003074B11461A68019B5A40CA
:10AF50004FF0000301D010F09FFA03B05DF804EB4E
:10AF600003F0AABF589A032007B5114B0F281B689E
:10AF700001934FF000030ED904F01EF8092303607B
:10AF80004FF0FF300A4B1A68019B5A404FF0000304
:10AF90000BD010F081FA2822064B02FB0033D3E8D5
:10AFA000AF3F002BE8D00020ECE703B05DF804FBD6
:10AFB000589A03203CC600200CB4034637B506AAB5
:10AFC00008460C4C52F8041BDB68246801944FF0CF
:10AFD000000400929847074B1A68019B5A404FF0B3
:10AFE000000301D010F058FA03B0BDE8304002B0C1
:10AFF000704700BF589A032007B5094B1B6801939F
:10B000004FF00003064B1A68019B5A404FF00003B3
:10B0100001D010F041FA03B05DF804EB0EF00CBE65
:10B02000589A032037B5154B15491B6801934FF00B
:10B0300000032823434308330B44D3E8AF2F92B1D6
:10B04000541ED3E8EF5F954204D1C3E8EC4FBCF146
:10B05000000FF6D1F1D1012A05D12823584300234E
:10B060000A180B505360054B1A68019B5A404FF069
:10B07000000301D010F010FA03B030BD589A03203D
:10B0800034C6002073B5214B1B6801934FF00003B9
:10B0900000254FF0FF334FF0FF321D480EF01CFE2D
:10B0A0001C4BD3E8AF2FB2B10135102D03F12803AB
:10B0B000F7D103F081FF17234FF0FF3503601448E9
:10B0C000FFF79AFF114B1A68019B5A404FF000039B
:10B0D00019D010F0E1F928246C43D3E8EF0F0130C8
:10B0E000C3E8E10F0029F8D10B4E331932515A60F1
:10B0F00004F10C0030440EF079FE04F120003044DD
:10B1000010F086F9DBE7284602B070BD589A03209C
:10B1100078CB00203CC6002034C6002037B504465A
:10B1200010462822134B54431B6801934FF0000331
:10B13000114B1A191951506098B1C2688AB10D4A61
:10B140001568019A55404FF0000201D010F0A4F9A3
:10B1500040F205120C34234403B0BDE83040FFF741
:10B160002BBF044B1A68019B5A404FF00003EDD1EE
:10B1700003B030BD589A032034C6002007B5094BF0
:10B180001B6801934FF00003064B1A68019B5A405D
:10B190004FF0000301D010F07FF903B05DF804EB2D
:10B1A000FFF740BF589A03202DE9F341194B04469D
:10B1B0000F4690461B6801934FF00003FFF7D4FE43
:10B1C000002820DB28235C43134E04F10C05354492
:10B1D0004FF0FF324FF0FF3328460EF07DFD33195C
:10B1E0005B683059424639465B68984704462846B2
:10B1F000FFF702FF074B1A68019B5A404FF000030C
:10B2000004D010F049F94FF0FF34F3E7204602B0C4
:10B21000BDE8F081589A032034C6002007B5164BCC
:10B220001B6801934FF00003038B13F007030DD14C
:10B230000368002B0CBF002003200F4B1A68019BF2
:10B240005A404FF0000313D010F026F9022B05D11D
:10B25000408BB0FA80F040098000EEE7012B05D169
:10B260000368002B0CBF00200520E6E70020E4E780
:10B2700003B05DF804FB00BF589A032013B50F4BD1
:10B280000C461B6801934FF0000300B151B96FF0F9
:10B2900015000A4B1A68019B5A404FF000030AD070
:10B2A00010F0FAF8081D00F00DFA0028F1D1A3689B
:10B2B000032BEED9EBE702B010BD00BF589A032074
:10B2C0002DE9F3410D461E46134B07463146281D16
:10B2D0001B6801934FF00003904600F01BFA0E4BE1
:10B2E000044680B11A68019B5A404FF0000301D018
:10B2F00010F0D2F83346424629463846A44602B0FA
:10B30000BDE8F04160471A68019B5A404FF00003C6
:10B31000EED102B0BDE8F081589A03202DE9F34741
:10B32000068B8F4B044630071B6801934FF00003D8
:10B33000914613D4022906F0070640F0D880204633
:10B34000FFF76CFF88B10138218B04281BD8DFE898
:10B3500010F0CE001A007A009000A00001290CBF66
:10B3600046F0100646F02006268389F31188BFF3C5
:10B370006F8F7B4B1A68019B5A404FF0000300F01F
:10B38000EC8010F089F801F0070AB24500F0A780C0
:10B390004FF0000845464746A368002B00F0BD80EB
:10B3A00041F00801218389F31188BFF36F8FA168F1
:10B3B000002900F0BC800E68002900F0B8803B46F0
:10B3C00052462046D1F80490C847002E77D0336803
:10B3D00031461E46F0E705F007035A1F012A1CD824
:10B3E000002225F00705062BD4F80080ADB2C4E991
:10B3F000002209D1434603E0628B013262831B685D
:10B40000002BF9D145F0020520462583FFF706FF02
:10B4100000287BD045F0200577E0042B0AD125F0E9
:10B420000705ADB220462583FFF7F8FE10B145F0C1
:10B4300020052583218B01F0070AB2454FD04FF03C
:10B4400000084546A8E7236921F0070141F00601FD
:10B45000062E1D6821832CD1002D40D041F008011B
:10B46000218389F31188BFF36F8F20463D49A84798
:10B4700029E021F00701236941F0040189B2042E7B
:10B480005D682183E8D04FF000084FF0040A47467A
:10B4900082E721F00701236941F0050189B2052EF9
:10B4A0009D682183D8D04FF000084FF0050A474629
:10B4B00072E74FF000084FF0060A47466CE7334644
:10B4C00086E7002DD1D14FF02003EFF3118983F3EC
:10B4D0001288BFF36F8F238B23F008032383268BFF
:10B4E000F20631D526F01003238306F007066769BC
:10B4F000258B002FBFF66FAF0023D4F80080C4E97E
:10B50000003325F0070545F001052583218B002533
:10B5100001F0070AB2457FF43FAFB8F1000F9BD0AE
:10B5200041F00801218389F31188BFF36F8FB8F1CF
:10B53000000FC6D0D8F8006041463B465246204630
:10B54000FFF7BEFEB046F2E7B3067FF50EAF26F07A
:10B550002003238306F00706F1E602B0BDE8F0877A
:10B56000589A032069B5000013B50E4A126801927B
:10B570004FF000024FF02004EFF3118284F31288A1
:10B58000BFF36F8F074B41611968019B59404FF022
:10B59000000301D00FF080FF012102B0BDE8104090
:10B5A000FFF7BCBE589A032037B5104B0C461B68FA
:10B5B00001934FF00003054698B191B10B6883B138
:10B5C0004B6873B11C22002112F03AFC00202C6160
:10B5D000064B1A68019B5A404FF0000304D00FF04D
:10B5E0005BFF6FF01500F3E703B030BD589A0320FE
:10B5F00073B5334B05460E461B6801934FF00003AD
:10B60000FFF73CFE041E15DB4FF02003EFF3118221
:10B6100083F31288BFF36F8F4FF6FF716B8B2C8B08
:10B620008B4204F007040ED182F31188BFF36F8FB1
:10B630006FF00A04224B1A68019B5A404FF0000336
:10B640003AD00FF029FF022C0CD101336B8382F327
:10B650001188BFF36F8F0023224631462846FFF73B
:10B660002FFEE7E7062C14D8DFE804F004131313C9
:10B67000041A0400002333606B683BB9C5E9006617
:10B68000ACB902212846FFF749FED3E71E606E6081
:10B69000F6E782F31188BFF36F8F6FF00404C9E7F8
:10B6A00082F31188BFF36F8F6FF08504C2E782F3D6
:10B6B0001188BFF36F8FBDE7204602B070BD00BF99
:10B6C000589A032007B5124B1B6801934FF00003F3
:10B6D000034640B1426802F00302022A06D0032A60
:10B6E00004D0012A05D06FF0150004E01A68002A82
:10B6F000F9D000209860064B1A68019B5A404FF021
:10B70000000301D00FF0C8FE03B05DF804FB00BFDA
:10B71000589A032013B5134A0346126801924FF05A
:10B7200000024268002402F00302022A81600FD066
:10B73000032A02D05C60002001E018685C60094BBD
:10B740001A68019B5A404FF0000308D00FF0A4FE86
:10B7500018685C600028EED010F01AFBEBE702B02E
:10B7600010BD00BF589A0320F7B5104B0246016880
:10B770001B6801934FF0000300200A270C4E0B4674
:10B780001C780131355D6D0709D41360074B1A68C9
:10B79000019B5A404FF0000306D00FF07DFE07FBDF
:10B7A0000043A3F13000EAE703B0F0BD589A03204C
:10B7B000AC0A02002DE9F74F9A462A4B15461B6842
:10B7C00001934FF00003D378274A6F2B12F803B090
:10B7D000814688460C9E0BF0030B2DD028D8582BA1
:10B7E0000CBF10270A273A46002348464146FDF77A
:10B7F00003FB092AD4B224D83034B945E4B278F135
:10B80000000806F8014D01D3564517D82B789B0642
:10B8100005D5082F1BD1AB7843F00803AB70114B53
:10B820001A68019B5A404FF0000316D00FF034FE07
:10B8300003F0F703702BD3E70827D4E78146884647
:10B84000D1E7BBF1010F0CBF37345734D5E7102FC8
:10B85000E5D1AB7843F01003E0E7304603B0BDE834
:10B86000F08F00BF589A0320AC0A02002DE9F34183
:10B870001E46114B0746884615461B6801934FF03C
:10B8800000031446B44205D30EB1601B08E02378D0
:10B89000002BFAD0414614F8010BB8470028F1DA22
:10B8A000054B1A68019B5A404FF0000301D00FF07E
:10B8B000F3FD02B0BDE8F081589A03202DE9F04F66
:10B8C000164699B0B94A03908A46126817924FF00B
:10B8D00000021C460025307808B928464DE3731C49
:10B8E0002528049307D05146039B98470028C0F2AF
:10B8F00044830135F2E1182200210AA812F0A0FACF
:10B900007378252B00F0A380002398469E469C4622
:10B910001846711C0F4611F8012B2B2A00F0C68027
:10B9200000F2BD80202A00F0C480232A00F0C480E9
:10B930002BB19DF8303043F040038DF83030B8F132
:10B94000000F05D09DF8303043F020038DF83030E3
:10B95000BEF1000F05D09DF8303043F010038DF894
:10B960003030BCF1000F05D09DF8303043F00803B3
:10B970008DF8303028B19DF8303043F004038DF855
:10B9800030309DF8303003F04401442903D16FF387
:10B9900086138DF830309DF830302A2A43F080032A
:10B9A00009978DF8303040F08C809DF8313043F0AD
:10B9B00001038DF831307B1C1A782E2A0CBF01212F
:10B9C00000219DF8312061F341028DF831200CD126
:10B9D0005A1C09925A782A2A40F083809DF8312017
:10B9E000023342F004028DF831201A786C2A00F0FC
:10B9F000A48000F28680682A00F08C806A2A00F019
:10BA0000A5804C2A00F0AA801A4612F8013B782B38
:10BA100004928DF833309DF8312000F219816D2B9E
:10BA200000F2A980692B00F21381572B00F2C0802D
:10BA3000412B03D0453B022B00F20A8104229DF8E2
:10BA4000323062F302038DF832300123CCE0B21CB5
:10BA500004928DF833309DF83130D90740F1FF80E2
:10BA600054F8048BB8F1000F07DA9DF83020C8F1C4
:10BA7000000842F004028DF830205A0740F1F880A7
:10BA800054F804BBBBF1000F80F2F7809DF8313011
:10BA90006FF341038DF831304FF0FF3BEDE02D2A7D
:10BAA0000DD0302A7FF444AF012333E74FF0010C6F
:10BAB00030E74FF0010E2DE74FF001082AE7012093
:10BAC00028E709A8FFF750FE099BBB423FF474AF7B
:10BAD0009DF830200D90C00F60F341028DF83020AA
:10BAE0006AE709A8FFF740FE9DF830300E90C3F3D7
:10BAF000400242EAD07262F341038DF83030099B74
:10BB000073E7742A26D07A2A7FF47EAF06219DF847
:10BB100031200CE05A78682A9DF8312006D10121A5
:10BB200061F3C6028DF8312002336DE7022161F323
:10BB3000C6028DF83120013366E75A786C2A9DF8E9
:10BB4000312001D10421EBE70321F0E705219DF825
:10BB50003120ECE707219DF83120E8E7BDF83020DF
:10BB600022F4F04222F0020242F4804242F0020249
:10BB7000ADF83020DFE76E3BD9B201238B4040F2B5
:10BB800082410B423AD113F0240F54D1DF075FD525
:10BB900003219DF8323061F302038DF8323002F058
:10BBA0007803A3F14000434243411DE0589A03202B
:10BBB0000120A3F15801C9B200FA01F111F4624F5A
:10BBC0007FF43CAF40F6010739421DD111F4043F28
:10BBD0003ED09DF8323060F3020302F07802402A32
:10BBE0008DF8323034D000239DF83020C2F340016C
:10BBF0000B4363F341028DF830202CE702219DF8BE
:10BC0000323061F30203E8E702209DF8321002F0BF
:10BC1000780260F30201402A8DF8321002BF9DF8CD
:10BC2000301041F001018DF83010632BDBD1131E71
:10BC300018BF0123D8E703219DF8323012F0780FA6
:10BC400061F302038DF8323014BF01230023CBE7E8
:10BC50009DF8303043F001038DF83030C3E79DF993
:10BC60003020002AACBF4FF0FF38DDF8348004E705
:10BC70009F077FF511AFDDF838B00023CDE90D3314
:10BC80009DF832309DF8311003F00703012BC1F30A
:10BC9000C30133D1CB1E042B04D8DFE803F02146C7
:10BCA00046212100236801294FEAE372CDE90A32D7
:10BCB0001CD19DF92830DA17CDE90A3204349DF8F9
:10BCC000303013F0030750D032465146049B03989E
:10BCD000FFF7CCFD0028C0F250810544049EFAE530
:10BCE00054F8043BDA17CDE90A32E8E70229E5D136
:10BCF0001AB243F3C033CDE90A23DFE7022B24D184
:10BD0000CB1E042B04D8DFE803F01810101818001D
:10BD100001294FF0000254F8043B14D00229CDE968
:10BD20000A32CCD19BB20A93C9E7073424F0070446
:10BD3000F4E80223CDE90A23C1E754F8043B0A934F
:10BD400000230B93BBE7DBB2CDE7042B08D107340C
:10BD500024F00704D4E900230834CDE90A23AEE730
:10BD6000032BACD154F8043BDDE79DF83300782871
:10BD7000B4D862281DD825283FF4B5AD5828ADD1D8
:10BD8000DDE90A010DF15A0300930CAA11ABFFF78C
:10BD900011FDBBF1000F814680F29980B9F1000FCF
:10BDA0009CD00DF15A06A6EB0903002F51D00133A8
:10BDB0004FE06338152891D801A252F820F000BF57
:10BDC00041BE0000A5BE0000DDBC0000DDBC0000DF
:10BDD000DDBC0000DDBC0000A5BE0000DDBC000035
:10BDE000DDBC0000DDBC0000DDBC00002FBF00009A
:10BDF000C9BE0000F1BE0000DDBC0000DDBC0000DB
:10BE000019BE0000DDBC0000C9BE0000DDBC0000A2
:10BE1000DDBC0000C9BE0000BBF1000FDDF82890BA
:10BE20000ADB5946484612F0DBF8B9F1000F3FF43F
:10BE300055AF09EB000676E04846FDF7EDF9F8E767
:10BE40000A9B00278DF8443001230DF145060DF1C2
:10BE500044099DF8321011F01002069200F0818022
:10BE600002330D9A134405924A0644BF0E995B189B
:10BE7000B8F1000F40F39480A8EB03089DF8303030
:10BE80005807C3F3800B00F18B8059067ED53FB174
:10BE900051463846039B984700286EDB5F460135C4
:10BEA000302374E01E075ABFC3F300135F012B2732
:10BEB000DDE90A23002BBFF663AF524263EB430375
:10BEC0002D27CDE90A235BE7002759E700279DF8D6
:10BED00030100DF15A03A3EB09036FF386119B4554
:10BEE0008DF830107FF65AAFABEB03030D9355E797
:10BEF0000A9880B30DF15A0611AB002100960CAAE6
:10BF0000FFF758FCBDF83230BBF1000F03F0EF0330
:10BF100043F4F04343F010038146ADF83230D5DAF4
:10BF200000283FF4DBAE0027A6EB090391E70A9B4C
:10BF300007293FF6D3AEDFE801F00C04060C080831
:10BF40000C0C1D70CAE61D80C8E6EA17C3E9005252
:10BF5000C4E61D60C2E6354E07460523A6F1050975
:10BF600077E7080748BF01337BE718460793514638
:10BF7000039B98470028079B0ADA2D4B1A68179BEA
:10BF80005A404FF000034ED00FF086FA2023C346EC
:10BF9000594600290BF1FF3BE7DC4544D8466D1AB2
:10BFA00037B151463846039B98470028E5DB0135F9
:10BFB0009DF83230DA0601D41B0706D551463020F1
:10BFC000039B98470028D8DB0135069B3BB15146BF
:10BFD0009DF83300039B98470028CEDB0135059F71
:10BFE0002F4406E051463020039B98470028C4DBCD
:10BFF00001357B1B002BF5DC33464A46514603983E
:10C00000FFF734FC0028B8DB0544A844A8EB05037F
:10C01000002B7FF763AE51462020039B98470028F2
:10C02000ABDB0135F2E719B0BDE8F08FC3ED0100DD
:10C03000589A032013B5104B02461B6801934FF02A
:10C040000003036913F0080011D11368D4689C42FF
:10C050009BBF0120126AE31AD31A0B60064B1A68C1
:10C06000019B5A404FF0000304D00FF015FA002353
:10C070001846F2E702B010BD589A032013B50F4BD3
:10C08000694604461B6801934FF00003FFF7D2FF97
:10C0900020B1009BE268013B13440093009B206A9F
:10C0A000C01A064B01381A68019B5A404FF0000332
:10C0B00001D00FF0F1F902B010BD00BF589A032073
:10C0C00013B50446501822690C4BD2071B68019324
:10C0D0004FF00003236A0AD5013B1840074B1A684A
:10C0E000019B5A404FF0000305D00FF0D5F998425C
:10C0F00028BFC01AF2E702B010BD00BF589A032053
:10C1000013B504460C4B0A46C1681B6801934FF0F7
:10C110000003FFF7D5FF2369E06023F008032361E4
:10C12000054B1A68019B5A404FF0000301D00FF0F5
:10C13000B3F902B010BD00BF589A032037B50D46C1
:10C14000154BC2691B6801934FF000038B00016817
:10C1500043F00203044642F8213001682A46FFF703
:10C16000AFFFE3682A46984208BF2369616804BFAD
:10C1700043F00803236120602046FFF7A1FF064B30
:10C1800060601A68019B5A404FF0000301D00FF025
:10C1900083F903B030BD00BF589A03202DE9F04F5A
:10C1A0009B46C768404BC66985B01B6803934FF038
:10C1B000000316F82730044603F00303022B8846D9
:10C1C00091464FF0000306EB870A0FD01360CBF8BF
:10C1D00000302369990716D40020334B1A68039B5B
:10C1E0005A404FF000035CD00FF056F956F8271074
:10C1F00013608908CBF80030EBD0FFF781FFE368CC
:10C20000A3600120E9E7A3695046984716F8273054
:10C210000546DA07E0D513F002031DD0B8F1000F90
:10C2200003D041462046FFF789FF61682A46204631
:10C23000FFF746FFD4E902319942606004D12A46F3
:10C240002046FFF73DFFA060A3682360E3602369F9
:10C2500043F008032361D4E7014620460193FFF72A
:10C260004FFFE268A260B8F1000F04D02168E269D4
:10C27000019B42F8213005EB0802CBF80020216831
:10C280002046FFF71DFF2369206043F00803236168
:10C2900016F827306FF3000306F82730C9F800A01E
:10C2A000AFE705B0BDE8F08F589A0320F7B5154BFE
:10C2B00004461B6801934FF000030E461546FFF736
:10C2C000FFFE236883420DD12369266023F0080313
:10C2D00023610C4B1A68019B5A404FF000030ED0AB
:10C2E0000FF0DAF8E269AB0043F0020342F82630BF
:10C2F00061682A462046FFF7E3FE6060E9E703B085
:10C30000F0BD00BF589A032037B50D4B04461B689B
:10C3100001934FF0000303695B0706D5456AFFF7F9
:10C32000ADFE85422CBF65626062054B1A68019BB9
:10C330005A404FF0000301D00FF0AEF803B030BD0B
:10C34000589A032037B50D460446164B1C2200218F
:10C350001B6801934FF0000311F072FD0022EB689F
:10C36000A361AB6863612B68E3616B6862622362FF
:10C370002A6923B1591E194208BF42F00102226105
:10C38000084B1A68019B5A404FF0000301D00FF090
:10C3900083F80122002104F1280003B0BDE83040F9
:10C3A0000DF034BE589A03202DE9F04F002587B0D8
:10C3B0000093434B04461B6805934FF00003036A48
:10C3C0000E468B429246A946029504953AD34FF009
:10C3D0002003EFF3118B83F31288BFF36F8F049A5E
:10C3E000D8462AB129462046FFF760FF0023049370
:10C3F00003A92046FFF71EFE03990746B1422FD33B
:10C400002268E369204613F8221003EB820921F029
:10C41000030103F8221021683246FFF751FEE3685A
:10C420002060984217D0002788F31188BFF36F8FE0
:10C43000029929B162690AB120469047002302930C
:10C44000002FC4D11E4B1A68059B5A404FF00003C1
:10C4500032D00FF021F8236943F008032361E2E7AB
:10C4600018B12046FFF76AFEDEE7009B5AEA030395
:10C470001AD001910DF02CFA0199A8B98BF311880B
:10C48000BFF36F8F5246009B04F128000DF018FE99
:10C490004FF02003EFF3118883F31288BFF36F8FFF
:10C4A000B0FA80F77F09BFE7204604AB02AA2568EF
:10C4B000FFF774FE0746B7E7484607B0BDE8F08FC0
:10C4C000589A032073B5174B04461B6801934FF02D
:10C4D0000003836908460D46984702464FF0200343
:10C4E000EFF3118683F31288BFF36F8F2B7820460A
:10C4F00043F001032B706168FFF7E2FD60602046A6
:10C50000FFF702FF86F31188BFF36F8F054B1A68A0
:10C51000019B5A404FF0000301D00EF0BDFF02B066
:10C5200070BD00BF589A0320F7B5304B04461B6816
:10C5300001934FF000034FF02003EFF3118683F3D4
:10C540001288BFF36F8F236913F0080FA36802D11D
:10C550006268934200D9226AD21AE1692AB986F345
:10C560001188BFF36F8F002733E011F8232001EB10
:10C57000830712F00300F2D0022803D151F82350B0
:10C58000AD0805D1D00712D43846A36998470546AF
:10C59000A1682A462046FFF793FD2946A060204661
:10C5A000FFF7AEFD86F31188BFF36F8FC3E742F04C
:10C5B000020201F82320A3693846A5689847294656
:10C5C00002462046FFF77CFDA06086F31188BFF38A
:10C5D0006F8F064B1A68019B5A404FF0000301D041
:10C5E0000EF05AFF384603B0F0BD00BF589A032042
:10C5F000F7B5254B04461B6801934FF00003836990
:10C6000008460D46984706464FF02003EFF3118782
:10C6100083F31288BFF36F8F2B786FF300032B70B7
:10C6200023699B0705D5E268E36903EB82039D421A
:10C630001DD12B786FF341032B70D4E9023199425D
:10C6400004D132462046FFF73BFDA060314620462C
:10C65000FFF756FD87F31188BFF36F8F0A4B1A68F7
:10C66000019B5A404FF0000306D00EF015FF2B68D7
:10C6700060F39F032B60EDE704F1280003B0BDE8F1
:10C68000F0400DF0E5BC00BF589A032007B50269E1
:10C690000D4B12071B6801934FF00003836802D40F
:10C6A00042689A4200D2026AD31A181E064B18BF7B
:10C6B00001201A68019B5A404FF0000301D00EF090
:10C6C000EBFE03B05DF804FB589A032007B5034B5B
:10C6D0001B6801934FF0000302E000BF589A03204B
:10C6E000054B1A68019B5A404FF0000301D00EF031
:10C6F000D3FE03B05DF804FB589A032007B5104B36
:10C700001B6801934FF0000303785B075FBF03686A
:10C710004288C3F34A2303EB121058BF1730084B6B
:10C7200056BF20F00700002080081A68019B5A407D
:10C730004FF0000301D00EF0AFFE03B05DF804FB34
:10C74000589A032007B5094B1B6801934FF000036B
:10C75000064B1A68019B5A404FF0000301D00EF0BF
:10C760009BFE002003B05DF804FB00BF589A032035
:10C7700007B5094B1B6801934FF00003064B1A687D
:10C78000019B5A404FF0000301D00EF085FE03B02C
:10C790005DF804EB04F026BF589A03202DE9F34717
:10C7A0001D4B04461B6801934FF0000307464FF0F2
:10C7B0000109DFF8688044B9174B1A68019B5A4099
:10C7C0004FF0000324D00EF067FE94FAA4F5B5FAFA
:10C7D00085F509FA05F32E0108EB05156FEA030A42
:10C7E00024EA03042B7B002BE5D058F806301B69A4
:10C7F0004BB94644736804222846196807EA0A07B9
:10C8000000F03AFCD7E7284698470028D3D1F0E754
:10C81000384602B0BDE8F087589A0320C8E5010009
:10C8200007B50C4A0346126801924FF00002D3E8A4
:10C83000EF0F421CC3E8E12F0029F8D1054B1A681D
:10C84000019B5A404FF0000301D00EF025FE03B0CB
:10C850005DF804FB589A032010B5164B8AB00022ED
:10C86000154916481B6809934FF000030FF01CF997
:10C87000002200230024CDE906230E234FF440724A
:10C88000CDE90334CDE901440D4B0E4900940E4827
:10C890000DF002F90D490C480DF034F8054B1A68FB
:10C8A000099B5A404FF0000301D00EF0F5FD2046E1
:10C8B0000AB010BD589A0320D1C8000090D10020C2
:10C8C0006DCE000018FD0220E0CC0020C4ED010078
:10C8D00007B50A4B1B6801934FF00003074B1A681A
:10C8E000019B5A404FF0000301D00EF0D5FD0448E3
:10C8F00003B05DF804EB0DF0ABBB00BF589A03200A
:10C9000008CC00202DE9F347274B804627480F46E7
:10C910001B6801934FF00003FFF782FF06460028D3
:10C9200036D00025204B1A68019B5A404FF0000377
:10C9300035D00EF0B1FD237B73B12368DB680BB1FA
:10C940002046984723681B69D3B9636804222046B0
:10C95000196800F091FB013610344C45EBD3B8F167
:10C96000000FDFD0002DDCD02846FFF717FF05466B
:10C97000002FF7D000214FF4A4700EF06FFCF1E708
:10C98000204698470028E0D00AFA06F31D43E2E764
:10C9900005464FF0010A064CDFF81890DDE72846FF
:10C9A00002B0BDE8F08700BF589A0320ACDE00203B
:10C9B000C8E50100D8E5010007B50A4B1B680193E3
:10C9C0004FF00003084B53F82000064B1A68019BF8
:10C9D0005A404FF0000301D00EF05EFD03B05DF849
:10C9E00004FB00BF589A032040E601007FB50D4BC1
:10C9F0001B6805934FF000030023CDE902011A469E
:10CA000019461846CDE9003300F0E0FC054B1A68E2
:10CA1000059B5A404FF0000301D00EF03DFD07B0DA
:10CA20005DF804FB589A0320034607B50D4A0846F3
:10CA3000126801924FF000026BB10B4A136000F0D4
:10CA4000F1FF0020074B1A68019B5A404FF000038A
:10CA500004D00EF021FD6FF01500F3E703B05DF890
:10CA600004FB00BF589A0320B4C8002013B50C4B38
:10CA70000C4C1B6801934FF00003237813B90A484C
:10CA80000DF0E6FA01232370054B1A68019B5A400A
:10CA90004FF0000301D00EF0FFFC02B010BD00BF4C
:10CAA000589A0320D3FB022008CC002013B504467B
:10CAB0000D4B0E481B6801934FF00003FFF7B0FECB
:10CAC0003CB10B4BD3E8EF1F0139C3E8E21F002A4A
:10CAD000F8D1054B1A68019B5A404FF0000301D072
:10CAE0000EF0DAFC02B010BD589A0320A4DE00203C
:10CAF000A8DE002007B50A4B1B6801934FF0000326
:10CB0000074B1A68019B5A404FF0000301D00EF00A
:10CB1000C3FC012003B05DF804EBFFF7C7BF00BF03
:10CB2000589A032007B500220B4B1B6801934FF066
:10CB300000030A4BD3E8EF0FC3E8E12F0029F9D136
:10CB4000054B1A68019B5A404FF0000301D00EF0CC
:10CB5000A3FC03B05DF804FB589A0320A4DE002078
:10CB600073B5114B114C1B6801934FF00003FFF795
:10CB7000D9FF05460E4EB44208D30B4B1A68019BF1
:10CB80005A404FF000030CD00EF086FC63685B79CE
:10CB90002BB123685B6813B12946204698471034AF
:10CBA000E9E702B070BD00BF589A0320C8E5010054
:10CBB000D8E5010013B50B4C0B4B20460B491B6805
:10CBC00001934FF00003FFF7BDFB094B1C60064BC0
:10CBD0001A68019B5A404FF0000301D00EF05CFC34
:10CBE00002B010BDE4CA0020589A03202CE60100D0
:10CBF0009CDE002007B50F4B0F4A1B6801934FF0D6
:10CC00000003002313700D4A4FF4004113600C4AD7
:10CC10000C481360FFF708FF064B1A68019B5A4047
:10CC20004FF0000301D00EF037FC03B05DF804EBC9
:10CC3000FFF7C0BF589A0320D4FB0220A4DE0020D7
:10CC4000A8DE002071C7000007B50B4B01461B682A
:10CC500001934FF00003084B1A68019B5A404FF0B4
:10CC6000000301D00EF018FC00220023034803B09B
:10CC70005DF804EBFFF798BB589A0320E4CA002044
:10CC800007B50A4B1B6801934FF00003074B1A6866
:10CC9000019B5A404FF0000301D00EF0FDFB044809
:10CCA00003B05DF804EBFFF73FBC00BF589A0320C8
:10CCB000E4CA002007B50B4B01461B6801934FF0F7
:10CCC0000003084B1A68019B5A404FF0000301D043
:10CCD0000EF0E2FB044B186803B05DF804EBFFF7BD
:10CCE00087BC00BF589A03209CDE002007B50A4B82
:10CCF0001B6801934FF00003074B1A68019B5A40D1
:10CD00004FF0000301D00EF0C7FB044803B05DF8FC
:10CD100004EBFFF7BBBC00BF589A0320E4CA002015
:10CD200073B5324B1B6801934FF00003304B1878FA
:10CD3000002851D0FFF7A4FF054670B12D4BD3E872
:10CD4000EF1F0139C3E8E21F002AF8D12A4C2B4E0D
:10CD5000B44232D32846FFF7ADFF294B294C1B685C
:10CD6000002B19DD0EF096FD4FF47A72A0FB020342
:10CD700002FB0131C30B43EA4143D4E900209B1A73
:10CD800040F2E9324FEAD13161EB0001934271F197
:10CD9000000101D3FFF7E4FED4E9003213F57A7302
:10CDA00042F10002C4E90032104B1A68019B5A405C
:10CDB0004FF000030BD00EF06FFB63685B7923B17B
:10CDC0002368294620461B6898471034C0E702B004
:10CDD000BDE87040FFF78ABF044B1A68019B5A40B8
:10CDE0004FF00003E7D102B070BD00BF589A032096
:10CDF000D3FB0220A8DE0020C8E50100D8E5010031
:10CE0000A4DE002088D1002073B5144D144B29787E
:10CE10001B6801934FF0000361B90120FFF772FD19
:10CE2000104C114EB4420ED3FFF77AFF0028FBD10D
:10CE300001232B700A4B1A68019B5A404FF00003E4
:10CE40000AD00EF029FB63685B791BB1236820468A
:10CE50009B6898471034E5E702B070BDD4FB022010
:10CE6000589A0320C8E50100D8E501002DE9F347F1
:10CE70000021234B08461B6801934FF00003FFF786
:10CE800041FD044648B340F267684FF000090EF0D8
:10CE900011FA1C4B186030B11B4B1B68092B02DDCB
:10CEA0001A480DF0D5F80025194FDFF860A044B1FD
:10CEB0002046FFF773FC044618B94FF0FF384FF0D7
:10CEC000FF39FFF72DFF064628B9B5B942464B4654
:10CED00050460DF0F5F83546E9E74FF0FF384FF0D2
:10CEE000FF39D4E72B689B691BB100222846114605
:10CEF00098471035BD42F5D3E8E7064DFAE700BF85
:10CF0000589A0320A0DE0020A8DE002008CC0020D4
:10CF1000D8E50100C8E501001FB5234B23481B6875
:10CF200003934FF00003FFF77BFC214B1B78B3B159
:10CF30004FF02003EFF3118483F31288BFF36F8F58
:10CF4000FFF7EEFE84F31188BFF36F8F164B1A685C
:10CF5000039B5A404FF000031DD104B010BD154B88
:10CF60001B68002BF2D050B9002200231248CDE9F3
:10CF700000234FF4004200230EF0B4FDE6E7092839
:10CF8000E4D10D480EF0FAFD074B1A68039B5A4096
:10CF90004FF0000301D00EF07FFA084804B0BDE85E
:10CFA00010400DF055B800BF589A0320A8DE0020AD
:10CFB000D4FB0220A0DE002090D1002008CC00206D
:10CFC00013B50E4B04461B6801934FF000030C4B46
:10CFD0001B6898472146A0600A48FFF773FA074B81
:10CFE0001A68019B5A404FF0000301D00EF054FA2A
:10CFF00002B0BDE81040FFF78FBF00BF589A032072
:10D00000B4C80020E4CA002007B5094B1B6801938F
:10D010004FF00003064B1A68019B5A404FF0000383
:10D0200001D00EF039FA002003B05DF804FB00BF18
:10D03000589A032007B50D4B0D4A1B6801934FF01A
:10D0400000030C4B9B1AB1EBD30F084B2CBF0020F5
:10D0500052F831001A68019B5A404FF0000301D08A
:10D060000EF01AFA03B05DF804FB00BF589A0320D3
:10D0700018E50100C8E5010013B5104B44681B68B2
:10D0800001934FF000030E4BC31A1B1101332371A0
:10D0900043689A7101224368196043685A71074BCB
:10D0A0001A68019B5A404FF0000301D00EF0F4F9CA
:10D0B00002B0BDE81040FFF7D9BC00BF589A03206A
:10D0C000C8E5010073B5124B0C461B6801934FF085
:10D0D0000003D2E901369B1B8B42154612D313681D
:10D0E0000A460146981910F09EFE2046AB6823447C
:10D0F000AB60074B1A68019B5A404FF0000304D005
:10D100000EF0CAF96FF01B00F3E702B070BD00BF6C
:10D11000589A032073B50E461946164B15461B68E0
:10D1200001934FF000030446120D68B9114B1A68C1
:10D13000019B5A404FF0000301D00EF0ADF902B050
:10D14000BDE87040FFF7B2BC29B11030C5F34A23E7
:10D15000184410F068FEC4E90056064B1A68019B9B
:10D160005A404FF00003E8D1204602B0BDE87040BD
:10D17000FFF726BF589A03202DE9F3415F1C4FEAC1
:10D180008708064608F11700154620F007001D4ADB
:10D1900080080C46126801924FF00002FFF754FD20
:10D1A00000238DF80070ADF801308DF8033068B1C0
:10D1B0000346009AA8F1040143F8102F2A46294497
:10D1C00052F8045B8A4243F8045FF9D10D4BA20187
:10D1D0001968019B59404FF0000302F4E07242EAE3
:10D1E000482222F07F4222F4700222F03F0201D056
:10D1F0000EF052F90023314602B0BDE8F041FFF7CE
:10D2000089BF00BF589A03202DE9F04F8FB004AFBB
:10D210007B60424BB860C1F34A280D4691461B68BB
:10D220007B624FF000030C0DB8F1000F68D00026B0
:10D230004FF0040B4FF00A0A07F11C03C7F80C80EB
:10D24000C7E90466BE610193CDF808B0CDF800A02F
:10D2500007F1100332464846F968FCF759FFB0F56C
:10D26000006F034621D36C468AB0D9F8041004AB92
:10D270002B481A46C3E9050140F2FF71D9614FF40A
:10D2800000711984274B42F8103F4FF41251334676
:10D290002548FFF7B9FFA546204B1A687B6A5A401C
:10D2A0004FF0000335D00EF0F7F8C0F30A0804F190
:10D2B0001700184420F0070080083B60FFF7C4FC0B
:10D2C00068F35325044690B13B6800F11001C7E9AB
:10D2D000053607F11C033961CDE900A3CDF808B08C
:10D2E0004846124AF96807F11003FCF711FF68F38A
:10D2F00053252A4620467B68B968FFF70BFFCBE72A
:10D3000004F1170020F007008008FFF79DFC044699
:10D31000EDE72C37BD46BDE8F08F00BF589A0320DB
:10D32000D9ED01000400000150E50100C5D0000066
:10D3300013B50A4B1B6801934FF0000301230092C1
:10D340006A46FFF719FF054B1A68019B5A404FF0D8
:10D35000000301D00EF0A0F802B010BD589A0320CF
:10D3600030B50B4C85B0246803944FF00004CDE930
:10D370000123022301AAFFF7FFFE054B1A68039B56
:10D380005A404FF0000301D00EF086F805B030BDD2
:10D39000589A032030B50C4C85B0246803944FF0A4
:10D3A0000004CDE90023089B6A4602930323FFF79C
:10D3B000E3FE054B1A68039B5A404FF0000301D06F
:10D3C0000EF06AF805B030BD589A03202DE9F04FF1
:10D3D0009846274B87B00446DDE9105ADDE912690B
:10D3E0000F4693461B6805934FF00003A6B3102128
:10D3F000334652460020CDF80090CDF81090FCF74F
:10D4000021FC014605F1170008441A4B04F00704FB
:10D410000BF0070BE40020F0070003EA412344EA85
:10D420008B1480081C430391FFF70EFC44EA05545B
:10D43000054640B13EB1334652460399CDF80090BF
:10D440001030FCF7FFFB0A4B1A68059B5A404FF05F
:10D45000000303D00EF020F83146D3E743462246BE
:10D460003946284607B0BDE8F04FFFF753BE00BF6E
:10D47000589A032000FE0F00F7B51F460C4B0646D6
:10D480000D4614461B6801934FF0000321462846C1
:10D490003A46B047241A0544F8D1054B1A68019B57
:10D4A0005A404FF0000301D00DF0F6FF03B0F0BD7D
:10D4B000589A032030B50A4C85B0246803944FF085
:10D4C000000400240094FEF7F9F9054B1A68039B49
:10D4D0005A404FF0000301D00DF0DEFF05B030BD23
:10D4E000589A03200EB417B5014605AB0C4853F803
:10D4F000042B006801904FF000000A480093FFF7EA
:10D50000D9FF074B1A68019B5A404FF0000301D026
:10D510000DF0C2FF03B0BDE8104003B0704700BF7C
:10D52000589A0320C5D5000007B5144BCA061B68DE
:10D5300001934FF00003114B17D48A060DD51A68DA
:10D54000019B5A404FF0000301D00DF0A5FF0C499C
:10D5500003B05DF804EBFFF7C5BF1A68019B5A40A2
:10D560004FF00003F1D10749F2E71A68019B5A40D6
:10D570004FF00003E9D103B05DF804FB589A032093
:10D58000120602001106020013B50D4B4268044654
:10D590001B6801934FF00003D2E900238168006803
:10D5A000FFF76AFF002263681A60054B1A68019B47
:10D5B0005A404FF0000301D00DF06EFF02B010BDD5
:10D5C000589A032037B5124B05461B6801934FF05C
:10D5D00000034B680C461A68CB689A4202D1084691
:10D5E000FFF7D2FF6368D3E8EF2F511CC3E8E01FB9
:10D5F0000028F8D1A3689D54054B1A68019B5A4036
:10D600004FF0000301D00DF047FF002003B030BD04
:10D61000589A032037B50E4B0A2804460D461B685E
:10D6200001934FF0000302D10D20FFF7CBFF2946F5
:10D630002046FFF7C7FF064B1A68019B5A404FF080
:10D64000000301D00DF028FF002003B030BD00BF63
:10D65000589A03202DE9F04F8BB09A46DDE91673F6
:10D660000593189B9DF854B00493964B069204467C
:10D670000D461B6809934FF00003199EBBF1000F84
:10D6800000F0858006F008030793FFF7BDFC06F065
:10D6900002090246002849D020468B49FFF722FFA5
:10D6A0008046B9F1000F08D016F0440F40D12A4649
:10D6B00020468649FFF716FF804406F0010353B168
:10D6C000834B204653F82B20824B8349002A08BF06
:10D6D0001A46FFF707FF06F00803002B54D07F4BD4
:10D6E000204653F82B207E49FFF7FCFE0546069B9B
:10D6F0002BB11A4620467B49FFF7F4FE0544BAF1E8
:10D70000000F05D0524620467749FFF7EBFE05444F
:10D710004544002F49D1049B002B4FD1F30700F162
:10D72000C48031462046FFF7FFFEB5E08046B8E7EB
:10D730006E4B18680028BFD06D4B4FF47A791B6888
:10D740004FF46161B5FBF3F5B5FBF0F300FB135546
:10D7500009FB05F5B3FBF1F2B5FBF0FE4FF03C0C15
:10D7600001FB123100FB1E55B1FBFCF309FB05F573
:10D77000B5FBF0F50CFB131120460091CDE901E556
:10D780005C49FFF7AFFE97E706F00805AFE7BAF18F
:10D79000010F06D1002F65D1049B002B7CD0002502
:10D7A0000CE0002FF8D054485DE054483B46224638
:10D7B0005349FCF72DFC049B002B69D0DFF8448112
:10D7C000DFF84491049F3146102F204628BF1027D0
:10D7D0004FF0000AFFF7A8FE554546DC059B494679
:10D7E00020461A78FFF77EFE4FF0010A1AF0070F65
:10D7F00003D141462046FFF775FE57453CD9059BAE
:10D800004946204613F80A20FFF76CFE0AF1010A88
:10D81000BAF1100FEAD14FF0000A20463B49FFF75A
:10D8200061FE5246059B20469A5C394B995C11F08B
:10D83000970F08BF2E223749FFF754FE0AF1010A5D
:10D84000BAF1100F1DD01AF0070F03D14146204640
:10D85000FFF748FE57455246E4D841462046FFF7B9
:10D8600041FEEBE725485D46A0E741462046FFF72D
:10D8700039FE0AF1010AAFE720462749FFF732FED9
:10D88000C4E7059B3B440593049BDB1B049399D1A0
:10D89000BBF1000F7FF442AF0A4B1A68099B5A4054
:10D8A0004FF0000307D00DF0F7FD2046094A0A4962
:10D8B000FFF718FE35E720460BB0BDE8F04FFFF745
:10D8C00063BE00BF589A03201DEE010021EE010047
:10D8D00050E6010018EE01002EFA010064E6010096
:10D8E00046EE01004CEE010050EE0100B4DE0020D7
:10D8F000B0DE00202AEE010015D60000C5D50000DC
:10D90000B5D400005DEE010055EE01005FEE0100B0
:10D91000AC0A020071FB01005BEE01002DE9F04151
:10D92000204B88B01B6807934FF000030F884B68AB
:10D9300005460C4690468E68C7F382175BB11A4ABB
:10D940009B1A43F3CF01002926DB2078C0F3C200E5
:10D95000FFF770FB0346214651F8102B6088C2F395
:10D960004A22002A01EB020408BF00210022C0F372
:10D970000B10CDE90408CDE9021400923146284687
:10D980000197FFF767FE074B1A68079B5A404FF055
:10D99000000303D00DF080FD0023DCE708B0BDE8F4
:10D9A000F08100BF589A032018E501007FB5194B9C
:10D9B00005681B6803934FF0000342F20F738B421C
:10D9C00028BF0B4604460521134A01A8FCF72EFE8A
:10D9D000064663680B2228465B681049FFF74CFD3A
:10D9E0006368324628465B6801A9FFF745FD636816
:10D9F0001B225B6828460A49FFF73EFD054B1A6863
:10DA0000039B5A404FF0000301D00DF045FD04B0D8
:10DA100070BD00BF589A03205BFB01007DEE010042
:10DA200061EE010007B5104B00211B6801934FF018
:10DA3000000301230D4A90420ED80D4A01B901237B
:10DA400013600C4B1860084B1A68019B5A404FF04A
:10DA5000000305D00DF020FD012140085B00EAE73E
:10DA600003B05DF804FB00BF589A032040420F004A
:10DA7000B0DE0020B4DE002007B50B4B1B6801931D
:10DA80004FF0000343681B685B689961064B1A6896
:10DA9000019B5A404FF0000301D00DF0FDFC002027
:10DAA00003B05DF804FB00BF589A032007B50B4B89
:10DAB0001B6801934FF0000343681B681A685268A3
:10DAC0005360064B1A68019B5A404FF0000301D087
:10DAD0000DF0E2FC03B05DF804FB00BF589A032090
:10DAE00007B50C4B01211B6801934FF000034368FD
:10DAF0001B685A681177074A1168019A51404FF024
:10DB0000000201D00DF0C8FC186803B05DF804EB0A
:10DB1000FFF73ABD589A032007B50B4B1B680193DA
:10DB20004FF00003084B1A68019B5A404FF0000366
:10DB300001D00DF0B1FC43681B68186803B05DF8B4
:10DB400004EBFFF733BF00BF589A032037B50E4BE5
:10DB50000C461B6801934FF0000343681D686B6817
:10DB60009869FEF729FF084A03461168019A514057
:10DB70004FF0000201D00DF08FFC0F2221462868E3
:10DB800003B0BDE830401847589A0320F7B50F4B53
:10DB90000D461B6801934FF0000304460C4F4618D6
:10DBA000B44208D1094B1A68019B5A404FF0000358
:10DBB00008D00DF071FC14F8011BBB6804485B68C9
:10DBC0009847EDE7284603B0F0BD00BF589A032000
:10DBD000D8E2010007B50A4B1B6801934FF0000320
:10DBE000084B0360064B1A68019B5A404FF0000334
:10DBF00001D00DF051FC002003B05DF804FB00BF24
:10DC0000589A0320ACE601002DE9F04782B0294B79
:10DC100000AF80461B687B604FF000030C46002974
:10DC200036D0D1E90012E9468AB06D46A3684FF0BC
:10DC3000050A2E462048C5E90723C5E9050146F82F
:10DC400010AF002332464FF421511C48FFF7DCFA95
:10DC5000D4E90312CD466369AD461948C5E90723E7
:10DC6000C5E90501C5F810A0002332464FF4215143
:10DC70001248FFF7C9FACD46E3690121114A0F485E
:10DC8000FFF76EFBA36901210F4A0C48FFF768FB01
:10DC9000214640460BF08EFA064B1A687B685A40C4
:10DCA0004FF0000301D00DF0F7FB0837BD46BDE88B
:10DCB000F08700BF589A0320C3EE010098E50100E9
:10DCC000F2EE010021EF010030EF010007B50A4B31
:10DCD00001461B6801934FF00003074B1A68019B34
:10DCE0005A404FF0000301D00DF0D6FB006803B09E
:10DCF0005DF804EBFFF788BF589A032007B50A4B7D
:10DD00001B6801934FF0000300F010F8064B1A68EF
:10DD1000019B5A404FF0000301D00DF0BDFB03B052
:10DD20005DF804EB00F006B8589A032030BFFFF707
:10DD3000FDBF00BF074B99685869884203D0064968
:10DD40004FF080520A6001B50BF014FEBDE80140AF
:10DD50007047000050E7002004ED00E007B50A4BD3
:10DD60000A461B6801934FF00003074B1968019B9B
:10DD700059404FF0000301D00DF08EFB012103B09C
:10DD80005DF804EBFFF7D4BA589A032073B5314B12
:10DD9000314C06460D46314831491B6801934FF01E
:10DDA0000003FFF7DBFFA36ADB064FD52B482D49A5
:10DDB000FFF7D4FF1120A36A1C0704D527482A497E
:10DDC000FFF7CCFF1220244CA36A990712D52749EC
:10DDD0002248FFF7C3FF636BA26A120609D501212F
:10DDE000234A1E48FFF7BCFA1EB1A36A23F0800342
:10DDF000A3621320184CA36ADE0704D517481D49F7
:10DE0000FFF7ACFF1420A36A9C0604D513481A49F7
:10DE1000FFF7A4FF1520104B9A6AD10658BF9A6AE3
:10DE20009A6A920642BF5A6A22F400525A629A6A69
:10DE300042F0FF029A6200232B70064B1A68019B86
:10DE40005A404FF0000303D00DF026FB1020B2E73C
:10DE500002B070BD589A032000ED00E098E5010083
:10DE60005EEF010074EF0100A7EF0100BAEF0100BF
:10DE7000D2EF0100E8EF010007F0010013B52C4BD1
:10DE80002C4C2D492D481B6801934FF00003FFF7E0
:10DE900065FFA36A990146D528482949FFF75EFF27
:10DEA0001E20A36ADA0104D524482649FFF756FF4D
:10DEB0001F20204CA36ADB0204D520482249FFF72B
:10DEC0004DFF0220A36A1C0304D51C481F49FFF71D
:10DED00045FF2120174CA36A590304D517481C4954
:10DEE000FFF73CFF2220A36A9A0304D5134819497F
:10DEF000FFF734FF23200F4CA36ADB0304D50F4840
:10DF00001549FFF72BFF2420A36A6FEA03436FEA4A
:10DF10001343A362064B1A68019B5A404FF000035B
:10DF200003D00DF0B9FA1D20BBE702B010BD00BF51
:10DF3000589A032000ED00E036F0010098E501005A
:10DF40004EF0010061F001007BF00100A5F001003E
:10DF5000C3F00100E8F0010002F1010073B5304B9D
:10DF6000304C06460D46304830491B6801934FF04F
:10DF70000003FFF7F3FEA36AD90444D52A482C49CD
:10DF8000FFF7ECFE1720A36A1A0504D52648294995
:10DF9000FFF7E4FE1820234CA36A9B0512D5224804
:10DFA0002549FFF7DBFEA36BA26A100409D5012106
:10DFB000224A1D48FFF7D4F91EB1A36A23F4004397
:10DFC000A3621920174CA36A590504D516481C49A9
:10DFD000FFF7C4FE1A20A36ADA0516D512481949BC
:10DFE000FFF7BCFE1B200F4A936A43F47F43936202
:10DFF00000232B700A4B1A68019B5A404FF0000314
:10E000000CD00DF049FA1620BDE7A36A9B04EAD5AF
:10E0100005480D49FFF7A2FE1C20E4E702B070BDE1
:10E02000589A032000ED00E098E501002DF1010071
:10E0300043F10100A7EF010054F101006DF101006F
:10E0400082F101009DF1010007F001002DE9F04788
:10E050008AB06F4B00AF1B687B624FF000036D4BC3
:10E060000446D3F804A0894616460025CAF30808DA
:10E0700085F31188BFF36F8F02F07F43B3F17F4FB9
:10E080001ED1D3071CD4500603D4110708D4012590
:10E0900008E061496148FFF761FE16F0040600D010
:10E0A0004C4600250023FB70A8F10303092B00F266
:10E0B0008980DFE803F0077F827C878787878785F1
:10E0C0002C46EFE756495548FFF748FE0023514ECE
:10E0D000FB70F36A9A0705D552495048FFF73EFE98
:10E0E000002329E0F36A002B01DA4F49F5E7F36AD0
:10E0F0005B00F5D54D494948FFF730FE7369A269C9
:10E1000043F480737361BFF34F8FBFF36F8F7369F5
:10E1100032F8022C23F480737361BFF34F8FBFF387
:10E120006F8F4DF602739A422BD123680121404A2A
:10E130003A48FFF715F92368FA78CAB93E1D04F189
:10E14000200C324620686168083403C264451646D4
:10E15000F7D13A6A002D52D0C2F3080121B96FEA13
:10E1600052226FEA42223A621846391DFFF74CFDEF
:10E17000274B1A687B6A5A404FF0000344D00DF0D9
:10E180008BF9B36ADBB22BB10120F91CFFF7FEFD5E
:10E190000346D1E7B36A13F47F4F04D00120F91C82
:10E1A000FFF7DCFEF4E7B36AB3F5803F98D3FFF7DF
:10E1B00065FEEDE70020F91CE8E70020F91CEFE719
:10E1C0001C498AE71C4A6E461AF4F87F8AB01B4B3A
:10E1D00018BF13466A461A49C2E90513A8F110038D
:10E1E000D3614FF400731384164B42F8103F0023A1
:10E1F0004FF411510948FFF707F8B54670E722F4CC
:10E20000FF7222F00102AEE72837BD46BDE8F08775
:10E21000589A032000ED00E0E3F1010098E50100C9
:10E2200006F201001DF201003EF201004CF2010075
:10E230006BF2010087F20100CAF10100B5F10100A3
:10E24000ABF201000400000107B50D4B1B68019300
:10E250004FF000030B4B5A6942F010025A615A69A1
:10E2600042F480625A61064B1A68019B5A404FF093
:10E27000000301D00DF010F903B05DF804FB00BFFE
:10E28000589A032000ED00E0EFF30880EFF30981D6
:10E2900001B57246FFF7DAFE01BD00BF07B5084BB6
:10E2A0001B6801934FF00003054B1A68019B5A400D
:10E2B0004FF0000301D00DF0EFF803B05DF804FB60
:10E2C000589A032007B5084B1B6801934FF00003D1
:10E2D000054B1A68019B5A404FF0000301D00DF026
:10E2E000DBF803B05DF804FB589A0320002080F3AC
:10E2F0001488BFF36F8F002080F30A8880F30B88A7
:10E3000000F052FF00200E490860BFF34F8F0D4808
:10E3100080F3088800F05AF8202080F311880A481A
:10E320004FF40061401880F30988EFF31480022154
:10E33000084380F31488BFF36F8F00F0C3F9000027
:10E3400094ED00E0581A032018010320094B82B015
:10E350001B6801934FF00003BFF34F8F0649074B33
:10E36000CA6802F4E0621343CB60BFF34F8F00BF73
:10E37000FDE700BF589A032000ED00E00400FA0515
:10E3800007B5104B10491B6801934FF000030023A1
:10E390001846D1F89020C2F30722934208DB094BBC
:10E3A0001A68019B5A404FF0000307D00DF074F833
:10E3B000C1F89830C1F8A0000133EEE703B05DF872
:10E3C00004FB00BF589A032000ED00E013B5184B82
:10E3D0001B6801934FF0000372B6002484F3138886
:10E3E000FFF7CEFF23464FF0FF30124A03F1200122
:10E3F0000133102B42F82100F8D100234FF0FF30F9
:10E400000C4A03F160010133102B42F82100F8D1CE
:10E4100062B6BFF34F8FBFF36F8F054B1A68019B36
:10E420005A404FF0000301D00DF036F802B010BD95
:10E43000589A032000E100E007B5114B1B680193D7
:10E440004FF000030F4B9B6883420BD1EFF3058322
:10E4500043B10D4B5A6842F080525A605A6A22F416
:10E4600000425A62064B1A68019B5A404FF0000363
:10E4700001D00DF011F803B05DF804EB0CF032BFE1
:10E48000589A032050E7002000ED00E007B5134B39
:10E490006FF00A011B6801934FF00003104A936864
:10E4A000C3F89C100F49C3F898004B6843F08053A1
:10E4B0004B60002383F31188BFF36F8F9368D3F809
:10E4C0009C00064B1A68019B5A404FF0000301D094
:10E4D0000CF0E2FF03B05DF804FB00BF589A032084
:10E4E00050E7002000ED00E016498A6882F8A1E0BC
:10E4F0004FF030001044EFF3098C80E8F01F20202B
:10E5000080F31288BFF36F8F0F4F4FF000664A6998
:10E510008A603E6092F9A1E0D2F898000023C2F828
:10E52000983080F3118802F1300090E8F01F8CF3EE
:10E53000098802F1000004B500F014F9BDE80440B8
:10E540007047000050E7002004ED00E01EF0040FCB
:10E550000CBFEFF30880EFF30980816911F8021C0A
:10E560000229FFD001B5FFF7B1FB01BD07B50E4B86
:10E5700040B200281B6801934FF0000307DB012322
:10E5800041090A4A00F01F00834042F82130064B3F
:10E590001A68019B5A404FF0000301D00CF07CFF39
:10E5A00003B05DF804FB00BF589A032000E100E0CF
:10E5B00007B5104B40B200281B6801934FF00003D1
:10E5C0000CDB01220C49430900F01F00824020337C
:10E5D00041F82320BFF34F8FBFF36F8F054B1A68AD
:10E5E000019B5A404FF0000301D00CF055FF03B0DF
:10E5F0005DF804FB589A032000E100E007B50D4BDD
:10E6000042091B6801934FF000030B4B00F01F0001
:10E6100053F82220012303FA00F0064B10401A6839
:10E62000019B5A404FF0000301D00CF035FF03B0BE
:10E630005DF804FB589A032000E100E007B5134B96
:10E6400040B21B6801934FF00003002801F1010163
:10E65000B8BF0F4B4FEA4111A8BF00F16040C9B2EB
:10E66000B6BF00F00F0000F561401954074BA8BF7A
:10E6700080F800131A68019B5A404FF0000301D044
:10E680000CF00AFF03B05DF804FB00BF589A0320AA
:10E6900014ED00E007B50A4B1B6801934FF000032F
:10E6A000074B1A68019B5A404FF0000301D00CF051
:10E6B000F3FE0021012003B05DF804EBFFF7A4BADC
:10E6C000589A032007B50E4B0E4A1B6801934FF072
:10E6D00000030D4B22F07F029A60BFF34F8FBFF310
:10E6E0006F8FD3F8882022F47002C3F888200AF0D4
:10E6F00077FE0CF0A5FE00F08BF80AF03BFF00BFA0
:10E70000589A03200080000000ED00E013B5134983
:10E71000203A096801914FF000011360049B1049F1
:10E720005360059B21F001019360069B9161D360CA
:10E730004FF08073D3610023C0F898304FF43C430E
:10E74000C0F8A030054B02651A68019B5A404FF093
:10E75000000301D00CF0A0FE02B010BD589A0320B7
:10E7600069A6000007B50A4B1B6801934FF0000330
:10E77000D0F8883083F30B88054B1A68019B5A4008
:10E780004FF0000301D00CF087FE03B05DF804FBEE
:10E79000589A03200C4B82B01B6801934FF0000382
:10E7A0000A4B9860D0F8883083F30B88104681F3C9
:10E7B0000988002163B681F31188BFF36F8F0022AF
:10E7C0000023FBF751FF00BF589A032050E70020B9
:10E7D000014910220A60704710ED00E072B6404017
:10E7E00080F31188BFF36F8FBFF34F8F30BF62B6D6
:10E7F000BFF36F8F704700BF72B6494081F3118835
:10E80000BFF34F8F20BF80F3118862B6704700BFFF
:10E8100007B50D4B20211B6801934FF00003002327
:10E820000A48C2180133412B82F80013F9D1064B74
:10E830001A68019B5A404FF0000301D00CF02CFEE7
:10E8400003B05DF804FB00BF589A032000E100E02C
:10E8500001B5EFF30580A0F110004FEAC0000449B4
:10E86000014409C99847BDE8014002490847000032
:10E8700000E3010035DD000007B50C4B1B68019378
:10E880004FF0000340E800F313F4803FD8B2074B89
:10E8900008BF6FF015001A68019B5A404FF0000343
:10E8A00001D00CF0F9FD03B05DF804FB589A032089
:10E8B0001FB5104B104C114A1B6803934FF0000317
:10E8C000012123460E4800F097F9002302930D4BD7
:10E8D0000121E41A68460093019400F0A7F9054B62
:10E8E0001A68039B5A404FF0000301D00CF0D4FD8E
:10E8F00004B010BD589A03200000042080C50020F9
:10E90000ACE60100C0CC002013B5134B0C7A1B6899
:10E9100001934FF000030B6804F01F0223F01F0364
:10E920001A43CB68640923F01F030C4943EA4403EC
:10E9300043F00103C1F89800C1F89C20C1F8A03051
:10E94000054B1A68019B5A404FF0000301D00CF0B0
:10E95000A3FD02B010BD00BF589A032000ED00E0F7
:10E9600013B50F4B0F2804461B6801934FF00003AB
:10E9700010D9012103460B4A0B48FEF7F1FC6FF05A
:10E980001500074B1A68019B5A404FF0000305D051
:10E990000CF082FDFFF7B8FF2046F2E702B010BD91
:10E9A000589A0320C2F2010078E5010030B5134BFC
:10E9B00087B01B6805934FF000030C684B680A8909
:10E9C0004D890194013B24F01F0402F01F022344EF
:10E9D00042EA451223F01F0301A98DF80C2004938D
:10E9E000FFF7BEFF054B1A68059B5A404FF0000326
:10E9F00001D00CF051FD07B030BD00BF589A032084
:10EA00002DE9F04F5A4B87B089461B6805934FF0AC
:10EA10000003144606464FF00008564DC84527DA55
:10EA2000D6F804A0BAF1000F49D0BAF11F0F17D9D8
:10EA30001AF01F0F14D1D6F800B01BF01F0F0FD122
:10EA40005846FFF719FF07460AEB0B000138FFF79E
:10EA500013FF874215D06FF01507474A3B4601E088
:10EA60004346464A01214648FEF77AFC6FF01504FA
:10EA70003F4B1A68059B5A404FF0000373D00CF0CF
:10EA80000BFD17F1160FE8D0BC42E6DDC5F8987013
:10EA9000D5F89C10C5F89870D5F8A03021F01F016A
:10EAA00043F01F0BD6E900321A44994202F1FF3AB3
:10EAB0001DD1D34507D13146F8B2FFF777FF08F1F2
:10EAC00001080C36AAE73146C5F89870D5F89C3095
:10EAD00022F01F0203F01F031343C5F89C30E0B27D
:10EAE000FFF764FF10F1160FC0D0441CE7E7C5F82C
:10EAF0009870D5F8A020013B23F01F0302F01F02FD
:10EB00001343D3453146E0B2C5F8A030E8D0FFF753
:10EB10004DFF10F1160FA9D0C5F89870D5F89C20BC
:10EB20009DF80C300BF1FF3B62F304038DF80C30C1
:10EB3000D5F8A0309DF80C205B0863F347128DF8E0
:10EB40000C20D6E900321344019323F01F035B44E9
:10EB5000A3EB0A03013023F01F0301A9C0B2049301
:10EB6000FFF7FEFEBEE7204607B0BDE8F08F00BF0E
:10EB7000589A032000ED00E00BF30100E8F20100D9
:10EB800078E5010007B505220B4B1B6801934FF098
:10EB900000030A4BC3F89420BFF34F8FBFF36F8F6E
:10EBA000054B1A68019B5A404FF0000301D00CF04E
:10EBB00073FC03B05DF804FB589A032000ED00E0FD
:10EBC00007B50B4B1B6801934FF00003BFF35F8F3A
:10EBD0000022084BC3F89420054B1A68019B5A4049
:10EBE0004FF0000301D00CF057FC03B05DF804FBBC
:10EBF000589A032000ED00E013B50A4C0A4B227826
:10EC00001B6801934FF00003FFF7FAFE064B2070DC
:10EC10001A68019B5A404FF0000301D00CF03CFCF5
:10EC200002B010BDD6FB0220589A03202DE9F04F08
:10EC3000304B314D85B08A461B6803934FF000037B
:10EC400006464FF00008AB462C4FD0451BDAD6F8ED
:10EC50000490B9F1000F45D0316808460191FFF7E3
:10EC60000BFE0199044609EB01000138FFF704FE91
:10EC700084424FF01402224B0ED002FB08F36FF0D7
:10EC800015024BF803201B4B1A68039B5A404FF0A8
:10EC900000032CD00CF000FC14F1160F2C60F2D005
:10ECA0001978A142EFDD02FB08B0C7F89840C7F819
:10ECB0009840D7F89C4000F10801007B64F3040001
:10ECC0000871D7F8A0000C79400860F347140C7164
:10ECD000D7F89C1021F01F016960D7F8A01021F02F
:10ECE0001F01296108F1010814350C36ADE705B0A4
:10ECF000BDE8F08F589A0320E4DE002000ED00E02C
:10ED0000D6FB0220F0B5424D424B2E6887B0102E44
:10ED10001B6805934FF0000374D80024FFF750FFE1
:10ED20003D4B3E4AC3F8C020A6420DD13C4D68463B
:10ED30002E70FEF74FFF002406463A4FA6420BD135
:10ED4000FFF720FF002054E06968204601EB041122
:10ED5000FFF7DAFD0134E7E70099200101EB041326
:10ED6000DA683A40B2F5001F22D0B2F5800F2CD0FD
:10ED7000B2F5801F36D15A689B680958013B22F0D2
:10ED80001F0003440120844623F01F0340EA4C1077
:10ED9000CDE901218DF80C0001A928780493FFF733
:10EDA000DFFD002823DB2B78013401332B70C5E70E
:10EDB0005A689B680958013B22F01F0003444FF03A
:10EDC000020C012023F01F03E0E75A689B680958F2
:10EDD000013B22F01F0003444FF0000C062023F0FB
:10EDE0001F03D3E70121104A1048FEF7A1FA6FF084
:10EDF0001500084B1A68059B5A404FF0000304D0D9
:10EE00000CF04AFB4FF0FF30F3E707B0F0BD00BF56
:10EE1000B8E60100589A032000ED00E0AAFF440084
:10EE2000D6FB02200000F0FF2EF3010078E5010080
:10EE300007B5094B1B6801934FF00003064B1A6896
:10EE4000019B5A404FF0000301D00CF025FB00203D
:10EE500003B05DF804FB00BF589A032007B5094BC7
:10EE60001B6801934FF00003064B1A68019B5A4040
:10EE70004FF0000301D00CF00FFB4FF0FF3003B058
:10EE80005DF804FB589A032007B5094B1B680193F2
:10EE90004FF00003074B1860054B1A68019B5A405E
:10EEA0004FF0000301D00CF0F7FA03B05DF804FB5B
:10EEB000589A0320C0C80020F7B5124B0D461B68B6
:10EEC00001934FF00003104F461EC0F10104A31937
:10EED0009D4208DC0B4B1A68019B5A404FF000031F
:10EEE0000CD00CF0D9FA73780A2B02D10D203B68B4
:10EEF00098473B6816F8010F9847E8E7284603B0A3
:10EF0000F0BD00BF589A0320C0C8002013B50F4BB6
:10EF10000F4C1B6801934FF000032368C2180D4883
:10EF2000C0F1005101F580218A4238BFC018074B5B
:10EF300034BF22604FF0FF301A68019B5A404FF0F7
:10EF4000000301D00CF0A8FA02B010BD589A0320BB
:10EF5000F8DE00205C9A032007B50B4B1B68019379
:10EF60004FF00003084B1A68019B5A404FF0000312
:10EF700001D00CF091FA4FF0FF324FF0FF3303B0A5
:10EF80005DF804EB0AF0A8BE589A032007B5094BB8
:10EF90001B6801934FF00003064B1A68019B5A400F
:10EFA0004FF0000301D00CF077FA03B05DF804EBEA
:10EFB0000AF042BE589A032007B5094B1B6801931B
:10EFC0004FF00003064B1A68019B5A404FF00003B4
:10EFD00001D00CF061FA03B05DF804EB0AF0D0B890
:10EFE000589A032007B5084B1D22084902201B68C8
:10EFF00001934FF00003FCF7D7F8404080F31188ED
:10F000004FF0030002DF00BF589A03205FF30100B6
:10F0100037B50F4B00251B6801934FF000030D4CD3
:10F0200020460AF0E3FE04F1140001350CF0F0F97B
:10F03000052D04F12404F3D1054B1A68019B5A40B5
:10F040004FF0000301D00CF027FA002003B030BDD0
:10F05000589A0320FCDE002037B50D4B00241B68B6
:10F0600001934FF000030B4D284601340CF0D0F90A
:10F07000052C05F10805F7D1054B1A68019B5A408C
:10F080004FF0000301D00CF007FA002003B030BDB0
:10F09000589A0320B0DF002037B50D4B00241B68C1
:10F0A00001934FF000030B4D284601340AF09EFEF9
:10F0B000052C05F11405F7D1054B1A68019B5A4040
:10F0C0004FF0000301D00CF0E7F9002003B030BD91
:10F0D000589A0320D8DF002013B505200E4B0F4AA5
:10F0E0001B6801934FF000030D4B546803F1A80116
:10F0F0000138C3E92A24216003F1C8035160F4D127
:10F10000054B1A68019B5A404FF0000301D00CF0E8
:10F11000C3F902B010BD00BF589A0320C4C8002034
:10F12000C8D1002007B50B4B01221B6801934FF09B
:10F130000003094BC3F84025064B1A68019B5A404F
:10F140004FF0000301D00CF0A7F9002003B05DF8E8
:10F1500004FB00BF589A03200090034007B5104BF2
:10F160001B6801934FF000030D4B78B11A68019BA7
:10F170005A404FF0000301D00CF08EF9094B80018A
:10F1800043F0010303B05DF804EB18471A68019BD4
:10F190005A404FF00003EFD103B05DF804FB00BF0D
:10F1A000589A032000E6010006F0D4BE2DE9F34191
:10F1B0001C4B05460E4617461B6801934FF0000393
:10F1C000194CDFF8688044450FD3FFF7F5FE6A233A
:10F1D0000360144B1A68019B5A404FF0000315D18D
:10F1E0004FF0FF3002B0BDE8F0812368AB4200D0A1
:10F1F000B3B93A4631462846A368984780B1094BCF
:10F200001A68019B5A404FF0000301D00CF044F9FA
:10F210003A4631462846E36802B0BDE8F041184757
:10F220001034D0E7589A032008E5010018E50100E2
:10F2300007B5094B1B6801934FF00003074B18609B
:10F24000054B1A68019B5A404FF0000301D00CF0A7
:10F2500023F903B05DF804FB589A03203CE000203A
:10F2600013B5114B1B6801934FF0000303681B6833
:10F270009B6873B15B6863B10B4A1468019A544090
:10F280004FF0000201D00CF007F902B0BDE81040C9
:10F290001847054B1A68019B5A404FF00003F2D102
:10F2A000002002B010BD00BF589A032007B50B4BD9
:10F2B0001B6801934FF0000300F0D2F900F03CFA14
:10F2C000064B1A68019B5A404FF0000301D00CF026
:10F2D000E3F8002003B05DF804FB00BF589A032058
:10F2E00007B50A4B1B6801934FF0000310B100688B
:10F2F00000B14068054B1A68019B5A404FF000036B
:10F3000001D00CF0C9F803B05DF804FB589A032053
:10F3100007B50F4B4A091B6801934FF00003012307
:10F3200001F01F018B4000EB8200D0E8EF2F1A4361
:10F33000C0E8E12F0029F8D1054B1A68019B5A401B
:10F340004FF0000301D00CF0A7F803B05DF804FB08
:10F35000589A032007B5104B4A091B6801934FF0D8
:10F360000003012301F01F018B40DB4300EB82000F
:10F37000D0E8EF2F1A40C0E8E12F0029F8D1064B62
:10F380001A68019B5A404FF0000301D00CF084F83A
:10F3900003B05DF804FB00BF589A032013B5094978
:10F3A000096801914FF0000106490C6801994C4031
:10F3B0004FF0000101D00CF06FF802B0BDE8104032
:10F3C0000AF08ABC589A032007B50C4B1B680193BE
:10F3D0004FF00003094B1A68019B5A404FF000039D
:10F3E00001D00CF059F84FF0FF324FF0FF331030DE
:10F3F00003B05DF804EBFFF7D1BF00BF589A0320BC
:10F4000007B50C4B1B6801934FF0000330B1036844
:10F410000C33D3E8AF0F084100F00100054B1A6828
:10F42000019B5A404FF0000301D00CF035F803B0B7
:10F430005DF804FB589A032013B5114B04461B6872
:10F4400001934FF00003FFF74BFF78B1C3686BB136
:10F450000B4A1168019A51404FF0000201D00CF0A4
:10F460001BF8204602B0BDE810401847044B1A684C
:10F47000019B5A404FF00003F1D102B010BD00BF14
:10F48000589A032007B5094B1B6801934FF00003FE
:10F49000064B1A68019B5A404FF0000301D00BF055
:10F4A000FBFF03B05DF804EB0AF0C6BB589A0320DB
:10F4B00037B52A4B00211B6801934FF00003036806
:10F4C000044693F82050FFF79BFF78B90222236887
:10F4D00083F82020206890F82030934235D1062D03
:10F4E00033D108210C30FFF735FF1CE009212046FD
:10F4F000FFF786FF0028E9D00A212046FFF780FFAA
:10F500002268C0F10603DBB282F82030206890F850
:10F5100020209A4219D1062AE1D1062D15D00821C2
:10F520000C30FFF7F5FE2368DB6973B90B4B1A68E3
:10F53000019B5A404FF0000301D00BF0ADFF204675
:10F5400003B0BDE83040FFF777BF044B1A68019B5A
:10F550005A404FF00003F0D103B030BD589A032059
:10F5600037B50546194B1B6801934FF00003FFF7B1
:10F570002BFF00212846FFF743FF00BB2846FFF77B
:10F58000AFFE044630B1846824B101212846A0476B
:10F59000041E07DB286800210C30FFF7B9FE28465F
:10F5A000FFF786FF05F11000FFF76CFF074B1A68A5
:10F5B000019B5A404FF0000304D00BF06DFF6FF039
:10F5C0007704EFE7204603B030BD00BF589A032010
:10F5D00007B50E4B1B6801934FF000030368D86911
:10F5E00038B11B689B68986818B18047C31E5842A1
:10F5F0005841064B1A68019B5A404FF0000301D056
:10F600000BF04AFF03B05DF804FB00BF589A0320DB
:10F6100037B5124B0C461B6801934FF000030546AB
:10F62000A0B199B10846F9F7F7FD082811D8421C96
:10F630002146281D0EF0F7FB0020084B1A68019B9D
:10F640005A404FF0000307D00BF026FF6FF0150073
:10F65000F3E76FF05A00F0E703B030BD589A03208B
:10F660002DE9FF412C4B4FF0FF321B6803934FF005
:10F6700000032A484FF0FF33FFF790FE284C294F34
:10F68000294EDFF8A880BC4208D3234B1A68039B9D
:10F690005A404FF0000338D00BF0FEFE23681B6881
:10F6A0009D6865B12B6853B104F110000AF09EFB10
:10F6B00004F124000AF09AFB20462B6898470023A7
:10F6C0002046C4E901332373CDE900338DF80830B7
:10F6D000FFF77EFF38B1336808215A1C3260684654
:10F6E0004246FAF7A3FF9DF8003043B9104A684636
:10F6F0001368591C116008210E4AFAF797FF20463B
:10F700006946FFF785FF3834BDE7044804B0BDE81B
:10F71000F041FFF7B7BE00BF589A0320B4CB0020DA
:10F7200050CC002088CC002044E00020BBF3010036
:10F7300040E00020C2F3010037B50F4B0F4C1B68AF
:10F7400001934FF000030E4DAC4208D30A4B1A68E8
:10F75000019B5A404FF000030BD00BF09DFE03219C
:10F760002046FFF74DFE10B92046FFF7F9FE38346A
:10F77000EAE703B030BD00BF589A032050CC002008
:10F7800088CC002007B501220D4B1B6801934FF078
:10F7900000030C4BC3F8002590F8861049B1DA60DD
:10F7A000074B1A68019B5A404FF0000304D00BF03E
:10F7B00073FE1A605A60F3E703B05DF804FB00BF04
:10F7C000589A032000E0004013B5144A034612681B
:10F7D00001924FF000020838D0E8EF2F511CC0E82A
:10F7E000E41F002CF8D16AB90C4B1A68019B5A40EF
:10F7F0004FF0000301D00BF04FFE02B0BDE8104007
:10F80000FFF7C0BF6FF00F029A66044B1A68019BA6
:10F810005A404FF00003EED102B010BD589A0320B9
:10F8200073B508793F4B00F01F04072C1B68019348
:10F830004FF000031DD80B780B2B15D8DFE803F031
:10F8400007070707140614140E10141204234A782D
:10F85000032A19D0042A29D0334A06E00523F6E703
:10F860000623F4E70723F2E7304A01213048FDF789
:10F870005FFD6FF015002B4B1A68019B5A404FF04B
:10F8800000034DD00BF008FE012544F20A064A8819
:10F89000B2423FD00CD844F20306B24216D044F232
:10F8A0000506B24234D0AAB3224ADEE70025ECE7CF
:10F8B00044F21406B2422FD044F22806B2422DD0B0
:10F8C00044F20F06B242EFD1032200E00022C0F35F
:10F8D00040101B0243EA0053002043EA053343EA89
:10F8E0000243220102F1804202F56042C2F818355B
:10F8F00023018A7903F1804303F56043C3F814259B
:10F90000C3F810050C4B4A79234483F8A020B2E7D2
:10F910000122DCE70222DAE70422D8E70522D6E753
:10F9200002B070BD589A0320E7F30100C8F301004C
:10F9300020E501000BF4010080C50020F0B56B4B01
:10F9400085B00D461B6803934FF000034FF0FF3363
:10F950004FF0FF3266480AF0B3FB6E68731EFE2B51
:10F9600005D9644A01216448FDF7E2FC12E0002356
:10F970001A466248624F26FA03F111F001013BD0AA
:10F9800017F803C0BCF1000F13D15E4A01215A4899
:10F99000FDF7E6FC6FF0150455480AF059FB534B90
:10F9A0001A68039B5A404FF0000300F09C800BF054
:10F9B00073FD6C7C00EB031E003C18BF0124DEF8D5
:10F9C0001815013221F0807141EA0461CEF8181552
:10F9D00003F15101090140F801C0D2B20133082BF3
:10F9E000C9D12B7CA3F10801062916D8DFE801F064
:10F9F000171519150915130003F1510424010151BC
:10FA0000ECE702233D49012AC1F8F0356B7C0AD9A5
:10FA10005BB13D4AA6E70323F4E73C4AB6E700237F
:10FA2000F0E70123EEE7082B10D8C1F8F4352B6876
:10FA300051006BB9EB688B420ED2354A00912E48CB
:10FA40000121FDF7A7FC6FF00B04A5E7314A9DE704
:10FA50009B8903FB0111EDE72F46A968274B2E4C2C
:10FA6000C3F82C1604F17406C3F830260FCF0FC666
:10FA70003B6827463360002626672B687BB30FCB95
:10FA800004F1880585E80F006567A4F8986030B335
:10FA9000D7E8EF3FC7E8E26F002AF9D11F494FF4DA
:10FAA00000400F463146D4F888500023E5FB007132
:10FAB0001B4A3846F9F7A0F90022CDE900010023DE
:10FAC00004F108000CF00EF84FF0FF324FF0FF3356
:10FAD00014480AF0F5FA00B12067246F5CE70E487D
:10FAE000FFF750FEF0E7204605B0F0BD589A03201E
:10FAF000C0C5002036F4010020E5010000E0004010
:10FB000020C6002054F4010093F401006EF40100BB
:10FB1000E8F40100C5F4010080C500203F420F0059
:10FB200040420F00D8C5002013B5164B00241B68B7
:10FB300001934FF00003144B0E20C3F80441D3F897
:10FB40000421C3F81041D3F810211222C3F8042372
:10FB5000FEF70CFD224601210E20FEF76FFD0B483B
:10FB6000836C13B940300AF073FA064B1A68019B94
:10FB70005A404FF0000301D00BF08EFC002002B081
:10FB800010BD00BF589A032000E0004080C500204F
:10FB900037B53D4B1B6801934FF000033B4BD3F847
:10FBA0000421002A63D00022C3F80421D3F80411F1
:10FBB0000121374C9960C3F80025636F2546002B5F
:10FBC00048D0D4F88C30B4F8982033B104F17401E3
:10FBD0009847012814D0022836D0B4F89830B4F8E9
:10FBE00094209A4230D90133A4F89830274BD3F8A7
:10FBF0002C26D3F8341689B202EB4102C3F82C2626
:10FC0000D4F8883073B9204B1A68019B5A404FF0E2
:10FC1000000301D00BF040FC1D4803B0BDE83040AC
:10FC2000FFF7B0BDD5E8EF3F5A1EC5E8E12F002928
:10FC3000F8D1012BE7DC144B1A68019B5A404FF0B6
:10FC40000003E7D103B030BDD4F8883013B11148B8
:10FC50000BF094FF0C4B1A68019B5A404FF00003C5
:10FC6000D8D10D4803B0BDE830400AF0F1B9D3F85F
:10FC700010110029DFD0C3F81021D3F81021012280
:10FC80009A601A605A60D6E7589A032000E0004054
:10FC900080C5002088C50020D8C5002007B50C22EB
:10FCA0000B4BC9B21B6801934FF00003036901FBC2
:10FCB0000233186C064B00F007001A68019B5A408B
:10FCC0004FF0000301D00BF0E7FB03B05DF804FB3D
:10FCD000589A032007B5114B1B6801934FF000039E
:10FCE0004FF02003EFF3118283F31288BFF36F8F7D
:10FCF000036803F0C00343F00203036082F311883A
:10FD0000BFF36F8F054B1A68019B5A404FF00003F9
:10FD100001D00BF0C1FB03B05DF804FB589A03203F
:10FD200073B51B4BC9B21B6801934FF00003036905
:10FD30004FF02004EFF3118584F31288BFF36F8F27
:10FD40000C2606FB0134246C14F0C00410D0A2422F
:10FD50000ED085F31188BFF36F8F4FF0FF300C4B3F
:10FD60001A68019B5A404FF000030FD00BF094FB30
:10FD7000012271430B441A6485F31188BFF36F8F1E
:10FD800043680B445B6898470020E8E702B070BD09
:10FD9000589A032007B50A4B1B6801934FF00003E4
:10FDA000074B1A68019B5A404FF0000301D00BF03B
:10FDB00073FB802203B05DF804EBFFF7B1BF00BF17
:10FDC000589A0320F7B51E4CDDF820C02468019432
:10FDD0004FF00004C9B204694FF02005EFF311861B
:10FDE00085F31288BFF36F8F0C2569430C44256C93
:10FDF00005F00707012F14D1C4F840C086F311881D
:10FE0000BFF36F8FC4E90E2343685B589847002007
:10FE10000B4B1A68019B5A404FF000030ED00BF0B9
:10FE20003BFB05F0C005AC4586F31188BFF36F8F2F
:10FE30000CBF6FF077004FF0FF30E9E703B0F0BD83
:10FE4000589A032030B50A4C85B0246803944FF0CB
:10FE5000000480240094FFF7B5FF054B1A68039B4C
:10FE60005A404FF0000301D00BF016FB05B030BD37
:10FE7000589A032037B5104B0D461B6801934FF07D
:10FE800000030E4B0E49C31A9B10594340220446EF
:10FE90000C48FFF745FF084B01461A68019B5A4082
:10FEA0004FF0000301D00BF0F7FA20462B4603B0C9
:10FEB000BDE83040184700BF589A03205CE000209E
:10FEC000B76DDBB69CE2010013B50C4B1B680193C8
:10FED0004FF00003094B1C68019B5C404FF000038E
:10FEE00001D00BF0D9FA1C24CBB20021006903FB2E
:10FEF000040002B0BDE81040104700BF589A03202C
:10FF00007FB5164B164C1B6803934FF0000340233C
:10FF1000041B00930D460B461249A410614306468C
:10FF2000114A1248FFF74EFF011E0C4B0DDA1A68FA
:10FF3000039B5A404FF0000301D00BF0ADFA30465E
:10FF40002B4604B0BDE8704018471A68039B5A401E
:10FF50004FF00003F1D104B070BD00BF589A0320E8
:10FF60005CE00020B76DDBB6C9FE00009CE201003A
:10FF700007B50A4B1B6801934FF00003074B1A6843
:10FF8000019B5A404FF0000301D00BF085FA00208E
:10FF900003B05DF804EB06F061B900BF589A032086
:10FFA00007B50A4B1B6801934FF00003074B1A6813
:10FFB000019B5A404FF0000301D00BF06DFA002076
:10FFC00003B05DF804EB06F0B5B900BF589A032002
:10FFD00007B50A4B10461B6801934FF00003074B0F
:10FFE0001A68019B5A404FF0000301D00BF054FAFD
:10FFF00003B05DF804EB0AF02BB800BF589A032059
:020000040001F9
:1000000073B51A4B00220121044605201B68019399
:100010004FF00003FEF712FB154806F0D5F8154B1C
:1000200098421DD106F0F4F8266913493046FBF7D3
:10003000BBFA00280BDB0125356424690E4904F165
:100040001C00FBF7B1FA002801DB0020E564074B38
:100050001A68019B5A404FF0000304D00BF01CFAC1
:100060006FF00400F3E702B070BD00BF589A0320A0
:10007000E50001000000AD0BECE6010073B5164B86
:1000800004461B6801934FF000030C2300226343D6
:100090001248C11840331844D1E90E568A63FFF75D
:1000A00019FE0D4B7DB11A68019B5A404FF00003B9
:1000B00001D00BF0F1F9324621462B46084802B038
:1000C000BDE8704018471A68019B5A404FF0000382
:1000D000EFD102B070BD00BF589A03205CE0002051
:1000E0009CE2010007B5124B1B6801934FF000031F
:1000F00058B101280DD00E4B1A68019B5A404FF0A1
:1001000000030DD103B05DF804FB0A4B1B6C5B07C9
:10011000F1D1074B1A68019B5A404FF0000301D000
:100120000BF0BAF903B05DF804EBFFF7A7BF00BF0F
:10013000589A03205CE0002013B5214B1B68019303
:100140004FF000034FF02003EFF3118483F3128884
:10015000BFF36F8F1B4A136843F002011160DA0787
:100160000CD484F31188BFF36F8F154B1A68019B71
:100170005A404FF000031CD00BF08EF9124BD3F80D
:100180000C24D3F80C34DB07EBD51048FFF7A2FDA5
:1001900084F31188BFF36F8F094B1A68019B5A4093
:1001A0004FF00003E8D1002002B0BDE81040FFF797
:1001B00065BF012002B0BDE8104006F04FB800BF97
:1001C000589A0320ACE00020005000409CE0002042
:1001D00000B5144B89B01B6807934FF0000301ABC7
:1001E0000022CDE901330123CDE9032305ABCDE99D
:1001F00005330D4A01ABFFF725FE002805DB4FF460
:100200008042002301A809F05BFF064B1A68079B98
:100210005A404FF0000301D00BF03EF909B05DF8F1
:1002200004FB00BF589A0320D1FF000013B5134B05
:100230001B6801934FF000034FF02003EFF311848C
:1002400083F31288BFF36F8F0D4A136823F0020106
:10025000DB07116002D4012006F06CF884F31188EA
:10026000BFF36F8F054B1A68019B5A404FF0000394
:1002700001D00BF011F902B010BD00BF589A032055
:10028000ACE000202DE9F3413D4B07461B6801938C
:100290004FF0000301223B49D1E8EF3FC1E8E02FD6
:1002A0000028F9D133B9384938484B60CB608A60AF
:1002B000FBF79EF97B1E012B28D8012F06D1344B6A
:1002C000D3F81C3403F00303022B1FD009F000FB0A
:1002D000054620BB2F4B1B780BB3022206462C4B46
:1002E000C3F808232A4CDFF8B080D4F81824D4F8D7
:1002F0001834D2031DD503F00303022B01D0012FC4
:1003000017D1ADB386F31188BFF36F8F1C4B1A68FA
:10031000019B5A404FF000032FD00BF0BDF84FF077
:100320002003EFF3118683F31288BFF36F8F01254B
:10033000D8E7C5B13046FEF75FFAD4F81835DBB21E
:10034000012BD2D1D4F80421002ACED00022C4F847
:100350000421D4F804210222C4F818252022C8F868
:100360008021A360C1E7002121200AF077FFE4E7A4
:100370000222074BC3F80423C8E702B0BDE8F081AE
:10038000589A032058E0002048E0002078E0002040
:100390000050004016FD022000E100E007B50F4BC1
:1003A0001B6801934FF000030D4808F0CBFE78B1B5
:1003B0000C48FEF769FD0B48FAF7FAF80020074BE6
:1003C0001A68019B5A404FF0000304D00BF064F808
:1003D0006FF01200F3E703B05DF804FB589A0320B6
:1003E000D8E20100E903010037B50F4B0A280446A3
:1003F0001B6801934FF000030C4D04D1AB680D2135
:1004000028465B689847AB6808485B68E1B2984744
:10041000054B1A68019B5A404FF0000301D00BF0C6
:100420003BF8204603B030BD589A0320D8E20100C3
:1004300007B50C4B084611461B6801934FF00003AB
:1004400005F024FD074B002818BF6FF004001A6860
:10045000019B5A404FF0000301D00BF01DF803B090
:100460005DF804FB589A032007B50B4B1B680193FA
:100470004FF0000305F0F4FC074B002818BF6FF0A5
:1004800004001A68019B5A404FF0000301D00BF0A2
:1004900003F803B05DF804FB589A032007B50B4B33
:1004A0001B6801934FF0000343685B681B690B6096
:1004B000064B1A68019B5A404FF0000301D00AF026
:1004C000EBFF002003B05DF804FB00BF589A032047
:1004D00013B50C4B1B6801934FF00003436802EA0D
:1004E00001005B6821EA02019860D960054B1A6837
:1004F000019B5A404FF0000301D00AF0CDFF0020CD
:1005000002B010BD589A032007B50A4B1B6801932F
:100510004FF0000343685B689960064B1A68019BC3
:100520005A404FF0000301D00AF0B6FF002003B09C
:100530005DF804FB589A032007B50A4B1B6801932A
:100540004FF0000343685B68D960064B1A68019B53
:100550005A404FF0000301D00AF09EFF002003B084
:100560005DF804FB589A032007B50D4B1B680193F7
:100570004FF0000343685A68536821EA03000B40B8
:100580009060D360064B1A68019B5A404FF00003FD
:1005900001D00AF081FF002003B05DF804FB00BF2A
:1005A000589A032013B51B4B1B6801934FF00003AF
:1005B00003695868F8B1884219D19C680868A1425B
:1005C000586000D19860002008602AB15A680A601B
:1005D0009A68596002B99960002010E0814206D102
:1005E0000868206098688142EDD19C60EBE7044682
:1005F00000680028F2D1002AE8D16FF01500054B01
:100600001A68019B5A404FF0000301D00AF044FFE2
:1006100002B010BD589A032037B5174B45681B68C8
:1006200001934FF000032B69B3B11035284606F053
:1006300095FC044680B90146284606F03DFC0F4B68
:10064000984213D1224628460D4906F0E7FB224680
:1006500005213120FDF7F2FF0020074B1A68019BAE
:100660005A404FF0000304D00AF016FF6FF0040068
:10067000F3E703B030BD00BF589A03200000AD0B74
:100680008506010073B5134B1B6801934FF00003FF
:10069000430907D1104B596821B101250C680F4E51
:1006A000854041B90B4B1A68019B5A404FF000033B
:1006B0000ED00AF0F1FE8A682A4002D030464B681C
:1006C00098471CB1236821461C46EAE72346FAE70F
:1006D00002B070BD589A0320B0E00020B0E20100E3
:1006E0002DE9F04340F206354668D00648BF0320A6
:1006F000604B89B01B6807934FF0000302EA0505C1
:10070000337B58BFC2F3401001F01F07B5F5837F5C
:10071000144647EA43178DF8070048D016D8062D2F
:100720001FD00ED8EDB1022D43D06FF01500514B04
:100730001A68079B5A404FF0000300F098800AF0B7
:10074000ABFEB5F5807FF0D101250AE040F2022230
:10075000954230D0B5F5407F2FD0B5F5007FE4D17C
:10076000022522032BD5012372688B4093603269E6
:1007700062BB07F01F037F0975D13F4A84F48031C3
:1007800002EB8302D2F80032C1F30041C4F34044CB
:1007900023F4E16344EA410423F007031C4344EAE1
:1007A000800444EA0524C2F800420020BFE7072580
:1007B000D7E70425D5E70525D3E70325D1E763036C
:1007C00041BF012372688B40D360D0E710363946B1
:1007D00030460DF1060206F041FB14F4403F80461E
:1007E0000CD13946304606F0D9FB244B9845DCD174
:1007F00030469DF8061006F0E7FBD6E74FF00009FB
:1008000002AB3946304604AACDE90539CDE9029953
:10081000CDF8109006F04CF9184B984285D114F49D
:10082000003315D09DF8073084F48034C4F30044BD
:100830008DF8123039464B46304604AA8DF81050D8
:100840008DF8114006F040FA0C4B9842CDD06CE781
:10085000CDE9053339460DF10703304604AA049368
:1008600006F026F9F0E7803352F82330FFDE09B0B6
:10087000BDE8F083589A0320002584400000AD0BAA
:10088000F0B540683F4C057B89B0246807944FF071
:10089000000401F01F0444EA45140569002D66D0E8
:1008A000B2F5001F00F110050DD12146284606F0D3
:1008B00031FC0020334B1A68079B5A404FF000036D
:1008C0005ED00AF0E9FD0027B2F5800F02AE029774
:1008D000776037D1B3F1007F14BF052304238DF86F
:1008E00008300023CDE905630493836823FA01F1FE
:1008F00011F0010118D1B2F1A07F15D104F01F034E
:10090000620903F1800338D11F4A52F82330DB0714
:100910000AD40DF1070632462146284606F09EFA13
:100920001A4B984219D003962146284604AA06F08D
:10093000BFF8174B98421DD101222146284606F0E8
:1009400083FBB6E7B3F1C06F05D0B3F1007F14BFEE
:1009500001230223C3E70323C1E73146284606F0FB
:1009600053FB0B4B9842DED06FF00B00A2E76FF009
:1009700085009FE76FF015009CE751F82330FFDEFC
:1009800009B0F0BD589A0320002584400400AD0B47
:100990000000AD0B37B5104B1B6801934FF00003FF
:1009A00043681360057A446804EBC504A3420AD384
:1009B0006FF00100084B1A68019B5A404FF000038A
:1009C00008D00AF069FD5C798C4201D00833E8E771
:1009D0000020EFE703B030BD589A03202DE9F7431C
:1009E000614B624D1B6801934FF00003604E614FF5
:1009F00000EB810181420AD100205B4B1A68019B08
:100A00005A404FF0000300F0AC800AF045FD046846
:100A100014F4805FC4F3432C04F07F0340F08F8014
:100A20007F2B4FEA144408BF4FF0FF3315F80CC07A
:100A3000192C00F28780DFE804F00D13191C1F2524
:100A40001C85858585366185858585858585858532
:100A500064797C7FC2F80C355C1C5CD10430C9E73A
:100A6000C2F814355C1CF9D000245DE0C2F80835EA
:100A7000F2E7C2F81035F5E75C1CC2F80835EDD096
:100A8000002404E05C1CC2F80C35E7D001245FEAC6
:100A9000531E5AD14FF00108DFF8D4E008FA03F9E9
:100AA000CEF80C900AE0C2F80835BCF1000FD9D19D
:100AB0005C1CD3D000244FF0060CA046D0F8009068
:100AC00009F4005EBEF1000F1CBF4FF000080124C6
:100AD00003F01F0E5B093ED106EB8E0EDEF80032EE
:100AE000C9F3C1193B4043EA890343EA0C2343EAB3
:100AF000080343EA4403CEF80032AFE7C2F80C35EE
:100B0000D3E7C2F86035B3F1FF3F0468A6D0C4F361
:100B10008034002CBAD05C091AD10124DFF850E0EF
:100B200004FA03F8CEF80880A046C7E7C2F8643597
:100B3000E9E7C2F86835E6E7C2F86C35E3E76FF03D
:100B400015005AE76FF0850057E70023DB60FFDEF2
:100B500000239B60FBE700230EF1800E53F82E303C
:100B6000F5E703B0BDE8F083589A03205EF5010075
:100B700000258440F0F8FCFF07B50B4B1B68019380
:100B80004FF0000343681B68D3F88004C3F8800467
:100B9000054B1A68019B5A404FF0000301D00AF040
:100BA0007BFC03B05DF804FB589A032007B5124B99
:100BB00002691B6801934FF0000343681B68D3F878
:100BC000100190B10020526912780A70C3F8100128
:100BD000D3F8102101221A60074B1A68019B5A4072
:100BE0004FF0000304D00AF057FC4FF0FF30F3E75A
:100BF00003B05DF804FB00BF589A032007B5104A04
:100C00000346126801924FF000020268D2F85801C0
:100C100080B95B689B0704D4D2F82001003818BF64
:100C20000120074B1A68019B5A404FF0000303D084
:100C30000AF032FC0120F4E703B05DF804FB00BFCA
:100C4000589A032007B5244B42681B6801934FF064
:100C500000031368D3F80413C90518D5D3F820117D
:100C6000A9B14FF02000EFF3118180F31288BFF398
:100C70006F8FD3F8200130B10020C3F82001D3F8E2
:100C800020010120D86081F31188BFF36F8F526873
:100C9000D20615D54FF02001EFF3118281F31288AF
:100CA000BFF36F8FD3F8581111B10021C3F80015AD
:100CB0004FF48001C3F8081382F31188BFF36F8FDC
:100CC000054B1A68019B5A404FF0000301D00AF00F
:100CD000E3FB03B05DF804FB589A03202DE9F743CA
:100CE00006464FF00008914B0022012108201B68A6
:100CF00001934FF00003FDF7A1FC0820FDF736FC3F
:100D0000776835693C686A46C4F800852E60D7F874
:100D10000C9041464846FFF73DFE002839DB009B1A
:100D2000D9F8002019791868FFF758FE002830DB41
:100D30006B7A3169012B03D0032B28D14FF01008B7
:100D4000AB7A032B23D195F80BC0BCF1000F02D076
:100D5000BCF1010F1BD12A7A12B1022A17D10E223F
:100D60006B687068B3F5164F006800F0848035D862
:100D7000B3F5165F00F082801DD8B3F5966F7FD073
:100D800011D8B3F5967F7ED0B3F5167F7ED06FF085
:100D90008500664B1A68019B5A404FF0000300F033
:100DA000C1800AF079FBB3F5166F72D0B3F5965F88
:100DB000EDD15F4B3EE0B3F5E14F6DD007D8B3F511
:100DC000615F6BD0B3F5964FE1D15A4B32E047F6F5
:100DD000122E7345DBD14FF400032BE0B3F5613FD6
:100DE0005ED013D8B3F5963F5DD009D84DF6C02E2E
:100DF00073455AD0B3F5614FC9D14FF46B0319E075
:100E0000B3F5E13FC3D14FF0EB7313E0B3F5612FBE
:100E10004ED009D8DFF820E173454CD0B3F5E12F6F
:100E2000B5D14FF0E86305E0DFF810E17345AED1CE
:100E30004FF08053C0F82435736848EA0C081B68EB
:100E400042EA0802C3F86C250B1DD5E9010183E8CD
:100E500003007B6899073DD505F1180005F0CCFA31
:100E6000374B98422AD037480121374AFCF760FABD
:100E70006FF004008DE74FF41D03DBE7334BD9E738
:100E80004FF49E23D6E74FF4A033D3E74FF41C333F
:100E9000D0E74FF41D23CDE72D4BCBE72D4BC9E712
:100EA0004FF06C73C6E72C4BC4E74FF46503C1E702
:100EB0004FF07063BEE74FF08063BBE7287E04F11C
:100EC0000C0204F5907105F0FDF801202B7E98408E
:100ED00005F0DEF80823C4F800353B7A53B9C4F8AE
:100EE0001031D4F810316B69C4F834350123C4F8DB
:100EF000383523607B6800209A075CBF4FF480730D
:100F0000C4F804337B68DB0644BF4FF48003C4F8A5
:100F100004332B69C4F844350123C4F84805A360A1
:100F2000E36036E703B0BDE8F08300BF589A0320C2
:100F300000B0130000A04E0090D0030040420F000C
:100F40000000AD0BC0E5010066F501000050270070
:100F500000C0750000F03A0000903A012DE9F3411D
:100F6000394B04460D461B6801934FF00003076997
:100F700008F0AEFCB0B9354B1B789BB164266068B5
:100F8000FFF73CFE00BB012005F00EF8013EF6D154
:100F9000002121200AF062F9F0E788F31188BFF3FD
:100FA0006F8FF5E74FF02003EFF3118883F312887A
:100FB000BFF36F8F60684646FFF720FE90B988F355
:100FC0001188BFF36F8FEDE74FF02003EFF3118827
:100FD00083F31288BFF36F8F60684646FFF70EFEFB
:100FE0000028DAD03B691D70626839691368C3F85C
:100FF00044150121C3F848150021C3F82011D3F886
:101000002001C3F858115268D3F85811D20608D5F8
:10101000082162681268C2F800154FF48002C3F814
:10102000042301229A6086F31188BFF36F8F064B69
:101030001A68019B5A404FF0000301D00AF02CFAC5
:1010400002B0BDE8F08100BF589A032016FD0220CF
:1010500007B50E4B00221B6801934FF0000300F10F
:1010600050039B009BB203F1804303F5A8331A6041
:101070001B68064B1A68019B5A404FF0000301D0D1
:101080000AF00AFA03B05DF804FB00BF589A032087
:1010900073B5154B154A1B6801934FF000030123EC
:1010A0008340DC43D2E8EF1F01EA0405C2E8E65FB3
:1010B000002EF7D14FF4803282400D48C0F808234B
:1010C000BFF35F8FBFF36F8F0B42074B14BF01203D
:1010D00000201A68019B5A404FF0000301D00AF02B
:1010E000DBF902B070BD00BF589A0320C0E00020B9
:1010F0000050014073B5164B16491B6801934FF021
:101100000003D1E90034D01AC31844F1000422F0DE
:101110007F46C1E90034A6F50013B3F5400F09D2AC
:101120000D4B1B681A0A1B069C190C4B42F100055B
:10113000C3E90045064B1A68019B5A404FF0000373
:1011400001D00AF0A9F902B0BDE870400AF0E4BA93
:10115000589A0320C0D50020C4E00020C8D5002044
:1011600007B5174B1B6801934FF00003D9B101235A
:10117000144A8340D2E8EFCF4CEA030CC2E8E1CF37
:101180000029F7D14FF480330F4A8340C2F804336B
:101190000E4BD3E8AF3FC340DB0742BF4FF4001212
:1011A0000B4BC3F80021064B1A68019B5A404FF0C5
:1011B000000301D00AF070F903B05DF804FB00BF32
:1011C000589A0320C0E0002000500140BCE00020FD
:1011D00000E100E007B5154B1B6801934FF00003D9
:1011E000134B1868010A0006BFF35F8F114BD3F849
:1011F0000435181841F10001B3F5801F0AD20E4BD7
:10120000D3E90023904271EB030303D210F1807005
:1012100041F10001054B1A68019B5A404FF0000351
:1012200001D00AF039F903B05DF804FB589A0320A5
:10123000C4E0002000500140C8D500202DE9F04F47
:1012400089B01F46129B16460293139B04460393D4
:10125000484B9DF850A01B6807934FF00003FFF721
:1012600017FF0190FFF7B6FFB04271EB070355D2AD
:10127000414B301A67EB0101984271F1000150D2E5
:101280003E4B03EB0413D3E902239F4208BF96426F
:1012900060D04FF4803808FA04F3DFF8E48000935C
:1012A0002046C8F8483326F07F4BFFF7D1FE4FF0B9
:1012B0000309584604F15005AD00ADB205F1804573
:1012C00004F5A87305F5A8350493049B20F07F422C
:1012D00048F82320009BC8F84433D8F80425294B4C
:1012E000801A033820F07F40984233D9286868B1CB
:1012F000D8F80425A2EB0B0020F07F40B0F5000FDA
:10130000059227D92046FFF7A3FE059ABAF1000FF0
:1013100007D109EB020009F10109D6E7BAF1000F84
:101320000ED06FF0150520460199FFF719FF114BFC
:101330001A68079B5A404FF0000317D00AF0ACF828
:101340000123114AA340D2E8EF0F1843C2E8E10F8E
:101350000029F8D1094902982301C850039B01EBE9
:1013600004120025C2E902675360DCE7284609B091
:10137000BDE8F08F589A032001008000B0D500200E
:1013800000500140FDFF7F00BCE0002070B54FF031
:10139000FF3000254FF0FF31204B86B01B680593CE
:1013A0004FF000031E4C1F4B0226C4F80833C4F84C
:1013B00048331D4BC4F80855C3E902014FF480338C
:1013C0004FF40012C4F80433184B01211520C4F85F
:1013D0000463C3F880212A46FDF730F91520FDF794
:1013E000C5F80123124AA36023601360114B124A0F
:1013F000009328460023CDE90155FFF71FFF304633
:10140000FEF740FF054B1A68059B5A404FF000035A
:1014100001D00AF041F8284606B070BD589A032062
:101420000050014003000F00B0D5002000E100E0B3
:10143000C0E00020F5100100FFFF7F002DE9F04320
:10144000364B85B01B6803934FF00003344BD3F841
:10145000042390070BD5D3F8042142B10022C3F82E
:101460000421304AD3F804311368013313602C4A45
:10147000D2F80433D90327D52B4BD3E8EF1F21F043
:101480000100C3E8E40F002CF7D1CB0702D4D2F857
:101490004031CBB10025224CC4F84051D4F8403142
:1014A000FFF798FE4FF02003EFF3118283F31288C9
:1014B000BFF36F8F1D4BD3E90267B042B9410CD225
:1014C00082F31188BFF36F8F144B1A68039B5A4045
:1014D0004FF000031ED009F0DFFF4FF0FF38D3E9D3
:1014E00000104FF0FF391D60C3E902894FF48033CB
:1014F000C4F84833C4F84051D4F8403182F311881D
:10150000BFF36F8F0029DFD0009032463B4628465C
:101510008847D9E705B0BDE8F08300BF589A03209B
:1015200000500140C4E00020BCE00020B0D5002005
:1015300030B51A4B87B01B6805934FF00003431C6E
:10154000174C05D08442A8BF0446012CB8BF012423
:10155000FFF740FE134B124DD3E90013401AB0F5CC
:10156000000F16D22218AA4228BF2A46002052187D
:101570000D4943F10003CDE901000091FFF75EFE44
:10158000064B1A68059B5A404FF0000303D009F040
:1015900083FF2A46EAE707B030BD00BF589A032010
:1015A000FFFF7F00C0D50020F510010007B50B4BF1
:1015B0001B6801934FF00003FFF70CFE084B1B68FC
:1015C000C01A064B1A68019B5A404FF0000301D025
:1015D00009F062FF03B05DF804FB00BF589A0320D6
:1015E000C0D5002007B5094B1B6801934FF00003DD
:1015F000FFF7F0FD054B1A68019B5A404FF00003BE
:1016000001D009F049FF03B05DF804FB589A0320AC
:10161000F7B5174B01461B6801934FF00003154BBC
:101620000B251A68144B002618461F46B84201D3F2
:10163000013D0CD11846013A19605A600C4B1A68EA
:10164000019B5A404FF000030FD009F025FF0468BA
:101650008C42F3D03CB14468141BA642BCBF034685
:1016600026460830E2E70346E4E703B0F0BD00BFDA
:10167000589A032070E100207CE1002007B500208B
:101680000D4B1B6801934FF000030C4BC3E90000A6
:101690000B4BD3E8EF2FC3E8E10F0029F9D1064B3C
:1016A0001A68019B5A404FF0000301D009F0F4FE84
:1016B00003B05DF804FB00BF589A032074E10020DA
:1016C00070E1002007B5094B1B6801934FF0000340
:1016D000064B1A68019B5A404FF0000301D009F0F5
:1016E000DBFE03B05DF804EB07F0F8BC589A03206A
:1016F0002DE9F047654B8AB005460E461B680993F5
:101700004FF000030CF06FFB58B96FF06D005F4BAA
:101710001A68099B5A404FF0000300F0B48009F0AA
:10172000BBFE0AF0B7F833680446002B0F4604D11D
:1017300009F0EEFC6FF00A00E9E7BCBF4FF0FF33A1
:1017400033600122002102A808F060FC0DF10408BA
:1017500008954FF02003EFF3118A83F31288BFF34B
:101760006F8F09F0A7FDFFF753FFDFF82491426860
:10177000D9F800309A426DD10023464D01936B6831
:10178000002B6ED1C5E900888AF31188BFF36F8FF3
:1017900033685A1C6AD04FF4004E40F2E730002103
:1017A00023EAE37C4FF47A720023CCFB0E01F7F7B7
:1017B00023FB02460B4602A808F082FC4FF02003F0
:1017C000EFF3118A83F31288BFF36F8F00222B6827
:1017D0005BB1434554D10199002A4BD16A68296015
:1017E0009A4200D169600023019309F063FDFFF77D
:1017F0000FFFD9F8003043608AF31188BFF36F8F71
:101800000CF0F1FA002880D035686B1C27D00AF064
:1018100041F84FF47A7EA0FB0E320EFB0121A4FBAF
:101820000E420EFB0722DB0BE40B43EA414344EA82
:1018300042441B1B4FEAD1314FEAE57C61EBD231C8
:10184000ED1A6CEB010CBCF1000FB8BF0025356040
:101850002DB96FE743608AF31188BFF36F8F0020C3
:1018600055E7C3F80080C5F804808DE74FF0FF32DC
:101870001346A0E711606968994208BF6A60B2E741
:101880001A461B68A4E70AB0BDE8F087589A0320FF
:1018900070E1002074E1002013B50A4B04461B6878
:1018A00001934FF00003FDF787FB064B04601A68B5
:1018B000019B5A404FF0000301D009F0EDFD02B04A
:1018C00010BD00BF589A032007B5094B1B68019350
:1018D0004FF00003064B1A68019B5A404FF000037B
:1018E00001D009F0D9FD03B05DF804EB07F0F0BFBB
:1018F000589A032037B5194B04681B6801934FF0C1
:1019000000032CB1164B9C4202D3A8339C420BD34C
:10191000144C2378062B16D85D1C2570104C03EB55
:10192000430304EBC303036000680C4B1C68019B7A
:101930005C404FF0000301D009F0AEFD03B0BDE8FC
:10194000304008F063BB054B1A68019B5A404FF0CA
:101950000003F1D16FF00B0003B030BD589A0320A3
:10196000C8E00020D9FB022007B5094B1B68019392
:101970004FF00003064B1A68019B5A404FF00003DA
:1019800001D009F089FD03B05DF804EB08F060BBFD
:10199000589A032073B5174B05461B6801934FF007
:1019A00000034B1C1FD021EAE1744FF4004640F2C3
:1019B000E73000214FF47A720023C4FB0601F7F7E9
:1019C0001BFA02460B46284608F07AFB094B002812
:1019D00018BF6FF00A001A68019B5A404FF00003CD
:1019E00005D009F059FD4FF0FF321346EBE702B086
:1019F00070BD00BF589A032007B5094B1B680193BF
:101A00004FF00003064B1A68019B5A404FF0000349
:101A100001D009F041FD03B05DF804EB08F00CB90A
:101A2000589A032073B5174B05461B6801934FF076
:101A300000034B1C1FD021EAE1744FF4004640F232
:101A4000E73000214FF47A720023C4FB0601F7F758
:101A5000D3F902460B46284608F03EF9094B002808
:101A600018BF6FF00A001A68019B5A404FF000033C
:101A700005D009F011FD4FF0FF321346EBE702B03D
:101A800070BD00BF589A032037B50546124B1B683E
:101A900001934FF00003114BD3E8EF1F0131C3E86E
:101AA000E21F002AF8D10E4B1C6844B90A4B1A6891
:101AB000019B5A404FF000030BD009F0EDFCE369A5
:101AC000AB4201D005B113B9201D08F0C1FA24685A
:101AD000EBE703B030BD00BF589A032070E100204F
:101AE00074E1002007B50B4B01461B6801934FF0D2
:101AF0000003084B1A68019B5A404FF0000301D0C5
:101B000009F0CAFC00220023034803B05DF804EB8F
:101B100007F040BE589A0320CCE1002007B50A4BDD
:101B200001461B6801934FF00003074B1A68019BA5
:101B30005A404FF0000301D009F0AEFC034803B057
:101B40005DF804EB07F040BE589A0320CCE100207A
:101B500007B50B4B01461B6801934FF00003084B80
:101B60001A68019B5A404FF0000301D009F094FC21
:101B700000220023034803B05DF804EB07F00ABE1F
:101B8000589A0320E0E1002007B50A4B01461B6884
:101B900001934FF00003074B1A68019B5A404FF026
:101BA000000301D009F078FC034803B05DF804EBB2
:101BB00007F00ABE589A0320E0E1002073B50D4BF0
:101BC00005461B6801934FF000030B4C0B4EB442CB
:101BD00008D3084B1A68019B5A404FF0000307D006
:101BE00009F05AFCD4E90031284698470834EEE75A
:101BF00002B070BD589A0320E00B0200E80B02000F
:101C000007B50A4B0A481B6801934FF0000306F022
:101C1000C9F8064B1A68019B5A404FF0000301D0E7
:101C200009F03AFC002003B05DF804FB589A032049
:101C3000BD1B010013B5574B29281B6801934FF0BA
:101C4000000300F0A1800ADC012857D0062800F02C
:101C50009D80002800F096804FF0FF303BE0B0F50B
:101C60008D7F04D0B0F5007FF6D11E2950E04B1EC9
:101C7000142BF1D801A050F823F000BFD31C0100B1
:101C8000D31C0100D31C0100D31C0100D31C010094
:101C9000D31C0100591C0100591C0100591C0100F2
:101CA000591C0100591C0100D31C0100D31C010068
:101CB000E91C0100ED1C0100591C0100591C010028
:101CC000D11C0100F11C0100F51C0100F91C0100F0
:101CD0000E21002011602F4B1A68019B5A404FF0D3
:101CE000000355D009F0D8FB0F21F2E71021F0E7EF
:101CF0001121EEE71221ECE71321EAE736293FDC58
:101D0000202907DC1429E4D038DC0229E1D0042999
:101D1000DFD0A1E7A1F12103152B9DD801A050F838
:101D200023F000BFD31C0100D31C0100591C01008B
:101D3000591C0100591C0100591C0100591C0100CB
:101D4000D31C0100591C0100591C0100591C010041
:101D5000591C0100591C0100591C0100591C0100AB
:101D6000591C0100591C0100D31C0100D31C0100A7
:101D7000D31C0100D31C0100D31C01001529C7E7A7
:101D80003D29C5E71F29C3E72029C1E73729BFE758
:101D900002B010BD589A032007B50F4B4FF0FF3229
:101DA0001B6801934FF000030C4B1A609A611A6391
:101DB0009A641A669A67C3F89020C3F8A820064B65
:101DC0001A68019B5A404FF0000301D009F064FBF0
:101DD000002003B05DF804FB589A0320F8E10020CE
:101DE00007B5094B1B6801934FF00003064B1A68B7
:101DF000019B5A404FF0000301D009F04DFB002039
:101E000003B05DF804FB00BF589A03202DE9F041B0
:101E1000144600221E46284B86B001291B680593F4
:101E20004FF000030D46CDE90322DDF8308007684E
:101E300010D1192C19D1FDF7BFF85F2303604FF0C3
:101E4000FF301D4B1A68059B5A404FF000032FD0FE
:101E500009F022FB2146284602AAFFF7EBFE0028E4
:101E60001EDAFDF7A9F86D23E8E72146284602AA05
:101E7000FFF7E0FE0028F4DB143C012C07D836B154
:101E80004FF008083268B3680392049303AE3346F8
:101E900029463846029ACDF8008006F0D5FCD0E7F6
:101EA000B5F58D7FF3D10C2C08BF4FF00408EEE799
:101EB00006B0BDE8F08100BF589A03202DE9F0413B
:101EC0001C462C4B88B01B6807934FF0000300237F
:101ED0000F461546CDE905330823066829463846DE
:101EE00003AADDF838800493FFF7A4FE00280EDA79
:101EF000FDF762F86D234FF0FF3603601D4B1A6843
:101F0000079B5A404FF000032FD009F0C5FA012F6C
:101F10001CD1A5F11403012B18D804AA05AB304637
:101F200000923946039A06F0BBFD06460028E5D12B
:101F3000012FE3D1042D0CD120680028DED0FFF75B
:101F4000ABFCFDF739F803682360D7E74246234628
:101F5000E5E7143D012DD1D8059BC4E90030069B6F
:101F6000A3601023C8F80030C8E7304608B0BDE8C9
:101F7000F08100BF589A032007B50A4B1B680193F4
:101F80004FF00003074B1A68019B5A404FF00003C3
:101F900001D009F081FA006803B05DF804EB0BF0A2
:101FA000E1B900BF589A032037B50D4B04461B68B2
:101FB00001934FF0000344B9094B1A68019B5A4042
:101FC0004FF000030AD009F067FAA069256809F00C
:101FD0003DFF204609F03AFF2C46ECE703B030BD48
:101FE000589A032007B513490346096801914FF039
:101FF000000111490878C0B91049097839B1A2F532
:102000008071022908D9A2F58872012A04D9013BFE
:10201000022B8CBF00200120064B1A68019B5A40FE
:102020004FF0000303D009F037FA0020F4E703B0C3
:102030005DF804FB589A03205BFC02205AFC022046
:1020400037B5104B02221B6801934FF000034B88F9
:1020500001F114044380034623F8042B0A1D52F8AF
:10206000045BA24243F8045BF9D10B7D0375054B79
:102070001A68019B5A404FF0000301D009F00CFA96
:1020800003B030BD589A032037B5104B02221B68AD
:1020900001934FF00003438800F114044B800B467A
:1020A00023F8042B021D52F8045BA24243F8045BA0
:1020B000F9D1037D0B75054B1A68019B5A404FF00F
:1020C000000301D009F0E8F903B030BD589A0320AD
:1020D000034630B51B4C8BB0246809944FF00004C4
:1020E0001C680B880846012B14D14A88ADF80430CF
:1020F000ADF8062008224B6801A9029320460BF098
:1021000043F8104B1A68099B5A404FF0000316D051
:1021100009F0C2F9022B05D103A9FFF7B5FF16227A
:1021200003A9EBE7074B1868099B58404FF00003E1
:10213000EED120460BB0BDE830400BF025B80BB017
:1021400030BD00BF589A0320034610B51C680B88A9
:10215000174A8AB0012B0846126809924FF0000214
:1021600014D14A88ADF80430ADF8062008224B6837
:1021700001A9029320460BF0A9F80D4B1A68099BA0
:102180005A404FF0000310D009F086F9022B05D118
:1021900003A9FFF779FF162203A9EBE7FCF70CFF71
:1021A0006A2303604FF0FF30E7E70AB010BD00BFBD
:1021B000589A032013B50949096801914FF00001AD
:1021C00006490C6801994C404FF0000101D009F01C
:1021D00063F902B0BDE8104007F07EBD589A0320B5
:1021E00073B5164B18251B6801934FF000030023AD
:1021F0000168134C05FB03F2A658B14211D1B0F9A6
:1022000006100E4B1868019B58404FF0000301D098
:1022100009F042F90832A01802B0BDE8704009F098
:10222000B7BD0133082BE5D1044B1A68019B5A4016
:102230004FF00003ECD102B070BD00BF589A0320EC
:10224000F8E1002007B5094B1B6801934FF000032C
:10225000064B1A68019B5A404FF0000301D009F069
:102260001BF903B05DF804EB07F0E6BC589A0320B5
:102270002DE9F04F14460E4600218BB01F46474B08
:102280000546202201A81B6809934FF00003009126
:102290000BF0D6FD5CB163680193E3680393A36818
:1022A000029323690493E36903B1079301AC4FF0F0
:1022B000FF324FF0FF333A48FFF77CFF31466B4661
:1022C0002246284605F0A2FF064648B980468146C8
:1022D0004FF0180A009D386075B900980AF0D8FED2
:1022E0002F48FFF7AFFF2D4B1A68099B5A404FF05C
:1022F00000034ED009F0D0F8502009F0E7FD044665
:10230000002840D0C0F80090C0F81C902B684360B3
:10231000AB68C3606B688360EB680361D5F804B099
:10232000BBF1010F14D1082009F0D0FDA06138B332
:10233000082363616B695A88A0F800B042805B682B
:102340004360B8F1000F21D13C60A046ED69C3E7BE
:10235000BBF1020F09D009F079FD6FF0050638686E
:10236000FFF722FE00233B60B7E7182009F0AEFD1F
:10237000A06128B1C4F814A06969FFF761FEE0E725
:10238000204609F063FD6FF00906E8E7C8F8004051
:10239000DBE730460BB0BDE8F08F00BF589A032052
:1023A0008CCB00202DE9F0479846284B8CB0054691
:1023B000D0E900900E4617461B680B934FF00003C0
:1023C000149C08B1FFF73EFFCCB9CDE90044434669
:1023D0003A46314648460BF090F80446686828B102
:1023E0004FF0FF324FF0FF33FFF7E4FE174B1A6850
:1023F0000B9B5A404FF0000323D009F04DF823887F
:10240000012B0BD1ADF80C3063686288049308236C
:10241000019303ABADF80E200093D8E7022B09D14E
:102420000DF1140A51462046FFF72EFE1623CDE982
:1024300000A3CCE7FCF7C0FD6A234FF0FF34036034
:10244000CCE720460CB0BDE8F08700BF589A0320C7
:102450002DE9FF47474B074690461B6803934FF013
:1024600000030C4679B300231A46C868834239D169
:10247000802A76D800254FF0FF324FF0FF333E48D8
:10248000FFF798FEA9463D4EE3689D4231D30026F2
:102490003546DFF8E8A0B14511DD85B963683846F7
:1024A00001932368A9EB060200930AEB0601434659
:1024B000FFF778FF051EEEDD2E44B145EEDC2E4819
:1024C000FFF7C0FE05E0FCF777FD16234FF0FF3560
:1024D0000360284B1A68039B5A404FF0000345D015
:1024E00008F0DAFFA16801EBC301496801330A442F
:1024F000BCE7A36806EB090003EBC50253F83510EF
:1025000052680BF090FCA3684FEAC50A53445B681D
:1025100001359944B8E7A3684FEAC60A03EBC6033E
:102520005B683BB14FF00009A36803EB0A025268F5
:10253000914504D30136E3689E42ECD3C9E753F8D2
:102540000A10636849440193236838460093A2EB5C
:1025500009024346FFF726FF011E05DB89440D44AF
:10256000E2E700263546E6E70D46B2E7284604B026
:10257000BDE8F087589A0320C8CB0020DAFB022080
:102580001FB50A4B1B6803934FF000030023CDE9EE
:102590000033FFF707FF054B1A68039B5A404FF0C3
:1025A000000301D008F078FF04B010BD589A032052
:1025B0002DE9F04F05469A4640682F4B8BB00C46EC
:1025C000DDE9146791461B6809934FF0000308B1D9
:1025D000FFF738FED5F800B006B1D7B90023214681
:1025E000CDE900334A46534658460BF0C7F8044637
:1025F000686828B14FF0FF324FF0FF33FFF7DAFD84
:102600001D4B1A68099B5A404FF0000330D008F068
:1026100043FF0DF10C081622002140460BF010FC80
:10262000162202AB2146CDE90083029253464A4668
:1026300058460BF0A3F8041EDADBBDF80C30012B72
:102640000AD1029A082AD3D13380BDF80E10049B18
:10265000718073603A60CBE7022BC9D1029B162BC5
:10266000C6D141463046FFF7EBFC18233B60BFE77D
:1026700020460BB0BDE8F08F589A03201FB50A4BD7
:102680001B6803934FF000030023CDE90033FFF7ED
:102690008FFF054B1A68039B5A404FF0000301D08F
:1026A00008F0FAFE04B010BD589A032073B5154B1C
:1026B0004FF0FF321B6801934FF0000305464FF0C7
:1026C000FF331148FFF776FD002318200F4A00FB67
:1026D00003F156588C1801360CD155500A48FFF7B3
:1026E000B1FD084B1A68019B5A404FF0000306D019
:1026F00008F0D2FE0133082BE9D10024EEE7204692
:1027000002B070BD589A032064CB0020F8E100208D
:1027100013B5104B04461B6801934FF000034FF0B4
:10272000FF324FF0FF330C48FFF744FD4FF0FF320C
:102730000023C4E90023074B1A68019B5A404FF05D
:10274000000301D008F0A8FE034802B0BDE8104025
:10275000FFF778BD589A032064CB002037B50D4BA6
:10276000054600681B6801934FF0000306F03AF835
:10277000044610B92846FFF7CBFF064B1A68019BA9
:102780005A404FF0000301D008F086FE204603B007
:1027900030BD00BF589A03202DE9F043344B89B077
:1027A00007460C4615461B6807934FF00003F8F7E1
:1027B00069FC0646002E38681DDBFCB10DB32B68A2
:1027C0006A46082B18BF16230DF1040900934946E9
:1027D0000AF0F6FDB0F100080ADBFFF767FF0746D5
:1027E00090B9FCF7E9FB0C230360404605F0FAFFC3
:1027F0003046F8F7C3FC4FF0FF3618E02246A146FA
:10280000E5E72A46A946E2E764B15DB1B9F80030D0
:10281000012B15D108222A60BDF806202380029BD7
:102820006280636039463046124AF8F777FC104BF5
:102830001A68079B5A404FF0000315D008F02CFE91
:10284000022B06D1182320462B6001A9FFF7F8FBC5
:10285000E8E7FCF7B1FB86230360404605F0C2FFC2
:102860003846FFF755FFC3E7304609B0BDE8F083AF
:10287000589A0320B8E7010013B50446104B114ADB
:102880001B6801934FF000030F4B186003680F485B
:10289000DA61FCF7CDFC23680C33D3E8EF1F41F07D
:1028A0000801C3E8E21F002AF7D1054B1A68019B13
:1028B0005A404FF0000301D008F0EEFD02B010BD09
:1028C000589A03200D2A0100F4E10020B0E701002E
:1028D000F0B54C4B89B01B6807934FF00003A1F58E
:1028E00081730768032B5ED8DFE803F00247885A3C
:1028F0000124D2E901611368434AB3F90430059217
:10290000ADF818308DF81A403368994204D1FCF7BD
:1029100053FB0C23036014E000F10805284609F07E
:1029200007FA21462B460022306809F0B5F9082342
:10293000214600933C22384605AB05F085FF04464E
:1029400010B14FF0FF340EE0336814333360CDE93B
:102950000300284603AA04A909F002FA049B002BED
:1029600018BF6FF07704274B1A68079B5A404FF047
:1029700000032CD1204609B0F0BDD2E90042136813
:10298000143313600023CDE9043304AA05A90830E9
:1029900009F0E6F9059B0BB1049BE3800024E2E714
:1029A00013684360FAE703291CD0042922D1146874
:1029B00034F4804303D0FCF7FFFA16230360114B75
:1029C000A2131968079B59404FF0000301D008F08B
:1029D00063FD0421384602F0010209B0BDE8F04071
:1029E0000AF0F0BF002238460AF0ECFF840304F43A
:1029F0008044B8E7FCF7E0FA16238BE76FF05E043B
:102A0000B1E700BF589A0320E12101002DE9F3410D
:102A1000264B0D1E074690461B6801934FF000039E
:102A200018DA08F0E3FA224E0123337042463846A2
:102A300025F04041FCF7BAFB00233370044608F050
:102A4000FDFA1A4B1A68019B5A404FF0000329D037
:102A500008F022FD6B0003D508F0C8FA154EE3E735
:102A6000F8F710FB041E09DB2946424638460AF0F7
:102A70002DFB051E05DA2046F8F780FB4FF0FF34EA
:102A8000DFE7FFF713FE014638B9FCF795FA0C2390
:102A90000360284605F0A6FEEDE72046064AF8F753
:102AA0003DFBCEE7204602B0BDE8F081589A0320F6
:102AB0005BFC02205AFC0220B8E70100034673B514
:102AC0000C46114A0068126801924FF00002DA8841
:102AD00019792243012405698C402B6812F0010FFB
:102AE00014BF2343A34386682B60074B1C68019BDC
:102AF0005C404FF0000301D008F0CEFC336802B018
:102B0000BDE87040184700BF589A032013B5144B16
:102B10001B6801934FF00003012303FA01F10369DD
:102B20001B6819420AD05AB10D4B1A68019B5A40D2
:102B30004FF000030BD183681B690CE0002AF3D02F
:102B4000074B1A68019B5A404FF0000301D008F070
:102B5000A3FC8368DB6802B0BDE81040184700BFE3
:102B6000589A032007B50A4B0A461B6801934FF099
:102B70000003074B1968019B59404FF0000301D037
:102B800008F08AFC012103B05DF804EBFAF7D0BB32
:102B9000589A03202DE9F341184B074688461B68D5
:102BA00001934FF000030025154E27FA05F212F0AD
:102BB000010216D128FA05F3DB0714D53179306804
:102BC000FFF7A4FF044670B10E490F48FFF7CAFF94
:102BD0000A4B1A68019B5A404FF000030AD008F0D4
:102BE0005BFC0122EAE70135042D06F10806DCD181
:102BF0000024EDE7204602B0BDE8F081589A03209A
:102C0000F8E70100B6F5010040E5010073B5184B87
:102C100000251B6801934FF00003164E4FF400315E
:102C20003046FFF74BFF044660B113491348FFF7E6
:102C300099FF0F4B1A68019B5A404FF0000313D0C5
:102C400008F02AFC0135042D06F10806E6D1084BF0
:102C50001A68019B5A404FF00003F1D10F2102B0D6
:102C6000BDE87040FFF796BF204602B070BD00BFC0
:102C7000589A0320F8E70100CCF5010040E5010077
:102C800007B50E4B0E481B6801934FF0000305F08B
:102C900083F8034620B101210A4A0B48FAF760FB8A
:102CA000064B1A68019B5A404FF0000301D008F010
:102CB000F3FB002003B05DF804FB00BF589A03202B
:102CC000CD2C0100FAF5010028E501002DE9F043C3
:102CD00083B02D4B00AF04461B687B604FF00003B0
:102CE00000262A4DDFF8A8904D4527D3EEB12046A7
:102CF000F6F792FA0022411D0023264806F04AFD0D
:102D0000054680BB6E4688B06A46234BC2E905344F
:102D10004FF400739383214B42F8103F4FF4E4517A
:102D200003461F48FAF770FAB546174B1A687B68D6
:102D30005A404FF0000322D008F0AEFB95F808800F
:102D400018F0010F0BD1296819B120460BF054F986
:102D500028B118F0020F04D020466B6898470C3554
:102D6000C2E70126FBE7214604300BF0F0F82946C4
:102D70000C4807F0EBF80C4807F06EFBD5E70C3772
:102D8000BD46BDE8F08300BF589A032084CA0020E6
:102D9000D8CA00203CCB002027F601000300000128
:102DA00028E5010038CC0020F4C800202DE9F743C5
:102DB0001A4B1B4E1B6801934FF00003194FDFF8AD
:102DC000688000220023304607F0DCF80546F0B9A1
:102DD000124B1A68019B5A404FF000031BD008F0B9
:102DE0005BFB237ADA070AD49B0708D4216819B160
:102DF00048460BF001F910B14846636898470C3417
:102E0000BC42EED32946404606F0DEFCD9E7074C2B
:102E100005F10409F4E703B0BDE8F083589A0320F4
:102E200038CC0020D8CA00203CCB002084CA002027
:102E300007B50E4B1B6801934FF00003A0F123036D
:102E4000DBB2082B9CBF40F20510D840074B8CBF6B
:102E5000002000F001001A68019B5A404FF0000367
:102E600001D008F019FB03B05DF804FB589A032069
:102E700007B5114B1B6801934FF000030F4B1B5C10
:102E800003F00303022B08BF2038C0B2A0F14103B6
:102E9000192B0CD9A0F15F0358425841064B1A6810
:102EA000019B5A404FF0000303D008F0F5FA0120CF
:102EB000F4E703B05DF804FB589A0320AC0A020063
:102EC00007B50E4B1B6801934FF00003A0F12C03D4
:102ED000DBB2112B96BF0A480020D840074B98BFA1
:102EE00000F001001A68019B5A404FF0000301D026
:102EF00008F0D2FA03B05DF804FB00BF589A032033
:102F00000140020007B50C4B0D281B6801934FF0E0
:102F100000030CD0A0F10A0358425841064B1A682E
:102F2000019B5A404FF0000303D008F0B5FA01208E
:102F3000F4E703B05DF804FB589A032073B50E4B19
:102F400005681B6801934FF00003AB1C0360AE786B
:102F500004463046FFF7D6FF10B90EB103352560A1
:102F6000054B1A68019B5A404FF0000301D008F04E
:102F700093FA02B070BD00BF589A0320F7B5124B08
:102F800005461B6801934FF0000300240F4E56F8CE
:102F9000047B3846F6F740F93946024628460AF0DF
:102FA000FAFF60B10134042CF1D10020064B1A68FD
:102FB000019B5A404FF0000303D008F06DFA012046
:102FC000F4E703B0F0BD00BF589A032018E80100F1
:102FD0002DE9F047774B0468A4B01B6823934FF0AA
:102FE0000003237880460E4615460194002B00F01E
:102FF000DB80714B1B78062B17D10020671C0197D3
:10300000B946824617F8010BFFF732FF0028F7D1C7
:10301000BAF1000F01D0CDF80490A9EB04032246C9
:103020003146284600F0F2FB46E0013B082B43D82E
:10303000DFE803F06C4F62AA0D421C3F05002246F8
:103040000021134612F8010B60B10121F9E7224675
:1030500000215A4F134612F8010B385C10F0440F50
:1030600040F0A08001B101931B1BD8E701A8FFF736
:1030700065FF0022019B51481F4613F8011B415C6C
:10308000490710D102B101973B1B22463146284621
:1030900000F0BCFB3B783D2B07D17B783F2B0BD15D
:1030A0000237019708E00122E6E73F2B04D1013700
:1030B000F7E7284600F05EFB0020019BC8F80030CF
:1030C0003C4B1A68239B5A404FF000036FD008F026
:1030D000E3F9274697F800904846FFF713FF3B4671
:1030E000013710B9B9F1000FF4D122463146284614
:1030F0001B1B00F08BFBD4E727463A783B46222A7D
:1031000007F10107F1D0002AF7D1EEE720460A22A5
:1031100002A909F025FC0124029B03900193019B65
:103120001878292825D020B303F10109FFF7C8FE3C
:10313000CDF8049008B9274619E00A2202A94846AA
:1031400009F00EFC24AB671C03EB840444F8840CE8
:103150004846F6F761F8DDF8089004464846F6F769
:103160005BF8844206D0202FCDF8049002D03C4674
:10317000D5E72746BB003146284603AA00F07AFB74
:10318000019B0133019397E70A22204602A909F027
:103190006BFB0B460299024601912846314600F02E
:1031A0000FFB89E7012155E74FF0FF3088E724B096
:1031B000BDE8F087589A03205DFC0220AC0A0200AB
:1031C00013B51D4B04461B6801934FF00003F6F73F
:1031D00023F8012829D923781849CA5C02F0030290
:1031E000022A08BF203B412B1FD16378CA5C02F042
:1031F0000302022A08BF203B542B16D1A47804F006
:10320000F703232B13D0252C11D02046FFF77AFE8D
:1032100010B9B4FA84F04009074B1A68019B5A4070
:103220004FF0000305D008F037F90020F4E7012043
:10323000F2E702B010BD00BF589A0320AC0A0200AA
:103240002DE9F3416D4B07461B6801934FF00003D6
:103250000468DFF8AC8100293DD12078FFF7E8FD54
:10326000684E054660B30623052220466649337042
:103270000AF091FEF8B10522204664490AF08BFE5F
:10328000C8B10B22204662490AF085FE98B10A2295
:10329000204660490AF07FFE68B10B2220465E4955
:1032A0000AF079FE38B1072220465C490AF073FE25
:1032B000B0FA80F56D0988F8005000203C6050E0BD
:1032C00098F8003053B92046FFF77AFF002851D014
:1032D00007233370F1E798F800301BB10222494B05
:1032E0001A70EAE700294CDDA04698F800504646DF
:1032F000284608F10108FFF705FE0028F5D1304601
:10330000F5F78AFF032837D92B46454A515D01F06E
:103310000301022908BFA5F12003412B2CD17378AA
:10332000D15C01F00301022908BF203B542B23D1BB
:10333000B378D15C01F00301022908BF203B2B2B9D
:103340000AD0252B18D1F378D25C02F00302022AAE
:1033500008BF203B582B0FD009226FF00100294BEA
:103360001A70264B1A68019B5A404FF0000341D057
:1033700008F092F80223ACE72078FFF759FD002807
:1033800035D12578264B5B5D5B070AD42D2D08D0FF
:103390002B2D06D0222D07D103221A4B01341A708F
:1033A0008BE70422174B9BE7282D04D10122154BF4
:1033B00014441A7081E72846FFF7A4FD80B1114E2E
:1033C0003378042B09D125462C4615F8010BFFF75D
:1033D00099FD0028F8D105237BE7082B3FF46DAF5A
:1033E0002846FFF76DFD10B10822064B78E74FF035
:1033F000FF30B6E702B0BDE8F08100BF589A032065
:103400005CFC02205DFC02205EF6010064F6010017
:103410006AF6010076F6010081F601008DF60100E2
:10342000AC0A02002DE9F04F1F465E4B85B089467D
:1034300016461B6803934FF000038046002800F0F7
:10344000AA80002A00F0A7805368002B00F0A38018
:1034500000244546104600F045F93368CDF8088051
:103460009F4228BF1F46504B1C70504B1C70AA46F1
:103470009AF80000FFF746FDA346013504460028F0
:10348000F5D1BBF1000F01D0CDF808A00025029BBB
:103490001A78002A59D0AF4257D9454902A88A5C08
:1034A0002946120744BF01330293FFF7C9FE431CAC
:1034B0004BD0023008BF00253246294602A808BF7B
:1034C000CDF80880FFF784FD01303ED0DDF808A07C
:1034D0009AF80000FFF7F4FCB8B19AF80100FFF782
:1034E00011FD78B10135BD424ED0294602A8FFF743
:1034F000A7FE013029D03246294602A8FFF768FD11
:10350000013022D0029B01330293DDF808B09BF812
:103510000000FFF7F7FC90B30BF1010B9BF80020C4
:10352000DA4610460192FFF7EDFC0BF1010B019A10
:103530000028F3D13AB11046FFF77AFC18B950468B
:10354000FFF71CFDD8B1CDF808A0029DF4B92B7887
:10355000FBB12846FFF712FD002814BF00206FF0D2
:103560000A00B9F1000F01D0C9F800500D4B1A68DC
:10357000039B5A404FF0000310D007F08DFF013538
:10358000BD4208BF012482E70446DEE76FF0060073
:10359000E7E72046E5E76FF01500E7E705B0BDE88F
:1035A000F08F00BF589A03205DFC02205CFC0220D3
:1035B000AC0A020037B50A4C246801944FF00004AD
:1035C000074C2568019C65404FF0000401D007F0CE
:1035D00063FF136803B0BDE83040FFF723BF00BFAF
:1035E000589A032007B50C4B1B6801934FF000035A
:1035F00003688B4288BF4068074B94BF002000EBF4
:1036000001101A68019B5A404FF0000301D007F0E7
:1036100043FF03B05DF804FB589A032007B50E4B37
:103620001B6801934FF000030378012B0CD0023B81
:10363000012B0BD84068084B1A68019B5A404FF089
:10364000000305D007F028FF0820F4E70020F2E788
:1036500003B05DF804FB00BF589A032013B50E4B6E
:1036600004461B6801934FF000030378023B012BD3
:1036700002D8806808F0EAFB00220023C4E9022394
:10368000054B1A68019B5A404FF0000301D007F028
:1036900003FF02B010BD00BF589A032037B5104B8E
:1036A0000D461B6801934FF00003044680B11021C2
:1036B000284608F023FC606068B100202560084BB4
:1036C0001A68019B5A404FF0000307D007F0E4FE50
:1036D0006FF01500F3E76FF00B00F0E703B030BDBB
:1036E000589A032073B5124B04461B6801934FF0A0
:1036F000000328B143681BB1002523689D4208D30D
:103700000B4B1A68019B5A404FF000030ED007F094
:10371000C3FE666806EB05163046FFF79FFF1022D2
:10372000002130460AF08CFB0135E6E702B070BD9F
:10373000589A032037B50E4B04461B6801934FF08F
:10374000000348B143683BB10025FFF7CBFF606839
:10375000256008F07BFB6560054B1A68019B5A40A9
:103760004FF0000301D007F097FE03B030BD00BF5B
:10377000589A032013B5114B1B6801934FF00003B7
:10378000B8B14368ABB1FFF72DFF044688B1FFF72E
:1037900065FF04230022237000230020C4E90223D4
:1037A000064B1A68019B5A404FF0000304D007F003
:1037B00073FE6FF01500F3E702B010BD589A0320B6
:1037C00073B51D46104B16461B6801934FF000035E
:1037D000A8B143689BB1FFF705FF044678B1FFF736
:1037E0003DFF01230020C4E902652370064B1A68DF
:1037F000019B5A404FF0000304D007F04DFE6FF0DC
:103800001500F3E702B070BD589A0320F7B51D46C6
:10381000174B17461B6801934FF0000300B3436832
:10382000F3B1EAB1FFF7DEFE0446C8B1681C08F048
:103830004DFB0646B8B12A4639460AF0F4FA20464E
:10384000FFF70CFF0223002065602370A660084B81
:103850001A68019B5A404FF0000307D007F01CFE86
:103860006FF01500F3E76FF00B00F0E703B0F0BD69
:10387000589A0320F7B51D46174B17461B6801934E
:103880004FF0000300B34368F3B1EAB1FFF7AAFEBB
:103890000446C8B1284608F019FB0646B8B12A46C6
:1038A00039460AF0C0FA2046FFF7D8FE032300206D
:1038B00065602370A660084B1A68019B5A404FF060
:1038C000000307D007F0E8FD6FF01500F3E76FF095
:1038D0000B00F0E703B0F0BD589A032013B5154B69
:1038E00014461B6801934FF00003F0B14368E3B145
:1038F000DAB1FFF777FEC0B10378012B15D1D0E91B
:10390000023213F5004142F10002B1F5803F72F13D
:1039100000020AD200202380064B1A68019B5A40FD
:103920004FF0000304D007F0B7FD6FF01500F3E788
:1039300002B010BD589A032013B5134B14461B68F0
:1039400001934FF00003D0B14368C3B1BAB1FFF7A0
:1039500049FEA0B10378012B11D1D0E90232B3F5B1
:10396000803F72F100020AD200202380064B1A68C1
:10397000019B5A404FF0000304D007F08DFD6FF01B
:103980001500F3E702B010BD589A032013B5134B8E
:1039900014461B6801934FF00003D0B14368C3B1D4
:1039A000BAB1FFF71FFEA0B10378012B11D1D0E906
:1039B000023213F1004142F1000252B900202360AB
:1039C000064B1A68019B5A404FF0000304D007F0E1
:1039D00063FD6FF01500F3E702B010BD589A0320A5
:1039E00013B5114B14461B6801934FF00003B0B19F
:1039F0004368A3B19AB1FFF7F5FD80B10378012BBD
:103A00000DD1D0E902230020C4E90023064B1A6837
:103A1000019B5A404FF0000304D007F03DFD6FF0CA
:103A20001500F3E702B010BD589A0320F7B51C4605
:103A3000174B17461B6801934FF0000300B3436810
:103A4000F3B1EAB1E4B1FFF7CDFD0646C0B10378AA
:103A5000022B15D1FFF7E2FD23680546834212D3FE
:103A60000246B16838460AF0DEF900202560084BAE
:103A70001A68019B5A404FF0000307D007F00CFD75
:103A80006FF01500F3E76FF00B00F0E703B0F0BD47
:103A9000589A032037B5124B05461B6801934FF027
:103AA0000003B0B14068A0B12C681CB1002408B17B
:103AB000037843B90A4B1A68019B5A404FF0000340
:103AC0000AD007F0E9FC013421462846FFF78AFDB9
:103AD000EDE76FF01504EDE7204603B030BD00BF01
:103AE000589A032013B5094B1B6801934FF000034C
:103AF000064B1C68019B5C404FF0000301D007F0AF
:103B0000CBFC02B0BDE81040F9F712BC589A032074
:103B100037B5094C246801944FF00004064C256821
:103B2000019C65404FF0000401D007F0B5FC03B0E4
:103B3000BDE83040F9F714BC589A032010B504468C
:103B400094B0144B4822002168461B6813934FF031
:103B500000030AF075F90122204602A900F0FEFEDA
:103B6000034668B101210C4A0C48FFF7D1FF094B0D
:103B70001A68139B5A404FF0000308D007F08CFCE2
:103B8000032368468DF8003000F07EFDEFE714B0A7
:103B900010BD00BF589A0320B8F6010068E5010087
:103BA00010B5044694B0134B4822002168461B68A8
:103BB00013934FF000030AF043F9204602A9F5F7EA
:103BC00033FB034668B101210B4A0C48FFF7A0FF05
:103BD000084B1A68139B5A404FF0000308D007F0B7
:103BE0005BFC022368468DF8003000F04DFDEFE7E6
:103BF00014B010BD589A0320DFF6010068E50100FB
:103C000010B5044694B0174B4822002168461B6843
:103C100013934FF000030AF013F9204602A900F0B5
:103C2000DDFF034668B101210F4A1048FFF770FF1E
:103C30000C4B1A68139B5A404FF000030FD007F04B
:103C40002BFC029B039AA3F59C53083B1343EFD133
:103C5000062368468DF8003000F016FDE8E714B042
:103C600010BD00BF589A0320FBF6010068E5010073
:103C700030B5444BA7B000214822054668461B6872
:103C800025934FF000030AF0DBF800F0E1FC014659
:103C9000A0B93D4C2378032B41D948220DEB0200FB
:103CA0000AF0CEF86078A8B1302108F027F9044670
:103CB00088B9364A01213648FFF714FF354806F027
:103CC000C7F9304B1A68259B5A404FF0000357D074
:103CD00007F0E2FB044629462B4814AA239401F07E
:103CE0007FF9C11D034607D001280BD901212A4ABB
:103CF0002748FFF70DFF0BE00A230221274A24483B
:103D0000FFF706FF072312A88DF8483000F0BCFC2F
:103D1000204608F09BF8219808F098F8CEE728464E
:103D200000F0C0FF044630B1102108F0E7F8044667
:103D300008B91B4ABEE7284602A90F9400F0E4FF29
:103D4000C21D034607D0012810D90121124A10488C
:103D5000FFF7DEFE10E00221124A0D48FFF7C2FE17
:103D60000A230221104A0A48FFF7D2FE07236846B9
:103D70008DF8003000F088FC002C9FD02046CBE767
:103D800027B030BD589A032000FD02202FF7010014
:103D900068E5010020CC0020BDF701005BF70100C1
:103DA000E7F7010014F8010083F7010010B504469D
:103DB00094B01D4B4822002168461B6813934FF0B6
:103DC00000030AF03DF8204602A901F099FB0346E2
:103DD00068B10121154A1648FFF79AFE124B1A687E
:103DE000139B5A404FF000031CD007F055FB9DF881
:103DF00008305A1E032A01D9072BEFD1DDE904212F
:103E0000A2F59C53083B0B4308D00A4308D00A2371
:103E100068468DF8003000F037FCDFE70823F7E74D
:103E20000923F5E714B010BD589A03203BF80100B0
:103E300068E5010010B5044694B0134B48220021F8
:103E400068461B6813934FF0000309F0F9FF204602
:103E500002A901F0C3FB034668B101210B4A0C48DB
:103E6000FFF756FE084B1A68139B5A404FF00003A9
:103E700008D007F011FB0B2368468DF8003000F0E6
:103E800003FCEFE714B010BD589A032077F8010047
:103E900068E5010007B5134B13481B6801934FF009
:103EA000000303F085FF034678B101210F4A104853
:103EB000FFF72EFE6FF00D000A4B1A68019B5A4067
:103EC0004FF000030AD007F0E7FA0A4803F070FF4A
:103ED0000028F1D003460221074AE8E703B05DF865
:103EE00004FB00BF589A0320A7F80100B2F80100B4
:103EF00068E5010096FC0100E8F8010037B5204BA9
:103F00000C461B6801934FF00003054640B989B386
:103F10000846F5F781F9082820D06FF0150014E065
:103F2000F5F77AF90828F8D1DCB12046F5F774F9ED
:103F30000828F2D10922294612480AF010F809226D
:103F4000214611480AF00BF800200D4B1A68019B1E
:103F50005A404FF0000310D007F09EFA094B1D7035
:103F6000EDE709222946074809F0F9FF0022064B30
:103F70001A70E9E7034B1970F8E703B030BD00BFD2
:103F8000589A032066CA00206FCA002013B51D4B43
:103F90001B6801934FF0000378B31B48F5F73CF919
:103FA00004461A48F5F738F9082C1DD1082816D10F
:103FB000164A1549164803F0FBFE38B103460121A5
:103FC0001448154AFFF7A4FD6FF00D000D4B1A6859
:103FD000019B5A404FF0000311D007F05DFA0A49E7
:103FE0000E4803F0E5FEE8E7082802D107490C482F
:103FF000F7E70C4803F0DCFEDFE70B48FAE702B016
:1040000010BD00BF589A032066CA00206FCA002066
:104010001EF9010068E5010065F9010035F90100AC
:1040200047F901005AF90100A1FC0100F0B5414B2C
:104030008DB01B680B934FF0000300230D4606461E
:10404000CDE90233CDE90533CDE908338DF81030E1
:104050008DF81C308DF82830002865D0002963D0F9
:10406000354CA0212046354A237003F005FF034656
:1040700078B10121324A3348FFF74AFD6FF00D0451
:104080002C4B1A680B9B5A404FF000034FD007F09F
:1040900003FA20462C2109F04DFF044648B96FF081
:1040A0004C04EDE734B90121274A2648FFF71AFDF1
:1040B000F5E70C27601C2C2109F03CFF013F04466A
:1040C000F0D10028EFD00822811C0DEB020009F08E
:1040D00074FF601C2C2109F02DFF04460028E2D05B
:1040E000811C082205A809F068FF2C21601C09F03A
:1040F00021FF0028D7D0811C082208A809F05DFF05
:104100006B4608AA05A902A800F08AFB044630B154
:10411000034601210D4A0B48FFF7FAFCB0E7009B6C
:104120003360019B2B60ABE76FF01504A8E72046D6
:104130000DB0F0BD589A03205EFC022094F90100F6
:10414000A1F9010068E50100BEF90100D8F90100FC
:104150002DE9F041A6B00024054602AF634B48228A
:10416000002107F140001B68C7F88C304FF00003B6
:1041700009F066FE3022214607F11000BC7107F1FC
:10418000080809F05DFEFB1DBC60C8F80440012171
:104190000093284607F11003BA1D00F03DFCF0B172
:1041A0006E468AB002AA524BD561C2E9053040F290
:1041B000013313844F4B42F8103F4FF41151234603
:1041C0004D48F9F721F8B546484B1A68D7F88C30B6
:1041D0005A404FF0000300F0858007F05DF9BB798D
:1041E00003F0FB03012B04D1BB6901335CD1042331
:1041F000BB7100F02DFA0028E6D1404ABB79117856
:10420000994208D087F8400007F14000137087F802
:10421000483000F039FA3A4BB9699A68914203D1B3
:10422000DB68FA699A421DD00423354D07F110046A
:1042300087F840300FCC0FC50FCC0FC594E80F00A6
:1042400085E80F0007F1480607F110050FCD0FC6EE
:104250000FCD0FC694E80F0086E80F0007F140006D
:1042600000F012FA274AFB791178994209D01370AD
:10427000052207F1400087F8402087F8483000F019
:1042800003FABC7904F0FB04012C9DD1404607F1F0
:104290000C01FFF7CBFE58B14D3095D021461A4A9C
:1042A0001548FFF71FFC8FE7184805F0D1FEA0E77F
:1042B000174BB9681A6891421A4603D15B68F968CE
:1042C000994281D098E80300012387F8403007F134
:1042D000480382E8030083E8030007F1400000F090
:1042E000D3F971E79037BD46BDE8F081589A0320B5
:1042F00005FA01000400000168E50100FFFC02204E
:10430000D0D50020FEFC022031FA0100F0CB0020C5
:10431000B8E2002007B50D4A0346126801924FF03B
:10432000000200220A48114603F042FD074B002814
:1043300018BF6FF00D001A68019B5A404FF0000340
:1043400001D007F0A9F803B05DF804FB589A0320E8
:104350004FFA01002DE9F04F2D4B85B01B680393F8
:104360004FF0000304220523CDE90123A8B9294811
:1043700003F01EFD0346002845D0274A27480121A7
:10438000FFF7C6FB6FF00D00214B1A68039B5A40E4
:104390004FF0000339D007F07FF80026DFF8808067
:1043A000DFF88090DFF880A001AF57F8044B1F4D75
:1043B000042C14BFC346CB46584618BF5546F4F7E5
:1043C0002BFF04280AD15A462146194803F0F0FC75
:1043D000034640B1174AD1E70126E6E721461648D1
:1043E00003F0E6FCF4E72846F4F716FF042808D1AA
:1043F0002A462146114803F0DBFC034608B1104A67
:10440000BCE7002EE8D00020BEE705B0BDE8F08F85
:10441000589A0320ABFC010064FA010068E5010032
:1044200078CA00207DCA002002FD022007FD02207C
:104430008FFA0100B2FA0100A3FA0100DCFA0100D0
:10444000EDFA010037B51C4B421E062A05460C4604
:104450001B6801934FF0000310D90346174A184810
:104460000121FFF755FB6FF01500134B1A68019BF4
:104470005A404FF000031DD007F00EF8042902D96E
:104480000B46104AEBE7104A525C104951F82010D5
:104490000F4803F08DFC40B10346012108480D4A46
:1044A000FFF736FB6FF00D00DFE70B4A0B4B157083
:1044B0001C70DAE703B030BD589A032017FB0100E7
:1044C00068E5010039FB010091FC010028E80100CA
:1044D0005EFB010074FB010065CA002064CA002075
:1044E00037B5234B042804461B6801934FF00003A3
:1044F00021D8042824D8DFE800F02C0A2C232C0033
:1045000001231C4AAB40134223D1012D18D1FFF7E0
:10451000C1FC0346E8B10121174A1848FFF7F8FA31
:104520006FF00D00124B1A68019B5A404FF00003C8
:104530001BD006F0B1FFA0F11405EDB2182DDFD9A4
:104540000E48234601210E4AFFF7E2FA6FF01500EC
:10455000E8E721460B4803F02BFC0028E2D00121BC
:10456000094A0648FFF7BEFADAE703B030BD00BFDC
:10457000589A0320010C300199FB010068E5010005
:10458000C3FB0100DFFB0100EAFB010007B50C4B98
:1045900000201B6801934FF00003FFF7A1FF084BB9
:1045A000002818BF6FF00D001A68019B5A404FF0A9
:1045B000000301D006F070FF03B05DF804FB00BFFC
:1045C000589A032013B5094B1B6801934FF0000361
:1045D000064B1C68019B5C404FF0000301D006F0C5
:1045E0005BFF02B0BDE81040F8F7A2BE589A032066
:1045F00037B5094C246801944FF00004064C256837
:10460000019C65404FF0000401D006F045FF03B067
:10461000BDE83040F8F7A4BE589A032007B50A4B0E
:104620001B6801934FF00003074B1A68019B5A4027
:104630004FF0000301D006F02FFF044803B05DF8EF
:1046400004EB05F0F9BA00BF589A0320A0CB002074
:1046500007B50B4B1B6801934FF00003094B18681B
:10466000074BB0FA80F01A68019B5A404FF00003E4
:104670004FEA501001D006F00FFF03B05DF804FBC5
:10468000589A0320C0E2002037B51A4B1A4C1B6819
:1046900001934FF000032368054613B34FF0FF3337
:1046A0004FF0FF32154805F017FB23680BB11C686B
:1046B00043B9104B1A68019B5A404FF000030BD0CE
:1046C00006F0EAFE28465B6898471CB1226823463C
:1046D0001446EDE72246FAE703B0BDE83040FFF7A5
:1046E0009DBF044B1A68019B5A404FF00003E7D16D
:1046F00003B030BD589A0320C0E20020A0CB0020B8
:1047000073B5144B0E4614461B6801934FF000031B
:10471000054600B172B901210F4A1048FFF752FF58
:1047200000200C4B1A68019B5A404FF000030FD039
:1047300006F0B2FE1046F4F76FFDB042F0D83246F4
:104740002146284609F05FFBB0FA80F04009E8E70F
:1047500002B070BD589A0320B7FC010068E5010063
:1047600073B5194B0C46054616461B6801934FF06E
:104770000003FAF721FC002322460360694628461D
:1047800007F0D4FF009B0446AB420AD16FF03C0017
:104790000D4B1A68019B5A404FF0000312D006F0EF
:1047A0007BFE1B78002BF1D100F10043013B03336A
:1047B00002D800203460EBE7FAF7FEFB0368222BF7
:1047C000F7D1E3E702B070BD589A032030B5102549
:1047D000124B87B01B6805934FF0000314466B46DD
:1047E00001AA0095FFF722F968B9009B2246183309
:1047F0006B4403F8140C294601A8FFF7B1FF002809
:1048000018BF6FF03C00054B1A68059B5A404FF0EB
:10481000000301D006F040FE07B030BD589A0320D7
:104820002DE9F7434FF000081C46434B07461B6831
:1048300001934FF000030E461546CDF80080F4F7C3
:10484000EBFC08281BD13046F4F7E6FC082816D10B
:104850002846F4F7E1FC082811D13288B378ADF886
:1048600000204146022268468DF8023008F078F8B0
:1048700007280FD9314A01213148FFF7A3FE6FF015
:1048800015002D4B1A68019B5A404FF0000350D081
:1048900006F002FE2B4B022253F820904146F01CFA
:1048A00008F05EF8B9F1000F11D14FF0FF3323602B
:1048B0002A88AB78ADF800200021022268468DF8E6
:1048C000023008F04DF8072815D91F4AD3E709FB35
:1048D00000F020600130EBD03A88BB78ADF80020C2
:1048E0000021022268468DF8023008F039F80728C6
:1048F0000FD9164ABFE7164B53F820600EB9154A78
:10490000B9E702220021E81C08F02AF87043206071
:10491000E2E7114B022253F820500021F81C08F066
:104920001FF81DB1454300206560AAE74FF0FF3531
:10493000F9E703B0BDE8F083589A0320DCFD0100DD
:1049400068E5010070E8010011FE01005DFE010054
:1049500090E801003DFE010090E80100F0B5284B11
:1049600085B00D4604211B6803934FF0000300231C
:1049700007460DEB01001646CDE90133FEF78EFE2A
:10498000044670B1034601211E4A1F48FFF730FE5E
:104990001B4B1A68039B5A404FF000032CD006F0C3
:1049A0007BFD014601AA3846FEF704FE044648B1E5
:1049B0000346164A01211448FFF71AFE01A8FEF724
:1049C000B9FEE5E76A46314601A8FEF7DFFF044677
:1049D00010B103460E4AEDE7009B1BB1012B03D13A
:1049E0002B70EBE70346FBE701210A4A0648FFF775
:1049F000FFFD6FF01504E1E7204605B0F0BD00BFF4
:104A0000589A0320D0FC010068E5010080FE0100F7
:104A1000ABFE0100D4FE01002DE9F0431D46674BBB
:104A20008DB01B680B934FF0000300239046069354
:104A30000722ADF81C308DF81E30092381460E4642
:104A400004A80B21CDE90123149FFEF727FE04469D
:104A500078B1034601215A4A5A48FFF7C9FD574B1E
:104A60001A680B9B5A404FF0000300F0A38006F039
:104A700013FD014604AA4846FEF79CFD044648B1D2
:104A80000346514A01214F48FFF7B2FD04A8FEF743
:104A900051FEE4E7014601AB06AA04A8FEF7C6FFF3
:104AA000044610B10346494AECE7494A019906A871
:104AB000FFF726FEF8B103AAC6F1020104A8FEF72B
:104AC00065FF041E34D1039B052B19DC002B25DB6D
:104AD000B8F1000F11D1002D34D10024002FD5D012
:104AE00003AAC6F1050104A8FEF750FF00285FD114
:104AF0009DF80C303B700024C8E788F80030EAE7E6
:104B00005A2B0BD1B8F1000F01D088F80030002DDE
:104B1000E3D04FF0FF33C5E90233DEE701212D4A30
:104B20002848FFF765FD6FF0150423462A4AA9E7D8
:104B3000FBDBB8F1000F01D088F80040002DCCD08D
:104B40005A2CE6D004A8FEF7A5FF0328E1D9C6F148
:104B5000030102AB08AA04A8FEF768FF0146C0B92A
:104B6000029B102230336B4403F8100C08A807F0A6
:104B7000F7FE0923E860029308AA02ABC6F104011C
:104B800004A8FEF753FF044630B14FF0FF33AB608B
:104B9000A4E74FF0FF30ECE7029B014630336B4453
:104BA00003F8100C102208A807F0DAFEA86094E7BA
:104BB00000239FE720460DB0BDE8F083589A0320FC
:104BC000D0FC010068E50100F0FE01001DFF0100BE
:104BD00059FC010046FF01006EFF01007FB52A4B22
:104BE00006461B6803934FF0000300230D46CDE9F2
:104BF0000133002942D0002840D004210DEB0100F0
:104C0000FEF74CFD044670B1034601211F4A2048BF
:104C1000FFF7EEFC1C4B1A68039B5A404FF0000351
:104C20002FD006F039FC014601AA3046FEF7C2FC3F
:104C3000044648B10346174A01211548FFF7D8FC3E
:104C400001A8FEF777FDE5E72A46022101A8FEF755
:104C5000C7FE044610B103460F4AEDE70F49D5E9F8
:104C6000003299424FF008039341E9D202210C4AE5
:104C70000748FFF7A7FC6FF01504E1E76FF0150494
:104C8000C8E7204604B070BD589A0320D0FC01004C
:104C900068E501009BFF0100C8FF010000E099509A
:104CA000F5FF010007B5154B1B6801934FF000039A
:104CB00070B90121124A1348FFF784FC00200F4B02
:104CC0001A68019B5A404FF0000313D006F0E4FB32
:104CD0000023013810F8012F2C2A01D10133F9E704
:104CE000002AF7D10A2BE9D9A3F109000523B0FB6B
:104CF000F3F0E4E703B05DF804FB00BF589A03202B
:104D00002200020068E501002DE9F043AE4B8DB0B2
:104D10001B680B934FF000030D460B230021074641
:104D2000CDE908110393CDF82710421E12F8013F78
:104D30002C2B01D10131F9E7002BF7D185F8303068
:104D40004FF0FF330331AB6004A8FEF7A7FC044625
:104D500078B1034601219D4A9D48FFF749FC9A4BD3
:104D60001A680B9B5A404FF0000300F0298106F0AF
:104D700093FB014604AA3846FEF71CFC044658B1D2
:104D8000C31D15D00346934A01219148FFF730FC1B
:104D900004A8FEF7CFFCE2E70646002103AB08AA11
:104DA00004A8FEF743FE044620B103468A4AEBE717
:104DB0000126F2E7894A039908A8FFF7A1FC002819
:104DC00000F0A5806A46012104A8FEF7DFFD044635
:104DD0000028DDD1009B002B40F0F080022101AAC9
:104DE00004A8FFF7F3FC04460028D1D1019B4FF043
:104DF0000708B3F1805FA4BF4FF0FF330193019B1D
:104E00000321AB6006AA02AB04A8CDF80880FEF728
:104E10000DFE04460028BBD1029B0A2130336B44AF
:104E200003F8180C2A1D0DF11B00FFF799FC04462E
:104E30000028ADD18DF81B002A460A2106A8FFF7ED
:104E40008FFC04460028A3D1042101AA04A8FFF77F
:104E5000BDFC044600289BD1019B0521EB6001AA03
:104E600004A8FEF793FD0446002891D1019B06217A
:104E7000AB8205F1100204A8FEF788FD0446002865
:104E800086D1414605F1280204A8FEF727FD044615
:104E900000287FF47DAF082101AA04A8FEF776FD63
:104EA000044600287FF474AF019B09216B8501AA99
:104EB00004A8FEF76BFD044600287FF469AF019B50
:104EC0000A21AB8505F1200204A8FEF789FD0446FE
:104ED00000287FF45DAF3846FFF7E4FE85F8300028
:104EE000C0B200EB800000F10B0404A8FEF7D2FD75
:104EF00084420ED2214605F1180204A8FEF770FD87
:104F0000044600287FF444AF95F8303033B90024CC
:104F10003EE700220023C5E90623F5E76B6B002B73
:104F2000F5D00F274FF0000895F83030984504D39E
:104F3000002EECD06FF006042AE76A6B391F02EBF3
:104F4000081204A8FEF722FD4FEA081904460028BB
:104F50007FF41EAF6A6BF91E4A44083204A8FEF7BC
:104F6000BDFC044600287FF413AF01AAB91E04A8B3
:104F7000FEF70CFD044600287FF40AAF6B6B019A24
:104F80004B445A81791E01AA04A8FEF7FFFC04468F
:104F900000287FF4FDAE6B6B019A4B449A816A6BDB
:104FA00039464A44043204A8FEF7F0FC05370446AB
:104FB00000287FF4EDAE08F10108B5E70124E7E62B
:104FC00020460DB0BDE8F083589A0320D0FC0100C4
:104FD00068E501004C0002001DFF010037FC0100E4
:104FE0002DE9F04FA3B0B04B02AFF8601B68FB6730
:104FF0004FF00003002316460B220D469946C7E9E1
:105000001C33FA62C7F877304A1E12F8013F2C2B86
:1050100002D109F10109F8E7002BF6D14FF0FF3278
:10502000302409F1030886F8383086F83030B26051
:10503000F968497899421AD8414607F13000FEF7DD
:105040002DFB0446E8B10346984A01219848FFF732
:10505000CFFA07F13000FEF76DFB934B1A68FB6F38
:105060005A404FF0000300F02B8206F015FA04FBC3
:1050700003F0F16B013301448A60F16B01448A82D1
:10508000D6E7014607F130022846FEF793FA0446B8
:1050900048B3C31D02D00346864AD6E7EA468AB023
:1050A00002AA854BC2E90705C2E9053840F202436E
:1050B0009384824B42F8103F00234FF432517C48D6
:1050C000F8F7A2F80123D5467B61002107F12C03F4
:1050D00007F1700207F13000FEF7A8FC044620B18A
:1050E0000346774AB1E77861EFE7764AF96A07F154
:1050F0007000FFF705FB386130B90121724A6C4836
:10510000FFF760FA0024A4E7012107F1200207F16C
:105110003000FEF73BFC044600289AD13C6A012C83
:1051200097D0022C04D12146684A6148FFF74AFA19
:105130004FF0000A0125D046A9F10A037B607B6885
:10514000AB4203D9FB685B7843450CD87B69002BE5
:10515000D8D06FF0060301215D4A5548FFF748FAA1
:105160006FF0060475E705F10109494607F12402CD
:1051700007F13000FFF72AFB044690B16D468AB074
:1051800002AA544BC2E90780C2E90539052342F857
:10519000103F00234FF421514548F8F735F8AD464C
:1051A00057E77B6AB3F1805F07DB02214A4A404838
:1051B000FFF71EFA4FF0FF337B627B6A07F168024C
:1051C0003B640723A91CBB6207F1300007F12803E9
:1051D000FEF72CFC044610B10346404A35E7BB6A93
:1051E00007F118026833134403F8180C0A2107F179
:1051F0003C0207F16B00FFF7B3FA044610B12346F7
:10520000374A22E787F86B000A2107F1380207F1D5
:105210006800FFF7A5FA04460028F0D107F1240240
:10522000E91C07F13000FFF7D1FA044638B101213B
:10523000009043462B4A1E48F8F7ACF809E77B6A12
:1052400007F12402291D07F130007B64FEF79EFB65
:10525000044610B10346244AF7E67B6A07F1500280
:10526000691D07F13000A7F84C30FEF7B9FB044682
:1052700010B103461D4AE8E607F14802A91D07F1EF
:105280003000FEF783FB044610B10346184ADCE603
:1052900007F16002E91D07F13000FEF71FFB04462D
:1052A00050B30346134AD0E6589A03207E0002000A
:1052B00068E501004C000200B50002000500000195
:1052C0001DFF010037FC0100F20002001101020085
:1052D000C9040200480102007A010200BD01020077
:1052E000DD010200F60102002C020200560202005B
:1052F0008A020200AC02020007F1620205F1080115
:1053000007F13000FEF7EAFA044610B103466F4A8F
:105310009BE607F1640205F1090107F13000FEF791
:10532000DDFA044610B10346694A8EE607F15802D9
:1053300005F10A0107F13000FEF752FB044610B1F7
:105340000346644A81E607F11E0205F10B0107F1ED
:105350003000FEF7C3FA044610B103465E4A74E615
:105360000C35294607F11E0207F13000B7F91E90EF
:10537000FEF7B4FA044610B10346584A65E6B9F19F
:10538000000F00F08580B44607F1380EBEE80F002C
:10539000ACE80F00BEE80F00ACE80F009EE80F007D
:1053A00097F81E908CE80F00B9F1000F1DD0B9F1ED
:1053B0000A0F15D90A240A230221494A4948FFF74E
:1053C00017F93B697B611021204606F097FD48B92B
:1053D0000221454A4348FFF7F5F808F10108AEE617
:1053E0004C46F0E7706386F830404FF00009BC602F
:1053F000BB684B45F1D0726B691C02EB091207F1D7
:105400003000FEF7C3FA4FEA091B044610B1034609
:10541000364A1AE6726BA91C5A44083207F130006A
:10542000FEF75CFA044610B10346314A0DE607F177
:105430002402E91C07F13000FEF7A8FA044610B177
:1054400003462C4A01E6736B7A6A5B445A81291D34
:1054500007F1240207F13000FEF798FA044610B174
:105460000346254AF1E5736B7A6A5B449A81726B55
:1054700005355A442946043207F13000FEF786FA12
:10548000044610B103461D4ADFE509F10109AFE703
:105490003023F46B07F1380C03FB0A44BCE80F001F
:1054A0000FC4BCE80F000FC49CE80F0084E80F0095
:1054B00096F838300AF1010A013386F838308CE763
:1054C00020468437BD46BDE8F08F00BFD4020200FD
:1054D000F402020014030200390302005C0302001C
:1054E0008603020068E50100DE03020012040200E8
:1054F000360402006004020082040200A4040200D8
:105500007FB5304B06461B6803934FF00003002322
:105510000D46CDE9013300294ED000284CD004219E
:105520000DEB0100FEF7BAF8044670B10346012105
:10553000254A2648FFF75CF8224B1A68039B5A401D
:105540004FF000033BD005F0A7FF014601AA30460B
:10555000FEF730F8044630B103461D4A01211B48CE
:10556000FFF746F818E001210DF1020201A8FEF74D
:10557000E3F9044610B10346164AEFE7BDF80230DE
:1055800001A82B70FEF786FA022809D84FF0FF32E7
:105590004FF0FF33C5E9022301A8FEF7CBF8CBE7B4
:1055A000022105F1080201A8FEF71AFA04460028B4
:1055B000F2D00346084AD1E76FF01504BCE7204655
:1055C00004B070BD589A0320D0FC010068E50100CA
:1055D000F50402002705020050050200F7B51A4B3A
:1055E0000E461B6801934FF00003044630B329B305
:1055F0000821164AFFF784F878B915480121154AA1
:10560000FEF7E0FF6FF004000F4B1A68019B5A4051
:105610004FF0000315D005F03FFF00250E4F083472
:10562000214657F8040BF3F7EDFD08B93570EBE7A9
:1056300001350A2DF4D16FF03C00E5E76FF015005D
:10564000E2E703B0F0BD00BF589A032085050200D1
:1056500068E501008E05020048E8010073B50D4BB6
:105660000D4C1B6801934FF000030C4EC5B2B442C1
:1056700008D3084B1A68019B5A404FF0000307D02B
:1056800005F00AFFD4E90031284698470834EEE7D0
:1056900002B070BD589A0320E00B0200E00B02003C
:1056A00007B50F4B1B6801934FF0000308F09BFBFD
:1056B0000B4B60B11A68019B5A404FF0000301D0B8
:1056C00005F0EAFE03B05DF804EBFEF75FBF1A6871
:1056D000019B5A404FF00003F2D103B05DF804FB88
:1056E000589A032013B5294B29492A481B6801936E
:1056F0004FF00003FEF702FC034680B1234A116815
:10570000019A51404FF0000201D005F0C5FE224A37
:105710000121224802B0BDE81040F7F721BEFEF794
:1057200035FC044648B1194B1A68019B5A404FF0AA
:105730000003EAD103461A4AEAE7FEF7EBFD2046EA
:10574000FEF708FE034640B1104A1168019A514025
:105750004FF00002D9D1134ADAE70146124802F0AD
:1057600027FB034640B1094A1168019A51404FF0A6
:105770000002CAD10D4ACBE7044B1A68019B5A407C
:105780004FF00003C1D102B010BD00BF589A0320F2
:105790004D060200560602005F06020068E50100A1
:1057A00080060200A0060200C1060200CC0602002C
:1057B00007B51A4B1B6801934FF00003034680B1F5
:1057C000164A1168019A51404FF0000201D005F0CD
:1057D00063FE134A0121134803B05DF804EBF7F7A9
:1057E000BFBD114B1978114B1878FEF72BFE0346FD
:1057F00040B10A4A1168019A51404FF00002E6D1C7
:105800000B4AE7E7054B1A68019B5A404FF000032B
:10581000DDD103B05DF804EBFFF764BF589A0320B5
:10582000EC06020068E5010064CA002065CA002099
:105830002107020007B5074B1B6801934FF00003D7
:10584000F7F7E2FA04480121044AF7F771FD002056
:10585000F8F77CFD589A032048E50100570702003D
:1058600007B5134B014613481B6801934FF0000323
:1058700002F09EFA034680B10D4A1168019A514028
:105880004FF0000201D005F007FE01210A4A0B4843
:1058900003B05DF804EBF7F763BD054B1A68019B95
:1058A0005A404FF00003EED103B05DF804FB00BF97
:1058B000589A03202EFA01007407020070E50100D7
:1058C00007B50F4B1B6801934FF0000303786BB1D2
:1058D0000B4B1A68019B5A404FF0000301D005F0B2
:1058E000DBFD03B05DF804EBFFF7BABF044B1A68A9
:1058F000019B5A404FF00003F1D103B05DF804FB67
:10590000589A032007B5184B1B6801934FF000030A
:1059100000BB1648FFF7D4FF1548FFF7D1FF134827
:10592000FFF7CEFF1148FFF7CBFF1048FFF7C8FF86
:105930000E48FFF7C5FF0C4B1A68019B5A404FF009
:10594000000301D005F0A8FD084803B05DF804EBA2
:10595000FFF7B6BF044B1A68019B5A404FF0000393
:10596000F0D103B05DF804FB589A0320130602003F
:105970009A07020007B50A4B0A461B6801934FF0CD
:105980000003074B1968019B59404FF0000301D0F9
:1059900005F082FD012103B05DF804EBF7F7C8BC08
:1059A000589A032013B50E4B0E490F481B680193FC
:1059B0004FF0000300F08CF9044628B101210346A2
:1059C0000A4A0B48F7F7CCFC054B1A68019B5A4072
:1059D0004FF0000301D005F05FFD204602B010BD7E
:1059E000589A0320695C0100C8E20020C007020049
:1059F00098E501002DE9F04182B0DFF8F8817E4B97
:105A0000D8F8704000AF072C0D461B687B604FF044
:105A1000000300F0080662D0132C00F0A780052CCC
:105A200040F0C180D8F8548074497548FFF7A2FF50
:105A300018F4805F48D073497148FFF79BFF172423
:105A400018F4006F04D070496D48FFF793FF1824D5
:105A500018F4007F0ED06D496948FFF78BFF6C4B3F
:105A600018F4004F9B6B04D001216A4A6448F7F791
:105A700077FC192418F4806F04D067496048FFF759
:105A800079FF1A2418F4807F20D064495C48FFF71E
:105A900071FF1B24EB69002E40F0A380C3F30802C2
:105AA00022B96FEA53236FEA4323EB61294620466C
:105AB000F8F7AAF8504B1A687B685A404FF0000379
:105AC00000F0948005F0E8FC1624B9E718F4005FB4
:105AD000E0D053494A48FFF74DFF1C24DAE7D8F8D5
:105AE0005C4047484F49FFF745FF600606D5D8F8A8
:105AF000683001214C4A4248F7F732FCE10705D5EE
:105B00004A493F48FFF736FF2624C3E7A20705D5D9
:105B100047493B48FFF72EFF2724BBE7630705D51E
:105B200044493748FFF726FF2824B3E7200705D567
:105B300041493348FFF71EFF2924ABE7E10605D5AD
:105B40003E492F48FFF716FF2A24A3E7A20605D5F2
:105B50003B492B48FFF70EFF2B249BE723063ED53E
:105B600038492748FFF706FF2C2493E7D8F86C80C4
:105B700035492348FFF7FEFE18F0020F03D03349E2
:105B80001F48FFF7F7FE18F0010F03D030491C48FB
:105B9000FFF7F0FE18F0040F3FF47CAF2D491848D2
:105BA000FFF7E8FE76E72C4A2C4BE8468AB00F2C2C
:105BB000C8BF13466A462A49103CC2E905134FF490
:105BC00000731384274BD46142F8103F00234FF435
:105BD00011510B48F7F718FB0024C5465AE7252456
:105BE00058E723F4FF7323F001035EE70837BD464F
:105BF000BDE8F081C8E20020589A03202DF1010091
:105C000098E5010043F10100A7EF010054F1010004
:105C100000ED00E06DF1010082F101009DF1010055
:105C200007F00100FA07020013080200230802002F
:105C30003908020057080200720802008F080200AB
:105C4000A4080200BE080200D1080200EB0802000E
:105C50001B09020049090200CAF10100B5F1010067
:105C6000ABF201000400000100B5174B8BB01B68BC
:105C700009934FF00003154B01A95A6AD86C0192A1
:105C80009A6A20F005000292DA6A03921A6B049273
:105C90005A6B05929A6B0692DA6B07921A6C1B6D1F
:105CA00008929B0748BF40F00400FFF7A3FE064B95
:105CB0001A68099B5A404FF0000301D005F0ECFB35
:105CC0000BB05DF804FB00BF589A0320C8E2002027
:105CD00000B51A4B89B01B6807934FF0000305AB62
:105CE00001930823029304230691CDE904300DEBC0
:105CF0000301032003AACDF80CD000F07DF80228A0
:105D0000009B0FD0032810D090B9181E18BF012097
:105D100040420A4B1A68079B5A404FF000030AD0D2
:105D200005F0BAFB6FF01500F3E76FF08500F0E7C0
:105D30004FF0FF30EDE709B05DF804FB589A0320FF
:105D400007B5094B1B6801934FF00003064B1A6817
:105D5000019B5A404FF0000301D005F09DFB00204D
:105D600003B05DF804FB00BF589A03202DE9F0430F
:105D70001F461E4BA5B01B6823934FF000031C4B1E
:105D8000044693F800800D461646DDF8B090B8F151
:105D9000000F1AD101A8F8F781FA4B463A4631466E
:105DA0002846A047044601A8F8F78CFAB8F1000F7E
:105DB00002D0104803F040FF0C4B1A68239B5A4056
:105DC0004FF000030DD005F067FB4FF0FF324FF0AE
:105DD000FF33084803F080FF0028DBD06FF0830416
:105DE000EAE7204625B0BDE8F08300BF589A0320BB
:105DF00016FD0220DCCB002010B5174B88B01B68C5
:105E000007934FF000030023CDE9053302AB039362
:105E1000042302900493D9B10B6805934B68069351
:105E20000223111E18BF01210C48CDE9002103AA4D
:105E300040F2F53100F05AF8074B0028B8BF0120B6
:105E40001A68079B5A404FF0000303D005F024FB6B
:105E50000123E6E708B010BD589A03200501004071
:105E600007B5094B1B6801934FF00003064B1A68F6
:105E7000019B5A404FF0000301D005F00DFB0020BC
:105E800003B05DF804FB00BF589A032070B53026BC
:105E9000144B94B01B6813934FF0000307AB0546F7
:105EA0000C4632460021184607F0CAFFCDE90554DA
:105EB000CDE903068CB1012305AA009200210A480E
:105EC000019303AA00F012F8064B1A68139B5A407C
:105ED0004FF0000303D005F0DFFA2046F4E714B0DA
:105EE00070BD00BF589A03200001004073B5174DE4
:105EF000B1F5004F2D6801954FF00005079C19D2B0
:105F0000042B17D8042C15D8104D2E68019D6E4017
:105F10004FF0000501D005F0BFFA240444EA036401
:105F2000134644EA01020146094802B0BDE8704048
:105F3000FFF71CBF054B1A68019B5A404FF0000346
:105F4000E9D16FF0800002B070BD00BF589A032005
:105F5000217C000007B5084B1B6801934FF000033C
:105F6000054B1A68019B5A404FF0000301D005F021
:105F700093FA03B05DF804FB589A032007B5094B68
:105F80001B6801934FF00003064B1A68019B5A40AF
:105F90004FF0000301D005F07FFA03B05DF804EB89
:105FA000004700BF589A032007B5094B1B680193AF
:105FB0004FF00003064B1A68019B5A404FF0000354
:105FC00001D005F069FA03B05DF804EB03F086B880
:105FD000589A032037B5144B1B6801934FF0000308
:105FE0000468ECB1B4FA84F30122C3F11F03DBB2FD
:105FF0009A4024EA0202D0E8EF5FA54204D1C0E84B
:10600000EC2FBCF1000FF6D1EAD108480B70064B1B
:106010001A68019B5A404FF0000303D005F03CFA88
:106020000348F4E703B030BD589A03200000AD0BDD
:106030000200AD0B13B5134B1B6801934FF0000327
:106040000368CB40DB0718D401238B40026843EA86
:106050000201D0E8EF4F944204D1C0E8EC1FBCF13C
:10606000000FF6D1F2D10848064B1A68019B5A403E
:106070004FF0000303D005F00FFA0448F4E702B034
:1060800010BD00BF589A03200000AD0B0400AD0BFB
:1060900007B50A4B1B6801934FF00003084BC3F888
:1060A0000405064B1A68019B5A404FF0000301D0CB
:1060B00005F0F2F903B05DF804FB00BF589A032025
:1060C0000070014013B50B4B40F000401B6801937A
:1060D0004FF00003074BC1F88000C2F880001A6837
:1060E000019B5A404FF0000301D005F0D5F902B0F2
:1060F00010BD00BF589A0320F7B5314B04461B680A
:1061000001934FF0000350B1012829D02C4B1A689D
:10611000019B5A404FF0000350D005F0BDF9022218
:10612000284B0646C3F808230122DA60C3F80401AD
:10613000D3F80431012342F21075224F8DF8033059
:10614000D4B1012CE2D1D7F80C3403F4803386BBF0
:10615000002BDBD00120FFF727FF013DF3D1D5E76E
:106160000022184B0DF10306C3F808035860C3F86A
:106170000021D3F80031DDE7D7F8183403F4803379
:106180003EB9002BC2D00120FFF70EFF013DF3D135
:10619000BCE7D7F8182402F003023270002BB5D008
:1061A0009DF803000128B1D1FFF7FEFE013DC7D1E4
:1061B000ACE7D7F80C2402F00102EEE703B0F0BD23
:1061C000589A03200050004007B50D4B1B680193FF
:1061D0004FF000030B4B1A7962B9012218600A488C
:1061E0001A71074B1A68019B5A404FF0000303D005
:1061F00005F052F90548F4E703B05DF804FB00BF71
:10620000589A03203CE300200000AD0B0C00AD0BBE
:1062100007B50F4B1B6801934FF000030D4B1B6834
:1062200033B10520F8F7EAF910B90520F8F79EF91F
:106230000122094BC3F81825054B1A68019B5A40E7
:106240004FF0000301D005F027F903B05DF804FB1F
:10625000589A03203CE300200050004013B5324B15
:106260001B6801934FF0000350B1012850D02E4B12
:106270001A68019B5A404FF0000353D005F00CF907
:106280002A4BD3F81814D3F81824C90324D502F0E4
:106290000303022B05D0012B02D00020FFF72CFFB7
:1062A0000123224A0220C2F8183508224FF48273D3
:1062B000002103F1804303F5A04319601C68012409
:1062C00002F1804202F5A0421460194A12681AB322
:1062D000164BC3F80403CAE7D3F81424D207DFD55A
:1062E000D3F81C2402F00302013A012AD5D8104A3F
:1062F00012681AB10222C3F80423B8E7D3F80421C4
:10630000002AFBD00022C3F80421D3F80431AEE701
:1063100000224FF48073CBE71A68002AFCD0196082
:106320001B68A4E702B010BD589A0320005000403B
:106330003CE3002007B5094B1B6801934FF00003B5
:10634000064B1A68019B5A404FF0000301D005F03C
:10635000A3F803B05DF804EBFFF7CEBE589A032014
:1063600007B5224B1B6801934FF00003204BD3F875
:10637000002152B10020C3F80001D3F8002101220E
:10638000C3F808231B4B1B689847194BD3F804210B
:1063900082B10022C3F80421D3F80421D3F81824D1
:1063A000D3F81824022102F00302012A0CD1C3F809
:1063B00018159A600D4B1A68019B5A404FF0000364
:1063C0000BD103B05DF804FBC3F80813074B1A6840
:1063D000019B5A404FF0000301D005F05DF8012009
:1063E000044B1B6803B05DF804EB1847589A032070
:1063F000005000403CE3002007B50A4B01461B68F3
:1064000001934FF00003074B1A68019B5A404FF06D
:10641000000301D005F040F8034803B05DF804EB39
:10642000FFF7D8BD589A032004C9002007B50C4BCC
:106430001B6801934FF00003036803F01F025B0920
:10644000074B0260074818BF00201A68019B5A409A
:106450004FF0000301D005F01FF803B05DF804FB16
:10646000589A0320002584402DE9FF411E46DDE9AE
:106470000A582B4B1746019001A80C461B68039342
:106480004FF00003FFF7D2FF019B391E18BF012117
:1064900000EB8300231E18BF0123002E43EA4103B3
:1064A00014BF0C210021002D43EA010314BF4FF457
:1064B000E0610021B8F1000F43EA010314BF4FF47B
:1064C00040310021D0F800220B4322EA030304B13B
:1064D00024780FB13F787F001C430EB13678B600A8
:1064E0003C43BDB1297809023443B8F1000F03D011
:1064F00098F800804FEA08482143094B41EA080117
:10650000C0F800121A68039B5A404FF0000303D0F2
:1065100004F0C2FF2946E7E704B0BDE8F08100BF00
:10652000589A03207FB50E4B8DF80F101B6805930A
:106530004FF000030DF10F03019300231A46194693
:106540000093FFF791FF064B1A68059B5A404FF0E6
:10655000000301D004F0A0FF07B05DF804FB00BF0A
:10656000589A032073B5194B16461B6801934FF0D8
:10657000000301F1080330F813300446DA050D4634
:1065800009D5C3F3432300EBC302314650F833303F
:10659000526828469847A3687BB10C4A1168019A53
:1065A00051404FF0000201D004F076FF31462846FA
:1065B000E26802B0BDE870401847044B1A68019BBE
:1065C0005A404FF00003EFD102B070BD589A03203B
:1065D00073B532240279234B62431B6801934FF059
:1065E000000352FA81F2204B083233F81240E105E1
:1065F0002FD5C4F3432124F4F85423F81240642423
:106600000026027904FB02340E3434F8025F15F4DC
:10661000807F03D0C5F34325A9421AD00136202E2E
:10662000F3D164240025624302EBC1029D500D4A60
:106630001568019A55404FF0000201D004F02CFF7C
:10664000027904FB0230583002B0BDE87040FFF719
:10665000F1BC044B1A68019B5A404FF00003EDD186
:1066600002B070BD589A032008C9002007B50D4B31
:106670001B6801934FF00003322358430A4B50FA32
:1066800081F1083133F81100064B400B1A68019B69
:106690005A404FF0000301D004F0FEFE03B05DF855
:1066A00004FB00BF589A032008C9002007B50E4B11
:1066B0001B6801934FF00003322358430B4B50FAF1
:1066C00081F1083133F81100074B80F002001A689D
:1066D000019B5A404FF00003C0F3400001D004F08A
:1066E000DBFE03B05DF804FB589A032008C90020C4
:1066F00007B50D4B1B6801934FF00003322358433D
:106700000A4B50FA81F1083133F81100064BC0F3FF
:1067100040101A68019B5A404FF0000301D004F06A
:10672000BBFE03B05DF804FB589A032008C90020A3
:1067300007B50D4B024611F001001B6801934FF0A5
:10674000000304D009490B6A13600B6203B90020EF
:10675000054B1A68019B5A404FF0000301D004F02A
:106760009BFE03B05DF804FB589A0320002584408B
:10677000F7B5054600201B4B04461B6801934FF0FC
:106780000003012607468C4213D1174BD3F87C2116
:1067900032B10022C3F87C21D3F87C3140F00040B4
:1067A000104B1A68019B5A404FF0000318D004F0B8
:1067B00073FEE3B29B0003F580729B0806FA03F3B5
:1067C0001D420BD002F1804202F54432D2F800C0E3
:1067D000BCF1000F02D01760126818430134D2E7F1
:1067E00003B0F0BD589A0320001003402DE9F04F8C
:1067F0005D4B85B01B6803934FF0000305465B4B70
:10680000296DD3F80403C0B240F00040FFF7B0FF99
:10681000061E18DA0023E96D02A802934FF0010862
:10682000FFF786FF95F85C30DB0760D4296D4FF0E9
:106830000040FFF79DFFE96D02A8FFF779FF0028F0
:10684000F0D126F000460124002E70D1464B1A6884
:10685000039B5A404FF0000300F0828004F01CFEBE
:1068600094FAA4F4B4FA84F404F1080335F813900C
:10687000E10802AB5B5C04F0070208FA02F223EACB
:10688000020302AA535401A80194FFF7CFFD019B14
:106890004FEA990B803350F82370C9F3820A1BF03A
:1068A000040FD146C7F3014725D05246214628465A
:1068B000FFF758FE01A80194FFF7B8FD019BFFB256
:1068C000803350F82330C3F301439F4207D10021A6
:1068D0002046FFF727FE39462046FFF723FE01A892
:1068E0000194FFF7A3FD019B08FA03F30362029CE6
:1068F000002CB5D19AE7022F0DD103212046FFF7D6
:1069000011FE0AF00503012BE9D14A46214628462B
:10691000FFF728FEE3E702212046FFF703FEBAF166
:10692000030FF2D0032FDAD1BAF1020FECE796FA97
:10693000A6F3B3FA83F304FA03F29B0003F1804356
:1069400003F54433D3F8101526EA0206D3F81025D0
:106950002846C2F30142C1F30421FFF703FE73E7A7
:1069600005B0BDE8F08F00BF589A03200010034027
:1069700073B506791D4B054630460C461B680193DE
:106980004FF00003FFF7B4FE00B321463046FFF797
:106990008DFED8B121463046FFF768FE01232A68F4
:1069A0008340C2F808332A6803B202EB8303D3F8AA
:1069B000102522F00302C3F810250C4B1A68019B26
:1069C0005A404FF000030FD004F066FD074B1A68E1
:1069D000019B5A404FF00003F6D10021204602B03F
:1069E000BDE87040FFF79EBD02B070BD589A03200D
:1069F0002DE9F7433222294B294F1B6801934FF0B1
:106A0000000303790546534353FA81F3083337F8FB
:106A100013300C46DB07CEB23BD5FFF7A9FF95F844
:106A2000049021464846FFF763FE68B12146484678
:106A3000FFF71CFE0022D5F8008000B208EB8003AF
:106A4000C3F81025C3F8102521462846FFF7C0FDDE
:106A500032222B79684602FB03660023083627F8AA
:106A600016300094FFF7E2FC009B00EB8300D0F8A7
:106A700000220C4B134043F00203C0F800320A48D6
:106A8000064B1A68019B5A404FF0000303D004F0F4
:106A900003FD0648F4E703B0BDE8F083589A0320ED
:106AA00008C90020F0F8FCFF0000AD0B0400AD0B9E
:106AB0002DE9F043804BD2F8009085B004460D4696
:106AC00016461B6803934FF00003B9F1000F34D052
:106AD00032220079DFF8E481424352FA81F208322F
:106AE00038F81230CFB29B0703D5FFF701FE00281C
:106AF0003BD100230DF10B02CDE900338DF80A30B4
:106B00008DF80B300DF10A014B462846FFF7ACFC1F
:106B10003221237901FB0373083338F8132022F064
:106B2000020228F81320237901FB0377083738F88D
:106B3000173043F0010328F817307368002B43D057
:106B40004FF0320C22791F780CFB02F2D3F804E0EC
:106B500052FA85F2594B083233F81200E9B210F0BC
:106B6000020F04D0BEF1000F18D055482FE020F4DA
:106B7000604020F0200023F81200BEF1000F0DD07D
:106B8000032FF2D872685068226890F800E002EB98
:106B90008E022FBBC2F81075C2F810754FF0320C80
:106BA00022790CFB0212083233F8120020F01C008C
:106BB00023F8120022790CFB0211083133F811205E
:106BC00042EA870223F81120B36893BB3D483A4B51
:106BD0001A68039B5A404FF0000369D004F05CFC34
:106BE000D2F8108528F00308C2F81085226802EB5D
:106BF0008E00D0F8102522F4473222F44072C0F8FB
:106C000010252A02D0F8108502F4F85242EA074211
:106C100042EA0802C0F8102522790CFB0212083261
:106C200033F8120040EA4E3040F0200023F8120002
:106C3000B4E72946D3E900872046FFF7C9FCB8F13D
:106C4000000FC3D0642320791C4E4343F218F3583D
:106C5000984504D153689F4201D100210CE0642380
:106C600003FB00600DF10B015830FFF7B3F9154B32
:106C70009842ACD19DF80B1064222379534303EB67
:106C8000C10346F8038023795343322203EBC10347
:106C900033445F602379534353FA85F3083336F85E
:106CA000132042EA412242F4807226F813208DE735
:106CB00005B0BDE8F08300BF589A032008C9002042
:106CC0000400AD0B0000AD0B2DE9FF471F464F4BF5
:106CD00005460C461B6803934FF000039246B2B37F
:106CE00006793046FFF7E2FC20B121463046FFF737
:106CF000FFFC98BB32235E43DFF8149156FA84F60A
:106D0000083639F816305FFA84F813F01C0F03D0F8
:106D10009AF80130012B21D001238DF80B3000238C
:106D20000AF10102CDE900A320460AF102030DF1A8
:106D30000B01FFF799FB32222B7902FB038808F144
:106D4000080839F8183043F0030329F81830002FE9
:106D500057D021462879FFF7A9FC48B12D482B4B85
:106D60001A68039B5A404FF000034CD004F094FB88
:106D70003E782B68264903EB8603C3F81005C3F859
:106D8000100532202B794FEA860C434353FA84F3E3
:106D9000083331F813E0E2B22EF4604E2EF0200EEC
:106DA00021F813E097F801E0BEF1000F29D02B681D
:106DB000BF789C44DCF810354FEA0E4E23F498134C
:106DC00023F4F853CCF81035230203F4F8530EF4EF
:106DD000403E3F05DCF8108543EA0E0307F48017B8
:106DE0003B4343EA0803CCF810352B7900FB032220
:106DF000083231F8123043EA463343F0200321F8D9
:106E000012300548ABE704B0BDE8F087589A03207C
:106E100008C900200400AD0B0000AD0B37B5642598
:106E20000C4B04791B6801934FF000030A4B05FBE0
:106E30000434A160017905FB0133DA60054B1A685F
:106E4000019B5A404FF0000301D004F025FB03B032
:106E500030BD00BF589A032008C9002073B50579DA
:106E6000114B28460C4616461B6801934FF0000351
:106E7000FFF73EFC98B132235D430C4B55FA84F486
:106E8000083433F814300A485B0B3370064B1A6829
:106E9000019B5A404FF0000303D004F0FDFA05486F
:106EA000F4E702B070BD00BF589A032008C9002063
:106EB0000000AD0B0400AD0B2DE9F3410646077948
:106EC0006420224D224B00FB075898F860401B6855
:106ED00001934FF000039CBB4046214640221030F6
:106EE00006F0AEFF21463668D8F8500088421DD122
:106EF000002346F30730C6F87C31D6F87C31F7F72B
:106F000035FB4FF00043C6F80433642303FB0755F9
:106F10000123104885F86030AB650D4B1A68019B62
:106F20005A404FF000030DD004F0B6FACBB29B00EC
:106F300003F580727C2B04BFB450B3580131D5E700
:106F40000548EAE702B0BDE8F08100BF08C90020AB
:106F5000589A03200000AD0B0C00AD0B07B564215F
:106F60000C4B02791B6801934FF000030A4B01FBA5
:106F7000023393F86000074B003818BF01201A68ED
:106F8000019B5A404FF0000301D004F085FA03B092
:106F90005DF804FB589A032008C9002007B5094B87
:106FA0001B6801934FF00003064B1A68019B5A407F
:106FB0004FF0000301D004F06FFA03B05DF804EB6A
:106FC000FFF716BD589A032007B50D4B1B680193B8
:106FD0004FF000030A4B1A68019B5A404FF0000320
:106FE00001D004F059FA54226423007913FB0023E2
:106FF0000448184403B05DF804EBFFF71BB800BF6A
:10700000589A032008C9002007B50D4B1B6801934F
:107010004FF000030A4B1A68019B5A404FF00003DF
:1070200001D004F039FA54226423007913FB0023C1
:107030000448184403B05DF804EBFEF7CBBF00BF73
:10704000589A032008C90020F7B504792F4B06464B
:1070500020460D4617461B6801934FF00003FFF7CB
:1070600047FB38B329462046FFF720FB10B32946DB
:107070002046FFF7FBFA002401B23268890001F5CF
:107080008073D450D35833680B44D3F8102542F0A2
:107090000102C3F8102527B1012332688340C2F8EA
:1070A00004331A4B1A68019B5A404FF0000320D159
:1070B00003B0F0BD32235C43154B54FA85F4083419
:1070C00033F81430C3F38203042B14D0052B14D0EF
:1070D00068460095FFF7AAF9009B0169D94001F0C5
:1070E00001010231094B1A68019B5A404FF000031D
:1070F00005D004F0D1F90321F4E70221F2E7284694
:1071000003B0BDE8F040FFF70DBA00BF589A032066
:1071100008C9002007B5094B1B6801934FF0000315
:10712000064B1A68019B5A404FF0000301D004F04F
:10713000B3F903B05DF804EBFFF71ABC589A0320CB
:1071400007B50A4B1B6801934FF00003074B1A6801
:10715000019B5A404FF0000301D004F09DF9044810
:1071600003B05DF804EBFFF741BB00BF589A032062
:107170006CC9002073B50F4B0F4C1B6801934FF087
:10718000000323790E46154683B92A20F7F7EEF956
:1071900001230A4823712660A560064B1A68019BEB
:1071A0005A404FF0000303D004F076F90448F4E7A6
:1071B00002B070BD589A032044E300200000AD0BDC
:1071C0000C00AD0B37B5154B154A1B6801934FF0FA
:1071D0000003002350F8234003F5A2710133082B6C
:1071E00042F82140F6D100230D4A00F11C0103F5BD
:1071F000B27451F8045F0133082B42F82450F6D1E1
:10720000036CC2F80433054B1A68019B5A404FF0D7
:10721000000301D004F040F903B030BD589A0320B8
:1072200000A0024037B500241C4D1D4B2A201B68CE
:1072300001934FF00003C5F81045C5F81445C5F893
:107240001845C5F81C45C5F82045C5F82445C5F8BE
:107250002845C5F82C45C5F89045C5F89445C5F8AE
:107260009845C5F89C45C5F8A045C5F8A445C5F89E
:10727000A845C5F8AC45F7F79BF94FF0FF33C5F8C3
:107280000833084B1C71064B1A68019B5A404FF09B
:10729000000301D004F000F903B030BD00A00240AB
:1072A000589A032044E3002007B50B4B0B4A1B6898
:1072B00001934FF0000301238340C2F80433064BCF
:1072C0001A68019B5A404FF0000301D004F0E4F823
:1072D00003B05DF804FB00BF589A032000A00240F1
:1072E00007B50B4B0B4A1B6801934FF000030123BA
:1072F0008340C2F80833064B1A68019B5A404FF08E
:10730000000301D004F0C8F803B05DF804FB00BF2F
:10731000589A032000A00240F7B5144B01261B68C1
:1073200001934FF000030027114B124DD3F80C438B
:1073300044B90E4B1A68019B5A404FF0000312D01B
:1073400004F0AAF894FAA4F0B0FA80F006FA00F378
:1073500024EA0304084B82009F502B68002BE7D0DF
:10736000A9689847E4E703B0F0BD00BF589A03202E
:1073700000A0024044E3002000A1024073B5254B69
:107380000C68254A1B6801934FF00003B2FBF4F32D
:1073900004FB1325002D39D1944237D85C1E1C40C4
:1073A00034D1B3F5007F31D893FAA3F3B3FA83F362
:1073B00002684D79D2F80465097926F0030601F0D8
:1073C00003013143C2F80415D2F8081505F003058E
:1073D00021F003012943C2F80815C2F810354023F3
:1073E000006800F58072D450D1580433582BFAD17C
:1073F00040F30730F7F7BAF80848064B1A68019BC4
:107400005A404FF0000303D004F046F80448F4E774
:1074100002B070BD589A03200024F4000000AD0BA8
:107420000400AD0BF7B50C250679154C754324689F
:1074300001944FF00004134C671997F808C0BCF191
:10744000000F18D16251A1B18B687B60FFF796FFE6
:107450000C2303FB06440C4BC21A534253412372C4
:10746000074B1A68019B5A404FF0000305D004F007
:1074700013F80548ECE70548F2E703B0F0BD00BF9C
:10748000589A032050E300200000AD0B0C00AD0B18
:1074900007B501220C210C4B1B6801934FF0000330
:1074A00003681A600279094B01FB023302221A7247
:1074B000054B1A68019B5A404FF0000301D003F0BE
:1074C000EBFF03B05DF804FB589A032050E3002063
:1074D00007B50A4B01221B6801934FF000030368B4
:1074E000DA60064B1A68019B5A404FF0000301D046
:1074F00003F0D2FF03B05DF804FB00BF589A0320ED
:1075000037B5104B0D0F1B6801934FF00003036854
:107510000801D3F81045C4F1200205FA02F2A4F1E3
:107520002003E040104325FA03F31843054B1A6883
:10753000019B5A404FF0000301D003F0ADFF03B0B0
:1075400030BD00BF589A032073B5134C05682468FA
:1075500001944FF000044FF480348C40B3B1002606
:107560008B0003F5A073EE50EB580368C3F8044397
:10757000036801F5A87143F82120074B1A68019BA5
:107580005A404FF0000304D003F086FFC5F80843CB
:10759000EEE702B070BD00BF589A0320F7B540F285
:1075A0000116124D9C462D6801954FF000050768A5
:1075B0008E40D7F800520D4C25EA0605C7F8005258
:1075C00005689DF82030D5F800624CEA0606C5F83B
:1075D00000622568019C65404FF0000401D003F073
:1075E0005BFF03B0BDE8F040FFF7AEBF589A032041
:1075F0002DE9F34100251E4B29461B6801934FF0EE
:1076000000030120402303F1804202F57142146817
:107610002CB1116012689A0800FA02F21543043383
:10762000582BF0D140244FF00108124B124FD3F8E1
:10763000046306F47C16A30808FA03F31E4208D07C
:107640002B4206D03B6823B104F58070796880B284
:1076500098470434582CEED1054B1A68019B5A40C8
:107660004FF0000301D003F017FF02B0BDE8F08136
:10767000589A032000F0004050E3002070B50368E2
:107680000446033BDBB2052B03D8094A52F82350CA
:107690002DB9A06858B1BDE8704000F017B805F0EA
:1076A000C8FA21682B46BDE87040090C184770BD28
:1076B000B0E80100014B1B68184700BFD0C900208B
:1076C000014B5B68184700BFD0C90020014B1B6904
:1076D000184700BFD0C90020014B9B68184700BF66
:1076E000D0C90020014B1B6A184700BFD0C9002039
:1076F000014B5B6A184700BFD0C90020014B1B68D3
:10770000D86870475CE30020002230B50B4B196845
:107710000C6894420FD001EBC2039D68A8420BD1C4
:107720004FF003020433D3E8CF1F002903D1C3E88D
:10773000C02F0028F7D130BD0132EAE774E3002002
:107740002DE9F041002406460F462046DFF854801C
:107750003368A34201D8BDE8F08106EBC4056B682D
:10776000DBB2012B16D16A68B8F80030B3EB124FC8
:1077700010D1022FA8680FD1FFF780FF01206B689E
:1077800023F0FF0343F003036B60B8F800300133CC
:10779000A8F800300134DBE70168090C05F000FAB5
:1077A000ECE700BFCAFB022010B5074C022160685D
:1077B000FFF7C6FF0028F9D101212068FFF7C0FFBD
:1077C0000028F3D110BD00BF7CE3002070B507286E
:1077D00060D8DFE800F00B5F475F435F3C0401F0D7
:1077E00019FC0320BDE87040FAF74EB903202A4B7C
:1077F000D3F81446D3F81866284B1D781870EDB2EC
:1078000001F0DEFB012D10D1254B264A9C4212D0FF
:10781000230C1B04B3F1886F0DD0A4F58033203BFB
:10782000022B0FD96FF0040313603146C4F30B0031
:1078300001F0BAFB00E014601B4B1868FAF794F8EB
:107840000020CFE7194931F913301360F4E7002421
:10785000124B20461C7001F0B3FBEDE7FFF7A4FFCD
:107860000220BFE70D4B1A78012AD0B20ED1104A80
:107870001168104A8C6854604968116002221A70BD
:1078800001F09EFB084B1868FAF76EF8FFF78CFFC3
:107890000120A7E770BD00BF00A002400DFD02203F
:1078A0000100500578E3002064E300207CEC010037
:1078B00060E300207CE3002070B5164B42681B6833
:1078C00022F0FF0242F00202C31A42601248134A39
:1078D0000168C3F38913D2E8DF4F651CC2E8D65FA5
:1078E000002EF8D101EBC3014A6892B242EA044289
:1078F0004A600268032002EBC302536823F0FF03CF
:1079000043F001035360F9F7DDFE0122044BDA6016
:1079100070BD00BF6CE3002074E30020CCFB0220AC
:1079200000A002400A23F7B54FF47A750C4E0D4FB4
:1079300001933168386805F057F9044640B9F9F702
:10794000C3FF40B9012001A9F9F7D2FE6E30F0D192
:10795000204603B0F0BD01986843F9F7B3FEE8E7AD
:1079600068E3002070E30020054B1B782BB9054B22
:107970001968054B186805F037B90020704700BF3B
:107980000CFD02206CE3002074E300202DE9F04F91
:1079900095B038220021064603A806F051FA0223CA
:1079A0000493082306932023089304230D931023A4
:1079B00040250F9380230122CDE91153D5230021C7
:1079C00057480B921393F9F795FF0546002840F0AE
:1079D000A380024653493079FFF7CCFB03A8FFF799
:1079E000F1FB34686268B2F59D6F40F09280616986
:1079F000E3680B44E16903F59D630B44B3F5003F75
:107A000000F287802068294606F01AFA33681C685D
:107A1000D3F81C9004F53A72019204F16007424ACF
:107A200004F1A40804F1200BB9F1000F5BD1C2F8F6
:107A300000B000254FF0010A2570657084F802A09F
:107A4000E570336840461B69636033685B69C4F85E
:107A500014B0A360354BC4F81890C3F80080344BC1
:107A6000E7601F600823C4F8108084F8A43088F809
:107A7000015088F8025088F8035084F860307D7017
:107A8000BD70FD7005F098F8384605F095F8294B63
:107A900004F53A721A60284B04F1E80231681A6062
:107AA000264B274E1960274B2749C3F81046C3F8C9
:107AB0001456264B264C1D80264B86F800A01D80B0
:107AC000254B029525601D611B690293029B144B97
:107AD0001868F9F75FFF98B103236FF073043370F0
:107AE000FFF7A0FB11E09B6904F140096364336870
:107AF0004846DB69C2F800B0236401F06FFA98E7EA
:107B00002468002CECD1154B1C70204615B0BDE844
:107B1000F08F6FF01504E3E76FF02D04F5E700BF79
:107B200064E30020CD77010060E3002074E30020CF
:107B300070E300206CE3002068E300205CE3002099
:107B40000DFD022000A00240F0490200CCFB022003
:107B500078E30020CAFB0220005600400CFD022002
:107B600070B5164B42681B6822F0FF0242F001021A
:107B7000C31A42601248134A0168C3F38913D2E85A
:107B8000DF4F651CC2E8D65F002EF8D101EBC301C0
:107B90004A6892B242EA04424A600268032002EB59
:107BA000C302536823F0FF0343F001035360F9F766
:107BB00089FD0122044B5A6070BD00BF68E30020BC
:107BC00070E30020CCFB022000A0024010B5FFF7BC
:107BD000A9FE012400220321047081704270C2704A
:107BE000FFF7BEFF054B1C7004F0F9FFBDE8104025
:107BF000034B47F230511868F9F7CCBE0CFD022058
:107C000064E3002038B50A4B04461B78022BDDB232
:107C10000DD1FFF787FE50B1002201218460017071
:107C200042708570C270BDE83840FFF799BF38BD1B
:107C30000DFD0220034A126812B1002800DB104734
:107C4000704700BF90E3002010B50E4B04461B6840
:107C5000A3B1F1F7E1FA082810D9237A3F2B0DD010
:107C600009490822204604F0C1FC014630B904F15C
:107C700008000A22BDE8104004F072BE4FF0FF3049
:107C800010BD00BF90E300207D0902002DE9F34103
:107C900005460020174688461E4604F0CCFF0246E3
:107CA00040B915B1284604F0EFFF6FF00B0002B0A9
:107CB000BDE8F0816FF058030024037304230560CE
:107CC0000E4D037244738473C47344728472C4721D
:107CD000C0F80480394603202C7004F0C8FF4FF030
:107CE000FF3301932B78B34201D10020DFE702205C
:107CF00001A9F9F7FDFC0028F4D0D8E70EFD022019
:107D0000F8B5054600240F4F57F8046B2846314656
:107D100006F072F928B90134042CF5D14FF4803003
:107D20000DE06CB1A31E012BF8D83046F1F774FAC0
:107D30000A220021284404F0F9FC40EA0440F8BD7E
:107D40002046FCE7C8E801002DE9F74300258146FD
:107D50000F461048294690461E46019304F00AFE3D
:107D6000041E11DB0134204604F08CFFC9F800002A
:107D700068B1334642462146019604F0FBFD284691
:107D80003C6003B0BDE8F0836FF01500F9E76FF0D9
:107D90000B00F6E7F0E50100014B1860002070478A
:107DA00094E30020014B1860704700BF90E300206F
:107DB0000FB42DE9FF410A9C01F008F900284AD0D0
:107DC000002C4BD0284E294F31683868F9F72AFE2D
:107DD000002846D1264D31682868F9F7DBFD0028D8
:107DE00036D122460BAB03A902A80193FFF7ACFFE3
:107DF000044658B12868F9F7B7FD3868F9F7FCFD73
:107E0000204604B0BDE8F04104B07047029C204613
:107E1000FFF71AFF02230646012220460399FFF7C7
:107E200035FF04460028E5D1DFF84880D8F8000087
:107E3000FFF766FF0446D8F8000004F01FFF28682B
:107E4000F9F792FD002CD8D13046FFF7F3FED4E7C6
:107E50006FF00A04D1E74FF0FF34D1E76FF00D0463
:107E6000CEE76FF00A04CBE7A8E30020A0E30020F0
:107E7000A4E3002098E300200CB42DE9F04F87B074
:107E800007460E46109C01F0A1F8002800F09B80E8
:107E9000002F00F09B80002C00F09880002E00F056
:107EA0009880DFF83C81DFF83CA1D8F80010DAF8C0
:107EB0000000F9F7B7FD002840F08E804A4DD8F851
:107EC00000102868F9F766FD002879D1224611AB29
:107ED00005A904A80393FFF737FF044618B12868E3
:107EE000F9F742FD52E0414BDDF81080D3F80090E5
:107EF000B9F1000F14D03E4BD3F800B05C450FD061
:107F000059F8341008460191F1F786F901990246B3
:107F1000404604F06BFB38BB09EBC40464682CBB1F
:107F20004046FFF791FE0223814601224046059913
:107F3000FFF7ACFE04460028D1D1DFF8B880384600
:107F4000D8E9004BB3455A46214628BF324605F0D2
:107F50006AFFB345204623D904F090FE2868F9F75C
:107F600003FD6FF0060411E00134C7E72868F9F754
:107F7000FBFC424631463846A047044618B938460D
:107F8000FFF7BEFE0446404604F07EFEDAF800002D
:107F9000F9F732FD204607B0BDE8F04F02B0704758
:107FA000FFF7AEFE0446D8F8000004F067FE28682C
:107FB000F9F7DAFC002CE9D14846FFF73BFEE5E78C
:107FC0006FF00A04E2E74FF0FF34E3E76FF00D04CF
:107FD000E0E76FF01504DDE76FF00A04DAE700BFB1
:107FE000A8E30020A0E30020A4E3002088E3002011
:107FF00084E3002098E3002038B5C3680446A72B2B
:1080000001D0206810E0032907D0042926D00229D6
:1080100002D10122154B1A7038BD144B00681A7832
:10802000022A05D10028F7D0BDE8384004F026BE6A
:108030000F4D2A6862B12B689847002320682B6097
:1080400004F01CFE0B4B1868BDE83840F9F78CBCF7
:10805000094A1060616851600222DCE7074B1B6827
:10806000002BCED000689847CBE700BF0EFD022062
:108070008CE30020A4E3002098E3002094E3002098
:1080800010B400F11C03D3E8EF2F511EC3E8E41F26
:10809000002CF8D1012A0CDC074BD0E8EF2FC0E808
:1080A000E13F0029F9D16422002110BC043005F021
:1080B000C7BE10BC704700BF1EF10100164830B5A6
:1080C000002203464FF0FF34144DD0E8EF1FA942C1
:1080D00004D1C0E8EC4FBCF1000FF6D10CBF012178
:1080E000002112D1682101FB023301220C49DA611F
:1080F000097893F8202061F3451283F820200222AA
:10810000A3F8482083F84A2030BD0132082A00F144
:108110006800DAD10846F7E7ACE300201EF1010061
:108120000FFD022030B5024600236825054905FBF6
:1081300003F460180C59944203D00133082BF6D194
:10814000002030BDACE3002010B50446043004F03C
:108150008FFF606C08B1F9F7E1FC064BD4E8EF2F14
:10816000C4E8E13F0029F9D12046BDE81040FFF7FF
:1081700087BF00BF1EF1ADDE2DE9F8430F4C064668
:108180000025A0464FF068090D4B0E4F187023686C
:10819000BB420CD009FB058393F8202066F34512FF
:1081A00083F82020A36B13B1204604F0CFFD0135E6
:1081B000082D04F16804EAD1BDE8F883ACE300209F
:1081C0000FFD02201EF10100112806DC00280DDB46
:1081D000084BC34003F001007047B0F5817F07D022
:1081E00040F21113C31A584258417047002070479B
:1081F0000120704741000200034B02685A60826907
:108200009A6042691A607047ECE600202DE9F04F51
:1082100085B082460F4616461D4600F0D7FE28B9A7
:108220000120F9F739FB6FF00A041CE05AEA070352
:1082300000F051811EB3336823F4A05323F00203EE
:10824000002B40F04B81706838B9B06878B104F009
:10825000B2FE60B96FF0060405E004F0A6FE002847
:10826000F3D16FF00504204605B0BDE8F08FF0684B
:1082700028B1B16804F0B3FE08B96B20D1E79A4B7E
:108280004FF47A611868F9F785FB0446002840F03E
:108290002881002F64D0F6B1336803F4A053B3F5FE
:1082A000805F18D13368DB0445D44FF0FF37706826
:1082B00008B100F07FFD8D4B8D4A1860B368002B2C
:1082C00008BF01231360F3688A4A002B08BF062306
:1082D000136033681CE00A220021384604F040FB9A
:1082E0004FF6FE73421E9A4200F2F280824A030267
:1082F00043EA10231380002ED4D1002301217B4AAE
:108300004FF0FF3713607A4A11600621794A1160F5
:10831000DFF8E8815046C8F80030BAF1000F65D1A7
:1083200004F089FC064600BB6FF009046E4B186828
:10833000F9F71AFB97E73A21384605F0FBFD00B143
:10834000471C38466E4905F057FE0A2228B1002125
:10835000033004F0EBF90746A9E701463846F8E791
:10836000654B1880002EC8D09FE707615F4BDFF890
:1083700080B11B68DFF87CA1B361DBF800303246C6
:10838000F361DAF8003047F20D013362D8F80030BB
:108390000420736104F06BFC4FF0FF33594F5A4EC9
:1083A00003933E603868B04231D0002840F08C80A2
:1083B0002020D7F80490F9F795FB286070B109F1F7
:1083C00018034D4A019318461288B9F8141004F0A6
:1083D00063FC064638BB2868F9F7A0FB6FF0090478
:1083E00078680028A2D004F049FC9FE7F0F714FF5A
:1083F00004F021FC0646002896D007615046F0F7AD
:108400000BFF51460246306805F00DFDAEE7022035
:1084100003A9F9F76DF90028C4D06E20F9F73CFAEA
:108420006FF00A0482E7D9F808102A6801290AD0F7
:1084300002291FD01046F9F771FB3046F9F76EFBA1
:108440006FF00504CCE708211161D8F8001011F095
:10845000020137D00192B9F816000130F9F742FB5A
:10846000019A90612A68906930B91046F9F756FB75
:108470003046B1E71621E7E7B9F8141009F11803FF
:108480000B441946B9F8162005F0CDFC00202968E8
:10849000B9F81620896988542A680192D9F8080029
:1084A00005F0A9FA019A2B685060DBF800205E61A4
:1084B0009A60DAF80020DA60D8F800201A6000220A
:1084C000DA618DE79161E7E705F0DBFA044687E7BB
:1084D0006FF007042AE76FF00104C4E64FF0FF34A1
:1084E000C1E66FF00204BEE6F8E6002004E70020D3
:1084F00000E70020FCE60020CEFB022008E7002079
:108500009E090200ECE60020EEC100BCF8B548F27E
:108510000F03994205460E4640D022D848F20D037B
:10852000994233D048F20E03994233D00069FFF7E5
:10853000F9FD044610B3B6F5004F1FD9A6F5004665
:10854000013E0B2E1AD8DFE816F0AE00E800B600A8
:10855000B600B6003A013A01B600C400190019008D
:108560000B0149F2040399421CD0B1F5104F3FD9D9
:10857000C068FFF7D7FD0446002848D128680028C6
:1085800000F02D81BDE8F84004F078BBBDE8F8406C
:10859000FFF732BEBDE8F84004F08BBDBDE8F840FF
:1085A00004F074BD0369082B00F21981DFE813F0B1
:1085B0001000160009000E00160017011701180020
:1085C0001E000020BDE8F840FFF7D6BD0120F9E706
:1085D0000021E868BDE8F84004F0ABBC0121F8E7F1
:1085E0000021E868BDE8F84004F0AFBC0121F8E7DD
:1085F0000069FFF797FD04460028BFD048F28103C9
:108600009E42BBD10146284600F024FB56E049F2C9
:1086100002039E4200F0CD8037D804F012FC0746DA
:10862000E0B91020F9F75EFA0646B8B139461022D3
:1086300005F006FC2B6873606B683381698A00293A
:1086400000F0C8802A8A05F1140004F025FBF060D0
:10865000002840F0BF803046F9F760FA286804F03F
:108660000DFB204604F0AFFB58B1204604F0E9FBB7
:1086700038B994F8203043F0800384F820300C237C
:10868000A361204604F0A4FB18E049F203039E42D4
:108690003DD049F282039E427FF470AF01462846E6
:1086A00000F0F0FA0AE06B692BB9284605F003FAEE
:1086B000AA6943681A60284605F0FFF9204604F0CD
:1086C000D0FB002800F08B802046BDE8F84004F085
:1086D0003DBB90F8203043F0010380F8203004F0D7
:1086E00097FB18B13E4B1868F9F73EF994F8203023
:1086F000204623F00A0384F8203004F0B2FB10B1C6
:10870000204604F023FB2046FFF71EFDD3E728692F
:1087100069280BD16823A361D0E790F82030EE6878
:108720006FF3410380F82030686918B100F056FB00
:10873000A061C3E7204604F055FB28B994F8203027
:1087400043F0040384F82030204604F04BFB00285B
:10875000B4D0002EB2D00021204600F0B1FAADE72F
:108760006B69F3B9284605F0A6F9AA6943681A604F
:10877000426892F8203043F0040382F820304368C6
:1087800022691A61436862695A6183684BB105F1D5
:10879000180205F1300152F8040B8A4243F8040B29
:1087A000F9D194F82230002B85D0013B84F8223097
:1087B00081E790F82230013380F822307EE72846A6
:1087C00005F079F96B6913B9AB69436073E74FF052
:1087D000FF33FAE73146204604F0D5FA6EE7F8BDDC
:1087E0000CE7002030B585B00546FFF79BFC04463A
:1087F00028B90920F9F750F84FF0FF300EE000F0EB
:10880000E5FB68B9204604F003FB18B10D4B18686E
:10881000F9F7AAF82046FFF797FC002005B030BD15
:10882000002004F008FA014608B96920E2E7056172
:1088300001AA47F2090000F0E9FA0028EDD0162855
:10884000EBD0D7E70CE700202DE9F04385B0814657
:10885000884614461F460C9EFFF764FC40B9092069
:10886000F9F71AF84FF0FF33184605B0BDE8F0836A
:1088700017B90EB11620F3E7B8F1290F00F0ED801B
:108880000CDCB8F1010F12D0B8F1060F00F0E18056
:10889000B8F1000F00F0DF806D20E1E7B8F58D7FC3
:1088A00000F08880B8F5007FF6D11E2C08E03D2C42
:1088B000F2DC202C0EDC142C4ED0152C53D0022CC4
:1088C000EAD1304604F0B7F90546002840F0C780E9
:1088D0006920C5E7A4F121031C2BDDD801A252F8C1
:1088E00023F000BFC3880100C388010099880100FC
:1088F00099880100998801009988010099880100F0
:10890000C3880100998801009988010099880100B5
:1089100099880100998801009988010099880100CF
:108920009988010099880100838901008B890100E1
:108930008F89010093890100A389010099880100B2
:10894000998801009988010099880100998801009F
:1089500075890100A78901003246394605B0BDE896
:10896000F04305F0AEB83246394605B0BDE8F043F5
:1089700005F0B5B83246394605B0BDE8F04305F01C
:10898000BCB801230422019305E00223FAE7032384
:10899000F8E7042201920DEB020105F0CEF8034640
:1089A00062E70523EEE73246394605B0BDE8F043FD
:1089B00005F0C3B8631E112B3FF66EAF01A252F84B
:1089C00023F000BF1B8A0100458A0100C388010013
:1089D00099880100378A01000D8A010099880100F9
:1089E00099880100998801009988010099880100FF
:1089F000298A0100C3880100C3880100C3880100DF
:108A000099880100C3880100C388010032463946B5
:108A100005B0BDE8F04305F0B3B83246394605B0BD
:108A2000BDE8F04305F0C0B83246394605B0BDE8B0
:108A3000F04305F0CEB83246394605B0BDE8F04304
:108A400005F0D9B83246394605B0BDE8F04305F027
:108A5000E1B8372C34E71F2C32E7202C30E7002315
:108A6000082243728372C3720272C0F810904046AB
:108A700004F0EAFF6861204600F0A4F93246394666
:108A8000A861286805F0CFF9294647F203006E6017
:108A900001AA00F0BBF9034600283FF4E5AEDFE68B
:108AA0002DE9F04385B08146884617461D460C9E49
:108AB000FFF738FB40B90920F8F7EEFE4FF0FF371B
:108AC000384605B0BDE8F08305B10EB90E20F3E7D6
:108AD000B8F1290F00F08F800CDCB8F1010F11D034
:108AE000B8F1060F00F08380B8F1000F00F081802C
:108AF0006D20E1E7B8F58D7F2AD0B8F5007FF7D17A
:108B00001E2F0EE0152F1CD00ADC042F12D0142FBC
:108B1000EED13246294605B0BDE8F04305F0B1B8C4
:108B2000212FE5D1306804F086F80446002864D18E
:108B30006920C1E73246294605B0BDE8F04305F09B
:108B400090B83246294605B0BDE8F04305F0A8B814
:108B50007A1E122ACCD801A151F822F0D38B010041
:108B6000E18B0100258B0100258B0100C58B0100E5
:108B7000A98B0100F18A0100F18A0100F18A01004C
:108B8000F18A0100F18A0100B78B0100F18A01002E
:108B9000258B0100258B0100258B0100F18A010046
:108BA000F18A0100258B01003246294605B0BDE857
:108BB000F04305F084B83246294605B0BDE8F043DD
:108BC00005F08FB83246294605B0BDE8F04305F000
:108BD0009AB83246294605B0BDE8F04305F0A5B87D
:108BE0003246294605B0BDE8F04305F0B0B8372F4E
:108BF00097E71F2F95E7202F93E700230822437262
:108C000002728372C372C0F81090404604F01CFFD9
:108C10006061384600F0D6F82146A06101AA47F20B
:108C20000400D4F8008000F0F1F8074620B1404677
:108C300004F02AF838463FE76268336841469A42B2
:108C400028BF1A462846326005F0EDF8404604F089
:108C50001BF835E710B543690C467BB191F820301D
:108C60006FF3C30381F82030406900F0B7F8044B7C
:108C7000A061BDE810401868F8F776BE10BD00BFCF
:108C80000CE7002010B591F820300C466FF3C303B9
:108C900081F82030006960B9DBB223F0140343F09F
:108CA000140381F82030054BBDE810401868F8F730
:108CB0005BBE00F093F8A061F5E700BF0CE7002071
:108CC0002DE9F341DFF8E8800546D8F8000001916E
:108CD000F8F760FE074650B1019B002B65D11023C9
:108CE000AB614FF0FF37384602B0BDE8F081686CE9
:108CF000A8B1F0F791FA461C304603F09CFF0446F9
:108D000078B9284604F089F808B16923AB61D8F82E
:108D10000000F8F729FE6920F8F7BEFDE1E73E46BE
:108D2000EAE72B6804220361002302724372837214
:108D3000C37295F84B2005F1480101329200826020
:108D4000143005F070F8F6B13246696C206805F011
:108D500034F9666095F82030042043F00803224679
:108D600047F2810185F8203003F081FF284604F0A6
:108D700054F80028B7D1284604F04AF840B9A86949
:108D80000028B0D0C8E726706670A670E670E0E7ED
:108D9000022001A9F8F7ACFC10F10B0F05D0002858
:108DA000E9D00028B8BF4042B6E77420B4E700BF5E
:108DB0000CE7002003289CBF014B1856704700BFEA
:108DC000A2090200023835289ABF034B53F820004D
:108DD0004FF0FF30704700BFB0EA010070289ABF23
:108DE000024B53F820000248704700BFECE8010036
:108DF000ADBAADBA013804289ABF034B53F820002E
:108E00004FF0FF30704700BFD8E801004FF0FF334C
:108E100037B50D4DCA60144615600A460146042058
:108E2000019303F024FF2068A84202D0FFF7D6FF89
:108E300008E0022001A9F8F75BFC0028F3D0002825
:108E4000B8BF404203B030BDEEC100BC2DE9F041D7
:108E5000056807460C463DB101F47043B3F5005F69
:108E600004D1404BC3E90015BDE8F0813E4E3368A4
:108E700063B144F20402914264D00CD844F202037C
:108E800099424ED044F20303994253D03868BDE86A
:108E9000F04103F0F3BE44F2012221F480739342C7
:108EA0000FD044F203139942F0D1304C206808B13E
:108EB00003F0E4FE01222E4B1A7025600420336873
:108EC00026E0DFF8B080D8F8000008B103F0D6FE45
:108ED00044F201339C420CBF0322022295F85170E8
:108EE000254B264C1A70C8F8005017F00805336857
:108EF000227810D01AB9052098470123237007F073
:108F00004107012F02D102203368984701203368BE
:108F1000BDE8F0411847002AF1D006209847257097
:108F2000EDE7174C206808B103F0A8FE0320336872
:108F30002560EDE70D4C206808B103F09FFE00228C
:108F40000B4BB9E72A78032AA0D8DFE802F0020524
:108F500007090720984799E70820FBE70920F9E768
:108F60000A20F7E720E7002010E7002014E70020A0
:108F700010FD02201CE7002011FD022012FD02203E
:108F800018E7002030B4074B1C6844B1436885895A
:108F9000A4460268C1899BB2E8B230BC604730BCCD
:108FA000704700BF28E7002007B5044BCDE900015A
:108FB0001B686846984703B05DF804FB2CE7002067
:108FC000014B1870704700BF13FD0220024B187848
:108FD000431E58425841704713FD02200021074BA1
:108FE00001221970064B1970064B1960064B196067
:108FF000064B18600648F8F77DBC00BF14FD022040
:1090000015FD022034E7002038E7002048E7002063
:1090100030E7002070B42D4B1B68196958691A7C21
:1090200000221A745C7C5A749C7C9A74DC7CDA741E
:109030001C7D1A755C7D5A759C7D03299A75DC7DB3
:10904000DA7529D0042933D001292FD18568204E23
:10905000954210D101211A7A00221972597A5A7256
:10906000997A9A72DA7A6FF05F02DA72194B70BCF1
:109070001868F8F779BC911C00EB81014C682178E5
:10908000622907D0633918BF0121490046F8214001
:109090000132DDE70121F9E7187A1972597A5A721B
:1090A000997A9A72DA7A6FF05F02DA7270BC70475E
:1090B000187A1972597A5A72997A9A72DA7A6FF022
:1090C0005F02DA720122044B1A70EFE748E70020D2
:1090D0003CE7002030E7002015FD022007B50E4BCD
:1090E0001B6801934FF000030B4B60B11A68019BA2
:1090F0005A404FF0000301D002F0CEF903B05DF802
:1091000004EBF6F72BB81A68019B5A404FF00003A6
:10911000F2D103B05DF804FB589A032007B5084B61
:109120001B6801934FF00003054B1A68019B5A40DE
:109130004FF0000301D002F0AFF903B05DF804FB7B
:10914000589A032007B50D4B1B6801934FF000039D
:1091500040B1C368587810F001001EBF1878B0FA0B
:1091600080F04009054B1A68019B5A404FF00003FC
:1091700001D002F091F903B05DF804FB589A032086
:1091800007B50A4B1B6801934FF00003084B986822
:10919000064B84301A68019B5A404FF0000301D0FF
:1091A00002F07AF903B05DF804FB00BF589A03207F
:1091B00050E700202DE9F04383B0374B00AF044661
:1091C0000D461B687B604FF000034FF02003EFF368
:1091D000118883F31288BFF36F8F04282F4A98BF3A
:1091E0002F4BE9468AB09668117C98BF53F820301F
:1091F0006A4688BF2B4BC2E9073140F201332A4847
:1092000093842A4BC2E9050442F8103F00234FF42F
:1092100031512748F3F7F8FFCD4645B1EB69C3F369
:10922000080323B10121234A2148F4F781F82EB124
:10923000304600F089FB08B1037803B91E48E946BF
:109240008AB06A461D4BD061C2E9053640F201334F
:1092500013841B4B42F8103F00234FF41151144864
:10926000F3F7D2FF2946CD462046FCF7E3FA88F310
:109270001188BFF36F8F3046F5F7DEF8064B1A689A
:109280007B685A404FF0000301D002F005F90C371B
:10929000BD46BDE8F08300BF589A032050E7002088
:1092A00088EB0100A6090200BC09020005000001CC
:1092B00098E50100E4090200B4090200050A020071
:1092C0000400000173B5184B1B6801934FF00003B5
:1092D000164B53F82040013053F82060A64208D8BE
:1092E000114B1A68019B5A404FF0000319D002F04D
:1092F000D3F8D4E9003595B153B12846984738B131
:109300000028B8BF4042FF28A8BFFF20EB681870B4
:10931000EA68537843F0010353700834DEE7984756
:10932000FBE702B070BD00BF589A03209CEB010020
:1093300007B50122114B03201B6801934FF0000376
:109340000F4B1A70FFF7BEFF02F046FE0420FFF736
:10935000B9FF00F0DDFBF0F7E7F90A4A137B23F0D1
:1093600001031373054B1A68019B5A404FF0000329
:1093700001D002F091F803B05DF804FB589A032085
:1093800016FD0220A8D6002013B5094B1B680193D7
:109390004FF00003064B1C68019B5C404FF000033C
:1093A00001D002F079F802B0BDE8104004F048BDE9
:1093B000589A032013B5094B1B6801934FF0000323
:1093C000064B1C68019B5C404FF0000301D002F08B
:1093D00063F802B0BDE8104004F025BD589A0320A0
:1093E00007B50B480B4A0C4B121A00211B6801935E
:1093F0004FF00003FFF7C8FF074B1A68019B5A4064
:109400004FF0000301D002F047F803B05DF804FB11
:10941000C0CC002018FD0220589A032070B5204BC4
:1094200088B01B6807934FF00003A8231D4E01224C
:1094300003FB00661C4B044605930F23CDE9033262
:109440000023CDE9013314234FF4A072174D1849BE
:1094500003FB005502FB0011164B3046009500F04F
:10946000C9FA737B2C7423F004037373124B013419
:1094700003EBC4236B60114BEE60D3E8EF1F0131A7
:10948000C3E8E21F002AF8D1054B1A68079B5A402F
:109490004FF0000301D001F0FFFF08B070BD00BF26
:1094A000589A032000D60020670A020050E70020E7
:1094B00018090320C99B0100180103204CE7002074
:1094C0002DE9F743254B05460C461B6801934FF0E9
:1094D0000003234E3046FFF735FE58B1B368A2B201
:1094E0005F683FB1294601233046B8470028C4BF12
:1094F000241A2D181B4EDFF870801C4F44B9174BEF
:109500001A68019B5A404FF0000323D001F0C4FFBA
:10951000F8F768F81649A146D1E90032C31842F1BC
:10952000000008FB03F206FB0022A3FB0630DB1958
:1095300042EB0002042C28BF4FF00409C1E90032BD
:109540002846009269464A46FFF734FFA4EB090417
:109550004D44D3E703B0BDE8F08300BF589A032021
:10956000C4E20100FDB0B087E62EBB272DF304B5A1
:1095700028C6002080B50020B2B0FFF7A3FE344B10
:1095800003F5006282F3088883F30A880024E0234D
:10959000304D314E85F82230EC772C766C76AC76F7
:1095A00085F820406B6A2D4F43F4E0236B6285F809
:1095B0002340F4F749FEF5F70BF94FF0FF33AB62A8
:1095C000EB62F5F79FFBF5F773F9F3F713FB40F246
:1095D000011308AD2846ADF82C30CDE92A4402F03D
:1095E000AFFCB560FFF79AFD0120FFF76BFE02208C
:1095F000FFF768FE042107A8FFF762FF184B079AE0
:10960000184D1A601A6812021A6001F065FD164BB7
:1096100075610593012315494FF48052CDE9034349
:1096200028463B46CDE90144009400F0E3F90646A4
:109630006A7B284622F004026A7301F05BFA204636
:10964000FFF7ECFE3A4631462846F5F7A3F800BF8F
:109650001801032000ED00E050E7002031930100E5
:10966000589A0320A8D600206C0A0200580A03204A
:1096700037B50B4C0A4B246801944FF0000400F1FD
:109680000C04C0E903441C68019B5C404FF00003DC
:1096900001D001F001FF03B0BDE83040F1F7B0BBED
:1096A000589A032037B50E4B0E4C1B6801934FF0B0
:1096B00000030D4DAC4208D3094B1A68019B5A4078
:1096C0004FF0000308D001F0E7FE2046D4E9011274
:1096D000FFF7CEFF1434EDE7002003B030BD00BF2C
:1096E000589A032028CB002050CB00202DE9F04FC2
:1096F0000546274B89B0DDE912671B6807934FF0D9
:10970000000391463B46324604A8884605F1140AF8
:1097100002F0D6F8DDE90434CDE902344FF020033D
:10972000EFF3118483F31288BFF36F8F05F10C0BF5
:109730004A4641462846F1F7D5FA60B184F31188CC
:10974000BFF36F8F124B1A68079B5A404FF000030C
:109750001AD001F0A1FE3E43F0D0DDE9022304A8B7
:1097600002F0E4F8DDE904675A4621465046CDE9A7
:10977000006701F085FA4FF02003EFF3118483F3C3
:109780001288BFF36F8FD3E709B0BDE8F08F00BF39
:10979000589A032030B50B4C85B0246803944FF0E1
:1097A0000004CDE900230A460421FFF79FFF054B83
:1097B0001A68039B5A404FF0000301D001F06CFE81
:1097C00005B030BD589A032037B5194B04461B68C5
:1097D00001934FF000034FF02003EFF3118583F363
:1097E0001288BFF36F8FF1F709FA04F10C0001F052
:1097F00051FC80B10E4B1A68019B5A404FF0000398
:1098000001D001F049FE294604F1140003B0BDE87F
:10981000304001F03BBB85F31188BFF36F8F044BE1
:109820001A68019B5A404FF00003EAD103B030BDE3
:10983000589A032007B5134B82681B6801934FF0B9
:1098400000034369134313F0030314D1C360016998
:10985000994209D800200B4B1A68019B5A404FF0DF
:1098600000030BD001F018FEC1680133116041699B
:10987000C2600A44EBE76FF01500ECE703B05DF857
:1098800004FB00BF589A032037B50E4B00201B681D
:1098900001934FF000030C4C0C4DAC4208D3094B24
:1098A0001A68019B5A404FF0000308D001F0F4FD04
:1098B0002046FFF7BFFF0028F1DB1C34EDE703B0C3
:1098C00030BD00BF589A032028CB002028CB0020B1
:1098D00007B50B4B1B6801934FF00003EFF30580B6
:1098E000074B003818BF01201A68019B5A404FF0FF
:1098F000000301D001F0D0FD03B05DF804FB00BF10
:10990000589A032013B50E4B04461B6801934FF081
:10991000000308B90B4B9C681F2204F1620004F09D
:109920004CFB0020064B84F881001A68019B5A40CA
:109930004FF0000301D001F0AFFD02B010BD00BF39
:10994000589A032050E7002007B5094B62301B6886
:1099500001934FF00003064B1A68019B5A404FF0E9
:10996000000301D001F098FD03B05DF804FB00BFD7
:10997000589A032007B5124B1B6801934FF0000360
:10998000104B9B685A7BD2070ED4D3F888301A68E4
:10999000B2F1F03F08D04FF0F0321A60404080F34F
:1099A00011884FF0020002DF054B1A68019B5A40F4
:1099B0004FF0000301D001F06FFD03B05DF804FB30
:1099C000589A032050E7002007B5094B1B68019304
:1099D0004FF00003064B1A68019B5A404FF00003FA
:1099E00001D001F059FD03B05DF804EB01F07EBA3F
:1099F000589A0320F0B587B0254D109F2D68059526
:109A00004FF000050773042700F15805C0E916550B
:109A10004FF0F03E00250446477307320F9F22F0B7
:109A200007028773C0E906558560C5738F18C1F8B2
:109A300000E0C0E922120E9AC0F8905002920D9AEE
:109A4000119E01920C9A00923A46F4F75FFE65650A
:109A5000BEB11F22314604F1620004F0AEFA84F870
:109A600081500C4B9B680BB1D3F89430C4F8943000
:109A7000074B1A68059B5A404FF0000304D001F0D1
:109A80000BFD84F86260ECE7384607B0F0BD00BF1C
:109A9000589A032050E70020F0B51B4F89B03F686B
:109AA00007974FF00007DDE9146500270597129F1F
:109AB00004460497119F0397109F02970F9F0197E9
:109AC0000E9F0097FFF796FFB5F1FF3F08BFB6F175
:109AD000FF3F05D055EA06030BD1204601F006FAF8
:109AE000094B1A68079B5A404FF0000309D001F058
:109AF000D3FC32462B46054904F1180001F05CFD09
:109B0000EEE7204609B0F0BD589A032051AC0100A1
:109B100070B5294B88B01B6807934FF00003274CA2
:109B2000274D2646AE4204F130040ED301F05EFA12
:109B3000224C244EAC4224D31F4B1A68079B5A4038
:109B40004FF0000332D001F0A7FC54F80C3C059311
:109B500054F8103C049354F8143C039354F8183C04
:109B6000029354F81C3C019354F8203C009354E9B0
:109B70000A2354E90C01FFF73DFF54F8303C5E65C1
:109B8000CFE7D4E90A23B3F1FF3F08BFB2F1FF3FAB
:109B900005D052EA0301206803D101F0A7F930345F
:109BA000C8E73146183001F007FDF8E708B0BDE816
:109BB000704001F043BA00BF589A032008E5010045
:109BC00008E5010051AC010007B5084B1B68019383
:109BD0004FF000034FF02002EFF3118382F312885D
:109BE000BFF36F8FF4F7FAFDF4E700BF589A032034
:109BF00007B5104B1B6801934FF0000390F90E302E
:109C00008B420C4B0CD01A68019B5A404FF000035A
:109C100001D001F041FC03B05DF804EB01F0E0B8C5
:109C20001A68019B5A404FF00003F2D1002003B0A4
:109C30005DF804FB589A032037B5244B04461B6893
:109C400001934FF000038368002B36D0204A9268BE
:109C5000934235D1C368012B0BD9013BC36000206F
:109C60001A4B1A68019B5A404FF000032BD001F0A9
:109C700013FC4FF02003EFF3118583F31288BFF339
:109C80006F8F01698068FFF7B3FF204601F050F83D
:109C9000A06060B190F90E2022610022C0F89C20E3
:109CA00000F028FF29460B4801F0F0F8D7E7E06004
:109CB00085F31188BFF36F8FD1E76FF01500CFE701
:109CC0004FF0FF30CCE703B030BD00BF589A0320FF
:109CD00050E7002017FD02202DE9FF411E46404BB2
:109CE000044617461B6803934FF000034FF0200310
:109CF000EFF3118883F31288BFF36F8FC368394A7B
:109D0000ABB18068916888421FD057EA06031ED124
:109D100088F31188BFF36F8F6FF00F00304B1A6814
:109D2000039B5A404FF0000357D001F0B5FB9168F8
:109D300091F90E100133E36093682161A36088F309
:109D40001188BFF36F8F0020E8E72169F2E791F9EE
:109D50000E1090F90E306FF07E029942A8BF19469E
:109D60009142B8BF11468B422EDDFFF741FF0546F9
:109D700022464146CDE900761B4800F081FF0028CD
:109D8000E1D04FF02003EFF3118683F31288BFF385
:109D90006F8FA068D0B1236821699C420AD04BB173
:109DA00093F90E309942A8BF19466FF07E0399428D
:109DB000B8BF1946FFF71CFF40B131460A4801F011
:109DC00065F86FF00A00A9E70025D1E7002DF4D16E
:109DD00086F31188BFF36F8FF3E704B0BDE8F0811D
:109DE000589A032050E7002017FD022007B50346CC
:109DF0000A4A0020126801924FF00002C3E90033C2
:109E0000C3E90200054B1A68019B5A404FF000035A
:109E100001D001F041FB03B05DF804FB589A032028
:109E20002DE9F7439046394A994604460D46126893
:109E300001924FF000029DF8283000F108064FF023
:109E40002002EFF3118782F31288BFF36F8F03B103
:109E50004568304600F06CFF60B10023C0F8148004
:109E6000C0F89C3000F046FE3046394601F00EF84E
:109E700000200CE0B9F1000F22D0082102F07AF89E
:109E800070B987F31188BFF36F8F6FF00B001F4B12
:109E90001A68019B5A404FF0000334D001F0FCFADD
:109EA0000122C0F804800260016801F003015DB97D
:109EB00022680A430260626820606AB960600BE051
:109EC0004046C8F80090EFE72A68032A10D80160DE
:109ED000616839B9C4E90000042104F1100001F0FF
:109EE000FBFEC1E70A6802F0030202430A60E5E7ED
:109EF00022F003020A4302602A6802F0030240EAE9
:109F000002032B60E8E703B0BDE8F083589A032012
:109F100013B50D4B04461B6801934FF0000330B19D
:109F20000268930703D0446809B101F08FFF064A25
:109F30001168019A51404FF0000201D001F0ACFAD3
:109F4000204602B010BD00BF589A03201FB50C4B2D
:109F50000A461B6803934FF000030123009300237C
:109F60001946FFF75DFF064B1A68039B5A404FF0F6
:109F7000000301D001F090FA05B05DF804FB00BFCA
:109F8000589A032030B511461E4A85B012680392D4
:109F90004FF000024FF02002EFF3118582F3128898
:109FA000BFF36F8F0468CCB12368426823F00303CA
:109FB0009442036008BF436001212046FFF7A8FFD9
:109FC000044685F31188BFF36F8F0E4B1A68039B0D
:109FD0005A404FF0000312D001F05EFA51EA03023A
:109FE000EFD000F10802CDE900131046294600F039
:109FF00047FE0028E9D1044B9B685C69E5E72046F1
:10A0000005B030BD589A032050E7002013B50F4B20
:10A010001B6801934FF000039AB18A4211D300F1FB
:10A020001003C0E90212C0E90000C0E904330020B7
:10A03000064B1A68019B5A404FF0000304D001F010
:10A040002BFA6FF01500F3E702B010BD589A032009
:10A0500037B5194B04461B6801934FF000034FF0CE
:10A060002003EFF3118583F31288BFF36F8F00F0A5
:10A070005FFE68B10022C0F89C2000F03BFD0E4B53
:10A080001A68019B5A404FF000030DD001F004FA0A
:10A09000D4E902329A4218BF01330221A36004F1CD
:10A0A000100001F019FEEAE72946044803B0BDE8B4
:10A0B000304000F0EBBE00BF589A032017FD02208D
:10A0C0001FB51949096803914FF000014FF02004B2
:10A0D000EFF3118184F31288BFF36F8F84687CB132
:10A0E000013C846081F31188BFF36F8F00200E4B19
:10A0F0001A68039B5A404FF0000312D001F0CCF9CC
:10A1000052EA030406D181F31188BFF36F8F6FF019
:10A110000F00ECE7CDE900230246044800F0B0FD53
:10A12000E5E704B010BD00BF589A032017FD0220D8
:10A1300007B501220C4B8A401B6801934FF00003C6
:10A14000036823EA0202026023FA01F0064B00F0E2
:10A1500001001A68019B5A404FF0000301D001F042
:10A160009BF903B05DF804FB589A032007B5104B28
:10A170001B6801934FF000030D4B78B11A68019BE7
:10A180005A404FF0000301D001F086F90022114639
:10A19000B03003B05DF804EB01F0E2B81A68019B3F
:10A1A0005A404FF00003EFD103B05DF804FB00BF4D
:10A1B000589A03202DE9F04F4C4B87B004461B689A
:10A1C00005934FF000034FF0FF384FF0FF39484E32
:10A1D0004FF02003EFF3118783F31288BFF36F8FE3
:10A1E000D4F8A8508DB9022104F1C000FFF7A0FFF8
:10A1F000002843D100233946CDE90089029304F1B8
:10A20000B0023C4801F0E2F8E2E7D4F8AC202B6859
:10A210009542C4F8A83008BFC4F8AC30D4F8C030B8
:10A2200043F00203C4F8C030EB6823F0040343F0AA
:10A230000103EB606B6887F31188BFF36F8F2846CB
:10A2400098474FF02003EFF3118B83F31288BFF38D
:10A250006F8FEB68990723F0010219D4EA60D4F8F4
:10A26000C03023F00203C4F8C0308BF31188BFF371
:10A270006F8FDB05ACD400F04BFFA9E704F1B80504
:10A2800000220121284601F06BF80028F8D1B1E73F
:10A29000306823F00303EB600028E0D000273B4642
:10A2A000D0F800A00028DAD04268014695420CD1CF
:10A2B00001689FB972683160824200D1716040F8D4
:10A2C000083BFFF7C5FE39460023BAF1000F0BD05B
:10A2D000DAF8002050460F469246E3E7396072688C
:10A2E000824208BF7760EAE75246F3E7589A0320B4
:10A2F00070E7002017FD0220F7B5324B04461B68BB
:10A3000001934FF00003C3680F469A07C3F340065A
:10A310002CD45B071AD40B680BB983680B60E36815
:10A32000DD0742BFA36802263B603D6858BF012697
:10A33000002D41D0244B9B68AB420AD0D5F8C030E9
:10A34000D807C3F3800214D46FF0120600233B60D9
:10A3500025E0FFF7BDFAD5F8C0300028F0D1D907C5
:10A36000C3F3C002F0D552B15B0708D46FF00F06FB
:10A37000ECE7002AFAD1C3F3C003002BF6D1002387
:10A380002360D5F8AC309BB9C5E92A442846FFF7CD
:10A39000EDFEE36843F00403E3603B68A360094B10
:10A3A0001A68019B5A404FF0000308D001F074F87E
:10A3B0001C60C5F8AC40E9E76FF01506C6E730460B
:10A3C00003B0F0BD589A032050E700201FB5104B92
:10A3D00001901B6803934FF0000308464FF02003E1
:10A3E000EFF3118483F31288BFF36F8F01A9FFF796
:10A3F00083FF84F31188BFF36F8F054B1A68039BAB
:10A400005A404FF0000301D001F046F804B010BDEF
:10A41000589A032013B50F4B1B6801934FF00003AC
:10A42000FFF7D4FF041E09DD4FF02003EFF3118086
:10A4300083F31288BFF36F8F00F090FD054B1A680D
:10A44000019B5A404FF0000301D001F025F820464F
:10A4500002B010BD589A032007B50A4B01461B688D
:10A4600001934FF00003074B1A68019B5A404FF0CD
:10A47000000301D001F010F8034803B05DF804EBCD
:10A48000FFF7C8BF589A032070D70020F0B50446E4
:10A4900020488BB0006809904FF000000020109D0C
:10A4A000C4E92A0004F1B000C4E92C0004F1B800AA
:10A4B000C4E92E0035B32879002840F2011008BF06
:10A4C0000120C4F8C00000204FF0FF364FF0FF37E6
:10A4D000CDE90330CDE90100CDE9066720460E4BFA
:10A4E0000094FFF7D9FA25B1296811B12046FFF78A
:10A4F00009FA084B1A68099B5A404FF0000303D031
:10A5000000F0CAFF0120DCE720460BB0BDE8F040B8
:10A51000FFF75ABA589A0320B5A1010007B50C4BB2
:10A520001B6801934FF00003D0E9003213605A60BA
:10A530000023C0E90033064B1A68019B5A404FF0D4
:10A54000000301D000F0A8FF03B05DF804FB00BFDA
:10A55000589A032007B5144B1B6801934FF0000372
:10A56000C3897F2B1AD8114B1B6863B1104B90F92C
:10A570000E201B689A4211DB437BDB060ED10D4B8C
:10A58000C31A18BF012303F00100074B1A68019B8F
:10A590005A404FF0000303D000F07EFF0023F2E7A3
:10A5A00003B05DF804FB00BF589A032080E7002049
:10A5B0007CE7002000D6002007B50C4B01221B6869
:10A5C00001934FF000030A4BC01A0A4BC0105843C6
:10A5D000094B1A54054B1A68019B5A404FF000036F
:10A5E00001D000F059FF03B05DF804FB589A032036
:10A5F00050D70020ABAAAAAA17FD022013B5044623
:10A600000B4B1B6801934FF00003FFF787FF637B41
:10A6100023F0020363730023A360054B1A68019BB8
:10A620005A404FF0000301D000F036FF02B010BDD9
:10A63000589A032013B50B4B04461B6801934FF047
:10A640000003FFF797F9074B1A68019B5A404FF038
:10A65000000301D000F020FF204602B0BDE810400A
:10A66000F3F714BF589A032073B51B4B1B4C1B68A0
:10A6700001934FF000031A4B05461E7C06EB460380
:10A6800004EBC304204601F01FF80022154B2846B6
:10A690009A55FFF75FFFA8B10F49134B086801995E
:10A6A00048404FF000011A6802F1FF324FEAE273AE
:10A6B00001D000F0F1FE20460C4902B0BDE8704028
:10A6C00000F07ABF044B1A68019B5A404FF0000318
:10A6D000EFD102B070BD00BF589A032050D70020C0
:10A6E00050E7002017FD022080E70020B9A50100F7
:10A6F00037B5144B144D1B6801934FF000032B46E4
:10A7000053F8184F9C4200D004B9EC68AB6838B9D4
:10A710005A7BD20604D1A26912B9DA897F2A05D8F8
:10A720009C4202D02046FFF79FFF23466B61054BFA
:10A730001A68019B5A404FF0000301D000F0ACFEB4
:10A7400003B030BD589A032050E7002073B590F94C
:10A750000D20214B002A1B6801934FF00003044693
:10A76000437B04DA03F07F034373FFF7D7FE1B4AF2
:10A77000637B114663F07F03637351F8183FD06920
:10A780008B4208BF002323B9C4E900100460D461E0
:10A790000CE094F90E5093F90E60B5420FD0AE4222
:10A7A0000DDD5968C4E900310C605C600A4B196822
:10A7B000019B59404FF0000305D000F06DFE984218
:10A7C000E2D01B68DFE79068031B5842584102B093
:10A7D000BDE87040FFF78CBF589A032050E7002077
:10A7E00073B5244B427B1B6801934FF0000390F933
:10A7F0000D30002B34DBD30632D1836983BB1E4975
:10A8000062F07F0242730A4652F8184F944218BF12
:10A810002346CC6923B9C0E900242060C8610CE05C
:10A8200090F90E5093F90E60B5420FD0AE420DDD97
:10A830005A68C0E90032106058600E4B1A68019BDC
:10A840005A404FF0000305D000F026FEA342E2D0AC
:10A850001B68DFE7002002B0BDE87040FFF748BF8B
:10A86000044B1A68019B5A404FF00003ECD102B030
:10A8700070BD00BF589A032050E7002013B590F92F
:10A880000D20104B002A1B6801934FF00003044673
:10A89000437B04DA03F07F034373FFF73FFE094B6A
:10A8A0001A68019B5A404FF0000301D000F0F4FDFC
:10A8B000054B9868031B5842584102B0BDE8104050
:10A8C000FFF716BF589A032050E7002037B504461B
:10A8D0000D461A4B1B6801934FF00003FFF7CEFFA4
:10A8E000637B43F002036373E5B1A5602B689D426F
:10A8F00009D16B68C4E900531C606C6012E06A689F
:10A900009342F6D01B68002BF3D094F90E2093F9F4
:10A910000E108A42F3D09142F1DD5A68C4E9003248
:10A9200014605C60054B1A68019B5A404FF00003AD
:10A9300001D000F0B1FD03B030BD00BF589A032034
:10A9400073B515461C46144B06461B6801934FF021
:10A950000003FFF7BBFFB4F1FF3F08BFB5F1FF3FB6
:10A960000D4B11D01A68019B5A404FF0000301D0E3
:10A9700000F092FD2A462346084906F1180002B06D
:10A98000BDE8704000F018BE1A68019B5A404FF0B5
:10A990000003EDD102B070BD589A032051AC010004
:10A9A000002A2DE9F3410CBF102508252E4B044643
:10A9B0001B6801934FF00003437B0E461D420AD1F2
:10A9C0002B43D90903F09F0215D14273082D18D0EB
:10A9D0000120FFF78DFE254B9B68A34236D1EFF394
:10A9E00005839BBB204B1A68019B5A404FF0000324
:10A9F00026D000F051FD03F01F034373FFF78EFDD7
:10AA0000E4E7A36813B12046FFF7F8FD04F118004E
:10AA100000F05AFE4FF0000804F15807A56DBD4242
:10AA2000D6D0002DD4D02846FFF7E8FD05F1180058
:10AA300000F04AFE2846C5F89C80FFF7D1FEEDE7FE
:10AA4000304602B0BDE8F041FFF7F4BD86F311884F
:10AA5000BFF36F8F044B1A68019B5A404FF00003FD
:10AA6000C7D102B0BDE8F081589A032050E700201A
:10AA700037B51C4B1B6801934FF000034FF02003C8
:10AA8000EFF3118583F31288BFF36F8F164B174ACC
:10AA90009C681068A0420ED1FFF7E6FD85F311888F
:10AAA000BFF36F8F0F4B1A68019B5A404FF00003A2
:10AAB00015D000F0F1FC00211B7C11600C4AD35C26
:10AAC000002BEBD02046FFF745FD0028E6D0637B46
:10AAD000DB0602D12046FFF739FE2046DCE703B053
:10AAE00030BD00BF589A032050E7002078E70020CF
:10AAF00017FD022013B50F4B1B6801934FF00003A5
:10AB00004FF02003EFF3118483F31288BFF36F8FAC
:10AB1000FFF766FE84F31188BFF36F8F054B1A6849
:10AB2000019B5A404FF0000301D000F0B5FC02B089
:10AB300010BD00BF589A032013B5184B04461830B7
:10AB40001B6801934FF0000300F0BEFD4FF020039F
:10AB5000EFF3118183F31288BFF36F8F627B12F0E2
:10AB600010020CD081F31188BFF36F8F0B4B1A6862
:10AB7000019B5A404FF000030ED000F08DFC074BB4
:10AB80001868019B58404FF00003F6D1204602B0F0
:10AB9000BDE81040FFF704BF02B010BD589A032073
:10ABA00013B5104A126801924FF000024FF02002D4
:10ABB000EFF3118482F31288BFF36F8F83680BB1B8
:10ABC000FFF71CFD84F31188BFF36F8F054B1A68E4
:10ABD000019B5A404FF0000301D000F05DFC02B031
:10ABE00010BD00BF589A032073B5184B04460D469C
:10ABF0001B6801934FF000034FF02003EFF3118621
:10AC000083F31288BFF36F8F437B13F0280F0BD1B0
:10AC100083680BB1FFF7F2FC637B95B903F0FB038C
:10AC200020466373FFF7DCFD86F31188BFF36F8F57
:10AC3000064B1A68019B5A404FF0000304D000F005
:10AC40002BFC03F0EB03EBE702B070BD589A032036
:10AC500007B50A4B1B6801934FF00003074B1A68B6
:10AC6000019B5A404FF0000301D000F015FC012178
:10AC7000183803B05DF804EBFFF7B6BF589A03200D
:10AC800073B51348134D006801904FF0000012484F
:10AC90000C4686681146DDE906232E604FF020063B
:10ACA000EFF3118586F31288BFF36F8F8068FFF78B
:10ACB00047FE074B1A68019B5A404FF0000301D032
:10ACC00000F0EAFB204602B0BDE87040FFF7B2BCDE
:10ACD000589A032078E7002050E7002037B5134B3F
:10ACE0001B6801934FF000034FF02003EFF3118531
:10ACF00083F31288BFF36F8F0468A04210D014B1A1
:10AD00002046FFF77BFC85F31188BFF36F8F074B5D
:10AD10001A68019B5A404FF0000303D000F0BCFBBF
:10AD20000024F0E7204603B030BD00BF589A03204E
:10AD300037B5154B1B6801934FF000034FF020030C
:10AD4000EFF3118583F31288BFF36F8F0468A0427D
:10AD500014D034B12046FFF751FC04F1180000F084
:10AD6000B3FC85F31188BFF36F8F074B1A68019B03
:10AD70005A404FF0000303D000F08EFB0024F0E7B0
:10AD8000204603B030BD00BF589A032037B5134B9F
:10AD900004461B6801934FF000034FF02003EFF3CC
:10ADA000118583F31288BFF36F8F83680BB1FFF7B0
:10ADB00025FC85F31188BFF36F8F084B1A68019B40
:10ADC0005A404FF0000301D000F066FB04F1180078
:10ADD00003B0BDE8304000F077BC00BF589A0320B4
:10ADE000F7B5284B04461B6801934FF000034FF062
:10ADF0002003EFF3118783F31288BFF36F8F437B38
:10AE00004EB2DA0619D18569BDB903F07F034373E9
:10AE1000FFF784FB637B1C4A63F07F036373134675
:10AE2000A67353F8181F994218BF0D46D1699DB9F2
:10AE3000C4E900310C60D46119E00020A67387F3E7
:10AE40001188BFF36F8F0F4B1A68019B5A404FF068
:10AE5000000315D000F020FB95F90E0086420BD0C0
:10AE6000B04209DD6B68C4E900531C606C600120CE
:10AE7000FFF73EFC0120E2E7A942D9D02D68D6E7D2
:10AE800003B0F0BD589A032050E7002007B5154BDA
:10AE90001B6801934FF00003A9B9EFF3058090B947
:10AEA000114B5A699B689A420DD00E4B1A68019B50
:10AEB0005A404FF0000301D000F0EEFA03B05DF805
:10AEC00004EBFFF7B7BB81F31188BFF36F8F054B1E
:10AED0001A68019B5A404FF00003EDD103B05DF8B2
:10AEE00004FB00BF589A032050E7002013B5194A0D
:10AEF000126801924FF000024FF02002EFF311842C
:10AF000082F31288BFF36F8F427B51070CD484F316
:10AF10001188BFF36F8F0F4B1A68019B5A404FF097
:10AF2000000314D000F0B8FA22F004024273FFF7D5
:10AF300057FC084B1A68019B5A404FF00003F1D1AF
:10AF40002146054802B0BDE81040FFF79FBF02B0A0
:10AF500010BD00BF589A032018FD022007B5134BFF
:10AF60001B6801934FF00003034680B9EFF305829D
:10AF70006AB90E4B1A68019B5A404FF0000301D08A
:10AF800000F08AFA03B05DF804EBFFF753BB83F3DC
:10AF90001188BFF36F8F054B1A68019B5A404FF021
:10AFA0000003EDD103B05DF804FB00BF589A032005
:10AFB00007B50D4B1B6801934FF000034FF02003C2
:10AFC000EFF3118083F31288BFF36F8F064B1A687B
:10AFD000019B5A404FF0000301D000F05DFA03B02E
:10AFE0005DF804EBFFF7BABF589A032007B5114B81
:10AFF0001B6801934FF000034FF02003EFF3118122
:10B0000083F31288BFF36F8F0B4B9A68D37B013B9E
:10B01000D37381F31188BFF36F8F064B1A68019BBE
:10B020005A404FF0000301D000F036FA03B05DF84B
:10B0300004FB00BF589A032050E7002013B5134BC0
:10B040001B6801934FF000034FF02003EFF31184CE
:10B0500083F31288BFF36F8F0D4B00209A68D37B68
:10B060000133D373FFF744FB84F31188BFF36F8F71
:10B07000064B1A68019B5A404FF0000301D000F0C4
:10B080000BFA02B0BDE81040FFF792BF589A0320B8
:10B0900050E7002037B50F4B05461B6801934FF072
:10B0A000000300202C68A54200D044B9094B1A685F
:10B0B000019B5A404FF0000309D000F0EDF9204603
:10B0C000FFF764FE2046FFF715FD0120EAE703B015
:10B0D00030BD00BF589A032007B50B4B1B68019386
:10B0E0004FF00003094B03F11802C3E90622064B97
:10B0F0001A68019B5A404FF0000301D000F0CCF9D0
:10B1000003B05DF804FB00BF589A032050E700200D
:10B11000F7B5254B1B6801934FF000034FF0200358
:10B12000EFF3118583F31288BFF36F8F1F4CA06874
:10B13000437B03F07F034373FFF7F0F92146A368D5
:10B140005A7B62F07F025A7351F8182FE0698A42E5
:10B1500008BF002222B9C3E900100360E3610CE0DC
:10B1600093F90E6092F90E70BE4212D0B74210DD14
:10B170005168C3E900210B6053600120FFF7B8FA62
:10B18000094B1A68019B5A404FF0000305D000F0AC
:10B1900083F98242DFD01268DCE7284603B0BDE8BD
:10B1A000F040FFF747BA00BF589A032050E700204D
:10B1B0002DE9F341254B05461B6801934FF0000331
:10B1C00050EA01030E4603D1FFF7A2FF00202CE056
:10B1D000831C71F1FF3331DB00F046FB2C184FF07C
:10B1E0002003EFF3118883F31288BFF36F8F184F9A
:10B1F000184BB8681860FFF741FBB86816492A4633
:10B200003346183000F0D8F9BA684046537B43F013
:10B2100010035373FFF70EFA00F026FB201A63EBBE
:10B220000303012873F10003D0DB084B1A68019B6C
:10B230005A404FF0000305D000F02EF96FF00104E2
:10B24000241ACCE702B0BDE8F08100BF589A032071
:10B2500050E7002078E7002051AC0100B1F1FF3F3A
:10B2600008BFB0F1FF3F07B5104B1B6801934FF0CB
:10B2700000030ED10E4B9868FFF75EFC4FF0FF30D5
:10B280000A4B1A68019B5A404FF000030BD000F0A4
:10B2900003F9FFF78DFF4FF47A7380FB0303C00BB4
:10B2A00040EA4340ECE703B05DF804FB589A032002
:10B2B00050E7002007B5094B1B6801934FF00003CE
:10B2C000074B9868054B1A68019B5A404FF00003E2
:10B2D00001D000F0E1F803B05DF804FB589A0320B8
:10B2E00050E7002007B51D4A126801924FF0000296
:10B2F0004FF02002EFF3118182F31288BFF36F8FBA
:10B30000027BD20713D581F31188BFF36F8F4040C2
:10B3100080F311884FF0040002DF104B1A68019B84
:10B320005A404FF0000311D103B05DF804FB437B9A
:10B330001B0704D581F31188BFF36F8FEDE7074B2F
:10B340001A68019B5A404FF0000301D000F0A4F8A6
:10B35000012203B05DF804EBFFF722BB589A0320EB
:10B3600037B5194B1B6801934FF000034FF02003D2
:10B37000EFF3118583F31288BFF36F8F0468A04247
:10B380001BD0E4B1C4F89C1062612046FFF736F987
:10B3900004F1180000F098F92046FFF721FA012087
:10B3A00085F31188BFF36F8F074B1A68019B5A40D2
:10B3B0004FF0000305D000F06FF80020F0E72046C2
:10B3C000EEE703B030BD00BF589A0320F0B50E4B36
:10B3D00085B00C9C1B6803934FF00003DDE90A67FE
:10B3E000CDE90067FFF74CFC1CB1084B9B685B691B
:10B3F0002360054B1A68039B5A404FF0000301D0AD
:10B4000000F04AF805B0F0BD589A032050E700203C
:10B4100007B50A4B1B6801934FF00003C0E9000019
:10B42000064B1A68019B5A404FF0000301D000F010
:10B4300033F8002003B05DF804FB00BF589A0320E6
:10B4400007B50E480E4A0F4B121A0F491B6801939D
:10B450004FF00003FDF7AEFF0A4B1A68019B5A40FC
:10B460004FF0000301D000F017F8084A08490948D6
:10B4700003B05DF804EBFDF79DBF00BF80C5002061
:10B48000BCCC0020589A0320180C020000000000D9
:10B49000000C020080C50020054B82B01B680193A0
:10B4A0004FF00003404080F311884FF0020002DFAC
:10B4B000589A032007B5104B1B6801934FF0000307
:10B4C0000E4B1B686BB90C4B1A68019B5A404FF02E
:10B4D000000301D0FFF7E0FF03B05DF804EBF6F7DF
:10B4E00065B8054B1A68019B5A404FF00003F1D133
:10B4F000002003B05DF804FB589A032084E7002085
:10B5000013B5154B1B6801934FF00003134B1C68D8
:10B510009C420CD1FFF7CEFF6FF000400E4B1A6833
:10B52000019B5A404FF0000314D0FFF7B5FFFFF71F
:10B53000C1FF002CF0D0D4E904321B1A62EBE07298
:10B54000B3F1004F72F10001E6DA002AACBF1846F1
:10B550000020E3E702B010BD589A0320F8C900208C
:10B5600037B5134B1B6801934FF0000370B1114BBB
:10B570005B6898420AD0036843B1D3E90421D0E95B
:10B580000445121941EB0501C3E90421D0E9003259
:10B5900013605A600023C0E90033054B1A68019B11
:10B5A0005A404FF0000301D0FFF776FF03B030BDE3
:10B5B000589A0320F8C90020F7B51D46B5F1FF3FA2
:10B5C00008BFB2F1FF3F3D4B04461B6801934FF0AB
:10B5D000000316465CD081604FF02003EFF3118723
:10B5E00083F31288BFF36F8F013275F1FF3324DAD2
:10B5F0006FF001033249D1E900209B1A4FF0FF326E
:10B6000062EB00009E1B60EB0500012E70F1000351
:10B6100001DA01260020C4E904602A4ED6F800C0F1
:10B620007568B44508BF4FF0000CBCF1000F0DD198
:10B63000C4E900652C6074601CE0FFF73BFF013635
:10B6400045F10005361845EBE070E4E7DCE904203D
:10B65000D4E90431934271EB000E22DAD21ADCF8FD
:10B66000043060EB0100CCE90420C4E900C31C6095
:10B67000CCF804403368B34206D09C4204D1FFF7B3
:10B680003FFF0021F5F754FF87F31188BFF36F8F59
:10B690000A4B1A68019B5A404FF000030BD0FFF78A
:10B6A000FBFE9B1A61EB0001AC45C4E90431BFD03D
:10B6B000DCF800C0B9E703B0F0BD00BF589A032022
:10B6C00068D70020F8C9002013B5124A1268019209
:10B6D0004FF000024FF02002EFF3118482F3128842
:10B6E000BFF36F8F03687BB1FFF73AFF002084F34D
:10B6F0001188BFF36F8F074B1A68019B5A404FF0B8
:10B70000000304D0FFF7C8FE6FF01500EFE702B0AA
:10B7100010BD00BF589A03202DE9F74F394B1B6825
:10B7200001934FF000034FF02003EFF3118C83F3EC
:10B730001288BFF36F8FDFF8D0B00026DBF800402F
:10B7400000275C4508BF0024DFF8C0A0DFF8C080F8
:10B75000CAF80000E146D8E90021DAF8003094B3D5
:10B76000D4E904504FEAE37CAB427CEB000E05DAEF
:10B77000ED1A60EB0C00C4E9045024E0AA1841EB78
:10B78000E5712046C4E90467C8E90021FFF7E8FE37
:10B7900089F31188BFF36F8F2046A36898474FF055
:10B7A0002003EFF3118983F31288BFF36F8FDAF868
:10B7B0000030DBF800405B1B5C45CC46CAF800302B
:10B7C000C8D1D8E9002100249A1841EBE373C8E9F5
:10B7D0000023CAF80040FFF793FE2146F5F7A8FEC4
:10B7E00089F31188BFF36F8F064B1A68019B5A408B
:10B7F0004FF0000301D0FFF74FFE03B0BDE8F04F5C
:10B80000FFF736B9589A0320F8C9002084E70020D2
:10B8100068D7002013B5124B1B6801934FF000034B
:10B820004FF02003EFF3118483F31288BFF36F8F7F
:10B83000FFF740FE03460B4AD2E90001181841EB1E
:10B84000E37184F31188BFF36F8F054B1A68019B76
:10B850005A404FF0000301D0FFF71EFE02B010BDAA
:10B86000589A032068D7002007B5094B1B6801933D
:10B870004FF00003FFF7CEFF054B1A68019B5A40BB
:10B880004FF0000301D0FFF707FE03B05DF804FBA3
:10B89000589A032007B5094B1B6801934FF000032A
:10B8A000064B1A68019B5A404FF0000301D0FFF786
:10B8B000F3FD03B05DF804EBFFF7ACBF589A03202B
:10B8C00073B51D46B5F1FF3F08BFB2F1FF3F164B00
:10B8D00004461B6801934FF0000316461AD02A4312
:10B8E0001CD06FF001024FF0FF33921B63EB050198
:10B8F000002904DAFFF78EFF821941EB0501C4E944
:10B900000021094B1A68019B5A404FF0000307D0F1
:10B91000FFF7C2FD4FF0FF321146F0E70022FBE7D0
:10B92000204602B070BD00BF589A0320F7B51C46F0
:10B93000B4F1FF3F08BFB2F1FF3F144B0746164674
:10B940001B6801934FF0000317D054EA020318D08C
:10B95000FFF760FFB0420A46A141034611D2F31A35
:10B9600064EB0204C7E90034084B1A68019B5A4093
:10B970004FF0000307D0FFF78FFD4FF0FF331C4659
:10B98000F0E70023FBE7384603B0F0BD589A0320E8
:10B99000F7B5434B04461B6801934FF000034FF08B
:10B9A0002003EFF3118783F31288BFF36F8F0268D0
:10B9B00062B187F31188BFF36F8F394B1A68019B0F
:10B9C0005A404FF0000368D0FFF766FDD0E90A3611
:10B9D000581C46F10001022871F1000127D3012B08
:10B9E00076F10001BCBF012316465D1E46F1FF360D
:10B9F000FFF750FF013041F10001401946EB010112
:10BA0000012871F1000143DBFFF744FF013041F1F0
:10BA100000016FF00102401946EB01034FF0FF31C6
:10BA2000121A61EB030320461E49FFF7C5FD236B85
:10BA300001332363236A73B187F31188BFF36F8FD8
:10BA40002046236A98474FF02003EFF3118783F3D2
:10BA50001288BFF36F8F54F8185FA542A9D0002D4C
:10BA6000A7D02846FFF79CF80023C5F89C3087F341
:10BA70001188BFF36F8F0A4B1A68019B5A404FF031
:10BA80000003A1D1284603B0BDE8F040FFF732B86B
:10BA90006FF001024FF0FF33C5E703B0F0BD00BF08
:10BAA000589A032091B9010013B50D4B1B680193FF
:10BAB0004FF000030023C0E9081200F11802C0E9AA
:10BAC0000033C0E9062203634363054B1A68019BF8
:10BAD0005A404FF0000301D0FFF7DEFC02B010BD6A
:10BAE000589A03202DE9F347DDE90A671C46214BEC
:10BAF00005461B6801934FF000039246A1464FF0A4
:10BB00002003EFF3118883F31288BFF36F8FB4F132
:10BB1000FF3F08BFB2F1FF3F0CD188F31188BFF39C
:10BB20006F8F144B1A68019B5A404FF000031DD0D1
:10BB3000FFF7B2FC531C74F1FF3309DB012A74F1E7
:10BB40000003BCBF0122002412F1FF3A44F1FF3987
:10BB50002846FFF7B9FD002352462B6328464B4683
:10BB6000C5E90A670449FFF727FDD6E702B0BDE83B
:10BB7000F08700BF589A032091B9010013B5194B03
:10BB800004461B6801934FF00003FFF79DFD00BBC7
:10BB9000636A0BB12046984704F11800FFF79EF83E
:10BBA000B8B1FEF7A7FF4FF02003EFF3118083F346
:10BBB0001288BFF36F8F0B4B1A68019B5A404FF0EE
:10BBC000000301D0FFF768FC02B0BDE81040FFF7AA
:10BBD000C5B9044B1A68019B5A404FF00003F1D1DC
:10BBE00002B010BD589A03202DE9F341294B846817
:10BBF00005460E461B6801934FF00003ECB16378D5
:10BC0000012B2CD114F8533C9A0714D5A4F16007EA
:10BC10003846FFF7BBF8082E0CBF6FF00303002374
:10BC2000E36314F8533CDB0605D154F8483C13B9E0
:10BC30003846FEF75FFF002323700020EB68A86002
:10BC4000C3F38632164366F39433EB60114B1A68E4
:10BC5000019B5A404FF0000318D0FFF71DFC022B48
:10BC6000E9D12378002BE6D054F8048CB8F1000F0A
:10BC7000E1D004F11400FFF727FD0023A4F114071D
:10BC800039464046E362FEF7A1FBD4E702B0BDE8C7
:10BC9000F08100BF589A032037B50E4C5205246836
:10BCA00001944FF000040024090201F47C5102F4D5
:10BCB00000120A43017B84600A43C0E90323054B59
:10BCC0001A68019B5A404FF0000301D0FFF7E4FBD4
:10BCD00003B030BD589A032013B5144A03461268C6
:10BCE00001924FF000024FF02002EFF3118482F333
:10BCF0001288BFF36F8F0068834208D0D0E900320A
:10BD000013605A600023C0E90033FFF76DFF84F32E
:10BD10001188BFF36F8F054B1A68019B5A404FF093
:10BD2000000301D0FFF7B8FB02B010BD589A032002
:10BD300007B50A4B1B6801934FF000030023C0E9CD
:10BD400000008360054B1A68019B5A404FF00003C6
:10BD500001D0FFF7A1FB03B05DF804FB589A032064
:10BD600013B50A4B1B6801934FF0000383680B6007
:10BD7000C3681360054B1A68019B5A404FF00003DB
:10BD800001D0FFF789FB02B010BD00BF589A032015
:10BD900037B51A4A0346126801924FF000024FF07D
:10BDA0002002EFF3118582F31288BFF36F8FC16019
:10BDB00001218160006883420DD185F31188BFF3B2
:10BDC0006F8F00240D4B1A68019B5A404FF00003FF
:10BDD00010D0FFF761FBD0E9003213605A600023F6
:10BDE000C0E90033FFF700FF294604460448FFF787
:10BDF0004DF8E7E7204603B030BD00BF589A032056
:10BE000018FD0220F0B5104B85B0043204461B68C3
:10BE100003934FF0000308D20026002741F00401ED
:10BE2000CDE90067FDF762FC48B90020064B1A68AF
:10BE3000039B5A404FF0000304D0FFF72DFB40F85E
:10BE4000044BF3E705B0F0BD589A032007B5104B3B
:10BE50001B6801934FF000030D4B78B11A68019BEA
:10BE60005A404FF0000301D0FFF716FB011F50F8B6
:10BE7000040C03B05DF804EBFDF7A6BC1A68019B47
:10BE80005A404FF00003EFD103B05DF804FB00BF50
:10BE9000589A032007B50B4B0A461B6801934FF0D5
:10BEA0000003084B1968019B59404FF0000301D073
:10BEB000FFF7F2FA0146044803B05DF804EBFFF720
:10BEC000A1BF00BF589A032028CB002007B50A4B1A
:10BED00001461B6801934FF00003074B1A68019B52
:10BEE0005A404FF0000301D0FFF7D6FA042003B008
:10BEF0005DF804EBFFF7CEBF589A032073B5A0FBA3
:10BF000001540E4B1B6801934FF0000324B92846DF
:10BF1000FFF7DCFF064648B90026084B1A68019B6C
:10BF20005A404FF0000306D0FFF7B6FA2A462146E2
:10BF300001F086FFF1E7304602B070BD589A032049
:10BF400007B50A4B1B6801934FF00003084BC0F87C
:10BF50009430064B1A68019B5A404FF0000301D001
:10BF6000FFF79AFA03B05DF804FB00BF589A03206C
:10BF700028CB002037B5154B04460D461B680193AE
:10BF80004FF00003FDF7A4FC68B9114B9B68D3F890
:10BF900094304BB90D4B1A68019B5A404FF0000387
:10BFA00009D103B030BD0B4B084A1168019A5140CA
:10BFB0004FF0000201D0FFF76FFA2A4621461846DB
:10BFC00003B0BDE83040FFF71DBF00BF589A032003
:10BFD00050E7002028CB002007B50A4B1B680193CF
:10BFE0004FF00003074B1A68019B5A404FF00003C3
:10BFF00001D0FFF751FA044803B05DF804EBEEF707
:10C00000B9BA00BF589A0320740A020010B5002480
:10C010000F4B86B01B6805934FF000030D4B4FF498
:10C020008042039303AB00930B494FF0FF330B485F
:10C030008DF81040FEF72AFA054B1A68059B5A4006
:10C040004FF0000301D0FFF727FA204606B010BDDD
:10C05000589A0320A20A0200585A032070D70020E1
:10C06000F8B506460F4600F027F8124B04460D4679
:10C0700093F90030013319D032463B4630463946F9
:10C08000ECF75CFF90B90022002330463946ECF70C
:10C090002DFF58B1F2F790FF212300220360002307
:10C0A00010461946ECF7EAFB04460D4620462946A1
:10C0B000F8BD00BF82CA00205A4A0B468A432DE9C8
:10C0C000F04104460D4606460ED10246ECF7ACFAA6
:10C0D00002460B4620462946ECF7F0F804460D468A
:10C0E00020462946BDE8F08100290CDC21F0004201
:10C0F0000243F5D089B10246ECF7DEF802460B4662
:10C10000ECF7BCFBEAE70A1515D1002109E0F30AB8
:10C11000153A7605002BFAD0F7E70A46FAE75B00F6
:10C120000131DC02FBD5481E121AC1F1200026FAAB
:10C1300000F08E400343C3F31303D007A2F2FF3590
:10C140004FF0000743F480134FF0160E4FEA6505D9
:10C15000B84658BF5B004FF400125CBF03EBD673C8
:10C1600076005B0003EBD673760008EB0201994280
:10C17000DEBF5B1A02EB0108BF18BEF1010E4FEAE9
:10C1800043034FEA520203EBD6734FEA4606ECD163
:10C19000F44620204FF00041984501EB0E022FDBC2
:10C1A0000BD1B24209D8002A01EB020E02DABEF12D
:10C1B000000F2CDA0023B61A8C445B0001384FEADA
:10C1C000510103EBD6734FEA4606E5D1334308D05D
:10C1D000BCF1FF3F13BF0CF101030137844623F08C
:10C1E000010C7A10F9074FEA5C0302F17F5248BF55
:10C1F00043F0004302F50012184602EB05516DE7CB
:10C20000002A01EB020E0BDABEF1000F08DB08F189
:10C210000104B242A3EB080300D9013BA046CAE7E0
:10C220004446F6E70000F07F38B50546002941D0C6
:10C2300051F8043C0C1F002BB8BFE41800F0A8FB19
:10C240001D4A136833B9636014602846BDE838405E
:10C2500000F0A4BBA34208D9206821188B4201BF7B
:10C2600019685B6809182160EDE71A465B680BB135
:10C27000A342FAD911685018A0420BD1206801449A
:10C28000501811608342E0D118685B68084453601D
:10C290001060DAE702D90C232B60D6E7206821185A
:10C2A0008B4202BF19685B680918636008BF216090
:10C2B0005460CAE738BD00BF8CE70020F8B5CD1C3C
:10C2C000064625F0030508350C2D38BF0C25002D3A
:10C2D00001DBA94203D90C2333600020F8BD00F034
:10C2E00057FB21490A6814469CB9204F3B6823B983
:10C2F0002146304600F06AF938602946304600F0A1
:10C3000065F9431C23D10C233046336000F046FB13
:10C31000E3E723685B1B17D40B2B03D923601C4472
:10C32000256004E06368A2420CBF0B605360304696
:10C3300000F034FB04F10B00231D20F00700C21AAB
:10C340001CBF1B1AA350C9E722466468CCE7C41C73
:10C3500024F00304A042E3D0211A304600F036F95D
:10C360000130DDD1CFE700BF8CE7002088E7002057
:10C370002DE9FF470F7E914680460C46782F9A465E
:10C380000C9D01F1430207D8622F0AD8002F00F05C
:10C39000E080582F00F0BB8004F1420684F8427020
:10C3A0003AE0A7F16303152BF6D801A151F823F069
:10C3B00009C401001DC4010099C3010099C3010013
:10C3C00099C3010099C301001DC4010099C3010074
:10C3D00099C3010099C3010099C3010039C5010047
:10C3E000ADC40100EFC4010099C3010099C301006D
:10C3F0005BC5010099C30100ADC4010099C30100F0
:10C4000099C30100F7C401002B6804F142061A1D0C
:10C410001B682A6084F842300123ABE02368296856
:10C420001F0601F10400286001D50D6803E05E06D7
:10C43000FBD5B1F90050002D61687ADA2D20002972
:10C44000A16084F843002DDA6D425E480A23164647
:10C45000B5FBF3F103FB1157C75D06F8017D2F46CD
:10C460000D46BB42F4D9082B0BD12368DF0708D552
:10C47000236961689942DEBF302306F8013C06F16A
:10C48000FF36921B22614B4603AA21464046CDF857
:10C4900000A001F0DDFC013071D14FF0FF3004B09D
:10C4A000BDE8F08723F004032360CDE72B68206804
:10C4B000191D2960050601D51D6802E04106FBD55E
:10C4C0001D886F2F3F4814BF0A230823002184F8DA
:10C4D00043106668002EA660B9DB216821F00401D4
:10C4E0002160002DB3D1002EB1D11646BBE72368E1
:10C4F00043F0200323607827334884F84570296887
:10C5000023680E1D2E601E0603D50D6804E02D481D
:10C51000F3E75D06F9D50D88D90744BF43F0200342
:10C5200023600DB11023D1E7236823F0200323609B
:10C53000F8E724480A23CCE72B682668181D6169B0
:10C54000286035061B6801D5196002E07006FBD52E
:10C55000198000231646236195E72B6800211A1DD8
:10C560002A601E686268304601F03FFC08B1801BFB
:10C57000606063682361002384F8433083E72369A4
:10C58000324649464046D047013086D023689B0753
:10C5900014D4E068039B9842B8BF18467FE7012394
:10C5A000324649464046D04701303FF476AF013528
:10C5B000E36803995B1AAB42F1DCEAE7002504F17A
:10C5C0001906F5E7AC0B0200BD0B020038B50023DD
:10C5D000054D044608462B60F2F798FC431C02D137
:10C5E0002B6803B1236038BD90E7002070B50A4482
:10C5F00005460E4E914201D1002011E015F8013B95
:10C6000011F8014BF05C00F003000128305D00F0F0
:10C61000030008BF2033012803D12034181BE9D0C0
:10C6200070BD181BFCD1002CE4D1F9E7AC0A020064
:10C63000242B2DE9F0478646904601D8012B06D1E0
:10C64000F2F7BAFC162303600020BDE8F0870D4620
:10C6500035482A4615F8014B065D16F00806F8D154
:10C660002D2C24D12C780126951C2BBB302C30D0BE
:10C670000A2306F1004C00220CF1FF3C1046BCFBE3
:10C68000F3F903FB19CAA4F13007092F28D83C4657
:10C69000A34234DD571C07D081452DD301D1A245DB
:10C6A0002ADB00FB0340012215F8014BEBE72B2CA2
:10C6B00004BF2C78951CD8E7102BDAD1302CD8D1B8
:10C6C0002A7802F0DF02582AD3D16C781023023581
:10C6D000CFE72B7803F0DF03582BF6D00823C8E709
:10C6E000A4F14107192F01D8373CD1E7A4F1610724
:10C6F000192F04D8573CCBE74FF0FF32D4E7531C37
:10C7000008D122236046CEF80030B8F1000F9CD04B
:10C71000691E06E006B14042B8F1000F95D0002A2C
:10C72000F6D1C8F8001090E7AC0A020013460A469A
:10C73000014602480068FFF77BBF00BF00CA002027
:10C740002DE9F04F904685B089461E460D46454A74
:10C7500002902B4615F8014B175D17F00807F8D12A
:10C760002D2C41D12C7801279D1C002E41D1302C3D
:10C770004CD00A2607F1004A07F1FF3BF317324677
:10C780000AF1FF3A584603935146ECF735FB019204
:10C7900000228E46844611461046A4F13003092B30
:10C7A00005D9A4F14103192B37D8A4F137039E42D0
:10C7B0003DDD541C15D084457EEB010234D38E45FB
:10C7C00008BF844502D1019A9A422DDB039A714336
:10C7D00000FB0211A6FB00020A44181842EBE371A9
:10C7E000012215F8014BD8E72B2C04BF2C789D1C97
:10C7F000BBE7102EBED1302CBCD12B7803F0DF0369
:10C80000582BB7D16C7810260235B3E72B7803F09C
:10C81000DF03582BF6D00826ACE7A4F16103192BEF
:10C8200005D8A4F15703C2E74FF0FF32D9E7531CF4
:10C830000AD12223029A584651461360B8F1000FDC
:10C840000AD105B0BDE8F08F17B1404261EB41015C
:10C85000B8F1000FF5D00AB105F1FF39C8F8009022
:10C86000EFE700BFAC0A020013460A460146024841
:10C870000068FFF765BF00BF00CA00202DE9F04344
:10C8800086460D46354E284615F8014B375D17F0A4
:10C890000807F8D12D2C26D12C780127851C3BBB0D
:10C8A000302C32D00A234FF0FF380026B8FBF3F8C3
:10C8B00003FB08F930466FEA0909A4F1300CBCF11A
:10C8C000090F29D86446A34237DDB6F1FF3F07D0F0
:10C8D00080452FD301D1A1452CDB00FB034001266D
:10C8E00015F8014BE9E72B2C04BF2C78851CD6E703
:10C8F000102BD8D1302CD6D1287800F0DF00582862
:10C90000D1D16C7810230235CDE72B7803F0DF030B
:10C91000582BF6D00823C6E7A4F1410CBCF1190F3F
:10C9200001D8373CCFE7A4F1610CBCF1190F04D852
:10C93000573CC8E74FF0FF36D2E7731C06D12223DD
:10C940003046CEF8003032B9BDE8F08307B140423E
:10C95000002AF9D006B1691E1160F5E7AC0A0200A1
:10C9600013460A46014602480068FFF787BF00BF2A
:10C9700000CA002007B5009313460A460146034843
:10C98000006801F04FFB03B05DF804FB00CA002013
:10C990000148F2F7E1BA00BF50CB00200148F2F79E
:10C9A000F5BA00BF50CB00202DE9F04F98468B8997
:10C9B0009DB007461B060D46144610D50B6973B98A
:10C9C0004021FFF77BFC2860286130B90C233B60D5
:10C9D0004FF0FF301DB0BDE8F08F40236B610023A6
:10C9E000CDF80C804FF00109DFF8A08109932023D6
:10C9F0008DF8293030238DF82A3023469A4613F8D3
:10CA0000012B0AB1252AF9D1BAEB040B0BD05B46F6
:10CA100022462946384601F06FFB013000F0A7801E
:10CA2000099A5A4409929AF80030002B00F09F802E
:10CA300000234FF0FF320AF1010A049307938DF8A7
:10CA400053301A93CDE90523544605224F4814F874
:10CA5000011B01F0CAF9049AD8B9D00644BF2023BB
:10CA60008DF85330110744BF2B238DF853309AF8BB
:10CA700000302A2B15D0079A544600204FF00A0C9C
:10CA8000214611F8013B303B092B4BD9B0B107923D
:10CA900014E0A0EB0803A24609FA03F3134304933E
:10CAA000D2E7039B191D1B68002B0391BBBF5B42A0
:10CAB00042F0020207930793B8BF049223782E2B0B
:10CAC0000AD163782A2B32D1039B02341A1D1B68CA
:10CAD00043EAE37303920593DFF8B4A003222178BD
:10CAE000504601F082F938B1A0EB0A004022049BC5
:10CAF000013482401343049314F8011B0622254895
:10CB00008DF8281001F071F9002836D0224B1BBB9C
:10CB1000039B073323F0070308330393099B334434
:10CB200009936AE70CFB02320C460120A8E70023B8
:10CB300001344FF00A0C19460593204610F8012BDA
:10CB4000303A092A03D9002BC6D00591C4E70CFB63
:10CB5000012104460123F0E703AB2A4604A9384625
:10CB600000930E4BAFF30080421C0646D6D1AB8932
:10CB70005B063FF52DAF09982CE703AB2A4604A9C5
:10CB800038460093054BFFF7F3FBEDE7CE0B0200B1
:10CB9000D40B0200D80B020000000000F9E00100F5
:10CBA000022904D0042906D0012900D170478068E9
:10CBB00008B1F4F7E9BF7047002210B50468944249
:10CBC00000D110BD00EBC2014B68013223F0FF031E
:10CBD00043F003034B60F2E70420FAF765BB04203F
:10CBE000FAF77EBBFAF71EBB38B504460025031DD5
:10CBF0002268AA4201D8002319E04FF00002D3E8CE
:10CC0000CF0F032804D1C3E8CC2FBCF1000FF6D11D
:10CC100002D008330135EBE701EB851318464022BB
:10CC2000002101F00DF9034604EBC504A06018468D
:10CC300038BD0830704738B5054620B9FAF73AFDD7
:10CC400080B9002038BDF4F783FF04460028F8D0EF
:10CC5000FAF730FD38B92046F4F796FF0120F4F7D3
:10CC600013FFEEE72C46C56040F8084FEAE740EABC
:10CC70000141104640F8081DFAF72EBDFAF726BD0F
:10CC8000FAF71EBDF4F764BF08B5F4F77DFFBDE801
:10CC900008400120F4F7F8BE0429F8B50546174608
:10CCA00003D0102910D000240CE00820F4F71AFF5C
:10CCB00004460028F7D00023436001234780038007
:10CCC0002B6843602046F8BD1620F4F70BFF04469E
:10CCD0000028E8D0061D12220021304601F0B0F8ED
:10CCE000022323802B46678005F1100253F8041BB2
:10CCF000934246F8041BF9D1E4E7134609B91160E1
:10CD000070470A88012A02D0022A07D070471A68A1
:10CD1000082A28BF08221A6001F085B81A68162A66
:10CD200028BF1622F7E708B5FBF7FCF940B100F180
:10CD30001C03D3E8EF1F0131C3E8E21F002AF8D13A
:10CD400008BD006808B1FBF79BB9704737B50025EF
:10CD5000036804460093838F6846ADF80650ADF82B
:10CD6000043000F0E6FD38B1A36B6846984794F8AC
:10CD70003E300BB1A563E56303B030BD40680038B9
:10CD800018BF0120704700230B60836813B9C0E906
:10CD90000111704719608160704738B505460C462F
:10CDA000FAF7A0FCAA68236894426B6008BFAB60E6
:10CDB00000232046236000F04DF9BDE83840FAF723
:10CDC00097BC406870470069431E584258417047FD
:10CDD0000069831E5842584170470069C31E58427B
:10CDE000584170474069B0F5817F05D040F211137A
:10CDF000C31A5842584170470120704790F82000EC
:10CE0000C0F34000704790F82000C0F380007047E6
:10CE100090F82000C0F3C0007047006C00F00100E3
:10CE2000704790F8200000F0010070470369012B63
:10CE300005D18069A0F18003584258417047002015
:10CE4000704790F82000C0097047836933F0800371
:10CE500014BF01200020704790F82000C0F340105C
:10CE60007047806B003818BF0120704790F834007D
:10CE7000431E58425841704708B590F8203001468B
:10CE800013F001020BD1FFF7E0FF28B90846FFF7C6
:10CE9000CDFF80F00100C2B202F0010008BD002207
:10CEA000FAE770B504460D4616462046FFF7E4FF44
:10CEB00070B155B1284600F0BCF848B9314602209F
:10CEC000F4F716FC0028F0D070BD6368002BF5D095
:10CED0000020F9E74068003818BF0120704790F83B
:10CEE0002200003818BF0120704710B50446FFF734
:10CEF000ACFF94F82010C1F3401340EA0302236909
:10CF000082F00102012B14BF0123C1F38003D2B2CE
:10CF100020461A40FFF766FF48B1C1F300112046D2
:10CF2000FFF784FF0A4080F00100104010BD01218E
:10CF3000F5E710B50C46FBF7F5F828B190F820306E
:10CF400064F3861380F8203010BD10B50C46FBF753
:10CF5000E9F828B190F8213064F3000380F821301B
:10CF600010BDD0E9092353EA020109D04FF47A71C8
:10CF7000B3FBF1F001FB02000128B8BF01207047AC
:10CF80004FF0FF307047D0E90B2353EA020109D07C
:10CF90004FF47A71B3FBF1F001FB02000128B8BF36
:10CFA000012070474FF0FF307047013802288CBFD6
:10CFB000002001207047013802288CBF002001208A
:10CFC00070470388012B03D0022B06D00120704745
:10CFD000082914BF0020012070471629F9E703290A
:10CFE00015D011280CD004DC88B106280AD0002006
:10CFF0007047B0F5817F05D040F211139842F6D109
:10D00000022900E0012914BF0020012070470120FF
:10D010007047C368012B03D0022B07D00120704753
:10D020000888012814BF00200120704708880228C2
:10D03000F8E700B10068003818BF0120704700B160
:10D0400000687047438940681844704702894089E6
:10D05000101A704710B504464068FFF70FFEE068ED
:10D0600008B1F4F75BFD2046BDE81040F4F756BD6B
:10D0700010B50446206800B910BD6268036890428C
:10D08000236008BF6360FFF7E5FFF3E700F015BD1D
:10D0900010B5044660B1406908B1F4F73FFDA069DE
:10D0A00008B1F4F73BFD2046BDE81040F4F736BD6B
:10D0B00010BD10B5044600F0FEFC23684360A36970
:10D0C00083602046BDE8104000F0F7BC2DE9FF4129
:10D0D00080460F461646FFF768FF38B96A20F4F716
:10D0E000DBFB4FF0FF3004B0BDE8F0813046FBF7CA
:10D0F0006BF808B97B20F2E73846FFF75CFF08B908
:10D100006B20ECE739463046FFF769FF0028F7D07F
:10D11000FAF7D4FF054608B91720E0E70020FFF72B
:10D120008AFD044620B92846FBF70EF86920D6E7A9
:10D130004FF0FF330C22037443748374C3740023D1
:10D14000027243728372C3724046FBF733FE606122
:10D15000384600F058FC0146A061304600F054FC0F
:10D160002146E06101AA47F201000295FBF74EFE5D
:10D17000044620B12846FAF7E7FF2046AFE7C5E9A5
:10D18000038728686E61AEE773B506460C46154600
:10D19000FFF7C9FD019050B90920F4F77DFB4FF06E
:10D1A000FF3401A8FFF7CDFD204602B070BDFFF7A8
:10D1B0004CFE10B1019B9869EFE70198FFF723FE41
:10D1C00008B17F20E9E70198FFF718FE08B1782041
:10D1D000E3E70CB90E20E0E721460198FFF719FFBD
:10D1E00008B96A20D9E729462046FFF7EAFE08B9C0
:10D1F0001620D2E70198FFF710FE054620B1019BEB
:10D200005D69113D18BF01250020FFF714FD02469E
:10D2100008B96920C1E70023142106610172437235
:10D220008372C3722188012911D0022917D0019974
:10D23000042091F8203043F0020381F8203047F2B7
:10D240000201D560FFF713FDCDB17720A5E7618816
:10D25000C37581820421817563688361E7E7618812
:10D26000C37581821021231D8175143400F11801CA
:10D2700053F8040BA34241F8040BF9D1D7E7019806
:10D28000FFF781FE00900198FFF7B8FD20B90198E3
:10D29000846984B1204680E769460220F4F728FAC1
:10D2A00010F10B0F05D00028EDD00028B8BF404288
:10D2B00073E7742071E7FFF795FD00283FF471AF25
:10D2C000DDE90010FBF7FCFC04466AE730B585B0E9
:10D2D00005460C46FAF726FF38B90920F4F7DCFAC0
:10D2E0004FF0FF33184605B030BD0CB90E20F5E7FE
:10D2F0002146FFF78EFE08B96A20EFE70020FFF70E
:10D300009AFC014608B96920E8E700231422056168
:10D31000027243728372C3722288012A0AD0022ADF
:10D3200010D047F2050001AAFBF770FD0346002864
:10D33000D8D0D3E76288C37582820422827563687D
:10D340008361EEE76288C37582821022231D827595
:10D35000143400F1180253F8040BA34242F8040BF2
:10D36000F9D1DEE730B585B005460C46FAF7DAFEAE
:10D3700038B90920F4F790FA4FF0FF33184605B09A
:10D3800030BDFFF720FD08B95F20F3E70020FFF76D
:10D3900052FC014608B96920ECE70023042224EA84
:10D3A000E474027243728372C372056144616A4419
:10D3B00047F20800FBF72AFD03460028DED0D9E734
:10D3C000F0B593B007460D461446FFF7ACFC02904B
:10D3D00050B90920F4F760FA4FF0FF3402A8FFF7C4
:10D3E000B0FC204613B0F0BD15B11CB90E20F1E71A
:10D3F000002CFBD1FFF7E7FC08B95F20EAE70298B1
:10D40000FFF70BFD28B10298FFF769FD08B90B2063
:10D41000E0E70298FFF7A5FD01900298FFF701FDF4
:10D4200050B10298FFF75BFD0028D2D0FAF746FE14
:10D43000064680B91720CDE70298FFF750FD002877
:10D44000EFD1022001A9F4F753F90028E5D0002814
:10D45000B8BF4042BEE70020FFF7EDFB014620B910
:10D460003046FAF771FE6920B4E70761049675B19A
:10D470007CB10CAB47F20C0003AA0593FBF7C6FC8A
:10D48000074640B13046FAF75FFE3846A2E72B4622
:10D49000F0E72346EEE73DB134B1BDF83630042B5A
:10D4A00004D0102B15D02760346897E70123276834
:10D4B000ADF81830082F28BF0827BDF83430ADF874
:10D4C0001A300E9B07933A46284606A900F0ABFC9B
:10D4D000E9E70223ADF81830BDF8343007AFADF8F6
:10D4E0001A3012ABADF82C0013E90F0087E80F00DB
:10D4F0002768162F28BF1627E5E72DE9F04F87B0DC
:10D50000894616461D46109F009003F0400803F41C
:10D51000007AFAF707FE044638B90920F4F7BCF997
:10D520004FF0FF3007B0BDE8F08F35F4107305D130
:10D53000B8F1000F11D0BAF1000F01D05F20EDE774
:10D54000FFF721FD02902046FFF767FCA8B9B8F16C
:10D55000000818BF4FF0010805E0FFF714FD029026
:10D56000BAF1000FEFD02046FFF780FC40B1204613
:10D57000FFF76BFC68B1A069D0E74FF00108F2E754
:10D580002046FFF762FC0028F5D12046FFF74EFC4D
:10D59000F0E72046D7B1FFF716FC00BB394620461E
:10D5A000FFF737FD08B96A20B8E738461199FFF749
:10D5B00008FD08B91620B1E72046FFF709FC70B155
:10D5C0002046FFF70FFC50B17F20A7E7FFF700FCD4
:10D5D00028B12046FFF717FC08B979209EE72046BE
:10D5E000FFF7F1FB40B12046FFF7FCFB20B1B6F599
:10D5F000006F28BF4FF40066FFF742FBB04206D22F
:10D600002046FFF7E0FBC8B1FFF73AFB06460025CE
:10D610002046FFF721FC18B12046FFF72DFC78B912
:10D620003046FFF708FB8346C8B9012002A9F4F78A
:10D630005FF880B9B8F1000FF2D004E07A206DE70E
:10D64000B8F1000F01D00B2068E7022002A9F4F71F
:10D650004FF80028DCD00028B8BF40425EE7009BAE
:10D660000361B9F1000F04D032464946006800F06A
:10D67000DAFB94F8340000283CD0FBF7BBFB002118
:10D68000024684F83410BAF1000F0ED0029D42F029
:10D6900040026B1C30D04FF47A7195FBF1F5ADB2BE
:10D6A000B5F5167F28BF4FF41675002F47D02046DA
:10D6B0000192FFF788FB019A002840D11A218BF8CC
:10D6C00009008BF808108BF80A008BF80B00CBF8D8
:10D6D0001420ABF82C503A88012A10D0022A1AD014
:10D6E00047F20700594603AAFBF790FB0346B8BB75
:10D6F000049817E70246C6E74FF41675D5E77A880F
:10D700008BF81B00ABF8182004228BF81A207A68DB
:10D71000CBF81C20E4E77A880BF11C01ABF8182049
:10D7200010228BF81B008BF81A2007F114003A1D09
:10D7300052F804CB824241F804CBF9D1D0E7002162
:10D7400006208BF809108BF808008BF80A1047F2B6
:10D7500006008BF80B10CBF81420ABF81850C1E77B
:10D760000C2806DC0A2807DDB8F1000F3FF450AFA3
:10D7700069E78C283FF4D2AE1846CFE62DE9F74F83
:10D780008946DDE90C7A15461E4603F48078FFF7DA
:10D79000CAFA019058B90920F4F77EF84FF0FF3724
:10D7A00001A8FFF7CEFA384603B0BDE8F08F36F493
:10D7B000A17301D05F20EFE727B1BAF1000F04D1C8
:10D7C0000E20E9E7BAF1000FFAD1FFF7FCFA28B111
:10D7D0000198FFF718FB08B98020DDE70198B8F140
:10D7E000000F16D1FFF719FB08B9730611D5019880
:10D7F000FFF7C4FA68B90198FFF727FB48B9019809
:10D80000FFF714FB28B90198FFF70BFB08B90B20B1
:10D81000C2E70198FFF7A5FB6A4600900021019836
:10D82000FFF73FFB18B10028B8BF4042B4E70198AA
:10D83000FFF7A4FA88B90198FFF7F8FA002876D123
:10D840000198FFF7EEFA0028A5D10198FFF7FDFA3D
:10D850000028A3D0019B98699EE70198FFF7B1FAD1
:10D86000044627B1C16852463846FFF746FA0027FA
:10D8700006F0020A2046FFF7E9FBA8421DD8204621
:10D88000FFF7E4FB0646002E8AD02046FFF7DAFBBE
:10D8900009EB070B01463246584600F0C4FA0198DE
:10D8A0003744FFF795FA50B1BAF1000F7FF478AF23
:10D8B00021460198FFF771FA72E72E46E3E70198D7
:10D8C000FFF78BFA0028EFD1BAF1000F14D0B54260
:10D8D0003FF466AFB8F1000F04D06A4621460198C4
:10D8E000FFF7DFFA2046AD1BFFF7A9FB044600282F
:10D8F000C0D1002F9FD053E7638920463344638112
:10D90000FFF7A4FB18B921460198FFF746FAB54284
:10D910003FF446AFAD1BB8F1000F04D06A460021BA
:10D920000198FFF7BEFA0198FFF74BFADEE70027F0
:10D9300036E738B504460068FAF7F4FB054628B91F
:10D940000120E38843F02003E38038BDFFF769FA44
:10D950000028F5D12846FFF778FAF8B1E38843F0BC
:10D960000803E380A388DA0707D52846FFF7B2FA51
:10D97000E8B1E38843F00103E380A3885B0707D5A0
:10D980002846FFF7B2FA18B1E38843F00403E380B6
:10D99000B4F90600003818BF0120D6E72846FFF783
:10D9A00045FA0028DED0E38843F01003D9E7284683
:10D9B000FFF795FA0028DCD12846FFF737FA002850
:10D9C000D7D1DAE738B50D461446FAF7ABFB28B9DC
:10D9D0000920F3F761FF4FF0FF3006E0032D03D07D
:10D9E000042D03D01620F4E7006C38BD012CF9D8C3
:10D9F00004640020F9E7431F002B03D8DFE803F09D
:10DA00000100032070477047292815D005DC06283F
:10DA100014D0112814D048B17047B0F5817F0DD0D3
:10DA200040F2111398420BD0FF280CD1012909D0E4
:10DA3000022908BF02207047062070470120704766
:10DA40000220704708467047292811D00ADC0128B7
:10DA500010D0062810D0002808BF042018BF4FF0AF
:10DA6000FF307047B0F58D7F08D0B0F5007FF5E747
:10DA70000620704708207047012070474FF48070DF
:10DA8000704708B5031F092B0FD8DFE803F0081112
:10DA9000050E0E0E0E0E0E056FF0010008BD732070
:10DAA000F3F7FAFE6FF00A00F8E7FBF797F9F7E7EC
:10DAB0006FF06300F2E7C06870474269C3681A609C
:10DAC000704708B5034624301AB95A6242600020F4
:10DAD00008BD082A28BF082200F0A5F9F7E708B515
:10DAE00003462C301AB9DA624260002008BD082AC9
:10DAF00028BF082200F097F9F7E738B504460D462D
:10DB000039B1082A0BD01620F3F7C6FE4FF0FF30CC
:10DB100038BD002AF7D18263C2630020F8E7F9F725
:10DB2000E1FD95E8030004F1380383E80300204693
:10DB3000FFF70CF9F9F7DCFDEFE773B50446086869
:10DB40000D461646FBF756F9002801DB042E06D0D9
:10DB50001620F3F7A1FE4FF0FF3002B070BD2B6826
:10DB6000204684F83430FFF781F900230028F4D0F0
:10DB7000CDE900331A4619462068FFF7BEFCECE7F2
:10DB800008B509B1042A05D01620F3F785FE4FF039
:10DB9000FF3006E00B782BB1012BF5D180F848302F
:10DBA000002008BD0223F9E710B5541E1B2C02D833
:10DBB00012F0030405D01620F3F76EFE4FF0FF308D
:10DBC00010BD930880F84B304C3000F02CF9204603
:10DBD000F6E708B509B1042A05D01620F3F75CFE74
:10DBE0004FF0FF3008BD0B78003B18BF012380F8D1
:10DBF00049300020F6E708B509B1042A05D01620FF
:10DC0000F3F74AFE4FF0FF3008BD0B6880F84A304A
:10DC10000020F9E770B5054614460E4631B992B1B9
:10DC20001620F3F739FE4FF0FF3070BD002AF7D011
:10DC3000406C08B1F3F772FF601CF3F753FF6864A0
:10DC400038B96920EDE7406C08B1F3F767FF0020B1
:10DC5000EBE72246314600F0E6F800226B6C1A55DD
:10DC6000F5E710B5134612680446042A28BF0422BB
:10DC700008461A6004F1180100F0D5F80020A061F0
:10DC800010BD10B5134612680446082A28BF0822A2
:10DC900008461A6004F1240100F0C5F8002010BD08
:10DCA00010B5134612680446082A28BF0822084601
:10DCB0001A6004F12C0100F0B6F8002010BD13B575
:10DCC0000446134694F84820084601921A6801A9B0
:10DCD000042A28BF04221A6000F0A5F8002002B030
:10DCE00010BD13B50446134694F849200846019226
:10DCF0001A6801A9042A28BF04221A6000F093F8C8
:10DD0000002002B010BD13B50446134694F84A2013
:10DD1000084601921A6801A9042A28BF04221A6041
:10DD200000F081F8002002B010BD10B5044608468E
:10DD3000114694F84B309A000B689A4228BF1A4655
:10DD40000A6004F14C0100F06EF8002010BDF8B537
:10DD5000456C0E461446176875B12846EBF75CFA19
:10DD60000130B842024628BF3A4629463046226072
:10DD700000F059F80020F8BD3A462946304600F038
:10DD80005FF82560F6E770B504460E4600F025F80A
:10DD90000546206808B1FEF771FF48F202039E4273
:10DDA00018D048F209039E4214D048F201039E4263
:10DDB0000BD16B684BB104F1140204F1380152F835
:10DDC000040B8A4243F8040BF9D12046BDE87040A9
:10DDD00000F005B863696B60F7E7C06870470269D7
:10DDE000C3681A607047FBF7F1B8C9B20346024432
:10DDF00010B59342184601D1002003E004780133A6
:10DE00008C42F6D110BD0139024410B5904201D1C7
:10DE1000002005E0037811F8014FA34201D0181B40
:10DE200010BD0130F2E70A44431E914200D1704711
:10DE300010B511F8014B914203F8014FF9D110BD13
:10DE400002440346934200D1704703F8011BF9E7EF
:10DE50002DE9F047164698468A6807460B690C4636
:10DE6000DDF820909342B8BF1346336091F8432009
:10DE70000AB1013333602368990642BF3368023325
:10DE80003360256815F0060506D104F1190AE36828
:10DE900032689B1AAB422BDC94F843302268003B7B
:10DEA00018BF0123920630D404F14302414638469C
:10DEB000C847013023D023681A3454F80A2C03F0E1
:10DEC0000603042B0ABF54F80E5C002533684FF09C
:10DED000000608BFED1A54F8123C08BF25EAE575A4
:10DEE0009342C4BF9B1AED18B5421AD1002008E036
:10DEF0000123524641463846C847013003D14FF00E
:10DF0000FF30BDE8F0870135C1E7E1185A1C302029
:10DF10000233224481F8430094F8451082F84310FC
:10DF2000C2E70123224641463846C8470130E6D0C1
:10DF30000136D9E7C9B20346184613F8012B12B1CE
:10DF40008A42F9D17047002918BF00207047034664
:10DF500011F8012B03F8012B002AF9D1704770B595
:10DF60000546084616460C46EBF756F9421CB242E7
:10DF700001D9F1F737F8AC4204D8A3189D42F8D381
:10DF8000AC4202D1AB189C42F3D321462846BDE8EF
:10DF90007040FFF748BF10B56AB10139841810F816
:10DFA000012B11F8013F9A4203D1A04201D0002A6F
:10DFB000F5D1D01A10BD1046FCE70139034610B563
:10DFC00032B111F8014F013A03F8014B002CF7D19F
:10DFD0001A440021934200D110BD03F8011BF9E758
:10DFE0000246014410B58A42134603D01C78013220
:10DFF000002CF8D1181A10BD0A7870B56AB970BD36
:10E000009A4209D10C46054614F8013F002BF6D080
:10E0100015F8016F9E42F7D001300378002BEFD145
:10E020001846ECE730B514469BB005461A46002C5E
:10E0300005DA8B2303604FF0FF301BB030BD4FF487
:10E040000273009104916946ADF80C3014BF04F1DD
:10E05000FF332346029305934FF6FF73ADF80E305E
:10E060001E9BFEF7A1FC431CBCBF8B232B60002C26
:10E07000E3D0009B00221A70DFE7884210B501EB65
:10E08000020402D98442234607D8431EA14208D085
:10E0900011F8012B03F8012FF8E7024401468A42E8
:10E0A00000D110BD13F8014D02F8014DF7E7F8B5A6
:10E0B000074615460C4621B91146BDE8F840FEF763
:10E0C000FDB822B9FEF7B0F800242046F8BD00F0F4
:10E0D0006EF8A842F9D229463846FEF7EFF8064610
:10E0E0000028F1D021462A46FFF79DFE21463846FA
:10E0F0003446FEF799F8E8E72DE9F0471F468E68A9
:10E1000082460C46BE4290460B682DD8B1F90C20D1
:10E1100012F4906F26D06569096905EB4505A3EBFC
:10E1200001097B1C05EBD5754B446D109D4238BF32
:10E130001D46530527D52946FEF7C0F8064660B3AD
:10E140004A462169FFF76FFEA38923F4906343F0E9
:10E150008003A38126614E446561A5EB0905266015
:10E160003E46A560BE4200D93E4632464146206842
:10E17000FFF783FFA36800209B1BA3602368334441
:10E180002360BDE8F0872A46FFF791FF0646002886
:10E19000E0D121695046FEF747F80C234FF0FF30DD
:10E1A000CAF80030A38943F04003A381E9E751F89E
:10E1B000043C181F002BBCBF0B58C0187047000050
:10E1C000A8ADFE7F0100000011F00000000000007B
:10E1D00059F000000000000099F00000000000006D
:10E1E000D9F000000000000025F100000000000050
:10E1F000A559010000000000010001009CE201009F
:10E20000A5960100000000008998010000000000B0
:10E2100019060100B0E2010069040100C4E2010036
:10E22000DD0C0100D8E201009D03010000000000A8
:10E230008D1301000000000059C80000000000001C
:10E240007D16010000000000991D010088E2010018
:10E2500031EE000000000000415D01000000000000
:10E260000DC001000000000029FB0000ECE20100ED
:10E27000ADF2000000000000812C01000000000051
:10E28000011C010000000000A9F5010000000000D1
:10E29000E8C80020E2CA0020F4E1002025F50100D2
:10E2A000F8E6010010E70100DACA00205CE0002077
:10E2B00052F5010034E701004CE70100DECA0020FE
:10E2C000B0E000204AF50100000000002CE701004A
:10E2D000DCCA00200000000085F5010070E70100A5
:10E2E000A4E70100E0CA0020CCC800200DF5010021
:10E2F00000000000E0E60100D8CA00200000000095
:10E300000000000095E600000000000095E6000017
:10E310000000000095E600000000000095E6000007
:10E320000000000095E60000616301007D5F0100D0
:10E330000000000095E600000000000095E60000E7
:10E34000D8E20100450C01000000000095E6000045
:10E350000000000095E600000000000095E60000C7
:10E360000000000095E600000000000095E60000B7
:10E37000ECE2010091FB000000000000F1750100DB
:10E380000000000095E600000000000095E6000097
:10E390000000000095E600000000000095E6000087
:10E3A0000000000095E60000000000003D140100A0
:10E3B0000000000095E600000000000095E6000067
:10E3C0000000000095E600000000000095E6000057
:10E3D0000000000095E600000000000095E6000047
:10E3E0000000000095E600000000000095E6000037
:10E3F0000000000095E600000000000095E6000027
:10E400000000000095E600000000000095E6000016
:10E410000000000095E600000000000095E6000006
:10E420000000000095E600000000000095E60000F6
:10E430000000000095E600000000000095E60000E6
:10E440000000000095E600000000000095E60000D6
:10E45000197301007D5F01000000000095E60000D7
:10E460000000000095E600000000000095E60000B6
:10E470000000000095E600000000000095E60000A6
:10E480000000000095E60000417101007D5F010081
:10E490000000000095E600000000000095E6000086
:10E4A0000000000095E600000000000095E6000076
:10E4B0000000000095E600000000000095E6000066
:10E4C0000000000095E600000000000095E6000056
:10E4D0000000000095E600000000000095E6000046
:10E4E0000000000095E600000000000095E6000036
:10E4F0000000000095E600000000000095E6000026
:10E500000000000095E6000000000000010000008F
:10E51000E51F01000D2A0100F8EC010003000000D6
:10E5200016F501000300000053F60100030000008F
:10E53000ADED0100030000003CF501000300000008
:10E54000E6F5010003000000680702000300000078
:10E55000CCED010003000000D0ED0100030000003D
:10E56000BAEE0100030000008AFC01000300000075
:10E57000B207020003000000BEF201000300000029
:10E58000A4F3010003000000ACF30100030000004D
:10E590009FF5010003000000710A02000300000063
:10E5A00098F30100030000007DF301000300000068
:10E5B0008AF3010003000000A0F301000300000043
:10E5C0008FF501000300000090E60100B8C80020AC
:10E5D000A9EE010001000000FFFFFFFFFFFFFFFFAA
:10E5E000501400005014000050140000501400009B
:10E5F000000000000000000000000000000000001B
:10E600000338FDD870470000000000001E00000025
:10E6100098FB0220080000000E000000D9AE0000A8
:10E6200039AF00000000000005AF000088CD0020D9
:10E6300000010000F5CA0000FDC600000200000055
:10E640001DD90000000000000000000000000000D4
:10E650000000000089EE010091EE010000000000C2
:10E66000000000000000000099EE01009DEE010096
:10E67000A1EE0100A5EE010080E60100B8DE002059
:10E680008DDB0000D8DE0020D5FB02200100000059
:10E690004DDB000019DB0000E1DA0000ADDA00001C
:10E6A0000000000079DA00000000000080C50020B2
:10E6B000000000000600010002000000C0E60100AA
:10E6C0000000000050F3010006000000E0FF0F0012
:10E6D00068C5002058F3010021000000E0FF03207E
:10E6E00021F800003DF900005802000001FF000081
:10E6F00075FE000000000000390101002D0201003C
:10E7000030F5010071FF0000A1FF000036F50100A7
:10E71000D101010095FD000045FE00000000000051
:10E720009DFC00000000000000000000310401001A
:10E7300000000000FFFFFFFF0025844000000000F4
:10E74000000000000010034001000000E10601008D
:10E750009D040100D10401000905010039050100F3
:10E760006905010081080100A50501000000000005
:10E7700000800040020000000000000080E701006F
:10E78000008000408CE701000100000094E70100D8
:10E79000040000001B0000001A0001009A010100A3
:10E7A0008F010300AD0B01005D0F0100790B01002B
:10E7B00071220100A91F01007D26010081250100B1
:10E7C0005D270100D128010000000000492101005F
:10E7D000D1200100791F010099270100A523010024
:10E7E000B1250100BD1E01000D1E010051240100D4
:10E7F0000000000000000000B0E201000000000086
:10E80000B0E2010001000000B0E2010004000000DD
:10E81000B0E201000500000095F601009AF6010043
:10E82000A2F60100ADF601000000000060FC01004E
:10E8300066FC01006CFC010072FC010078FC010028
:10E840007EFC010084FC0100A5050200B705020062
:10E85000C9050200D6050200E7050200F70502001F
:10E860000106020014060200270602003A06020012
:10E8700058020000100E0000A08C000002000000F2
:10E880001E0000003C000000009411000000000089
:10E89000020000003C000000680100003C00000095
:10E8A0003C0000003C0000003C00000000000000B4
:10E8B000F97F01000D8501000000000087DD0100E7
:10E8C0004D8E0100858F010095F601009AF601003A
:10E8D0008609020092090200000000020000000107
:10E8E000000000040000000800000010000000000C
:10E8F0000C000000690000000B0000007200000026
:10E900008000000016000000700000007800000089
:10E910007F0000008000000071000000680000001F
:10E920001600000074000000730000007300000077
:10E93000710000008C0000007A0000000D00000053
:10E940000B0000000B00000076000000ADBAADBA6D
:10E95000ADBAADBAADBAADBAADBAADBAADBAADBA7F
:10E96000ADBAADBAADBAADBAADBAADBAADBAADBA6F
:10E97000ADBAADBAADBAADBAADBAADBAADBAADBA5F
:10E98000ADBAADBAADBAADBAADBAADBAADBAADBA4F
:10E99000ADBAADBAADBAADBAADBAADBAADBAADBA3F
:10E9A000ADBAADBAADBAADBAADBAADBAADBAADBA2F
:10E9B000ADBAADBAADBAADBAADBAADBAADBAADBA1F
:10E9C000ADBAADBAADBAADBAADBAADBAADBAADBA0F
:10E9D000ADBAADBAADBAADBAADBAADBAADBAADBAFF
:10E9E000ADBAADBAADBAADBAADBAADBAADBAADBAEF
:10E9F000ADBAADBAADBAADBAADBAADBAADBAADBADF
:10EA0000ADBAADBAADBAADBAADBAADBAADBAADBACE
:10EA1000ADBAADBAADBAADBAADBAADBAADBAADBABE
:10EA2000ADBAADBAADBAADBAADBAADBAADBAADBAAE
:10EA3000ADBAADBAADBAADBAADBAADBAADBAADBA9E
:10EA4000ADBAADBAADBAADBAADBAADBAADBAADBA8E
:10EA5000ADBAADBAADBAADBAADBAADBAADBAADBA7E
:10EA6000ADBAADBAADBAADBAADBAADBAADBAADBA6E
:10EA7000ADBAADBAADBAADBAADBAADBA6F000000BD
:10EA80006F0000006F0000006F0000006F000000CA
:10EA90006F0000006F0000000B0000007A00000013
:10EAA000470000000B0000000B0000005F000000AA
:10EAB000041000000170000004700000FFFFFFFF61
:10EAC000FFFFFFFFFFFFFFFFFFFFFFFFFFFFFFFF56
:10EAD000FFFFFFFFFFFFFFFFFFFFFFFF03700000CF
:10EAE0000270000005700000067000000870000051
:10EAF000097000000A700000FFFFFFFFFFFFFFFF2B
:10EB0000FFFFFFFFFFFFFFFFFFFFFFFFFFFFFFFF15
:10EB1000FFFFFFFFFFFFFFFFFFFFFFFFFFFFFFFF05
:10EB20000180000010400000106000001130000063
:10EB300012300000FFFFFFFFFFFFFFFFFFFFFFFF9F
:10EB4000FFFFFFFFFFFFFFFF10300000FFFFFFFF91
:10EB5000FFFFFFFFFFFFFFFFFFFFFFFFFFFFFFFFC5
:10EB6000FFFFFFFFFFFFFFFFFFFFFFFFFFFFFFFFB5
:10EB7000FFFFFFFFFFFFFFFFFFFFFFFFFFFFFFFFA5
:10EB8000FFFFFFFF065000001D0A02002B0A0200D3
:10EB90003F0A02004E0A02005A0A0200C8E10100C0
:10EBA000C8E1010030E2010038E2010078E2010032
:10EBB00088E20100000000000000000000000000EA
:10EBC0000000000000000000000000000000000045
:10EBD0000000000000000000000000000000000035
:10EBE0000000000000000000000000000000000025
:10EBF0000000000000000000000000000000000015
:10EC00000000000000000000000000000000000004
:10EC10000000000000042840040500000004284013
:10EC20000304000000042840020300000004284000
:10EC30000102000000042840000100000200020060
:10EC4000020004000200080002000200020010009E
:10EC500020004000800000010002000400000100CC
:10EC600002000400060008000A000C000E0010005C
:10EC7000200040008000000100010001EAFF7AFF4F
:10EC8000F4FF536F6D6520636F6E74657874000ACE
:10EC900053414D504C452041505020535441525403
:10ECA000530A004661696C656420746F20696E695F
:10ECB0007469616C697A6520746865204C454420EC
:10ECC0006C69627261727900414443206E6F7420F6
:10ECD00072656164790A000A7374617274696E679F
:10ECE0002074696D65720A0025642C2025642C202F
:10ECF00025642C2025640A004C6573736F6E345FA5
:10ED00004578657263697365310028756E7369674C
:10ED10006E6564292063686172202A2075736564BA
:10ED200020666F722025257020617267756D656E93
:10ED3000742E2049742773207265636F6D6D656E44
:10ED400064656420746F2063617374206974207437
:10ED50006F20766F6964202A206265636175736530
:10ED6000206974206D6179206361757365206D6918
:10ED7000736265686176696F7220696E206365727F
:10ED80007461696E20636F6E66696775726174691C
:10ED90006F6E732E20537472696E673A2225732248
:10EDA00020617267756D656E743A256400636270E8
:10EDB00072696E74665F7061636B61676500286E6F
:10EDC000696C29006C6F6767696E67006C6F67001C
:10EDD0006C6F675F6D676D74004D65737361676518
:10EDE000202822257322292064726F7070656420A8
:10EDF0006265636175736520697420657863656514
:10EE000064732073697A65206C696D6974617469D3
:10EE10006F6E2028257529001B5B306D002573203F
:10EE2000005B2530386C755D20005B253032753A0B
:10EE3000253032753A253032752E253033752C2524
:10EE40003033755D20003C25733E200025732F0074
:10EE500025733A2000253032782000202020007CC5
:10EE600000206D657373616765732064726F7070E5
:10EE70006564202D2D2D0D0A1B5B306D001B5B3151
:10EE80003B33316D2D2D2D20001B5B313B33316D1C
:10EE9000001B5B313B33336D006572720077726E1D
:10EEA00000696E6600646267006C6F675F62616331
:10EEB0006B656E645F75617274006C6F675F75611E
:10EEC00072740072302F61313A202030782530384A
:10EED00078202072312F61323A2020307825303866
:10EEE00078202072322F61333A2020307825303854
:10EEF000780072332F61343A20203078253038780A
:10EF0000207231322F69703A2020307825303878DD
:10EF1000207231342F6C723A2020307825303878C6
:10EF20000020787073723A202030782530387800CD
:10EF30004661756C74696E6720696E73747275636F
:10EF400074696F6E20616464726573732028723116
:10EF5000352F7063293A20307825303878002A2AF6
:10EF60002A2A2A204D5055204641554C54202A2A01
:10EF70002A2A2A002020537461636B696E6720651A
:10EF800072726F722028636F6E746578742061727C
:10EF90006561206D69676874206265206E6F7420FA
:10EFA00076616C696429002020556E737461636B0F
:10EFB000696E67206572726F72002020446174610F
:10EFC000204163636573732056696F6C6174696F68
:10EFD0006E0020204D4D464152204164647265739D
:10EFE000733A2030782578002020496E737472754A
:10EFF0006374696F6E204163636573732056696F34
:10F000006C6174696F6E002020466C6F6174696E6C
:10F01000672D706F696E74206C617A7920737461EA
:10F02000746520707265736572766174696F6E20A5
:10F030006572726F72002A2A2A2A2A205553414784
:10F0400045204641554C54202A2A2A2A2A002020AD
:10F050004469766973696F6E206279207A65726F90
:10F06000002020556E616C69676E6564206D656D6A
:10F070006F7279206163636573730020205374613C
:10F08000636B206F766572666C6F772028636F6E96
:10F09000746578742061726561206E6F742076618A
:10F0A0006C6964290020204E6F20636F70726F635B
:10F0B0006573736F7220696E737472756374696FB0
:10F0C0006E73002020496C6C6567616C206C6F6109
:10F0D00064206F66204558435F52455455524E2078
:10F0E000696E746F205043002020496C6C65676125
:10F0F0006C20757365206F662074686520455053D9
:10F1000052002020417474656D707420746F206506
:10F1100078656375746520756E646566696E65648F
:10F1200020696E737472756374696F6E002A2A2A7F
:10F130002A2A20425553204641554C54202A2A2A37
:10F140002A2A002020537461636B696E6720657200
:10F15000726F72002020507265636973652064616C
:10F16000746120627573206572726F720020204294
:10F1700046415220416464726573733A20307825A9
:10F1800078002020496D7072656369736520646141
:10F19000746120627573206572726F72002020495D
:10F1A0006E737472756374696F6E20627573206517
:10F1B00072726F720052657365727665642045786D
:10F1C00063657074696F6E20280053707572696F83
:10F1D000757320696E746572727570742028495257
:10F1E000512000457863657074696F6E206F6363AA
:10F1F000757272656420696E20536563757265204F
:10F200005374617465002A2A2A2A2A2048415244EC
:10F21000204641554C54202A2A2A2A2A00202042DE
:10F220007573206661756C74206F6E2076656374EB
:10F230006F72207461626C652072656164002020C9
:10F240004465627567206576656E740020204661AE
:10F25000756C7420657363616C6174696F6E2028CE
:10F260007365652062656C6F772900415243485F82
:10F27000455843455054207769746820726561731E
:10F280006F6E2025780A002A2A2A2A2A20446562DD
:10F290007567206D6F6E69746F7220657863657035
:10F2A00074696F6E202A2A2A2A2A002A2A2A2A2AE0
:10F2B00020257320256429202A2A2A2A2A006D70F5
:10F2C00075004661696C656420746F20616C6C6FB9
:10F2D00063617465206E6577204D505520726567B7
:10F2E000696F6E2025750A00506172746974696FC8
:10F2F0006E2025753A2073616E69747920636865A4
:10F30000636B206661696C65642E00496E76616C82
:10F31000696420756E6465726C79696E67207265C8
:10F3200067696F6E20696E64657820257500496E87
:10F3300076616C69642061747472696275746520A9
:10F34000666F722074686520726567696F6E0A0067
:10F35000464C4153485F30005352414D5F30002AC4
:10F3600020627566666572206F766572666C6F776F
:10F37000206465746563746564202A0A007074688B
:10F38000726561645F636F6E64007074687265615A
:10F39000645F6D757465780070746872656164008F
:10F3A000736F63006E65745F627566006E65745F8F
:10F3B0006275665F73696D706C6500776C616E2550
:10F3C00064006E657425640053656C6563746564E0
:10F3D00020414443206761696E206973206E6F7419
:10F3E0002076616C69640053656C656374656420A4
:10F3F000414443207265666572656E63652069737A
:10F40000206E6F742076616C69640053656C65636F
:10F410007465642041444320616371756973697444
:10F42000696F6E2074696D65206973206E6F74203A
:10F4300076616C696400496E76616C6964207365FD
:10F440006C656374696F6E206F66206368616E6EB1
:10F45000656C73004368616E6E656C202575206E67
:10F460006F7420636F6E66696775726564004144EE
:10F4700043207265736F6C7574696F6E2076616C72
:10F480007565202564206973206E6F742076616C29
:10F490006964004F76657273616D706C696E672088
:10F4A000697320737570706F7274656420666F7213
:10F4B0002073696E676C65206368616E6E656C2091
:10F4C0006F6E6C79004F76657273616D706C696EEA
:10F4D000672076616C7565202564206973206E6FE6
:10F4E000742076616C69640050726F76696465643B
:10F4F0002062756666657220697320746F6F207371
:10F500006D616C6C202825752F2575290061646359
:10F510004065303030006164635F6E7266785F739F
:10F520006161646300636C6F636B40353030300041
:10F530006866636C6B006C66636C6B00636C6F6316
:10F540006B5F636F6E74726F6C007073612D726E9F
:10F5500067006770696F4038343235303000000121
:10F560000203040506074661696C656420746F2018
:10F57000616C6C6F63617465205050492043686111
:10F580006E6E656C00756172744038303030007595
:10F590006172745F6E7266785F7561727465006E19
:10F5A00072665F6D6F64656D006E726639315F7390
:10F5B0006F636B65740043616E6E6F742077726960
:10F5C0007465204C4544206770696F0043616E6E1E
:10F5D0006F7420636F6E666967757265204C454471
:10F5E000206770696F00646B5F627574746F6E730F
:10F5F0005F616E645F6C656473004661696C65642D
:10F6000020746F20686F6F6B207468652064697365
:10F6100070617463682066756E6374696F6E2C2008
:10F62000657272202564004E6F20686561702073DA
:10F630007061636520666F7220696E636F6D696EBD
:10F6400067206E6F74696669636174696F6E3A20D2
:10F6500025730061745F6D6F6E69746F72002B4368
:10F66000474556002B4350494E002553484F5254AE
:10F6700053575645520025485756455253494F4E09
:10F680000025584D4F44454D55554944002558498E
:10F6900043434944004F4B0D0A004552524F520D0F
:10F6A0000A002B434D45204552524F52002B434DEB
:10F6B00053204552524F520043616E2774207061AF
:10F6C000727365207369676E616C6C696E67206D1B
:10F6D0006F64652C206572726F723A202564004356
:10F6E000616E277420706172736520654452582CD6
:10F6F000206572726F723A2025640043616E277430
:10F7000020706172736520544155207072652D77A9
:10F7100061726E696E67206E6F7469666963617489
:10F72000696F6E2C206572726F723A2025640046F4
:10F7300061696C656420746F20616C6C6F636174C7
:10F7400065206D656D6F727920666F7220746865D3
:10F75000204743492063656C6C73004E6F742061D1
:10F760006C6C206E65696768626F722063656C6C93
:10F770007320636F756C64206265207061727365BD
:10F78000642E204D6F72652063656C6C7320746805
:10F79000616E2074686520636F6E66696775726557
:10F7A00064206D617820636F756E74206F6620250C
:10F7B00064207765726520666F756E6400506172B3
:10F7C00073696E67206F66206E65696768626F7225
:10F7D0002063656C6C73206661696C65642C2065C0
:10F7E00072723A202564004661696C656420746F0A
:10F7F00020616C6C6F63617465206D656D6F7279EB
:10F8000020666F72206E65696768626F722063653B
:10F810006C6C73004E6F7420616C6C206E65696750
:10F8200068626F722063656C6C7320636F756C64C3
:10F83000206265207061727365640043616E277495
:10F84000207061727365206D6F64656D20736C65E7
:10F850006570207072652D7761726E696E67206EBB
:10F860006F74696669636174696F6E2C206572726A
:10F870006F723A2025640043616E277420706172B4
:10F880007365206D6F64656D206576656E74206E9E
:10F890006F74696669636174696F6E2C206572723A
:10F8A0006F723A2025640041542B43455245473D31
:10F8B00035004661696C656420746F2073756273EE
:10F8C000637269626520746F204345524547206E1C
:10F8D0006F74696669636174696F6E732C206572F9
:10F8E000726F723A202564004661696C6564207409
:10F8F0006F20656E61626C6520525243206E6F749A
:10F90000696669636174696F6E7320282B43534382
:10F910004F4E292C206572726F722025640041546D
:10F920002B4350534D533D312C2C2C222573222C2C
:10F93000222573220041542B4350534D533D312C0B
:10F940002C2C222573220041542B4350534D533D00
:10F95000312C2C2C2C222573220041542B43505344
:10F960004D533D31006E72665F6D6F64656D5F6112
:10F97000745F7072696E7466206661696C65642C70
:10F98000207265706F72746564206572726F723A6E
:10F990002025640041542525584D4F4E49544F525F
:10F9A00000415420636F6D6D616E64206661696C07
:10F9B00065642C206572726F723A20256400415490
:10F9C00020636F6D6D616E642070617273696E6724
:10F9D000206661696C6564004661696C65642074C9
:10F9E0006F2070617273652050534D20636F6E6697
:10F9F000696775726174696F6E2C206572726F72BF
:10FA00003A202564004661696C656420746F20703B
:10FA100061727365206E6F74696669636174696F82
:10FA20006E20286572726F72202564293A20257332
:10FA3000004661696C656420746F206765742050AE
:10FA4000534D20696E666F726D6174696F6E00410F
:10FA5000542525464541434F4E463D25642C25649B
:10FA60002C2575004661696C656420746F2064699B
:10FA70007361626C6520654452582C207265706F0A
:10FA800072746564206572726F723A202564004159
:10FA9000542B4345445258533D322C25642C222587
:10FAA00073220041542B4345445258533D322C2578
:10FAB00064004661696C656420746F20656E6162E4
:10FAC0006C6520654452582C207265706F727465A5
:10FAD00064206572726F723A2025640041542525B6
:10FAE000585054573D25642C2225732200466169E5
:10FAF0006C656420746F2072657175657374205035
:10FB000054572C207265706F727465642065727230
:10FB10006F723A20256400496E76616C69642073C7
:10FB2000797374656D206D6F64652072657175659C
:10FB3000737465643A20256400496E76616C69646B
:10FB4000204C544520707265666572656E63652051
:10FB50007265717565737465643A2025640041545B
:10FB600025255853595354454D4D4F44453D257314
:10FB70002C256300436F756C64206E6F7420736571
:10FB80006E6420415420636F6D6D616E642C20653E
:10FB900072726F723A202564004661696C65642058
:10FBA000746F20656E61626C65206E6F7469666942
:10FBB000636174696F6E732C206572726F723A2084
:10FBC000256400496E76616C69642066756E6374A5
:10FBD000696F6E616C206D6F64653A202564004129
:10FBE000542B4346554E3D2564004661696C65645F
:10FBF00020746F207365742066756E6374696F6E10
:10FC0000616C206D6F64652E20506C65617365209A
:10FC1000636865636B205853595354454D4D4F44A9
:10FC2000452E00254D444D45560025584D4F444521
:10FC30004D534C45455000254E43454C4C4D454198
:10FC4000530025585433343132002B434544525825
:10FC500050002B4353434F4E002B43455245470022
:10FC6000312C302C3000302C312C3000302C302C0A
:10FC70003100312C302C3100302C312C3100312C22
:10FC8000312C3000312C312C31006C74655F6C6389
:10FC900000303132333441542B4353434F4E3D31C6
:10FCA0000041542B4350534D533D0041542B434589
:10FCB000445258533D3300496E76616C696420703C
:10FCC0006F696E7465722070726F76696465640026
:10FCD000436F756C64206E6F7420696E6974204187
:10FCE0005420706172616D73206C6973742C20658F
:10FCF00072726F723A20256400436F756C64206ED7
:10FD00006F7420706172736520654452582072656B
:10FD100073706F6E73652C206572726F723A202556
:10FD200064004661696C656420746F2067657420A7
:10FD30004C5445206D6F64652C206572726F723A69
:10FD4000202564004661696C656420746F206765D6
:10FD500074206544525820636F6E666967757261DE
:10FD600074696F6E2C206572726F723A2025640080
:10FD70004661696C656420746F2067657420654412
:10FD800052582076616C75652C206572726F723BDB
:10FD9000202564004661696C656420746F20676586
:10FDA000742050545720636F6E6669677572617472
:10FDB000696F6E2C206572726F723A20256400495B
:10FDC0006E76616C696420505457206C6F6F6B7550
:10FDD0007020696E6465783A20256400556E616212
:10FDE0006C6520746F207061727365207065726934
:10FDF0006F6469632054415520737472696E672083
:10FE000028543334313220657874656E6465642912
:10FE100000556E61626C6520746F2070617273654D
:10FE200020706572696F6469632054415520737452
:10FE300072696E6720285433343132290045787056
:10FE400065637465642076616C6964205433343171
:10FE5000322074696D657220756E697400556E612B
:10FE6000626C6520746F20706172736520616374C9
:10FE70006976652074696D6520737472696E6700B8
:10FE8000436F756C64206E6F7420706172736520AF
:10FE90002B4353434F4E20726573706F6E73652C06
:10FEA000206572726F723A20256400436F756C642E
:10FEB000206E6F7420676574207369676E616C6C67
:10FEC000696E67206D6F64652C206572726F723A7F
:10FED00020256400496E76616C6964207369676EE1
:10FEE000616C6C696E67206D6F64653A20256400F3
:10FEF000436F756C64206E6F74207061727365203F
:10FF000041542B434552454720726573706F6E73A1
:10FF1000652C206572726F723A20256400436F75FC
:10FF20006C64206E6F742067657420726573706FE7
:10FF30006E7365207072656669782C206572726FC9
:10FF4000723A20256400496E76616C6964206E65A2
:10FF500074776F726B20726567697374726174690C
:10FF60006F6E207374617475733A20256400436F5B
:10FF7000756C64206E6F74206765742072656769A4
:10FF80007374726174696F6E207374617475732C0D
:10FF9000206572726F723A20256400436F756C643D
:10FFA000206E6F742070617273652025255854335C
:10FFB00034313220726573706F6E73652C206572F8
:10FFC000726F723A20256400436F756C64206E6F07
:10FFD00074206765742074696D6520756E74696C32
:10FFE000206E657874205441552C206572726F72B2
:10FFF0003A202564005061727365642074696D65F0
:020000040002F8
:1000000020706172616D65746572206E6F74207707
:10001000697468696E2076616C69642072616E67CC
:10002000650061745F726573706F6E7365206973CC
:10003000204E554C4C2C2063616E277420676574EC
:100040002063656C6C20636F756E7400436F756C14
:1000500064206E6F74207061727365204154252591
:100060004E43454C4C4D45415320726573706F6E45
:1000700073652C206572726F723A20256400436F9D
:10008000756C64206E6F7420696E69742041542011
:10009000706172616D73206C69737420666F722079
:1000A00063656C6C5F6C6973742C206572726F721F
:1000B0003A20256400453242494720776173207217
:1000C000657475726E65642C20636F6E74696E75ED
:1000D000652E20706172616D5F636F756E7420258F
:1000E000642C206572722025642C20737472202584
:1000F00073004E6F7420612076616C6964204E43FA
:10010000454C4C4D45415320726573706F6E73655D
:10011000004E43454C4C4D454153206D6561737510
:1001200072656D656E747320696E74657272757038
:100130007465643B20726573756C747320696E63BB
:100140006F6D706C65746500436F756C64206E6FC5
:10015000742070617273652063656C6C5F69642CD8
:1001600020696E6465782025642C20692025642030
:100170006572726F723A2025640063656C6C5F690A
:1001800064203D20256420776869636820697320B6
:100190003E204C54455F4C435F43454C4C5F4555B6
:1001A0005452414E5F49445F4D41583B206D61724E
:1001B0006B696E6720696E76616C696400436F7568
:1001C0006C64206E6F7420706172736520706C6D4A
:1001D0006E2C206572726F723A20256400737472FF
:1001E000696E675F746F5F696E742C206572726FE1
:1001F000723A20256400436F756C64206E6F742022
:10020000706172736520747261636B696E675F61A0
:100210007265615F636F646520696E206920256483
:100220002C206572726F723A20256400436F756CE2
:1002300064206E6F742070617273652074696D69DB
:100240006E675F616476616E63652C206572726FA4
:10025000723A20256400436F756C64206E6F7420C1
:1002600070617273652074696D696E675F61647631
:10027000616E63655F6D6561735F74696D652C2088
:100280006572726F723A20256400436F756C64204A
:100290006E6F742070617273652065617266636E43
:1002A0002C206572726F723A20256400436F756C62
:1002B00064206E6F7420706172736520706879734A
:1002C0005F63656C6C5F69642C206572726F723A53
:1002D00020256400436F756C64206E6F742070611C
:1002E00072736520727372702C206572726F723A2D
:1002F00020256400436F756C64206E6F74207061FC
:1003000072736520727372712C206572726F723A0B
:1003100020256400436F756C64206E6F74207061DB
:10032000727365206D6561735F74696D652C2065FE
:1003300072726F723A20256400436F756C64206E90
:100340006F742070617273652073657276696E6771
:100350002C206572726F723A20256400436F756CB1
:1003600064206E6F74207061727365206E656967BA
:1003700068626F725F636F756E742C206572726F46
:10038000723A2025640043757474696E6720726543
:1003900073706F6E73652C20626563617573652081
:1003A0007265636569766564206E656967626F7200
:1003B0002063656C6C20636F756E742069732062B6
:1003C0006967676572207468616E20636F6E666925
:1003D0006775726564206D61783A20256400466116
:1003E000696C656420746F20616C6C6F6361746507
:1003F000206D656D6F727920666F7220746865205C
:100400006E63656C6C732028636F6E74696E7565BE
:100410002900436F756C64206E6F74207061727375
:1004200065206E5F65617266636E2C206572726F07
:10043000723A20256400436F756C64206E6F7420DF
:100440007061727365206E5F706879735F63656C4D
:100450006C5F69642C206572726F723A20256400AB
:10046000436F756C64206E6F7420706172736520C9
:100470006E5F727372702C206572726F723A2025F3
:100480006400436F756C64206E6F742070617273CA
:1004900065206E5F727372712C206572726F723A92
:1004A00020256400436F756C64206E6F742070614A
:1004B0007273652074696D655F646966662C20657A
:1004C00072726F723A20256400427566666572200A
:1004D000697320746F6F20736D616C6C3B20726563
:1004E00073756C747320696E636F6D706C65746581
:1004F0003A20256400436F756C64206E6F74207021
:1005000061727365202525584D4F44454D534C4528
:10051000455020726573706F6E73652C2065727222
:100520006F723A20256400436F756C64206E6F749F
:1005300020676574206D6F646520736C656570203D
:10054000747970652C206572726F723A2025640090
:10055000436F756C64206E6F7420676574207469D6
:100560006D6520756E74696C206E657874206D6F92
:1005700064656D20736C6565702C206572726F7296
:100580003A20256400254D444D45563A2000496ED9
:1005900076616C6964204D444D45562072657370D8
:1005A0006F6E736500534541524348205354415484
:1005B000555320310D0A00534541524348205354AE
:1005C0004154555320320D0A005245534554204C96
:1005D0004F4F500D0A004D45204241545445525949
:1005E000204C4F570D0A004D45204F564552484567
:1005F000415445440D0A004E4F20494D45490D0ACE
:100600000050524143482043452D4C4556454C200F
:10061000300D0A0050524143482043452D4C455669
:10062000454C20310D0A0050524143482043452D8E
:100630004C4556454C20320D0A005052414348204B
:1006400043452D4C4556454C20330D0A0030303182
:1006500030303030310030303030303031310046E1
:1006600061696C656420746F207365742050534D0C
:1006700020706172616D732C206572722025640098
:100680004661696C656420746F20636F6E6669678C
:100690007572652050534D2C2065727220256400C0
:1006A0004661696C656420746F20636F6E6669676C
:1006B00075726520654452582C206572722025643D
:1006C00000415425255241493D2564004661696C2D
:1006D000656420746F20636F6E666967757265204C
:1006E0005241492C20657272202564004D6F64656B
:1006F0006D206C69627261727920696E697420651F
:1007000072726F723A2025642C206C74655F6C6382
:10071000206E6F7420696E697469616C697A6564B2
:10072000004661696C656420746F20736574207382
:10073000797374656D206D6F646520616E64206DE2
:100740006F646520707265666572656E63652C20E6
:1007500065727220256400526573657474696E67F2
:100760002073797374656D00666174616C5F657286
:10077000726F72004661696C656420746F207365E6
:100780007420636F6E66696775726174696F6E203D
:10079000286572723A202564290041542558434F38
:1007A0004558303D312C312C313536352C313538EA
:1007B00036006D6F64656D5F616E74656E6E6100AD
:1007C00054462D4D206E6F6E2D73656375726520D6
:1007D00063616C6C6261636B20696E697469616CE2
:1007E000697A6174696F6E206661696C65642C203A
:1007F0006572726F723A202564002A2A2A2A2A20FA
:10080000534543555245204641554C54202A2A2AE7
:100810002A2A002020416464726573733A2030787C
:100820002578002020496E76616C696420656E74BD
:10083000727920706F696E74002020496E76616C49
:10084000696420696E746567726974792073696779
:100850006E6174757265002020496E76616C696402
:1008600020657863657074696F6E20726574757247
:100870006E0020204174747269627574696F6E2015
:10088000756E69742076696F6C6174696F6E002093
:1008900020496E76616C6964207472616E7369744C
:1008A000696F6E0020204C617A79207374617465E1
:1008B00020707265736572766174696F6E002020B6
:1008C0004C617A79207374617465206572726F72FD
:1008D000002A2A2A2A2A2053505520494E5445528C
:1008E00052555054202A2A2A2A2A00202053656370
:1008F00075726974792076696F6C6174696F6E20A6
:10090000666F722074686520666C617368206D651F
:100910006D6F727920737061636500202053656389
:1009200075726974792076696F6C6174696F6E2075
:10093000666F72207468652052414D206D656D6F41
:10094000727920737061636500202053656375724E
:100950006974792076696F6C6174696F6E206F6E4F
:10096000206F6E65206F72207365766572616C20F2
:100970007065726970686572616C732E0041542BEA
:100980004346554E3D002B434D45204552524F5254
:100990003A002B434D53204552524F523A00706457
:1009A0006E0000010205556E6B6E6F776E206572EA
:1009B000726F7200756E6B6E6F776E003E3E3E20FA
:1009C0005A455048595220464154414C20455252B4
:1009D0004F522025643A202573206F6E20435055D6
:1009E000202564004661756C7420647572696E67B9
:1009F00020696E746572727570742068616E646CC3
:100A0000696E670A0043757272656E74207468724D
:100A10006561643A202570202825732900435055CC
:100A200020657863657074696F6E00556E68616EDD
:100A3000646C656420696E746572727570740053BD
:100A40007461636B206F766572666C6F77004B65BF
:100A5000726E656C206F6F7073004B65726E656CA3
:100A60002070616E69630069646C65006D61696E18
:100A7000006F73002A2A2A20426F6F74696E672004
:100A80006E524620436F6E6E6563742053444B2054
:100A9000643936373639666163656361202A2A2AEC
:100AA0000A00737973776F726B7100002020202029
:100AB000202020202028282828282020202020200E
:100AC00020202020202020202020202088101010EE
:100AD0001010101010101010101010100404040446
:100AE00004040404040410101010101010414141BB
:100AF0004141410101010101010101010101010126
:100B000001010101010101101010101010424242B8
:100B100042424202020202020202020202020202F5
:100B20000202020202020210101010200000000057
:100B300000000000000000000000000000000000B5
:100B400000000000000000000000000000000000A5
:100B50000000000000000000000000000000000095
:100B60000000000000000000000000000000000085
:100B70000000000000000000000000000000000075
:100B80000000000000000000000000000000000065
:100B90000000000000000000000000000000000055
:100BA000000000000000000000000000303132337F
:100BB00034353637383941424344454600303132C6
:100BC0003334353637383961626364656600232D06
:100BD000302B2000686C4C00656667454647000076
:100BE0005D560100000000000559010000000000F2
:100BF000B157010000000000A156010000000000F4
:100C0000FFFFFFFFFFFFFFFFFFFFFFFFFFFFFFFFF4
:100C1000FFFFFFFFFFFFFFFF0000000000000000DC
:100C2000000000000000000091B901000000000079
:100C30000000000000000000A0C50020A0C50020AA
:100C4000C9F70000000000000000000000000000E4
:100C50000000000000000000C0C50020C0C500204A
:100C60000000000001000000D0C50020D0C5002019
:100C7000D8C50020D8C500200000000001000000F9
:100C8000E8C50020E8C500200000000000000000CA
:100C90000000000000000000000000000000000054
:100CA0000000000000000000000000000000000044
:100CB0000000000000000000000000000000000034
:100CC00015CD5B070000000001A50000000000003A
:100CD0001CE601000100000040C6002040C60020C4
:100CE00000000000000000000E00000054C60020BC
:100CF00054C60020000000001CE6010001000000B6
:100D000068C6002068C60020000000000000000047
:100D10000E0000007CC600207CC600200000000001
:100D20001CE601000100000090C6002090C60020D3
:100D300000000000000000000E000000A4C600201B
:100D4000A4C6002000000000000000000000000019
:100D50000000000000000000000000000000000093
:100D60000000000000000000000000000000000083
:100D70000000000000000000000000000000000073
:100D80000000000000000000000000000000000063
:100D90000000000000000000000000000000000053
:100DA0000000000000000000000000000000000043
:100DB0000000000000000000000000000000000033
:100DC0000000000000000000000000000000000023
:100DD0000000000000000000000000000000000013
:100DE0000000000000000000000000000000000003
:100DF00000000000000000000000000000000000F3
:100E000000000000000000000000000000000000E2
:100E100000000000000000000000000000000000D2
:100E200000000000000000000000000000000000C2
:100E300000000000000000000000000000000000B2
:100E400000000000000000000000000000000000A2
:100E50000000000000000000000000000000000092
:100E60000000000000000000000000000000000082
:100E70000000000000000000000000000000000072
:100E80000000000000000000000000000000000062
:100E90000000000000000000000000000000000052
:100EA0000000000000000000000000000000000042
:100EB0000000000000000000000000000000000032
:100EC0000000000000000000000000000000000022
:100ED0000000000000000000000000000000000012
:100EE0000000000000000000000000000000000002
:100EF00000000000000000000000000000000000F2
:100F000000000000000000000000000000000000E1
:100F100000000000000000000000000000000000D1
:100F200000000000000000000000000000000000C1
:100F300000000000000000000000000000000000B1
:100F400000000000000000000000000045C7000095
:100F500078E60100000000005DEE0000C4C800203B
:100F6000C4C800200000000000100E0000010300B3
:100F700000000000D8FB0220D7FB02200000000088
:100F800079280100E11D01000000000000000000C0
:100F9000AD2D01000000000000000000FFFF000078
:100FA0000000000000000000000000000000000041
:100FB0000000000000000000000000000000000031
:100FC0000000000000000000000000000000000021
:100FD0000000000000000000000000000000000011
:100FE0000000000000000000000000000000000001
:100FF00008000000FF0000000000000001000000E9
:1010000000000000000000000000000000000000E0
:1010100000000000000000000000000000000000D0
:1010200000000000000000000000000000000000C0
:1010300000000000000000000000000000000000B0
:1010400000000000000000000000000000000000A0
:101050000000000008000000FF0000000000000089
:10106000010000000000000069790100FD76010028
:10107000B978010009770100057C01008D79010034
:10108000CD7B0100E5CB0100DFCB0100D9CB010016
:10109000F8C90020F8C9002004CA002000000000A0
:1010A000F4EB0100D4EB0100B4EB01000000000000
:1010B0000000000000000000000000000000000030
:1010C0000000000000000000000000000000000020
:1010D0000000000000000000000000000000000010
:1010E0000000000000000000000000000000000000
:1010F0000000000000000000000000000306303087
:10110000303030303131003030313030303031003B
:1011100031303031003130303100FF004AFC010005
:10112000A13B01000000000059FC010051410100F9
:101130000000000052FC01003D3B010000000000E7
:1011400023FC0100353E01000000000037FC0100D7
:10115000713C0100000000002AFC0100AD3D0100CF
:101160000000000042FC0100013C01000000000002
:10117000000000000000000000000000000000006F
:10118000000000000000000000000000000000005F
:10119000000000000000000000000000000000004F
:1011A000000000000000000000000000000000003F
:1011B000000000000000000000000000000000002F
:1011C00000000000581A032000400000000000004A
:1011D00000000000000000001800032000010000D3
:1011E000000000000000000050CB002050CB002089
:1011F00000000000000000000E00000064CB002092
:1012000064CB002000000000000000000E00000081
:1012100078CB002078CB0020000000000000000008
:101220000E0000008CCB00208CCB002000000000C2
:10123000000000000E000000A0CB0020A0CB00208A
:1012400000000000000000000E000000B4CB0020F1
:10125000B4CB002000000000000000000E000000E1
:10126000C8CB0020C8CB0020000000000000000018
:101270000E000000DCCB0020DCCB002000000000D2
:10128000000000000E000000F0CB0020F0CB00209A
:10129000000000000100000000CC002000CC002075
:1012A00008CC002008CC0020000000000100000055
:1012B00018CC002018CC002020CC002020CC00200E
:1012C000010000000100000030CC002030CC0020E4
:1012D000000000000000000040CC002040CC0020B6
:1012E00048CC002048CC002088CC00200000000022
:1012F00000000000000000000000000000000000EE
:1013000000000000000000000000000000000000DD
:1013100000000000000000000000000000000000CD
:1013200088E20100ACCC00200000000000020000B8
:1013300000000000000000000005000000000000A8
:1013400000000000000000000000000061F200004A
:081350000000000015E015E0AB
:00000001FF
