:020000040000FA
:10800000480C0320CDEF0000DDE9000069EF00001F
:1080100069EF000069EF000069EF000069EF000000
:108020000000000000000000000000002DF2000031
:1080300069EF000000000000C9F1000069EF0000D6
:1080400031F5000031F5000031F5000031F5000098
:1080500031F5000031F5000031F5000031F5000088
:1080600031F5000031F5000031F5000031F5000078
:1080700031F5000031F5000031F5000031F5000068
:1080800031F5000031F5000031F5000031F5000058
:1080900031F5000031F5000031F5000031F5000048
:1080A00031F5000031F5000031F5000031F5000038
:1080B00031F5000031F5000031F5000031F5000028
:1080C00031F5000031F5000031F5000031F5000018
:1080D00031F5000031F5000031F5000031F5000008
:1080E00031F5000031F5000031F5000031F50000F8
:1080F00031F5000031F5000031F5000031F50000E8
:1081000031F5000031F5000031F5000031F50000D7
:1081100031F5000031F5000031F5000031F50000C7
:1081200031F5000031F5000031F5000031F50000B7
:1081300031F5000031F5000031F5000031F50000A7
:1081400031F50000FFFFFFFF4FF0FF0C1CEAD0529B
:108150001EBF1CEAD15392EA0C0F93EA0C0F6FD0AA
:108160001A4480EA010C400218BF5FEA41211ED088
:108170004FF0006343EA501043EA5111A0FB013174
:108180000CF00040B1F5000F3EBF490041EAD37149
:108190005B0040EA010062F17F02FD2A1DD8B3F1C5
:1081A000004F40EBC25008BF20F00100704790F034
:1081B000000F0CF0004C08BF49024CEA502040EA86
:1081C00051207F3AC2BFD2F1FF0340EAC25070474C
:1081D00040F400004FF00003013A5DDC12F1190F8A
:1081E000DCBF00F000407047C2F10002410021FAFC
:1081F00002F1C2F1200200FA02FC5FEA310040F114
:10820000000053EA4C0308BF20EADC70704792F08C
:10821000000F00F0004C02BF400010F4000F013AC4
:10822000F9D040EA0C0093F0000F01F0004C02BFBF
:10823000490011F4000F013BF9D041EA0C018FE72E
:108240000CEAD15392EA0C0F18BF93EA0C0F0AD034
:1082500030F0004C18BF31F0004CD8D180EA01005A
:1082600000F00040704790F0000F17BF90F0004FF3
:10827000084691F0000F91F0004F14D092EA0C0FD5
:1082800001D142020FD193EA0C0F03D14B0218BF68
:10829000084608D180EA010000F0004040F0FE40AE
:1082A00040F40000704740F0FE4040F4400070474A
:1082B00081F0004102E000BF83F0004330B54FEA97
:1082C00041044FEA430594EA050F08BF90EA020F04
:1082D0001FBF54EA000C55EA020C7FEA645C7FEA97
:1082E000655C00F0E2804FEA5454D4EB5555B8BFBA
:1082F0006D420CDD2C4480EA020281EA030382EA2B
:10830000000083EA010180EA020281EA0303362DBC
:1083100088BF30BD11F0004F4FEA01314FF4801C8F
:108320004CEA113102D0404261EB410113F0004FA1
:108330004FEA03334CEA133302D0524263EB430358
:1083400094EA050F00F0A780A4F10104D5F1200EF6
:108350000DDB02FA0EFC22FA05F2801841F1000151
:1083600003FA0EF2801843FA05F359410EE0A5F125
:1083700020050EF1200E012A03FA0EFC28BF4CF056
:10838000020C43FA05F3C01851EBE37101F000450C
:1083900007D54FF0000EDCF1000C7EEB00006EEB19
:1083A0000101B1F5801F1BD3B1F5001F0CD34908A3
:1083B0005FEA30004FEA3C0C04F101044FEA4452FA
:1083C00012F5800F80F09A80BCF1004F08BF5FEA81
:1083D000500C50F1000041EB045141EA050130BD61
:1083E0005FEA4C0C404141EB0101013C28BFB1F573
:1083F000801FE9D291F0000F04BF01460020B1FABE
:1084000081F308BF2033A3F10B03B3F120020CDA90
:108410000C3208DD02F1140CC2F10C0201FA0CF06E
:1084200021FA02F10CE002F11402D8BFC2F1200CD3
:1084300001FA02F120FA0CFCDCBF41EA0C01904089
:10844000E41AA2BF01EB0451294330BD6FEA0404D2
:108450001F3C1CDA0C340EDC04F11404C4F12002BD
:1084600020FA04F001FA02F340EA030021FA04F3CF
:1084700045EA030130BDC4F10C04C4F1200220FA26
:1084800002F001FA04F340EA0300294630BD21FA64
:1084900004F0294630BD94F0000F83F4801306BF2A
:1084A00081F480110134013D4EE77FEA645C18BF1E
:1084B0007FEA655C29D094EA050F08BF90EA020FB5
:1084C00005D054EA000C04BF1946104630BD91EAAD
:1084D000030F1EBF0021002030BD5FEA545C05D1B0
:1084E0004000494128BF41F0004130BD14F58004EF
:1084F0003CBF01F5801130BD01F0004545F0FE4163
:1085000041F470014FF0000030BD7FEA645C1ABF97
:10851000194610467FEA655C1CBF0B46024650EACE
:10852000013406BF52EA033591EA030F41F40021FA
:1085300030BD00BF90F0000F04BF0021704730B580
:108540004FF4806404F132044FF000054FF0000155
:1085500050E700BF90F0000F04BF0021704730B516
:108560004FF4806404F1320410F0004548BF4042EB
:108570004FF000013EE700BF42004FEAE2014FEA40
:1085800031014FEA02701FBF12F07F4393F07F4F1B
:1085900081F06051704732F07F4208BF704793F01E
:1085A0007F4F04BF41F40021704730B54FF4607431
:1085B00001F0004521F000411CE700BF50EA010234
:1085C00008BF704730B54FF000050AE050EA0102DD
:1085D00008BF704730B511F0004502D5404261EB4D
:1085E00041014FF4806404F132045FEA915C3FF48E
:1085F000D8AE4FF003025FEADC0C18BF03325FEA2B
:10860000DC0C18BF033202EBDC02C2F1200300FADB
:1086100003FC20FA02F001FA03FE40EA0E0021FA00
:1086200002F11444BDE600BF70B54FF0FF0C4CF4EE
:10863000E06C1CEA11541DBF1CEA135594EA0C0FA0
:1086400095EA0C0F00F0DEF82C4481EA030621EADB
:108650004C5123EA4C5350EA013518BF52EA033516
:1086600041F4801143F4801338D0A0FB02CE4FF0C8
:108670000005E1FB02E506F00042E0FB03E54FF0F8
:108680000006E1FB03569CF0000F18BF4EF0010EF0
:10869000A4F1FF04B6F5007F64F5407404D25FEAEC
:1086A0004E0E6D4146EB060642EAC62141EA55519F
:1086B0004FEAC52040EA5E504FEACE2EB4F1FD0CE1
:1086C00088BFBCF5E06F1ED8BEF1004F08BF5FEA5F
:1086D000500E50F1000041EB045170BD06F0004611
:1086E00046EA010140EA020081EA0301B4EB5C04BE
:1086F000C2BFD4EB0C0541EA045170BD41F48011B6
:108700004FF0000E013C00F3AB8014F1360FDEBFDA
:10871000002001F0004170BDC4F10004203C35DAB6
:108720000C341BDC04F11404C4F1200500FA05F339
:1087300020FA04F001FA05F240EA020001F00042DA
:1087400021F0004110EBD37021FA04F642EB060150
:108750005EEA430E08BF20EAD37070BDC4F10C047A
:10876000C4F1200500FA04F320FA05F001FA04F23E
:1087700040EA020001F0004110EBD37041F100012A
:108780005EEA430E08BF20EAD37070BDC4F1200535
:1087900000FA05F24EEA020E20FA04F301FA05F29D
:1087A00043EA020321FA04F001F0004121FA04F245
:1087B00020EA020000EBD3705EEA430E08BF20EA15
:1087C000D37070BD94F0000F0FD101F0004640004F
:1087D00041EB010111F4801F08BF013CF7D041EAD1
:1087E000060195F0000F18BF704703F000465200D5
:1087F00043EB030313F4801F08BF013DF7D043EAA6
:108800000603704794EA0C0F0CEA135518BF95EA5B
:108810000C0F0CD050EA410618BF52EA4306D1D1E2
:1088200081EA030101F000414FF0000070BD50EA01
:10883000410606BF1046194652EA430619D094EA8B
:108840000C0F02D150EA013613D195EA0C0F05D175
:1088500052EA03361CBF104619460AD181EA0301C9
:1088600001F0004141F0FE4141F470014FF0000081
:1088700070BD41F0FE4141F4780170BD70B54FF01C
:10888000FF0C4CF4E06C1CEA11541DBF1CEA13559C
:1088900094EA0C0F95EA0C0F00F0A7F8A4EB05047E
:1088A00081EA030E52EA03354FEA013100F0888075
:1088B0004FEA03334FF0805545EA131343EA12633E
:1088C0004FEA022245EA111545EA10654FEA0026F3
:1088D0000EF000419D4208BF964244F1FD0404F5AC
:1088E000407402D25B084FEA3202B61A65EB030508
:1088F0005B084FEA32024FF480104FF4002CB6EBC5
:10890000020E75EB030E22BFB61A754640EA0C0044
:108910005B084FEA3202B6EB020E75EB030E22BF84
:10892000B61A754640EA5C005B084FEA3202B6EBC5
:10893000020E75EB030E22BFB61A754640EA9C0084
:108940005B084FEA3202B6EB020E75EB030E22BF54
:10895000B61A754640EADC0055EA060E18D04FEA12
:10896000051545EA16754FEA06164FEAC30343EAB2
:1089700052734FEAC2025FEA1C1CC0D111F4801F7F
:108980000BD141EA00014FF000004FF0004CB6E778
:1089900011F4801F04BF01430020B4F1FD0C88BF17
:1089A000BCF5E06F3FF6AFAEB5EB030C04BFB6EB22
:1089B000020C5FEA500C50F1000041EB045170BD15
:1089C0000EF0004E4EEA113114EB5C04C2BFD4EB42
:1089D0000C0541EA045170BD41F480114FF0000EC6
:1089E000013C90E645EA060E8DE60CEA135594EA42
:1089F0000C0F08BF95EA0C0F3FF43BAF94EA0C0F45
:108A00000AD150EA01347FF434AF95EA0C0F7FF4B9
:108A100025AF104619462CE795EA0C0F06D152EA0D
:108A200003353FF4FDAE1046194622E750EA4106F1
:108A300018BF52EA43067FF4C5AE50EA41047FF402
:108A40000DAF52EA43057FF4EBAE12E74FEA410265
:108A500012F5001215D211D56FF47873B3EB625290
:108A600012D94FEAC12343F0004343EA505311F0B7
:108A7000004F23FA02F018BF404270474FF0000049
:108A8000704750EA013005D111F0004008BF6FF087
:108A9000004070474FF00000704700BF4FEA4102AE
:108AA000B2F1E04324BFB3F5001CDCF1FE5C0DD94C
:108AB00001F0004C4FEAC0024CEA5070B2F1004F96
:108AC00040EB830008BF20F00100704711F0804F99
:108AD00021D113F13872BCBF01F00040704741F45E
:108AE00080114FEA5252C2F11802C2F1200C10FA62
:108AF0000CF320FA02F018BF40F001004FEAC12346
:108B00004FEAD32303FA0CFC40EA0C0023FA02F3E9
:108B10004FEA4303CCE77FEA625307D150EA0133BF
:108B20001EBF4FF0FE4040F44000704701F000408F
:108B300040F0FE4040F40000704700BF80F000406D
:108B400002E000BF81F0004142001FBF5FEA410325
:108B500092EA030F7FEA226C7FEA236C6AD04FEA25
:108B60001262D2EB1363C1BFD2184140484041406A
:108B7000B8BF5B42192B88BF704710F0004F40F41C
:108B8000000020F07F4018BF404211F0004F41F438
:108B9000000121F07F4118BF494292EA030F3FD004
:108BA000A2F1010241FA03FC10EB0C00C3F1200317
:108BB00001FA03F100F0004302D5494260EB4000A6
:108BC000B0F5000F13D3B0F1807F06D340084FEA11
:108BD000310102F10102FE2A51D2B1F1004F40EB06
:108BE000C25008BF20F0010040EA0300704749006E
:108BF00040EB0000013A28BFB0F5000FEDD2B0FA0B
:108C000080FCACF1080CB2EB0C0200FA0CF0AABF2D
:108C100000EBC25052421843BCBFD04018437047CB
:108C200092F0000F81F4000106BF80F400000132D1
:108C3000013BB5E74FEA41037FEA226C18BF7FEAA8
:108C4000236C21D092EA030F04D092F0000F08BFEA
:108C50000846704790EA010F1CBF0020704712F0D1
:108C60007F4F04D1400028BF40F00040704712F110
:108C700000723CBF00F50000704700F0004343F075
:108C8000FE4040F4000070477FEA226216BF0846AB
:108C90007FEA23630146420206BF5FEA412390EA6E
:108CA000010F40F4800070474FF0000304E000BF64
:108CB00010F0004348BF40425FEA000C08BF704715
:108CC00043F0964301464FF000001CE050EA0102D9
:108CD00008BF70474FF000030AE000BF50EA0102EE
:108CE00008BF704711F0004302D5404261EB4101DB
:108CF0005FEA010C02BF84460146002043F0B64300
:108D000008BFA3F18053A3F50003BCFA8CF2083A24
:108D1000A3EBC25310DB01FA02FC634400FA02FC2D
:108D2000C2F12002BCF1004F20FA02F243EB020034
:108D300008BF20F00100704702F1200201FA02FC96
:108D4000C2F1200250EA4C0021FA02F243EB020089
:108D500008BF20EADC7070477BB972B90029BEBF3A
:108D600000204FF0004106E008BF00281CBF6FF054
:108D700000414FF0FF3000F057B8ADF1080C6DE93D
:108D800004CE002909DB002B1ADB00F0EDF8DDF83A
:108D900004E0DDE9022304B07047404261EB410189
:108DA000002B1BDB00F0E0F8DDF804E0DDE9022336
:108DB00004B0404261EB4101524263EB4303704710
:108DC000524263EB430300F0CFF8DDF804E0DDE945
:108DD000022304B0404261EB41017047524263EB11
:108DE000430300F0C1F8DDF804E0DDE9022304B03C
:108DF000524263EB4303704753B94AB9002908BF95
:108E000000281CBF4FF0FF314FF0FF3000F00CB8CE
:108E1000ADF1080C6DE904CE00F0A6F8DDF804E031
:108E2000DDE9022304B07047704700BF4FF0FF3CFC
:108E300006E000BF4FF0010C02E000BF4FF0010C54
:108E40004DF804CD4FEA410C7FEA6C5C4FEA430CCD
:108E500018BF7FEA6C5C1BD001B050EA410C0CBF1C
:108E600052EA430C91EA030F02BF90EA020F00207E
:108E7000704710F1000F91EA030F58BF994208BFE5
:108E800090422CBFD8176FEAE37040F001007047A2
:108E90004FEA410C7FEA6C5C02D150EA013C07D1F9
:108EA0004FEA430C7FEA6C5CD6D152EA033CD3D044
:108EB0005DF8040B704700BF8446104662468C463E
:108EC0001946634600E000BF01B5FFF7B7FF002871
:108ED00048BF10F1000F01BD4DF808EDFFF7F4FF9A
:108EE0000CBF012000205DF808FB00BF4DF808ED25
:108EF000FFF7EAFF34BF012000205DF808FB00BF48
:108F00004DF808EDFFF7E0FF94BF012000205DF869
:108F100008FB00BF4DF808EDFFF7CEFF94BF01201E
:108F200000205DF808FB00BF4DF808EDFFF7C4FF17
:108F300034BF012000205DF808FB00BF4FEA410C60
:108F40007FEA6C5C02D150EA013C0AD14FEA430C43
:108F50007FEA6C5C02D152EA033C02D14FF0000080
:108F600070474FF0010070472DE9F04786468C4668
:108F70000846089E154674461946002B40F0C180ED
:108F80008542B2FA82F245D94AB1C2F1200300FA11
:108F900002FC954094402EFA03F343EA0C0C4FEA8E
:108FA000154EA8B2230CBCFBFEF80EFB18CC08FB38
:108FB00000F943EA0C43994528D9EB1808F1FF372B
:108FC00004D2994502D9A8F102072B44A3EB090367
:108FD000A4B2B3FBFEFC0EFB1C330CFB00F044EA16
:108FE0000344A04214D92C190CF1FF3304D2A0423F
:108FF00002D9ACF102032C44241A43EA07401EB103
:10900000D440002334607360BDE8F0874746DDE755
:109010006346F1E792BB431B01214FEA154EAFB205
:10902000200CB3FBFEFC0EFB1C330CFB07F840EAE4
:109030000343984561D9EB180CF1FF3004D29845F1
:1090400002D9ACF102002B44A3EB0803A4B2B3FB9A
:10905000FEFC0EFB1C330CFB07F744EA0344A7425B
:109060004DD92C190CF1FF3304D2A74202D9ACF12F
:1090700002032C44E41B43EA0040C0E7C2F1200392
:109080009540944020FA03F12EFA03F34FEA154E6F
:109090009040AFB20343B1FBFEFC0EFB1C10190C59
:1090A0000CFB07F841EA0041884522D969180CF108
:1090B000FF3004D2884502D9ACF102002944A1EB6B
:1090C00008019BB2B1FBFEFC0EFB1C110CFB07F769
:1090D00043EA01439F420ED9EB180CF1FF3104D251
:1090E0009F4202D9ACF102012B44DB1B41EA004153
:1090F00093E76046E3E76146F7E76046A4E7634627
:10910000B8E7834206D916B9002108467CE7C6E9CC
:1091100000E0F9E7B3FA83F78FB9834201D37245D0
:1091200008D8BEEB020460EB030301209C461EB985
:10913000002169E73846FAE7C6E9004CF8E7C7F1CD
:10914000200CBB400EFA07F522FA0CF42EFA0CF1B3
:10915000BA401C4320FA0CF3B8404FEA14490143CB
:109160001FFA84FEB3FBF9F809FB18300B0C08FB5F
:109170000EFA43EA00439A4540D9E31808F1FF305C
:1091800004D29A4502D9A8F102002344A3EB0A03B2
:1091900089B2B3FBF9F809FB183308FB0EFE41EA6C
:1091A00003418E452CD9611808F1FF3304D28E4556
:1091B00002D9A8F10203214443EA0040A1EB0E01C9
:1091C000A0FB02984145CE46434602D306D14D4509
:1091D00004D20138B9EB020E68EB0403002EA7D0CD
:1091E000B5EB0E0261EB030101FA0CFC22FA07F366
:1091F000F9404CEA0303C6E9003199E74046C5E768
:109200004346D9E710F8012B11F8013B012A28BF8A
:109210009A42F7D0D01A7047034613F8012B002A60
:10922000FBD1181A01387047F0B5674B89B01B683D
:1092300007934FF000030023CDE9033304230D46C9
:1092400006460293002800F0B280002900F0AF80AB
:10925000062103A80DF054FB044678B10346012112
:109260005A4A5B480EF022FC574B1A68079B5A403B
:109270004FF0000300F09E8015F0F2FE014603AAB5
:1092800030460DF0C9FA044648B10346514A01215F
:109290004F480EF00BFC03A80DF07EFBE4E7012124
:1092A00001AA03A80DF0A4FC044610B103464A4AE3
:1092B000EDE7019BB3B1042B1AD0052B0CBF09239A
:1092C000FF232B70032102AB05AA03A80DF0E0FCDD
:1092D000064678B10346414A01213D480EF0E6FBBF
:1092E0003446D8E7002300202B706860A860D2E7DE
:1092F0000723E6E7029B002BF4D020336B4403F8EE
:109300000C0C0146022205A817F0B8FA2B78C0B25F
:10931000092B06D10F2823D96FF015042346304AB4
:10932000B5E70F28F8D8072B21D12E4B2E4F33F855
:109330001000D0B1FFF70EF921A3D3E90023FFF706
:1093400073F9FFF7ABFB0421686002AB05AA03A821
:1093500002910DF09DFC064660B10346234ABBE72F
:10936000234B244F33F81000E3E72348EBE76FF07B
:109370007F04D3E7029B014620336B4403F80C0CB7
:10938000022205A817F07AFAC3B20F2B07D90121E0
:109390001A4A0F480EF08AFB6FF015047BE7581C41
:1093A000C0B2FFF785FC3946FEF7CEFE9EE76FF0B0
:1093B000150459E7204609B0F0BD00BFAFF30080A7
:1093C0007B14AE47E17A2440488C0320444C0200D1
:1093D0003C2C02006D4C0200964C0200B84C02007E
:1093E000E44C0200DC3302000AD7A33F084D020020
:1093F000BC3302000AD723400AD7A340334D0200F2
:1094000007B5084B1B6801934FF00003054B1A6822
:10941000019B5A404FF0000301D015F021FE03B02C
:109420005DF804FB488C032037B5094C246801948F
:109430004FF00004064C2568019C65404FF0000485
:1094400001D015F00DFE03B0BDE8304004F0F8BDCA
:10945000488C0320F0B583B0184B00AF1B687B60CD
:109460004FF0000302F1080323F00703ADEB030DF7
:1094700005466846144618F073FF00236E460DF843
:1094800004308AB06A460E49D661C2E905150D4915
:1094900011620D4942F8101F4FF423510B4804F09C
:1094A00023FD064B1A687B685A404FF0000301D039
:1094B00015F0D6FD0C37BD46F0BD00BF488C03202B
:1094C000023402000002010304000002EC2B02003F
:1094D0002DE9F04389B0774B02AF1B687B614FF0F9
:1094E00000030B7806460C46092B00F2DD80DFE80E
:1094F00013F00A0046004A00C700DB00DB00DB0077
:10950000CE00DB00D500CD6935B12B466A4A01217A
:109510006A48FFF789FF28E00321694A674804F099
:1095200077FD684B07F1080493E80700664B84E871
:1095300007003C606C468AB07B6002AA634B5361B3
:10954000634B93611223D3614FF400731384614B17
:1095500042F8103F4FF4135158482B4604F0C4FC16
:109560003946A546304608F013FD524B1A687B6910
:109570005A404FF0000300F0998015F071FDCB695F
:10958000554A0321C4E74A69CB69032100924B483D
:10959000524A04F06FFDD4F81480B8F5006F12D968
:1095A000DFF83C9149463046A8F5006208F0F2FD2C
:1095B000051E28D029DBA8EB0508B8F5006FF1D807
:1095C0006FF0790901E04FF0000942463046444906
:1095D00008F0F8FD0546C0B9237B012B06D1238B8B
:1095E00030463B8107F1080108F062FCB9F1000F39
:1095F00017D063694FF40062012100922F48394A65
:1096000004F038FDB1E76FF00405237B012B06D190
:10961000238B30463B8107F1080108F049FC002DFF
:1096200017DB62692E493048FFF714FF06222F49E5
:109630002B4818F04FFF10B90CF024FC95E70722D7
:109640002B49274818F046FF00288ED10CF032FC39
:109650008BE715F17A0FCCD02B460121254A17480C
:10966000FFF7E2FE0321244A144804F0D1FC3046FF
:1096700008F054FC034600283FF477AF1F4A46E742
:10968000CB690BB11E4A42E78B881E4A79E7CB694A
:109690000BB11D4A3BE78B881C4A72E7CB69002B54
:1096A0003FF463AF1A4A32E71A4A6AE71C37BD46ED
:1096B000BDE8F083488C032007340200EC2B020045
:1096C0001F340200B02C02000100D2043534020025
:1096D0004F34020004000001623402007F340200B3
:1096E000A68102209D340200EC340200F73402000F
:1096F000FE34020006350200263502004335020022
:109700005C35020072350200873502009D3502008B
:10971000B2350200CA3502002DE9F04389B01D467A
:109720004FF01008214BDFF8889000AF1B68FB61F9
:109730004FF0000306461446C7E904253973C7F8FD
:109740000490C7F8088006F0A1FBBB7E2A4621469C
:10975000388323F0030317486C46BB76FFF77AFE85
:109760008AB06A46144BC2F81C80C2E905394FF42E
:1097700000731384114B42F8103F00234FF4135130
:109780000F4804F0B1FB3046A546391D08F03CFBFC
:10979000064B1A68FB695A404FF0000301D015F0E0
:1097A0005FFC2437BD46BDE8F08300BF488C032032
:1097B000E8350200F9350200063602000400000117
:1097C000EC2B02002DE9F04F9FB00126574B02AF62
:1097D0001B68FB664FF00003044608F099FA50221C
:1097E0000021381D18F0C9FD3B46002150483A1DA4
:1097F000C7E9036606F06CFB0546A8B1034631468F
:109800004C4A4D48FFF710FE4C4A31464A4804F096
:10981000FFFB6FF00905454B1A68FB6E5A404FF08D
:1098200000037DD015F01CFC4FF008093E68DFF8FE
:109830001081DFF804B136B37369082B51D1B369D5
:1098400040495B6801204B6045F6073308804B8038
:1098500007F1540610233246043107F07BF9E8463D
:1098600088B002AB384AC3E905264FF400729A83E8
:109870001A46364B42F8103F00234FF4E6512E486B
:1098800004F032FBC546386806F038FB2D4B07F173
:10989000540663632E4B1721A36430462D4A11F002
:1098A0008BFD0346002831D001212B4A2248FFF7C7
:1098B000BBFD2A48E062FFF7AFFC294B294AE3636E
:1098C000294B2063A363042384F85E30274BE364B1
:1098D0004FF40063C4E915232365002384F8243082
:1098E00099E7EA468AB002AAC2E9058318231362FF
:1098F0000523C2F81C9042F8103F00234FF4215179
:10990000584604F0F1FAD546366894E787F86300C4
:109910000F231421164A0096104816F0C1FDC8E71F
:1099200028467437BD46BDE8F08F00BF488C032041
:109930001B3602003A360200EC2B020051360200C0
:109940008E3602003CEA0020783602000300000157
:10995000D1940000B1360200B93602009281022093
:1099600030C60020A689022038C60020A691022019
:10997000DA36020007B503460D4A90F82400126853
:1099800001924FF0000260B99B6A0B6001238B804B
:10999000074B1A68019B5A404FF0000304D015F0A2
:1099A0005FFB6FF08500F3E703B05DF804FB00BFD9
:1099B000488C032007B50B4BB0F5A07F1B680193C3
:1099C0004FF0000302BF0122074B1A70054B1A68C3
:1099D000019B5A404FF0000301D015F041FB03B04A
:1099E0005DF804FB488C0320A799022037B5094C89
:1099F000246801944FF00004064C2568019C6540E2
:109A00004FF0000401D015F02BFB03B0BDE830404F
:109A100004F016BB488C032013B5094B1B68019357
:109A20004FF00003064B1C68019B5C404FF00003A5
:109A300001D015F015FB02B0BDE8104004F0E8BA03
:109A4000488C032007B50A4A126801924FF00002C1
:109A5000074A1168019A51404FF0000201D015F0F9
:109A6000FFFA836803495B6803B05DF804EB1847AD
:109A7000488C0320182D020013B50A4A126801927F
:109A80004FF00002074A1468019A54404FF0000258
:109A900001D015F0E5FA83681B6802B0BDE81040FC
:109AA000184700BF488C032007B5094B1B6801937A
:109AB0004FF00003064B1A68019B5A404FF0000319
:109AC00001D015F0CDFA03B05DF804EB15F0AAB99A
:109AD000488C032007B56FF01002444B00211B682F
:109AE00001934FF00003424B1A706FF041025A701D
:109AF00001229A70DA701A719A716FF061021A720B
:109B00006FF067025A7234229A7268225971D971C1
:109B10003849DA720A881A8201320A806FF03201FB
:109B200003F5005291746FF05401D174324A12332C
:109B300002F1400152F8040B8A4243F8040BF9D1B8
:109B40002D4B2E4A03F1100153F8040B8B4242F8BF
:109B5000040BF9D180222A492A4818F001FC2A4B2B
:109B60002A4A03F1300153F8040B8B4242F8040BEC
:109B7000F9D11B8803211380254842F21403254A9A
:109B8000FFF734FF40F6CD400021FFF78DFF04239F
:109B9000214A03211E48FFF729FF40F6CD4000214E
:109BA000FFF782FF42F214030121114A1B48FFF71D
:109BB000B3FD034680B10D4A1168019A51404FF040
:109BC000000201D015F04CFA0321154A104803B0E9
:109BD0005DF804EBFFF70ABF044B1A68019B5A407B
:109BE0004FF00003EED103B05DF804FB488C032076
:109BF000A8990220608102207CCB0020BAA9022013
:109C00007CCA0020C4A1022090CA0020BAB1022060
:109C1000EC2B0200103702002637020024DA002065
:109C20002F37020090B583B0274B00AF1B687B60D5
:109C30004FF00003037853B1032B27D0224B1A684F
:109C40007B685A404FF000033AD015F009FA037AC6
:109C5000012B19D0052BF1D11C4B6C4688B06A46FC
:109C60001B49C2E905134FF400739383194B42F863
:109C7000103F00234FF4E651174804F035F9A5468C
:109C8000164813F059FED9E7154BE6E7017A154A55
:109C9000154B6C4688B0012908BF13466A46134924
:109CA000C2E905134FF4007393830A4B42F8103F47
:109CB00000234FF4E651084804F016F9A546BDE725
:109CC0000C37BD4690BD00BF488C032063370200AF
:109CD0008637020003000001EC2B0200B8CD002003
:109CE0004A3702007737020081370200A6370200A8
:109CF0002DE9F341404B05461B6801934FF00003EB
:109D000001223E4C3E4F04F5005895423B880BD251
:109D100001333B80384B1A68019B5A404FF00003D7
:109D20005ED102B0BDE8F0816FF0100121706FF0DC
:109D3000410161700121A28056186FF06102227208
:109D40006FF0670223826FF032036272342288F868
:109D500012306FF05403A272682288F81330294B36
:109D6000E272294AA170E170B6B2E58003F14001C8
:109D700053F8040B8B4242F8040BF9D1214B234AD0
:109D800003F1100153F8040B8B4242F8040BF9D194
:109D900080221F491F4818F0E3FA1F4B1F4A03F1A6
:109DA000300153F8040B8B4242F8040BF9D11B88A5
:109DB000032113801A4842F214031A4AFFF716FED1
:109DC00042F21403224600211748FFF7A5FC034680
:109DD00080B1094A1168019A51404FF0000201D048
:109DE00015F03EF90321114A0D4802B0BDE8F041DB
:109DF000FFF7FCBD324688E7488C0320A899022073
:109E0000608102207CCB0020BA990220BAA90220EE
:109E10007CCA0020BAA1022090CA0020BAB1022058
:109E2000EC2B02001037020024DA00202F3702004A
:109E300007B5194B01291B6801934FF000030BD0A4
:109E4000022919D0144B1A68019B5A404FF00003A5
:109E50000BD103B05DF804FBC207F3D50E4B1A68B3
:109E6000019B5A404FF0000301D015F0F9F803B000
:109E70005DF804EBFFF72EBE8307E3D5064B1A68A7
:109E8000019B5A404FF00003EFD1052003B05DF86D
:109E900004EBFFF72DBF00BF488C03202DE9F743EB
:109EA0000122444B444C1B6801934FF00003434B89
:109EB000434F1D6804F50058002DB8BF05F2FF356B
:109EC000C5F38F250135ADB29302A3F580639542AA
:109ED00039889BB20BD2374B013139801A68019B0C
:109EE0005A404FF0000358D103B0BDE8F0836FF043
:109EF000100020706FF0410060700120A2801618E1
:109F00006FF0610222726FF0670262723422A272F5
:109F10006822E2726FF0320288F812206FF0540269
:109F20002182284903FA00F901EB4301A070E07097
:109F300088F8132024484FF40062E58018F010FAE6
:109F400022494FF400624944214818F009FA214996
:109F50004FF400624944204818F002FA1F494FF4B8
:109F6000006249441E4818F0FBF942F21403032131
:109F70001C4A1D48FFF73AFD42F2140300210E4A25
:109F80001A48FFF7C9FBB6B2034680B1094A116807
:109F9000019A51404FF0000201D015F061F8032101
:109FA000134A114803B0BDE8F043FFF71FBD324626
:109FB0008AE700BF488C0320A899022018DA002005
:109FC0006081022096230220BA990220D6C5012082
:109FD000BAA9022016680120BAA10220560A01205F
:109FE000BAB1022010370200EC2B020024DA002064
:109FF0002F370200002273B5114B1B6801934FF0FD
:10A000000003104B30F9126001EB42041D7801325D
:10A01000042A24F83560F5D11A780132D2B21A70C8
:10A020001A78052A04BF00221A70054B1A68019B92
:10A030005A404FF0000301D015F012F802B070BD85
:10A04000488C0320BCB9022073B5104B00221B685A
:10A0500001934FF0000300231C46851835F9336047
:10A060000133052B3444F9D194FBF3F48C520232C2
:10A07000082AF0D1054B1A68019B5A404FF00003A3
:10A0800001D014F0EDFF02B070BD00BF488C03207A
:10A09000F7B514461C4AD4E90056126801924FF0F5
:10A0A00000020A6850F8222082FB0227AD1A66EBF4
:10A0B0000706C4E900560A6840F82230D4E90020B7
:10A0C000C3FB0320C4E9002064220B680133B3FB07
:10A0D000F2F002FB10330B606422D4E9000100238C
:10A0E000FEF73AFEFEF736FA15F014FFFEF7AEFC67
:10A0F000054B1A68019B5A404FF0000301D014F041
:10A10000AFFF03B0F0BD00BF488C03202DE9F34141
:10A11000194E054634881948B4F5806F00680190DF
:10A120004FF00000DFF85880DFF858E0DFF858C043
:10A13000164F13D2601C28F814502EF814102CF867
:10A14000142027F8143080B20C4B30801A68019B21
:10A150005A404FF000030CD014F082FF01200C4C49
:10A16000A8F800502070AEF80010ACF800203B803A
:10A17000EAE702B0BDE8F08154EA0020488C0320F1
:10A180005602012056FA002056F2002056EA00201E
:10A19000A699022007B50A4B4A001B6801934FF0AD
:10A1A0000003074B1968019B59404FF0000301D091
:10A1B00014F056FF002103B05DF804EB18F0DDB891
:10A1C000488C032007B547F6EE721D4B1B680193C0
:10A1D0004FF000031B4B1968914201DD1A6002E049
:10A1E000194A9142FADB47F6EE72184B1968914210
:10A1F00001DD1A6002E0144A9142FADB47F6EE7282
:10A20000134B1968914201DD1A6002E00E4A914237
:10A21000FADB47F6EE720F4B1968914201DD1A60C6
:10A2200002E0094A9142FADB054B1A68019B5A4049
:10A230004FF0000301D014F013FF03B05DF804FBEE
:10A24000488C032098DA00201280FFFF94DA002067
:10A2500090DA00208CDA00202DE9F04F284B93B0E3
:10A26000002206210F201B6811934FF0000305F018
:10A2700055F8244B244A06934FF4C063ADF81C30C4
:10A28000224B08A908934FF44073ADF824300723FC
:10A290008DF826301E4B06A80A9310F05DFB06A829
:10A2A00010F0B0FB4FF4FA6106A810F0C3FB0124D4
:10A2B00002462346002106A8009410F009FC4FF442
:10A2C00080400021FFF7F0FB124800F097FF0BF0F1
:10A2D000A5FC20B12146104A1048FFF79DFB10480D
:10A2E00012F0A4FB00BB0F4800F088FF044B1A6873
:10A2F000119B5A404FF0000300F0AD8214F0B0FE05
:10A30000488C032000F00040B59900000024F400C0
:10A31000B3370200C0370200D4370200EC2B020032
:10A32000C0290200F9370200AD49AE48FFF7A4FB8F
:10A33000AD49AC48FFF7A0FBAC49AA48FFF79CFB2E
:10A34000AB49A848FFF798FBAA49A648FFF794FB3A
:10A35000A94800F053FF002140F6CD40FFF7A4FBD1
:10A3600006A810F02FFB0023C824A44ACDE90B3324
:10A370001380A34B0DAD0FCB85E80F00DFF884826F
:10A38000984FA14E98F80030002BFBD098F8003081
:10A39000012B00F07981013CA4B2002CF2D1BDF96F
:10A3A0003430BDF940B00393BDF93830954D049376
:10A3B000BDF93C30DFF82CA20593944B1C80944BE4
:10A3C0001C60944C2B78012B4ED1002350462B70EF
:10A3D000FFF738FB8C499048FFF70CFE8A480BA921
:10A3E000FFF732FE039ABDF92C308C4E9B1A8C4934
:10A3F0008C4A8D483360FFF74BFE049ABDF92E302E
:10A400008A4F9B1A86498A4A20608A483B60FFF738
:10A410003FFE059ABDF93030DFF81C829B1A804957
:10A42000864A60608648C8F80030FFF731FEBDF903
:10A430003230DFF81092A3EB0B03834A7849A06017
:10A440008248C9F80030FFF723FEE060FFF7BAFE4C
:10A45000B9F90030B8F90020B7F90010B6F90000DA
:10A46000FFF754FE7A4B18802368B3F5FA7F03DCBC
:10A47000A368B3F5FA7FA5DD764B694E1B78012BF7
:10A480000EBF4FF48064724B1C88614B18BFA4B29E
:10A490001C605C4B1B78012B5FFA83F8F9D14FF0FD
:10A4A0000009584B4F4883F80090FFF7CBFA564904
:10A4B0005948FFF79FFD54480BA9FFF7C5FD039AC4
:10A4C000BDF92C30DFF854A19B1A3146554A564845
:10A4D000CAF80030FFF7DCFD049ABDF92E304D4D6F
:10A4E0009B1A524A314613602860514A5148FFF77F
:10A4F000CFFD059ABDF930304F499B1A0B604F4A8A
:10A50000314668604E48FFF7C3FDBDF932304D4F0C
:10A51000A3EB0B0331464C4AA8604C483B60FFF765
:10A52000B7FDE860FFF74EFEDAF800204A4B4249DB
:10A5300023F814203D4A494B126823F814200A6876
:10A54000474B23F814203A68464B23F81420304A2E
:10A5500001341368A4B20133B4F5FA6F136098D9CB
:10A560003C4B00221B783C4C012B394B0DBF4FF468
:10A57000806119884B461B88384D394E39480CBFCD
:10A580009BB289B28A4240F0A3804FF48061364882
:10A59000FFF700FE4FF480613448FFF7FBFD4FF4F6
:10A5A00080613348FFF7F6FD4FF480613148FFF7D3
:10A5B000F1FD0321304A3148FFF72EFA09F090FDF2
:10A5C0000346002800F0A1802D4A01212B48FFF707
:10A5D0000DFA01212B4A2948FFF71EFA002085E6D3
:10A5E000B4330200C0290200AC330200A4330200DD
:10A5F0009C33020094330200083802005681022086
:10A60000BC2C0200A79902206281022054EA00209B
:10A6100018DA0020DCE000205881022098DA0020BF
:10A6200088DA002088CE00204CDF002094DA002059
:10A6300080CE0020BCDD002090DA002078CE002003
:10A640002CDC00208CDA002070CE00209CDA002068
:10A650008A810220A69902209623022016680120F2
:10A66000D6C50120560A01205602012056FA0020C4
:10A6700056F2002056EA002019380200EC2B0200A6
:10A6800034380200C23802000023384688F800300F
:10A69000FFF7D8F931467148FFF7ACFC0BA93046FB
:10A6A000FFF7D2FC4FF01809294604234FF0190E8A
:10A6B0000DF12C0C08683CF9022B013B09FB002230
:10A6C00092FBFEF213F0FF0341F8042BF2D162E695
:10A6D000B3F5806F28BF0023614F013237F8137044
:10A6E00092B224F8027B5F4F37F8137025F8027B93
:10A6F0005D4F37F8137026F8027B5C4F37F8137004
:10A70000013320F8027B9BB23CE70321584A5948A9
:10A71000FFF782F958480DF06DF9034608B1574A22
:10A7200053E74FF0FF334FF0FF32554813F03CF939
:10A730000321544A4F48FFF76FF901200BF0A2FBA9
:10A7400051480BF0C9FA20B10121504A4948FFF79E
:10A7500063F94F48FFF736F80346E8B14D4A012147
:10A760004448FFF743F939E701340AD0032141484F
:10A770003C23494AFFF73AF94FF4F0100021FFF764
:10A7800093F9434807F0ECFA034640B1434A0121EC
:10A790003848FFF72BF9E7E70446414EF1E7314629
:10A7A0003B48FFF7E7F8034608B13E4AD7E73E4A81
:10A7B0001080374F384607F093FC0246012130469F
:10A7C00005F08AFE002814DA05F066FA374A0368B5
:10A7D00001212848FFF70AF90321354A2548FFF7E8
:10A7E0001BF92B4807F09AFB03460028BCD0314ADE
:10A7F000CDE7384607F03EFC034620B110F10B0FC1
:10A8000001D02D4AE4E7F388D90706D5384607F08A
:10A810008FFC034608B1294ADAE7B6F906301A0771
:10A8200005D5274A01211348FFF7F6F8D4E713F0BE
:10A83000200501D0234AF5E7B8F1010FBAD122482B
:10A8400000F0DCFC4FF480300021FFF72DF9A84622
:10A85000FFF724FBADE713B0BDE8F08F588102206D
:10A860005602012056FA002056F2002056EA002037
:10A8700066380200EC2B0200259C000080380200A4
:10A88000B8CD0020A9380200319E0000E038020057
:10A8900024DA0020093902002E3902004C39020066
:10A8A0001CDA002066390200568102207C39020041
:10A8B000D7390200F139020090390200A7390200AD
:10A8C000BF390200C7390200D03902002DE9F04F2C
:10A8D00093B00093944B03921B6811934FF00003C5
:10A8E000039B840703F004030293039B0546C3F311
:10A8F000C20303F101030E46DDF87090059340F0AA
:10A90000C481041D68B1072910D86FF01B00864B65
:10A910001A68119B5A404FF0000300F0B98114F0FF
:10A920009FFB01F00706341DC6F10806009B4FF09F
:10A9300000084FF0040A591E4FF0FF3347460193B9
:10A94000C3465346CDF810800DB1009A2260059899
:10A95000002800F3EF807548009A824203D37448C0
:10A960008242C0F0E780039AA4EB050E92074FEAFB
:10A970009E0000F10A810F2F00F2B180002D00F03F
:10A980000C8107F148020DEB020C019A0CF8240C23
:10A990000CF8142C049801300490EEE07A285DD86D
:10A9A0004B280ED8472859D829282DD8252852D0E9
:10A9B00054D820287AD02338D0F1000B4BEB000B71
:10A9C00074E04C382E2849D8DFE800F07048484839
:10A9D00048484848484848484B48484848484848F4
:10A9E0004859484B4B595959704B6D487048184B52
:10A9F000184848827F4B48484B487F0000204FF062
:10AA0000000B4FF0040A38E001222A38C0B202FAE3
:10AA100000F010EA0E0F49D110F0625C2FD110EA5D
:10AA2000020B43D06046013C5444B4FBFAF40AFBE9
:10AA300004F4002D61D0A3EB050CA4446645FFF49B
:10AA400064AF002868D1042B47D159F8043B236038
:10AA5000042304342AE0019A013A01924FF0000BDA
:10AA600024E011F8010C6C2834D1002011F8023CCC
:10AA700083466C2BC5D14FF0080A5346D3E709F142
:10AA8000070929F00709073424F00704F9E802ABA5
:10AA900035B106982044B0423FF637AFC4E900AB69
:10AAA0004FF0000B08344FF0080A534611F8010F1D
:10AAB00000287FD0BBF1000F7FF470AF2528F5D1BF
:10AAC0004FF0010B019B013301934FF0040AECE7B7
:10AAD000584694E700208346A5E7082B02D06FF084
:10AAE000150014E709F1070929F00709F9E802231D
:10AAF000C4E9002308230834D8E768B9042B02D13D
:10AB000009F10409A4E7082BE9D109F1070929F0A3
:10AB1000070909F10809EDE7059A013A059259F884
:10AB2000042B009210E700BF488C03209C280200F1
:10AB3000605B0200039A900720D54FF0010CA4EB54
:10AB4000050E4FEA9E00BEF5007FC8D20F2FC6D873
:10AB5000F5B107F148020DEB020E019AC0B20EF8F2
:10AB6000240C0EF8142CBCF1000F3FF413AF60F06E
:10AB70007F000EF8240C08F101080137C5F1080226
:10AB80004FF6DA7E0434069290E74FF0000CDAE7D5
:10AB9000BCF1000F01D00136EFE702980236002821
:10ABA000EBD10098CDE90631FEF736FBDDE9063141
:10ABB0000644E2E7631BB3F5806F90D21DB9A6F19E
:10ABC0000804E018A3E6029A9B0828602B709DF801
:10ABD0001030C2B1EB7085F80280B8F1000F05D0DB
:10ABE000002209A8C5F1010C97420ED14FF0000ACE
:10ABF000C5F101030DF1240901930DF1340B574503
:10AC000012D1601B83E66B70E5E710F8013B190673
:10AC100008D504EB0C0E764503F07F03FFF475AE08
:10AC200004F8013B0132DFE7B8F1000F03D099F9D6
:10AC30000020002A17DB029BD3B11AF80B2004F87E
:10AC4000012B0022019B981820448642FFF45DAE40
:10AC500099F80000009904F8010B2046039217F0C0
:10AC60007FFB039A14440AF1010A09F10109C6E7BE
:10AC700099F8002055F822300093029B009845F87F
:10AC80002230FEF7C9FA421CDCE76FF00D003EE609
:10AC900013B0BDE8F08F00BF2DE9F3471746224AF5
:10ACA00006460D46126801924FF0000298467BB3AB
:10ACB0004FF0000A98F8004093F80190DB78A40068
:10ACC00004EB430498F802301C444444CA450CD3B6
:10ACD0001549D8F804200868019948404FF0000150
:10ACE00008F108030DD014F0BBF914F8013B0AF188
:10ACF000010A204648F82340FEF78EFA013004444A
:10AD0000E4E739463046AC4602B0BDE8F04760475C
:10AD1000054B1A68019B5A404FF00003E3D16FF0D6
:10AD2000150002B0BDE8F087488C032073B50025FC
:10AD3000184B02461B6801934FF000032846144647
:10AD400014F8013B0BB9184609E0D8B18D420FD178
:10AD5000702B04D0A3F140023A2A13D800200D4BE7
:10AD60001A68019B5A404FF0000311D014F078F993
:10AD7000A3F140063A2E05D853780135941C002BD8
:10AD8000E1D00020252B224608BF80F00100D6E745
:10AD900002B070BD488C03202DE9F04F99B000AF90
:10ADA0007B62D7E922A33B62D7F890307A633B619C
:10ADB000A34B04461B68FB654FF00003CAF3C003B6
:10ADC00090F802B0BB61396349B9457800780BEB64
:10ADD000800020443B6B9D421DD8031B3B63E378FE
:10ADE000FB61BBF1000F02D01AF0010F1DD1FB690E
:10ADF000002B30D17B6B1BB120467A6A396B9847A8
:10AE00003D6B8F4B1A68FB6D5A404FF0000300F00A
:10AE1000B18114F025F9461C3046FEF7FDF93B6B75
:10AE20000130013330443B63D4E723786268FB622E
:10AE30009B007B61FB6ABA6204EB83097B6B002B8E
:10AE400040F00A81C84600263D6B09EB0B02904595
:10AE500051D1D94413E01AF0020FCBD02378994690
:10AE6000FB629B007B61636804EB8909BB627B6BBF
:10AE7000002B7AD13D6BBBF1000F50D15E461AF02A
:10AE8000050F0CBF022301237B63FB6909EB43031E
:10AE90003B630AF00203FB623B6B9945B1D019F8A2
:10AEA00002BB19F8013C54F82380664B984502D345
:10AEB000654B984539D3BB69002B44D05946B86AD5
:10AEC000FFF734FF00283ED0E8468AB06A465F4B61
:10AED0005361BB6AC2E9063B4FF4007313845C4BB9
:10AEE00042F8103F00234FF412515A4802F0FCFF81
:10AEF000023DC546D0E718F8013B7A6354F82300B9
:10AF0000FEF78AF93B6A7A6B013033B13B699E42A6
:10AF10003EBF3B6A23F816000136054497E71AF056
:10AF200004061CBF7E6BD944A9E7BB692BB1594607
:10AF3000B86AFFF7FBFE0028C6D11AF0010F05D151
:10AF40007B6BED1AA8E7FB6A002BA5D04046FEF705
:10AF500063F93B6A3BB13B699E423FBF3A6A431C7F
:10AF600022F816300136054496E7BBF1000F79D080
:10AF70001AF0040679D0D846002607F14C005A464C
:10AF8000494617F0EDF9FB69D9445B00FB60FB69AA
:10AF900009EB43033B610AF00203BB603B694B458D
:10AFA00065D163781AF0020F18BF002106EB030287
:10AFB00008BF4FEA58011AF0010FD2B240F0A98041
:10AFC0001AF0040F14BF40460020BB626270A070EC
:10AFD000E17020467A6A79697B6B9847051EFFF617
:10AFE00010AFFB6A41462370BB6A7A6A6370FB69E3
:10AFF00084F802B0E37007F14C007B6B9847B0F126
:10B000000008C0F2B3803B6B4846A3EB0B017B69A1
:10B010007A6AC91AFB68C91A7B6B98470028C0F284
:10B02000A7804FF0000BA84408EB000507F13C0A8D
:10B03000B34570D300217A6A08467B6B9847E0E6F7
:10B04000488C03209C280200605B0200283A020022
:10B0500004000001042C02005E464FF0000807F1D6
:10B060003C008CE75E46D8468DE7B0468BE719F882
:10B07000021B434B19F8015C54F82500984202D397
:10B08000404B98421FD3BB6933B1B86A7960FFF770
:10B090004DFE7968002881D1BB68FBB908F128030F
:10B0A00007F1380208F1010003EB020C07F160031D
:10B0B00008F1020853FA80F00CF8141C5FFA88F8C3
:10B0C00000F8145C6AE7BB692BB1B86AFFF72EFE83
:10B0D00000287FF463AF1AF0010F09D006F12803AE
:10B0E00007F13802711C9E1806F8245CCEB255E7B1
:10B0F0001AF0040F3FF452AF08F1280307F13802A9
:10B1000008F1010103EB020808F8145C5FFA81F80A
:10B1100044E7002059E71BF80A3054F8239087F8D9
:10B120003B303B6AFBB133F81B8001217A6A7B6BB1
:10B1300007F13B00984700281ADB0544B8F1000FDF
:10B1400006D14846FEF768F800F101081FFA88F8B2
:10B15000414648467A6A7B6B9847002808DB0544DD
:10B160000BF1010B64E7D7F82080DEE7454648E69F
:10B17000054646E628466437BD46BDE8F08F00BF69
:10B180009C280200605B020007B5094B1B68019315
:10B190004FF00003064B1A68019B5A404FF0000322
:10B1A00001D013F05DFF002003B05DF804FB00BF89
:10B1B000488C032037B5104B8A680C681B680193D4
:10B1C0004FF00003551C14B14B68934209DC8D60AD
:10B1D000094B1A68019B5A404FF000030AD013F044
:10B1E0003FFF013B934208BF00228D600CBFE25439
:10B1F000A054EDE703B030BD488C03200FB407B571
:10B2000004A90C4B51F8040B1B6801934FF0000389
:10B21000009102F05BFA074B1A68019B5A404FF00D
:10B22000000301D013F01CFF03B05DF804EB04B081
:10B23000704700BF488C032007B5094B1B6801937A
:10B240004FF00003074B1860054B1A68019B5A40EA
:10B250004FF0000301D013F003FF03B05DF804FBCF
:10B26000488C032040C6002030B5044600250F4816
:10B2700087B0006805904FF00000CDE902410C480E
:10B28000009502A9049501F089F9DDE9033098429F
:10B29000064BB8BF25541A68059B5A404FF000036F
:10B2A00001D013F0DDFE07B030BD00BF488C032095
:10B2B000B5B100000CB437B506AB53F8042B0B4CFA
:10B2C000246801944FF000040093FFF7CDFF074B73
:10B2D0001A68019B5A404FF0000301D013F0C0FEE2
:10B2E00003B0BDE8304002B0704700BF488C032077
:10B2F00007B5044608461146054A126801924FF008
:10B3000000021A46A04713F0B9FD03F005FF00BF85
:10B31000488C032013B50D4B00EBC1011B68019352
:10B320004FF000038368B3F5004F084B2CBF51F872
:10B33000220031F812001A68019B5A404FF00003B6
:10B3400001D013F08DFE02B010BD00BF488C032069
:10B3500037B50D4C00EBC101246801944FF0000497
:10B360008068B0F5004F2CBF41F8223021F8123030
:10B37000054B1A68019B5A404FF0000301D013F0AF
:10B380006FFE03B030BD00BF488C032007B50A4BE9
:10B3900001221B6801934FF00003FFF7BBFF064B30
:10B3A00040081A68019B5A404FF0000301D013F087
:10B3B00057FE03B05DF804FB488C032013B5134B14
:10B3C00000EBC1011B6801934FF000038368B3F5E4
:10B3D000004F10D34B685AB143F001034B600B4B45
:10B3E0001A68019B5A404FF000030DD013F038FE4D
:10B3F00023F00103F2E74B881AB143F001034B80BD
:10B40000EDE723F00103FAE702B010BD488C0320FA
:10B4100013B50A4B1B6801934FF00003074B1C68E0
:10B42000019B5C404FF0000301D013F019FE530064
:10B43000012202B0BDE81040FFF78ABF488C03200C
:10B4400007B50D4B1B6801934FF000038368B3F5FC
:10B45000004F34BF04230823C91A074B081A1A687F
:10B46000019B5A404FF000034FEAD00001D013F087
:10B47000F7FD03B05DF804FB488C032007B50F4BC4
:10B48000B0F5004F1B6801934FF0000334BF042355
:10B490000823481C0833A0EBD300084BB0FA80F017
:10B4A0001A68019B5A404FF00003C0F11F0001D001
:10B4B00013F0D6FD03B05DF804FB00BF488C0320F9
:10B4C0002DE9F341214B174603220E4604461B6823
:10B4D00001934FF00003FFF71DFF8642054607F179
:10B4E000040811D10122E368BA4023EA0203E360B1
:10B4F000002344F82830154B1A68019B5A404FF03E
:10B5000000031FD013F0ACFD314602222046FFF7A6
:10B5100001FF2B4603220146064644F828502046E8
:10B52000FFF716FF094B1A68019B5A404FF00003C2
:10B53000E8D1334602222946204602B0BDE8F04158
:10B54000FFF706BF02B0BDE8F08100BF488C0320C2
:10B5500073B5164B0D46866804461B6801934FF081
:10B560000003FFF713FFB6F5004F014601D3012892
:10B5700013D03046FFF782FF0C4B02461968019B3F
:10B5800059404FF0000301D013F06AFD29462046D0
:10B5900002B0BDE87040FFF793BF044B1A68019BEF
:10B5A0005A404FF00003EFD102B070BD488C032029
:10B5B0002DE9F347234B0546806888461B680193B5
:10B5C0004FF00003FFF75AFF05EB800ADAF81090FE
:10B5D0000646B9F1000F21D00327DAF810402846BB
:10B5E0002146FFF7D3FE40450DD33246214628467B
:10B5F000FFF766FF134B1A68019B5A404FF0000398
:10B600001BD013F02DFD032221462846FFF782FEB2
:10B61000013FCAF8100001D08145DED14FF0FF3460
:10B62000EB68721C94401C40E4D094FAA4F2B2FA85
:10B6300082F2131D55F82340D8E7204602B0BDE83A
:10B64000F08700BF488C03202DE9F341194B1446C5
:10B650000E4605461B6801934FF00003FFF796FE68
:10B66000A71B331B03EB00083A4631462846FFF779
:10B67000CFFE424621462846FFF7CAFE3B4600223F
:10B6800021462846FFF764FE21462846FFF77EFE46
:10B69000084B1A68019B5A404FF0000301D013F089
:10B6A000DFFC211843460022284602B0BDE8F041E5
:10B6B000FFF74EBE488C0320F7B5154B16461B68A6
:10B6C00001934FF0000304460F46FFF75FFE31463B
:10B6D00005462046FFF75AFE05442A4639462046CD
:10B6E000FFF796FE31462046FFF750FE084B1A68DA
:10B6F000019B5A404FF0000301D013F0B1FC311808
:10B700002B460022204603B0BDE8F040FFF720BEE4
:10B71000488C0320F7B5304B0D46866804461B68FD
:10B7200001934FF00003FFF731FEB6F5004F0146DD
:10B7300001D3012847D03046FFF7A0FE04EB80017B
:10B740000E69EEB90122E36882401343E3600222EE
:10B750002B460D6120462946FFF7FAFD1E4B1A685D
:10B76000019B5A404FF0000301D013F079FC2B46A7
:10B7700003222946204603B0BDE8F040FFF7E8BDAC
:10B78000022231462046FFF7C5FD07460346022246
:10B7900029462046FFF7DCFD334603222946204692
:10B7A000FFF7D6FD2B46032239462046FFF7D0FD92
:10B7B000094B1A68019B5A404FF00003D5D12B4624
:10B7C00002223146D6E7044B1A68019B5A404FF0DB
:10B7D0000003CAD103B0F0BD488C0320F7B5284B55
:10B7E0000C461B6801934FF000030546FFF7CEFDA2
:10B7F0002618012231462846FFF78CFDC3070CD4DA
:10B8000031462846FFF7A4FE21462846FFF7BEFD35
:10B81000214622182846FFF74FFF002221462846DE
:10B82000FFF778FD271A012239462846FFF772FDF7
:10B8300010F0010613D139462846FFF789FE21464C
:10B8400032462846FFF766FD2246211A2846FFF7B2
:10B8500033FF214632462846FFF75CFD241A084B89
:10B860001A68019B5A404FF0000301D013F0F8FB17
:10B870002146284603B0BDE8F040FFF74BBF00BFAC
:10B88000488C032037B5144B1B6801934FF000031D
:10B89000C9B105682846FFF7D3FD002201460446DA
:10B8A0002846FFF78BFD0C4B1A68019B5A404FF05E
:10B8B000000301D013F0D4FB2146284603B0BDE8B5
:10B8C0003040FFF78BBF044B1A68019B5A404FF082
:10B8D0000003EFD103B030BD488C032073B5224B79
:10B8E00005681B6801934FF0000349B900201E4B07
:10B8F0001A68019B5A404FF0000333D013F0B0FB9D
:10B90000AB68B3EBD10FF1D9B3F5004F34BF0423CB
:10B910000823CC1D1C44E40821462846FFF748FEB6
:10B9200006460028E2D001462846FFF72FFDA04238
:10B9300009D93444314628462246FFF785FE214680
:10B940002846FFF7E7FE284601223146FFF736FD7D
:10B95000AB68B3F5004F34BF0423082303EBC603E1
:10B96000E818C4E702B070BD488C03202DE9F74306
:10B9700006681446B268434BB2F5004F01F1FF3937
:10B980001B6801934FF0000334BF0423082319EA16
:10B9900001090F4613D0494239408B424F4628BF18
:10B9A0000B468946E4B90025364B1A68019B5A407C
:10B9B0004FF000030CD1284603B0BDE8F083994254
:10B9C000F0D8304B1A68019B5A404FF0000301D069
:10B9D00013F046FB214603B0BDE8F043FFF77EBFFE
:10B9E000B2EBD40FDFD9B2F5004F34BF04220822E6
:10B9F000E11D3944C91A11443046C908FFF7D8FD82
:10BA000080460028CFD0B36809EBC005B3F5004FDE
:10BA100034BF042308231D4435447B1E1D44B5FB5D
:10BA2000F7F57D43A5EB090529463046FFF708FDEC
:10BA30002C44073424F00704A41B804507464FEA32
:10BA4000E40408D2024641463046FFF7FDFD414678
:10BA50003046FFF75FFE39463046FFF797FC384423
:10BA6000844208D2394630462246FFF7EDFD214692
:10BA70003046FFF74FFE012239463046FFF79EFC65
:10BA800092E700BF488C03202DE9F341334BB2F518
:10BA9000802F1B6801934FF000032CBF0823042361
:10BAA0000025D21A8C18CE1D26F0070624F00704B4
:10BAB000A41BE408066021462046B460F560FFF749
:10BAC000DDFC421D9200013002F107074FEAD70763
:10BAD000A2F110022946B8BF2A4606F1100016F05E
:10BAE0004CFC3A4629463046FFF792FC2B462A4644
:10BAF00029463046FFF72CFCA4EB07080122294613
:10BB00003046FFF75BFC424639463046FFF780FC83
:10BB10003B462A4639463046FFF71AFC2A4621465C
:10BB20003046FFF775FC43462A4621463046FFF76C
:10BB30000FFC012221463046FFF740FC074B1A68F4
:10BB4000019B5A404FF0000301D013F089FA3946A7
:10BB5000304602B0BDE8F041FFF7DCBD488C032061
:10BB600007B5094B1B6801934FF00003064B1A6899
:10BB7000019B5A404FF0000301D013F071FA0020EE
:10BB800003B05DF804FB00BF488C032007B50B4BE6
:10BB90001B6801934FF0000304F07EF81623036046
:10BBA000064B1A68019B5A404FF0000301D013F076
:10BBB00057FA4FF0FF3003B05DF804FB488C0320C8
:10BBC00007B50A4B08461B6801934FF00003074B6B
:10BBD00011461A68019B5A404FF0000301D013F040
:10BBE0003FFA03B05DF804EB03F0D6BF488C0320A6
:10BBF00007B5114B0F281B6801934FF000030ED9B6
:10BC000004F04AF8092303604FF0FF300A4B1A682A
:10BC1000019B5A404FF000030BD013F021FA282269
:10BC2000064B02FB0033D3E8AF3F002BE8D00020E7
:10BC3000ECE703B05DF804FB488C03204CC6002001
:10BC40000CB4034637B506AA08460C4C52F8041B40
:10BC5000DB68246801944FF0000400929847074B7A
:10BC60001A68019B5A404FF0000301D013F0F8F915
:10BC700003B0BDE8304002B0704700BF488C0320DD
:10BC800007B5094B1B6801934FF00003064B1A6878
:10BC9000019B5A404FF0000301D013F0E1F903B0CB
:10BCA0005DF804EB11F03CBC488C032037B5154B14
:10BCB00015491B6801934FF00003282343430833C1
:10BCC0000B44D3E8AF2F92B1541ED3E8EF5F9542F7
:10BCD00004D1C3E8EC4FBCF1000FF6D1F1D1012A39
:10BCE00005D12823584300230A180B505360054BF5
:10BCF0001A68019B5A404FF0000301D013F0B0F9CD
:10BD000003B030BD488C032044C6002073B5134BEC
:10BD100004460E4615461B6801934FF00003FFF7DB
:10BD200067FF002815DB282363430D4AD0184068BD
:10BD3000306015B10C3313442B6028235C43105939
:10BD4000064B1A68019B5A404FF0000303D013F0D2
:10BD500087F90020F4E702B070BD00BF488C0320D3
:10BD600044C6002073B5214B1B6801934FF00003BC
:10BD700000254FF0FF334FF0FF321D4811F020FC3B
:10BD80001C4BD3E8AF2FB2B10135102D03F12803BE
:10BD9000F7D103F081FF17234FF0FF3503601448FC
:10BDA000FFF76EFF114B1A68019B5A404FF00003DA
:10BDB00019D013F055F928246C43D3E8EF0F013064
:10BDC000C3E8E10F0029F8D10B4E331932515A6004
:10BDD00004F10C00304411F07DFC04F120003044EB
:10BDE00013F0FAF8DBE7284602B070BD488C032058
:10BDF00010CD00204CC6002044C6002037B50446B4
:10BE000010462822134B54431B6801934FF0000344
:10BE1000114B1A191951506098B1C2688AB10D4A74
:10BE20001568019A55404FF0000201D013F018F93F
:10BE300040F205120C34234403B0BDE83040FFF754
:10BE4000FFBE044B1A68019B5A404FF00003EDD12E
:10BE500003B030BD488C032044C6002007B5094B11
:10BE60001B6801934FF00003064B1A68019B5A4070
:10BE70004FF0000301D013F0F3F803B05DF804EBCA
:10BE8000FFF714BF488C03202DE9F341194B0446FA
:10BE90000F4690461B6801934FF00003FFF7A8FE82
:10BEA000002820DB28235C43134E04F10C053544A5
:10BEB0004FF0FF324FF0FF33284611F081FB33196A
:10BEC0005B683059424639465B68984704462846C5
:10BED000FFF7D6FE074B1A68019B5A404FF000034C
:10BEE00004D013F0BDF84FF0FF34F3E7204602B062
:10BEF000BDE8F081488C032044C6002007B5164BEE
:10BF00001B6801934FF00003038B13F007030DD15F
:10BF10000368002B0CBF002003200F4B1A68019B05
:10BF20005A404FF0000313D013F09AF8022B05D1BA
:10BF3000408BB0FA80F040098000EEE7012B05D17C
:10BF40000368002B0CBF00200520E6E70020E4E793
:10BF500003B05DF804FB00BF488C032013B50F4B02
:10BF60000C461B6801934FF0000300B151B96FF00C
:10BF700015000A4B1A68019B5A404FF000030AD083
:10BF800013F06EF8081D00F00DFA0028F1D1A36837
:10BF9000032BEED9EBE702B010BD00BF488C0320A5
:10BFA0002DE9F3410D461E46134B07463146281D29
:10BFB0001B6801934FF00003904600F01BFA0E4BF4
:10BFC000044680B11A68019B5A404FF0000301D02B
:10BFD00013F046F83346424629463846A44602B096
:10BFE000BDE8F04160471A68019B5A404FF00003DA
:10BFF000EED102B0BDE8F081488C03202DE9F34773
:10C00000068B8F4B044630071B6801934FF00003EB
:10C01000914613D4022906F0070640F0D880204646
:10C02000FFF76CFF88B10138218B04281BD8DFE8AB
:10C0300010F0CE001A007A009000A00001290CBF79
:10C0400046F0100646F02006268389F31188BFF3D8
:10C050006F8F7B4B1A68019B5A404FF0000300F032
:10C06000EC8012F0FDFF01F0070AB24500F0A78056
:10C070004FF0000845464746A368002B00F0BD80FE
:10C0800041F00801218389F31188BFF36F8FA16804
:10C09000002900F0BC800E68002900F0B8803B4603
:10C0A00052462046D1F80490C847002E77D0336816
:10C0B00031461E46F0E705F007035A1F012A1CD837
:10C0C000002225F00705062BD4F80080ADB2C4E9A4
:10C0D000002209D1434603E0628B013262831B6870
:10C0E000002BF9D145F0020520462583FFF706FF16
:10C0F00000287BD045F0200577E0042B0AD125F0FD
:10C100000705ADB220462583FFF7F8FE10B145F0D4
:10C1100020052583218B01F0070AB2454FD04FF04F
:10C1200000084546A8E7236921F0070141F0060110
:10C13000062E1D6821832CD1002D40D041F008012E
:10C14000218389F31188BFF36F8F20463D49A847AB
:10C1500029E021F00701236941F0040189B2042E8E
:10C160005D682183E8D04FF000084FF0040A47468D
:10C1700082E721F00701236941F0050189B2052E0C
:10C180009D682183D8D04FF000084FF0050A47463C
:10C1900072E74FF000084FF0060A47466CE7334657
:10C1A00086E7002DD1D14FF02003EFF3118983F3FF
:10C1B0001288BFF36F8F238B23F008032383268B12
:10C1C000F20631D526F01003238306F007066769CF
:10C1D000258B002FBFF66FAF0023D4F80080C4E991
:10C1E000003325F0070545F001052583218B002547
:10C1F00001F0070AB2457FF43FAFB8F1000F9BD0C2
:10C2000041F00801218389F31188BFF36F8FB8F1E2
:10C21000000FC6D0D8F8006041463B465246204643
:10C22000FFF7BEFEB046F2E7B3067FF50EAF26F08D
:10C230002003238306F00706F1E602B0BDE8F0878D
:10C24000488C032049C2000013B50E4A12680192BF
:10C250004FF000024FF02004EFF3118284F31288B4
:10C26000BFF36F8F074B41611968019B59404FF035
:10C27000000301D012F0F4FE012102B0BDE810402D
:10C28000FFF7BCBE488C032037B5104B0C461B682B
:10C2900001934FF00003054698B191B10B6883B14B
:10C2A0004B6873B11C22002116F067F800202C6146
:10C2B000064B1A68019B5A404FF0000304D012F05D
:10C2C000CFFE6FF01500F3E703B030BD488C0320BC
:10C2D00073B5334B05460E461B6801934FF00003C0
:10C2E000FFF73CFE041E15DB4FF02003EFF3118235
:10C2F00083F31288BFF36F8F4FF6FF716B8B2C8B1C
:10C300008B4204F007040ED182F31188BFF36F8FC4
:10C310006FF00A04224B1A68019B5A404FF0000349
:10C320003AD012F09DFE022C0CD101336B8382F3C4
:10C330001188BFF36F8F0023224631462846FFF74E
:10C340002FFEE7E7062C14D8DFE804F004131313DC
:10C35000041A0400002333606B683BB9C5E900662A
:10C36000ACB902212846FFF749FED3E71E606E6094
:10C37000F6E782F31188BFF36F8F6FF00404C9E70B
:10C3800082F31188BFF36F8F6FF08504C2E782F3E9
:10C390001188BFF36F8FBDE7204602B070BD00BFAC
:10C3A000488C032007B5124B1B6801934FF0000324
:10C3B000034640B1426802F00302022A06D0032A73
:10C3C00004D0012A05D06FF0150004E01A68002A95
:10C3D000F9D000209860064B1A68019B5A404FF034
:10C3E000000301D012F03CFE03B05DF804FB00BF77
:10C3F000488C032013B5134A0346126801924FF08C
:10C4000000024268002402F00302022A81600FD079
:10C41000032A02D05C60002001E018685C60094BD0
:10C420001A68019B5A404FF0000308D012F018FE22
:10C4300018685C600028EED013F004FCEBE702B053
:10C4400010BD00BF488C0320F7B5104B02460168B1
:10C450001B6801934FF0000300200A270C4E0B4687
:10C460001C780131355D6D0709D41360074B1A68DC
:10C47000019B5A404FF0000306D012F0F1FD07FB7C
:10C480000043A3F13000EAE703B0F0BD488C03207D
:10C49000F35902002DE9F74F9A462A4B15461B68BF
:10C4A00001934FF00003D378274A6F2B12F803B0A3
:10C4B000814688460C9E0BF0030B2DD028D8582BB4
:10C4C0000CBF10270A273A46002348464146FCF78E
:10C4D00093FC092AD4B224D83034B945E4B278F1B7
:10C4E000000806F8014D01D3564517D82B789B0656
:10C4F00005D5082F1BD1AB7843F00803AB70114B67
:10C500001A68019B5A404FF0000316D012F0A8FDA4
:10C5100003F0F703702BD3E70827D4E7814688465A
:10C52000D1E7BBF1010F0CBF37345734D5E7102FDB
:10C53000E5D1AB7843F01003E0E7304603B0BDE847
:10C54000F08F00BF488C0320F35902002DE9F3411E
:10C550001E46114B0746884615461B6801934FF04F
:10C5600000031446B44205D30EB1601B08E02378E3
:10C57000002BFAD0414614F8010BB8470028F1DA35
:10C58000054B1A68019B5A404FF0000301D012F08E
:10C5900067FD02B0BDE8F081488C03202DE9F04F23
:10C5A000164699B0B94A03908A46126817924FF01E
:10C5B00000021C460025307808B928464DE3731C5C
:10C5C0002528049307D05146039B98470028C0F2C2
:10C5D00044830135F2E1182200210AA815F0CDFEAE
:10C5E0007378252B00F0A380002398469E469C4636
:10C5F0001846711C0F4611F8012B2B2A00F0C6803B
:10C6000000F2BD80202A00F0C480232A00F0C480FC
:10C610002BB19DF8303043F040038DF83030B8F145
:10C62000000F05D09DF8303043F020038DF83030F6
:10C63000BEF1000F05D09DF8303043F010038DF8A7
:10C640003030BCF1000F05D09DF8303043F00803C6
:10C650008DF8303028B19DF8303043F004038DF868
:10C6600030309DF8303003F04401442903D16FF39A
:10C6700086138DF830309DF830302A2A43F080033D
:10C6800009978DF8303040F08C809DF8313043F0C0
:10C6900001038DF831307B1C1A782E2A0CBF012142
:10C6A00000219DF8312061F341028DF831200CD139
:10C6B0005A1C09925A782A2A40F083809DF831202A
:10C6C000023342F004028DF831201A786C2A00F00F
:10C6D000A48000F28680682A00F08C806A2A00F02C
:10C6E000A5804C2A00F0AA801A4612F8013B782B4C
:10C6F00004928DF833309DF8312000F219816D2BB2
:10C7000000F2A980692B00F21381572B00F2C08040
:10C71000412B03D0453B022B00F20A8104229DF8F5
:10C72000323062F302038DF832300123CCE0B21CC8
:10C7300004928DF833309DF83130D90740F1FF80F5
:10C7400054F8048BB8F1000F07DA9DF83020C8F1D7
:10C75000000842F004028DF830205A0740F1F880BA
:10C7600054F804BBBBF1000F80F2F7809DF8313024
:10C770006FF341038DF831304FF0FF3BEDE02D2A90
:10C780000DD0302A7FF444AF012333E74FF0010C82
:10C7900030E74FF0010E2DE74FF001082AE70120A6
:10C7A00028E709A8FFF750FE099BBB423FF474AF8E
:10C7B0009DF830200D90C00F60F341028DF83020BD
:10C7C0006AE709A8FFF740FE9DF830300E90C3F3EA
:10C7D000400242EAD07262F341038DF83030099B87
:10C7E00073E7742A26D07A2A7FF47EAF06219DF85B
:10C7F00031200CE05A78682A9DF8312006D10121B9
:10C8000061F3C6028DF8312002336DE7022161F336
:10C81000C6028DF83120013366E75A786C2A9DF8FC
:10C82000312001D10421EBE70321F0E705219DF838
:10C830003120ECE707219DF83120E8E7BDF83020F2
:10C8400022F4F04222F0020242F4804242F002025C
:10C85000ADF83020DFE76E3BD9B201238B4040F2C8
:10C8600082410B423AD113F0240F54D1DF075FD538
:10C8700003219DF8323061F302038DF8323002F06B
:10C880007803A3F14000434243411DE0488C03205C
:10C890000120A3F15801C9B200FA01F111F4624F6D
:10C8A0007FF43CAF40F6010739421DD111F4043F3B
:10C8B0003ED09DF8323060F3020302F07802402A45
:10C8C0008DF8323034D000239DF83020C2F340017F
:10C8D0000B4363F341028DF830202CE702219DF8D1
:10C8E000323061F30203E8E702209DF8321002F0D3
:10C8F000780260F30201402A8DF8321002BF9DF8E1
:10C90000301041F001018DF83010632BDBD1131E84
:10C9100018BF0123D8E703219DF8323012F0780FB9
:10C9200061F302038DF8323014BF01230023CBE7FB
:10C930009DF8303043F001038DF83030C3E79DF9A6
:10C940003020002AACBF4FF0FF38DDF8348004E718
:10C950009F077FF511AFDDF838B00023CDE90D3327
:10C960009DF832309DF8311003F00703012BC1F31D
:10C97000C30133D1CB1E042B04D8DFE803F02146DA
:10C9800046212100236801294FEAE372CDE90A32EA
:10C990001CD19DF92830DA17CDE90A3204349DF80C
:10C9A000303013F0030750D032465146049B0398B1
:10C9B000FFF7CCFD0028C0F250810544049EFAE543
:10C9C00054F8043BDA17CDE90A32E8E70229E5D149
:10C9D0001AB243F3C033CDE90A23DFE7022B24D197
:10C9E000CB1E042B04D8DFE803F018101018180031
:10C9F00001294FF0000254F8043B14D00229CDE97C
:10CA00000A32CCD19BB20A93C9E7073424F0070459
:10CA1000F4E80223CDE90A23C1E754F8043B0A9362
:10CA200000230B93BBE7DBB2CDE7042B08D107341F
:10CA300024F00704D4E900230834CDE90A23AEE743
:10CA4000032BACD154F8043BDDE79DF83300782884
:10CA5000B4D862281DD825283FF4B5AD5828ADD1EB
:10CA6000DDE90A010DF15A0300930CAA11ABFFF79F
:10CA700011FDBBF1000F814680F29980B9F1000FE2
:10CA80009CD00DF15A06A6EB0903002F51D00133BB
:10CA90004FE06338152891D801A252F820F000BF6A
:10CAA00021CB000085CB0000BDC90000BDC900003E
:10CAB000BDC90000BDC9000085CB0000BDC9000094
:10CAC000BDC90000BDC90000BDC900000FCC0000F9
:10CAD000A9CB0000D1CB0000BDC90000BDC900003A
:10CAE000F9CA0000BDC90000A9CB0000BDC9000003
:10CAF000BDC90000A9CB0000BBF1000FDDF82890F4
:10CB00000ADB5946484615F00AFDB9F1000F3FF41B
:10CB100055AF09EB000676E04846FCF77DFBF8E7E9
:10CB20000A9B00278DF8443001230DF145060DF1D5
:10CB300044099DF8321011F01002069200F0818035
:10CB400002330D9A134405924A0644BF0E995B18AE
:10CB5000B8F1000F40F39480A8EB03089DF8303043
:10CB60005807C3F3800B00F18B8059067ED53FB187
:10CB700051463846039B984700286EDB5F460135D7
:10CB8000302374E01E075ABFC3F300135F012B2745
:10CB9000DDE90A23002BBFF663AF524263EB430388
:10CBA0002D27CDE90A235BE7002759E700279DF8E9
:10CBB00030100DF15A03A3EB09036FF386119B4567
:10CBC0008DF830107FF65AAFABEB03030D9355E7AA
:10CBD0000A9880B30DF15A0611AB002100960CAAF9
:10CBE000FFF758FCBDF83230BBF1000F03F0EF0344
:10CBF00043F4F04343F010038146ADF83230D5DA08
:10CC000000283FF4DBAE0027A6EB090391E70A9B5F
:10CC100007293FF6D3AEDFE801F00C04060C080844
:10CC20000C0C1D70CAE61D80C8E6EA17C3E9005265
:10CC3000C4E61D60C2E6354E07460523A6F1050988
:10CC400077E7080748BF01337BE71846079351464B
:10CC5000039B98470028079B0ADA2D4B1A68179BFD
:10CC60005A404FF000034ED012F0FAF92023C34689
:10CC7000594600290BF1FF3BE7DC4544D8466D1AC5
:10CC800037B151463846039B98470028E5DB01350C
:10CC90009DF83230DA0601D41B0706D55146302004
:10CCA000039B98470028D8DB0135069B3BB15146D2
:10CCB0009DF83300039B98470028CEDB0135059F84
:10CCC0002F4406E051463020039B98470028C4DBE0
:10CCD00001357B1B002BF5DC33464A465146039851
:10CCE000FFF734FC0028B8DB0544A844A8EB050393
:10CCF000002B7FF763AE51462020039B9847002806
:10CD0000ABDB0135F2E719B0BDE8F08FE13A020084
:10CD1000488C032013B5104B02461B6801934FF05B
:10CD20000003036913F0080011D11368D4689C4212
:10CD30009BBF0120126AE31AD31A0B60064B1A68D4
:10CD4000019B5A404FF0000304D012F089F90023F0
:10CD50001846F2E702B010BD488C032013B50F4B04
:10CD6000694604461B6801934FF00003FFF7D2FFAA
:10CD700020B1009BE268013B13440093009B206AB2
:10CD8000C01A064B01381A68019B5A404FF0000345
:10CD900001D012F065F902B010BD00BF488C03202D
:10CDA00013B50446501822690C4BD2071B68019337
:10CDB0004FF00003236A0AD5013B1840074B1A685D
:10CDC000019B5A404FF0000305D012F049F99842F8
:10CDD00028BFC01AF2E702B010BD00BF488C032084
:10CDE00013B504460C4B0A46C1681B6801934FF00B
:10CDF0000003FFF7D5FF2369E06023F008032361F8
:10CE0000054B1A68019B5A404FF0000301D012F005
:10CE100027F902B010BD00BF488C032037B50D467E
:10CE2000154BC2691B6801934FF000038B0001682A
:10CE300043F00203044642F8213001682A46FFF716
:10CE4000AFFFE3682A46984208BF2369616804BFC0
:10CE500043F00803236120602046FFF7A1FF064B43
:10CE600060601A68019B5A404FF0000301D012F035
:10CE7000F7F803B030BD00BF488C03202DE9F04F18
:10CE80009B46C768404BC66985B01B6803934FF04B
:10CE9000000316F82730044603F00303022B8846EC
:10CEA00091464FF0000306EB870A0FD01360CBF8D2
:10CEB00000302369990716D40020334B1A68039B6E
:10CEC0005A404FF000035CD012F0CAF856F8271011
:10CED00013608908CBF80030EBD0FFF781FFE368DF
:10CEE000A3600120E9E7A3695046984716F8273068
:10CEF0000546DA07E0D513F002031DD0B8F1000FA4
:10CF000003D041462046FFF789FF61682A46204644
:10CF1000FFF746FFD4E902319942606004D12A4606
:10CF20002046FFF73DFFA060A3682360E36023690C
:10CF300043F008032361D4E7014620460193FFF73D
:10CF40004FFFE268A260B8F1000F04D02168E269E7
:10CF5000019B42F8213005EB0802CBF80020216844
:10CF60002046FFF71DFF2369206043F0080323617B
:10CF700016F827306FF3000306F82730C9F800A031
:10CF8000AFE705B0BDE8F08F488C0320F7B5154B2F
:10CF900004461B6801934FF000030E461546FFF749
:10CFA000FFFE236883420DD12369266023F0080326
:10CFB00023610C4B1A68019B5A404FF000030ED0BE
:10CFC00012F04EF8E269AB0043F0020342F826305B
:10CFD00061682A462046FFF7E3FE6060E9E703B098
:10CFE000F0BD00BF488C032037B50D4B04461B68CD
:10CFF00001934FF0000303695B0706D5456AFFF70D
:10D00000ADFE85422CBF65626062054B1A68019BCC
:10D010005A404FF0000301D012F022F803B030BDA7
:10D02000488C032037B50D460446164B1C220021C0
:10D030001B6801934FF0000315F09FF90022EB6885
:10D04000A361AB6863612B68E3616B686262236212
:10D050002A6923B1591E194208BF42F00102226118
:10D06000084B1A68019B5A404FF0000301D011F0A1
:10D07000F7FF0122002104F1280003B0BDE8304091
:10D0800010F038BC488C03202DE9F04F002587B004
:10D090000093434B04461B6805934FF00003036A5B
:10D0A0000E468B429246A946029504953AD34FF01C
:10D0B0002003EFF3118B83F31288BFF36F8F049A71
:10D0C000D8462AB129462046FFF760FF0023049383
:10D0D00003A92046FFF71EFE03990746B1422FD34E
:10D0E0002268E369204613F8221003EB820921F03D
:10D0F000030103F8221021683246FFF751FEE3686E
:10D100002060984217D0002788F31188BFF36F8FF3
:10D11000029929B162690AB120469047002302931F
:10D12000002FC4D11E4B1A68059B5A404FF00003D4
:10D1300032D011F095FF236943F008032361E2E741
:10D1400018B12046FFF76AFEDEE7009B5AEA0303A8
:10D150001AD0019110F030F80199A8B98BF3118819
:10D16000BFF36F8F5246009B04F1280010F01CFCA7
:10D170004FF02003EFF3118883F31288BFF36F8F12
:10D18000B0FA80F77F09BFE7204604AB02AA256802
:10D19000FFF774FE0746B7E7484607B0BDE8F08FD3
:10D1A000488C032073B5174B04461B6801934FF05E
:10D1B0000003836908460D46984702464FF0200356
:10D1C000EFF3118683F31288BFF36F8F2B7820461D
:10D1D00043F001032B706168FFF7E2FD60602046B9
:10D1E000FFF702FF86F31188BFF36F8F054B1A68B4
:10D1F000019B5A404FF0000301D011F031FF02B003
:10D2000070BD00BF488C0320F7B5304B04461B6847
:10D2100001934FF000034FF02003EFF3118683F3E7
:10D220001288BFF36F8F236913F0080FA36802D130
:10D230006268934200D9226AD21AE1692AB986F358
:10D240001188BFF36F8F002733E011F8232001EB23
:10D25000830712F00300F2D0022803D151F82350C3
:10D26000AD0805D1D00712D43846A36998470546C2
:10D27000A1682A462046FFF793FD2946A060204674
:10D28000FFF7AEFD86F31188BFF36F8FC3E742F05F
:10D29000020201F82320A3693846A5689847294669
:10D2A00002462046FFF77CFDA06086F31188BFF39D
:10D2B0006F8F064B1A68019B5A404FF0000301D054
:10D2C00011F0CEFE384603B0F0BD00BF488C0320FD
:10D2D000F7B5254B04461B6801934FF000038369A3
:10D2E00008460D46984706464FF02003EFF3118796
:10D2F00083F31288BFF36F8F2B786FF300032B70CB
:10D3000023699B0705D5E268E36903EB82039D422D
:10D310001DD12B786FF341032B70D4E90231994270
:10D3200004D132462046FFF73BFDA060314620463F
:10D33000FFF756FD87F31188BFF36F8F0A4B1A680A
:10D34000019B5A404FF0000306D011F089FE2B6874
:10D3500060F39F032B60EDE704F1280003B0BDE804
:10D36000F04010F0E9BA00BF488C032007B502690D
:10D370000D4B12071B6801934FF00003836802D422
:10D3800042689A4200D2026AD31A181E064B18BF8E
:10D3900001201A68019B5A404FF0000301D011F0A0
:10D3A0005FFE03B05DF804FB488C032007B5034B18
:10D3B0001B6801934FF0000302E000BF488C03207C
:10D3C000054B1A68019B5A404FF0000301D011F041
:10D3D00047FE03B05DF804FB488C032007B5104BF3
:10D3E0001B6801934FF0000303785B075FBF03687E
:10D3F0004288C3F34A2303EB121058BF1730084B7F
:10D4000056BF20F00700002080081A68019B5A4090
:10D410004FF0000301D011F023FE03B05DF804FBD0
:10D42000488C032007B5094B1B6801934FF000039C
:10D43000064B1A68019B5A404FF0000301D011F0CF
:10D440000FFE002003B05DF804FB00BF488C0320F2
:10D4500007B5094B1B6801934FF00003064B1A6890
:10D46000019B5A404FF0000301D011F0F9FD03B0C9
:10D470005DF804EB06F0FCBD488C03202DE9F34772
:10D480001D4B04461B6801934FF0000307464FF005
:10D490000109DFF8688044B9174B1A68019B5A40AC
:10D4A0004FF0000324D011F0DBFD94FAA4F5B5FA97
:10D4B00085F509FA05F32E0108EB05156FEA030A55
:10D4C00024EA03042B7B002BE5D058F806301B69B7
:10D4D0004BB94644736804222846196807EA0A07CC
:10D4E00000F03AFCD7E7284698470028D3D1F0E768
:10D4F000384602B0BDE8F087488C03209C2C02001F
:10D5000007B50C4A0346126801924FF00002D3E8B7
:10D51000EF0F421CC3E8E12F0029F8D1054B1A6830
:10D52000019B5A404FF0000301D011F099FD03B068
:10D530005DF804FB488C032010B5164B8AB000221E
:10D54000154916481B6809934FF0000312F090F834
:10D55000002200230024CDE906230E234FF440725D
:10D56000CDE90334CDE901440D4B0E4900940E483A
:10D570000FF006FF0D490C480FF038FE054B1A68F6
:10D58000099B5A404FF0000301D011F069FD20467D
:10D590000AB010BD488C0320B1D5000040D3002054
:10D5A0004DDB000008BF022090CE0020E23A0200CE
:10D5B00007B50A4B1B6801934FF00003074B1A682D
:10D5C000019B5A404FF0000301D011F049FD04487F
:10D5D00003B05DF804EB10F0AFB900BF488C032036
:10D5E000A0CD00202DE9F347274B804627480F4662
:10D5F0001B6801934FF00003FFF782FF06460028E7
:10D6000036D00025204B1A68019B5A404FF000038A
:10D6100035D011F025FD237B73B12368DB680BB196
:10D620002046984723681B69D3B9636804222046C3
:10D63000196800F091FB013610344C45EBD3B8F17A
:10D64000000FDFD0002DDCD02846FFF717FF05467E
:10D65000002FF7D000214FF4A47011F0E3FBF1E7A5
:10D66000204698470028E0D00AFA06F31D43E2E777
:10D6700005464FF0010A064CDFF81890DDE7284612
:10D6800002B0BDE8F08700BF488C0320FCE000201A
:10D690009C2C0200AC2C020007B50A4B1B680193BE
:10D6A0004FF00003084B53F82000064B1A68019B0B
:10D6B0005A404FF0000301D011F0D2FC03B05DF8E6
:10D6C00004FB00BF488C0320502D02007FB50D4B9A
:10D6D0001B6805934FF000030023CDE902011A46B1
:10D6E00019461846CDE9003300F0E0FC054B1A68F6
:10D6F000059B5A404FF0000301D011F0B1FC07B078
:10D700005DF804FB488C0320034607B50D4A084624
:10D71000126801924FF000026BB10B4A136000F0E7
:10D72000F1FF0020074B1A68019B5A404FF000039D
:10D7300004D011F095FC6FF01500F3E703B05DF82D
:10D7400004FB00BF488C0320C4C8002013B50C4B59
:10D750000C4C1B6801934FF00003237813B90A485F
:10D7600010F0EAF801232370054B1A68019B5A4018
:10D770004FF0000301D011F073FC02B010BD00BFE8
:10D78000488C0320BDB90220A0CD002013B504466B
:10D790000D4B0E481B6801934FF00003FFF7B0FEDE
:10D7A0003CB10B4BD3E8EF1F0139C3E8E21F002A5D
:10D7B000F8D1054B1A68019B5A404FF0000301D085
:10D7C00011F04EFC02B010BD488C0320F4E00020A4
:10D7D000F8E0002007B50A4B1B6801934FF00003E7
:10D7E000074B1A68019B5A404FF0000301D011F01B
:10D7F00037FC012003B05DF804EBFFF7C7BF00BFA3
:10D80000488C032007B500220B4B1B6801934FF097
:10D8100000030A4BD3E8EF0FC3E8E12F0029F9D149
:10D82000054B1A68019B5A404FF0000301D011F0DC
:10D8300017FC03B05DF804FB488C0320F4E00020E3
:10D8400073B5114B114C1B6801934FF00003FFF7A8
:10D85000D9FF05460E4EB44208D30B4B1A68019B04
:10D860005A404FF000030CD011F0FAFB63685B796B
:10D870002BB123685B6813B12946204698471034C2
:10D88000E9E702B070BD00BF488C03209C2C020069
:10D89000AC2C020013B50B4C0B4B20460B491B68FC
:10D8A00001934FF00003FFF7BDFB094B1C60064BD3
:10D8B0001A68019B5A404FF0000301D011F0D0FBD1
:10D8C00002B010BD7CCC0020488C03203C2D02000F
:10D8D000ECE0002007B50F4B0F4A1B6801934FF097
:10D8E0000003002313700D4A4FF4004113600C4AEB
:10D8F0000C481360FFF708FF064B1A68019B5A405B
:10D900004FF0000301D011F0ABFB03B05DF804EB66
:10D91000FFF7C0BF488C0320BEB90220F4E000200E
:10D92000F8E0002051D4000007B50B4B01461B68FE
:10D9300001934FF00003084B1A68019B5A404FF0C7
:10D94000000301D011F08CFB00220023034803B038
:10D950005DF804EBFFF798BB488C03207CCC0020DB
:10D9600007B50A4B1B6801934FF00003074B1A6879
:10D97000019B5A404FF0000301D011F071FB0448A5
:10D9800003B05DF804EBFFF73FBC00BF488C0320F9
:10D990007CCC002007B50B4B01461B6801934FF070
:10D9A0000003084B1A68019B5A404FF0000301D056
:10D9B00011F056FB044B186803B05DF804EBFFF759
:10D9C00087BC00BF488C0320ECE0002007B50A4B61
:10D9D0001B6801934FF00003074B1A68019B5A40E4
:10D9E0004FF0000301D011F03BFB044803B05DF899
:10D9F00004EBFFF7BBBC00BF488C03207CCC0020AD
:10DA000073B5324B1B6801934FF00003304B18780D
:10DA1000002851D0FFF7A4FF054670B12D4BD3E885
:10DA2000EF1F0139C3E8E21F002AF8D12A4C2B4E20
:10DA3000B44232D32846FFF7ADFF294B294C1B686F
:10DA4000002B19DD11F00AFD4FF47A72A0FB0203DE
:10DA500002FB0131C30B43EA4143D4E900209B1A86
:10DA600040F2E9324FEAD13161EB0001934271F1AA
:10DA7000000101D3FFF7E4FED4E9003213F57A7315
:10DA800042F10002C4E90032104B1A68019B5A406F
:10DA90004FF000030BD011F0E3FA63685B7923B118
:10DAA0002368294620461B6898471034C0E702B017
:10DAB000BDE87040FFF78ABF044B1A68019B5A40CB
:10DAC0004FF00003E7D102B070BD00BF488C0320C7
:10DAD000BDB90220F8E000209C2C0200AC2C020012
:10DAE000F4E0002038D3002073B5144D144B29788E
:10DAF0001B6801934FF0000361B90120FFF772FD2D
:10DB0000104C114EB4420ED3FFF77AFF0028FBD120
:10DB100001232B700A4B1A68019B5A404FF00003F7
:10DB20000AD011F09DFA63685B791BB12368204627
:10DB30009B6898471034E5E702B070BDBEB902207B
:10DB4000488C03209C2C0200AC2C02002DE9F347EA
:10DB50000021234B08461B6801934FF00003FFF799
:10DB600041FD044648B340F267684FF0000911F0E8
:10DB700085F91C4B186030B11B4B1B68092B02DD6B
:10DB80001A480FF0D9FE0025194FDFF860A044B104
:10DB90002046FFF773FC044618B94FF0FF384FF0EA
:10DBA000FF39FFF72DFF064628B9B5B942464B4667
:10DBB00050460FF0F9FE3546E9E74FF0FF384FF0D9
:10DBC000FF39D4E72B689B691BB100222846114618
:10DBD00098471035BD42F5D3E8E7064DFAE700BF98
:10DBE000488C0320F0E00020F8E00020A0CD0020C9
:10DBF000AC2C02009C2C02001FB5234B23481B6851
:10DC000003934FF00003FFF77BFC214B1B78B3B16C
:10DC10004FF02003EFF3118483F31288BFF36F8F6B
:10DC2000FFF7EEFE84F31188BFF36F8F164B1A686F
:10DC3000039B5A404FF000031DD104B010BD154B9B
:10DC40001B68002BF2D050B9002200231248CDE906
:10DC500000234FF40042002311F028FDE6E70928D5
:10DC6000E4D10D4811F06EFD074B1A68039B5A4032
:10DC70004FF0000301D011F0F3F9084804B0BDE8FB
:10DC800010400FF059BE00BF488C0320F8E0002080
:10DC9000BEB90220F0E0002040D30020A0CD00203B
:10DCA00013B50E4B04461B6801934FF000030C4B59
:10DCB0001B6898472146A0600A48FFF773FA074B94
:10DCC0001A68019B5A404FF0000301D011F0C8F9C7
:10DCD00002B0BDE81040FFF78FBF00BF488C0320A3
:10DCE000C4C800207CCC002007B5094B1B680193F9
:10DCF0004FF00003064B1A68019B5A404FF0000397
:10DD000001D011F0ADF9002003B05DF804FB00BFB5
:10DD1000488C032007B50D4B0D4A1B6801934FF04B
:10DD200000030C4B9B1AB1EBD30F084B2CBF002008
:10DD300052F831001A68019B5A404FF0000301D09D
:10DD400011F08EF903B05DF804FB00BF488C03208E
:10DD5000EC2B02009C2C020013B5104B44681B688E
:10DD600001934FF000030E4BC31A1B1101332371B3
:10DD700043689A7101224368196043685A71074BDE
:10DD80001A68019B5A404FF0000301D011F068F966
:10DD900002B0BDE81040FFF7D9BC00BF488C03209B
:10DDA0009C2C020073B5124B0C461B6801934FF07C
:10DDB0000003D2E901369B1B8B42154612D3136830
:10DDC0000A460146981914F0CBFA2046AB68234462
:10DDD000AB60074B1A68019B5A404FF0000304D018
:10DDE00011F03EF96FF01B00F3E702B070BD00BF09
:10DDF000488C032073B50E461946164B15461B6812
:10DE000001934FF000030446120D68B9114B1A68D4
:10DE1000019B5A404FF0000301D011F021F902B0EC
:10DE2000BDE87040FFF7B2BC29B11030C5F34A23FA
:10DE3000184414F095FAC4E90056064B1A68019B81
:10DE40005A404FF00003E8D1204602B0BDE87040D0
:10DE5000FFF726BF488C03202DE9F3415F1C4FEAF2
:10DE60008708064608F11700154620F007001D4AEE
:10DE700080080C46126801924FF00002FFF754FD33
:10DE800000238DF80070ADF801308DF8033068B1D3
:10DE90000346009AA8F1040143F8102F2A462944AA
:10DEA00052F8045B8A4243F8045FF9D10D4BA2019A
:10DEB0001968019B59404FF0000302F4E07242EAF6
:10DEC000482222F07F4222F4700222F03F0201D069
:10DED00011F0C6F80023314602B0BDE8F041FFF76B
:10DEE00089BF00BF488C03202DE9F04F8FB004AFED
:10DEF0007B60424BB860C1F34A280D4691461B68CF
:10DF00007B624FF000030C0DB8F1000F68D00026C3
:10DF10004FF0040B4FF00A0A07F11C03C7F80C80FE
:10DF2000C7E90466BE610193CDF808B0CDF800A042
:10DF300007F1100332464846F968FCF72DFFB0F5AB
:10DF4000006F034621D36C468AB0D9F8041004ABA5
:10DF50002B481A46C3E9050140F2FF71D9614FF41D
:10DF600000711984274B42F8103F4FF41251334689
:10DF70002548FFF7B9FFA546204B1A687B6A5A402F
:10DF80004FF0000335D011F06BF8C0F30A0804F12C
:10DF90001700184420F0070080083B60FFF7C4FC1E
:10DFA00068F35325044690B13B6800F11001C7E9BE
:10DFB000053607F11C033961CDE900A3CDF808B09F
:10DFC0004846124AF96807F11003FCF7E5FE68F3CA
:10DFD00053252A4620467B68B968FFF70BFFCBE73D
:10DFE00004F1170020F007008008FFF79DFC0446AD
:10DFF000EDE72C37BD46BDE8F08F00BF488C03200D
:10E00000F73A020004000001242C0200A5DD000004
:10E0100013B50A4B1B6801934FF0000301230092D4
:10E020006A46FFF719FF054B1A68019B5A404FF0EB
:10E03000000301D011F014F802B010BD488C032089
:10E0400030B50B4C85B0246803944FF00004CDE943
:10E050000123022301AAFFF7FFFE054B1A68039B69
:10E060005A404FF0000301D010F0FAFF05B030BD68
:10E07000488C032030B50C4C85B0246803944FF0D5
:10E080000004CDE90023089B6A4602930323FFF7AF
:10E09000E3FE054B1A68039B5A404FF0000301D082
:10E0A00010F0DEFF05B030BD488C03202DE9F04FA5
:10E0B0009846274B87B00446DDE9105ADDE912691E
:10E0C0000F4693461B6805934FF00003A6B310213B
:10E0D000334652460020CDF80090CDF81090FCF762
:10E0E000F5FB014605F1170008441A4B04F007043C
:10E0F0000BF0070BE40020F0070003EA412344EA99
:10E100008B1480081C430391FFF70EFC44EA05546E
:10E11000054640B13EB1334652460399CDF80090D2
:10E120001030FCF7D3FB0A4B1A68059B5A404FF09E
:10E13000000303D010F094FF3146D3E74346224654
:10E140003946284607B0BDE8F04FFFF753BE00BF81
:10E15000488C032000FE0F00F7B51F460C4B064607
:10E160000D4614461B6801934FF0000321462846D4
:10E170003A46B047241A0544F8D1054B1A68019B6A
:10E180005A404FF0000301D010F06AFF03B0F0BD19
:10E19000488C032030B50A4C85B0246803944FF0B6
:10E1A000000400240094FEF7F9F9054B1A68039B5C
:10E1B0005A404FF0000301D010F052FF05B030BDBF
:10E1C000488C03200EB417B5014605AB0C4853F834
:10E1D000042B006801904FF000000A480093FFF7FD
:10E1E000D9FF074B1A68019B5A404FF0000301D03A
:10E1F00010F036FF03B0BDE8104003B0704700BF19
:10E20000488C0320A5E2000007B5144BCA061B6822
:10E2100001934FF00003114B17D48A060DD51A68ED
:10E22000019B5A404FF0000301D010F019FF0C4938
:10E2300003B05DF804EBFFF7C5BF1A68019B5A40B5
:10E240004FF00003F1D10749F2E71A68019B5A40E9
:10E250004FF00003E9D103B05DF804FB488C0320C4
:10E26000595502005855020013B50D4B426804463B
:10E270001B6801934FF00003D2E900238168006816
:10E28000FFF76AFF002263681A60054B1A68019B5A
:10E290005A404FF0000301D010F0E2FE02B010BD72
:10E2A000488C032037B5124B05461B6801934FF08D
:10E2B00000034B680C461A68CB689A4202D10846A4
:10E2C000FFF7D2FF6368D3E8EF2F511CC3E8E01FCC
:10E2D0000028F8D1A3689D54054B1A68019B5A4049
:10E2E0004FF0000301D010F0BBFE002003B030BDA2
:10E2F000488C032037B50E4B0A2804460D461B6890
:10E3000001934FF0000302D10D20FFF7CBFF294608
:10E310002046FFF7C7FF064B1A68019B5A404FF093
:10E32000000301D010F09CFE002003B030BD00BF00
:10E33000488C03202DE9F04F8BB09A46DDE9167327
:10E340000593189B9DF854B00493964B069204468F
:10E350000D461B6809934FF00003199EBBF1000F97
:10E3600000F0858006F008030793FFF7BDFC06F078
:10E3700002090246002849D020468B49FFF722FFB8
:10E380008046B9F1000F08D016F0440F40D12A465C
:10E3900020468649FFF716FF804406F0010353B17B
:10E3A000834B204653F82B20824B8349002A08BF19
:10E3B0001A46FFF707FF06F00803002B54D07F4BE7
:10E3C000204653F82B207E49FFF7FCFE0546069BAE
:10E3D0002BB11A4620467B49FFF7F4FE0544BAF1FB
:10E3E000000F05D0524620467749FFF7EBFE054463
:10E3F0004544002F49D1049B002B4FD1F30700F176
:10E40000C48031462046FFF7FFFEB5E08046B8E7FE
:10E410006E4B18680028BFD06D4B4FF47A791B689B
:10E420004FF46161B5FBF3F5B5FBF0F300FB135559
:10E4300009FB05F5B3FBF1F2B5FBF0FE4FF03C0C28
:10E4400001FB123100FB1E55B1FBFCF309FB05F586
:10E45000B5FBF0F50CFB131120460091CDE901E569
:10E460005C49FFF7AFFE97E706F00805AFE7BAF1A2
:10E47000010F06D1002F65D1049B002B7CD0002515
:10E480000CE0002FF8D054485DE054483B4622464B
:10E490005349FCF701FC049B002B69D0DFF8448151
:10E4A000DFF84491049F3146102F204628BF1027E3
:10E4B0004FF0000AFFF7A8FE554546DC059B49468C
:10E4C00020461A78FFF77EFE4FF0010A1AF0070F78
:10E4D00003D141462046FFF775FE57453CD9059BC1
:10E4E0004946204613F80A20FFF76CFE0AF1010A9C
:10E4F000BAF1100FEAD14FF0000A20463B49FFF76E
:10E5000061FE5246059B20469A5C394B995C11F09E
:10E51000970F08BF2E223749FFF754FE0AF1010A70
:10E52000BAF1100F1DD01AF0070F03D14146204653
:10E53000FFF748FE57455246E4D841462046FFF7CC
:10E5400041FEEBE725485D46A0E741462046FFF740
:10E5500039FE0AF1010AAFE720462749FFF732FEEC
:10E56000C4E7059B3B440593049BDB1B049399D1B3
:10E57000BBF1000F7FF442AF0A4B1A68099B5A4067
:10E580004FF0000307D010F06BFD2046094A0A49FE
:10E59000FFF718FE35E720460BB0BDE8F04FFFF758
:10E5A00063BE00BF488C03203B3B02003F3B0200A0
:10E5B000602D0200363B0200B0480200742D0200BC
:10E5C000643B02006A3B02006E3B020004E1002053
:10E5D00000E10020483B0200F5E20000A5E2000057
:10E5E00095E100007B3B0200733B02007D3B020093
:10E5F000F3590200474A0200793B02002DE9F0413D
:10E60000204B88B01B6807934FF000030F884B68BE
:10E6100005460C4690468E68C7F382175BB11A4ACE
:10E620009B1A43F3CF01002926DB2078C0F3C200F8
:10E63000FFF770FB0346214651F8102B6088C2F3A8
:10E640004A22002A01EB020408BF00210022C0F385
:10E650000B10CDE90408CDE902140092314628469A
:10E660000197FFF767FE074B1A68079B5A404FF068
:10E67000000303D010F0F4FC0023DCE708B0BDE891
:10E68000F08100BF488C0320EC2B02007FB5194BB2
:10E6900005681B6803934FF0000342F20F738B422F
:10E6A00028BF0B4604460521134A01A8FCF702FEC9
:10E6B000064663680B2228465B681049FFF74CFD4D
:10E6C0006368324628465B6801A9FFF745FD636829
:10E6D0001B225B6828460A49FFF73EFD054B1A6876
:10E6E000039B5A404FF0000301D010F0B9FC04B076
:10E6F00070BD00BF488C0320473702009B3B0200DF
:10E700007F3B020007B5104B00211B6801934FF0BF
:10E71000000301230D4A90420ED80D4A01B901238E
:10E7200013600C4B1860084B1A68019B5A404FF05D
:10E73000000305D010F094FC012140085B00EAE7DB
:10E7400003B05DF804FB00BF488C032040420F007B
:10E7500000E1002004E1002007B50B4B1B6801938A
:10E760004FF0000343681B685B689961064B1A68A9
:10E77000019B5A404FF0000301D010F071FC0020C3
:10E7800003B05DF804FB00BF488C032007B50B4BBA
:10E790001B6801934FF0000343681B681A685268B6
:10E7A0005360064B1A68019B5A404FF0000301D09A
:10E7B00010F056FC03B05DF804FB00BF488C03204A
:10E7C00007B50C4B01211B6801934FF00003436810
:10E7D0001B685A681177074A1168019A51404FF037
:10E7E000000201D010F03CFC186803B05DF804EBA7
:10E7F000FFF73ABD488C032007B50B4B1B6801930C
:10E800004FF00003084B1A68019B5A404FF0000379
:10E8100001D010F025FC43681B68186803B05DF850
:10E8200004EBFFF733BF00BF488C032037B50E4B16
:10E830000C461B6801934FF0000343681D686B682A
:10E840009869FEF729FF084A03461168019A51406A
:10E850004FF0000201D010F003FC0F22214628687F
:10E8600003B0BDE830401847488C0320F7B50F4B84
:10E870000D461B6801934FF0000304460C4F4618E9
:10E88000B44208D1094B1A68019B5A404FF000036B
:10E8900008D010F0E5FB14F8011BBB6804485B6866
:10E8A0009847EDE7284603B0F0BD00BF488C032031
:10E8B000AC29020007B50A4B1B6801934FF0000317
:10E8C000084B0360064B1A68019B5A404FF0000347
:10E8D00001D010F0C5FB002003B05DF804FB00BFC1
:10E8E000488C0320BC2D02002DE9F04782B0294B53
:10E8F00000AF80461B687B604FF000030C46002988
:10E9000036D0D1E90012E9468AB06D46A3684FF0CF
:10E91000050A2E462048C5E90723C5E9050146F842
:10E9200010AF002332464FF421511C48FFF7DCFAA8
:10E93000D4E90312CD466369AD461948C5E90723FA
:10E94000C5E90501C5F810A0002332464FF4215156
:10E950001248FFF7C9FACD46E3690121114A0F4871
:10E96000FFF76EFBA36901210F4A0C48FFF768FB14
:10E97000214640460EF092F8064B1A687B685A40D2
:10E980004FF0000301D010F06BFB0837BD46BDE827
:10E99000F08700BF488C0320E13B02006C2C020092
:10E9A000103C02003F3C02004E3C020007B50A4BFF
:10E9B00001461B6801934FF00003074B1A68019B47
:10E9C0005A404FF0000301D010F04AFB006803B03A
:10E9D0005DF804EBFFF788BF488C032007B50A4BAE
:10E9E0001B6801934FF0000300F010F8064B1A6803
:10E9F000019B5A404FF0000301D010F031FB03B0EF
:10EA00005DF804EB00F006B8488C032030BFFFF738
:10EA1000FDBF00BF074B99685869884203D006497B
:10EA20004FF080520A6001B50EF018FCBDE80140BD
:10EA300070470000F8E9002004ED00E007B50A4B3C
:10EA40000A461B6801934FF00003074B1968019BAE
:10EA500059404FF0000301D010F002FB012103B038
:10EA60005DF804EBFFF7D4BA488C032073B5314B43
:10EA7000314C06460D46314831491B6801934FF031
:10EA80000003FFF7DBFFA36ADB064FD52B482D49B8
:10EA9000FFF7D4FF1120A36A1C0704D527482A4991
:10EAA000FFF7CCFF1220244CA36A990712D52749FF
:10EAB0002248FFF7C3FF636BA26A120609D5012142
:10EAC000234A1E48FFF7BCFA1EB1A36A23F0800355
:10EAD000A3621320184CA36ADE0704D517481D490A
:10EAE000FFF7ACFF1420A36A9C0604D513481A490B
:10EAF000FFF7A4FF1520104B9A6AD10658BF9A6AF7
:10EB00009A6A920642BF5A6A22F400525A629A6A7C
:10EB100042F0FF029A6200232B70064B1A68019B99
:10EB20005A404FF0000303D010F09AFA1020B2E7D9
:10EB300002B070BD488C032000ED00E06C2C020098
:10EB40007C3C0200923C0200C53C0200D83C020022
:10EB5000F03C0200063D0200253D020013B52C4B9F
:10EB60002C4C2D492D481B6801934FF00003FFF7F3
:10EB700065FFA36A990146D528482949FFF75EFF3A
:10EB80001E20A36ADA0104D524482649FFF756FF60
:10EB90001F20204CA36ADB0204D520482249FFF73E
:10EBA0004DFF0220A36A1C0304D51C481F49FFF730
:10EBB00045FF2120174CA36A590304D517481C4967
:10EBC000FFF73CFF2220A36A9A0304D51348194992
:10EBD000FFF734FF23200F4CA36ADB0304D50F4853
:10EBE0001549FFF72BFF2420A36A6FEA03436FEA5E
:10EBF0001343A362064B1A68019B5A404FF000036F
:10EC000003D010F02DFA1D20BBE702B010BD00BFED
:10EC1000488C032000ED00E0543D02006C2C020003
:10EC20006C3D02007F3D0200993D0200C33D0200A1
:10EC3000E13D0200063E0200203E020073B5304B6B
:10EC4000304C06460D46304830491B6801934FF062
:10EC50000003FFF7F3FEA36AD90444D52A482C49E0
:10EC6000FFF7ECFE1720A36A1A0504D526482949A8
:10EC7000FFF7E4FE1820234CA36A9B0512D5224817
:10EC80002549FFF7DBFEA36BA26A100409D5012119
:10EC9000224A1D48FFF7D4F91EB1A36A23F40043AA
:10ECA000A3621920174CA36A590504D516481C49BC
:10ECB000FFF7C4FE1A20A36ADA0516D512481949CF
:10ECC000FFF7BCFE1B200F4A936A43F47F43936215
:10ECD00000232B700A4B1A68019B5A404FF0000327
:10ECE0000CD010F0BDF91620BDE7A36A9B04EAD54D
:10ECF00005480D49FFF7A2FE1C20E4E702B070BDF5
:10ED0000488C032000ED00E06C2C02004B3E02001A
:10ED1000613E0200C53C0200723E02008B3E0200D2
:10ED2000A03E0200BB3E0200253D02002DE9F04757
:10ED30008AB06F4B00AF1B687B624FF000036D4BD6
:10ED40000446D3F804A0894616460025CAF30808ED
:10ED500085F31188BFF36F8F02F07F43B3F17F4FCC
:10ED60001ED1D3071CD4500603D4110708D40125A3
:10ED700008E061496148FFF761FE16F0040600D023
:10ED80004C4600250023FB70A8F10303092B00F279
:10ED90008980DFE803F0077F827C87878787878504
:10EDA0002C46EFE756495548FFF748FE0023514EE1
:10EDB000FB70F36A9A0705D552495048FFF73EFEAB
:10EDC000002329E0F36A002B01DA4F49F5E7F36AE3
:10EDD0005B00F5D54D494948FFF730FE7369A269DC
:10EDE00043F480737361BFF34F8FBFF36F8F736909
:10EDF00032F8022C23F480737361BFF34F8FBFF39B
:10EE00006F8F4DF602739A422BD123680121404A3D
:10EE10003A48FFF715F92368FA78CAB93E1D04F19C
:10EE2000200C324620686168083403C264451646E7
:10EE3000F7D13A6A002D52D0C2F3080121B96FEA26
:10EE400052226FEA42223A621846391DFFF74CFD02
:10EE5000274B1A687B6A5A404FF0000344D010F0E9
:10EE6000FFF8B36ADBB22BB10120F91CFFF7FEFDFE
:10EE70000346D1E7B36A13F47F4F04D00120F91C95
:10EE8000FFF7DCFEF4E7B36AB3F5803F98D3FFF7F2
:10EE900065FEEDE70020F91CE8E70020F91CEFE72C
:10EEA0001C498AE71C4A6E461AF4F87F8AB01B4B4D
:10EEB00018BF13466A461A49C2E90513A8F11003A0
:10EEC000D3614FF400731384164B42F8103F0023B4
:10EED0004FF411510948FFF707F8B54670E722F4DF
:10EEE000FF7222F00102AEE72837BD46BDE8F08789
:10EEF000488C032000ED00E0013F02006C2C020072
:10EF0000243F02003B3F02005C3F02006A3F0200D8
:10EF1000893F0200A53F0200E83E0200D33E020006
:10EF2000C93F02000400000107B50D4B1B680193A7
:10EF30004FF000030B4B5A6942F010025A615A69B4
:10EF400042F480625A61064B1A68019B5A404FF0A6
:10EF5000000301D010F084F803B05DF804FB00BF9B
:10EF6000488C032000ED00E0EFF30880EFF3098107
:10EF700001B57246FFF7DAFE01BD00BF07B5084BC9
:10EF80001B6801934FF00003054B1A68019B5A4020
:10EF90004FF0000301D010F063F803B05DF804FBFC
:10EFA000488C032007B5084B1B6801934FF0000302
:10EFB000054B1A68019B5A404FF0000301D010F036
:10EFC0004FF803B05DF804FB488C0320002080F369
:10EFD0001488BFF36F8F002080F30A8880F30B88BA
:10EFE00000F052FF00200E490860BFF34F8F0D481C
:10EFF00080F3088800F05AF8202080F311880A482E
:10F000004FF40061401880F30988EFF31480022167
:10F01000084380F31488BFF36F8F00F0C3F900003A
:10F0200094ED00E0480C032008C30220094B82B095
:10F030001B6801934FF00003BFF34F8F0649074B46
:10F04000CA6802F4E0621343CB60BFF34F8F00BF86
:10F05000FDE700BF488C032000ED00E00400FA0546
:10F0600007B5104B10491B6801934FF000030023B4
:10F070001846D1F89020C2F30722934208DB094BCF
:10F080001A68019B5A404FF0000307D00FF0E8FFC9
:10F09000C1F89830C1F8A0000133EEE703B05DF885
:10F0A00004FB00BF488C032000ED00E013B5184BB3
:10F0B0001B6801934FF0000372B6002484F3138899
:10F0C000FFF7CEFF23464FF0FF30124A03F1200135
:10F0D0000133102B42F82100F8D100234FF0FF300C
:10F0E0000C4A03F160010133102B42F82100F8D1E2
:10F0F00062B6BFF34F8FBFF36F8F054B1A68019B4A
:10F100005A404FF0000301D00FF0AAFF02B010BD2B
:10F11000488C032000E100E007B5114B1B68019308
:10F120004FF000030F4B9B6883420BD1EFF3058335
:10F1300043B10D4B5A6842F080525A605A6A22F429
:10F1400000425A62064B1A68019B5A404FF0000376
:10F1500001D00FF085FF03B05DF804EB0FF0A6BE01
:10F16000488C0320F8E9002000ED00E007B5134BC0
:10F170006FF00A011B6801934FF00003104A936877
:10F18000C3F89C100F49C3F898004B6843F08053B4
:10F190004B60002383F31188BFF36F8F9368D3F81C
:10F1A0009C00064B1A68019B5A404FF0000301D0A7
:10F1B0000FF056FF03B05DF804FB00BF488C03203E
:10F1C000F8E9002000ED00E016498A6882F8A1E025
:10F1D0004FF030001044EFF3098C80E8F01F20203E
:10F1E00080F31288BFF36F8F0F4F4FF000664A69AC
:10F1F0008A603E6092F9A1E0D2F898000023C2F83C
:10F20000983080F3118802F1300090E8F01F8CF301
:10F21000098802F1000004B500F014F9BDE80440CB
:10F2200070470000F8E9002004ED00E01EF0040F34
:10F230000CBFEFF30880EFF30980816911F8021C1D
:10F240000229FFD001B5FFF7B1FB01BD07B50E4B99
:10F2500040B200281B6801934FF0000307DB012335
:10F2600041090A4A00F01F00834042F82130064B52
:10F270001A68019B5A404FF0000301D00FF0F0FED6
:10F2800003B05DF804FB00BF488C032000E100E000
:10F2900007B5104B40B200281B6801934FF00003E4
:10F2A0000CDB01220C49430900F01F00824020338F
:10F2B00041F82320BFF34F8FBFF36F8F054B1A68C0
:10F2C000019B5A404FF0000301D00FF0C9FE03B07C
:10F2D0005DF804FB488C032000E100E007B50D4B0E
:10F2E00042091B6801934FF000030B4B00F01F0015
:10F2F00053F82220012303FA00F0064B10401A684D
:10F30000019B5A404FF0000301D00FF0A9FE03B05B
:10F310005DF804FB488C032000E100E007B5134BC7
:10F3200040B21B6801934FF00003002801F1010176
:10F33000B8BF0F4B4FEA4111A8BF00F16040C9B2FE
:10F34000B6BF00F00F0000F561401954074BA8BF8D
:10F3500080F800131A68019B5A404FF0000301D057
:10F360000FF07EFE03B05DF804FB00BF488C032065
:10F3700014ED00E007B50A4B1B6801934FF0000342
:10F38000074B1A68019B5A404FF0000301D00FF061
:10F3900067FE0021012003B05DF804EBFFF7A4BA7B
:10F3A000488C032007B50E4B0E4A1B6801934FF0A3
:10F3B00000030D4B22F07F029A60BFF34F8FBFF323
:10F3C0006F8FD3F8882022F47002C3F888200DF0E4
:10F3D0007BFC0FF019FE00F08BF80DF03FFD00BF35
:10F3E000488C03200080000000ED00E013B51349B5
:10F3F000203A096801914FF000011360049B104905
:10F400005360059B21F001019360069B9161D360DD
:10F410004FF08073D3610023C0F898304FF43C4321
:10F42000C0F8A030054B02651A68019B5A404FF0A6
:10F43000000301D00FF014FE02B010BD488C032071
:10F44000F1B2000007B50A4B1B6801934FF00003AF
:10F45000D0F8883083F30B88054B1A68019B5A401B
:10F460004FF0000301D00FF0FBFD03B05DF804FB8B
:10F47000488C03200C4B82B01B6801934FF00003B3
:10F480000A4B9860D0F8883083F30B88104681F3DC
:10F490000988002163B681F31188BFF36F8F0022C2
:10F4A0000023FBF725FF00BF488C0320F8E900206C
:10F4B000014910220A60704710ED00E072B640402A
:10F4C00080F31188BFF36F8FBFF34F8F30BF62B6E9
:10F4D000BFF36F8F704700BF72B6494081F3118848
:10F4E000BFF34F8F20BF80F3118862B6704700BF13
:10F4F00007B50D4B20211B6801934FF0000300233B
:10F500000A48C2180133412B82F80013F9D1064B87
:10F510001A68019B5A404FF0000301D00FF0A0FD84
:10F5200003B05DF804FB00BF488C032000E100E05D
:10F5300001B5EFF30580A0F110004FEAC0000449C7
:10F54000014409C99847BDE8014002490847000045
:10F55000D429020015EA000007B50C4B1B68019383
:10F560004FF0000340E800F313F4803FD8B2074B9C
:10F5700008BF6FF015001A68019B5A404FF0000356
:10F5800001D00FF06DFD03B05DF804FB488C032043
:10F590001FB5104B104C114A1B6803934FF000032A
:10F5A000012123460E4800F097F9002302930D4BEA
:10F5B0000121E41A68460093019400F0A7F9054B75
:10F5C0001A68039B5A404FF0000301D00FF048FD2A
:10F5D00004B010BD488C03200000042080C500202A
:10F5E000BC2D020070CE002013B5134B0C7A1B68A3
:10F5F00001934FF000030B6804F01F0223F01F0378
:10F600001A43CB68640923F01F030C4943EA4403FF
:10F6100043F00103C1F89800C1F89C20C1F8A03064
:10F62000054B1A68019B5A404FF0000301D00FF0C0
:10F6300017FD02B010BD00BF488C032000ED00E0B4
:10F6400013B50F4B0F2804461B6801934FF00003BE
:10F6500010D9012103460B4A0B48FEF7F1FC6FF06D
:10F660001500074B1A68019B5A404FF0000305D064
:10F670000FF0F6FCFFF7B8FF2046F2E702B010BD2E
:10F68000488C0320E03F02004C2C020030B5134BA5
:10F6900087B01B6805934FF000030C684B680A891C
:10F6A0004D890194013B24F01F0402F01F02234402
:10F6B00042EA451223F01F0301A98DF80C200493A0
:10F6C000FFF7BEFF054B1A68059B5A404FF0000339
:10F6D00001D00FF0C5FC07B030BD00BF488C03203F
:10F6E0002DE9F04F5A4B87B089461B6805934FF0C0
:10F6F0000003144606464FF00008564DC84527DA69
:10F70000D6F804A0BAF1000F49D0BAF11F0F17D9EB
:10F710001AF01F0F14D1D6F800B01BF01F0F0FD135
:10F720005846FFF719FF07460AEB0B000138FFF7B1
:10F7300013FF874215D06FF01507474A3B4601E09B
:10F740004346464A01214648FEF77AFC6FF015040D
:10F750003F4B1A68059B5A404FF0000373D00FF0DF
:10F760007FFC17F1160FE8D0BC42E6DDC5F89870B3
:10F77000D5F89C10C5F89870D5F8A03021F01F017D
:10F7800043F01F0BD6E900321A44994202F1FF3AC6
:10F790001DD1D34507D13146F8B2FFF777FF08F105
:10F7A00001080C36AAE73146C5F89870D5F89C30A8
:10F7B00022F01F0203F01F031343C5F89C30E0B290
:10F7C000FFF764FF10F1160FC0D0441CE7E7C5F83F
:10F7D0009870D5F8A020013B23F01F0302F01F0210
:10F7E0001343D3453146E0B2C5F8A030E8D0FFF767
:10F7F0004DFF10F1160FA9D0C5F89870D5F89C20D0
:10F800009DF80C300BF1FF3B62F304038DF80C30D4
:10F81000D5F8A0309DF80C205B0863F347128DF8F3
:10F820000C20D6E900321344019323F01F035B44FC
:10F83000A3EB0A03013023F01F0301A9C0B2049314
:10F84000FFF7FEFEBEE7204607B0BDE8F08F00BF21
:10F85000488C032000ED00E0294002000640020031
:10F860004C2C020007B505220B4B1B6801934FF08F
:10F8700000030A4BC3F89420BFF34F8FBFF36F8F81
:10F88000054B1A68019B5A404FF0000301D00FF05E
:10F89000E7FB03B05DF804FB488C032000ED00E0BB
:10F8A00007B50B4B1B6801934FF00003BFF35F8F4D
:10F8B0000022084BC3F89420054B1A68019B5A405C
:10F8C0004FF0000301D00FF0CBFB03B05DF804FB59
:10F8D000488C032000ED00E013B50A4C0A4B227857
:10F8E0001B6801934FF00003FFF7FAFE064B2070F0
:10F8F0001A68019B5A404FF0000301D00FF0B0FB93
:10F9000002B010BDC0B90220488C03202DE9F04F91
:10F91000304B314D85B08A461B6803934FF000038E
:10F9200006464FF00008AB462C4FD0451BDAD6F800
:10F930000490B9F1000F45D0316808460191FFF7F6
:10F940000BFE0199044609EB01000138FFF704FEA4
:10F9500084424FF01402224B0ED002FB08F36FF0EA
:10F9600015024BF803201B4B1A68039B5A404FF0BB
:10F9700000032CD00FF074FB14F1160F2C60F2D0A2
:10F980001978A142EFDD02FB08B0C7F89840C7F82C
:10F990009840D7F89C4000F10801007B64F3040014
:10F9A0000871D7F8A0000C79400860F347140C7177
:10F9B000D7F89C1021F01F016960D7F8A01021F042
:10F9C0001F01296108F1010814350C36ADE705B0B7
:10F9D000BDE8F08F488C032034E1002000ED00E00A
:10F9E000C0B90220F0B5424D424B2E6887B0102EB0
:10F9F0001B6805934FF0000374D80024FFF750FFF5
:10FA00003D4B3E4AC3F8C020A6420DD13C4D68464E
:10FA10002E70FEF74FFF002406463A4FA6420BD148
:10FA2000FFF720FF002054E06968204601EB041135
:10FA3000FFF7DAFD0134E7E70099200101EB041339
:10FA4000DA683A40B2F5001F22D0B2F5800F2CD010
:10FA5000B2F5801F36D15A689B680958013B22F0E5
:10FA60001F0003440120844623F01F0340EA4C108A
:10FA7000CDE901218DF80C0001A928780493FFF746
:10FA8000DFFD002823DB2B78013401332B70C5E721
:10FA90005A689B680958013B22F01F0003444FF04D
:10FAA000020C012023F01F03E0E75A689B68095805
:10FAB000013B22F01F0003444FF0000C062023F00E
:10FAC0001F03D3E70121104A1048FEF7A1FA6FF097
:10FAD0001500084B1A68059B5A404FF0000304D0EC
:10FAE0000FF0BEFA4FF0FF30F3E707B0F0BD00BFF4
:10FAF000C82D0200488C032000ED00E0AAFF44005E
:10FB0000C0B902200000F0FF4C4002004C2C020063
:10FB100007B5094B1B6801934FF00003064B1A68A9
:10FB2000019B5A404FF0000301D00FF099FA0020DA
:10FB300003B05DF804FB00BF488C032007B5094BF8
:10FB40001B6801934FF00003064B1A68019B5A4053
:10FB50004FF0000301D00FF083FA4FF0FF3003B0F5
:10FB60005DF804FB488C032007B5094B1B68019323
:10FB70004FF00003074B1860054B1A68019B5A4071
:10FB80004FF0000301D00FF06BFA03B05DF804FBF7
:10FB9000488C0320D0C80020F7B5124B0D461B68D7
:10FBA00001934FF00003104F461EC0F10104A3194A
:10FBB0009D4208DC0B4B1A68019B5A404FF0000332
:10FBC0000CD00FF04DFA73780A2B02D10D203B6850
:10FBD00098473B6816F8010F9847E8E7284603B0B6
:10FBE000F0BD00BF488C0320D0C8002013B50F4BD8
:10FBF0000F4C1B6801934FF000032368C2180D4897
:10FC0000C0F1005101F580218A4238BFC018074B6E
:10FC100034BF22604FF0FF301A68019B5A404FF00A
:10FC2000000301D00FF01CFA02B010BD488C032075
:10FC300048E100204C8C032007B50B4B1B68019357
:10FC40004FF00003084B1A68019B5A404FF0000325
:10FC500001D00FF005FA4FF0FF324FF0FF3303B041
:10FC60005DF804EB0DF0ACBC488C032007B5094BE4
:10FC70001B6801934FF00003064B1A68019B5A4022
:10FC80004FF0000301D00FF0EBF903B05DF804EB87
:10FC90000DF046BC488C032007B5094B1B68019347
:10FCA0004FF00003064B1A68019B5A404FF00003C7
:10FCB00001D00FF0D5F903B05DF804EB0CF0D4BE21
:10FCC000488C032007B5084B1D22084902201B68F9
:10FCD00001934FF00003FCF7D7F8404080F3118800
:10FCE0004FF0030002DF00BF488C03207D4002007C
:10FCF00037B50F4B00251B6801934FF000030D4CE7
:10FD000020460DF0E7FC04F1140001350FF064F912
:10FD1000052D04F12404F3D1054B1A68019B5A40C8
:10FD20004FF0000301D00FF09BF9002003B030BD6D
:10FD3000488C03204CE1002037B50D4B00241B6894
:10FD400001934FF000030B4D284601340FF044F9A6
:10FD5000052C05F10805F7D1054B1A68019B5A409F
:10FD60004FF0000301D00FF07BF9002003B030BD4D
:10FD7000488C032000E2002037B50D4B00241B689F
:10FD800001934FF000030B4D284601340DF0A2FC07
:10FD9000052C05F11405F7D1054B1A68019B5A4053
:10FDA0004FF0000301D00FF05BF9002003B030BD2D
:10FDB000488C032028E2002013B505200E4B0F4A83
:10FDC0001B6801934FF000030D4B546803F1A80129
:10FDD0000138C3E92A24216003F1C8035160F4D13A
:10FDE000054B1A68019B5A404FF0000301D00FF0F9
:10FDF00037F902B010BD00BF488C0320D4C80020E2
:10FE000078D3002007B50B4B01221B6801934FF0FC
:10FE10000003094BC3F84025064B1A68019B5A4062
:10FE20004FF0000301D00FF01BF9002003B05DF884
:10FE300004FB00BF488C03200090034007B5104B23
:10FE40001B6801934FF000030D4B78B11A68019BBA
:10FE50005A404FF0000301D00FF002F9094B800126
:10FE600043F0010303B05DF804EB18471A68019BE7
:10FE70005A404FF00003EFD103B05DF804FB00BF20
:10FE8000488C0320102D020009F0FEBA07B50E4B76
:10FE90001B6801934FF000030C48042283686946F5
:10FEA0001B689847002802DA04F0E2F80090064B3D
:10FEB00000981A68019B5A404FF0000301D00FF0E0
:10FEC000CFF803B05DF804FB488C032098290200AA
:10FED00037B5094C246801944FF00004064C25689E
:10FEE000019C65404FF0000401D00FF0B9F803B059
:10FEF000BDE8304000F036BB488C032007B5094B05
:10FF00001B6801934FF00003064B1A68019B5A408F
:10FF10004FF0000301D00FF0A3F803B05DF804EB3D
:10FF200000F03CBB488C03200CB4034637B506AA4E
:10FF300008460C4C52F8041BDB68246801944FF00F
:10FF4000000400929847074B1A68019B5A404FF0F3
:10FF5000000301D00FF084F803B0BDE8304002B0D8
:10FF6000704700BF488C032013B509490968019107
:10FF70004FF0000106490C6801994C404FF0000118
:10FF800001D00FF06DF802B0BDE810400DF018BBC5
:10FF9000488C032007B5094B1B6801934FF0000301
:10FFA000064B1A68019B5A404FF0000301D00FF036
:10FFB00057F803B05DF804EB0DF0B2BA488C03209B
:10FFC0002DE9F3411C4B05460E4617461B6801936D
:10FFD0004FF00003194CDFF8688044450FD3FFF75A
:10FFE0005BFE6A230360144B1A68019B5A404FF072
:10FFF000000315D14FF0FF3002B0BDE8F081236857
:020000040001F9
:10000000AB4200D0B3B93A4631462846A368984778
:1000100080B1094B1A68019B5A404FF0000301D090
:100020000FF01EF83A4631462846E36802B0BDE8B4
:10003000F04118471034D0E7488C0320DC2B020035
:10004000EC2B020030B5194B85B002AA01A9054678
:100050001B6803934FF00003FBF758FE044670B98A
:10006000FFF71AFE09234FF0FF3403600F4B1A68A5
:10007000039B5A404FF0000314D00EF0F1FF4FF0F5
:10008000FF3202984FF0FF33FFF76EFF019B2046CF
:100090009B68984704460298FFF77CFF2846FBF7C9
:1000A000DDFEE3E7204605B030BD00BF488C0320ED
:1000B0007FB51C4B0D46164601A902AA1B68039387
:1000C0004FF00003FBF722FE044670B9FFF7E4FD92
:1000D00009234FF0FF340360124B1A68039B5A4008
:1000E0004FF000031AD00EF0BBFF019B9B691BB9B8
:1000F000FFF7D2FD5F23ECE702984FF0FF324FF09D
:10010000FF33FFF731FF019B3246294620469B69AA
:10011000984704460298FFF73DFFDDE7204604B00C
:1001200070BD00BF488C03202DE9F0431F4687B007
:100130001F4B0D46DDE90E89164603A904AA1B686C
:1001400005934FF00003FBF7E1FD044670B9FFF79C
:10015000A3FD09234FF0FF340360154B1A68059B7C
:100160005A404FF000031ED00EF07AFF039B5B6AEB
:100170001BB9FFF791FD5F23ECE704984FF0FF32C6
:100180004FF0FF33FFF7F0FECDE90089039B3246C5
:10019000D3F8248029463B462046C04704460498AD
:1001A000FFF7F8FED9E7204607B0BDE8F08300BFAF
:1001B000488C03207FB51C4B0D46164601A902AAA8
:1001C0001B6803934FF00003FBF7A0FD044670B9D2
:1001D000FFF762FD09234FF0FF340360124B1A68EA
:1001E000039B5A404FF000031AD00EF039FF019BD9
:1001F0005B6B1BB9FFF750FD5F23ECE702984FF0F4
:10020000FF324FF0FF33FFF7AFFE019B3246294626
:1002100020465B6B984704460298FFF7BBFEDDE77C
:10022000204604B070BD00BF488C03202DE9F04388
:100230001F4687B01F4B0D46DDE90E89164603A900
:1002400004AA1B6805934FF00003FBF75FFD04460B
:1002500070B9FFF721FD09234FF0FF340360154B00
:100260001A68059B5A404FF000031ED00EF0F8FEAE
:10027000039B9B6A1BB9FFF70FFD5F23ECE7049814
:100280004FF0FF324FF0FF33FFF76EFECDE90089EC
:10029000039B3246D3F8288029463B462046C04778
:1002A00004460498FFF776FED9E7204607B0BDE87C
:1002B000F08300BF488C03202DE9F04F4FF0000879
:1002C00046469FB0CDE90601804908A814461D4660
:1002D00009681D914FF000010FF0D6F8DDE9082301
:1002E000DDE9069BCDE904230EAB0B93CDF80C8022
:1002F000BBF1000F28D1002E74D0B5F1FF3F08BF2D
:10030000B4F1FF3F17BF4FF47A724FF0FF34A4FBF4
:10031000024302FB05331CBFE40B44EA4344079B42
:100320004FF4827200934146069B03980194FFF7B5
:10033000FBFD0746654B1A681D9B5A404FF00003B2
:1003400000F0BF800EF08CFED9F80000002829DBF9
:100350000DAA0CA9FBF7DAFC074618B34FF0FF32E1
:100360004FF0FF330D98FFF7FFFD1DAB01930BAB73
:1003700000934FF481724B4639460C98FFF7D4FD39
:1003800010F1780F824612D10022002308A80FF046
:100390007BF8DDE90834CDE9043400240D98FFF73B
:1003A000F9FD254609F108090BF1FF3BA0E71AF119
:1003B000120F0D980BD1039B1BB1FFF7EBFD01262C
:1003C000F0E70C9BB8460393FFF7E4FDF7E7FFF770
:1003D000E1FDBAF1000FE5DAFFF75EFCCAF10003B8
:1003E000036021E0DDE9042308A80FF083F8DDE9CC
:1003F000084522462B46DFF8D8800B990EAC091B26
:10040000891008FB01F120460FF054FB00F10B03AB
:100410000B2B054604D82F4F1F4117F0010706D0BC
:10042000FFF73AFC6D4205604FF0FF3782E7B946AF
:100430000B94DDE9064595B9B9F1000F3FF47AAFA9
:10044000002F7FF477AFDDE9042308A80FF052F8FE
:10045000DDE908452B4625432246CED16AE72068D0
:10046000E680002827DB0DAA0CA9FBF74FFC82468B
:1004700018B92023E38001371DE04FF0FF324FF021
:10048000FF330D98FFF770FD0BAB514640F203129E
:1004900000930C982346FFF747FD82460D98FFF71F
:1004A00079FD1AF10B0F09D0BAF1000F94D1B4F90C
:1004B0000630002BDFD10834013DBCE74FF00109C5
:1004C000F9E738461FB0BDE8F08F00BF488C032025
:1004D000CDCCCCCC7EF7FFFFF7B5154B141E0546EF
:1004E0000E461B6801934FF0000316DB4FF40047E4
:1004F00040F2E73000214FF47A720023C4FB070179
:10050000F8F77AFC02460B46094908680199484009
:100510004FF0000105D00EF0A3FD4FF0FF3213465F
:10052000F2E73146284603B0BDE8F040FFF7C4BE0D
:10053000488C032007B5094B1B6801934FF000035B
:10054000074B1860054B1A68019B5A404FF0000397
:1005500001D00EF085FD03B05DF804FB488C03204C
:100560008CE2002037B50B4C246801944FF0000456
:10057000084C2568019C65404FF0000401D00EF046
:100580006FFD054C24682468A44603B0BDE83040E4
:10059000604700BF488C03208CE2002007B50A4B5F
:1005A0001B6801934FF00003074B1A68019B5A40E8
:1005B0004FF0000301D00EF053FD044B1B685B6845
:1005C00003B05DF804EB1847488C03208CE2002050
:1005D00013B5114B1B6801934FF0000303681B68B0
:1005E0009B6873B15B6863B10B4A1468019A54400D
:1005F0004FF0000201D00EF033FD02B0BDE8104014
:100600001847054B1A68019B5A404FF00003F2D17E
:10061000002002B010BD00BF488C032007B50B4B73
:100620001B6801934FF0000300F0D2F900F03CFA90
:10063000064B1A68019B5A404FF0000301D00EF0A0
:100640000FFD002003B05DF804FB00BF488C0320C1
:1006500007B50A4B1B6801934FF0000310B1006807
:1006600000B14068054B1A68019B5A404FF00003E7
:1006700001D00EF0F5FC03B05DF804FB488C0320BC
:1006800007B50F4B4A091B6801934FF00003012384
:1006900001F01F018B4000EB8200D0E8EF2F1A43DE
:1006A000C0E8E12F0029F8D1054B1A68019B5A4098
:1006B0004FF0000301D00EF0D3FC03B05DF804FB53
:1006C000488C032007B5104B4A091B6801934FF073
:1006D0000003012301F01F018B40DB4300EB82008C
:1006E000D0E8EF2F1A40C0E8E12F0029F8D1064BDF
:1006F0001A68019B5A404FF0000301D00EF0B0FC85
:1007000003B05DF804FB00BF488C032013B5094912
:10071000096801914FF0000106490C6801994C40AD
:100720004FF0000101D00EF09BFC02B0BDE810407C
:100730000CF046BF488C032007B50C4B1B68019397
:100740004FF00003094B1A68019B5A404FF0000319
:1007500001D00EF085FC4FF0FF324FF0FF33103028
:1007600003B05DF804EBFFF7D1BF00BF488C032056
:1007700007B50C4B1B6801934FF0000330B10368C1
:100780000C33D3E8AF0F084100F00100054B1A68A5
:10079000019B5A404FF0000301D00EF061FC03B002
:1007A0005DF804FB488C032013B5114B04461B680D
:1007B00001934FF00003FFF74BFF78B1C3686BB1B3
:1007C0000B4A1168019A51404FF0000201D00EF01F
:1007D00047FC204602B0BDE810401847044B1A6899
:1007E000019B5A404FF00003F1D102B010BD00BF91
:1007F000488C032007B5094B1B6801934FF0000399
:10080000064B1A68019B5A404FF0000301D00EF0CE
:1008100027FC03B05DF804EB0CF082BE488C03208B
:1008200037B52A4B00211B6801934FF00003036882
:10083000044693F82050FFF79BFF78B90222236803
:1008400083F82020206890F82030934235D1062D7F
:1008500033D108210C30FFF735FF1CE00921204679
:10086000FFF786FF0028E9D00A212046FFF780FF26
:100870002268C0F10603DBB282F82030206890F8CD
:1008800020209A4219D1062AE1D1062D15D008213F
:100890000C30FFF7F5FE2368DB6973B90B4B1A6860
:1008A000019B5A404FF0000301D00EF0D9FB2046C7
:1008B00003B0BDE83040FFF777BF044B1A68019BD7
:1008C0005A404FF00003F0D103B030BD488C0320F4
:1008D00037B50546194B1B6801934FF00003FFF72E
:1008E0002BFF00212846FFF743FF00BB2846FFF7F8
:1008F000AFFE044630B1846824B101212846A047E8
:10090000041E07DB286800210C30FFF7B9FE2846DB
:10091000FFF786FF05F11000FFF76CFF074B1A6821
:10092000019B5A404FF0000304D00EF099FB6FF08A
:100930007704EFE7204603B030BD00BF488C0320AA
:1009400007B50E4B1B6801934FF000030368D8698D
:1009500038B11B689B68986818B18047C31E58421D
:100960005841064B1A68019B5A404FF0000301D0D2
:100970000EF076FB03B05DF804FB00BF488C03204B
:1009800037B5124B0C461B6801934FF00003054628
:10099000A0B199B10846F8F73FFC082811D8421CCD
:1009A0002146281D11F0DCFC0020084B1A68019B31
:1009B0005A404FF0000307D00EF052FB6FF01500C5
:1009C000F3E76FF05A00F0E703B030BD488C032026
:1009D0002DE9FF412C4B4FF0FF321B6803934FF082
:1009E00000032A484FF0FF33FFF790FE284C294FB1
:1009F000294EDFF8A880BC4208D3234B1A68039B1A
:100A00005A404FF0000338D00EF02AFB23681B68D1
:100A10009D6865B12B6853B104F110000CF05AFECB
:100A200004F124000CF056FE20462B689847002362
:100A30002046C4E901332373CDE900338DF8083033
:100A4000FFF77EFF38B1336808215A1C32606846D0
:100A50004246FAF72FFC9DF8003043B9104A684629
:100A60001368591C116008210E4AFAF723FC20462E
:100A70006946FFF785FF3834BDE7044804B0BDE898
:100A8000F041FFF7B7BE00BF488C03204CCD0020DB
:100A900000CE002038CE002094E20020D940020091
:100AA00090E20020E040020037B50F4B0F4C1B686E
:100AB00001934FF000030E4DAC4208D30A4B1A6865
:100AC000019B5A404FF000030BD00EF0C9FA0321EE
:100AD0002046FFF74DFE10B92046FFF7F9FE3834E7
:100AE000EAE703B030BD00BF488C032000CE0020F1
:100AF00038CE002037B504461548006801904FF005
:100B000000000809FBB109281BD9A2F10A03184407
:100B1000C0B204F8010B002301F00F01092983BFC3
:100B20000A3A8918C9B230316370094B21701A68CA
:100B3000019B5A404FF0000304F1010006D00EF073
:100B40008FFA3030E5E70028DDD1E4E703B030BDAF
:100B5000488C03202DE9F04F00248BB0874B029284
:100B600002281B6809934FF0000383460E46CDE927
:100B700007445FD10B6804913BB94A6852B94FF6FC
:100B8000FF734C89E11A4C424C4107A801460022F0
:100B9000134608E01C46F8E70D78013301350D7067
:100BA000DDB2082D03D036F81350002DF4D00132F9
:100BB000082A01F10101EBD14FF0FF374FF0010A94
:100BC000002310F8012B524588BF5FB203F10103E7
:100BD000DBB288BF9246082BF3D199463A22002314
:100BE000BAF1010F08BF4FF0FF37CDE90023002213
:100BF000029800252B46B9F1040F65D10199C95C13
:100C0000034679BB302103F8021B00994170184656
:100C10000135EDB24D452B46EDDB029B98420BD0E2
:100C2000BBF1010F4FF0000340F0A38000F8013C3E
:100C3000029802E001280AD00020504B1A68099B54
:100C40005A404FF0000300F096800EF009FA2E2370
:100C50004FF004094FF0FF3782462646019100937A
:100C60000494C4E74FF0000C4FF00908CDF814C00D
:100C7000DFF80CC1B1FBFCFE03910CFB1E11DDF88B
:100C800014E0C64503DCDDF80CE0E64509D3DDF8E9
:100C90000CE0CDF81480BEFBFCFE0EF1300E03F824
:100CA00001EB4FF00A0E08F1FF38B8F1FF3FBCFB33
:100CB000FEFCDFD14FF0000119701B1A50FA83F0CF
:100CC000009B00F8013BA3E774B1052D0CD906F198
:100CD0000C0301933A2300F8013B2E234FF0040943
:100CE0004FF0010B009384E79F420DD102B915B973
:100CF0003A2300F8013B3A2300F8013B0AF1FF33A5
:100D00002B440022DDB283E712B13A2300F8013B05
:100D1000049B33F8152052BA12F47F4FC2F3072315
:100D20005FFA82F816D00F2BD9B20AD900236122BC
:100D3000FFF7E0FE012361224146FFF7DBFE0122BF
:100D400066E7092B04D83031C9B200F8011BF1E77E
:100D50005731F9E7B8F10F0FEDD8B8F1090F94BF8B
:100D600008F1300808F157085FFA88F800F8018B9D
:100D7000E5E703705CE70BB0BDE8F08F488C03201B
:100D800000CA9A3B07B5134B1B6801934FF0000351
:100D9000D0E90032D21A012A15D95A1C02601B78F8
:100DA0001B020B8003685A1C026000201B780A8813
:100DB00013430B80074B1A68019B5A404FF0000306
:100DC00004D00EF04DF96FF01500F3E703B05DF8B5
:100DD00004FB00BF488C032013B51D4B1B68019317
:100DE0004FF00003D0E900349C4220D05C1C04602A
:100DF0001B780B7000231360D0E90014A14221D2AC
:100E00000978146801F07F0199400C44146001686E
:100E10004C1C046091F90010002905DB1368B3F144
:100E2000805F04D2002004E007331C2BE4D16FF074
:100E30001500074B1A68019B5A404FF0000304D07D
:100E40000EF00EF96FF00A00F3E702B010BD00BF1C
:100E5000488C032073B5144B1B6801934FF00003BB
:100E6000D1E900369E420AD16FF015000E4B1A6888
:100E7000019B5A404FF0000313D00EF0F1F85D1CB7
:100E80000D60AE421C78EFD09D1C0D60597890F833
:100E90005E300020042B04BF04F001031370517076
:100EA000E4E702B070BD00BF488C0320F7B51C46D4
:100EB0001546234BA27D1B6801934FF000034300AE
:100EC00003F0020322F00302C0F3410013430E4675
:100ED0002072A37528460DF10201FFF753FFD8B920
:100EE000D5E90012BDF80230521A9A4212DB636053
:100EF00073B12A6822601A442A60237A6768A3B90A
:100F0000BB1C9E4206D30020F61AE060266103E077
:100F10002360F2E76FF01500094B1A68019B5A40F5
:100F20004FF000030AD00EF09BF8284604F114019C
:100F3000FFF728FF0028EFD13B1DE2E703B0F0BD2B
:100F4000488C032007B5094B1B6801934FF0000341
:100F5000064B1A68019B5A404FF0000301D00EF077
:100F60007FF803B05DF804EBFFF70CBF488C03205B
:100F700007B5094B1B6801934FF00003064B1A6835
:100F8000019B5A404FF0000301D00EF069F803B006
:100F90005DF804EBFFF7F6BE488C032007B5094B5C
:100FA0001B6801934FF00003064B1A68019B5A40DF
:100FB0004FF0000301D00EF053F803B05DF804EBDE
:100FC000FFF7E0BE488C032007B5094B1B6801936F
:100FD0004FF00003064B1A68019B5A404FF0000384
:100FE00001D00EF03DF803B05DF804EBFFF7CABE88
:100FF000488C032037B5104B04460D461B680193FF
:101000004FF00003FFF7BEFE40B9D4E900239B1A5E
:10101000AB6063B122686A601A442260064B1A68AA
:10102000019B5A404FF0000303D00EF019F868609E
:10103000F4E703B030BD00BF488C032007B5094B6F
:101040001B6801934FF00003064B1A68019B5A403E
:101050004FF0000301D00EF003F803B05DF804EB8D
:10106000FFF790BE488C032007B5114B1B68019316
:101070004FF00003D1E90032D21A012A11D95A1CCB
:101080000A60020A1A700B685A1C0A601870002065
:10109000074B1A68019B5A404FF0000304D00DF033
:1010A000DFFF6FF00B00F3E703B05DF804FB00BF58
:1010B000488C032037B5144B054640681B680193E4
:1010C0004FF00003D1E900239B1A821C93420C4687
:1010D00015D380B2FFF7C8FFD5E90012206811F0E0
:1010E0003FF9002023686A6813442360064B1A689E
:1010F000019B5A404FF0000304D00DF0B1FF6FF098
:101100000B00F3E703B030BD488C032073B51468BF
:101110001E4B641AB4F1805F1B6801934FF000030B
:101120002FD225460026ED09334606F10106FAD1F5
:1011300002335668DBB25D42CB1AB34213601EBF66
:101140000133136048552046136800F07F01197081
:10115000C00913680DD101331D4423441560536049
:101160000A4B1A68019B5A404FF000030CD00DF057
:1011700077FF197861F07F011970136801331360EC
:10118000E2E76FF07900EBE702B070BD488C032016
:1011900073B5164B064614461B6801934FF00003C7
:1011A0000846B9B11568114605351560FFF75CFFB3
:1011B00090B90E4B1A68019B5A404FF0000301D0C2
:1011C0000DF04EFF22462946304602B0BDE8704081
:1011D000FFF79CBF6FF01500044B1A68019B5A4043
:1011E0004FF00003ECD102B070BD00BF488C03206B
:1011F0002DE9F347494B0F6890F860501B68019345
:101200004FF00003464A474B064690F85E0005370C
:10121000042814BF104618460F600C46FFF74AFF1B
:10122000C5F34005034638B9D4E90020904296F84A
:101230005E100CD16FF00B03384A1168019A5140CF
:101240004FF000025DD1184602B0BDE8F087501C97
:1012500020601170D4E900829045EBD008F10102C2
:10126000226088F800302146B6F85C00FFF7FCFEEB
:1012700003460028E0D1214606F12C00FFF71AFFB3
:1012800003460028D8D1306C6D00E8B1214696F8AD
:1012900060A090F80890FFF70DFF0AF0010A0346DE
:1012A0000028C9D1736C21466BB31846FFF702FFC3
:1012B00003460028C0D145F004054FEAC90345EABA
:1012C0004A1503F018031D43B06B38B12146FFF7F0
:1012D000F1FE03460028AFD145F08005F06B38B130
:1012E0002146FFF7E7FE03460028A5D145F040055B
:1012F0000A4B88F800501A68019B5A404FF00003CF
:1013000004D00DF0ADFEFFF7AFFED1E7224639461F
:10131000102002B0BDE8F047FFF7F8BE488C03206C
:10132000F82D0200F02D02002DE9F743264B877DB2
:10133000047A07F00108054689461B6801934FF0BF
:101340000003C7F340070CB1838ABBB3D9F8006030
:10135000494605362846C9F80060FFF7ABFEB0B92C
:101360002B7AEBB9600000F006002A69D9F800304A
:10137000384340EAC800134440F030004A46314642
:10138000C9F8003000F03F00FFF7C0FE78B10E4B07
:101390001A68019B5A404FF0000312D00DF060FE16
:1013A0004946A88AFFF760FE0028DBD0EFE7D9F8AE
:1013B00004302A699B1AC9F80430E8E76FF0150079
:1013C000E5E703B0BDE8F083488C032007B50B4B7D
:1013D0000A461B6801934FF00003084B1968019BF4
:1013E00059404FF0000301D00DF03AFE0188402033
:1013F00003B05DF804EBFFF7CBBE00BF488C0320C1
:1014000007B5104B1B6801934FF00003D0E9002390
:101410009B1A012B89BF0C4B6FF00B001B881380AC
:1014200082BF036802334360064B88BF00201A68FE
:10143000019B5A404FF0000301D00DF011FE03B0A4
:101440005DF804FB488C0320E64002002DE9F743D9
:10145000264B06461B6801934FF00003C3880D46D8
:101460008BB30F6805370F60C088FFF7FDFD04469A
:1014700058BB4FF00C08B388A34208DC1B4B1A681A
:10148000019B5A404FF0000315D00DF0E9FD08FB19
:1014900004F9306829464844FFF70CFE00BB336866
:1014A0004B441A7AD5E9003199421BD0591C296066
:1014B00001341A70DFE72A463946822003B0BDE8BE
:1014C000F043FFF723BE6FF01504084B1A68019B29
:1014D0005A404FF00003D8D1204603B0BDE8F08356
:1014E0000446F2E76FF00B04EFE700BF488C0320DF
:1014F00007B5104B1B6801934FF00003D0E90023A0
:101500009B1A012B89BF0C4B6FF00B001B881380BB
:1015100082BF036802334360064B88BF00201A680D
:10152000019B5A404FF0000301D00DF099FD03B02C
:101530005DF804FB488C0320E8400200F7B51C4B23
:101540000D461B6801934FF00003D1E90031CB1A1F
:101550009342064609D30020154B1A68019B5A4056
:101560004FF0000322D00DF07BFDD41A0F19D0E903
:10157000132313449F4213D8974211D300232246CA
:1015800000F050FA0028E7DB0DD0F369A0420344D5
:10159000F3616B6803446B60DDD26FF00A00DBE738
:1015A0006FF00B00D8E76FF07F00D5E703B0F0BD18
:1015B000488C032070B5734B8EB01B680D934FF0B1
:1015C0000003C269C36C05460393134402220493CB
:1015D000284603A9FFF7B2FF041E2DDBEB6C02AA1D
:1015E0000DF1070103A80393FFF7F6FB10F10B0FB2
:1015F00004464FF00102EBD000283CDB9DF8076069
:1016000006F0F003302B1BD10222284603A9FFF776
:1016100095FF041E10DB039B16F0060F1A88284660
:1016200052BA92B20CBF0232043203A9FFF786FF0E
:1016300000EAE074002C0ADA14F10B0F1BD119E058
:101640002846029A03A9FFF779FF0446F2E7002231
:101650009DF80700029900F0F003602B0C9275D002
:101660001CD8402B68D00FD8202B35D0302B51D030
:101670000023EB610024434B1A680D9B5A404FF046
:1016800000037BD00DF0ECFC502BF1D1042306A914
:1016900003A88DF81430FFF76BFC54E0B02B65D035
:1016A0000BD8702B5AD0902BE2D1072306A903A8A0
:1016B0008DF81430FFF79EFC45E0D02BD8D195F97A
:1016C0005F30002BC4BF03F1FF335AB2092385F802
:1016D0005F208DF8143010E08DF81420284606AAFB
:1016E00003A9FFF7B7FB044670BB9DF819304BB94F
:1016F000AB690C9043F00403AB61284605A900F0E8
:1017000051FAB5E7284605A90C936FF06E0400F076
:1017100049FAB0E7022303AA8DF8143006ABFFF7AD
:10172000C5FB04460A9B0C902B62284605A900F0D5
:1017300039FA002C9CDA9EE7032306A903A88DF84A
:101740001430FFF7FFFB04460C94EEE7052306A9CF
:1017500003A88DF81430FFF721FCF4E7062306A94F
:1017600003A88DF81430FFF72FFCECE7082306A937
:1017700003A88DF81430FFF761FCE4E720460EB0B3
:1017800070BD00BF488C032037B5174B456B04462E
:101790001B6801934FF00003288806220121FEF701
:1017A0000FFC0028A0620CDAFEF776FA00684042CF
:1017B0000D4B1A68019B5A404FF0000311D00DF0F9
:1017C0004FFC2B88616B012B0CBF08221822FEF7FF
:1017D0006FFC002803DAA06AFEF734FCE4E700207F
:1017E000E6E703B030BD00BF488C03202DE9FF4180
:1017F0000024144B06460F4615461B6803934FF012
:101800000003A046AC4201D300200DE0B06A0023E3
:10181000CDE900882A1B3919FEF786FC031E0CDA75
:10182000FEF73AFA00684042064B1A68039B5A409A
:101830004FF0000303D00DF013FC1C44E2E704B0AA
:10184000BDE8F081488C03202DE9F3410025254BAC
:1018500007461B6801934FF000032B460C46C968EE
:101860008B4217D10026B046AE421DD2B86A002284
:101870002146FEF79FFC031E13DAFEF70DFA0068FF
:101880004042184B1A68019B5A404FF0000325D084
:101890000DF0E6FBA26802EBC30252680133154467
:1018A000DEE71E44B54217D80020EAE71B1AC1F84C
:1018B00004800132E1689142D6D9A16801EBC201EE
:1018C00048689842F2D9C01A4860A06850F83210AF
:1018D000194440F83210C7E70022EBE702B0BDE838
:1018E000F08100BF488C032030B5104C85B02468CF
:1018F00003944FF00004806A002483F00103CDE9D3
:1019000000449B01FEF792FC002803DAFEF7C4F9BD
:1019100000684042054B1A68039B5A404FF0000391
:1019200001D00DF09DFB05B030BD00BF488C0320F9
:1019300007B50E4B806A1B6801934FF00003FEF75A
:1019400081FB00280CDAFEF7A7F900684042074B3C
:101950001A68019B5A404FF0000303D00DF080FB42
:101960000020F4E703B05DF804FB00BF488C0320BF
:1019700007B50C4A126801924FF00002094A11683B
:10198000019A51404FF0000201D00DF069FB142282
:1019900090F824305343044AD35803B05DF804EB65
:1019A000184700BF488C0320002E020037B50C4CAE
:1019B000246801944FF00004094C2568019C65409F
:1019C0004FF0000401D00DF04BFB142590F824409B
:1019D000044B05FB04335B6803B0BDE83040184797
:1019E000488C0320002E020013B50C4A12680192A5
:1019F0004FF00002094A1468019A54404FF0000267
:101A000001D00DF02DFB142490F82420044B04FB8E
:101A100002339B6802B0BDE810401847488C032091
:101A2000002E020073B50D4D2D6801954FF0000595
:101A30000A4D2E68019D6E404FF0000501D00DF05B
:101A40000FFB142690F82450054C06FB0544E4686F
:101A5000A44602B0BDE87040604700BF488C032038
:101A6000002E020007B5094B1B6801934FF00003DD
:101A7000064B1A68019B5A404FF0000301D00DF04D
:101A8000EFFA03B05DF804EBFFF752BF488C032078
:101A900007B50E4B1B6801934FF000030DF0DEFC01
:101AA0004FF47A72A0FB020302FB0131074BC00B1B
:101AB0001A68019B5A404FF0000340EA414001D0B0
:101AC0000DF0CEFA03B05DF804FB00BF488C032094
:101AD00037B504460D460D4B826D0021406D1B68E5
:101AE00001934FF0000310F048FC636D2B60A26D72
:101AF00013446B60054B1A68019B5A404FF000037A
:101B000001D00DF0ADFA03B030BD00BF488C03200A
:101B100007B50B4B1B6801934FF00003084B1A6885
:101B2000019B5A404FF0000301D00DF099FA4FF09D
:101B3000FF324FF0FF3303B05DF804EB0BF040BD14
:101B4000488C032007B50B4B10F0040F1B68019362
:101B50004FF00003074B0CBF6FF07F0000201A68A6
:101B6000019B5A404FF0000301D00DF079FA03B009
:101B70005DF804FB488C032007B5094B1B680193F3
:101B80004FF00003064B1A68019B5A404FF00003C8
:101B900001D00DF065FA03B05DF804EB0BF0C0BCAA
:101BA000488C032037B5134B04461B6801934FF054
:101BB0000003836C0D46A3B1FFF7DEFFA36C29463B
:101BC000204698470B4B1A68019B5A404FF0000380
:101BD00001D00DF045FA204603B0BDE83040FFF7D4
:101BE00097BF044B1A68019B5A404FF00003F0D195
:101BF00003B030BD488C032030B5134B8BB0044686
:101C00000D461B6809934FF00003FFF72BFF0021DF
:101C10001C22C4E90511C4E9071101A810F0ADFBAD
:101C20000123204601A98DF804300895FFF7BAFF7B
:101C3000054B1A68099B5A404FF0000301D00DF084
:101C40000FFA0BB030BD00BF488C03202DE9F341E3
:101C50001E461D4B0F4690461B6801934FF0000334
:101C6000054650B3FFF754FF2C6AB4B144452246F1
:101C7000334628BF424639462846FFF7D3FE04467E
:101C800016B910F10B0F08D0002C12DC08BF6FF052
:101C90007F0428462146FFF7AFFF2846FFF76CFF79
:101CA000094B1A68019B5A404FF0000308D00DF011
:101CB000D7F92B6A1B1B2B62EFE76FF01504EFE7D8
:101CC000204602B0BDE8F081488C032037B50F4BA9
:101CD00005461B6801934FF00003FFF767FE041EE3
:101CE0000CDA21462846FFF787FF084B1A68019B4C
:101CF0005A404FF0000306D00DF0B2F9FFF7C8FECE
:101D000000246861F1E7204603B030BD488C032011
:101D100013B5124B04461B6801934FF0000390B1BA
:101D20006422002110F029FB20460BF0D3FC042391
:101D300084F85E3094F8603043F0020384F8603039
:101D40003C23A4F85C30054B1A68019B5A404FF0C5
:101D5000000301D00DF084F902B010BD488C0320BF
:101D600030B5284B85B01B6803934FF00003054640
:101D7000002841D0C36A002B3ED0FFF7C9FE6B6D2F
:101D8000BBB3EB6CABB32846FFF7F2FD041E2ADBB6
:101D9000284601A9FFF79CFEAB69284643F00203E1
:101DA000AB6101A9FFF724FA041E19DBDDE901127A
:101DB0002846521AFFF7FAFD041E11DBFFF768FEF2
:101DC0000024686185F85F402846FFF7D5FE0D4B7B
:101DD0001A68039B5A404FF0000310D00DF040F9F1
:101DE0002846FFF73FFE0023C5E90533C5E9073361
:101DF000EAE76FF00B04F6E76FF01504E7E720461B
:101E000005B030BD488C032070B5284B8EB00E460F
:101E10001B680D934FF00003054600283FD00029B2
:101E20003DD0FFF775FE69462846FFF751FEA869C9
:101E3000FFF788FE041E21DB69463046FFF774FA7F
:101E4000041E1BDB009A019B00219B1A0A93F36876
:101E500009920B9333691C2202A80C9310F08DFA9F
:101E600009AB04930223284602A90593FFF7BCFDA2
:101E7000041E0FDA21462846FFF7BEFE2846FFF76C
:101E80007BFE0A4B1A680D9B5A404FF0000309D0A5
:101E90000DF0E6F8FFF7FCFD00246861EEE76FF057
:101EA0001504EEE720460EB070BD00BF488C03203D
:101EB0007FB5194B0E461B6803934FF00003054690
:101EC00020B319B3FFF724FE284601A9FFF700FE4F
:101ED000A869FFF737FE041E0CDB304601A9FFF7A7
:101EE00075FA041E06DBDDE901122846521AFFF7D7
:101EF000EDFE04462846FFF73FFE074B1A68039B9A
:101F00005A404FF0000304D00DF0AAF86FF015040A
:101F1000F3E7204604B070BD488C032030B51B4B5E
:101F200085B01B6803934FF00003054638B3FFF7F5
:101F3000EFFD284601A9FFF7CBFDA869FFF702FED8
:101F4000041E10DB01A8FFF75BFA041E0BDBDDE9C2
:101F500001122846521AFFF7B9FE041E03DB0021C6
:101F60002846FFF749FE2846FFF706FE074B1A688A
:101F7000039B5A404FF0000304D00DF071F86FF04E
:101F80001504F3E7204605B030BD00BF488C0320A0
:101F90007FB5194B0E461B6803934FF000030546AF
:101FA00020B319B3FFF7B4FD284601A9FFF790FD50
:101FB000A869FFF7C7FD041E0CDB304601A9FFF737
:101FC00045FA041E06DBDDE901122846521AFFF726
:101FD0007DFE04462846FFF7CFFD074B1A68039B9A
:101FE0005A404FF0000304D00DF03AF86FF015049A
:101FF000F3E7204604B070BD488C032030B51C4B7D
:1020000085B01B6803934FF00003054648B3FFF704
:102010007FFD284601A9FFF75BFDA869FFF792FD48
:10202000041E12DB01A8FFF763FA041E0DDBDDE9D5
:1020300001122846521AFFF749FE044695F95F300F
:102040007F2B1CBF013385F85F302846FFF794FDD6
:10205000074B1A68039B5A404FF0000304D00CF062
:10206000FFFF6FF01504F3E7204605B030BD00BF59
:10207000488C032037B5194B04461B6801934FF079
:10208000000328B3FFF744FD6569FFF701FD401B1E
:102090000DD52046FFF770FD6FF00A050F4B1A684B
:1020A000019B5A404FF0000315D00CF0D9FFB4F853
:1020B0005C30002BEDD04FF47A7253438342E8D862
:1020C0002046FFF79BFF05462046FFF755FDE5E755
:1020D0006FF01505E2E7284603B030BD488C0320B9
:1020E00037B5124B04461B6801934FF00003456956
:1020F000FFF7CEFC431B4FF47A70B4F85C2023EA60
:10210000E37350435AB198420CD9C01A074B1A686E
:10211000019B5A404FF0000306D00CF0A1FF4FF096
:10212000FF30F3E70020F1E703B030BD488C032017
:1021300037B5174B05461B6801934FF0000308B3F2
:10214000FFF7E6FCAB699B0716D52B6ABBB928469F
:10215000FFF730FA041E03DA21462846FFF74CFD4C
:102160002846FFF709FD0A4B1A68019B5A404FF0B9
:1021700000030AD00CF074FF6FF07F04F0E76FF0FB
:102180000F04EDE76FF01504EDE7204603B030BD16
:10219000488C032013B50A4B1B6801934FF00003D2
:1021A000074B1C68019B5C404FF0000301D00CF012
:1021B00057FF012302B0BDE81040FFF747BD00BF45
:1021C000488C032073B5114B06460C461B680193DF
:1021D0004FF000038D18AC4209D300200B4B1A6856
:1021E000019B5A404FF000030ED00CF039FF2146FE
:1021F00030462A1BFFF7CEFF0028EFDB01D0044456
:10220000E9E76FF00400E9E702B070BD488C0320F5
:1022100007B501220D4B1B6801934FF000030C4BD7
:10222000C3F8002590F8861049B1DA60074B1A68A8
:10223000019B5A404FF0000304D00CF011FF1A60CC
:102240005A60F3E703B05DF804FB00BF488C03203D
:1022500000E0004013B5144A0346126801924FF0A3
:1022600000020838D0E8EF2F511CC0E8E41F002C12
:10227000F8D16AB90C4B1A68019B5A404FF0000321
:1022800001D00CF0EDFE02B0BDE81040FFF7C0BF7A
:102290006FF00F029A66044B1A68019B5A404FF088
:1022A0000003EED102B010BD488C032073B508794D
:1022B0003F4B00F01F04072C1B6801934FF00003F5
:1022C0001DD80B780B2B15D8DFE803F0070707079D
:1022D000140614140E10141204234A78032A19D079
:1022E000042A29D0334A06E00523F6E70623F4E75B
:1022F0000723F2E7304A01213048FBF789FE6FF0EF
:1023000015002B4B1A68019B5A404FF000034DD02B
:102310000CF0A6FE012544F20A064A88B2423FD0DC
:102320000CD844F20306B24216D044F20506B2427B
:1023300034D0AAB3224ADEE70025ECE744F21406C3
:10234000B2422FD044F22806B2422DD044F20F06FA
:10235000B242EFD1032200E00022C0F340101B0282
:1023600043EA0053002043EA053343EA02432201D3
:1023700002F1804202F56042C2F8183523018A79E1
:1023800003F1804303F56043C3F81425C3F8100537
:102390000C4B4A79234483F8A020B2E70122DCE702
:1023A0000222DAE70422D8E70522D6E702B070BDA0
:1023B000488C032015410200F6400200F42B020075
:1023C0003941020080C50020F0B56B4B85B00D4649
:1023D0001B6803934FF000034FF0FF334FF0FF32C1
:1023E00066480BF0E1FA6E68731EFE2B05D9644A4D
:1023F00001216448FBF70CFE12E000231A466248F4
:10240000624F26FA03F111F001013BD017F803C027
:10241000BCF1000F13D15E4A01215A48FBF710FEB0
:102420006FF0150455480BF087FA534B1A68039B5D
:102430005A404FF0000300F09C800CF011FE6C7CC1
:1024400000EB031E003C18BF0124DEF81815013212
:1024500021F0807141EA0461CEF8181503F15101B1
:10246000090140F801C0D2B20133082BC9D12B7C3D
:10247000A3F10801062916D8DFE801F01715191590
:102480000915130003F1510424010151ECE7022363
:102490003D49012AC1F8F0356B7C0AD95BB13D4A50
:1024A000A6E70323F4E73C4AB6E70023F0E701235D
:1024B000EEE7082B10D8C1F8F4352B6851006BB942
:1024C000EB688B420ED2354A00912E480121FBF772
:1024D000D1FD6FF00B04A5E7314A9DE79B8903FB13
:1024E0000111EDE72F46A968274B2E4CC3F82C1697
:1024F00004F17406C3F830260FCF0FC63B68274699
:102500003360002626672B687BB30FCB04F1880568
:1025100085E80F006567A4F8986030B3D7E8EF3F0F
:10252000C7E8E26F002AF9D11F494FF400400F4677
:102530003146D4F888500023E5FB00711B4A384629
:10254000F6F75AFC0022CDE90001002304F108004F
:102550000DF0ACF84FF0FF324FF0FF3314480BF0A2
:1025600023FA00B12067246F5CE70E48FFF750FEA6
:10257000F0E7204605B0F0BD488C0320C0C5002020
:1025800064410200F42B020000E0004020C600205D
:1025900082410200C14102009C4102001642020039
:1025A000F341020080C500203F420F0040420F006F
:1025B000D8C5002013B5164B00241B6801934FF0BB
:1025C0000003144B0E20C3F80441D3F80421C3F8D0
:1025D0001041D3F810211222C3F80423FCF736FE71
:1025E000224601210E20FCF799FE0B48836C13B99B
:1025F00040300BF0A1F9064B1A68019B5A404FF08E
:10260000000301D00CF02CFD002002B010BD00BF73
:10261000488C032000E0004080C5002037B53D4BCA
:102620001B6801934FF000033B4BD3F80421002AB1
:1026300063D00022C3F80421D3F804110121374CE0
:102640009960C3F80025636F2546002B48D0D4F865
:102650008C30B4F8982033B104F174019847012804
:1026600014D0022836D0B4F89830B4F894209A42A6
:1026700030D90133A4F89830274BD3F82C26D3F85F
:10268000341689B202EB4102C3F82C26D4F8883004
:1026900073B9204B1A68019B5A404FF0000301D0D8
:1026A0000CF0DEFC1D4803B0BDE83040FFF7B0BDC4
:1026B000D5E8EF3F5A1EC5E8E12F0029F8D1012BDC
:1026C000E7DC144B1A68019B5A404FF00003E7D136
:1026D00003B030BDD4F8883013B111480DF032F892
:1026E0000C4B1A68019B5A404FF00003D8D10D489B
:1026F00003B0BDE830400BF01FB9D3F8101100292A
:10270000DFD0C3F81021D3F8102101229A601A609B
:102710005A60D6E7488C032000E0004080C50020C6
:1027200088C50020D8C5002007B50C220B4BC9B2C4
:102730001B6801934FF00003036901FB0233186C1F
:10274000064B00F007001A68019B5A404FF0000347
:1027500001D00CF085FC03B05DF804FB488C03202D
:1027600007B5114B1B6801934FF000034FF0200396
:10277000EFF3118283F31288BFF36F8F036803F0C6
:10278000C00343F00203036082F31188BFF36F8F2D
:10279000054B1A68019B5A404FF0000301D00CF022
:1027A0005FFC03B05DF804FB488C032073B51B4B42
:1027B000C9B21B6801934FF0000303694FF0200476
:1027C000EFF3118584F31288BFF36F8F0C2606FB9D
:1027D0000134246C14F0C00410D0A2420ED085F352
:1027E0001188BFF36F8F4FF0FF300C4B1A68019BBD
:1027F0005A404FF000030FD00CF032FC012271431D
:102800000B441A6485F31188BFF36F8F43680B4440
:102810005B6898470020E8E702B070BD488C032051
:1028200007B50A4B1B6801934FF00003074B1A686A
:10283000019B5A404FF0000301D00CF011FC8022A4
:1028400003B05DF804EBFFF7B1BF00BF488C032075
:10285000F7B51E4CDDF820C0246801944FF0000449
:10286000C9B204694FF02005EFF3118685F3128891
:10287000BFF36F8F0C2569430C44256C05F00707E7
:10288000012F14D1C4F840C086F31188BFF36F8FB5
:10289000C4E90E2343685B58984700200B4B1A6825
:1028A000019B5A404FF000030ED00CF0D9FB05F00D
:1028B000C005AC4586F31188BFF36F8F0CBF6FF076
:1028C00077004FF0FF30E9E703B0F0BD488C0320FC
:1028D00030B50A4C85B0246803944FF0000480247E
:1028E0000094FFF7B5FF054B1A68039B5A404FF061
:1028F000000301D00CF0B4FB05B030BD488C0320C0
:1029000037B5104B0D461B6801934FF000030E4B7B
:102910000E49C31A9B105943402204460C48FFF746
:1029200045FF084B01461A68019B5A404FF00003CF
:1029300001D00CF095FB20462B4603B0BDE830409B
:10294000184700BF488C0320ACE20020B76DDBB60F
:102950007029020013B50C4B1B6801934FF0000364
:10296000094B1C68019B5C404FF0000301D00CF048
:1029700077FB1C24CBB20021006903FB040002B0EA
:10298000BDE81040104700BF488C03207FB5164BB0
:10299000164C1B6803934FF000034023041B009365
:1029A0000D460B461249A41061430646114A1248CF
:1029B000FFF74EFF011E0C4B0DDA1A68039B5A40BD
:1029C0004FF0000301D00CF04BFB30462B4604B017
:1029D000BDE8704018471A68039B5A404FF0000347
:1029E000F1D104B070BD00BF488C0320ACE20020E0
:1029F000B76DDBB6552901007029020007B50A4BF7
:102A00001B6801934FF00003074B1A68019B5A4063
:102A10004FF0000301D00CF023FB002003B05DF861
:102A200004EB06F0B5BE00BF488C032007B50A4B87
:102A30001B6801934FF00003074B1A68019B5A4033
:102A40004FF0000301D00CF00BFB002003B05DF849
:102A500004EB06F009BF00BF488C032007B50A4B02
:102A600010461B6801934FF00003074B1A68019B47
:102A70005A404FF0000301D00CF0F2FA03B05DF8B9
:102A800004EB0AF059BF00BF488C032073B51A4B02
:102A900000220121044605201B6801934FF000032A
:102AA000FCF73CFC154806F029FE154B98421DD159
:102AB00006F048FE266913493046F9F7E5FB002881
:102AC0000BDB0125356424690E4904F11C00F9F77C
:102AD000DBFB002801DB0020E564074B1A68019B43
:102AE0005A404FF0000304D00CF0BAFA6FF0040023
:102AF000F3E702B070BD00BF488C0320712B0100CA
:102B00000000AD0B202E020073B5164B04461B6867
:102B100001934FF000030C23002263431248C118B5
:102B200040331844D1E90E568A63FFF719FE0D4B66
:102B30007DB11A68019B5A404FF0000301D00CF0A0
:102B40008FFA324621462B46084802B0BDE8704055
:102B500018471A68019B5A404FF00003EFD102B0AA
:102B600070BD00BF488C0320ACE200207029020039
:102B700007B5124B1B6801934FF0000358B10128B1
:102B80000DD00E4B1A68019B5A404FF000030DD137
:102B900003B05DF804FB0A4B1B6C5B07F1D1074BDC
:102BA0001A68019B5A404FF0000301D00CF058FA0C
:102BB00003B05DF804EBFFF7A7BF00BF488C03200C
:102BC000ACE2002013B5214B1B6801934FF00003CA
:102BD0004FF02003EFF3118483F31288BFF36F8F5C
:102BE0001B4A136843F002011160DA070CD484F326
:102BF0001188BFF36F8F154B1A68019B5A404FF035
:102C000000031CD00CF02CFA124BD3F80C24D3F890
:102C10000C34DB07EBD51048FFF7A2FD84F31188D5
:102C2000BFF36F8F094B1A68019B5A404FF00003A6
:102C3000E8D1002002B0BDE81040FFF765BF0120D9
:102C400002B0BDE8104006F0A3BD00BF488C0320D1
:102C5000FCE2002000500040ECE2002000B5144BE4
:102C600089B01B6807934FF0000301AB0022CDE948
:102C700001330123CDE9032305ABCDE905330D4A2B
:102C800001ABFFF725FE002805DB4FF4804200234F
:102C900001A80AF089FE064B1A68079B5A404FF0BC
:102CA000000301D00CF0DCF909B05DF804FB00BFB3
:102CB000488C03205D2A010013B5134B1B68019358
:102CC0004FF000034FF02003EFF3118483F31288D9
:102CD000BFF36F8F0D4A136823F00201DB07116009
:102CE00002D4012006F0C0FD84F31188BFF36F8F7A
:102CF000054B1A68019B5A404FF0000301D00CF0BD
:102D0000AFF902B010BD00BF488C0320FCE20020E8
:102D10002DE9F3413D4B07461B6801934FF000033B
:102D200001223B49D1E8EF3FC1E8E02F0028F9D16B
:102D300033B9384938484B60CB608A60F9F7C8FA34
:102D40007B1E012B28D8012F06D1344BD3F81C341D
:102D500003F00303022B1FD00AF02EFA054620BB16
:102D60002F4B1B780BB3022206462C4BC3F80823CB
:102D70002A4CDFF8B080D4F81824D4F81834D203E1
:102D80001DD503F00303022B01D0012F17D1ADB3E2
:102D900086F31188BFF36F8F1C4B1A68019B5A4052
:102DA0004FF000032FD00CF05BF94FF02003EFF34E
:102DB000118683F31288BFF36F8F0125D8E7C5B161
:102DC0003046FCF789FBD4F81835DBB2012BD2D1A1
:102DD000D4F80421002ACED00022C4F80421D4F86B
:102DE00004210222C4F818252022C8F88021A360FB
:102DF000C1E7002121200CF015F8E4E70222074B7F
:102E0000C3F80423C8E702B0BDE8F081488C032072
:102E1000A8E2002098E20020C8E200200050004014
:102E200005BF022000E100E007B50F4B1B680193CE
:102E30004FF000030D4809F0F9FD78B10C48FCF79C
:102E400093FE0B48F8F7F8F90020074B1A68019B2E
:102E50005A404FF0000304D00CF002F96FF012005A
:102E6000F3E703B05DF804FB488C0320AC290200B3
:102E7000752E010037B50F4B0A2804461B680193D5
:102E80004FF000030C4D04D1AB680D2128465B6860
:102E90009847AB6808485B68E1B29847054B1A68E9
:102EA000019B5A404FF0000301D00CF0D9F82046A6
:102EB00003B030BD488C0320AC29020007B50C4B91
:102EC000084611461B6801934FF0000306F078FA9C
:102ED000074B002818BF6FF004001A68019B5A4086
:102EE0004FF0000301D00CF0BBF803B05DF804FB19
:102EF000488C032007B50B4B1B6801934FF0000370
:102F000006F048FA074B002818BF6FF004001A6853
:102F1000019B5A404FF0000301D00CF0A1F803B020
:102F20005DF804FB488C032007B50B4B1B6801932D
:102F30004FF0000343685B681B690B60064B1A681F
:102F4000019B5A404FF0000301D00CF089F800209B
:102F500003B05DF804FB00BF488C032013B50C4B95
:102F60001B6801934FF00003436802EA01005B68AD
:102F700021EA02019860D960054B1A68019B5A400A
:102F80004FF0000301D00CF06BF8002002B010BD30
:102F9000488C032007B50A4B1B6801934FF00003D0
:102FA00043685B689960064B1A68019B5A404FF072
:102FB000000301D00CF054F8002003B05DF804FBCE
:102FC000488C032007B50A4B1B6801934FF00003A0
:102FD00043685B68D960064B1A68019B5A404FF002
:102FE000000301D00CF03CF8002003B05DF804FBB6
:102FF000488C032007B50D4B1B6801934FF000036D
:1030000043685A68536821EA03000B409060D3601C
:10301000064B1A68019B5A404FF0000301D00CF098
:103020001FF8002003B05DF804FB00BF488C0320AC
:1030300013B51B4B1B6801934FF0000303695868DD
:10304000F8B1884219D19C680868A142586000D143
:103050009860002008602AB15A680A609A6859602E
:1030600002B99960002010E0814206D10868206012
:1030700098688142EDD19C60EBE704460068002827
:10308000F2D1002AE8D16FF01500054B1A68019BB8
:103090005A404FF0000301D00BF0E2FF02B010BD28
:1030A000488C032037B5174B45681B6801934FF0D8
:1030B00000032B69B3B11035284607F0E9F904463F
:1030C00080B90146284607F091F90F4B984213D179
:1030D000224628460D4907F03BF9224605213120BA
:1030E000FCF71CF90020074B1A68019B5A404FF06F
:1030F000000304D00BF0B4FF6FF00400F3E703B05B
:1031000030BD00BF488C03200000AD0B1131010021
:1031100073B5134B1B6801934FF00003430907D1AC
:10312000104B596821B101250C680F4E854041B9FB
:103130000B4B1A68019B5A404FF000030ED00BF066
:103140008FFF8A682A4002D030464B6898471CB1EE
:10315000236821461C46EAE72346FAE702B070BD21
:10316000488C032000E30020842902002DE9F0436D
:1031700040F206354668D00648BF0320604B89B050
:103180001B6807934FF0000302EA0505337B58BF25
:10319000C2F3401001F01F07B5F5837F144647EADC
:1031A00043178DF8070048D016D8062D1FD00ED82B
:1031B000EDB1022D43D06FF01500514B1A68079BFB
:1031C0005A404FF0000300F098800BF049FFB5F52E
:1031D000807FF0D101250AE040F20222954230D0F2
:1031E000B5F5407F2FD0B5F5007FE4D1022522034D
:1031F0002BD5012372688B409360326962BB07F064
:103200001F037F0975D13F4A84F4803102EB8302AA
:10321000D2F80032C1F30041C4F3404423F4E16327
:1032200044EA410423F007031C4344EA800444EACF
:103230000524C2F800420020BFE70725D7E7042590
:10324000D5E70525D3E70325D1E7630341BF012374
:1032500072688B40D360D0E71036394630460DF1A6
:10326000060207F095F814F4403F80460CD1394629
:10327000304607F02DF9244B9845DCD130469DF8B7
:10328000061007F03BF9D6E74FF0000902AB3946CC
:10329000304604AACDE90539CDE90299CDF8109060
:1032A00006F0A0FE184B984285D114F4003315D0D7
:1032B0009DF8073084F48034C4F300448DF8123054
:1032C00039464B46304604AA8DF810508DF811400F
:1032D00006F094FF0C4B9842CDD06CE7CDE9053356
:1032E00039460DF10703304604AA049306F07AFE2E
:1032F000F0E7803352F82330FFDE09B0BDE8F083F9
:10330000488C0320002584400000AD0BF0B54068D8
:103310003F4C057B89B0246807944FF0000401F00E
:103320001F0444EA45140569002D66D0B2F5001F5C
:1033300000F110050DD12146284607F085F900203F
:10334000334B1A68079B5A404FF000035ED00BF0D6
:1033500087FE0027B2F5800F02AE0297776037D163
:10336000B3F1007F14BF052304238DF80830002338
:10337000CDE905630493836823FA01F111F001019B
:1033800018D1B2F1A07F15D104F01F03620903F137
:10339000800338D11F4A52F82330DB070AD40DF1DD
:1033A000070632462146284606F0F2FF1A4B98429D
:1033B00019D003962146284604AA06F013FE174B9F
:1033C00098421DD101222146284607F0D7F8B6E7DA
:1033D000B3F1C06F05D0B3F1007F14BF0123022306
:1033E000C3E70323C1E73146284607F0A7F80B4B94
:1033F0009842DED06FF00B00A2E76FF085009FE7E8
:103400006FF015009CE751F82330FFDE09B0F0BDE6
:10341000488C0320002584400400AD0B0000AD0B58
:1034200037B5104B1B6801934FF0000343681360DE
:10343000057A446804EBC504A3420AD36FF0010087
:10344000084B1A68019B5A404FF0000308D00BF05C
:1034500007FE5C798C4201D00833E8E70020EFE7F3
:1034600003B030BD488C03202DE9F743614B624D1A
:103470001B6801934FF00003604E614F00EB810128
:1034800081420AD100205B4B1A68019B5A404FF0E1
:10349000000300F0AC800BF0E3FD046814F4805FDF
:1034A000C4F3432C04F07F0340F08F807F2B4FEA5E
:1034B000144408BF4FF0FF3315F80CC0192C00F26C
:1034C0008780DFE804F00D13191C1F251C858585F6
:1034D00085366185858585858585858564797C7F4B
:1034E000C2F80C355C1C5CD10430C9E7C2F8143555
:1034F0005C1CF9D000245DE0C2F80835F2E7C2F8A0
:103500001035F5E75C1CC2F80835EDD0002404E066
:103510005C1CC2F80C35E7D001245FEA531E5AD177
:103520004FF00108DFF8D4E008FA03F9CEF80C9068
:103530000AE0C2F80835BCF1000FD9D15C1CD3D029
:1035400000244FF0060CA046D0F8009009F4005E6D
:10355000BEF1000F1CBF4FF00008012403F01F0E46
:103560005B093ED106EB8E0EDEF80032C9F3C119BD
:103570003B4043EA890343EA0C2343EA080343EA56
:103580004403CEF80032AFE7C2F80C35D3E7C2F8F7
:103590006035B3F1FF3F0468A6D0C4F38034002C3B
:1035A000BAD05C091AD10124DFF850E004FA03F81C
:1035B000CEF80880A046C7E7C2F86435E9E7C2F84C
:1035C0006835E6E7C2F86C35E3E76FF015005AE7B7
:1035D0006FF0850057E70023DB60FFDE00239B6070
:1035E000FBE700230EF1800E53F82E30F5E703B011
:1035F000BDE8F083488C03208C4202000025844003
:10360000F0F8FCFF07B50B4B1B6801934FF000036C
:1036100043681B68D3F88004C3F88004054B1A681C
:10362000019B5A404FF0000301D00BF019FD03B08D
:103630005DF804FB488C032007B5124B02691B6838
:1036400001934FF0000343681B68D3F8100190B159
:103650000020526912780A70C3F81001D3F81021C3
:1036600001221A60074B1A68019B5A404FF0000371
:1036700004D00BF0F5FC4FF0FF30F3E703B05DF83A
:1036800004FB00BF488C032007B5104A03461268AC
:1036900001924FF000020268D2F8580180B95B68CD
:1036A0009B0704D4D2F82001003818BF0120074B33
:1036B0001A68019B5A404FF0000303D00BF0D0FC76
:1036C0000120F4E703B05DF804FB00BF488C032041
:1036D00007B5244B42681B6801934FF00003136841
:1036E000D3F80413C90518D5D3F82011A9B14FF0A8
:1036F0002000EFF3118180F31288BFF36F8FD3F8AE
:10370000200130B10020C3F82001D3F820010120AE
:10371000D86081F31188BFF36F8F5268D20615D538
:103720004FF02001EFF3118281F31288BFF36F8F06
:10373000D3F8581111B10021C3F800154FF48001DE
:10374000C3F8081382F31188BFF36F8F054B1A6813
:10375000019B5A404FF0000301D00BF081FC03B0F5
:103760005DF804FB488C03202DE9F74306464FF033
:103770000008914B0022012108201B6801934FF0A3
:103780000003FBF7CBFD0820FBF760FD7768356988
:103790003C686A46C4F800852E60D7F80C90414614
:1037A0004846FFF73DFE002839DB009BD9F8002092
:1037B00019791868FFF758FE002830DB6B7A3169F9
:1037C000012B03D0032B28D14FF01008AB7A032B29
:1037D00023D195F80BC0BCF1000F02D0BCF1010F52
:1037E0001BD12A7A12B1022A17D10E226B68706897
:1037F000B3F5164F006800F0848035D8B3F5165F36
:1038000000F082801DD8B3F5966F7FD011D8B3F544
:10381000967F7ED0B3F5167F7ED06FF08500664B25
:103820001A68019B5A404FF0000300F0C1800BF072
:1038300017FCB3F5166F72D0B3F5965FEDD15F4B01
:103840003EE0B3F5E14F6DD007D8B3F5615F6BD0C3
:10385000B3F5964FE1D15A4B32E047F6122E73453D
:10386000DBD14FF400032BE0B3F5613F5ED013D8FA
:10387000B3F5963F5DD009D84DF6C02E73455AD0AA
:10388000B3F5614FC9D14FF46B0319E0B3F5E13FD4
:10389000C3D14FF0EB7313E0B3F5612F4ED009D8CD
:1038A000DFF820E173454CD0B3F5E12FB5D14FF0EF
:1038B000E86305E0DFF810E17345AED14FF08053C7
:1038C000C0F82435736848EA0C081B6842EA08020D
:1038D000C3F86C250B1DD5E9010183E803007B6863
:1038E00099073DD505F1180006F020F8374B9842AE
:1038F0002AD037480121374AFAF78AFB6FF00400D3
:103900008DE74FF41D03DBE7334BD9E74FF49E23DC
:10391000D6E74FF4A033D3E74FF41C33D0E74FF48E
:103920001D23CDE72D4BCBE72D4BC9E74FF06C7333
:10393000C6E72C4BC4E74FF46503C1E74FF0706353
:10394000BEE74FF08063BBE7287E04F10C0204F56C
:10395000907105F051FE01202B7E984005F032FE5B
:103960000823C4F800353B7A53B9C4F81031D4F8B1
:1039700010316B69C4F834350123C4F8383523603D
:103980007B6800209A075CBF4FF48073C4F804334F
:103990007B68DB0644BF4FF48003C4F804332B6913
:1039A000C4F844350123C4F84805A360E36036E752
:1039B00003B0BDE8F08300BF488C032000B01300C3
:1039C00000A04E0090D0030040420F000000AD0B5D
:1039D000942C0200944202000050270000C07500A1
:1039E00000F03A0000903A012DE9F341394B0446CA
:1039F0000D461B6801934FF00003076909F0DCFBDB
:103A0000B0B9354B1B789BB164266068FFF73CFE6C
:103A100000BB012005F062FD013EF6D1002121200E
:103A20000BF000FAF0E788F31188BFF36F8FF5E72A
:103A30004FF02003EFF3118883F31288BFF36F8FE9
:103A400060684646FFF720FE90B988F31188BFF3FF
:103A50006F8FEDE74FF02003EFF3118883F31288A7
:103A6000BFF36F8F60684646FFF70EFE0028DAD07E
:103A70003B691D70626839691368C3F844150121F8
:103A8000C3F848150021C3F82011D3F82001C3F86A
:103A900058115268D3F85811D20608D50821626827
:103AA0001268C2F800154FF48002C3F80423012203
:103AB0009A6086F31188BFF36F8F064B1A68019BDB
:103AC0005A404FF0000301D00BF0CAFA02B0BDE833
:103AD000F08100BF488C032005BF022007B50E4BC4
:103AE00000221B6801934FF0000300F150039B007C
:103AF0009BB203F1804303F5A8331A601B68064BA1
:103B00001A68019B5A404FF0000301D00BF0A8FA4D
:103B100003B05DF804FB00BF488C032073B5154B60
:103B2000154A1B6801934FF0000301238340DC43D7
:103B3000D2E8EF1F01EA0405C2E8E65F002EF7D1E4
:103B40004FF4803282400D48C0F80823BFF35F8FE6
:103B5000BFF36F8F0B42074B14BF012000201A6880
:103B6000019B5A404FF0000301D00BF079FA02B0EC
:103B700070BD00BF488C032010E3002000500140BE
:103B800073B5164B16491B6801934FF00003D1E93A
:103B90000034D01AC31844F1000422F07F46C1E972
:103BA0000034A6F50013B3F5400F09D20D4B1B6886
:103BB0001A0A1B069C190C4B42F10005C3E900458B
:103BC000064B1A68019B5A404FF0000301D00BF0DE
:103BD00047FA02B0BDE870400BF082BB488C03206E
:103BE00070D7002014E3002078D7002007B5174BCA
:103BF0001B6801934FF00003D9B10123144A83409D
:103C0000D2E8EFCF4CEA030CC2E8E1CF0029F7D1AC
:103C10004FF480330F4A8340C2F804330E4BD3E88D
:103C2000AF3FC340DB0742BF4FF400120B4BC3F85A
:103C30000021064B1A68019B5A404FF0000301D047
:103C40000BF00EFA03B05DF804FB00BF488C0320B4
:103C500010E30020005001400CE3002000E100E0F0
:103C600007B5154B1B6801934FF00003134B186801
:103C7000010A0006BFF35F8F114BD3F80435181803
:103C800041F10001B3F5801F0AD20E4BD3E90023A6
:103C9000904271EB030303D210F1807041F10001F7
:103CA000054B1A68019B5A404FF0000301D00BF0FE
:103CB000D7F903B05DF804FB488C032014E300201F
:103CC0000050014078D700202DE9F04F89B01F4601
:103CD000129B16460293139B04460393484B9DF890
:103CE00050A01B6807934FF00003FFF717FF0190E8
:103CF000FFF7B6FFB04271EB070355D2414B301AC4
:103D000067EB0101984271F1000150D23E4B03EB89
:103D10000413D3E902239F4208BF964260D04FF4B8
:103D2000803808FA04F3DFF8E48000932046C8F8EE
:103D3000483326F07F4BFFF7D1FE4FF0030958467A
:103D400004F15005AD00ADB205F1804504F5A8734E
:103D500005F5A8350493049B20F07F4248F8232002
:103D6000009BC8F84433D8F80425294B801A03383F
:103D700020F07F40984233D9286868B1D8F80425EC
:103D8000A2EB0B0020F07F40B0F5000F059227D981
:103D90002046FFF7A3FE059ABAF1000F07D109EB01
:103DA000020009F10109D6E7BAF1000F0ED06FF059
:103DB000150520460199FFF719FF114B1A68079B5B
:103DC0005A404FF0000317D00BF04AF90123114A73
:103DD000A340D2E8EF0F1843C2E8E10F0029F8D161
:103DE000094902982301C850039B01EB04120025E6
:103DF000C2E902675360DCE7284609B0BDE8F08FEE
:103E0000488C03200100800060D700200050014052
:103E1000FDFF7F000CE3002070B54FF0FF30002560
:103E20004FF0FF31204B86B01B6805934FF0000325
:103E30001E4C1F4B0226C4F80833C4F848331D4BF0
:103E4000C4F80855C3E902014FF480334FF400125F
:103E5000C4F80433184B01211520C4F80463C3F8D7
:103E600080212A46FBF75AFA1520FBF7EFF90123C8
:103E7000124AA36023601360114B124A0093284634
:103E80000023CDE90155FFF71FFF3046FEF740FF45
:103E9000054B1A68059B5A404FF0000301D00BF008
:103EA000DFF8284606B070BD488C03200050014062
:103EB00003000F0060D7002000E100E010E30020C5
:103EC000813B0100FFFF7F002DE9F043364B85B0B9
:103ED0001B6803934FF00003344BD3F8042390077F
:103EE0000BD5D3F8042142B10022C3F80421304A93
:103EF000D3F804311368013313602C4AD2F8043329
:103F0000D90327D52B4BD3E8EF1F21F00100C3E8DD
:103F1000E40F002CF7D1CB0702D4D2F84031CBB15B
:103F20000025224CC4F84051D4F84031FFF798FEE8
:103F30004FF02003EFF3118283F31288BFF36F8FEA
:103F40001D4BD3E90267B042B9410CD282F311880C
:103F5000BFF36F8F144B1A68039B5A404FF0000356
:103F60001ED00BF07DF84FF0FF38D3E900104FF072
:103F7000FF391D60C3E902894FF48033C4F8483328
:103F8000C4F84051D4F8403182F31188BFF36F8FE9
:103F90000029DFD0009032463B4628468847D9E7C3
:103FA00005B0BDE8F08300BF488C032000500140FD
:103FB00014E300200CE3002060D7002030B51A4B3A
:103FC00087B01B6805934FF00003431C174C05D0C6
:103FD0008442A8BF0446012CB8BF0124FFF740FE6D
:103FE000134B124DD3E90013401AB0F5000F16D24F
:103FF0002218AA4228BF2A46002052180D4943F130
:104000000003CDE901000091FFF75EFE064B1A6840
:10401000059B5A404FF0000303D00BF021F82A46CD
:10402000EAE707B030BD00BF488C0320FFFF7F00E8
:1040300070D70020813B010007B50B4B1B68019333
:104040004FF00003FFF70CFE084B1B68C01A064B2D
:104050001A68019B5A404FF0000301D00BF000F8A2
:1040600003B05DF804FB00BF488C032070D700202C
:1040700007B5094B1B6801934FF00003FFF7F0FDF4
:10408000054B1A68019B5A404FF0000301D00AF01B
:10409000E7FF03B05DF804FB488C032073B50D4BBC
:1040A00005461B6801934FF000030B4C0B4EB442C6
:1040B00008D3084B1A68019B5A404FF0000307D001
:1040C0000AF0CEFFD4E90031284698470834EEE7DD
:1040D00002B070BD488C0320485B0200485B0200C0
:1040E00073B5154B002201212A201B6801934FF064
:1040F0000003FBF713F9114808F05EFB044628B1F2
:10410000012103460E4A0F48F9F79AFF0E4D0F4E54
:10411000B54208D3084B1A68019B5A404FF0000380
:1041200007D00AF09DFFD5E90031204698470835B1
:10413000EEE7204602B070BD488C0320E42E02005A
:10414000CD420200642C0200485B0200585B020072
:10415000F7B5174B01461B6801934FF00003154B51
:104160000B251A68144B002618461F46B84201D387
:10417000013D0CD11846013A19605A600C4B1A687F
:10418000019B5A404FF000030FD00AF069FF04680A
:104190008C42F3D03CB14468141BA642BCBF03461A
:1041A00026460830E2E70346E4E703B0F0BD00BF6F
:1041B000488C0320D4E30020E0E3002007B5002072
:1041C0000D4B1B6801934FF000030C4BC3E900003B
:1041D0000B4BD3E8EF2FC3E8E10F0029F9D1064BD1
:1041E0001A68019B5A404FF0000301D00AF038FFD3
:1041F00003B05DF804FB00BF488C0320D8E3002027
:10420000D4E3002007B5094B1B6801934FF000036E
:10421000064B1A68019B5A404FF0000301D00AF088
:104220001FFF03B05DF804EB08F0CCBB488C032003
:104230002DE9F047654B8AB005460E461B68099389
:104240004FF000030EF06CF858B96FF06D005F4B43
:104250001A68099B5A404FF0000300F0B4800AF03E
:10426000FFFE0BF0FBF833680446002B0F4604D129
:104270000AF032FD6FF00A00E9E7BCBF4FF0FF33F0
:1042800033600122002102A809F034FB0DF104087B
:1042900008954FF02003EFF3118A83F31288BFF3E0
:1042A0006F8F0AF0EBFDFFF753FFDFF824914268B0
:1042B000D9F800309A426DD10023464D01936B68C6
:1042C000002B6ED1C5E900888AF31188BFF36F8F88
:1042D00033685A1C6AD04FF4004E40F2E730002198
:1042E00023EAE37C4FF47A720023CCFB0E01F4F74F
:1042F00083FD02460B4602A809F056FB4FF020034F
:10430000EFF3118A83F31288BFF36F8F00222B68BB
:104310005BB1434554D10199002A4BD16A682960A9
:104320009A4200D16960002301930AF0A7FDFFF7CC
:104330000FFFD9F8003043608AF31188BFF36F8F05
:104340000DF0EEFF002880D035686B1C27D00BF0F5
:1043500085F84FF47A7EA0FB0E320EFB0121A4FB00
:104360000E420EFB0722DB0BE40B43EA414344EA17
:1043700042441B1B4FEAD1314FEAE57C61EBD2315D
:10438000ED1A6CEB010CBCF1000FB8BF00253560D5
:104390002DB96FE743608AF31188BFF36F8F002058
:1043A00055E7C3F80080C5F804808DE74FF0FF3271
:1043B0001346A0E711606968994208BF6A60B2E7D6
:1043C0001A461B68A4E70AB0BDE8F087488C0320B2
:1043D000D4E30020D8E3002013B50A4B04461B6841
:1043E00001934FF00003FBF757FC064B04601A687B
:1043F000019B5A404FF0000301D00AF031FE02B099
:1044000010BD00BF488C032007B5094B1B68019302
:104410004FF00003064B1A68019B5A404FF000030F
:1044200001D00AF01DFE03B05DF804EB08F0C4BE35
:10443000488C032037B5194B04681B6801934FF073
:1044400000032CB1164B9C4202D3A8339C420BD3E1
:10445000144C2378062B16D85D1C2570104C03EBEA
:10446000430304EBC303036000680C4B1C68019B0F
:104470005C404FF0000301D00AF0F2FD03B0BDE84C
:10448000304009F037BA054B1A68019B5A404FF08B
:104490000003F1D16FF00B0003B030BD488C032056
:1044A0002CE30020C4B9022007B5094B1B68019317
:1044B0004FF00003064B1A68019B5A404FF000036F
:1044C00001D00AF0CDFD03B05DF804EB09F034BA79
:1044D000488C032073B5174B05461B6801934FF0BA
:1044E00000034B1C1FD021EAE1744FF4004640F258
:1044F000E73000214FF47A720023C4FB0601F4F781
:104500007BFC02460B46284609F04EFA094B002870
:1045100018BF6FF00A001A68019B5A404FF0000361
:1045200005D00AF09DFD4FF0FF321346EBE702B0D5
:1045300070BD00BF488C032007B5174B02681B688D
:1045400001934FF000032AB1144B9A4202D3143363
:104550009A4206D3124B1A7892B901221A700F4B65
:10456000036000680C4B1A68019B5A404FF000032F
:1045700001D00AF075FD03B05DF804EB09F0AAB8AC
:10458000054B1A68019B5A404FF00003F1D16FF0C0
:104590000B0003B05DF804FB488C032018E30020F7
:1045A000C3B9022007B5094B1B6801934FF0000304
:1045B000064B1A68019B5A404FF0000301D00AF0E5
:1045C0004FFD03B05DF804EB08F0AABF488C032050
:1045D00073B5174B05461B6801934FF000034B1C46
:1045E0001FD021EAE1744FF4004640F2E730002189
:1045F0004FF47A720023C4FB0601F4F7FDFB024678
:104600000B46284608F0DCFF094B002818BF6FF066
:104610000A001A68019B5A404FF0000305D00AF0C7
:104620001FFD4FF0FF321346EBE702B070BD00BF35
:10463000488C032037B50546124B1B6801934FF099
:104640000003114BD3E8EF1F0131C3E8E21F002A3A
:10465000F8D10E4B1C6844B90A4B1A68019B5A40AA
:104660004FF000030BD00AF0FBFCE369AB4201D032
:1046700005B113B9201D09F05FF92468EBE703B019
:1046800030BD00BF488C0320D4E30020D8E30020D5
:1046900007B50B4B01461B6801934FF00003084B15
:1046A0001A68019B5A404FF0000301D00AF0D8FC71
:1046B00000220023034803B05DF804EB08F0DEBCE1
:1046C000488C032030E4002007B50A4B01461B68E4
:1046D00001934FF00003074B1A68019B5A404FF0BB
:1046E000000301D00AF0BCFC034803B05DF804EB02
:1046F00008F0DEBC488C032030E4002007B50B4BEB
:1047000001461B6801934FF00003084B1A68019B98
:104710005A404FF0000301D00AF0A2FC002200230F
:10472000034803B05DF804EB08F0A8BC488C0320F4
:1047300044E4002007B50A4B01461B6801934FF083
:104740000003074B1A68019B5A404FF0000301D049
:104750000AF086FC034803B05DF804EB08F0A8BC3F
:10476000488C032044E4002007B50E4B4FF48062D0
:104770000D490E481B6801934FF0000308F0ECFB55
:10478000084B1A68019B5A404FF0000301D00AF011
:1047900067FC4FF402520649064803B05DF804EB8B
:1047A00008F0DABB488C0320C5B9022030E40020B1
:1047B000E884002044E4002013B50C4B1B680193EF
:1047C0004FF000030A4B1C6844B9084B1A68019B60
:1047D0005A404FF0000306D00AF042FC201D09F0B9
:1047E000ABF82468F0E702B010BD00BF488C03208E
:1047F000D8E3002073B50D4B05461B6801934FF0BD
:1048000000030B4C0B4EB44208D3084B1A68019BB3
:104810005A404FF0000307D00AF022FCD4E90031DF
:10482000284698470834EEE702B070BD488C032054
:10483000405B0200485B020007B50A4B0A481B6850
:1048400001934FF0000306F04DFD064B1A68019BE3
:104850005A404FF0000301D00AF002FC002003B0E0
:104860005DF804FB488C0320F547010013B5574B56
:1048700029281B6801934FF0000300F0A1800ADC97
:10488000012857D0062800F09D80002800F096806F
:104890004FF0FF303BE0B0F58D7F04D0B0F5007FE6
:1048A000F6D11E2950E04B1E142BF1D801A050F870
:1048B00023F000BF0B4901000B4901000B49010027
:1048C0000B4901000B4901000B490100914801000F
:1048D0009148010091480100914801009148010070
:1048E0000B4901000B490100214901002549010044
:1048F000914801009148010009490100294901003E
:104900002D490100314901000E21002011602F4B7B
:104910001A68019B5A404FF0000355D00AF0A0FBE3
:104920000F21F2E71021F0E71121EEE71221ECE769
:104930001321EAE736293FDC202907DC1429E4D0DB
:1049400038DC0229E1D00429DFD0A1E7A1F121035D
:10495000152B9DD801A050F823F000BF0B49010092
:104960000B49010091480100914801009148010064
:1049700091480100914801000B4901009148010054
:1049800091480100914801009148010091480100BF
:1049900091480100914801009148010091480100AF
:1049A0000B4901000B4901000B4901000B490100B3
:1049B0000B4901001529C7E73D29C5E71F29C3E7B2
:1049C0002029C1E73729BFE702B010BD488C03207A
:1049D00007B50F4B4FF0FF321B6801934FF00003F8
:1049E0000C4B1A609A611A639A641A669A67C3F844
:1049F0009020C3F8A820064B1A68019B5A404FF03C
:104A0000000301D00AF02CFB002003B05DF804FB8A
:104A1000488C03205CE4002007B5094B1B68019318
:104A20004FF00003064B1A68019B5A404FF00003F9
:104A300001D00AF015FB002003B05DF804FB00BFB5
:104A4000488C03202DE9F041144600221E46284BD5
:104A500086B001291B6805934FF000030D46CDE990
:104A60000322DDF83080076810D1192C19D1FBF72B
:104A700013F95F2303604FF0FF301D4B1A68059B4D
:104A80005A404FF000032FD00AF0EAFA2146284698
:104A900002AAFFF7EBFE00281EDAFBF7FDF86D23F4
:104AA000E8E72146284602AAFFF7E0FE0028F4DBEB
:104AB000143C012C07D836B14FF008083268B368AF
:104AC0000392049303AE334629463846029ACDF842
:104AD000008007F033FAD0E7B5F58D7FF3D10C2CC9
:104AE00008BF4FF00408EEE706B0BDE8F08100BF54
:104AF000488C03202DE9F0411C462C4B88B01B68E4
:104B000007934FF0000300230F461546CDE9053308
:104B1000082306682946384603AADDF8388004933E
:104B2000FFF7A4FE00280EDAFBF7B6F86D234FF06E
:104B3000FF3603601D4B1A68079B5A404FF0000375
:104B40002FD00AF08DFA012F1CD1A5F11403012BEF
:104B500018D804AA05AB304600923946039A07F0EC
:104B600019FB06460028E5D1012FE3D1042D0CD115
:104B700020680028DED0FFF72FFCFBF78DF80368D4
:104B80002360D7E742462346E5E7143D012DD1D8FF
:104B9000059BC4E90030069BA3601023C8F80030D1
:104BA000C8E7304608B0BDE8F08100BF488C03205C
:104BB00007B50A4B1B6801934FF00003074B1A68B7
:104BC000019B5A404FF0000301D00AF049FA0068F7
:104BD00003B05DF804EB0CF053BE00BF488C03201B
:104BE00037B50D4B04461B6801934FF0000344B9E1
:104BF000094B1A68019B5A404FF000030AD00AF093
:104C00002FFAA06925680BF07BF820460BF078F8A6
:104C10002C46ECE703B030BD488C032007B51349A0
:104C20000346096801914FF0000111490878C0B9A5
:104C30001049097839B1A2F58071022908D9A2F585
:104C40008872012A04D9013B022B8CBF002001206D
:104C5000064B1A68019B5A404FF0000303D00AF03C
:104C6000FFF90020F4E703B05DF804FB488C032053
:104C700046BE022045BE022037B5104B02221B68FB
:104C800001934FF000034B8801F114044380034665
:104C900023F8042B0A1D52F8045BA24243F8045B7C
:104CA000F9D10B7D0375054B1A68019B5A404FF0F3
:104CB000000301D00AF0D4F903B030BD488C0320C2
:104CC00037B5104B02221B6801934FF00003438855
:104CD00000F114044B800B4623F8042B021D52F8FC
:104CE000045BA24243F8045BF9D1037D0B75054BCD
:104CF0001A68019B5A404FF0000301D00AF0B0F946
:104D000003B030BD488C0320034630B51B4C8BB03C
:104D1000246809944FF000041C680B880846012B96
:104D200014D14A88ADF80430ADF8062008224B684B
:104D300001A9029320460CF0B5FC104B1A68099BA0
:104D40005A404FF0000316D00AF08AF9022B05D121
:104D500003A9FFF7B5FF162203A9EBE7074B186875
:104D6000099B58404FF00003EED120460BB0BDE840
:104D700030400CF097BC0BB030BD00BF488C032016
:104D8000034610B51C680B88174A8AB0012B0846E9
:104D9000126809924FF0000214D14A88ADF804302D
:104DA000ADF8062008224B6801A9029320460CF0BA
:104DB0001BFD0D4B1A68099B5A404FF0000310D0A1
:104DC0000AF04EF9022B05D103A9FFF779FF16224D
:104DD00003A9EBE7FAF760FF6A2303604FF0FF30A7
:104DE000E7E70AB010BD00BF488C032013B509499E
:104DF000096801914FF0000106490C6801994C4087
:104E00004FF0000101D00AF02BF902B0BDE81040CC
:104E100008F0D6BB488C032073B5164B18251B68C9
:104E200001934FF0000300230168134C05FB03F2CC
:104E3000A658B14211D1B0F906100E4B1868019B6B
:104E400058404FF0000301D00AF00AF90832A018C8
:104E500002B0BDE870400AF0F5BE0133082BE5D181
:104E6000044B1A68019B5A404FF00003ECD102B08A
:104E700070BD00BF488C03205CE4002007B5094BDF
:104E80001B6801934FF00003064B1A68019B5A40C0
:104E90004FF0000301D00AF0E3F803B05DF804EB33
:104EA00008F03EBB488C03202DE9F04F14460E4617
:104EB00000218BB01F46474B0546202201A81B68E6
:104EC00009934FF0000300910DF057FA5CB163684D
:104ED0000193E3680393A368029323690493E3694E
:104EE00003B1079301AC4FF0FF324FF0FF333A4864
:104EF000FFF77CFF31466B462246284606F000FD50
:104F0000064648B9804681464FF0180A009D386031
:104F100075B900980CF04AFB2F48FFF7AFFF2D4BF7
:104F20001A68099B5A404FF000034ED00AF098F8D7
:104F300050200AF025FF0446002840D0C0F8009019
:104F4000C0F81C902B684360AB68C3606B688360DB
:104F5000EB680361D5F804B0BBF1010F14D1082050
:104F60000AF00EFFA06138B3082363616B695A88A9
:104F7000A0F800B042805B684360B8F1000F21D117
:104F80003C60A046ED69C3E7BBF1020F09D00AF00F
:104F9000B7FE6FF005063868FFF722FE00233B607E
:104FA000B7E718200AF0ECFEA06128B1C4F814A0FD
:104FB0006969FFF761FEE0E720460AF0A1FE6FF0A5
:104FC0000906E8E7C8F80040DBE730460BB0BDE86B
:104FD000F08F00BF488C032024CD00202DE9F0473E
:104FE0009846284B8CB00546D0E900900E461746EF
:104FF0001B680B934FF00003149C08B1FFF73EFFB2
:10500000CCB9CDE9004443463A46314648460CF017
:1050100002FD0446686828B14FF0FF324FF0FF33BD
:10502000FFF7E4FE174B1A680B9B5A404FF0000342
:1050300023D00AF015F82388012B0BD1ADF80C30E2
:105040006368628804930823019303ABADF80E20D4
:105050000093D8E7022B09D10DF1140A51462046DE
:10506000FFF72EFE1623CDE900A3CCE7FAF714FED6
:105070006A234FF0FF340360CCE720460CB0BDE854
:10508000F08700BF488C03202DE9FF47474B0746B8
:1050900090461B6803934FF000030C4679B300233E
:1050A0001A46C868834239D1802A76D800254FF045
:1050B000FF324FF0FF333E48FFF798FEA9463D4EC2
:1050C000E3689D4231D300263546DFF8E8A0B145BC
:1050D00011DD85B96368384601932368A9EB0602A0
:1050E00000930AEB06014346FFF778FF051EEEDD4D
:1050F0002E44B145EEDC2E48FFF7C0FE05E0FAF77E
:10510000CBFD16234FF0FF350360284B1A68039B35
:105110005A404FF0000345D009F0A2FFA16801EB0F
:10512000C301496801330A44BCE7A36806EB0900E0
:1051300003EBC50253F8351052680DF011F9A3685E
:105140004FEAC50A53445B6801359944B8E7A36840
:105150004FEAC60A03EBC6035B683BB14FF0000998
:10516000A36803EB0A025268914504D30136E36851
:105170009E42ECD3C9E753F80A106368494401938F
:10518000236838460093A2EB09024346FFF726FF47
:10519000011E05DB89440D44E2E700263546E6E7BB
:1051A0000D46B2E7284604B0BDE8F087488C0320DE
:1051B00060CD0020C5BD02201FB50A4B1B680393BC
:1051C0004FF000030023CDE90033FFF707FF054B45
:1051D0001A68039B5A404FF0000301D009F040FFCA
:1051E00004B010BD488C03202DE9F04F05469A46C7
:1051F00040682F4B8BB00C46DDE9146791461B6865
:1052000009934FF0000308B1FFF738FED5F800B05E
:1052100006B1D7B900232146CDE900334A465346AB
:1052200058460CF039FD0446686828B14FF0FF324B
:105230004FF0FF33FFF7DAFD1D4B1A68099B5A4008
:105240004FF0000330D009F00BFF0DF10C081622CF
:10525000002140460DF091F8162202AB2146CDE91F
:105260000083029253464A4658460CF015FD041E30
:10527000DADBBDF80C30012B0AD1029A082AD3D10F
:105280003380BDF80E10049B718073603A60CBE7E9
:10529000022BC9D1029B162BC6D141463046FFF7DF
:1052A000EBFC18233B60BFE720460BB0BDE8F08F56
:1052B000488C03201FB50A4B1B6803934FF0000373
:1052C0000023CDE90033FFF78FFF054B1A68039BDE
:1052D0005A404FF0000301D009F0C2FE04B010BDE7
:1052E000488C032073B5154B4FF0FF321B680193B8
:1052F0004FF0000305464FF0FF331148FFF776FDEE
:10530000002318200F4A00FB03F156588C18013671
:105310000CD155500A48FFF7B1FD084B1A68019BA4
:105320005A404FF0000306D009F09AFE0133082BD3
:10533000E9D10024EEE7204602B070BD488C03207E
:10534000FCCC00205CE4002013B5104B04461B6825
:1053500001934FF000034FF0FF324FF0FF330C4842
:10536000FFF744FD4FF0FF320023C4E90023074B51
:105370001A68019B5A404FF0000301D009F070FEFB
:10538000034802B0BDE81040FFF778BD488C032009
:10539000FCCC002037B50D4B054600681B68019317
:1053A0004FF0000306F098FD044610B92846FFF7B9
:1053B000CBFF064B1A68019B5A404FF0000301D007
:1053C00009F04EFE204603B030BD00BF488C0320DC
:1053D0002DE9F043344B89B007460C4615461B684F
:1053E00007934FF00003F6F7BDFC0646002E386821
:1053F0001DDBFCB10DB32B686A46082B18BF1623C2
:105400000DF10409009349460CF068FAB0F1000868
:105410000ADBFFF767FF074690B9FAF73DFC0C235C
:105420000360404606F058FD3046F6F717FD4FF092
:10543000FF3618E02246A146E5E72A46A946E2E7FC
:1054400064B15DB1B9F80030012B15D108222A6092
:10545000BDF806202380029B628063603946304697
:10546000124AF6F7CBFC104B1A68079B5A404FF0D4
:10547000000315D009F0F4FD022B06D118232046B5
:105480002B6001A9FFF7F8FBE8E7FAF705FC862394
:105490000360404606F020FD3846FFF755FFC3E79E
:1054A000304609B0BDE8F083488C0320182F020075
:1054B00013B50446104B114A1B6801934FF00003CB
:1054C0000F4B186003680F48DA61FBF733F8236865
:1054D0000C33D3E8EF1F41F00801C3E8E21F002AB4
:1054E000F7D1054B1A68019B5A404FF0000301D0D9
:1054F00009F0B6FD02B010BD488C032045560100EE
:1055000058E40020102F0200F0B54C4B89B01B6806
:1055100007934FF00003A1F581730768032B5ED852
:10552000DFE803F00247885A0124D2E901611368D9
:10553000434AB3F904300592ADF818308DF81A409B
:105540003368994204D1FAF7A7FB0C23036014E0F7
:1055500000F1080528460AF045FB21462B460022AB
:1055600030680AF087FA0823214600933C22384627
:1055700005AB06F0E3FC044610B14FF0FF340EE03B
:10558000336814333360CDE90300284603AA04A925
:105590000AF040FB049B002B18BF6FF07704274BE9
:1055A0001A68079B5A404FF000032CD1204609B0DF
:1055B000F0BDD2E900421368143313600023CDE933
:1055C000043304AA05A908300AF024FB059B0BB19B
:1055D000049BE3800024E2E713684360FAE70329B1
:1055E0001CD0042922D1146834F4804303D0FAF784
:1055F00053FB16230360114BA2131968079B5940F4
:105600004FF0000301D009F02BFD0421384602F0D1
:10561000010209B0BDE8F0400CF067BC002238463A
:105620000CF063FC840304F48044B8E7FAF734FB1D
:1056300016238BE76FF05E04B1E700BF488C0320B0
:10564000194E01002DE9F341264B0D1E07469046E9
:105650001B6801934FF0000318DA09F0ABFA224EF1
:10566000012333704246384625F04041FAF7A8FC42
:1056700000233370044609F0C5FA1A4B1A68019BDF
:105680005A404FF0000329D009F0EAFC6B0003D523
:1056900009F090FA154EE3E7F6F764FB041E09DB08
:1056A0002946424638460BF09FFF051E05DA204684
:1056B000F6F7D4FB4FF0FF34DFE7FFF713FE0146A8
:1056C00038B9FAF7E9FA0C230360284606F004FC1F
:1056D000EDE72046064AF6F791FBCEE7204602B0FA
:1056E000BDE8F081488C032046BE022045BE022062
:1056F000182F02001FB50C4B1B6803934FF00003DB
:10570000D0E90032012100920848094AF8F7B2FCBA
:10571000054B1A68039B5A404FF0000301D009F073
:105720009FFC05B05DF804FB488C0320642C02004C
:1057300010430200034673B50C46114A0068126814
:1057400001924FF00002DA88197922430124056999
:105750008C402B6812F0010F14BF2343A3438668CB
:105760002B60074B1C68019B5C404FF0000301D08D
:1057700009F076FC336802B0BDE87040184700BFFE
:10578000488C032013B5144B1B6801934FF00003A2
:10579000012303FA01F103691B6819420AD05AB1C7
:1057A0000D4B1A68019B5A404FF000030BD18368E0
:1057B0001B690CE0002AF3D0074B1A68019B5A4082
:1057C0004FF0000301D009F04BFC8368DB6802B0A6
:1057D000BDE81040184700BF488C032007B50A4BAE
:1057E0000A461B6801934FF00003074B1968019BA1
:1057F00059404FF0000301D009F032FC012103B001
:105800005DF804EBF8F704BC488C032007B50B4B9C
:105810000B490C481B6801934FF00003FFF7DEFFB4
:10582000064B1A68019B5A404FF0000301D009F063
:1058300017FC6FF0150003B05DF804FB488C0320E3
:1058400039430200142C020007B50B4B0B490C48DE
:105850001B6801934FF00003FFF7C0FF064B1A6867
:10586000019B5A404FF0000301D009F0F9FB0020E2
:1058700003B05DF804FB00BF488C032054430200D2
:10588000142C02002DE9F74300241F4B25461B680A
:1058900001934FF000034FF001081C4E3068377938
:1058A000D0F81090836869465B689847002813D049
:1058B0001BDB08FA05F31C430135042D06F108062D
:1058C000ECD1114B1A68019B5A404FF0000313D1E1
:1058D000204603B0BDE8F083D9F80020009B08FA09
:1058E00007F753403B42E7D0E3E7074B1A68019BB9
:1058F0005A404FF0000301D009F0B2FB03B0BDE8FD
:10590000F043FFF7A1BF00BF488C0320782F0200AF
:105910002DE9F341184B074688461B6801934FF069
:1059200000030025154E27FA05F212F0010216D1E8
:1059300028FA05F3DB0714D531793068FFF722FF29
:10594000044670B10E490F48FFF748FF0A4B1A682A
:10595000019B5A404FF000030AD009F081FB01225D
:10596000EAE70135042D06F10806DCD10024EDE755
:10597000204602B0BDE8F081488C0320582F020079
:1059800069430200142C02002DE9F743274B074618
:105990001B6801934FF0000300264FF00109244DCE
:1059A000DFF89080286877B340452FD0002814BFD7
:1059B0004FF0E8624FF0986229798368D0F810C000
:1059C0009C6934B3130208D5DCF800C009FA01F36E
:1059D00013EA0C0F18BF82F0C06202F0C06302F03D
:1059E000B072A0470446B8B101212346124A1348B9
:1059F000F8F726FB0D4B1A68019B5A404FF0000345
:105A000010D009F02DFB4FF40012D5E74FF098624B
:105A1000D2E76FF05704E7E70136042E05F10805D9
:105A2000C0D1E7E7204603B0BDE8F083488C0320EF
:105A3000782F0200842902007F430200142C020008
:105A400037B51A4B1B6801934FF000034FF020034A
:105A5000EFF3118583F31288BFF36F8F144C237813
:105A6000ABB9144B984200D050B90020FFF78CFF1F
:105A700018B111491148FFF7B1FE0022104B1A70FE
:105A80000123212223700F48002308F0F3FA85F345
:105A90001188BFF36F8F054B1A68019B5A404FF076
:105AA000000301D009F0DCFA03B030BD488C0320BC
:105AB00048BE0220842902009F430200142C0200E9
:105AC00047BE022080D700202DE9F341464B474FC7
:105AD0001B6801934FF000033B78A3B10020FFF750
:105AE00053FF78B1404B1A68019B5A404FF00003B6
:105AF00001D009F0B5FA3E493E4802B0BDE8F04198
:105B0000FFF76CBE3870FFF7BDFE04463A4BD3E892
:105B1000EF2FC3E8E14F0029F9D1384BDFF8E080DF
:105B20001A7882BBD8F80060A64219D0354B66407F
:105B30001B680BB1314698474FF0FF334FF0FF32EF
:105B4000314807F03DFD314B1D6835B1043D2B68F0
:105B50003146204698476D68F7E72B4807F0E0FC90
:105B6000C8F8004094B1204B1A68019B5A404FF08E
:105B70000003BED14FF4A4720023254802B0BDE853
:105B8000F04108F077BA00221A70E9E74FF02003DD
:105B9000EFF3118683F31288BFF36F8F1D4B1D78CF
:105BA000012D0DD086F31188BFF36F8F0E4B1A684D
:105BB000019B5A404FF000039BD102B0BDE8F08139
:105BC00028461C70FFF7E0FE3D7086F31188BFF396
:105BD0006F8F0028EAD0044B1A68019B5A404FF09F
:105BE000000386D10C4987E7488C032047BE02207A
:105BF000BB430200142C02004CE50020FCCB00202B
:105C000020E5002050E5002024E5002038E50020B4
:105C100080D7002048BE0220D443020073B5184B41
:105C200000251B6801934FF00003164E4FF400311E
:105C30003046FFF77FFD044660B113491348FFF774
:105C4000CDFD0F4B1A68019B5A404FF0000313D053
:105C500009F006FA0135042D06F10806E6D1084BD5
:105C60001A68019B5A404FF00003F1D10F2102B096
:105C7000BDE87040FFF74CBE204602B070BD00BFCB
:105C8000488C0320582F0200EC430200142C020021
:105C900007B50E4B1B6801934FF000030C4BD3E884
:105CA000AF3F00B103600B4811B102685A400A606F
:105CB0000360064B1A68019B5A404FF0000301D065
:105CC00009F0CEF903B05DF804FB00BF488C032057
:105CD0004CE500201CE500202DE9F7433F4B1B68F5
:105CE00001934FF000033E4B18603E4D3E4807F0D5
:105CF000F1FC2E460027A846F388304613F0010F2A
:105D00000CBF2021102141F48031FFF713FD044620
:105D100060B136493648FFF761FD304B1A68019B88
:105D20005A404FF0000355D009F09AF90137042F7B
:105D300006F10806E0D1064607464FF0010928683B
:105D4000297983689C693CB100234FF40012A04775
:105D5000044620B12749DDE76FF05704FAE72B79B5
:105D6000013609FA03F3042E47EA030705F1080593
:105D7000E5D10546204E214BC6E9013758F83500DC
:105D80008368DB6933B1012231469847044620B16C
:105D90001B49BFE76FF05704FAE70135042DEDD139
:105DA0001849194808F0B2F80122184B16481A7021
:105DB0000023002208F004F921462046FFF768FF7F
:105DC000FFF760FD124BD3E8EF2FC3E8E10F002986
:105DD000A3D0F8E7204603B0BDE8F083488C032049
:105DE00050E50020782F020024E500200644020040
:105DF000142C02002344020040E50020415A010017
:105E00003E440200C95A010080D7002048BE02204B
:105E10004CE5002013B5174B03280A461B68019375
:105E20004FF000030DD9134B1A68019B5A404FF0F5
:105E3000000301D009F014F902B0BDE81040FFF7EB
:105E4000E5BC0D4B03EBC001097953F83000FFF7B7
:105E500099FC044618B109490948FFF7BFFC054BF6
:105E60001A68019B5A404FF00003E3D1204602B06C
:105E700010BD00BF488C0320582F02006943020068
:105E8000142C020007B50A4B1B6801934FF0000366
:105E9000074B1A68019B5A404FF0000301D009F0EC
:105EA000DFF8012103B05DF804EBFFF7B3BF00BFDB
:105EB000488C032007B50A4B1B6801934FF0000381
:105EC000074B1A68019B5A404FF0000301D009F0BC
:105ED000C7F8002103B05DF804EBFFF79BBF00BFDC
:105EE000488C032007B50E4B0E481B6801934FF0FA
:105EF000000305F0F1F9034620B101210A4A0B48DD
:105F0000F8F79EF8064B1A68019B5A404FF00003C1
:105F100001D009F0A5F8002003B05DF804FB00BF34
:105F2000488C0320315F010066440200FC2B020014
:105F30002DE9F04383B02D4B00AF04461B687B6016
:105F40004FF0000300262A4DDFF8A8904D4527D3D7
:105F5000EEB12046F3F760F90022411D00232648E8
:105F600007F08CF8054680BB6E4688B06A46234B26
:105F7000C2E905344FF400739383214B42F8103F7C
:105F80004FF4E45103461F48F7F7AEFFB546174BF1
:105F90001A687B685A404FF0000322D009F060F87D
:105FA00095F8088018F0010F0BD1296819B1204627
:105FB0000CF0C1FA28B118F0020F04D020466B682B
:105FC00098470C35C2E70126FBE7214604300CF068
:105FD0005DFA29460C4807F02DFC0C4807F034FF09
:105FE000D5E70C37BD46BDE8F08300BF488C0320E1
:105FF0001CCC002070CC0020D4CC002093440200A4
:1060000003000001FC2B0200E8CD002004C90020A1
:106010002DE9F7431A4B1B4E1B6801934FF0000309
:10602000194FDFF8688000220023304607F01EFC7D
:106030000546F0B9124B1A68019B5A404FF0000315
:106040001BD009F00DF8237ADA070AD49B0708D48D
:10605000216819B148460CF06EFA10B148466368E1
:1060600098470C34BC42EED32946404607F020F84E
:10607000D9E7074C05F10409F4E703B0BDE8F08364
:10608000488C0320E8CD002070CC0020D4CC002028
:106090001CCC002007B50E4B1B6801934FF000038A
:1060A000A0F12303DBB2082B9CBF40F20510D840BF
:1060B000074B8CBF002000F001001A68019B5A407A
:1060C0004FF0000301D008F0CBFF03B05DF804FBF4
:1060D000488C032007B5114B1B6801934FF0000358
:1060E0000F4B1B5C03F00303022B08BF2038C0B228
:1060F000A0F14103192B0CD9A0F15F03584258417C
:10610000064B1A68019B5A404FF0000303D008F079
:10611000A7FF0120F4E703B05DF804FB488C0320DF
:10612000F359020007B50E4B1B6801934FF00003B3
:10613000A0F12C03DBB2112B96BF0A480020D840F7
:10614000074B98BF00F001001A68019B5A404FF0BE
:10615000000301D008F084FF03B05DF804FB00BF2A
:10616000488C03200140020007B50C4B0D281B682A
:1061700001934FF000030CD0A0F10A03584258419C
:10618000064B1A68019B5A404FF0000303D008F0F9
:1061900067FF0120F4E703B05DF804FB488C03209F
:1061A00073B50E4B05681B6801934FF00003AB1CE1
:1061B0000360AE7804463046FFF7D6FF10B90EB143
:1061C00003352560054B1A68019B5A404FF00003C8
:1061D00001D008F045FF02B070BD00BF488C03201D
:1061E000F7B5124B05461B6801934FF000030024DE
:1061F0000F4E56F8047B3846F3F70EF83946024640
:1062000028460CF067F960B10134042CF1D100206C
:10621000064B1A68019B5A404FF0000303D008F068
:106220001FFF0120F4E703B0F0BD00BF488C03203E
:10623000982F02002DE9F047774B0468A4B01B6843
:1062400023934FF00003237880460E4615460194B1
:10625000002B00F0DB80714B1B78062B17D1002040
:10626000671C0197B946824617F8010BFFF732FF0A
:106270000028F7D1BAF1000F01D0CDF80490A9EBB6
:10628000040322463146284600F0F2FB46E0013B7B
:10629000082B43D8DFE803F06C4F62AA0D421C3F85
:1062A000050022460021134612F8010B60B10121BE
:1062B000F9E7224600215A4F134612F8010B385CC9
:1062C00010F0440F40F0A08001B101931B1BD8E7F0
:1062D00001A8FFF765FF0022019B51481F4613F8F4
:1062E000011B415C490710D102B101973B1B2246BB
:1062F0003146284600F0BCFB3B783D2B07D17B782C
:106300003F2B0BD10237019708E00122E6E73F2B34
:1063100004D10137F7E7284600F05EFB0020019B1F
:10632000C8F800303C4B1A68239B5A404FF00003DA
:106330006FD008F095FE274697F800904846FFF783
:1063400013FF3B46013710B9B9F1000FF4D12246D3
:10635000314628461B1B00F08BFBD4E727463A78D2
:106360003B46222A07F10107F1D0002AF7D1EEE7D8
:1063700020460A2202A90AF081FA0124029B039016
:106380000193019B1878292825D020B303F1010936
:10639000FFF7C8FECDF8049008B9274619E00A2295
:1063A00002A948460AF06AFA24AB671C03EB84048E
:1063B00044F8840C4846F2F72FFFDDF808900446B5
:1063C0004846F2F729FF844206D0202FCDF80490EA
:1063D00002D03C46D5E72746BB003146284603AAF3
:1063E00000F07AFB019B0133019397E70A222046D4
:1063F00002A90AF0C7F90B46029902460191284604
:10640000314600F00FFB89E7012155E74FF0FF30DF
:1064100088E724B0BDE8F087488C03204ABE0220FC
:10642000F359020013B51D4B04461B6801934FF04E
:106430000003F2F7F1FE012829D923781849CA5C34
:1064400002F00302022A08BF203B412B1FD16378D0
:10645000CA5C02F00302022A08BF203B542B16D16B
:10646000A47804F0F703232B13D0252C11D0204659
:10647000FFF77AFE10B9B4FA84F04009074B1A68A6
:10648000019B5A404FF0000305D008F0E9FD0020C1
:10649000F4E70120F2E702B010BD00BF488C0320F2
:1064A000F35902002DE9F3416D4B07461B68019338
:1064B0004FF000030468DFF8AC8100293DD120785B
:1064C000FFF7E8FD684E054660B306230522204627
:1064D000664933700BF0FEFFF8B10522204664498F
:1064E0000BF0F8FFC8B10B22204662490BF0F2FF17
:1064F00098B10A22204660490BF0ECFF68B10B22EC
:1065000020465E490BF0E6FF38B1072220465C4981
:106510000BF0E0FFB0FA80F56D0988F8005000201C
:106520003C6050E098F8003053B92046FFF77AFFFE
:10653000002851D007233370F1E798F800301BB1E1
:106540000222494B1A70EAE700294CDDA04698F870
:1065500000504646284608F10108FFF705FE0028CE
:10656000F5D13046F2F758FE032837D92B46454A75
:10657000515D01F00301022908BFA5F12003412B61
:106580002CD17378D15C01F00301022908BF203BB4
:10659000542B23D1B378D15C01F00301022908BF49
:1065A000203B2B2B0AD0252B18D1F378D25C02F09C
:1065B0000302022A08BF203B582B0FD009226FF09C
:1065C0000100294B1A70264B1A68019B5A404FF064
:1065D000000341D008F044FD0223ACE72078FFF728
:1065E00059FD002835D12578264B5B5D5B070AD421
:1065F0002D2D08D02B2D06D0222D07D103221A4B8A
:1066000001341A708BE70422174B9BE7282D04D125
:106610000122154B14441A7081E72846FFF7A4FDA8
:1066200080B1114E3378042B09D125462C4615F83C
:10663000010BFFF799FD0028F8D105237BE7082B14
:106640003FF46DAF2846FFF76DFD10B10822064BF1
:1066500078E74FF0FF30B6E702B0BDE8F08100BF49
:10666000488C032049BE02204ABE0220CA440200D0
:10667000D0440200D6440200E2440200ED4402008D
:10668000F9440200F35902002DE9F04F1F465E4B1A
:1066900085B0894616461B6803934FF00003804679
:1066A000002800F0AA80002A00F0A7805368002B81
:1066B00000F0A38000244546104600F045F93368F9
:1066C000CDF808809F4228BF1F46504B1C70504B8E
:1066D0001C70AA469AF80000FFF746FDA346013554
:1066E00004460028F5D1BBF1000F01D0CDF808A079
:1066F0000025029B1A78002A59D0AF4257D9454944
:1067000002A88A5C2946120744BF01330293FFF7AF
:10671000C9FE431C4BD0023008BF00253246294633
:1067200002A808BFCDF80880FFF784FD01303ED0F5
:10673000DDF808A09AF80000FFF7F4FCB8B19AF869
:106740000100FFF711FD78B10135BD424ED0294659
:1067500002A8FFF7A7FE013029D03246294602A839
:10676000FFF768FD013022D0029B01330293DDF870
:1067700008B09BF80000FFF7F7FC90B30BF1010B9A
:106780009BF80020DA4610460192FFF7EDFC0BF172
:10679000010B019A0028F3D13AB11046FFF77AFCB9
:1067A00018B95046FFF71CFDD8B1CDF808A0029DDE
:1067B000F4B92B78FBB12846FFF712FD002814BF6F
:1067C00000206FF00A00B9F1000F01D0C9F80050A5
:1067D0000D4B1A68039B5A404FF0000310D008F08D
:1067E0003FFC0135BD4208BF012482E70446DEE7D5
:1067F0006FF00600E7E72046E5E76FF01500E7E7F2
:1068000005B0BDE8F08F00BF488C03204ABE0220CF
:1068100049BE0220F359020037B50A4C246801949E
:106820004FF00004074C2568019C65404FF00004C0
:1068300001D008F015FC136803B0BDE83040FFF745
:1068400023BF00BF488C032007B50C4B1B68019386
:106850004FF0000303688B4288BF4068074B94BF2A
:10686000002000EB01101A68019B5A404FF0000312
:1068700001D008F0F5FB03B05DF804FB488C032061
:1068800007B50E4B1B6801934FF000030378012BF3
:106890000CD0023B012B0BD84068084B1A68019BB7
:1068A0005A404FF0000305D008F0DAFB0820F4E767
:1068B0000020F2E703B05DF804FB00BF488C032022
:1068C00013B50E4B04461B6801934FF00003037889
:1068D000023B012B02D8806809F012FA0022002343
:1068E000C4E90223054B1A68019B5A404FF000038C
:1068F00001D008F0B5FB02B010BD00BF488C0320EA
:1069000037B5104B0D461B6801934FF0000304464A
:1069100080B11021284609F04BFA606068B1002070
:106920002560084B1A68019B5A404FF0000307D0BE
:1069300008F096FB6FF01500F3E76FF00B00F0E73F
:1069400003B030BD488C032073B5124B04461B685E
:1069500001934FF0000328B143681BB10025236861
:106960009D4208D30B4B1A68019B5A404FF000031D
:106970000ED008F075FB666806EB05163046FFF78B
:106980009FFF1022002130460BF0F7FC0135E6E7AF
:1069900002B070BD488C032037B50E4B04461B680F
:1069A00001934FF0000348B143683BB10025FFF766
:1069B000CBFF6068256009F0A3F96560054B1A6894
:1069C000019B5A404FF0000301D008F049FB03B08F
:1069D00030BD00BF488C032013B5114B1B680193D9
:1069E0004FF00003B8B14368ABB1FFF72DFF044689
:1069F00088B1FFF765FF04230022237000230020E5
:106A0000C4E90223064B1A68019B5A404FF0000369
:106A100004D008F025FB6FF01500F3E702B010BDBD
:106A2000488C032073B51D46104B16461B68019316
:106A30004FF00003A8B143689BB1FFF705FF044680
:106A400078B1FFF73DFF01230020C4E90265237000
:106A5000064B1A68019B5A404FF0000304D008F01F
:106A6000FFFA6FF01500F3E702B070BD488C032009
:106A7000F7B51D46174B17461B6801934FF00003EF
:106A800000B34368F3B1EAB1FFF7DEFE0446C8B1D4
:106A9000681C09F075F90646B8B12A4639460BF06C
:106AA0005FFC2046FFF70CFF022300206560237087
:106AB000A660084B1A68019B5A404FF0000307D0AC
:106AC00008F0CEFA6FF01500F3E76FF00B00F0E777
:106AD00003B0F0BD488C0320F7B51D46174B174691
:106AE0001B6801934FF0000300B34368F3B1EAB1B0
:106AF000FFF7AAFE0446C8B1284609F041F9064648
:106B0000B8B12A4639460BF02BFC2046FFF7D8FED9
:106B10000323002065602370A660084B1A68019B60
:106B20005A404FF0000307D008F09AFA6FF01500B2
:106B3000F3E76FF00B00F0E703B0F0BD488C0320E3
:106B400013B5154B14461B6801934FF00003F0B1C9
:106B50004368E3B1DAB1FFF777FEC0B10378012BE8
:106B600015D1D0E9023213F5004142F10002B1F52E
:106B7000803F72F100020AD200202380064B1A687F
:106B8000019B5A404FF0000304D008F069FA6FF0FF
:106B90001500F3E702B010BD488C032013B5134B6A
:106BA00014461B6801934FF00003D0B14368C3B192
:106BB000BAB1FFF749FEA0B10378012B11D1D0E99A
:106BC0000232B3F5803F72F100020AD20020238026
:106BD000064B1A68019B5A404FF0000304D008F09E
:106BE0003FFA6FF01500F3E702B010BD488C0320A8
:106BF00013B5134B14461B6801934FF00003D0B13B
:106C00004368C3B1BAB1FFF71FFEA0B10378012BEF
:106C100011D1D0E9023213F1004142F1000252B920
:106C200000202360064B1A68019B5A404FF0000376
:106C300004D008F015FA6FF01500F3E702B010BDAC
:106C4000488C032013B5114B14461B6801934FF079
:106C50000003B0B14368A3B19AB1FFF7F5FD80B16D
:106C60000378012B0DD1D0E902230020C4E90023D1
:106C7000064B1A68019B5A404FF0000304D008F0FD
:106C8000EFF96FF01500F3E702B010BD488C032058
:106C9000F7B51C46174B17461B6801934FF00003CE
:106CA00000B34368F3B1EAB1E4B1FFF7CDFD0646A6
:106CB000C0B10378022B15D1FFF7E2FD236805462A
:106CC000834212D30246B16838460BF049FB0020DC
:106CD0002560084B1A68019B5A404FF0000307D00B
:106CE00008F0BEF96FF01500F3E76FF00B00F0E766
:106CF00003B0F0BD488C032037B5124B05461B6826
:106D000001934FF00003B0B14068A0B12C681CB1F2
:106D1000002408B1037843B90A4B1A68019B5A4012
:106D20004FF000030AD008F09BF9013421462846B1
:106D3000FFF78AFDEDE76FF01504EDE7204603B09D
:106D400030BD00BF488C032013B5094B1B6801936D
:106D50004FF00003064B1C68019B5C404FF00003A2
:106D600001D008F07DF902B0BDE81040F7F750B946
:106D7000488C032037B5094C246801944FF0000477
:106D8000064C2568019C65404FF0000401D008F0D6
:106D900067F903B0BDE83040F7F752B9488C0320DB
:106DA00010B5044694B0144B4822002168461B6875
:106DB00013934FF000030BF0E0FA0122204602A9E2
:106DC00001F066F8034668B101210C4A0C48FFF750
:106DD000D1FF094B1A68139B5A404FF0000308D0AB
:106DE00008F03EF9032368468DF8003000F0E6FE17
:106DF000EFE714B010BD00BF488C0320244502000B
:106E00003C2C020010B5044694B0134B48220021DC
:106E100068461B6813934FF000030BF0AEFA204650
:106E200002A9F2F701FA034668B101210B4A0C48A6
:106E3000FFF7A0FF084B1A68139B5A404FF000035E
:106E400008D008F00DF9022368468DF8003000F0F4
:106E5000B5FEEFE714B010BD488C03204B4502008F
:106E60003C2C020010B5044694B0174B4822002178
:106E700068461B6813934FF000030BF07EFA204620
:106E800002A901F045F9034668B101210F4A1048F3
:106E9000FFF770FF0C4B1A68139B5A404FF000032A
:106EA0000FD008F0DDF8029B039AA3F59C53083B32
:106EB0001343EFD1062368468DF8003000F07EFEC4
:106EC000E8E714B010BD00BF488C032067450200FE
:106ED0003C2C020030B5444BA7B0002148220546A7
:106EE00068461B6825934FF000030BF046FA00F04C
:106EF0000DFE0146A0B93D4C2378032B41D9482211
:106F00000DEB02000BF039FA6078A8B1302108F0DF
:106F10004FFF044688B9364A01213648FFF714FF6F
:106F2000354806F009FD304B1A68259B5A404FF052
:106F3000000357D008F094F8044629462B4814AAB9
:106F4000239401F0E7FAC11D034607D001280BD9AD
:106F500001212A4A2748FFF70DFF0BE00A230221EF
:106F6000274A2448FFF706FF072312A88DF8483068
:106F700000F024FE204608F0C3FE219808F0C0FE71
:106F8000CEE7284601F028F9044630B1102108F078
:106F90000FFF044608B91B4ABEE7284602A90F9412
:106FA00001F04CF9C21D034607D0012810D9012178
:106FB000124A1048FFF7DEFE10E00221124A0D4887
:106FC000FFF7C2FE0A230221104A0A48FFF7D2FE49
:106FD000072368468DF8003000F0F0FD002C9FD0AC
:106FE0002046CBE727B030BD488C0320EDBE022001
:106FF0009B4502003C2C0200D0CD00202946020017
:10700000C74502005346020080460200EF450200D9
:1070100010B5044694B01D4B4822002168461B68F9
:1070200013934FF000030BF0A8F9204602A901F0DA
:1070300001FD034668B10121154A1648FFF79AFE83
:10704000124B1A68139B5A404FF000031CD008F0F3
:1070500007F89DF808305A1E032A01D9072BEFD1F3
:10706000DDE90421A2F59C53083B0B4308D00A43F9
:1070700008D00A2368468DF8003000F09FFDDFE756
:107080000823F7E70923F5E714B010BD488C032067
:10709000A74602003C2C020010B5044694B0134BE6
:1070A0004822002168461B6813934FF000030BF041
:1070B00064F9204602A901F02BFD034668B10121C5
:1070C0000B4A0C48FFF756FE084B1A68139B5A40B0
:1070D0004FF0000308D007F0C3FF0B2368468DF87C
:1070E000003000F06BFDEFE714B010BD488C0320BA
:1070F000E34602003C2C020007B5134B13481B6803
:1071000001934FF0000304F0F3F8034678B1012136
:107110000F4A1048FFF72EFE6FF00D000A4B1A6859
:10712000019B5A404FF000030AD007F099FF0A482C
:1071300004F0DEF80028F1D003460221074AE8E710
:1071400003B05DF804FB00BF488C03201347020026
:107150001E4702003C2C02000A4C02005447020069
:1071600007B50C4B0C4A01210C481B6801934FF0EA
:107170000003FFF7E9FD074B1A68019B5A404FF0E7
:10718000000301D007F06CFF6FF0150003B05DF84D
:1071900004FB00BF488C03208A4702003C2C0200FD
:1071A00037B5204B0C461B6801934FF00003054692
:1071B00040B989B30846F2F72FF8082820D06FF0BD
:1071C000150014E0F2F728F80828F8D1DCB12046C1
:1071D000F2F722F80828F2D10922294612480BF0CA
:1071E0005DF90922214611480BF058F900200D4B9A
:1071F0001A68019B5A404FF0000310D007F030FF8F
:10720000094B1D70EDE70922294607480BF046F9A6
:107210000022064B1A70E9E7034B1970F8E703B038
:1072200030BD00BF488C0320FFCB002008CC0020DD
:1072300013B51D4B1B6801934FF0000378B31B4837
:10724000F1F7EAFF04461A48F1F7E6FF082C1DD1D2
:10725000082816D1164A1549164804F049F838B1DD
:10726000034601211448154AFFF784FD6FF00D0015
:107270000D4B1A68019B5A404FF0000311D007F0E4
:10728000EFFE0A490E4804F033F8E8E7082802D177
:1072900007490C48F7E70C4804F02AF8DFE70B48E9
:1072A000FAE702B010BD00BF488C0320FFCB0020DE
:1072B00008CC0020A04702003C2C0200E747020057
:1072C000B7470200C9470200DC470200154C020024
:1072D000F0B5414B8DB01B680B934FF000030023BA
:1072E0000D460646CDE90233CDE90533CDE9083335
:1072F0008DF810308DF81C308DF82830002865D0BE
:10730000002963D0354CA0212046354A237004F073
:1073100053F8034678B10121324A3348FFF72AFD7A
:107320006FF00D042C4B1A680B9B5A404FF0000372
:107330004FD007F095FE20462C210BF09AF804461A
:1073400048B96FF04C04EDE734B90121274A2648CB
:10735000FFF7FAFCF5E70C27601C2C210BF089F8ED
:10736000013F0446F0D10028EFD00822811C0DEB2C
:1073700002000BF0C1F8601C2C210BF07AF80446D7
:107380000028E2D0811C082205A80BF0B5F82C21BA
:10739000601C0BF06EF80028D7D0811C082208A8CA
:1073A0000BF0AAF86B4608AA05A902A800F0D2FCC7
:1073B000044630B1034601210D4A0B48FFF7DAFCC1
:1073C000B0E7009B3360019B2B60ABE76FF01504C7
:1073D000A8E720460DB0F0BD488C03204BBE02202C
:1073E00016480200234802003C2C020040480200DC
:1073F0005A4802002DE9F041A6B00024054602AF2C
:10740000634B4822002107F140001B68C7F88C300D
:107410004FF000030AF0B1FF3022214607F11000BF
:10742000BC7107F108080AF0A8FFFB1DBC60C8F892
:10743000044001210093284607F11003BA1D00F013
:1074400085FDF0B16E468AB002AA524BD561C2E901
:10745000053040F2013313844F4B42F8103F4FF494
:10746000115123464D48F6F73FFDB546484B1A6883
:10747000D7F88C305A404FF0000300F0858007F0B9
:10748000EFFDBB7903F0FB03012B04D1BB69013392
:107490005CD10423BB7100F039FB0028E6D1404ADF
:1074A000BB791178994208D087F8400007F1400075
:1074B000137087F8483000F081FB3A4BB9699A683D
:1074C000914203D1DB68FA699A421DD00423354DFD
:1074D00007F1100487F840300FCC0FC50FCC0FC553
:1074E00094E80F0085E80F0007F1480607F1100542
:1074F0000FCD0FC60FCD0FC694E80F0086E80F0022
:1075000007F1400000F05AFB274AFB7911789942B5
:1075100009D01370052207F1400087F8402087F852
:10752000483000F04BFBBC7904F0FB04012C9DD1EA
:10753000404607F10C01FFF7CBFE58B14D3095D016
:1075400021461A4A1548FFF7FFFB8FE7184806F057
:10755000F3F9A0E7174BB9681A6891421A4603D1AC
:107560005B68F968994281D098E80300012387F8A5
:10757000403007F1480382E8030083E8030007F185
:10758000400000F01BFB71E79037BD46BDE8F0817D
:10759000488C032087480200040000013C2C0200B4
:1075A000ECBE0220B0D70020EBBE0220B3480200A0
:1075B00088CD002058E5002007B50D4A0346126823
:1075C00001924FF0000200220A48114603F090FE9B
:1075D000074B002818BF6FF00D001A68019B5A4036
:1075E0004FF0000301D007F03BFD03B05DF804FB52
:1075F000488C0320D14802002DE9F04F2D4B85B077
:107600001B6803934FF0000304220523CDE90123F7
:10761000A8B9294803F06CFE0346002845D0274A44
:1076200027480121FFF7A6FB6FF00D00214B1A68D8
:10763000039B5A404FF0000339D007F011FD00269C
:10764000DFF88080DFF88090DFF880A001AF57F886
:10765000044B1F4D042C14BFC346CB46584618BFDD
:107660005546F1F7D9FD04280AD15A462146194852
:1076700003F03EFE034640B1174AD1E70126E6E794
:107680002146164803F034FEF4E72846F1F7C4FD1E
:10769000042808D12A462146114803F029FE034652
:1076A00008B1104ABCE7002EE8D00020BEE705B0C4
:1076B000BDE8F08F488C03201F4C0200E648020012
:1076C0003C2C020011CC002016CC0020EFBE022082
:1076D000F4BE02201149020034490200254902008B
:1076E0005E4902006F4902001FB5184B04461B6833
:1076F00003934FF000030023029308B302AB144935
:1077000014480DF1060203F017FF031E0FDC1248A8
:107710000121124AFFF72EFB6FF00D000B4B1A6888
:10772000039B5A404FF000030DD007F099FC029BD9
:10773000002001330CBF04239DF806302370EDE7D1
:107740006FF01500EAE704B010BD00BF488C0320BD
:1077500099490200B64902003C2C0200C0490200CF
:1077600037B51C4B421E062A05460C461B68019382
:107770004FF0000310D90346174A18480121FFF7BC
:10778000F9FA6FF01500134B1A68019B5A404FF03D
:1077900000031DD007F064FC042902D90B46104AEF
:1077A000EBE7104A525C104951F820100F4803F0E3
:1077B0009FFD40B10346012108480D4AFFF7DAFA60
:1077C0006FF00D00DFE70B4A0B4B15701C70DAE70A
:1077D00003B030BD488C0320ED4902003C2C020070
:1077E0000F4A0200054C0200A82F0200344A020092
:1077F0004A4A0200FECB0020FDCB002013B5154BFA
:1078000004461B6801934FF00003E8B11249134886
:107810000DF1020203F090FE012803460FD010483C
:107820000121104AFFF7A6FA6FF00D00094B1A6804
:10783000019B5A404FF0000309D007F011FCBDF83E
:10784000023000202370F1E76FF01500EEE702B080
:1078500010BD00BF488C03206F4A02007A4A020024
:107860003C2C0200834A020037B5234B042804460F
:107870001B6801934FF0000321D8042824D8DFE8C7
:1078800000F02C0A2C232C0001231C4AAB4013428D
:1078900023D1012D18D1FFF72FFC0346E8B10121B8
:1078A000174A1848FFF766FA6FF00D00124B1A6876
:1078B000019B5A404FF000031BD007F0D1FBA0F111
:1078C0001405EDB2182DDFD90E48234601210E4ACA
:1078D000FFF750FA6FF01500E8E721460B4803F078
:1078E00007FD0028E2D00121094A0648FFF72CFADB
:1078F000DAE703B030BD00BF488C0320010C300133
:10790000BE4A02003C2C0200E84A0200044B02007E
:107910000F4B0200F7B5314B07461B6801934FF040
:10792000000301242E4ED6E8EF3FC6E8E24F002ABE
:10793000F9D1002B4CD10DF10300FFF7D5FE054620
:1079400060B12146274A2848FFF7FEF96FF00D0481
:107950009DF80200FFF788FF254629E09DF80330D7
:1079600003F0FB03012B23D00DF10200FFF746FFCC
:107970000028EBD11D4806F04FF82046FFF774FFB2
:1079800004460028E4D19FB14FF0967200231748B7
:1079900006F00AF810F10B0F044607D10321144A30
:1079A0001148FFF7D1F96FF07304D1E70028CFD168
:1079B0000023D6E8EF2FC6E8E13F0029F9D1074BB5
:1079C0001A68019B5A404FF0000304D007F048FBAF
:1079D0006FF07605F3E7284603B0F0BD488C03202E
:1079E00054E50020484B02003C2C020088CD0020CA
:1079F000724B020007B5134B1B6801934FF0000355
:107A000070B100F09FF80F4B1A68019B5A404FF07D
:107A1000000310D1002003B05DF804EBFFF77ABF3C
:107A200000F074F80028EED0064B1A68019B5A400B
:107A30004FF0000301D007F013FB03B05DF804EB37
:107A4000FFF78EBB488C032007B50C4B00201B684A
:107A500001934FF00003FFF707FF084B002818BF02
:107A60006FF00D001A68019B5A404FF0000301D0DF
:107A700007F0F6FA03B05DF804FB00BF488C032062
:107A800013B5094B1B6801934FF00003064B1C68AC
:107A9000019B5C404FF0000301D007F0E1FA02B017
:107AA000BDE81040F6F7B4BA488C032037B5094C4E
:107AB000246801944FF00004064C2568019C654041
:107AC0004FF0000401D007F0CBFA03B0BDE830401E
:107AD000F6F7B6BA488C032007B50A4B1B6801932A
:107AE0004FF00003074B1A68019B5A404FF0000308
:107AF00001D007F0B5FA044803B05DF804EB05F0D7
:107B00000FBD00BF488C032038CD002007B50B4BBC
:107B10001B6801934FF00003094B1868074BB0FA3C
:107B200080F01A68019B5A404FF000034FEA501052
:107B300001D007F095FA03B05DF804FB488C0320F0
:107B400060E5002073B51A4B06461B6801934FF0A1
:107B50000003184D4FF0FF324FF0FF33164805F089
:107B60002FFD2C6844B9082008F00AF948B9FFF73E
:107B7000B3FF6FF068000DE063689E4207D0246891
:107B8000F0E7046046606B686BB9C5E90000FFF779
:107B9000A3FF0020064B1A68019B5A404FF00003D8
:107BA00004D007F05DFA18606860F0E702B070BDBD
:107BB000488C032060E5002038CD002037B51A4BF3
:107BC0001A4C1B6801934FF000032368054613B35A
:107BD0004FF0FF334FF0FF32154805F0F1FC2368FA
:107BE0000BB11C6843B9104B1A68019B5A404FF007
:107BF00000030BD007F034FA28465B6898471CB1A5
:107C0000226823461446EDE72246FAE703B0BDE8B2
:107C10003040FFF761BF044B1A68019B5A404FF098
:107C20000003E7D103B030BD488C032060E500209D
:107C300038CD002073B5144B0E4614461B680193D3
:107C40004FF00003054600B172B901210F4A1048F8
:107C5000FFF716FF00200C4B1A68019B5A404FF0AB
:107C600000030FD007F0FCF91046F1F7D5FAB04247
:107C7000F0D83246214628460AF062FBB0FA80F07E
:107C80004009E8E702B070BD488C03202B4C02008D
:107C90003C2C020073B5194B0C46054616461B6872
:107CA00001934FF00003F7F7F7FF0023224603602C
:107CB0006946284608F0C8FC009B0446AB420AD13E
:107CC0006FF03C000D4B1A68019B5A404FF00003C7
:107CD00012D007F0C5F91B78002BF1D100F1004359
:107CE000013B033302D800203460EBE7F7F7D4FF01
:107CF0000368222BF7D1E3E702B070BD488C032064
:107D000030B51025124B87B01B6805934FF0000368
:107D100014466B4601AA0095FEF7BAFF68B9009BAE
:107D2000224618336B4403F8140C294601A8FFF7C8
:107D3000B1FF002818BF6FF03C00054B1A68059B87
:107D40005A404FF0000301D007F08AF907B030BD68
:107D5000488C03202DE9F7434FF000081C46434BA5
:107D600007461B6801934FF000030E461546CDF8F9
:107D70000080F1F751FA08281BD13046F1F74CFA90
:107D8000082816D12846F1F747FA082811D1328879
:107D9000B378ADF800204146022268468DF80230E3
:107DA00008F06CFD07280FD9314A01213148FFF74F
:107DB00067FE6FF015002D4B1A68019B5A404FF07B
:107DC000000350D007F04CF92B4B022253F82090BF
:107DD0004146F01C08F052FDB9F1000F11D14FF0EF
:107DE000FF3323602A88AB78ADF8002000210222FF
:107DF00068468DF8023008F041FD072815D91F4A62
:107E0000D3E709FB00F020600130EBD03A88BB7863
:107E1000ADF800200021022268468DF8023008F0FB
:107E20002DFD07280FD9164ABFE7164B53F82060DF
:107E30000EB9154AB9E702220021E81C08F01EFD20
:107E400070432060E2E7114B022253F820500021DA
:107E5000F81C08F013FD1DB1454300206560AAE73A
:107E60004FF0FF35F9E703B0BDE8F083488C0320FD
:107E7000504D02003C2C0200F02F0200854D020004
:107E8000D14D020010300200B14D0200103002004E
:107E9000F0B5284B85B00D4604211B6803934FF0C5
:107EA0000003002307460DEB01001646CDE9013320
:107EB000FEF726FD044670B1034601211E4A1F4805
:107EC000FFF7F4FD1B4B1A68039B5A404FF0000369
:107ED0002CD007F0C5F8014601AA3846FEF79CFCF5
:107EE000044648B10346164A01211448FFF7DEFD57
:107EF00001A8FEF751FDE5E76A46314601A8FEF705
:107F000077FE044610B103460E4AEDE7009B1BB115
:107F1000012B03D12B70EBE70346FBE701210A4A53
:107F20000648FFF7C3FD6FF01504E1E7204605B0F2
:107F3000F0BD00BF488C0320444C02003C2C0200E2
:107F4000F44D02001F4E0200484E02002DE9F0439E
:107F50001D46674B8DB01B680B934FF00003002349
:107F6000904606930722ADF81C308DF81E30092389
:107F700081460E4604A80B21CDE90123149FFEF78C
:107F8000BFFC044678B1034601215A4A5A48FFF71C
:107F90008DFD574B1A680B9B5A404FF0000300F0C1
:107FA000A38007F05DF8014604AA4846FEF734FCBA
:107FB000044648B10346514A01214F48FFF776FD78
:107FC00004A8FEF7E9FCE4E7014601AB06AA04A811
:107FD000FEF75EFE044610B10346494AECE7494A03
:107FE000019906A8FFF726FEF8B103AAC6F102011F
:107FF00004A8FEF7FDFD041E34D1039B052B19DCFC
:10800000002B25DBB8F1000F11D1002D34D1002455
:10801000002FD5D003AAC6F1050104A8FEF7E8FD9C
:1080200000285FD19DF80C303B700024C8E788F829
:108030000030EAE75A2B0BD1B8F1000F01D088F8D5
:108040000030002DE3D04FF0FF33C5E90233DEE707
:1080500001212D4A2848FFF729FD6FF0150423461A
:108060002A4AA9E7FBDBB8F1000F01D088F80040ED
:10807000002DCCD05A2CE6D004A8FEF73DFE0328F4
:10808000E1D9C6F1030102AB08AA04A8FEF700FE7D
:108090000146C0B9029B102230336B4403F8100C28
:1080A00008A808F0EBFB0923E860029308AA02ABDA
:1080B000C6F1040104A8FEF7EBFD044630B14FF011
:1080C000FF33AB60A4E74FF0FF30ECE7029B0146C3
:1080D00030336B4403F8100C102208A808F0CEFBD4
:1080E000A86094E700239FE720460DB0BDE8F08329
:1080F000488C0320444C02003C2C0200644E0200D9
:10810000914E0200CD4B0200BA4E0200C04902005F
:108110007FB52A4B06461B6803934FF000030023EC
:108120000D46CDE90133002942D0002840D004217A
:108130000DEB0100FEF7E4FB044670B1034601219C
:108140001F4A2048FFF7B2FC1C4B1A68039B5A4099
:108150004FF000032FD006F083FF014601AA3046FE
:10816000FEF75AFB044648B10346174A0121154859
:10817000FFF79CFC01A8FEF70FFCE5E72A46022169
:1081800001A8FEF75FFD044610B103460F4AEDE774
:108190000F49D5E9003299424FF008039341E9D2E3
:1081A00002210C4A0748FFF76BFC6FF01504E1E76A
:1081B0006FF01504C8E7204604B070BD488C03205A
:1081C000444C02003C2C0200E24E02000F4F020021
:1081D00000E099503C4F020007B5154B1B68019316
:1081E0004FF0000370B90121124A1348FFF748FC11
:1081F00000200F4B1A68019B5A404FF0000313D028
:1082000006F02EFF0023013810F8012F2C2A01D18F
:108210000133F9E7002AF7D10A2BE9D9A3F10900C4
:108220000523B0FBF3F0E4E703B05DF804FB00BF07
:10823000488C0320694F02003C2C02002DE9F043DA
:10824000AE4B8DB01B680B934FF000030D460B2314
:1082500000210746CDE908110393CDF82710421EEF
:1082600012F8013F2C2B01D10131F9E7002BF7D196
:1082700085F830304FF0FF330331AB6004A8FEF7D0
:108280003FFB044678B1034601219D4A9D48FFF714
:108290000DFC9A4B1A680B9B5A404FF0000300F0FC
:1082A000298106F0DDFE014604AA3846FEF7B4FA3D
:1082B000044658B1C31D15D00346934A0121914885
:1082C000FFF7F4FB04A8FEF767FBE2E70646002190
:1082D00003AB08AA04A8FEF7DBFC044620B1034662
:1082E0008A4AEBE70126F2E7894A039908A8FFF7D3
:1082F000A1FC002800F0A5806A46012104A8FEF731
:1083000077FC04460028DDD1009B002B40F0F08074
:10831000022101AA04A8FFF7F3FC04460028D1D1EA
:10832000019B4FF00708B3F1805FA4BF4FF0FF330C
:108330000193019B0321AB6006AA02AB04A8CDF810
:108340000880FEF7A5FC04460028BBD1029B0A2149
:1083500030336B4403F8180C2A1D0DF11B00FFF796
:1083600099FC04460028ADD18DF81B002A460A214D
:1083700006A8FFF78FFC04460028A3D1042101AA18
:1083800004A8FFF7BDFC044600289BD1019B0521F2
:10839000EB6001AA04A8FEF72BFC0446002891D14B
:1083A000019B0621AB8205F1100204A8FEF720FC18
:1083B0000446002886D1414605F1280204A8FEF7AC
:1083C000BFFB044600287FF47DAF082101AA04A862
:1083D000FEF70EFC044600287FF474AF019B0921D0
:1083E0006B8501AA04A8FEF703FC044600287FF46D
:1083F00069AF019B0A21AB8505F1200204A8FEF7B5
:1084000021FC044600287FF45DAF3846FFF7E4FE08
:1084100085F83000C0B200EB800000F10B0404A826
:10842000FEF76AFC84420ED2214605F1180204A828
:10843000FEF708FC044600287FF444AF95F830307E
:1084400033B900243EE700220023C5E90623F5E7FF
:108450006B6B002BF5D00F274FF0000895F83030EC
:10846000984504D3002EECD06FF006042AE76A6B1F
:10847000391F02EB081204A8FEF7BAFB4FEA0819ED
:10848000044600287FF41EAF6A6BF91E4A44083286
:1084900004A8FEF755FB044600287FF413AF01AA99
:1084A000B91E04A8FEF7A4FB044600287FF40AAF17
:1084B0006B6B019A4B445A81791E01AA04A8FEF7FE
:1084C00097FB044600287FF4FDAE6B6B019A4B448A
:1084D0009A816A6B39464A44043204A8FEF788FB45
:1084E0000537044600287FF4EDAE08F10108B5E732
:1084F0000124E7E620460DB0BDE8F083488C032058
:10850000444C02003C2C0200934F0200914E0200AA
:10851000AB4B02002DE9F04FA3B0B04B02AFF860B7
:108520001B68FB674FF00003002316460B220D4625
:108530009946C7E91C33FA62C7F877304A1E12F829
:10854000013F2C2B02D109F10109F8E7002BF6D1EC
:108550004FF0FF32302409F1030886F8383086F8EE
:108560003030B260F968497899421AD8414607F12B
:108570003000FEF7C5F90446E8B10346984A0121E8
:108580009848FFF793FA07F13000FEF705FA934B8E
:108590001A68FB6F5A404FF0000300F02B8206F080
:1085A0005FFD04FB03F0F16B013301448A60F16B62
:1085B00001448A82D6E7014607F130022846FEF7D9
:1085C0002BF9044648B3C31D02D00346864AD6E7BA
:1085D000EA468AB002AA854BC2E90705C2E9053816
:1085E00040F202439384824B42F8103F00234FF441
:1085F00032517C48F5F778FC0123D5467B61002198
:1086000007F12C0307F1700207F13000FEF740FB81
:10861000044620B10346774AB1E77861EFE7764A2E
:10862000F96A07F17000FFF705FB386130B90121E5
:10863000724A6C48FFF724FA0024A4E7012107F1ED
:10864000200207F13000FEF7D3FA044600289AD141
:108650003C6A012C97D0022C04D12146684A61481B
:10866000FFF70EFA4FF0000A0125D046A9F10A03E0
:108670007B607B68AB4203D9FB685B7843450CD8D1
:108680007B69002BD8D06FF0060301215D4A554865
:10869000FFF70CFA6FF0060475E705F1010949468A
:1086A00007F1240207F13000FFF72AFB044690B1DE
:1086B0006D468AB002AA544BC2E90780C2E9053967
:1086C000052342F8103F00234FF421514548F5F7A8
:1086D0000BFCAD4657E77B6AB3F1805F07DB0221F5
:1086E0004A4A4048FFF7E2F94FF0FF337B627B6A6A
:1086F00007F168023B640723A91CBB6207F1300045
:1087000007F12803FEF7C4FA044610B10346404AB5
:1087100035E7BB6A07F118026833134403F8180CF5
:108720000A2107F13C0207F16B00FFF7B3FA044698
:1087300010B12346374A22E787F86B000A2107F178
:10874000380207F16800FFF7A5FA04460028F0D1C7
:1087500007F12402E91C07F13000FFF7D1FA0446C3
:1087600038B10121009043462B4A1E48F5F782FCA0
:1087700009E77B6A07F12402291D07F130007B64B9
:10878000FEF736FA044610B10346244AF7E67B6A40
:1087900007F15002691D07F13000A7F84C30FEF7D1
:1087A00051FA044610B103461D4AE8E607F14802B3
:1087B000A91D07F13000FEF71BFA044610B103466D
:1087C000184ADCE607F16002E91D07F13000FEF708
:1087D000B7F9044650B30346134AD0E6488C032049
:1087E000C54F02003C2C0200934F0200FC4F0200D8
:1087F00005000001914E0200AB4B0200395002000F
:1088000058500200105402008F500200C150020064
:1088100004510200245102003D5102007351020034
:108820009D510200D1510200F351020007F1620292
:1088300005F1080107F13000FEF782F9044610B196
:1088400003466F4A9BE607F1640205F1090107F14F
:108850003000FEF775F9044610B10346694A8EE60A
:1088600007F1580205F10A0107F13000FEF7EAF9B5
:10887000044610B10346644A81E607F11E0205F181
:108880000B0107F13000FEF75BF9044610B1034617
:108890005E4A74E60C35294607F11E0207F13000E6
:1088A000B7F91E90FEF74CF9044610B10346584A3A
:1088B00065E6B9F1000F00F08580B44607F1380E87
:1088C000BEE80F00ACE80F00BEE80F00ACE80F00F8
:1088D0009EE80F0097F81E908CE80F00B9F1000F8A
:1088E0001DD0B9F10A0F15D90A240A230221494AD9
:1088F0004948FFF7DBF83B697B611021204607F010
:1089000057FA48B90221454A4348FFF7B9F808F138
:108910000108AEE64C46F0E7706386F830404FF051
:108920000009BC60BB684B45F1D0726B691C02EB5F
:10893000091207F13000FEF75BF94FEA091B044604
:1089400010B10346364A1AE6726BA91C5A44083223
:1089500007F13000FEF7F4F8044610B10346314A3F
:108960000DE607F12402E91C07F13000FEF740F99B
:10897000044610B103462C4A01E6736B7A6A5B44E5
:108980005A81291D07F1240207F13000FEF730F962
:10899000044610B10346254AF1E5736B7A6A5B44DD
:1089A0009A81726B05355A442946043207F130002A
:1089B000FEF71EF9044610B103461D4ADFE509F132
:1089C0000109AFE73023F46B07F1380C03FB0A44CD
:1089D000BCE80F000FC4BCE80F000FC49CE80F00F8
:1089E00084E80F0096F838300AF1010A013386F85E
:1089F00038308CE720468437BD46BDE8F08F00BF95
:108A00001B5202003B5202005B52020080520200E5
:108A1000A3520200CD5202003C2C0200255302005A
:108A2000595302007D530200A7530200C9530200AC
:108A3000EB5302007FB5304B06461B6803934FF0A3
:108A4000000300230D46CDE9013300294ED0002854
:108A50004CD004210DEB0100FDF752FF044670B12C
:108A600003460121254A2648FFF720F8224B1A68C1
:108A7000039B5A404FF000033BD006F0F1FA014649
:108A800001AA3046FDF7C8FE044630B103461D4A30
:108A900001211B48FFF70AF818E001210DF102023D
:108AA00001A8FEF77BF8044610B10346164AEFE72B
:108AB000BDF8023001A82B70FEF71EF9022809D874
:108AC0004FF0FF324FF0FF33C5E9022301A8FDF755
:108AD00063FFCBE7022105F1080201A8FEF7B2F817
:108AE00004460028F2D00346084AD1E76FF0150487
:108AF000BCE7204604B070BD488C0320444C020003
:108B00003C2C02003C5402006E54020097540200B8
:108B1000F7B51A4B0E461B6801934FF0000304464D
:108B200030B329B30821164AFFF784F878B91548FD
:108B30000121154AFEF7A4FF6FF004000F4B1A68DD
:108B4000019B5A404FF0000315D006F089FA00252A
:108B50000E4F0834214657F8040BF0F753FB08B9C1
:108B60003570EBE701350A2DF4D16FF03C00E5E7F5
:108B70006FF01500E2E703B0F0BD00BF488C0320A2
:108B8000CC5402003C2C0200D5540200C82F020035
:108B900073B50D4B0D4C1B6801934FF000030C4E49
:108BA000C5B2B44208D3084B1A68019B5A404FF033
:108BB000000307D006F054FAD4E90031284698475C
:108BC0000834EEE702B070BD488C0320405B020021
:108BD000405B020007B50F4B1B6801934FF0000389
:108BE00009F09EFB0B4B60B11A68019B5A404FF095
:108BF000000301D006F034FA03B05DF804EBFEF791
:108C000023BF1A68019B5A404FF00003F2D103B012
:108C10005DF804FB488C032013B5294B29492A48E9
:108C20001B6801934FF00003FEF7BAFA034680B1C8
:108C3000234A1168019A51404FF0000201D006F01A
:108C40000FFA224A0121224802B0BDE81040F5F790
:108C5000F7B9FEF7EDFA044648B1194B1A68019BC3
:108C60005A404FF00003EAD103461A4AEAE7FEF7FA
:108C7000A3FC2046FEF7C0FC034640B1104A116831
:108C8000019A51404FF00002D9D1134ADAE7014668
:108C9000124802F02DFB034640B1094A1168019ABF
:108CA00051404FF00002CAD10D4ACBE7044B1A687D
:108CB000019B5A404FF00003C1D102B010BD00BF6C
:108CC000488C0320945502009D550200A6550200D1
:108CD0003C2C0200C7550200E7550200085602006E
:108CE0001356020007B51A4B1B6801934FF000039F
:108CF000034680B1164A1168019A51404FF00002B4
:108D000001D006F0ADF9134A0121134803B05DF814
:108D100004EBF5F795B9114B1978114B1878FEF75C
:108D20001FFD034640B10A4A1168019A51404FF0B5
:108D30000002E6D10B4AE7E7054B1A68019B5A404F
:108D40004FF00003DDD103B05DF804EBFFF764BF23
:108D5000488C0320335602003C2C0200FDCB00203F
:108D6000FECB00206856020007B5074B1B68019335
:108D70004FF00003F4F7B8FE04480121044AF5F768
:108D800047F90020F6F752F9488C03201C2C02000A
:108D90009E56020007B5134B014613481B6801930A
:108DA0004FF0000302F0A4FA034680B10D4A1168A7
:108DB000019A51404FF0000201D006F051F9012113
:108DC0000A4A0B4803B05DF804EBF5F739B9054BD7
:108DD0001A68019B5A404FF00003EED103B05DF8D2
:108DE00004FB00BF488C0320B0480200BB560200C1
:108DF000442C020007B50F4B1B6801934FF0000392
:108E000003786BB10B4B1A68019B5A404FF000037B
:108E100001D006F025F903B05DF804EBFFF7BABF07
:108E2000044B1A68019B5A404FF00003F1D103B084
:108E30005DF804FB488C032007B5184B1B680193B1
:108E40004FF0000300BB1648FFF7D4FF1548FFF7AB
:108E5000D1FF1348FFF7CEFF1148FFF7CBFF1048B3
:108E6000FFF7C8FF0E48FFF7C5FF0C4B1A68019BC0
:108E70005A404FF0000301D006F0F2F8084803B062
:108E80005DF804EBFFF7B6BF044B1A68019B5A402C
:108E90004FF00003F0D103B05DF804FB488C0320D1
:108EA0005A550200E156020007B50A4B0A461B68F4
:108EB00001934FF00003074B1968019B59404FF095
:108EC000000301D006F0CCF8012103B05DF804EBFB
:108ED000F5F79EB8488C032013B50E4B0E490F488A
:108EE0001B6801934FF0000300F08CF9044628B191
:108EF000012103460A4A0B48F5F7A2F8054B1A6808
:108F0000019B5A404FF0000301D006F0A9F820461B
:108F100002B010BD488C03209D91010068E500203F
:108F2000075702006C2C02002DE9F04182B0DFF8F7
:108F3000F8817E4BD8F8704000AF072C0D461B68B7
:108F40007B604FF0000300F0080662D0132C00F0A5
:108F5000A780052C40F0C180D8F85480744975482A
:108F6000FFF7A2FF18F4805F48D073497148FFF7FC
:108F70009BFF172418F4006F04D070496D48FFF769
:108F800093FF182418F4007F0ED06D496948FFF74D
:108F90008BFF6C4B18F4004F9B6B04D001216A4A85
:108FA0006448F5F74DF8192418F4806F04D0674928
:108FB0006048FFF779FF1A2418F4807F20D06449B5
:108FC0005C48FFF771FF1B24EB69002E40F0A38083
:108FD000C3F3080222B96FEA53236FEA4323EB611C
:108FE00029462046F5F780FC504B1A687B685A40AA
:108FF0004FF0000300F0948006F032F81624B9E731
:1090000018F4005FE0D053494A48FFF74DFF1C2495
:10901000DAE7D8F85C4047484F49FFF745FF60065C
:1090200006D5D8F8683001214C4A4248F5F708F8CF
:10903000E10705D54A493F48FFF736FF2624C3E735
:10904000A20705D547493B48FFF72EFF2724BBE77A
:10905000630705D544493748FFF726FF2824B3E7BF
:10906000200705D541493348FFF71EFF2924ABE708
:10907000E10605D53E492F48FFF716FF2A24A3E74E
:10908000A20605D53B492B48FFF70EFF2B249BE793
:1090900023063ED538492748FFF706FF2C2493E7DF
:1090A000D8F86C8035492348FFF7FEFE18F0020F10
:1090B00003D033491F48FFF7F7FE18F0010F03D024
:1090C00030491C48FFF7F0FE18F0040F3FF47CAF66
:1090D0002D491848FFF7E8FE76E72C4A2C4BE84666
:1090E0008AB00F2CC8BF13466A462A49103CC2E911
:1090F00005134FF400731384274BD46142F8103FDB
:1091000000234FF411510B48F4F7EEFE0024C5463E
:109110005AE7252458E723F4FF7323F001035EE7A1
:109120000837BD46BDE8F08168E50020488C032083
:109130004B3E02006C2C0200613E0200C53C020066
:10914000723E020000ED00E08B3E0200A03E0200F5
:10915000BB3E0200253D0200415702005A57020063
:109160006A570200805702009E570200B95702005A
:10917000D6570200EB5702000558020018580200AB
:10918000325802006258020090580200E83E020085
:10919000D33E0200C93F02000400000100B5174B96
:1091A0008BB01B6809934FF00003154B01A95A6A55
:1091B000D86C01929A6A20F005000292DA6A039252
:1091C0001A6B04925A6B05929A6B0692DA6B0792AD
:1091D0001A6C1B6D08929B0748BF40F00400FFF714
:1091E000A3FE064B1A68099B5A404FF0000301D0BA
:1091F00005F036FF0BB05DF804FB00BF488C032080
:1092000068E5002000B51A4B89B01B6807934FF042
:10921000000305AB01930823029304230691CDE9D3
:1092200004300DEB0301032003AACDF80CD000F0AD
:109230007DF80228009B0FD0032810D090B9181E8B
:1092400018BF012040420A4B1A68079B5A404FF052
:1092500000030AD005F004FF6FF01500F3E76FF08C
:109260008500F0E74FF0FF30EDE709B05DF804FB53
:10927000488C032007B5094B1B6801934FF000038E
:10928000064B1A68019B5A404FF0000301D005F0CD
:10929000E7FE002003B05DF804FB00BF488C03200C
:1092A0002DE9F0431F461E4BA5B01B6823934FF0DA
:1092B00000031C4B044693F800800D461646DDF86B
:1092C000B090B8F1000F1AD101A8F5F757FE4B4640
:1092D0003A4631462846A047044601A8F5F762FE03
:1092E000B8F1000F02D0104804F01AF90C4B1A68BC
:1092F000239B5A404FF000030DD005F0B1FE4FF014
:10930000FF324FF0FF33084804F05AF90028DBD051
:109310006FF08304EAE7204625B0BDE8F08300BF84
:10932000488C032005BF022074CD002010B5174BD8
:1093300088B01B6807934FF000030023CDE9053385
:1093400002AB0393042302900493D9B10B680593F5
:109350004B6806930223111E18BF01210C48CDE96A
:10936000002103AA40F2F53100F05AF8074B00281B
:10937000B8BF01201A68079B5A404FF0000303D082
:1093800005F06EFE0123E6E708B010BD488C03200F
:109390000501004007B5094B1B6801934FF000031E
:1093A000064B1A68019B5A404FF0000301D005F0AC
:1093B00057FE002003B05DF804FB00BF488C03207B
:1093C00070B53026144B94B01B6813934FF0000314
:1093D00007AB05460C4632460021184608F0CDFF83
:1093E000CDE90554CDE903068CB1012305AA00920D
:1093F00000210A48019303AA00F012F8064B1A68EC
:10940000139B5A404FF0000303D005F029FE20467D
:10941000F4E714B070BD00BF488C03200001004089
:1094200073B5174DB1F5004F2D6801954FF000054C
:10943000079C19D2042B17D8042C15D8104D2E6870
:10944000019D6E404FF0000501D005F009FE240497
:1094500044EA0364134644EA01020146094802B0A3
:10946000BDE87040FFF71CBF054B1A68019B5A40CE
:109470004FF00003E9D16FF0800002B070BD00BF73
:10948000488C0320217C000007B5084B1B68019322
:109490004FF00003054B1A68019B5A404FF0000340
:1094A00001D005F0DDFD03B05DF804FB488C03201E
:1094B00007B5094B1B6801934FF00003064B1A6870
:1094C000019B5A404FF0000301D005F0C9FD03B0E5
:1094D0005DF804EB004700BF488C032007B5094B3B
:1094E0001B6801934FF00003064B1A68019B5A401A
:1094F0004FF0000301D005F0B3FD03B05DF804EBBD
:1095000003F060BA488C032037B5144B1B680193F5
:109510004FF000030468ECB1B4FA84F30122C3F104
:109520001F03DBB29A4024EA0202D0E8EF5FA542B3
:1095300004D1C0E8EC2FBCF1000FF6D1EAD1084805
:109540000B70064B1A68019B5A404FF0000303D082
:1095500005F086FD0348F4E703B030BD488C0320D6
:109560000000AD0B0200AD0B13B5134B1B6801934C
:109570004FF000030368CB40DB0718D401238B4076
:10958000026843EA0201D0E8EF4F944204D1C0E8F8
:10959000EC1FBCF1000FF6D1F2D10848064B1A6857
:1095A000019B5A404FF0000303D005F059FD0448D9
:1095B000F4E702B010BD00BF488C03200000AD0BE3
:1095C0000400AD0B07B50A4B1B6801934FF0000375
:1095D000084BC3F80405064B1A68019B5A404FF02C
:1095E000000301D005F03CFD03B05DF804FB00BFB3
:1095F000488C03200070014013B50B4B40F0004035
:109600001B6801934FF00003074BC1F88000C2F8BC
:1096100080001A68019B5A404FF0000301D005F00A
:109620001FFD02B010BD00BF488C0320F7B5314BC1
:1096300004461B6801934FF0000350B1012829D064
:109640002C4B1A68019B5A404FF0000350D005F094
:1096500007FD0222284B0646C3F808230122DA60E0
:10966000C3F80401D3F80431012342F21075224FEC
:109670008DF80330D4B1012CE2D1D7F80C3403F4C7
:10968000803386BB002BDBD00120FFF727FF013D95
:10969000F3D1D5E70022184B0DF10306C3F80803F8
:1096A0005860C3F80021D3F80031DDE7D7F818344B
:1096B00003F480333EB9002BC2D00120FFF70EFF28
:1096C000013DF3D1BCE7D7F8182402F00302327051
:1096D000002BB5D09DF803000128B1D1FFF7FEFEA5
:1096E000013DC7D1ACE7D7F80C2402F00102EEE748
:1096F00003B0F0BD488C03200050004007B50D4B6F
:109700001B6801934FF000030B4B1A7962B90122D9
:1097100018600A481A71074B1A68019B5A404FF0AB
:10972000000303D005F09CFC0548F4E703B05DF8A6
:1097300004FB00BF488C0320DCE500200000AD0BDB
:109740000C00AD0B07B50F4B1B6801934FF00003E6
:109750000D4B1B6833B10520F5F7C0FD10B905208E
:10976000F5F774FD0122094BC3F81825054B1A685B
:10977000019B5A404FF0000301D005F071FC03B08B
:109780005DF804FB488C0320DCE50020005000401D
:1097900013B5324B1B6801934FF0000350B1012801
:1097A00050D02E4B1A68019B5A404FF0000353D003
:1097B00005F056FC2A4BD3F81814D3F81824C90323
:1097C00024D502F00303022B05D0012B02D0002088
:1097D000FFF72CFF0123224A0220C2F81835082285
:1097E0004FF48273002103F1804303F5A043196015
:1097F0001C68012402F1804202F5A0421460194A5B
:1098000012681AB3164BC3F80403CAE7D3F814243A
:10981000D207DFD5D3F81C2402F00302013A012A53
:10982000D5D8104A12681AB10222C3F80423B8E747
:10983000D3F80421002AFBD00022C3F80421D3F876
:109840000431AEE700224FF48073CBE71A68002A98
:10985000FCD019601B68A4E702B010BD488C03203F
:1098600000500040DCE5002007B5094B1B68019360
:109870004FF00003064B1A68019B5A404FF000035B
:1098800001D005F0EDFB03B05DF804EBFFF7CEBEB1
:10989000488C032007B5224B1B6801934FF000034F
:1098A000204BD3F8002152B10020C3F80001D3F8B7
:1098B00000210122C3F808231B4B1B689847194B52
:1098C000D3F8042182B10022C3F80421D3F8042183
:1098D000D3F81824D3F81824022102F00302012A35
:1098E0000CD1C3F818159A600D4B1A68019B5A40A9
:1098F0004FF000030BD103B05DF804FBC3F808136D
:10990000074B1A68019B5A404FF0000301D005F045
:10991000A7FB0120044B1B6803B05DF804EB18475C
:10992000488C032000500040DCE5002007B50A4BBE
:1099300001461B6801934FF00003074B1A68019B17
:109940005A404FF0000301D005F08AFB034803B0F2
:109950005DF804EBFFF7D8BD488C032014C9002044
:1099600007B50C4B1B6801934FF00003036803F02D
:109970001F025B09074B0260074818BF00201A68E6
:10998000019B5A404FF0000301D005F069FB03B082
:109990005DF804FB488C0320002584402DE9FF413D
:1099A0001E46DDE90A582B4B1746019001A80C46CC
:1099B0001B6803934FF00003FFF7D2FF019B391E92
:1099C00018BF012100EB8300231E18BF0123002EC6
:1099D00043EA410314BF0C210021002D43EA010397
:1099E00014BF4FF4E0610021B8F1000F43EA010316
:1099F00014BF4FF440310021D0F800220B4322EA7B
:109A0000030304B124780FB13F787F001C430EB1EB
:109A10003678B6003C43BDB1297809023443B8F129
:109A2000000F03D098F800804FEA08482143094B03
:109A300041EA0801C0F800121A68039B5A404FF02F
:109A4000000303D005F00CFB2946E7E704B0BDE8AE
:109A5000F08100BF488C03207FB50E4B8DF80F10AE
:109A60001B6805934FF000030DF10F0301930023D2
:109A70001A4619460093FFF791FF064B1A68059B9B
:109A80005A404FF0000301D005F0EAFA07B05DF844
:109A900004FB00BF488C032073B5194B16461B68A6
:109AA00001934FF0000301F1080330F8133004462E
:109AB000DA050D4609D5C3F3432300EBC302314653
:109AC00050F83330526828469847A3687BB10C4A57
:109AD0001168019A51404FF0000201D005F0C0FA20
:109AE00031462846E26802B0BDE870401847044B92
:109AF0001A68019B5A404FF00003EFD102B070BDCD
:109B0000488C032073B532240279234B62431B68CF
:109B100001934FF0000352FA81F2204B083233F8E0
:109B20001240E1052FD5C4F3432124F4F85423F85F
:109B3000124064240026027904FB02340E3434F807
:109B4000025F15F4807F03D0C5F34325A9421AD0E4
:109B50000136202EF3D164240025624302EBC102BA
:109B60009D500D4A1568019A55404FF0000201D0F2
:109B700005F076FA027904FB0230583002B0BDE8F5
:109B80007040FFF7F1BC044B1A68019B5A404FF03C
:109B90000003EDD102B070BD488C032018C900202D
:109BA00007B50D4B1B6801934FF000033223584358
:109BB0000A4B50FA81F1083133F81100064B400B83
:109BC0001A68019B5A404FF0000301D005F048FA93
:109BD00003B05DF804FB00BF488C032018C90020C7
:109BE00007B50E4B1B6801934FF000033223584317
:109BF0000B4B50FA81F1083133F81100074B80F01C
:109C000002001A68019B5A404FF00003C0F3400065
:109C100001D005F025FA03B05DF804FB488C032061
:109C200018C9002007B50D4B1B6801934FF00003C6
:109C3000322358430A4B50FA81F1083133F81100AE
:109C4000064BC0F340101A68019B5A404FF00003C6
:109C500001D005F005FA03B05DF804FB488C032041
:109C600018C9002007B50D4B024611F001001B6812
:109C700001934FF0000304D009490B6A13600B6293
:109C800003B90020054B1A68019B5A404FF00003AE
:109C900001D005F0E5F903B05DF804FB488C032022
:109CA00000258440F7B5054600201B4B04461B6881
:109CB00001934FF00003012607468C4213D1174B46
:109CC000D3F87C2132B10022C3F87C21D3F87C3157
:109CD00040F00040104B1A68019B5A404FF00003BF
:109CE00018D005F0BDF9E3B29B0003F580729B0824
:109CF00006FA03F31D420BD002F1804202F5443212
:109D0000D2F800C0BCF1000F02D0176012681843EF
:109D10000134D2E703B0F0BD488C032000100340AB
:109D20002DE9F04F5D4B85B01B6803934FF00003A6
:109D300005465B4B296DD3F80403C0B240F00040E8
:109D4000FFF7B0FF061E18DA0023E96D02A80293A0
:109D50004FF00108FFF786FF95F85C30DB0760D411
:109D6000296D4FF00040FFF79DFFE96D02A8FFF756
:109D700079FF0028F0D126F000460124002E70D192
:109D8000464B1A68039B5A404FF0000300F0828054
:109D900005F066F994FAA4F4B4FA84F404F1080323
:109DA00035F81390E10802AB5B5C04F0070208FA97
:109DB00002F223EA020302AA535401A80194FFF716
:109DC000CFFD019B4FEA990B803350F82370C9F304
:109DD000820A1BF0040FD146C7F3014725D0524633
:109DE00021462846FFF758FE01A80194FFF7B8FD69
:109DF000019BFFB2803350F82330C3F301439F42ED
:109E000007D100212046FFF727FE39462046FFF7FD
:109E100023FE01A80194FFF7A3FD019B08FA03F3B9
:109E20000362029C002CB5D19AE7022F0DD10321C9
:109E30002046FFF711FE0AF00503012BE9D14A463F
:109E400021462846FFF728FEE3E702212046FFF7D8
:109E500003FEBAF1030FF2D0032FDAD1BAF1020FE9
:109E6000ECE796FAA6F3B3FA83F304FA03F29B0045
:109E700003F1804303F54433D3F8101526EA0206B4
:109E8000D3F810252846C2F30142C1F30421FFF79D
:109E900003FE73E705B0BDE8F08F00BF488C0320D8
:109EA0000010034073B506791D4B054630460C463D
:109EB0001B6801934FF00003FFF7B4FE00B3214687
:109EC0003046FFF78DFED8B121463046FFF768FED9
:109ED00001232A688340C2F808332A6803B202EBE0
:109EE0008303D3F8102522F00302C3F810250C4B8E
:109EF0001A68019B5A404FF000030FD005F0B0F8EC
:109F0000074B1A68019B5A404FF00003F6D100211D
:109F1000204602B0BDE87040FFF79EBD02B070BDA4
:109F2000488C03202DE9F7433222294B294F1B6827
:109F300001934FF0000303790546534353FA81F32D
:109F4000083337F813300C46DB07CEB23BD5FFF7AA
:109F5000A9FF95F8049021464846FFF763FE68B1D3
:109F600021464846FFF71CFE0022D5F8008000B2CB
:109F700008EB8003C3F81025C3F8102521462846B6
:109F8000FFF7C0FD32222B79684602FB03660023EF
:109F9000083627F816300094FFF7E2FC009B00EB30
:109FA0008300D0F800220C4B134043F00203C0F8AA
:109FB00000320A48064B1A68019B5A404FF00003D2
:109FC00003D005F04DF80648F4E703B0BDE8F08390
:109FD000488C032018C90020F0F8FCFF0000AD0BEE
:109FE0000400AD0B2DE9F043804BD2F8009085B012
:109FF00004460D4616461B6803934FF00003B9F163
:10A00000000F34D032220079DFF8E481424352FA63
:10A0100081F2083238F81230CFB29B0703D5FFF730
:10A0200001FE00283BD100230DF10B02CDE90033E6
:10A030008DF80A308DF80B300DF10A014B46284699
:10A04000FFF7ACFC3221237901FB0373083338F8A6
:10A05000132022F0020228F81320237901FB037752
:10A06000083738F8173043F0010328F817307368C1
:10A07000002B43D04FF0320C22791F780CFB02F2F8
:10A08000D3F804E052FA85F2594B083233F8120043
:10A09000E9B210F0020F04D0BEF1000F18D05548FD
:10A0A0002FE020F4604020F0200023F81200BEF1E1
:10A0B000000F0DD0032FF2D872685068226890F814
:10A0C00000E002EB8E022FBBC2F81075C2F81075CB
:10A0D0004FF0320C22790CFB0212083233F81200D6
:10A0E00020F01C0023F8120022790CFB0211083129
:10A0F00033F8112042EA870223F81120B36893BB9A
:10A100003D483A4B1A68039B5A404FF0000369D010
:10A1100004F0A6FFD2F8108528F00308C2F81085D5
:10A12000226802EB8E00D0F8102522F4473222F488
:10A130004072C0F810252A02D0F8108502F4F852B7
:10A1400042EA074242EA0802C0F8102522790CFBD5
:10A150000212083233F8120040EA4E3040F020007C
:10A1600023F81200B4E72946D3E900872046FFF719
:10A17000C9FCB8F1000FC3D0642320791C4E4343BF
:10A18000F218F358984504D153689F4201D1002139
:10A190000CE0642303FB00600DF10B015830FFF766
:10A1A000B3F9154B9842ACD19DF80B10642223797A
:10A1B000534303EBC10346F8038023795343322210
:10A1C00003EBC10333445F602379534353FA85F3B0
:10A1D000083336F8132042EA412242F4807226F80E
:10A1E00013208DE705B0BDE8F08300BF488C032045
:10A1F00018C900200400AD0B0000AD0B2DE9FF478E
:10A200001F464F4B05460C461B6803934FF0000357
:10A210009246B2B306793046FFF7E2FC20B1214600
:10A220003046FFF7FFFC98BB32235E43DFF8149102
:10A2300056FA84F6083639F816305FFA84F813F0C7
:10A240001C0F03D09AF80130012B21D001238DF887
:10A250000B3000230AF10102CDE900A320460AF1E8
:10A2600002030DF10B01FFF799FB32222B7902FB60
:10A27000038808F1080839F8183043F0030329F877
:10A280001830002F57D021462879FFF7A9FC48B194
:10A290002D482B4B1A68039B5A404FF000034CD0BB
:10A2A00004F0DEFE3E782B68264903EB8603C3F8F4
:10A2B0001005C3F8100532202B794FEA860C434372
:10A2C00053FA84F3083331F813E0E2B22EF4604E0F
:10A2D0002EF0200E21F813E097F801E0BEF1000FF8
:10A2E00029D02B68BF789C44DCF810354FEA0E4E1D
:10A2F00023F4981323F4F853CCF81035230203F415
:10A30000F8530EF4403E3F05DCF8108543EA0E0397
:10A3100007F480173B4343EA0803CCF810352B7948
:10A3200000FB0322083231F8123043EA463343F08F
:10A33000200321F812300548ABE704B0BDE8F087F0
:10A34000488C032018C900200400AD0B0000AD0BA1
:10A3500037B564250C4B04791B6801934FF000035B
:10A360000A4B05FB0434A160017905FB0133DA6077
:10A37000054B1A68019B5A404FF0000301D004F0CE
:10A380006FFE03B030BD00BF488C032018C9002009
:10A3900073B50579114B28460C4616461B68019388
:10A3A0004FF00003FFF73EFC98B132235D430C4BA6
:10A3B00055FA84F4083433F814300A485B0B3370D0
:10A3C000064B1A68019B5A404FF0000303D004F07B
:10A3D00047FE0548F4E702B070BD00BF488C03207B
:10A3E00018C900200000AD0B0400AD0B2DE9F341AE
:10A3F000064607796420224D224B00FB075898F847
:10A4000060401B6801934FF000039CBB404621460F
:10A410004022103007F0B1FF21463668D8F85000CE
:10A4200088421DD1002346F30730C6F87C31D6F8A8
:10A430007C31F4F70BFF4FF00043C6F8043364237C
:10A4400003FB07550123104885F86030AB650D4BC1
:10A450001A68019B5A404FF000030DD004F000FE33
:10A46000CBB29B0003F580727C2B04BFB450B35871
:10A470000131D5E70548EAE702B0BDE8F08100BF49
:10A4800018C90020488C03200000AD0B0C00AD0B58
:10A4900007B564210C4B02791B6801934FF0000350
:10A4A0000A4B01FB023393F86000074B003818BFDA
:10A4B00001201A68019B5A404FF0000301D004F0BC
:10A4C000CFFD03B05DF804FB488C032018C90020C1
:10A4D00007B5094B1B6801934FF00003064B1A6840
:10A4E000019B5A404FF0000301D004F0B9FD03B0C6
:10A4F0005DF804EBFFF716BD488C032007B50D4B44
:10A500001B6801934FF000030A4B1A68019B5A40E5
:10A510004FF0000301D004F0A3FD5422642300791E
:10A5200013FB00230448184403B05DF804EBFFF765
:10A530001BB800BF488C032018C9002007B50D4B7D
:10A540001B6801934FF000030A4B1A68019B5A40A5
:10A550004FF0000301D004F083FD542264230079FE
:10A5600013FB00230448184403B05DF804EBFEF726
:10A57000CBBF00BF488C032018C90020F7B5047971
:10A580002F4B064620460D4617461B6801934FF099
:10A590000003FFF747FB38B329462046FFF720FBAF
:10A5A00010B329462046FFF7FBFA002401B23268B7
:10A5B000890001F58073D450D35833680B44D3F825
:10A5C000102542F00102C3F8102527B1012332689B
:10A5D0008340C2F804331A4B1A68019B5A404FF06B
:10A5E000000320D103B0F0BD32235C43154B54FA75
:10A5F00085F4083433F81430C3F38203042B14D0E9
:10A60000052B14D068460095FFF7AAF9009B016955
:10A61000D94001F001010231094B1A68019B5A40EF
:10A620004FF0000305D004F01BFD0321F4E70221E5
:10A63000F2E7284603B0BDE8F040FFF70DBA00BFCF
:10A64000488C032018C9002007B5094B1B680193EB
:10A650004FF00003064B1A68019B5A404FF000036D
:10A6600001D004F0FDFC03B05DF804EBFFF71ABC69
:10A67000488C032007B50A4B1B6801934FF0000379
:10A68000074B1A68019B5A404FF0000301D004F0B9
:10A69000E7FC044803B05DF804EBFFF741BB00BFE3
:10A6A000488C03207CC9002073B50F4B0F4C1B68EE
:10A6B00001934FF0000323790E46154683B92A20F3
:10A6C000F4F7C4FD01230A4823712660A560064BF8
:10A6D0001A68019B5A404FF0000303D004F0C0FCFD
:10A6E0000448F4E702B070BD488C0320E4E5002084
:10A6F0000000AD0B0C00AD0B37B5154B154A1B68B0
:10A7000001934FF00003002350F8234003F5A2719A
:10A710000133082B42F82140F6D100230D4A00F105
:10A720001C0103F5B27451F8045F0133082B42F8A1
:10A730002450F6D1036CC2F80433054B1A68019B10
:10A740005A404FF0000301D004F08AFC03B030BD42
:10A75000488C032000A0024037B500241C4D1D4B3F
:10A760002A201B6801934FF00003C5F81045C5F877
:10A770001445C5F81845C5F81C45C5F82045C5F869
:10A780002445C5F82845C5F82C45C5F89045C5F8B9
:10A790009445C5F89845C5F89C45C5F8A045C5F849
:10A7A000A445C5F8A845C5F8AC45F4F771FD4FF0D0
:10A7B000FF33C5F80833084B1C71064B1A68019B20
:10A7C0005A404FF0000301D004F04AFC03B030BD02
:10A7D00000A00240488C0320E4E5002007B50B4BA5
:10A7E0000B4A1B6801934FF0000301238340C2F81A
:10A7F0000433064B1A68019B5A404FF0000301D006
:10A8000004F02EFC03B05DF804FB00BF488C03206D
:10A8100000A0024007B50B4B0B4A1B6801934FF099
:10A82000000301238340C2F80833064B1A68019BDA
:10A830005A404FF0000301D004F012FC03B05DF861
:10A8400004FB00BF488C032000A00240F7B5144B66
:10A8500001261B6801934FF000030027114B124D96
:10A86000D3F80C4344B90E4B1A68019B5A404FF081
:10A87000000312D004F0F4FB94FAA4F0B0FA80F0D4
:10A8800006FA00F324EA0304084B82009F502B6869
:10A89000002BE7D0A9689847E4E703B0F0BD00BFFC
:10A8A000488C032000A00240E4E5002000A1024003
:10A8B00073B5254B0C68254A1B6801934FF00003C4
:10A8C000B2FBF4F304FB1325002D39D1944237D8A1
:10A8D0005C1E1C4034D1B3F5007F31D893FAA3F34A
:10A8E000B3FA83F302684D79D2F80465097926F04A
:10A8F000030601F003013143C2F80415D2F808152C
:10A9000005F0030521F003012943C2F80815C2F838
:10A9100010354023006800F58072D450D1580433BC
:10A92000582BFAD140F30730F4F790FC0848064B57
:10A930001A68019B5A404FF0000303D004F090FBCB
:10A940000448F4E702B070BD488C03200024F400F2
:10A950000000AD0B0400AD0BF7B50C250679154CC6
:10A960007543246801944FF00004134C671997F85D
:10A9700008C0BCF1000F18D16251A1B18B687B6097
:10A98000FFF796FF0C2303FB06440C4BC21A5342FD
:10A9900053412372074B1A68019B5A404FF0000342
:10A9A00005D004F05DFB0548ECE70548F2E703B08D
:10A9B000F0BD00BF488C0320F0E500200000AD0B87
:10A9C0000C00AD0B07B501220C210C4B1B68019349
:10A9D0004FF0000303681A600279094B01FB023350
:10A9E00002221A72054B1A68019B5A404FF000036D
:10A9F00001D004F035FB03B05DF804FB488C032064
:10AA0000F0E5002007B50A4B01221B6801934FF0C7
:10AA100000030368DA60064B1A68019B5A404FF046
:10AA2000000301D004F01CFB03B05DF804FB00BF81
:10AA3000488C032037B5104B0D0F1B6801934FF066
:10AA4000000303680801D3F81045C4F1200205FA99
:10AA500002F2A4F12003E040104325FA03F3184367
:10AA6000054B1A68019B5A404FF0000301D004F0D7
:10AA7000F7FA03B030BD00BF488C032073B5134C08
:10AA80000568246801944FF000044FF480348C4032
:10AA9000B3B100268B0003F5A073EE50EB580368AA
:10AAA000C3F80443036801F5A87143F82120074B5C
:10AAB0001A68019B5A404FF0000304D004F0D0FA0A
:10AAC000C5F80843EEE702B070BD00BF488C032014
:10AAD000F7B540F20116124D9C462D6801954FF0D6
:10AAE000000507688E40D7F800520D4C25EA060590
:10AAF000C7F8005205689DF82030D5F800624CEA8E
:10AB00000606C5F800622568019C65404FF0000408
:10AB100001D004F0A5FA03B0BDE8F040FFF7AEBFE6
:10AB2000488C03202DE9F34100251E4B29461B6864
:10AB300001934FF000030120402303F1804202F50E
:10AB4000714214682CB1116012689A0800FA02F27E
:10AB500015430433582BF0D140244FF00108124B19
:10AB6000124FD3F8046306F47C16A30808FA03F323
:10AB70001E4208D02B4206D03B6823B104F58070FA
:10AB8000796880B298470434582CEED1054B1A6886
:10AB9000019B5A404FF0000301D004F061FA02B06B
:10ABA000BDE8F081488C032000F00040F0E5002073
:10ABB00070B503680446033BDBB2052B03D8094A92
:10ABC00052F823502DB9A06858B1BDE8704000F08C
:10ABD0001DB806F0BCFA21682B46BDE87040090C90
:10ABE000184770BD30300200014B5B69184700BF49
:10ABF000E0C90020014B1B68184700BFE0C90020D6
:10AC0000014B5B68184700BFE0C90020014B1B697E
:10AC1000184700BFE0C90020014B9B68184700BFE0
:10AC2000E0C90020014B1B6A184700BFE0C90020A3
:10AC3000014B5B6A184700BFE0C90020014B1B684D
:10AC4000D8687047FCE50020002230B50B4B19682E
:10AC50000C6894420FD001EBC2039D68A8420BD14F
:10AC60004FF003020433D3E8CF1F002903D1C3E818
:10AC7000C02F0028F7D130BD0132EAE714E60020EA
:10AC80002DE9F041002406460F462046DFF85480A7
:10AC90003368A34201D8BDE8F08106EBC4056B68B8
:10ACA000DBB2012B16D16A68B8F80030B3EB124F53
:10ACB00010D1022FA8680FD1FFF77AFF01206B682F
:10ACC00023F0FF0343F003036B60B8F80030013357
:10ACD000A8F800300134DBE70168090C06F0ECF954
:10ACE000ECE700BF8C81022010B5074C02216068A0
:10ACF000FFF7C6FF0028F9D101212068FFF7C0FF48
:10AD00000028F3D110BD00BF1CE6002070B5072855
:10AD100060D8DFE800F00B5F475F435F3C0401F061
:10AD2000EDFD0320BDE87040F9F784BC03202A4BF9
:10AD3000D3F81446D3F81866284B1D781870EDB276
:10AD400001F0B2FD012D10D1254B264A9C4212D0B4
:10AD5000230C1B04B3F1886F0DD0A4F58033203B86
:10AD6000022B0FD96FF0040313603146C4F30B00BC
:10AD700001F08EFD00E014601B4B1868F9F794FB9E
:10AD80000020CFE7194931F913301360F4E70024AC
:10AD9000124B20461C7001F087FDEDE7FFF7A4FF82
:10ADA0000220BFE70D4B1A78012AD0B20ED1104A0B
:10ADB0001168104A8C6854604968116002221A7048
:10ADC00001F072FD084B1868F9F76EFBFFF78CFF76
:10ADD0000120A7E770BD00BF00A00240FABE02201C
:10ADE0000100500518E6002004E60020FC330200B4
:10ADF00000E600201CE6002070B5164B42681B6878
:10AE000022F0FF0242F00202C31A42601248134AC3
:10AE10000168C3F38913D2E8DF4F651CC2E8D65F2F
:10AE2000002EF8D101EBC3014A6892B242EA044213
:10AE30004A600268032002EBC302536823F0FF0359
:10AE400043F001035360F9F7DDF90122044BDA60A6
:10AE500070BD00BF0CE6002014E600208E810220A9
:10AE600000A002400A23F7B54FF47A750C4E0D4F3F
:10AE700001933168386806F045F9044640B9F9F79E
:10AE8000C3FA40B9012001A9F9F7D2F96E30F0D127
:10AE9000204603B0F0BD01986843F9F7B3F9E8E73D
:10AEA00008E6002010E60020054B1B782BB9054B67
:10AEB0001968054B186806F025B90020704700BFD7
:10AEC000F9BE02200CE6002014E600202DE9F04F28
:10AED00095B038220021064603A807F04EFA022357
:10AEE0000493082306932023089304230D9310232F
:10AEF00040250F9380230122CDE91153D523002152
:10AF000057480B921393F9F795FA0546002840F03D
:10AF1000A380024653493079FFF7C6FB03A8FFF729
:10AF2000EBFB34686268B2F59D6F40F09280616916
:10AF3000E3680B44E16903F59D630B44B3F5003FFF
:10AF400000F287802068294607F017FA33681C68EA
:10AF5000D3F81C9004F53A72019204F16007424A5A
:10AF600004F1A40804F1200BB9F1000F5BD1C2F881
:10AF700000B000254FF0010A2570657084F802A02A
:10AF8000E570336840461B69636033685B69C4F8E9
:10AF900014B0A360354BC4F81890C3F80080344B4C
:10AFA000E7601F600823C4F8108084F8A43088F894
:10AFB000015088F8025088F8035084F860307D70A2
:10AFC000BD70FD7006F086F8384606F083F8294B10
:10AFD00004F53A721A60284B04F1E80231681A60ED
:10AFE000264B274E1960274B2749C3F81046C3F854
:10AFF0001456264B264C1D80264B86F800A01D803B
:10B00000254B029525601D611B690293029B144B21
:10B010001868F9F75FFA98B103236FF0730433707F
:10B02000FFF79AFB11E09B6904F140096364336800
:10B030004846DB69C2F800B0236401F043FC98E79E
:10B040002468002CECD1154B1C70204615B0BDE8CF
:10B05000F08F6FF01504E3E76FF02D04F5E700BF04
:10B0600004E600200DAD010000E6002014E60020FB
:10B0700010E600200CE6002008E60020FCE5002099
:10B08000FABE022000A00240F04902008E81022098
:10B0900018E600208C81022000560040F9BE0220F4
:10B0A00070B5164B42681B6822F0FF0242F00102A5
:10B0B000C31A42601248134A0168C3F38913D2E8E5
:10B0C000DF4F651CC2E8D65F002EF8D101EBC3014B
:10B0D0004A6892B242EA04424A600268032002EBE4
:10B0E000C302536823F0FF0343F001035360F9F7F1
:10B0F00089F80122044B5A6070BD00BF08E60020A9
:10B1000010E600208E81022000A0024010B5FFF75B
:10B11000A9FE012400220321047081704270C270D4
:10B12000FFF7BEFF054B1C7005F0E7FFBDE81040C0
:10B13000034B47F230511868F9F7CCB9F9BE022039
:10B1400004E6002038B50A4B04461B78022BDDB21A
:10B150000DD1FFF787FE50B10022012184600170FC
:10B1600042708570C270BDE83840FFF799BF38BDA6
:10B17000FABE0220034A126812B1002800DB104711
:10B18000704700BF30E6002010B50E4B04461B6828
:10B19000A3B1EEF741F8082810D9237A3F2B0DD040
:10B1A00009490822204605F0AFF9014630B904F1FB
:10B1B00008000A22BDE8104005F060BB4FF0FF30E8
:10B1C00010BD00BF30E60020C45802002DE9F34155
:10B1D00005460020174688461E4605F0BAFF02467F
:10B1E00040B915B1284605F0DDFF6FF00B0002B045
:10B1F000BDE8F0816FF05803002403730423056059
:10B200000E4D037244738473C47344728472C472A7
:10B21000C0F80480394603202C7005F0B6FF4FF0CB
:10B22000FF3301932B78B34201D10020DFE70220E6
:10B2300001A9F8F7FDFF0028F4D0D8E7FBBE0220F3
:10B24000F8B5054600240F4F57F8046B28463146E1
:10B2500007F071F928B90134042CF5D14FF480308E
:10B260000DE06CB1A31E012BF8D83046EDF7D4FFEA
:10B270000A220021284405F0E7F940EA0440F8BD1D
:10B280002046FCE7483002002DE9F74300258146BF
:10B290000F461048294690461E46019305F0F8FADD
:10B2A000041E11DB0134204605F07AFFC9F80000C6
:10B2B00068B1334642462146019605F0E9FA284630
:10B2C0003C6003B0BDE8F0836FF01500F9E76FF064
:10B2D0000B00F6E7002D0200014B186000207047BC
:10B2E00034E60020014B1860704700BF30E60020B4
:10B2F0000FB42DE9FF410A9C01F0DCFA00284AD086
:10B30000002C4BD0284E294F31683868F9F760F986
:10B31000002846D1264D31682868F9F7DBF8002867
:10B3200036D122460BAB03A902A80193FFF7ACFF6D
:10B33000044658B12868F9F7B7F83868F9F732F9D0
:10B34000204604B0BDE8F04104B07047029C20469E
:10B35000FFF71AFF02230646012220460399FFF752
:10B3600035FF04460028E5D1DFF84880D8F8000012
:10B37000FFF766FF0446D8F8000005F00DFF2868C7
:10B38000F9F792F8002CD8D13046FFF7F3FED4E756
:10B390006FF00A04D1E74FF0FF34D1E76FF00D04EE
:10B3A000CEE76FF00A04CBE748E6002040E6002035
:10B3B00044E6002038E600200CB42DE9F04F87B0B9
:10B3C00007460E46109C01F075FA002800F09B809D
:10B3D000002F00F09B80002C00F09880002E00F0E1
:10B3E0009880DFF83C81DFF83CA1D8F80010DAF84B
:10B3F0000000F9F7EDF8002840F08E804A4DD8F8AB
:10B4000000102868F9F766F8002879D1224611ABB8
:10B4100005A904A80393FFF737FF044618B128686D
:10B42000F9F742F852E0414BDDF81080D3F8009074
:10B43000B9F1000F14D03E4BD3F800B05C450FD0EB
:10B4400059F8341008460191EDF7E6FE01990246DD
:10B45000404605F059F838BB09EBC40464682CBBBE
:10B460004046FFF791FE022381460122404605999E
:10B47000FFF7ACFE04460028D1D1DFF8B88038468B
:10B48000D8E9004BB3455A46214628BF324606F05C
:10B4900067FFB345204623D905F07EFE2868F9F7FB
:10B4A00003F86FF0060411E00134C7E72868F8F7E5
:10B4B000FBFF424631463846A047044618B9384695
:10B4C000FFF7BEFE0446404605F06CFEDAF80000C9
:10B4D000F9F768F8204607B0BDE8F04F02B07047B2
:10B4E000FFF7AEFE0446D8F8000005F055FE2868C8
:10B4F000F8F7DAFF002CE9D14846FFF73BFEE5E715
:10B500006FF00A04E2E74FF0FF34E3E76FF00D0459
:10B51000E0E76FF01504DDE76FF00A04DAE700BF3B
:10B5200048E6002040E6002044E6002028E600200F
:10B5300024E6002038E600200EB42DE9F343DDF8C0
:10B540002480814601F0B6F900285DD0B9F1000FE2
:10B550005DD0B8F1000F5AD0304C314F21683868B7
:10B56000F9F736F8002855D12E4E21683068F8F7E3
:10B57000B1FF002845D14846EDF74EFE451C284650
:10B5800005F00EFE044668B93068F8F78DFF6FF0DD
:10B590000B043868F9F706F8204602B0BDE8F0431E
:10B5A00003B0704749462A4606F0A6FF2046FFF73B
:10B5B000EBFD02238146012220462946FFF706FEC5
:10B5C0000446306814B1F8F76FFFE2E7F8F76CFF54
:10B5D000B9F1000F144D06DB2868FFF731FE10B9F2
:10B5E0004846FFF7C7FD0AAA41462868019205F0C0
:10B5F00081F9041E286808BF6FF04C0405F0CCFDEB
:10B60000C7E76FF00A04C4E74FF0FF34C4E76FF0F8
:10B610000D04C1E76FF00A04BEE700BF48E6002052
:10B6200040E6002044E6002038E6002038B5C36834
:10B630000446A72B01D0206810E0032907D0042975
:10B6400026D0022902D10122154B1A7038BD144BA5
:10B6500000681A78022A05D10028F7D0BDE83840E2
:10B6600005F09ABD0F4D2A6862B12B6898470023F8
:10B6700020682B6005F090FD0B4B1868BDE8384042
:10B68000F8F712BF094A1060616851600222DCE7D6
:10B69000074B1B68002BCED000689847CBE700BF54
:10B6A000FBBE02202CE6002044E6002038E6002005
:10B6B00034E60020012210B511460B48F8F7BAFE17
:10B6C00070B90A48F8F738FF014648B94FF0FF3221
:10B6D000074B1A60BDE8104001230522FFF776BD35
:10B6E0006FF02D0010BD00BF44E6002040E60020B2
:10B6F00048E6002010B400F11C03D3E8EF2F511EE0
:10B70000C3E8E41F002CF8D1012A0CDC074BD0E879
:10B71000EF2FC0E8E13F0029F9D16422002110BCDD
:10B72000043006F02ABE10BC704700BF1EF10100B5
:10B7300010B500240A4B4FF45072214609481C7082
:10B7400006F01BFE21462246064B07480131082918
:10B75000C3E900029A6003F16803F7D110BD00BF8E
:10B76000FCBE02204CE600201EF10100164830B558
:10B77000002203464FF0FF34144DD0E8EF1FA942DA
:10B7800004D1C0E8EC4FBCF1000FF6D10CBF012191
:10B79000002112D1682101FB023301220C49DA6138
:10B7A000097893F8202061F3451283F820200222C3
:10B7B000A3F8482083F84A2030BD0132082A00F15E
:10B7C0006800DAD10846F7E74CE600201EF10100D8
:10B7D000FCBE022030B5024600236825054905FB62
:10B7E00003F460180C59944203D00133082BF6D1AE
:10B7F000002030BD4CE6002010B50446043005F0B2
:10B80000C5FE606C08B1F8F75FFF064BD4E8EF2F78
:10B81000C4E8E13F0029F9D12046BDE81040FFF718
:10B8200069BF00BF1EF1ADDE70B50825064C074E9E
:10B830002368B34202D02046FFF7DEFF013D04F14A
:10B840006804F5D170BD00BF4CE600201EF1010078
:10B850002DE9F8430F4C06460025A0464FF0680935
:10B860000D4B0E4F18702368BB420CD009FB0583AB
:10B8700093F8202066F3451283F82020A36B13B1C0
:10B88000204605F0F1FC0135082D04F16804EAD1E9
:10B89000BDE8F8834CE60020FCBE02201EF101004A
:10B8A000112806DC00280DDB084BC34003F0010023
:10B8B0007047B0F5817F07D040F21113C31A584288
:10B8C0005841704700207047012070474100020036
:10B8D000034B02685A6082699A6042691A60704735
:10B8E0008CE90020012208B511460448F8F7A2FDB2
:10B8F000002818BF6FF02D0008BD00BF98E9002098
:10B900002DE9F04F85B082460F4616461D4600F0E1
:10B91000D1FF28B90120F8F75FFD6FF00A041CE0A1
:10B920005AEA070300F051811EB3336823F4A05391
:10B9300023F00203002B40F04B81706838B9B068E7
:10B9400078B105F0C6FD60B96FF0060405E005F0BA
:10B95000BAFD0028F3D16FF00504204605B0BDE81C
:10B96000F08FF06828B1B16805F0C7FD08B96B2009
:10B97000D1E79A4B4FF47A611868F8F7ABFD0446AB
:10B98000002840F02881002F64D0F6B1336803F41A
:10B99000A053B3F5805F18D13368DB0445D44FF072
:10B9A000FF37706808B100F091FD8D4B8D4A18602B
:10B9B000B368002B08BF01231360F3688A4A002B89
:10B9C00008BF0623136033681CE00A2200213846B2
:10B9D00004F054FF4FF6FE73421E9A4200F2F280CA
:10B9E000824A030243EA10231380002ED4D100239D
:10B9F00001217B4A4FF0FF3713607A4A116006211C
:10BA0000794A1160DFF8E8815046C8F80030BAF191
:10BA1000000F65D105F09DFB064600BB6FF00904E1
:10BA20006E4B1868F8F740FD97E73A21384606F064
:10BA300020FD00B1471C38466E4906F07CFD0A2205
:10BA400028B10021033004F0FFFD0746A9E70146B5
:10BA50003846F8E7654B1880002EC8D09FE707618D
:10BA60005F4BDFF880B11B68DFF87CA1B361DBF8C6
:10BA700000303246F361DAF8003047F20D013362EC
:10BA8000D8F800300420736105F07FFB4FF0FF33DE
:10BA9000594F5A4E03933E603868B04231D0002867
:10BAA00040F08C802020D7F80490F8F7F1FD286052
:10BAB00070B109F118034D4A019318461288B9F87C
:10BAC000141005F077FB064638BB2868F8F7FCFD34
:10BAD0006FF0090478680028A2D005F05DFB9FE7AD
:10BAE000EDF79AFB05F035FB0646002896D0076176
:10BAF0005046EDF791FB51460246306806F030FCA7
:10BB0000AEE7022003A9F8F793FB0028C4D06E200B
:10BB1000F8F762FC6FF00A0482E7D9F808102A6887
:10BB200001290AD002291FD01046F8F7CDFD304672
:10BB3000F8F7CAFD6FF00504CCE708211161D8F8C9
:10BB4000001011F0020137D00192B9F8160001304F
:10BB5000F8F79EFD019A90612A68906930B9104605
:10BB6000F8F7B2FD3046B1E71621E7E7B9F814104F
:10BB700009F118030B441946B9F8162006F0F0FB3A
:10BB800000202968B9F81620896988542A6801922A
:10BB9000D9F8080006F0C2F9019A2B685060DBF86A
:10BBA00000205E619A60DAF80020DA60D8F80020A0
:10BBB0001A600022DA618DE79161E7E706F0F4F997
:10BBC000044687E76FF007042AE76FF00104C4E634
:10BBD0004FF0FF34C1E66FF00204BEE698E90020A2
:10BBE000A4E90020A0E900209CE900209081022027
:10BBF000A8E90020E55802008CE90020EEC100BC55
:10BC0000F8B548F20F03994205460E4640D022D8B7
:10BC100048F20D03994233D048F20E03994233D0D3
:10BC20000069FFF7D7FD044610B3B6F5004F1FD9E2
:10BC3000A6F50046013E0B2E1AD8DFE816F0AE003E
:10BC4000E800B600B600B6003A013A01B600C400FA
:10BC5000190019000B0149F2040399421CD0B1F5F7
:10BC6000104F3FD9C068FFF7B5FD0446002848D102
:10BC70002868002800F02D81BDE8F84005F08CBA56
:10BC8000BDE8F840FFF724BEBDE8F84005F09FBCD2
:10BC9000BDE8F84005F088BC0369082B00F2198163
:10BCA000DFE813F01000160009000E00160017015F
:10BCB000170118001E000020BDE8F840FFF7C8BDBE
:10BCC0000120F9E70021E868BDE8F84005F0BFBBB6
:10BCD0000121F8E70021E868BDE8F84005F0C3BBA2
:10BCE0000121F8E70069FFF775FD04460028BFD081
:10BCF00048F281039E42BBD10146284600F036FB44
:10BD000056E049F202039E4200F0CD8037D805F09C
:10BD100026FB0746E0B91020F8F7BAFC0646B8B192
:10BD20003946102206F029FB2B6873606B6833815B
:10BD3000698A002900F0C8802A8A05F1140005F0FC
:10BD400039FAF060002840F0BF803046F8F7BCFCBC
:10BD5000286805F021FA204605F0C3FA58B12046BC
:10BD600005F0FDFA38B994F8203043F0800384F8E8
:10BD700020300C23A361204605F0B8FA18E049F200
:10BD800003039E423DD049F282039E427FF470AF8E
:10BD90000146284600F002FB0AE06B692BB92846F1
:10BDA00006F01CF9AA6943681A60284606F018F9DB
:10BDB000204605F0E4FA002800F08B802046BDE81C
:10BDC000F84005F051BA90F8203043F0010380F8B4
:10BDD000203005F0ABFA18B13E4B1868F8F764FB59
:10BDE00094F82030204623F00A0384F8203005F030
:10BDF000C6FA10B1204605F037FA2046FFF7FCFCE2
:10BE0000D3E7286969280BD16823A361D0E790F8AC
:10BE10002030EE686FF3410380F82030686918B174
:10BE200000F068FBA061C3E7204605F069FA28B975
:10BE300094F8203043F0040384F82030204605F0C5
:10BE40005FFA0028B4D0002EB2D00021204600F0C6
:10BE5000C3FAADE76B69F3B9284606F0BFF8AA69E3
:10BE600043681A60426892F8203043F0040382F875
:10BE70002030436822691A61436862695A618368A5
:10BE80004BB105F1180205F1300152F8040B8A425A
:10BE900043F8040BF9D194F82230002B85D0013BF4
:10BEA00084F8223081E790F82230013380F8223084
:10BEB0007EE7284606F092F86B6913B9AB694360D8
:10BEC00073E74FF0FF33FAE73146204605F0E9F912
:10BED0006EE7F8BDACE9002030B585B00546FFF748
:10BEE00079FC044628B90920F8F776FA4FF0FF30BC
:10BEF0000EE000F0DFFC68B9204605F017FA18B133
:10BF00000D4B1868F8F7D0FA2046FFF775FC0020B3
:10BF100005B030BD002005F01CF9014608B96920C4
:10BF2000E2E7056101AA47F2090000F0FBFA0028E8
:10BF3000EDD01628EBD0D7E7ACE900202DE9F0438F
:10BF400085B08146884614461F460C9EFFF742FC8A
:10BF500040B90920F8F740FA4FF0FF33184605B012
:10BF6000BDE8F08317B90EB11620F3E7B8F1290F39
:10BF700000F0ED800CDCB8F1010F12D0B8F1060F23
:10BF800000F0E180B8F1000F00F0DF806D20E1E704
:10BF9000B8F58D7F00F08880B8F5007FF6D11E2CB3
:10BFA00008E03D2CF2DC202C0EDC142C4ED0152C9D
:10BFB00053D0022CEAD1304605F0CBF805460028D4
:10BFC00040F0C7806920C5E7A4F121031C2BDDD810
:10BFD00001A252F823F000BFB7BF0100B7BF0100B4
:10BFE0008DBF01008DBF01008DBF01008DBF01001D
:10BFF0008DBF0100B7BF01008DBF01008DBF0100E3
:10C000008DBF01008DBF01008DBF01008DBF0100FC
:10C010008DBF01008DBF01008DBF010077C0010001
:10C020007FC0010083C0010087C0010097C00100EC
:10C030008DBF01008DBF01008DBF01008DBF0100CC
:10C040008DBF010069C001009BC001003246394626
:10C0500005B0BDE8F04305F0C7BF3246394605B02C
:10C06000BDE8F04305F0CEBF3246394605B0BDE825
:10C07000F04305F0D5BF01230422019305E002231C
:10C08000FAE70323F8E7042201920DEB020105F021
:10C09000E7FF034662E70523EEE73246394605B07F
:10C0A000BDE8F04305F0DCBF631E112B3FF66EAF19
:10C0B00001A252F823F000BF0FC1010039C10100F5
:10C0C000B7BF01008DBF01002BC1010001C10100FC
:10C0D0008DBF01008DBF01008DBF01008DBF01002C
:10C0E0008DBF01001DC10100B7BF0100B7BF010036
:10C0F000B7BF01008DBF0100B7BF0100B7BF01008E
:10C100003246394605B0BDE8F04305F0CCBF3246B3
:10C11000394605B0BDE8F04305F0D9BF324639468F
:10C1200005B0BDE8F04305F0E7BF3246394605B03B
:10C13000BDE8F04305F0F2BF3246394605B0BDE830
:10C14000F04305F0FABF372C34E71F2C32E7202CE0
:10C1500030E70023082243728372C3720272C0F870
:10C160001090404605F003FF6861204600F0B6F9E4
:10C1700032463946A861286806F0F2F8294647F2A7
:10C1800003006E6001AA00F0CDF9034600283FF4D9
:10C19000E5AEDFE62DE9F04385B0814688461746D7
:10C1A0001D460C9EFFF716FB40B90920F8F714F95D
:10C1B0004FF0FF37384605B0BDE8F08305B10EB942
:10C1C0000E20F3E7B8F1290F00F08F800CDCB8F1F6
:10C1D000010F11D0B8F1060F00F08380B8F1000F05
:10C1E00000F081806D20E1E7B8F58D7F2AD0B8F5A9
:10C1F000007FF7D11E2F0EE0152F1CD00ADC042F74
:10C2000012D0142FEED13246294605B0BDE8F043D6
:10C2100005F0CABF212FE5D1306804F09AFF04462B
:10C22000002864D16920C1E73246294605B0BDE83F
:10C23000F04305F0A9BF3246294605B0BDE8F043FA
:10C2400005F0C1BF7A1E122ACCD801A151F822F004
:10C25000C7C20100D5C2010019C2010019C2010004
:10C26000B9C201009DC20100E5C10100E5C10100A4
:10C27000E5C10100E5C10100E5C10100ABC201005B
:10C28000E5C1010019C2010019C2010019C2010073
:10C29000E5C10100E5C1010019C20100324629468D
:10C2A00005B0BDE8F04305F09DBF3246294605B014
:10C2B000BDE8F04305F0A8BF3246294605B0BDE809
:10C2C000F04305F0B3BF3246294605B0BDE8F04360
:10C2D00005F0BEBF3246294605B0BDE8F04305F083
:10C2E000C9BF372F97E71F2F95E7202F93E700232C
:10C2F0000822437202728372C372C0F810904046E3
:10C3000005F035FE6061384600F0E8F82146A0618E
:10C3100001AA47F20400D4F8008000F003F90746B0
:10C3200020B1404604F03EFF38463FE7626833687C
:10C3300041469A4228BF1A462846326006F010F855
:10C34000404604F02FFF35E708B5FFF7F1F9FFF796
:10C35000C9FA40B9012204481146F8F76BF80028E1
:10C3600018BF6FF02D0008BDACE9002010B543697F
:10C370000C467BB191F820306FF3C30381F8203075
:10C38000406900F0B7F8044BA061BDE810401868A0
:10C39000F8F78AB810BD00BFACE9002010B591F8DD
:10C3A00020300C466FF3C30381F82030006960B978
:10C3B000DBB223F0140343F0140381F82030054B63
:10C3C000BDE810401868F8F76FB800F093F8A06166
:10C3D000F5E700BFACE900202DE9F341DFF8E88084
:10C3E0000546D8F800000191F8F774F8074650B1F7
:10C3F000019B002B65D11023AB614FF0FF3738460E
:10C4000002B0BDE8F081686CA8B1ECF705FF461CEE
:10C41000304604F09EFE044678B9284604F08BFFAF
:10C4200008B16923AB61D8F80000F8F73DF869203E
:10C43000F7F7D2FFE1E73E46EAE72B680422036103
:10C440000023027243728372C37295F84B2005F188
:10C450004801013292008260143005F081FFF6B18C
:10C460003246696C206806F047F8666095F820301F
:10C47000042043F00803224647F2810185F820306A
:10C4800004F083FE284604F056FF0028B7D1284662
:10C4900004F04CFF40B9A8690028B0D0C8E7267066
:10C4A0006670A670E670E0E7022001A9F7F7C0FE0B
:10C4B00010F10B0F05D00028E9D00028B8BF40428A
:10C4C000B6E77420B4E700BFACE9002003289CBFA6
:10C4D000014B1856704700BFE95802000238352852
:10C4E0009ABF034B53F820004FF0FF30704700BF56
:10C4F0003032020070289ABF024B53F820000248E5
:10C50000704700BF6C300200ADBAADBA01380428E4
:10C510009ABF034B53F820004FF0FF30704700BF25
:10C52000583002004FF0FF3337B50D4DCA60144646
:10C5300015600A4601460420019304F026FE206897
:10C54000A84202D0FFF7D6FF08E0022001A9F7F7C2
:10C550006FFE0028F3D00028B8BF404203B030BDC2
:10C56000EEC100BC2DE9F041056807460C463DB11F
:10C5700001F47043B3F5005F04D1404BC3E90015EB
:10C58000BDE8F0813E4E336863B144F2040291424B
:10C5900064D00CD844F2020399424ED044F2030313
:10C5A000994253D03868BDE8F04104F0F5BD44F23B
:10C5B000012221F4807393420FD044F20313994275
:10C5C000F0D1304C206808B104F0E6FD01222E4B7A
:10C5D0001A7025600420336826E0DFF8B080D8F8B0
:10C5E000000008B104F0D8FD44F201339C420CBFB6
:10C5F0000322022295F85170254B264C1A70C8F878
:10C60000005017F008053368227810D01AB90520B9
:10C6100098470123237007F04107012F02D1022020
:10C620003368984701203368BDE8F0411847002A75
:10C63000F1D0062098472570EDE7174C206808B127
:10C6400004F0AAFD032033682560EDE70D4C206857
:10C6500008B104F0A1FD00220B4BB9E72A78032AA8
:10C66000A0D8DFE802F0020507090720984799E7FC
:10C670000820FBE70920F9E70A20F7E7C0E90020D6
:10C68000B0E90020B4E90020FDBE0220BCE9002092
:10C69000FEBE0220FFBE0220B8E9002008B500233C
:10C6A000094A0A4813700A4A13700A4A13700A4A60
:10C6B00013700A4A136001221146F7F7BBFE0028E7
:10C6C00018BF6FF02D0008BDFFBE0220C8E9002092
:10C6D00001BF022000BF0220FEBE0220B0E9002000
:10C6E00010B50B4C206818B104F056FD00232360F0
:10C6F000084C206818B104F04FFD00232360064C5D
:10C70000206818B104F048FD00232360002010BD0C
:10C71000BCE90020B8E90020B4E9002030B4074BA0
:10C720001C6844B143688589A4460268C1899BB2EC
:10C73000E8B230BC604730BC704700BFCCE9002095
:10C7400037B50125074C4FF4FA706561F7F75AFDCC
:10C75000002363610193256123690193019B03B069
:10C7600030BD00BF0056004030B50D4D89B0036AA2
:10C7700003AC01908DF808300FCD0FC42B6801A8D1
:10C78000236004F0A5FC40B9044603AD55F8043B12
:10C79000984710B90134052CF8D109B030BD00BF5D
:10C7A000CC2C0200034BD3E8EF2FC3E8E10F0029A4
:10C7B000F9D17047D0E9002038B50546002850D09F
:10C7C000436A002B50D0836A002B4DD00124294BA3
:10C7D000D3E8EF2F002A03D1C3E8E14F0029F7D1B6
:10C7E00045D1686A00F04EF8F7F7BEFF224BC8202B
:10C7F0009C66F7F707FD2846FFF7B6FF044640B9E9
:10C8000001221D4B0220DA66FFF7CCFF00242046F0
:10C8100038BDFFF795FF002C11DBAB6A2046984727
:10C82000164B9C421AD013DCA4F18864033C012C03
:10C8300011D82846FFF798FF04460028E0D00122CF
:10C840000D4BDA66F7F7B8FF0020FFF7ABFFDEE726
:10C850000B4B9C42EDD06FF00404F0E76FF00A043C
:10C86000EDE76FF00D04D2E76FF01504CFE74FF05E
:10C87000FF34CCE7D0E90020005000400500400420
:10C8800001005005014B1860704700BFD4E900203B
:10C8900007B5044BCDE900011B686846984703B013
:10C8A0005DF804FBD4E90020014B1870704700BF0D
:10C8B00002BF0220024B1878431E5842584170476D
:10C8C00002BF02200021074B01221970064B19708C
:10C8D000064B1960064B1960064B18600648F7F7BF
:10C8E000A9BD00BF03BF022004BF0220DCE9002075
:10C8F000E0E90020F0E90020D8E9002070B42D4BD9
:10C900001B68196958691A7C00221A745C7C5A7475
:10C910009C7C9A74DC7CDA741C7D1A755C7D5A757B
:10C920009C7D03299A75DC7DDA7529D0042933D0E2
:10C9300001292FD18568204E954210D101211A7A04
:10C9400000221972597A5A72997A9A72DA7A6FF0C9
:10C950005F02DA72194B70BC1868F7F7A5BD911C1D
:10C9600000EB81014C682178622907D0633918BF38
:10C970000121490046F821400132DDE70121F9E7B4
:10C98000187A1972597A5A72997A9A72DA7A6FF019
:10C990005F02DA7270BC7047187A1972597A5A724B
:10C9A000997A9A72DA7A6FF05F02DA720122044B96
:10C9B0001A70EFE7F0E90020E4E90020D8E9002050
:10C9C00004BF022007B50E4B1B6801934FF0000314
:10C9D0000B4B60B11A68019B5A404FF0000301D025
:10C9E00002F03EFB03B05DF804EBF3F727BA1A68D8
:10C9F000019B5A404FF00003F2D103B05DF804FBF5
:10CA0000488C032007B5084B1B6801934FF00003C7
:10CA1000054B1A68019B5A404FF0000301D002F009
:10CA20001FFB03B05DF804FB488C032007B50D4BDA
:10CA30001B6801934FF0000340B1C368587810F0B1
:10CA400001001EBF1878B0FA80F04009054B1A6843
:10CA5000019B5A404FF0000301D002F001FB03B0EC
:10CA60005DF804FB488C032007B50A4B1B68019353
:10CA70004FF00003084B9868064B84301A68019BFE
:10CA80005A404FF0000301D002F0EAFA03B05DF81B
:10CA900004FB00BF488C0320F8E900202DE9F04397
:10CAA00083B0374B00AF04460D461B687B604FF0E8
:10CAB00000034FF02003EFF3118883F31288BFF3D4
:10CAC0006F8F04282F4A98BF2F4BE9468AB096688B
:10CAD000117C98BF53F820306A4688BF2B4BC2E9BF
:10CAE000073140F201332A4893842A4BC2E90504F6
:10CAF00042F8103F00234FF431512748F1F7F4F981
:10CB0000CD4645B1EB69C3F3080323B10121234AA4
:10CB10002148F1F77DFA2EB1304600F089FB08B1CB
:10CB2000037803B91E48E9468AB06A461D4BD061B6
:10CB3000C2E9053640F2013313841B4B42F8103F23
:10CB400000234FF411511448F1F7CEF92946CD4690
:10CB50002046FCF709F988F31188BFF36F8F304640
:10CB6000F2F7DAFA064B1A687B685A404FF0000376
:10CB700001D002F075FA0C37BD46BDE8F08300BF66
:10CB8000488C0320F8E9002008330200ED58020029
:10CB900003590200050000016C2C02002B59020011
:10CBA000FB5802004C5902000400000173B5184BF9
:10CBB0001B6801934FF00003164B53F820400130DF
:10CBC00053F82060A64208D8114B1A68019B5A40BE
:10CBD0004FF0000319D002F043FAD4E9003595B1C3
:10CBE00053B12846984738B10028B8BF4042FF28C3
:10CBF000A8BFFF20EB681870EA68537843F0010380
:10CC000053700834DEE79847FBE702B070BD00BF01
:10CC1000488C03201C33020007B50122114B03206E
:10CC20001B6801934FF000030F4B1A70FFF7BEFF14
:10CC300003F02CF90420FFF7B9FF00F0DDFBEDF75E
:10CC40000BFB0A4A137B23F001031373054B1A688D
:10CC5000019B5A404FF0000301D002F001FA03B0EB
:10CC60005DF804FB488C032005BF022088D8002013
:10CC700013B5094B1B6801934FF00003064B1C686A
:10CC8000019B5C404FF0000301D002F0E9F902B0D3
:10CC9000BDE8104005F071BB488C032013B5094B6B
:10CCA0001B6801934FF00003064B1C68019B5C401E
:10CCB0004FF0000301D002F0D3F902B0BDE81040FC
:10CCC00005F04EBB488C032007B50B480B4A0C4BB4
:10CCD000121A00211B6801934FF00003FFF7C8FFF1
:10CCE000074B1A68019B5A404FF0000301D002F035
:10CCF000B7F903B05DF804FB70CE002008BF022036
:10CD0000488C032070B5204B88B01B6807934FF008
:10CD10000003A8231D4E012203FB00661C4B0446A2
:10CD200005930F23CDE903320023CDE9013314230A
:10CD30004FF4A072174D184903FB005502FB001178
:10CD4000164B3046009500F0C9FA737B2C7423F023
:10CD500004037373124B013403EBC4236B60114B58
:10CD6000EE60D3E8EF1F0131C3E8E21F002AF8D1DB
:10CD7000054B1A68079B5A404FF0000301D002F0A0
:10CD80006FF908B070BD00BF488C0320E0D70020C9
:10CD9000AE590200F8E9002008CB0220B1D401000E
:10CDA00008C30220F4E900202DE9F743254B05468E
:10CDB0000C461B6801934FF00003234E3046FFF7EB
:10CDC00035FE58B1B368A2B25F683FB1294601236E
:10CDD0003046B8470028C4BF241A2D181B4EDFF870
:10CDE00070801C4F44B9174B1A68019B5A404FF092
:10CDF000000323D002F034F9F7F73AF91649A146B7
:10CE0000D1E90032C31842F1000008FB03F206FB2F
:10CE10000022A3FB0630DB1942EB0002042C28BFE2
:10CE20004FF00409C1E900322846009269464A469B
:10CE3000FFF734FFA4EB09044D44D3E703B0BDE88A
:10CE4000F08300BF488C032098290200FDB0B08712
:10CE5000E62EBB272DF304B528C6002080B50020A0
:10CE6000B2B0FFF7A3FE344B03F5006282F30888EB
:10CE700083F30A880024E023304D314E85F82230B8
:10CE8000EC772C766C76AC7685F820406B6A2D4F6B
:10CE900043F4E0236B6285F82340F2F745F8F2F79C
:10CEA00007FB4FF0FF33AB62EB62F2F79BFDF2F74B
:10CEB0006FFBF0F70FFD40F2011308AD2846ADF807
:10CEC0002C30CDE92A4402F095FFB560FFF79AFDBA
:10CED0000120FFF76BFE0220FFF768FE042107A880
:10CEE000FFF762FF184B079A184D1A601A68120272
:10CEF0001A6001F0D5FE164B7561059301231549A3
:10CF00004FF48042CDE9034328463B46CDE9014436
:10CF1000009400F0E3F906466A7B284622F00402FA
:10CF20006A7301F0CBFB2046FFF7ECFE3A46314630
:10CF30002846F2F79FFA00BF08C3022000ED00E088
:10CF4000F8E9002019CC0100488C032088D8002083
:10CF5000B359020048CC022037B50B4C0A4B246869
:10CF600001944FF0000400F10C04C0E903441C6874
:10CF7000019B5C404FF0000301D002F071F803B058
:10CF8000BDE83040EEF780BD488C032037B50E4B2E
:10CF90000E4C1B6801934FF000030D4DAC4208D3BB
:10CFA000094B1A68019B5A404FF0000308D002F069
:10CFB00057F82046D4E90112FFF7CEFF1434EDE70D
:10CFC000002003B030BD00BF488C0320C0CC00203F
:10CFD000E8CC00202DE9F04F0546274B89B0DDE96C
:10CFE00012671B6807934FF0000391463B46324699
:10CFF00004A8884605F1140A02F046FADDE9043473
:10D00000CDE902344FF02003EFF3118483F312884B
:10D01000BFF36F8F05F10C0B4A4641462846EEF7E9
:10D02000A5FC60B184F31188BFF36F8F124B1A68AF
:10D03000079B5A404FF000031AD002F011F83E430C
:10D04000F0D0DDE9022304A802F054FADDE9046718
:10D050005A4621465046CDE9006701F0F5FB4FF0F6
:10D060002003EFF3118483F31288BFF36F8FD3E7AC
:10D0700009B0BDE8F08F00BF488C032030B50B4CE1
:10D0800085B0246803944FF00004CDE900230A46DC
:10D090000421FFF79FFF054B1A68039B5A404FF08E
:10D0A000000301D001F0DCFF05B030BD488C032047
:10D0B00037B5194B04461B6801934FF000034FF03E
:10D0C0002003EFF3118583F31288BFF36F8FEEF720
:10D0D000D9FB04F10C0001F0C1FD80B10E4B1A68C0
:10D0E000019B5A404FF0000301D001F0B9FF2946DF
:10D0F00004F1140003B0BDE8304001F0ABBC85F38F
:10D100001188BFF36F8F044B1A68019B5A404FF090
:10D110000003EAD103B030BD488C032007B5134BA0
:10D1200082681B6801934FF000034369134313F0B7
:10D13000030314D1C3600169994209D800200B4B45
:10D140001A68019B5A404FF000030BD001F088FF92
:10D15000C168013311604169C2600A44EBE76FF0B6
:10D160001500ECE703B05DF804FB00BF488C03201A
:10D1700037B50E4B00201B6801934FF000030C4C99
:10D180000C4DAC4208D3094B1A68019B5A404FF032
:10D19000000308D001F064FF2046FFF7BFFF00281E
:10D1A000F1DB1C34EDE703B030BD00BF488C032039
:10D1B000C0CC0020C0CC002007B50B4B1B680193EE
:10D1C0004FF00003EFF30580074B003818BF012034
:10D1D0001A68019B5A404FF0000301D001F040FF54
:10D1E00003B05DF804FB00BF488C032013B50E4B61
:10D1F00004461B6801934FF0000308B90B4B9C6871
:10D200001F2204F1620005F077F90020064B84F834
:10D2100081001A68019B5A404FF0000301D001F0D1
:10D220001FFF02B010BD00BF488C0320F8E90020AA
:10D2300007B5094B62301B6801934FF00003064BA2
:10D240001A68019B5A404FF0000301D001F008FF1B
:10D2500003B05DF804FB00BF488C032007B5124BF8
:10D260001B6801934FF00003104B9B685A7BD20759
:10D270000ED4D3F888301A68B2F1F03F08D04FF0DE
:10D28000F0321A60404080F311884FF0020002DF54
:10D29000054B1A68019B5A404FF0000301D001F082
:10D2A000DFFE03B05DF804FB488C0320F8E90020A2
:10D2B00007B5094B1B6801934FF00003064B1A6832
:10D2C000019B5A404FF0000301D001F0C9FE03B0AA
:10D2D0005DF804EB01F0EEBB488C0320F0B587B09D
:10D2E000254D109F2D6805954FF000050773042705
:10D2F00000F15805C0E916554FF0F03E00250446F0
:10D30000477307320F9F22F007028773C0E9065563
:10D310008560C5738F18C1F800E0C0E922120E9A2B
:10D32000C0F8905002920D9A119E01920C9A0092B0
:10D330003A46F2F75BF86565BEB11F22314604F14B
:10D34000620005F0D9F884F881500C4B9B680BB152
:10D35000D3F89430C4F89430074B1A68059B5A40B0
:10D360004FF0000304D001F07BFE84F86260ECE72C
:10D37000384607B0F0BD00BF488C0320F8E9002014
:10D38000F0B51B4F89B03F6807974FF00007DDE904
:10D39000146500270597129F04460497119F039771
:10D3A000109F02970F9F01970E9F0097FFF796FF20
:10D3B000B5F1FF3F08BFB6F1FF3F05D055EA0603C0
:10D3C0000BD1204601F076FB094B1A68079B5A40A7
:10D3D0004FF0000309D001F043FE32462B460549C9
:10D3E00004F1180001F0CCFEEEE7204609B0F0BDD4
:10D3F000488C032019E8010070B5294B88B01B68E0
:10D4000007934FF00003274C274D2646AE4204F108
:10D4100030040ED301F0CEFB224C244EAC4224D378
:10D420001F4B1A68079B5A404FF0000332D001F09F
:10D4300017FE54F80C3C059354F8103C049354F830
:10D44000143C039354F8183C029354F81C3C019389
:10D4500054F8203C009354E90A2354E90C01FFF7E7
:10D460003DFF54F8303C5E65CFE7D4E90A23B3F1C1
:10D47000FF3F08BFB2F1FF3F05D052EA0301206829
:10D4800003D101F017FB3034C8E73146183001F002
:10D4900077FEF8E708B0BDE8704001F0B3BB00BF0D
:10D4A000488C0320DC2B0200DC2B020019E8010071
:10D4B00007B5084B1B6801934FF000034FF02002A3
:10D4C000EFF3118382F31288BFF36F8FF1F7F6FF4A
:10D4D000F4E700BF488C032007B5104B1B6801938D
:10D4E0004FF0000390F90E308B420C4B0CD01A68B1
:10D4F000019B5A404FF0000301D001F0B1FD03B091
:10D500005DF804EB01F050BA1A68019B5A404FF0E5
:10D510000003F2D1002003B05DF804FB488C032027
:10D5200037B5244B04461B6801934FF00003836812
:10D53000002B36D0204A9268934235D1C368012B24
:10D540000BD9013BC36000201A4B1A68019B5A405B
:10D550004FF000032BD001F083FD4FF02003EFF3D9
:10D56000118583F31288BFF36F8F01698068FFF71D
:10D57000B3FF204601F0C0F9A06060B190F90E2021
:10D5800022610022C0F89C2001F098F829460B483F
:10D5900001F060FAD7E7E06085F31188BFF36F8F81
:10D5A000D1E76FF01500CFE74FF0FF30CCE703B0C5
:10D5B00030BD00BF488C0320F8E9002006BF0220E0
:10D5C0002DE9FF411E46404B044617461B68039356
:10D5D0004FF000034FF02003EFF3118883F312881C
:10D5E000BFF36F8FC368394AABB1806891688842D6
:10D5F0001FD057EA06031ED188F31188BFF36F8F3F
:10D600006FF00F00304B1A68039B5A404FF0000335
:10D6100057D001F025FD916891F90E100133E360B8
:10D6200093682161A36088F31188BFF36F8F002096
:10D63000E8E72169F2E791F90E1090F90E306FF0EA
:10D640007E029942A8BF19469142B8BF11468B424B
:10D650002EDDFFF741FF054622464146CDE9007623
:10D660001B4801F0F1F80028E1D04FF02003EFF360
:10D67000118683F31288BFF36F8FA068D0B123683F
:10D6800021699C420AD04BB193F90E309942A8BF50
:10D6900019466FF07E039942B8BF1946FFF71CFF89
:10D6A00040B131460A4801F0D5F96FF00A00A9E708
:10D6B0000025D1E7002DF4D186F31188BFF36F8FD9
:10D6C000F3E704B0BDE8F081488C0320F8E90020BE
:10D6D00006BF022007B503460A4A002012680192DD
:10D6E0004FF00002C3E90033C3E90200054B1A689A
:10D6F000019B5A404FF0000301D001F0B1FC03B090
:10D700005DF804FB488C03202DE9F7439046394A25
:10D71000994604460D46126801924FF000029DF8AA
:10D72000283000F108064FF02002EFF3118782F352
:10D730001288BFF36F8F03B14568304601F0DCF803
:10D7400060B10023C0F81480C0F89C3000F0B6FF30
:10D750003046394601F07EF900200CE0B9F1000FA7
:10D7600022D0082102F060FB70B987F31188BFF363
:10D770006F8F6FF00B001F4B1A68019B5A404FF0E0
:10D78000000334D001F06CFC0122C0F80480026078
:10D79000016801F003015DB922680A430260626812
:10D7A00020606AB960600BE04046C8F80090EFE77F
:10D7B0002A68032A10D80160616839B9C4E90000F9
:10D7C000042104F1100002F0E1F9C1E70A6802F057
:10D7D000030202430A60E5E722F003020A43026003
:10D7E0002A6802F0030240EA02032B60E8E703B074
:10D7F000BDE8F083488C032013B50D4B04461B682D
:10D8000001934FF0000330B10268930703D04468DE
:10D8100009B102F075FA064A1168019A51404FF0B9
:10D82000000201D001F01CFC204602B010BD00BF78
:10D83000488C03201FB50C4B0A461B6803934FF01E
:10D8400000030123009300231946FFF75DFF064BF9
:10D850001A68039B5A404FF0000301D001F000FC0E
:10D8600005B05DF804FB00BF488C032030B51146BD
:10D870001E4A85B0126803924FF000024FF020025A
:10D88000EFF3118582F31288BFF36F8F0468CCB178
:10D890002368426823F003039442036008BF436097
:10D8A00001212046FFF7A8FF044685F31188BFF346
:10D8B0006F8F0E4B1A68039B5A404FF0000312D033
:10D8C00001F0CEFB51EA0302EFD000F10802CDE9EE
:10D8D00000131046294600F0B7FF0028E9D1044B99
:10D8E0009B685C69E5E7204605B030BD488C0320A5
:10D8F000F8E9002013B50F4B1B6801934FF00003AC
:10D900009AB18A4211D300F11003C0E90212C0E9B2
:10D910000000C0E904330020064B1A68019B5A40FE
:10D920004FF0000304D001F09BFB6FF01500F3E70C
:10D9300002B010BD488C032037B5194B04461B6854
:10D9400001934FF000034FF02003EFF3118583F3B1
:10D950001288BFF36F8F00F0CFFF68B10022C0F8CC
:10D960009C2000F0ABFE0E4B1A68019B5A404FF012
:10D9700000030DD001F074FBD4E902329A4218BFC3
:10D9800001330221A36004F1100002F0FFF8EAE77E
:10D990002946044803B0BDE8304001F05BB800BF41
:10D9A000488C032006BF02201FB51949096803915E
:10D9B0004FF000014FF02004EFF3118184F312883F
:10D9C000BFF36F8F84687CB1013C846081F3118860
:10D9D000BFF36F8F00200E4B1A68039B5A404FF025
:10D9E000000312D001F03CFB52EA030406D181F39C
:10D9F0001188BFF36F8F6FF00F00ECE7CDE90023C4
:10DA00000246044800F020FFE5E704B010BD00BF67
:10DA1000488C032006BF022073B5174B04461B68D1
:10DA200001934FF000034FF02003EFF3118583F3D0
:10DA30001288BFF36F8F6FF00A06204600F05CFF7C
:10DA400020B1C0F89C6000F039FEF6E7A06002212A
:10DA500004F1100002F09AF8074B1A68019B5A4033
:10DA60004FF0000301D001F0FBFA2946034802B051
:10DA7000BDE8704000F0EEBF488C032006BF0220D6
:10DA800007B501220C4B8A401B6801934FF000033D
:10DA9000036823EA0202026023FA01F0064B00F059
:10DAA00001001A68019B5A404FF0000301D001F0B9
:10DAB000D7FA03B05DF804FB488C032013B50E4B76
:10DAC000044603210C301B6801934FF00003FFF75D
:10DAD000D7FF30B104F1100001F0DAFBB0FA80F0AA
:10DAE0004009054B1A68019B5A404FF0000301D0D2
:10DAF00001F0B6FA02B010BD488C032007B5104BF8
:10DB00001B6801934FF000030D4B78B11A68019B1D
:10DB10005A404FF0000301D001F0A2FA0022114652
:10DB2000B03003B05DF804EB01F0FEB91A68019B58
:10DB30005A404FF00003EFD103B05DF804FB00BF83
:10DB4000488C03202DE9F04F4C4B87B004461B68EE
:10DB500005934FF000034FF0FF384FF0FF39484E68
:10DB60004FF02003EFF3118783F31288BFF36F8F19
:10DB7000D4F8A8508DB9022104F1C000FFF780FF4E
:10DB8000002843D100233946CDE90089029304F1EE
:10DB9000B0023C4801F0FEF9E2E7D4F8AC202B6873
:10DBA0009542C4F8A83008BFC4F8AC30D4F8C030EF
:10DBB00043F00203C4F8C030EB6823F0040343F0E1
:10DBC0000103EB606B6887F31188BFF36F8F284602
:10DBD00098474FF02003EFF3118B83F31288BFF3C4
:10DBE0006F8FEB68990723F0010219D4EA60D4F82B
:10DBF000C03023F00203C4F8C0308BF31188BFF3A8
:10DC00006F8FDB05ACD401F067F8A9E704F1B80524
:10DC100000220121284601F087F90028F8D1B1E758
:10DC2000306823F00303EB600028E0D000273B4678
:10DC3000D0F800A00028DAD04268014695420CD105
:10DC400001689FB972683160824200D1716040F80A
:10DC5000083BFFF771FE39460023BAF1000F0BD0E5
:10DC6000DAF8002050460F469246E3E739607268C2
:10DC7000824208BF7760EAE75246F3E7488C032008
:10DC800018EA002006BF0220F7B5324B04461B6895
:10DC900001934FF00003C3680F469A07C3F3400691
:10DCA0002CD45B071AD40B680BB983680B60E3684C
:10DCB000DD0742BFA36802263B603D6858BF0126CE
:10DCC000002D41D0244B9B68AB420AD0D5F8C03020
:10DCD000D807C3F3800214D46FF0120600233B6010
:10DCE00025E0FFF769FAD5F8C0300028F0D1D90750
:10DCF000C3F3C002F0D552B15B0708D46FF00F0632
:10DD0000ECE7002AFAD1C3F3C003002BF6D10023BD
:10DD10002360D5F8AC309BB9C5E92A442846FFF703
:10DD2000EDFEE36843F00403E3603B68A360094B46
:10DD30001A68019B5A404FF0000308D001F090F997
:10DD40001C60C5F8AC40E9E76FF01506C6E7304641
:10DD500003B0F0BD488C0320F8E9002073B5164BE2
:10DD600004461B6801934FF000034FF02003EFF3CC
:10DD7000118583F31288BFF36F8F0023A0F1100683
:10DD8000032104380093FFF77BFE28B1A36969469D
:10DD900030460093FFF778FF85F31188BFF36F8F4C
:10DDA000054B1A68019B5A404FF0000301D001F067
:10DDB00057F902B070BD00BF488C03201FB5104B4F
:10DDC00001901B6803934FF0000308464FF02003B7
:10DDD000EFF3118483F31288BFF36F8F01A9FFF76C
:10DDE00053FF84F31188BFF36F8F054B1A68039BB1
:10DDF0005A404FF0000301D001F032F904B010BDD9
:10DE0000488C032013B50F4B1B6801934FF00003A0
:10DE1000FFF7D4FF041E09DD4FF02003EFF311805C
:10DE200083F31288BFF36F8F00F07CFE054B1A68F6
:10DE3000019B5A404FF0000301D001F011F9204638
:10DE400002B010BD488C032007B50A4B01461B6881
:10DE500001934FF00003074B1A68019B5A404FF0A3
:10DE6000000301D001F0FCF8034803B05DF804EBB7
:10DE7000FFF7C8BF488C032050D90020F0B50446F6
:10DE800020488BB0006809904FF000000020109DE2
:10DE9000C4E92A0004F1B000C4E92C0004F1B80080
:10DEA000C4E92E0035B32879002840F2011008BFDC
:10DEB0000120C4F8C00000204FF0FF364FF0FF37BC
:10DEC000CDE90330CDE90100CDE9066720460E4BD0
:10DED0000094FFF755FA25B1296811B12046FFF7E4
:10DEE00085F9084B1A68099B5A404FF0000303D08C
:10DEF00001F0B6F80120DCE720460BB0BDE8F040A9
:10DF0000FFF7D6B9488C032045DB010037B50D4B30
:10DF10000D463022002104461B6801934FF0000398
:10DF200004F02BFA4FF48073E360064B65601A68C7
:10DF3000019B5A404FF0000301D001F091F803B06B
:10DF400030BD00BF488C032030B585B00190084635
:10DF50001949096803914FF000014FF02001EFF3D8
:10DF6000118481F31288BFF36F8FC16811F00E0F17
:10DF70001DD153EA02050FD101A9FFF785FE84F3F5
:10DF80001188BFF36F8F0C4B1A68039B5A404FF0F8
:10DF900000030ED001F064F841F00801C16001995E
:10DFA00010308161054901F0EBF80120E7E700201E
:10DFB000E5E705B030BD00BF488C03205DDD010002
:10DFC00013B501460948006801904FF0000007486A
:10DFD0000468019844404FF0000001D001F040F87F
:10DFE000034802B0BDE81040FFF7AEBF488C0320E5
:10DFF00050D90020F0B51D4685B01C4B01900C4651
:10E0000017461B6803934FF000034FF02003EFF314
:10E01000118683F31288BFF36F8F0846FFF74EFD1A
:10E0200055EA070310D1204601A9FFF72DFE86F31C
:10E030001188BFF36F8F0D4B1A68039B5A404FF046
:10E04000000310D001F00CF8E36804F1100043F075
:10E050000803E360019B3A46A36205492B4601F0A1
:10E060008FF80120E3E705B0F0BD00BF488C032026
:10E070005DDD010013B501460948006801904FF0CD
:10E08000000007480468019844404FF0000001D0A8
:10E0900000F0E6FF034802B0BDE81040FFF7AABF5A
:10E0A000488C032050D9002007B50C4B1B68019306
:10E0B0004FF00003D0E9003213605A600023C0E93A
:10E0C0000033064B1A68019B5A404FF0000301D001
:10E0D00000F0C6FF03B05DF804FB00BF488C0320CE
:10E0E00007B5144B1B6801934FF00003C3897F2BC6
:10E0F0001AD8114B1B6863B1104B90F90E201B68A6
:10E100009A4211DB437BDB060ED10D4BC31A18BFBD
:10E11000012303F00100074B1A68019B5A404FF09E
:10E12000000303D000F09CFF0023F2E703B05DF88A
:10E1300004FB00BF488C032028EA002024EA0020CA
:10E14000E0D7002007B50C4B01221B6801934FF06C
:10E1500000030A4BC01A0A4BC0105843094B1A540B
:10E16000054B1A68019B5A404FF0000301D000F0A4
:10E1700077FF03B05DF804FB488C032030D9002002
:10E18000ABAAAAAA06BF022013B504460B4B1B6814
:10E1900001934FF00003FFF787FF637B23F0020337
:10E1A00063730023A360054B1A68019B5A404FF02C
:10E1B000000301D000F054FF02B010BD488C0320D2
:10E1C00013B50B4B04461B6801934FF00003FFF798
:10E1D00045F8074B1A68019B5A404FF0000301D0E5
:10E1E00000F03EFF204602B0BDE81040F0F7BEBF91
:10E1F000488C032007B50D4B1B6801934FF00003BB
:10E2000090F90E3091F90E00834218BFC01A074BE7
:10E2100008BF00201A68019B5A404FF0000301D04C
:10E2200000F01EFF03B05DF804FB00BF488C032024
:10E2300073B51B4B1B4C1B6801934FF000031A4B2B
:10E2400005461E7C06EB460304EBC304204601F0A2
:10E250001FF80022154B28469A55FFF741FFA8B139
:10E260000F49134B0868019948404FF000011A68A4
:10E2700002F1FF324FEAE27301D000F0F1FE2046D6
:10E280000C4902B0BDE8704000F07ABF044B1A6838
:10E29000019B5A404FF00003EFD102B070BD00BFA8
:10E2A000488C032030D90020F8E9002006BF022066
:10E2B00028EA002045E1010037B5144B144D1B68D6
:10E2C00001934FF000032B4653F8184F9C4200D0A7
:10E2D00004B9EC68AB6838B95A7BD20604D1A2699C
:10E2E00012B9DA897F2A05D89C4202D02046FFF76E
:10E2F0009FFF23466B61054B1A68019B5A404FF004
:10E30000000301D000F0ACFE03B030BD488C032008
:10E31000F8E9002073B590F90D20214B002A1B6805
:10E3200001934FF000030446437B04DA03F07F03BC
:10E330004373FFF7B9FE1B4A637B114663F07F030B
:10E34000637351F8183FD0698B4208BF002323B98B
:10E35000C4E900100460D4610CE094F90E5093F904
:10E360000E60B5420FD0AE420DDD5968C4E90031F0
:10E370000C605C600A4B1968019B59404FF0000328
:10E3800005D000F06DFE9842E2D01B68DFE7906890
:10E39000031B5842584102B0BDE87040FFF78CBFE4
:10E3A000488C0320F8E9002073B5244B427B1B689E
:10E3B00001934FF0000390F90D30002B34DBD306AE
:10E3C00032D1836983BB1E4962F07F0242730A46E1
:10E3D00052F8184F944218BF2346CC6923B9C0E9BC
:10E3E00000242060C8610CE090F90E5093F90E6093
:10E3F000B5420FD0AE420DDD5A68C0E90032106060
:10E4000058600E4B1A68019B5A404FF0000305D02C
:10E4100000F026FEA342E2D01B68DFE7002002B036
:10E42000BDE87040FFF748BF044B1A68019B5A4093
:10E430004FF00003ECD102B070BD00BF488C032048
:10E44000F8E9002013B590F90D20104B002A1B6845
:10E4500001934FF000030446437B04DA03F07F038B
:10E460004373FFF721FE094B1A68019B5A404FF096
:10E47000000301D000F0F4FD054B9868031B5842DF
:10E48000584102B0BDE81040FFF716BF488C03208A
:10E49000F8E9002037B504460D461A4B1B68019376
:10E4A0004FF00003FFF7CEFF637B43F0020363737B
:10E4B000E5B1A5602B689D4209D16B68C4E90053A2
:10E4C0001C606C6012E06A689342F6D01B68002BF7
:10E4D000F3D094F90E2093F90E108A42F3D09142B2
:10E4E000F1DD5A68C4E9003214605C60054B1A68BB
:10E4F000019B5A404FF0000301D000F0B1FD03B082
:10E5000030BD00BF488C032073B515461C46144B24
:10E5100006461B6801934FF00003FFF7BBFFB4F101
:10E52000FF3F08BFB5F1FF3F0D4B11D01A68019BAB
:10E530005A404FF0000301D000F092FD2A462346D6
:10E54000084906F1180002B0BDE8704000F018BE9E
:10E550001A68019B5A404FF00003EDD102B070BD24
:10E56000488C032019E80100002A2DE9F3410CBF73
:10E57000102508252E4B04461B6801934FF000031D
:10E58000437B0E461D420AD12B43D90903F09F025B
:10E5900015D14273082D18D00120FFF78DFE254BB1
:10E5A0009B68A34236D1EFF305839BBB204B1A68CF
:10E5B000019B5A404FF0000326D000F051FD03F0BC
:10E5C0001F034373FFF770FDE4E7A36813B1204610
:10E5D000FFF7DAFD04F1180000F05AFE4FF00008D2
:10E5E00004F15807A56DBD42D6D0002DD4D02846E1
:10E5F000FFF7CAFD05F1180000F04AFE2846C5F8ED
:10E600009C80FFF7D1FEEDE7304602B0BDE8F04157
:10E61000FFF7D6BD86F31188BFF36F8F044B1A68DE
:10E62000019B5A404FF00003C7D102B0BDE8F08112
:10E63000488C0320F8E9002037B51C4B1B68019378
:10E640004FF000034FF02003EFF3118583F312889E
:10E65000BFF36F8F164B174A9C681068A0420ED10B
:10E66000FFF7E6FD85F31188BFF36F8F0F4B1A6834
:10E67000019B5A404FF0000315D000F0F1FC00213F
:10E680001B7C11600C4AD35C002BEBD02046FFF7BB
:10E6900027FD0028E6D0637BDB0602D12046FFF78A
:10E6A00039FE2046DCE703B030BD00BF488C0320B4
:10E6B000F8E9002020EA002006BF022013B50F4B26
:10E6C0001B6801934FF000034FF02003EFF3118418
:10E6D00083F31288BFF36F8FFFF766FE84F3118810
:10E6E000BFF36F8F054B1A68019B5A404FF0000330
:10E6F00001D000F0B5FC02B010BD00BF488C032073
:10E7000013B5184B044618301B6801934FF00003F3
:10E7100000F0BEFD4FF02003EFF3118183F3128868
:10E72000BFF36F8F627B12F010020CD081F311885F
:10E73000BFF36F8F0B4B1A68019B5A404FF00003D9
:10E740000ED000F08DFC074B1868019B58404FF02D
:10E750000003F6D1204602B0BDE81040FFF704BF29
:10E7600002B010BD488C032013B5104A1268019204
:10E770004FF000024FF02002EFF3118482F3128871
:10E78000BFF36F8F83680BB1FFF7FEFC84F3118832
:10E79000BFF36F8F054B1A68019B5A404FF000037F
:10E7A00001D000F05DFC02B010BD00BF488C03201A
:10E7B00073B5184B04460D461B6801934FF00003D8
:10E7C0004FF02003EFF3118683F31288BFF36F8FAE
:10E7D000437B13F0280F0BD183680BB1FFF7D4FCF8
:10E7E000637B95B903F0FB0320466373FFF7DCFD01
:10E7F00086F31188BFF36F8F064B1A68019B5A404E
:10E800004FF0000304D000F02BFC03F0EB03EBE728
:10E8100002B070BD488C032007B50A4B1B680193FA
:10E820004FF00003074B1A68019B5A404FF000035A
:10E8300001D000F015FC0121183803B05DF804EB9D
:10E84000FFF7B6BF488C032073B51348134D00681B
:10E8500001904FF0000012480C4686681146DDE931
:10E8600006232E604FF02006EFF3118586F3128801
:10E87000BFF36F8F8068FFF747FE074B1A68019B55
:10E880005A404FF0000301D000F0EAFB204602B0EE
:10E89000BDE87040FFF794BC488C032020EA0020BC
:10E8A000F8E9002037B5134B1B6801934FF00003C4
:10E8B0004FF02003EFF3118583F31288BFF36F8FBE
:10E8C0000468A04210D014B12046FFF75DFC85F328
:10E8D0001188BFF36F8F074B1A68019B5A404FF0A6
:10E8E000000303D000F0BCFB0024F0E7204603B097
:10E8F00030BD00BF488C032037B5154B1B68019312
:10E900004FF000034FF02003EFF3118583F31288DB
:10E91000BFF36F8F0468A04214D034B12046FFF7D4
:10E9200033FC04F1180000F0B3FC85F31188BFF349
:10E930006F8F074B1A68019B5A404FF0000303D0BA
:10E9400000F08EFB0024F0E7204603B030BD00BF8E
:10E95000488C032037B5134B04461B6801934FF0D6
:10E9600000034FF02003EFF3118583F31288BFF308
:10E970006F8F83680BB1FFF707FC85F31188BFF336
:10E980006F8F084B1A68019B5A404FF0000301D06B
:10E9900000F066FB04F1180003B0BDE8304000F061
:10E9A00077BC00BF488C0320F7B5284B04461B6892
:10E9B00001934FF000034FF02003EFF3118783F32F
:10E9C0001288BFF36F8F437B4EB2DA0619D1856987
:10E9D000BDB903F07F034373FFF766FB637B1C4AFB
:10E9E00063F07F0363731346A67353F8181F9942AD
:10E9F00018BF0D46D1699DB9C4E900310C60D461DE
:10EA000019E00020A67387F31188BFF36F8F0F4BB7
:10EA10001A68019B5A404FF0000315D000F020FB0C
:10EA200095F90E0086420BD0B04209DD6B68C4E94F
:10EA300000531C606C600120FFF73EFC0120E2E700
:10EA4000A942D9D02D68D6E703B0F0BD488C032089
:10EA5000F8E9002007B5154B1B6801934FF0000340
:10EA6000A9B9EFF3058090B9114B5A699B689A4296
:10EA70000DD00E4B1A68019B5A404FF0000301D095
:10EA800000F0EEFA03B05DF804EBFFF799BB81F3F9
:10EA90001188BFF36F8F054B1A68019B5A404FF0E6
:10EAA0000003EDD103B05DF804FB00BF488C0320E8
:10EAB000F8E9002013B5194A126801924FF00002DC
:10EAC0004FF02002EFF3118482F31288BFF36F8FAF
:10EAD000427B51070CD484F31188BFF36F8F0F4B27
:10EAE0001A68019B5A404FF0000314D000F0B8FAA6
:10EAF00022F004024273FFF757FC084B1A68019B8F
:10EB00005A404FF00003F1D12146054802B0BDE85C
:10EB10001040FFF79FBF02B010BD00BF488C03201C
:10EB200007BF022007B5134B1B6801934FF000038A
:10EB3000034680B9EFF305826AB90E4B1A68019B50
:10EB40005A404FF0000301D000F08AFA03B05DF89C
:10EB500004EBFFF735BB83F31188BFF36F8F054BD1
:10EB60001A68019B5A404FF00003EDD103B05DF8E5
:10EB700004FB00BF488C032007B50D4B1B680193B5
:10EB80004FF000034FF02003EFF3118083F312885E
:10EB9000BFF36F8F064B1A68019B5A404FF000037A
:10EBA00001D000F05DFA03B05DF804EBFFF7BABFE7
:10EBB000488C032007B5114B1B6801934FF00003ED
:10EBC0004FF02003EFF3118183F31288BFF36F8FAF
:10EBD0000B4B9A68D37B013BD37381F31188BFF34E
:10EBE0006F8F064B1A68019B5A404FF0000301D00B
:10EBF00000F036FA03B05DF804FB00BF488C032038
:10EC0000F8E9002013B5134B1B6801934FF0000384
:10EC10004FF02003EFF3118483F31288BFF36F8F5B
:10EC20000D4B00209A68D37B0133D373FFF744FB6D
:10EC300084F31188BFF36F8F064B1A68019B5A400B
:10EC40004FF0000301D000F00BFA02B0BDE8104015
:10EC5000FFF792BF488C0320F8E9002037B50F4B2F
:10EC600005461B6801934FF0000300202C68A54265
:10EC700000D044B9094B1A68019B5A404FF0000379
:10EC800009D000F0EDF92046FFF764FE2046FFF7BB
:10EC900015FD0120EAE703B030BD00BF488C03201A
:10ECA00007B50B4B1B6801934FF00003094B03F1B1
:10ECB0001802C3E90622064B1A68019B5A404FF01E
:10ECC000000301D000F0CCF903B05DF804FB00BFF5
:10ECD000488C0320F8E90020F7B5254B1B68019309
:10ECE0004FF000034FF02003EFF3118583F31288F8
:10ECF000BFF36F8F1F4CA068437B03F07F03437308
:10ED0000FFF7D2F92146A3685A7B62F07F025A735B
:10ED100051F8182FE0698A4208BF002222B9C3E9DE
:10ED200000100360E3610CE093F90E6092F90E703D
:10ED3000BE4212D0B74210DD5168C3E900210B601A
:10ED400053600120FFF7B8FA094B1A68019B5A403B
:10ED50004FF0000305D000F083F98242DFD0126843
:10ED6000DCE7284603B0BDE8F040FFF729BA00BF52
:10ED7000488C0320F8E900202DE9F341254B054696
:10ED80001B6801934FF0000350EA01030E4603D1C4
:10ED9000FFF7A2FF00202CE0831C71F1FF3331DB71
:10EDA00000F046FB2C184FF02003EFF3118883F39B
:10EDB0001288BFF36F8F184F184BB8681860FFF7B1
:10EDC00041FBB86816492A463346183000F0D8F996
:10EDD000BA684046537B43F010035373FFF7F0F9D2
:10EDE00000F026FB201A63EB0303012873F10003F4
:10EDF000D0DB084B1A68019B5A404FF0000305D046
:10EE000000F02EF96FF00104241ACCE702B0BDE83F
:10EE1000F08100BF488C0320F8E9002020EA0020A0
:10EE200019E80100B1F1FF3F08BFB0F1FF3F07B59E
:10EE3000104B1B6801934FF000030ED10E4B9868E6
:10EE4000FFF75EFC4FF0FF300A4B1A68019B5A40F7
:10EE50004FF000030BD000F003F9FFF78DFF4FF4E4
:10EE60007A7380FB0303C00B40EA4340ECE703B036
:10EE70005DF804FB488C0320F8E9002007B5094B36
:10EE80001B6801934FF00003074B9868054B1A6805
:10EE9000019B5A404FF0000301D000F0E1F803B0AD
:10EEA0005DF804FB488C0320F8E9002007B51D4AF3
:10EEB000126801924FF000024FF02002EFF311812F
:10EEC00082F31288BFF36F8F027BD20713D581F3D1
:10EED0001188BFF36F8F404080F311884FF004001A
:10EEE00002DF104B1A68019B5A404FF0000311D10A
:10EEF00003B05DF804FB437B1B0704D581F3118845
:10EF0000BFF36F8FEDE7074B1A68019B5A404FF034
:10EF1000000301D000F0A4F8012203B05DF804EB77
:10EF2000FFF722BB488C032037B5194B1B680193B0
:10EF30004FF000034FF02003EFF3118583F31288A5
:10EF4000BFF36F8F0468A0421BD0E4B1C4F89C10DB
:10EF500062612046FFF718F904F1180000F098F9F3
:10EF60002046FFF721FA012085F31188BFF36F8F48
:10EF7000074B1A68019B5A404FF0000305D000F080
:10EF80006FF80020F0E72046EEE703B030BD00BF89
:10EF9000488C0320F0B50E4B85B00C9C1B68039386
:10EFA0004FF00003DDE90A67CDE90067FFF74CFC8D
:10EFB0001CB1084B9B685B692360054B1A68039B77
:10EFC0005A404FF0000301D000F04AF805B0F0BD00
:10EFD000488C0320F8E9002007B50A4B1B68019311
:10EFE0004FF00003C0E90000064B1A68019B5A402D
:10EFF0004FF0000301D000F033F8002003B05DF8BB
:10F0000004FB00BF488C032007B50E480E4A0F4B87
:10F01000121A0F491B6801934FF00003FDF73EFEE3
:10F020000A4B1A68019B5A404FF0000301D000F0D0
:10F0300017F8084A0849094803B05DF804EBFDF7E2
:10F040002DBE00BF80C500206CCE0020488C032060
:10F05000785B020000000000605B020080C50020B9
:10F06000054B82B01B6801934FF00003404080F3D2
:10F0700011884FF0020002DF488C032007B5104BC7
:10F080001B6801934FF000030E4B1B686BB90C4BD0
:10F090001A68019B5A404FF0000301D0FFF7E0FFD0
:10F0A00003B05DF804EBF4F7C7BF054B1A68019B8A
:10F0B0005A404FF00003F1D1002003B05DF804FB8B
:10F0C000488C03202CEA002013B5154B1B680193D4
:10F0D0004FF00003134B1C689C420CD1FFF7CEFF8E
:10F0E0006FF000400E4B1A68019B5A404FF000032E
:10F0F00014D0FFF7B5FFFFF7C1FF002CF0D0D4E923
:10F1000004321B1A62EBE072B3F1004F72F100019E
:10F11000E6DA002AACBF18460020E3E702B010BDD3
:10F12000488C032008CA002037B5134B1B68019395
:10F130004FF0000370B1114B5B6898420AD003682E
:10F1400043B1D3E90421D0E90445121941EB05018B
:10F15000C3E90421D0E9003213605A600023C0E9FA
:10F160000033054B1A68019B5A404FF0000301D051
:10F17000FFF776FF03B030BD488C032008CA00209B
:10F18000F7B51D46B5F1FF3F08BFB2F1FF3F3D4B5C
:10F1900004461B6801934FF0000316465CD0816063
:10F1A0004FF02003EFF3118783F31288BFF36F8FC3
:10F1B000013275F1FF3324DA6FF001033249D1E9EE
:10F1C00000209B1A4FF0FF3262EB00009E1B60EBA9
:10F1D0000500012E70F1000301DA01260020C4E9C8
:10F1E00004602A4ED6F800C07568B44508BF4FF0D9
:10F1F000000CBCF1000F0DD1C4E900652C607460F7
:10F200001CE0FFF73BFF013645F10005361845EBE2
:10F21000E070E4E7DCE90420D4E90431934271EBC7
:10F22000000E22DAD21ADCF8043060EB0100CCE9DF
:10F230000420C4E900C31C60CCF804403368B34226
:10F2400006D09C4204D1FFF73FFF0021F4F7B6FE41
:10F2500087F31188BFF36F8F0A4B1A68019B5A40DE
:10F260004FF000030BD0FFF7FBFE9B1A61EB000190
:10F27000AC45C4E90431BFD0DCF800C0B9E703B045
:10F28000F0BD00BF488C032048D9002008CA0020E8
:10F2900013B5124A126801924FF000024FF020029B
:10F2A000EFF3118482F31288BFF36F8F03687BB191
:10F2B000FFF73AFF002084F31188BFF36F8F074BED
:10F2C0001A68019B5A404FF0000304D0FFF7C8FEB4
:10F2D0006FF01500EFE702B010BD00BF488C0320AF
:10F2E0002DE9F74F394B1B6801934FF000034FF0A6
:10F2F0002003EFF3118C83F31288BFF36F8FDFF8D5
:10F30000D0B00026DBF8004000275C4508BF002491
:10F31000DFF8C0A0DFF8C080CAF80000E146D8E9F5
:10F320000021DAF8003094B3D4E904504FEAE37CCA
:10F33000AB427CEB000E05DAED1A60EB0C00C4E981
:10F34000045024E0AA1841EBE5712046C4E90467A3
:10F35000C8E90021FFF7E8FE89F31188BFF36F8F3A
:10F360002046A36898474FF02003EFF3118983F3F9
:10F370001288BFF36F8FDAF80030DBF800405B1BB8
:10F380005C45CC46CAF80030C8D1D8E90021002439
:10F390009A1841EBE373C8E90023CAF80040FFF76D
:10F3A00093FE2146F4F70AFE89F31188BFF36F8FAD
:10F3B000064B1A68019B5A404FF0000301D0FFF73B
:10F3C0004FFE03B0BDE8F04FFFF736B9488C03207D
:10F3D00008CA00202CEA002048D9002013B5124B9F
:10F3E0001B6801934FF000034FF02003EFF31184EB
:10F3F00083F31288BFF36F8FFFF740FE03460B4A7B
:10F40000D2E90001181841EBE37184F31188BFF3CE
:10F410006F8F054B1A68019B5A404FF0000301D0D3
:10F42000FFF71EFE02B010BD488C032048D9002013
:10F4300007B5094B1B6801934FF00003FFF7CEFFA0
:10F44000054B1A68019B5A404FF0000301D0FFF7AB
:10F4500007FE03B05DF804FB488C032007B5094B99
:10F460001B6801934FF00003064B1A68019B5A403A
:10F470004FF0000301D0FFF7F3FD03B05DF804EB9C
:10F48000FFF7ACBF488C032073B51D46B5F1FF3FB5
:10F4900008BFB2F1FF3F164B04461B6801934FF0C3
:10F4A000000316461AD02A431CD06FF001024FF019
:10F4B000FF33921B63EB0501002904DAFFF78EFF8F
:10F4C000821941EB0501C4E90021094B1A68019B2F
:10F4D0005A404FF0000307D0FFF7C2FD4FF0FF3254
:10F4E0001146F0E70022FBE7204602B070BD00BFE6
:10F4F000488C0320F7B51C46B4F1FF3F08BFB2F1BA
:10F50000FF3F144B074616461B6801934FF000035C
:10F5100017D054EA020318D0FFF760FFB0420A4642
:10F52000A141034611D2F31A64EB0204C7E9003487
:10F53000084B1A68019B5A404FF0000307D0FFF7B1
:10F540008FFD4FF0FF331C46F0E70023FBE7384602
:10F5500003B0F0BD488C0320F7B5434B04461B684D
:10F5600001934FF000034FF02003EFF3118783F373
:10F570001288BFF36F8F026862B187F31188BFF3FF
:10F580006F8F394B1A68019B5A404FF0000368D0C7
:10F59000FFF766FDD0E90A36581C46F10001022843
:10F5A00071F1000127D3012B76F10001BCBF0123CB
:10F5B00016465D1E46F1FF36FFF750FF013041F160
:10F5C0000001401946EB0101012871F1000143DB04
:10F5D000FFF744FF013041F100016FF001024019D3
:10F5E00046EB01034FF0FF31121A61EB0303204693
:10F5F0001E49FFF7C5FD236B01332363236A73B1F3
:10F6000087F31188BFF36F8F2046236A98474FF026
:10F610002003EFF3118783F31288BFF36F8F54F841
:10F62000185FA542A9D0002DA7D02846FFF79CF867
:10F630000023C5F89C3087F31188BFF36F8F0A4B06
:10F640001A68019B5A404FF00003A1D1284603B02D
:10F65000BDE8F040FFF732B86FF001024FF0FF3322
:10F66000C5E703B0F0BD00BF488C032059F5010089
:10F6700013B50D4B1B6801934FF000030023C0E945
:10F68000081200F11802C0E90033C0E90622036342
:10F690004363054B1A68019B5A404FF0000301D0A9
:10F6A000FFF7DEFC02B010BD488C03202DE9F347C4
:10F6B000DDE90A671C46214B05461B6801934FF0A4
:10F6C00000039246A1464FF02003EFF3118883F325
:10F6D0001288BFF36F8FB4F1FF3F08BFB2F1FF3F55
:10F6E0000CD188F31188BFF36F8F144B1A68019BFC
:10F6F0005A404FF000031DD0FFF7B2FC531C74F1C9
:10F70000FF3309DB012A74F10003BCBF012200248E
:10F7100012F1FF3A44F1FF392846FFF7B9FD002303
:10F7200052462B6328464B46C5E90A670449FFF752
:10F7300027FDD6E702B0BDE8F08700BF488C032064
:10F7400059F5010013B5194B04461B6801934FF09E
:10F750000003FFF79DFD00BB636A0BB1204698478D
:10F7600004F11800FFF79EF8B8B1FEF7A7FF4FF0BD
:10F770002003EFF3118083F31288BFF36F8F0B4BDD
:10F780001A68019B5A404FF0000301D0FFF768FC54
:10F7900002B0BDE81040FFF7C5B9044B1A68019BE1
:10F7A0005A404FF00003F1D102B010BD488C032045
:10F7B000F7B51E4B00241B6801934FF00003142380
:10F7C0004FF48B7603FB010041B9184B1A68019B7B
:10F7D0005A404FF0000327D0FFF742FC10F8073CD7
:10F7E000A0F1140703F03F03082B40F80C4C0CD891
:10F7F00026FA03F3DB0708D550F8143C2BB150F878
:10F80000105C2B605D6040E9054482F31188BFF312
:10F810006F8F4FF02003EFF3118283F31288BFF351
:10F820006F8F38460139CFE703B0F0BD488C032015
:10F83000F7B51F4B0D461B6801934FF00003D0E94D
:10F8400000138842044605D16368C5E900431D6082
:10F8500065601DE0002BF7D0986800B16038A2F118
:10F8600060073946FEF7C6FC0028EDDC2668B44286
:10F87000EAD0002EE8D0B16801B160393846FEF711
:10F88000B9FC00280DDD7368C5E900631D60756073
:10F89000074B1A68019B5A404FF0000306D0FFF750
:10F8A000DFFB63689E42CFD03668E2E703B0F0BD6D
:10F8B000488C03202DE9F74F00251F46404B8B460F
:10F8C00014461B6801934FF0000382462E46A8465B
:10F8D0005D4508DB3A4B1A68019B5A404FF0000324
:10F8E0006AD0FFF7BDFB4FF02003EFF3118983F3DC
:10F8F0001288BFF36F8F9AF80D3003F03F03013B7E
:10F90000072B0FD8DFE803F01E040E0A0E0E0E259B
:10F91000DAF810309B682BB1022320E0DAF81030BF
:10F920001B688BBB47BB237833B39AF80D3003F0C9
:10F930003F03013B072B30D8DFE803F033282F28A3
:10F940002F2F2F38DAF810309B68002BEAD00123D4
:10F9500005E0DAF810301B6A002BE3D01023DAF848
:10F960000C20CAF80880C2F386310B4363F394324B
:10F97000CAF80C2084F8008089F31188BFF36F8FD8
:10F9800001350AF1140AA3E70423E8E722465146A9
:10F99000DAF810001030FFF74BFFCAF808400136C4
:10F9A000EAE722465146DAF81000F4E7DAF81000E8
:10F9B000224651462430EEE7304603B0BDE8F08FD2
:10F9C000488C03202DE9F341294B846805460E46F7
:10F9D0001B6801934FF00003ECB16378012B2CD12D
:10F9E00014F8533C9A0714D5A4F160073846FEF783
:10F9F000B1FF082E0CBF6FF003030023E36314F87C
:10FA0000533CDB0605D154F8483C13B93846FEF7A1
:10FA100055FE002323700020EB68A860C3F38632F4
:10FA2000164366F39433EB60114B1A68019B5A40FE
:10FA30004FF0000318D0FFF713FB022BE9D1237816
:10FA4000002BE6D054F8048CB8F1000FE1D004F19B
:10FA50001400FFF71DFC0023A4F1140739464046AB
:10FA6000E362FEF7ABF9D4E702B0BDE8F08100BF76
:10FA7000488C032037B50E4C5205246801944FF092
:10FA800000040024090201F47C5102F400120A432C
:10FA9000017B84600A43C0E90323054B1A68019B7C
:10FAA0005A404FF0000301D0FFF7DAFA03B030BD3F
:10FAB000488C03202DE9FF471D46304B16461B6836
:10FAC00003934FF000032E4B80469F68012387F875
:10FAD000603087F8613052EA05030CBF0123002330
:10FAE00007F16002FFF7E6FE81464FF02003EFF3D7
:10FAF000118A83F31288BFF36F8F97F860408CB937
:10FB0000014652464046FFF753FE8AF31188BFF381
:10FB10006F8F1A4B1A68039B5A404FF0000328D08E
:10FB2000FFF79EFA002387F8603056EA050306D1F6
:10FB30008AF31188BFF36F8F6FF00A04E9E751462B
:10FB4000CDE900650F4A1048FEF77EFE04464FF0EF
:10FB50002003EFF3118583F31288BFF36F8F2A46DA
:10FB600049464046FFF724FE85F31188BFF36F8FA7
:10FB7000CFE7204604B0BDE8F08700BF488C0320E3
:10FB8000F8E9002010CA002007BF022013B5144A6C
:10FB90000346126801924FF000024FF02002EFF38B
:10FBA000118482F31288BFF36F8F0068834208D0FC
:10FBB000D0E9003213605A600023C0E90033FFF738
:10FBC00001FF84F31188BFF36F8F054B1A68019B07
:10FBD0005A404FF0000301D0FFF742FA02B010BDC7
:10FBE000488C032007B50A4B1B6801934FF00003B4
:10FBF0000023C0E900008360054B1A68019B5A404E
:10FC00004FF0000301D0FFF72BFA03B05DF804FBBF
:10FC1000488C032013B50A4B1B6801934FF0000377
:10FC200083680B60C3681360054B1A68019B5A40D8
:10FC30004FF0000301D0FFF713FA02B010BD00BF70
:10FC4000488C032037B51A4A0346126801924FF0D8
:10FC500000024FF02002EFF3118582F31288BFF308
:10FC60006F8FC16001218160006883420DD185F3EF
:10FC70001188BFF36F8F00240D4B1A68019B5A4007
:10FC80004FF0000310D0FFF7EBF9D0E9003213601A
:10FC90005A600023C0E90033FFF794FE294604466A
:10FCA0000448FEF7D7FEE7E7204603B030BD00BFAB
:10FCB000488C032007BF0220F0B5104B85B00432FA
:10FCC00004461B6803934FF0000308D20026002768
:10FCD00041F00401CDE90067FDF77CF948B9002047
:10FCE000064B1A68039B5A404FF0000304D0FFF7FD
:10FCF000B7F940F8044BF3E705B0F0BD488C03209A
:10FD000007B5104B1B6801934FF000030D4B78B102
:10FD10001A68019B5A404FF0000301D0FFF7A0F989
:10FD2000011F50F8040C03B05DF804EBFDF7C0B9F7
:10FD30001A68019B5A404FF00003EFD103B05DF801
:10FD400004FB00BF488C032007B50B4B0A461B6819
:10FD500001934FF00003084B1968019B59404FF085
:10FD6000000301D0FFF77CF90146044803B05DF8B9
:10FD700004EBFFF7A1BF00BF488C0320C0CC0020DC
:10FD800007B50A4B01461B6801934FF00003074B70
:10FD90001A68019B5A404FF0000301D0FFF760F949
:10FDA000042003B05DF804EBFFF7CEBF488C0320BE
:10FDB00073B5A0FB01540E4B1B6801934FF0000379
:10FDC00024B92846FFF7DCFF064648B90026084B51
:10FDD0001A68019B5A404FF0000306D0FFF740F924
:10FDE0002A46214602F0C9FAF1E7304602B070BD5A
:10FDF000488C032007B50A4B1B6801934FF00003A2
:10FE0000084BC0F89430064B1A68019B5A404FF0DB
:10FE1000000301D0FFF724F903B05DF804FB00BF35
:10FE2000488C0320C0CC002037B5154B04460D4646
:10FE30001B6801934FF00003FDF7BEF968B9114B41
:10FE40009B68D3F894304BB90D4B1A68019B5A400C
:10FE50004FF0000309D103B030BD0B4B084A1168C5
:10FE6000019A51404FF0000201D0FFF7F9F82A46FD
:10FE70002146184603B0BDE83040FFF71DBF00BF64
:10FE8000488C0320F8E90020C0CC002007B50A4BBD
:10FE90001B6801934FF00003074B1A68019B5A40FF
:10FEA0004FF0000301D0FFF7DBF8044803B05DF822
:10FEB00004EBEBF7A3B900BF488C0320BB59020049
:10FEC00010B500240F4B86B01B6805934FF000035C
:10FED0000D4B4FF48042039303AB00930B494FF05B
:10FEE000FF330B488DF81040FDF7C8FF054B1A682B
:10FEF000059B5A404FF0000301D0FFF7B1F82046B0
:10FF000006B010BD488C0320E9590200484C03207C
:10FF100050D90020F8B506460F4600F027F8124BDE
:10FF200004460D4693F90030013319D032463B4662
:10FF300030463946E9F702F890B9002200233046EE
:10FF40003946E8F7D3FF58B1EFF7A6FE2123002288
:10FF50000360002310461946E8F790FC04460D465E
:10FF600020462946F8BD00BF1BCC00205A4A0B464C
:10FF70008A432DE9F04104460D4606460ED102465D
:10FF8000E8F752FB02460B4620462946E8F796F969
:10FF900004460D4620462946BDE8F08100290CDCC8
:10FFA00021F000420243F5D089B10246E8F784F916
:10FFB00002460B46E8F762FCEAE70A1515D1002174
:10FFC00009E0F30A153A7605002BFAD0F7E70A465E
:10FFD000FAE75B000131DC02FBD5481E121AC1F1C1
:10FFE000200026FA00F08E400343C3F31303D0072A
:10FFF000A2F2FF354FF0000743F480134FF0160EC6
:020000040002F8
:100000004FEA6505B84658BF5B004FF400125CBF6D
:1000100003EBD67376005B0003EBD673760008EB38
:1000200002019942DEBF5B1A02EB0108BF18BEF164
:10003000010E4FEA43034FEA520203EBD6734FEA35
:100040004606ECD1F44620204FF00041984501EBE4
:100050000E022FDB0BD1B24209D8002A01EB020EAF
:1000600002DABEF1000F2CDA0023B61A8C445B00D2
:1000700001384FEA510103EBD6734FEA4606E5D14A
:10008000334308D0BCF1FF3F13BF0CF1010301372C
:10009000844623F0010C7A10F9074FEA5C0302F161
:1000A0007F5248BF43F0004302F50012184602EBAE
:1000B00005516DE7002A01EB020E0BDABEF1000FCD
:1000C00008DB08F10104B242A3EB080300D9013BAD
:1000D000A046CAE74446F6E70000F07F38B505467B
:1000E000002941D051F8043C0C1F002BB8BFE41884
:1000F00000F00AFC1D4A136833B963601460284697
:10010000BDE8384000F006BCA34208D92068211899
:100110008B4201BF19685B6809182160EDE71A4638
:100120005B680BB1A342FAD911685018A0420BD1F9
:1001300020680144501811608342E0D118685B6860
:10014000084453601060DAE702D90C232B60D6E72D
:10015000206821188B4202BF19685B680918636028
:1001600008BF21605460CAE738BD00BF34EA0020F0
:10017000F8B5CD1C064625F0030508350C2D38BF13
:100180000C25002D01DBA94203D90C23336000208C
:10019000F8BD00F0B9FB21490A6814469CB9204F0C
:1001A0003B6823B92146304600F06AF93860294699
:1001B000304600F065F9431C23D10C2330463360F0
:1001C00000F0A8FBE3E723685B1B17D40B2B03D9D4
:1001D00023601C44256004E06368A2420CBF0B60EE
:1001E0005360304600F096FB04F10B00231D20F015
:1001F0000700C21A1CBF1B1AA350C9E72246646835
:10020000CCE7C41C24F00304A042E3D0211A3046FA
:1002100000F036F90130DDD1CFE700BF34EA00202D
:1002200030EA00202DE9FF470F7E914680460C46BC
:10023000782F9A460C9D01F1430207D8622F0AD805
:10024000002F00F0E080582F00F0BB8004F1420640
:1002500084F842703AE0A7F16303152BF6D801A1A8
:1002600051F823F0BD020200D10202004D0202004B
:100270004D0202004D0202004D020200D1020200B6
:100280004D0202004D0202004D0202004D0202002A
:10029000ED03020061030200A30302004D0202000D
:1002A0004D0202000F0402004D0202006103020031
:1002B0004D0202004D020200AB0302002B6804F164
:1002C00042061A1D1B682A6084F842300123ABE005
:1002D000236829681F0601F10400286001D50D6814
:1002E00003E05E06FBD5B1F90050002D61687ADAB3
:1002F0002D200029A16084F843002DDA6D425E486C
:100300000A231646B5FBF3F103FB1157C75D06F848
:10031000017D2F460D46BB42F4D9082B0BD1236833
:10032000DF0708D5236961689942DEBF302306F8EC
:10033000013C06F1FF36921B22614B4603AA21467F
:100340004046CDF800A002F020F8013071D14FF006
:10035000FF3004B0BDE8F08723F004032360CDE74D
:100360002B682068191D2960050601D51D6802E06B
:100370004106FBD51D886F2F3F4814BF0A23082371
:10038000002184F843106668002EA660B9DB21685E
:1003900021F004012160002DB3D1002EB1D1164609
:1003A000BBE7236843F0200323607827334884F8B1
:1003B0004570296823680E1D2E601E0603D50D6842
:1003C00004E02D48F3E75D06F9D50D88D90744BF51
:1003D00043F0200323600DB11023D1E7236823F0FD
:1003E00020032360F8E724480A23CCE72B6826681B
:1003F000181D6169286035061B6801D5196002E087
:100400007006FBD5198000231646236195E72B68FB
:1004100000211A1D2A601E686268304601F082FFC2
:1004200008B1801B606063682361002384F8433057
:1004300083E72369324649464046D047013086D09B
:1004400023689B0714D4E068039B9842B8BF184602
:100450007FE70123324649464046D04701303FF40A
:1004600076AF0135E36803995B1AAB42F1DCEAE74A
:10047000002504F11906F5E7F35A0200045B0200B7
:1004800038B50023054D044608462B60EFF7AEFB58
:10049000431C02D12B6803B1236038BD38EA002029
:1004A0000CB4184B30B50C1E9DB01D6808DA8B23B8
:1004B0004FF0FF302B601DB0BDE8304002B07047F8
:1004C0004FF402730290069002A9ADF8143014BFE5
:1004D00004F1FF332346209A2846049307934FF6EE
:1004E000FF73ADF8163021AB019300F019FA431CED
:1004F000BCBF8B232B60002CDDD0029B00221A7026
:10050000D9E700BF18CA002070B50A4405460E4E50
:10051000914201D1002011E015F8013B11F8014B87
:10052000F05C00F003000128305D00F0030008BF1C
:100530002033012803D12034181BE9D070BD181BCB
:10054000FCD1002CE4D1F9E7F3590200242B2DE96A
:10055000F0478646904601D8012B06D1EFF79CFB69
:10056000162303600020BDE8F0870D4635482A4673
:1005700015F8014B065D16F00806F8D12D2C24D194
:100580002C780126951C2BBB302C30D00A2306F189
:10059000004C00220CF1FF3C1046BCFBF3F903FBBE
:1005A00019CAA4F13007092F28D83C46A34234DDEC
:1005B000571C07D081452DD301D1A2452ADB00FB72
:1005C0000340012215F8014BEBE72B2C04BF2C78DC
:1005D000951CD8E7102BDAD1302CD8D12A7802F02C
:1005E000DF02582AD3D16C7810230235CFE72B785D
:1005F00003F0DF03582BF6D00823C8E7A4F1410726
:10060000192F01D8373CD1E7A4F16107192F04D87D
:10061000573CCBE74FF0FF32D4E7531C08D12223DD
:100620006046CEF80030B8F1000F9CD0691E06E09D
:1006300006B14042B8F1000F95D0002AF6D1C8F8B3
:10064000001090E7F359020013460A46014602489B
:100650000068FFF77BBF00BF18CA00202DE9F04FEC
:10066000904685B089461E460D46454A02902B4667
:1006700015F8014B175D17F00807F8D12D2C41D163
:100680002C7801279D1C002E41D1302C4CD00A26FD
:1006900007F1004A07F1FF3BF31732460AF1FF3A30
:1006A000584603935146E8F7A7FB019200228E4675
:1006B000844611461046A4F13003092B05D9A4F154
:1006C0004103192B37D8A4F137039E423DDD541C5A
:1006D00015D084457EEB010234D38E4508BF844596
:1006E00002D1019A9A422DDB039A714300FB021159
:1006F000A6FB00020A44181842EBE371012215F828
:10070000014BD8E72B2C04BF2C789D1CBBE7102E87
:10071000BED1302CBCD12B7803F0DF03582BB7D1DE
:100720006C7810260235B3E72B7803F0DF03582BE3
:10073000F6D00826ACE7A4F16103192B05D8A4F183
:100740005703C2E74FF0FF32D9E7531C0AD12223E7
:10075000029A584651461360B8F1000F0AD105B00D
:10076000BDE8F08F17B1404261EB4101B8F1000FD5
:10077000F5D00AB105F1FF39C8F80090EFE700BFE6
:10078000F359020013460A46014602480068FFF783
:1007900065BF00BF18CA00202DE9F04386460D460C
:1007A000354E284615F8014B375D17F00807F8D18C
:1007B0002D2C26D12C780127851C3BBB302C32D028
:1007C0000A234FF0FF380026B8FBF3F803FB08F9C3
:1007D00030466FEA0909A4F1300CBCF1090F29D8A1
:1007E0006446A34237DDB6F1FF3F07D080452FD3E3
:1007F00001D1A1452CDB00FB0340012615F8014B7C
:10080000E9E72B2C04BF2C78851CD6E7102BD8D118
:10081000302CD6D1287800F0DF005828D1D16C7860
:1008200010230235CDE72B7803F0DF03582BF6D0E9
:100830000823C6E7A4F1410CBCF1190F01D8373CDD
:10084000CFE7A4F1610CBCF1190F04D8573CC8E7FD
:100850004FF0FF36D2E7731C06D122233046CEF884
:10086000003032B9BDE8F08307B14042002AF9D028
:1008700006B1691E1160F5E7F359020013460A46F6
:10088000014602480068FFF787BF00BF18CA002072
:1008900007B5009313460A4601460348006801F075
:1008A00064FE03B05DF804FB18CA002070B51E4654
:1008B0009AB04FF40173044608461546ADF80C3063
:1008C00000910491E8F7A8FC094B2A46694601907B
:1008D00009930023059020460D9312934FF6FF7362
:1008E000ADF80E30334600F017F91AB070BD00BFF6
:1008F0006F24020013460A46014602480068FFF7CB
:10090000D5BF00BF18CA00200148EFF795B900BF56
:10091000E8CC00200148EFF7A9B900BFE8CC0020DF
:100920002DE9F04F98468B899DB007461B060D4672
:10093000144610D50B6973B94021FFF719FC2860E4
:10094000286130B90C233B604FF0FF301DB0BDE88B
:10095000F08F40236B610023CDF80C804FF001092C
:10096000DFF8A081099320238DF8293030238DF8FA
:100970002A3023469A4613F8012B0AB1252AF9D1C9
:10098000BAEB040B0BD05B4622462946384601F0F1
:1009900056FE013000F0A780099A5A4409929AF84D
:1009A0000030002B00F09F8000234FF0FF320AF14F
:1009B000010A049307938DF853301A93CDE9052368
:1009C000544605224F4814F8011B01F0ABFC049A71
:1009D000D8B9D00644BF20238DF85330110744BF47
:1009E0002B238DF853309AF800302A2B15D0079A14
:1009F000544600204FF00A0C214611F8013B303BD1
:100A0000092B4BD9B0B1079214E0A0EB0803A24622
:100A100009FA03F313430493D2E7039B191D1B68E0
:100A2000002B0391BBBF5B4242F002020793079386
:100A3000B8BF049223782E2B0AD163782A2B32D1A7
:100A4000039B02341A1D1B6843EAE3730392059368
:100A5000DFF8B4A003222178504601F063FC38B1DE
:100A6000A0EB0A004022049B01348240134304930C
:100A700014F8011B062225488DF8281001F052FCBD
:100A8000002836D0224B1BBB039B073323F0070300
:100A900008330393099B334409936AE70CFB023242
:100AA0000C460120A8E7002301344FF00A0C194638
:100AB0000593204610F8012B303A092A03D9002B60
:100AC000C6D00591C4E70CFB012104460123F0E7E1
:100AD00003AB2A4604A9384600930E4BAFF30080BF
:100AE000421C0646D6D1AB895B063FF52DAF09986F
:100AF0002CE703AB2A4604A938460093054BFFF7C1
:100B000091FBEDE7155B02001B5B02001F5B02001F
:100B1000000000003F2602002DE9F0470C46ADF52D
:100B2000227D002106460DF10408A74F0093CDF861
:100B30001881CDE94411A549A091A549A191137847
:100B4000002B00F05C81F95C551C11F0080119D0F4
:100B50006368002B0FDD23681A78BA5C120701D492
:100B60002A46ECE7459A01330132236045926268D8
:100B7000013A6260ECE7A19B214630469847002885
:100B8000E9D0EDE7252B12D099466368002B40F39E
:100B90009480226813784B4540F0318163680132BC
:100BA000013B22606360459B01334593D8E7419147
:100BB000439153782A2B04BF1023951C4FF00A024F
:100BC00008BF4193A94619F8011BA1F13003092B75
:100BD0001ED9DFF800A20322504601F0A3FB38B172
:100BE000A0EB0A000123419A4D46834013434193F1
:100BF00015F8013B782B06D8572B10D8252BC3D0DE
:100C000056D8002B64D0032347930A2342936AE00B
:100C1000439B4D4602FB031130394391D2E7A3F1C8
:100C20005802202AEFD801A151F822F01B0D020032
:100C3000070C0200070C02003D0D0200070C020029
:100C4000070C0200070C0200070C0200070C020050
:100C5000070C0200070C0200530D0200390D0200C0
:100C6000B70C0200B70C0200B70C0200070C020020
:100C70002D0D0200070C0200070C0200070C0200F9
:100C8000070C0200630D0200350D0200D70C0200B4
:100C9000070C0200070C02005F0D0200070C0200A7
:100CA000390D0200070C0200070C02001B0D0200A8
:100CB000453B022BA7D8052314E0A19B21463046D3
:100CC000984700283FF465AF4498002840F08F8093
:100CD0004FF0FF308FE0419B43F4087341931023A2
:100CE0004293042347936368002B4ADD419B5906D6
:100CF00004D423681A78BA5C120749D4479B022BA4
:100D000058DC6B46224641A9304600F07DF80128A8
:100D100075D002287FF424AFD6E7419A42F40072DE
:100D2000419210226E2B429202D9DAE700234293BD
:100D30000323D7E70823D3E70A22F3E729464046EF
:100D400001F030FD419B054643F0400341930123F0
:100D5000C8E7419B43F0400341930023C2E70223CD
:100D6000C0E74198C3063FF5FBAE009B10F0010FB2
:100D7000459A03F1040100911B6814BF1A801A60A0
:100D8000EEE6A19B2146304698470028AED09BE76F
:100D9000459A013245926268013A002A626002DD9A
:100DA00001332360A5E7A19B2146304698470028E0
:100DB0009FD089E7042B0FDC6B46224641A93046C1
:100DC00000F07CF8A3E700BFF3590200F52602000B
:100DD0006B2702001B5B02000A4B002B3FF4C0AEE6
:100DE0006B46224641A93046AFF300808FE7A389C6
:100DF0005B063FF56DAF0DF5227DBDE8F0874498A9
:100E0000F9E700BF000000002DE9F84315468A68A5
:100E100080460C4632B98A69002A14BF4FF0FF326F
:100E200001228A6022680027DFF88C90D1065FBF1C
:100E30001A68111D19601668A06988B1012807D1C8
:100E40002B681A7863699B5C53B9002F31D022E07C
:100E5000022820D12B681B7819F803301B071AD4FD
:100E600023680137DA065EBF2B681B7806F8013B62
:100E70002A686B680132013B2A60A2686B60013A04
:100E8000A26042B1002BD7DCD4F88031294640461D
:100E900098470028D0D0236813F0100305D1E268EA
:100EA0000132E260A26902B13370236900203B4441
:100EB0002361BDE8F88300BFF35902002DE9F04F2C
:100EC000984687B0784B0C468246164627464FF028
:100ED000000B93E8070003AB83E80700734BA1699D
:100EE000734A032908BF1A46A36801925A1EB2F535
:100EF000AE7F89BF6FF4AE754FF0000903EB0509B3
:100F000040F25D1388BFA36057F81C3B43F4506365
:100F10003D462360316803AB0222097853F82B0069
:100F200001F000FA002840D0BBF1010F12D1626835
:100F30002AB92268082142F40072616022602268A6
:100F400022F4A0622260A268511EA160DAB94FF0BB
:100F5000020BDFE7BBF1020F06D0A268511EA160B1
:100F60008AB94FF0010BD5E7226802F4C061B1F5F0
:100F7000007F1FD142F4807210212260A26861605C
:100F8000511EA160B2B13268511C3160127805F86F
:100F9000012B7268013A002A726006DCD4F88021C5
:100FA000314650469047002874D10BF1010BBBF13C
:100FB000030FAFD163680BB90A23636063684FF016
:100FC000000B3C496069C91A01F0ECFBA368226878
:100FD00073B33168606991F800C010F80C0038B341
:100FE000BCF1300F16D1100514D50BF1010BB9F17E
:100FF000000F03D0013309F1FF39A3607368013B8F
:10100000002B73600DDD336801333360A368013B4F
:10101000A360DBE722F4106222600B7805F8013B45
:10102000ECE7D4F880313146504698470028EDD09F
:101030002368D9050DD5BD4209D905F1FF3915F849
:10104000011CD4F87C3132464D4650469847BD428B
:1010500028D0226812F0100213D12A703946636832
:101060005046019EB047D8F8003021681A1D11F093
:10107000200FC8F800201B680FD01860E368013308
:10108000E360ED1B236900205D442B44236107B01E
:10109000BDE8F08F4FF0000BCAE7CA074CBF1880BD
:1010A0001860EBE70120F2E7F42C02006325020050
:1010B00067250200365B0200022904D0042906D00D
:1010C000012900D17047806808B1F3F733BB70473E
:1010D000F9F78ABD002210B50468944200D110BD12
:1010E00000EBC2014B68013223F0FF0343F003031E
:1010F0004B60F2E70420F9F771BB0420F9F78ABBD3
:10110000F9F72ABB38B504460025031D2268AA4218
:1011100001D8002319E04FF00002D3E8CF0F0328D5
:1011200004D1C3E8CC2FBCF1000FF6D102D00833B4
:101130000135EBE701EB851318464022002101F051
:101140001CF9034604EBC504A060184638BD0830FE
:10115000704738B5054620B9F9F74CFD80B9002035
:1011600038BDF3F7CBFA04460028F8D0F9F742FD72
:1011700038B92046F3F7DEFA0120F3F75BFAEEE721
:101180002C46C56040F8084FEAE740EA01411046A6
:1011900040F8081DF9F740BDF9F738BDF9F730BD43
:1011A000F3F7ACBA08B5F3F7C5FABDE8084001207B
:1011B000F3F740BA0429F8B50546174603D01029BD
:1011C00010D000240CE00820F3F762FA044600284F
:1011D000F7D0002343600123478003802B684360DE
:1011E0002046F8BD1620F3F753FA04460028E8D04D
:1011F000061D12220021304601F0BFF80223238091
:101200002B46678005F1100253F8041B934246F801
:10121000041BF9D1E4E7134609B9116070470A8845
:10122000012A02D0022A07D070471A68082A28BF6C
:1012300008221A6001F094B81A68162A28BF1622EC
:10124000F7E708B5FAF7C6FA40B100F11C03D3E896
:10125000EF1F0131C3E8E21F002AF8D108BD006882
:1012600008B1FAF747BA704737B500250368044656
:101270000093838F6846ADF80650ADF8043000F057
:10128000EBFD38B1A36B6846984794F83E300BB13C
:10129000A563E56303B030BD4068003818BF012086
:1012A000704700230B60836813B9C0E901117047D0
:1012B00019608160704738B505460C46F9F7B2FCF5
:1012C000AA68236894426B6008BFAB600023204685
:1012D000236000F04DF9BDE83840F9F7A9BC40683B
:1012E00070470069431E5842584170470069831E89
:1012F0005842584170470069C31E584258417047D0
:101300004069B0F5817F05D040F21113C31A5842ED
:10131000584170470120704790F82000C0F340000A
:10132000704790F82000C0F38000704790F82000CC
:10133000C0F3C0007047006C00F00100704790F8E7
:10134000200000F0010070470369012B05D180697E
:10135000A0F180035842584170470020704790F830
:101360002000C0097047836933F0800314BF012057
:101370000020704790F82000C0F340107047806B49
:10138000003818BF0120704790F83400431E5842BF
:101390005841704708B590F82030014613F001021B
:1013A0000BD1FFF7E0FF28B90846FFF7CDFF80F02B
:1013B0000100C2B202F0010008BD0022FAE770B5D8
:1013C00004460D4616462046FFF7E4FF70B155B1BE
:1013D000284600F0BCF848B931460220F2F728FF51
:1013E0000028F0D070BD6368002BF5D00020F9E72D
:1013F0004068003818BF0120704790F8220000387C
:1014000018BF0120704710B50446FFF7ACFF94F8F1
:101410002010C1F3401340EA0302236982F0010265
:10142000012B14BF0123C1F38003D2B220461A401E
:10143000FFF766FF48B1C1F300112046FFF784FFB4
:101440000A4080F00100104010BD0121F5E710B501
:101450000C46FAF7BFF928B190F8203064F38613F0
:1014600080F8203010BD10B50C46FAF7B3F928B15A
:1014700090F8213064F3000380F8213010BDD0E9EA
:10148000092353EA020109D04FF47A71B3FBF1F05A
:1014900001FB02000128B8BF012070474FF0FF3068
:1014A0007047D0E90B2353EA020109D04FF47A7157
:1014B000B3FBF1F001FB02000128B8BF0120704727
:1014C0004FF0FF307047013802288CBF0020012008
:1014D0007047013802288CBF002001207047038824
:1014E000012B03D0022B06D001207047082914BF1E
:1014F0000020012070471629F9E7032915D011288B
:101500000CD004DC88B106280AD000207047B0F562
:10151000817F05D040F211139842F6D1022900E0F4
:10152000012914BF00200120704701207047C368C3
:10153000012B03D0022B07D0012070470888012817
:1015400014BF00200120704708880228F8E700B186
:101550000068003818BF0120704700B1006870476C
:10156000438940681844704702894089101A7047BF
:1015700010B504464068FFF70FFEE06808B1F3F7C6
:10158000A3F82046BDE81040F3F79EB810B5044616
:10159000206800B910BD626803689042236008BFEC
:1015A0006360FFF7E5FFF3E700F01ABD10B50446EE
:1015B00060B1406908B1F3F787F8A06908B1F3F7A3
:1015C00083F82046BDE81040F3F77EB810BD10B593
:1015D000044600F003FD23684360A369836020464E
:1015E000BDE8104000F0FCBC2DE9FF4180460F46ED
:1015F0001646FFF768FF38B96A20F2F7EDFE4FF0A4
:10160000FF3004B0BDE8F0813046FAF749F908B977
:101610007B20F2E73846FFF75CFF08B96B20ECE768
:1016200039463046FFF769FF0028F7D0FAF79EF8F1
:10163000054608B91720E0E70020FFF78AFD0446B9
:1016400020B92846FAF7D8F86920D6E74FF0FF33DB
:101650000C22037443748374C374002302724372B4
:101660008372C3724046FAF731FF6061384600F07A
:101670005DFC0146A061304600F059FC2146E06166
:1016800001AA47F201000295FAF74CFF044620B187
:101690002846FAF7B1F82046AFE7C5E9038728687E
:1016A0006E61AEE773B506460C461546FFF7C9FDF9
:1016B000019050B90920F2F78FFE4FF0FF3401A8D6
:1016C000FFF7CDFD204602B070BDFFF74CFE10B114
:1016D000019B9869EFE70198FFF723FE08B17F208F
:1016E000E9E70198FFF718FE08B17820E3E70CB9A5
:1016F0000E20E0E721460198FFF719FF08B96A209C
:10170000D9E729462046FFF7EAFE08B91620D2E7B6
:101710000198FFF710FE054620B1019B5D69113D60
:1017200018BF01250020FFF714FD024608B9692003
:10173000C1E7002314210661017243728372C372F0
:101740002188012911D0022917D00199042091F88C
:10175000203043F0020381F8203047F20201D560C7
:10176000FFF713FDCDB17720A5E76188C3758182AE
:101770000421817563688361E7E76188C3758182AD
:101780001021231D8175143400F1180153F8040B46
:10179000A34241F8040BF9D1D7E70198FFF781FE86
:1017A00000900198FFF7B8FD20B90198846984B1D1
:1017B000204680E769460220F2F73AFD10F10B0F50
:1017C00005D00028EDD00028B8BF404273E7742050
:1017D00071E7FFF795FD00283FF471AFDDE90010D8
:1017E000FAF7FAFD04466AE730B585B005460C46BF
:1017F000F9F7F0FF38B90920F2F7EEFD4FF0FF33AB
:10180000184605B030BD0CB90E20F5E72146FFF7AC
:101810008EFE08B96A20EFE70020FFF79AFC014628
:1018200008B96920E8E700231422056102724372B7
:101830008372C3722288012A0AD0022A10D047F28A
:10184000050001AAFAF76EFE03460028D8D0D3E7B8
:101850006288C37582820422827563688361EEE7C1
:101860006288C37582821022231D8275143400F1B0
:10187000180253F8040BA34242F8040BF9D1DEE737
:1018800030B585B005460C46F9F7A4FF38B90920F4
:10189000F2F7A2FD4FF0FF33184605B030BDFFF759
:1018A00020FD08B95F20F3E70020FFF752FC014656
:1018B00008B96920ECE70023042224EAE4740272E8
:1018C00043728372C372056144616A4447F208003F
:1018D000FAF728FE03460028DED0D9E7F0B593B02A
:1018E00007460D461446FFF7ACFC029050B909209C
:1018F000F2F772FD4FF0FF3402A8FFF7B0FC20466C
:1019000013B0F0BD15B11CB90E20F1E7002CFBD1CE
:10191000FFF7E7FC08B95F20EAE70298FFF70BFD45
:1019200028B10298FFF769FD08B90B20E0E702989B
:10193000FFF7A5FD01900298FFF701FD50B1029855
:10194000FFF75BFD0028D2D0F9F710FF064680B9FB
:101950001720CDE70298FFF750FD0028EFD10220B5
:1019600001A9F2F765FC0028E5D00028B8BF404285
:10197000BEE70020FFF7EDFB014620B93046F9F73E
:101980003BFF6920B4E70761049675B17CB10CABED
:1019900047F20C0003AA0593FAF7C4FD074640B1CD
:1019A0003046F9F729FF3846A2E72B46F0E72346F1
:1019B000EEE73DB134B1BDF83630042B04D0102B26
:1019C00015D02760346897E701232768ADF81830F1
:1019D000082F28BF0827BDF83430ADF81A300E9B09
:1019E00007933A46284606A900F0BAFCE9E7022325
:1019F000ADF81830BDF8343007AFADF81A3012AB7F
:101A0000ADF82C0013E90F0087E80F002768162FA8
:101A100028BF1627E5E72DE9F04F87B0894616461F
:101A20001D46109F009003F0400803F4007AF9F778
:101A3000D1FE044638B90920F2F7CEFC4FF0FF3052
:101A400007B0BDE8F08F35F4107305D1B8F1000F81
:101A500011D0BAF1000F01D05F20EDE7FFF721FDB3
:101A600002902046FFF767FCA8B9B8F1000818BF3C
:101A70004FF0010805E0FFF714FD0290BAF1000FE6
:101A8000EFD02046FFF780FC40B12046FFF76BFC0B
:101A900068B1A069D0E74FF00108F2E72046FFF7F0
:101AA00062FC0028F5D12046FFF74EFCF0E7204607
:101AB000D7B1FFF716FC00BB39462046FFF737FDCC
:101AC00008B96A20B8E738461199FFF708FD08B948
:101AD0001620B1E72046FFF709FC70B12046FFF75A
:101AE0000FFC50B17F20A7E7FFF700FC28B120468C
:101AF000FFF717FC08B979209EE72046FFF7F1FBB6
:101B000040B12046FFF7FCFB20B1B6F5006F28BFBF
:101B10004FF40066FFF742FBB04206D22046FFF7C3
:101B2000E0FBC8B1FFF73AFB064600252046FFF769
:101B300021FC18B12046FFF72DFC78B93046FFF79D
:101B400008FB8346C8B9012002A9F2F771FB80B9EE
:101B5000B8F1000FF2D004E07A206DE7B8F1000F81
:101B600001D00B2068E7022002A9F2F761FB0028F0
:101B7000DCD00028B8BF40425EE7009B0361B9F1AA
:101B8000000F04D032464946006800F0E9FB94F8A3
:101B9000340000283CD0FAF7B9FC0021024684F852
:101BA0003410BAF1000F0ED0029D42F040026B1CBF
:101BB00030D04FF47A7195FBF1F5ADB2B5F5167FE3
:101BC00028BF4FF41675002F47D020460192FFF72B
:101BD00088FB019A002840D11A218BF809008BF864
:101BE00008108BF80A008BF80B00CBF81420ABF828
:101BF0002C503A88012A10D0022A1AD047F2070046
:101C0000594603AAFAF78EFC0346B8BB049817E7B7
:101C10000246C6E74FF41675D5E77A888BF81B00A5
:101C2000ABF8182004228BF81A207A68CBF81C2015
:101C3000E4E77A880BF11C01ABF8182010228BF82E
:101C40001B008BF81A2007F114003A1D52F804CB40
:101C5000824241F804CBF9D1D0E7002106208BF86D
:101C600009108BF808008BF80A1047F206008BF871
:101C70000B10CBF81420ABF81850C1E70C2806DC89
:101C80000A2807DDB8F1000F3FF450AF69E78C2850
:101C90003FF4D2AE1846CFE62DE9F74F8946DDE98D
:101CA0000C7A15461E4603F48078FFF7CAFA0190B5
:101CB00058B90920F2F790FB4FF0FF3701A8FFF762
:101CC000CEFA384603B0BDE8F08F36F4A17301D0E8
:101CD0005F20EFE727B1BAF1000F04D10E20E9E74A
:101CE000BAF1000FFAD1FFF7FCFA28B10198FFF71B
:101CF00018FB08B98020DDE70198B8F1000F16D174
:101D0000FFF719FB08B9730611D50198FFF7C4FA5C
:101D100068B90198FFF727FB48B90198FFF714FB52
:101D200028B90198FFF70BFB08B90B20C2E701980F
:101D3000FFF7A5FB6A46009000210198FFF73FFBE3
:101D400018B10028B8BF4042B4E70198FFF7A4FAE1
:101D500088B90198FFF7F8FA002876D10198FFF7C3
:101D6000EEFA0028A5D10198FFF7FDFA0028A3D0CC
:101D7000019B98699EE70198FFF7B1FA044627B1E5
:101D8000C16852463846FFF746FA002706F0020AB5
:101D90002046FFF7E9FBA8421DD82046FFF7E4FBE9
:101DA0000646002E8AD02046FFF7DAFB09EB070B28
:101DB00001463246584600F0D3FA01983744FFF7FF
:101DC00095FA50B1BAF1000F7FF478AF214601982F
:101DD000FFF771FA72E72E46E3E70198FFF78BFAF7
:101DE0000028EFD1BAF1000F14D0B5423FF466AF2E
:101DF000B8F1000F04D06A4621460198FFF7DFFAD8
:101E00002046AD1BFFF7A9FB04460028C0D1002FD8
:101E10009FD053E76389204633446381FFF7A4FBD7
:101E200018B921460198FFF746FAB5423FF446AF8C
:101E3000AD1BB8F1000F04D06A4600210198FFF7EE
:101E4000BEFA0198FFF74BFADEE7002736E708B540
:101E5000F9F7EAFC002008BD38B504460068F9F738
:101E6000B9FC054628B90120E38843F02003E3804C
:101E700038BDFFF764FA0028F5D12846FFF773FA5A
:101E8000F8B1E38843F00803E380A388DA0707D5B5
:101E90002846FFF7ADFAE8B1E38843F00103E38099
:101EA000A3885B0707D52846FFF7ADFA18B1E3888A
:101EB00043F00403E380B4F90600003818BF0120A2
:101EC000D6E72846FFF740FA0028DED0E38843F043
:101ED0001003D9E72846FFF790FA0028DCD12846FE
:101EE000FFF732FA0028D7D1DAE738B50D461446A5
:101EF000F9F770FC28B90920F2F76EFA4FF0FF30BD
:101F000006E0032D03D0042D03D01620F4E7006C67
:101F100038BD012CF9D804640020F9E7431F002BD9
:101F200003D8DFE803F00100032070477047292839
:101F300015D005DC062814D0112814D048B17047FC
:101F4000B0F5817F0DD040F2111398420BD0FF28DD
:101F50000CD1012909D0022908BF022070470620B0
:101F600070470120704702207047084670472928B3
:101F700011D00ADC012810D0062810D0002808BF94
:101F8000042018BF4FF0FF307047B0F58D7F08D0A8
:101F9000B0F5007FF5E70620704708207047012064
:101FA00070474FF48070704708B5031F092B0FD896
:101FB000DFE803F00811050E0E0E0E0E0E056FF091
:101FC000010008BD7320F2F707FA6FF00A00F8E786
:101FD000FAF790FAF7E76FF06300F2E7C06870472E
:101FE0004269C3681A60704708B5034624301AB9BD
:101FF0005A624260002008BD082A28BF082200F06B
:10200000AFF9F7E708B503462C301AB9DA62426037
:10201000002008BD082A28BF082200F0A1F9F7E730
:1020200038B504460D4639B1082A0BD01620F2F710
:10203000D3F94FF0FF3038BD002AF7D18263C26375
:102040000020F8E7F8F7EEFD95E8030004F1380307
:1020500083E803002046FFF707F9F8F7E9FDEFE70B
:1020600073B5044608680D461646FAF74FFA00287D
:1020700001DB042E06D01620F2F7AEF94FF0FF3048
:1020800002B070BD2B68204684F83430FFF77CF92D
:1020900000230028F4D0CDE900331A461946206801
:1020A000FFF7B9FCECE708B509B1042A05D0162002
:1020B000F2F792F94FF0FF3006E00B782BB1012BCD
:1020C000F5D180F84830002008BD0223F9E710B5AB
:1020D000541E1B2C02D812F0030405D01620F2F770
:1020E0007BF94FF0FF3010BD930880F84B304C3037
:1020F00000F036F92046F6E708B509B1042A05D004
:102100001620F2F769F94FF0FF3008BD0B78003B5D
:1021100018BF012380F849300020F6E708B509B15F
:10212000042A05D01620F2F757F94FF0FF3008BD0A
:102130000B6880F84A300020F9E770B50546144670
:102140000E4631B992B11620F2F746F94FF0FF3042
:1021500070BD002AF7D0406C08B1F2F7B5FA601CE8
:10216000F2F796FA686438B96920EDE7406C08B177
:10217000F2F7AAFA0020EBE72246314600F0F0F829
:1021800000226B6C1A55F5E710B513461268044629
:10219000042A28BF042208461A6004F1180100F03E
:1021A000DFF80020A06110BD10B513461268044688
:1021B000082A28BF082208461A6004F1240100F00A
:1021C000CFF8002010BD10B5134612680446082A47
:1021D00028BF082208461A6004F12C0100F0C0F85C
:1021E000002010BD13B50446134694F84820084655
:1021F00001921A6801A9042A28BF04221A6000F07B
:10220000AFF8002002B010BD13B50446134694F891
:102210004920084601921A6801A9042A28BF04220D
:102220001A6000F09DF8002002B010BD13B50446FE
:10223000134694F84A20084601921A6801A9042A14
:1022400028BF04221A6000F08BF8002002B010BDF5
:1022500010B504460846114694F84B309A000B68B6
:102260009A4228BF1A460A6004F14C0100F078F83F
:10227000002010BDF8B5456C0E461446176875B1C0
:102280002846E6F7C9FF0130B842024628BF3A4661
:1022900029463046226000F063F80020F8BD3A4637
:1022A0002946304600F069F82560F6E770B5044627
:1022B0000E4600F025F80546206808B1FEF76CFFD1
:1022C00048F202039E4218D048F209039E4214D0FD
:1022D00048F201039E420BD16B684BB104F114022A
:1022E00004F1380152F8040B8A4243F8040BF9D187
:1022F0002046BDE8704000F005B863696B60F7E701
:10230000C06870470269C3681A6070470020704750
:102310000020704700207047002070470020704761
:10232000FAF7C8BAC9B20346024410B59342184638
:1023300001D1002003E0047801338C42F6D110BDB6
:102340000139024410B5904201D1002005E0037824
:1023500011F8014FA34201D0181B10BD0130F2E764
:102360000A44431E914200D1704710B511F8014B49
:10237000914203F8014FF9D110BD02440346934244
:1023800000D1704703F8011BF9E72DE9F047164625
:1023900098468A6807460B690C46DDF82090934200
:1023A000B8BF1346336091F843200AB1013333605C
:1023B0002368990642BF336802333360256815F0FD
:1023C000060506D104F1190AE36832689B1AAB428C
:1023D0002BDC94F843302268003B18BF012392069F
:1023E00030D404F1430241463846C847013023D077
:1023F00023681A3454F80A2C03F00603042B0ABF8E
:1024000054F80E5C002533684FF0000608BFED1A43
:1024100054F8123C08BF25EAE5759342C4BF9B1AE5
:10242000ED18B5421AD1002008E00123524641467A
:102430003846C847013003D14FF0FF30BDE8F08780
:102440000135C1E7E1185A1C30200233224481F8DB
:10245000430094F8451082F84310C2E70123224656
:1024600041463846C8470130E6D00136D9E700205A
:102470007047C9B20346184613F8012B12B18A42BD
:10248000F9D17047002918BF00207047034611F8A2
:10249000012B03F8012B002AF9D1704770B50546CE
:1024A000084616460C46E6F7B7FE421CB24201D972
:1024B000EDF708FCAC4204D8A3189D42F8D3AC4217
:1024C00002D1AB189C42F3D321462846BDE87040A8
:1024D000FFF746BF10B56AB10139841810F8012B17
:1024E00011F8013F9A4203D1A04201D0002AF5D150
:1024F000D01A10BD1046FCE70139034610B532B1C1
:1025000011F8014F013A03F8014B002CF7D11A449E
:102510000021934200D110BD03F8011BF9E70246E8
:10252000014410B58A42134603D01C780132002CB6
:10253000F8D1181A10BD0A7870B56AB970BD9A4200
:1025400009D10C46054614F8013F002BF6D015F8CA
:10255000016F9E42F7D001300378002BEFD118466F
:10256000ECE7FDF7F3BFFEF717B930B514469BB0A3
:1025700005461A46002C05DA8B2303604FF0FF3026
:102580001BB030BD4FF40273009104916946ADF861
:102590000C3014BF04F1FF332346029305934FF62A
:1025A000FF73ADF80E301E9BFEF7BAF9431CBCBF9B
:1025B0008B232B60002CE3D0009B00221A70DFE7F6
:1025C000884210B501EB020402D98442234607D8A1
:1025D000431EA14208D011F8012B03F8012FF8E7A0
:1025E000024401468A4200D110BD13F8014D02F8A1
:1025F000014DF7E7F8B5074615460C4621B91146D7
:10260000BDE8F840FDF7B4BD22B9FDF767FD002431
:102610002046F8BD00F036F9A842F9D229463846DE
:10262000FDF7A6FD06460028F1D021462A46FFF711
:1026300097FE214638463446FDF750FDE8E72DE980
:10264000F0471F468E6882460C46BE4290460B6895
:102650002DD8B1F90C2012F4906F26D06569096964
:1026600005EB4505A3EB01097B1C05EBD5754B4438
:102670006D109D4238BF1D46530527D52946FDF7ED
:1026800077FD064660B34A462169FFF769FEA389D4
:1026900023F4906343F08003A38126614E44656177
:1026A000A5EB090526603E46A560BE4200D93E4620
:1026B000324641462068FFF783FFA36800209B1B3A
:1026C000A360236833442360BDE8F0872A46FFF700
:1026D00091FF06460028E0D121695046FDF7FEFC37
:1026E0000C234FF0FF30CAF80030A38943F04003B9
:1026F000A381E9E738B54B1C144603D14FF0FF35F1
:10270000284638BD9389CDB223F0200393815368C6
:10271000526B8AB1A26B9A4208DD23685A1E22606E
:1027200003F8015C636801336360E9E7214600F068
:1027300072F80028F1D0E1E72169226841B19142A5
:1027400006D212F8011CA94202D1013A2260EAE73E
:10275000C4E90F2304F1440363630323A363234603
:1027600003F8465F23600123DEE710B50C46496B92
:1027700069B104F14403994201D0FDF7AFFC002098
:10278000236C6063636013B1E36B236010BD236946
:102790004FF0FF30236000236360A38943F02003E0
:1027A000A381F3E770B50B78044601385E2B04F182
:1027B000FF0513BF4A1C8A1C4B78002108BF01216A
:1027C00000F8011FA842FBD10BB9501E70BD81F06B
:1027D00001011046E154024612F8015B2D2D05D08F
:1027E0005D2D16D0002DF1D02B46F2E746785D2EF8
:1027F000FAD0B342F8DC02301A4601329642A154B4
:10280000FBDCF21A5D1C013AB342A8BF0022AB18F0
:10281000E1E71046DAE72DE9F0410C46496B04F197
:10282000440399421AD14FF48061FDF7A1FC18B915
:102830004FF0FF30BDE8F0814FF48063606300F239
:10284000FD30A36394F84630837094F845304370AC
:1028500094F84430037020600020EBE7A66B77000B
:102860003A46FFF7C7FE05460028E1D000EB060810
:10287000014632464046FFF773FDC4F80080C4E9C4
:102880000D57E9E751F8043C181F002BBCBF0B584B
:10289000C0187047D466FE7F01000000F1FC000004
:1028A0000000000039FD00000000000079FD00007C
:1028B00000000000B9FD00000000000005FE00005F
:1028C00000000000D98E0100000000008D2A0100E8
:1028D000702902008DCF01000000000071D10100BD
:1028E00000000000A530010084290200F52E01003F
:1028F0009829020069370100AC290200292E010045
:1029000000000000193E01000000000039D5000061
:1029100000000000BD41010000000000D14901009D
:102920005C29020011FB000000000000759201000C
:1029300000000000C1FE010000000000B5250100FC
:10294000C02902001D06010000000000E55E010034
:1029500000000000394801000000000003430200AD
:1029600000000000F8C800207ACC002058E40020C5
:10297000534202002C2E0200442E020072CC002092
:10298000ACE2002080420200682E0200802E02008D
:1029900076CC002000E30020784202000000000016
:1029A000602E020074CC002000000000B342020040
:1029B000A42E0200D82E020078CC0020DCC8002013
:1029C0003B42020000000000142E020070CC0020E8
:1029D000000000000000000075F30000000000008F
:1029E00075F300000000000075F300000000000017
:1029F00075F300000000000075F3000095980100D9
:102A0000B19401000000000075F300000000000018
:102A100075F30000AC290200D1360100000000006F
:102A200075F300000000000075F3000000000000D6
:102A300075F300000000000075F3000000000000C6
:102A400075F30000C02902001D26010000000000EF
:102A500025AB01000000000075F30000000000003D
:102A600075F300000000000075F300000000000096
:102A700075F300000000000075F300000000000086
:102A8000C93E01000000000075F3000000000000D6
:102A900075F300000000000075F300000000000066
:102AA00075F300000000000075F300000000000056
:102AB00075F300000000000075F300000000000046
:102AC00075F300000000000075F300000000000036
:102AD00075F300000000000075F300000000000026
:102AE00075F300000000000075F300000000000016
:102AF00075F300000000000075F300000000000006
:102B000075F300000000000075F3000000000000F5
:102B100075F300000000000075F3000000000000E5
:102B200075F300004DA80100B19401000000000001
:102B300075F300000000000075F3000000000000C5
:102B400075F300000000000075F3000000000000B5
:102B500075F300000000000075F3000075A6010089
:102B6000B19401000000000075F3000000000000B7
:102B700075F300000000000075F300000000000085
:102B800075F300000000000075F300000000000075
:102B900075F300000000000075F300000000000065
:102BA00075F300000000000075F300000000000055
:102BB00075F300000000000075F300000000000045
:102BC00075F300000000000075F300000000000035
:102BD00075F300000000000075F300000000000025
:102BE000010000001D4C010045560100163A02008C
:102BF000030000004442020003000000BF44020042
:102C000003000000CB3A0200030000006A42020009
:102C1000030000005244020003000000AF5602000F
:102C200003000000EA3A020003000000EE3A02004E
:102C300003000000D83B020003000000FE4B02002E
:102C400003000000F956020003000000DC3F020010
:102C500003000000C240020003000000CA4002005E
:102C600003000000F942020003000000B85902000E
:102C700003000000B6400200030000009B40020079
:102C800003000000A840020003000000BE40020054
:102C900003000000BD42020003000000A02D02005E
:102CA000C8C80020C73B020001000000FFFFFFFF73
:102CB0004F34020012000000010000005014000018
:102CC000501400005014000050140000B5B601006C
:102CD00049C301009DC60100152302001D23020007
:102CE0000D2302004F1E0200E1C60100192302005D
:102CF00011230200385B02005B4202003B5B0200D2
:102D000000000000000000000000000000000000C3
:102D10000338FDD870470000000000001E000000CE
:102D200058810220080000000E00000061BB000076
:102D3000C1BB0000000000008DBB000038CF0020A8
:102D400000010000D5D70000DDD300000200000024
:102D5000FDE5000000000000000000000000000091
:102D600000000000A73B0200AF3B02000000000093
:102D70000000000000000000B73B0200BB3B020067
:102D8000BF3B0200C33B0200902D020008E100207F
:102D90006DE8000028E10020BFB90220010000001A
:102DA0002DE80000F9E70000C1E700008DE7000012
:102DB0000000000059E700000000000080C500206E
:102DC000000000000600010002000000D02D0200FB
:102DD000000000006E40020006000000E0FF0F004F
:102DE00068C500207640020021000000E0FF0320BB
:102DF000EA40020004000000EF400200060000006C
:102E000089170100ED17010049180100E9180100B8
:102E100031190100AD220100C92301005802000050
:102E20008D2901000129010000000000C52B0100CF
:102E3000B92C01005E420200FD2901002D2A01008B
:102E4000644202005D2C010021280100D12801000C
:102E50000000000029270100000000000000000021
:102E6000BD2E010000000000FFFFFFFF0025844091
:102E700000000000000000000010034001000000FE
:102E80006D310100292F01005D2F0100952F0100F8
:102E9000C52F0100F52F01000D3301003130010075
:102EA0000000000000800040020000000000000060
:102EB000B42E020000800040C02E0200010000007D
:102EC000C82E0200040000001B0000001A000100D0
:102ED0009A0101008F01030039360100E939010030
:102EE0000536010000800020E8040000E88400208E
:102EF0000020000068A50020002000000000000065
:102F00000000000001000000F55601009D40010096
:102F1000A94E0100E14B0100B5520100B951010079
:102F2000955301000955010000000000814D01008A
:102F3000094D0100B14B0100D1530100DD4F0100EB
:102F4000E9510100F54A0100454A0100895001009C
:102F500000000000000000008429020000000000C2
:102F600084290200010000008429020004000000FE
:102F700084290200050000008429020008001100D5
:102F800084290200090011008429020012001100A6
:102F900084290200130011000145020006450200C9
:102FA0000E4502001945020000000000D44B02004B
:102FB000DA4B0200E04B0200E64B0200EC4B020051
:102FC000F24B0200F84B0200EC540200FE540200E7
:102FD000105502001D5502002E5502003E550200FC
:102FE000485502005B5502006E55020081550200F3
:102FF00058020000100E0000A08C0000020000002B
:103000001E0000003C0000000094110000000000C1
:10301000020000003C000000680100003C000000CD
:103020003C0000003C0000003C00000000000000EC
:103030002DB6010001BC010000000000AD2202001D
:1030400065C501001DC701000145020006450200DB
:10305000CD580200D9580200000000020000000113
:103060000000000400000008000000100000000044
:103070000C000000690000000B000000720000005E
:1030800080000000160000007000000078000000C2
:103090007F00000080000000710000006800000058
:1030A00016000000740000007300000073000000B0
:1030B000710000008C0000007A0000000D0000008C
:1030C0000B0000000B00000076000000ADBAADBAA6
:1030D000ADBAADBAADBAADBAADBAADBAADBAADBAB8
:1030E000ADBAADBAADBAADBAADBAADBAADBAADBAA8
:1030F000ADBAADBAADBAADBAADBAADBAADBAADBA98
:10310000ADBAADBAADBAADBAADBAADBAADBAADBA87
:10311000ADBAADBAADBAADBAADBAADBAADBAADBA77
:10312000ADBAADBAADBAADBAADBAADBAADBAADBA67
:10313000ADBAADBAADBAADBAADBAADBAADBAADBA57
:10314000ADBAADBAADBAADBAADBAADBAADBAADBA47
:10315000ADBAADBAADBAADBAADBAADBAADBAADBA37
:10316000ADBAADBAADBAADBAADBAADBAADBAADBA27
:10317000ADBAADBAADBAADBAADBAADBAADBAADBA17
:10318000ADBAADBAADBAADBAADBAADBAADBAADBA07
:10319000ADBAADBAADBAADBAADBAADBAADBAADBAF7
:1031A000ADBAADBAADBAADBAADBAADBAADBAADBAE7
:1031B000ADBAADBAADBAADBAADBAADBAADBAADBAD7
:1031C000ADBAADBAADBAADBAADBAADBAADBAADBAC7
:1031D000ADBAADBAADBAADBAADBAADBAADBAADBAB7
:1031E000ADBAADBAADBAADBAADBAADBAADBAADBAA7
:1031F000ADBAADBAADBAADBAADBAADBA6F000000F6
:103200006F0000006F0000006F0000006F00000002
:103210006F0000006F0000000B0000007A0000004B
:10322000470000000B0000000B0000005F000000E2
:10323000041000000170000004700000FFFFFFFF99
:10324000FFFFFFFFFFFFFFFFFFFFFFFFFFFFFFFF8E
:10325000FFFFFFFFFFFFFFFFFFFFFFFF0370000007
:103260000270000005700000067000000870000089
:10327000097000000A700000FFFFFFFFFFFFFFFF63
:10328000FFFFFFFFFFFFFFFFFFFFFFFFFFFFFFFF4E
:10329000FFFFFFFFFFFFFFFFFFFFFFFFFFFFFFFF3E
:1032A000018000001040000010600000113000009C
:1032B00012300000FFFFFFFFFFFFFFFFFFFFFFFFD8
:1032C000FFFFFFFFFFFFFFFF10300000FFFFFFFFCA
:1032D000FFFFFFFFFFFFFFFFFFFFFFFFFFFFFFFFFE
:1032E000FFFFFFFFFFFFFFFFFFFFFFFFFFFFFFFFEE
:1032F000FFFFFFFFFFFFFFFFFFFFFFFFFFFFFFFFDE
:10330000FFFFFFFF065000006459020072590200DF
:103310008659020095590200A15902009C2802001A
:103320009C280200042902000C2902004C290200FA
:103330005C29020000000000000000000000000006
:10334000000000000000000000000000000000007D
:10335000000000000000000000000000000000006D
:10336000000000000000000000000000000000005D
:10337000000000000000000000000000000000004D
:10338000000000000000000000000000000000003D
:10339000000000000004284004050000000428404C
:1033A0000304000000042840020300000004284039
:1033B0000102000000042840000100000200020099
:1033C00002000400020008000200020002001000D7
:1033D0002000400080000001000200040000010005
:1033E00002000400060008000A000C000E00100095
:1033F000200040008000000100010001EAFF7AFF88
:10340000F4FF25732573004D51545420636F6E6E85
:10341000656374206661696C65643A202564004DBB
:1034200051545420636C69656E7420636F6E6E65D1
:1034300063746564005375627363726962696E6771
:1034400020746F3A202573206C656E202575004E20
:1034500052462F30312F444F574E5F5354524541FF
:103460004D004D51545420636C69656E742064693D
:1034700073636F6E6E65637465643A202564004DF6
:10348000515454205055424C49534820726573752D
:103490006C743D2564206C656E3D25640052656347
:1034A0006569766564207061796C6F616420282598
:1034B0006420627974657329206973206C61726776
:1034C0006572207468616E20746865207061796C23
:1034D0006F6164206275666665722073697A652023
:1034E000282564206279746573292E00526563650E
:1034F000697665643A20004C4544314F4E004C4596
:1035000044314F4646006765745F7265636569764E
:1035100065645F7061796C6F6164206661696C6578
:10352000643A20256400446973636F6E6E6563744A
:10353000696E67204D51545420636C69656E742E1A
:103540002E2E00436F756C64206E6F742064697357
:10355000636F6E6E6563743A202564004D51545458
:103560002050554241434B206572726F723A2025BC
:10357000640050554241434B207061636B65742079
:1035800069643A202575004D5154542053554241E9
:10359000434B206572726F723A2025640053554286
:1035A00041434B207061636B65742069643A202548
:1035B00075004D5154542050494E475245535020A8
:1035C0006572726F723A20256400556E68616E6490
:1035D0006C6564204D515454206576656E7420747A
:1035E0007970653A202564004E52462F30312F55B0
:1035F000505F53545245414D005075626C69736879
:10360000696E673A2000746F20746F7069633A20A6
:103610002573206C656E3A20257500696F742D63E3
:103620006F757273652D6275742E636C6F75642E81
:103630007368696674722E696F006765746164648B
:1036400072696E666F206661696C65643A202564F4
:10365000004661696C656420746F20696E697469E5
:10366000616C697A652062726F6B657220636F6E40
:103670006E656374696F6E004950763420416464EE
:103680007265737320666F756E64202573006169BF
:103690005F616464726C656E203D202575207368DF
:1036A0006F756C64206265202575206F722025750A
:1036B0000041542B4347534E004661696C656420BA
:1036C000746F206F627461696E20494D45492C20EA
:1036D0006572726F723A202564006E72662D252E17
:1036E0002A73007468697369737468656D6F7374A5
:1036F000736563726574736563726574657665720C
:1037000000696F742D636F757273652D6275740037
:1037100073697A65206F66207374727563742069AB
:10372000733A20256400737465703A20256400465E
:1037300061696C656420746F2073656E64206D65CB
:1037400073736167652C20256400436F6E6E65633B
:10375000746564202D20686F6D65206E6574776FC9
:10376000726B00436F6E6E6563746564202D20720A
:103770006F616D696E6700436F6E6E65637465643B
:103780000049646C65004E6574776F726B207265DA
:1037900067697374726174696F6E20737461747594
:1037A000733A20257300525243206D6F64653A20AE
:1037B000257300536F6D6520636F6E7465787400B8
:1037C0000A53414D504C45204150502053544152D2
:1037D00054530A004661696C656420746F20696EF9
:1037E000697469616C697A6520746865204C454428
:1037F000206C69627261727900414443206E6F747B
:103800002072656164790A000A7374617274696E6A
:10381000672074696D65720A00496E697469616C2C
:10382000697A696E67206D6F64656D206C6962727C
:10383000617279004661696C656420746F20696EFD
:10384000697469616C697A6520746865206D6F645C
:10385000656D206C6962726172792C206572726F7D
:10386000723A20256400436F6E6E656374696E67FB
:1038700020746F204C5445206E6574776F726B0016
:103880004572726F7220696E206C74655F6C635F45
:10389000636F6E6E6563745F6173796E632C206510
:1038A00072726F723A20256400436F6E6E656374A6
:1038B000656420746F204C5445206E6574776F7278
:1038C0006B004661696C656420746F20636F6E667F
:1038D000696775726520746865206D6F64656D0039
:1038E0004661696C656420746F20696E69746961F2
:1038F0006C697A652074686520627574746F6E7384
:10390000206C696272617279004661696C6564203D
:10391000746F20696E697469616C697A65204D51B4
:10392000545420636C69656E743A202564005265B6
:10393000636F6E6E656374696E6720696E202564BF
:10394000207365636F6E64732E2E2E004572726F46
:103950007220696E206D7174745F636F6E6E656343
:10396000743A202564004572726F7220696E206679
:1039700064735F696E69743A202564004572726FE2
:103980007220696E20706F6C6C28293A20256400C3
:103990004572726F7220696E206D7174745F6C690C
:1039A00076653A202564004572726F7220696E2038
:1039B0006D7174745F696E7075743A20256400507F
:1039C0004F4C4C45525200504F4C4C4E56414C00BF
:1039D00070617573650A00446973636F6E6E656329
:1039E00074696E67204D51545420636C69656E7420
:1039F00000436F756C64206E6F7420646973636F2D
:103A00006E6E656374204D51545420636C69656E0D
:103A1000743A202564004C6573736F6E345F45788B
:103A2000657263697365310028756E7369676E65C9
:103A300064292063686172202A207573656420669A
:103A40006F722025257020617267756D656E742E0A
:103A50002049742773207265636F6D6D656E6465B0
:103A60006420746F206361737420697420746F2004
:103A7000766F6964202A20626563617573652069C9
:103A800074206D6179206361757365206D6973625F
:103A900065686176696F7220696E20636572746112
:103AA000696E20636F6E66696775726174696F6EA7
:103AB000732E20537472696E673A22257322206137
:103AC0007267756D656E743A256400636270726921
:103AD0006E74665F7061636B61676500286E696C08
:103AE00029006C6F6767696E67006C6F67006C6FA9
:103AF000675F6D676D74004D65737361676520283E
:103B000022257322292064726F70706564206265BB
:103B10006361757365206974206578636565647396
:103B20002073697A65206C696D69746174696F6E60
:103B30002028257529001B5B306D00257320005B54
:103B40002530386C755D20005B253032753A2530A4
:103B500032753A253032752E253033752C253033A9
:103B6000755D20003C25733E200025732F002573D2
:103B70003A2000253032782000202020007C0020D0
:103B80006D657373616765732064726F70706564CF
:103B9000202D2D2D0D0A1B5B306D001B5B313B333F
:103BA000316D2D2D2D20001B5B313B33316D001B02
:103BB0005B313B33336D006572720077726E006962
:103BC0006E6600646267006C6F675F6261636B655D
:103BD0006E645F75617274006C6F675F756172749B
:103BE0000072302F61313A2020307825303878202B
:103BF0002072312F61323A202030782530387820F9
:103C00002072322F61333A20203078253038780006
:103C100072332F61343A2020307825303878207282
:103C200031322F69703A2020307825303878207270
:103C300031342F6C723A20203078253038780020CB
:103C4000787073723A2020307825303878004661D9
:103C5000756C74696E6720696E73747275637469CC
:103C60006F6E206164647265737320287231352F22
:103C70007063293A20307825303878002A2A2A2A99
:103C80002A204D5055204641554C54202A2A2A2A94
:103C90002A002020537461636B696E67206572721D
:103CA0006F722028636F6E7465787420617265612D
:103CB000206D69676874206265206E6F742076617C
:103CC0006C696429002020556E737461636B696EA2
:103CD00067206572726F7200202044617461204118
:103CE00063636573732056696F6C6174696F6E00EE
:103CF00020204D4D46415220416464726573733AF1
:103D00002030782578002020496E737472756374B2
:103D1000696F6E204163636573732056696F6C61D0
:103D200074696F6E002020466C6F6174696E672D38
:103D3000706F696E74206C617A7920737461746538
:103D400020707265736572766174696F6E2065723A
:103D5000726F72002A2A2A2A2A2055534147452089
:103D60004641554C54202A2A2A2A2A0020204469F8
:103D7000766973696F6E206279207A65726F0020B0
:103D800020556E616C69676E6564206D656D6F723C
:103D90007920616363657373002020537461636BE2
:103DA000206F766572666C6F772028636F6E74651E
:103DB00078742061726561206E6F742076616C6921
:103DC00064290020204E6F20636F70726F636573EB
:103DD000736F7220696E737472756374696F6E733A
:103DE000002020496C6C6567616C206C6F616420F9
:103DF0006F66204558435F52455455524E20696EB8
:103E0000746F205043002020496C6C6567616C2002
:103E1000757365206F6620746865204550535200A5
:103E20002020417474656D707420746F206578650E
:103E30006375746520756E646566696E6564206976
:103E40006E737472756374696F6E002A2A2A2A2A47
:103E500020425553204641554C54202A2A2A2A2ACA
:103E6000002020537461636B696E67206572726F06
:103E7000720020205072656369736520646174610B
:103E800020627573206572726F7200202042464175
:103E90005220416464726573733A2030782578004B
:103EA0002020496D70726563697365206461746177
:103EB00020627573206572726F72002020496E73E4
:103EC0007472756374696F6E2062757320657272A7
:103ED0006F7200526573657276656420457863651C
:103EE0007074696F6E20280053707572696F7573F6
:103EF00020696E7465727275707420284952512061
:103F000000457863657074696F6E206F63637572C6
:103F100072656420696E2053656375726520537401
:103F2000617465002A2A2A2A2A20484152442046E0
:103F300041554C54202A2A2A2A2A002020427573EF
:103F4000206661756C74206F6E20766563746F7285
:103F5000207461626C652072656164002020446594
:103F6000627567206576656E740020204661756C09
:103F70007420657363616C6174696F6E202873656A
:103F8000652062656C6F772900415243485F455850
:103F900043455054207769746820726561736F6E71
:103FA0002025780A002A2A2A2A2A20446562756771
:103FB000206D6F6E69746F722065786365707469C7
:103FC0006F6E202A2A2A2A2A002A2A2A2A2A20250B
:103FD0007320256429202A2A2A2A2A006D70750058
:103FE0004661696C656420746F20616C6C6F6361FD
:103FF0007465206E6577204D505520726567696F36
:104000006E2025750A00506172746974696F6E20A4
:1040100025753A2073616E69747920636865636BF6
:10402000206661696C65642E00496E76616C696416
:1040300020756E6465726C79696E67207265676958
:104040006F6E20696E64657820257500496E766113
:104050006C69642061747472696275746520666F3E
:10406000722074686520726567696F6E0A00464C3D
:104070004153485F30005352414D5F30002A206267
:104080007566666572206F766572666C6F77206400
:1040900065746563746564202A0A007074687265CB
:1040A00061645F636F6E6400707468726561645F01
:1040B0006D75746578007074687265616400736F03
:1040C00063006E65745F627566006E65745F62752D
:1040D000665F73696D706C6500776C616E25640056
:1040E0006E6574256400E000C0004D515454004DCD
:1040F00051497364700053656C6563746564204155
:104100004443206761696E206973206E6F74207666
:10411000616C69640053656C656374656420414437
:1041200043207265666572656E6365206973206EF3
:104130006F742076616C69640053656C65637465A7
:104140006420414443206163717569736974696FC8
:104150006E2074696D65206973206E6F74207661BE
:104160006C696400496E76616C69642073656C6586
:104170006374696F6E206F66206368616E6E656C34
:1041800073004368616E6E656C202575206E6F74D8
:1041900020636F6E666967757265640041444320F1
:1041A0007265736F6C7574696F6E2076616C75657E
:1041B000202564206973206E6F742076616C6964B9
:1041C000004F76657273616D706C696E67206973FC
:1041D00020737570706F7274656420666F722073DF
:1041E000696E676C65206368616E6E656C206F6ECA
:1041F0006C79004F76657273616D706C696E6720C3
:1042000076616C7565202564206973206E6F74205B
:1042100076616C69640050726F76696465642062CF
:10422000756666657220697320746F6F20736D61A7
:104230006C6C202825752F25752900616463406505
:10424000303030006164635F6E7266785F73616105
:10425000646300636C6F636B4035303030006866B8
:10426000636C6B006C66636C6B00636C6F636B5F9D
:10427000636F6E74726F6C007073612D726E670085
:104280006770696F40383432353030000001020306
:10429000040506074661696C656420746F20616CD3
:1042A0006C6F6361746520505049204368616E6E85
:1042B000656C007561727440383030300075617221
:1042C000745F6E7266785F7561727465004D6F64BD
:1042D000656D206C69627261727920696E697469BA
:1042E000616C697A6174696F6E206661696C65647E
:1042F0002C20657272202564006E72665F6D6F649B
:10430000656D006E726639315F736F636B65740043
:104310004D6F64656D2068617320637261736865B9
:10432000642C20726561736F6E20307825782C20A4
:1043300050433A2030782578004C454420696E641B
:104340006578206F7574206F6620746865207261CF
:104350006E67650043616E6E6F74207265616420E4
:104360006770696F2070696E0043616E6E6F7420B4
:104370007772697465204C4544206770696F004707
:1043800050494F2049525120636F6E66696720661D
:1043900061696C65642C206572723A202564004660
:1043A00061696C65642064697361626C696E672021
:1043B000696E74657272757074730043616E6E6FAE
:1043C000742064697361626C652063616C6C626106
:1043D000636B730043616E6E6F7420656E61626C17
:1043E000652063616C6C6261636B730043616E6E28
:1043F0006F7420636F6E666967757265204C454403
:10440000206770696F0043616E6E6F7420636F6E1A
:1044100066696775726520627574746F6E20677067
:10442000696F0043616E6E6F742064697361626CC2
:10443000652063616C6C6261636B73282900436162
:104440006E6E6F74206164642063616C6C62616382
:104450006B00646B5F627574746F6E735F616E6422
:104460005F6C656473004661696C656420746F20DD
:10447000686F6F6B20746865206469737061746322
:10448000682066756E6374696F6E2C206572722089
:104490002564004E6F2068656170207370616365EC
:1044A00020666F7220696E636F6D696E67206E6F34
:1044B00074696669636174696F6E3A20257300617F
:1044C000745F6D6F6E69746F72002B4347455600C1
:1044D0002B4350494E002553484F5254535756458D
:1044E000520025485756455253494F4E0025584DC6
:1044F0004F44454D55554944002558494343494487
:10450000004F4B0D0A004552524F520D0A002B43EB
:104510004D45204552524F52002B434D532045529A
:10452000524F520043616E27742070617273652090
:104530007369676E616C6C696E67206D6F64652C62
:10454000206572726F723A2025640043616E277491
:1045500020706172736520654452582C2065727218
:104560006F723A2025640043616E27742070617277
:10457000736520544155207072652D7761726E69A4
:104580006E67206E6F74696669636174696F6E2C03
:10459000206572726F723A202564004661696C650D
:1045A0006420746F20616C6C6F63617465206D654D
:1045B0006D6F727920666F72207468652047434979
:1045C0002063656C6C73004E6F7420616C6C206EA0
:1045D00065696768626F722063656C6C7320636FD6
:1045E000756C64206265207061727365642E204D65
:1045F0006F72652063656C6C73207468616E2074E3
:10460000686520636F6E66696775726564206D61A9
:104610007820636F756E74206F662025642077653F
:10462000726520666F756E640050617273696E67A3
:10463000206F66206E65696768626F722063656CC3
:104640006C73206661696C65642C206572723A2017
:104650002564004661696C656420746F20616C6C30
:104660006F63617465206D656D6F727920666F721E
:10467000206E65696768626F722063656C6C730099
:104680004E6F7420616C6C206E65696768626F7232
:104690002063656C6C7320636F756C6420626520A9
:1046A0007061727365640043616E2774207061727B
:1046B0007365206D6F64656D20736C656570207027
:1046C00072652D7761726E696E67206E6F746966B0
:1046D00069636174696F6E2C206572726F723A2023
:1046E00025640043616E2774207061727365206DCC
:1046F0006F64656D206576656E74206E6F74696693
:1047000069636174696F6E2C206572726F723A20F2
:1047100025640041542B43455245473D35004661D1
:10472000696C656420746F2073756273637269626B
:104730006520746F204345524547206E6F7469664B
:1047400069636174696F6E732C206572726F723A5F
:10475000202564004661696C656420746F20656E75
:1047600061626C6520525243206E6F7469666963A2
:104770006174696F6E7320282B4353434F4E292C6D
:10478000206572726F72202564004E6F2068616E22
:10479000646C657220726567697374657265640024
:1047A00041542B4350534D533D312C2C2C22257317
:1047B000222C222573220041542B4350534D533D4C
:1047C000312C2C2C222573220041542B4350534D65
:1047D000533D312C2C2C2C222573220041542B4389
:1047E00050534D533D31006E72665F6D6F64656D61
:1047F0005F61745F7072696E7466206661696C6572
:10480000642C207265706F72746564206572726FBB
:10481000723A2025640041542525584D4F4E495485
:104820004F5200415420636F6D6D616E642066616C
:10483000696C65642C206572726F723A2025640081
:10484000415420636F6D6D616E6420706172736995
:104850006E67206661696C6564004661696C6564B9
:1048600020746F2070617273652050534D20636F08
:104870006E66696775726174696F6E2C20657272FD
:104880006F723A202564004661696C656420746F1C
:10489000207061727365206E6F74696669636174FC
:1048A000696F6E20286572726F72202564293A2024
:1048B0002573004661696C656420746F20676574B8
:1048C0002050534D20696E666F726D6174696F6E12
:1048D0000041542525464541434F4E463D25642C15
:1048E00025642C2575004661696C656420746F2011
:1048F00064697361626C6520654452582C2072654E
:10490000706F72746564206572726F723A202564EC
:104910000041542B4345445258533D322C25642CBE
:10492000222573220041542B4345445258533D32B3
:104930002C2564004661696C656420746F20656E87
:1049400061626C6520654452582C207265706F72EC
:10495000746564206572726F723A20256400415458
:104960002525585054573D25642C22257322004696
:1049700061696C656420746F20726571756573740C
:10498000205054572C207265706F727465642065D6
:1049900072726F723A202564002B43455245473AA4
:1049A00020252A752C2568752C252A5B5E2C5D2C0C
:1049B000222578222C0041542B43455245473F0085
:1049C000436F756C64206E6F742067657420726528
:1049D00067697374726174696F6E20737461747542
:1049E000732C206572726F723A20256400496E76CE
:1049F000616C69642073797374656D206D6F646593
:104A0000207265717565737465643A202564004988
:104A10006E76616C6964204C5445207072656665E1
:104A200072656E6365207265717565737465643A4D
:104A300020256400415425255853595354454D4D64
:104A40004F44453D25732C256300436F756C6420EE
:104A50006E6F742073656E6420415420636F6D6DBA
:104A6000616E642C206572726F723A202564002B8F
:104A70004346554E3A202568750041542B43465510
:104A80004E3F00415420636F6D6D616E642066611E
:104A9000696C65642C206E72665F6D6F64656D5F16
:104AA00061745F7363616E66282920726574757224
:104AB0006E6564206572726F723A202564004661EB
:104AC000696C656420746F20656E61626C65206E30
:104AD0006F74696669636174696F6E732C206572A7
:104AE000726F723A20256400496E76616C696420A9
:104AF00066756E6374696F6E616C206D6F64653A84
:104B00002025640041542B4346554E3D2564004604
:104B100061696C656420746F207365742066756EBE
:104B20006374696F6E616C206D6F64652E20506CCC
:104B30006561736520636865636B205853595354EE
:104B4000454D4D4F44452E004661696C65642074A7
:104B50006F206765742063757272656E742072656C
:104B600067697374726174696F6E207374617475B0
:104B700073004E6574776F726B20636F6E6E656342
:104B800074696F6E20617474656D70742074696DE2
:104B90006564206F757400254D444D4556002558B9
:104BA0004D4F44454D534C45455000254E43454CD3
:104BB0004C4D4541530025585433343132002B437A
:104BC0004544525850002B4353434F4E002B43450E
:104BD00052454700312C302C3000302C312C300025
:104BE000302C302C3100312C302C3100302C312C39
:104BF0003100312C312C3000312C312C31006C74CF
:104C0000655F6C6300303132333441542B4353437E
:104C10004F4E3D310041542B4350534D533D0041C5
:104C2000542B4345445258533D3300496E76616CD2
:104C3000696420706F696E7465722070726F766936
:104C400064656400436F756C64206E6F7420696ED8
:104C5000697420415420706172616D73206C6973B6
:104C6000742C206572726F723A20256400436F7550
:104C70006C64206E6F74207061727365206544529D
:104C80005820726573706F6E73652C206572726F39
:104C9000723A202564004661696C656420746F2057
:104CA000676574204C5445206D6F64652C206572D7
:104CB000726F723A202564004661696C65642074E5
:104CC0006F20676574206544525820636F6E666973
:104CD0006775726174696F6E2C206572726F723ABB
:104CE000202564004661696C656420746F206765E7
:104CF0007420654452582076616C75652C2065726D
:104D0000726F723B202564004661696C6564207493
:104D10006F206765742050545720636F6E66696713
:104D200075726174696F6E2C206572726F723A20B1
:104D3000256400496E76616C696420505457206C7C
:104D40006F6F6B757020696E6465783A202564001A
:104D5000556E61626C6520746F207061727365209E
:104D6000706572696F646963205441552073747271
:104D7000696E672028543334313220657874656E4B
:104D80006465642900556E61626C6520746F2070E3
:104D90006172736520706572696F64696320544144
:104DA0005520737472696E67202854333431322968
:104DB0000045787065637465642076616C69642071
:104DC00054333431322074696D657220756E6974A4
:104DD00000556E61626C6520746F2070617273653E
:104DE000206163746976652074696D6520737472DF
:104DF000696E6700436F756C64206E6F742070611C
:104E0000727365202B4353434F4E20726573706F4E
:104E10006E73652C206572726F723A2025640043B0
:104E20006F756C64206E6F7420676574207369679A
:104E30006E616C6C696E67206D6F64652C206572A5
:104E4000726F723A20256400496E76616C69642045
:104E50007369676E616C6C696E67206D6F64653A2B
:104E600020256400436F756C64206E6F7420706140
:104E70007273652041542B43455245472072657338
:104E8000706F6E73652C206572726F723A202564A4
:104E900000436F756C64206E6F74206765742072B8
:104EA0006573706F6E7365207072656669782C200B
:104EB0006572726F723A20256400496E76616C6982
:104EC00064206E6574776F726B20726567697374A6
:104ED000726174696F6E207374617475733A202502
:104EE0006400436F756C64206E6F74207061727320
:104EF0006520252558543334313220726573706F24
:104F00006E73652C206572726F723A2025640043BF
:104F10006F756C64206E6F74206765742074696DA2
:104F20006520756E74696C206E65787420544155E7
:104F30002C206572726F723A202564005061727382
:104F400065642074696D6520706172616D6574655A
:104F500072206E6F742077697468696E2076616C58
:104F600069642072616E67650061745F7265737059
:104F70006F6E7365206973204E554C4C2C20636115
:104F80006E2774206765742063656C6C20636F7591
:104F90006E7400436F756C64206E6F742070617264
:104FA000736520415425254E43454C4C4D45415396
:104FB00020726573706F6E73652C206572726F72EC
:104FC0003A20256400436F756C64206E6F7420690D
:104FD0006E697420415420706172616D73206C6938
:104FE000737420666F722063656C6C5F6C69737498
:104FF0002C206572726F723A202564004532424956
:1050000047207761732072657475726E65642C2019
:10501000636F6E74696E75652E20706172616D5F6D
:10502000636F756E742025642C2065727220256470
:105030002C20737472202573004E6F7420612076CB
:10504000616C6964204E43454C4C4D454153207280
:105050006573706F6E7365004E43454C4C4D454112
:1050600053206D6561737572656D656E747320692B
:105070006E7465727275707465643B2072657375C9
:105080006C747320696E636F6D706C65746500433A
:105090006F756C64206E6F7420706172736520632D
:1050A000656C6C5F69642C20696E6465782025648A
:1050B0002C2069202564206572726F723A20256465
:1050C0000063656C6C5F6964203D2025642077680F
:1050D000696368206973203E204C54455F4C435FF0
:1050E00043454C4C5F45555452414E5F49445F4DDA
:1050F00041583B206D61726B696E6720696E766105
:105100006C696400436F756C64206E6F742070610D
:1051100072736520706C6D6E2C206572726F723ABE
:1051200020256400737472696E675F746F5F696EC7
:10513000742C206572726F723A20256400436F757B
:105140006C64206E6F74207061727365207472617C
:10515000636B696E675F617265615F636F64652031
:10516000696E20692025642C206572726F723A2066
:10517000256400436F756C64206E6F7420706172DB
:1051800073652074696D696E675F616476616E63D3
:10519000652C206572726F723A20256400436F752A
:1051A0006C64206E6F742070617273652074696D19
:1051B000696E675F616476616E63655F6D6561737B
:1051C0005F74696D652C206572726F723A20256478
:1051D00000436F756C64206E6F742070617273652C
:1051E0002065617266636E2C206572726F723A2060
:1051F000256400436F756C64206E6F74207061725B
:10520000736520706879735F63656C6C5F69642C8B
:10521000206572726F723A20256400436F756C646A
:10522000206E6F7420706172736520727372702CBF
:10523000206572726F723A20256400436F756C644A
:10524000206E6F7420706172736520727372712C9E
:10525000206572726F723A20256400436F756C642A
:10526000206E6F74207061727365206D6561735F6D
:1052700074696D652C206572726F723A2025640026
:10528000436F756C64206E6F74207061727365205B
:1052900073657276696E672C206572726F723A2040
:1052A000256400436F756C64206E6F7420706172AA
:1052B0007365206E65696768626F725F636F756E94
:1052C000742C206572726F723A20256400437574E5
:1052D00074696E6720726573706F6E73652C2062DF
:1052E00065636175736520726563656976656420C1
:1052F0006E656967626F722063656C6C20636F75A1
:105300006E742069732062696767657220746861D2
:105310006E20636F6E66696775726564206D617873
:105320003A202564004661696C656420746F2061D1
:105330006C6C6F63617465206D656D6F727920664A
:105340006F7220746865206E63656C6C73202863CF
:105350006F6E74696E75652900436F756C64206E9D
:105360006F74207061727365206E5F656172666331
:105370006E2C206572726F723A20256400436F753F
:105380006C64206E6F74207061727365206E5F7044
:105390006879735F63656C6C5F69642C20657272F9
:1053A0006F723A20256400436F756C64206E6F74D1
:1053B000207061727365206E5F727372702C20654D
:1053C00072726F723A20256400436F756C64206EB0
:1053D0006F74207061727365206E5F727372712CCE
:1053E000206572726F723A20256400436F756C6499
:1053F000206E6F742070617273652074696D655FD3
:10540000646966662C206572726F723A20256400AA
:1054100042756666657220697320746F6F20736DC4
:10542000616C6C3B20726573756C747320696E637C
:105430006F6D706C6574653A20256400436F756C00
:1054400064206E6F74207061727365202525584D3D
:105450004F44454D534C45455020726573706F6EF7
:1054600073652C206572726F723A20256400436F59
:10547000756C64206E6F7420676574206D6F646551
:1054800020736C65657020747970652C206572726C
:105490006F723A20256400436F756C64206E6F74E0
:1054A000206765742074696D6520756E74696C2061
:1054B0006E657874206D6F64656D20736C656570C2
:1054C0002C206572726F723A20256400254D444D80
:1054D00045563A2000496E76616C6964204D444D12
:1054E000455620726573706F6E7365005345415267
:1054F00043482053544154555320310D0A0053451D
:10550000415243482053544154555320320D0A0010
:105510005245534554204C4F4F500D0A004D4520E5
:1055200042415454455259204C4F570D0A004D45A5
:10553000204F5645524845415445440D0A004E4FB0
:1055400020494D45490D0A005052414348204345EA
:105550002D4C4556454C20300D0A005052414348D1
:105560002043452D4C4556454C20310D0A005052E4
:105570004143482043452D4C4556454C20320D0AA9
:105580000050524143482043452D4C4556454C2040
:10559000330D0A00303031303030303100303030AF
:1055A0003030303131004661696C656420746F20A1
:1055B0007365742050534D20706172616D732C209F
:1055C000657272202564004661696C656420746FA1
:1055D00020636F6E6669677572652050534D2C208D
:1055E000657272202564004661696C656420746F81
:1055F00020636F6E66696775726520654452582C2A
:105600002065727220256400415425255241493D90
:105610002564004661696C656420746F20636F6E59
:10562000666967757265205241492C206572722047
:105630002564004D6F64656D206C696272617279DA
:1056400020696E6974206572726F723A2025642C2D
:10565000206C74655F6C63206E6F7420696E697472
:1056600069616C697A6564004661696C656420747F
:105670006F207365742073797374656D206D6F642A
:105680006520616E64206D6F64652070726566656B
:1056900072656E63652C2065727220256400526508
:1056A00073657474696E672073797374656D0066D1
:1056B0006174616C5F6572726F72004661696C65DE
:1056C0006420746F2073657420636F6E66696775FC
:1056D000726174696F6E20286572723A20256429A0
:1056E0000041542558434F4558303D312C312C3121
:1056F0003536352C31353836006D6F64656D5F6138
:105700006E74656E6E610054462D4D206E6F6E2D69
:105710007365637572652063616C6C6261636B2095
:10572000696E697469616C697A6174696F6E20660B
:1057300061696C65642C206572726F723A20256411
:10574000002A2A2A2A2A20534543555245204641F9
:10575000554C54202A2A2A2A2A00202041646472A7
:105760006573733A2030782578002020496E766181
:105770006C696420656E74727920706F696E740054
:105780002020496E76616C696420696E7465677269
:10579000697479207369676E617475726500202081
:1057A000496E76616C696420657863657074696FB1
:1057B0006E2072657475726E002020417474726977
:1057C000627574696F6E20756E69742076696F6C8E
:1057D0006174696F6E002020496E76616C69642087
:1057E0007472616E736974696F6E0020204C617A07
:1057F0007920737461746520707265736572766167
:1058000074696F6E0020204C617A79207374617422
:1058100065206572726F72002A2A2A2A2A20535044
:105820005520494E54455252555054202A2A2A2A6E
:105830002A00202053656375726974792076696F38
:105840006C6174696F6E20666F7220746865206683
:105850006C617368206D656D6F7279207370616320
:105860006500202053656375726974792076696FCD
:105870006C6174696F6E20666F7220746865205267
:10588000414D206D656D6F727920737061636500A5
:10589000202053656375726974792076696F6C6135
:1058A00074696F6E206F6E206F6E65206F7220734B
:1058B00065766572616C2070657269706865726189
:1058C0006C732E0041542B4346554E3D002B434DE7
:1058D00045204552524F523A002B434D53204552DA
:1058E000524F523A0070646E0000010205556E6B13
:1058F0006E6F776E206572726F7200756E6B6E6F71
:10590000776E003E3E3E205A45504859522046414F
:1059100054414C204552524F522025643A20257361
:10592000206F6E20435055202564004661756C74CD
:1059300020647572696E6720696E74657272757025
:10594000742068616E646C696E670A0043757272D8
:10595000656E74207468726561643A202570202831
:105960002573290043505520657863657074696F0D
:105970006E00556E68616E646C656420696E746556
:10598000727275707400537461636B206F76657208
:10599000666C6F77004B65726E656C206F6F70730D
:1059A000004B65726E656C2070616E69630069649E
:1059B0006C65006D61696E006F73002A2A2A2042AF
:1059C0006F6F74696E67206E524620436F6E6E650E
:1059D00063742053444B206439363736396661632B
:1059E000656361202A2A2A0A00737973776F726BC4
:1059F0007100002020202020202020202828282876
:105A0000282020202020202020202020202020208E
:105A100020202088101010101010101010101010DE
:105A200010101004040404040404040404101010EE
:105A3000101010104141414141410101010101019A
:105A40000101010101010101010101010101101028
:105A5000101010104242424242420202020202026E
:105A600002020202020202020202020202021010FA
:105A700010102000000000000000000000000000E6
:105A80000000000000000000000000000000000016
:105A90000000000000000000000000000000000006
:105AA00000000000000000000000000000000000F6
:105AB00000000000000000000000000000000000E6
:105AC00000000000000000000000000000000000D6
:105AD00000000000000000000000000000000000C6
:105AE00000000000000000000000000000000000B6
:105AF00000000030313233343536373839414243D3
:105B000044454600303132333435363738396162F6
:105B10006364656600232D302B2000686C4C0065A3
:105B2000666745464700412D46612D66383930315C
:105B30003233343536375D002B2D007858000000A5
:105B4000918B010000000000398E01000000000070
:105B5000E58C010000000000D58B01000000000072
:105B6000FFFFFFFFFFFFFFFFFFFFFFFFFFFFFFFF45
:105B7000FFFFFFFFFFFFFFFF00000000000000002D
:105B8000000000000000000059F5010000000000C6
:105B90000000000000000000A0C50020A0C50020FB
:105BA000552201000000000000000000000000007D
:105BB0000000000000000000C0C50020C0C500209B
:105BC0000000000001000000D0C50020D0C500206A
:105BD000D8C50020D8C5002000000000010000004A
:105BE000E8C50020E8C5002000000000000000001B
:105BF00000000000000000000000000000000000A5
:105C00000000000000000000000000000000000094
:105C10000000000000000000000000000000000084
:105C200015CD5B0700000000E33602001D000000F8
:105C3000013702000E00000089B1000000000000E2
:105C40002C2D02000100000050C6002050C600208C
:105C500000000000000000000E00000064C60020EC
:105C600064C60020000000002C2D0200010000008E
:105C700078C6002078C60020000000000000000068
:105C80000E0000008CC600208CC600200000000022
:105C90002C2D020001000000A0C60020A0C600209C
:105CA00000000000000000000E000000B4C600204C
:105CB000B4C600200000000000000000000000004A
:105CC00000000000000000000000000000000000D4
:105CD00000000000000000000000000000000000C4
:105CE00000000000000000000000000000000000B4
:105CF00000000000000000000000000000000000A4
:105D00000000000000000000000000000000000093
:105D10000000000000000000000000000000000083
:105D20000000000000000000000000000000000073
:105D30000000000000000000000000000000000063
:105D40000000000000000000000000000000000053
:105D50000000000000000000000000000000000043
:105D60000000000000000000000000000000000033
:105D70000000000000000000000000000000000023
:105D80000000000000000000000000000000000013
:105D90000000000000000000000000000000000003
:105DA00000000000000000000000000000000000F3
:105DB00000000000000000000000000000000000E3
:105DC00000000000000000000000000000000000D3
:105DD00000000000000000000000000000000000C3
:105DE00000000000000000000000000000000000B3
:105DF00000000000000000000000000000000000A3
:105E00000000000000000000000000000000000092
:105E10000000000000000000000000000000000082
:105E20000000000000000000000000000000000072
:105E30000000000000000000000000000000000062
:105E40000000000000000000000000000000000052
:105E50000000000000000000000000000000000042
:105E60000000000000000000000000000000000032
:105E70000000000000000000000000000000000022
:105E80000000000000000000000000000000000012
:105E90000000000000000000000000000000000002
:105EA00000000000000000000000000000000000F2
:105EB00000000000000000000000000025D40000E9
:105EC000882D0200000000003DFB0000D4C8002027
:105ED000D4C800200000000000100E0000010300E4
:105EE00000000000C2B90220C1B902200000000079
:105EF000B1540100194A0100000000000000000038
:105F0000116001000000000000000000FFFF000021
:105F10000000000000000000000000000000000081
:105F20000000000000000000000000000000000071
:105F30000000000000000000000000000000000061
:105F40000000000000000000000000000000000051
:105F50000000000000000000000000000000000041
:105F600008000000FF000000000000000100000029
:105F70000000000000000000000000000000000021
:105F80000000000000000000000000000000000011
:105F90000000000000000000000000000000000001
:105FA00000000000000000000000000000000000F1
:105FB00000000000000000000000000000000000E1
:105FC0000000000008000000FF00000000000000CA
:105FD0000100000000000000A9AE01003DAC01007E
:105FE000F9AD010049AC010045B10100CDAE0100A1
:105FF0000DB1010001110200FB100200F5100200BA
:1060000008CA002008CA002010CA002010CA0020B8
:106010001CCA002000000000743302005433020048
:106020003433020000000000000000000000000007
:106030000000000000000000000000000000000060
:106040000000000000000000000000000000000050
:106050000000000000000000000000000000000040
:106060000000000000000000000000000000000030
:106070000000000000000100020003000400050011
:1060800006000700080009000A000B000C000D00C4
:106090000E000F00000001000200030004000500D4
:1060A00006000700080009000A000B000C000D00A4
:1060B0000E000F00000001000200030004000500B4
:1060C00006000700080009000A000B000C000D0084
:1060D0000E000F0000000100020003000400050094
:1060E00006000700080009000A000B000C000D0064
:1060F0000E000F0000000100020003000400050074
:1061000006000700080009000A000B000C000D0043
:106110000E000F0000000100020003000400050053
:1061200006000700080009000A000B000C000D0023
:106130000E000F0000000100020003000400050033
:1061400006000700080009000A000B000C000D0003
:106150000E000F0000000100020003000400050013
:1061600006000700080009000A000B000C000D00E3
:106170000E000F00000001000200030004000500F3
:1061800006000700080009000A000B000C000D00C3
:106190000E000F00000001000200030004000500D3
:1061A00006000700080009000A000B000C000D00A3
:1061B0000E000F00000001000200030004000500B3
:1061C00006000700080009000A000B000C000D0083
:1061D0000E000F0000000100020003000400050093
:1061E00006000700080009000A000B000C000D0063
:1061F0000E000F00010306303030303030313100F6
:1062000030303130303030310031303031003130E9
:10621000303100FFBE4B0200056E0100000000009F
:10622000CD4B0200F573010000000000C64B0200D8
:10623000A16D010000000000974B02009970010061
:1062400000000000AB4B0200D56E01000000000012
:106250009E4B02001170010000000000B64B0200CE
:10626000656E01000000000000000000000000005A
:10627000000000000000000000000000000000001E
:10628000000000000000000000000000000000000E
:1062900000000000000000000000000000000000FE
:1062A00000000000000000000000000000000000EE
:1062B000000000000000000000000000480C032067
:1062C000004000000000000000000000000000008E
:1062D00008C20220000100000000000000000000D1
:1062E000E8CC0020E8CC0020000000000000000006
:1062F0000E000000FCCC0020FCCC002000000000C0
:10630000000000000E00000010CD002010CD002085
:1063100000000000000000000E00000024CD00205E
:1063200024CD002000000000000000000E0000004E
:1063300038CD002038CD0020000000000000000013
:106340000E0000004CCD00204CCD002000000000CD
:10635000000000000E00000060CD002060CD002095
:1063600000000000000000000E00000074CD0020BE
:1063700074CD002000000000000000000E000000AE
:1063800088CD002088CD0020000000000100000022
:1063900098CD002098CD0020A0CD0020A0CD0020D9
:1063A0000000000001000000B0CD0020B0CD0020B2
:1063B000B8CD0020B8CD0020000000000100000092
:1063C000C8CD0020C8CD0020D0CD0020D0CD0020E9
:1063D0000100000001000000E0CD0020E0CD002021
:1063E0000000000000000000F0CD0020F0CD0020F3
:1063F000F8CD0020F8CD002038CE002000000000AD
:10640000000000000000000000000000000000008C
:10641000000000000000000000000000000000007C
:10642000000000000000000000000000000000006C
:106430005C2902005CCE0020000000000002000089
:106440000000000000000000000500000000000047
:10645000000000000000000000000000D105010065
:086460000000000015E015E04A
:00000001FF
