:10800000C03E01201DE700002DE10000B9E60000A0
:10801000B9E60000B9E60000B9E60000B9E60000E4
:108020000000000000000000000000007DE90000EA
:10803000B9E600000000000019E90000B9E6000000
:1080400081EC000081EC000081EC000081EC00007C
:1080500081EC000081EC000081EC000081EC00006C
:1080600081EC000081EC000081EC000081EC00005C
:1080700081EC000081EC000081EC000081EC00004C
:1080800081EC000081EC000081EC000081EC00003C
:1080900081EC000081EC000081EC000081EC00002C
:1080A00081EC000081EC000081EC000081EC00001C
:1080B00081EC000081EC000081EC000081EC00000C
:1080C00081EC000081EC000081EC000081EC0000FC
:1080D00081EC000081EC000081EC000081EC0000EC
:1080E00081EC000081EC000081EC000081EC0000DC
:1080F00081EC000081EC000081EC000081EC0000CC
:1081000081EC000081EC000081EC000081EC0000BB
:1081100081EC000081EC000081EC000081EC0000AB
:1081200081EC000081EC000081EC000081EC00009B
:1081300081EC000081EC000081EC000081EC00008B
:0481400081EC0000CE
:04814400FFFFFFFF3B
:108148004FF0FF0C1CEAD0521EBF1CEAD15392EA32
:108158000C0F93EA0C0F6FD01A4480EA010C40020E
:1081680018BF5FEA41211ED04FF0006343EA501068
:1081780043EA5111A0FB01310CF00040B1F5000FAA
:108188003EBF490041EAD3715B0040EA010062F159
:108198007F02FD2A1DD8B3F1004F40EBC25008BF43
:1081A80020F00100704790F0000F0CF0004C08BF61
:1081B80049024CEA502040EA51207F3AC2BFD2F12E
:1081C800FF0340EAC250704740F400004FF000033C
:1081D800013A5DDC12F1190FDCBF00F00040704776
:1081E800C2F10002410021FA02F1C2F1200200FAB4
:1081F80002FC5FEA310040F1000053EA4C0308BF7B
:1082080020EADC70704792F0000F00F0004C02BFCB
:10821800400010F4000F013AF9D040EA0C0093F046
:10822800000F01F0004C02BF490011F4000F013BA0
:10823800F9D041EA0C018FE70CEAD15392EA0C0F0E
:1082480018BF93EA0C0F0AD030F0004C18BF31F079
:10825800004CD8D180EA010000F00040704790F04F
:10826800000F17BF90F0004F084691F0000F91F0F3
:10827800004F14D092EA0C0F01D142020FD193EAB9
:108288000C0F03D14B0218BF084608D180EA010041
:1082980000F0004040F0FE4040F40000704740F01D
:1082A800FE4040F44000704781F0004102E000BF0A
:1082B80083F0004330B54FEA41044FEA430594EA9E
:1082C800050F08BF90EA020F1FBF54EA000C55EAD9
:1082D800020C7FEA645C7FEA655C00F0E2804FEAAA
:1082E8005454D4EB5555B8BF6D420CDD2C4480EA8C
:1082F800020281EA030382EA000083EA010180EABC
:10830800020281EA0303362D88BF30BD11F0004F09
:108318004FEA01314FF4801C4CEA113102D040423F
:1083280061EB410113F0004F4FEA03334CEA13337A
:1083380002D0524263EB430394EA050F00F0A78092
:10834800A4F10104D5F1200E0DDB02FA0EFC22FA8D
:1083580005F2801841F1000103FA0EF2801843FA81
:1083680005F359410EE0A5F120050EF1200E012A72
:1083780003FA0EFC28BF4CF0020C43FA05F3C018B0
:1083880051EBE37101F0004507D54FF0000EDCF129
:10839800000C7EEB00006EEB0101B1F5801F1BD3D2
:1083A800B1F5001F0CD349085FEA30004FEA3C0CD6
:1083B80004F101044FEA445212F5800F80F09A80CC
:1083C800BCF1004F08BF5FEA500C50F1000041EBD0
:1083D800045141EA050130BD5FEA4C0C404141EBD4
:1083E8000101013C28BFB1F5801FE9D291F0000FCF
:1083F80004BF01460020B1FA81F308BF2033A3F17E
:108408000B03B3F120020CDA0C3208DD02F1140C74
:10841800C2F10C0201FA0CF021FA02F10CE002F1AF
:108428001402D8BFC2F1200C01FA02F120FA0CFCA8
:10843800DCBF41EA0C019040E41AA2BF01EB0451F1
:10844800294330BD6FEA04041F3C1CDA0C340EDCEF
:1084580004F11404C4F1200220FA04F001FA02F332
:1084680040EA030021FA04F345EA030130BDC4F1F0
:108478000C04C4F1200220FA02F001FA04F340EAE5
:108488000300294630BD21FA04F0294630BD94F096
:10849800000F83F4801306BF81F480110134013D7D
:1084A8004EE77FEA645C18BF7FEA655C29D094EAEE
:1084B800050F08BF90EA020F05D054EA000C04BF6C
:1084C8001946104630BD91EA030F1EBF0021002057
:1084D80030BD5FEA545C05D14000494128BF41F0F6
:1084E800004130BD14F580043CBF01F5801130BD5A
:1084F80001F0004545F0FE4141F470014FF00000E5
:1085080030BD7FEA645C1ABF194610467FEA655C95
:108518001CBF0B46024650EA013406BF52EA033537
:1085280091EA030F41F4002130BD00BF90F0000F25
:1085380004BF0021704730B54FF4806404F1320461
:108548004FF000054FF0000150E700BF90F0000F1A
:1085580004BF0021704730B54FF4806404F1320441
:1085680010F0004548BF40424FF000013EE700BF11
:1085780042004FEAE2014FEA31014FEA02701FBFA1
:1085880012F07F4393F07F4F81F06051704732F0D3
:108598007F4208BF704793F07F4F04BF41F400212A
:1085A800704730B54FF4607401F0004521F0004188
:1085B8001CE700BF50EA010208BF704730B54FF012
:1085C80000050AE050EA010208BF704730B511F013
:1085D800004502D5404261EB41014FF4806404F14B
:1085E80032045FEA915C3FF4D8AE4FF003025FEAD1
:1085F800DC0C18BF03325FEADC0C18BF033202EB55
:10860800DC02C2F1200300FA03FC20FA02F001FAAE
:1086180003FE40EA0E0021FA02F11444BDE600BF51
:1086280070B54FF0FF0C4CF4E06C1CEA11541DBF00
:108638001CEA135594EA0C0F95EA0C0F00F0DEF8CB
:108648002C4481EA030621EA4C5123EA4C5350EAB0
:10865800013518BF52EA033541F4801143F4801301
:1086680038D0A0FB02CE4FF00005E1FB02E506F092
:108678000042E0FB03E54FF00006E1FB03569CF0E7
:10868800000F18BF4EF0010EA4F1FF04B6F5007FED
:1086980064F5407404D25FEA4E0E6D4146EB06065F
:1086A80042EAC62141EA55514FEAC52040EA5E50E8
:1086B8004FEACE2EB4F1FD0C88BFBCF5E06F1ED892
:1086C800BEF1004F08BF5FEA500E50F1000041EBC9
:1086D800045170BD06F0004646EA010140EA020076
:1086E80081EA0301B4EB5C04C2BFD4EB0C0541EA98
:1086F800045170BD41F480114FF0000E013C00F3AD
:10870800AB8014F1360FDEBF002001F0004170BDD0
:10871800C4F10004203C35DA0C341BDC04F11404E9
:10872800C4F1200500FA05F320FA04F001FA05F275
:1087380040EA020001F0004221F0004110EBD37042
:1087480021FA04F642EB06015EEA430E08BF20EA6E
:10875800D37070BDC4F10C04C4F1200500FA04F311
:1087680020FA05F001FA04F240EA020001F00041A3
:1087780010EBD37041F100015EEA430E08BF20EA16
:10878800D37070BDC4F1200500FA05F24EEA020E5E
:1087980020FA04F301FA05F243EA020321FA04F08D
:1087A80001F0004121FA04F220EA020000EBD37044
:1087B8005EEA430E08BF20EAD37070BD94F0000F44
:1087C8000FD101F00046400041EB010111F4801F78
:1087D80008BF013CF7D041EA060195F0000F18BF29
:1087E800704703F00046520043EB030313F4801F65
:1087F80008BF013DF7D043EA0603704794EA0C0F1F
:108808000CEA135518BF95EA0C0F0CD050EA410634
:1088180018BF52EA4306D1D181EA030101F00041B1
:108828004FF0000070BD50EA410606BF10461946D9
:1088380052EA430619D094EA0C0F02D150EA0136E5
:1088480013D195EA0C0F05D152EA03361CBF104626
:1088580019460AD181EA030101F0004141F0FE41C5
:1088680041F470014FF0000070BD41F0FE4141F449
:10887800780170BD70B54FF0FF0C4CF4E06C1CEA49
:1088880011541DBF1CEA135594EA0C0F95EA0C0FFE
:1088980000F0A7F8A4EB050481EA030E52EA0335B9
:1088A8004FEA013100F088804FEA03334FF08055DA
:1088B80045EA131343EA12634FEA022245EA111507
:1088C80045EA10654FEA00260EF000419D4208BFB8
:1088D800964244F1FD0404F5407402D25B084FEA65
:1088E8003202B61A65EB03055B084FEA32024FF411
:1088F80080104FF4002CB6EB020E75EB030E22BF6E
:10890800B61A754640EA0C005B084FEA3202B6EB2D
:10891800020E75EB030E22BFB61A754640EA5C00DC
:108928005B084FEA3202B6EB020E75EB030E22BF6C
:10893800B61A754640EA9C005B084FEA3202B6EB6D
:10894800020E75EB030E22BFB61A754640EADC002C
:1089580055EA060E18D04FEA051545EA16754FEA8E
:1089680006164FEAC30343EA52734FEAC2025FEAAC
:108978001C1CC0D111F4801F0BD141EA00014FF03B
:1089880000004FF0004CB6E711F4801F04BF01430C
:108998000020B4F1FD0C88BFBCF5E06F3FF6AFAE28
:1089A800B5EB030C04BFB6EB020C5FEA500C50F1B8
:1089B800000041EB045170BD0EF0004E4EEA11313B
:1089C80014EB5C04C2BFD4EB0C0541EA045170BD42
:1089D80041F480114FF0000E013C90E645EA060E86
:1089E8008DE60CEA135594EA0C0F08BF95EA0C0FB4
:1089F8003FF43BAF94EA0C0F0AD150EA01347FF4FC
:108A080034AF95EA0C0F7FF425AF104619462CE7D2
:108A180095EA0C0F06D152EA03353FF4FDAE104635
:108A2800194622E750EA410618BF52EA43067FF486
:108A3800C5AE50EA41047FF40DAF52EA43057FF416
:108A4800EBAE12E74FEA4102B2F1E04324BFB3F5BF
:108A5800001CDCF1FE5C0DD901F0004C4FEAC002AD
:108A68004CEA5070B2F1004F40EB830008BF20F091
:108A78000100704711F0804F21D113F13872BCBF4B
:108A880001F00040704741F480114FEA5252C2F1A0
:108A98001802C2F1200C10FA0CF320FA02F018BFE9
:108AA80040F001004FEAC1234FEAD32303FA0CFC3C
:108AB80040EA0C0023FA02F34FEA4303CCE77FEACB
:108AC800625307D150EA01331EBF4FF0FE4040F415
:108AD8004000704701F0004040F0FE4040F40000C4
:108AE800704700BF80F0004002E000BF81F0004105
:108AF80042001FBF5FEA410392EA030F7FEA226C3C
:108B08007FEA236C6AD04FEA1262D2EB1363C1BFCB
:108B1800D218414048404140B8BF5B42192B88BF3A
:108B2800704710F0004F40F4000020F07F4018BF5D
:108B3800404211F0004F41F4000121F07F4118BF7D
:108B4800494292EA030F3FD0A2F1010241FA03FC25
:108B580010EB0C00C3F1200301FA03F100F000430D
:108B680002D5494260EB4000B0F5000F13D3B0F1D5
:108B7800807F06D340084FEA310102F10102FE2A44
:108B880051D2B1F1004F40EBC25008BF20F00100B4
:108B980040EA03007047490040EB0000013A28BF53
:108BA800B0F5000FEDD2B0FA80FCACF1080CB2EBD6
:108BB8000C0200FA0CF0AABF00EBC2505242184354
:108BC800BCBFD0401843704792F0000F81F40001F9
:108BD80006BF80F400000132013BB5E74FEA4103CC
:108BE8007FEA226C18BF7FEA236C21D092EA030F38
:108BF80004D092F0000F08BF0846704790EA010FB2
:108C08001CBF0020704712F07F4F04D1400028BFDE
:108C180040F00040704712F100723CBF00F50000C0
:108C2800704700F0004343F0FE4040F400007047F6
:108C38007FEA226216BF08467FEA236301464202A2
:108C480006BF5FEA412390EA010F40F480007047B5
:108C58004FF0000304E000BF10F0004348BF40425B
:108C68005FEA000C08BF704743F0964301464FF097
:108C780000001CE050EA010208BF70474FF00003F3
:108C88000AE000BF50EA010208BF704711F0004334
:108C980002D5404261EB41015FEA010C02BF844604
:108CA8000146002043F0B64308BFA3F18053A3F563
:108CB8000003BCFA8CF2083AA3EBC25310DB01FAAA
:108CC80002FC634400FA02FCC2F12002BCF1004F2E
:108CD80020FA02F243EB020008BF20F001007047BF
:108CE80002F1200201FA02FCC2F1200250EA4C0013
:108CF80021FA02F243EB020008BF20EADC70704759
:108D080053B94AB9002908BF00281CBF4FF0FF31EA
:108D18004FF0FF3000F00CB8ADF1080C6DE904CE4F
:108D280000F008F8DDF804E0DDE9022304B070473C
:108D3800704700BF2DE9F04786468C460846089ED6
:108D4800154674461946002B40F0C1808542B2FA98
:108D580082F245D94AB1C2F1200300FA02FC9540DB
:108D680094402EFA03F343EA0C0C4FEA154EA8B2CE
:108D7800230CBCFBFEF80EFB18CC08FB00F943EAF9
:108D88000C43994528D9EB1808F1FF3704D29945C7
:108D980002D9A8F102072B44A3EB0903A4B2B3FB41
:108DA800FEFC0EFB1C330CFB00F044EA0344A0421B
:108DB80014D92C190CF1FF3304D2A04202D9ACF11A
:108DC80002032C44241A43EA07401EB1D44000236E
:108DD80034607360BDE8F0874746DDE76346F1E736
:108DE80092BB431B01214FEA154EAFB2200CB3FBD7
:108DF800FEFC0EFB1C330CFB07F840EA03439845C6
:108E080061D9EB180CF1FF3004D2984502D9ACF1C6
:108E180002002B44A3EB0803A4B2B3FBFEFC0EFB39
:108E28001C330CFB07F744EA0344A7424DD92C191D
:108E38000CF1FF3304D2A74202D9ACF102032C444F
:108E4800E41B43EA0040C0E7C2F120039540944088
:108E580020FA03F12EFA03F34FEA154E9040AFB211
:108E68000343B1FBFEFC0EFB1C10190C0CFB07F8AE
:108E780041EA0041884522D969180CF1FF3004D233
:108E8800884502D9ACF102002944A1EB08019BB244
:108E9800B1FBFEFC0EFB1C110CFB07F743EA014378
:108EA8009F420ED9EB180CF1FF3104D29F4202D930
:108EB800ACF102012B44DB1B41EA004193E7604619
:108EC800E3E76146F7E76046A4E76346B8E783420D
:108ED80006D916B9002108467CE7C6E900E0F9E79B
:108EE800B3FA83F78FB9834201D3724508D8BEEB32
:108EF800020460EB030301209C461EB9002169E7C8
:108F08003846FAE7C6E9004CF8E7C7F1200CBB4041
:108F18000EFA07F522FA0CF42EFA0CF1BA401C43AB
:108F280020FA0CF3B8404FEA144901431FFA84FEB3
:108F3800B3FBF9F809FB18300B0C08FB0EFA43EAEF
:108F480000439A4540D9E31808F1FF3004D29A4506
:108F580002D9A8F102002344A3EB0A0389B2B3FBA8
:108F6800F9F809FB183308FB0EFE41EA03418E4568
:108F78002CD9611808F1FF3304D28E4502D9A8F123
:108F88000203214443EA0040A1EB0E01A0FB029832
:108F98004145CE46434602D306D14D4504D2013859
:108FA800B9EB020E68EB0403002EA7D0B5EB0E0256
:108FB80061EB030101FA0CFC22FA07F3F9404CEAD1
:108FC8000303C6E9003199E74046C5E74346D9E7B8
:108FD80010F8012B11F8013B012A28BF9A42F7D05B
:108FE800D01A7047034613F8012B002AFBD1181A30
:108FF8000138704700000000F0B5674B89B01B6866
:1090080007934FF000030023CDE9033304230D46F3
:1090180006460293002800F0B280002900F0AF80D5
:10902800062103A80DF010F8044678B10346012183
:109038005A4A5B480EF0DEF8574B1A68079B5A40AD
:109048004FF0000300F09E8015F0AEFB014603AA26
:1090580030460CF085FF044648B10346514A0121C9
:109068004F480EF0C7F803A80DF03AF8E4E70121DD
:1090780001AA03A80DF060F9044610B103464A4A54
:10908800EDE7019BB3B1042B1AD0052B0CBF0923C4
:10909800FF232B70032102AB05AA03A80DF09CF94E
:1090A800064678B10346414A01213D480EF0A2F830
:1090B8003446D8E7002300202B706860A860D2E708
:1090C8000723E6E7029B002BF4D020336B4403F818
:1090D8000C0C0146022205A816F090FE2B78C0B2AF
:1090E800092B06D10F2823D96FF015042346304ADF
:1090F800B5E70F28F8D8072B21D12E4B2E4F33F880
:109108001000D0B1FFF722FA21A3D3E90023FFF71B
:1091180087FAFFF797FC0421686002AB05AA03A849
:1091280002910DF059F9064660B10346234ABBE7A0
:10913800234B244F33F81000E3E72348EBE76FF0A5
:109148007F04D3E7029B014620336B4403F80C0CE1
:10915800022205A816F052FEC3B20F2B07D901212F
:109168001A4A0F480EF046F86FF015047BE7581CB2
:10917800C0B2FFF771FD3946FEF7E2FF9EE76FF0D8
:10918800150459E7204609B0F0BD00BFAFF30080D1
:109198007B14AE47E17A2440C0BE0120BD410200E5
:1091A800C4210200E64102000F42020031420200DF
:1091B8005D4202004C2902000AD7A33F8142020007
:1091C8002C2902000AD723400AD7A340AC42020048
:1091D80007B5084B1B6801934FF00003054B1A684D
:1091E800019B5A404FF0000301D015F0DDFA03B09F
:1091F8005DF804FBC0BE012037B5094C2468019412
:109208004FF00004064C2568019C65404FF00004AF
:1092180001D015F0C9FA03B0BDE8304004F0B4BA83
:10922800C0BE0120F0B583B0184B00AF1B687B604F
:109238004FF0000302F1080323F00703ADEB030D21
:1092480005466846144618F04BFB00236E460DF899
:1092580004308AB06A460E49D661C2E905150D493F
:1092680011620D4942F8101F4FF423510B4804F0C6
:10927800DFF9064B1A687B685A404FF0000301D0AB
:1092880015F092FA0C37BD46F0BD00BFC0BE0120F4
:109298007229020000020103040000027421020086
:1092A8002DE9F04389B0774B02AF1B687B614FF023
:1092B80000030B7806460C46092B00F2DD80DFE838
:1092C80013F00A0046004A00C700DB00DB00DB00A1
:1092D800CE00DB00D500CD6935B12B466A4A0121A5
:1092E8006A48FFF789FF28E00321694A674804F0C4
:1092F80033FA684B07F1080493E80700664B84E8E3
:1093080007003C606C468AB07B6002AA634B5361DD
:10931800634B93611223D3614FF400731384614B41
:1093280042F8103F4FF4135158482B4604F080F987
:109338003946A546304608F0CFF9524B1A687B6982
:109348005A404FF0000300F0998015F02DFACB69D0
:10935800554A0321C4E74A69CB69032100924B4867
:10936800524A04F02BFAD4F81480B8F5006F12D9D9
:10937800DFF83C9149463046A8F5006208F0AEFA9D
:10938800051E28D029DBA8EB0508B8F5006FF1D831
:109398006FF0790901E04FF0000942463046444930
:1093A80008F0B4FA0546C0B9237B012B06D1238BFC
:1093B80030463B8107F1080108F01EF9B9F1000FAA
:1093C80017D063694FF40062012100922F48394A8F
:1093D80004F0F4F9B1E76FF00405237B012B06D103
:1093E800238B30463B8107F1080108F005F9002D71
:1093F80017DB62692E493048FFF714FF06222F4910
:109408002B4818F027FB10B90CF0E0F895E7072275
:109418002B49274818F01EFB00288ED10CF0EEF8D7
:109428008BE715F17A0FCCD02B460121254A174836
:10943800FFF7E2FE0321244A144804F08DF9304670
:1094480008F010F9034600283FF477AF1F4A46E7B3
:10945800CB690BB11E4A42E78B881E4A79E7CB6974
:109468000BB11D4A3BE78B881C4A72E7CB69002B7E
:109478003FF463AF1A4A32E71A4A6AE71C37BD4617
:10948800BDE8F083C0BE01207729020074210200E4
:109498008F290200402202000100D204A5290200FF
:1094A800BF29020004000001D2290200EF290200AE
:1094B8001AE400200D2A02005C2A0200672A020032
:1094C8006E2A0200762A0200962A0200B32A0200B7
:1094D800CC2A0200E22A0200F72A02000D2B020021
:1094E800222B02003A2B02002DE9F04389B01D46D9
:1094F8004FF01008214BDFF8889000AF1B68FB6124
:109508004FF0000306461446C7E904253973C7F827
:109518000490C7F8088006F05DF8BB7E2A4621460D
:10952800388323F0030317486C46BB76FFF77AFEAF
:109538008AB06A46144BC2F81C80C2E905394FF458
:1095480000731384114B42F8103F00234FF413515A
:109558000F4804F06DF83046A546391D07F0F8FFAE
:10956800064B1A68FB695A404FF0000301D015F00A
:109578001BF92437BD46BDE8F08300BFC0BE0120FB
:10958800582B0200692B0200762B02000400000110
:10959800742102002DE9F04F9FB00126574B02AF0E
:1095A8001B68FB664FF00003044607F055FF502286
:1095B8000021381D18F0A1F93B46002150483A1DFA
:1095C800C7E9036606F028F80546A8B10346314600
:1095D8004C4A4D48FFF710FE4C4A31464A4804F0C1
:1095E800BBF86FF00905454B1A68FB6E5A404FF0FF
:1095F80000037DD015F0D8F84FF008093E68DFF871
:109608001081DFF804B136B37369082B51D1B369FF
:1096180040495B6801204B6045F6073308804B8062
:1096280007F1540610233246043106F037FEE846A7
:1096380088B002AB384AC3E905264FF400729A8312
:109648001A46364B42F8103F00234FF4E6512E4895
:1096580003F0EEFFC546386805F0F4FF2D4B07F11F
:10966800540663632E4B1721A36430462D4A11F02C
:1096780047FA0346002831D001212B4A2248FFF738
:10968800BBFD2A48E062FFF7ADFC294B294AE3639A
:10969800294B2063A363042384F85E30274BE364DB
:1096A8004FF40063C4E915232365002384F82430AC
:1096B80099E7EA468AB002AAC2E905831823136229
:1096C8000523C2F81C9042F8103F00234FF42151A3
:1096D800584603F0ADFFD546366894E787F863002F
:1096E8000F231421164A0096104816F099F9C8E776
:1096F80028467437BD46BDE8F08F00BFC0BE0120C4
:109708008B2B0200AA2B020074210200C12B02003D
:10971800FE2B0200B4E30020E82B02000300000146
:10972800A9920000212C0200292C020006E4002046
:1097380030C600201AEC002038C600201AF4002099
:109748004A2C020007B503460D4A90F82400126817
:1097580001924FF0000260B99B6A0B6001238B8075
:10976800074B1A68019B5A404FF0000304D015F0CC
:109778001BF86FF08500F3E703B05DF804FB00BF4A
:10978800C0BE012007B50B4BB0F5A07F1B68019345
:109798004FF0000302BF0122074B1A70054B1A68ED
:1097A800019B5A404FF0000301D014F0FDFF03B0B5
:1097B8005DF804FBC0BE01201AFC002037B5094C37
:1097C800246801944FF00004064C2568019C65400C
:1097D8004FF0000401D014F0E7FF03B0BDE83040BB
:1097E80003F0D2BFC0BE012013B5094B1B6801931B
:1097F8004FF00003064B1C68019B5C404FF00003D0
:1098080001D014F0D1FF02B0BDE8104003F0A4BFAE
:10981800C0BE012013B50A4A126801924FF0000237
:10982800074A1468019A54404FF0000201D014F01E
:10983800BBFF83681B6802B0BDE81040184700BF33
:10984800C0BE012007B5094B1B6801934FF0000308
:10985800064B1A68019B5A404FF0000301D014F0E0
:10986800A3FF03B05DF804EB14F080BEC0BE012076
:1098780007B56FF01002444B00211B6801934FF0AD
:109888000003424B1A706FF041025A7001229A701D
:10989800DA701A719A716FF061021A726FF06702CA
:1098A8005A7234229A7268225971D9713849DA7217
:1098B8000A881A8201320A806FF0320103F50052D9
:1098C80091746FF05401D174324A123302F140019D
:1098D80052F8040B8A4243F8040BF9D12D4B2E4A57
:1098E80003F1100153F8040B8B4242F8040BF9D131
:1098F80080222A492A4817F0F3FF2A4B2A4A03F103
:10990800300153F8040B8B4242F8040BF9D11B8841
:1099180003211380254842F21403254AFFF74EFF1E
:1099280040F6CD400021FFF78DFF0423214A032193
:109938001E48FFF743FF40F6CD400021FFF782FFA6
:1099480042F214030121114A1B48FFF7CDFD0346DB
:1099580080B10D4A1168019A51404FF0000201D0C0
:1099680014F022FF0321154A104803B05DF804EBF8
:10997800FFF724BF044B1A68019B5A404FF00003BD
:10998800EED103B05DF804FBC0BE01201BFC002033
:10999800D6E300207CCB00202D0C01207CCA0020BF
:1099A8003704012090CA00202D14012074210200E0
:1099B800802C0200962C020000DA00209F2C020066
:1099C80090B583B0274B00AF1B687B604FF0000356
:1099D800037853B1032B27D0224B1A687B685A406F
:1099E8004FF000033AD014F0DFFE037A012B19D0B0
:1099F800052BF1D11C4B6C4688B06A461B49C2E95D
:109A080005134FF400739383194B42F8103F00235A
:109A18004FF4E651174803F00BFEA546164813F01D
:109A28002FFBD9E7154BE6E7017A154A154B6C462B
:109A380088B0012908BF13466A461349C2E90513CD
:109A48004FF4007393830A4B42F8103F00234FF4FE
:109A5800E651084803F0ECFDA546BDE70C37BD46C6
:109A680090BD00BFC0BE0120D32C0200F62C02001E
:109A78000300000174210200B8CD0020BA2C0200B6
:109A8800E72C0200F12C0200162D02002DE9F3410B
:109A9800404B05461B6801934FF0000301223E4CE2
:109AA8003E4F04F5005895423B880BD201333B806A
:109AB800384B1A68019B5A404FF000035ED102B040
:109AC800BDE8F0816FF0100121706FF04101617005
:109AD8000121A28056186FF0610222726FF06702AE
:109AE80023826FF032036272342288F812306FF0EA
:109AF8005403A272682288F81330294BE272294A6B
:109B0800A170E170B6B2E58003F1400153F8040B8F
:109B18008B4242F8040BF9D1214B234A03F110017F
:109B280053F8040B8B4242F8040BF9D180221F49E9
:109B38001F4817F0D5FE1F4B1F4A03F1300153F899
:109B4800040B8B4242F8040BF9D11B8803211380C4
:109B58001A4842F214031A4AFFF730FE42F214037D
:109B6800224600211748FFF7BFFC034680B1094A87
:109B78001168019A51404FF0000201D014F014FE10
:109B88000321114A0D4802B0BDE8F041FFF716BEA7
:109B9800324688E7C0BE01201BFC0020D6E3002027
:109BA8007CCB00202DFC00202D0C01207CCA00203D
:109BB8002D04012090CA00202D14012074210200D8
:109BC800802C020000DA00209F2C020007B5194BF8
:109BD80001291B6801934FF000030BD0022919D00B
:109BE800144B1A68019B5A404FF000030BD103B085
:109BF8005DF804FBC207F3D50E4B1A68019B5A4067
:109C08004FF0000301D014F0CFFD03B05DF804EB72
:109C1800FFF72EBE8307E3D5064B1A68019B5A400F
:109C28004FF00003EFD1322003B05DF804EBFFF7EB
:109C38002DBF00BFC0BE0120002273B5114B1B68A9
:109C480001934FF00003104B30F9126001EB42040E
:109C58001D780132042A24F83560F5D11A780132CA
:109C6800D2B21A701A78052A04BF00221A70054B5E
:109C78001A68019B5A404FF0000301D014F094FD7C
:109C880002B070BDC0BE01202F1C012073B5104B5F
:109C980000221B6801934FF0000300231C4685181F
:109CA80035F933600133052B3444F9D194FBF3F4CF
:109CB8008C520232082AF0D1054B1A68019B5A408F
:109CC8004FF0000301D014F06FFD02B070BD00BF6B
:109CD800C0BE01202DE9F043A24B8BB00022062123
:109CE8000F201B6809934FF0000304F0BBFE9E4B46
:109CF8009E4A02934FF4C063ADF80C309C4B04A904
:109D080004934FF44073ADF8143007238DF81630E0
:109D1800984B02A8069310F0C3F902A810F016FA9F
:109D280044F6206102A810F029FA012402462346CD
:109D380002A80021009410F06FFA00214FF480402F
:109D4800FFF780FD8C4800F0FDFD8C4812F012FAF8
:109D58008A4E60B98A4800F0F5FD824B1A68099B63
:109D68005A404FF0000300F0FA8014F01DFD304611
:109D78008449FFF74FFD30468349FFF74BFD3046D6
:109D88008249FFF747FD82493046FFF743FD814886
:109D980000F0D8FD4FF400400021FFF753FD02A862
:109DA80010F0B4F90BF0DEFA20B121467A4A7B486C
:109DB800FFF71AFD03217A4A7848FFF715FD09F0E5
:109DC80033FD034658B1774A01217448FFF7F6FC82
:109DD8000121754A7148FFF707FD0020BDE70321FF
:109DE800724A6E48FFF700FD71480DF0A7F9034667
:109DF80008B1704AE8E74FF0FF334FF0FF326E4882
:109E080013F076F903216D4A6448FFF7EDFC012051
:109E18000BF0DCFB6A480BF003FB20B10121694A17
:109E28005E48FFF7E1FC6848FFF7B4FB0346E8B17A
:109E3800664A01215948FFF7C1FCCEE701350AD02F
:109E4800032156483C23624AFFF7B8FC4FF4F01050
:109E58000021FFF7F7FC5C4807F026FB034640B1FA
:109E68005C4A01214D48FFF7A9FCE7E705465A4F30
:109E7800F1E739465448FFF765FC034608B1574AED
:109E8800D7E70446564ACDE90700DFF85881108025
:109E980098F80030012B21D14FF0000988F8009084
:109EA800B36851495B683548984750495048FFF7AF
:109EB800C3FE4E4807A9FFF7E9FE032C0CDDBDF9E8
:109EC8002230BDF91E200093BDF91C10BDF92030C9
:109ED800484800F037FD4C46631C1CB23A4807F06E
:109EE800A3FC02460121384605F09AFE002814DA40
:109EF80005F076FA404A036801212848FFF75EFC1E
:109F080003213E4A2548FFF76FFC2F4807F0AAFBBC
:109F18000346002892D03A4AA3E72B4807F04EFCA4
:109F2800034620B110F10B0F01D0364AE4E7FB8855
:109F3800D90706D5244807F09FFC034608B1324AE2
:109F4800DAE7B7F906301A0705D5304A0121134870
:109F5800FFF74AFCD4E79B069AD52D4AF6E70BB0E3
:109F6800BDE8F083C0BE012000F000408D970000DE
:109F78000024F400232D0200302D0200481F0200A7
:109F8800442D0200242902001C2902001429020081
:109F98000C290200532D0200642D020074210200D6
:109FA800892D0200A42D0200322E0200D62D0200B7
:109FB800C9990000F02D0200B8CD0020192E02002A
:109FC800D59B0000502E020000DA0020792E0200F6
:109FD8009E2E0200BC2E0200F8D90020D62E0200C8
:109FE800CCE300201AFC002098220200D8E30020CD
:109FF800CEE30020EC2E0200FC2E0200502F0200BF
:10A008006A2F0200102F0200272F02003F2F0200A4
:10A01800472F02002DE9F04F93B00093944B039221
:10A028001B6811934FF00003039B840703F004039C
:10A038000293039B0546C3F3C20303F101030E46D3
:10A04800DDF87090059340F0C481041D68B10729BC
:10A0580010D86FF01B00864B1A68119B5A404FF0BE
:10A06800000300F0B98114F09FFB01F00706341DCE
:10A07800C6F10806009B4FF000084FF0040A591E6D
:10A088004FF0FF3347460193C3465346CDF810803F
:10A098000DB1009A22600598002800F3EF807548FA
:10A0A800009A824203D374488242C0F0E780039A40
:10A0B800A4EB050E92074FEA9E0000F10A810F2FCC
:10A0C80000F2B180002D00F00C8107F148020DEB81
:10A0D800020C019A0CF8240C0CF8142C049801308A
:10A0E8000490EEE07A285DD84B280ED8472859D836
:10A0F80029282DD8252852D054D820287AD023387A
:10A10800D0F1000B4BEB000B74E04C382E2849D8EB
:10A11800DFE800F0704848484848484848484848F8
:10A128004B484848484848484859484B4B5959595A
:10A13800704B6D487048184B184848827F4B484808
:10A148004B487F0000204FF0000B4FF0040A38E026
:10A1580001222A38C0B202FA00F010EA0E0F49D1E3
:10A1680010F0625C2FD110EA020B43D06046013C2C
:10A178005444B4FBFAF40AFB04F4002D61D0A3EBB9
:10A18800050CA4446645FFF464AF002868D1042B8D
:10A1980047D159F8043B2360042304342AE0019A88
:10A1A800013A01924FF0000B24E011F8010C6C28E1
:10A1B80034D1002011F8023C83466C2BC5D14FF0F6
:10A1C800080A5346D3E709F1070929F007090734B4
:10A1D80024F00704F9E802AB35B106982044B042F0
:10A1E8003FF637AFC4E900AB4FF0000B08344FF02F
:10A1F800080A534611F8010F00287FD0BBF1000F61
:10A208007FF470AF2528F5D14FF0010B019B013386
:10A2180001934FF0040AECE7584694E70020834680
:10A22800A5E7082B02D06FF0150014E709F107091C
:10A2380029F00709F9E80223C4E9002308230834B0
:10A24800D8E768B9042B02D109F10409A4E7082B5F
:10A25800E9D109F1070929F0070909F10809EDE72A
:10A26800059A013A059259F8042B009210E700BFAD
:10A27800C0BE0120241E0200D8500200039A900795
:10A2880020D54FF0010CA4EB050E4FEA9E00BEF559
:10A29800007FC8D20F2FC6D8F5B107F148020DEBE1
:10A2A800020E019AC0B20EF8240C0EF8142CBCF160
:10A2B800000F3FF413AF60F07F000EF8240C08F194
:10A2C80001080137C5F108024FF6DA7E0434069218
:10A2D80090E74FF0000CDAE7BCF1000F01D001362F
:10A2E800EFE7029802360028EBD10098CDE9063155
:10A2F800FEF778FEDDE906310644E2E7631BB3F5B5
:10A30800806F90D21DB9A6F10804E018A3E6029A5E
:10A318009B0828602B709DF81030C2B1EB7085F84F
:10A328000280B8F1000F05D0002209A8C5F1010C80
:10A3380097420ED14FF0000AC5F101030DF124092F
:10A3480001930DF1340B574512D1601B83E66B70F6
:10A35800E5E710F8013B190608D504EB0C0E764525
:10A3680003F07F03FFF475AE04F8013B0132DFE729
:10A37800B8F1000F03D099F90020002A17DB029BDF
:10A38800D3B11AF80B2004F8012B0022019B98186E
:10A3980020448642FFF45DAE99F80000009904F865
:10A3A800010B2046039217F09BFA039A14440AF112
:10A3B800010A09F10109C6E799F8002055F8223089
:10A3C8000093029B009845F82230FEF70BFE421CD2
:10A3D800DCE76FF00D003EE613B0BDE8F08F00BF7C
:10A3E8002DE9F3471746224A06460D4612680192A0
:10A3F8004FF0000298467BB34FF0000A98F80040EF
:10A4080093F80190DB78A40004EB430498F8023039
:10A418001C444444CA450CD31549D8F8042008689C
:10A42800019948404FF0000108F108030DD014F0DD
:10A43800BBF914F8013B0AF1010A204648F8234009
:10A44800FEF7D0FD01300444E4E739463046AC4617
:10A4580002B0BDE8F0476047054B1A68019B5A40B7
:10A468004FF00003E3D16FF0150002B0BDE8F087AC
:10A47800C0BE012073B50025184B02461B68019326
:10A488004FF000032846144614F8013B0BB9184650
:10A4980009E0D8B18D420FD1702B04D0A3F140024E
:10A4A8003A2A13D800200D4B1A68019B5A404FF0E6
:10A4B800000311D014F078F9A3F140063A2E05D81C
:10A4C80053780135941C002BE1D00020252B22461F
:10A4D80008BF80F00100D6E702B070BDC0BE012001
:10A4E8002DE9F04F99B000AF7B62D7E922A33B6218
:10A4F800D7F890307A633B61A34B04461B68FB6531
:10A508004FF00003CAF3C00390F802B0BB6139638F
:10A5180049B9457800780BEB800020443B6B9D429D
:10A528001DD8031B3B63E378FB61BBF1000F02D02E
:10A538001AF0010F1DD1FB69002B30D17B6B1BB1C9
:10A5480020467A6A396B98473D6B8F4B1A68FB6DCA
:10A558005A404FF0000300F0B18114F025F9461C71
:10A568003046FEF73FFD3B6B0130013330443B631F
:10A57800D4E723786268FB629B007B61FB6ABA625E
:10A5880004EB83097B6B002B40F00A81C846002648
:10A598003D6B09EB0B02904551D1D94413E01AF0F9
:10A5A800020FCBD023789946FB629B007B616368DE
:10A5B80004EB8909BB627B6B002B7AD13D6BBBF145
:10A5C800000F50D15E461AF0050F0CBF022301237D
:10A5D8007B63FB6909EB43033B630AF00203FB62FD
:10A5E8003B6B9945B1D019F802BB19F8013C54F8F6
:10A5F8002380664B984502D3654B984539D3BB6990
:10A60800002B44D05946B86AFFF734FF00283ED0E3
:10A61800E8468AB06A465F4B5361BB6AC2E9063BAB
:10A628004FF4007313845C4B42F8103F00234FF43F
:10A6380012515A4802F0FCFF023DC546D0E718F80F
:10A64800013B7A6354F82300FEF7CCFC3B6A7A6B33
:10A65800013033B13B699E423EBF3B6A23F8160086
:10A668000136054497E71AF004061CBF7E6BD944EF
:10A67800A9E7BB692BB15946B86AFFF7FBFE00286A
:10A68800C6D11AF0010F05D17B6BED1AA8E7FB6A5A
:10A69800002BA5D04046FEF7A5FC3B6A3BB13B69C1
:10A6A8009E423FBF3A6A431C22F8163001360544E1
:10A6B80096E7BBF1000F79D01AF0040679D0D84696
:10A6C800002607F14C005A46494617F009F9FB697C
:10A6D800D9445B00FB60FB6909EB43033B610AF06B
:10A6E8000203BB603B694B4565D163781AF0020FE2
:10A6F80018BF002106EB030208BF4FEA58011AF001
:10A70800010FD2B240F0A9801AF0040F14BF4046DE
:10A718000020BB626270A070E17020467A6A796995
:10A728007B6B9847051EFFF610AFFB6A4146237006
:10A73800BB6A7A6A6370FB6984F802B0E37007F158
:10A748004C007B6B9847B0F10008C0F2B3803B6BBC
:10A758004846A3EB0B017B697A6AC91AFB68C91AD8
:10A768007B6B98470028C0F2A7804FF0000BA844E5
:10A7780008EB000507F13C0AB34570D300217A6A5B
:10A7880008467B6B9847E0E6C0BE0120241E020005
:10A79800D8500200A12F0200040000018C21020001
:10A7A8005E464FF0000807F13C008CE75E46D8464D
:10A7B8008DE7B0468BE719F8021B434B19F8015C8B
:10A7C80054F82500984202D3404B98421FD3BB69E6
:10A7D80033B1B86A7960FFF74DFE7968002881D1F6
:10A7E800BB68FBB908F1280307F1380208F101003A
:10A7F80003EB020C07F1600308F1020853FA80F03A
:10A808000CF8141C5FFA88F800F8145C6AE7BB6956
:10A818002BB1B86AFFF72EFE00287FF463AF1AF059
:10A82800010F09D006F1280307F13802711C9E18A0
:10A8380006F8245CCEB255E71AF0040F3FF452AF85
:10A8480008F1280307F1380208F1010103EB0208B7
:10A8580008F8145C5FFA81F844E7002059E71BF810
:10A868000A3054F8239087F83B303B6AFBB133F841
:10A878001B8001217A6A7B6B07F13B00984700280F
:10A888001ADB0544B8F1000F06D14846FEF7AAFBCB
:10A8980000F101081FFA88F8414648467A6A7B6B3E
:10A8A8009847002808DB05440BF1010B64E7D7F84B
:10A8B8002080DEE7454648E6054646E628466437F2
:10A8C800BD46BDE8F08F00BF241E0200D85002002C
:10A8D80007B5094B1B6801934FF00003064B1A6834
:10A8E800019B5A404FF0000301D013F05DFF002098
:10A8F80003B05DF804FB00BFC0BE012037B5104BA4
:10A908008A680C681B6801934FF00003551C14B14A
:10A918004B68934209DC8D60094B1A68019B5A40C9
:10A928004FF000030AD013F03FFF013B934208BFEA
:10A9380000228D600CBFE254A054EDE703B030BD97
:10A94800C0BE01200FB407B504A90C4B51F8040B85
:10A958001B6801934FF00003009102F05BFA074B6C
:10A968001A68019B5A404FF0000301D013F01CFFF6
:10A9780003B05DF804EB04B0704700BFC0BE01200F
:10A9880007B5094B1B6801934FF00003074B18608C
:10A99800054B1A68019B5A404FF0000301D013F091
:10A9A80003FF03B05DF804FBC0BE012040C60020D1
:10A9B80030B5044600250F4887B0006805904FF071
:10A9C8000000CDE902410C48009502A9049501F068
:10A9D80089F9DDE903309842064BB8BF25541A6857
:10A9E800059B5A404FF0000301D013F0DDFE07B07D
:10A9F80030BD00BFC0BE012005A900000CB437B5AA
:10AA080006AB53F8042B0B4C246801944FF0000458
:10AA18000093FFF7CDFF074B1A68019B5A404FF090
:10AA2800000301D013F0C0FE03B0BDE8304002B00F
:10AA3800704700BFC0BE012007B50446084611464E
:10AA4800054A126801924FF000021A46A04713F017
:10AA5800B9FD03F005FF00BFC0BE012013B50D4BC3
:10AA680000EBC1011B6801934FF000038368B3F545
:10AA7800004F084B2CBF51F8220031F812001A6819
:10AA8800019B5A404FF0000301D013F08DFE02B035
:10AA980010BD00BFC0BE012037B50D4C00EBC10191
:10AAA800246801944FF000048068B0F5004F2CBF73
:10AAB80041F8223021F81230054B1A68019B5A40A0
:10AAC8004FF0000301D013F06FFE03B030BD00BF9C
:10AAD800C0BE012007B50A4B01221B6801934FF045
:10AAE8000003FFF7BBFF064B40081A68019B5A405A
:10AAF8004FF0000301D013F057FE03B05DF804FBDC
:10AB0800C0BE012013B5134B00EBC1011B680193B4
:10AB18004FF000038368B3F5004F10D34B685AB168
:10AB280043F001034B600B4B1A68019B5A404FF0EE
:10AB380000030DD013F038FE23F00103F2E74B8831
:10AB48001AB143F001034B80EDE723F00103FAE764
:10AB580002B010BDC0BE012013B50A4B1B6801939B
:10AB68004FF00003074B1C68019B5C404FF000034B
:10AB780001D013F019FE5300012202B0BDE81040C5
:10AB8800FFF78ABFC0BE012007B50D4B1B680193B4
:10AB98004FF000038368B3F5004F34BF0423082344
:10ABA800C91A074B081A1A68019B5A404FF000034C
:10ABB8004FEAD00001D013F0F7FD03B05DF804FBB5
:10ABC800C0BE012007B50F4BB0F5004F1B680193BD
:10ABD8004FF0000334BF04230823481C0833A0EBBC
:10ABE800D300084BB0FA80F01A68019B5A404FF026
:10ABF8000003C0F11F0001D013F0D6FD03B05DF8CB
:10AC080004FB00BFC0BE01202DE9F341214B1746CC
:10AC180003220E4604461B6801934FF00003FFF71A
:10AC28001DFF8642054607F1040811D10122E36899
:10AC3800BA4023EA0203E360002344F82830154BA6
:10AC48001A68019B5A404FF000031FD013F0ACFD67
:10AC5800314602222046FFF701FF2B460322014618
:10AC6800064644F828502046FFF716FF094B1A6895
:10AC7800019B5A404FF00003E8D13346022229468F
:10AC8800204602B0BDE8F041FFF706BF02B0BDE8BC
:10AC9800F08100BFC0BE012073B5164B0D46866813
:10ACA80004461B6801934FF00003FFF713FFB6F546
:10ACB800004F014601D3012813D03046FFF782FF29
:10ACC8000C4B02461968019B59404FF0000301D014
:10ACD80013F06AFD2946204602B0BDE87040FFF730
:10ACE80093BF044B1A68019B5A404FF00003EFD101
:10ACF80002B070BDC0BE01202DE9F347234B0546C5
:10AD0800806888461B6801934FF00003FFF75AFFDD
:10AD180005EB800ADAF810900646B9F1000F21D049
:10AD28000327DAF8104028462146FFF7D3FE4045AE
:10AD38000DD3324621462846FFF766FF134B1A68A3
:10AD4800019B5A404FF000031BD013F02DFD032246
:10AD580021462846FFF782FE013FCAF8100001D0BD
:10AD68008145DED14FF0FF34EB68721C94401C40E3
:10AD7800E4D094FAA4F2B2FA82F2131D55F82340F3
:10AD8800D8E7204602B0BDE8F08700BFC0BE01206A
:10AD98002DE9F341194B14460E4605461B680193ED
:10ADA8004FF00003FFF796FEA71B331B03EB0008C9
:10ADB8003A4631462846FFF7CFFE42462146284606
:10ADC800FFF7CAFE3B46002221462846FFF764FEED
:10ADD80021462846FFF77EFE084B1A68019B5A4019
:10ADE8004FF0000301D013F0DFFC21184346002286
:10ADF800284602B0BDE8F041FFF74EBEC0BE0120B4
:10AE0800F7B5154B16461B6801934FF0000304462F
:10AE18000F46FFF75FFE314605462046FFF75AFE0C
:10AE280005442A4639462046FFF796FE3146204615
:10AE3800FFF750FE084B1A68019B5A404FF0000379
:10AE480001D013F0B1FC31182B460022204603B084
:10AE5800BDE8F040FFF720BEC0BE0120F7B5304B7B
:10AE68000D46866804461B6801934FF00003FFF700
:10AE780031FEB6F5004F014601D3012847D03046D0
:10AE8800FFF7A0FE04EB80010E69EEB90122E3682A
:10AE980082401343E36002222B460D612046294677
:10AEA800FFF7FAFD1E4B1A68019B5A404FF000034A
:10AEB80001D013F079FC2B4603222946204603B023
:10AEC800BDE8F040FFF7E8BD022231462046FFF713
:10AED800C5FD07460346022229462046FFF7DCFD4A
:10AEE8003346032229462046FFF7D6FD2B46032288
:10AEF80039462046FFF7D0FD094B1A68019B5A4096
:10AF08004FF00003D5D12B4602223146D6E7044B39
:10AF18001A68019B5A404FF00003CAD103B0F0BD34
:10AF2800C0BE0120F7B5284B0C461B6801934FF0B3
:10AF380000030546FFF7CEFD2618012231462846B4
:10AF4800FFF78CFDC3070CD431462846FFF7A4FE53
:10AF580021462846FFF7BEFD214622182846FFF75E
:10AF68004FFF002221462846FFF778FD271A0122C5
:10AF780039462846FFF772FD10F0010613D139460D
:10AF88002846FFF789FE214632462846FFF766FD28
:10AF98002246211A2846FFF733FF21463246284623
:10AFA800FFF75CFD241A084B1A68019B5A404FF0C2
:10AFB800000301D013F0F8FB2146284603B0BDE892
:10AFC800F040FFF74BBF00BFC0BE012037B5144BA0
:10AFD8001B6801934FF00003C9B105682846FFF7C5
:10AFE800D3FD0022014604462846FFF78BFD0C4B93
:10AFF8001A68019B5A404FF0000301D013F0D4FBAC
:10B008002146284603B0BDE83040FFF78BBF044B0C
:10B018001A68019B5A404FF00003EFD103B030BDCE
:10B02800C0BE012073B5224B05681B6801934FF021
:10B03800000349B900201E4B1A68019B5A404FF083
:10B04800000333D013F0B0FBAB68B3EBD10FF1D9E9
:10B05800B3F5004F34BF04230823CC1D1C44E40877
:10B0680021462846FFF748FE06460028E2D001465A
:10B078002846FFF72FFDA04209D934443146284617
:10B088002246FFF785FE21462846FFF7E7FE2846B9
:10B0980001223146FFF736FDAB68B3F5004F34BFE8
:10B0A8000423082303EBC603E818C4E702B070BD05
:10B0B800C0BE01202DE9F74306681446B268434B29
:10B0C800B2F5004F01F1FF391B6801934FF00003FF
:10B0D80034BF0423082319EA01090F4613D0494253
:10B0E80039408B424F4628BF0B468946E4B90025B4
:10B0F800364B1A68019B5A404FF000030CD1284682
:10B1080003B0BDE8F0839942F0D8304B1A68019B30
:10B118005A404FF0000301D013F046FB214603B01C
:10B12800BDE8F043FFF77EBFB2EBD40FDFD9B2F52D
:10B13800004F34BF04220822E11D3944C91A1144C2
:10B148003046C908FFF7D8FD80460028CFD0B3683D
:10B1580009EBC005B3F5004F34BF042308231D4491
:10B1680035447B1E1D44B5FBF7F57D43A5EB09056A
:10B1780029463046FFF708FD2C44073424F007041D
:10B18800A41B804507464FEAE40408D2024641461C
:10B198003046FFF7FDFD41463046FFF75FFE394672
:10B1A8003046FFF797FC3844844208D23946304687
:10B1B8002246FFF7EDFD21463046FFF74FFE0122FC
:10B1C80039463046FFF79EFC92E700BFC0BE01201B
:10B1D8002DE9F341334BB2F5802F1B6801934FF0F3
:10B1E80000032CBF082304230025D21A8C18CE1D77
:10B1F80026F0070624F00704A41BE408066021468D
:10B208002046B460F560FFF7DDFC421D9200013076
:10B2180002F107074FEAD707A2F110022946B8BF83
:10B228002A4606F1100016F068FB3A4629463046D1
:10B23800FFF792FC2B462A4629463046FFF72CFC9E
:10B24800A4EB0708012229463046FFF75BFC42467B
:10B2580039463046FFF780FC3B462A463946304699
:10B26800FFF71AFC2A4621463046FFF775FC43468D
:10B278002A4621463046FFF70FFC01222146304678
:10B28800FFF740FC074B1A68019B5A404FF0000338
:10B2980001D013F089FA3946304602B0BDE8F041D2
:10B2A800FFF7DCBDC0BE012007B5094B1B68019341
:10B2B8004FF00003064B1A68019B5A404FF00003F9
:10B2C80001D013F071FA002003B05DF804FB00BF51
:10B2D800C0BE012007B50B4B1B6801934FF000035C
:10B2E80004F07EF816230360064B1A68019B5A4047
:10B2F8004FF0000301D013F057FA4FF0FF3003B0BE
:10B308005DF804FBC0BE012007B50A4B08461B6860
:10B3180001934FF00003074B11461A68019B5A40EE
:10B328004FF0000301D013F03FFA03B05DF804EBCF
:10B3380003F0D6BFC0BE012007B5114B0F281B680C
:10B3480001934FF000030ED904F04AF80923036073
:10B358004FF0FF300A4B1A68019B5A404FF0000328
:10B368000BD013F021FA2822064B02FB0033D3E856
:10B37800AF3F002BE8D00020ECE703B05DF804FBFA
:10B38800C0BE01204CC600200CB4034637B506AA3F
:10B3980008460C4C52F8041BDB68246801944FF0F3
:10B3A800000400929847074B1A68019B5A404FF0D7
:10B3B800000301D013F0F8F903B0BDE8304002B043
:10B3C800704700BFC0BE012007B5094B1B68019339
:10B3D8004FF00003064B1A68019B5A404FF00003D8
:10B3E80001D013F0E1F903B05DF804EB11F03CBCB7
:10B3F800C0BE012037B5154B15491B6801934FF0A6
:10B4080000032823434308330B44D3E8AF2F92B1FA
:10B41800541ED3E8EF5F954204D1C3E8EC4FBCF16A
:10B42800000FF6D1F1D1012A05D128235843002372
:10B438000A180B505360054B1A68019B5A404FF08D
:10B44800000301D013F0B0F903B030BDC0BE012035
:10B4580044C6002073B5134B04460E4615461B68B8
:10B4680001934FF00003FFF767FF002815DB28233F
:10B4780063430D4AD0184068306015B10C3313444B
:10B488002B6028235C431059064B1A68019B5A40CD
:10B498004FF0000303D013F087F90020F4E702B05F
:10B4A80070BD00BFC0BE012044C6002073B5214B4B
:10B4B8001B6801934FF0000300254FF0FF334FF056
:10B4C800FF321D4811F020FC1C4BD3E8AF2FB2B15E
:10B4D8000135102D03F12803F7D103F081FF17235D
:10B4E8004FF0FF3503601448FFF76EFF114B1A68E1
:10B4F800019B5A404FF0000319D013F055F9282446
:10B508006C43D3E8EF0F0130C3E8E10F0029F8D10D
:10B518000B4E331932515A6004F10C00304411F0CB
:10B528007DFC04F12000304413F0FAF8DBE72846EC
:10B5380002B070BDC0BE012010CD00204CC6002056
:10B5480044C6002037B5044610462822134B5443FE
:10B558001B6801934FF00003114B1A1919515060E1
:10B5680098B1C2688AB10D4A1568019A55404FF0E2
:10B57800000201D013F018F940F205120C342344EC
:10B5880003B0BDE83040FFF7FFBE044B1A68019BCB
:10B598005A404FF00003EDD103B030BDC0BE0120CA
:10B5A80044C6002007B5094B1B6801934FF0000300
:10B5B800064B1A68019B5A404FF0000301D013F064
:10B5C800F3F803B05DF804EBFFF714BFC0BE012029
:10B5D8002DE9F341194B04460F4690461B68019329
:10B5E8004FF00003FFF7A8FE002820DB28235C4368
:10B5F800134E04F10C0535444FF0FF324FF0FF3382
:10B60800284611F081FB33195B68305942463946A8
:10B618005B68984704462846FFF7D6FE074B1A682A
:10B62800019B5A404FF0000304D013F0BDF84FF0CF
:10B63800FF34F3E7204602B0BDE8F081C0BE012028
:10B6480044C6002007B5164B1B6801934FF0000352
:10B65800038B13F007030DD10368002B0CBF0020E8
:10B6680003200F4B1A68019B5A404FF0000313D078
:10B6780013F09AF8022B05D1408BB0FA80F04009FC
:10B688008000EEE7012B05D10368002B0CBF0020DA
:10B698000520E6E70020E4E703B05DF804FB00BFFF
:10B6A800C0BE012013B50F4B0C461B6801934FF029
:10B6B800000300B151B96FF015000A4B1A68019BDD
:10B6C8005A404FF000030AD013F06EF8081D00F03E
:10B6D8000DFA0028F1D1A368032BEED9EBE702B0ED
:10B6E80010BD00BFC0BE01202DE9F3410D461E4626
:10B6F800134B07463146281D1B6801934FF0000382
:10B70800904600F01BFA0E4B044680B11A68019B64
:10B718005A404FF0000301D013F046F83346424632
:10B7280029463846A44602B0BDE8F04160471A6889
:10B73800019B5A404FF00003EED102B0BDE8F08102
:10B74800C0BE01202DE9F347068B8F4B0446300716
:10B758001B6801934FF00003914613D4022906F0A9
:10B76800070640F0D8802046FFF76CFF88B1013803
:10B77800218B04281BD8DFE810F0CE001A007A00CD
:10B788009000A00001290CBF46F0100646F02006E4
:10B79800268389F31188BFF36F8F7B4B1A68019B4F
:10B7A8005A404FF0000300F0EC8012F0FDFF01F06A
:10B7B800070AB24500F0A7804FF000084546474603
:10B7C800A368002B00F0BD8041F00801218389F3B4
:10B7D8001188BFF36F8FA168002900F0BC800E6844
:10B7E800002900F0B8803B4652462046D1F8049024
:10B7F800C847002E77D0336831461E46F0E705F07B
:10B8080007035A1F012A1CD8002225F00705062B1A
:10B81800D4F80080ADB2C4E9002209D1434603E060
:10B82800628B013262831B68002BF9D145F0020557
:10B8380020462583FFF706FF00287BD045F020052A
:10B8480077E0042B0AD125F00705ADB22046258301
:10B85800FFF7F8FE10B145F020052583218B01F094
:10B86800070AB2454FD04FF000084546A8E72369BC
:10B8780021F0070141F00601062E1D6821832CD115
:10B88800002D40D041F00801218389F31188BFF3CE
:10B898006F8F20463D49A84729E021F00701236919
:10B8A80041F0040189B2042E5D682183E8D04FF08D
:10B8B80000084FF0040A474682E721F00701236990
:10B8C80041F0050189B2052E9D682183D8D04FF03B
:10B8D80000084FF0050A474672E74FF000084FF09E
:10B8E800060A47466CE7334686E7002DD1D14FF06C
:10B8F8002003EFF3118983F31288BFF36F8F238B33
:10B9080023F008032383268BF20631D526F0100393
:10B91800238306F007066769258B002FBFF66FAFF4
:10B928000023D4F80080C4E9003325F0070545F06A
:10B9380001052583218B002501F0070AB2457FF414
:10B948003FAFB8F1000F9BD041F00801218389F384
:10B958001188BFF36F8FB8F1000FC6D0D8F8006018
:10B9680041463B4652462046FFF7BEFEB046F2E748
:10B97800B3067FF50EAF26F02003238306F00706F3
:10B98800F1E602B0BDE8F087C0BE012099B9000019
:10B9980013B50E4A126801924FF000024FF02004CE
:10B9A800EFF3118284F31288BFF36F8F074B416165
:10B9B8001968019B59404FF0000301D012F0F4FEC2
:10B9C800012102B0BDE81040FFF7BCBEC0BE012097
:10B9D80037B5104B0C461B6801934FF00003054622
:10B9E80098B191B10B6883B14B6873B11C220021E7
:10B9F80015F083FF00202C61064B1A68019B5A4002
:10BA08004FF0000304D012F0CFFE6FF01500F3E7FB
:10BA180003B030BDC0BE012073B5334B05460E469A
:10BA28001B6801934FF00003FFF73CFE041E15DB73
:10BA38004FF02003EFF3118283F31288BFF36F8F67
:10BA48004FF6FF716B8B2C8B8B4204F007040ED1E1
:10BA580082F31188BFF36F8F6FF00A04224B1A68C4
:10BA6800019B5A404FF000033AD012F09DFE022C81
:10BA78000CD101336B8382F31188BFF36F8F0023DE
:10BA8800224631462846FFF72FFEE7E7062C14D852
:10BA9800DFE804F004131313041A040000233360CE
:10BAA8006B683BB9C5E90066ACB902212846FFF7C7
:10BAB80049FED3E71E606E60F6E782F31188BFF394
:10BAC8006F8F6FF00404C9E782F31188BFF36F8F9B
:10BAD8006FF08504C2E782F31188BFF36F8FBDE76B
:10BAE800204602B070BD00BFC0BE012007B5124B92
:10BAF8001B6801934FF00003034640B1426802F00F
:10BB08000302022A06D0032A04D0012A05D06FF0C6
:10BB1800150004E01A68002AF9D000209860064B46
:10BB28001A68019B5A404FF0000301D012F03CFE06
:10BB380003B05DF804FB00BFC0BE012013B5134A73
:10BB48000346126801924FF000024268002402F096
:10BB58000302022A81600FD0032A02D05C60002011
:10BB680001E018685C60094B1A68019B5A404FF065
:10BB7800000308D012F018FE18685C600028EED0A8
:10BB880013F004FCEBE702B010BD00BFC0BE0120FB
:10BB9800F7B5104B024601681B6801934FF000038C
:10BBA80000200A270C4E0B461C780131355D6D07C5
:10BBB80009D41360074B1A68019B5A404FF00003E1
:10BBC80006D012F0F1FD07FB0043A3F13000EAE7CD
:10BBD80003B0F0BDC0BE01206C4F02002DE9F74F45
:10BBE8009A462A4B15461B6801934FF00003D378F9
:10BBF800274A6F2B12F803B0814688460C9E0BF03B
:10BC0800030B2DD028D8582B0CBF10270A273A46EB
:10BC1800002348464146FDF773F8092AD4B224D8D0
:10BC28003034B945E4B278F1000806F8014D01D383
:10BC3800564517D82B789B0605D5082F1BD1AB780E
:10BC480043F00803AB70114B1A68019B5A404FF040
:10BC5800000316D012F0A8FD03F0F703702BD3E70A
:10BC68000827D4E781468846D1E7BBF1010F0CBF0E
:10BC780037345734D5E7102FE5D1AB7843F01003AC
:10BC8800E0E7304603B0BDE8F08F00BFC0BE01203A
:10BC98006C4F02002DE9F3411E46114B07468846BA
:10BCA80015461B6801934FF000031446B44205D3B0
:10BCB8000EB1601B08E02378002BFAD0414614F837
:10BCC800010BB8470028F1DA054B1A68019B5A4066
:10BCD8004FF0000301D012F067FD02B0BDE8F0811B
:10BCE800C0BE01202DE9F04F164699B0B94A03901D
:10BCF8008A46126817924FF000021C4600253078D9
:10BD080008B928464DE3731C2528049307D05146EB
:10BD1800039B98470028C0F244830135F2E11822BA
:10BD280000210AA815F0E9FD7378252B00F0A380FF
:10BD3800002398469E469C461846711C0F4611F8EB
:10BD4800012B2B2A00F0C68000F2BD80202A00F0CB
:10BD5800C480232A00F0C4802BB19DF8303043F012
:10BD680040038DF83030B8F1000F05D09DF8303021
:10BD780043F020038DF83030BEF1000F05D09DF858
:10BD8800303043F010038DF83030BCF1000F05D08F
:10BD98009DF8303043F008038DF8303028B19DF815
:10BDA800303043F004038DF830309DF8303003F024
:10BDB8004401442903D16FF386138DF830309DF880
:10BDC80030302A2A43F0800309978DF8303040F04C
:10BDD8008C809DF8313043F001038DF831307B1CA5
:10BDE8001A782E2A0CBF012100219DF8312061F319
:10BDF80041028DF831200CD15A1C09925A782A2A0E
:10BE080040F083809DF83120023342F004028DF81F
:10BE180031201A786C2A00F0A48000F28680682A03
:10BE280000F08C806A2A00F0A5804C2A00F0AA80D5
:10BE38001A4612F8013B782B04928DF833309DF89E
:10BE4800312000F219816D2B00F2A980692B00F2D4
:10BE58001381572B00F2C080412B03D0453B022BA6
:10BE680000F20A8104229DF8323062F302038DF851
:10BE780032300123CCE0B21C04928DF833309DF8A7
:10BE88003130D90740F1FF8054F8048BB8F1000F26
:10BE980007DA9DF83020C8F1000842F004028DF856
:10BEA80030205A0740F1F88054F804BBBBF1000F6A
:10BEB80080F2F7809DF831306FF341038DF831300F
:10BEC8004FF0FF3BEDE02D2A0DD0302A7FF444AF30
:10BED800012333E74FF0010C30E74FF0010E2DE757
:10BEE8004FF001082AE7012028E709A8FFF750FECC
:10BEF800099BBB423FF474AF9DF830200D90C00FF2
:10BF080060F341028DF830206AE709A8FFF740FE88
:10BF18009DF830300E90C3F3400242EAD07262F3CB
:10BF280041038DF83030099B73E7742A26D07A2AAA
:10BF38007FF47EAF06219DF831200CE05A78682AFC
:10BF48009DF8312006D1012161F3C6028DF8312018
:10BF580002336DE7022161F3C6028DF83120013307
:10BF680066E75A786C2A9DF8312001D10421EBE765
:10BF78000321F0E705219DF83120ECE707219DF822
:10BF88003120E8E7BDF8302022F4F04222F0020226
:10BF980042F4804242F00202ADF83020DFE76E3B07
:10BFA800D9B201238B4040F282410B423AD113F0BF
:10BFB800240F54D1DF075FD503219DF8323061F398
:10BFC80002038DF8323002F07803A3F140004342B7
:10BFD80043411DE0C0BE01200120A3F15801C9B2B0
:10BFE80000FA01F111F4624F7FF43CAF40F601070B
:10BFF80039421DD111F4043F3ED09DF8323060F330
:10C00800020302F07802402A8DF8323034D000233F
:10C018009DF83020C2F340010B4363F341028DF8D1
:10C0280030202CE702219DF8323061F30203E8E763
:10C0380002209DF8321002F0780260F30201402AD3
:10C048008DF8321002BF9DF8301041F001018DF8D3
:10C058003010632BDBD1131E18BF0123D8E703214F
:10C068009DF8323012F0780F61F302038DF8323008
:10C0780014BF01230023CBE79DF8303043F00103C0
:10C088008DF83030C3E79DF93020002AACBF4FF05F
:10C09800FF38DDF8348004E79F077FF511AFDDF83E
:10C0A80038B00023CDE90D339DF832309DF83110BA
:10C0B80003F00703012BC1F3C30133D1CB1E042BBB
:10C0C80004D8DFE803F0214646212100236801292E
:10C0D8004FEAE372CDE90A321CD19DF92830DA170C
:10C0E800CDE90A3204349DF8303013F0030750D0FC
:10C0F80032465146049B0398FFF7CCFD0028C0F256
:10C1080050810544049EFAE554F8043BDA17CDE95A
:10C118000A32E8E70229E5D11AB243F3C033CDE980
:10C128000A23DFE7022B24D1CB1E042B04D8DFE837
:10C1380003F018101018180001294FF0000254F8E5
:10C14800043B14D00229CDE90A32CCD19BB20A9320
:10C15800C9E7073424F00704F4E80223CDE90A23E9
:10C16800C1E754F8043B0A9300230B93BBE7DBB207
:10C17800CDE7042B08D1073424F00704D4E90023C1
:10C188000834CDE90A23AEE7032BACD154F8043BBD
:10C19800DDE79DF833007828B4D862281DD8252813
:10C1A8003FF4B5AD5828ADD1DDE90A010DF15A03C8
:10C1B80000930CAA11ABFFF711FDBBF1000F8146EC
:10C1C80080F29980B9F1000F9CD00DF15A06A6EBC8
:10C1D8000903002F51D001334FE06338152891D857
:10C1E80001A252F820F000BF71C20000D5C20000C1
:10C1F8000DC100000DC100000DC100000DC10000FF
:10C20800D5C200000DC100000DC100000DC1000025
:10C218000DC100005FC30000F9C2000021C3000087
:10C228000DC100000DC1000049C200000DC1000091
:10C23800F9C200000DC100000DC10000F9C20000E4
:10C24800BBF1000FDDF828900ADB5946484615F087
:10C2580026FCB9F1000F3FF455AF09EB000676E074
:10C268004846FCF7BFFEF8E70A9B00278DF84430E4
:10C2780001230DF145060DF144099DF8321011F026
:10C288001002069200F0818002330D9A1344059241
:10C298004A0644BF0E995B18B8F1000F40F394802A
:10C2A800A8EB03089DF830305807C3F3800B00F162
:10C2B8008B8059067ED53FB151463846039B984737
:10C2C80000286EDB5F460135302374E01E075ABF35
:10C2D800C3F300135F012B27DDE90A23002BBFF608
:10C2E80063AF524263EB43032D27CDE90A235BE793
:10C2F800002759E700279DF830100DF15A03A3EBEA
:10C3080009036FF386119B458DF830107FF65AAFFD
:10C31800ABEB03030D9355E70A9880B30DF15A066A
:10C3280011AB002100960CAAFFF758FCBDF832307B
:10C33800BBF1000F03F0EF0343F4F04343F01003A5
:10C348008146ADF83230D5DA00283FF4DBAE00275D
:10C35800A6EB090391E70A9B07293FF6D3AEDFE86E
:10C3680001F00C04060C08080C0C1D70CAE61D80B0
:10C37800C8E6EA17C3E90052C4E61D60C2E6354EB6
:10C3880007460523A6F1050977E7080748BF0133E3
:10C398007BE7184607935146039B98470028079B5D
:10C3A8000ADA2D4B1A68179B5A404FF000034ED0FB
:10C3B80012F0FAF92023C346594600290BF1FF3B36
:10C3C800E7DC4544D8466D1A37B151463846039BD9
:10C3D80098470028E5DB01359DF83230DA0601D4AC
:10C3E8001B0706D551463020039B98470028D8DB09
:10C3F8000135069B3BB151469DF83300039B984796
:10C408000028CEDB0135059F2F4406E05146302039
:10C41800039B98470028C4DB01357B1B002BF5DC08
:10C4280033464A4651460398FFF734FC0028B8DBE8
:10C438000544A844A8EB0503002B7FF763AE5146DB
:10C448002020039B98470028ABDB0135F2E719B0A1
:10C45800BDE8F08F5A300200C0BE012013B5104B62
:10C4680002461B6801934FF00003036913F00800AC
:10C4780011D11368D4689C429BBF0120126AE31A49
:10C48800D31A0B60064B1A68019B5A404FF0000301
:10C4980004D012F089F900231846F2E702B010BD63
:10C4A800C0BE012013B50F4B694604461B680193B3
:10C4B8004FF00003FFF7D2FF20B1009BE268013B79
:10C4C80013440093009B206AC01A064B01381A686F
:10C4D800019B5A404FF0000301D012F065F902B0F9
:10C4E80010BD00BFC0BE012013B504465018226914
:10C4F8000C4BD2071B6801934FF00003236A0AD53F
:10C50800013B1840074B1A68019B5A404FF0000343
:10C5180005D012F049F9984228BFC01AF2E702B0D4
:10C5280010BD00BFC0BE012013B504460C4B0A461F
:10C53800C1681B6801934FF00003FFF7D5FF23691B
:10C54800E06023F008032361054B1A68019B5A40F9
:10C558004FF0000301D012F027F902B010BD00BF60
:10C56800C0BE012037B50D46154BC2691B68019343
:10C578004FF000038B00016843F00203044642F8C1
:10C58800213001682A46FFF7AFFFE3682A46984240
:10C5980008BF2369616804BF43F008032361206072
:10C5A8002046FFF7A1FF064B60601A68019B5A40BE
:10C5B8004FF0000301D012F0F7F803B030BD00BF10
:10C5C800C0BE01202DE9F04F9B46C768404BC669A5
:10C5D80085B01B6803934FF0000316F82730044614
:10C5E80003F00303022B884691464FF0000306EB45
:10C5F800870A0FD01360CBF800302369990716D447
:10C608000020334B1A68039B5A404FF000035CD05C
:10C6180012F0CAF856F8271013608908CBF80030D2
:10C62800EBD0FFF781FFE368A3600120E9E7A36986
:10C638005046984716F827300546DA07E0D513F034
:10C6480002031DD0B8F1000F03D041462046FFF782
:10C6580089FF61682A462046FFF746FFD4E9023180
:10C668009942606004D12A462046FFF73DFFA0604A
:10C67800A3682360E360236943F008032361D4E7D8
:10C68800014620460193FFF74FFFE268A260B8F128
:10C69800000F04D02168E269019B42F8213005EBC4
:10C6A8000802CBF8002021682046FFF71DFF236908
:10C6B800206043F00803236116F827306FF3000366
:10C6C80006F82730C9F800A0AFE705B0BDE8F08F3D
:10C6D800C0BE0120F7B5154B04461B6801934FF007
:10C6E80000030E461546FFF7FFFE236883420DD16F
:10C6F8002369266023F0080323610C4B1A68019B09
:10C708005A404FF000030ED012F04EF8E269AB0029
:10C7180043F0020342F8263061682A462046FFF7B4
:10C72800E3FE6060E9E703B0F0BD00BFC0BE0120D2
:10C7380037B50D4B04461B6801934FF0000303699E
:10C748005B0706D5456AFFF7ADFE85422CBF6562DB
:10C758006062054B1A68019B5A404FF0000301D0F4
:10C7680012F022F803B030BDC0BE012037B50D4627
:10C778000446164B1C2200211B6801934FF000034E
:10C7880015F0BBF80022EB68A361AB6863612B6806
:10C79800E3616B68626223622A6923B1591E1942F8
:10C7A80008BF42F001022261084B1A68019B5A40F7
:10C7B8004FF0000301D011F0F7FF0122002104F12E
:10C7C800280003B0BDE8304010F038BCC0BE0120DE
:10C7D8002DE9F04F002587B00093434B04461B68B2
:10C7E80005934FF00003036A0E468B429246A94612
:10C7F800029504953AD34FF02003EFF3118B83F39E
:10C808001288BFF36F8F049AD8462AB1294620466A
:10C81800FFF760FF0023049303A92046FFF71EFEDD
:10C8280003990746B1422FD32268E369204613F8DB
:10C83800221003EB820921F0030103F8221021687A
:10C848003246FFF751FEE3682060984217D0002770
:10C8580088F31188BFF36F8F029929B162690AB111
:10C868002046904700230293002FC4D11E4B1A681C
:10C87800059B5A404FF0000332D011F095FF236911
:10C8880043F008032361E2E718B12046FFF76AFE88
:10C89800DEE7009B5AEA03031AD0019110F030F842
:10C8A8000199A8B98BF31188BFF36F8F5246009B8B
:10C8B80004F1280010F01CFC4FF02003EFF311885E
:10C8C80083F31288BFF36F8FB0FA80F77F09BFE751
:10C8D800204604AB02AA2568FFF774FE0746B7E7AF
:10C8E800484607B0BDE8F08FC0BE012073B5174BAE
:10C8F80004461B6801934FF00003836908460D4600
:10C90800984702464FF02003EFF3118683F312880D
:10C91800BFF36F8F2B78204643F001032B706168BB
:10C92800FFF7E2FD60602046FFF702FF86F31188FB
:10C93800BFF36F8F054B1A68019B5A404FF00003F5
:10C9480001D011F031FF02B070BD00BFC0BE0120A0
:10C95800F7B5304B04461B6801934FF000034FF0C6
:10C968002003EFF3118683F31288BFF36F8F2369D7
:10C9780013F0080FA36802D16268934200D9226AB3
:10C98800D21AE1692AB986F31188BFF36F8F00279D
:10C9980033E011F8232001EB830712F00300F2D0F3
:10C9A800022803D151F82350AD0805D1D00712D47D
:10C9B8003846A36998470546A1682A462046FFF7E6
:10C9C80093FD2946A0602046FFF7AEFD86F3118847
:10C9D800BFF36F8FC3E742F0020201F82320A36977
:10C9E8003846A5689847294602462046FFF77CFD49
:10C9F800A06086F31188BFF36F8F064B1A68019BFE
:10CA08005A404FF0000301D011F0CEFE384603B073
:10CA1800F0BD00BFC0BE0120F7B5254B04461B681A
:10CA280001934FF00003836908460D469847064670
:10CA38004FF02003EFF3118783F31288BFF36F8F52
:10CA48002B786FF300032B7023699B0705D5E268E9
:10CA5800E36903EB82039D421DD12B786FF34103F9
:10CA68002B70D4E90231994204D132462046FFF7AF
:10CA78003BFDA06031462046FFF756FD87F311883D
:10CA8800BFF36F8F0A4B1A68019B5A404FF000039F
:10CA980006D011F089FE2B6860F39F032B60EDE749
:10CAA80004F1280003B0BDE8F04010F0E9BA00BF77
:10CAB800C0BE012007B502690D4B12071B68019320
:10CAC8004FF00003836802D442689A4200D2026A97
:10CAD800D31A181E064B18BF01201A68019B5A402A
:10CAE8004FF0000301D011F05FFE03B05DF804FBC6
:10CAF800C0BE012007B5034B1B6801934FF000032C
:10CB080002E000BFC0BE0120054B1A68019B5A40D5
:10CB18004FF0000301D011F047FE03B05DF804FBAD
:10CB2800C0BE012007B5104B1B6801934FF00003EE
:10CB380003785B075FBF03684288C3F34A2303EBAC
:10CB4800121058BF1730084B56BF20F007000020BE
:10CB580080081A68019B5A404FF0000301D011F079
:10CB680023FE03B05DF804FBC0BE012007B5094BE6
:10CB78001B6801934FF00003064B1A68019B5A404B
:10CB88004FF0000301D011F00FFE002003B05DF854
:10CB980004FB00BFC0BE012007B5094B1B68019309
:10CBA8004FF00003064B1A68019B5A404FF00003F0
:10CBB80001D011F0F9FD03B05DF804EB06F0FCBDFF
:10CBC800C0BE01202DE9F3471D4B04461B680193A5
:10CBD8004FF0000307464FF00109DFF8688044B9B9
:10CBE800174B1A68019B5A404FF0000324D011F0EC
:10CBF800DBFD94FAA4F5B5FA85F509FA05F32E01DB
:10CC080008EB05156FEA030A24EA03042B7B002BC3
:10CC1800E5D058F806301B694BB9464473680422BE
:10CC28002846196807EA0A0700F03AFCD7E72846B9
:10CC380098470028D3D1F0E7384602B0BDE8F0871E
:10CC4800C0BE01202422020007B50C4A0346126820
:10CC580001924FF00002D3E8EF0F421CC3E8E12F26
:10CC68000029F8D1054B1A68019B5A404FF0000380
:10CC780001D011F099FD03B05DF804FBC0BE01209E
:10CC880010B5164B8AB00022154916481B6809933F
:10CC98004FF0000312F090F8002200230024CDE9A1
:10CCA80006230E234FF44072CDE90334CDE9014445
:10CCB8000D4B0E4900940E480FF006FF0D490C4825
:10CCC8000FF038FE054B1A68099B5A404FF00003D5
:10CCD80001D011F069FD20460AB010BDC0BE012088
:10CCE80001CD000020D300209DD20000802101202A
:10CCF80070CE00205B30020007B50A4B1B68019319
:10CD08004FF00003074B1A68019B5A404FF000038D
:10CD180001D011F049FD044803B05DF804EB10F0B0
:10CD2800AFB900BFC0BE0120A0CD00202DE9F34758
:10CD3800274B804627480F461B6801934FF0000396
:10CD4800FFF782FF0646002836D00025204B1A68D8
:10CD5800019B5A404FF0000335D011F025FD237B8D
:10CD680073B12368DB680BB12046984723681B69B9
:10CD7800D3B9636804222046196800F091FB013694
:10CD880010344C45EBD3B8F1000FDFD0002DDCD0C8
:10CD98002846FFF717FF0546002FF7D000214FF46C
:10CDA800A47011F0E3FBF1E7204698470028E0D093
:10CDB8000AFA06F31D43E2E705464FF0010A064C5E
:10CDC800DFF81890DDE7284602B0BDE8F08700BF1D
:10CDD800C0BE012074DA002024220200342202009E
:10CDE80007B50A4B1B6801934FF00003084B53F833
:10CDF8002000064B1A68019B5A404FF0000301D0EF
:10CE080011F0D2FC03B05DF804FB00BFC0BE0120E6
:10CE1800D02202007FB50D4B1B6805934FF000032D
:10CE28000023CDE902011A4619461846CDE9003318
:10CE380000F0E0FC054B1A68059B5A404FF00003D0
:10CE480001D011F0B1FC07B05DF804FBC0BE0120B1
:10CE5800034607B50D4A0846126801924FF00002D2
:10CE68006BB10B4A136000F0F1FF0020074B1A6802
:10CE7800019B5A404FF0000304D011F095FC6FF06D
:10CE88001500F3E703B05DF804FB00BFC0BE012046
:10CE9800C4C8002013B50C4B0C4C1B6801934FF011
:10CEA8000003237813B90A4810F0EAF80123237025
:10CEB800054B1A68019B5A404FF0000301D011F04E
:10CEC80073FC02B010BD00BFC0BE0120301C0120A1
:10CED800A0CD002013B504460D4B0E481B680193E6
:10CEE8004FF00003FFF7B0FE3CB10B4BD3E8EF1F48
:10CEF8000139C3E8E21F002AF8D1054B1A68019BE3
:10CF08005A404FF0000301D011F04EFC02B010BDA2
:10CF1800C0BE01206CDA002070DA002007B50A4B89
:10CF28001B6801934FF00003074B1A68019B5A4096
:10CF38004FF0000301D011F037FC012003B05DF879
:10CF480004EBFFF7C7BF00BFC0BE012007B5002232
:10CF58000B4B1B6801934FF000030A4BD3E8EF0F0C
:10CF6800C3E8E12F0029F9D1054B1A68019B5A4003
:10CF78004FF0000301D011F017FC03B05DF804FB7B
:10CF8800C0BE01206CDA002073B5114B114C1B6830
:10CF980001934FF00003FFF7D9FF05460E4EB44248
:10CFA80008D30B4B1A68019B5A404FF000030CD072
:10CFB80011F0FAFB63685B792BB123685B6813B1E6
:10CFC8002946204698471034E9E702B070BD00BFF3
:10CFD800C0BE0120242202003422020013B50B4CEB
:10CFE8000B4B20460B491B6801934FF00003FFF7DA
:10CFF800BDFB094B1C60064B1A68019B5A404FF059
:10D00800000301D011F0D0FB02B010BD7CCC002091
:10D01800C0BE0120BC22020064DA002007B50F4B15
:10D028000F4A1B6801934FF00003002313700D4A49
:10D038004FF4004113600C4A0C481360FFF708FFD7
:10D04800064B1A68019B5A404FF0000301D011F0BB
:10D05800ABFB03B05DF804EBFFF7C0BFC0BE012017
:10D06800311C01206CDA002070DA0020A1CB00000E
:10D0780007B50B4B01461B6801934FF00003084BA3
:10D088001A68019B5A404FF0000301D011F08CFB45
:10D0980000220023034803B05DF804EBFFF798BBB8
:10D0A800C0BE01207CCC002007B50A4B1B68019349
:10D0B8004FF00003074B1A68019B5A404FF00003DA
:10D0C80001D011F071FB044803B05DF804EBFFF7E1
:10D0D8003FBC00BFC0BE01207CCC002007B50B4B75
:10D0E80001461B6801934FF00003084B1A68019B27
:10D0F8005A404FF0000301D011F056FB044B18685A
:10D1080003B05DF804EBFFF787BC00BFC0BE012089
:10D1180064DA002007B50A4B1B6801934FF000033F
:10D12800074B1A68019B5A404FF0000301D011F0D9
:10D138003BFB044803B05DF804EBFFF7BBBC00BF42
:10D14800C0BE01207CCC002073B5324B1B68019314
:10D158004FF00003304B1878002851D0FFF7A4FF98
:10D16800054670B12D4BD3E8EF1F0139C3E8E21F24
:10D17800002AF8D12A4C2B4EB44232D32846FFF766
:10D18800ADFF294B294C1B68002B19DD11F00AFD56
:10D198004FF47A72A0FB020302FB0131C30B43EA8E
:10D1A8004143D4E900209B1A40F2E9324FEAD131D9
:10D1B80061EB0001934271F1000101D3FFF7E4FE36
:10D1C800D4E9003213F57A7342F10002C4E900325F
:10D1D800104B1A68019B5A404FF000030BD011F016
:10D1E800E3FA63685B7923B12368294620461B6804
:10D1F80098471034C0E702B0BDE87040FFF78ABF17
:10D20800044B1A68019B5A404FF00003E7D102B063
:10D2180070BD00BFC0BE0120301C012070DA0020A4
:10D2280024220200342202006CDA002018D30020E5
:10D2380073B5144D144B29781B6801934FF0000304
:10D2480061B90120FFF772FD104C114EB4420ED3A4
:10D25800FFF77AFF0028FBD101232B700A4B1A68CD
:10D26800019B5A404FF000030AD011F09DFA636801
:10D278005B791BB1236820469B6898471034E5E723
:10D2880002B070BD311C0120C0BE01202422020062
:10D29800342202002DE9F3470021234B08461B687E
:10D2A80001934FF00003FFF741FD044648B340F2F5
:10D2B80067684FF0000911F085F91C4B186030B110
:10D2C8001B4B1B68092B02DD1A480FF0D9FE0025FD
:10D2D800194FDFF860A044B12046FFF773FC0446FD
:10D2E80018B94FF0FF384FF0FF39FFF72DFF06460A
:10D2F80028B9B5B942464B4650460FF0F9FE3546B7
:10D30800E9E74FF0FF384FF0FF39D4E72B689B6906
:10D318001BB100222846114698471035BD42F5D367
:10D32800E8E7064DFAE700BFC0BE012068DA002032
:10D3380070DA0020A0CD002034220200242202004E
:10D348001FB5234B23481B6803934FF00003FFF7D7
:10D358007BFC214B1B78B3B14FF02003EFF3118412
:10D3680083F31288BFF36F8FFFF7EEFE84F3118803
:10D37800BFF36F8F164B1A68039B5A404FF0000398
:10D388001DD104B010BD154B1B68002BF2D050B94D
:10D39800002200231248CDE900234FF40042002365
:10D3A80011F028FDE6E70928E4D10D4811F06EFDDB
:10D3B800074B1A68039B5A404FF0000301D011F045
:10D3C800F3F9084804B0BDE810400FF059BE00BF9B
:10D3D800C0BE012070DA0020311C012068DA00206C
:10D3E80020D30020A0CD002013B50E4B04461B68A7
:10D3F80001934FF000030C4B1B6898472146A0602F
:10D408000A48FFF773FA074B1A68019B5A404FF016
:10D41800000301D011F0C8F902B0BDE81040FFF7D1
:10D428008FBF00BFC0BE0120C4C800207CCC002034
:10D4380007B5094B1B6801934FF00003064B1A68A8
:10D44800019B5A404FF0000301D011F0ADF90020C4
:10D4580003B05DF804FB00BFC0BE012007B50D4B4B
:10D468000D4A1B6801934FF000030C4B9B1AB1EB5C
:10D47800D30F084B2CBF002052F831001A68019BCB
:10D488005A404FF0000301D011F08EF903B05DF857
:10D4980004FB00BFC0BE0120742102002422020048
:10D4A80013B5104B44681B6801934FF000030E4BF3
:10D4B800C31A1B110133237143689A71012243680F
:10D4C800196043685A71074B1A68019B5A404FF01C
:10D4D800000301D011F068F902B0BDE81040FFF771
:10D4E800D9BC00BFC0BE01202422020073B5124B74
:10D4F8000C461B6801934FF00003D2E901369B1BD1
:10D508008B42154612D313680A460146981914F03F
:10D51800E7F92046AB682344AB60074B1A68019BC8
:10D528005A404FF0000304D011F03EF96FF01B0091
:10D53800F3E702B070BD00BFC0BE012073B50E4650
:10D548001946164B15461B6801934FF00003044615
:10D55800120D68B9114B1A68019B5A404FF000032D
:10D5680001D011F021F902B0BDE87040FFF7B2BC5C
:10D5780029B11030C5F34A23184414F0B1F9C4E9AD
:10D588000056064B1A68019B5A404FF00003E8D139
:10D59800204602B0BDE87040FFF726BFC0BE01209C
:10D5A8002DE9F3415F1C4FEA8708064608F117008A
:10D5B800154620F007001D4A80080C4612680192A3
:10D5C8004FF00002FFF754FD00238DF80070ADF80E
:10D5D80001308DF8033068B10346009AA8F10401C0
:10D5E80043F8102F2A46294452F8045B8A4243F82C
:10D5F800045FF9D10D4BA2011968019B59404FF006
:10D60800000302F4E07242EA482222F07F4222F448
:10D61800700222F03F0201D011F0C6F80023314613
:10D6280002B0BDE8F041FFF789BF00BFC0BE0120CE
:10D638002DE9F04F8FB004AF7B60424BB860C1F367
:10D648004A280D4691461B687B624FF000030C0D7B
:10D65800B8F1000F68D000264FF0040B4FF00A0A0B
:10D6680007F11C03C7F80C80C7E90466BE61019383
:10D67800CDF808B0CDF800A007F1100332464846AF
:10D68800F968FCF72DFFB0F5006F034621D36C460F
:10D698008AB0D9F8041004AB2B481A46C3E905012F
:10D6A80040F2FF71D9614FF400711984274B42F899
:10D6B800103F4FF4125133462548FFF7B9FFA546EE
:10D6C800204B1A687B6A5A404FF0000335D011F09E
:10D6D8006BF8C0F30A0804F11700184420F007009B
:10D6E80080083B60FFF7C4FC68F35325044690B1FB
:10D6F8003B6800F11001C7E9053607F11C033961E1
:10D70800CDE900A3CDF808B04846124AF96807F1F8
:10D718001003FCF7E5FE68F353252A4620467B688C
:10D72800B968FFF70BFFCBE704F1170020F00700FB
:10D738008008FFF79DFC0446EDE72C37BD46BDE8A1
:10D74800F08F00BFC0BE012070300200040000014D
:10D75800AC210200F5D4000013B50A4B1B680193F5
:10D768004FF00003012300926A46FFF719FF054BAB
:10D778001A68019B5A404FF0000301D011F014F8C9
:10D7880002B010BDC0BE012030B50B4C85B0246876
:10D7980003944FF00004CDE90123022301AAFFF707
:10D7A800FFFE054B1A68039B5A404FF0000301D057
:10D7B80010F0FAFF05B030BDC0BE012030B50C4CEA
:10D7C80085B0246803944FF00004CDE90023089B3A
:10D7D8006A4602930323FFF7E3FE054B1A68039B8F
:10D7E8005A404FF0000301D010F0DEFF05B030BD05
:10D7F800C0BE01202DE9F04F9846274B87B004465C
:10D80800DDE9105ADDE912690F4693461B68059356
:10D818004FF00003A6B31021334652460020CDF83E
:10D828000090CDF81090FCF7F5FB014605F11700C4
:10D8380008441A4B04F007040BF0070BE40020F02F
:10D84800070003EA412344EA8B1480081C43039130
:10D85800FFF70EFC44EA0554054640B13EB1334695
:10D8680052460399CDF800901030FCF7D3FB0A4BD1
:10D878001A68059B5A404FF0000303D010F094FF3C
:10D888003146D3E7434622463946284607B0BDE825
:10D89800F04FFFF753BE00BFC0BE012000FE0F00CF
:10D8A800F7B51F460C4B06460D4614461B680193F8
:10D8B8004FF00003214628463A46B047241A05444B
:10D8C800F8D1054B1A68019B5A404FF0000301D06C
:10D8D80010F06AFF03B0F0BDC0BE012030B50A4C9D
:10D8E80085B0246803944FF0000400240094FEF7E8
:10D8F800F9F9054B1A68039B5A404FF0000301D011
:10D9080010F052FF05B030BDC0BE01200EB417B5EF
:10D91800014605AB0C4853F8042B006801904FF002
:10D9280000000A480093FFF7D9FF074B1A68019BCC
:10D938005A404FF0000301D010F036FF03B0BDE8A5
:10D94800104003B0704700BFC0BE0120F5D90000E9
:10D9580007B5144BCA061B6801934FF00003114B1F
:10D9680017D48A060DD51A68019B5A404FF0000358
:10D9780001D010F019FF0C4903B05DF804EBFFF774
:10D98800C5BF1A68019B5A404FF00003F1D10749FF
:10D99800F2E71A68019B5A404FF00003E9D103B03F
:10D9A8005DF804FBC0BE0120D24A0200D14A020041
:10D9B80013B50D4B426804461B6801934FF00003F2
:10D9C800D2E9002381680068FFF76AFF00226368D4
:10D9D8001A60054B1A68019B5A404FF0000301D0AA
:10D9E80010F0E2FE02B010BDC0BE012037B5124BE8
:10D9F80005461B6801934FF000034B680C461A68F4
:10DA0800CB689A4202D10846FFF7D2FF6368D3E891
:10DA1800EF2F511CC3E8E01F0028F8D1A3689D54DC
:10DA2800054B1A68019B5A404FF0000301D010F0D3
:10DA3800BBFE002003B030BDC0BE012037B50E4B81
:10DA48000A2804460D461B6801934FF0000302D1D3
:10DA58000D20FFF7CBFF29462046FFF7C7FF064BEF
:10DA68001A68019B5A404FF0000301D010F09CFE49
:10DA7800002003B030BD00BFC0BE01202DE9F04F2B
:10DA88008BB09A46DDE916730593189B9DF854B040
:10DA98000493964B069204460D461B6809934FF073
:10DAA8000003199EBBF1000F00F0858006F0080303
:10DAB8000793FFF7BDFC06F002090246002849D08B
:10DAC80020468B49FFF722FF8046B9F1000F08D0A6
:10DAD80016F0440F40D12A4620468649FFF716FF24
:10DAE800804406F0010353B1834B204653F82B20A2
:10DAF800824B8349002A08BF1A46FFF707FF06F042
:10DB08000803002B54D07F4B204653F82B207E4926
:10DB1800FFF7FCFE0546069B2BB11A4620467B49BB
:10DB2800FFF7F4FE0544BAF1000F05D0524620462F
:10DB38007749FFF7EBFE05444544002F49D1049B84
:10DB4800002B4FD1F30700F1C48031462046FFF780
:10DB5800FFFEB5E08046B8E76E4B18680028BFD0D6
:10DB68006D4B4FF47A791B684FF46161B5FBF3F59F
:10DB7800B5FBF0F300FB135509FB05F5B3FBF1F218
:10DB8800B5FBF0FE4FF03C0C01FB123100FB1E55BB
:10DB9800B1FBFCF309FB05F5B5FBF0F50CFB131124
:10DBA80020460091CDE901E55C49FFF7AFFE97E714
:10DBB80006F00805AFE7BAF1010F06D1002F65D1CD
:10DBC800049B002B7CD000250CE0002FF8D0544893
:10DBD8005DE054483B4622465349FCF701FC049B50
:10DBE800002B69D0DFF84481DFF84491049F314667
:10DBF800102F204628BF10274FF0000AFFF7A8FE75
:10DC0800554546DC059B494620461A78FFF77EFEB7
:10DC18004FF0010A1AF0070F03D141462046FFF7DB
:10DC280075FE57453CD9059B4946204613F80A20FE
:10DC3800FFF76CFE0AF1010ABAF1100FEAD14FF0B2
:10DC4800000A20463B49FFF761FE5246059B2046E5
:10DC58009A5C394B995C11F0970F08BF2E2237490F
:10DC6800FFF754FE0AF1010ABAF1100F1DD01AF09D
:10DC7800070F03D141462046FFF748FE5745524655
:10DC8800E4D841462046FFF741FEEBE725485D46CC
:10DC9800A0E741462046FFF739FE0AF1010AAFE73F
:10DCA80020462749FFF732FEC4E7059B3B4405930E
:10DCB800049BDB1B049399D1BBF1000F7FF442AFA7
:10DCC8000A4B1A68099B5A404FF0000307D010F01E
:10DCD8006BFD2046094A0A49FFF718FE35E720463A
:10DCE8000BB0BDE8F04FFFF763BE00BFC0BE012018
:10DCF800B4300200B8300200E0220200AF30020067
:10DD0800293E0200F4220200DD300200E330020066
:10DD1800E73002007CDA002078DA0020C130020007
:10DD280045DA0000F5D90000E5D80000F43002001B
:10DD3800EC300200F63002006C4F0200C03F0200D7
:10DD4800F23002002DE9F041204B88B01B680793A0
:10DD58004FF000030F884B6805460C4690468E68C6
:10DD6800C7F382175BB11A4A9B1A43F3CF01002904
:10DD780026DB2078C0F3C200FFF770FB034621467C
:10DD880051F8102B6088C2F34A22002A01EB0204E2
:10DD980008BF00210022C0F30B10CDE90408CDE92B
:10DDA80002140092314628460197FFF767FE074B99
:10DDB8001A68079B5A404FF0000303D010F0F4FC98
:10DDC8000023DCE708B0BDE8F08100BFC0BE012039
:10DDD800742102007FB5194B05681B6803934FF047
:10DDE800000342F20F738B4228BF0B4604460521FD
:10DDF800134A01A8FCF702FE064663680B22284670
:10DE08005B681049FFF74CFD6368324628465B683B
:10DE180001A9FFF745FD63681B225B6828460A498C
:10DE2800FFF73EFD054B1A68039B5A404FF000036D
:10DE380001D010F0B9FC04B070BD00BFC0BE012015
:10DE4800B72C020014310200F830020007B5104B5D
:10DE580000211B6801934FF0000301230D4A9042F3
:10DE68000ED80D4A01B9012313600C4B1860084BFA
:10DE78001A68019B5A404FF0000305D010F094FC3B
:10DE8800012140085B00EAE703B05DF804FB00BF2E
:10DE9800C0BE012040420F0078DA00207CDA002062
:10DEA80007B50B4B1B6801934FF0000343681B68D1
:10DEB8005B689961064B1A68019B5A404FF0000352
:10DEC80001D010F071FC002003B05DF804FB00BF26
:10DED800C0BE012007B50B4B1B6801934FF0000330
:10DEE80043681B681A6852685360064B1A68019B9E
:10DEF8005A404FF0000301D010F056FC03B05DF813
:10DF080004FB00BFC0BE012007B50C4B01211B68F4
:10DF180001934FF0000343681B685A681177074A5A
:10DF28001168019A51404FF0000201D010F03CFCFA
:10DF3800186803B05DF804EBFFF73ABDC0BE0120D6
:10DF480007B50B4B1B6801934FF00003084B1A6889
:10DF5800019B5A404FF0000301D010F025FC4368A4
:10DF68001B68186803B05DF804EBFFF733BF00BF08
:10DF7800C0BE012037B50E4B0C461B6801934FF00D
:10DF8800000343681D686B689869FEF729FF084A13
:10DF980003461168019A51404FF0000201D010F079
:10DFA80003FC0F222146286803B0BDE8304018471B
:10DFB800C0BE0120F7B50F4B0D461B6801934FF00B
:10DFC800000304460C4F4618B44208D1094B1A689E
:10DFD800019B5A404FF0000308D010F0E5FB14F8FD
:10DFE800011BBB6804485B689847EDE7284603B007
:10DFF800F0BD00BFC0BE0120341F020007B50A4BA8
:10E008001B6801934FF00003084B0360064B1A6826
:10E01800019B5A404FF0000301D010F0C5FB0020CF
:10E0280003B05DF804FB00BFC0BE01203C23020022
:10E038002DE9F04782B0294B00AF80461B687B6012
:10E048004FF000030C46002936D0D1E90012E9460A
:10E058008AB06D46A3684FF0050A2E462048C5E9E8
:10E068000723C5E9050146F810AF002332464FF4EF
:10E0780021511C48FFF7DCFAD4E90312CD46636945
:10E08800AD461948C5E90723C5E90501C5F810A03B
:10E09800002332464FF421511248FFF7C9FACD4602
:10E0A800E3690121114A0F48FFF76EFBA3690121BB
:10E0B8000F4A0C48FFF768FB214640460EF092F8DD
:10E0C800064B1A687B685A404FF0000301D010F0E5
:10E0D8006BFB0837BD46BDE8F08700BFC0BE012016
:10E0E8005A310200F421020089310200B8310200DD
:10E0F800C731020007B50A4B01461B6801934FF070
:10E108000003074B1A68019B5A404FF0000301D0E7
:10E1180010F04AFB006803B05DF804EBFFF788BF16
:10E12800C0BE012007B50A4B1B6801934FF00003DE
:10E1380000F010F8064B1A68019B5A404FF0000394
:10E1480001D010F031FB03B05DF804EB00F006B825
:10E15800C0BE012030BFFFF7FDBF00BF074B996865
:10E168005869884203D006494FF080520A6001B5C9
:10E178000EF018FCBDE801407047000070E3002075
:10E1880004ED00E007B50A4B0A461B6801934FF0FF
:10E198000003074B1968019B59404FF0000301D059
:10E1A80010F002FB012103B05DF804EBFFF7D4BACD
:10E1B800C0BE012073B5314B314C06460D4631487F
:10E1C80031491B6801934FF00003FFF7DBFFA36A97
:10E1D800DB064FD52B482D49FFF7D4FF1120A36A42
:10E1E8001C0704D527482A49FFF7CCFF1220244CE6
:10E1F800A36A990712D527492248FFF7C3FF636B23
:10E20800A26A120609D50121234A1E48FFF7BCFA63
:10E218001EB1A36A23F08003A3621320184CA36ADB
:10E22800DE0704D517481D49FFF7ACFF1420A36A81
:10E238009C0604D513481A49FFF7A4FF1520104B74
:10E248009A6AD10658BF9A6A9A6A920642BF5A6A6F
:10E2580022F400525A629A6A42F0FF029A6200233C
:10E268002B70064B1A68019B5A404FF0000303D0ED
:10E2780010F09AFA1020B2E702B070BDC0BE0120BB
:10E2880000ED00E0F4210200F53102000B3202003B
:10E298003E32020051320200693202007F3202002F
:10E2A8009E32020013B52C4B2C4C2D492D481B686F
:10E2B80001934FF00003FFF765FFA36A990146D564
:10E2C80028482949FFF75EFF1E20A36ADA0104D512
:10E2D80024482649FFF756FF1F20204CA36ADB027B
:10E2E80004D520482249FFF74DFF0220A36A1C03EA
:10E2F80004D51C481F49FFF745FF2120174CA36A86
:10E30800590304D517481C49FFF73CFF2220A36A8C
:10E318009A0304D513481949FFF734FF23200F4CFB
:10E32800A36ADB0304D50F481549FFF72BFF242008
:10E33800A36A6FEA03436FEA1343A362064B1A68A2
:10E34800019B5A404FF0000303D010F02DFA1D2016
:10E35800BBE702B010BD00BFC0BE012000ED00E069
:10E36800CD320200F4210200E5320200F832020048
:10E37800123302003C3302005A3302007F3302009A
:10E388009933020073B5304B304C06460D46304881
:10E3980030491B6801934FF00003FFF7F3FEA36AAF
:10E3A800D90444D52A482C49FFF7ECFE1720A36A64
:10E3B8001A0504D526482949FFF7E4FE1820234CFE
:10E3C800A36A9B0512D522482549FFF7DBFEA36BFC
:10E3D800A26A100409D50121224A1D48FFF7D4F981
:10E3E8001EB1A36A23F40043A3621920174CA36A41
:10E3F800590504D516481C49FFF7C4FE1A20A36A1C
:10E40800DA0516D512481949FFF7BCFE1B200F4A3A
:10E41800936A43F47F43936200232B700A4B1A6874
:10E42800019B5A404FF000030CD010F0BDF91620A4
:10E43800BDE7A36A9B04EAD505480D49FFF7A2FE8C
:10E448001C20E4E702B070BDC0BE012000ED00E072
:10E45800F4210200C4330200DA3302003E32020023
:10E46800EB33020004340200193402003434020091
:10E478009E3202002DE9F0478AB06F4B00AF1B684F
:10E488007B624FF000036D4B0446D3F804A0894625
:10E4980016460025CAF3080885F31188BFF36F8F65
:10E4A80002F07F43B3F17F4F1ED1D3071CD450062F
:10E4B80003D4110708D4012508E061496148FFF732
:10E4C80061FE16F0040600D04C4600250023FB70C0
:10E4D800A8F10303092B00F28980DFE803F0077F26
:10E4E800827C8787878787852C46EFE7564955487A
:10E4F800FFF748FE0023514EFB70F36A9A0705D5D3
:10E5080052495048FFF73EFE002329E0F36A002BEA
:10E5180001DA4F49F5E7F36A5B00F5D54D494948FB
:10E52800FFF730FE7369A26943F480737361BFF328
:10E538004F8FBFF36F8F736932F8022C23F4807307
:10E548007361BFF34F8FBFF36F8F4DF602739A421B
:10E558002BD123680121404A3A48FFF715F923686F
:10E56800FA78CAB93E1D04F1200C32462068616869
:10E57800083403C264451646F7D13A6A002D52D0D2
:10E58800C2F3080121B96FEA52226FEA42223A62C5
:10E598001846391DFFF74CFD274B1A687B6A5A400D
:10E5A8004FF0000344D010F0FFF8B36ADBB22BB190
:10E5B8000120F91CFFF7FEFD0346D1E7B36A13F407
:10E5C8007F4F04D00120F91CFFF7DCFEF4E7B36AA3
:10E5D800B3F5803F98D3FFF765FEEDE70020F91CFF
:10E5E800E8E70020F91CEFE71C498AE71C4A6E4659
:10E5F8001AF4F87F8AB01B4B18BF13466A461A49AB
:10E60800C2E90513A8F11003D3614FF40073138412
:10E61800164B42F8103F00234FF411510948FFF7F9
:10E6280007F8B54670E722F4FF7222F00102AEE760
:10E638002837BD46BDE8F087C0BE012000ED00E0E8
:10E648007A340200F42102009D340200B43402003E
:10E65800D5340200E3340200023502001E35020000
:10E66800613402004C34020042350200040000010B
:10E6780007B50D4B1B6801934FF000030B4B5A690C
:10E6880042F010025A615A6942F480625A61064B9C
:10E698001A68019B5A404FF0000301D010F084F82B
:10E6A80003B05DF804FB00BFC0BE012000ED00E030
:10E6B800EFF30880EFF3098101B57246FFF7DAFE40
:10E6C80001BD00BF07B5084B1B6801934FF000035D
:10E6D800054B1A68019B5A404FF0000301D010F017
:10E6E80063F803B05DF804FBC0BE012007B5084B12
:10E6F8001B6801934FF00003054B1A68019B5A40B1
:10E708004FF0000301D010F04FF803B05DF804FBA0
:10E71800C0BE0120002080F31488BFF36F8F002053
:10E7280080F30A8880F30B8800F052FF00200E491E
:10E738000860BFF34F8F0D4880F3088800F05AF83F
:10E74800202080F311880A484FF40061401880F3B4
:10E758000988EFF314800221084380F31488BFF37B
:10E768006F8F00F0C3F9000094ED00E0C03E012077
:10E7780080250120094B82B01B6801934FF00003EC
:10E78800BFF34F8F0649074BCA6802F4E062134390
:10E79800CB60BFF34F8F00BFFDE700BFC0BE0120B5
:10E7A80000ED00E00400FA0507B5104B10491B689E
:10E7B80001934FF0000300231846D1F89020C2F3CC
:10E7C8000722934208DB094B1A68019B5A404FF015
:10E7D800000307D00FF0E8FFC1F89830C1F8A00097
:10E7E8000133EEE703B05DF804FB00BFC0BE0120B3
:10E7F80000ED00E013B5184B1B6801934FF00003C0
:10E8080072B6002484F31388FFF7CEFF23464FF037
:10E81800FF30124A03F120010133102B42F8210086
:10E82800F8D100234FF0FF300C4A03F160010133A7
:10E83800102B42F82100F8D162B6BFF34F8FBFF317
:10E848006F8F054B1A68019B5A404FF0000301D0A7
:10E858000FF0AAFF02B010BDC0BE012000E100E029
:10E8680007B5114B1B6801934FF000030F4B9B68D2
:10E8780083420BD1EFF3058343B10D4B5A6842F045
:10E8880080525A605A6A22F400425A62064B1A6849
:10E89800019B5A404FF0000301D00FF085FF03B0F1
:10E8A8005DF804EB0FF0A6BEC0BE012070E30020A7
:10E8B80000ED00E007B5134B6FF00A011B680193E8
:10E8C8004FF00003104A9368C3F89C100F49C3F82F
:10E8D80098004B6843F080534B60002383F3118802
:10E8E800BFF36F8F9368D3F89C00064B1A68019B9F
:10E8F8005A404FF0000301D00FF056FF03B05DF807
:10E9080004FB00BFC0BE012070E3002000ED00E062
:10E9180016498A6882F8A1E04FF030001044EFF3FE
:10E92800098C80E8F01F202080F31288BFF36F8FD6
:10E938000F4F4FF000664A698A603E6092F9A1E085
:10E94800D2F898000023C2F8983080F3118802F1B9
:10E95800300090E8F01F8CF3098802F1000004B53C
:10E9680000F014F9BDE804407047000070E300208F
:10E9780004ED00E01EF0040F0CBFEFF30880EFF386
:10E988000980816911F8021C0229FFD001B5FFF73F
:10E99800B1FB01BD07B50E4B40B200281B680193BF
:10E9A8004FF0000307DB012341090A4A00F01F006A
:10E9B800834042F82130064B1A68019B5A404FF0B9
:10E9C800000301D00FF0F0FE03B05DF804FB00BFB8
:10E9D800C0BE012000E100E007B5104B40B200289E
:10E9E8001B6801934FF000030CDB01220C4943091B
:10E9F80000F01F008240203341F82320BFF34F8FDF
:10EA0800BFF36F8F054B1A68019B5A404FF0000304
:10EA180001D00FF0C9FE03B05DF804FBC0BE0120B1
:10EA280000E100E007B50D4B42091B6801934FF068
:10EA380000030B4B00F01F0053F82220012303FAB8
:10EA480000F0064B10401A68019B5A404FF0000333
:10EA580001D00FF0A9FE03B05DF804FBC0BE012091
:10EA680000E100E007B5134B40B21B6801934FF07B
:10EA78000003002801F10101B8BF0F4B4FEA411113
:10EA8800A8BF00F16040C9B2B6BF00F00F0000F5A2
:10EA980061401954074BA8BF80F800131A68019BFE
:10EAA8005A404FF0000301D00FF07EFE03B05DF82E
:10EAB80004FB00BFC0BE012014ED00E007B50A4BFF
:10EAC8001B6801934FF00003074B1A68019B5A40DB
:10EAD8004FF0000301D00FF067FE0021012003B0C2
:10EAE8005DF804EBFFF7A4BAC0BE012007B50E4BD2
:10EAF8000E4A1B6801934FF000030D4B22F07F0272
:10EB08009A60BFF34F8FBFF36F8FD3F8882022F43A
:10EB18007002C3F888200DF07BFC0FF019FE00F09E
:10EB28008BF80DF03FFD00BFC0BE01200080000043
:10EB380000ED00E013B51349203A096801914FF040
:10EB480000011360049B10495360059B21F00101EB
:10EB58009360069B9161D3604FF08073D36100236B
:10EB6800C0F898304FF43C43C0F8A030054B02651C
:10EB78001A68019B5A404FF0000301D00FF014FEB1
:10EB880002B010BDC0BE012041AA000007B50A4B63
:10EB98001B6801934FF00003D0F8883083F30B888B
:10EBA800054B1A68019B5A404FF0000301D00FF043
:10EBB800FBFD03B05DF804FBC0BE01200C4B82B026
:10EBC8001B6801934FF000030A4B9860D0F8883017
:10EBD80083F30B88104681F30988002163B681F31B
:10EBE8001188BFF36F8F00220023FBF725FF00BFBA
:10EBF800C0BE012070E30020014910220A6070475E
:10EC080010ED00E072B6404080F31188BFF36F8FBB
:10EC1800BFF34F8F30BF62B6BFF36F8F704700BF2F
:10EC280072B6494081F31188BFF34F8F20BF80F33C
:10EC3800118862B6704700BF07B50D4B20211B68CD
:10EC480001934FF0000300230A48C2180133412BF7
:10EC580082F80013F9D1064B1A68019B5A404FF00D
:10EC6800000301D00FF0A0FD03B05DF804FB00BF66
:10EC7800C0BE012000E100E001B5EFF30580A0F17E
:10EC880010004FEAC0000449014409C99847BDE88B
:10EC980001400249084700005C1F020065E10000CE
:10ECA80007B50C4B1B6801934FF0000340E800F3D5
:10ECB80013F4803FD8B2074B08BF6FF015001A68ED
:10ECC800019B5A404FF0000301D00FF06DFD03B0D7
:10ECD8005DF804FBC0BE01201FB5104B104C114A53
:10ECE8001B6803934FF00003012123460E4800F0F0
:10ECF80097F9002302930D4B0121E41A684600930B
:10ED0800019400F0A7F9054B1A68039B5A404FF08D
:10ED1800000301D00FF048FD04B010BDC0BE0120B3
:10ED28000000042080C500203C23020070CE002093
:10ED380013B5134B0C7A1B6801934FF000030B6853
:10ED480004F01F0223F01F031A43CB68640923F061
:10ED58001F030C4943EA440343F00103C1F8980038
:10ED6800C1F89C20C1F8A030054B1A68019B5A4095
:10ED78004FF0000301D00FF017FD02B010BD00BF27
:10ED8800C0BE012000ED00E013B50F4B0F2804466C
:10ED98001B6801934FF0000310D9012103460B4A69
:10EDA8000B48FEF7F1FC6FF01500074B1A68019B42
:10EDB8005A404FF0000305D00FF0F6FCFFF7B8FFFC
:10EDC8002046F2E702B010BDC0BE0120593502004E
:10EDD800D421020030B5134B87B01B6805934FF060
:10EDE80000030C684B680A894D890194013B24F0A3
:10EDF8001F0402F01F02234442EA451223F01F03B6
:10EE080001A98DF80C200493FFF7BEFF054B1A6883
:10EE1800059B5A404FF0000301D00FF0C5FC07B026
:10EE280030BD00BFC0BE01202DE9F04F5A4B87B05E
:10EE380089461B6805934FF00003144606464FF0B9
:10EE48000008564DC84527DAD6F804A0BAF1000FD5
:10EE580049D0BAF11F0F17D91AF01F0F14D1D6F8DD
:10EE680000B01BF01F0F0FD15846FFF719FF0746D8
:10EE78000AEB0B000138FFF713FF874215D06FF03C
:10EE88001507474A3B4601E04346464A01214648A2
:10EE9800FEF77AFC6FF015043F4B1A68059B5A4041
:10EEA8004FF0000373D00FF07FFC17F1160FE8D076
:10EEB800BC42E6DDC5F89870D5F89C10C5F8987086
:10EEC800D5F8A03021F01F0143F01F0BD6E900321E
:10EED8001A44994202F1FF3A1DD1D34507D1314670
:10EEE800F8B2FFF777FF08F101080C36AAE73146B8
:10EEF800C5F89870D5F89C3022F01F0203F01F0364
:10EF08001343C5F89C30E0B2FFF764FF10F1160F09
:10EF1800C0D0441CE7E7C5F89870D5F8A020013B9D
:10EF280023F01F0302F01F021343D3453146E0B21A
:10EF3800C5F8A030E8D0FFF74DFF10F1160FA9D0A3
:10EF4800C5F89870D5F89C209DF80C300BF1FF3B64
:10EF580062F304038DF80C30D5F8A0309DF80C202E
:10EF68005B0863F347128DF80C20D6E9003213448E
:10EF7800019323F01F035B44A3EB0A03013023F042
:10EF88001F0301A9C0B20493FFF7FEFEBEE72046A7
:10EF980007B0BDE8F08F00BFC0BE012000ED00E063
:10EFA800A23502007F350200D421020007B50522F0
:10EFB8000B4B1B6801934FF000030A4BC3F89420D6
:10EFC800BFF34F8FBFF36F8F054B1A68019B5A40F1
:10EFD8004FF0000301D00FF0E7FB03B05DF804FB2E
:10EFE800C0BE012000ED00E007B50B4B1B68019384
:10EFF8004FF00003BFF35F8F0022084BC3F8942043
:10F00800054B1A68019B5A404FF0000301D00FF0DE
:10F01800CBFB03B05DF804FBC0BE012000ED00E0AF
:10F0280013B50A4C0A4B22781B6801934FF0000372
:10F03800FFF7FAFE064B20701A68019B5A404FF002
:10F04800000301D00FF0B0FB02B010BD331C01204B
:10F05800C0BE01202DE9F04F304B314D85B08A46B6
:10F068001B6803934FF0000306464FF00008AB46B9
:10F078002C4FD0451BDAD6F80490B9F1000F45D0D3
:10F08800316808460191FFF70BFE0199044609EB28
:10F0980001000138FFF704FE84424FF01402224BAE
:10F0A8000ED002FB08F36FF015024BF803201B4B40
:10F0B8001A68039B5A404FF000032CD00FF074FBE2
:10F0C80014F1160F2C60F2D01978A142EFDD02FB83
:10F0D80008B0C7F89840C7F89840D7F89C4000F1A6
:10F0E8000801007B64F304000871D7F8A0000C79CC
:10F0F800400860F347140C71D7F89C1021F01F01E9
:10F108006960D7F8A01021F01F01296108F10108F2
:10F1180014350C36ADE705B0BDE8F08FC0BE012050
:10F12800ACDA002000ED00E0331C0120F0B5424DC0
:10F13800424B2E6887B0102E1B6805934FF00003D2
:10F1480074D80024FFF750FF3D4B3E4AC3F8C02057
:10F15800A6420DD13C4D68462E70FEF74FFF0024A5
:10F1680006463A4FA6420BD1FFF720FF002054E095
:10F178006968204601EB0411FFF7DAFD0134E7E77F
:10F188000099200101EB0413DA683A40B2F5001F38
:10F1980022D0B2F5800F2CD0B2F5801F36D15A6834
:10F1A8009B680958013B22F01F0003440120844654
:10F1B80023F01F0340EA4C10CDE901218DF80C0023
:10F1C80001A928780493FFF7DFFD002823DB2B78BB
:10F1D800013401332B70C5E75A689B680958013B15
:10F1E80022F01F0003444FF0020C012023F01F03FC
:10F1F800E0E75A689B680958013B22F01F00034466
:10F208004FF0000C062023F01F03D3E70121104A1A
:10F218001048FEF7A1FA6FF01500084B1A68059B15
:10F228005A404FF0000304D00FF0BEFA4FF0FF3001
:10F23800F3E707B0F0BD00BF48230200C0BE0120BD
:10F2480000ED00E0AAFF4400331C01200000F0FF9D
:10F25800C5350200D421020007B5094B1B6801938C
:10F268004FF00003064B1A68019B5A404FF0000309
:10F2780001D00FF099FA002003B05DF804FB00BF3D
:10F28800C0BE012007B5094B1B6801934FF000036E
:10F29800064B1A68019B5A404FF0000301D00FF04B
:10F2A80083FA4FF0FF3003B05DF804FBC0BE0120C5
:10F2B80007B5094B1B6801934FF00003074B186013
:10F2C800054B1A68019B5A404FF0000301D00FF01C
:10F2D8006BFA03B05DF804FBC0BE0120D0C8002063
:10F2E800F7B5124B0D461B6801934FF00003104F02
:10F2F800461EC0F10104A3199D4208DC0B4B1A6895
:10F30800019B5A404FF000030CD00FF04DFA737870
:10F318000A2B02D10D203B6898473B6816F8010F6D
:10F328009847E8E7284603B0F0BD00BFC0BE0120FB
:10F33800D0C8002013B50F4B0F4C1B6801934FF03A
:10F3480000032368C2180D48C0F1005101F580215F
:10F358008A4238BFC018074B34BF22604FF0FF30D5
:10F368001A68019B5A404FF0000301D00FF01CFAB5
:10F3780002B010BDC0BE0120C0DA0020C4BE01200A
:10F3880007B50B4B1B6801934FF00003084B1A6835
:10F39800019B5A404FF0000301D00FF005FA4FF0DF
:10F3A800FF324FF0FF3303B05DF804EB0DF0ACBC57
:10F3B800C0BE012007B5094B1B6801934FF000033D
:10F3C800064B1A68019B5A404FF0000301D00FF01A
:10F3D800EBF903B05DF804EB0DF046BCC0BE0120AC
:10F3E80007B5094B1B6801934FF00003064B1A68D9
:10F3F800019B5A404FF0000301D00FF0D5F903B03C
:10F408005DF804EB0CF0D4BEC0BE012007B5084B74
:10F418001D22084902201B6801934FF00003FCF7E6
:10F42800D7F8404080F311884FF0030002DF00BF97
:10F43800C0BE0120F635020037B50F4B00251B680A
:10F4480001934FF000030D4C20460DF0E7FC04F14A
:10F45800140001350FF064F9052D04F12404F3D1EB
:10F46800054B1A68019B5A404FF0000301D00FF07A
:10F478009BF9002003B030BDC0BE0120C4DA0020D3
:10F4880037B50D4B00241B6801934FF000030B4D5B
:10F49800284601340FF044F9052C05F10805F7D189
:10F4A800054B1A68019B5A404FF0000301D00FF03A
:10F4B8007BF9002003B030BDC0BE012078DB0020FE
:10F4C80037B50D4B00241B6801934FF000030B4D1B
:10F4D800284601340DF0A2FC052C05F11405F7D1DE
:10F4E800054B1A68019B5A404FF0000301D00FF0FA
:10F4F8005BF9002003B030BDC0BE0120A0DB0020B6
:10F5080013B505200E4B0F4A1B6801934FF00003FB
:10F518000D4B546803F1A8010138C3E92A2421607E
:10F5280003F1C8035160F4D1054B1A68019B5A4096
:10F538004FF0000301D00FF037F902B010BD00BF43
:10F54800C0BE0120D4C8002058D3002007B50B4BFB
:10F5580001221B6801934FF00003094BC3F84025B3
:10F56800064B1A68019B5A404FF0000301D00FF078
:10F578001BF9002003B05DF804FB00BFC0BE0120EA
:10F588000090034007B5104B1B6801934FF0000330
:10F598000D4B78B11A68019B5A404FF0000301D017
:10F5A8000FF002F9094B800143F0010303B05DF845
:10F5B80004EB18471A68019B5A404FF00003EFD13B
:10F5C80003B05DF804FB00BFC0BE0120902202001A
:10F5D80009F0FEBA07B50E4B1B6801934FF0000304
:10F5E8000C480422836869461B689847002802DA99
:10F5F80004F0E2F80090064B00981A68019B5A4004
:10F608004FF0000301D00FF0CFF803B05DF804FB12
:10F61800C0BE0120201F020037B5094C24680194A0
:10F628004FF00004064C2568019C65404FF000042B
:10F6380001D00FF0B9F803B0BDE8304000F036BB98
:10F64800C0BE012007B5094B1B6801934FF00003AA
:10F65800064B1A68019B5A404FF0000301D00FF087
:10F66800A3F803B05DF804EB00F03CBBC0BE01207A
:10F678000CB4034637B506AA08460C4C52F8041BCE
:10F68800DB68246801944FF0000400929847074B08
:10F698001A68019B5A404FF0000301D00FF084F81C
:10F6A80003B0BDE8304002B0704700BFC0BE0120C3
:10F6B80013B50949096801914FF0000106490C6822
:10F6C80001994C404FF0000101D00FF06DF802B0E5
:10F6D800BDE810400DF018BBC0BE012007B5094BAE
:10F6E8001B6801934FF00003064B1A68019B5A40B0
:10F6F8004FF0000301D00FF057F803B05DF804EBAA
:10F708000DF0B2BAC0BE01202DE9F3411C4B0546ED
:10F718000E4617461B6801934FF00003194CDFF89B
:10F72800688044450FD3FFF75BFE6A230360144BE0
:10F738001A68019B5A404FF0000315D14FF0FF3073
:10F7480002B0BDE8F0812368AB4200D0B3B93A46B5
:10F7580031462846A368984780B1094B1A68019B2F
:10F768005A404FF0000301D00FF01EF83A463146D8
:10F778002846E36802B0BDE8F04118471034D0E7E6
:10F78800C0BE0120642102007421020030B5194B6B
:10F7980085B002AA01A905461B6803934FF0000330
:10F7A800FBF758FE044670B9FFF71AFE09234FF01D
:10F7B800FF3403600F4B1A68039B5A404FF0000355
:10F7C80014D00EF0F1FF4FF0FF3202984FF0FF33E4
:10F7D800FFF76EFF019B20469B68984704460298F6
:10F7E800FFF77CFF2846FBF7DDFEE3E7204605B080
:10F7F80030BD00BFC0BE01207FB51C4B0D4616466C
:10F8080001A902AA1B6803934FF00003FBF722FE2D
:10F81800044670B9FFF7E4FD09234FF0FF34036095
:10F82800124B1A68039B5A404FF000031AD00EF08F
:10F83800BBFF019B9B691BB9FFF7D2FD5F23ECE778
:10F8480002984FF0FF324FF0FF33FFF731FF019B73
:10F858003246294620469B69984704460298FFF796
:10F868003DFFDDE7204604B070BD00BFC0BE0120EB
:10F878002DE9F0431F4687B01F4B0D46DDE90E8981
:10F88800164603A904AA1B6805934FF00003FBF76B
:10F89800E1FD044670B9FFF7A3FD09234FF0FF34DB
:10F8A8000360154B1A68059B5A404FF000031ED0A1
:10F8B8000EF07AFF039B5B6A1BB9FFF791FD5F238C
:10F8C800ECE704984FF0FF324FF0FF33FFF7F0FEFC
:10F8D800CDE90089039B3246D3F8248029463B466C
:10F8E8002046C04704460498FFF7F8FED9E72046AB
:10F8F80007B0BDE8F08300BFC0BE01207FB51C4B38
:10F908000D46164601A902AA1B6803934FF000038F
:10F91800FBF7A0FD044670B9FFF762FD09234FF01D
:10F92800FF340360124B1A68039B5A404FF00003E0
:10F938001AD00EF039FF019B5B6B1BB9FFF750FD26
:10F948005F23ECE702984FF0FF324FF0FF33FFF7E9
:10F95800AFFE019B3246294620465B6B984704461A
:10F968000298FFF7BBFEDDE7204604B070BD00BF7C
:10F97800C0BE01202DE9F0431F4687B01F4B0D463E
:10F98800DDE90E89164603A904AA1B6805934FF002
:10F998000003FBF75FFD044670B9FFF721FD09235B
:10F9A8004FF0FF340360154B1A68059B5A404FF01F
:10F9B80000031ED00EF0F8FE039B9B6A1BB9FFF7ED
:10F9C8000FFD5F23ECE704984FF0FF324FF0FF3351
:10F9D800FFF76EFECDE90089039B3246D3F82880F5
:10F9E80029463B462046C04704460498FFF776FE62
:10F9F800D9E7204607B0BDE8F08300BFC0BE0120AC
:10FA08002DE9F04F4FF0000846469FB0CDE90601BA
:10FA1800804908A814461D4609681D914FF0000149
:10FA28000FF0D6F8DDE90823DDE9069BCDE90423CC
:10FA38000EAB0B93CDF80C80BBF1000F28D1002E34
:10FA480074D0B5F1FF3F08BFB4F1FF3F17BF4FF4C3
:10FA58007A724FF0FF34A4FB024302FB05331CBF4C
:10FA6800E40B44EA4344079B4FF4827200934146F7
:10FA7800069B03980194FFF7FBFD0746654B1A6840
:10FA88001D9B5A404FF0000300F0BF800EF08CFE23
:10FA9800D9F80000002829DB0DAA0CA9FBF7DAFC2D
:10FAA800074618B34FF0FF324FF0FF330D98FFF7BA
:10FAB800FFFD1DAB01930BAB00934FF481724B46D6
:10FAC80039460C98FFF7D4FD10F1780F824612D111
:10FAD8000022002308A80FF07BF8DDE90834CDE9FF
:10FAE800043400240D98FFF7F9FD254609F10809AB
:10FAF8000BF1FF3BA0E71AF1120F0D980BD1039BF6
:10FB08001BB1FFF7EBFD0126F0E70C9BB84603930A
:10FB1800FFF7E4FDF7E7FFF7E1FDBAF1000FE5DADB
:10FB2800FFF75EFCCAF10003036021E0DDE904236E
:10FB380008A80FF083F8DDE9084522462B46DFF8D0
:10FB4800D8800B990EAC091B891008FB01F12046DF
:10FB58000FF054FB00F10B030B2B054604D82F4F75
:10FB68001F4117F0010706D0FFF73AFC6D42056008
:10FB78004FF0FF3782E7B9460B94DDE9064595B9A2
:10FB8800B9F1000F3FF47AAF002F7FF477AFDDE9CA
:10FB9800042308A80FF052F8DDE908452B46254351
:10FBA8002246CED16AE72068E680002827DB0DAA26
:10FBB8000CA9FBF74FFC824618B92023E3800137D4
:10FBC8001DE04FF0FF324FF0FF330D98FFF770FD47
:10FBD8000BAB514640F2031200930C982346FFF7F3
:10FBE80047FD82460D98FFF779FD1AF10B0F09D0F2
:10FBF800BAF1000F94D1B4F90630002BDFD10834E4
:10FC0800013DBCE74FF00109F9E738461FB0BDE8F0
:10FC1800F08F00BFC0BE0120CDCCCCCC7EF7FFFF5B
:10FC2800F7B5154B141E05460E461B6801934FF099
:10FC3800000316DB4FF4004740F2E73000214FF491
:10FC48007A720023C4FB0701F9F75AF802460B46FB
:10FC580009490868019948404FF0000105D00EF0A5
:10FC6800A3FD4FF0FF321346F2E73146284603B0B2
:10FC7800BDE8F040FFF7C4BEC0BE012007B5094B80
:10FC88001B6801934FF00003074B1860054B1A6877
:10FC9800019B5A404FF0000301D00EF085FD03B0E0
:10FCA8005DF804FBC0BE012004DC002037B50B4C16
:10FCB800246801944FF00004084C2568019C6540B5
:10FCC8004FF0000401D00EF06FFD054C2468246845
:10FCD800A44603B0BDE83040604700BFC0BE012065
:10FCE80004DC002007B50A4B1B6801934FF00003A2
:10FCF800074B1A68019B5A404FF0000301D00EF0E1
:10FD080053FD044B1B685B6803B05DF804EB1847B0
:10FD1800C0BE012004DC002013B5114B1B68019301
:10FD28004FF0000303681B689B6873B15B6863B19D
:10FD38000B4A1468019A54404FF0000201D00EF0AB
:10FD480033FD02B0BDE810401847054B1A68019B07
:10FD58005A404FF00003F2D1002002B010BD00BF9E
:10FD6800C0BE012007B50B4B1B6801934FF0000381
:10FD780000F0D2F900F03CFA064B1A68019B5A4091
:10FD88004FF0000301D00EF00FFD002003B05DF826
:10FD980004FB00BFC0BE012007B50A4B1B680193D6
:10FDA8004FF0000310B1006800B14068054B1A68B5
:10FDB800019B5A404FF0000301D00EF0F5FC03B050
:10FDC8005DF804FBC0BE012007B50F4B4A091B684C
:10FDD80001934FF00003012301F01F018B4000EB5A
:10FDE8008200D0E8EF2F1A43C0E8E12F0029F8D1AC
:10FDF800054B1A68019B5A404FF0000301D00EF0E2
:10FE0800D3FC03B05DF804FBC0BE012007B5104B5E
:10FE18004A091B6801934FF00003012301F01F01F9
:10FE28008B40DB4300EB8200D0E8EF2F1A40C0E89C
:10FE3800E12F0029F8D1064B1A68019B5A404FF070
:10FE4800000301D00EF0B0FC03B05DF804FB00BF66
:10FE5800C0BE012013B50949096801914FF000019E
:10FE680006490C6801994C404FF0000101D00EF092
:10FE78009BFC02B0BDE810400CF046BFC0BE01209C
:10FE880007B50C4B1B6801934FF00003094B1A6828
:10FE9800019B5A404FF0000301D00EF085FC4FF053
:10FEA800FF324FF0FF33103003B05DF804EBFFF77B
:10FEB800D1BF00BFC0BE012007B50C4B1B68019322
:10FEC8004FF0000330B103680C33D3E8AF0F08419B
:10FED80000F00100054B1A68019B5A404FF00003DF
:10FEE80001D00EF061FC03B05DF804FBC0BE012038
:10FEF80013B5114B04461B6801934FF00003FFF73D
:10FF08004BFF78B1C3686BB10B4A1168019A514035
:10FF18004FF0000201D00EF047FC204602B0BDE8C9
:10FF280010401847044B1A68019B5A404FF00003D1
:10FF3800F1D102B010BD00BFC0BE012007B5094B0A
:10FF48001B6801934FF00003064B1A68019B5A4047
:10FF58004FF0000301D00EF027FC03B05DF804EB6E
:10FF68000CF082BEC0BE012037B52A4B00211B68A9
:10FF780001934FF000030368044693F82050FFF7FD
:10FF88009BFF78B90222236883F82020206890F824
:10FF98002030934235D1062D33D108210C30FFF79C
:10FFA80035FF1CE009212046FFF786FF0028E9D02D
:10FFB8000A212046FFF780FF2268C0F10603DBB262
:10FFC80082F82030206890F820209A4219D1062A19
:10FFD800E1D1062D15D008210C30FFF7F5FE236876
:10FFE800DB6973B90B4B1A68019B5A404FF0000349
:08FFF80001D00EF0D9FB2046F8
:020000021000EC
:1000000003B0BDE83040FFF777BF044B1A68019B8F
:100010005A404FF00003F0D103B030BDC0BE012004
:1000200037B50546194B1B6801934FF00003FFF7E6
:100030002BFF00212846FFF743FF00BB2846FFF7B0
:10004000AFFE044630B1846824B101212846A047A0
:10005000041E07DB286800210C30FFF7B9FE284694
:10006000FFF786FF05F11000FFF76CFF074B1A68DA
:10007000019B5A404FF0000304D00EF099FB6FF043
:100080007704EFE7204603B030BD00BFC0BE0120BB
:1000900007B50E4B1B6801934FF000030368D86946
:1000A00038B11B689B68986818B18047C31E5842D6
:1000B0005841064B1A68019B5A404FF0000301D08B
:1000C0000EF076FB03B05DF804FB00BFC0BE01205C
:1000D00037B5124B0C461B6801934FF000030546E1
:1000E000A0B199B10846F8F781FF082811D8421C41
:1000F0002146281D11F0F8FB0020084B1A68019BCF
:100100005A404FF0000307D00EF052FB6FF015007D
:10011000F3E76FF05A00F0E703B030BDC0BE012036
:100120002DE9FF412C4B4FF0FF321B6803934FF03A
:1001300000032A484FF0FF33FFF790FE284C294F69
:10014000294EDFF8A880BC4208D3234B1A68039BD2
:100150005A404FF0000338D00EF02AFB23681B688A
:100160009D6865B12B6853B104F110000CF05AFE84
:1001700004F124000CF056FE20462B68984700231B
:100180002046C4E901332373CDE900338DF80830EC
:10019000FFF77EFF38B1336808215A1C3260684689
:1001A0004246FAF72FFC9DF8003043B9104A6846E2
:1001B0001368591C116008210E4AFAF723FC2046E7
:1001C0006946FFF785FF3834BDE7044804B0BDE851
:1001D000F041FFF7B7BE00BFC0BE01204CCD0020EC
:1001E00000CE002038CE00200CDC00205236020069
:1001F00008DC00205936020037B50F4B0F4C1B6846
:1002000001934FF000030E4DAC4208D30A4B1A681D
:10021000019B5A404FF000030BD00EF0C9FA0321A6
:100220002046FFF74DFE10B92046FFF7F9FE38349F
:10023000EAE703B030BD00BFC0BE012000CE002001
:1002400038CE002037B504461548006801904FF0BD
:1002500000000809FBB109281BD9A2F10A031844C0
:10026000C0B204F8010B002301F00F01092983BF7C
:100270000A3A8918C9B230316370094B21701A6883
:10028000019B5A404FF0000304F1010006D00EF02C
:100290008FFA3030E5E70028DDD1E4E703B030BD68
:1002A000C0BE01202DE9F04F00248BB0874B029295
:1002B00002281B6809934FF0000383460E46CDE9E0
:1002C00007445FD10B6804913BB94A6852B94FF6B5
:1002D000FF734C89E11A4C424C4107A801460022A9
:1002E000134608E01C46F8E70D78013301350D7020
:1002F000DDB2082D03D036F81350002DF4D00132B2
:10030000082A01F10101EBD14FF0FF374FF0010A4C
:10031000002310F8012B524588BF5FB203F101039F
:10032000DBB288BF9246082BF3D199463A220023CC
:10033000BAF1010F08BF4FF0FF37CDE900230022CB
:10034000029800252B46B9F1040F65D10199C95CCB
:10035000034679BB302103F8021B0099417018460F
:100360000135EDB24D452B46EDDB029B98420BD09B
:10037000BBF1010F4FF0000340F0A38000F8013CF7
:10038000029802E001280AD00020504B1A68099B0D
:100390005A404FF0000300F096800EF009FA2E2329
:1003A0004FF004094FF0FF37824626460191009333
:1003B0000494C4E74FF0000C4FF00908CDF814C0C6
:1003C000DFF80CC1B1FBFCFE03910CFB1E11DDF844
:1003D00014E0C64503DCDDF80CE0E64509D3DDF8A2
:1003E0000CE0CDF81480BEFBFCFE0EF1300E03F8DD
:1003F00001EB4FF00A0E08F1FF38B8F1FF3FBCFBEC
:10040000FEFCDFD14FF0000119701B1A50FA83F087
:10041000009B00F8013BA3E774B1052D0CD906F150
:100420000C0301933A2300F8013B2E234FF00409FB
:100430004FF0010B009384E79F420DD102B915B92B
:100440003A2300F8013B3A2300F8013B0AF1FF335D
:100450002B440022DDB283E712B13A2300F8013BBE
:10046000049B33F8152052BA12F47F4FC2F30723CE
:100470005FFA82F816D00F2BD9B20AD90023612275
:10048000FFF7E0FE012361224146FFF7DBFE012278
:1004900066E7092B04D83031C9B200F8011BF1E737
:1004A0005731F9E7B8F10F0FEDD8B8F1090F94BF44
:1004B00008F1300808F157085FFA88F800F8018B56
:1004C000E5E703705CE70BB0BDE8F08FC0BE01202C
:1004D00000CA9A3B07B5134B1B6801934FF000030A
:1004E000D0E90032D21A012A15D95A1C02601B78B1
:1004F0001B020B8003685A1C026000201B780A88CC
:1005000013430B80074B1A68019B5A404FF00003BE
:1005100004D00EF04DF96FF01500F3E703B05DF86D
:1005200004FB00BFC0BE012013B51D4B1B68019327
:100530004FF00003D0E900349C4220D05C1C0460E2
:100540001B780B7000231360D0E90014A14221D264
:100550000978146801F07F0199400C441460016827
:100560004C1C046091F90010002905DB1368B3F1FD
:10057000805F04D2002004E007331C2BE4D16FF02D
:100580001500074B1A68019B5A404FF0000304D036
:100590000EF00EF96FF00A00F3E702B010BD00BFD5
:1005A000C0BE012073B5144B1B6801934FF00003CC
:1005B000D1E900369E420AD16FF015000E4B1A6841
:1005C000019B5A404FF0000313D00EF0F1F85D1C70
:1005D0000D60AE421C78EFD09D1C0D60597890F8EC
:1005E0005E300020042B04BF04F00103137051702F
:1005F000E4E702B070BD00BFC0BE0120F7B51C46E5
:100600001546234BA27D1B6801934FF00003430066
:1006100003F0020322F00302C0F3410013430E462D
:100620002072A37528460DF10201FFF753FFD8B9D8
:10063000D5E90012BDF80230521A9A4212DB63600B
:1006400073B12A6822601A442A60237A6768A3B9C2
:10065000BB1C9E4206D30020F61AE060266103E030
:100660002360F2E76FF01500094B1A68019B5A40AE
:100670004FF000030AD00EF09BF8284604F1140155
:10068000FFF728FF0028EFD13B1DE2E703B0F0BDE4
:10069000C0BE012007B5094B1B6801934FF0000352
:1006A000064B1A68019B5A404FF0000301D00EF030
:1006B0007FF803B05DF804EBFFF70CBFC0BE01206C
:1006C00007B5094B1B6801934FF00003064B1A68EE
:1006D000019B5A404FF0000301D00EF069F803B0BF
:1006E0005DF804EBFFF7F6BEC0BE012007B5094B6D
:1006F0001B6801934FF00003064B1A68019B5A4098
:100700004FF0000301D00EF053F803B05DF804EB96
:10071000FFF7E0BEC0BE012007B5094B1B6801937F
:100720004FF00003064B1A68019B5A404FF000033C
:1007300001D00EF03DF803B05DF804EBFFF7CABE40
:10074000C0BE012037B5104B04460D461B6801930F
:100750004FF00003FFF7BEFE40B9D4E900239B1A17
:10076000AB6063B122686A601A442260064B1A6863
:10077000019B5A404FF0000303D00EF019F8686057
:10078000F4E703B030BD00BFC0BE012007B5094B80
:100790001B6801934FF00003064B1A68019B5A40F7
:1007A0004FF0000301D00EF003F803B05DF804EB46
:1007B000FFF790BEC0BE012007B5114B1B68019327
:1007C0004FF00003D1E90032D21A012A11D95A1C84
:1007D0000A60020A1A700B685A1C0A60187000201E
:1007E000074B1A68019B5A404FF0000304D00DF0EC
:1007F000DFFF6FF00B00F3E703B05DF804FB00BF11
:10080000C0BE012037B5144B054640681B680193F4
:100810004FF00003D1E900239B1A821C93420C463F
:1008200015D380B2FFF7C8FFD5E90012206811F098
:100830005BF8002023686A6813442360064B1A683B
:10084000019B5A404FF0000304D00DF0B1FF6FF050
:100850000B00F3E703B030BDC0BE012073B51468D0
:100860001E4B641AB4F1805F1B6801934FF00003C4
:100870002FD225460026ED09334606F10106FAD1AE
:1008800002335668DBB25D42CB1AB34213601EBF1F
:100890000133136048552046136800F07F0119703A
:1008A000C00913680DD101331D4423441560536002
:1008B0000A4B1A68019B5A404FF000030CD00DF010
:1008C00077FF197861F07F011970136801331360A5
:1008D000E2E76FF07900EBE702B070BDC0BE012027
:1008E00073B5164B064614461B6801934FF0000380
:1008F0000846B9B11568114605351560FFF75CFF6C
:1009000090B90E4B1A68019B5A404FF0000301D07A
:100910000DF04EFF22462946304602B0BDE8704039
:10092000FFF79CBF6FF01500044B1A68019B5A40FB
:100930004FF00003ECD102B070BD00BFC0BE01207B
:100940002DE9F347494B0F6890F860501B680193FD
:100950004FF00003464A474B064690F85E000537C5
:10096000042814BF104618460F600C46FFF74AFFD4
:10097000C5F34005034638B9D4E90020904296F803
:100980005E100CD16FF00B03384A1168019A514088
:100990004FF000025DD1184602B0BDE8F087501C50
:1009A00020601170D4E900829045EBD008F101027B
:1009B000226088F800302146B6F85C00FFF7FCFEA4
:1009C00003460028E0D1214606F12C00FFF71AFF6C
:1009D00003460028D8D1306C6D00E8B1214696F866
:1009E00060A090F80890FFF70DFF0AF0010A034697
:1009F0000028C9D1736C21466BB31846FFF702FF7C
:100A000003460028C0D145F004054FEAC90345EA72
:100A10004A1503F018031D43B06B38B12146FFF7A8
:100A2000F1FE03460028AFD145F08005F06B38B1E8
:100A30002146FFF7E7FE03460028A5D145F0400513
:100A40000A4B88F800501A68019B5A404FF0000387
:100A500004D00DF0ADFEFFF7AFFED1E722463946D8
:100A6000102002B0BDE8F047FFF7F8BEC0BE01207D
:100A700078230200702302002DE9F743264B877D7F
:100A8000047A07F00108054689461B6801934FF078
:100A90000003C7F340070CB1838ABBB3D9F80060E9
:100AA000494605362846C9F80060FFF7ABFEB0B9E5
:100AB0002B7AEBB9600000F006002A69D9F8003003
:100AC000384340EAC800134440F030004A463146FB
:100AD000C9F8003000F03F00FFF7C0FE78B10E4BC0
:100AE0001A68019B5A404FF0000312D00DF060FECF
:100AF0004946A88AFFF760FE0028DBD0EFE7D9F867
:100B000004302A699B1AC9F80430E8E76FF0150031
:100B1000E5E703B0BDE8F083C0BE012007B50B4B8D
:100B20000A461B6801934FF00003084B1968019BAC
:100B300059404FF0000301D00DF03AFE01884020EB
:100B400003B05DF804EBFFF7CBBE00BFC0BE0120D1
:100B500007B5104B1B6801934FF00003D0E9002349
:100B60009B1A012B89BF0C4B6FF00B001B88138065
:100B700082BF036802334360064B88BF00201A68B7
:100B8000019B5A404FF0000301D00DF011FE03B05D
:100B90005DF804FBC0BE01205F3602002DE9F7437B
:100BA000264B06461B6801934FF00003C3880D4691
:100BB0008BB30F6805370F60C088FFF7FDFD044653
:100BC00058BB4FF00C08B388A34208DC1B4B1A68D3
:100BD000019B5A404FF0000315D00DF0E9FD08FBD2
:100BE00004F9306829464844FFF70CFE00BB33681F
:100BF0004B441A7AD5E9003199421BD0591C29601F
:100C000001341A70DFE72A463946822003B0BDE876
:100C1000F043FFF723BE6FF01504084B1A68019BE1
:100C20005A404FF00003D8D1204603B0BDE8F0830E
:100C30000446F2E76FF00B04EFE700BFC0BE0120EF
:100C400007B5104B1B6801934FF00003D0E9002358
:100C50009B1A012B89BF0C4B6FF00B001B88138074
:100C600082BF036802334360064B88BF00201A68C6
:100C7000019B5A404FF0000301D00DF099FD03B0E5
:100C80005DF804FBC0BE012061360200F7B51C4BC5
:100C90000D461B6801934FF00003D1E90031CB1AD8
:100CA0009342064609D30020154B1A68019B5A400F
:100CB0004FF0000322D00DF07BFDD41A0F19D0E9BC
:100CC000132313449F4213D8974211D30023224683
:100CD00000F050FA0028E7DB0DD0F369A04203448E
:100CE000F3616B6803446B60DDD26FF00A00DBE7F1
:100CF0006FF00B00D8E76FF07F00D5E703B0F0BDD1
:100D0000C0BE012070B5734B8EB01B680D934FF0C1
:100D10000003C269C36C0546039313440222049383
:100D2000284603A9FFF7B2FF041E2DDBEB6C02AAD5
:100D30000DF1070103A80393FFF7F6FB10F10B0F6A
:100D400004464FF00102EBD000283CDB9DF8076021
:100D500006F0F003302B1BD10222284603A9FFF72F
:100D600095FF041E10DB039B16F0060F1A88284619
:100D700052BA92B20CBF0232043203A9FFF786FFC7
:100D800000EAE074002C0ADA14F10B0F1BD119E011
:100D90002846029A03A9FFF779FF0446F2E70022EA
:100DA0009DF80700029900F0F003602B0C9275D0BB
:100DB0001CD8402B68D00FD8202B35D0302B51D0E9
:100DC0000023EB610024434B1A680D9B5A404FF0FF
:100DD00000037BD00DF0ECFC502BF1D1042306A9CD
:100DE00003A88DF81430FFF76BFC54E0B02B65D0EE
:100DF0000BD8702B5AD0902BE2D1072306A903A859
:100E00008DF81430FFF79EFC45E0D02BD8D195F932
:100E10005F30002BC4BF03F1FF335AB2092385F8BA
:100E20005F208DF8143010E08DF81420284606AAB3
:100E300003A9FFF7B7FB044670BB9DF819304BB907
:100E4000AB690C9043F00403AB61284605A900F0A0
:100E500051FAB5E7284605A90C936FF06E0400F02F
:100E600049FAB0E7022303AA8DF8143006ABFFF766
:100E7000C5FB04460A9B0C902B62284605A900F08E
:100E800039FA002C9CDA9EE7032306A903A88DF803
:100E90001430FFF7FFFB04460C94EEE7052306A988
:100EA00003A88DF81430FFF721FCF4E7062306A908
:100EB00003A88DF81430FFF72FFCECE7082306A9F0
:100EC00003A88DF81430FFF761FCE4E720460EB06C
:100ED00070BD00BFC0BE012037B5174B456B04463F
:100EE0001B6801934FF00003288806220121FEF7BA
:100EF0000FFC0028A0620CDAFEF776FA0068404288
:100F00000D4B1A68019B5A404FF0000311D00DF0B1
:100F10004FFC2B88616B012B0CBF08221822FEF7B7
:100F20006FFC002803DAA06AFEF734FCE4E7002037
:100F3000E6E703B030BD00BFC0BE01202DE9FF4190
:100F40000024144B06460F4615461B6803934FF0CA
:100F50000003A046AC4201D300200DE0B06A00239C
:100F6000CDE900882A1B3919FEF786FC031E0CDA2E
:100F7000FEF73AFA00684042064B1A68039B5A4053
:100F80004FF0000303D00DF013FC1C44E2E704B063
:100F9000BDE8F081C0BE01202DE9F3410025254BBD
:100FA00007461B6801934FF000032B460C46C968A7
:100FB0008B4217D10026B046AE421DD2B86A00223D
:100FC0002146FEF79FFC031E13DAFEF70DFA0068B8
:100FD0004042184B1A68019B5A404FF0000325D03D
:100FE0000DF0E6FBA26802EBC30252680133154420
:100FF000DEE71E44B54217D80020EAE71B1AC1F805
:1010000004800132E1689142D6D9A16801EBC201A6
:1010100048689842F2D9C01A4860A06850F8321067
:10102000194440F83210C7E70022EBE702B0BDE8F0
:10103000F08100BFC0BE012030B5104C85B02468DF
:1010400003944FF00004806A002483F00103CDE98B
:1010500000449B01FEF792FC002803DAFEF7C4F976
:1010600000684042054B1A68039B5A404FF000034A
:1010700001D00DF09DFB05B030BD00BFC0BE01200A
:1010800007B50E4B806A1B6801934FF00003FEF713
:1010900081FB00280CDAFEF7A7F900684042074BF5
:1010A0001A68019B5A404FF0000303D00DF080FBFB
:1010B0000020F4E703B05DF804FB00BFC0BE0120D0
:1010C00007B50C4A126801924FF00002094A1168F4
:1010D000019A51404FF0000201D00DF069FB14223B
:1010E00090F824305343044AD35803B05DF804EB1E
:1010F000184700BFC0BE01208023020037B50C4C4A
:10110000246801944FF00004094C2568019C654057
:101110004FF0000401D00DF04BFB142590F8244053
:10112000044B05FB04335B6803B0BDE8304018474F
:10113000C0BE01208023020013B50C4A1268019240
:101140004FF00002094A1468019A54404FF000021F
:1011500001D00DF02DFB142490F82420044B04FB47
:1011600002339B6802B0BDE810401847C0BE0120A2
:101170008023020073B50D4D2D6801954FF00005D9
:101180000A4D2E68019D6E404FF0000501D00DF014
:101190000FFB142690F82450054C06FB0544E46828
:1011A000A44602B0BDE87040604700BFC0BE012049
:1011B0008023020007B5094B1B6801934FF0000321
:1011C000064B1A68019B5A404FF0000301D00DF006
:1011D000EFFA03B05DF804EBFFF752BFC0BE012089
:1011E00007B50E4B1B6801934FF000030DF0DEFCBA
:1011F0004FF47A72A0FB020302FB0131074BC00BD4
:101200001A68019B5A404FF0000340EA414001D068
:101210000DF0CEFA03B05DF804FB00BFC0BE0120A4
:1012200037B504460D460D4B826D0021406D1B689D
:1012300001934FF0000310F064FB636D2B60A26D0F
:1012400013446B60054B1A68019B5A404FF0000332
:1012500001D00DF0ADFA03B030BD00BFC0BE01201B
:1012600007B50B4B1B6801934FF00003084B1A683E
:10127000019B5A404FF0000301D00DF099FA4FF056
:10128000FF324FF0FF3303B05DF804EB0BF040BDCD
:10129000C0BE012007B50B4B10F0040F1B68019373
:1012A0004FF00003074B0CBF6FF07F0000201A685F
:1012B000019B5A404FF0000301D00DF079FA03B0C2
:1012C0005DF804FBC0BE012007B5094B1B68019304
:1012D0004FF00003064B1A68019B5A404FF0000381
:1012E00001D00DF065FA03B05DF804EB0BF0C0BC63
:1012F000C0BE012037B5134B04461B6801934FF065
:101300000003836C0D46A3B1FFF7DEFFA36C2946F3
:10131000204698470B4B1A68019B5A404FF0000338
:1013200001D00DF045FA204603B0BDE83040FFF78C
:1013300097BF044B1A68019B5A404FF00003F0D14D
:1013400003B030BDC0BE012030B5134B8BB0044696
:101350000D461B6809934FF00003FFF72BFF002198
:101360001C22C4E90511C4E9071101A810F0C9FA4B
:101370000123204601A98DF804300895FFF7BAFF34
:10138000054B1A68099B5A404FF0000301D00DF03D
:101390000FFA0BB030BD00BFC0BE01202DE9F341F4
:1013A0001E461D4B0F4690461B6801934FF00003ED
:1013B000054650B3FFF754FF2C6AB4B144452246AA
:1013C000334628BF424639462846FFF7D3FE044637
:1013D00016B910F10B0F08D0002C12DC08BF6FF00B
:1013E0007F0428462146FFF7AFFF2846FFF76CFF32
:1013F000094B1A68019B5A404FF0000308D00DF0CA
:10140000D7F92B6A1B1B2B62EFE76FF01504EFE790
:10141000204602B0BDE8F081C0BE012037B50F4BB9
:1014200005461B6801934FF00003FFF767FE041E9B
:101430000CDA21462846FFF787FF084B1A68019B04
:101440005A404FF0000306D00DF0B2F9FFF7C8FE86
:1014500000246861F1E7204603B030BDC0BE012022
:1014600013B5124B04461B6801934FF0000390B173
:101470006422002110F045FA20460BF0D3FC04232F
:1014800084F85E3094F8603043F0020384F86030F2
:101490003C23A4F85C30054B1A68019B5A404FF07E
:1014A000000301D00DF084F902B010BDC0BE0120D0
:1014B00030B5284B85B01B6803934FF000030546F9
:1014C000002841D0C36A002B3ED0FFF7C9FE6B6DE8
:1014D000BBB3EB6CABB32846FFF7F2FD041E2ADB6F
:1014E000284601A9FFF79CFEAB69284643F002039A
:1014F000AB6101A9FFF724FA041E19DBDDE9011233
:101500002846521AFFF7FAFD041E11DBFFF768FEAA
:101510000024686185F85F402846FFF7D5FE0D4B33
:101520001A68039B5A404FF0000310D00DF040F9A9
:101530002846FFF73FFE0023C5E90533C5E9073319
:10154000EAE76FF00B04F6E76FF01504E7E72046D3
:1015500005B030BDC0BE012070B5284B8EB00E4620
:101560001B680D934FF00003054600283FD000296B
:101570003DD0FFF775FE69462846FFF751FEA86982
:10158000FFF788FE041E21DB69463046FFF774FA38
:10159000041E1BDB009A019B00219B1A0A93F3682F
:1015A00009920B9333691C2202A80C9310F0A9F93D
:1015B00009AB04930223284602A90593FFF7BCFD5B
:1015C000041E0FDA21462846FFF7BEFE2846FFF725
:1015D0007BFE0A4B1A680D9B5A404FF0000309D05E
:1015E0000DF0E6F8FFF7FCFD00246861EEE76FF010
:1015F0001504EEE720460EB070BD00BFC0BE01204E
:101600007FB5194B0E461B6803934FF00003054648
:1016100020B319B3FFF724FE284601A9FFF700FE07
:10162000A869FFF737FE041E0CDB304601A9FFF75F
:1016300075FA041E06DBDDE901122846521AFFF78F
:10164000EDFE04462846FFF73FFE074B1A68039B52
:101650005A404FF0000304D00DF0AAF86FF01504C3
:10166000F3E7204604B070BDC0BE012030B51B4B6F
:1016700085B01B6803934FF00003054638B3FFF7AE
:10168000EFFD284601A9FFF7CBFDA869FFF702FE91
:10169000041E10DB01A8FFF75BFA041E0BDBDDE97B
:1016A00001122846521AFFF7B9FE041E03DB00217F
:1016B0002846FFF749FE2846FFF706FE074B1A6843
:1016C000039B5A404FF0000304D00DF071F86FF007
:1016D0001504F3E7204605B030BD00BFC0BE0120B1
:1016E0007FB5194B0E461B6803934FF00003054668
:1016F00020B319B3FFF7B4FD284601A9FFF790FD09
:10170000A869FFF7C7FD041E0CDB304601A9FFF7EF
:1017100045FA041E06DBDDE901122846521AFFF7DE
:101720007DFE04462846FFF7CFFD074B1A68039B52
:101730005A404FF0000304D00DF03AF86FF0150452
:10174000F3E7204604B070BDC0BE012030B51C4B8D
:1017500085B01B6803934FF00003054648B3FFF7BD
:101760007FFD284601A9FFF75BFDA869FFF792FD01
:10177000041E12DB01A8FFF763FA041E0DDBDDE98E
:1017800001122846521AFFF749FE044695F95F30C8
:101790007F2B1CBF013385F85F302846FFF794FD8F
:1017A000074B1A68039B5A404FF0000304D00CF01B
:1017B000FFFF6FF01504F3E7204605B030BD00BF12
:1017C000C0BE012037B5194B04461B6801934FF08A
:1017D000000328B3FFF744FD6569FFF701FD401BD7
:1017E0000DD52046FFF770FD6FF00A050F4B1A6804
:1017F000019B5A404FF0000315D00CF0D9FFB4F80C
:101800005C30002BEDD04FF47A7253438342E8D81A
:101810002046FFF79BFF05462046FFF755FDE5E70D
:101820006FF01505E2E7284603B030BDC0BE0120C9
:1018300037B5124B04461B6801934FF0000345690E
:10184000FFF7CEFC431B4FF47A70B4F85C2023EA18
:10185000E37350435AB198420CD9C01A074B1A6827
:10186000019B5A404FF0000306D00CF0A1FF4FF04F
:10187000FF30F3E70020F1E703B030BDC0BE012028
:1018800037B5174B05461B6801934FF0000308B3AB
:10189000FFF7E6FCAB699B0716D52B6ABBB9284658
:1018A000FFF730FA041E03DA21462846FFF74CFD05
:1018B0002846FFF709FD0A4B1A68019B5A404FF072
:1018C00000030AD00CF074FF6FF07F04F0E76FF0B4
:1018D0000F04EDE76FF01504EDE7204603B030BDCF
:1018E000C0BE012013B50A4B1B6801934FF00003E3
:1018F000074B1C68019B5C404FF0000301D00CF0CB
:1019000057FF012302B0BDE81040FFF747BD00BFFD
:10191000C0BE012073B5114B06460C461B680193EF
:101920004FF000038D18AC4209D300200B4B1A680E
:10193000019B5A404FF000030ED00CF039FF2146B6
:1019400030462A1BFFF7CEFF0028EFDB01D004440E
:10195000E9E76FF00400E9E702B070BDC0BE012006
:1019600007B501220D4B1B6801934FF000030C4B90
:10197000C3F8002590F8861049B1DA60074B1A6861
:10198000019B5A404FF0000304D00CF011FF1A6085
:101990005A60F3E703B05DF804FB00BFC0BE01204E
:1019A00000E0004013B5144A0346126801924FF05C
:1019B00000020838D0E8EF2F511CC0E8E41F002CCB
:1019C000F8D16AB90C4B1A68019B5A404FF00003DA
:1019D00001D00CF0EDFE02B0BDE81040FFF7C0BF33
:1019E0006FF00F029A66044B1A68019B5A404FF041
:1019F0000003EED102B010BDC0BE012073B508795E
:101A00003F4B00F01F04072C1B6801934FF00003AD
:101A10001DD80B780B2B15D8DFE803F00707070755
:101A2000140614140E10141204234A78032A19D031
:101A3000042A29D0334A06E00523F6E70623F4E713
:101A40000723F2E7304A01213048FBF789FE6FF0A7
:101A500015002B4B1A68019B5A404FF000034DD0E4
:101A60000CF0A6FE012544F20A064A88B2423FD095
:101A70000CD844F20306B24216D044F20506B24234
:101A800034D0AAB3224ADEE70025ECE744F214067C
:101A9000B2422FD044F22806B2422DD044F20F06B3
:101AA000B242EFD1032200E00022C0F340101B023B
:101AB00043EA0053002043EA053343EA024322018C
:101AC00002F1804202F56042C2F8183523018A799A
:101AD00003F1804303F56043C3F81425C3F81005F0
:101AE0000C4B4A79234483F8A020B2E70122DCE7BB
:101AF0000222DAE70422D8E70522D6E702B070BD59
:101B0000C0BE01208E3602006F3602007C2102002A
:101B1000B236020080C50020F0B56B4B85B00D4693
:101B20001B6803934FF000034FF0FF334FF0FF3279
:101B300066480BF0E1FA6E68731EFE2B05D9644A05
:101B400001216448FBF70CFE12E000231A466248AC
:101B5000624F26FA03F111F001013BD017F803C0E0
:101B6000BCF1000F13D15E4A01215A48FBF710FE69
:101B70006FF0150455480BF087FA534B1A68039B16
:101B80005A404FF0000300F09C800CF011FE6C7C7A
:101B900000EB031E003C18BF0124DEF818150132CB
:101BA00021F0807141EA0461CEF8181503F151016A
:101BB000090140F801C0D2B20133082BC9D12B7CF6
:101BC000A3F10801062916D8DFE801F01715191549
:101BD0000915130003F1510424010151ECE702231C
:101BE0003D49012AC1F8F0356B7C0AD95BB13D4A09
:101BF000A6E70323F4E73C4AB6E70023F0E7012316
:101C0000EEE7082B10D8C1F8F4352B6851006BB9FA
:101C1000EB688B420ED2354A00912E480121FBF72A
:101C2000D1FD6FF00B04A5E7314A9DE79B8903FBCB
:101C30000111EDE72F46A968274B2E4CC3F82C164F
:101C400004F17406C3F830260FCF0FC63B68274651
:101C50003360002626672B687BB30FCB04F1880521
:101C600085E80F006567A4F8986030B3D7E8EF3FC8
:101C7000C7E8E26F002AF9D11F494FF400400F4630
:101C80003146D4F888500023E5FB00711B4A3846E2
:101C9000F7F73AF80022CDE90001002304F108002B
:101CA0000DF0ACF84FF0FF324FF0FF3314480BF05B
:101CB00023FA00B12067246F5CE70E48FFF750FE5F
:101CC000F0E7204605B0F0BDC0BE0120C0C5002031
:101CD000DD3602007C21020000E0004020C600202A
:101CE000FB3602003A370200153702008F37020038
:101CF0006C37020080C500203F420F0040420F00B9
:101D0000D8C5002013B5164B00241B6801934FF073
:101D10000003144B0E20C3F80441D3F80421C3F888
:101D20001041D3F810211222C3F80423FCF736FE29
:101D3000224601210E20FCF799FE0B48836C13B953
:101D400040300BF0A1F9064B1A68019B5A404FF046
:101D5000000301D00CF02CFD002002B010BD00BF2C
:101D6000C0BE012000E0004080C5002037B53D4BDB
:101D70001B6801934FF000033B4BD3F80421002A6A
:101D800063D00022C3F80421D3F804110121374C99
:101D90009960C3F80025636F2546002B48D0D4F81E
:101DA0008C30B4F8982033B104F1740198470128BD
:101DB00014D0022836D0B4F89830B4F894209A425F
:101DC00030D90133A4F89830274BD3F82C26D3F818
:101DD000341689B202EB4102C3F82C26D4F88830BD
:101DE00073B9204B1A68019B5A404FF0000301D091
:101DF0000CF0DEFC1D4803B0BDE83040FFF7B0BD7D
:101E0000D5E8EF3F5A1EC5E8E12F0029F8D1012B94
:101E1000E7DC144B1A68019B5A404FF00003E7D1EE
:101E200003B030BDD4F8883013B111480DF032F84A
:101E30000C4B1A68019B5A404FF00003D8D10D4853
:101E400003B0BDE830400BF01FB9D3F810110029E2
:101E5000DFD0C3F81021D3F8102101229A601A6054
:101E60005A60D6E7C0BE012000E0004080C50020D7
:101E700088C50020D8C5002007B50C220B4BC9B27D
:101E80001B6801934FF00003036901FB0233186CD8
:101E9000064B00F007001A68019B5A404FF0000300
:101EA00001D00CF085FC03B05DF804FBC0BE01203E
:101EB00007B5114B1B6801934FF000034FF020034F
:101EC000EFF3118283F31288BFF36F8F036803F07F
:101ED000C00343F00203036082F31188BFF36F8FE6
:101EE000054B1A68019B5A404FF0000301D00CF0DB
:101EF0005FFC03B05DF804FBC0BE012073B51B4B53
:101F0000C9B21B6801934FF0000303694FF020042E
:101F1000EFF3118584F31288BFF36F8F0C2606FB55
:101F20000134246C14F0C00410D0A2420ED085F30A
:101F30001188BFF36F8F4FF0FF300C4B1A68019B75
:101F40005A404FF000030FD00CF032FC01227143D5
:101F50000B441A6485F31188BFF36F8F43680B44F9
:101F60005B6898470020E8E702B070BDC0BE012062
:101F700007B50A4B1B6801934FF00003074B1A6823
:101F8000019B5A404FF0000301D00CF011FC80225D
:101F900003B05DF804EBFFF7B1BF00BFC0BE012086
:101FA000F7B51E4CDDF820C0246801944FF0000402
:101FB000C9B204694FF02005EFF3118685F312884A
:101FC000BFF36F8F0C2569430C44256C05F00707A0
:101FD000012F14D1C4F840C086F31188BFF36F8F6E
:101FE000C4E90E2343685B58984700200B4B1A68DE
:101FF000019B5A404FF000030ED00CF0D9FB05F0C6
:10200000C005AC4586F31188BFF36F8F0CBF6FF02E
:1020100077004FF0FF30E9E703B0F0BDC0BE01200C
:1020200030B50A4C85B0246803944FF00004802436
:102030000094FFF7B5FF054B1A68039B5A404FF019
:10204000000301D00CF0B4FB05B030BDC0BE0120D0
:1020500037B5104B0D461B6801934FF000030E4B34
:102060000E49C31A9B105943402204460C48FFF7FF
:1020700045FF084B01461A68019B5A404FF0000388
:1020800001D00CF095FB20462B4603B0BDE8304054
:10209000184700BFC0BE012024DC0020B76DDBB6AE
:1020A000F81E020013B50C4B1B6801934FF00003A0
:1020B000094B1C68019B5C404FF0000301D00CF001
:1020C00077FB1C24CBB20021006903FB040002B0A3
:1020D000BDE81040104700BFC0BE01207FB5164BC1
:1020E000164C1B6803934FF000034023041B00931E
:1020F0000D460B461249A41061430646114A124888
:10210000FFF74EFF011E0C4B0DDA1A68039B5A4075
:102110004FF0000301D00CF04BFB30462B4604B0CF
:10212000BDE8704018471A68039B5A404FF00003FF
:10213000F1D104B070BD00BFC0BE012024DC00207E
:10214000B76DDBB6A5200100F81E020007B50A4BEB
:102150001B6801934FF00003074B1A68019B5A401C
:102160004FF0000301D00CF023FB002003B05DF81A
:1021700004EB06F0B5BE00BFC0BE012007B50A4B98
:102180001B6801934FF00003074B1A68019B5A40EC
:102190004FF0000301D00CF00BFB002003B05DF802
:1021A00004EB06F009BF00BFC0BE012007B50A4B13
:1021B00010461B6801934FF00003074B1A68019B00
:1021C0005A404FF0000301D00CF0F2FA03B05DF872
:1021D00004EB0AF059BF00BFC0BE012073B51A4B13
:1021E00000220121044605201B6801934FF00003E3
:1021F000FCF73CFC154806F029FE154B98421DD112
:1022000006F048FE266913493046F9F7E5FB002839
:102210000BDB0125356424690E4904F11C00F9F734
:10222000DBFB002801DB0020E564074B1A68019BFB
:102230005A404FF0000304D00CF0BAFA6FF00400DB
:10224000F3E702B070BD00BFC0BE0120C122010093
:102250000000AD0BA023020073B5164B04461B68AB
:1022600001934FF000030C23002263431248C1186E
:1022700040331844D1E90E568A63FFF719FE0D4B1F
:102280007DB11A68019B5A404FF0000301D00CF059
:102290008FFA324621462B46084802B0BDE870400E
:1022A00018471A68019B5A404FF00003EFD102B063
:1022B00070BD00BFC0BE012024DC0020F81E02005B
:1022C00007B5124B1B6801934FF0000358B101286A
:1022D0000DD00E4B1A68019B5A404FF000030DD1F0
:1022E00003B05DF804FB0A4B1B6C5B07F1D1074B95
:1022F0001A68019B5A404FF0000301D00CF058FAC5
:1023000003B05DF804EBFFF7A7BF00BFC0BE01201C
:1023100024DC002013B5214B1B6801934FF0000310
:102320004FF02003EFF3118483F31288BFF36F8F14
:102330001B4A136843F002011160DA070CD484F3DE
:102340001188BFF36F8F154B1A68019B5A404FF0ED
:1023500000031CD00CF02CFA124BD3F80C24D3F849
:102360000C34DB07EBD51048FFF7A2FD84F311888E
:10237000BFF36F8F094B1A68019B5A404FF000035F
:10238000E8D1002002B0BDE81040FFF765BF012092
:1023900002B0BDE8104006F0A3BD00BFC0BE0120E2
:1023A00074DC00200050004064DC002000B5144BB9
:1023B00089B01B6807934FF0000301AB0022CDE901
:1023C00001330123CDE9032305ABCDE905330D4AE4
:1023D00001ABFFF725FE002805DB4FF48042002308
:1023E00001A80AF089FE064B1A68079B5A404FF075
:1023F000000301D00CF0DCF909B05DF804FB00BF6C
:10240000C0BE0120AD21010013B5134B1B68019321
:102410004FF000034FF02003EFF3118483F3128891
:10242000BFF36F8F0D4A136823F00201DB071160C1
:1024300002D4012006F0C0FD84F31188BFF36F8F32
:10244000054B1A68019B5A404FF0000301D00CF075
:10245000AFF902B010BD00BFC0BE012074DC002087
:102460002DE9F3413D4B07461B6801934FF00003F4
:1024700001223B49D1E8EF3FC1E8E02F0028F9D124
:1024800033B9384938484B60CB608A60F9F7C8FAED
:102490007B1E012B28D8012F06D1344BD3F81C34D6
:1024A00003F00303022B1FD00AF02EFA054620BBCF
:1024B0002F4B1B780BB3022206462C4BC3F8082384
:1024C0002A4CDFF8B080D4F81824D4F81834D2039A
:1024D0001DD503F00303022B01D0012F17D1ADB39B
:1024E00086F31188BFF36F8F1C4B1A68019B5A400B
:1024F0004FF000032FD00CF05BF94FF02003EFF307
:10250000118683F31288BFF36F8F0125D8E7C5B119
:102510003046FCF789FBD4F81835DBB2012BD2D159
:10252000D4F80421002ACED00022C4F80421D4F823
:1025300004210222C4F818252022C8F88021A360B3
:10254000C1E7002121200CF015F8E4E70222074B37
:10255000C3F80423C8E702B0BDE8F081C0BE012083
:1025600020DC002010DC002040DC00200050004077
:102570007821012000E100E007B50F4B1B680193B3
:102580004FF000030D4809F0F9FD78B10C48FCF755
:1025900093FE0B48F8F7F8F90020074B1A68019BE7
:1025A0005A404FF0000304D00CF002F96FF0120013
:1025B000F3E703B05DF804FBC0BE0120341F020046
:1025C000C525010037B50F4B0A2804461B68019347
:1025D0004FF000030C4D04D1AB680D2128465B6819
:1025E0009847AB6808485B68E1B29847054B1A68A2
:1025F000019B5A404FF0000301D00CF0D9F820465F
:1026000003B030BDC0BE0120341F020007B50C4B23
:10261000084611461B6801934FF0000306F078FA54
:10262000074B002818BF6FF004001A68019B5A403E
:102630004FF0000301D00CF0BBF803B05DF804FBD1
:10264000C0BE012007B50B4B1B6801934FF0000380
:1026500006F048FA074B002818BF6FF004001A680C
:10266000019B5A404FF0000301D00CF0A1F803B0D9
:102670005DF804FBC0BE012007B50B4B1B6801933E
:102680004FF0000343685B681B690B60064B1A68D8
:10269000019B5A404FF0000301D00CF089F8002054
:1026A00003B05DF804FB00BFC0BE012013B50C4BA6
:1026B0001B6801934FF00003436802EA01005B6866
:1026C00021EA02019860D960054B1A68019B5A40C3
:1026D0004FF0000301D00CF06BF8002002B010BDE9
:1026E000C0BE012007B50A4B1B6801934FF00003E1
:1026F00043685B689960064B1A68019B5A404FF02B
:10270000000301D00CF054F8002003B05DF804FB86
:10271000C0BE012007B50A4B1B6801934FF00003B0
:1027200043685B68D960064B1A68019B5A404FF0BA
:10273000000301D00CF03CF8002003B05DF804FB6E
:10274000C0BE012007B50D4B1B6801934FF000037D
:1027500043685A68536821EA03000B409060D360D5
:10276000064B1A68019B5A404FF0000301D00CF051
:102770001FF8002003B05DF804FB00BFC0BE0120BD
:1027800013B51B4B1B6801934FF000030369586896
:10279000F8B1884219D19C680868A142586000D1FC
:1027A0009860002008602AB15A680A609A685960E7
:1027B00002B99960002010E0814206D108682060CB
:1027C00098688142EDD19C60EBE7044600680028E0
:1027D000F2D1002AE8D16FF01500054B1A68019B71
:1027E0005A404FF0000301D00BF0E2FF02B010BDE1
:1027F000C0BE012037B5174B45681B6801934FF0E9
:1028000000032B69B3B11035284607F0E9F90446F7
:1028100080B90146284607F091F90F4B984213D131
:10282000224628460D4907F03BF922460521312072
:10283000FCF71CF90020074B1A68019B5A404FF027
:10284000000304D00BF0B4FF6FF00400F3E703B013
:1028500030BD00BFC0BE01200000AD0B61280100EB
:1028600073B5134B1B6801934FF00003430907D165
:10287000104B596821B101250C680F4E854041B9B4
:102880000B4B1A68019B5A404FF000030ED00BF01F
:102890008FFF8A682A4002D030464B6898471CB1A7
:1028A000236821461C46EAE72346FAE702B070BDDA
:1028B000C0BE012078DC00200C1F02002DE9F0438F
:1028C00040F206354668D00648BF0320604B89B009
:1028D0001B6807934FF0000302EA0505337B58BFDE
:1028E000C2F3401001F01F07B5F5837F144647EA95
:1028F00043178DF8070048D016D8062D1FD00ED8E4
:10290000EDB1022D43D06FF01500514B1A68079BB3
:102910005A404FF0000300F098800BF049FFB5F5E6
:10292000807FF0D101250AE040F20222954230D0AA
:10293000B5F5407F2FD0B5F5007FE4D10225220305
:102940002BD5012372688B409360326962BB07F01C
:102950001F037F0975D13F4A84F4803102EB830263
:10296000D2F80032C1F30041C4F3404423F4E163E0
:1029700044EA410423F007031C4344EA800444EA88
:102980000524C2F800420020BFE70725D7E7042549
:10299000D5E70525D3E70325D1E7630341BF01232D
:1029A00072688B40D360D0E71036394630460DF15F
:1029B000060207F095F814F4403F80460CD13946E2
:1029C000304607F02DF9244B9845DCD130469DF870
:1029D000061007F03BF9D6E74FF0000902AB394685
:1029E000304604AACDE90539CDE90299CDF8109019
:1029F00006F0A0FE184B984285D114F4003315D090
:102A00009DF8073084F48034C4F300448DF812300C
:102A100039464B46304604AA8DF810508DF81140C7
:102A200006F094FF0C4B9842CDD06CE7CDE905330E
:102A300039460DF10703304604AA049306F07AFEE6
:102A4000F0E7803352F82330FFDE09B0BDE8F083B1
:102A5000C0BE0120002584400000AD0BF0B54068E9
:102A60003F4C057B89B0246807944FF0000401F0C7
:102A70001F0444EA45140569002D66D0B2F5001F15
:102A800000F110050DD12146284607F085F90020F8
:102A9000334B1A68079B5A404FF000035ED00BF08F
:102AA00087FE0027B2F5800F02AE0297776037D11C
:102AB000B3F1007F14BF052304238DF808300023F1
:102AC000CDE905630493836823FA01F111F0010154
:102AD00018D1B2F1A07F15D104F01F03620903F1F0
:102AE000800338D11F4A52F82330DB070AD40DF196
:102AF000070632462146284606F0F2FF1A4B984256
:102B000019D003962146284604AA06F013FE174B57
:102B100098421DD101222146284607F0D7F8B6E792
:102B2000B3F1C06F05D0B3F1007F14BF01230223BE
:102B3000C3E70323C1E73146284607F0A7F80B4B4C
:102B40009842DED06FF00B00A2E76FF085009FE7A0
:102B50006FF015009CE751F82330FFDE09B0F0BD9F
:102B6000C0BE0120002584400400AD0B0000AD0B69
:102B700037B5104B1B6801934FF000034368136097
:102B8000057A446804EBC504A3420AD36FF0010040
:102B9000084B1A68019B5A404FF0000308D00BF015
:102BA00007FE5C798C4201D00833E8E70020EFE7AC
:102BB00003B030BDC0BE01202DE9F743614B624D2B
:102BC0001B6801934FF00003604E614F00EB8101E1
:102BD00081420AD100205B4B1A68019B5A404FF09A
:102BE000000300F0AC800BF0E3FD046814F4805F98
:102BF000C4F3432C04F07F0340F08F807F2B4FEA17
:102C0000144408BF4FF0FF3315F80CC0192C00F224
:102C10008780DFE804F00D13191C1F251C858585AE
:102C200085366185858585858585858564797C7F03
:102C3000C2F80C355C1C5CD10430C9E7C2F814350D
:102C40005C1CF9D000245DE0C2F80835F2E7C2F858
:102C50001035F5E75C1CC2F80835EDD0002404E01F
:102C60005C1CC2F80C35E7D001245FEA531E5AD130
:102C70004FF00108DFF8D4E008FA03F9CEF80C9021
:102C80000AE0C2F80835BCF1000FD9D15C1CD3D0E2
:102C900000244FF0060CA046D0F8009009F4005E26
:102CA000BEF1000F1CBF4FF00008012403F01F0EFF
:102CB0005B093ED106EB8E0EDEF80032C9F3C11976
:102CC0003B4043EA890343EA0C2343EA080343EA0F
:102CD0004403CEF80032AFE7C2F80C35D3E7C2F8B0
:102CE0006035B3F1FF3F0468A6D0C4F38034002CF4
:102CF000BAD05C091AD10124DFF850E004FA03F8D5
:102D0000CEF80880A046C7E7C2F86435E9E7C2F804
:102D10006835E6E7C2F86C35E3E76FF015005AE76F
:102D20006FF0850057E70023DB60FFDE00239B6028
:102D3000FBE700230EF1800E53F82E30F5E703B0C9
:102D4000BDE8F083C0BE01200538020000258440A4
:102D5000F0F8FCFF07B50B4B1B6801934FF0000325
:102D600043681B68D3F88004C3F88004054B1A68D5
:102D7000019B5A404FF0000301D00BF019FD03B046
:102D80005DF804FBC0BE012007B5124B02691B6849
:102D900001934FF0000343681B68D3F8100190B112
:102DA0000020526912780A70C3F81001D3F810217C
:102DB00001221A60074B1A68019B5A404FF000032A
:102DC00004D00BF0F5FC4FF0FF30F3E703B05DF8F3
:102DD00004FB00BFC0BE012007B5104A03461268BD
:102DE00001924FF000020268D2F8580180B95B6886
:102DF0009B0704D4D2F82001003818BF0120074BEC
:102E00001A68019B5A404FF0000303D00BF0D0FC2E
:102E10000120F4E703B05DF804FB00BFC0BE012051
:102E200007B5244B42681B6801934FF000031368F9
:102E3000D3F80413C90518D5D3F82011A9B14FF060
:102E40002000EFF3118180F31288BFF36F8FD3F866
:102E5000200130B10020C3F82001D3F82001012067
:102E6000D86081F31188BFF36F8F5268D20615D5F1
:102E70004FF02001EFF3118281F31288BFF36F8FBF
:102E8000D3F8581111B10021C3F800154FF4800197
:102E9000C3F8081382F31188BFF36F8F054B1A68CC
:102EA000019B5A404FF0000301D00BF081FC03B0AE
:102EB0005DF804FBC0BE01202DE9F74306464FF044
:102EC0000008914B0022012108201B6801934FF05C
:102ED0000003FBF7CBFD0820FBF760FD7768356941
:102EE0003C686A46C4F800852E60D7F80C904146CD
:102EF0004846FFF73DFE002839DB009BD9F800204B
:102F000019791868FFF758FE002830DB6B7A3169B1
:102F1000012B03D0032B28D14FF01008AB7A032BE1
:102F200023D195F80BC0BCF1000F02D0BCF1010F0A
:102F30001BD12A7A12B1022A17D10E226B6870684F
:102F4000B3F5164F006800F0848035D8B3F5165FEE
:102F500000F082801DD8B3F5966F7FD011D8B3F5FD
:102F6000967F7ED0B3F5167F7ED06FF08500664BDE
:102F70001A68019B5A404FF0000300F0C1800BF02B
:102F800017FCB3F5166F72D0B3F5965FEDD15F4BBA
:102F90003EE0B3F5E14F6DD007D8B3F5615F6BD07C
:102FA000B3F5964FE1D15A4B32E047F6122E7345F6
:102FB000DBD14FF400032BE0B3F5613F5ED013D8B3
:102FC000B3F5963F5DD009D84DF6C02E73455AD063
:102FD000B3F5614FC9D14FF46B0319E0B3F5E13F8D
:102FE000C3D14FF0EB7313E0B3F5612F4ED009D886
:102FF000DFF820E173454CD0B3F5E12FB5D14FF0A8
:10300000E86305E0DFF810E17345AED14FF080537F
:10301000C0F82435736848EA0C081B6842EA0802C5
:10302000C3F86C250B1DD5E9010183E803007B681B
:1030300099073DD505F1180006F020F8374B984266
:103040002AD037480121374AFAF78AFB6FF004008B
:103050008DE74FF41D03DBE7334BD9E74FF49E2395
:10306000D6E74FF4A033D3E74FF41C33D0E74FF447
:103070001D23CDE72D4BCBE72D4BC9E74FF06C73EC
:10308000C6E72C4BC4E74FF46503C1E74FF070630C
:10309000BEE74FF08063BBE7287E04F10C0204F525
:1030A000907105F051FE01202B7E984005F032FE14
:1030B0000823C4F800353B7A53B9C4F81031D4F86A
:1030C00010316B69C4F834350123C4F838352360F6
:1030D0007B6800209A075CBF4FF48073C4F8043308
:1030E0007B68DB0644BF4FF48003C4F804332B69CC
:1030F000C4F844350123C4F84805A360E36036E70B
:1031000003B0BDE8F08300BFC0BE012000B01300D3
:1031100000A04E0090D0030040420F000000AD0B15
:103120001C2202000D3802000050270000C075006C
:1031300000F03A0000903A012DE9F341394B044682
:103140000D461B6801934FF00003076909F0DCFB93
:10315000B0B9354B1B789BB164266068FFF73CFE25
:1031600000BB012005F062FD013EF6D100212120C7
:103170000BF000FAF0E788F31188BFF36F8FF5E7E3
:103180004FF02003EFF3118883F31288BFF36F8FA2
:1031900060684646FFF720FE90B988F31188BFF3B8
:1031A0006F8FEDE74FF02003EFF3118883F3128860
:1031B000BFF36F8F60684646FFF70EFE0028DAD037
:1031C0003B691D70626839691368C3F844150121B1
:1031D000C3F848150021C3F82011D3F82001C3F823
:1031E00058115268D3F85811D20608D508216268E0
:1031F0001268C2F800154FF48002C3F804230122BC
:103200009A6086F31188BFF36F8F064B1A68019B93
:103210005A404FF0000301D00BF0CAFA02B0BDE8EB
:10322000F08100BFC0BE01207821012007B50E4B00
:1032300000221B6801934FF0000300F150039B0034
:103240009BB203F1804303F5A8331A601B68064B59
:103250001A68019B5A404FF0000301D00BF0A8FA06
:1032600003B05DF804FB00BFC0BE012073B5154B71
:10327000154A1B6801934FF0000301238340DC4390
:10328000D2E8EF1F01EA0405C2E8E65F002EF7D19D
:103290004FF4803282400D48C0F80823BFF35F8F9F
:1032A000BFF36F8F0B42074B14BF012000201A6839
:1032B000019B5A404FF0000301D00BF079FA02B0A5
:1032C00070BD00BFC0BE012088DC0020005001405E
:1032D00073B5164B16491B6801934FF00003D1E9F3
:1032E0000034D01AC31844F1000422F07F46C1E92B
:1032F0000034A6F50013B3F5400F09D20D4B1B683F
:103300001A0A1B069C190C4B42F10005C3E9004543
:10331000064B1A68019B5A404FF0000301D00BF096
:1033200047FA02B0BDE870400BF082BBC0BE01207E
:1033300050D700208CDC002058D7002007B5174B51
:103340001B6801934FF00003D9B10123144A834055
:10335000D2E8EFCF4CEA030CC2E8E1CF0029F7D165
:103360004FF480330F4A8340C2F804330E4BD3E846
:10337000AF3FC340DB0742BF4FF400120B4BC3F813
:103380000021064B1A68019B5A404FF0000301D000
:103390000BF00EFA03B05DF804FB00BFC0BE0120C5
:1033A00088DC00200050014084DC002000E100E0C7
:1033B00007B5154B1B6801934FF00003134B1868BA
:1033C000010A0006BFF35F8F114BD3F804351818BC
:1033D00041F10001B3F5801F0AD20E4BD3E900235F
:1033E000904271EB030303D210F1807041F10001B0
:1033F000054B1A68019B5A404FF0000301D00BF0B7
:10340000D7F903B05DF804FBC0BE01208CDC0020BE
:103410000050014058D700202DE9F04F89B01F46D9
:10342000129B16460293139B04460393484B9DF848
:1034300050A01B6807934FF00003FFF717FF0190A0
:10344000FFF7B6FFB04271EB070355D2414B301A7C
:1034500067EB0101984271F1000150D23E4B03EB42
:103460000413D3E902239F4208BF964260D04FF471
:10347000803808FA04F3DFF8E48000932046C8F8A7
:10348000483326F07F4BFFF7D1FE4FF00309584633
:1034900004F15005AD00ADB205F1804504F5A87307
:1034A00005F5A8350493049B20F07F4248F82320BB
:1034B000009BC8F84433D8F80425294B801A0338F8
:1034C00020F07F40984233D9286868B1D8F80425A5
:1034D000A2EB0B0020F07F40B0F5000F059227D93A
:1034E0002046FFF7A3FE059ABAF1000F07D109EBBA
:1034F000020009F10109D6E7BAF1000F0ED06FF012
:10350000150520460199FFF719FF114B1A68079B13
:103510005A404FF0000317D00BF04AF90123114A2B
:10352000A340D2E8EF0F1843C2E8E10F0029F8D119
:10353000094902982301C850039B01EB041200259E
:10354000C2E902675360DCE7284609B0BDE8F08FA6
:10355000C0BE01200100800040D700200050014083
:10356000FDFF7F0084DC002070B54FF0FF300025A8
:103570004FF0FF31204B86B01B6805934FF00003DE
:103580001E4C1F4B0226C4F80833C4F848331D4BA9
:10359000C4F80855C3E902014FF480334FF4001218
:1035A000C4F80433184B01211520C4F80463C3F890
:1035B00080212A46FBF75AFA1520FBF7EFF9012381
:1035C000124AA36023601360114B124A00932846ED
:1035D0000023CDE90155FFF71FFF3046FEF740FFFE
:1035E000054B1A68059B5A404FF0000301D00BF0C1
:1035F000DFF8284606B070BDC0BE01200050014073
:1036000003000F0040D7002000E100E088DC00202C
:10361000D1320100FFFF7F002DE9F043364B85B02A
:103620001B6803934FF00003344BD3F80423900737
:103630000BD5D3F8042142B10022C3F80421304A4B
:10364000D3F804311368013313602C4AD2F80433E1
:10365000D90327D52B4BD3E8EF1F21F00100C3E896
:10366000E40F002CF7D1CB0702D4D2F84031CBB114
:103670000025224CC4F84051D4F84031FFF798FEA1
:103680004FF02003EFF3118283F31288BFF36F8FA3
:103690001D4BD3E90267B042B9410CD282F31188C5
:1036A000BFF36F8F144B1A68039B5A404FF000030F
:1036B0001ED00BF07DF84FF0FF38D3E900104FF02B
:1036C000FF391D60C3E902894FF48033C4F84833E1
:1036D000C4F84051D4F8403182F31188BFF36F8FA2
:1036E0000029DFD0009032463B4628468847D9E77C
:1036F00005B0BDE8F08300BFC0BE0120005001400E
:103700008CDC002084DC002040D7002030B51A4B30
:1037100087B01B6805934FF00003431C174C05D07E
:103720008442A8BF0446012CB8BF0124FFF740FE25
:10373000134B124DD3E90013401AB0F5000F16D207
:103740002218AA4228BF2A46002052180D4943F1E8
:103750000003CDE901000091FFF75EFE064B1A68F9
:10376000059B5A404FF0000303D00BF021F82A4686
:10377000EAE707B030BD00BFC0BE0120FFFF7F00F9
:1037800050D70020D132010007B50B4B1B680193C5
:103790004FF00003FFF70CFE084B1B68C01A064BE6
:1037A0001A68019B5A404FF0000301D00BF000F85B
:1037B00003B05DF804FB00BFC0BE012050D700205D
:1037C00007B5094B1B6801934FF00003FFF7F0FDAD
:1037D000054B1A68019B5A404FF0000301D00AF0D4
:1037E000E7FF03B05DF804FBC0BE012073B50D4BCD
:1037F00005461B6801934FF000030B4C0B4EB4427F
:1038000008D3084B1A68019B5A404FF0000307D0B9
:103810000AF0CEFFD4E90031284698470834EEE795
:1038200002B070BDC0BE0120C0500200C0500200F6
:1038300073B5154B002201212A201B6801934FF01C
:103840000003FBF713F9114808F05EFB044628B1AA
:10385000012103460E4A0F48F9F79AFF0E4D0F4E0D
:10386000B54208D3084B1A68019B5A404FF0000339
:1038700007D00AF09DFFD5E900312046984708356A
:10388000EEE7204602B070BDC0BE01205C240200FD
:1038900046380200EC210200C0500200D050020065
:1038A000F7B5174B01461B6801934FF00003154B0A
:1038B0000B251A68144B002618461F46B84201D340
:1038C000013D0CD11846013A19605A600C4B1A6838
:1038D000019B5A404FF000030FD00AF069FF0468C3
:1038E0008C42F3D03CB14468141BA642BCBF0346D3
:1038F00026460830E2E70346E4E703B0F0BD00BF28
:10390000C0BE01204CDD002058DD002007B500209E
:103910000D4B1B6801934FF000030C4BC3E90000F3
:103920000B4BD3E8EF2FC3E8E10F0029F9D1064B89
:103930001A68019B5A404FF0000301D00AF038FF8B
:1039400003B05DF804FB00BFC0BE012050DD0020C5
:103950004CDD002007B5094B1B6801934FF00003B5
:10396000064B1A68019B5A404FF0000301D00AF041
:103970001FFF03B05DF804EB08F0CCBBC0BE012014
:103980002DE9F047654B8AB005460E461B68099342
:103990004FF000030DF088FF58B96FF06D005F4BDA
:1039A0001A68099B5A404FF0000300F0B4800AF0F7
:1039B000FFFE0BF0FBF833680446002B0F4604D1E2
:1039C0000AF032FD6FF00A00E9E7BCBF4FF0FF33A9
:1039D00033600122002102A809F034FB0DF1040834
:1039E00008954FF02003EFF3118A83F31288BFF399
:1039F0006F8F0AF0EBFDFFF753FFDFF82491426869
:103A0000D9F800309A426DD10023464D01936B687E
:103A1000002B6ED1C5E900888AF31188BFF36F8F40
:103A200033685A1C6AD04FF4004E40F2E730002150
:103A300023EAE37C4FF47A720023CCFB0E01F5F706
:103A400063F902460B4602A809F056FB4FF020032B
:103A5000EFF3118A83F31288BFF36F8F00222B6874
:103A60005BB1434554D10199002A4BD16A68296062
:103A70009A4200D16960002301930AF0A7FDFFF785
:103A80000FFFD9F8003043608AF31188BFF36F8FBE
:103A90000DF00AFF002880D035686B1C27D00BF092
:103AA00085F84FF47A7EA0FB0E320EFB0121A4FBB9
:103AB0000E420EFB0722DB0BE40B43EA414344EAD0
:103AC00042441B1B4FEAD1314FEAE57C61EBD23116
:103AD000ED1A6CEB010CBCF1000FB8BF002535608E
:103AE0002DB96FE743608AF31188BFF36F8F002011
:103AF00055E7C3F80080C5F804808DE74FF0FF322A
:103B00001346A0E711606968994208BF6A60B2E78E
:103B10001A461B68A4E70AB0BDE8F087C0BE0120C2
:103B20004CDD002050DD002013B50A4B04461B6815
:103B300001934FF00003FBF757FC064B04601A6833
:103B4000019B5A404FF0000301D00AF031FE02B051
:103B500010BD00BFC0BE012007B5094B1B68019313
:103B60004FF00003064B1A68019B5A404FF00003C8
:103B700001D00AF01DFE03B05DF804EB08F0C4BEEE
:103B8000C0BE012037B5194B04681B6801934FF084
:103B900000032CB1164B9C4202D3A8339C420BD39A
:103BA000144C2378062B16D85D1C2570104C03EBA3
:103BB000430304EBC303036000680C4B1C68019BC8
:103BC0005C404FF0000301D00AF0F2FD03B0BDE805
:103BD000304009F037BA054B1A68019B5A404FF044
:103BE0000003F1D16FF00B0003B030BDC0BE012067
:103BF000A4DC0020371C012007B5094B1B6801938A
:103C00004FF00003064B1A68019B5A404FF0000327
:103C100001D00AF0CDFD03B05DF804EB09F034BA31
:103C2000C0BE012073B5174B05461B6801934FF0CA
:103C300000034B1C1FD021EAE1744FF4004640F210
:103C4000E73000214FF47A720023C4FB0601F5F738
:103C50005BF802460B46284609F04EFA094B00284D
:103C600018BF6FF00A001A68019B5A404FF000031A
:103C700005D00AF09DFD4FF0FF321346EBE702B08E
:103C800070BD00BFC0BE012007B5174B02681B689E
:103C900001934FF000032AB1144B9A4202D314331C
:103CA0009A4206D3124B1A7892B901221A700F4B1E
:103CB000036000680C4B1A68019B5A404FF00003E8
:103CC00001D00AF075FD03B05DF804EB09F0AAB865
:103CD000054B1A68019B5A404FF00003F1D16FF079
:103CE0000B0003B05DF804FBC0BE012090DC002097
:103CF000361C012007B5094B1B6801934FF00003E8
:103D0000064B1A68019B5A404FF0000301D00AF09D
:103D10004FFD03B05DF804EB08F0AABFC0BE012060
:103D200073B5174B05461B6801934FF000034B1CFE
:103D30001FD021EAE1744FF4004640F2E730002141
:103D40004FF47A720023C4FB0601F4F7DDFF02464C
:103D50000B46284608F0DCFF094B002818BF6FF01F
:103D60000A001A68019B5A404FF0000305D00AF080
:103D70001FFD4FF0FF321346EBE702B070BD00BFEE
:103D8000C0BE012037B50546124B1B6801934FF0AA
:103D90000003114BD3E8EF1F0131C3E8E21F002AF3
:103DA000F8D10E4B1C6844B90A4B1A68019B5A4063
:103DB0004FF000030BD00AF0FBFCE369AB4201D0EB
:103DC00005B113B9201D09F05FF92468EBE703B0D2
:103DD00030BD00BFC0BE01204CDD002050DD002002
:103DE00007B50B4B01461B6801934FF00003084BCE
:103DF0001A68019B5A404FF0000301D00AF0D8FC2A
:103E000000220023034803B05DF804EB08F0DEBC99
:103E1000C0BE0120A8DD002007B50A4B01461B6883
:103E200001934FF00003074B1A68019B5A404FF073
:103E3000000301D00AF0BCFC034803B05DF804EBBA
:103E400008F0DEBCC0BE0120A8DD002007B50B4B8A
:103E500001461B6801934FF00003084B1A68019B51
:103E60005A404FF0000301D00AF0A2FC00220023C8
:103E7000034803B05DF804EB08F0A8BCC0BE012005
:103E8000BCDD002007B50A4B01461B6801934FF0CB
:103E90000003074B1A68019B5A404FF0000301D002
:103EA0000AF086FC034803B05DF804EB08F0A8BCF8
:103EB000C0BE0120BCDD002007B50E4B4FF4806270
:103EC0000D490E481B6801934FF0000308F0ECFB0E
:103ED000084B1A68019B5A404FF0000301D00AF0CA
:103EE00067FC4FF402520649064803B05DF804EB44
:103EF00008F0DABBC0BE0120381C0120A8DD00207C
:103F0000E8840020BCDD002013B50C4B1B68019336
:103F10004FF000030A4B1C6844B9084B1A68019B18
:103F20005A404FF0000306D00AF042FC201D09F071
:103F3000ABF82468F0E702B010BD00BFC0BE01209E
:103F400050DD002073B50D4B05461B6801934FF003
:103F500000030B4C0B4EB44208D3084B1A68019B6C
:103F60005A404FF0000307D00AF022FCD4E9003198
:103F7000284698470834EEE702B070BDC0BE012065
:103F8000B8500200C050020007B50A4B0A481B682F
:103F900001934FF0000306F04DFD064B1A68019B9C
:103FA0005A404FF0000301D00AF002FC002003B099
:103FB0005DF804FBC0BE0120453F010013B5574B1F
:103FC00029281B6801934FF0000300F0A1800ADC50
:103FD000012857D0062800F09D80002800F0968028
:103FE0004FF0FF303BE0B0F58D7F04D0B0F5007F9F
:103FF000F6D11E2950E04B1E142BF1D801A050F829
:1040000023F000BF5B4001005B4001005B4001000A
:104010005B4001005B4001005B400100E13F0100AB
:10402000E13F0100E13F0100E13F0100E13F01000C
:104030005B4001005B4001007140010075400100E0
:10404000E13F0100E13F01005940010079400100DA
:104050007D400100814001000E21002011602F4BA6
:104060001A68019B5A404FF0000355D00AF0A0FB9C
:104070000F21F2E71021F0E71121EEE71221ECE722
:104080001321EAE736293FDC202907DC1429E4D094
:1040900038DC0229E1D00429DFD0A1E7A1F1210316
:1040A000152B9DD801A050F823F000BF5B40010004
:1040B0005B400100E13F0100E13F0100E13F010001
:1040C000E13F0100E13F01005B400100E13F0100F1
:1040D000E13F0100E13F0100E13F0100E13F01005C
:1040E000E13F0100E13F0100E13F0100E13F01004C
:1040F0005B4001005B4001005B4001005B40010050
:104100005B4001001529C7E73D29C5E71F29C3E723
:104110002029C1E73729BFE702B010BDC0BE01208A
:1041200007B50F4B4FF0FF321B6801934FF00003B0
:104130000C4B1A609A611A639A641A669A67C3F8FC
:104140009020C3F8A820064B1A68019B5A404FF0F4
:10415000000301D00AF02CFB002003B05DF804FB43
:10416000C0BE0120D4DD002007B5094B1B680193B8
:104170004FF00003064B1A68019B5A404FF00003B2
:1041800001D00AF015FB002003B05DF804FB00BF6E
:10419000C0BE01202DE9F041144600221E46284BE6
:1041A00086B001291B6805934FF000030D46CDE949
:1041B0000322DDF83080076810D1192C19D1FBF7E4
:1041C00013F95F2303604FF0FF301D4B1A68059B06
:1041D0005A404FF000032FD00AF0EAFA2146284651
:1041E00002AAFFF7EBFE00281EDAFBF7FDF86D23AD
:1041F000E8E72146284602AAFFF7E0FE0028F4DBA4
:10420000143C012C07D836B14FF008083268B36867
:104210000392049303AE334629463846029ACDF8FA
:10422000008007F033FAD0E7B5F58D7FF3D10C2C81
:1042300008BF4FF00408EEE706B0BDE8F08100BF0C
:10424000C0BE01202DE9F0411C462C4B88B01B68F4
:1042500007934FF0000300230F461546CDE90533C1
:10426000082306682946384603AADDF838800493F7
:10427000FFF7A4FE00280EDAFBF7B6F86D234FF027
:10428000FF3603601D4B1A68079B5A404FF000032E
:104290002FD00AF08DFA012F1CD1A5F11403012BA8
:1042A00018D804AA05AB304600923946039A07F0A5
:1042B00019FB06460028E5D1012FE3D1042D0CD1CE
:1042C00020680028DED0FFF72FFCFBF78DF803688D
:1042D0002360D7E742462346E5E7143D012DD1D8B8
:1042E000059BC4E90030069BA3601023C8F800308A
:1042F000C8E7304608B0BDE8F08100BFC0BE01206D
:1043000007B50A4B1B6801934FF00003074B1A686F
:10431000019B5A404FF0000301D00AF049FA0068AF
:1043200003B05DF804EB0CF06FBD00BFC0BE012010
:1043300037B50D4B04461B6801934FF0000344B999
:10434000094B1A68019B5A404FF000030AD00AF04B
:104350002FFAA06925680BF07BF820460BF078F85F
:104360002C46ECE703B030BDC0BE012007B51349B1
:104370000346096801914FF0000111490878C0B95E
:104380001049097839B1A2F58071022908D9A2F53E
:104390008872012A04D9013B022B8CBF0020012026
:1043A000064B1A68019B5A404FF0000303D00AF0F5
:1043B000FFF90020F4E703B05DF804FBC0BE012064
:1043C000B9200120B820012037B5104B02221B680C
:1043D00001934FF000034B8801F11404438003461E
:1043E00023F8042B0A1D52F8045BA24243F8045B35
:1043F000F9D10B7D0375054B1A68019B5A404FF0AC
:10440000000301D00AF0D4F903B030BDC0BE0120D2
:1044100037B5104B02221B6801934FF0000343880D
:1044200000F114044B800B4623F8042B021D52F8B4
:10443000045BA24243F8045BF9D1037D0B75054B85
:104440001A68019B5A404FF0000301D00AF0B0F9FE
:1044500003B030BDC0BE0120034630B51B4C8BB04D
:10446000246809944FF000041C680B880846012B4F
:1044700014D14A88ADF80430ADF8062008224B6804
:1044800001A9029320460CF0D1FB104B1A68099B3E
:104490005A404FF0000316D00AF08AF9022B05D1DA
:1044A00003A9FFF7B5FF162203A9EBE7074B18682E
:1044B000099B58404FF00003EED120460BB0BDE8F9
:1044C00030400CF0B3BB0BB030BD00BFC0BE01200C
:1044D000034610B51C680B88174A8AB0012B0846A2
:1044E000126809924FF0000214D14A88ADF80430E6
:1044F000ADF8062008224B6801A9029320460CF073
:1045000037FC0D4B1A68099B5A404FF0000310D03E
:104510000AF04EF9022B05D103A9FFF779FF162205
:1045200003A9EBE7FAF760FF6A2303604FF0FF305F
:10453000E7E70AB010BD00BFC0BE012013B50949AE
:10454000096801914FF0000106490C6801994C403F
:104550004FF0000101D00AF02BF902B0BDE8104085
:1045600008F0D6BBC0BE012073B5164B18251B68DA
:1045700001934FF0000300230168134C05FB03F285
:10458000A658B14211D1B0F906100E4B1868019B24
:1045900058404FF0000301D00AF00AF90832A01881
:1045A00002B0BDE870400AF0F5BE0133082BE5D13A
:1045B000044B1A68019B5A404FF00003ECD102B043
:1045C00070BD00BFC0BE0120D4DD002007B5094B7F
:1045D0001B6801934FF00003064B1A68019B5A4079
:1045E0004FF0000301D00AF0E3F803B05DF804EBEC
:1045F00008F03EBBC0BE01202DE9F04F14460E4628
:1046000000218BB01F46474B0546202201A81B689E
:1046100009934FF0000300910DF073F95CB16368EA
:104620000193E3680393A368029323690493E36906
:1046300003B1079301AC4FF0FF324FF0FF333A481C
:10464000FFF77CFF31466B462246284606F000FD08
:10465000064648B9804681464FF0180A009D3860EA
:1046600075B900980CF066FA2F48FFF7AFFF2D4B95
:104670001A68099B5A404FF000034ED00AF098F890
:1046800050200AF025FF0446002840D0C0F80090D2
:10469000C0F81C902B684360AB68C3606B68836094
:1046A000EB680361D5F804B0BBF1010F14D1082009
:1046B0000AF00EFFA06138B3082363616B695A8862
:1046C000A0F800B042805B684360B8F1000F21D1D0
:1046D0003C60A046ED69C3E7BBF1020F09D00AF0C8
:1046E000B7FE6FF005063868FFF722FE00233B6037
:1046F000B7E718200AF0ECFEA06128B1C4F814A0B6
:104700006969FFF761FEE0E720460AF0A1FE6FF05D
:104710000906E8E7C8F80040DBE730460BB0BDE823
:10472000F08F00BFC0BE012024CD00202DE9F0474E
:104730009846284B8CB00546D0E900900E461746A7
:104740001B680B934FF00003149C08B1FFF73EFF6A
:10475000CCB9CDE9004443463A46314648460CF0D0
:104760001EFC0446686828B14FF0FF324FF0FF335B
:10477000FFF7E4FE174B1A680B9B5A404FF00003FB
:1047800023D00AF015F82388012B0BD1ADF80C309B
:104790006368628804930823019303ABADF80E208D
:1047A0000093D8E7022B09D10DF1140A5146204697
:1047B000FFF72EFE1623CDE900A3CCE7FAF714FE8F
:1047C0006A234FF0FF340360CCE720460CB0BDE80D
:1047D000F08700BFC0BE01202DE9FF47474B0746C9
:1047E00090461B6803934FF000030C4679B30023F7
:1047F0001A46C868834239D1802A76D800254FF0FE
:10480000FF324FF0FF333E48FFF798FEA9463D4E7A
:10481000E3689D4231D300263546DFF8E8A0B14574
:1048200011DD85B96368384601932368A9EB060258
:1048300000930AEB06014346FFF778FF051EEEDD05
:104840002E44B145EEDC2E48FFF7C0FE05E0FAF736
:10485000CBFD16234FF0FF350360284B1A68039BEE
:104860005A404FF0000345D009F0A2FFA16801EBC8
:10487000C301496801330A44BCE7A36806EB090099
:1048800003EBC50253F8351052680DF02DF8A368FC
:104890004FEAC50A53445B6801359944B8E7A368F9
:1048A0004FEAC60A03EBC6035B683BB14FF0000951
:1048B000A36803EB0A025268914504D30136E3680A
:1048C0009E42ECD3C9E753F80A1063684944019348
:1048D000236838460093A2EB09024346FFF726FF00
:1048E000011E05DB89440D44E2E700263546E6E774
:1048F0000D46B2E7284604B0BDE8F087C0BE0120EF
:1049000060CD0020382001201FB50A4B1B6803939F
:104910004FF000030023CDE90033FFF707FF054BFD
:104920001A68039B5A404FF0000301D009F040FF82
:1049300004B010BDC0BE01202DE9F04F05469A46D7
:1049400040682F4B8BB00C46DDE9146791461B681D
:1049500009934FF0000308B1FFF738FED5F800B017
:1049600006B1D7B900232146CDE900334A46534664
:1049700058460CF055FC0446686828B14FF0FF32E9
:104980004FF0FF33FFF7DAFD1D4B1A68099B5A40C1
:104990004FF0000330D009F00BFF0DF10C08162288
:1049A000002140460CF0ADFF162202AB2146CDE9B6
:1049B0000083029253464A4658460CF031FC041ECE
:1049C000DADBBDF80C30012B0AD1029A082AD3D1C8
:1049D0003380BDF80E10049B718073603A60CBE7A2
:1049E000022BC9D1029B162BC6D141463046FFF798
:1049F000EBFC18233B60BFE720460BB0BDE8F08F0F
:104A0000C0BE01201FB50A4B1B6803934FF0000383
:104A10000023CDE90033FFF78FFF054B1A68039B96
:104A20005A404FF0000301D009F0C2FE04B010BD9F
:104A3000C0BE012073B5154B4FF0FF321B680193C8
:104A40004FF0000305464FF0FF331148FFF776FDA6
:104A5000002318200F4A00FB03F156588C1801362A
:104A60000CD155500A48FFF7B1FD084B1A68019B5D
:104A70005A404FF0000306D009F09AFE0133082B8C
:104A8000E9D10024EEE7204602B070BDC0BE01208F
:104A9000FCCC0020D4DD002013B5104B04461B686D
:104AA00001934FF000034FF0FF324FF0FF330C48FB
:104AB000FFF744FD4FF0FF320023C4E90023074B0A
:104AC0001A68019B5A404FF0000301D009F070FEB4
:104AD000034802B0BDE81040FFF778BDC0BE01201A
:104AE000FCCC002037B50D4B054600681B680193D0
:104AF0004FF0000306F098FD044610B92846FFF772
:104B0000CBFF064B1A68019B5A404FF0000301D0BF
:104B100009F04EFE204603B030BD00BFC0BE0120EC
:104B20002DE9F043344B89B007460C4615461B6807
:104B300007934FF00003F6F7BDFC0646002E3868D9
:104B40001DDBFCB10DB32B686A46082B18BF16237A
:104B50000DF10409009349460CF084F9B0F1000806
:104B60000ADBFFF767FF074690B9FAF73DFC0C2315
:104B70000360404606F058FD3046F6F717FD4FF04B
:104B8000FF3618E02246A146E5E72A46A946E2E7B5
:104B900064B15DB1B9F80030012B15D108222A604B
:104BA000BDF806202380029B628063603946304650
:104BB000124AF6F7CBFC104B1A68079B5A404FF08D
:104BC000000315D009F0F4FD022B06D1182320466E
:104BD0002B6001A9FFF7F8FBE8E7FAF705FC86234D
:104BE0000360404606F020FD3846FFF755FFC3E757
:104BF000304609B0BDE8F083C0BE01209024020019
:104C000013B50446104B114A1B6801934FF0000383
:104C10000F4B186003680F48DA61FBF733F823681D
:104C20000C33D3E8EF1F41F00801C3E8E21F002A6C
:104C3000F7D1054B1A68019B5A404FF0000301D091
:104C400009F0B6FD02B010BDC0BE0120954D0100B7
:104C5000D0DD002088240200F0B54C4B89B01B68E1
:104C600007934FF00003A1F581730768032B5ED80B
:104C7000DFE803F00247885A0124D2E90161136892
:104C8000434AB3F904300592ADF818308DF81A4054
:104C90003368994204D1FAF7A7FB0C23036014E0B0
:104CA00000F1080528460AF045FB21462B46002264
:104CB00030680AF087FA0823214600933C223846E0
:104CC00005AB06F0E3FC044610B14FF0FF340EE0F4
:104CD000336814333360CDE90300284603AA04A9DE
:104CE0000AF040FB049B002B18BF6FF07704274BA2
:104CF0001A68079B5A404FF000032CD1204609B098
:104D0000F0BDD2E900421368143313600023CDE9EB
:104D1000043304AA05A908300AF024FB059B0BB153
:104D2000049BE3800024E2E713684360FAE7032969
:104D30001CD0042922D1146834F4804303D0FAF73C
:104D400053FB16230360114BA2131968079B5940AC
:104D50004FF0000301D009F02BFD0421384602F08A
:104D6000010209B0BDE8F0400CF083BB00223846D8
:104D70000CF07FFB840304F48044B8E7FAF734FBBB
:104D800016238BE76FF05E04B1E700BFC0BE0120C1
:104D9000694501002DE9F341264B0D1E074690465B
:104DA0001B6801934FF0000318DA09F0ABFA224EAA
:104DB000012333704246384625F04041FAF7A8FCFB
:104DC00000233370044609F0C5FA1A4B1A68019B98
:104DD0005A404FF0000329D009F0EAFC6B0003D5DC
:104DE00009F090FA154EE3E7F6F764FB041E09DBC1
:104DF0002946424638460BF0BBFE051E05DA204622
:104E0000F6F7D4FB4FF0FF34DFE7FFF713FE014660
:104E100038B9FAF7E9FA0C230360284606F004FCD7
:104E2000EDE72046064AF6F791FBCEE7204602B0B2
:104E3000BDE8F081C0BE0120B9200120B8200120CA
:104E4000902402001FB50C4B1B6803934FF0000326
:104E5000D0E90032012100920848094AF8F7B2FC73
:104E6000054B1A68039B5A404FF0000301D009F02C
:104E70009FFC05B05DF804FBC0BE0120EC210200E0
:104E800089380200034673B50C46114A006812685F
:104E900001924FF00002DA88197922430124056952
:104EA0008C402B6812F0010F14BF2343A343866884
:104EB0002B60074B1C68019B5C404FF0000301D046
:104EC00009F076FC336802B0BDE87040184700BFB7
:104ED000C0BE012013B5144B1B6801934FF00003B3
:104EE000012303FA01F103691B6819420AD05AB180
:104EF0000D4B1A68019B5A404FF000030BD1836899
:104F00001B690CE0002AF3D0074B1A68019B5A403A
:104F10004FF0000301D009F04BFC8368DB6802B05E
:104F2000BDE81040184700BFC0BE012007B50A4BBE
:104F30000A461B6801934FF00003074B1968019B59
:104F400059404FF0000301D009F032FC012103B0B9
:104F50005DF804EBF8F704BCC0BE012007B50B4BAD
:104F60000B490C481B6801934FF00003FFF7DEFF6D
:104F7000064B1A68019B5A404FF0000301D009F01C
:104F800017FC6FF0150003B05DF804FBC0BE0120F4
:104F9000B23802009C21020007B50B4B0B490C48AC
:104FA0001B6801934FF00003FFF7C0FF064B1A6820
:104FB000019B5A404FF0000301D009F0F9FB00209B
:104FC00003B05DF804FB00BFC0BE0120CD38020075
:104FD0009C2102002DE9F74300241F4B25461B6846
:104FE00001934FF000034FF001081C4E30683779F1
:104FF000D0F81090836869465B689847002813D002
:105000001BDB08FA05F31C430135042D06F10806E5
:10501000ECD1114B1A68019B5A404FF0000313D199
:10502000204603B0BDE8F083D9F80020009B08FAC1
:1050300007F753403B42E7D0E3E7074B1A68019B71
:105040005A404FF0000301D009F0B2FB03B0BDE8B5
:10505000F043FFF7A1BF00BFC0BE0120F024020053
:105060002DE9F341184B074688461B6801934FF022
:1050700000030025154E27FA05F212F0010216D1A1
:1050800028FA05F3DB0714D531793068FFF722FFE2
:10509000044670B10E490F48FFF748FF0A4B1A68E3
:1050A000019B5A404FF000030AD009F081FB012216
:1050B000EAE70135042D06F10806DCD10024EDE70E
:1050C000204602B0BDE8F081C0BE0120D02402001D
:1050D000E23802009C2102002DE9F743274B0746E6
:1050E0001B6801934FF0000300264FF00109244D87
:1050F000DFF89080286877B340452FD0002814BF90
:105100004FF0E8624FF0986229798368D0F810C0B8
:105110009C6934B3130208D5DCF800C009FA01F326
:1051200013EA0C0F18BF82F0C06202F0C06302F0F5
:10513000B072A0470446B8B101212346124A134871
:10514000F8F726FB0D4B1A68019B5A404FF00003FD
:1051500010D009F02DFB4FF40012D5E74FF0986204
:10516000D2E76FF05704E7E70136042E05F1080592
:10517000C0D1E7E7204603B0BDE8F083C0BE012000
:10518000F02402000C1F0200F83802009C210200EB
:1051900037B51A4B1B6801934FF000034FF0200303
:1051A000EFF3118583F31288BFF36F8F144C2378CC
:1051B000ABB9144B984200D050B90020FFF78CFFD8
:1051C00018B111491148FFF7B1FE0022104B1A70B7
:1051D0000123212223700F48002308F0F3FA85F3FE
:1051E0001188BFF36F8F054B1A68019B5A404FF02F
:1051F000000301D009F0DCFA03B030BDC0BE0120CD
:10520000BB2001200C1F0200183902009C21020063
:10521000BA20012060D700202DE9F341464B474FCB
:105220001B6801934FF000033B78A3B10020FFF708
:1052300053FF78B1404B1A68019B5A404FF000036E
:1052400001D009F0B5FA3E493E4802B0BDE8F04150
:10525000FFF76CBE3870FFF7BDFE04463A4BD3E84B
:10526000EF2FC3E8E14F0029F9D1384BDFF8E08098
:105270001A7882BBD8F80060A64219D0354B664038
:105280001B680BB1314698474FF0FF334FF0FF32A8
:10529000314807F03DFD314B1D6835B1043D2B68A9
:1052A0003146204698476D68F7E72B4807F0E0FC49
:1052B000C8F8004094B1204B1A68019B5A404FF047
:1052C0000003BED14FF4A4720023254802B0BDE80C
:1052D000F04108F077BA00221A70E9E74FF0200396
:1052E000EFF3118683F31288BFF36F8F1D4B1D7888
:1052F000012D0DD086F31188BFF36F8F0E4B1A6806
:10530000019B5A404FF000039BD102B0BDE8F081F1
:1053100028461C70FFF7E0FE3D7086F31188BFF34E
:105320006F8F0028EAD0044B1A68019B5A404FF057
:10533000000386D10C4987E7C0BE0120BA200120B6
:10534000343902009C210200C4DE0020FCCB002086
:1053500098DE0020C8DE00209CDE0020B0DE0020A9
:1053600060D70020BB2001204D39020073B5184BD7
:1053700000251B6801934FF00003164E4FF40031D7
:105380003046FFF77FFD044660B113491348FFF72D
:10539000CDFD0F4B1A68019B5A404FF0000313D00C
:1053A00009F006FA0135042D06F10806E6D1084B8E
:1053B0001A68019B5A404FF00003F1D10F2102B04F
:1053C000BDE87040FFF74CBE204602B070BD00BF84
:1053D000C0BE0120D0240200653902009C210200D9
:1053E00007B50E4B1B6801934FF000030C4BD3E83D
:1053F000AF3F00B103600B4811B102685A400A6028
:105400000360064B1A68019B5A404FF0000301D01D
:1054100009F0CEF903B05DF804FB00BFC0BE012067
:10542000C4DE002094DE00202DE9F7433F4B1B68CB
:1054300001934FF000033E4B18603E4D3E4807F08D
:10544000F1FC2E460027A846F388304613F0010FE2
:105450000CBF2021102141F48031FFF713FD0446D9
:1054600060B136493648FFF761FD304B1A68019B41
:105470005A404FF0000355D009F09AF90137042F34
:1054800006F10806E0D1064607464FF001092868F4
:10549000297983689C693CB100234FF40012A0472E
:1054A000044620B12749DDE76FF05704FAE72B796E
:1054B000013609FA03F3042E47EA030705F108054C
:1054C000E5D10546204E214BC6E9013758F8350095
:1054D0008368DB6933B1012231469847044620B125
:1054E0001B49BFE76FF05704FAE70135042DEDD1F2
:1054F0001849194808F0B2F80122184B16481A70DA
:105500000023002208F004F921462046FFF768FF37
:10551000FFF760FD124BD3E8EF2FC3E8E10F00293E
:10552000A3D0F8E7204603B0BDE8F083C0BE012059
:10553000C8DE0020F02402009CDE00207F3902003B
:105540009C2102009C390200B8DE0020915101002C
:10555000B73902001952010060D70020BB2001209A
:10556000C4DE002013B5174B03280A461B680193BD
:105570004FF000030DD9134B1A68019B5A404FF0AE
:10558000000301D009F014F902B0BDE81040FFF7A4
:10559000E5BC0D4B03EBC001097953F83000FFF770
:1055A00099FC044618B109490948FFF7BFFC054BAF
:1055B0001A68019B5A404FF00003E3D1204602B025
:1055C00010BD00BFC0BE0120D0240200E23802009E
:1055D0009C21020007B50A4B1B6801934FF00003A2
:1055E000074B1A68019B5A404FF0000301D009F0A5
:1055F000DFF8012103B05DF804EBFFF7B3BF00BF94
:10560000C0BE012007B50A4B1B6801934FF0000391
:10561000074B1A68019B5A404FF0000301D009F074
:10562000C7F8002103B05DF804EBFFF79BBF00BF94
:10563000C0BE012007B50E4B0E481B6801934FF00A
:10564000000305F0F1F9034620B101210A4A0B4895
:10565000F8F79EF8064B1A68019B5A404FF000037A
:1056600001D009F0A5F8002003B05DF804FB00BFED
:10567000C0BE012081560100DF39020084210200F2
:105680002DE9F04383B02D4B00AF04461B687B60CF
:105690004FF0000300262A4DDFF8A8904D4527D390
:1056A000EEB12046F3F7A2FC0022411D002326485C
:1056B00007F08CF8054680BB6E4688B06A46234BDF
:1056C000C2E905344FF400739383214B42F8103F35
:1056D0004FF4E45103461F48F7F7AEFFB546174BAA
:1056E0001A687B685A404FF0000322D009F060F836
:1056F00095F8088018F0010F0BD1296819B12046E0
:105700000CF0DDF928B118F0020F04D020466B68C8
:1057100098470C35C2E70126FBE7214604300CF020
:1057200079F929460C4807F02DFC0C4807F034FFA6
:10573000D5E70C37BD46BDE8F08300BFC0BE0120F1
:105740001CCC002070CC0020D4CC00200C3A0200ED
:105750000300000184210200E8CD002004C90020DC
:105760002DE9F7431A4B1B4E1B6801934FF00003C2
:10577000194FDFF8688000220023304607F01EFC36
:105780000546F0B9124B1A68019B5A404FF00003CE
:105790001BD009F00DF8237ADA070AD49B0708D446
:1057A000216819B148460CF08AF910B1484663687F
:1057B00098470C34BC42EED32946404607F020F807
:1057C000D9E7074C05F10409F4E703B0BDE8F0831D
:1057D000C0BE0120E8CD002070CC0020D4CC002039
:1057E0001CCC002007B50E4B1B6801934FF0000343
:1057F000A0F12303DBB2082B9CBF40F20510D84078
:10580000074B8CBF002000F001001A68019B5A4032
:105810004FF0000301D008F0CBFF03B05DF804FBAC
:10582000C0BE012007B5114B1B6801934FF0000368
:105830000F4B1B5C03F00303022B08BF2038C0B2E0
:10584000A0F14103192B0CD9A0F15F035842584134
:10585000064B1A68019B5A404FF0000303D008F032
:10586000A7FF0120F4E703B05DF804FBC0BE0120F0
:105870006C4F020007B50E4B1B6801934FF00003FD
:10588000A0F12C03DBB2112B96BF0A480020D840B0
:10589000074B98BF00F001001A68019B5A404FF077
:1058A000000301D008F084FF03B05DF804FB00BFE3
:1058B000C0BE01200140020007B50C4B0D281B683B
:1058C00001934FF000030CD0A0F10A035842584155
:1058D000064B1A68019B5A404FF0000303D008F0B2
:1058E00067FF0120F4E703B05DF804FBC0BE0120B0
:1058F00073B50E4B05681B6801934FF00003AB1C9A
:105900000360AE7804463046FFF7D6FF10B90EB1FB
:1059100003352560054B1A68019B5A404FF0000380
:1059200001D008F045FF02B070BD00BFC0BE01202D
:10593000F7B5124B05461B6801934FF00003002496
:105940000F4E56F8047B3846F3F750FB39460246B3
:1059500028460CF083F860B10134042CF1D100200A
:10596000064B1A68019B5A404FF0000303D008F021
:105970001FFF0120F4E703B0F0BD00BFC0BE01204F
:10598000102502002DE9F047774B0468A4B01B688E
:1059900023934FF00003237880460E46154601946A
:1059A000002B00F0DB80714B1B78062B17D10020F9
:1059B000671C0197B946824617F8010BFFF732FFC3
:1059C0000028F7D1BAF1000F01D0CDF80490A9EB6F
:1059D000040322463146284600F0F2FB46E0013B34
:1059E000082B43D8DFE803F06C4F62AA0D421C3F3E
:1059F000050022460021134612F8010B60B1012177
:105A0000F9E7224600215A4F134612F8010B385C81
:105A100010F0440F40F0A08001B101931B1BD8E7A8
:105A200001A8FFF765FF0022019B51481F4613F8AC
:105A3000011B415C490710D102B101973B1B224673
:105A40003146284600F0BCFB3B783D2B07D17B78E4
:105A50003F2B0BD10237019708E00122E6E73F2BED
:105A600004D10137F7E7284600F05EFB0020019BD8
:105A7000C8F800303C4B1A68239B5A404FF0000393
:105A80006FD008F095FE274697F800904846FFF73C
:105A900013FF3B46013710B9B9F1000FF4D122468C
:105AA000314628461B1B00F08BFBD4E727463A788B
:105AB0003B46222A07F10107F1D0002AF7D1EEE791
:105AC00020460A2202A90AF09DF90124029B0390B4
:105AD0000193019B1878292825D020B303F10109EF
:105AE000FFF7C8FECDF8049008B9274619E00A224E
:105AF00002A948460AF086F924AB671C03EB84042C
:105B000044F8840C4846F3F771FADDF8089004462F
:105B10004846F3F76BFA844206D0202FCDF8049064
:105B200002D03C46D5E72746BB003146284603AAAB
:105B300000F07AFB019B0133019397E70A2220468C
:105B400002A90AF0E3F80B460299024601912846A1
:105B5000314600F00FFB89E7012155E74FF0FF3098
:105B600088E724B0BDE8F087C0BE0120BD20012039
:105B70006C4F020013B51D4B04461B6801934FF098
:105B80000003F3F733FA012829D923781849CA5CAE
:105B900002F00302022A08BF203B412B1FD1637889
:105BA000CA5C02F00302022A08BF203B542B16D124
:105BB000A47804F0F703232B13D0252C11D0204612
:105BC000FFF77AFE10B9B4FA84F04009074B1A685F
:105BD000019B5A404FF0000305D008F0E9FD00207A
:105BE000F4E70120F2E702B010BD00BFC0BE012003
:105BF0006C4F02002DE9F3416D4B07461B68019382
:105C00004FF000030468DFF8AC8100293DD1207813
:105C1000FFF7E8FD684E054660B3062305222046DF
:105C2000664933700BF01AFFF8B10522204664492B
:105C30000BF014FFC8B10B22204662490BF00EFF97
:105C400098B10A22204660490BF008FF68B10B2288
:105C500020465E490BF002FF38B1072220465C491E
:105C60000BF0FCFEB0FA80F56D0988F800500020BA
:105C70003C6050E098F8003053B92046FFF77AFFB7
:105C8000002851D007233370F1E798F800301BB19A
:105C90000222494B1A70EAE700294CDDA04698F829
:105CA00000504646284608F10108FFF705FE002887
:105CB000F5D13046F3F79AF9032837D92B46454AF0
:105CC000515D01F00301022908BFA5F12003412B1A
:105CD0002CD17378D15C01F00301022908BF203B6D
:105CE000542B23D1B378D15C01F00301022908BF02
:105CF000203B2B2B0AD0252B18D1F378D25C02F055
:105D00000302022A08BF203B582B0FD009226FF054
:105D10000100294B1A70264B1A68019B5A404FF01C
:105D2000000341D008F044FD0223ACE72078FFF7E0
:105D300059FD002835D12578264B5B5D5B070AD4D9
:105D40002D2D08D02B2D06D0222D07D103221A4B42
:105D500001341A708BE70422174B9BE7282D04D1DE
:105D60000122154B14441A7081E72846FFF7A4FD61
:105D700080B1114E3378042B09D125462C4615F8F5
:105D8000010BFFF799FD0028F8D105237BE7082BCD
:105D90003FF46DAF2846FFF76DFD10B10822064BAA
:105DA00078E74FF0FF30B6E702B0BDE8F08100BF02
:105DB000C0BE0120BC200120BD200120433A0200CA
:105DC000493A02004F3A02005B3A0200663A02008A
:105DD000723A02006C4F02002DE9F04F1F465E4BF5
:105DE00085B0894616461B6803934FF00003804632
:105DF000002800F0AA80002A00F0A7805368002B3A
:105E000000F0A38000244546104600F045F93368B1
:105E1000CDF808809F4228BF1F46504B1C70504B46
:105E20001C70AA469AF80000FFF746FDA34601350C
:105E300004460028F5D1BBF1000F01D0CDF808A031
:105E40000025029B1A78002A59D0AF4257D94549FC
:105E500002A88A5C2946120744BF01330293FFF768
:105E6000C9FE431C4BD0023008BF002532462946EC
:105E700002A808BFCDF80880FFF784FD01303ED0AE
:105E8000DDF808A09AF80000FFF7F4FCB8B19AF822
:105E90000100FFF711FD78B10135BD424ED0294612
:105EA00002A8FFF7A7FE013029D03246294602A8F2
:105EB000FFF768FD013022D0029B01330293DDF829
:105EC00008B09BF80000FFF7F7FC90B30BF1010B53
:105ED0009BF80020DA4610460192FFF7EDFC0BF12B
:105EE000010B019A0028F3D13AB11046FFF77AFC72
:105EF00018B95046FFF71CFDD8B1CDF808A0029D97
:105F0000F4B92B78FBB12846FFF712FD002814BF27
:105F100000206FF00A00B9F1000F01D0C9F800505D
:105F20000D4B1A68039B5A404FF0000310D008F045
:105F30003FFC0135BD4208BF012482E70446DEE78D
:105F40006FF00600E7E72046E5E76FF01500E7E7AA
:105F500005B0BDE8F08F00BFC0BE0120BD2001200C
:105F6000BC2001206C4F020037B50A4C2468019414
:105F70004FF00004074C2568019C65404FF0000479
:105F800001D008F015FC136803B0BDE83040FFF7FE
:105F900023BF00BFC0BE012007B50C4B1B68019397
:105FA0004FF0000303688B4288BF4068074B94BFE3
:105FB000002000EB01101A68019B5A404FF00003CB
:105FC00001D008F0F5FB03B05DF804FBC0BE012072
:105FD00007B50E4B1B6801934FF000030378012BAC
:105FE0000CD0023B012B0BD84068084B1A68019B70
:105FF0005A404FF0000305D008F0DAFB0820F4E720
:106000000020F2E703B05DF804FB00BFC0BE012032
:1060100013B50E4B04461B6801934FF00003037841
:10602000023B012B02D8806809F012FA00220023FB
:10603000C4E90223054B1A68019B5A404FF0000344
:1060400001D008F0B5FB02B010BD00BFC0BE0120FA
:1060500037B5104B0D461B6801934FF00003044603
:1060600080B11021284609F04BFA606068B1002029
:106070002560084B1A68019B5A404FF0000307D077
:1060800008F096FB6FF01500F3E76FF00B00F0E7F8
:1060900003B030BDC0BE012073B5124B04461B686F
:1060A00001934FF0000328B143681BB1002523681A
:1060B0009D4208D30B4B1A68019B5A404FF00003D6
:1060C0000ED008F075FB666806EB05163046FFF744
:1060D0009FFF1022002130460BF013FC0135E6E74C
:1060E00002B070BDC0BE012037B50E4B04461B6820
:1060F00001934FF0000348B143683BB10025FFF71F
:10610000CBFF6068256009F0A3F96560054B1A684C
:10611000019B5A404FF0000301D008F049FB03B047
:1061200030BD00BFC0BE012013B5114B1B680193E9
:106130004FF00003B8B14368ABB1FFF72DFF044641
:1061400088B1FFF765FF042300222370002300209D
:10615000C4E90223064B1A68019B5A404FF0000322
:1061600004D008F025FB6FF01500F3E702B010BD76
:10617000C0BE012073B51D46104B16461B68019327
:106180004FF00003A8B143689BB1FFF705FF044639
:1061900078B1FFF73DFF01230020C4E902652370B9
:1061A000064B1A68019B5A404FF0000304D008F0D8
:1061B000FFFA6FF01500F3E702B070BDC0BE01201A
:1061C000F7B51D46174B17461B6801934FF00003A8
:1061D00000B34368F3B1EAB1FFF7DEFE0446C8B18D
:1061E000681C09F075F90646B8B12A4639460BF025
:1061F0007BFB2046FFF70CFF022300206560237025
:10620000A660084B1A68019B5A404FF0000307D064
:1062100008F0CEFA6FF01500F3E76FF00B00F0E72F
:1062200003B0F0BDC0BE0120F7B51D46174B1746A1
:106230001B6801934FF0000300B34368F3B1EAB168
:10624000FFF7AAFE0446C8B1284609F041F9064600
:10625000B8B12A4639460BF047FB2046FFF7D8FE77
:106260000323002065602370A660084B1A68019B19
:106270005A404FF0000307D008F09AFA6FF015006B
:10628000F3E76FF00B00F0E703B0F0BDC0BE0120F4
:1062900013B5154B14461B6801934FF00003F0B182
:1062A0004368E3B1DAB1FFF777FEC0B10378012BA1
:1062B00015D1D0E9023213F5004142F10002B1F5E7
:1062C000803F72F100020AD200202380064B1A6838
:1062D000019B5A404FF0000304D008F069FA6FF0B8
:1062E0001500F3E702B010BDC0BE012013B5134B7B
:1062F00014461B6801934FF00003D0B14368C3B14B
:10630000BAB1FFF749FEA0B10378012B11D1D0E952
:106310000232B3F5803F72F100020AD200202380DE
:10632000064B1A68019B5A404FF0000304D008F056
:106330003FFA6FF01500F3E702B010BDC0BE0120B8
:1063400013B5134B14461B6801934FF00003D0B1F3
:106350004368C3B1BAB1FFF71FFEA0B10378012BA8
:1063600011D1D0E9023213F1004142F1000252B9D9
:1063700000202360064B1A68019B5A404FF000032F
:1063800004D008F015FA6FF01500F3E702B010BD65
:10639000C0BE012013B5114B14461B6801934FF08A
:1063A0000003B0B14368A3B19AB1FFF7F5FD80B126
:1063B0000378012B0DD1D0E902230020C4E900238A
:1063C000064B1A68019B5A404FF0000304D008F0B6
:1063D000EFF96FF01500F3E702B010BDC0BE012069
:1063E000F7B51C46174B17461B6801934FF0000387
:1063F00000B34368F3B1EAB1E4B1FFF7CDFD06465F
:10640000C0B10378022B15D1FFF7E2FD23680546E2
:10641000834212D30246B16838460BF065FA002079
:106420002560084B1A68019B5A404FF0000307D0C3
:1064300008F0BEF96FF01500F3E76FF00B00F0E71E
:1064400003B0F0BDC0BE012037B5124B05461B6836
:1064500001934FF00003B0B14068A0B12C681CB1AB
:10646000002408B1037843B90A4B1A68019B5A40CB
:106470004FF000030AD008F09BF90134214628466A
:10648000FFF78AFDEDE76FF01504EDE7204603B056
:1064900030BD00BFC0BE012013B5094B1B6801937E
:1064A0004FF00003064B1C68019B5C404FF000035B
:1064B00001D008F07DF902B0BDE81040F7F750B9FF
:1064C000C0BE012037B5094C246801944FF0000488
:1064D000064C2568019C65404FF0000401D008F08F
:1064E00067F903B0BDE83040F7F752B9C0BE0120EC
:1064F00010B5044694B0144B4822002168461B682E
:1065000013934FF000030BF0FCF90122204602A97F
:1065100001F066F8034668B101210C4A0C48FFF708
:10652000D1FF094B1A68139B5A404FF0000308D063
:1065300008F03EF9032368468DF8003000F0E6FECF
:10654000EFE714B010BD00BFC0BE01209D3A0200AD
:10655000C421020010B5044694B0134B4822002118
:1065600068461B6813934FF000030BF0CAF92046EE
:1065700002A9F2F745FD034668B101210B4A0C4818
:10658000FFF7A0FF084B1A68139B5A404FF0000317
:1065900008D008F00DF9022368468DF8003000F0AD
:1065A000B5FEEFE714B010BDC0BE0120C43A020032
:1065B000C421020010B5044694B0174B48220021B4
:1065C00068461B6813934FF000030BF09AF92046BE
:1065D00002A901F045F9034668B101210F4A1048AC
:1065E000FFF770FF0C4B1A68139B5A404FF00003E3
:1065F0000FD008F0DDF8029B039AA3F59C53083BEB
:106600001343EFD1062368468DF8003000F07EFE7C
:10661000E8E714B010BD00BFC0BE0120E03A0200A0
:10662000C421020030B5444BA7B0002148220546E2
:1066300068461B6825934FF000030BF062F900F0E9
:106640000DFE0146A0B93D4C2378032B41D94822C9
:106650000DEB02000BF055F96078A8B1302108F07D
:106660004FFF044688B9364A01213648FFF714FF28
:10667000354806F009FD304B1A68259B5A404FF00B
:10668000000357D008F094F8044629462B4814AA72
:10669000239401F0E7FAC11D034607D001280BD966
:1066A00001212A4A2748FFF70DFF0BE00A230221A8
:1066B000274A2448FFF706FF072312A88DF8483021
:1066C00000F024FE204608F0C3FE219808F0C0FE2A
:1066D000CEE7284601F028F9044630B1102108F031
:1066E0000FFF044608B91B4ABEE7284602A90F94CB
:1066F00001F04CF9C21D034607D0012810D9012131
:10670000124A1048FFF7DEFE10E00221124A0D483F
:10671000FFF7C2FE0A230221104A0A48FFF7D2FE01
:10672000072368468DF8003000F0F0FD002C9FD064
:106730002046CBE727B030BDC0BE0120602101203C
:10674000143B0200C4210200D0CD0020A23B020075
:10675000403B0200CC3B0200F93B0200683B0200D8
:1067600010B5044694B01D4B4822002168461B68B2
:1067700013934FF000030BF0C4F8204602A901F078
:1067800001FD034668B10121154A1648FFF79AFE3C
:10679000124B1A68139B5A404FF000031CD008F0AC
:1067A00007F89DF808305A1E032A01D9072BEFD1AC
:1067B000DDE90421A2F59C53083B0B4308D00A43B2
:1067C00008D00A2368468DF8003000F09FFDDFE70F
:1067D0000823F7E70923F5E714B010BDC0BE012078
:1067E000203C0200C421020010B5044694B0134BB3
:1067F0004822002168461B6813934FF000030BF0FA
:1068000080F8204602A901F02BFD034668B1012162
:106810000B4A0C48FFF756FE084B1A68139B5A4068
:106820004FF0000308D007F0C3FF0B2368468DF834
:10683000003000F06BFDEFE714B010BDC0BE0120CA
:106840005C3C0200C421020007B5134B13481B68CF
:1068500001934FF0000304F0F3F8034678B10121EF
:106860000F4A1048FFF72EFE6FF00D000A4B1A6812
:10687000019B5A404FF000030AD007F099FF0A48E5
:1068800004F0DEF80028F1D003460221074AE8E7C9
:1068900003B05DF804FB00BFC0BE01208C3C0200C9
:1068A000973C0200C421020083410200CD3C02005B
:1068B00007B50C4B0C4A01210C481B6801934FF0A3
:1068C0000003FFF7E9FD074B1A68019B5A404FF0A0
:1068D000000301D007F06CFF6FF0150003B05DF806
:1068E00004FB00BFC0BE0120033D0200C421020022
:1068F00037B5204B0C461B6801934FF0000305464B
:1069000040B989B30846F2F771FB082820D06FF030
:10691000150014E0F2F76AFB0828F8D1DCB1204634
:10692000F2F764FB0828F2D10922294612480BF03D
:1069300079F80922214611480BF074F800200D4B1C
:106940001A68019B5A404FF0000310D007F030FF47
:10695000094B1D70EDE70922294607480BF062F844
:106960000022064B1A70E9E7034B1970F8E703B0F1
:1069700030BD00BFC0BE0120FFCB002008CC0020EE
:1069800013B51D4B1B6801934FF0000378B31B48F0
:10699000F2F72CFB04461A48F2F728FB082C1DD10D
:1069A000082816D1164A1549164804F049F838B196
:1069B000034601211448154AFFF784FD6FF00D00CE
:1069C0000D4B1A68019B5A404FF0000311D007F09D
:1069D000EFFE0A490E4804F033F8E8E7082802D130
:1069E00007490C48F7E70C4804F02AF8DFE70B48A2
:1069F000FAE702B010BD00BFC0BE0120FFCB0020EF
:106A000008CC0020193D0200C4210200603D0200B4
:106A1000303D0200423D0200553D02008E41020021
:106A2000F0B5414B8DB01B680B934FF00003002372
:106A30000D460646CDE90233CDE90533CDE90833ED
:106A40008DF810308DF81C308DF82830002865D076
:106A5000002963D0354CA0212046354A237004F02C
:106A600053F8034678B10121324A3348FFF72AFD33
:106A70006FF00D042C4B1A680B9B5A404FF000032B
:106A80004FD007F095FE20462C210AF0B6FF0446B1
:106A900048B96FF04C04EDE734B90121274A264884
:106AA000FFF7FAFCF5E70C27601C2C210AF0A5FF84
:106AB000013F0446F0D10028EFD00822811C0DEBE5
:106AC00002000AF0DDFF601C2C210AF096FF04464C
:106AD0000028E2D0811C082205A80AF0D1FF2C2151
:106AE000601C0AF08AFF0028D7D0811C082208A861
:106AF0000AF0C6FF6B4608AA05A902A800F0D2FC5E
:106B0000044630B1034601210D4A0B48FFF7DAFC79
:106B1000B0E7009B3360019B2B60ABE76FF015047F
:106B2000A8E720460DB0F0BDC0BE0120BE20012068
:106B30008F3D02009C3D0200C4210200B93D0200CD
:106B4000D33D02002DE9F041A6B00024054602AF76
:106B5000634B4822002107F140001B68C7F88C30C6
:106B60004FF000030AF0CDFE3022214607F110005D
:106B7000BC7107F108080AF0C4FEFB1DBC60C8F830
:106B8000044001210093284607F11003BA1D00F0CC
:106B900085FDF0B16E468AB002AA524BD561C2E9BA
:106BA000053040F2013313844F4B42F8103F4FF44D
:106BB000115123464D48F6F73FFDB546484B1A683C
:106BC000D7F88C305A404FF0000300F0858007F072
:106BD000EFFDBB7903F0FB03012B04D1BB6901334B
:106BE0005CD10423BB7100F039FB0028E6D1404A98
:106BF000BB791178994208D087F8400007F140002E
:106C0000137087F8483000F081FB3A4BB9699A68F5
:106C1000914203D1DB68FA699A421DD00423354DB5
:106C200007F1100487F840300FCC0FC50FCC0FC50B
:106C300094E80F0085E80F0007F1480607F11005FA
:106C40000FCD0FC60FCD0FC694E80F0086E80F00DA
:106C500007F1400000F05AFB274AFB79117899426E
:106C600009D01370052207F1400087F8402087F80B
:106C7000483000F04BFBBC7904F0FB04012C9DD1A3
:106C8000404607F10C01FFF7CBFE58B14D3095D0CF
:106C900021461A4A1548FFF7FFFB8FE7184806F010
:106CA000F3F9A0E7174BB9681A6891421A4603D165
:106CB0005B68F968994281D098E80300012387F85E
:106CC000403007F1480382E8030083E8030007F13E
:106CD000400000F01BFB71E79037BD46BDE8F08136
:106CE000C0BE0120003E020004000001C4210200D9
:106CF0005F21012090D700205E2101202C3E020060
:106D000088CD0020D0DE002007B50D4A034612686A
:106D100001924FF0000200220A48114603F090FE53
:106D2000074B002818BF6FF00D001A68019B5A40EE
:106D30004FF0000301D007F03BFD03B05DF804FB0A
:106D4000C0BE01204A3E02002DE9F04F2D4B85B018
:106D50001B6803934FF0000304220523CDE90123B0
:106D6000A8B9294803F06CFE0346002845D0274AFD
:106D700027480121FFF7A6FB6FF00D00214B1A6891
:106D8000039B5A404FF0000339D007F011FD002655
:106D9000DFF88080DFF88090DFF880A001AF57F83F
:106DA000044B1F4D042C14BFC346CB46584618BF96
:106DB0005546F2F71BF904280AD15A4621461948CC
:106DC00003F03EFE034640B1174AD1E70126E6E74D
:106DD0002146164803F034FEF4E72846F2F706F998
:106DE000042808D12A462146114803F029FE03460B
:106DF00008B1104ABCE7002EE8D00020BEE705B07D
:106E0000BDE8F08FC0BE0120984102005F3E020045
:106E1000C421020011CC002016CC002062210120E8
:106E2000672101208A3E0200AD3E02009E3E020024
:106E3000D73E0200E83E02001FB5184B04461B680F
:106E400003934FF000030023029308B302AB1449ED
:106E500014480DF1060203F017FF031E0FDC124861
:106E60000121124AFFF72EFB6FF00D000B4B1A6841
:106E7000039B5A404FF000030DD007F099FC029B92
:106E8000002001330CBF04239DF806302370EDE78A
:106E90006FF01500EAE704B010BD00BFC0BE0120CE
:106EA000123F02002F3F0200C4210200393F0200BE
:106EB00037B51C4B421E062A05460C461B6801933B
:106EC0004FF0000310D90346174A18480121FFF775
:106ED000F9FA6FF01500134B1A68019B5A404FF0F6
:106EE00000031DD007F064FC042902D90B46104AA8
:106EF000EBE7104A525C104951F820100F4803F09C
:106F00009FFD40B10346012108480D4AFFF7DAFA18
:106F10006FF00D00DFE70B4A0B4B15701C70DAE7C2
:106F200003B030BDC0BE0120663F0200C421020094
:106F3000883F02007E41020020250200AD3F020092
:106F4000C33F0200FECB0020FDCB002013B5154B44
:106F500004461B6801934FF00003E8B1124913483F
:106F60000DF1020203F090FE012803460FD01048F5
:106F70000121104AFFF7A6FA6FF00D00094B1A68BD
:106F8000019B5A404FF0000309D007F011FCBDF8F7
:106F9000023000202370F1E76FF01500EEE702B039
:106FA00010BD00BFC0BE0120E83F0200F33F020059
:106FB000C4210200FC3F020037B5234B04280446DD
:106FC0001B6801934FF0000321D8042824D8DFE880
:106FD00000F02C0A2C232C0001231C4AAB40134246
:106FE00023D1012D18D1FFF72FFC0346E8B1012171
:106FF000174A1848FFF766FA6FF00D00124B1A682F
:10700000019B5A404FF000031BD007F0D1FBA0F1C9
:107010001405EDB2182DDFD90E48234601210E4A82
:10702000FFF750FA6FF01500E8E721460B4803F030
:1070300007FD0028E2D00121094A0648FFF72CFA93
:10704000DAE703B030BD00BFC0BE0120010C300143
:1070500037400200C4210200614002007D4002006E
:1070600088400200F7B5314B07461B6801934FF08B
:10707000000301242E4ED6E8EF3FC6E8E24F002A77
:10708000F9D1002B4CD10DF10300FFF7D5FE0546D9
:1070900060B12146274A2848FFF7FEF96FF00D043A
:1070A0009DF80200FFF788FF254629E09DF8033090
:1070B00003F0FB03012B23D00DF10200FFF746FF85
:1070C0000028EBD11D4806F04FF82046FFF774FF6B
:1070D00004460028E4D19FB14FF096720023174870
:1070E00006F00AF810F10B0F044607D10321144AE9
:1070F0001148FFF7D1F96FF07304D1E70028CFD121
:107100000023D6E8EF2FC6E8E13F0029F9D1074B6D
:107110001A68019B5A404FF0000304D007F048FB67
:107120006FF07605F3E7284603B0F0BDC0BE01203E
:10713000CCDE0020C1400200C421020088CD002026
:10714000EB40020007B5134B1B6801934FF000039F
:1071500070B100F09FF80F4B1A68019B5A404FF036
:10716000000310D1002003B05DF804EBFFF77ABFF5
:1071700000F074F80028EED0064B1A68019B5A40C4
:107180004FF0000301D007F013FB03B05DF804EBF0
:10719000FFF78EBBC0BE012007B50C4B00201B685B
:1071A00001934FF00003FFF707FF084B002818BFBB
:1071B0006FF00D001A68019B5A404FF0000301D098
:1071C00007F0F6FA03B05DF804FB00BFC0BE012073
:1071D00013B5094B1B6801934FF00003064B1C6865
:1071E000019B5C404FF0000301D007F0E1FA02B0D0
:1071F000BDE81040F6F7B4BAC0BE012037B5094C5F
:10720000246801944FF00004064C2568019C6540F9
:107210004FF0000401D007F0CBFA03B0BDE83040D6
:10722000F6F7B6BAC0BE012007B50A4B1B6801933A
:107230004FF00003074B1A68019B5A404FF00003C0
:1072400001D007F0B5FA044803B05DF804EB05F08F
:107250000FBD00BFC0BE012038CD002007B50B4BCD
:107260001B6801934FF00003094B1868074BB0FAF5
:1072700080F01A68019B5A404FF000034FEA50100B
:1072800001D007F095FA03B05DF804FBC0BE012001
:10729000D8DE002073B51A4B06461B6801934FF0E9
:1072A0000003184D4FF0FF324FF0FF33164805F042
:1072B0002FFD2C6844B9082008F00AF948B9FFF7F7
:1072C000B3FF6FF068000DE063689E4207D024684A
:1072D000F0E7046046606B686BB9C5E90000FFF732
:1072E000A3FF0020064B1A68019B5A404FF0000391
:1072F00004D007F05DFA18606860F0E702B070BD76
:10730000C0BE0120D8DE002038CD002037B51A4B92
:107310001A4C1B6801934FF000032368054613B312
:107320004FF0FF334FF0FF32154805F0F1FC2368B2
:107330000BB11C6843B9104B1A68019B5A404FF0BF
:1073400000030BD007F034FA28465B6898471CB15D
:10735000226823461446EDE72246FAE703B0BDE86B
:107360003040FFF761BF044B1A68019B5A404FF051
:107370000003E7D103B030BDC0BE0120D8DE00203D
:1073800038CD002073B5144B0E4614461B6801938C
:107390004FF00003054600B172B901210F4A1048B1
:1073A000FFF716FF00200C4B1A68019B5A404FF064
:1073B00000030FD007F0FCF91046F1F717FEB042BA
:1073C000F0D83246214628460AF07EFAB0FA80F01C
:1073D0004009E8E702B070BDC0BE0120A441020030
:1073E000C421020073B5194B0C46054616461B68AE
:1073F00001934FF00003F7F7F7FF002322460360E5
:107400006946284608F0E4FB009B0446AB420AD1DB
:107410006FF03C000D4B1A68019B5A404FF000037F
:1074200012D007F0C5F91B78002BF1D100F1004311
:10743000013B033302D800203460EBE7F7F7D4FFB9
:107440000368222BF7D1E3E702B070BDC0BE012074
:1074500030B51025124B87B01B6805934FF0000321
:1074600014466B4601AA0095FEF7BAFF68B9009B67
:10747000224618336B4403F8140C294601A8FFF781
:10748000B1FF002818BF6FF03C00054B1A68059B40
:107490005A404FF0000301D007F08AF907B030BD21
:1074A000C0BE01202DE9F7434FF000081C46434BB6
:1074B00007461B6801934FF000030E461546CDF8B2
:1074C0000080F1F793FD08281BD13046F1F78EFDBF
:1074D000082816D12846F1F789FD082811D13288ED
:1074E000B378ADF800204146022268468DF802309C
:1074F00008F088FC07280FD9314A01213148FFF7ED
:1075000067FE6FF015002D4B1A68019B5A404FF033
:10751000000350D007F04CF92B4B022253F8209077
:107520004146F01C08F06EFCB9F1000F11D14FF08C
:10753000FF3323602A88AB78ADF8002000210222B7
:1075400068468DF8023008F05DFC072815D91F4AFF
:10755000D3E709FB00F020600130EBD03A88BB781C
:10756000ADF800200021022268468DF8023008F0B4
:1075700049FC07280FD9164ABFE7164B53F820607D
:107580000EB9154AB9E702220021E81C08F03AFCBE
:1075900070432060E2E7114B022253F82050002193
:1075A000F81C08F02FFC1DB1454300206560AAE7D8
:1075B0004FF0FF35F9E703B0BDE8F083C0BE01200E
:1075C000C9420200C421020068250200FE420200F6
:1075D0004A430200882502002A430200882502004F
:1075E000F0B5284B85B00D4604211B6803934FF07E
:1075F0000003002307460DEB01001646CDE90133D9
:10760000FEF726FD044670B1034601211E4A1F48BD
:10761000FFF7F4FD1B4B1A68039B5A404FF0000321
:107620002CD007F0C5F8014601AA3846FEF79CFCAD
:10763000044648B10346164A01211448FFF7DEFD0F
:1076400001A8FEF751FDE5E76A46314601A8FEF7BD
:1076500077FE044610B103460E4AEDE7009B1BB1CE
:10766000012B03D12B70EBE70346FBE701210A4A0C
:107670000648FFF7C3FD6FF01504E1E7204605B0AB
:10768000F0BD00BFC0BE0120BD410200C421020008
:107690006D43020098430200C14302002DE9F0430C
:1076A0001D46674B8DB01B680B934FF00003002302
:1076B000904606930722ADF81C308DF81E30092342
:1076C00081460E4604A80B21CDE90123149FFEF745
:1076D000BFFC044678B1034601215A4A5A48FFF7D5
:1076E0008DFD574B1A680B9B5A404FF0000300F07A
:1076F000A38007F05DF8014604AA4846FEF734FC73
:10770000044648B10346514A01214F48FFF776FD30
:1077100004A8FEF7E9FCE4E7014601AB06AA04A8C9
:10772000FEF75EFE044610B10346494AECE7494ABB
:10773000019906A8FFF726FEF8B103AAC6F10201D7
:1077400004A8FEF7FDFD041E34D1039B052B19DCB4
:10775000002B25DBB8F1000F11D1002D34D100240E
:10776000002FD5D003AAC6F1050104A8FEF7E8FD55
:1077700000285FD19DF80C303B700024C8E788F8E2
:107780000030EAE75A2B0BD1B8F1000F01D088F88E
:107790000030002DE3D04FF0FF33C5E90233DEE7C0
:1077A00001212D4A2848FFF729FD6FF015042346D3
:1077B0002A4AA9E7FBDBB8F1000F01D088F80040A6
:1077C000002DCCD05A2CE6D004A8FEF73DFE0328AD
:1077D000E1D9C6F1030102AB08AA04A8FEF700FE36
:1077E0000146C0B9029B102230336B4403F8100CE1
:1077F00008A808F007FB0923E860029308AA02AB77
:10780000C6F1040104A8FEF7EBFD044630B14FF0C9
:10781000FF33AB60A4E74FF0FF30ECE7029B01467B
:1078200030336B4403F8100C102208A808F0EAFA71
:10783000A86094E700239FE720460DB0BDE8F083E1
:10784000C0BE0120BD410200C4210200DD43020090
:107850000A4402004641020033440200393F02005C
:107860007FB52A4B06461B6803934FF000030023A5
:107870000D46CDE90133002942D0002840D0042133
:107880000DEB0100FEF7E4FB044670B10346012155
:107890001F4A2048FFF7B2FC1C4B1A68039B5A4052
:1078A0004FF000032FD006F083FF014601AA3046B7
:1078B000FEF75AFB044648B10346174A0121154812
:1078C000FFF79CFC01A8FEF70FFCE5E72A46022122
:1078D00001A8FEF75FFD044610B103460F4AEDE72D
:1078E0000F49D5E9003299424FF008039341E9D29C
:1078F00002210C4A0748FFF76BFC6FF01504E1E723
:107900006FF01504C8E7204604B070BDC0BE01206A
:10791000BD410200C42102005B4402008844020011
:1079200000E09950B544020007B5154B1B68019360
:107930004FF0000370B90121124A1348FFF748FCC9
:1079400000200F4B1A68019B5A404FF0000313D0E0
:1079500006F02EFF0023013810F8012F2C2A01D148
:107960000133F9E7002AF7D10A2BE9D9A3F109007D
:107970000523B0FBF3F0E4E703B05DF804FB00BFC0
:10798000C0BE0120E2440200C42102002DE9F04300
:10799000AE4B8DB01B680B934FF000030D460B23CD
:1079A00000210746CDE908110393CDF82710421EA8
:1079B00012F8013F2C2B01D10131F9E7002BF7D14F
:1079C00085F830304FF0FF330331AB6004A8FEF789
:1079D0003FFB044678B1034601219D4A9D48FFF7CD
:1079E0000DFC9A4B1A680B9B5A404FF0000300F0B5
:1079F000298106F0DDFE014604AA3846FEF7B4FAF6
:107A0000044658B1C31D15D00346934A012191483D
:107A1000FFF7F4FB04A8FEF767FBE2E70646002148
:107A200003AB08AA04A8FEF7DBFC044620B103461A
:107A30008A4AEBE70126F2E7894A039908A8FFF78B
:107A4000A1FC002800F0A5806A46012104A8FEF7E9
:107A500077FC04460028DDD1009B002B40F0F0802D
:107A6000022101AA04A8FFF7F3FC04460028D1D1A3
:107A7000019B4FF00708B3F1805FA4BF4FF0FF33C5
:107A80000193019B0321AB6006AA02AB04A8CDF8C9
:107A90000880FEF7A5FC04460028BBD1029B0A2102
:107AA00030336B4403F8180C2A1D0DF11B00FFF74F
:107AB00099FC04460028ADD18DF81B002A460A2106
:107AC00006A8FFF78FFC04460028A3D1042101AAD1
:107AD00004A8FFF7BDFC044600289BD1019B0521AB
:107AE000EB6001AA04A8FEF72BFC0446002891D104
:107AF000019B0621AB8205F1100204A8FEF720FCD1
:107B00000446002886D1414605F1280204A8FEF764
:107B1000BFFB044600287FF47DAF082101AA04A81A
:107B2000FEF70EFC044600287FF474AF019B092188
:107B30006B8501AA04A8FEF703FC044600287FF425
:107B400069AF019B0A21AB8505F1200204A8FEF76D
:107B500021FC044600287FF45DAF3846FFF7E4FEC1
:107B600085F83000C0B200EB800000F10B0404A8DF
:107B7000FEF76AFC84420ED2214605F1180204A8E1
:107B8000FEF708FC044600287FF444AF95F8303037
:107B900033B900243EE700220023C5E90623F5E7B8
:107BA0006B6B002BF5D00F274FF0000895F83030A5
:107BB000984504D3002EECD06FF006042AE76A6BD8
:107BC000391F02EB081204A8FEF7BAFB4FEA0819A6
:107BD000044600287FF41EAF6A6BF91E4A4408323F
:107BE00004A8FEF755FB044600287FF413AF01AA52
:107BF000B91E04A8FEF7A4FB044600287FF40AAFD0
:107C00006B6B019A4B445A81791E01AA04A8FEF7B6
:107C100097FB044600287FF4FDAE6B6B019A4B4442
:107C20009A816A6B39464A44043204A8FEF788FBFD
:107C30000537044600287FF4EDAE08F10108B5E7EA
:107C40000124E7E620460DB0BDE8F083C0BE012068
:107C5000BD410200C42102000C4502000A4402009A
:107C6000244102002DE9F04FA3B0B04B02AFF86001
:107C70001B68FB674FF00003002316460B220D46DE
:107C80009946C7E91C33FA62C7F877304A1E12F8E2
:107C9000013F2C2B02D109F10109F8E7002BF6D1A5
:107CA0004FF0FF32302409F1030886F8383086F8A7
:107CB0003030B260F968497899421AD8414607F1E4
:107CC0003000FEF7C5F90446E8B10346984A0121A1
:107CD0009848FFF793FA07F13000FEF705FA934B47
:107CE0001A68FB6F5A404FF0000300F02B8206F039
:107CF0005FFD04FB03F0F16B013301448A60F16B1B
:107D000001448A82D6E7014607F130022846FEF791
:107D10002BF9044648B3C31D02D00346864AD6E772
:107D2000EA468AB002AA854BC2E90705C2E90538CE
:107D300040F202439384824B42F8103F00234FF4F9
:107D400032517C48F5F778FC0123D5467B61002150
:107D500007F12C0307F1700207F13000FEF740FB3A
:107D6000044620B10346774AB1E77861EFE7764AE7
:107D7000F96A07F17000FFF705FB386130B901219E
:107D8000724A6C48FFF724FA0024A4E7012107F1A6
:107D9000200207F13000FEF7D3FA044600289AD1FA
:107DA0003C6A012C97D0022C04D12146684A6148D4
:107DB000FFF70EFA4FF0000A0125D046A9F10A0399
:107DC0007B607B68AB4203D9FB685B7843450CD88A
:107DD0007B69002BD8D06FF0060301215D4A55481E
:107DE000FFF70CFA6FF0060475E705F10109494643
:107DF00007F1240207F13000FFF72AFB044690B197
:107E00006D468AB002AA544BC2E90780C2E905391F
:107E1000052342F8103F00234FF421514548F5F760
:107E20000BFCAD4657E77B6AB3F1805F07DB0221AD
:107E30004A4A4048FFF7E2F94FF0FF337B627B6A22
:107E400007F168023B640723A91CBB6207F13000FD
:107E500007F12803FEF7C4FA044610B10346404A6E
:107E600035E7BB6A07F118026833134403F8180CAE
:107E70000A2107F13C0207F16B00FFF7B3FA044651
:107E800010B12346374A22E787F86B000A2107F131
:107E9000380207F16800FFF7A5FA04460028F0D180
:107EA00007F12402E91C07F13000FFF7D1FA04467C
:107EB00038B10121009043462B4A1E48F5F782FC59
:107EC00009E77B6A07F12402291D07F130007B6472
:107ED000FEF736FA044610B10346244AF7E67B6AF9
:107EE00007F15002691D07F13000A7F84C30FEF78A
:107EF00051FA044610B103461D4AE8E607F148026C
:107F0000A91D07F13000FEF71BFA044610B1034625
:107F1000184ADCE607F16002E91D07F13000FEF7C0
:107F2000B7F9044650B30346134AD0E6C0BE012059
:107F30003E450200C42102000C45020075450200C6
:107F4000050000010A44020024410200B24502007B
:107F5000D145020089490200084602003A46020063
:107F60007D4602009D460200B6460200EC46020035
:107F7000164702004A4702006C47020007F16202FE
:107F800005F1080107F13000FEF782F9044610B14F
:107F900003466F4A9BE607F1640205F1090107F108
:107FA0003000FEF775F9044610B10346694A8EE6C3
:107FB00007F1580205F10A0107F13000FEF7EAF96E
:107FC000044610B10346644A81E607F11E0205F13A
:107FD0000B0107F13000FEF75BF9044610B10346D0
:107FE0005E4A74E60C35294607F11E0207F130009F
:107FF000B7F91E90FEF74CF9044610B10346584AF3
:1080000065E6B9F1000F00F08580B44607F1380E3F
:10801000BEE80F00ACE80F00BEE80F00ACE80F00B0
:108020009EE80F0097F81E908CE80F00B9F1000F42
:108030001DD0B9F10A0F15D90A240A230221494A91
:108040004948FFF7DBF83B697B611021204607F0C8
:1080500057FA48B90221454A4348FFF7B9F808F1F1
:108060000108AEE64C46F0E7706386F830404FF00A
:108070000009BC60BB684B45F1D0726B691C02EB18
:10808000091207F13000FEF75BF94FEA091B0446BD
:1080900010B10346364A1AE6726BA91C5A440832DC
:1080A00007F13000FEF7F4F8044610B10346314AF8
:1080B0000DE607F12402E91C07F13000FEF740F954
:1080C000044610B103462C4A01E6736B7A6A5B449E
:1080D0005A81291D07F1240207F13000FEF730F91B
:1080E000044610B10346254AF1E5736B7A6A5B4496
:1080F0009A81726B05355A442946043207F13000E3
:10810000FEF71EF9044610B103461D4ADFE509F1EA
:108110000109AFE73023F46B07F1380C03FB0A4485
:10812000BCE80F000FC4BCE80F000FC49CE80F00B0
:1081300084E80F0096F838300AF1010A013386F816
:1081400038308CE720468437BD46BDE8F08F00BF4D
:1081500094470200B4470200D4470200F9470200E6
:108160001C48020046480200C42102009E4802004A
:10817000D2480200F64802002049020042490200AB
:10818000644902007FB5304B06461B6803934FF0ED
:10819000000300230D46CDE9013300294ED000280D
:1081A0004CD004210DEB0100FDF752FF044670B1E5
:1081B00003460121254A2648FFF720F8224B1A687A
:1081C000039B5A404FF000033BD006F0F1FA014602
:1081D00001AA3046FDF7C8FE044630B103461D4AE9
:1081E00001211B48FFF70AF818E001210DF10202F6
:1081F00001A8FEF77BF8044610B10346164AEFE7E4
:10820000BDF8023001A82B70FEF71EF9022809D82C
:108210004FF0FF324FF0FF33C5E9022301A8FDF70D
:1082200063FFCBE7022105F1080201A8FEF7B2F8CF
:1082300004460028F2D00346084AD1E76FF015043F
:10824000BCE7204604B070BDC0BE0120BD410200A5
:10825000C4210200B5490200E7490200104A0200A9
:10826000F7B51A4B0E461B6801934FF00003044606
:1082700030B329B30821164AFFF784F878B91548B6
:108280000121154AFEF7A4FF6FF004000F4B1A6896
:10829000019B5A404FF0000315D006F089FA0025E3
:1082A0000E4F0834214657F8040BF0F795FE08B935
:1082B0003570EBE701350A2DF4D16FF03C00E5E7AE
:1082C0006FF01500E2E703B0F0BD00BFC0BE0120B3
:1082D000454A0200C42102004E4A02004025020025
:1082E00073B50D4B0D4C1B6801934FF000030C4E02
:1082F000C5B2B44208D3084B1A68019B5A404FF0EC
:10830000000307D006F054FAD4E900312846984714
:108310000834EEE702B070BDC0BE0120B8500200C4
:10832000B850020007B50F4B1B6801934FF00003D4
:1083300009F0BAFA0B4B60B11A68019B5A404FF032
:10834000000301D006F034FA03B05DF804EBFEF749
:1083500023BF1A68019B5A404FF00003F2D103B0CB
:108360005DF804FBC0BE012013B5294B29492A48FA
:108370001B6801934FF00003FEF7BAFA034680B181
:10838000234A1168019A51404FF0000201D006F0D3
:108390000FFA224A0121224802B0BDE81040F5F749
:1083A000F7B9FEF7EDFA044648B1194B1A68019B7C
:1083B0005A404FF00003EAD103461A4AEAE7FEF7B3
:1083C000A3FC2046FEF7C0FC034640B1104A1168EA
:1083D000019A51404FF00002D9D1134ADAE7014621
:1083E000124802F02DFB034640B1094A1168019A78
:1083F00051404FF00002CAD10D4ACBE7044B1A6836
:10840000019B5A404FF00003C1D102B010BD00BF24
:10841000C0BE01200D4B0200164B02001F4B020094
:10842000C4210200404B0200604B0200814B02005D
:108430008C4B020007B51A4B1B6801934FF00003E9
:10844000034680B1164A1168019A51404FF000026C
:1084500001D006F0ADF9134A0121134803B05DF8CD
:1084600004EBF5F795B9114B1978114B1878FEF715
:108470001FFD034640B10A4A1168019A51404FF06E
:108480000002E6D10B4AE7E7054B1A68019B5A4008
:108490004FF00003DDD103B05DF804EBFFF764BFDC
:1084A000C0BE0120AC4B0200C4210200FDCB002065
:1084B000FECB0020E14B020007B5074B1B68019380
:1084C0004FF00003F4F7B8FE04480121044AF5F721
:1084D00047F90020F6F752F9C0BE0120A42102009E
:1084E000174C020007B5134B014613481B68019354
:1084F0004FF0000302F0A4FA034680B10D4A116860
:10850000019A51404FF0000201D006F051F90121CB
:108510000A4A0B4803B05DF804EBF5F739B9054B8F
:108520001A68019B5A404FF00003EED103B05DF88A
:1085300004FB00BFC0BE0120293E0200344C0200F3
:10854000CC21020007B50F4B1B6801934FF00003CD
:1085500003786BB10B4B1A68019B5A404FF0000334
:1085600001D006F025F903B05DF804EBFFF7BABFC0
:10857000044B1A68019B5A404FF00003F1D103B03D
:108580005DF804FBC0BE012007B5184B1B680193C2
:108590004FF0000300BB1648FFF7D4FF1548FFF764
:1085A000D1FF1348FFF7CEFF1148FFF7CBFF10486C
:1085B000FFF7C8FF0E48FFF7C5FF0C4B1A68019B79
:1085C0005A404FF0000301D006F0F2F8084803B01B
:1085D0005DF804EBFFF7B6BF044B1A68019B5A40E5
:1085E0004FF00003F0D103B05DF804FBC0BE0120E2
:1085F000D34A02005A4C020007B50A4B0A461B68D0
:1086000001934FF00003074B1968019B59404FF04D
:10861000000301D006F0CCF8012103B05DF804EBB3
:10862000F5F79EB8C0BE012013B50E4B0E490F489A
:108630001B6801934FF0000300F08CF9044628B149
:10864000012103460A4A0B48F5F7A2F8054B1A68C0
:10865000019B5A404FF0000301D006F0A9F82046D4
:1086600002B010BDC0BE0120ED880100E0DE002098
:10867000804C0200F42102002DE9F04182B0DFF8C5
:10868000F8817E4BD8F8704000AF072C0D461B6870
:108690007B604FF0000300F0080662D0132C00F05E
:1086A000A780052C40F0C180D8F8548074497548E3
:1086B000FFF7A2FF18F4805F48D073497148FFF7B5
:1086C0009BFF172418F4006F04D070496D48FFF722
:1086D00093FF182418F4007F0ED06D496948FFF706
:1086E0008BFF6C4B18F4004F9B6B04D001216A4A3E
:1086F0006448F5F74DF8192418F4806F04D06749E1
:108700006048FFF779FF1A2418F4807F20D064496D
:108710005C48FFF771FF1B24EB69002E40F0A3803B
:10872000C3F3080222B96FEA53236FEA4323EB61D4
:1087300029462046F5F780FC504B1A687B685A4062
:108740004FF0000300F0948006F032F81624B9E7E9
:1087500018F4005FE0D053494A48FFF74DFF1C244E
:10876000DAE7D8F85C4047484F49FFF745FF600615
:1087700006D5D8F8683001214C4A4248F5F708F888
:10878000E10705D54A493F48FFF736FF2624C3E7EE
:10879000A20705D547493B48FFF72EFF2724BBE733
:1087A000630705D544493748FFF726FF2824B3E778
:1087B000200705D541493348FFF71EFF2924ABE7C1
:1087C000E10605D53E492F48FFF716FF2A24A3E707
:1087D000A20605D53B492B48FFF70EFF2B249BE74C
:1087E00023063ED538492748FFF706FF2C2493E798
:1087F000D8F86C8035492348FFF7FEFE18F0020FC9
:1088000003D033491F48FFF7F7FE18F0010F03D0DC
:1088100030491C48FFF7F0FE18F0040F3FF47CAF1E
:108820002D491848FFF7E8FE76E72C4A2C4BE8461E
:108830008AB00F2CC8BF13466A462A49103CC2E9C9
:1088400005134FF400731384274BD46142F8103F93
:1088500000234FF411510B48F4F7EEFE0024C546F7
:108860005AE7252458E723F4FF7323F001035EE75A
:108870000837BD46BDE8F081E0DE0020C0BE012023
:10888000C4330200F4210200DA3302003E32020057
:10889000EB33020000ED00E0043402001934020062
:1088A000343402009E320200BA4C0200D34C020063
:1088B000E34C0200F94C0200174D0200324D020059
:1088C0004F4D0200644D02007E4D0200914D0200AA
:1088D000AB4D0200DB4D0200094E02006134020084
:1088E0004C340200423502000400000100B5174B71
:1088F0008BB01B6809934FF00003154B01A95A6A0E
:10890000D86C01929A6A20F005000292DA6A03920A
:108910001A6B04925A6B05929A6B0692DA6B079265
:108920001A6C1B6D08929B0748BF40F00400FFF7CC
:10893000A3FE064B1A68099B5A404FF0000301D072
:1089400005F036FF0BB05DF804FB00BFC0BE012090
:10895000E0DE002000B51A4B89B01B6807934FF08A
:10896000000305AB01930823029304230691CDE98C
:1089700004300DEB0301032003AACDF80CD000F066
:108980007DF80228009B0FD0032810D090B9181E44
:1089900018BF012040420A4B1A68079B5A404FF00B
:1089A00000030AD005F004FF6FF01500F3E76FF045
:1089B0008500F0E74FF0FF30EDE709B05DF804FB0C
:1089C000C0BE012007B5094B1B6801934FF000039F
:1089D000064B1A68019B5A404FF0000301D005F086
:1089E000E7FE002003B05DF804FB00BFC0BE01201D
:1089F0002DE9F0431F461E4BA5B01B6823934FF093
:108A000000031C4B044693F800800D461646DDF823
:108A1000B090B8F1000F1AD101A8F5F757FE4B46F8
:108A20003A4631462846A047044601A8F5F762FEBB
:108A3000B8F1000F02D0104804F01AF90C4B1A6874
:108A4000239B5A404FF000030DD005F0B1FE4FF0CC
:108A5000FF324FF0FF33084804F05AF90028DBD00A
:108A60006FF08304EAE7204625B0BDE8F08300BF3D
:108A7000C0BE01207821012074CD002010B5174B15
:108A800088B01B6807934FF000030023CDE905333E
:108A900002AB0393042302900493D9B10B680593AE
:108AA0004B6806930223111E18BF01210C48CDE923
:108AB000002103AA40F2F53100F05AF8074B0028D4
:108AC000B8BF01201A68079B5A404FF0000303D03B
:108AD00005F06EFE0123E6E708B010BDC0BE012020
:108AE0000501004007B5094B1B6801934FF00003D7
:108AF000064B1A68019B5A404FF0000301D005F065
:108B000057FE002003B05DF804FB00BFC0BE01208B
:108B100070B53026144B94B01B6813934FF00003CC
:108B200007AB05460C4632460021184608F0E9FE20
:108B3000CDE90554CDE903068CB1012305AA0092C5
:108B400000210A48019303AA00F012F8064B1A68A4
:108B5000139B5A404FF0000303D005F029FE204636
:108B6000F4E714B070BD00BFC0BE0120000100409A
:108B700073B5174DB1F5004F2D6801954FF0000505
:108B8000079C19D2042B17D8042C15D8104D2E6829
:108B9000019D6E404FF0000501D005F009FE240450
:108BA00044EA0364134644EA01020146094802B05C
:108BB000BDE87040FFF71CBF054B1A68019B5A4087
:108BC0004FF00003E9D16FF0800002B070BD00BF2C
:108BD000C0BE0120217C000007B5084B1B68019333
:108BE0004FF00003054B1A68019B5A404FF00003F9
:108BF00001D005F0DDFD03B05DF804FBC0BE01202F
:108C000007B5094B1B6801934FF00003064B1A6828
:108C1000019B5A404FF0000301D005F0C9FD03B09D
:108C20005DF804EB004700BFC0BE012007B5094B4B
:108C30001B6801934FF00003064B1A68019B5A40D2
:108C40004FF0000301D005F0B3FD03B05DF804EB75
:108C500003F060BAC0BE012037B5144B1B68019306
:108C60004FF000030468ECB1B4FA84F30122C3F1BD
:108C70001F03DBB29A4024EA0202D0E8EF5FA5426C
:108C800004D1C0E8EC2FBCF1000FF6D1EAD10848BE
:108C90000B70064B1A68019B5A404FF0000303D03B
:108CA00005F086FD0348F4E703B030BDC0BE0120E7
:108CB0000000AD0B0200AD0B13B5134B1B68019305
:108CC0004FF000030368CB40DB0718D401238B402F
:108CD000026843EA0201D0E8EF4F944204D1C0E8B1
:108CE000EC1FBCF1000FF6D1F2D10848064B1A6810
:108CF000019B5A404FF0000303D005F059FD044892
:108D0000F4E702B010BD00BFC0BE01200000AD0BF3
:108D10000400AD0B07B50A4B1B6801934FF000032D
:108D2000084BC3F80405064B1A68019B5A404FF0E4
:108D3000000301D005F03CFD03B05DF804FB00BF6B
:108D4000C0BE01200070014013B50B4B40F0004045
:108D50001B6801934FF00003074BC1F88000C2F875
:108D600080001A68019B5A404FF0000301D005F0C3
:108D70001FFD02B010BD00BFC0BE0120F7B5314BD2
:108D800004461B6801934FF0000350B1012829D01D
:108D90002C4B1A68019B5A404FF0000350D005F04D
:108DA00007FD0222284B0646C3F808230122DA6099
:108DB000C3F80401D3F80431012342F21075224FA5
:108DC0008DF80330D4B1012CE2D1D7F80C3403F480
:108DD000803386BB002BDBD00120FFF727FF013D4E
:108DE000F3D1D5E70022184B0DF10306C3F80803B1
:108DF0005860C3F80021D3F80031DDE7D7F8183404
:108E000003F480333EB9002BC2D00120FFF70EFFE0
:108E1000013DF3D1BCE7D7F8182402F00302327009
:108E2000002BB5D09DF803000128B1D1FFF7FEFE5D
:108E3000013DC7D1ACE7D7F80C2402F00102EEE700
:108E400003B0F0BDC0BE01200050004007B50D4B7F
:108E50001B6801934FF000030B4B1A7962B9012292
:108E600018600A481A71074B1A68019B5A404FF064
:108E7000000303D005F09CFC0548F4E703B05DF85F
:108E800004FB00BFC0BE012054DF00200000AD0B7A
:108E90000C00AD0B07B50F4B1B6801934FF000039F
:108EA0000D4B1B6833B10520F5F7C0FD10B9052047
:108EB000F5F774FD0122094BC3F81825054B1A6814
:108EC000019B5A404FF0000301D005F071FC03B044
:108ED0005DF804FBC0BE012054DF002000500040BC
:108EE00013B5324B1B6801934FF0000350B10128BA
:108EF00050D02E4B1A68019B5A404FF0000353D0BC
:108F000005F056FC2A4BD3F81814D3F81824C903DB
:108F100024D502F00303022B05D0012B02D0002040
:108F2000FFF72CFF0123224A0220C2F8183508223D
:108F30004FF48273002103F1804303F5A0431960CD
:108F40001C68012402F1804202F5A0421460194A13
:108F500012681AB3164BC3F80403CAE7D3F81424F3
:108F6000D207DFD5D3F81C2402F00302013A012A0C
:108F7000D5D8104A12681AB10222C3F80423B8E700
:108F8000D3F80421002AFBD00022C3F80421D3F82F
:108F90000431AEE700224FF48073CBE71A68002A51
:108FA000FCD019601B68A4E702B010BDC0BE012050
:108FB0000050004054DF002007B5094B1B680193A7
:108FC0004FF00003064B1A68019B5A404FF0000314
:108FD00001D005F0EDFB03B05DF804EBFFF7CEBE6A
:108FE000C0BE012007B5224B1B6801934FF0000360
:108FF000204BD3F8002152B10020C3F80001D3F870
:1090000000210122C3F808231B4B1B689847194B0A
:10901000D3F8042182B10022C3F80421D3F804213B
:10902000D3F81824D3F81824022102F00302012AED
:109030000CD1C3F818159A600D4B1A68019B5A4061
:109040004FF000030BD103B05DF804FBC3F8081325
:10905000074B1A68019B5A404FF0000301D005F0FE
:10906000A7FB0120044B1B6803B05DF804EB184715
:10907000C0BE01200050004054DF002007B50A4B5D
:1090800001461B6801934FF00003074B1A68019BD0
:109090005A404FF0000301D005F08AFB034803B0AB
:1090A0005DF804EBFFF7D8BDC0BE012014C9002055
:1090B00007B50C4B1B6801934FF00003036803F0E6
:1090C0001F025B09074B0260074818BF00201A689F
:1090D000019B5A404FF0000301D005F069FB03B03B
:1090E0005DF804FBC0BE0120002584402DE9FF414E
:1090F0001E46DDE90A582B4B1746019001A80C4685
:109100001B6803934FF00003FFF7D2FF019B391E4A
:1091100018BF012100EB8300231E18BF0123002E7E
:1091200043EA410314BF0C210021002D43EA01034F
:1091300014BF4FF4E0610021B8F1000F43EA0103CE
:1091400014BF4FF440310021D0F800220B4322EA33
:10915000030304B124780FB13F787F001C430EB1A4
:109160003678B6003C43BDB1297809023443B8F1E2
:10917000000F03D098F800804FEA08482143094BBC
:1091800041EA0801C0F800121A68039B5A404FF0E8
:10919000000303D005F00CFB2946E7E704B0BDE867
:1091A000F08100BFC0BE01207FB50E4B8DF80F10BF
:1091B0001B6805934FF000030DF10F03019300238B
:1091C0001A4619460093FFF791FF064B1A68059B54
:1091D0005A404FF0000301D005F0EAFA07B05DF8FD
:1091E00004FB00BFC0BE012073B5194B16461B68B7
:1091F00001934FF0000301F1080330F813300446E7
:10920000DA050D4609D5C3F3432300EBC30231460B
:1092100050F83330526828469847A3687BB10C4A0F
:109220001168019A51404FF0000201D005F0C0FAD8
:1092300031462846E26802B0BDE870401847044B4A
:109240001A68019B5A404FF00003EFD102B070BD85
:10925000C0BE012073B532240279234B62431B68E0
:1092600001934FF0000352FA81F2204B083233F899
:109270001240E1052FD5C4F3432124F4F85423F818
:10928000124064240026027904FB02340E3434F8C0
:10929000025F15F4807F03D0C5F34325A9421AD09D
:1092A0000136202EF3D164240025624302EBC10273
:1092B0009D500D4A1568019A55404FF0000201D0AB
:1092C00005F076FA027904FB0230583002B0BDE8AE
:1092D0007040FFF7F1BC044B1A68019B5A404FF0F5
:1092E0000003EDD102B070BDC0BE012018C900203E
:1092F00007B50D4B1B6801934FF000033223584311
:109300000A4B50FA81F1083133F81100064B400B3B
:109310001A68019B5A404FF0000301D005F048FA4B
:1093200003B05DF804FB00BFC0BE012018C90020D7
:1093300007B50E4B1B6801934FF0000332235843CF
:109340000B4B50FA81F1083133F81100074B80F0D4
:1093500002001A68019B5A404FF00003C0F340001E
:1093600001D005F025FA03B05DF804FBC0BE012072
:1093700018C9002007B50D4B1B6801934FF000037F
:10938000322358430A4B50FA81F1083133F8110067
:10939000064BC0F340101A68019B5A404FF000037F
:1093A00001D005F005FA03B05DF804FBC0BE012052
:1093B00018C9002007B50D4B024611F001001B68CB
:1093C00001934FF0000304D009490B6A13600B624C
:1093D00003B90020054B1A68019B5A404FF0000367
:1093E00001D005F0E5F903B05DF804FBC0BE012033
:1093F00000258440F7B5054600201B4B04461B683A
:1094000001934FF00003012607468C4213D1174BFE
:10941000D3F87C2132B10022C3F87C21D3F87C310F
:1094200040F00040104B1A68019B5A404FF0000377
:1094300018D005F0BDF9E3B29B0003F580729B08DC
:1094400006FA03F31D420BD002F1804202F54432CA
:10945000D2F800C0BCF1000F02D0176012681843A8
:109460000134D2E703B0F0BDC0BE012000100340BC
:109470002DE9F04F5D4B85B01B6803934FF000035F
:1094800005465B4B296DD3F80403C0B240F00040A1
:10949000FFF7B0FF061E18DA0023E96D02A8029359
:1094A0004FF00108FFF786FF95F85C30DB0760D4CA
:1094B000296D4FF00040FFF79DFFE96D02A8FFF70F
:1094C00079FF0028F0D126F000460124002E70D14B
:1094D000464B1A68039B5A404FF0000300F082800D
:1094E00005F066F994FAA4F4B4FA84F404F10803DC
:1094F00035F81390E10802AB5B5C04F0070208FA50
:1095000002F223EA020302AA535401A80194FFF7CE
:10951000CFFD019B4FEA990B803350F82370C9F3BC
:10952000820A1BF0040FD146C7F3014725D05246EB
:1095300021462846FFF758FE01A80194FFF7B8FD21
:10954000019BFFB2803350F82330C3F301439F42A5
:1095500007D100212046FFF727FE39462046FFF7B6
:1095600023FE01A80194FFF7A3FD019B08FA03F372
:109570000362029C002CB5D19AE7022F0DD1032182
:109580002046FFF711FE0AF00503012BE9D14A46F8
:1095900021462846FFF728FEE3E702212046FFF791
:1095A00003FEBAF1030FF2D0032FDAD1BAF1020FA2
:1095B000ECE796FAA6F3B3FA83F304FA03F29B00FE
:1095C00003F1804303F54433D3F8101526EA02066D
:1095D000D3F810252846C2F30142C1F30421FFF756
:1095E00003FE73E705B0BDE8F08F00BFC0BE0120E9
:1095F0000010034073B506791D4B054630460C46F6
:109600001B6801934FF00003FFF7B4FE00B321463F
:109610003046FFF78DFED8B121463046FFF768FE91
:1096200001232A688340C2F808332A6803B202EB98
:109630008303D3F8102522F00302C3F810250C4B46
:109640001A68019B5A404FF000030FD005F0B0F8A4
:10965000074B1A68019B5A404FF00003F6D10021D6
:10966000204602B0BDE87040FFF79EBD02B070BD5D
:10967000C0BE01202DE9F7433222294B294F1B6838
:1096800001934FF0000303790546534353FA81F3E6
:10969000083337F813300C46DB07CEB23BD5FFF763
:1096A000A9FF95F8049021464846FFF763FE68B18C
:1096B00021464846FFF71CFE0022D5F8008000B284
:1096C00008EB8003C3F81025C3F81025214628466F
:1096D000FFF7C0FD32222B79684602FB03660023A8
:1096E000083627F816300094FFF7E2FC009B00EBE9
:1096F0008300D0F800220C4B134043F00203C0F863
:1097000000320A48064B1A68019B5A404FF000038A
:1097100003D005F04DF80648F4E703B0BDE8F08348
:10972000C0BE012018C90020F0F8FCFF0000AD0BFE
:109730000400AD0B2DE9F043804BD2F8009085B0CA
:1097400004460D4616461B6803934FF00003B9F11B
:10975000000F34D032220079DFF8E481424352FA1C
:1097600081F2083238F81230CFB29B0703D5FFF7E9
:1097700001FE00283BD100230DF10B02CDE900339F
:109780008DF80A308DF80B300DF10A014B46284652
:10979000FFF7ACFC3221237901FB0373083338F85F
:1097A000132022F0020228F81320237901FB03770B
:1097B000083738F8173043F0010328F8173073687A
:1097C000002B43D04FF0320C22791F780CFB02F2B1
:1097D000D3F804E052FA85F2594B083233F81200FC
:1097E000E9B210F0020F04D0BEF1000F18D05548B6
:1097F0002FE020F4604020F0200023F81200BEF19A
:10980000000F0DD0032FF2D872685068226890F8CC
:1098100000E002EB8E022FBBC2F81075C2F8107583
:109820004FF0320C22790CFB0212083233F812008E
:1098300020F01C0023F8120022790CFB02110831E1
:1098400033F8112042EA870223F81120B36893BB52
:109850003D483A4B1A68039B5A404FF0000369D0C9
:1098600004F0A6FFD2F8108528F00308C2F810858E
:10987000226802EB8E00D0F8102522F4473222F441
:109880004072C0F810252A02D0F8108502F4F85270
:1098900042EA074242EA0802C0F8102522790CFB8E
:1098A0000212083233F8120040EA4E3040F0200035
:1098B00023F81200B4E72946D3E900872046FFF7D2
:1098C000C9FCB8F1000FC3D0642320791C4E434378
:1098D000F218F358984504D153689F4201D10021F2
:1098E0000CE0642303FB00600DF10B015830FFF71F
:1098F000B3F9154B9842ACD19DF80B106422237933
:10990000534303EBC10346F80380237953433222C8
:1099100003EBC10333445F602379534353FA85F368
:10992000083336F8132042EA412242F4807226F8C6
:1099300013208DE705B0BDE8F08300BFC0BE012055
:1099400018C900200400AD0B0000AD0B2DE9FF4746
:109950001F464F4B05460C461B6803934FF0000310
:109960009246B2B306793046FFF7E2FC20B12146B9
:109970003046FFF7FFFC98BB32235E43DFF81491BB
:1099800056FA84F6083639F816305FFA84F813F080
:109990001C0F03D09AF80130012B21D001238DF840
:1099A0000B3000230AF10102CDE900A320460AF1A1
:1099B00002030DF10B01FFF799FB32222B7902FB19
:1099C000038808F1080839F8183043F0030329F830
:1099D0001830002F57D021462879FFF7A9FC48B14D
:1099E0002D482B4B1A68039B5A404FF000034CD074
:1099F00004F0DEFE3E782B68264903EB8603C3F8AD
:109A00001005C3F8100532202B794FEA860C43432A
:109A100053FA84F3083331F813E0E2B22EF4604EC7
:109A20002EF0200E21F813E097F801E0BEF1000FB0
:109A300029D02B68BF789C44DCF810354FEA0E4ED5
:109A400023F4981323F4F853CCF81035230203F4CD
:109A5000F8530EF4403E3F05DCF8108543EA0E0350
:109A600007F480173B4343EA0803CCF810352B7901
:109A700000FB0322083231F8123043EA463343F048
:109A8000200321F812300548ABE704B0BDE8F087A9
:109A9000C0BE012018C900200400AD0B0000AD0BB2
:109AA00037B564250C4B04791B6801934FF0000314
:109AB0000A4B05FB0434A160017905FB0133DA6030
:109AC000054B1A68019B5A404FF0000301D004F087
:109AD0006FFE03B030BD00BFC0BE012018C900201A
:109AE00073B50579114B28460C4616461B68019341
:109AF0004FF00003FFF73EFC98B132235D430C4B5F
:109B000055FA84F4083433F814300A485B0B337088
:109B1000064B1A68019B5A404FF0000303D004F033
:109B200047FE0548F4E702B070BD00BFC0BE01208B
:109B300018C900200000AD0B0400AD0B2DE9F34166
:109B4000064607796420224D224B00FB075898F8FF
:109B500060401B6801934FF000039CBB40462146C8
:109B60004022103007F0CDFE21463668D8F850006C
:109B700088421DD1002346F30730C6F87C31D6F861
:109B80007C31F4F70BFF4FF00043C6F80433642335
:109B900003FB07550123104885F86030AB650D4B7A
:109BA0001A68019B5A404FF000030DD004F000FEEC
:109BB000CBB29B0003F580727C2B04BFB450B3582A
:109BC0000131D5E70548EAE702B0BDE8F08100BF02
:109BD00018C90020C0BE01200000AD0B0C00AD0B69
:109BE00007B564210C4B02791B6801934FF0000309
:109BF0000A4B01FB023393F86000074B003818BF93
:109C000001201A68019B5A404FF0000301D004F074
:109C1000CFFD03B05DF804FBC0BE012018C90020D1
:109C200007B5094B1B6801934FF00003064B1A68F8
:109C3000019B5A404FF0000301D004F0B9FD03B07E
:109C40005DF804EBFFF716BDC0BE012007B50D4B54
:109C50001B6801934FF000030A4B1A68019B5A409E
:109C60004FF0000301D004F0A3FD542264230079D7
:109C700013FB00230448184403B05DF804EBFFF71E
:109C80001BB800BFC0BE012018C9002007B50D4B8E
:109C90001B6801934FF000030A4B1A68019B5A405E
:109CA0004FF0000301D004F083FD542264230079B7
:109CB00013FB00230448184403B05DF804EBFEF7DF
:109CC000CBBF00BFC0BE012018C90020F7B5047982
:109CD0002F4B064620460D4617461B6801934FF052
:109CE0000003FFF747FB38B329462046FFF720FB68
:109CF00010B329462046FFF7FBFA002401B2326870
:109D0000890001F58073D450D35833680B44D3F8DD
:109D1000102542F00102C3F8102527B10123326853
:109D20008340C2F804331A4B1A68019B5A404FF023
:109D3000000320D103B0F0BD32235C43154B54FA2D
:109D400085F4083433F81430C3F38203042B14D0A1
:109D5000052B14D068460095FFF7AAF9009B01690E
:109D6000D94001F001010231094B1A68019B5A40A8
:109D70004FF0000305D004F01BFD0321F4E702219E
:109D8000F2E7284603B0BDE8F040FFF70DBA00BF88
:109D9000C0BE012018C9002007B5094B1B680193FC
:109DA0004FF00003064B1A68019B5A404FF0000326
:109DB00001D004F0FDFC03B05DF804EBFFF71ABC22
:109DC000C0BE012007B50A4B1B6801934FF000038A
:109DD000074B1A68019B5A404FF0000301D004F072
:109DE000E7FC044803B05DF804EBFFF741BB00BF9C
:109DF000C0BE01207CC9002073B50F4B0F4C1B68FF
:109E000001934FF0000323790E46154683B92A20AB
:109E1000F4F7C4FD01230A4823712660A560064BB0
:109E20001A68019B5A404FF0000303D004F0C0FCB5
:109E30000448F4E702B070BDC0BE01205CDF002022
:109E40000000AD0B0C00AD0B37B5154B154A1B6868
:109E500001934FF00003002350F8234003F5A27153
:109E60000133082B42F82140F6D100230D4A00F1BE
:109E70001C0103F5B27451F8045F0133082B42F85A
:109E80002450F6D1036CC2F80433054B1A68019BC9
:109E90005A404FF0000301D004F08AFC03B030BDFB
:109EA000C0BE012000A0024037B500241C4D1D4B50
:109EB0002A201B6801934FF00003C5F81045C5F830
:109EC0001445C5F81845C5F81C45C5F82045C5F822
:109ED0002445C5F82845C5F82C45C5F89045C5F872
:109EE0009445C5F89845C5F89C45C5F8A045C5F802
:109EF000A445C5F8A845C5F8AC45F4F771FD4FF089
:109F0000FF33C5F80833084B1C71064B1A68019BD8
:109F10005A404FF0000301D004F04AFC03B030BDBA
:109F200000A00240C0BE01205CDF002007B50B4B43
:109F30000B4A1B6801934FF0000301238340C2F8D2
:109F40000433064B1A68019B5A404FF0000301D0BE
:109F500004F02EFC03B05DF804FB00BFC0BE01207E
:109F600000A0024007B50B4B0B4A1B6801934FF052
:109F7000000301238340C2F80833064B1A68019B93
:109F80005A404FF0000301D004F012FC03B05DF81A
:109F900004FB00BFC0BE012000A00240F7B5144B77
:109FA00001261B6801934FF000030027114B124D4F
:109FB000D3F80C4344B90E4B1A68019B5A404FF03A
:109FC000000312D004F0F4FB94FAA4F0B0FA80F08D
:109FD00006FA00F324EA0304084B82009F502B6822
:109FE000002BE7D0A9689847E4E703B0F0BD00BFB5
:109FF000C0BE012000A002405CDF002000A10240A2
:10A0000073B5254B0C68254A1B6801934FF000037C
:10A01000B2FBF4F304FB1325002D39D1944237D859
:10A020005C1E1C4034D1B3F5007F31D893FAA3F302
:10A03000B3FA83F302684D79D2F80465097926F002
:10A04000030601F003013143C2F80415D2F80815E4
:10A0500005F0030521F003012943C2F80815C2F8F1
:10A0600010354023006800F58072D450D158043375
:10A07000582BFAD140F30730F4F790FC0848064B10
:10A080001A68019B5A404FF0000303D004F090FB84
:10A090000448F4E702B070BDC0BE01200024F40003
:10A0A0000000AD0B0400AD0BF7B50C250679154C7F
:10A0B0007543246801944FF00004134C671997F816
:10A0C00008C0BCF1000F18D16251A1B18B687B6050
:10A0D000FFF796FF0C2303FB06440C4BC21A5342B6
:10A0E00053412372074B1A68019B5A404FF00003FB
:10A0F00005D004F05DFB0548ECE70548F2E703B046
:10A10000F0BD00BFC0BE012068DF00200000AD0B25
:10A110000C00AD0B07B501220C210C4B1B68019301
:10A120004FF0000303681A600279094B01FB023308
:10A1300002221A72054B1A68019B5A404FF0000325
:10A1400001D004F035FB03B05DF804FBC0BE012074
:10A1500068DF002007B50A4B01221B6801934FF00E
:10A1600000030368DA60064B1A68019B5A404FF0FF
:10A17000000301D004F01CFB03B05DF804FB00BF3A
:10A18000C0BE012037B5104B0D0F1B6801934FF077
:10A19000000303680801D3F81045C4F1200205FA52
:10A1A00002F2A4F12003E040104325FA03F3184320
:10A1B000054B1A68019B5A404FF0000301D004F090
:10A1C000F7FA03B030BD00BFC0BE012073B5134C19
:10A1D0000568246801944FF000044FF480348C40EB
:10A1E000B3B100268B0003F5A073EE50EB58036863
:10A1F000C3F80443036801F5A87143F82120074B15
:10A200001A68019B5A404FF0000304D004F0D0FAC2
:10A21000C5F80843EEE702B070BD00BFC0BE012024
:10A22000F7B540F20116124D9C462D6801954FF08E
:10A23000000507688E40D7F800520D4C25EA060548
:10A24000C7F8005205689DF82030D5F800624CEA46
:10A250000606C5F800622568019C65404FF00004C1
:10A2600001D004F0A5FA03B0BDE8F040FFF7AEBF9F
:10A27000C0BE01202DE9F34100251E4B29461B6875
:10A2800001934FF000030120402303F1804202F5C7
:10A29000714214682CB1116012689A0800FA02F237
:10A2A00015430433582BF0D140244FF00108124BD2
:10A2B000124FD3F8046306F47C16A30808FA03F3DC
:10A2C0001E4208D02B4206D03B6823B104F58070B3
:10A2D000796880B298470434582CEED1054B1A683F
:10A2E000019B5A404FF0000301D004F061FA02B024
:10A2F000BDE8F081C0BE012000F0004068DF002012
:10A3000070B503680446033BDBB2052B03D8094A4A
:10A3100052F823502DB9A06858B1BDE8704000F044
:10A320001DB806F0D8F921682B46BDE87040090C2D
:10A33000184770BDA8250200014B5B69184700BF94
:10A34000E0C90020014B1B68184700BFE0C900208E
:10A35000014B5B68184700BFE0C90020014B1B6937
:10A36000184700BFE0C90020014B9B68184700BF99
:10A37000E0C90020014B1B6A184700BFE0C900205C
:10A38000014B5B6A184700BFE0C90020014B1B6806
:10A39000D868704774DF0020002230B50B4B196875
:10A3A0000C6894420FD001EBC2039D68A8420BD108
:10A3B0004FF003020433D3E8CF1F002903D1C3E8D1
:10A3C000C02F0028F7D130BD0132EAE78CDF002032
:10A3D0002DE9F041002406460F462046DFF8548060
:10A3E0003368A34201D8BDE8F08106EBC4056B6871
:10A3F000DBB2012B16D16A68B8F80030B3EB124F0C
:10A4000010D1022FA8680FD1FFF77AFF01206B68E7
:10A4100023F0FF0343F003036B60B8F8003001330F
:10A42000A8F800300134DBE70168090C06F008F9F0
:10A43000ECE700BF00E4002010B5074C0221606883
:10A44000FFF7C6FF0028F9D101212068FFF7C0FF00
:10A450000028F3D110BD00BF94DF002070B507289D
:10A4600060D8DFE800F00B5F475F435F3C0401F01A
:10A47000EDFD0320BDE87040F9F784BC03202A4BB2
:10A48000D3F81446D3F81866284B1D781870EDB22F
:10A4900001F0B2FD012D10D1254B264A9C4212D06D
:10A4A000230C1B04B3F1886F0DD0A4F58033203B3F
:10A4B000022B0FD96FF0040313603146C4F30B0075
:10A4C00001F08EFD00E014601B4B1868F9F794FB57
:10A4D0000020CFE7194931F913301360F4E7002465
:10A4E000124B20461C7001F087FDEDE7FFF7A4FF3B
:10A4F0000220BFE70D4B1A78012AD0B20ED1104AC4
:10A500001168104A8C6854604968116002221A7000
:10A5100001F072FD084B1868F9F76EFBFFF78CFF2E
:10A520000120A7E770BD00BF00A002406D210120FF
:10A530000100500590DF00207CDF00206C29020024
:10A5400078DF002094DF002070B5164B42681B684E
:10A5500022F0FF0242F00202C31A42601248134A7C
:10A560000168C3F38913D2E8DF4F651CC2E8D65FE8
:10A57000002EF8D101EBC3014A6892B242EA0442CC
:10A580004A600268032002EBC302536823F0FF0312
:10A5900043F001035360F9F7DDF90122044BDA605F
:10A5A00070BD00BF84DF00208CDF002002E40020AB
:10A5B00000A002400A23F7B54FF47A750C4E0D4FF8
:10A5C00001933168386806F061F8044640B9F9F73C
:10A5D000C3FA40B9012001A9F9F7D2F96E30F0D1E0
:10A5E000204603B0F0BD01986843F9F7B3F9E8E7F6
:10A5F00080DF002088DF0020054B1B782BB9054B3E
:10A600001968054B186806F041B80020704700BF74
:10A610006C21012084DF00208CDF00202DE9F04F29
:10A6200095B038220021064603A807F06AF90223F4
:10A630000493082306932023089304230D931023E7
:10A6400040250F9380230122CDE91153D52300210A
:10A6500057480B921393F9F795FA0546002840F0F6
:10A66000A380024653493079FFF7C6FB03A8FFF7E2
:10A67000EBFB34686268B2F59D6F40F092806169CF
:10A68000E3680B44E16903F59D630B44B3F5003FB8
:10A6900000F287802068294607F033F933681C6888
:10A6A000D3F81C9004F53A72019204F16007424A13
:10A6B00004F1A40804F1200BB9F1000F5BD1C2F83A
:10A6C00000B000254FF0010A2570657084F802A0E3
:10A6D000E570336840461B69636033685B69C4F8A2
:10A6E00014B0A360354BC4F81890C3F80080344B05
:10A6F000E7601F600823C4F8108084F8A43088F84D
:10A70000015088F8025088F8035084F860307D705A
:10A71000BD70FD7005F0A2FF384605F09FFF294B84
:10A7200004F53A721A60284B04F1E80231681A60A5
:10A73000264B274E1960274B2749C3F81046C3F80C
:10A740001456264B264C1D80264B86F800A01D80F3
:10A75000254B029525601D611B690293029B144BDA
:10A760001868F9F75FFA98B103236FF07304337038
:10A77000FFF79AFB11E09B6904F1400963643368B9
:10A780004846DB69C2F800B0236401F043FC98E757
:10A790002468002CECD1154B1C70204615B0BDE888
:10A7A000F08F6FF01504E3E76FF02D04F5E700BFBD
:10A7B0007CDF00205DA4010078DF00208CDF00201A
:10A7C00088DF002084DF002080DF002074DF00208D
:10A7D0006D21012000A00240F049020002E40020A7
:10A7E00090DF002000E40020005600406C21012092
:10A7F00070B5164B42681B6822F0FF0242F001025E
:10A80000C31A42601248134A0168C3F38913D2E89D
:10A81000DF4F651CC2E8D65F002EF8D101EBC30103
:10A820004A6892B242EA04424A600268032002EB9C
:10A83000C302536823F0FF0343F001035360F9F7A9
:10A8400089F80122044B5A6070BD00BF80DF0020F0
:10A8500088DF002002E4002000A0024010B5FFF7CE
:10A86000A9FE012400220321047081704270C2708D
:10A87000FFF7BEFF054B1C7005F003FFBDE810405D
:10A88000034B47F230511868F9F7CCB96C2101201D
:10A890007CDF002038B50A4B04461B78022BDDB262
:10A8A0000DD1FFF787FE50B10022012184600170B5
:10A8B00042708570C270BDE83840FFF799BF38BD5F
:10A8C0006D210120034A126812B1002800DB1047F5
:10A8D000704700BFA8DF002010B50E4B04461B6870
:10A8E000A3B1EEF783FB082810D9237A3F2B0DD0B4
:10A8F00009490822204605F0CBF8014630B904F199
:10A9000008000A22BDE8104005F07CBA4FF0FF3085
:10A9100010BD00BFA8DF00203D4E02002DE9F3412D
:10A9200005460020174688461E4605F0D6FE02461C
:10A9300040B915B1284605F0F9FE6FF00B0002B0E2
:10A94000BDE8F0816FF05803002403730423056011
:10A950000E4D037244738473C47344728472C47260
:10A96000C0F80480394603202C7005F0D2FE4FF069
:10A97000FF3301932B78B34201D10020DFE702209F
:10A9800001A9F8F7FDFF0028F4D0D8E76E210120D7
:10A99000F8B5054600240F4F57F8046B284631469A
:10A9A00007F08DF828B90134042CF5D14FF480302C
:10A9B0000DE06CB1A31E012BF8D83046EEF716FB64
:10A9C0000A220021284405F003F940EA0440F8BDBA
:10A9D0002046FCE7C02502002DE9F743002581460B
:10A9E0000F461048294690461E46019305F014FA7A
:10A9F000041E11DB0134204605F096FEC9F8000064
:10AA000068B1334642462146019605F005FA2846CC
:10AA10003C6003B0BDE8F0836FF01500F9E76FF01C
:10AA20000B00F6E780220200014B186000207047FF
:10AA3000ACDF0020014B1860704700BFA8DF00208A
:10AA40000FB42DE9FF410A9C01F0DCFA00284AD03E
:10AA5000002C4BD0284E294F31683868F9F760F93F
:10AA6000002846D1264D31682868F9F7DBF8002820
:10AA700036D122460BAB03A902A80193FFF7ACFF26
:10AA8000044658B12868F9F7B7F83868F9F732F989
:10AA9000204604B0BDE8F04104B07047029C204657
:10AAA000FFF71AFF02230646012220460399FFF70B
:10AAB00035FF04460028E5D1DFF84880D8F80000CB
:10AAC000FFF766FF0446D8F8000005F029FE286865
:10AAD000F9F792F8002CD8D13046FFF7F3FED4E70F
:10AAE0006FF00A04D1E74FF0FF34D1E76FF00D04A7
:10AAF000CEE76FF00A04CBE7C0DF0020B8DF00200C
:10AB0000BCDF0020B0DF00200CB42DE9F04F87B08F
:10AB100007460E46109C01F075FA002800F09B8055
:10AB2000002F00F09B80002C00F09880002E00F099
:10AB30009880DFF83C81DFF83CA1D8F80010DAF803
:10AB40000000F9F7EDF8002840F08E804A4DD8F863
:10AB500000102868F9F766F8002879D1224611AB71
:10AB600005A904A80393FFF737FF044618B1286826
:10AB7000F9F742F852E0414BDDF81080D3F800902D
:10AB8000B9F1000F14D03E4BD3F800B05C450FD0A4
:10AB900059F8341008460191EEF728FA0199024657
:10ABA000404604F075FF38BB09EBC40464682CBB55
:10ABB0004046FFF791FE0223814601224046059957
:10ABC000FFF7ACFE04460028D1D1DFF8B880384644
:10ABD000D8E9004BB3455A46214628BF324606F015
:10ABE00083FEB345204623D905F09AFD2868F9F77E
:10ABF00003F86FF0060411E00134C7E72868F8F79E
:10AC0000FBFF424631463846A047044618B938464D
:10AC1000FFF7BEFE0446404605F088FDDAF8000066
:10AC2000F9F768F8204607B0BDE8F04F02B070476A
:10AC3000FFF7AEFE0446D8F8000005F071FD286865
:10AC4000F8F7DAFF002CE9D14846FFF73BFEE5E7CD
:10AC50006FF00A04E2E74FF0FF34E3E76FF00D0412
:10AC6000E0E76FF01504DDE76FF00A04DAE700BFF4
:10AC7000C0DF0020B8DF0020BCDF0020A0DF002004
:10AC80009CDF0020B0DF00200EB42DE9F343DDF897
:10AC90002480814601F0B6F900285DD0B9F1000F9B
:10ACA0005DD0B8F1000F5AD0304C314F2168386870
:10ACB000F9F736F8002855D12E4E21683068F8F79C
:10ACC000B1FF002845D14846EEF790F9451C2846CB
:10ACD00005F02AFD044668B93068F8F78DFF6FF07B
:10ACE0000B043868F9F706F8204602B0BDE8F043D7
:10ACF00003B0704749462A4606F0C2FE2046FFF7D9
:10AD0000EBFD02238146012220462946FFF706FE7D
:10AD10000446306814B1F8F76FFFE2E7F8F76CFF0C
:10AD2000B9F1000F144D06DB2868FFF731FE10B9AA
:10AD30004846FFF7C7FD0AAA41462868019205F078
:10AD40009DF8041E286808BF6FF04C0405F0E8FC6D
:10AD5000C7E76FF00A04C4E74FF0FF34C4E76FF0B1
:10AD60000D04C1E76FF00A04BEE700BFC0DF00209A
:10AD7000B8DF0020BCDF0020B0DF002038B5C3689A
:10AD80000446A72B01D0206810E0032907D004292E
:10AD900026D0022902D10122154B1A7038BD144B5E
:10ADA00000681A78022A05D10028F7D0BDE838409B
:10ADB00005F0B6BC0F4D2A6862B12B689847002396
:10ADC00020682B6005F0ACFC0B4B1868BDE83840E0
:10ADD000F8F712BF094A1060616851600222DCE78F
:10ADE000074B1B68002BCED000689847CBE700BF0D
:10ADF0006E210120A4DF0020BCDF0020B0DF002096
:10AE0000ACDF0020012210B511460B48F8F7BAFE5E
:10AE100070B90A48F8F738FF014648B94FF0FF32D9
:10AE2000074B1A60BDE8104001230522FFF776BDED
:10AE30006FF02D0010BD00BFBCDF0020B8DF002088
:10AE4000C0DF002010B400F11C03D3E8EF2F511E27
:10AE5000C3E8E41F002CF8D1012A0CDC074BD0E832
:10AE6000EF2FC0E8E13F0029F9D16422002110BC96
:10AE7000043006F046BD10BC704700BF1EF1010053
:10AE800010B500240A4B4FF45072214609481C703B
:10AE900006F037FD21462246064B074801310829B6
:10AEA000C3E900029A6003F16803F7D110BD00BF47
:10AEB0006F210120C4DF00201EF10100164830B5CB
:10AEC000002203464FF0FF34144DD0E8EF1FA94293
:10AED00004D1C0E8EC4FBCF1000FF6D10CBF01214A
:10AEE000002112D1682101FB023301220C49DA61F1
:10AEF000097893F8202061F3451283F8202002227C
:10AF0000A3F8482083F84A2030BD0132082A00F116
:10AF10006800DAD10846F7E7C4DF00201EF101001F
:10AF20006F21012030B5024600236825054905FB45
:10AF300003F460180C59944203D00133082BF6D166
:10AF4000002030BDC4DF002010B50446043005F0F9
:10AF5000E1FD606C08B1F8F75FFF064BD4E8EF2F16
:10AF6000C4E8E13F0029F9D12046BDE81040FFF7D1
:10AF700069BF00BF1EF1ADDE70B50825064C074E57
:10AF80002368B34202D02046FFF7DEFF013D04F103
:10AF90006804F5D170BD00BFC4DF00201EF10100C0
:10AFA0002DE9F8430F4C06460025A0464FF06809EE
:10AFB0000D4B0E4F18702368BB420CD009FB058364
:10AFC00093F8202066F3451283F82020A36B13B179
:10AFD000204605F00DFC0135082D04F16804EAD186
:10AFE000BDE8F883C4DF00206F2101201EF10100BD
:10AFF000112806DC00280DDB084BC34003F00100DC
:10B000007047B0F5817F07D040F21113C31A584240
:10B0100058417047002070470120704741000200EE
:10B02000034B02685A6082699A6042691A607047ED
:10B0300004E30020012208B511460448F8F7A2FDF8
:10B04000002818BF6FF02D0008BD00BF10E30020DE
:10B050002DE9F04F85B082460F4616461D4600F09A
:10B06000D1FF28B90120F8F75FFD6FF00A041CE05A
:10B070005AEA070300F051811EB3336823F4A0534A
:10B0800023F00203002B40F04B81706838B9B068A0
:10B0900078B105F0E2FC60B96FF0060405E005F058
:10B0A000D6FC0028F3D16FF00504204605B0BDE8BA
:10B0B000F08FF06828B1B16805F0E3FC08B96B20A7
:10B0C000D1E79A4B4FF47A611868F8F7ABFD044664
:10B0D000002840F02881002F64D0F6B1336803F4D3
:10B0E000A053B3F5805F18D13368DB0445D44FF02B
:10B0F000FF37706808B100F091FD8D4B8D4A1860E4
:10B10000B368002B08BF01231360F3688A4A002B41
:10B1100008BF0623136033681CE00A22002138466A
:10B1200004F070FE4FF6FE73421E9A4200F2F28067
:10B13000824A030243EA10231380002ED4D1002355
:10B1400001217B4A4FF0FF3713607A4A11600621D4
:10B15000794A1160DFF8E8815046C8F80030BAF14A
:10B16000000F65D105F0B9FA064600BB6FF009047F
:10B170006E4B1868F8F740FD97E73A21384606F01D
:10B180003CFC00B1471C38466E4906F098FC0A2288
:10B1900028B10021033004F01BFD0746A9E7014652
:10B1A0003846F8E7654B1880002EC8D09FE7076146
:10B1B0005F4BDFF880B11B68DFF87CA1B361DBF87F
:10B1C00000303246F361DAF8003047F20D013362A5
:10B1D000D8F800300420736105F09BFA4FF0FF337C
:10B1E000594F5A4E03933E603868B04231D0002820
:10B1F00040F08C802020D7F80490F8F7F1FD28600B
:10B2000070B109F118034D4A019318461288B9F834
:10B21000141005F093FA064638BB2868F8F7FCFDD1
:10B220006FF0090478680028A2D005F079FA9FE74A
:10B23000EDF7DCFE05F051FA0646002896D00761CE
:10B240005046EDF7D3FE51460246306806F04CFBFF
:10B25000AEE7022003A9F8F793FB0028C4D06E20C4
:10B26000F8F762FC6FF00A0482E7D9F808102A6840
:10B2700001290AD002291FD01046F8F7CDFD30462B
:10B28000F8F7CAFD6FF00504CCE708211161D8F882
:10B29000001011F0020137D00192B9F81600013008
:10B2A000F8F79EFD019A90612A68906930B91046BE
:10B2B000F8F7B2FD3046B1E71621E7E7B9F8141008
:10B2C00009F118030B441946B9F8162006F00CFBD7
:10B2D00000202968B9F81620896988542A680192E3
:10B2E000D9F8080006F0DEF8019A2B685060DBF808
:10B2F00000205E619A60DAF80020DA60D8F8002059
:10B300001A600022DA618DE79161E7E706F010F933
:10B31000044687E76FF007042AE76FF00104C4E6EC
:10B320004FF0FF34C1E66FF00204BEE610E30020E8
:10B330001CE3002018E3002014E3002004E40020B4
:10B3400020E300205E4E020004E30020EEC100BCBA
:10B35000F8B548F20F03994205460E4640D022D870
:10B3600048F20D03994233D048F20E03994233D08C
:10B370000069FFF7D7FD044610B3B6F5004F1FD99B
:10B38000A6F50046013E0B2E1AD8DFE816F0AE00F7
:10B39000E800B600B600B6003A013A01B600C400B3
:10B3A000190019000B0149F2040399421CD0B1F5B0
:10B3B000104F3FD9C068FFF7B5FD0446002848D1BB
:10B3C0002868002800F02D81BDE8F84005F0A8B9F4
:10B3D000BDE8F840FFF724BEBDE8F84005F0BBBB70
:10B3E000BDE8F84005F0A4BB0369082B00F2198101
:10B3F000DFE813F01000160009000E001600170118
:10B40000170118001E000020BDE8F840FFF7C8BD76
:10B410000120F9E70021E868BDE8F84005F0DBBA53
:10B420000121F8E70021E868BDE8F84005F0DFBA3F
:10B430000121F8E70069FFF775FD04460028BFD039
:10B4400048F281039E42BBD10146284600F036FBFC
:10B4500056E049F202039E4200F0CD8037D805F055
:10B4600042FA0746E0B91020F8F7BAFC0646B8B130
:10B470003946102206F045FA2B6873606B683381F9
:10B48000698A002900F0C8802A8A05F1140005F0B5
:10B4900055F9F060002840F0BF803046F8F7BCFC5A
:10B4A000286805F03DF9204605F0DFF958B120463F
:10B4B00005F019FA38B994F8203043F0800384F885
:10B4C00020300C23A361204605F0D4F918E049F29E
:10B4D00003039E423DD049F282039E427FF470AF47
:10B4E0000146284600F002FB0AE06B692BB92846AA
:10B4F00006F038F8AA6943681A60284606F034F85E
:10B50000204605F000FA002800F08B802046BDE8B8
:10B51000F84005F06DB990F8203043F0010380F851
:10B52000203005F0C7F918B13E4B1868F8F764FBF6
:10B5300094F82030204623F00A0384F8203005F0E8
:10B54000E2F910B1204605F053F92046FFF7FCFC64
:10B55000D3E7286969280BD16823A361D0E790F865
:10B560002030EE686FF3410380F82030686918B12D
:10B5700000F068FBA061C3E7204605F085F928B913
:10B5800094F8203043F0040384F82030204605F07E
:10B590007BF90028B4D0002EB2D00021204600F064
:10B5A000C3FAADE76B69F3B9284605F0DBFFAA697A
:10B5B00043681A60426892F8203043F0040382F82E
:10B5C0002030436822691A61436862695A6183685E
:10B5D0004BB105F1180205F1300152F8040B8A4213
:10B5E00043F8040BF9D194F82230002B85D0013BAD
:10B5F00084F8223081E790F82230013380F822303D
:10B600007EE7284605F0AEFF6B6913B9AB6943606E
:10B6100073E74FF0FF33FAE73146204605F005F9AE
:10B620006EE7F8BD24E3002030B585B00546FFF78E
:10B6300079FC044628B90920F8F776FA4FF0FF3074
:10B640000EE000F0DFFC68B9204605F033F918B1D0
:10B650000D4B1868F8F7D0FA2046FFF775FC00206C
:10B6600005B030BD002005F038F8014608B9692062
:10B67000E2E7056101AA47F2090000F0FBFA0028A1
:10B68000EDD01628EBD0D7E724E300202DE9F043D6
:10B6900085B08146884614461F460C9EFFF742FC43
:10B6A00040B90920F8F740FA4FF0FF33184605B0CB
:10B6B000BDE8F08317B90EB11620F3E7B8F1290FF2
:10B6C00000F0ED800CDCB8F1010F12D0B8F1060FDC
:10B6D00000F0E180B8F1000F00F0DF806D20E1E7BD
:10B6E000B8F58D7F00F08880B8F5007FF6D11E2C6C
:10B6F00008E03D2CF2DC202C0EDC142C4ED0152C56
:10B7000053D0022CEAD1304604F0E7FF054600286A
:10B7100040F0C7806920C5E7A4F121031C2BDDD8C8
:10B7200001A252F823F000BF07B7010007B70100DC
:10B73000DDB60100DDB60100DDB60100DDB60100B9
:10B74000DDB6010007B70100DDB60100DDB601007E
:10B75000DDB60100DDB60100DDB60100DDB6010099
:10B76000DDB60100DDB60100DDB60100C7B701009E
:10B77000CFB70100D3B70100D7B70100E7B7010089
:10B78000DDB60100DDB60100DDB60100DDB6010069
:10B79000DDB60100B9B70100EBB70100324639460A
:10B7A00005B0BDE8F04305F0E3BE3246394605B0CA
:10B7B000BDE8F04305F0EABE3246394605B0BDE8C3
:10B7C000F04305F0F1BE01230422019305E00223BA
:10B7D000FAE70323F8E7042201920DEB020105F0DA
:10B7E00003FF034662E70523EEE73246394605B01C
:10B7F000BDE8F04305F0F8BE631E112B3FF66EAFB7
:10B8000001A252F823F000BF5FB8010089B801001F
:10B8100007B70100DDB601007BB8010051B8010097
:10B82000DDB60100DDB60100DDB60100DDB60100C8
:10B83000DDB601006DB8010007B7010007B70100D0
:10B8400007B70100DDB6010007B7010007B7010027
:10B850003246394605B0BDE8F04305F0E8BE324651
:10B86000394605B0BDE8F04305F0F5BE324639462D
:10B8700005B0BDE8F04305F003BF3246394605B0D8
:10B88000BDE8F04305F00EBF3246394605B0BDE8CD
:10B89000F04305F016BF372C34E71F2C32E7202C7D
:10B8A00030E70023082243728372C3720272C0F829
:10B8B0001090404605F01FFE6861204600F0B6F982
:10B8C00032463946A861286806F00EF8294647F244
:10B8D00003006E6001AA00F0CDF9034600283FF492
:10B8E000E5AEDFE62DE9F04385B081468846174690
:10B8F0001D460C9EFFF716FB40B90920F8F714F916
:10B900004FF0FF37384605B0BDE8F08305B10EB9FA
:10B910000E20F3E7B8F1290F00F08F800CDCB8F1AE
:10B92000010F11D0B8F1060F00F08380B8F1000FBD
:10B9300000F081806D20E1E7B8F58D7F2AD0B8F561
:10B94000007FF7D11E2F0EE0152F1CD00ADC042F2C
:10B9500012D0142FEED13246294605B0BDE8F0438F
:10B9600005F0E6BE212FE5D1306804F0B6FE0446AE
:10B97000002864D16920C1E73246294605B0BDE8F8
:10B98000F04305F0C5BE3246294605B0BDE8F04398
:10B9900005F0DDBE7A1E122ACCD801A151F822F0A2
:10B9A00017BA010025BA010069B9010069B901009F
:10B9B00009BA0100EDB9010035B9010035B901003E
:10B9C00035B9010035B9010035B90100FBB90100F5
:10B9D00035B9010069B9010069B9010069B901000F
:10B9E00035B9010035B9010069B90100324629466F
:10B9F00005B0BDE8F04305F0B9BE3246294605B0B2
:10BA0000BDE8F04305F0C4BE3246294605B0BDE8A6
:10BA1000F04305F0CFBE3246294605B0BDE8F043FD
:10BA200005F0DABE3246294605B0BDE8F04305F020
:10BA3000E5BE372F97E71F2F95E7202F93E70023C9
:10BA40000822437202728372C372C0F8109040469B
:10BA500005F051FD6061384600F0E8F82146A0612C
:10BA600001AA47F20400D4F8008000F003F9074669
:10BA700020B1404604F05AFE38463FE7626833681A
:10BA800041469A4228BF1A462846326005F02CFFEC
:10BA9000404604F04BFE35E708B5FFF7F1F9FFF734
:10BAA000C9FA40B9012204481146F8F76BF800289A
:10BAB00018BF6FF02D0008BD24E3002010B54369C6
:10BAC0000C467BB191F820306FF3C30381F820302E
:10BAD000406900F0B7F8044BA061BDE81040186859
:10BAE000F8F78AB810BD00BF24E3002010B591F824
:10BAF00020300C466FF3C30381F82030006960B931
:10BB0000DBB223F0140343F0140381F82030054B1B
:10BB1000BDE810401868F8F76FB800F093F8A0611E
:10BB2000F5E700BF24E300202DE9F341DFF8E880CA
:10BB30000546D8F800000191F8F774F8074650B1AF
:10BB4000019B002B65D11023AB614FF0FF373846C6
:10BB500002B0BDE8F081686CA8B1EDF747FA461C69
:10BB6000304604F0BAFD044678B9284604F0A7FE32
:10BB700008B16923AB61D8F80000F8F73DF86920F7
:10BB8000F7F7D2FFE1E73E46EAE72B6804220361BC
:10BB90000023027243728372C37295F84B2005F141
:10BBA0004801013292008260143005F09DFEF6B12A
:10BBB0003246696C206805F063FF666095F82030B6
:10BBC000042043F00803224647F2810185F8203023
:10BBD00004F09FFD284604F072FE0028B7D12846E5
:10BBE00004F068FE40B9A8690028B0D0C8E7267004
:10BBF0006670A670E670E0E7022001A9F7F7C0FEC4
:10BC000010F10B0F05D00028E9D00028B8BF404242
:10BC1000B6E77420B4E700BF24E3002003289CBFEC
:10BC2000014B1856704700BF624E0200023835289B
:10BC30009ABF034B53F820004FF0FF30704700BF0E
:10BC4000A827020070289ABF024B53F82000024830
:10BC5000704700BFE4250200ADBAADBA0138042830
:10BC60009ABF034B53F820004FF0FF30704700BFDE
:10BC7000D02502004FF0FF3337B50D4DCA60144692
:10BC800015600A4601460420019304F042FD206835
:10BC9000A84202D0FFF7D6FF08E0022001A9F7F77B
:10BCA0006FFE0028F3D00028B8BF404203B030BD7B
:10BCB000EEC100BC2DE9F041056807460C463DB1D8
:10BCC00001F47043B3F5005F04D1404BC3E90015A4
:10BCD000BDE8F0813E4E336863B144F20402914204
:10BCE00064D00CD844F2020399424ED044F20303CC
:10BCF000994253D03868BDE8F04104F011BD44F2D8
:10BD0000012221F4807393420FD044F2031399422D
:10BD1000F0D1304C206808B104F002FD01222E4B16
:10BD20001A7025600420336826E0DFF8B080D8F868
:10BD3000000008B104F0F4FC44F201339C420CBF53
:10BD40000322022295F85170254B264C1A70C8F830
:10BD5000005017F008053368227810D01AB9052072
:10BD600098470123237007F04107012F02D10220D9
:10BD70003368984701203368BDE8F0411847002A2E
:10BD8000F1D0062098472570EDE7174C206808B1E0
:10BD900004F0C6FC032033682560EDE70D4C2068F5
:10BDA00008B104F0BDFC00220B4BB9E72A78032A46
:10BDB000A0D8DFE802F0020507090720984799E7B5
:10BDC0000820FBE70920F9E70A20F7E738E300201D
:10BDD00028E300202CE300207021012034E3002020
:10BDE000712101207221012030E3002008B50023D9
:10BDF000094A0A4813700A4A13700A4A13700A4A19
:10BE000013700A4A136001221146F7F7BBFE00289F
:10BE100018BF6FF02D0008BD7221012040E3002003
:10BE200074210120732101207121012028E30020C9
:10BE300010B50B4C206818B104F072FC002323608D
:10BE4000084C206818B104F06BFC00232360064CFA
:10BE5000206818B104F064FC00232360002010BDAA
:10BE600034E3002030E300202CE3002030B4074B03
:10BE70001C6844B143688589A4460268C1899BB2A5
:10BE8000E8B230BC604730BC704700BF44E30020DC
:10BE900037B50125074C4FF4FA706561F7F75AFD85
:10BEA000002363610193256123690193019B03B022
:10BEB00030BD00BF0056004030B50D4D89B0036A5B
:10BEC00003AC01908DF808300FCD0FC42B6801A88A
:10BED000236004F0C1FB40B9044603AD55F8043BB0
:10BEE000984710B90134052CF8D109B030BD00BF16
:10BEF0004C220200034BD3E8EF2FC3E8E10F0029E7
:10BF0000F9D1704748E3002038B50546002850D0E5
:10BF1000436A002B50D0836A002B4DD00124294B5B
:10BF2000D3E8EF2F002A03D1C3E8E14F0029F7D16E
:10BF300045D1686A00F04EF8F7F7BEFF224BC820E3
:10BF40009C66F7F707FD2846FFF7B6FF044640B9A1
:10BF500001221D4B0220DA66FFF7CCFF00242046A9
:10BF600038BDFFF795FF002C11DBAB6A20469847E0
:10BF7000164B9C421AD013DCA4F18864033C012CBC
:10BF800011D82846FFF798FF04460028E0D0012288
:10BF90000D4BDA66F7F7B8FF0020FFF7ABFFDEE7DF
:10BFA0000B4B9C42EDD06FF00404F0E76FF00A04F5
:10BFB000EDE76FF00D04D2E76FF01504CFE74FF017
:10BFC000FF34CCE748E30020005000400500400467
:10BFD00001005005014B1860704700BF4CE3002082
:10BFE00007B5044BCDE900011B686846984703B0CC
:10BFF0005DF804FB4CE30020014B1870704700BF54
:10C0000075210120024B1878431E58425841704751
:10C01000752101200021074B01221970064B197070
:10C02000064B1960064B1960064B18600648F7F777
:10C03000A9BD00BF762101207721012054E3002013
:10C0400058E3002068E3002050E3002070B42D4B3B
:10C050001B68196958691A7C00221A745C7C5A742E
:10C060009C7C9A74DC7CDA741C7D1A755C7D5A7534
:10C070009C7D03299A75DC7DDA7529D0042933D09B
:10C0800001292FD18568204E954210D101211A7ABD
:10C0900000221972597A5A72997A9A72DA7A6FF082
:10C0A0005F02DA72194B70BC1868F7F7A5BD911CD6
:10C0B00000EB81014C682178622907D0633918BFF1
:10C0C0000121490046F821400132DDE70121F9E76D
:10C0D000187A1972597A5A72997A9A72DA7A6FF0D2
:10C0E0005F02DA7270BC7047187A1972597A5A7204
:10C0F000997A9A72DA7A6FF05F02DA720122044B4F
:10C100001A70EFE768E300205CE3002050E30020B2
:10C110007721012007B50E4B1B6801934FF00003F8
:10C120000B4B60B11A68019B5A404FF0000301D0DD
:10C1300002F03EFB03B05DF804EBF3F727BA1A6890
:10C14000019B5A404FF00003F2D103B05DF804FBAD
:10C15000C0BE012007B5084B1B6801934FF00003D8
:10C16000054B1A68019B5A404FF0000301D002F0C2
:10C170001FFB03B05DF804FBC0BE012007B50D4BEB
:10C180001B6801934FF0000340B1C368587810F06A
:10C1900001001EBF1878B0FA80F04009054B1A68FC
:10C1A000019B5A404FF0000301D002F001FB03B0A5
:10C1B0005DF804FBC0BE012007B50A4B1B68019364
:10C1C0004FF00003084B9868064B84301A68019BB7
:10C1D0005A404FF0000301D002F0EAFA03B05DF8D4
:10C1E00004FB00BFC0BE012070E300202DE9F04336
:10C1F00083B0374B00AF04460D461B687B604FF0A1
:10C2000000034FF02003EFF3118883F31288BFF38C
:10C210006F8F04282F4A98BF2F4BE9468AB0966843
:10C22000117C98BF53F820306A4688BF2B4BC2E977
:10C23000073140F201332A4893842A4BC2E90504AE
:10C2400042F8103F00234FF431512748F1F7F4F939
:10C25000CD4645B1EB69C3F3080323B10121234A5D
:10C260002148F1F77DFA2EB1304600F089FB08B184
:10C27000037803B91E48E9468AB06A461D4BD0616F
:10C28000C2E9053640F2013313841B4B42F8103FDC
:10C2900000234FF411511448F1F7CEF92946CD4649
:10C2A0002046FCF709F988F31188BFF36F8F3046F9
:10C2B000F2F7DAFA064B1A687B685A404FF000032F
:10C2C00001D002F075FA0C37BD46BDE8F08300BF1F
:10C2D000C0BE012070E3002080280200664E0200EC
:10C2E0007C4E020005000001F4210200A44E020071
:10C2F000744E0200C54E02000400000173B5184BD5
:10C300001B6801934FF00003164B53F82040013097
:10C3100053F82060A64208D8114B1A68019B5A4076
:10C320004FF0000319D002F043FAD4E9003595B17B
:10C3300053B12846984738B10028B8BF4042FF287B
:10C34000A8BFFF20EB681870EA68537843F0010338
:10C3500053700834DEE79847FBE702B070BD00BFBA
:10C36000C0BE01209428020007B50122114B032012
:10C370001B6801934FF000030F4B1A70FFF7BEFFCD
:10C3800003F02CF90420FFF7B9FF00F0DDFBEDF717
:10C39000A5FC0A4A137B23F001031373054B1A68AB
:10C3A000019B5A404FF0000301D002F001FA03B0A4
:10C3B0005DF804FBC0BE01207821012068D8002070
:10C3C00013B5094B1B6801934FF00003064B1C6823
:10C3D000019B5C404FF0000301D002F0E9F902B08C
:10C3E000BDE8104005F08DBAC0BE012013B5094B61
:10C3F0001B6801934FF00003064B1C68019B5C40D7
:10C400004FF0000301D002F0D3F902B0BDE81040B4
:10C4100005F06ABAC0BE012007B50B480B4A0C4BA9
:10C42000121A00211B6801934FF00003FFF7C8FFA9
:10C43000074B1A68019B5A404FF0000301D002F0ED
:10C44000B7F903B05DF804FB70CE00207C21012019
:10C45000C0BE012070B5204B88B01B6807934FF019
:10C460000003A8231D4E012203FB00661C4B04465B
:10C4700005930F23CDE903320023CDE901331423C3
:10C480004FF4A072174D184903FB005502FB001131
:10C49000164B3046009500F0C9FA737B2C7423F0DC
:10C4A00004037373124B013403EBC4236B60114B11
:10C4B000EE60D3E8EF1F0131C3E8E21F002AF8D194
:10C4C000054B1A68079B5A404FF0000301D002F059
:10C4D0006FF908B070BD00BFC0BE0120C0D70020FA
:10C4E000274F020070E30020802D012001CC0100C5
:10C4F000802501206CE300202DE9F743254B0546FC
:10C500000C461B6801934FF00003234E3046FFF7A3
:10C5100035FE58B1B368A2B25F683FB12946012326
:10C520003046B8470028C4BF241A2D181B4EDFF828
:10C5300070801C4F44B9174B1A68019B5A404FF04A
:10C54000000323D002F034F9F7F73AF91649A1466F
:10C55000D1E90032C31842F1000008FB03F206FBE8
:10C560000022A3FB0630DB1942EB0002042C28BF9B
:10C570004FF00409C1E900322846009269464A4654
:10C58000FFF734FFA4EB09044D44D3E703B0BDE843
:10C59000F08300BFC0BE0120201F0200FDB0B087A5
:10C5A000E62EBB272DF304B528C6002080B5002059
:10C5B000B2B0FFF7A3FE344B03F5006282F30888A4
:10C5C00083F30A880024E023304D314E85F8223071
:10C5D000EC772C766C76AC7685F820406B6A2D4F24
:10C5E00043F4E0236B6285F82340F2F745F8F2F755
:10C5F00007FB4FF0FF33AB62EB62F2F79BFDF2F704
:10C600006FFBF0F70FFD40F2011308AD2846ADF8BF
:10C610002C30CDE92A4402F095FFB560FFF79AFD72
:10C620000120FFF76BFE0220FFF768FE042107A838
:10C63000FFF762FF184B079A184D1A601A6812022A
:10C640001A6001F0D5FE164B75610593012315495B
:10C650004FF48052CDE9034328463B46CDE90144DF
:10C66000009400F0E3F906466A7B284622F00402B3
:10C670006A7301F0CBFB2046FFF7ECFE3A463146E9
:10C680002846F2F79FFA00BF8025012000ED00E068
:10C6900070E3002069C30100C0BE012068D80020FB
:10C6A0002C4F0200C02E012037B50B4C0A4B2468DA
:10C6B00001944FF0000400F10C04C0E903441C682D
:10C6C000019B5C404FF0000301D002F071F803B011
:10C6D000BDE83040EEF780BDC0BE012037B50E4B3F
:10C6E0000E4C1B6801934FF000030D4DAC4208D374
:10C6F000094B1A68019B5A404FF0000308D002F022
:10C7000057F82046D4E90112FFF7CEFF1434EDE7C5
:10C71000002003B030BD00BFC0BE0120C0CC00204F
:10C72000E8CC00202DE9F04F0546274B89B0DDE924
:10C7300012671B6807934FF0000391463B46324651
:10C7400004A8884605F1140A02F046FADDE904342B
:10C75000CDE902344FF02003EFF3118483F3128804
:10C76000BFF36F8F05F10C0B4A4641462846EEF7A2
:10C77000A5FC60B184F31188BFF36F8F124B1A6868
:10C78000079B5A404FF000031AD002F011F83E43C5
:10C79000F0D0DDE9022304A802F054FADDE90467D1
:10C7A0005A4621465046CDE9006701F0F5FB4FF0AF
:10C7B0002003EFF3118483F31288BFF36F8FD3E765
:10C7C00009B0BDE8F08F00BFC0BE012030B50B4CF2
:10C7D00085B0246803944FF00004CDE900230A4695
:10C7E0000421FFF79FFF054B1A68039B5A404FF047
:10C7F000000301D001F0DCFF05B030BDC0BE012058
:10C8000037B5194B04461B6801934FF000034FF0F6
:10C810002003EFF3118583F31288BFF36F8FEEF7D8
:10C82000D9FB04F10C0001F0C1FD80B10E4B1A6878
:10C83000019B5A404FF0000301D001F0B9FF294697
:10C8400004F1140003B0BDE8304001F0ABBC85F347
:10C850001188BFF36F8F044B1A68019B5A404FF049
:10C860000003EAD103B030BDC0BE012007B5134BB1
:10C8700082681B6801934FF000034369134313F070
:10C88000030314D1C3600169994209D800200B4BFE
:10C890001A68019B5A404FF000030BD001F088FF4B
:10C8A000C168013311604169C2600A44EBE76FF06F
:10C8B0001500ECE703B05DF804FB00BFC0BE01202B
:10C8C00037B50E4B00201B6801934FF000030C4C52
:10C8D0000C4DAC4208D3094B1A68019B5A404FF0EB
:10C8E000000308D001F064FF2046FFF7BFFF0028D7
:10C8F000F1DB1C34EDE703B030BD00BFC0BE01204A
:10C90000C0CC0020C0CC002007B50B4B1B680193A6
:10C910004FF00003EFF30580074B003818BF0120EC
:10C920001A68019B5A404FF0000301D001F040FF0C
:10C9300003B05DF804FB00BFC0BE012013B50E4B71
:10C9400004461B6801934FF0000308B90B4B9C6829
:10C950001F2204F1620005F093F80020064B84F8D2
:10C9600081001A68019B5A404FF0000301D001F08A
:10C970001FFF02B010BD00BFC0BE012070E3002049
:10C9800007B5094B62301B6801934FF00003064B5B
:10C990001A68019B5A404FF0000301D001F008FFD4
:10C9A00003B05DF804FB00BFC0BE012007B5124B09
:10C9B0001B6801934FF00003104B9B685A7BD20712
:10C9C0000ED4D3F888301A68B2F1F03F08D04FF097
:10C9D000F0321A60404080F311884FF0020002DF0D
:10C9E000054B1A68019B5A404FF0000301D001F03B
:10C9F000DFFE03B05DF804FBC0BE012070E3002041
:10CA000007B5094B1B6801934FF00003064B1A68EA
:10CA1000019B5A404FF0000301D001F0C9FE03B062
:10CA20005DF804EB01F0EEBBC0BE0120F0B587B0AD
:10CA3000254D109F2D6805954FF0000507730427BD
:10CA400000F15805C0E916554FF0F03E00250446A8
:10CA5000477307320F9F22F007028773C0E906551C
:10CA60008560C5738F18C1F800E0C0E922120E9AE4
:10CA7000C0F8905002920D9A119E01920C9A009269
:10CA80003A46F2F75BF86565BEB11F22314604F104
:10CA9000620004F0F5FF84F881500C4B9B680BB1E9
:10CAA000D3F89430C4F89430074B1A68059B5A4069
:10CAB0004FF0000304D001F07BFE84F86260ECE7E5
:10CAC000384607B0F0BD00BFC0BE012070E30020B3
:10CAD000F0B51B4F89B03F6807974FF00007DDE9BD
:10CAE000146500270597129F04460497119F03972A
:10CAF000109F02970F9F01970E9F0097FFF796FFD9
:10CB0000B5F1FF3F08BFB6F1FF3F05D055EA060378
:10CB10000BD1204601F076FB094B1A68079B5A405F
:10CB20004FF0000309D001F043FE32462B46054981
:10CB300004F1180001F0CCFEEEE7204609B0F0BD8C
:10CB4000C0BE012069DF010070B5294B88B01B68A9
:10CB500007934FF00003274C274D2646AE4204F1C1
:10CB600030040ED301F0CEFB224C244EAC4224D331
:10CB70001F4B1A68079B5A404FF0000332D001F058
:10CB800017FE54F80C3C059354F8103C049354F8E9
:10CB9000143C039354F8183C029354F81C3C019342
:10CBA00054F8203C009354E90A2354E90C01FFF7A0
:10CBB0003DFF54F8303C5E65CFE7D4E90A23B3F17A
:10CBC000FF3F08BFB2F1FF3F05D052EA03012068E2
:10CBD00003D101F017FB3034C8E73146183001F0BB
:10CBE00077FEF8E708B0BDE8704001F0B3BB00BFC6
:10CBF000C0BE0120642102006421020069DF01003F
:10CC000007B5084B1B6801934FF000034FF020025B
:10CC1000EFF3118382F31288BFF36F8FF1F7F6FF02
:10CC2000F4E700BFC0BE012007B5104B1B6801939D
:10CC30004FF0000390F90E308B420C4B0CD01A6869
:10CC4000019B5A404FF0000301D001F0B1FD03B049
:10CC50005DF804EB01F050BA1A68019B5A404FF09E
:10CC60000003F2D1002003B05DF804FBC0BE012038
:10CC700037B5244B04461B6801934FF000038368CB
:10CC8000002B36D0204A9268934235D1C368012BDD
:10CC90000BD9013BC36000201A4B1A68019B5A4014
:10CCA0004FF000032BD001F083FD4FF02003EFF392
:10CCB000118583F31288BFF36F8F01698068FFF7D6
:10CCC000B3FF204601F0C0F9A06060B190F90E20DA
:10CCD00022610022C0F89C2001F098F829460B48F8
:10CCE00001F060FAD7E7E06085F31188BFF36F8F3A
:10CCF000D1E76FF01500CFE74FF0FF30CCE703B07E
:10CD000030BD00BFC0BE012070E3002079210120AA
:10CD10002DE9FF411E46404B044617461B6803930E
:10CD20004FF000034FF02003EFF3118883F31288D4
:10CD3000BFF36F8FC368394AABB18068916888428E
:10CD40001FD057EA06031ED188F31188BFF36F8FF7
:10CD50006FF00F00304B1A68039B5A404FF00003EE
:10CD600057D001F025FD916891F90E100133E36071
:10CD700093682161A36088F31188BFF36F8F00204F
:10CD8000E8E72169F2E791F90E1090F90E306FF0A3
:10CD90007E029942A8BF19469142B8BF11468B4204
:10CDA0002EDDFFF741FF054622464146CDE90076DC
:10CDB0001B4801F0F1F80028E1D04FF02003EFF319
:10CDC000118683F31288BFF36F8FA068D0B12368F8
:10CDD00021699C420AD04BB193F90E309942A8BF09
:10CDE00019466FF07E039942B8BF1946FFF71CFF42
:10CDF00040B131460A4801F0D5F96FF00A00A9E7C1
:10CE00000025D1E7002DF4D186F31188BFF36F8F91
:10CE1000F3E704B0BDE8F081C0BE012070E300205C
:10CE20007921012007B503460A4A002012680192C1
:10CE30004FF00002C3E90033C3E90200054B1A6852
:10CE4000019B5A404FF0000301D001F0B1FC03B048
:10CE50005DF804FBC0BE01202DE9F7439046394A36
:10CE6000994604460D46126801924FF000029DF863
:10CE7000283000F108064FF02002EFF3118782F30B
:10CE80001288BFF36F8F03B14568304601F0DCF8BC
:10CE900060B10023C0F81480C0F89C3000F0B6FFE9
:10CEA0003046394601F07EF900200CE0B9F1000F60
:10CEB00022D0082102F060FB70B987F31188BFF31C
:10CEC0006F8F6FF00B001F4B1A68019B5A404FF099
:10CED000000334D001F06CFC0122C0F80480026031
:10CEE000016801F003015DB922680A4302606268CB
:10CEF00020606AB960600BE04046C8F80090EFE738
:10CF00002A68032A10D80160616839B9C4E90000B1
:10CF1000042104F1100002F0E1F9C1E70A6802F00F
:10CF2000030202430A60E5E722F003020A430260BB
:10CF30002A6802F0030240EA02032B60E8E703B02C
:10CF4000BDE8F083C0BE012013B50D4B04461B683D
:10CF500001934FF0000330B10268930703D0446897
:10CF600009B102F075FA064A1168019A51404FF072
:10CF7000000201D001F01CFC204602B010BD00BF31
:10CF8000C0BE01201FB50C4B0A461B6803934FF02F
:10CF900000030123009300231946FFF75DFF064BB2
:10CFA0001A68039B5A404FF0000301D001F000FCC7
:10CFB00005B05DF804FB00BFC0BE012030B51146CE
:10CFC0001E4A85B0126803924FF000024FF0200213
:10CFD000EFF3118582F31288BFF36F8F0468CCB131
:10CFE0002368426823F003039442036008BF436050
:10CFF00001212046FFF7A8FF044685F31188BFF3FF
:10D000006F8F0E4B1A68039B5A404FF0000312D0EB
:10D0100001F0CEFB51EA0302EFD000F10802CDE9A6
:10D0200000131046294600F0B7FF0028E9D1044B51
:10D030009B685C69E5E7204605B030BDC0BE0120B5
:10D0400070E3002013B50F4B1B6801934FF00003F2
:10D050009AB18A4211D300F11003C0E90212C0E96B
:10D060000000C0E904330020064B1A68019B5A40B7
:10D070004FF0000304D001F09BFB6FF01500F3E7C5
:10D0800002B010BDC0BE012037B5194B04461B6865
:10D0900001934FF000034FF02003EFF3118583F36A
:10D0A0001288BFF36F8F00F0CFFF68B10022C0F885
:10D0B0009C2000F0ABFE0E4B1A68019B5A404FF0CB
:10D0C00000030DD001F074FBD4E902329A4218BF7C
:10D0D00001330221A36004F1100002F0FFF8EAE737
:10D0E0002946044803B0BDE8304001F05BB800BFFA
:10D0F000C0BE0120792101201FB51949096803919B
:10D100004FF000014FF02004EFF3118184F31288F7
:10D11000BFF36F8F84687CB1013C846081F3118818
:10D12000BFF36F8F00200E4B1A68039B5A404FF0DD
:10D13000000312D001F03CFB52EA030406D181F354
:10D140001188BFF36F8F6FF00F00ECE7CDE900237C
:10D150000246044800F020FFE5E704B010BD00BF20
:10D16000C0BE01207921012073B5174B04461B680E
:10D1700001934FF000034FF02003EFF3118583F389
:10D180001288BFF36F8F6FF00A06204600F05CFF35
:10D1900020B1C0F89C6000F039FEF6E7A0600221E3
:10D1A00004F1100002F09AF8074B1A68019B5A40EC
:10D1B0004FF0000301D001F0FBFA2946034802B00A
:10D1C000BDE8704000F0EEBFC0BE01207921012013
:10D1D00007B501220C4B8A401B6801934FF00003F6
:10D1E000036823EA0202026023FA01F0064B00F012
:10D1F00001001A68019B5A404FF0000301D001F072
:10D20000D7FA03B05DF804FBC0BE012013B50E4B86
:10D21000044603210C301B6801934FF00003FFF715
:10D22000D7FF30B104F1100001F0DAFBB0FA80F062
:10D230004009054B1A68019B5A404FF0000301D08A
:10D2400001F0B6FA02B010BDC0BE012007B5104B08
:10D250001B6801934FF000030D4B78B11A68019BD6
:10D260005A404FF0000301D001F0A2FA002211460B
:10D27000B03003B05DF804EB01F0FEB91A68019B11
:10D280005A404FF00003EFD103B05DF804FB00BF3C
:10D29000C0BE01202DE9F04F4C4B87B004461B68FF
:10D2A00005934FF000034FF0FF384FF0FF39484E21
:10D2B0004FF02003EFF3118783F31288BFF36F8FD2
:10D2C000D4F8A8508DB9022104F1C000FFF780FF07
:10D2D000002843D100233946CDE90089029304F1A7
:10D2E000B0023C4801F0FEF9E2E7D4F8AC202B682C
:10D2F0009542C4F8A83008BFC4F8AC30D4F8C030A8
:10D3000043F00203C4F8C030EB6823F0040343F099
:10D310000103EB606B6887F31188BFF36F8F2846BA
:10D3200098474FF02003EFF3118B83F31288BFF37C
:10D330006F8FEB68990723F0010219D4EA60D4F8E3
:10D34000C03023F00203C4F8C0308BF31188BFF360
:10D350006F8FDB05ACD401F067F8A9E704F1B805DD
:10D3600000220121284601F087F90028F8D1B1E711
:10D37000306823F00303EB600028E0D000273B4631
:10D38000D0F800A00028DAD04268014695420CD1BE
:10D3900001689FB972683160824200D1716040F8C3
:10D3A000083BFFF771FE39460023BAF1000F0BD09E
:10D3B000DAF8002050460F469246E3E7396072687B
:10D3C000824208BF7760EAE75246F3E7C0BE012019
:10D3D00090E3002079210120F7B5324B04461B6809
:10D3E00001934FF00003C3680F469A07C3F340064A
:10D3F0002CD45B071AD40B680BB983680B60E36805
:10D40000DD0742BFA36802263B603D6858BF012686
:10D41000002D41D0244B9B68AB420AD0D5F8C030D8
:10D42000D807C3F3800214D46FF0120600233B60C8
:10D4300025E0FFF769FAD5F8C0300028F0D1D90708
:10D44000C3F3C002F0D552B15B0708D46FF00F06EA
:10D45000ECE7002AFAD1C3F3C003002BF6D1002376
:10D460002360D5F8AC309BB9C5E92A442846FFF7BC
:10D47000EDFEE36843F00403E3603B68A360094BFF
:10D480001A68019B5A404FF0000308D001F090F950
:10D490001C60C5F8AC40E9E76FF01506C6E73046FA
:10D4A00003B0F0BDC0BE012070E3002073B5164B81
:10D4B00004461B6801934FF000034FF02003EFF385
:10D4C000118583F31288BFF36F8F0023A0F110063C
:10D4D000032104380093FFF77BFE28B1A369694656
:10D4E00030460093FFF778FF85F31188BFF36F8F05
:10D4F000054B1A68019B5A404FF0000301D001F020
:10D5000057F902B070BD00BFC0BE01201FB5104B5F
:10D5100001901B6803934FF0000308464FF020036F
:10D52000EFF3118483F31288BFF36F8F01A9FFF724
:10D5300053FF84F31188BFF36F8F054B1A68039B69
:10D540005A404FF0000301D001F032F904B010BD91
:10D55000C0BE012013B50F4B1B6801934FF00003B1
:10D56000FFF7D4FF041E09DD4FF02003EFF3118015
:10D5700083F31288BFF36F8F00F07CFE054B1A68AF
:10D58000019B5A404FF0000301D001F011F92046F1
:10D5900002B010BDC0BE012007B50A4B01461B6892
:10D5A00001934FF00003074B1A68019B5A404FF05C
:10D5B000000301D001F0FCF8034803B05DF804EB70
:10D5C000FFF7C8BFC0BE012030D90020F0B5044627
:10D5D00020488BB0006809904FF000000020109D9B
:10D5E000C4E92A0004F1B000C4E92C0004F1B80039
:10D5F000C4E92E0035B32879002840F2011008BF95
:10D600000120C4F8C00000204FF0FF364FF0FF3774
:10D61000CDE90330CDE90100CDE9066720460E4B88
:10D620000094FFF755FA25B1296811B12046FFF79C
:10D6300085F9084B1A68099B5A404FF0000303D044
:10D6400001F0B6F80120DCE720460BB0BDE8F04061
:10D65000FFF7D6B9C0BE012095D2010037B50D4BFA
:10D660000D463022002104461B6801934FF0000351
:10D6700004F047F94FF48073E360064B65601A6865
:10D68000019B5A404FF0000301D001F091F803B024
:10D6900030BD00BFC0BE012030B585B00190084646
:10D6A0001949096803914FF000014FF02001EFF391
:10D6B000118481F31288BFF36F8FC16811F00E0FD0
:10D6C0001DD153EA02050FD101A9FFF785FE84F3AE
:10D6D0001188BFF36F8F0C4B1A68039B5A404FF0B1
:10D6E00000030ED001F064F841F00801C160019917
:10D6F00010308161054901F0EBF80120E7E70020D7
:10D70000E5E705B030BD00BFC0BE0120ADD40100CB
:10D7100013B501460948006801904FF00000074822
:10D720000468019844404FF0000001D001F040F837
:10D73000034802B0BDE81040FFF7AEBFC0BE0120F5
:10D7400030D90020F0B51D4685B01C4B01900C4629
:10D7500017461B6803934FF000034FF02003EFF3CD
:10D76000118683F31288BFF36F8F0846FFF74EFDD3
:10D7700055EA070310D1204601A9FFF72DFE86F3D5
:10D780001188BFF36F8F0D4B1A68039B5A404FF0FF
:10D79000000310D001F00CF8E36804F1100043F02E
:10D7A0000803E360019B3A46A36205492B4601F05A
:10D7B0008FF80120E3E705B0F0BD00BFC0BE012037
:10D7C000ADD4010013B501460948006801904FF03F
:10D7D000000007480468019844404FF0000001D061
:10D7E00000F0E6FF034802B0BDE81040FFF7AABF13
:10D7F000C0BE012030D9002007B50C4B1B68019337
:10D800004FF00003D0E9003213605A600023C0E9F2
:10D810000033064B1A68019B5A404FF0000301D0B9
:10D8200000F0C6FF03B05DF804FB00BFC0BE0120DE
:10D8300007B5144B1B6801934FF00003C3897F2B7E
:10D840001AD8114B1B6863B1104B90F90E201B685E
:10D850009A4211DB437BDB060ED10D4BC31A18BF76
:10D86000012303F00100074B1A68019B5A404FF057
:10D87000000303D000F09CFF0023F2E703B05DF843
:10D8800004FB00BFC0BE0120A0E300209CE30020F9
:10D89000C0D7002007B50C4B01221B6801934FF045
:10D8A00000030A4BC01A0A4BC0105843094B1A54C4
:10D8B000054B1A68019B5A404FF0000301D000F05D
:10D8C00077FF03B05DF804FBC0BE012010D9002033
:10D8D000ABAAAAAA7921012013B504460B4B1B68F9
:10D8E00001934FF00003FFF787FF637B23F00203F0
:10D8F00063730023A360054B1A68019B5A404FF0E5
:10D90000000301D000F054FF02B010BDC0BE0120E2
:10D9100013B50B4B04461B6801934FF00003FFF750
:10D9200045F8074B1A68019B5A404FF0000301D09D
:10D9300000F03EFF204602B0BDE81040F0F7BEBF49
:10D94000C0BE012007B50D4B1B6801934FF00003CB
:10D9500090F90E3091F90E00834218BFC01A074BA0
:10D9600008BF00201A68019B5A404FF0000301D005
:10D9700000F01EFF03B05DF804FB00BFC0BE012035
:10D9800073B51B4B1B4C1B6801934FF000031A4BE4
:10D9900005461E7C06EB460304EBC304204601F05B
:10D9A0001FF80022154B28469A55FFF741FFA8B1F2
:10D9B0000F49134B0868019948404FF000011A685D
:10D9C00002F1FF324FEAE27301D000F0F1FE20468F
:10D9D0000C4902B0BDE8704000F07ABF044B1A68F1
:10D9E000019B5A404FF00003EFD102B070BD00BF61
:10D9F000C0BE012010D9002070E300207921012051
:10DA0000A0E3002095D8010037B5144B144D1B68D6
:10DA100001934FF000032B4653F8184F9C4200D05F
:10DA200004B9EC68AB6838B95A7BD20604D1A26954
:10DA300012B9DA897F2A05D89C4202D02046FFF726
:10DA40009FFF23466B61054B1A68019B5A404FF0BC
:10DA5000000301D000F0ACFE03B030BDC0BE012019
:10DA600070E3002073B590F90D20214B002A1B684C
:10DA700001934FF000030446437B04DA03F07F0375
:10DA80004373FFF7B9FE1B4A637B114663F07F03C4
:10DA9000637351F8183FD0698B4208BF002323B944
:10DAA000C4E900100460D4610CE094F90E5093F9BD
:10DAB0000E60B5420FD0AE420DDD5968C4E90031A9
:10DAC0000C605C600A4B1968019B59404FF00003E1
:10DAD00005D000F06DFE9842E2D01B68DFE7906849
:10DAE000031B5842584102B0BDE87040FFF78CBF9D
:10DAF000C0BE012070E3002073B5244B427B1B683D
:10DB000001934FF0000390F90D30002B34DBD30666
:10DB100032D1836983BB1E4962F07F0242730A4699
:10DB200052F8184F944218BF2346CC6923B9C0E974
:10DB300000242060C8610CE090F90E5093F90E604B
:10DB4000B5420FD0AE420DDD5A68C0E90032106018
:10DB500058600E4B1A68019B5A404FF0000305D0E5
:10DB600000F026FEA342E2D01B68DFE7002002B0EF
:10DB7000BDE87040FFF748BF044B1A68019B5A404C
:10DB80004FF00003ECD102B070BD00BFC0BE012059
:10DB900070E3002013B590F90D20104B002A1B688C
:10DBA00001934FF000030446437B04DA03F07F0344
:10DBB0004373FFF721FE094B1A68019B5A404FF04F
:10DBC000000301D000F0F4FD054B9868031B584298
:10DBD000584102B0BDE81040FFF716BFC0BE01209B
:10DBE00070E3002037B504460D461A4B1B680193BD
:10DBF0004FF00003FFF7CEFF637B43F00203637334
:10DC0000E5B1A5602B689D4209D16B68C4E900535A
:10DC10001C606C6012E06A689342F6D01B68002BAF
:10DC2000F3D094F90E2093F90E108A42F3D091426A
:10DC3000F1DD5A68C4E9003214605C60054B1A6873
:10DC4000019B5A404FF0000301D000F0B1FD03B03A
:10DC500030BD00BFC0BE012073B515461C46144B35
:10DC600006461B6801934FF00003FFF7BBFFB4F1BA
:10DC7000FF3F08BFB5F1FF3F0D4B11D01A68019B64
:10DC80005A404FF0000301D000F092FD2A4623468F
:10DC9000084906F1180002B0BDE8704000F018BE57
:10DCA0001A68019B5A404FF00003EDD102B070BDDD
:10DCB000C0BE012069DF0100002A2DE9F3410CBF3D
:10DCC000102508252E4B04461B6801934FF00003D6
:10DCD000437B0E461D420AD12B43D90903F09F0214
:10DCE00015D14273082D18D00120FFF78DFE254B6A
:10DCF0009B68A34236D1EFF305839BBB204B1A6888
:10DD0000019B5A404FF0000326D000F051FD03F074
:10DD10001F034373FFF770FDE4E7A36813B12046C8
:10DD2000FFF7DAFD04F1180000F05AFE4FF000088A
:10DD300004F15807A56DBD42D6D0002DD4D0284699
:10DD4000FFF7CAFD05F1180000F04AFE2846C5F8A5
:10DD50009C80FFF7D1FEEDE7304602B0BDE8F04110
:10DD6000FFF7D6BD86F31188BFF36F8F044B1A6897
:10DD7000019B5A404FF00003C7D102B0BDE8F081CB
:10DD8000C0BE012070E3002037B51C4B1B68019317
:10DD90004FF000034FF02003EFF3118583F3128857
:10DDA000BFF36F8F164B174A9C681068A0420ED1C4
:10DDB000FFF7E6FD85F31188BFF36F8F0F4B1A68ED
:10DDC000019B5A404FF0000315D000F0F1FC0021F8
:10DDD0001B7C11600C4AD35C002BEBD02046FFF774
:10DDE00027FD0028E6D0637BDB0602D12046FFF743
:10DDF00039FE2046DCE703B030BD00BFC0BE0120C5
:10DE000070E3002098E300207921012013B50F4B27
:10DE10001B6801934FF000034FF02003EFF31184D0
:10DE200083F31288BFF36F8FFFF766FE84F31188C8
:10DE3000BFF36F8F054B1A68019B5A404FF00003E8
:10DE400001D000F0B5FC02B010BD00BFC0BE012083
:10DE500013B5184B044618301B6801934FF00003AC
:10DE600000F0BEFD4FF02003EFF3118183F3128821
:10DE7000BFF36F8F627B12F010020CD081F3118818
:10DE8000BFF36F8F0B4B1A68019B5A404FF0000392
:10DE90000ED000F08DFC074B1868019B58404FF0E6
:10DEA0000003F6D1204602B0BDE81040FFF704BFE2
:10DEB00002B010BDC0BE012013B5104A1268019215
:10DEC0004FF000024FF02002EFF3118482F312882A
:10DED000BFF36F8F83680BB1FFF7FEFC84F31188EB
:10DEE000BFF36F8F054B1A68019B5A404FF0000338
:10DEF00001D000F05DFC02B010BD00BFC0BE01202B
:10DF000073B5184B04460D461B6801934FF0000390
:10DF10004FF02003EFF3118683F31288BFF36F8F66
:10DF2000437B13F0280F0BD183680BB1FFF7D4FCB0
:10DF3000637B95B903F0FB0320466373FFF7DCFDB9
:10DF400086F31188BFF36F8F064B1A68019B5A4006
:10DF50004FF0000304D000F02BFC03F0EB03EBE7E1
:10DF600002B070BDC0BE012007B50A4B1B6801930B
:10DF70004FF00003074B1A68019B5A404FF0000313
:10DF800001D000F015FC0121183803B05DF804EB56
:10DF9000FFF7B6BFC0BE012073B51348134D00682C
:10DFA00001904FF0000012480C4686681146DDE9EA
:10DFB00006232E604FF02006EFF3118586F31288BA
:10DFC000BFF36F8F8068FFF747FE074B1A68019B0E
:10DFD0005A404FF0000301D000F0EAFB204602B0A7
:10DFE000BDE87040FFF794BCC0BE012098E300205C
:10DFF00070E3002037B5134B1B6801934FF000030B
:10E000004FF02003EFF3118583F31288BFF36F8F76
:10E010000468A04210D014B12046FFF75DFC85F3E0
:10E020001188BFF36F8F074B1A68019B5A404FF05E
:10E03000000303D000F0BCFB0024F0E7204603B04F
:10E0400030BD00BFC0BE012037B5154B1B68019322
:10E050004FF000034FF02003EFF3118583F3128894
:10E06000BFF36F8F0468A04214D034B12046FFF78D
:10E0700033FC04F1180000F0B3FC85F31188BFF302
:10E080006F8F074B1A68019B5A404FF0000303D073
:10E0900000F08EFB0024F0E7204603B030BD00BF47
:10E0A000C0BE012037B5134B04461B6801934FF0E7
:10E0B00000034FF02003EFF3118583F31288BFF3C1
:10E0C0006F8F83680BB1FFF707FC85F31188BFF3EF
:10E0D0006F8F084B1A68019B5A404FF0000301D024
:10E0E00000F066FB04F1180003B0BDE8304000F01A
:10E0F00077BC00BFC0BE0120F7B5284B04461B68A3
:10E1000001934FF000034FF02003EFF3118783F3E7
:10E110001288BFF36F8F437B4EB2DA0619D185693F
:10E12000BDB903F07F034373FFF766FB637B1C4AB3
:10E1300063F07F0363731346A67353F8181F994265
:10E1400018BF0D46D1699DB9C4E900310C60D46196
:10E1500019E00020A67387F31188BFF36F8F0F4B70
:10E160001A68019B5A404FF0000315D000F020FBC5
:10E1700095F90E0086420BD0B04209DD6B68C4E908
:10E1800000531C606C600120FFF73EFC0120E2E7B9
:10E19000A942D9D02D68D6E703B0F0BDC0BE01209A
:10E1A00070E3002007B5154B1B6801934FF0000387
:10E1B000A9B9EFF3058090B9114B5A699B689A424F
:10E1C0000DD00E4B1A68019B5A404FF0000301D04E
:10E1D00000F0EEFA03B05DF804EBFFF799BB81F3B2
:10E1E0001188BFF36F8F054B1A68019B5A404FF09F
:10E1F0000003EDD103B05DF804FB00BFC0BE0120F9
:10E2000070E3002013B5194A126801924FF0000222
:10E210004FF02002EFF3118482F31288BFF36F8F67
:10E22000427B51070CD484F31188BFF36F8F0F4BDF
:10E230001A68019B5A404FF0000314D000F0B8FA5E
:10E2400022F004024273FFF757FC084B1A68019B47
:10E250005A404FF00003F1D12146054802B0BDE815
:10E260001040FFF79FBF02B010BD00BFC0BE01202D
:10E270007A21012007B5134B1B6801934FF000036F
:10E28000034680B9EFF305826AB90E4B1A68019B09
:10E290005A404FF0000301D000F08AFA03B05DF855
:10E2A00004EBFFF735BB83F31188BFF36F8F054B8A
:10E2B0001A68019B5A404FF00003EDD103B05DF89E
:10E2C00004FB00BFC0BE012007B50D4B1B680193C6
:10E2D0004FF000034FF02003EFF3118083F3128817
:10E2E000BFF36F8F064B1A68019B5A404FF0000333
:10E2F00001D000F05DFA03B05DF804EBFFF7BABFA0
:10E30000C0BE012007B5114B1B6801934FF00003FD
:10E310004FF02003EFF3118183F31288BFF36F8F67
:10E320000B4B9A68D37B013BD37381F31188BFF306
:10E330006F8F064B1A68019B5A404FF0000301D0C3
:10E3400000F036FA03B05DF804FB00BFC0BE012048
:10E3500070E3002013B5134B1B6801934FF00003CB
:10E360004FF02003EFF3118483F31288BFF36F8F14
:10E370000D4B00209A68D37B0133D373FFF744FB26
:10E3800084F31188BFF36F8F064B1A68019B5A40C4
:10E390004FF0000301D000F00BFA02B0BDE81040CE
:10E3A000FFF792BFC0BE012070E3002037B50F4BCE
:10E3B00005461B6801934FF0000300202C68A5421E
:10E3C00000D044B9094B1A68019B5A404FF0000332
:10E3D00009D000F0EDF92046FFF764FE2046FFF774
:10E3E00015FD0120EAE703B030BD00BFC0BE01202B
:10E3F00007B50B4B1B6801934FF00003094B03F16A
:10E400001802C3E90622064B1A68019B5A404FF0D6
:10E41000000301D000F0CCF903B05DF804FB00BFAD
:10E42000C0BE012070E30020F7B5254B1B680193A7
:10E430004FF000034FF02003EFF3118583F31288B0
:10E44000BFF36F8F1F4CA068437B03F07F034373C0
:10E45000FFF7D2F92146A3685A7B62F07F025A7314
:10E4600051F8182FE0698A4208BF002222B9C3E997
:10E4700000100360E3610CE093F90E6092F90E70F6
:10E48000BE4212D0B74210DD5168C3E900210B60D3
:10E4900053600120FFF7B8FA094B1A68019B5A40F4
:10E4A0004FF0000305D000F083F98242DFD01268FC
:10E4B000DCE7284603B0BDE8F040FFF729BA00BF0B
:10E4C000C0BE012070E300202DE9F341254B054635
:10E4D0001B6801934FF0000350EA01030E4603D17D
:10E4E000FFF7A2FF00202CE0831C71F1FF3331DB2A
:10E4F00000F046FB2C184FF02003EFF3118883F354
:10E500001288BFF36F8F184F184BB8681860FFF769
:10E5100041FBB86816492A463346183000F0D8F94E
:10E52000BA684046537B43F010035373FFF7F0F98A
:10E5300000F026FB201A63EB0303012873F10003AC
:10E54000D0DB084B1A68019B5A404FF0000305D0FE
:10E5500000F02EF96FF00104241ACCE702B0BDE8F8
:10E56000F08100BFC0BE012070E3002098E30020CE
:10E5700069DF0100B1F1FF3F08BFB0F1FF3F07B510
:10E58000104B1B6801934FF000030ED10E4B98689F
:10E59000FFF75EFC4FF0FF300A4B1A68019B5A40B0
:10E5A0004FF000030BD000F003F9FFF78DFF4FF49D
:10E5B0007A7380FB0303C00B40EA4340ECE703B0EF
:10E5C0005DF804FBC0BE012070E3002007B5094BD5
:10E5D0001B6801934FF00003074B9868054B1A68BE
:10E5E000019B5A404FF0000301D000F0E1F803B066
:10E5F0005DF804FBC0BE012070E3002007B51D4A92
:10E60000126801924FF000024FF02002EFF31181E7
:10E6100082F31288BFF36F8F027BD20713D581F389
:10E620001188BFF36F8F404080F311884FF00400D2
:10E6300002DF104B1A68019B5A404FF0000311D1C2
:10E6400003B05DF804FB437B1B0704D581F31188FD
:10E65000BFF36F8FEDE7074B1A68019B5A404FF0ED
:10E66000000301D000F0A4F8012203B05DF804EB30
:10E67000FFF722BBC0BE012037B5194B1B680193C1
:10E680004FF000034FF02003EFF3118583F312885E
:10E69000BFF36F8F0468A0421BD0E4B1C4F89C1094
:10E6A00062612046FFF718F904F1180000F098F9AC
:10E6B0002046FFF721FA012085F31188BFF36F8F01
:10E6C000074B1A68019B5A404FF0000305D000F039
:10E6D0006FF80020F0E72046EEE703B030BD00BF42
:10E6E000C0BE0120F0B50E4B85B00C9C1B68039397
:10E6F0004FF00003DDE90A67CDE90067FFF74CFC46
:10E700001CB1084B9B685B692360054B1A68039B2F
:10E710005A404FF0000301D000F04AF805B0F0BDB8
:10E72000C0BE012070E3002007B50A4B1B680193AF
:10E730004FF00003C0E90000064B1A68019B5A40E5
:10E740004FF0000301D000F033F8002003B05DF873
:10E7500004FB00BFC0BE012007B50E480E4A0F4B98
:10E76000121A0F491B6801934FF00003FDF73EFE9C
:10E770000A4B1A68019B5A404FF0000301D000F089
:10E7800017F8084A0849094803B05DF804EBFDF79B
:10E790002DBE00BF80C500206CCE0020C0BE012071
:10E7A000F050020000000000D850020080C5002098
:10E7B000054B82B01B6801934FF00003404080F38B
:10E7C00011884FF0020002DFC0BE012007B5104BD8
:10E7D0001B6801934FF000030E4B1B686BB90C4B89
:10E7E0001A68019B5A404FF0000301D0FFF7E0FF89
:10E7F00003B05DF804EBF4F7C7BF054B1A68019B43
:10E800005A404FF00003F1D1002003B05DF804FB43
:10E81000C0BE0120A4E3002013B5154B1B68019373
:10E820004FF00003134B1C689C420CD1FFF7CEFF46
:10E830006FF000400E4B1A68019B5A404FF00003E6
:10E8400014D0FFF7B5FFFFF7C1FF002CF0D0D4E9DB
:10E8500004321B1A62EBE072B3F1004F72F1000157
:10E86000E6DA002AACBF18460020E3E702B010BD8C
:10E87000C0BE012008CA002037B5134B1B680193A6
:10E880004FF0000370B1114B5B6898420AD00368E7
:10E8900043B1D3E90421D0E90445121941EB050144
:10E8A000C3E90421D0E9003213605A600023C0E9B3
:10E8B0000033054B1A68019B5A404FF0000301D00A
:10E8C000FFF776FF03B030BDC0BE012008CA0020AC
:10E8D000F7B51D46B5F1FF3F08BFB2F1FF3F3D4B15
:10E8E00004461B6801934FF0000316465CD081601C
:10E8F0004FF02003EFF3118783F31288BFF36F8F7C
:10E90000013275F1FF3324DA6FF001033249D1E9A6
:10E9100000209B1A4FF0FF3262EB00009E1B60EB61
:10E920000500012E70F1000301DA01260020C4E980
:10E9300004602A4ED6F800C07568B44508BF4FF091
:10E94000000CBCF1000F0DD1C4E900652C607460AF
:10E950001CE0FFF73BFF013645F10005361845EB9B
:10E96000E070E4E7DCE90420D4E90431934271EB80
:10E97000000E22DAD21ADCF8043060EB0100CCE998
:10E980000420C4E900C31C60CCF804403368B342DF
:10E9900006D09C4204D1FFF73FFF0021F4F7B6FEFA
:10E9A00087F31188BFF36F8F0A4B1A68019B5A4097
:10E9B0004FF000030BD0FFF7FBFE9B1A61EB000149
:10E9C000AC45C4E90431BFD0DCF800C0B9E703B0FE
:10E9D000F0BD00BFC0BE012028D9002008CA002019
:10E9E00013B5124A126801924FF000024FF0200254
:10E9F000EFF3118482F31288BFF36F8F03687BB14A
:10EA0000FFF73AFF002084F31188BFF36F8F074BA5
:10EA10001A68019B5A404FF0000304D0FFF7C8FE6C
:10EA20006FF01500EFE702B010BD00BFC0BE0120BF
:10EA30002DE9F74F394B1B6801934FF000034FF05E
:10EA40002003EFF3118C83F31288BFF36F8FDFF88D
:10EA5000D0B00026DBF8004000275C4508BF00244A
:10EA6000DFF8C0A0DFF8C080CAF80000E146D8E9AE
:10EA70000021DAF8003094B3D4E904504FEAE37C83
:10EA8000AB427CEB000E05DAED1A60EB0C00C4E93A
:10EA9000045024E0AA1841EBE5712046C4E904675C
:10EAA000C8E90021FFF7E8FE89F31188BFF36F8FF3
:10EAB0002046A36898474FF02003EFF3118983F3B2
:10EAC0001288BFF36F8FDAF80030DBF800405B1B71
:10EAD0005C45CC46CAF80030C8D1D8E900210024F2
:10EAE0009A1841EBE373C8E90023CAF80040FFF726
:10EAF00093FE2146F4F70AFE89F31188BFF36F8F66
:10EB0000064B1A68019B5A404FF0000301D0FFF7F3
:10EB10004FFE03B0BDE8F04FFFF736B9C0BE01208D
:10EB200008CA0020A4E3002028D9002013B5124B06
:10EB30001B6801934FF000034FF02003EFF31184A3
:10EB400083F31288BFF36F8FFFF740FE03460B4A33
:10EB5000D2E90001181841EBE37184F31188BFF387
:10EB60006F8F054B1A68019B5A404FF0000301D08C
:10EB7000FFF71EFE02B010BDC0BE012028D9002044
:10EB800007B5094B1B6801934FF00003FFF7CEFF59
:10EB9000054B1A68019B5A404FF0000301D0FFF764
:10EBA00007FE03B05DF804FBC0BE012007B5094BAA
:10EBB0001B6801934FF00003064B1A68019B5A40F3
:10EBC0004FF0000301D0FFF7F3FD03B05DF804EB55
:10EBD000FFF7ACBFC0BE012073B51D46B5F1FF3FC6
:10EBE00008BFB2F1FF3F164B04461B6801934FF07C
:10EBF000000316461AD02A431CD06FF001024FF0D2
:10EC0000FF33921B63EB0501002904DAFFF78EFF47
:10EC1000821941EB0501C4E90021094B1A68019BE7
:10EC20005A404FF0000307D0FFF7C2FD4FF0FF320C
:10EC30001146F0E70022FBE7204602B070BD00BF9E
:10EC4000C0BE0120F7B51C46B4F1FF3F08BFB2F1CA
:10EC5000FF3F144B074616461B6801934FF0000315
:10EC600017D054EA020318D0FFF760FFB0420A46FB
:10EC7000A141034611D2F31A64EB0204C7E9003440
:10EC8000084B1A68019B5A404FF0000307D0FFF76A
:10EC90008FFD4FF0FF331C46F0E70023FBE73846BB
:10ECA00003B0F0BDC0BE0120F7B5434B04461B685E
:10ECB00001934FF000034FF02003EFF3118783F32C
:10ECC0001288BFF36F8F026862B187F31188BFF3B8
:10ECD0006F8F394B1A68019B5A404FF0000368D080
:10ECE000FFF766FDD0E90A36581C46F100010228FC
:10ECF00071F1000127D3012B76F10001BCBF012384
:10ED000016465D1E46F1FF36FFF750FF013041F118
:10ED10000001401946EB0101012871F1000143DBBC
:10ED2000FFF744FF013041F100016FF0010240198B
:10ED300046EB01034FF0FF31121A61EB030320464B
:10ED40001E49FFF7C5FD236B01332363236A73B1AB
:10ED500087F31188BFF36F8F2046236A98474FF0DF
:10ED60002003EFF3118783F31288BFF36F8F54F8FA
:10ED7000185FA542A9D0002DA7D02846FFF79CF820
:10ED80000023C5F89C3087F31188BFF36F8F0A4BBF
:10ED90001A68019B5A404FF00003A1D1284603B0E6
:10EDA000BDE8F040FFF732B86FF001024FF0FF33DB
:10EDB000C5E703B0F0BD00BFC0BE0120A9EC010053
:10EDC00013B50D4B1B6801934FF000030023C0E9FE
:10EDD000081200F11802C0E90033C0E906220363FB
:10EDE0004363054B1A68019B5A404FF0000301D062
:10EDF000FFF7DEFC02B010BDC0BE01202DE9F347D5
:10EE0000DDE90A671C46214B05461B6801934FF05C
:10EE100000039246A1464FF02003EFF3118883F3DD
:10EE20001288BFF36F8FB4F1FF3F08BFB2F1FF3F0D
:10EE30000CD188F31188BFF36F8F144B1A68019BB4
:10EE40005A404FF000031DD0FFF7B2FC531C74F181
:10EE5000FF3309DB012A74F10003BCBF0122002447
:10EE600012F1FF3A44F1FF392846FFF7B9FD0023BC
:10EE700052462B6328464B46C5E90A670449FFF70B
:10EE800027FDD6E702B0BDE8F08700BFC0BE012075
:10EE9000A9EC010013B5194B04461B6801934FF010
:10EEA0000003FFF79DFD00BB636A0BB12046984746
:10EEB00004F11800FFF79EF8B8B1FEF7A7FF4FF076
:10EEC0002003EFF3118083F31288BFF36F8F0B4B96
:10EED0001A68019B5A404FF0000301D0FFF768FC0D
:10EEE00002B0BDE81040FFF7C5B9044B1A68019B9A
:10EEF0005A404FF00003F1D102B010BDC0BE012056
:10EF0000F7B51E4B00241B6801934FF00003142338
:10EF10004FF48B7603FB010041B9184B1A68019B33
:10EF20005A404FF0000327D0FFF742FC10F8073C8F
:10EF3000A0F1140703F03F03082B40F80C4C0CD849
:10EF400026FA03F3DB0708D550F8143C2BB150F830
:10EF5000105C2B605D6040E9054482F31188BFF3CB
:10EF60006F8F4FF02003EFF3118283F31288BFF30A
:10EF70006F8F38460139CFE703B0F0BDC0BE012026
:10EF8000F7B51F4B0D461B6801934FF00003D0E906
:10EF900000138842044605D16368C5E900431D603B
:10EFA00065601DE0002BF7D0986800B16038A2F1D1
:10EFB00060073946FEF7C6FC0028EDDC2668B4423F
:10EFC000EAD0002EE8D0B16801B160393846FEF7CA
:10EFD000B9FC00280DDD7368C5E900631D6075602C
:10EFE000074B1A68019B5A404FF0000306D0FFF709
:10EFF000DFFB63689E42CFD03668E2E703B0F0BD26
:10F00000C0BE01202DE9F74F00251F46404B8B461F
:10F0100014461B6801934FF0000382462E46A84613
:10F020005D4508DB3A4B1A68019B5A404FF00003DC
:10F030006AD0FFF7BDFB4FF02003EFF3118983F394
:10F040001288BFF36F8F9AF80D3003F03F03013B36
:10F05000072B0FD8DFE803F01E040E0A0E0E0E2554
:10F06000DAF810309B682BB1022320E0DAF8103078
:10F070001B688BBB47BB237833B39AF80D3003F082
:10F080003F03013B072B30D8DFE803F033282F285C
:10F090002F2F2F38DAF810309B68002BEAD001238D
:10F0A00005E0DAF810301B6A002BE3D01023DAF801
:10F0B0000C20CAF80880C2F386310B4363F3943204
:10F0C000CAF80C2084F8008089F31188BFF36F8F91
:10F0D00001350AF1140AA3E70423E8E72246514662
:10F0E000DAF810001030FFF74BFFCAF8084001367D
:10F0F000EAE722465146DAF81000F4E7DAF81000A1
:10F10000224651462430EEE7304603B0BDE8F08F8A
:10F11000C0BE01202DE9F341294B846805460E4607
:10F120001B6801934FF00003ECB16378012B2CD1E5
:10F1300014F8533C9A0714D5A4F160073846FEF73B
:10F14000B1FF082E0CBF6FF003030023E36314F834
:10F15000533CDB0605D154F8483C13B93846FEF75A
:10F1600055FE002323700020EB68A860C3F38632AD
:10F17000164366F39433EB60114B1A68019B5A40B7
:10F180004FF0000318D0FFF713FB022BE9D12378CF
:10F19000002BE6D054F8048CB8F1000FE1D004F154
:10F1A0001400FFF71DFC0023A4F114073946404664
:10F1B000E362FEF7ABF9D4E702B0BDE8F08100BF2F
:10F1C000C0BE012037B50E4C5205246801944FF0A3
:10F1D00000040024090201F47C5102F400120A43E5
:10F1E000017B84600A43C0E90323054B1A68019B35
:10F1F0005A404FF0000301D0FFF7DAFA03B030BDF8
:10F20000C0BE01202DE9FF471D46304B16461B6846
:10F2100003934FF000032E4B80469F68012387F82D
:10F22000603087F8613052EA05030CBF01230023E8
:10F2300007F16002FFF7E6FE81464FF02003EFF38F
:10F24000118A83F31288BFF36F8F97F860408CB9EF
:10F25000014652464046FFF753FE8AF31188BFF33A
:10F260006F8F1A4B1A68039B5A404FF0000328D047
:10F27000FFF79EFA002387F8603056EA050306D1AF
:10F280008AF31188BFF36F8F6FF00A04E9E75146E4
:10F29000CDE900650F4A1048FEF77EFE04464FF0A8
:10F2A0002003EFF3118583F31288BFF36F8F2A4693
:10F2B00049464046FFF724FE85F31188BFF36F8F60
:10F2C000CFE7204604B0BDE8F08700BFC0BE0120F4
:10F2D00070E3002010CA00207A21012013B5144ADF
:10F2E0000346126801924FF000024FF02002EFF344
:10F2F000118482F31288BFF36F8F0068834208D0B5
:10F30000D0E9003213605A600023C0E90033FFF7F0
:10F3100001FF84F31188BFF36F8F054B1A68019BBF
:10F320005A404FF0000301D0FFF742FA02B010BD7F
:10F33000C0BE012007B50A4B1B6801934FF00003C4
:10F340000023C0E900008360054B1A68019B5A4006
:10F350004FF0000301D0FFF72BFA03B05DF804FB78
:10F36000C0BE012013B50A4B1B6801934FF0000388
:10F3700083680B60C3681360054B1A68019B5A4091
:10F380004FF0000301D0FFF713FA02B010BD00BF29
:10F39000C0BE012037B51A4A0346126801924FF0E9
:10F3A00000024FF02002EFF3118582F31288BFF3C1
:10F3B0006F8FC16001218160006883420DD185F3A8
:10F3C0001188BFF36F8F00240D4B1A68019B5A40C0
:10F3D0004FF0000310D0FFF7EBF9D0E900321360D3
:10F3E0005A600023C0E90033FFF794FE2946044623
:10F3F0000448FEF7D7FEE7E7204603B030BD00BF64
:10F40000C0BE01207A210120F0B5104B85B0043236
:10F4100004461B6803934FF0000308D20026002720
:10F4200041F00401CDE90067FDF77CF948B90020FF
:10F43000064B1A68039B5A404FF0000304D0FFF7B5
:10F44000B7F940F8044BF3E705B0F0BDC0BE0120AA
:10F4500007B5104B1B6801934FF000030D4B78B1BB
:10F460001A68019B5A404FF0000301D0FFF7A0F942
:10F47000011F50F8040C03B05DF804EBFDF7C0B9B0
:10F480001A68019B5A404FF00003EFD103B05DF8BA
:10F4900004FB00BFC0BE012007B50B4B0A461B682A
:10F4A00001934FF00003084B1968019B59404FF03E
:10F4B000000301D0FFF77CF90146044803B05DF872
:10F4C00004EBFFF7A1BF00BFC0BE0120C0CC0020ED
:10F4D00007B50A4B01461B6801934FF00003074B29
:10F4E0001A68019B5A404FF0000301D0FFF760F902
:10F4F000042003B05DF804EBFFF7CEBFC0BE0120CF
:10F5000073B5A0FB01540E4B1B6801934FF0000331
:10F5100024B92846FFF7DCFF064648B90026084B09
:10F520001A68019B5A404FF0000306D0FFF740F9DC
:10F530002A46214602F0E5F9F1E7304602B070BDF7
:10F54000C0BE012007B50A4B1B6801934FF00003B2
:10F55000084BC0F89430064B1A68019B5A404FF094
:10F56000000301D0FFF724F903B05DF804FB00BFEE
:10F57000C0BE0120C0CC002037B5154B04460D4657
:10F580001B6801934FF00003FDF7BEF968B9114BFA
:10F590009B68D3F894304BB90D4B1A68019B5A40C5
:10F5A0004FF0000309D103B030BD0B4B084A11687E
:10F5B000019A51404FF0000201D0FFF7F9F82A46B6
:10F5C0002146184603B0BDE83040FFF71DBF00BF1D
:10F5D000C0BE012070E30020C0CC002007B50A4B5C
:10F5E0001B6801934FF00003074B1A68019B5A40B8
:10F5F0004FF0000301D0FFF7DBF8044803B05DF8DB
:10F6000004EBEBF7A3B900BFC0BE0120344F0200EA
:10F6100010B500240F4B86B01B6805934FF0000314
:10F620000D4B4FF48042039303AB00930B494FF013
:10F63000FF330B488DF81040FDF7C8FF054B1A68E3
:10F64000059B5A404FF0000301D0FFF7B1F8204668
:10F6500006B010BDC0BE0120624F0200C07E012076
:10F6600030D9002038B50546002941D051F8043C76
:10F670000C1F002BB8BFE41800F00AFC1D4A1368E9
:10F6800033B9636014602846BDE8384000F006BC1A
:10F69000A34208D9206821188B4201BF19685B6812
:10F6A00009182160EDE71A465B680BB1A342FAD94D
:10F6B00011685018A0420BD1206801445018116005
:10F6C0008342E0D118685B68084453601060DAE751
:10F6D00002D90C232B60D6E7206821188B4202BF89
:10F6E00019685B680918636008BF21605460CAE745
:10F6F00038BD00BFACE30020F8B5CD1C064625F0B0
:10F70000030508350C2D38BF0C25002D01DBA9425F
:10F7100003D90C2333600020F8BD00F0B9FB214968
:10F720000A6814469CB9204F3B6823B921463046ED
:10F7300000F06AF938602946304600F065F9431C4C
:10F7400023D10C233046336000F0A8FBE3E72368A5
:10F750005B1B17D40B2B03D923601C44256004E0EA
:10F760006368A2420CBF0B605360304600F096FB0A
:10F7700004F10B00231D20F00700C21A1CBF1B1A46
:10F78000A350C9E722466468CCE7C41C24F00304F4
:10F79000A042E3D0211A304600F036F90130DDD125
:10F7A000CFE700BFACE30020A8E300202DE9FF472E
:10F7B0000F7E914680460C46782F9A460C9D01F1AB
:10F7C000430207D8622F0AD8002F00F0E080582F9C
:10F7D00000F0BB8004F1420684F842703AE0A7F1E1
:10F7E0006303152BF6D801A151F823F045F8010069
:10F7F00059F80100D5F70100D5F70100D5F7010050
:10F80000D5F7010059F80100D5F70100D5F701003F
:10F81000D5F70100D5F7010075F90100E9F80100FD
:10F820002BF90100D5F70100D5F7010097F9010088
:10F83000D5F70100E9F80100D5F70100D5F701007F
:10F8400033F901002B6804F142061A1D1B682A6077
:10F8500084F842300123ABE0236829681F0601F1D8
:10F860000400286001D50D6803E05E06FBD5B1F900
:10F870000050002D61687ADA2D200029A16084F8FB
:10F8800043002DDA6D425E480A231646B5FBF3F1BC
:10F8900003FB1157C75D06F8017D2F460D46BB429D
:10F8A000F4D9082B0BD12368DF0708D523696168D9
:10F8B0009942DEBF302306F8013C06F1FF36921B69
:10F8C00022614B4603AA21464046CDF800A002F033
:10F8D00020F8013071D14FF0FF3004B0BDE8F0875F
:10F8E00023F004032360CDE72B682068191D2960ED
:10F8F000050601D51D6802E04106FBD51D886F2F66
:10F900003F4814BF0A230823002184F84310666887
:10F91000002EA660B9DB216821F004012160002DD2
:10F92000B3D1002EB1D11646BBE7236843F02003C4
:10F9300023607827334884F84570296823680E1DB2
:10F940002E601E0603D50D6804E02D48F3E75D0622
:10F95000F9D50D88D90744BF43F0200323600DB1CA
:10F960001023D1E7236823F020032360F8E724481D
:10F970000A23CCE72B682668181D616928603506C4
:10F980001B6801D5196002E07006FBD519800023C1
:10F990001646236195E72B6800211A1D2A601E6810
:10F9A0006268304601F082FF08B1801B60606368C6
:10F9B0002361002384F8433083E7236932464946B4
:10F9C0004046D047013086D023689B0714D4E068B6
:10F9D000039B9842B8BF18467FE701233246494649
:10F9E0004046D04701303FF476AF0135E3680399D4
:10F9F0005B1AAB42F1DCEAE7002504F11906F5E7F2
:10FA00006C5002007D50020038B50023054D0446BD
:10FA100008462B60EFF792FC431C02D12B6803B120
:10FA2000236038BDB0E300200CB4184B30B50C1E79
:10FA30009DB01D6808DA8B234FF0FF302B601DB09E
:10FA4000BDE8304002B070474FF402730290069058
:10FA500002A9ADF8143014BF04F1FF332346209AF5
:10FA60002846049307934FF6FF73ADF8163021AB89
:10FA7000019300F019FA431CBCBF8B232B60002CB0
:10FA8000DDD0029B00221A70D9E700BF18CA0020FF
:10FA900070B50A4405460E4E914201D1002011E096
:10FAA00015F8013B11F8014BF05C00F00300012850
:10FAB000305D00F0030008BF2033012803D120345B
:10FAC000181BE9D070BD181BFCD1002CE4D1F9E75C
:10FAD0006C4F0200242B2DE9F0478646904601D852
:10FAE000012B06D1EFF780FC162303600020BDE850
:10FAF000F0870D4635482A4615F8014B065D16F08D
:10FB00000806F8D12D2C24D12C780126951C2BBB6E
:10FB1000302C30D00A2306F1004C00220CF1FF3CBF
:10FB20001046BCFBF3F903FB19CAA4F13007092FF7
:10FB300028D83C46A34234DD571C07D081452DD33D
:10FB400001D1A2452ADB00FB0340012215F8014B3D
:10FB5000EBE72B2C04BF2C78951CD8E7102BDAD1BF
:10FB6000302CD8D12A7802F0DF02582AD3D16C7811
:10FB700010230235CFE72B7803F0DF03582BF6D0A4
:10FB80000823C8E7A4F14107192F01D8373CD1E772
:10FB9000A4F16107192F04D8573CCBE74FF0FF328F
:10FBA000D4E7531C08D122236046CEF80030B8F1C8
:10FBB000000F9CD0691E06E006B14042B8F1000F6C
:10FBC00095D0002AF6D1C8F8001090E76C4F0200DB
:10FBD00013460A46014602480068FFF77BBF00BF94
:10FBE00018CA00202DE9F04F904685B089461E4680
:10FBF0000D46454A02902B4615F8014B175D17F04C
:10FC00000807F8D12D2C41D12C7801279D1C002EFE
:10FC100041D1302C4CD00A2607F1004A07F1FF3BB6
:10FC2000F31732460AF1FF3A584603935146E9F773
:10FC30006BF8019200228E46844611461046A4F1CC
:10FC40003003092B05D9A4F14103192B37D8A4F1AE
:10FC500037039E423DDD541C15D084457EEB0102E6
:10FC600034D38E4508BF844502D1019A9A422DDBD8
:10FC7000039A714300FB0211A6FB00020A44181804
:10FC800042EBE371012215F8014BD8E72B2C04BF9E
:10FC90002C789D1CBBE7102EBED1302CBCD12B780C
:10FCA00003F0DF03582BB7D16C7810260235B3E789
:10FCB0002B7803F0DF03582BF6D00826ACE7A4F12D
:10FCC0006103192B05D8A4F15703C2E74FF0FF32A7
:10FCD000D9E7531C0AD12223029A58465146136091
:10FCE000B8F1000F0AD105B0BDE8F08F17B140425E
:10FCF00061EB4101B8F1000FF5D00AB105F1FF3910
:10FD0000C8F80090EFE700BF6C4F020013460A46A8
:10FD1000014602480068FFF765BF00BF18CA00200F
:10FD20002DE9F04386460D46354E284615F8014B21
:10FD3000375D17F00807F8D12D2C26D12C78012734
:10FD4000851C3BBB302C32D00A234FF0FF380026F5
:10FD5000B8FBF3F803FB08F930466FEA0909A4F190
:10FD6000300CBCF1090F29D86446A34237DDB6F147
:10FD7000FF3F07D080452FD301D1A1452CDB00FBED
:10FD80000340012615F8014BE9E72B2C04BF2C7822
:10FD9000851CD6E7102BD8D1302CD6D1287800F08E
:10FDA000DF005828D1D16C7810230235CDE72B78AD
:10FDB00003F0DF03582BF6D00823C6E7A4F1410C6B
:10FDC000BCF1190F01D8373CCFE7A4F1610CBCF1AD
:10FDD000190F04D8573CC8E74FF0FF36D2E7731C21
:10FDE00006D122233046CEF8003032B9BDE8F08388
:10FDF00007B14042002AF9D006B1691E1160F5E74B
:10FE00006C4F020013460A46014602480068FFF79D
:10FE100087BF00BF18CA002007B5009313460A46E3
:10FE200001460348006801F064FE03B05DF804FB7E
:10FE300018CA002070B51E469AB04FF401730446EC
:10FE400008461546ADF80C3000910491E9F7CEF85C
:10FE5000094B2A46694601900993002305902046E4
:10FE60000D9312934FF6FF73ADF80E30334600F04A
:10FE700017F91AB070BD00BFF719020013460A4601
:10FE8000014602480068FFF7D5BF00BF18CA00202E
:10FE90000148EFF779BA00BFE8CC00200148EFF73E
:10FEA0008DBA00BFE8CC00202DE9F04F98468B8931
:10FEB0009DB007461B060D46144610D50B6973B955
:10FEC0004021FFF719FC2860286130B90C233B6002
:10FED0004FF0FF301DB0BDE8F08F40236B61002371
:10FEE000CDF80C804FF00109DFF8A08109932023A1
:10FEF0008DF8293030238DF82A3023469A4613F89E
:10FF0000012B0AB1252AF9D1BAEB040B0BD05B46C1
:10FF100022462946384601F056FE013000F0A780FF
:10FF2000099A5A4409929AF80030002B00F09F80F9
:10FF300000234FF0FF320AF1010A049307938DF872
:10FF400053301A93CDE90523544605224F4814F83F
:10FF5000011B01F0ABFC049AD8B9D00644BF2023A2
:10FF60008DF85330110744BF2B238DF853309AF886
:10FF700000302A2B15D0079A544600204FF00A0C67
:10FF8000214611F8013B303B092B4BD9B0B1079208
:10FF900014E0A0EB0803A24609FA03F31343049309
:10FFA000D2E7039B191D1B68002B0391BBBF5B426B
:10FFB00042F0020207930793B8BF049223782E2BD6
:10FFC0000AD163782A2B32D1039B02341A1D1B6895
:10FFD00043EAE37303920593DFF8B4A00322217888
:10FFE000504601F063FC38B1A0EB0A004022049BAC
:10FFF000013482401343049314F8011B0622254860
:020000022000DC
:100000008DF8281001F052FC002836D0224B1BBB83
:10001000039B073323F0070308330393099B3344FF
:1000200009936AE70CFB02320C460120A8E7002383
:1000300001344FF00A0C19460593204610F8012BA5
:10004000303A092A03D9002BC6D00591C4E70CFB2E
:10005000012104460123F0E703AB2A4604A93846F0
:1000600000930E4BAFF30080421C0646D6D1AB89FD
:100070005B063FF52DAF09982CE703AB2A4604A990
:1000800038460093054BFFF791FBEDE78E500200D9
:10009000945002009850020000000000C71B0200AC
:1000A0002DE9F0470C46ADF5227D002106460DF105
:1000B0000408A74F0093CDF81881CDE94411A54954
:1000C000A091A549A1911378002B00F05C81F95C07
:1000D000551C11F0080119D06368002B0FDD23684F
:1000E0001A78BA5C120701D42A46ECE7459A013324
:1000F0000132236045926268013A6260ECE7A19B9D
:100100002146304698470028E9D0EDE7252B12D04C
:1001100099466368002B40F39480226813784B451E
:1001200040F0318163680132013B22606360459B8E
:1001300001334593D8E74191439153782A2B04BF6B
:100140001023951C4FF00A0208BF4193A94619F8E5
:10015000011BA1F13003092B1ED9DFF800A20322F5
:10016000504601F0A3FB38B1A0EB0A000123419AED
:100170004D4683401343419315F8013B782B06D835
:10018000572B10D8252BC3D056D8002B64D003236F
:1001900047930A2342936AE0439B4D4602FB0311B7
:1001A00030394391D2E7A3F15802202AEFD801A1B8
:1001B00051F822F0A30202008F0102008F01020019
:1001C000C50202008F0102008F0102008F010200B0
:1001D0008F0102008F0102008F0102008F010200D7
:1001E000DB020200C10202003F0202003F020200E5
:1001F0003F0202008F010200B50202008F010200DF
:100200008F0102008F0102008F010200EB02020049
:10021000BD0202005F0202008F0102008F01020096
:10022000E70202008F010200C10202008F010200FA
:100230008F010200A3020200453B022BA7D8052331
:1002400014E0A19B21463046984700283FF465AF53
:100250004498002840F08F804FF0FF308FE0419BA2
:1002600043F4087341931023429304234793636834
:10027000002B4ADD419B590604D423681A78BA5CE6
:10028000120749D4479B022B58DC6B46224641A9F2
:10029000304600F07DF8012875D002287FF424AFA5
:1002A000D6E7419A42F40072419210226E2B42929C
:1002B00002D9DAE7002342930323D7E70823D3E7E1
:1002C0000A22F3E72946404601F030FD419B0546EE
:1002D00043F0400341930123C8E7419B43F04003AF
:1002E00041930023C2E70223C0E74198C3063FF5CC
:1002F000FBAE009B10F0010F459A03F10401009141
:100300001B6814BF1A801A60EEE6A19B2146304696
:1003100098470028AED09BE7459A01324592626823
:10032000013A002A626002DD01332360A5E7A19B48
:1003300021463046984700289FD089E7042B0FDCE0
:100340006B46224641A9304600F07CF8A3E700BF87
:100350006C4F02007D1C0200F31C0200945002004E
:100360000A4B002B3FF4C0AE6B46224641A93046F3
:10037000AFF300808FE7A3895B063FF56DAF0DF506
:10038000227DBDE8F0874498F9E700BF0000000037
:100390002DE9F84315468A6880460C4632B98A69C9
:1003A000002A14BF4FF0FF3201228A602268002722
:1003B000DFF88C90D1065FBF1A68111D19601668AE
:1003C000A06988B1012807D12B681A7863699B5C02
:1003D00053B9002F31D022E0022820D12B681B789E
:1003E00019F803301B071AD423680137DA065EBFF9
:1003F0002B681B7806F8013B2A686B680132013BC9
:100400002A60A2686B60013AA26042B1002BD7DC7F
:10041000D4F880312946404698470028D0D0236838
:1004200013F0100305D1E2680132E260A26902B163
:100430003370236900203B442361BDE8F88300BF8B
:100440006C4F02002DE9F04F984687B0784B0C4670
:100450008246164627464FF0000B93E8070003AB91
:1004600083E80700734BA169734A032908BF1A4642
:10047000A36801925A1EB2F5AE7F89BF6FF4AE75C4
:100480004FF0000903EB050940F25D1388BFA3603C
:1004900057F81C3B43F450633D462360316803AB7F
:1004A0000222097853F82B0001F000FA002840D00E
:1004B000BBF1010F12D162682AB92268082142F407
:1004C000007261602260226822F4A0622260A26849
:1004D000511EA160DAB94FF0020BDFE7BBF1020F4A
:1004E00006D0A268511EA1608AB94FF0010BD5E772
:1004F000226802F4C061B1F5007F1FD142F480721E
:1005000010212260A2686160511EA160B2B1326800
:10051000511C3160127805F8012B7268013A002AEB
:10052000726006DCD4F8802131465046904700289E
:1005300074D10BF1010BBBF1030FAFD163680BB9A1
:100540000A23636063684FF0000B3C496069C91A75
:1005500001F0ECFBA368226873B33168606991F81D
:1005600000C010F80C0038B3BCF1300F16D11005E4
:1005700014D50BF1010BB9F1000F03D0013309F1D0
:10058000FF39A3607368013B002B73600DDD336896
:1005900001333360A368013BA360DBE722F4106200
:1005A00022600B7805F8013BECE7D4F88031314646
:1005B000504698470028EDD02368D9050DD5BD4297
:1005C00009D905F1FF3915F8011CD4F87C31324600
:1005D0004D4650469847BD4228D0226812F010027E
:1005E00013D12A70394663685046019EB047D8F847
:1005F000003021681A1D11F0200FC8F800201B6878
:100600000FD01860E3680133E360ED1B236900201D
:100610005D442B44236107B0BDE8F08F4FF0000B21
:10062000CAE7CA074CBF18801860EBE70120F2E761
:1006300074220200EB1A0200EF1A0200AF5002000F
:10064000022904D0042906D0012900D1704780680E
:1006500008B1F3F717BC7047F9F76EBE002210B56A
:100660000468944200D110BD00EBC2014B68013216
:1006700023F0FF0343F003034B60F2E70420F9F794
:1006800055BC0420F9F76EBCF9F70EBC38B504462A
:100690000025031D2268AA4201D8002319E04FF06B
:1006A0000002D3E8CF0F032804D1C3E8CC2FBCF15C
:1006B000000FF6D102D008330135EBE701EB8513CB
:1006C00018464022002101F01CF9034604EBC50442
:1006D000A060184638BD0830704738B5054620B9C7
:1006E000F9F730FE80B9002038BDF3F7AFFB0446C0
:1006F0000028F8D0F9F726FE38B92046F3F7C2FBF8
:100700000120F3F73FFBEEE72C46C56040F8084FA9
:10071000EAE740EA0141104640F8081DF9F724BE17
:10072000F9F71CBEF9F714BEF3F790BB08B5F3F761
:10073000A9FBBDE808400120F3F724BB0429F8B564
:100740000546174603D0102910D000240CE00820DD
:10075000F3F746FB04460028F7D00023436001234B
:10076000478003802B6843602046F8BD1620F3F7CE
:1007700037FB04460028E8D0061D1222002130462F
:1007800001F0BFF8022323802B46678005F1100299
:1007900053F8041B934246F8041BF9D1E4E71346CF
:1007A00009B9116070470A88012A02D0022A07D0CD
:1007B00070471A68082A28BF08221A6001F094B806
:1007C0001A68162A28BF1622F7E708B5FAF7AAFB17
:1007D00040B100F11C03D3E8EF1F0131C3E8E21F71
:1007E000002AF8D108BD006808B1FAF72BBB7047A2
:1007F00037B50025036804460093838F6846ADF83B
:100800000650ADF8043000F0EBFD38B1A36B68463C
:10081000984794F83E300BB1A563E56303B030BD53
:100820004068003818BF0120704700230B608368C0
:1008300013B9C0E90111704719608160704738B57C
:1008400005460C46F9F796FDAA68236894426B604A
:1008500008BFAB6000232046236000F04DF9BDE8DF
:100860003840F9F78DBD406870470069431E584213
:10087000584170470069831E5842584170470069CB
:10088000C31E5842584170474069B0F5817F05D07A
:1008900040F21113C31A5842584170470120704763
:1008A00090F82000C0F34000704790F82000C0F39B
:1008B0008000704790F82000C0F3C0007047006CC3
:1008C00000F00100704790F8200000F00100704730
:1008D0000369012B05D18069A0F18003584258417A
:1008E00070470020704790F82000C0097047836966
:1008F00033F0800314BF01200020704790F82000DF
:10090000C0F340107047806B003818BF012070475B
:1009100090F83400431E58425841704708B590F88B
:100920002030014613F001020BD1FFF7E0FF28B998
:100930000846FFF7CDFF80F00100C2B202F00100CF
:1009400008BD0022FAE770B504460D46164620465B
:10095000FFF7E4FF70B155B1284600F0BCF848B984
:1009600031460220F3F70CF80028F0D070BD636820
:10097000002BF5D00020F9E74068003818BF0120AF
:10098000704790F82200003818BF0120704710B55A
:100990000446FFF7ACFF94F82010C1F3401340EA7F
:1009A0000302236982F00102012B14BF0123C1F36A
:1009B0008003D2B220461A40FFF766FF48B1C1F368
:1009C00000112046FFF784FF0A4080F0010010402C
:1009D00010BD0121F5E710B50C46FAF7A3FA28B1CE
:1009E00090F8203064F3861380F8203010BD10B5E5
:1009F0000C46FAF797FA28B190F8213064F3000317
:100A000080F8213010BDD0E9092353EA020109D052
:100A10004FF47A71B3FBF1F001FB02000128B8BF7B
:100A2000012070474FF0FF307047D0E90B2353EAA5
:100A3000020109D04FF47A71B3FBF1F001FB02001F
:100A40000128B8BF012070474FF0FF3070470138D0
:100A500002288CBF002001207047013802288CBF7B
:100A60000020012070470388012B03D0022B06D001
:100A700001207047082914BF002001207047162963
:100A8000F9E7032915D011280CD004DC88B1062819
:100A90000AD000207047B0F5817F05D040F21113D5
:100AA0009842F6D1022900E0012914BF002001205C
:100AB000704701207047C368012B03D0022B07D079
:100AC000012070470888012814BF002001207047CA
:100AD00008880228F8E700B10068003818BF012034
:100AE000704700B1006870474389406818447047F8
:100AF00002894089101A704710B504464068FFF714
:100B00000FFEE06808B1F3F787F92046BDE8104012
:100B1000F3F782B910B50446206800B910BD6268C9
:100B200003689042236008BF6360FFF7E5FFF3E7C7
:100B300000F01ABD10B5044660B1406908B1F3F782
:100B40006BF9A06908B1F3F767F92046BDE81040DA
:100B5000F3F762B910BD10B5044600F003FD236839
:100B60004360A36983602046BDE8104000F0FCBCF0
:100B70002DE9FF4180460F461646FFF768FF38B95A
:100B80006A20F2F7D1FF4FF0FF3004B0BDE8F081EA
:100B90003046FAF72DFA08B97B20F2E73846FFF71E
:100BA0005CFF08B96B20ECE739463046FFF769FF78
:100BB0000028F7D0FAF782F9054608B91720E0E7D0
:100BC0000020FFF78AFD044620B92846FAF7BCF951
:100BD0006920D6E74FF0FF330C220374437483740B
:100BE000C3740023027243728372C3724046FBF7E0
:100BF00015F86061384600F05DFC0146A0613046A2
:100C000000F059FC2146E06101AA47F2010002957B
:100C1000FBF730F8044620B12846FAF795F920464C
:100C2000AFE7C5E9038728686E61AEE773B506468E
:100C30000C461546FFF7C9FD019050B90920F2F79F
:100C400073FF4FF0FF3401A8FFF7CDFD204602B03F
:100C500070BDFFF74CFE10B1019B9869EFE701985A
:100C6000FFF723FE08B17F20E9E70198FFF718FEA0
:100C700008B17820E3E70CB90E20E0E7214601989F
:100C8000FFF719FF08B96A20D9E729462046FFF780
:100C9000EAFE08B91620D2E70198FFF710FE0546D4
:100CA00020B1019B5D69113D18BF01250020FFF7B0
:100CB00014FD024608B96920C1E70023142106612A
:100CC000017243728372C3722188012911D00229F3
:100CD00017D00199042091F8203043F0020381F8E5
:100CE000203047F20201D560FFF713FDCDB1772028
:100CF000A5E76188C375818204218175636883617A
:100D0000E7E76188C37581821021231D8175143442
:100D100000F1180153F8040BA34241F8040BF9D178
:100D2000D7E70198FFF781FE00900198FFF7B8FD23
:100D300020B90198846984B1204680E76946022081
:100D4000F2F71EFE10F10B0F05D00028EDD00028A1
:100D5000B8BF404273E7742071E7FFF795FD0028A4
:100D60003FF471AFDDE90010FAF7DEFE04466AE7F2
:100D700030B585B005460C46FAF7D4F838B90920E5
:100D8000F2F7D2FE4FF0FF33184605B030BD0CB974
:100D90000E20F5E72146FFF78EFE08B96A20EFE73F
:100DA0000020FFF79AFC014608B96920E8E7002314
:100DB00014220561027243728372C3722288012A6F
:100DC0000AD0022A10D047F2050001AAFAF752FF12
:100DD00003460028D8D0D3E76288C37582820422F4
:100DE000827563688361EEE76288C3758282102230
:100DF000231D8275143400F1180253F8040BA3422A
:100E000042F8040BF9D1DEE730B585B005460C4653
:100E1000FAF788F838B90920F2F786FE4FF0FF3369
:100E2000184605B030BDFFF720FD08B95F20F3E795
:100E30000020FFF752FC014608B96920ECE70023C7
:100E4000042224EAE474027243728372C37205615D
:100E500044616A4447F20800FAF70CFF0346002891
:100E6000DED0D9E7F0B593B007460D461446FFF73C
:100E7000ACFC029050B90920F2F756FE4FF0FF3457
:100E800002A8FFF7B0FC204613B0F0BD15B11CB9A5
:100E90000E20F1E7002CFBD1FFF7E7FC08B95F203B
:100EA000EAE70298FFF70BFD28B10298FFF769FD0A
:100EB00008B90B20E0E70298FFF7A5FD0190029822
:100EC000FFF701FD50B10298FFF75BFD0028D2D07B
:100ED000F9F7F4FF064680B91720CDE70298FFF72F
:100EE00050FD0028EFD1022001A9F2F749FD0028AA
:100EF000E5D00028B8BF4042BEE70020FFF7EDFB79
:100F0000014620B93046FAF71FF86920B4E70761B7
:100F1000049675B17CB10CAB47F20C0003AA0593A3
:100F2000FAF7A8FE074640B13046FAF70DF8384602
:100F3000A2E72B46F0E72346EEE73DB134B1BDF81A
:100F40003630042B04D0102B15D02760346897E777
:100F500001232768ADF81830082F28BF0827BDF8EF
:100F60003430ADF81A300E9B07933A46284606A94E
:100F700000F0BAFCE9E70223ADF81830BDF83430D0
:100F800007AFADF81A3012ABADF82C0013E90F0023
:100F900087E80F002768162F28BF1627E5E72DE9F9
:100FA000F04F87B0894616461D46109F009003F00B
:100FB000400803F4007AF9F7B5FF044638B9092070
:100FC000F2F7B2FD4FF0FF3007B0BDE8F08F35F417
:100FD000107305D1B8F1000F11D0BAF1000F01D094
:100FE0005F20EDE7FFF721FD02902046FFF767FC49
:100FF000A8B9B8F1000818BF4FF0010805E0FFF7E5
:1010000014FD0290BAF1000FEFD02046FFF780FCEC
:1010100040B12046FFF76BFC68B1A069D0E74FF004
:101020000108F2E72046FFF762FC0028F5D12046D0
:10103000FFF74EFCF0E72046D7B1FFF716FC00BBE8
:1010400039462046FFF737FD08B96A20B8E7384629
:101050001199FFF708FD08B91620B1E72046FFF700
:1010600009FC70B12046FFF70FFC50B17F20A7E7C5
:10107000FFF700FC28B12046FFF717FC08B97920DC
:101080009EE72046FFF7F1FB40B12046FFF7FCFB4F
:1010900020B1B6F5006F28BF4FF40066FFF742FBA2
:1010A000B04206D22046FFF7E0FBC8B1FFF73AFB9B
:1010B000064600252046FFF721FC18B12046FFF721
:1010C0002DFC78B93046FFF708FB8346C8B90120EC
:1010D00002A9F2F755FC80B9B8F1000FF2D004E094
:1010E0007A206DE7B8F1000F01D00B2068E70220ED
:1010F00002A9F2F745FC0028DCD00028B8BF404226
:101100005EE7009B0361B9F1000F04D03246494607
:10111000006800F0E9FB94F8340000283CD0FAF7AE
:101120009DFD0021024684F83410BAF1000F0ED064
:10113000029D42F040026B1C30D04FF47A7195FB57
:10114000F1F5ADB2B5F5167F28BF4FF41675002F37
:1011500047D020460192FFF788FB019A002840D132
:101160001A218BF809008BF808108BF80A008BF80D
:101170000B00CBF81420ABF82C503A88012A10D081
:10118000022A1AD047F20700594603AAFAF772FD5D
:101190000346B8BB049817E70246C6E74FF4167536
:1011A000D5E77A888BF81B00ABF8182004228BF85F
:1011B0001A207A68CBF81C20E4E77A880BF11C012E
:1011C000ABF8182010228BF81B008BF81A2007F1BF
:1011D00014003A1D52F804CB824241F804CBF9D1F5
:1011E000D0E7002106208BF809108BF808008BF857
:1011F0000A1047F206008BF80B10CBF81420ABF85E
:101200001850C1E70C2806DC0A2807DDB8F1000FEA
:101210003FF450AF69E78C283FF4D2AE1846CFE6D2
:101220002DE9F74F8946DDE90C7A15461E4603F491
:101230008078FFF7CAFA019058B90920F2F774FCD8
:101240004FF0FF3701A8FFF7CEFA384603B0BDE8EC
:10125000F08F36F4A17301D05F20EFE727B1BAF128
:10126000000F04D10E20E9E7BAF1000FFAD1FFF721
:10127000FCFA28B10198FFF718FB08B98020DDE7D8
:101280000198B8F1000F16D1FFF719FB08B97306E2
:1012900011D50198FFF7C4FA68B90198FFF727FB49
:1012A00048B90198FFF714FB28B90198FFF70BFB29
:1012B00008B90B20C2E70198FFF7A5FB6A4600902A
:1012C00000210198FFF73FFB18B10028B8BF40424A
:1012D000B4E70198FFF7A4FA88B90198FFF7F8FA84
:1012E000002876D10198FFF7EEFA0028A5D10198E1
:1012F000FFF7FDFA0028A3D0019B98699EE70198AB
:10130000FFF7B1FA044627B1C16852463846FFF7E5
:1013100046FA002706F0020A2046FFF7E9FBA8423A
:101320001DD82046FFF7E4FB0646002E8AD0204653
:10133000FFF7DAFB09EB070B01463246584600F08F
:10134000D3FA01983744FFF795FA50B1BAF1000F7C
:101350007FF478AF21460198FFF771FA72E72E46C5
:10136000E3E70198FFF78BFA0028EFD1BAF1000FFD
:1013700014D0B5423FF466AFB8F1000F04D06A460E
:1013800021460198FFF7DFFA2046AD1BFFF7A9FBC6
:1013900004460028C0D1002F9FD053E76389204620
:1013A00033446381FFF7A4FB18B921460198FFF786
:1013B00046FAB5423FF446AFAD1BB8F1000F04D07A
:1013C0006A4600210198FFF7BEFA0198FFF74BFA31
:1013D000DEE7002736E708B5F9F7CEFD002008BDA7
:1013E00038B504460068F9F79DFD054628B9012087
:1013F000E38843F02003E38038BDFFF764FA002858
:10140000F5D12846FFF773FAF8B1E38843F00803F3
:10141000E380A388DA0707D52846FFF7ADFAE8B1DD
:10142000E38843F00103E380A3885B0707D52846E0
:10143000FFF7ADFA18B1E38843F00403E380B4F991
:101440000600003818BF0120D6E72846FFF740FA0B
:101450000028DED0E38843F01003D9E72846FFF7E1
:1014600090FA0028DCD12846FFF732FA0028D7D1BD
:10147000DAE738B50D461446F9F754FD28B90920C6
:10148000F2F752FB4FF0FF3006E0032D03D0042D9E
:1014900003D01620F4E7006C38BD012CF9D80464A1
:1014A0000020F9E7431F002B03D8DFE803F0010019
:1014B000032070477047292815D005DC062814D072
:1014C000112814D048B17047B0F5817F0DD040F29B
:1014D000111398420BD0FF280CD1012909D0022901
:1014E00008BF022070470620704701207047022085
:1014F000704708467047292811D00ADC012810D00F
:10150000062810D0002808BF042018BF4FF0FF3075
:101510007047B0F58D7F08D0B0F5007FF5E7062065
:10152000704708207047012070474FF48070704763
:1015300008B5031F092B0FD8DFE803F00811050ECB
:101540000E0E0E0E0E056FF0010008BD7320F2F7AF
:10155000EBFA6FF00A00F8E7FAF774FBF7E76FF0C1
:101560006300F2E7C06870474269C3681A60704759
:1015700008B5034624301AB95A624260002008BDFB
:10158000082A28BF082200F0AFF9F7E708B503469C
:101590002C301AB9DA624260002008BD082A28BF40
:1015A000082200F0A1F9F7E738B504460D4639B135
:1015B000082A0BD01620F2F7B7FA4FF0FF3038BDEB
:1015C000002AF7D18263C2630020F8E7F8F7D2FE61
:1015D00095E8030004F1380383E803002046FFF791
:1015E00007F9F8F7CDFEEFE773B5044608680D4636
:1015F0001646FAF733FB002801DB042E06D016202E
:10160000F2F792FA4FF0FF3002B070BD2B6820461F
:1016100084F83430FFF77CF900230028F4D0CDE9BA
:1016200000331A4619462068FFF7B9FCECE708B505
:1016300009B1042A05D01620F2F776FA4FF0FF30F0
:1016400006E00B782BB1012BF5D180F84830002053
:1016500008BD0223F9E710B5541E1B2C02D812F066
:10166000030405D01620F2F75FFA4FF0FF3010BDEB
:10167000930880F84B304C3000F036F92046F6E7FE
:1016800008B509B1042A05D01620F2F74DFA4FF03B
:10169000FF3008BD0B78003B18BF012380F84930AC
:1016A0000020F6E708B509B1042A05D01620F2F7A4
:1016B0003BFA4FF0FF3008BD0B6880F84A3000203D
:1016C000F9E770B5054614460E4631B992B11620B9
:1016D000F2F72AFA4FF0FF3070BD002AF7D0406CC5
:1016E00008B1F2F799FB601CF2F77AFB686438B92D
:1016F0006920EDE7406C08B1F2F78EFB0020EBE7C4
:101700002246314600F0F0F800226B6C1A55F5E7DE
:1017100010B5134612680446042A28BF042208465E
:101720001A6004F1180100F0DFF80020A06110BD7C
:1017300010B5134612680446082A28BF0822084636
:101740001A6004F1240100F0CFF8002010BD10B59C
:10175000134612680446082A28BF082208461A6061
:1017600004F12C0100F0C0F8002010BD13B50446B0
:10177000134694F84820084601921A6801A9042AE1
:1017800028BF04221A6000F0AFF8002002B010BD9C
:1017900013B50446134694F84920084601921A6886
:1017A00001A9042A28BF04221A6000F09DF8002035
:1017B00002B010BD13B50446134694F84A200846FB
:1017C00001921A6801A9042A28BF04221A6000F0B5
:1017D0008BF8002002B010BD10B504460846114633
:1017E00094F84B309A000B689A4228BF1A460A6058
:1017F00004F14C0100F078F8002010BDF8B5456CFC
:101800000E461446176875B12846E7F7EFFB01301E
:10181000B842024628BF3A4629463046226000F0C8
:1018200063F80020F8BD3A462946304600F069F8D2
:101830002560F6E770B504460E4600F025F805462B
:10184000206808B1FEF76CFF48F202039E4218D0F0
:1018500048F209039E4214D048F201039E420BD184
:101860006B684BB104F1140204F1380152F8040B17
:101870008A4243F8040BF9D12046BDE8704000F0DD
:1018800005B863696B60F7E7C06870470269C368B1
:101890001A60704700207047002070470020704792
:1018A0000020704700207047FAF7ACBBC9B203466E
:1018B000024410B59342184601D1002003E0047899
:1018C00001338C42F6D110BD0139024410B590426B
:1018D00001D1002005E0037811F8014FA34201D0A7
:1018E000181B10BD0130F2E70A44431E914200D19B
:1018F000704710B511F8014B914203F8014FF9D12F
:1019000010BD02440346934200D1704703F8011B07
:10191000F9E72DE9F047164698468A6807460B69AD
:101920000C46DDF820909342B8BF1346336091F81F
:1019300043200AB1013333602368990642BF3368FC
:1019400002333360256815F0060506D104F1190A43
:10195000E36832689B1AAB422BDC94F84330226870
:10196000003B18BF0123920630D404F143024146E4
:101970003846C847013023D023681A3454F80A2C5B
:1019800003F00603042B0ABF54F80E5C00253368ED
:101990004FF0000608BFED1A54F8123C08BF25EAC4
:1019A000E5759342C4BF9B1AED18B5421AD10020C9
:1019B00008E00123524641463846C847013003D16A
:1019C0004FF0FF30BDE8F0870135C1E7E1185A1C40
:1019D00030200233224481F8430094F8451082F805
:1019E0004310C2E70123224641463846C84701302A
:1019F000E6D00136D9E700207047C9B20346184641
:101A000013F8012B12B18A42F9D17047002918BF8F
:101A100000207047034611F8012B03F8012B002A20
:101A2000F9D1704770B50546084616460C46E7F7EB
:101A3000DDFA421CB24201D9EDF7ECFCAC4204D80D
:101A4000A3189D42F8D3AC4202D1AB189C42F3D309
:101A500021462846BDE87040FFF746BF10B56AB181
:101A60000139841810F8012B11F8013F9A4203D173
:101A7000A04201D0002AF5D1D01A10BD1046FCE7D3
:101A80000139034610B532B111F8014F013A03F89C
:101A9000014B002CF7D11A440021934200D110BD14
:101AA00003F8011BF9E70246014410B58A421346C8
:101AB00003D01C780132002CF8D1181A10BD0A7816
:101AC00070B56AB970BD9A4209D10C46054614F842
:101AD000013F002BF6D015F8016F9E42F7D0013080
:101AE0000378002BEFD11846ECE7FDF7F3BFFEF7C4
:101AF00017B930B514469BB005461A46002C05DAD6
:101B00008B2303604FF0FF301BB030BD4FF40273E6
:101B1000009104916946ADF80C3014BF04F1FF3315
:101B20002346029305934FF6FF73ADF80E301E9BCC
:101B3000FEF7BAF9431CBCBF8B232B60002CE3D00B
:101B4000009B00221A70DFE7884210B501EB020407
:101B500002D98442234607D8431EA14208D011F877
:101B6000012B03F8012FF8E7024401468A4200D115
:101B700010BD13F8014D02F8014DF7E7F8B507461F
:101B800015460C4621B91146BDE8F840FDF7B4BD35
:101B900022B9FDF767FD00242046F8BD00F036F9B4
:101BA000A842F9D229463846FDF7A6FD0646002888
:101BB000F1D021462A46FFF797FE214638463446A3
:101BC000FDF750FDE8E72DE9F0471F468E68824695
:101BD0000C46BE4290460B682DD8B1F90C2012F489
:101BE000906F26D06569096905EB4505A3EB0109EE
:101BF0007B1C05EBD5754B446D109D4238BF1D46CF
:101C0000530527D52946FDF777FD064660B34A46BA
:101C10002169FFF769FEA38923F4906343F08003F1
:101C2000A38126614E446561A5EB090526603E4609
:101C3000A560BE4200D93E46324641462068FFF7C5
:101C400083FFA36800209B1BA360236833442360A9
:101C5000BDE8F0872A46FFF791FF06460028E0D14D
:101C600021695046FDF7FEFC0C234FF0FF30CAF807
:101C70000030A38943F04003A381E9E738B54B1C4A
:101C8000144603D14FF0FF35284638BD9389CDB2B5
:101C900023F0200393815368526B8AB1A26B9A425E
:101CA00008DD23685A1E226003F8015C6368013373
:101CB0006360E9E7214600F072F80028F1D0E1E71F
:101CC0002169226841B1914206D212F8011CA94251
:101CD00002D1013A2260EAE7C4E90F2304F1440388
:101CE00063630323A363234603F8465F2360012352
:101CF000DEE710B50C46496B69B104F14403994223
:101D000001D0FDF7AFFC0020236C6063636013B16A
:101D1000E36B236010BD23694FF0FF302360002385
:101D20006360A38943F02003A381F3E770B50B78C8
:101D3000044601385E2B04F1FF0513BF4A1C8A1CC0
:101D40004B78002108BF012100F8011FA842FBD1F8
:101D50000BB9501E70BD81F001011046E1540246DE
:101D600012F8015B2D2D05D05D2D16D0002DF1D080
:101D70002B46F2E746785D2EFAD0B342F8DC02300B
:101D80001A4601329642A154FBDCF21A5D1C013A5C
:101D9000B342A8BF0022AB18E1E71046DAE72DE90D
:101DA000F0410C46496B04F1440399421AD14FF4B7
:101DB0008061FDF7A1FC18B94FF0FF30BDE8F0815C
:101DC0004FF48063606300F2FD30A36394F8463003
:101DD000837094F84530437094F844300370206069
:101DE0000020EBE7A66B77003A46FFF7C7FE0546F3
:101DF0000028E1D000EB0608014632464046FFF7D6
:101E000073FDC4F80080C4E90D57E9E751F8043CBC
:0C1E1000181F002BBCBF0B58C0187047F7
:081E1C00206FFE7F01000000B1
:101E240041F400000000000089F4000000000000FC
:101E3400C9F400000000000009F5000000000000E3
:101E440055F5000000000000298601000000000094
:101E5400DD210100F81E0200DDC6010000000000C3
:101E6400C1C8010000000000F52701000C1F02009A
:101E740045260100201F0200B92E0100341F020074
:101E84007925010000000000693501000000000010
:101E940089CC0000000000000D39010000000000A2
:101EA40021410100E41E020061F200000000000074
:101EB400C58901000000000011F6010000000000C7
:101EC400051D0100481F02006DFD00000000000018
:101ED4003556010000000000893F010000000000A9
:101EE4007C38020000000000F8C800207ACC0020F2
:101EF400D0DD0020CC370200AC230200C423020052
:101F040072CC002024DC0020F9370200E823020010
:101F14000024020076CC002078DC0020F137020097
:101F240000000000E023020074CC00200000000048
:101F34002C380200242402005024020078CC002013
:101F4400DCC80020B4370200000000009423020023
:081F540070CC00200000000029
:101F5C0000000000C5EA000000000000C5EA000017
:101F6C0000000000C5EA000000000000C5EA000007
:101F7C0000000000C5EA0000E58F0100018C0100A3
:101F8C0000000000C5EA000000000000C5EA0000E7
:101F9C00341F0200212E010000000000C5EA0000E1
:101FAC0000000000C5EA000000000000C5EA0000C7
:101FBC0000000000C5EA000000000000C5EA0000B7
:101FCC00481F02006D1D01000000000075A20100F9
:101FDC0000000000C5EA000000000000C5EA000097
:101FEC0000000000C5EA000000000000C5EA000087
:101FFC0000000000C5EA00000000000019360100D6
:10200C0000000000C5EA000000000000C5EA000066
:10201C0000000000C5EA000000000000C5EA000056
:10202C0000000000C5EA000000000000C5EA000046
:10203C0000000000C5EA000000000000C5EA000036
:10204C0000000000C5EA000000000000C5EA000026
:10205C0000000000C5EA000000000000C5EA000016
:10206C0000000000C5EA000000000000C5EA000006
:10207C0000000000C5EA000000000000C5EA0000F6
:10208C0000000000C5EA000000000000C5EA0000E6
:10209C0000000000C5EA000000000000C5EA0000D6
:1020AC009D9F0100018C010000000000C5EA0000AA
:1020BC0000000000C5EA000000000000C5EA0000B6
:1020CC0000000000C5EA000000000000C5EA0000A6
:1020DC0000000000C5EA0000C59D0100018C010054
:1020EC0000000000C5EA000000000000C5EA000086
:1020FC0000000000C5EA000000000000C5EA000076
:10210C0000000000C5EA000000000000C5EA000065
:10211C0000000000C5EA000000000000C5EA000055
:10212C0000000000C5EA000000000000C5EA000045
:10213C0000000000C5EA000000000000C5EA000035
:10214C0000000000C5EA000000000000C5EA000025
:08215C0000000000C5EA0000CC
:1021640000000000010000006D430100954D0100D6
:102174008F2F020003000000BD370200030000009F
:10218400383A02000300000044300200030000005B
:10219400E337020003000000CB3902000300000013
:1021A400284C02000300000063300200030000001A
:1021B40067300200030000005131020003000000F8
:1021C4007741020003000000724C0200030000008B
:1021D40055350200030000003B36020003000000F6
:1021E40043360200030000007238020003000000BE
:1021F400314F0200030000002F36020003000000EC
:10220400143602000300000021360200030000001F
:1022140037360200030000003638020003000000D5
:1022240020230200C8C80020403102000100000041
:0C223400FFFFFFFFFFFFFFFFFFFFFFFFAA
:10224000BF290200120000000100000005AE0100DD
:1022500099BA0100EDBD01009D180200A518020009
:1022600095180200D713020031BE0100A118020028
:1022700099180200B1500200D4370200B450020095
:10228000000000000000000000000000000000004E
:102290000338FDD870470000000000001E00000059
:1022A000CEE30020080000000E000000B1B20000E4
:1022B00011B3000000000000DDB2000018CF0020C4
:1022C0000001000025CF00002DCB0000020000001F
:1022D0004DDD0000000000000000000000000000D4
:1022E0000000000020310200283102000000000040
:1022F0000000000000000000303102003431020014
:10230000383102003C3102001023020080DA002044
:10231000BDDF0000A0DA0020321C01200100000017
:102320007DDF000049DF000011DF0000DDDE00007E
:1023300000000000A9DE00000000000080C50020B1
:10234000000000000600010002000000502302000F
:1023500000000000E735020006000000E0FF0F006B
:1023600068C50020EF35020021000000E0FF0320D7
:102370006336020004000000683602000600000018
:10238000D90E01003D0F0100990F01003910010025
:1023900081100100FD190100191B01005802000005
:1023A000DD20010051200100000000001523010084
:1023B00009240100D73702004D2101007D210100D1
:1023C000DD370200AD230100711F01002120010053
:1023D00000000000791E0100000000000000000065
:1023E0000D26010000000000FFFFFFFF00258440D4
:1023F0000000000000000000001003400100000089
:10240000BD28010079260100AD260100E526010066
:1024100015270100452701005D2A010081270100E1
:1024200000000000008000400200000000000000EA
:10243000342402000080004040240200010000001B
:1024400048240200020000001B0000009A01010065
:10245000892D010039310100552D01000080002037
:10246000E8040000E88400200020000068A50020A7
:10247000002000000000000000000000010000003B
:10248000454E0100ED370100F945010031430100DF
:10249000054A010009490100E54A0100594C0100C3
:1024A00000000000D1440100594401000143010033
:1024B000214B01002D47010039490100454201002F
:1024C00095410100D9470100000000000000000014
:1024D0000C1F0200000000000C1F020001000000A1
:1024E0000C1F0200040000000C1F02000500000089
:1024F0000C1F0200080011000C1F0200090011004F
:102500000C1F0200120011000C1F0200130011002A
:102510007A3A02007F3A0200873A0200923A0200B9
:10252000000000004D4102005341020059410200E9
:102530005F410200654102006B41020071410200EF
:10254000654A0200774A0200894A0200964A020060
:10255000A74A0200B74A0200C14A0200D44A020058
:10256000E74A0200FA4A020058020000100E00007A
:10257000A08C0000020000001E0000003C000000D3
:102580000094110000000000020000003C00000068
:10259000680100003C0000003C0000003C0000001E
:1025A0003C000000000000007DAD010051B30100BF
:1025B0000000000035180200B5BC01006DBE01002E
:1025C0007A3A02007F3A0200464E0200524E020062
:1025D00000000002000000010000000400000008EC
:1025E00000000010000000000C0000006900000066
:1025F0000B000000720000008000000016000000C8
:1026000070000000780000007F00000080000000E3
:102610007100000068000000160000007400000057
:102620007300000073000000710000008C000000C7
:102630007A0000000D0000000B0000000B000000FD
:1026400076000000ADBAADBAADBAADBAADBAADBAAA
:10265000ADBAADBAADBAADBAADBAADBAADBAADBA42
:10266000ADBAADBAADBAADBAADBAADBAADBAADBA32
:10267000ADBAADBAADBAADBAADBAADBAADBAADBA22
:10268000ADBAADBAADBAADBAADBAADBAADBAADBA12
:10269000ADBAADBAADBAADBAADBAADBAADBAADBA02
:1026A000ADBAADBAADBAADBAADBAADBAADBAADBAF2
:1026B000ADBAADBAADBAADBAADBAADBAADBAADBAE2
:1026C000ADBAADBAADBAADBAADBAADBAADBAADBAD2
:1026D000ADBAADBAADBAADBAADBAADBAADBAADBAC2
:1026E000ADBAADBAADBAADBAADBAADBAADBAADBAB2
:1026F000ADBAADBAADBAADBAADBAADBAADBAADBAA2
:10270000ADBAADBAADBAADBAADBAADBAADBAADBA91
:10271000ADBAADBAADBAADBAADBAADBAADBAADBA81
:10272000ADBAADBAADBAADBAADBAADBAADBAADBA71
:10273000ADBAADBAADBAADBAADBAADBAADBAADBA61
:10274000ADBAADBAADBAADBAADBAADBAADBAADBA51
:10275000ADBAADBAADBAADBAADBAADBAADBAADBA41
:10276000ADBAADBAADBAADBAADBAADBAADBAADBA31
:10277000ADBAADBA6F0000006F0000006F0000003E
:102780006F0000006F0000006F0000006F0000008D
:102790000B0000007A000000470000000B00000062
:1027A0000B0000005F00000004100000017000003A
:1027B00004700000FFFFFFFFFFFFFFFFFFFFFFFFB1
:1027C000FFFFFFFFFFFFFFFFFFFFFFFFFFFFFFFF19
:1027D000FFFFFFFF037000000270000005700000A3
:1027E0000670000008700000097000000A70000008
:1027F000FFFFFFFFFFFFFFFFFFFFFFFFFFFFFFFFE9
:10280000FFFFFFFFFFFFFFFFFFFFFFFFFFFFFFFFD8
:10281000FFFFFFFFFFFFFFFF0180000010400000EF
:10282000106000001130000012300000FFFFFFFFB9
:10283000FFFFFFFFFFFFFFFFFFFFFFFFFFFFFFFFA8
:1028400010300000FFFFFFFFFFFFFFFFFFFFFFFF54
:10285000FFFFFFFFFFFFFFFFFFFFFFFFFFFFFFFF88
:10286000FFFFFFFFFFFFFFFFFFFFFFFFFFFFFFFF78
:10287000FFFFFFFFFFFFFFFFFFFFFFFF065000000E
:10288000DD4E0200EB4E0200FF4E02000E4F020032
:102890001A4F0200241E0200241E02008C1E020099
:1028A000941E0200D41E0200E41E0200000000007C
:1028B0000000000000000000000000000000000018
:1028C0000000000000000000000000000000000008
:1028D00000000000000000000000000000000000F8
:1028E00000000000000000000000000000000000E8
:1028F00000000000000000000000000000000000D8
:10290000000000000000000000000000000428405B
:1029100004050000000428400304000000042840CF
:10292000020300000004284001020000020002002F
:102930000200040002000800020002000200100071
:10294000200040008000000100020004000001009F
:1029500002000400060008000A000C000E0010002F
:10296000200040008000000100010001EAFF7AFF22
:10297000F4FF25732573004D51545420636F6E6E20
:10298000656374206661696C65643A202564004D56
:1029900051545420636C69656E7420636F6E6E656C
:1029A00063746564005375627363726962696E670C
:1029B00020746F3A202573206C656E202575004EBB
:1029C00052462F30312F444F574E5F53545245419A
:1029D0004D004D51545420636C69656E74206469D8
:1029E00073636F6E6E65637465643A202564004D91
:1029F000515454205055424C4953482072657375C8
:102A00006C743D2564206C656E3D256400526563E1
:102A10006569766564207061796C6F616420282532
:102A20006420627974657329206973206C61726710
:102A30006572207468616E20746865207061796CBD
:102A40006F6164206275666665722073697A6520BD
:102A5000282564206279746573292E0052656365A8
:102A6000697665643A20004C4544314F4E004C4530
:102A700044314F4646006765745F726563656976E9
:102A800065645F7061796C6F6164206661696C6513
:102A9000643A20256400446973636F6E6E656374E5
:102AA000696E67204D51545420636C69656E742EB5
:102AB0002E2E00436F756C64206E6F7420646973F2
:102AC000636F6E6E6563743A202564004D515454F3
:102AD0002050554241434B206572726F723A202557
:102AE000640050554241434B207061636B65742014
:102AF00069643A202575004D515454205355424184
:102B0000434B206572726F723A2025640053554220
:102B100041434B207061636B65742069643A2025E2
:102B200075004D5154542050494E47524553502042
:102B30006572726F723A20256400556E68616E642A
:102B40006C6564204D515454206576656E74207414
:102B50007970653A202564004E52462F30312F554A
:102B6000505F53545245414D005075626C69736813
:102B7000696E673A2000746F20746F7069633A2041
:102B80002573206C656E3A20257500696F742D637E
:102B90006F757273652D6275742E636C6F75642E1C
:102BA0007368696674722E696F0067657461646426
:102BB00072696E666F206661696C65643A2025648F
:102BC000004661696C656420746F20696E69746980
:102BD000616C697A652062726F6B657220636F6EDB
:102BE0006E656374696F6E00495076342041646489
:102BF0007265737320666F756E642025730061695A
:102C00005F616464726C656E203D20257520736879
:102C10006F756C64206265202575206F72202575A4
:102C20000041542B4347534E004661696C65642054
:102C3000746F206F627461696E20494D45492C2084
:102C40006572726F723A202564006E72662D252EB1
:102C50002A73007468697369737468656D6F73743F
:102C600073656372657473656372657465766572A6
:102C700000696F742D636F757273652D62757400D2
:102C800073697A65206F6620737472756374206946
:102C9000733A20256400737465703A2025640046F9
:102CA00061696C656420746F2073656E64206D6566
:102CB00073736167652C20256400436F6E6E6563D6
:102CC000746564202D20686F6D65206E6574776F64
:102CD000726B00436F6E6E6563746564202D2072A5
:102CE0006F616D696E6700436F6E6E6563746564D6
:102CF0000049646C65004E6574776F726B20726575
:102D000067697374726174696F6E2073746174752E
:102D1000733A20257300525243206D6F64653A2048
:102D2000257300536F6D6520636F6E746578740052
:102D30000A53414D504C452041505020535441526C
:102D400054530A00414443206E6F742072656164DD
:102D5000790A000A7374617274696E672074696D10
:102D600065720A004661696C656420746F20696E43
:102D7000697469616C697A6520746865204C4544A2
:102D8000206C69627261727900496E697469616C64
:102D9000697A696E67206D6F64656D206C69627217
:102DA000617279004661696C656420746F20696E98
:102DB000697469616C697A6520746865206D6F64F7
:102DC000656D206C6962726172792C206572726F18
:102DD000723A20256400436F6E6E656374696E6796
:102DE00020746F204C5445206E6574776F726B00B1
:102DF0004572726F7220696E206C74655F6C635FE0
:102E0000636F6E6E6563745F6173796E632C2065AA
:102E100072726F723A20256400436F6E6E65637440
:102E2000656420746F204C5445206E6574776F7212
:102E30006B004661696C656420746F20636F6E6619
:102E4000696775726520746865206D6F64656D00D3
:102E50004661696C656420746F20696E697469618C
:102E60006C697A652074686520627574746F6E731E
:102E7000206C696272617279004661696C656420D8
:102E8000746F20696E697469616C697A65204D514F
:102E9000545420636C69656E743A20256400526551
:102EA000636F6E6E656374696E6720696E2025645A
:102EB000207365636F6E64732E2E2E004572726FE1
:102EC0007220696E206D7174745F636F6E6E6563DE
:102ED000743A202564004572726F7220696E206614
:102EE00064735F696E69743A2025640025642C2040
:102EF00025642C2025642C2025640A004572726FFD
:102F00007220696E20706F6C6C28293A202564004D
:102F10004572726F7220696E206D7174745F6C6996
:102F200076653A202564004572726F7220696E20C2
:102F30006D7174745F696E7075743A202564005009
:102F40004F4C4C45525200504F4C4C4E56414C0049
:102F5000446973636F6E6E656374696E67204D516B
:102F6000545420636C69656E7400436F756C642003
:102F70006E6F7420646973636F6E6E656374204D49
:102F800051545420636C69656E743A202564004C7A
:102F90006573736F6E345F4578657263697365310D
:102FA0000028756E7369676E6564292063686172B5
:102FB000202A207573656420666F72202525702095
:102FC000617267756D656E742E2049742773207267
:102FD00065636F6D6D656E64656420746F206361F9
:102FE000737420697420746F20766F6964202A20BE
:102FF00062656361757365206974206D6179206312
:1030000061757365206D69736265686176696F7259
:1030100020696E206365727461696E20636F6E66ED
:10302000696775726174696F6E732E20537472696B
:103030006E673A2225732220617267756D656E7422
:103040003A25640063627072696E74665F706163D2
:103050006B61676500286E696C29006C6F67676932
:103060006E67006C6F67006C6F675F6D676D7400F3
:103070004D657373616765202822257322292064BA
:10308000726F707065642062656361757365206935
:103090007420657863656564732073697A65206C54
:1030A000696D69746174696F6E2028257529001B2C
:1030B0005B306D00257320005B2530386C755D201A
:1030C000005B253032753A253032753A253032753D
:1030D0002E253033752C253033755D20003C25734B
:1030E0003E200025732F0025733A200025303278CA
:1030F0002000202020007C00206D657373616765CF
:10310000732064726F70706564202D2D2D0D0A1B65
:103110005B306D001B5B313B33316D2D2D2D20005D
:103120001B5B313B33316D001B5B313B33336D0037
:103130006572720077726E00696E66006462670085
:103140006C6F675F6261636B656E645F75617274FB
:10315000006C6F675F756172740072302F61313A75
:103160002020307825303878202072312F61323A93
:103170002020307825303878202072322F61333A81
:1031800020203078253038780072332F61343A208F
:1031900020307825303878207231322F69703A200B
:1031A00020307825303878207231342F6C723A20F4
:1031B000203078253038780020787073723A2020DB
:1031C000307825303878004661756C74696E6720F8
:1031D000696E737472756374696F6E206164647272
:1031E00065737320287231352F7063293A20307847
:1031F00025303878002A2A2A2A2A204D5055204680
:1032000041554C54202A2A2A2A2A0020205374612E
:10321000636B696E67206572726F722028636F6ED0
:10322000746578742061726561206D6967687420C7
:103230006265206E6F742076616C696429002020BD
:10324000556E737461636B696E67206572726F721D
:1032500000202044617461204163636573732056CC
:10326000696F6C6174696F6E0020204D4D4641524C
:1032700020416464726573733A20307825780020A9
:1032800020496E737472756374696F6E2041636355
:103290006573732056696F6C6174696F6E002020CE
:1032A000466C6F6174696E672D706F696E74206C07
:1032B000617A7920737461746520707265736572C8
:1032C000766174696F6E206572726F72002A2A2AA5
:1032D0002A2A205553414745204641554C54202A1F
:1032E0002A2A2A2A0020204469766973696F6E2091
:1032F0006279207A65726F002020556E616C696773
:103300006E6564206D656D6F7279206163636573AE
:1033100073002020537461636B206F766572666C56
:103320006F772028636F6E746578742061726561B1
:10333000206E6F742076616C6964290020204E6FC6
:1033400020636F70726F636573736F7220696E7341
:103350007472756374696F6E73002020496C6C65BC
:1033600067616C206C6F6164206F66204558435F15
:1033700052455455524E20696E746F2050430020C0
:1033800020496C6C6567616C20757365206F6620E1
:103390007468652045505352002020417474656D57
:1033A000707420746F206578656375746520756E20
:1033B000646566696E656420696E737472756374A2
:1033C000696F6E002A2A2A2A2A2042555320464134
:1033D000554C54202A2A2A2A2A002020537461633B
:1033E0006B696E67206572726F7200202050726583
:1033F000636973652064617461206275732065720E
:10340000726F72002020424641522041646472650E
:1034100073733A2030782578002020496D707265EA
:1034200063697365206461746120627573206572DD
:10343000726F72002020496E737472756374696FC5
:103440006E20627573206572726F720052657365CB
:103450007276656420457863657074696F6E2028A4
:103460000053707572696F757320696E746572723E
:103470007570742028495251200045786365707436
:10348000696F6E206F6363757272656420696E2068
:10349000536563757265205374617465002A2A2A26
:1034A0002A2A2048415244204641554C54202A2A79
:1034B0002A2A2A002020427573206661756C7420C8
:1034C0006F6E20766563746F72207461626C652024
:1034D00072656164002020446562756720657665C9
:1034E0006E740020204661756C7420657363616C96
:1034F0006174696F6E20287365652062656C6F77F3
:103500002900415243485F4558434550542077694C
:10351000746820726561736F6E2025780A002A2A0C
:103520002A2A2A204465627567206D6F6E69746F60
:103530007220657863657074696F6E202A2A2A2A62
:103540002A002A2A2A2A2A20257320256429202AAB
:103550002A2A2A2A006D7075004661696C6564200C
:10356000746F20616C6C6F63617465206E65772089
:103570004D505520726567696F6E2025750A0050A1
:103580006172746974696F6E2025753A2073616E7B
:1035900069747920636865636B206661696C656432
:1035A0002E00496E76616C696420756E6465726C7C
:1035B00079696E6720726567696F6E20696E6465F0
:1035C0007820257500496E76616C69642061747499
:1035D00072696275746520666F7220746865207206
:1035E0006567696F6E0A00464C4153485F3000536F
:1035F00052414D5F30002A20627566666572206F09
:10360000766572666C6F7720646574656374656453
:10361000202A0A00707468726561645F636F6E646B
:1036200000707468726561645F6D757465780070B0
:1036300074687265616400736F63006E65745F62C5
:103640007566006E65745F6275665F73696D706C38
:103650006500776C616E2564006E6574256400E01A
:1036600000C0004D515454004D51497364700053D3
:10367000656C656374656420414443206761696ECD
:10368000206973206E6F742076616C6964005365E5
:103690006C6563746564204144432072656665729D
:1036A000656E6365206973206E6F742076616C6946
:1036B000640053656C656374656420414443206114
:1036C00063717569736974696F6E2074696D6520C3
:1036D0006973206E6F742076616C696400496E7640
:1036E000616C69642073656C656374696F6E206FCB
:1036F00066206368616E6E656C73004368616E6E10
:10370000656C202575206E6F7420636F6E66696727
:103710007572656400414443207265736F6C757403
:10372000696F6E2076616C75652025642069732051
:103730006E6F742076616C6964004F766572736198
:103740006D706C696E6720697320737570706F722D
:1037500074656420666F722073696E676C652063A0
:1037600068616E6E656C206F6E6C79004F76657265
:1037700073616D706C696E672076616C756520256C
:1037800064206973206E6F742076616C69640050E8
:10379000726F766964656420627566666572206919
:1037A0007320746F6F20736D616C6C202825752FEA
:1037B00025752900616463406530303000616463C1
:1037C0005F6E7266785F736161646300636C6F63E0
:1037D0006B4035303030006866636C6B006C66633C
:1037E0006C6B00636C6F636B5F636F6E74726F6C96
:1037F000007073612D726E67006770696F403834B6
:1038000032353030000001020304050607466169C5
:103810006C656420746F20616C6C6F6361746520EB
:10382000505049204368616E6E656C00756172741A
:10383000403830303000756172745F6E7266785F48
:103840007561727465004D6F64656D206C6962729C
:1038500061727920696E697469616C697A617469F1
:103860006F6E206661696C65642C2065727220251C
:1038700064006E72665F6D6F64656D006E726639AE
:10388000315F736F636B6574004D6F64656D2068A5
:10389000617320637261736865642C207265617363
:1038A0006F6E20307825782C2050433A20307825D0
:1038B00078004C454420696E646578206F757420EB
:1038C0006F66207468652072616E67650043616E83
:1038D0006E6F742072656164206770696F20706913
:1038E0006E0043616E6E6F74207772697465204C50
:1038F0004544206770696F004750494F2049525135
:1039000020636F6E666967206661696C65642C2050
:103910006572723A202564004661696C65642064B2
:10392000697361626C696E6720696E746572727525
:103930007074730043616E6E6F74206469736162AA
:103940006C652063616C6C6261636B730043616ED4
:103950006E6F7420656E61626C652063616C6C6271
:1039600061636B730043616E6E6F7420636F6E668C
:103970006967757265204C4544206770696F004324
:10398000616E6E6F7420636F6E6669677572652015
:10399000627574746F6E206770696F0043616E6E3C
:1039A0006F742064697361626C652063616C6C6222
:1039B00061636B7328290043616E6E6F74206164CC
:1039C000642063616C6C6261636B00646B5F627541
:1039D00074746F6E735F616E645F6C6564730046D0
:1039E00061696C656420746F20686F6F6B20746808
:1039F000652064697370617463682066756E6374B2
:103A0000696F6E2C20657272202564004E6F2068ED
:103A100065617020737061636520666F7220696EE6
:103A2000636F6D696E67206E6F7469666963617438
:103A3000696F6E3A2025730061745F6D6F6E6974F3
:103A40006F72002B43474556002B4350494E0025CB
:103A500053484F52545357564552002548575645E0
:103A60005253494F4E0025584D4F44454D555549E9
:103A7000440025584943434944004F4B0D0A004533
:103A800052524F520D0A002B434D45204552524F82
:103A900052002B434D53204552524F520043616E0A
:103AA0002774207061727365207369676E616C6C36
:103AB000696E67206D6F64652C206572726F723A53
:103AC0002025640043616E27742070617273652045
:103AD000654452582C206572726F723A202564003A
:103AE00043616E27742070617273652054415520C4
:103AF0007072652D7761726E696E67206E6F746982
:103B00006669636174696F6E2C206572726F723AB8
:103B1000202564004661696C656420746F20616CC7
:103B20006C6F63617465206D656D6F727920666F6F
:103B30007220746865204743492063656C6C73008C
:103B40004E6F7420616C6C206E65696768626F727D
:103B50002063656C6C7320636F756C6420626520F4
:103B60007061727365642E204D6F72652063656CA1
:103B70006C73207468616E2074686520636F6E6674
:103B8000696775726564206D617820636F756E7406
:103B9000206F66202564207765726520666F756EDC
:103BA000640050617273696E67206F66206E65698C
:103BB0006768626F722063656C6C73206661696C04
:103BC00065642C206572723A202564004661696C38
:103BD000656420746F20616C6C6F63617465206D27
:103BE000656D6F727920666F72206E6569676862B5
:103BF0006F722063656C6C73004E6F7420616C6C27
:103C0000206E65696768626F722063656C6C7320F3
:103C1000636F756C64206265207061727365640007
:103C200043616E2774207061727365206D6F6465E7
:103C30006D20736C656570207072652D7761726E92
:103C4000696E67206E6F74696669636174696F6E0F
:103C50002C206572726F723A2025640043616E27D2
:103C600074207061727365206D6F64656D20657678
:103C7000656E74206E6F74696669636174696F6ED6
:103C80002C206572726F723A2025640041542B43D8
:103C9000455245473D35004661696C656420746F47
:103CA0002073756273637269626520746F20434587
:103CB000524547206E6F74696669636174696F6EFF
:103CC000732C206572726F723A2025640046616918
:103CD0006C656420746F20656E61626C6520525261
:103CE00043206E6F74696669636174696F6E7320D7
:103CF000282B4353434F4E292C206572726F72203C
:103D00002564004E6F2068616E646C657220726578
:103D100067697374657265640041542B4350534D59
:103D2000533D312C2C2C222573222C22257322006A
:103D300041542B4350534D533D312C2C2C22257391
:103D4000220041542B4350534D533D312C2C2C2CED
:103D5000222573220041542B4350534D533D3100D3
:103D60006E72665F6D6F64656D5F61745F707269BE
:103D70006E7466206661696C65642C207265706F74
:103D800072746564206572726F723A202564004116
:103D9000542525584D4F4E49544F520041542063ED
:103DA0006F6D6D616E64206661696C65642C206561
:103DB00072726F723A20256400415420636F6D6DFA
:103DC000616E642070617273696E67206661696CF0
:103DD0006564004661696C656420746F207061726F
:103DE00073652050534D20636F6E6669677572610D
:103DF00074696F6E2C206572726F723A20256400B0
:103E00004661696C656420746F207061727365200F
:103E10006E6F74696669636174696F6E202865727C
:103E2000726F72202564293A202573004661696CFF
:103E3000656420746F206765742050534D20696E4F
:103E4000666F726D6174696F6E0041542525464539
:103E500041434F4E463D25642C25642C2575004674
:103E600061696C656420746F2064697361626C655C
:103E700020654452582C207265706F7274656420FE
:103E80006572726F723A2025640041542B43454499
:103E90005258533D322C25642C2225732200415464
:103EA0002B4345445258533D322C256400466169EA
:103EB0006C656420746F20656E61626C652065447A
:103EC00052582C207265706F72746564206572722E
:103ED0006F723A2025640041542525585054573DAF
:103EE00025642C22257322004661696C6564207468
:103EF0006F2072657175657374205054572C207251
:103F000065706F72746564206572726F723A2025F5
:103F100064002B43455245473A20252A752C2568D5
:103F2000752C252A5B5E2C5D2C222578222C0041E5
:103F3000542B43455245473F00436F756C64206ED8
:103F40006F74206765742072656769737472617439
:103F5000696F6E207374617475732C206572726F53
:103F6000723A20256400496E76616C696420737929
:103F70007374656D206D6F6465207265717565730E
:103F80007465643A20256400496E76616C6964202A
:103F90004C544520707265666572656E636520726B
:103FA00065717565737465643A2025640041542514
:103FB000255853595354454D4D4F44453D25732C79
:103FC000256300436F756C64206E6F742073656E9B
:103FD0006420415420636F6D6D616E642C206572A6
:103FE000726F723A202564002B4346554E3A2025C5
:103FF00068750041542B4346554E3F0041542063A1
:104000006F6D6D616E64206661696C65642C206EF5
:1040100072665F6D6F64656D5F61745F7363616E1F
:104020006628292072657475726E656420657272E7
:104030006F723A202564004661696C656420746F74
:1040400020656E61626C65206E6F7469666963617C
:1040500074696F6E732C206572726F723A202564DA
:1040600000496E76616C69642066756E6374696F71
:104070006E616C206D6F64653A2025640041542B9D
:104080004346554E3D2564004661696C6564207465
:104090006F207365742066756E6374696F6E616CF2
:1040A000206D6F64652E20506C65617365206368B8
:1040B00065636B205853595354454D4D4F44452E1D
:1040C000004661696C656420746F206765742063C5
:1040D000757272656E74207265676973747261744B
:1040E000696F6E20737461747573004E6574776FB9
:1040F000726B20636F6E6E656374696F6E2061749E
:1041000074656D70742074696D6564206F757400DA
:10411000254D444D45560025584D4F44454D534C73
:1041200045455000254E43454C4C4D4541530025D7
:10413000585433343132002B434544525850002BED
:104140004353434F4E002B434552454700312C30DB
:104150002C3000302C312C3000302C302C31003100
:104160002C302C3100302C312C3100312C312C30C2
:1041700000312C312C31006C74655F6C6300303180
:1041800032333441542B4353434F4E3D310041545D
:104190002B4350534D533D0041542B4345445258FB
:1041A000533D3300496E76616C696420706F696EAF
:1041B0007465722070726F766964656400436F7510
:1041C0006C64206E6F7420696E6974204154207095
:1041D0006172616D73206C6973742C206572726FEB
:1041E000723A20256400436F756C64206E6F7420F2
:1041F0007061727365206544525820726573706FE8
:104200006E73652C206572726F723A2025640046C9
:1042100061696C656420746F20676574204C544537
:10422000206D6F64652C206572726F723A20256470
:10423000004661696C656420746F20676574206551
:1042400044525820636F6E66696775726174696F56
:104250006E2C206572726F723A2025640046616987
:104260006C656420746F2067657420654452582023
:1042700076616C75652C206572726F723B202564C7
:10428000004661696C656420746F20676574205016
:10429000545720636F6E66696775726174696F6EDB
:1042A0002C206572726F723A20256400496E766127
:1042B0006C696420505457206C6F6F6B7570206967
:1042C0006E6465783A20256400556E61626C6520E5
:1042D000746F20706172736520706572696F6469B4
:1042E000632054415520737472696E6720285433DB
:1042F00034313220657874656E6465642900556ECA
:1043000061626C6520746F207061727365207065E6
:1043100072696F6469632054415520737472696EC9
:10432000672028543334313229004578706563742E
:1043300065642076616C69642054333431322074B2
:10434000696D657220756E697400556E61626C6589
:1043500020746F2070617273652061637469766583
:104360002074696D6520737472696E6700436F75A0
:104370006C64206E6F74207061727365202B4353E0
:10438000434F4E20726573706F6E73652C2065729B
:10439000726F723A20256400436F756C64206E6FF3
:1043A0007420676574207369676E616C6C696E67F1
:1043B000206D6F64652C206572726F723A202564DF
:1043C00000496E76616C6964207369676E616C6C1C
:1043D000696E67206D6F64653A20256400436F75D0
:1043E0006C64206E6F742070617273652041542B71
:1043F000434552454720726573706F6E73652C207C
:104400006572726F723A20256400436F756C642088
:104410006E6F742067657420726573706F6E73655C
:10442000207072656669782C206572726F723A200E
:10443000256400496E76616C6964206E6574776FDF
:10444000726B20726567697374726174696F6E2034
:104450007374617475733A20256400436F756C64DE
:10446000206E6F7420706172736520252558543357
:1044700034313220726573706F6E73652C206572F3
:10448000726F723A20256400436F756C64206E6F02
:1044900074206765742074696D6520756E74696C2D
:1044A000206E657874205441552C206572726F72AD
:1044B0003A202564005061727365642074696D65EB
:1044C00020706172616D65746572206E6F74207703
:1044D000697468696E2076616C69642072616E67C8
:1044E000650061745F726573706F6E7365206973C8
:1044F000204E554C4C2C2063616E277420676574E8
:104500002063656C6C20636F756E7400436F756C0F
:1045100064206E6F7420706172736520415425258C
:104520004E43454C4C4D45415320726573706F6E40
:1045300073652C206572726F723A20256400436F98
:10454000756C64206E6F7420696E6974204154200C
:10455000706172616D73206C69737420666F722074
:1045600063656C6C5F6C6973742C206572726F721A
:104570003A20256400453242494720776173207212
:10458000657475726E65642C20636F6E74696E75E8
:10459000652E20706172616D5F636F756E7420258A
:1045A000642C206572722025642C2073747220257F
:1045B00073004E6F7420612076616C6964204E43F5
:1045C000454C4C4D45415320726573706F6E736559
:1045D000004E43454C4C4D454153206D656173750C
:1045E00072656D656E747320696E74657272757034
:1045F0007465643B20726573756C747320696E63B7
:104600006F6D706C65746500436F756C64206E6FC0
:10461000742070617273652063656C6C5F69642CD3
:1046200020696E6465782025642C2069202564202B
:104630006572726F723A2025640063656C6C5F6905
:1046400064203D20256420776869636820697320B1
:104650003E204C54455F4C435F43454C4C5F4555B1
:104660005452414E5F49445F4D41583B206D617249
:104670006B696E6720696E76616C696400436F7563
:104680006C64206E6F7420706172736520706C6D45
:104690006E2C206572726F723A20256400737472FA
:1046A000696E675F746F5F696E742C206572726FDC
:1046B000723A20256400436F756C64206E6F74201D
:1046C000706172736520747261636B696E675F619C
:1046D0007265615F636F646520696E20692025647F
:1046E0002C206572726F723A20256400436F756CDE
:1046F00064206E6F742070617273652074696D69D7
:104700006E675F616476616E63652C206572726F9F
:10471000723A20256400436F756C64206E6F7420BC
:1047200070617273652074696D696E675F6164762C
:10473000616E63655F6D6561735F74696D652C2083
:104740006572726F723A20256400436F756C642045
:104750006E6F742070617273652065617266636E3E
:104760002C206572726F723A20256400436F756C5D
:1047700064206E6F74207061727365207068797345
:104780005F63656C6C5F69642C206572726F723A4E
:1047900020256400436F756C64206E6F7420706117
:1047A00072736520727372702C206572726F723A28
:1047B00020256400436F756C64206E6F74207061F7
:1047C00072736520727372712C206572726F723A07
:1047D00020256400436F756C64206E6F74207061D7
:1047E000727365206D6561735F74696D652C2065FA
:1047F00072726F723A20256400436F756C64206E8C
:104800006F742070617273652073657276696E676C
:104810002C206572726F723A20256400436F756CAC
:1048200064206E6F74207061727365206E656967B5
:1048300068626F725F636F756E742C206572726F41
:10484000723A2025640043757474696E672072653E
:1048500073706F6E73652C2062656361757365207C
:104860007265636569766564206E656967626F72FB
:104870002063656C6C20636F756E742069732062B1
:104880006967676572207468616E20636F6E666920
:104890006775726564206D61783A20256400466111
:1048A000696C656420746F20616C6C6F6361746502
:1048B000206D656D6F727920666F72207468652057
:1048C0006E63656C6C732028636F6E74696E7565BA
:1048D0002900436F756C64206E6F74207061727371
:1048E00065206E5F65617266636E2C206572726F03
:1048F000723A20256400436F756C64206E6F7420DB
:104900007061727365206E5F706879735F63656C48
:104910006C5F69642C206572726F723A20256400A6
:10492000436F756C64206E6F7420706172736520C4
:104930006E5F727372702C206572726F723A2025EE
:104940006400436F756C64206E6F742070617273C5
:1049500065206E5F727372712C206572726F723A8D
:1049600020256400436F756C64206E6F7420706145
:104970007273652074696D655F646966662C206575
:1049800072726F723A202564004275666665722005
:10499000697320746F6F20736D616C6C3B2072655E
:1049A00073756C747320696E636F6D706C6574657C
:1049B0003A20256400436F756C64206E6F7420701C
:1049C00061727365202525584D4F44454D534C4524
:1049D000455020726573706F6E73652C206572721E
:1049E0006F723A20256400436F756C64206E6F749B
:1049F00020676574206D6F646520736C6565702039
:104A0000747970652C206572726F723A202564008B
:104A1000436F756C64206E6F7420676574207469D1
:104A20006D6520756E74696C206E657874206D6F8D
:104A300064656D20736C6565702C206572726F7291
:104A40003A20256400254D444D45563A2000496ED4
:104A500076616C6964204D444D45562072657370D3
:104A60006F6E73650053454152434820535441547F
:104A7000555320310D0A00534541524348205354A9
:104A80004154555320320D0A005245534554204C91
:104A90004F4F500D0A004D45204241545445525944
:104AA000204C4F570D0A004D45204F564552484562
:104AB000415445440D0A004E4F20494D45490D0AC9
:104AC0000050524143482043452D4C4556454C200B
:104AD000300D0A0050524143482043452D4C455665
:104AE000454C20310D0A0050524143482043452D8A
:104AF0004C4556454C20320D0A0050524143482047
:104B000043452D4C4556454C20330D0A003030317D
:104B100030303030310030303030303031310046DC
:104B200061696C656420746F207365742050534D07
:104B300020706172616D732C206572722025640093
:104B40004661696C656420746F20636F6E66696787
:104B50007572652050534D2C2065727220256400BB
:104B60004661696C656420746F20636F6E66696767
:104B700075726520654452582C2065727220256438
:104B800000415425255241493D2564004661696C28
:104B9000656420746F20636F6E6669677572652047
:104BA0005241492C20657272202564004D6F646566
:104BB0006D206C69627261727920696E697420651A
:104BC00072726F723A2025642C206C74655F6C637E
:104BD000206E6F7420696E697469616C697A6564AE
:104BE000004661696C656420746F2073657420737E
:104BF000797374656D206D6F646520616E64206DDE
:104C00006F646520707265666572656E63652C20E1
:104C100065727220256400526573657474696E67ED
:104C20002073797374656D00666174616C5F657281
:104C3000726F72004661696C656420746F207365E1
:104C40007420636F6E66696775726174696F6E2038
:104C5000286572723A202564290041542558434F33
:104C60004558303D312C312C313536352C313538E5
:104C700036006D6F64656D5F616E74656E6E6100A8
:104C800054462D4D206E6F6E2D73656375726520D1
:104C900063616C6C6261636B20696E697469616CDD
:104CA000697A6174696F6E206661696C65642C2035
:104CB0006572726F723A202564002A2A2A2A2A20F5
:104CC000534543555245204641554C54202A2A2AE3
:104CD0002A2A002020416464726573733A20307878
:104CE0002578002020496E76616C696420656E74B9
:104CF000727920706F696E74002020496E76616C45
:104D0000696420696E746567726974792073696774
:104D10006E6174757265002020496E76616C6964FD
:104D200020657863657074696F6E20726574757242
:104D30006E0020204174747269627574696F6E2010
:104D4000756E69742076696F6C6174696F6E00208E
:104D500020496E76616C6964207472616E73697447
:104D6000696F6E0020204C617A79207374617465DC
:104D700020707265736572766174696F6E002020B1
:104D80004C617A79207374617465206572726F72F8
:104D9000002A2A2A2A2A2053505520494E54455287
:104DA00052555054202A2A2A2A2A0020205365636B
:104DB00075726974792076696F6C6174696F6E20A1
:104DC000666F722074686520666C617368206D651B
:104DD0006D6F727920737061636500202053656385
:104DE00075726974792076696F6C6174696F6E2071
:104DF000666F72207468652052414D206D656D6F3D
:104E00007279207370616365002020536563757249
:104E10006974792076696F6C6174696F6E206F6E4A
:104E2000206F6E65206F72207365766572616C20ED
:104E30007065726970686572616C732E0041542BE5
:104E40004346554E3D002B434D45204552524F524F
:104E50003A002B434D53204552524F523A00706452
:104E60006E0000010205556E6B6E6F776E206572E5
:104E7000726F7200756E6B6E6F776E003E3E3E20F5
:104E80005A455048595220464154414C20455252AF
:104E90004F522025643A202573206F6E20435055D1
:104EA000202564004661756C7420647572696E67B4
:104EB00020696E746572727570742068616E646CBE
:104EC000696E670A0043757272656E742074687249
:104ED0006561643A202570202825732900435055C8
:104EE00020657863657074696F6E00556E68616ED9
:104EF000646C656420696E746572727570740053B9
:104F00007461636B206F766572666C6F77004B65BA
:104F1000726E656C206F6F7073004B65726E656C9E
:104F20002070616E69630069646C65006D61696E13
:104F3000006F73002A2A2A20426F6F74696E6720FF
:104F40006E524620436F6E6E6563742053444B204F
:104F5000643936373639666163656361202A2A2AE7
:104F60000A00737973776F726B7100002020202024
:104F70002020202020282828282820202020202009
:104F800020202020202020202020202088101010E9
:104F90001010101010101010101010100404040441
:104FA00004040404040410101010101010414141B6
:104FB0004141410101010101010101010101010121
:104FC00001010101010101101010101010424242B4
:104FD00042424202020202020202020202020202F1
:104FE0000202020202020210101010200000000053
:104FF00000000000000000000000000000000000B1
:1050000000000000000000000000000000000000A0
:105010000000000000000000000000000000000090
:105020000000000000000000000000000000000080
:105030000000000000000000000000000000000070
:105040000000000000000000000000000000000060
:105050000000000000000000000000000000000050
:10506000000000000000000000000000303132337A
:1050700034353637383941424344454600303132C1
:105080003334353637383961626364656600232D01
:10509000302B2000686C4C00656667454647004130
:1050A0002D46612D66383930313233343536375D2F
:1050B000002B2D0078580000E18201000000000064
:1050C0008985010000000000358401000000000017
:0850D00025830100000000002F
:1050D800FFFFFFFFFFFFFFFFFFFFFFFFFFFFFFFFD8
:0850E800FFFFFFFFFFFFFFFFC8
:1050F00000000000000000000000000000000000B0
:10510000A9EC010000000000000000000000000009
:10511000A0C50020A0C50020A519010000000000C6
:10512000000000000000000000000000000000007F
:10513000C0C50020C0C50020000000000100000024
:10514000D0C50020D0C50020D8C50020D8C500207B
:105150000000000001000000E8C50020E8C50020B4
:10516000000000000000000000000000000000003F
:10517000000000000000000000000000000000002F
:10518000000000000000000000000000000000001F
:10519000000000000000000015CD5B0700000000CB
:1051A000532C02001D000000712C02000E000000B4
:1051B000D9A8000000000000AC220200010000009D
:1051C00050C6002050C60020000000000000000073
:1051D0000E00000064C6002064C60020000000002D
:1051E000AC2202000100000078C6002078C6002032
:1051F00000000000000000000E0000008CC600202F
:105200008CC6002000000000AC220200010000005B
:10521000A0C60020A0C60020000000000000000082
:105220000E000000B4C60020B4C60020000000003C
:10523000000000000000000000000000000000006E
:10524000000000000000000000000000000000005E
:10525000000000000000000000000000000000004E
:10526000000000000000000000000000000000003E
:10527000000000000000000000000000000000002E
:10528000000000000000000000000000000000001E
:10529000000000000000000000000000000000000E
:1052A00000000000000000000000000000000000FE
:1052B00000000000000000000000000000000000EE
:1052C00000000000000000000000000000000000DE
:1052D00000000000000000000000000000000000CE
:1052E00000000000000000000000000000000000BE
:1052F00000000000000000000000000000000000AE
:10530000000000000000000000000000000000009D
:10531000000000000000000000000000000000008D
:10532000000000000000000000000000000000007D
:10533000000000000000000000000000000000006D
:10534000000000000000000000000000000000005D
:10535000000000000000000000000000000000004D
:10536000000000000000000000000000000000003D
:10537000000000000000000000000000000000002D
:10538000000000000000000000000000000000001D
:10539000000000000000000000000000000000000D
:1053A00000000000000000000000000000000000FD
:1053B00000000000000000000000000000000000ED
:1053C00000000000000000000000000000000000DD
:1053D00000000000000000000000000000000000CD
:1053E00000000000000000000000000000000000BD
:1053F00000000000000000000000000000000000AD
:10540000000000000000000000000000000000009C
:10541000000000000000000000000000000000008C
:10542000000000000000000000000000000000007C
:105430000000000075CB00000823020000000000FF
:105440008DF20000D4C80020D4C800200000000065
:1054500000100E000001030000000000351C0120B8
:10546000341C012000000000014C010069410100D2
:105470000000000000000000615701000000000073
:1054800000000000FFFF000000000000000000001E
:10549000000000000000000000000000000000000C
:1054A00000000000000000000000000000000000FC
:1054B00000000000000000000000000000000000EC
:1054C00000000000000000000000000000000000DC
:1054D000000000000000000008000000FF000000C5
:1054E00000000000010000000000000000000000BB
:1054F00000000000000000000000000000000000AC
:10550000000000000000000000000000000000009B
:10551000000000000000000000000000000000008B
:10552000000000000000000000000000000000007B
:105530000000000000000000000000000800000063
:10554000FF0000000000000001000000000000005B
:10555000F9A501008DA3010049A5010099A301004F
:1055600095A801001DA601005DA8010089060200A2
:10557000830602007D06020008CA002008CA002037
:1055800010CA002010CA00201CCA00200000000021
:10559000EC280200CC280200AC2802000000000029
:1055A00000000000000000000000000000000000FB
:1055B00000000000000000000000000000000000EB
:1055C00000000000000000000000000000000000DB
:1055D00000000000000000000000000000000000CB
:1055E00000000000000000000000000000000100BA
:1055F000020003000400050006000700080009007F
:105600000A000B000C000D000E000F00000001004E
:10561000020003000400050006000700080009005E
:105620000A000B000C000D000E000F00000001002E
:10563000020003000400050006000700080009003E
:105640000A000B000C000D000E000F00000001000E
:10565000020003000400050006000700080009001E
:105660000A000B000C000D000E000F0000000100EE
:1056700002000300040005000600070008000900FE
:105680000A000B000C000D000E000F0000000100CE
:1056900002000300040005000600070008000900DE
:1056A0000A000B000C000D000E000F0000000100AE
:1056B00002000300040005000600070008000900BE
:1056C0000A000B000C000D000E000F00000001008E
:1056D000020003000400050006000700080009009E
:1056E0000A000B000C000D000E000F00000001006E
:1056F000020003000400050006000700080009007E
:105700000A000B000C000D000E000F00000001004D
:10571000020003000400050006000700080009005D
:105720000A000B000C000D000E000F00000001002D
:10573000020003000400050006000700080009003D
:105740000A000B000C000D000E000F00000001000D
:10575000020003000400050006000700080009001D
:105760000A000B000C000D000E000F0001030630B4
:105770003030303030313100303031303030303155
:10578000003130303100313030310000374102001B
:10579000556501000000000046410200456B010014
:1057A000000000003F410200F16401000000000021
:1057B00010410200E96701000000000024410200DE
:1057C000256601000000000017410200616701002A
:1057D000000000002F410200B5650100000000003C
:0C57E000000000000000000000000000BD
:1057EC0000000000000000000000000000000000AD
:1057FC00000000000000000000000000000000009D
:10580C00000000000000000000000000000000008C
:10581C00000000000000000000000000000000007C
:04582C000000000078
:1058300000000000C03E0120004000000000000009
:105840000000000000000000802401200001000092
:08585000000000000000000050
:10585800E8CC0020E8CC0020000000000000000098
:105868000E000000FCCC0020FCCC00200000000052
:10587800000000000E00000010CD002010CD002018
:1058880000000000000000000E00000024CD0020F1
:1058980024CD002000000000000000000E000000E1
:1058A80038CD002038CD00200000000000000000A6
:1058B8000E0000004CCD00204CCD00200000000060
:1058C800000000000E00000060CD002060CD002028
:1058D80000000000000000000E00000074CD002051
:1058E80074CD002000000000000000000E00000041
:1058F80088CD002088CD00200000000001000000B5
:1059080098CD002098CD0020A0CD0020A0CD00206B
:105918000000000001000000B0CD0020B0CD002044
:10592800B8CD0020B8CD0020000000000100000024
:10593800C8CD0020C8CD0020D0CD0020D0CD00207B
:105948000100000001000000E0CD0020E0CD0020B3
:105958000000000000000000F0CD0020F0CD002085
:08596800F8CD0020F8CD00206D
:1059700038CE002000000000000000000000000001
:105980000000000000000000000000000000000017
:105990000000000000000000000000000000000007
:0859A0000000000000000000FF
:1059A800E41E02005CCE002000000000000200009F
:1059B80000000000000000000005000000000000DA
:0459C80000000000DB
:1059CC00000000000000000021FD000000000000AD
:0459DC0015E015E0DD
:040000030000E71DF5
:00000001FF
