:020000040000FA
:10800000D01601209DDF00007DD8000039DF000080
:1080100039DF000039DF000039DF000039DF000000
:108020000000000000000000000000000DE2000061
:1080300039DF00000000000099E1000039DF000096
:108040004DE500004DE500004DE500004DE5000068
:108050004DE500004DE500004DE500004DE5000058
:108060004DE500004DE500004DE500004DE5000048
:108070004DE500004DE500004DE500004DE5000038
:108080004DE500004DE500004DE500004DE5000028
:108090004DE500004DE500004DE500004DE5000018
:1080A0004DE500004DE500004DE500004DE5000008
:1080B0004DE500004DE500004DE500004DE50000F8
:1080C0004DE500004DE500004DE500004DE50000E8
:1080D0004DE500004DE500004DE500004DE50000D8
:1080E0004DE500004DE500004DE500004DE50000C8
:1080F0004DE500004DE500004DE500004DE50000B8
:108100004DE500004DE500004DE500004DE50000A7
:108110004DE500004DE500004DE500004DE5000097
:108120004DE500004DE500004DE500004DE5000087
:108130004DE500004DE500004DE500004DE5000077
:108140004DE50000FFFFFFFF4FF0FF0C1CEAD0528F
:108150001EBF1CEAD15392EA0C0F93EA0C0F6FD0AA
:108160001A4480EA010C400218BF5FEA41211ED088
:108170004FF0006343EA501043EA5111A0FB013174
:108180000CF00040B1F5000F3EBF490041EAD37149
:108190005B0040EA010062F17F02FD2A1DD8B3F1C5
:1081A000004F40EBC25008BF20F00100704790F034
:1081B000000F0CF0004C08BF49024CEA502040EA86
:1081C00051207F3AC2BFD2F1FF0340EAC25070474C
:1081D00040F400004FF00003013A5DDC12F1190F8A
:1081E000DCBF00F000407047C2F10002410021FAFC
:1081F00002F1C2F1200200FA02FC5FEA310040F114
:10820000000053EA4C0308BF20EADC70704792F08C
:10821000000F00F0004C02BF400010F4000F013AC4
:10822000F9D040EA0C0093F0000F01F0004C02BFBF
:10823000490011F4000F013BF9D041EA0C018FE72E
:108240000CEAD15392EA0C0F18BF93EA0C0F0AD034
:1082500030F0004C18BF31F0004CD8D180EA01005A
:1082600000F00040704790F0000F17BF90F0004FF3
:10827000084691F0000F91F0004F14D092EA0C0FD5
:1082800001D142020FD193EA0C0F03D14B0218BF68
:10829000084608D180EA010000F0004040F0FE40AE
:1082A00040F40000704740F0FE4040F4400070474A
:1082B00081F0004102E000BF83F0004330B54FEA97
:1082C00041044FEA430594EA050F08BF90EA020F04
:1082D0001FBF54EA000C55EA020C7FEA645C7FEA97
:1082E000655C00F0E2804FEA5454D4EB5555B8BFBA
:1082F0006D420CDD2C4480EA020281EA030382EA2B
:10830000000083EA010180EA020281EA0303362DBC
:1083100088BF30BD11F0004F4FEA01314FF4801C8F
:108320004CEA113102D0404261EB410113F0004FA1
:108330004FEA03334CEA133302D0524263EB430358
:1083400094EA050F00F0A780A4F10104D5F1200EF6
:108350000DDB02FA0EFC22FA05F2801841F1000151
:1083600003FA0EF2801843FA05F359410EE0A5F125
:1083700020050EF1200E012A03FA0EFC28BF4CF056
:10838000020C43FA05F3C01851EBE37101F000450C
:1083900007D54FF0000EDCF1000C7EEB00006EEB19
:1083A0000101B1F5801F1BD3B1F5001F0CD34908A3
:1083B0005FEA30004FEA3C0C04F101044FEA4452FA
:1083C00012F5800F80F09A80BCF1004F08BF5FEA81
:1083D000500C50F1000041EB045141EA050130BD61
:1083E0005FEA4C0C404141EB0101013C28BFB1F573
:1083F000801FE9D291F0000F04BF01460020B1FABE
:1084000081F308BF2033A3F10B03B3F120020CDA90
:108410000C3208DD02F1140CC2F10C0201FA0CF06E
:1084200021FA02F10CE002F11402D8BFC2F1200CD3
:1084300001FA02F120FA0CFCDCBF41EA0C01904089
:10844000E41AA2BF01EB0451294330BD6FEA0404D2
:108450001F3C1CDA0C340EDC04F11404C4F12002BD
:1084600020FA04F001FA02F340EA030021FA04F3CF
:1084700045EA030130BDC4F10C04C4F1200220FA26
:1084800002F001FA04F340EA0300294630BD21FA64
:1084900004F0294630BD94F0000F83F4801306BF2A
:1084A00081F480110134013D4EE77FEA645C18BF1E
:1084B0007FEA655C29D094EA050F08BF90EA020FB5
:1084C00005D054EA000C04BF1946104630BD91EAAD
:1084D000030F1EBF0021002030BD5FEA545C05D1B0
:1084E0004000494128BF41F0004130BD14F58004EF
:1084F0003CBF01F5801130BD01F0004545F0FE4163
:1085000041F470014FF0000030BD7FEA645C1ABF97
:10851000194610467FEA655C1CBF0B46024650EACE
:10852000013406BF52EA033591EA030F41F40021FA
:1085300030BD00BF90F0000F04BF0021704730B580
:108540004FF4806404F132044FF000054FF0000155
:1085500050E700BF90F0000F04BF0021704730B516
:108560004FF4806404F1320410F0004548BF4042EB
:108570004FF000013EE700BF42004FEAE2014FEA40
:1085800031014FEA02701FBF12F07F4393F07F4F1B
:1085900081F06051704732F07F4208BF704793F01E
:1085A0007F4F04BF41F40021704730B54FF4607431
:1085B00001F0004521F000411CE700BF50EA010234
:1085C00008BF704730B54FF000050AE050EA0102DD
:1085D00008BF704730B511F0004502D5404261EB4D
:1085E00041014FF4806404F132045FEA915C3FF48E
:1085F000D8AE4FF003025FEADC0C18BF03325FEA2B
:10860000DC0C18BF033202EBDC02C2F1200300FADB
:1086100003FC20FA02F001FA03FE40EA0E0021FA00
:1086200002F11444BDE600BF70B54FF0FF0C4CF4EE
:10863000E06C1CEA11541DBF1CEA135594EA0C0FA0
:1086400095EA0C0F00F0DEF82C4481EA030621EADB
:108650004C5123EA4C5350EA013518BF52EA033516
:1086600041F4801143F4801338D0A0FB02CE4FF0C8
:108670000005E1FB02E506F00042E0FB03E54FF0F8
:108680000006E1FB03569CF0000F18BF4EF0010EF0
:10869000A4F1FF04B6F5007F64F5407404D25FEAEC
:1086A0004E0E6D4146EB060642EAC62141EA55519F
:1086B0004FEAC52040EA5E504FEACE2EB4F1FD0CE1
:1086C00088BFBCF5E06F1ED8BEF1004F08BF5FEA5F
:1086D000500E50F1000041EB045170BD06F0004611
:1086E00046EA010140EA020081EA0301B4EB5C04BE
:1086F000C2BFD4EB0C0541EA045170BD41F48011B6
:108700004FF0000E013C00F3AB8014F1360FDEBFDA
:10871000002001F0004170BDC4F10004203C35DAB6
:108720000C341BDC04F11404C4F1200500FA05F339
:1087300020FA04F001FA05F240EA020001F00042DA
:1087400021F0004110EBD37021FA04F642EB060150
:108750005EEA430E08BF20EAD37070BDC4F10C047A
:10876000C4F1200500FA04F320FA05F001FA04F23E
:1087700040EA020001F0004110EBD37041F100012A
:108780005EEA430E08BF20EAD37070BDC4F1200535
:1087900000FA05F24EEA020E20FA04F301FA05F29D
:1087A00043EA020321FA04F001F0004121FA04F245
:1087B00020EA020000EBD3705EEA430E08BF20EA15
:1087C000D37070BD94F0000F0FD101F0004640004F
:1087D00041EB010111F4801F08BF013CF7D041EAD1
:1087E000060195F0000F18BF704703F000465200D5
:1087F00043EB030313F4801F08BF013DF7D043EAA6
:108800000603704794EA0C0F0CEA135518BF95EA5B
:108810000C0F0CD050EA410618BF52EA4306D1D1E2
:1088200081EA030101F000414FF0000070BD50EA01
:10883000410606BF1046194652EA430619D094EA8B
:108840000C0F02D150EA013613D195EA0C0F05D175
:1088500052EA03361CBF104619460AD181EA0301C9
:1088600001F0004141F0FE4141F470014FF0000081
:1088700070BD41F0FE4141F4780170BD70B54FF01C
:10888000FF0C4CF4E06C1CEA11541DBF1CEA13559C
:1088900094EA0C0F95EA0C0F00F0A7F8A4EB05047E
:1088A00081EA030E52EA03354FEA013100F0888075
:1088B0004FEA03334FF0805545EA131343EA12633E
:1088C0004FEA022245EA111545EA10654FEA0026F3
:1088D0000EF000419D4208BF964244F1FD0404F5AC
:1088E000407402D25B084FEA3202B61A65EB030508
:1088F0005B084FEA32024FF480104FF4002CB6EBC5
:10890000020E75EB030E22BFB61A754640EA0C0044
:108910005B084FEA3202B6EB020E75EB030E22BF84
:10892000B61A754640EA5C005B084FEA3202B6EBC5
:10893000020E75EB030E22BFB61A754640EA9C0084
:108940005B084FEA3202B6EB020E75EB030E22BF54
:10895000B61A754640EADC0055EA060E18D04FEA12
:10896000051545EA16754FEA06164FEAC30343EAB2
:1089700052734FEAC2025FEA1C1CC0D111F4801F7F
:108980000BD141EA00014FF000004FF0004CB6E778
:1089900011F4801F04BF01430020B4F1FD0C88BF17
:1089A000BCF5E06F3FF6AFAEB5EB030C04BFB6EB22
:1089B000020C5FEA500C50F1000041EB045170BD15
:1089C0000EF0004E4EEA113114EB5C04C2BFD4EB42
:1089D0000C0541EA045170BD41F480114FF0000EC6
:1089E000013C90E645EA060E8DE60CEA135594EA42
:1089F0000C0F08BF95EA0C0F3FF43BAF94EA0C0F45
:108A00000AD150EA01347FF434AF95EA0C0F7FF4B9
:108A100025AF104619462CE795EA0C0F06D152EA0D
:108A200003353FF4FDAE1046194622E750EA4106F1
:108A300018BF52EA43067FF4C5AE50EA41047FF402
:108A40000DAF52EA43057FF4EBAE12E74FEA410265
:108A5000B2F1E04324BFB3F5001CDCF1FE5C0DD99C
:108A600001F0004C4FEAC0024CEA5070B2F1004FE6
:108A700040EB830008BF20F00100704711F0804FE9
:108A800021D113F13872BCBF01F00040704741F4AE
:108A900080114FEA5252C2F11802C2F1200C10FAB2
:108AA0000CF320FA02F018BF40F001004FEAC12396
:108AB0004FEAD32303FA0CFC40EA0C0023FA02F33A
:108AC0004FEA4303CCE77FEA625307D150EA013310
:108AD0001EBF4FF0FE4040F44000704701F00040E0
:108AE00040F0FE4040F40000704700BF80F00040BE
:108AF00002E000BF81F0004142001FBF5FEA410376
:108B000092EA030F7FEA226C7FEA236C6AD04FEA75
:108B10001262D2EB1363C1BFD218414048404140BA
:108B2000B8BF5B42192B88BF704710F0004F40F46C
:108B3000000020F07F4018BF404211F0004F41F488
:108B4000000121F07F4118BF494292EA030F3FD054
:108B5000A2F1010241FA03FC10EB0C00C3F1200367
:108B600001FA03F100F0004302D5494260EB4000F6
:108B7000B0F5000F13D3B0F1807F06D340084FEA61
:108B8000310102F10102FE2A51D2B1F1004F40EB56
:108B9000C25008BF20F0010040EA030070474900BE
:108BA00040EB0000013A28BFB0F5000FEDD2B0FA5B
:108BB00080FCACF1080CB2EB0C0200FA0CF0AABF7E
:108BC00000EBC25052421843BCBFD040184370471C
:108BD00092F0000F81F4000106BF80F40000013222
:108BE000013BB5E74FEA41037FEA226C18BF7FEAF9
:108BF000236C21D092EA030F04D092F0000F08BF3B
:108C00000846704790EA010F1CBF0020704712F021
:108C10007F4F04D1400028BF40F00040704712F160
:108C200000723CBF00F50000704700F0004343F0C5
:108C3000FE4040F4000070477FEA226216BF0846FB
:108C40007FEA23630146420206BF5FEA412390EABE
:108C5000010F40F4800070474FF0000304E000BFB4
:108C600010F0004348BF40425FEA000C08BF704765
:108C700043F0964301464FF000001CE050EA010229
:108C800008BF70474FF000030AE000BF50EA01023E
:108C900008BF704711F0004302D5404261EB41012B
:108CA0005FEA010C02BF84460146002043F0B64350
:108CB00008BFA3F18053A3F50003BCFA8CF2083A75
:108CC000A3EBC25310DB01FA02FC634400FA02FC7E
:108CD000C2F12002BCF1004F20FA02F243EB020085
:108CE00008BF20F00100704702F1200201FA02FCE7
:108CF000C2F1200250EA4C0021FA02F243EB0200DA
:108D000008BF20EADC70704753B94AB9002908BF90
:108D100000281CBF4FF0FF314FF0FF3000F00CB8BF
:108D2000ADF1080C6DE904CE00F008F8DDF804E0C0
:108D3000DDE9022304B07047704700BF2DE9F0471A
:108D400086468C460846089E154674461946002BF2
:108D500040F0C1808542B2FA82F245D94AB1C2F1EF
:108D6000200300FA02FC954094402EFA03F343EAF4
:108D70000C0C4FEA154EA8B2230CBCFBFEF80EFB00
:108D800018CC08FB00F943EA0C43994528D9EB18A5
:108D900008F1FF3704D2994502D9A8F102072B4404
:108DA000A3EB0903A4B2B3FBFEFC0EFB1C330CFBCC
:108DB00000F044EA0344A04214D92C190CF1FF330B
:108DC00004D2A04202D9ACF102032C44241A43EA93
:108DD00007401EB1D440002334607360BDE8F087C3
:108DE0004746DDE76346F1E792BB431B01214FEAAB
:108DF000154EAFB2200CB3FBFEFC0EFB1C330CFB7C
:108E000007F840EA0343984561D9EB180CF1FF30AD
:108E100004D2984502D9ACF102002B44A3EB08031D
:108E2000A4B2B3FBFEFC0EFB1C330CFB07F744EAB9
:108E30000344A7424DD92C190CF1FF3304D2A742A9
:108E400002D9ACF102032C44E41B43EA0040C0E722
:108E5000C2F120039540944020FA03F12EFA03F367
:108E60004FEA154E9040AFB20343B1FBFEFC0EFB40
:108E70001C10190C0CFB07F841EA0041884522D967
:108E800069180CF1FF3004D2884502D9ACF1020018
:108E90002944A1EB08019BB2B1FBFEFC0EFB1C11A7
:108EA0000CFB07F743EA01439F420ED9EB180CF184
:108EB000FF3104D29F4202D9ACF102012B44DB1BEB
:108EC00041EA004193E76046E3E76146F7E7604621
:108ED000A4E76346B8E7834206D916B900210846DD
:108EE0007CE7C6E900E0F9E7B3FA83F78FB983427C
:108EF00001D3724508D8BEEB020460EB03030120E6
:108F00009C461EB9002169E73846FAE7C6E9004CDD
:108F1000F8E7C7F1200CBB400EFA07F522FA0CF473
:108F20002EFA0CF1BA401C4320FA0CF3B8404FEA79
:108F3000144901431FFA84FEB3FBF9F809FB18300A
:108F40000B0C08FB0EFA43EA00439A4540D9E3189C
:108F500008F1FF3004D29A4502D9A8F10200234457
:108F6000A3EB0A0389B2B3FBF9F809FB183308FB3A
:108F70000EFE41EA03418E452CD9611808F1FF33FA
:108F800004D28E4502D9A8F10203214443EA0040ED
:108F9000A1EB0E01A0FB02984145CE46434602D309
:108FA00006D14D4504D20138B9EB020E68EB04033B
:108FB000002EA7D0B5EB0E0261EB030101FA0CFC09
:108FC00022FA07F3F9404CEA0303C6E9003199E7B6
:108FD0004046C5E74346D9E710F8012B11F8013B9D
:108FE000012A28BF9A42F7D0D01A7047034611F8D9
:108FF000012B03F8012B002AF9D17047034613F81F
:10900000012B002AFBD1181A01387047000000001C
:10901000F0B5674B89B01B6807934FF0000300233E
:10902000CDE9033304230D4606460293002800F0E1
:10903000B280002900F0AF80062103A816F0FCFCE6
:10904000044678B1034601215A4A5B4817F03AFDBD
:10905000574B1A68079B5A404FF0000300F09E8060
:1090600021F07EFF014603AA304616F02FFC04468D
:1090700048B10346514A01214F4817F023FD03A888
:1090800016F03CFDE4E7012101AA03A816F062FEF8
:10909000044610B103464A4AEDE7019BB3B1042BE5
:1090A0001AD0052B0CBF0923FF232B70032102AB21
:1090B00005AA03A816F09EFE064678B10346414A6B
:1090C00001213D4817F0FEFC3446D8E7002300207C
:1090D0002B706860A860D2E70723E6E7029B002BAD
:1090E000F4D020336B4403F80C0C0146022205A88F
:1090F00023F0B2FC2B78C0B2092B06D10F2823D95C
:109100006FF015042346304AB5E70F28F8D8072B2F
:1091100021D12E4B2E4F33F81000D0B1FFF71AFAA1
:1091200021A3D3E90023FFF77FFAFFF78FFC042187
:10913000686002AB05AA03A8029116F05BFE064622
:1091400060B10346234ABBE7234B244F33F810009A
:10915000E3E72348EBE76FF07F04D3E7029B014688
:1091600020336B4403F80C0C022205A823F074FC96
:10917000C3B20F2B07D901211A4A0F4817F0A2FCDE
:109180006FF015047BE7581CC0B2FFF769FD394644
:10919000FEF7DAFF9EE76FF0150459E7204609B0A5
:1091A000F0BD00BFAFF300807B14AE47E17A2440EE
:1091B000003501208D2103006CED0200B621030073
:1091C000DF210300012203002D220300ACF4020082
:1091D0000AD7A33F512203008CF402000AD7234090
:1091E0000AD7A3407C22030007B5084B1B680193F4
:1091F0004FF00003054B1A68019B5A404FF00003E3
:1092000001D021F0ADFE03B05DF804FB0035012074
:1092100007B50B4BB0F5A07F1B6801934FF000031F
:1092200002BF0122074B1A70054B1A68019B5A4076
:109230004FF0000301D021F093FE03B05DF804FB72
:109240000035012064F400201346F7B54C4A13F0B2
:10925000FC6F126801924FF00002D0E901470669E5
:109260000ED048494FF47373474A484802F044FA15
:10927000474802F041FA4FF47371434802F022FA72
:1092800003F03002302A0CD1424940F2CF333E4A3B
:109290003E4802F031FA404802F02EFA40F2CF3157
:1092A000EBE73E4A3E4D1A40AA420CD13D4940F2FE
:1092B000D333354A354802F01FFA3B4802F01CFA16
:1092C00040F2D331D9E703F00602042A09D1374925
:1092D00040F2D6332C4A2D4802F00EFA40F2D63135
:1092E000CBE713F4402216D09D030CD4304940F252
:1092F000D933254A254802F0FFF92E4802F0FCF93F
:1093000040F2D931B9E7B2F5402F18D02A4A9A4332
:1093100001D183F44023012524688D40254223F4A4
:10932000801219D1254940F2E933174A174802F053
:10933000E3F9234802F0E0F940F2E9319DE72149E1
:1093400040F2DD33104A114802F0D6F91E4802F00F
:10935000D3F940F2DD3190E73468DB074CBF2C4392
:10936000AC43074B34601C68019B5C404FF000032A
:1093700001D021F0F5FD3B6803B0BDE8F04018478F
:109380000035012003F50200D2F4020060F502006E
:109390007DF50200A1F50200DAF5020002000300EB
:1093A0000200010017F602005EF60200ADF60200B0
:1093B000E0F6020026F7020001001000CEF70200DE
:1093C0000CF8020061F70200A2F7020013B50A4A86
:1093D000126801924FF00002074A1468019A544043
:1093E0004FF0000201D021F0BBFD83681B6802B082
:1093F000BDE81040184700BF00350120002273B5BA
:10940000114B1B6801934FF00003104B30F91260B1
:1094100001EB42041D780132042A24F83560F5D1AD
:109420001A780132D2B21A701A78052A04BF0022C3
:109430001A70054B1A68019B5A404FF0000301D087
:1094400021F08EFD02B070BD0035012065F40020D2
:1094500073B5104B00221B6801934FF000030023EB
:109460001C46851835F933600133052B3444F9D196
:1094700094FBF3F48C520232082AF0D1054B1A689F
:10948000019B5A404FF0000301D021F069FD02B06A
:1094900070BD00BF003501202DE9F0436D4B8BB04E
:1094A000002206210F201B6809934FF0000304F0EF
:1094B00025FF694B694A02934FF4C063ADF80C3045
:1094C000674B04A904934FF44073ADF8143007239D
:1094D0008DF81630634B02A806931BF017FD624B04
:1094E000984209D061496248ED23624A02F004F9CA
:1094F000ED21604802F0E6F802A81BF097FD4FF45A
:109500007A7102A81BF0C2FD0126024633460021F3
:10951000009602A81BF022FE00214FF4804021F0AB
:10952000ABFA554800F058FE54481DF029FC534D45
:1095300060B9534800F050FE464B1A68099B5A40E8
:109540004FF0000300F0828021F00AFD28464D49CB
:10955000FFF73CFF28464C49FFF738FF28464B49A8
:10956000FFF734FF28464A49FFF730FF494C0821EE
:109570002046494AFFF768FE011E04DA474800F01A
:109580002BFE0020D8E700214FF4D0122046FFF731
:109590005BFE011E01DA4248F1E762682369126846
:1095A000D2070DD43F4940F254633F4A304802F09D
:1095B000A3F83E4802F0A0F840F254613A4899E717
:1095C0001B68DB07A368314654BF1B69DB68204674
:1095D0009847374800F000FE364800F0FDFD0024B3
:1095E00000214FF4004021F047FA02A81BF0EAFCEA
:1095F000314BCDE90744314EDFF8C490314F1C8028
:109600003378012BFCD14FF0000886F80080AB685E
:1096100049465B681948984739462B48FFF7EEFEE4
:10962000384607A9FFF714FF042C0CD1BDF92230EE
:10963000BDF91E200093BDF91C10BDF92030234850
:1096400000F0CAFD44460134E4B2D9E70BB0BDE8EE
:10965000F08300BF0035012000F0004011920000AF
:109660000024F4001EF802000000AD0B47F80200D1
:1096700060F502002BF802005EF80200F0EA02003A
:109680006BF8020084F402007CF4020074F402001F
:109690006CF40200B4EA0200110001007AF8020042
:1096A000A1F80200CEF70200D2F402000CF802008A
:1096B000C8F80200DDF802002CF4002064F4002059
:1096C00008EE020036F400202EF40020EEF802002E
:1096D0002DE9F04F93B00093994B03921B681193BF
:1096E0004FF00003039B840703F004030293039BE2
:1096F0000546C3F3C20303F101030E46DDF8708093
:10970000059340F0FD81041D68B1072910D86FF062
:109710001B008B4B1A68119B5A404FF0000300F05E
:10972000F28121F01DFC01F00706341DC6F1080688
:109730004FF000094FF0040B009B4F46013B019393
:109740004FF0FF324B46DA46CDF810900DB100993C
:1097500021600598002800F3D7807A48009981425B
:1097600003D379488142C0F0CF800399A4EB050E62
:1097700089074FEA9E0040F1F1804FF0000CCCE0E9
:109780007A285AD84B280CD8472856D829282AD8BE
:10979000252851D051D8202877D02338434243413F
:1097A00073E04C382E2848D8DFE800F06F47474771
:1097B0004747474747474747494747474747474737
:1097C00047594749495959596F496C476F47184993
:1097D000184747807D49474749477D0000200023BF
:1097E0004FF0040B39E001212A38C0B201FA00F031
:1097F00010EA0E0F49D110F0625C30D110EA01037B
:1098000043D06046013C5C44B4FBFBF40BFB04F426
:10981000002D60D0AAEB050CA4446645FFF477AF99
:1098200000286AD1BAF1040F45D158F8040B206022
:109830004FF0040A043428E0013A002325E0019B9C
:1098400013F8013C6C2B33D10020019B13F8023C30
:109850006C2B0346C4D14FF0080BDA46D2E708F16F
:10986000070828F00708073424F00704F8E802ABDB
:1098700035B106982044B0423FF649AFC4E900AB89
:10988000002308344FF0080BDA46019911F8010F54
:109890000191002800F0BC80002B7FF471AF2528D7
:1098A000F3D1012301324FF0040BEDE7184696E7A0
:1098B00000200346A6E7BAF1080F40F09B8008F1AC
:1098C000070828F00708F8E80201C4E900014FF092
:1098D000080A0834D9E780B9BAF1040F02D108F1B7
:1098E0000408A5E7BAF1080F40F0848008F10708E2
:1098F00028F0070808F10808E9E7059901390591FA
:1099000058F8041B009121E70399880759D54FF0B7
:10991000010CA4EB050E4FEA9E00BEF5007F2DD38F
:109920000A4940F27B230A4A0A4801F0E5FE0A4848
:1099300001F0E2FE40F27B21054801F0C3FE00BFCA
:1099400000350120CCE902007C52030024F702001C
:10995000FEF8020060F502002CF902000F2F0FD86C
:10996000002D3AD007F148010DEB010C0CF8240C46
:109970000CF8142C04980130049021E00F2F0CD91E
:1099800062494FF42073624A624801F0B5FE6248B2
:1099900001F0B2FE4FF42071CEE7CDB107F14801DE
:1099A0000DEB010EC0B20EF8240C0EF8142CBCF115
:1099B000000FDFD060F07F000EF8240C09F10109E0
:1099C0000137C5F108014FF6DA7E043406915CE7F1
:1099D000BCF1000F01D00136F2E7029802360028F0
:1099E000EED10098CDE90632FFF708FBDDE906323B
:1099F0000644E5E740F2C523454A4449454801F09D
:109A00007BFE5146454801F077FE40F2C52193E7C1
:109A1000631BB3F5806F0CD33C4940F2D1233C4A21
:109A20003C4801F069FE3E4801F066FE40F2D1215B
:109A300082E71DB9A6F10804E0186AE6029A9B08BD
:109A400028602B709DF81030C2B1EB7085F8029041
:109A5000B9F1000F05D0002209A8C5F1010C974209
:109A60000ED14FF0000AC5F101030DF12408019356
:109A70000DF1340B574512D1601B4AE66B70E5E7D8
:109A800010F8013B190608D504EB0C0E764503F0DF
:109A90007F03FFF43CAE04F8013B0132DFE7B9F18C
:109AA000000F03D098F90020002A17DB029BD3B1E6
:109AB0001AF80B2004F8012B0022019B981820446F
:109AC0008642FFF424AE98F80000009904F8010BD8
:109AD0002046039224F010FF039A14440AF1010A6D
:109AE00008F10108C6E798F8002055F822300093E5
:109AF000029B009845F82230FFF780FA421CDCE711
:109B00006FF00D0005E613B0BDE8F08F24F70200FA
:109B1000FEF8020060F502004DF9020067F902004C
:109B20007CF902002DE9F3471746224A06460D4606
:109B3000126801924FF0000298467BB34FF0000A82
:109B400098F8004093F80190DB78A40004EB4304FC
:109B500098F802301C444444CA450CD31549D8F83F
:109B600004200868019948404FF0000108F10803FB
:109B70000DD021F0F5F914F8013B0AF1010A204655
:109B800048F82340FFF73AFA01300444E4E7394645
:109B90003046AC4602B0BDE8F0476047054B1A6856
:109BA000019B5A404FF00003E3D16FF0150002B063
:109BB000BDE8F0870035012073B50025184B02463B
:109BC0001B6801934FF000032846144614F8013B2C
:109BD0000BB9184609E0D8B18D420FD1702B04D0D3
:109BE000A3F140023A2A13D800200D4B1A68019BBA
:109BF0005A404FF0000311D021F0B2F9A3F1400612
:109C00003A2E05D853780135941C002BE1D0002062
:109C1000252B224608BF80F00100D6E702B070BDB8
:109C2000003501202DE9F04F99B000AF7B62D7F8E5
:109C300088303A637B63D7F88C308A463B62754B39
:109C400004461B68FB654FF00003D7F8908058B9B5
:109C500071494FF46573714A714801F04DFD4FF43D
:109C600065716E4801F02EFD7B6B90F802B0C3F376
:109C7000C003BB6141B9457800780BEB80002044FC
:109C800055451CD8A0EB040AE378FB61BBF1000F3B
:109C900002D07B6BD8071BD4FB697BBB3B6B1BB132
:109CA000514620467A6A984755465A4B1A68FB6DCA
:109CB0005A404FF0000300F0ED8121F051F9461CAD
:109CC0003046FFF79BF9013030440AF1010AD7E72B
:109CD00023786268FB629B007B61FB6ABA6204EBDB
:109CE00083093B6B002B40F0148155460026CA4681
:109CF00009EB0B03534554D1D94414E07B6B99070E
:109D0000CCD523789946FB629B007B61636804EBAA
:109D10008909BB623B6B002B40F08E805546BBF13E
:109D2000000F50D15E467B6B13F0050F0CBF022372
:109D300001233B63FB6909EB4303FB627B6B03F08D
:109D400002037B62FB6A9945AFD019F802BB19F890
:109D5000013C54F823A0334B9A4502D3324B9A4529
:109D600038D3BB69002B43D05946B86AFFF724FFAC
:109D700000283DD0EA468AB06A462C4B5361BB6A44
:109D8000C2E9063B4FF400731384294B42F8103F9D
:109D900000234FF41251274802F090FF023DD546B0
:109DA000D0E71AF8012B3B6354F82200FFF726F99D
:109DB0003A6A3B6B013022B146453CBF22F816009F
:109DC0000136054496E77B6B13F004061CBF3E6B1F
:109DD000D944A8E7BB692BB15946B86AFFF7ECFE36
:109DE0000028C7D17B6BDA0705D43B6BED1AA9E7D6
:109DF0007B6A002BA6D05046FFF700F93B6A33B1CF
:109E000046453FBF3A6A431C22F8163001360544E6
:109E100098E700BF0035012093F90200FEF8020028
:109E200060F50200CCE902007C520300AEF90200AA
:109E3000040000013CED0200BBF1000F6FD07B6B12
:109E400013F004066ED0D846002607F14C005A469F
:109E5000494624F051FDFB69D9445B00FB60FB6976
:109E600009EB43033B617B6B03F00203BB603B697F
:109E7000994559D1796B6378786B890748BF002180
:109E800006EB030258BF4FEA5801C507D2B200F1F2
:109E9000D08010F0040F14BF404600207B63627036
:109EA000A070E17020467A6A79693B6B9847051E7D
:109EB000FFF6FBAEFB6A414623707B6B7A6A6370E8
:109EC000FB6984F802B0E37007F14C003B6B9847E4
:109ED000B0F10008C0F2DA807B69AAEB0B01C91A65
:109EE000FB684846C91A7A6A3B6B98470028C0F25B
:109EF000CF804FF0000BA84408EB000507F13C0AA7
:109F0000B345C0F0988000217A6A08463B6B9847B9
:109F1000CBE65E464FF0000807F13C0097E75E464F
:109F2000D84698E7B04696E719F8021B5C4B19F83B
:109F3000015C54F82500984202D35A4B984217D33B
:109F4000BB6933B1B86A7960FFF736FE79680028DB
:109F50008DD1BB68002B4AD00F2E3ED9524940F21A
:109F60004A43524A524801F0C7FB40F24A4178E660
:109F7000BB692BB1B86AFFF71FFE00287FF477AFEB
:109F80007B6BDB070BD50F2E27D947494FF488632E
:109F9000464A474801F0B0FB4FF4886161E67B6BAD
:109FA00058077FF564AFB8F10F0F09D9414940F266
:109FB00043433E4A3E4801F09FFB40F2434150E696
:109FC00008F1280307F1380208F1010103EB020848
:109FD00008F8145C5FFA81F849E706F1280307F1F5
:109FE0003802711C9E1806F8245CCEB23FE7B8F127
:109FF0000F0F09D92F4940F24D432C4A2C4801F04C
:10A000007BFB40F24D412CE608F1280307F13802B2
:10A0100008F1010003EB020C07F1600308F10208EC
:10A0200053FA80F00CF8141C5FFA88F800F8145CFE
:10A030001DE7002032E71BF80A3054F8239087F818
:10A040003B303B6AFBB133F81B8001217A6A3B6BE2
:10A0500007F13B00984700281ADB0544B8F1000FD0
:10A0600006D14846FEF7CAFF00F101081FFA88F83A
:10A07000414648467A6A3B6B9847002808DB05440E
:10A080000BF1010B3CE7D7F82080DEE745460CE6F4
:10A0900005460AE628466437BD46BDE8F08F00BF96
:10A0A000CCE902007C52030051FA0200FEF80200E3
:10A0B00060F5020070FA020007B5144B1B680193AB
:10A0C0004FF00003A0F13003DBB2092B0AD80020C7
:10A0D0000B700E4B1A68019B5A404FF0000311D0D1
:10A0E00020F03EFFA0F16103052B02D85738C3B220
:10A0F000EDE7A0F14103052B01D83738F7E76FF002
:10A100001500E6E703B05DF804FB00BF0035012051
:10A110002DE9F3411446244A0646126801924FF095
:10A12000000201F0010202EB51079F424FEA510881
:10A1300009D900271C4B1A68019B5A404FF00003B5
:10A140002DD020F00DFF5AB100780DF10301FFF77B
:10A15000B3FF0028EDDB9DF80330013604F8013B26
:10A160000136A0444445E5D016F8010C0DF1030179
:10A17000FFF7A2FF0028DCDB9DF803500DF103017F
:10A180002D01EDB2257016F8020BFFF795FF0028A0
:10A19000CFDB9DF803301D4404F8015BE2E738464D
:10A1A00002B0BDE8F08100BF0035012007B5094BC2
:10A1B0001B6801934FF00003064B1A68019B5A403D
:10A1C0004FF0000301D020F0CBFE002003B05DF87B
:10A1D00004FB00BF003501200FB407B504A90C4BE8
:10A1E00051F8040B1B6801934FF00003009102F03B
:10A1F0009DF8074B1A68019B5A404FF0000301D0AD
:10A2000020F0AEFE03B05DF804EB04B0704700BF71
:10A210000035012007B5094B1B6801934FF000037F
:10A22000074B1860054B1A68019B5A404FF000031A
:10A2300001D020F095FE03B05DF804FB003501204D
:10A2400030C6002007B5094B1B6801934FF000038F
:10A25000064B1A68019B5A404FF0000301D020F0D2
:10A260007FFE03B05DF804EB02F060B8003501201A
:10A2700083B598460C4B05460E4617461B6801935E
:10A280004FF0000320F03EFC034624F095FB04460B
:10A29000DFF81890424649F8003039463046A84762
:10A2A00054F8090003F020FF0035012008000000E9
:10A2B00013B50D4B00EBC1011B6801934FF0000378
:10A2C0008368B3F5004F084B2CBF51F8220031F8DA
:10A2D00012001A68019B5A404FF0000301D020F091
:10A2E0003FFE02B010BD00BF0035012037B50D4C58
:10A2F00000EBC101246801944FF000048068B0F5C0
:10A30000004F2CBF41F8223021F81230054B1A685B
:10A31000019B5A404FF0000301D020F021FE03B012
:10A3200030BD00BF0035012007B50A4B01221B6874
:10A3300001934FF00003FFF7BBFF064B40081A687C
:10A34000019B5A404FF0000301D020F009FE03B0FA
:10A350005DF804FB0035012013B5134B00EBC10180
:10A360001B6801934FF000038368B3F5004F10D3CF
:10A370004B685AB143F001034B600B4B1A68019BC9
:10A380005A404FF000030DD020F0EAFD23F0010306
:10A39000F2E74B881AB143F001034B80EDE723F05D
:10A3A0000103FAE702B010BD0035012013B50A4BD6
:10A3B0001B6801934FF00003074B1C68019B5C4036
:10A3C0004FF0000301D020F0CBFD5300012202B07A
:10A3D000BDE81040FFF78ABF0035012007B50D4BDF
:10A3E0001B6801934FF000038368B3F5004F34BF3F
:10A3F00004230823C91A074B081A1A68019B5A40FC
:10A400004FF000034FEAD00001D020F0A9FD03B0C7
:10A410005DF804FB0035012007B50C4BB0F5004F8B
:10A420001B6801934FF0000334BF04230823C81DA9
:10A430001844064BC0081A68019B5A404FF00003AD
:10A4400001D020F08DFD03B05DF804FB0035012044
:10A4500013B50D4B0C4601211B6801934FF000030F
:10A46000FFF7DAFF0134084B201AB0FA80F01A68BF
:10A47000019B5A404FF00003C0F11F0001D020F0B3
:10A480006FFD02B010BD00BF003501202DE9F34182
:10A49000214B174603220E4604461B6801934FF0DA
:10A4A0000003FFF705FF8642054607F1040811D1B6
:10A4B0000122E368BA4023EA0203E360002344F880
:10A4C0002830154B1A68019B5A404FF000031FD0EB
:10A4D00020F046FD314602222046FFF7E9FE2B46DA
:10A4E00003220146064644F828502046FFF7FEFEA8
:10A4F000094B1A68019B5A404FF00003E8D13346DC
:10A5000002222946204602B0BDE8F041FFF7EEBE28
:10A5100002B0BDE8F08100BF0035012073B5164BD5
:10A520000D46866804461B6801934FF00003FFF751
:10A53000FBFEB6F5004F014601D3012813D030468B
:10A54000FFF786FF0C4B02461968019B59404FF0FC
:10A55000000301D020F004FD2946204602B0BDE8EA
:10A560007040FFF793BF044B1A68019B5A404FF0AD
:10A570000003EFD102B070BD003501202DE9F34793
:10A58000234B0546806888461B6801934FF0000303
:10A59000FFF75EFF05EB800ADAF810900646B9F186
:10A5A000000F21D00327DAF8104028462146FFF794
:10A5B000BBFE40450DD3324621462846FFF766FFD5
:10A5C000134B1A68019B5A404FF000031BD020F038
:10A5D000C7FC032221462846FFF76AFE013FCAF85E
:10A5E000100001D08145DED14FF0FF34EB68721CC2
:10A5F00094401C40E4D094FAA4F2B2FA82F2131D03
:10A6000055F82340D8E7204602B0BDE8F08700BFE8
:10A61000003501202DE9F341194B14460E4605463D
:10A620001B6801934FF00003FFF77EFEA71B331B4F
:10A6300003EB00083A4631462846FFF7B7FE42468C
:10A6400021462846FFF7B2FE3B4600222146284617
:10A65000FFF74CFE21462846FFF766FE084B1A68B6
:10A66000019B5A404FF0000301D020F079FC2118E3
:10A6700043460022284602B0BDE8F041FFF736BE4F
:10A6800000350120F7B5154B16461B6801934FF0B6
:10A69000000304460F46FFF747FE314605462046B5
:10A6A000FFF742FE05442A4639462046FFF77EFE64
:10A6B00031462046FFF738FE084B1A68019B5A4086
:10A6C0004FF0000301D020F04BFC31182B46002244
:10A6D000204603B0BDE8F040FFF708BE003501207A
:10A6E000F7B5304B0D46866804461B6801934FF062
:10A6F0000003FFF719FEB6F5004F014601D301280C
:10A7000047D03046FFF7A4FE04EB80010E69EEB996
:10A710000122E36882401343E36002222B460D616D
:10A7200020462946FFF7E2FD1E4B1A68019B5A405E
:10A730004FF0000301D020F013FC2B4603222946E2
:10A74000204603B0BDE8F040FFF7D0BD02223146FD
:10A750002046FFF7ADFD0746034602222946204664
:10A76000FFF7C4FD3346032229462046FFF7BEFD0E
:10A770002B46032239462046FFF7B8FD094B1A68DD
:10A78000019B5A404FF00003D5D12B46022231469F
:10A79000D6E7044B1A68019B5A404FF00003CAD118
:10A7A00003B0F0BD00350120F7B5284B0C461B68FF
:10A7B00001934FF000030546FFF7B6FD261801226E
:10A7C00031462846FFF774FDC3070CD431462846AE
:10A7D000FFF7A4FE21462846FFF7A6FD21462218D2
:10A7E0002846FFF74FFF002221462846FFF760FD6D
:10A7F000271A012239462846FFF75AFD10F00106B4
:10A8000013D139462846FFF789FE214632462846AD
:10A81000FFF74EFD2246211A2846FFF733FF214657
:10A8200032462846FFF744FD241A084B1A68019B5C
:10A830005A404FF0000301D020F092FB21462846F9
:10A8400003B0BDE8F040FFF74BBF00BF003501206B
:10A85000F7B52C4B0F461B6801934FF000030029FE
:10A8600047D005682846FFF7B9FD01220146044696
:10A870002846FFF71DFDC3070DD4AF23224A234905
:10A88000234800F039FF3946224800F035FFAF2158
:10A890001D4800F017FF21462846FFF745FD261802
:10A8A000314600222846FFF703FD361AB4420BD08A
:10A8B000B723154A1849164800F01EFF39461748B5
:10A8C00000F01AFFB721E3E7002221462846FFF7F0
:10A8D00043FD0C4B1A68019B5A404FF0000301D016
:10A8E00020F03EFB2146284603B0BDE8F040FFF7CC
:10A8F0005BBF044B1A68019B5A404FF00003EFD135
:10A9000003B0F0BD00350120A1FA0200C2FA020036
:10A9100060F50200D3FA02000BFB020031FB0200DB
:10A9200073B5204B04681B6801934FF0000349B9CD
:10A9300000201C4B1A68019B5A404FF000032ED098
:10A9400020F00EFBA068B0EBD10FF1D9FFF764FD4A
:10A95000014606462046FFF711FE05460028E7D0CF
:10A9600001462046FFF7E0FCB04209D92E442946B3
:10A9700020463246FFF74EFE31462046FFF7B0FE36
:10A98000204601222946FFF7E7FCA368B3F5004FF4
:10A9900034BF0423082303EBC503E018C9E702B062
:10A9A00070BD00BF003501202DE9F7430F46066852
:10A9B0004B4B1446B2681B6801934FF00003B2F58D
:10A9C000004F01F1FF3334BF042108213B4018D070
:10A9D000C7F1000909EA0709494503F1FF3028BF1B
:10A9E000494618421ED11F466CBB00253C4B1A68D5
:10A9F000019B5A404FF000030CD1284603B0BDE83C
:10AA0000F0838F421DD8364B1A68019B5A404FF095
:10AA1000000301D020F0A4FA214603B0BDE8F043C2
:10AA2000FFF77EBF2F494FF4A2732F4A2F4800F043
:10AA300063FE2F4800F060FE4FF4A2712A4800F038
:10AA400041FE9946D0E7B2EBD40FCED9E319591A9B
:10AA50001046FFF7E1FC01463046FFF78FFD8046C8
:10AA60000028C2D0B36809EBC005B3F5004F34BF6E
:10AA7000042308231D4435447B1E1D44B5FBF7F514
:10AA80007D43A5EB090529463046FFF7A7FC2C447A
:10AA9000073424F00704A41B804507464FEAE4046A
:10AAA00008D2024641463046FFF7B4FD41463046E3
:10AAB000FFF716FE39463046FFF736FC384484422D
:10AAC00008D2394630462246FFF7A4FD21463046DB
:10AAD000FFF706FE012239463046FFF73DFC85E7C9
:10AAE000003501206DFB0200A1FA020060F50200B2
:10AAF00088FB02002DE9F743504BB2F5802F1B680D
:10AB000001934FF0000310D2042A28D84C494FF487
:10AB1000F9734C4A4C4800F0EFFD4C4800F0ECFD56
:10AB20004FF4F971474800F0CDFD0823D21ACC1D2F
:10AB3000114424F0070421F00701091B17294FEAEB
:10AB4000D1070ED8424940F2FB133E4A3E4800F07E
:10AB5000D3FD3E4800F0D0FD40F2FB11E2E70423B4
:10AB6000E4E70025046039463846A760E560FFF752
:10AB70006FFC012100F1050881463846FFF74CFCC7
:10AB80004FEA880808F10706F6083044B84247D86B
:10AB9000B9F1FF3FA8F110022946B8BF2A4604F1D7
:10ABA000100023F0B6FE324629462046FFF7FEFB92
:10ABB0002B462A4629462046FFF798FBA7EB0608B6
:10ABC000012229462046FFF7C7FB42463146204670
:10ABD000FFF7ECFB33462A4631462046FFF786FB5B
:10ABE0002A4639462046FFF7E1FB43462A463946C6
:10ABF0002046FFF77BFB012239462046FFF7ACFBDE
:10AC00000E4B1A68019B5A404FF0000301D020F010
:10AC1000A7F93146204603B0BDE8F043FFF760BD19
:10AC20000C494FF40373074A074800F065FD0748D5
:10AC300000F062FD4FF4037174E700BF003501209E
:10AC4000A5FB0200A1FA020060F50200C6FB0200AB
:10AC5000DFFB020008FC020007B5094B1B680193EB
:10AC60004FF00003064B1A68019B5A404FF0000357
:10AC700001D020F075F9002003B05DF804FB00BF9F
:10AC80000035012007B50C4B23F096FE16221B68F9
:10AC900001934FF00003094B1A50074B1A68019BB0
:10ACA0005A404FF0000301D020F05AF94FF0FF3026
:10ACB00003B05DF804FB00BF003501200C0000006C
:10ACC0000CB4034637B506AA08460C4C52F8041BD0
:10ACD000DB68246801944FF0000400929847074B0A
:10ACE0001A68019B5A404FF0000301D020F038F958
:10ACF00003B0BDE8304002B0704700BF003501200E
:10AD000007B5094B1B6801934FF00003064B1A6807
:10AD1000019B5A404FF0000301D020F021F90020A0
:10AD200003B05DF804FB00BF0035012007B5094BF7
:10AD30001B6801934FF00003064B1A68019B5A40B1
:10AD40004FF0000301D020F00BF903B05DF804EBE5
:10AD50001DF070B80035012037B5154B15491B683B
:10AD600001934FF000032823434308330B44D3E8F7
:10AD7000AF2F92B1541ED3E8EF5F954204D1C3E8E0
:10AD8000EC4FBCF1000FF6D1F1D1012A05D12823F7
:10AD9000584300230A180B505360054B1A68019B57
:10ADA0005A404FF0000301D020F0DAF803B030BD74
:10ADB0000035012034C6002073B5224B1B68019377
:10ADC0004FF0000300254FF0FF334FF0FF321E48D5
:10ADD0001DF0D2F81D4BD3E8AF2FBAB10135102DBD
:10ADE00003F12803F7D123F0E7FD17224FF0FF35D9
:10ADF000174B1A501448FFF799FF124B1A68019B22
:10AE00005A404FF0000319D020F0AAF828246C43D0
:10AE1000D3E8EF0F0130C3E8E10F0029F8D10D4E60
:10AE2000331932515A6004F10C0030441DF086F998
:10AE300004F1200030441FF097FFDBE7284602B002
:10AE400070BD00BF0035012050D100203CC600205D
:10AE50000C00000034C6002037B5044610462822F6
:10AE6000134B54431B6801934FF00003114B1A1905
:10AE70001951506098B1C2688AB10D4A1568019A9B
:10AE800055404FF0000201D020F06AF840F2051260
:10AE90000C34234403B0BDE83040FFF711BF044B2E
:10AEA0001A68019B5A404FF00003EDD103B030BD4A
:10AEB0000035012034C6002007B5094B1B680193FB
:10AEC0004FF00003064B1A68019B5A404FF00003F5
:10AED00001D020F045F803B05DF804EBFFF73CBF6C
:10AEE0000035012007B5164B1B6801934FF0000396
:10AEF000838B13F007030DD10368002B0CBF0020D8
:10AF000003200F4B1A68019B5A404FF0000313D0E7
:10AF100020F026F8022B05D1C08BB0FA80F0400952
:10AF20008000EEE7012B05D10368002B0CBF002049
:10AF30000520E6E70020E4E703B05DF804FB00BF6E
:10AF40000035012013B50F4B0C461B6801934FF0E1
:10AF5000000300B151B96FF015000A4B1A68019B4C
:10AF60005A404FF000030AD01FF0FAFF081D00F00E
:10AF700043FB0028F1D1A368032BEED9EBE702B025
:10AF800010BD00BF003501202DE9F3410D461E46DE
:10AF9000134B07463146281D1B6801934FF00003F1
:10AFA000904600F051FB0E4B044680B11A68019B9D
:10AFB0005A404FF0000301D01FF0D2FF3346424603
:10AFC00029463846A44602B0BDE8F04160471A68F9
:10AFD000019B5A404FF00003EED102B0BDE8F08172
:10AFE000003501202DE9F74FB0F81C90A94B19F05E
:10AFF000080F04461B6801934FF00003154612D159
:10B00000022909F0070968D12046FFF76BFF90B1CC
:10B010000138042800F25881DFE810F05F00560183
:10B020008500D9000A0101290CBF49F0100949F037
:10B030002009A0F81C90143420461CF06DFE002856
:10B0400040F0A781944940F23113944A944800F0AB
:10B0500053FB2146B5E003F00702511F01291ED81A
:10B060000021062A2768C4E9001114D13A4603E0FA
:10B07000E18B0131E1831268002AF9D123F0070343
:10B0800043F002062046A683FFF72CFFA0B346F04C
:10B090002006A68330E023F007039EB2F2E7042ADD
:10B0A00035D123F007039EB22046A683FFF71AFF8F
:10B0B00010B146F02006A683A38B03F0070ACA4509
:10B0C00040F00C81B4F81C9019F0100F00F057817B
:10B0D00029F01003A38309F00709D4F81880A38B83
:10B0E000B8F1000FB7DA0022276823F00703C4E99C
:10B0F000002243F00103A383A38B03F0070ACA4590
:10B1000040F0ED80002FDDD00026B14646E06549D5
:10B1100040F21B13644A624800F0EEFA40F21B1141
:10B12000614800F0CFFAB9F1000F09D05F494FF440
:10B13000AB735D4A5A4800F0DFFA4FF4AB71EFE7AA
:10B1400023684BB95A4940F25713574A544800F004
:10B15000D3FA40F25711E3E723691E684EB9554907
:10B160004FF4AD73504A4E4800F0C6FA4FF4AD713B
:10B17000D6E74F46C8464FF0060AA38B23F00703D5
:10B1800043F006039BB2A383A268002A40F0A98083
:10B19000002F40F0A980002E94D0B94643F0080358
:10B1A00004F1140B5846A3831CF0B6FD002840F0B0
:10B1B0009D80394940F23113384A394800F09CFAF1
:10B1C00059463D4800F098FA40F23111B2E0B9F129
:10B1D000020F09D0394940F25D13334A304800F07C
:10B1E0008BFA40F25D119BE7E78B4FB134494FF486
:10B1F000AF732D4A2A4800F07FFA4FF4AF718FE702
:10B2000023695E684EB92B4940F26113264A2448EF
:10B2100000F072FA40F2611182E7A38BB84623F086
:10B22000070343F004039BB24FF0040AA383ABE788
:10B23000B9F1010F09D023494FF4B2731A4A1848E3
:10B2400000F05AFA4FF4B2716AE723684BB9184913
:10B2500040F26513144A124800F04EFA40F26511AC
:10B260005EE723699E684EB912494FF4B4730E4AE3
:10B270000B4800F041FA4FF4B47151E70027A38B5B
:10B28000B84623F0070343F005039BB24FF0050ACD
:10B29000A38379E70035012003FD0200D6FC0200FC
:10B2A00060F5020024F7020033FC020055FC0200A6
:10B2B00061FC020084FC02001AFD02009BFC0200FB
:10B2C000B1FC0200C0FC02003A4940F26B133A4A5A
:10B2D0003A4800F011FA40F26B1121E700270026EE
:10B2E00052E74FF0010959E7914657E785F3118876
:10B2F000BFF36F8FB9F1000F1ED1002F2FD116B100
:10B3000020462F49B0474FF02003EFF3118583F318
:10B310001288BFF36F8F58461CF0DCFC38BB8823C3
:10B32000284A2949254800F0E7F95946274800F0FE
:10B33000E3F988212348F4E6A1680029DDD00D68EF
:10B340000029DAD0434652462046D1F80490C84737
:10B350001DB12B6829461D46F2E72B46FAE7394610
:10B360004346524620463F68FFF70EFEC5E7584663
:10B370001CF0F4FCA38B23F00803A383A2E619F0CE
:10B38000200F3FF458AE29F02003A38309F00709EA
:10B390003AE685F31188BFF36F8F0D4B1A68019B56
:10B3A0005A404FF0000301D01FF0DAFD03B0BDE8B2
:10B3B000F08F00BF24F7020033FC020060F50200AA
:10B3C000D5B30000D6FC02002FFD020044FD0200B0
:10B3D00000350120F7B51C4B04460D461B68019350
:10B3E0004FF0000300F114064FF02003EFF3118734
:10B3F00083F31288BFF36F8F30461CF06BFC68B983
:10B400008823124A1249134800F076F9314612484F
:10B4100000F072F988210D4800F054F930461CF014
:10B420009DFC094BA5611A68019B5A404FF000032F
:10B4300001D01FF095FD3A460121204603B0BDE83A
:10B44000F040FFF7CFBD00BF00350120D6FC020061
:10B450002FFD020060F5020044FD020037B5104BDD
:10B460000C461B6801934FF00003054698B191B15B
:10B470000B6883B14B6873B12022002123F049FA95
:10B4800000202C61064B1A68019B5A404FF00003C4
:10B4900004D01FF065FD6FF01500F3E703B030BD79
:10B4A000003501202DE9F3474A4B04460F461B683F
:10B4B00001934FF00003FFF745FD051E69DB04F122
:10B4C00014084FF02003EFF3118983F31288BFF3C0
:10B4D0006F8F40461CF0FEFB824660B988233E4ACF
:10B4E0003E493F4800F008F941463E4800F004F963
:10B4F0008821394842E040461CF030FC4FF6FF728C
:10B50000E38BA68B934206F007064BD0022E15D193
:10B5100035460133E38340461CF0FEFB002847D14B
:10B5200040F231132C4A30492D4800F0E5F84146ED
:10B530002E4800F0E1F840F23111DAE7062E13D878
:10B54000DFE806F009331212090409006FF08505DF
:10B550004FF0000ADFE700233B60636883B9C4E96A
:10B56000007786B13546F3E721491D484FF4E4736F
:10B57000204A00F0C1F84FF4E4711E4800F0A2F830
:10B580001F606760EDE74A4602212046FFF72AFD6B
:10B590003546104B1A68019B5A404FF0000315D0F6
:10B5A0001FF0DEFC6FF00A05D2E76FF00405CFE76D
:10B5B00089F31188BFF36F8FBAF1000FE9D0002330
:10B5C000324639462046FFF7DFFCE2E7284602B064
:10B5D000BDE8F08700350120D6FC02002FFD0200F7
:10B5E00060F5020044FD020003FD02001AFD0200A6
:10B5F000C0FC020033FC020007B5124B1B6801932C
:10B600004FF00003034640B1426802F00302022AF1
:10B6100006D0032A04D0012A05D06FF0150004E0FB
:10B620001A68002AF9D000209860064B1A68019B1E
:10B630005A404FF0000301D01FF092FC03B05DF8B8
:10B6400004FB00BF0035012013B51A4A03461268F7
:10B6500001924FF000024268816002F00302022A68
:10B6600012D0032A4FF0000103D0012A12D15960F1
:10B670000EE0186859600F4B1A68019B5A404FF052
:10B68000000314D01FF06CFC186800225A6058B9EF
:10B690000020F0E7084909484523094A00F02CF842
:10B6A0004521074800F00EF820F076FEF0E702B0E2
:10B6B00010BD00BF0035012024F7020060F5020034
:10B6C0005AFD020007B50B4B1B6801934FF00003B6
:10B6D000404080F311884FF0040002DF054B1A68E8
:10B6E000019B5A404FF0000301D01FF039FC03B01A
:10B6F0005DF804FB003501200FB407B504A90C4B1D
:10B7000051F8040B1B6801934FF000030091FEF702
:10B7100099FD074B1A68019B5A404FF0000301D076
:10B720001FF01EFC03B05DF804EB04B0704700BFCF
:10B730000035012013B5104B02461B6801934FF0F2
:10B740000003036913F0080011D11368D4689C4208
:10B750009BBF0120526AE31AD31A0B60064B1A688A
:10B76000019B5A404FF0000304D01FF0F9FB002367
:10B770001846F2E702B010BD0035012013B50F4B9B
:10B78000694604461B6801934FF00003FFF7D2FFA0
:10B7900020B1009BE268013B13440093009B606A68
:10B7A000C01A064B01381A68019B5A404FF000033B
:10B7B00001D01FF0D5FB02B010BD00BF0035012045
:10B7C00013B50446501822690C4BD2071B6801932D
:10B7D0004FF00003636A0AD5013B1840074B1A6813
:10B7E000019B5A404FF0000305D01FF0B9FB98426F
:10B7F00028BFC01AF2E702B010BD00BF003501201B
:10B8000013B504460C4B0A46C1681B6801934FF000
:10B810000003FFF7D5FF2369E06023F008032361ED
:10B82000054B1A68019B5A404FF0000301D01FF0EE
:10B8300097FB02B010BD00BF0035012037B50D46A3
:10B84000154B026A1B6801934FF000038B000168DF
:10B8500043F00203044642F8213001682A46FFF70C
:10B86000AFFFE3682A46984208BF2369616804BFB6
:10B8700043F00803236120602046FFF7A1FF064B39
:10B8800060601A68019B5A404FF0000301D01FF01E
:10B8900067FB03B030BD00BF003501202DE9F04F3C
:10B8A0009B46C768404B066A85B01B6803934FF000
:10B8B000000316F82730044603F00303022B8846E2
:10B8C00091464FF0000306EB870A0FD01360CBF8C8
:10B8D00000302369990716D40020334B1A68039B64
:10B8E0005A404FF000035CD01FF03AFB56F8271087
:10B8F00013608908CBF80030EBD0FFF781FFE368D5
:10B90000A3600120E9E7E3695046984716F827301D
:10B910000546DA07E0D513F002031DD0B8F1000F99
:10B9200003D041462046FFF789FF61682A4620463A
:10B93000FFF746FFD4E902319942606004D12A46FC
:10B940002046FFF73DFFA060A3682360E360236902
:10B9500043F008032361D4E7014620460193FFF733
:10B960004FFFE268A260B8F1000F04D02168226A9C
:10B97000019B42F8213005EB0802CBF8002021683A
:10B980002046FFF71DFF2369206043F00803236171
:10B9900016F827306FF3000306F82730C9F800A027
:10B9A000AFE705B0BDE8F08F00350120F7B5154BC6
:10B9B00004461B6801934FF000030E461546FFF73F
:10B9C000FFFE236883420DD12369266023F008031C
:10B9D00023610C4B1A68019B5A404FF000030ED0B4
:10B9E0001FF0BEFA226AAB0043F0020342F8263091
:10B9F00061682A462046FFF7E3FE6060E9E703B08E
:10BA0000F0BD00BF0035012037B50D4B04461B6863
:10BA100001934FF0000303695B0706D5856AFFF7C2
:10BA2000ADFE85422CBFA562A062054B1A68019B42
:10BA30005A404FF0000301D01FF092FA03B030BD1E
:10BA40000035012037B50D4604461B4B202200214E
:10BA50001B6801934FF0000322F05BFF0022EB68AC
:10BA6000E361AB68A3612B6823626B68A2626362C7
:10BA70002A6923B1591E194208BF42F0010222610E
:10BA80000122002104F12C001CF092FD48B10B4969
:10BA90000B482E230B4AFFF72FFE2E210948FFF7F4
:10BAA00011FE054B1A68019B5A404FF0000301D06C
:10BAB0001FF056FA03B030BD00350120A3FD02008F
:10BAC00060F502007DFD02002DE9F04F002789B0EE
:10BAD000CDE901235E4B04461B6807934FF000033A
:10BAE000436A88468B42BA460497069753D300F1BF
:10BAF00014064FF02003EFF3118B83F31288BFF38A
:10BB00006F8F3046D9461CF0E5F858B98823514A62
:10BB100051495248FFF7F0FD31465148FFF7ECFD1F
:10BB2000882165E030461CF019F9069A2AB1394699
:10BB30002046FFF73BFF0023069305A92046FFF7A9
:10BB4000F9FD05990546414533D32268236A20460D
:10BB500013F8221003EB820A21F0030103F82210EC
:10BB600021684246FFF72CFEE368206098421BD014
:10BB7000002530461CF0D0F868B389F31188BFF374
:10BB80006F8F049929B1A2690AB12046904700231A
:10BB90000493002DADD12E4B1A68079B5A404FF0ED
:10BBA000000350D01FF0DCF9236943F00803236140
:10BBB000DEE718B12046FFF741FEDAE7DDE90132A2
:10BBC000134338D003911BF08BFE039998BB30468A
:10BBD0001CF0A2F878B940F231131E4A21491F48DF
:10BBE000FFF78AFD31462048FFF786FD40F231110C
:10BBF0001848FFF767FD8BF31188BFF36F8F04F1CF
:10BC00002C00DDE901231CF04BFD05464FF020031D
:10BC1000EFF3118983F31288BFF36F8F30461CF066
:10BC200059F800283FF472AFB5FA85F530461CF09C
:10BC300095F86D099DE7204606AB04AA2768FFF733
:10BC40002DFE054695E7504609B0BDE8F08F00BFD0
:10BC500000350120D6FC02002FFD020060F5020035
:10BC600044FD020003FD02001AFD02002DE9F3412C
:10BC70002C4B04461B6801934FF00003C369084630
:10BC80000E46984704F1140507464FF02003EFF3E2
:10BC9000118883F31288BFF36F8F28461CF01AF8BF
:10BCA00068B98823204A21492148FFF725FD294604
:10BCB0002048FFF721FD88211B48FFF703FD284698
:10BCC0001CF04CF833783A4643F001033370616856
:10BCD0002046FFF775FD60602046FFF795FE284679
:10BCE0001CF01AF868B940F231130F4A1249104893
:10BCF000FFF702FD29461148FFF7FEFC40F2311123
:10BD0000DAE788F31188BFF36F8F064B1A68019B3F
:10BD10005A404FF0000301D01FF022F902B0BDE8F5
:10BD2000F08100BF00350120D6FC02002FFD02008B
:10BD300060F5020044FD020003FD02001AFD02004E
:10BD40002DE9F743444B04461B6801934FF0000371
:10BD500000F114074FF02003EFF3118883F31288EA
:10BD6000BFF36F8F38461BF0B5FF054668B98823CF
:10BD70003A4A3B493B48FFF7BFFC39463A48FFF790
:10BD8000BBFC88213548FFF79DFC38461BF0E6FFD9
:10BD90002369A26813F0080F02D163689A4200D9A0
:10BDA000636A9B1A002B3FD0216A11F8223001EB05
:10BDB000820913F003003AD0022803D151F822601F
:10BDC000B60805D1D8071FD44846E3699847064608
:10BDD000A16832462046FFF7F3FC3146A0602046BA
:10BDE000FFF70EFD38461BF097FF10BB40F23113F2
:10BDF0001A4A1E491B48FFF77FFC39461C48FFF7CB
:10BE00007BFC40F23111BDE743F0020301F8223020
:10BE1000E3694846A5689847294602462046FFF749
:10BE2000CFFC0025A060DDE71D46A946DAE7054600
:10BE3000FBE788F31188BFF36F8F002D8AD1064B83
:10BE40001A68019B5A404FF0000301D01FF088F898
:10BE5000484603B0BDE8F08300350120D6FC02005F
:10BE60002FFD020060F5020044FD020003FD020008
:10BE70001AFD02002DE9F341394B04461B6801937A
:10BE80004FF00003C36908460D46984704F11406B5
:10BE900007464FF02003EFF3118883F31288BFF3B6
:10BEA0006F8F30461BF016FF68B988232D4A2E4944
:10BEB0002E48FFF721FC31462D48FFF71DFC882155
:10BEC0002848FFF7FFFB30461BF048FF2B786FF345
:10BED00000032B7023699B0705D5E268236A03EBF7
:10BEE00082039D4222D12B786FF341032B70D4E95A
:10BEF0000231994204D13A462046FFF761FCA06026
:10BF000039462046FFF77CFC30461BF005FF90B910
:10BF100040F23113134A17491448FFF7EDFB31463D
:10BF20001548FFF7E9FB40F23111C9E72B6867F3C9
:10BF30009F032B60E8E788F31188BFF36F8F084BEE
:10BF40001A68019B5A404FF0000301D01FF008F817
:10BF500004F12C0002B0BDE8F0411CF04BBB00BF67
:10BF600000350120D6FC02002FFD020060F5020022
:10BF700044FD020003FD02001AFD020007B502693C
:10BF80000D4B12071B6801934FF00003836802D426
:10BF900042689A4200D2426AD31A181E064B18BF52
:10BFA00001201A68019B5A404FF0000301D01EF097
:10BFB000D7FF03B05DF804FB0035012007B5034B44
:10BFC0001B6801934FF0000302E000BF0035012021
:10BFD000054B1A68019B5A404FF0000301D01EF038
:10BFE000BFFF03B05DF804FB0035012007B5104B1F
:10BFF0001B6801934FF0000303785B075FBF036882
:10C000004288C3F34A2303EB121058BF1730084B82
:10C0100056BF20F00700002080081A68019B5A4094
:10C020004FF0000301D01EF09BFF03B05DF804FB4E
:10C030000035012007B5094B1B6801934FF0000341
:10C04000064B1A68019B5A404FF0000301D01EF0C6
:10C0500087FF002003B05DF804FB00BF003501201E
:10C0600007B5094B1B6801934FF00003064B1A6894
:10C07000019B5A404FF0000301D01EF071FF03B046
:10C080005DF804EB11F0F2BB0035012007B50C4A56
:10C090000346126801924FF00002D3E8EF0F421CF2
:10C0A000C3E8E12F0029F8D1054B1A68019B5A40DB
:10C0B0004FF0000301D01EF053FF03B05DF804FB06
:10C0C0000035012010B5164B8AB0002215491648DC
:10C0D0001B6809934FF000031FF01CFC0022002393
:10C0E0000024CDE906230E234FF40062CDE903348A
:10C0F000CDE901440D4B0E4900940E481BF010FD94
:10C100000D490C481BF006FC054B1A68099B5A4068
:10C110004FF0000301D01EF023FF20460AB010BDEF
:10C1200000350120C5C2000048D800203DC80000ED
:10C13000B0F8002098D30020ACFD02002DE9F347B1
:10C140001D4B04461B6801934FF0000307464FF058
:10C150000109DFF8688044B9174B1A68019B5A40FF
:10C160004FF0000324D01EF0FBFE94FAA4F5B5FABC
:10C1700085F509FA05F32E0108EB05156FEA030AA8
:10C1800024EA03042B7B002BE5D058F806301B690A
:10C190004BB94644736804222846196807EA0A071F
:10C1A00000F0B2FCD7E7284698470028D3D1F0E743
:10C1B000384602B0BDE8F08700350120D4ED02001A
:10C1C0002DE9F347364BDFF8DC90374C1B680193C1
:10C1D0004FF00003A9EB04039F2B80460F460BD9B9
:10C1E000324940F22513324A3248FFF785FA40F2CD
:10C1F00025112F48FFF766FA2F48FFF747FF06463D
:10C20000002832D00025264B1A68019B5A404FF077
:10C21000000340D01EF0A4FE237B73B12368DB68CB
:10C220000BB12046984723681B69B3B963680422A1
:10C230002046196800F068FC013610344C4518D9C6
:10C240001E494FF499731A4A1A48FFF755FA1C48C9
:10C25000FFF752FA4FF49971CBE720469847002830
:10C26000E4D00AFA06F31D43E6E705464FF0010A5B
:10C27000E4E7D1D3B8F1000FC5D0002DC2D02846D5
:10C28000FFF75CFF0546002FF7D000214FF4A470A4
:10C290001EF0F2FBF1E7284602B0BDE8F08700BFD0
:10C2A00000350120E4ED0200D4ED0200E1FD0200C2
:10C2B000B4FD020060F50200F4E1002005FE02007A
:10C2C00026FE020007B50A4B1B6801934FF00003DE
:10C2D000074B1A68019B5A404FF0000301D01EF033
:10C2E0003FFE044803B05DF804EB1CF083B900BFC7
:10C2F0000035012008D2002007B50A4B1B680193C6
:10C300004FF00003084B53F82000064B1A68019BBE
:10C310005A404FF0000301D01EF022FE03B05DF83A
:10C3200004FB00BF0035012040EE02007FB50D4B3D
:10C330001B6805934FF000030023CDE902011A4664
:10C3400019461846CDE9003300F0ACFD054B1A68DC
:10C35000059B5A404FF0000301D01EF001FE07B0CC
:10C360005DF804FB00350120034607B50D4A084679
:10C37000126801924FF000026BB10B4A136001F09A
:10C38000FDF80020074B1A68019B5A404FF000034C
:10C3900004D01EF0E5FD6FF01500F3E703B05DF883
:10C3A00004FB00BF00350120B4C8002013B50C4BBE
:10C3B0000C4C1B6801934FF00003237813B90A4813
:10C3C0001CF018F901232370054B1A68019B5A4091
:10C3D0004FF0000301D01EF0C3FD02B010BD00BF3E
:10C3E0000035012066F4002008D2002013B5044671
:10C3F0000D4B0E481B6801934FF00003FFF746FEFC
:10C400003CB10B4BD3E8EF1F0139C3E8E21F002A10
:10C41000F8D1054B1A68019B5A404FF0000301D038
:10C420001EF09EFD02B010BD00350120ECE10020A1
:10C43000F0E1002007B50A4B1B6801934FF00003A1
:10C44000074B1A68019B5A404FF0000301D01EF0C1
:10C4500087FD012003B05DF804EBFFF7C7BF00BF05
:10C460000035012007B500220B4B1B6801934FF0EC
:10C4700000030A4BD3E8EF0FC3E8E12F0029F9D1FD
:10C48000054B1A68019B5A404FF0000301D01EF083
:10C4900067FD03B05DF804FB00350120ECE10020EE
:10C4A00073B5194B194C1B6801934FF00003FFF74C
:10C4B000D9FF0546164EB44219D9164940F2DD138C
:10C4C000154A1648FFF718F91548FFF715F940F215
:10C4D000DD111148FFF7F6F863685B792BB123682B
:10C4E0005B6813B12946204698471034E3E7F3D33D
:10C4F000054B1A68019B5A404FF0000301D01EF013
:10C500002FFD02B070BD00BF00350120D4ED020048
:10C51000E4ED020005FE0200B4FD020060F5020039
:10C5200026FE020013B50B4C0B4B20460B491B6833
:10C5300001934FF00003FFF785FA094B1C60064B8F
:10C540001A68019B5A404FF0000301D01EF008FD0D
:10C5500002B010BD90D00020003501202CEE02006A
:10C56000E4E1002007B50F4B0F4A1B6801934FF021
:10C570000003002313700D4A4FF4004113600C4A6E
:10C580000C481360FFF7F0FE064B1A68019B5A40F7
:10C590004FF0000301D01EF0E3FC03B05DF804EBA4
:10C5A000FFF7C0BF0035012067F40020ECE1002058
:10C5B000F0E1002061C0000007B50B4B01461B688D
:10C5C00001934FF00003084B1A68019B5A404FF04B
:10C5D000000301D01EF0C4FC00220023034803B076
:10C5E0005DF804EBFFF770BA0035012090D0002011
:10C5F00007B50A4B1B6801934FF00003074B1A68FD
:10C60000019B5A404FF0000301D01EF0A9FC0448E2
:10C6100003B05DF804EBFFF793BB00BF00350120CA
:10C6200090D0002007B50B4B01461B6801934FF0DB
:10C630000003084B1A68019B5A404FF0000301D0D9
:10C640001EF08EFC044B186803B05DF804EBFFF796
:10C6500011BC00BF00350120E4E1002007B50A4B02
:10C660001B6801934FF00003074B1A68019B5A4067
:10C670004FF0000301D01EF073FC044803B05DF8D6
:10C6800004EBFFF77BBC00BF0035012090D00020F9
:10C6900073B53A4B1B6801934FF00003384B187881
:10C6A000002861D0FFF7A4FF054640B3354BD3E81F
:10C6B000EF1F0139C3E8E21F002AF8D1324C334E94
:10C6C000B44218D9324940F2D113324A3248FFF706
:10C6D00013F83248FFF710F840F2D1112D48FEF759
:10C6E000F1FF63685B7923B12368294620461B6804
:10C6F00098471034E4E7F4D32846FFF793FF284B1C
:10C70000284C1B68002B19DD1EF0B2FF4FF47A7223
:10C71000A0FB020302FB0131C30B43EA4143D4E90E
:10C7200000209B1A40F2E9324FEAD13161EB00015F
:10C73000934271F1000101D3FFF7B2FED4E9003258
:10C7400013F57A7342F10002C4E900320B4B1A6808
:10C75000019B5A404FF0000301D01EF001FC02B0D3
:10C76000BDE87040FFF77ABF044B1A68019B5A403E
:10C770004FF00003F1D102B070BD00BF00350120C1
:10C7800066F40020F0E10020D4ED0200E4ED0200A8
:10C7900005FE0200B4FD020060F5020026FE020064
:10C7A000ECE1002040D8002073B51C4D1C4B2978CB
:10C7B0001B6801934FF0000329BB0120FFF700FD28
:10C7C000184C194EB44217D918494FF4CA73184A75
:10C7D0001848FEF791FF1848FEF78EFF4FF4CA7114
:10C7E0001348FEF76FFF63685B791BB1236820462F
:10C7F0009B6898471034E5E7F5D3FFF749FF002819
:10C80000FBD101232B70064B1A68019B5A404FF055
:10C81000000301D01EF0A4FB02B070BD67F400203D
:10C8200000350120D4ED0200E4ED020005FE020017
:10C83000B4FD020060F5020026FE02002DE9F34778
:10C84000324B334F1B6801934FF00003314BFB1AFF
:10C850001B090BD1304940F26B33304A3048FEF7A8
:10C860004BFF40F26B312D48FEF72CFF00210846AC
:10C87000FFF7A6FC044650B340F267684FF000098A
:10C8800022F09AF8274B284A1B58136033B1274BE4
:10C890001B68092B02DD26481BF0ACFE0025DFF8E3
:10C8A00090A044B12046FFF749FC044618B94FF068
:10C8B000FF384FF0FF39FFF7EBFE064628B95DB9A8
:10C8C00042464B4650461BF0EBFE3546E9E74FF03B
:10C8D000FF384FF0FF39D3E70E4D08E0F0D22B6858
:10C8E0009B691BB100222846114698471035BD426E
:10C8F000F4D9104940F25F33084A0948FEF7FCFEBC
:10C900000D48FEF7F9FE40F25F31ACE7003501203B
:10C91000E4ED0200D4ED020045FE0200B4FD020089
:10C9200060F5020008000000E8E10020F0E10020CE
:10C9300008D2002005FE020026FE02001FB5374B7C
:10C9400037481B6803934FF00003FFF79FFB354BFD
:10C950001B78002B3DD04FF02003EFF3118483F3BD
:10C960001288BFF36F8F30481BF0B4F968B9882381
:10C970002E4A2F492F48FEF7BFFE2B492E48FEF7BF
:10C98000BBFE88212948FEF79DFE27481BF0E6F9EB
:10C99000FFF77EFE24481BF0BFF968B940F231135F
:10C9A000224A26492348FEF7A7FE1F492448FEF7DE
:10C9B000A3FE40F23111E5E784F31188BFF36F8FD6
:10C9C000164B1A68039B5A404FF000031DD104B068
:10C9D00010BD1C4B1B68002BF2D050B90022002365
:10C9E0001948CDE900234FF4004200231EF0B0FFA8
:10C9F000E6E70928E4D114481FF02EF8074B1A681F
:10CA0000039B5A404FF0000301D01EF0A9FA0F48D3
:10CA100004B0BDE810401BF0EDBD00BF00350120A3
:10CA2000F0E1002067F40020E0E10020D6FC0200E5
:10CA30002FFD020060F5020044FD020003FD02002C
:10CA40001AFD0200E8E1002048D8002008D20020AA
:10CA500013B50E4B04461B6801934FF000030C4BBB
:10CA60001B6898472146A0600A48FFF7FFF8074B6C
:10CA70001A68019B5A404FF0000301D01EF070FA73
:10CA800002B0BDE81040FFF759BF00BF00350120DC
:10CA9000B4C8002090D0002007B5094B1B68019353
:10CAA0004FF00003064B1A68019B5A404FF00003F9
:10CAB00001D01EF055FA002003B05DF804FB00BF62
:10CAC0000035012007B50D4B0D4A1B6801934FF04F
:10CAD00000030C4B9B1AB1EBD30F084B2CBF00206B
:10CAE00052F831001A68019B5A404FF0000301D000
:10CAF0001EF036FA03B05DF804FB00BF00350120DC
:10CB00002CED0200D4ED020013B5164B1B68019307
:10CB10004FF00003144BC31A1B110133DBB248B9A9
:10CB200012491348DF23134AFEF7E6FDDF211148BF
:10CB3000FEF7C8FD4468237143689A710122436877
:10CB4000196043685A71074B1A68019B5A404FF0AD
:10CB5000000301D01EF004FA02B0BDE81040FFF758
:10CB600025BC00BF00350120D4ED0200E5FE020027
:10CB700060F50200ADFE020073B5124B0C461B6857
:10CB800001934FF00003D2E901369B1B8B421546FF
:10CB900012D313680A460146981921F0ADFE2046CB
:10CBA000AB682344AB60074B1A68019B5A404FF0B7
:10CBB000000304D01EF0D4F96FF01B00F3E702B0BD
:10CBC00070BD00BF0035012073B50E461946164BE7
:10CBD00015461B6801934FF000030446120D68B917
:10CBE000114B1A68019B5A404FF0000301D01EF010
:10CBF000B7F902B0BDE87040FFF7F8BB29B11030BB
:10CC0000C5F34A23184421F077FEC4E90056064BC9
:10CC10001A68019B5A404FF00003E8D1204602B049
:10CC2000BDE87040FFF714BF003501202DE9F34146
:10CC30005F1C4FEA8708064608F11700154620F0EA
:10CC400007001D4A80080C46126801924FF000024E
:10CC5000FFF7B2FC00238DF80070ADF801308DF8BD
:10CC6000033068B10346009AA8F1040143F8102F7D
:10CC70002A46294452F8045B8A4243F8045FF9D1FA
:10CC80000D4BA2011968019B59404FF0000302F4BB
:10CC9000E07242EA482222F07F4222F4700222F03F
:10CCA0003F0201D01EF05CF90023314602B0BDE81E
:10CCB000F041FFF789BF00BF003501202DE9F04F9B
:10CCC0008FB004AF7B60484BB860C1F34A280D4673
:10CCD00091461B687B624FF000030C0DB8F1000F0A
:10CCE0006DD000264FF0040B4FF00A0A07F11C0329
:10CCF000C7F80C80C7E90466BE610193CDF808B09F
:10CD0000CDF800A007F1100332464846F968FCF759
:10CD100089FFB0F5006F034621D36C468AB0D9F87D
:10CD2000041004AB31481A46C3E9050140F2FF7113
:10CD3000D9614FF4007119842D4B42F8103F4FF424
:10CD4000125133462B48FFF7B9FFA546264B1A6808
:10CD50007B6A5A404FF0000342D01EF001F9C0F345
:10CD60000A0804F11700184420F0070080083B600F
:10CD7000FFF722FC68F35325044640B33B6800F1FB
:10CD80001001C7E9053607F11C033961CDE900A39D
:10CD9000CDF808B04846184AF96807F11003FCF7C7
:10CDA00041FF002813DA154915484FF48573154AD9
:10CDB000FEF7A2FC4FF485711248FEF783FC04F1E4
:10CDC000170020F007008008FFF7F6FB044668F321
:10CDD00053252A4620467B68B968FFF7F5FEB5E77C
:10CDE0002C37BD46BDE8F08F0035012005FF02005D
:10CDF0000400000154ED020079CB000071FF020035
:10CE000060F5020044FF020013B50A4B1B68019352
:10CE10004FF00003012300926A46FFF707FF054B1E
:10CE20001A68019B5A404FF0000301D01EF098F899
:10CE300002B010BD0035012030B50B4C85B0246820
:10CE400003944FF00004CDE90123022301AAFFF768
:10CE5000EDFE054B1A68039B5A404FF0000301D0CA
:10CE60001EF07EF805B030BD0035012030B50C4C09
:10CE700085B0246803944FF00004CDE90023089B9B
:10CE80006A4602930323FFF7D1FE054B1A68039B02
:10CE90005A404FF0000301D01EF062F805B030BDDB
:10CEA000003501202DE9F04F9846334B87B00446FA
:10CEB000DDE9105ADDE912690F4693461B680593B8
:10CEC0004FF00003BEB11021334652460020CDF88A
:10CED0000090CDF81090FCF7FBFB011E0CDA2749FF
:10CEE0004FF49573264A2748FEF706FC4FF49571D8
:10CEF0002348FEF7E7FB314605F117000844224BB3
:10CF000004F007040BF0070BE40020F0070003EA2D
:10CF1000412344EA8B1480081C430391FFF74CFB28
:10CF200044EA05540546A0B19EB1334652460399E2
:10CF3000CDF800901030FCF7CBFB002809DA0F4940
:10CF40004FF4A2730E4A0F48FEF7D6FB4FF4A271BE
:10CF5000CEE7094B1A68059B5A404FF0000301D0F9
:10CF60001DF0FEFF434622463946284607B0BDE87D
:10CF7000F04FFFF729BE00BF0035012070FF02000F
:10CF800044FF020060F5020000FE0F00F7B51F46E7
:10CF90000C4B06460D4614461B6801934FF00003E8
:10CFA000214628463A46B047241A0544F8D1054B95
:10CFB0001A68019B5A404FF0000301D01DF0D0FFCA
:10CFC00003B0F0BD003501200EB417B5014605AB26
:10CFD0000C4853F8042B006801904FF000000A48F9
:10CFE000009301F08DFE074B1A68019B5A404FF0E9
:10CFF000000301D01DF0B4FF03B0BDE8104003B042
:10D00000704700BF00350120A9D0000007B5144BC0
:10D01000CA061B6801934FF00003114B17D48A0610
:10D020000DD51A68019B5A404FF0000301D01DF046
:10D0300097FF0C4903B05DF804EBFFF7C5BF1A6812
:10D04000019B5A404FF00003F1D10749F2E71A68FB
:10D05000019B5A404FF00003E9D103B05DF804FB97
:10D06000003501207F0B0300CE2A030013B50D4BC2
:10D07000426804461B6801934FF00003D2E9002385
:10D0800081680068FFF782FF002263681A60054B21
:10D090001A68019B5A404FF0000301D01DF060FF59
:10D0A00002B010BD0035012037B51A4B05461B688C
:10D0B00001934FF000034B680C461A68CB689A4204
:10D0C00002D10846FFF7D2FF6368D3E8EF2F511C67
:10D0D000C3E8E01F0028F8D1A3689D5463681A686C
:10D0E000E3689A4209D90C490C487A230C4AFEF7A6
:10D0F00003FB7A210A48FEF7E5FA064B1A68019B02
:10D100005A404FF0000301D01DF02AFF002003B069
:10D1100030BD00BF00350120A9FF020060F502000C
:10D120007AFF020037B50E4B0A2804460D461B68ED
:10D1300001934FF0000302D10D20FFF7B5FF294600
:10D140002046FFF7B1FF064B1A68019B5A404FF08B
:10D15000000301D01DF004FF002003B030BD00BF6C
:10D16000003501202DE9F04F8BB09B46DDE9169389
:10D170000593189B9DF854700493A54B06920446A2
:10D180000D461B6809934FF00003199E002F00F015
:10D190009480042F0BD99F4940F2BF139E4A9F48A9
:10D1A000FEF7AAFA40F2BF119B48FEF78BFA06F091
:10D1B00008030793FFF770FC06F0020A02460028F6
:10D1C0004AD020469649FFF7FFFE8046BAF1000F8D
:10D1D00008D016F0440F41D12A4620469149FFF766
:10D1E000F3FE804406F0010353B18F4B204653F801
:10D1F00027208E4B8E49002A08BF1A46FFF7E4FE0F
:10D2000006F00803002B55D08A4B204653F8272000
:10D210008949FFF7D9FE0546069B2BB11A462046E1
:10D220008649FFF7D1FE0544BBF1000F05D05A46F1
:10D2300020468349FFF7C8FE05444544B9F1000F75
:10D240004CD1049B002B61D1F30700F1D58031460E
:10D250002046FFF7DBFEC6E08046B7E7794B18684B
:10D260000028BED0784B4FF47A7E1B684FF4616281
:10D27000B5FBF3F5B5FBF0F300FB13550EFB05F51D
:10D28000B3FBF2FAB5FBF0FC3C2102FB1A3200FBC7
:10D290001C55B2FBF1F30EFB05F5B5FBF0F501FBF8
:10D2A000132220460092CDE901C552466749FFF797
:10D2B0008BFE96E706F00805AEE7BBF1010F08D13B
:10D2C000B9F1000F1CD1049B002B00F08C800025CD
:10D2D0001CE0B9F1000FF6D05D4812E05D484B4606
:10D2E00022465D49FCF71EFC00280CDA5B4940F23F
:10D2F0001923494A4948FEF7FFF940F2192153E73B
:10D3000054483D46EBE7049B002B69D0DFF8509171
:10D31000DFF850A1DDF810803146B8F1100F20463B
:10D3200028BF4FF010084FF0000BFFF76FFE5D4570
:10D3300042DC059B514620461A78FFF745FE4FF028
:10D34000010B1BF0070F03D149462046FFF73CFEB7
:10D35000D84538D9059B5146204613F80B20FFF7D6
:10D3600033FE0BF1010BBBF1100FEAD14FF0000BB4
:10D3700020463D49FFF728FE5A46059B20469A5C09
:10D38000A2F120015F2928BF2E223849FFF71CFE99
:10D390000BF1010BBBF1100F1AD01BF0070F03D1DB
:10D3A00049462046FFF710FED8455A46E5D849467B
:10D3B0002046FFF709FEEBE749462046FFF704FE4B
:10D3C0000BF1010BB3E720462949FFF7FDFDC8E744
:10D3D000059B43440593049BB3EB0803049399D145
:10D3E000002F7FF431AF0A4B1A68099B5A404FF067
:10D3F000000307D01DF0B4FD20460C4A0C49FFF78E
:10D40000E3FD24E720460BB0BDE8F04FFFF72EBE4A
:10D4100000350120DEFF02007AFF020060F5020005
:10D42000EAFF0200EEFF020050EE0200D9FF020008
:10D43000EB1E030064EE020013000300190003005A
:10D440001D000300FCE10020F8E10020F7FF0200CE
:10D4500025D10000A9D0000001ED0000220003004A
:10D46000330003002B000300350003002E200300CF
:10D47000310003002DE9F041204B88B01B68079371
:10D480004FF000030F884B6805460C4690468E68A7
:10D49000C7F382175BB11A4A9B1A43F3CF010029E5
:10D4A00026DB2078C0F3C200FFF70CFB03462146C1
:10D4B00051F8102B6088C2F34A22002A01EB0204C3
:10D4C00008BF00210022C0F30B10CDE90408CDE90C
:10D4D00002140092314628460197FFF743FE074B9E
:10D4E0001A68079B5A404FF0000303D01DF038FD27
:10D4F0000023DCE708B0BDE8F08100BF0035012063
:10D500002CED02007FB5194B05681B6803934FF0A3
:10D51000000342F20F738B4228BF0B4604460521DD
:10D52000134A01A81FF01EF9064663680B2228461D
:10D530005B681049FFF72AFD6368324628465B683E
:10D5400001A9FFF723FD63681B225B6828460A498F
:10D55000FFF71CFD054B1A68039B5A404FF0000370
:10D5600001D01DF0FDFC04B070BD00BF00350120EE
:10D5700063350300530003003700030007B5104B69
:10D5800000211B6801934FF0000301230D4A9042D4
:10D590000ED80D4A01B9012313600C4B1860084BDB
:10D5A0001A68019B5A404FF0000305D01DF0D8FCCB
:10D5B000012140085B00EAE703B05DF804FB00BF0F
:10D5C0000035012040420F00F8E10020FCE100207E
:10D5D00007B50B4B1B6801934FF0000343681B68B2
:10D5E0005B689961064B1A68019B5A404FF0000333
:10D5F00001D01DF0B5FC002003B05DF804FB00BFB6
:10D600000035012007B50C4B01211B6801934FF039
:10D61000000343681B685A681177074A1168019A2A
:10D6200051404FF0000201D01DF09AFC186803B081
:10D630005DF804EBFFF71ABD0035012007B50B4B71
:10D640001B6801934FF00003084B1A68019B5A4076
:10D650004FF0000301D01DF083FC43681B6818687D
:10D6600003B05DF804EBFFF74DBF00BF00350120AC
:10D6700037B50E4B0C461B6801934FF0000343680F
:10D680001D686B689869FEF737FE084A0346116803
:10D69000019A51404FF0000201D01DF061FC0F22B1
:10D6A0002146286803B0BDE8304018470035012006
:10D6B000F7B50F4B0D461B6801934FF0000304466E
:10D6C0000C4F4618B44208D1094B1A68019B5A40C6
:10D6D0004FF0000308D01DF043FC14F8011BBB6899
:10D6E00004485B689847EDE7284603B0F0BD00BFEB
:10D6F00000350120DCEA020013B5114B1B680193D1
:10D700004FF0000343681C680E4819F039FB48B914
:10D710000D490E489A230E4AFDF7EEFF9A210C4858
:10D72000FDF7D0FF23685B685C60054B1A68019BBE
:10D730005A404FF0000301D01DF012FC02B010BDA2
:10D7400000350120DCEA0200BD00030060F50200A4
:10D750007F00030007B50A4B1B6801934FF00003DD
:10D76000084B0360064B1A68019B5A404FF00003B8
:10D7700001D01DF0F5FB002003B05DF804FB00BFF5
:10D7800000350120ACEE02002DE9F04782B0294BB4
:10D7900000AF80461B687B604FF000030C460029F9
:10D7A00036D0D1E90012E9468AB06D46A3684FF041
:10D7B000050A2E462048C5E90723C5E9050146F8B4
:10D7C00010AF002332464FF421511C48FFF776FA80
:10D7D000D4E90312CD466369AD461948C5E907236C
:10D7E000C5E90501C5F810A0002332464FF42151C8
:10D7F0001248FFF763FACD46E3690121114A0F4849
:10D80000FFF71AFBA36901210F4A0C48FFF714FB2D
:10D810002146404619F0D2FA064B1A687B685A40F6
:10D820004FF0000301D01DF09BFB0837BD46BDE85B
:10D83000F08700BF00350120F10003009CED0200DD
:10D84000200103004F0103005E01030007B50A4BEE
:10D8500001461B6801934FF00003074B1A68019BB8
:10D860005A404FF0000301D01DF07AFB006803B06E
:10D870005DF804EBFFF788BF0035012007B50A4BC0
:10D880001B6801934FF0000300F010F8064B1A6874
:10D89000019B5A404FF0000301D01DF061FB03B023
:10D8A0005DF804EB00F046B80035012030BFFFF70B
:10D8B000FDBF00BF2DE9F341184B194A1B680193C6
:10D8C0004FF00003174BDFF86080D518013DB5FB22
:10D8D000F3F55D43154B074608EB0304013CB4FB2D
:10D8E000F3F403FB04540E1B3046114921F004F8F5
:10D8F00042467019002121F00CF8083E074BC7F88A
:10D9000094601A68019B5A404FF0000304F108002C
:10D9100001D01DF025FB02B0BDE8F08100350120EB
:10D9200000000000010000000800000004000000EA
:10D93000E4ED0200074B99685869884203D0064914
:10D940004FF080520A6001B51AF01CF8BDE80140A2
:10D9500070470000D4F3002004ED00E007B50A4B47
:10D960000A461B6801934FF00003074B1968019B9F
:10D9700059404FF0000301D01DF0F2FA012103B02D
:10D980005DF804EBFFF740BA0035012073B53C4B5E
:10D990003C4C06460D463C483C491B6801934FF001
:10D9A0000003FFF7DBFFA36AD9064DD53648384997
:10D9B000FFF7D4FF1120A36A1A0704D5324835496E
:10D9C000FFF7CCFF12202F4CA36A9B0712D53249D8
:10D9D0002D48FFF7C3FF636BA26A110609D5012129
:10D9E0002E4A2948FFF728FA1EB1A36A23F08003C4
:10D9F000A3621320234CA36ADA0704D522482849DE
:10DA0000FFF7ACFF1420A36A9B0604D51E482549E6
:10DA1000FFF7A4FF15201B4B9A6AD60602D49A6A18
:10DA2000940713D59B6AD90610D51F4940F263139A
:10DA30001E4A1F48FDF760FE1E48FDF75DFE40F2DE
:10DA400063111A48FDF73EFE1020B4E70D4B9A6AA9
:10DA5000920642BF5A6A22F400525A629A6A42F00F
:10DA6000FF029A6200232B70054B1A68019B5A40F3
:10DA70004FF0000301D01DF073FA02B070BD00BF7B
:10DA80000035012000ED00E09CED02008C01030058
:10DA9000A2010300D5010300E80103000002030016
:10DAA000160203003502030096020300640203001D
:10DAB00060F50200E002030013B52C4B2C4C2D49FD
:10DAC0002D481B6801934FF00003FFF747FFA36A3F
:10DAD000990146D528482949FFF740FF1E20A36A2F
:10DAE000DA0104D524482649FFF738FF1F20204CCF
:10DAF000A36ADB0204D520482249FFF72FFF02204A
:10DB0000A36A1C0304D51C481F49FFF727FF2120E7
:10DB1000174CA36A590304D517481C49FFF71EFF89
:10DB20002220A36A9A0304D513481949FFF716FF68
:10DB300023200F4CA36ADB0304D50F481549FFF7D8
:10DB40000DFF2420A36A6FEA03436FEA1343A36225
:10DB5000064B1A68019B5A404FF0000303D01DF09A
:10DB6000FFF91D20BBE702B010BD00BF003501204A
:10DB700000ED00E0440303009CED02005C030300A1
:10DB80006F03030089030300B3030300D103030001
:10DB9000F60303001004030073B5304B304C064607
:10DBA0000D46304830491B6801934FF00003FFF7E2
:10DBB000D5FEA36AD90444D52A482C49FFF7CEFEE6
:10DBC0001720A36A1A0504D526482949FFF7C6FE7F
:10DBD0001820234CA36A9B0512D522482549FFF73C
:10DBE000BDFEA36BA26A100409D50121224A1D487B
:10DBF000FFF722F91EB1A36A23F40043A3621920A0
:10DC0000174CA36A590504D516481C49FFF7A6FE10
:10DC10001A20A36ADA0516D512481949FFF79EFEA5
:10DC20001B200F4A936A43F47F43936200232B70B7
:10DC30000A4B1A68019B5A404FF000030CD01DF0AC
:10DC40008FF91620BDE7A36A9B04EAD505480D4964
:10DC5000FFF784FE1C20E4E702B070BD0035012010
:10DC600000ED00E09CED02003B04030051040300C2
:10DC7000D5010300620403007B0403009004030049
:10DC8000AB040300350203002DE9F0478AB0854B51
:10DC900000AF1B687B624FF00003834B0546D3F84F
:10DCA00004A0884616460023CAF3080983F31188A6
:10DCB000BFF36F8F02F07F43B3F17F4F0ED07B49EC
:10DCC0004FF48B637A4A7B48FDF716FD7A48FDF7DF
:10DCD00013FD4FF48B617648FDF7F4FC12F001045C
:10DCE000EDD1530604D4100708D44FF0010808E022
:10DCF00072497348FFF732FE710700D545464FF071
:10DD00000008002DDBD00023FB70A9F10303092BD1
:10DD100000F2A180DFE803F005979A7A9F9F9F9F0A
:10DD20009F9D68496648FFF719FE00235E4EFB7011
:10DD3000F36A9A0704D564496148FFF70FFE32E0A1
:10DD4000F36A002B01DA6149F6E7F36A5B006DD5EF
:10DD50005F495B48FFF702FE7369AA6943F4807369
:10DD60007361BFF34F8FBFF36F8F736932F8022C6B
:10DD700023F480737361BFF34F8FBFF36F8F4DF642
:10DD800002739A4208D0B36ADBB293B30120F91C44
:10DD9000FFF7FCFD044606E02B6801214D4A484888
:10DDA000FFF74AF82C68FB78D3B93A1D05F1200635
:10DDB000134628686968083503C3B5421A46F7D187
:10DDC0003B6AB8F1000F63D0C3F3080222B96FEACF
:10DDD00053236FEA43233B622046391DFFF7D4FCEF
:10DDE000304B1A687B6A5A404FF0000355D01DF043
:10DDF000B7F8B36A13F47F4F04D00120F91CFFF782
:10DE0000CBFEC7E7B36AB3F5803F02D3FFF754FEFA
:10DE1000C0E7314940F22A33254A2648FDF76CFC19
:10DE20002E48FDF769FC40F22A3154E72A4940F2B6
:10DE30002E331F4A1F48FDF75FFC2948FDF75CFCA5
:10DE400040F22E3147E70020F91CA1E70020F91C21
:10DE5000D5E7244970E7244A6E461AF4F87F8AB061
:10DE6000224B18BF13466A462149C2E90513A9F19E
:10DE70001003D3614FF4007313841E4B42F8103F1C
:10DE800000234FF411510E48FEF718FFB5468AE7FC
:10DE900023F4FF7323F001039DE72837BD46BDE857
:10DEA000F08700BF0035012000ED00E0F104030021
:10DEB0006402030060F5020004050300420503004C
:10DEC0009CED0200650503007C0503009D05030031
:10DED000AB050300CA05030024F70200E6050300B2
:10DEE0000A0603003A060300D8040300C304030033
:10DEF0005E0603000400000107B50D4B1B6801938B
:10DF00004FF000030B4B5A6942F010025A615A69F4
:10DF100042F480625A61064B1A68019B5A404FF0E6
:10DF2000000301D01DF01CF803B05DF804FB00BF36
:10DF30000035012000ED00E0EFF30880EFF30981E8
:10DF400001B57246FFF7A0FE01BD00BF07B5084B43
:10DF50001B6801934FF00003054B1A68019B5A4060
:10DF60004FF0000301D01CF0FBFF03B05DF804FB91
:10DF70000035012007B5084B1B6801934FF00003E3
:10DF8000054B1A68019B5A404FF0000301D01CF06A
:10DF9000E7FF03B05DF804FB00350120002080F3AB
:10DFA0001488BFF36F8F002080F30A8880F30B88FA
:10DFB00001F012F800200E490860BFF34F8F0D48A2
:10DFC00080F3088800F05AF8202080F311880A486E
:10DFD0004FF40061401880F30988EFF314800221A8
:10DFE000084380F31488BFF36F8F00F0E3F900005B
:10DFF00094ED00E0D016012090070120094B82B07B
:10E000001B6801934FF00003BFF34F8F0649074B86
:10E01000CA6802F4E0621343CB60BFF34F8F00BFC6
:10E02000FDE700BF0035012000ED00E00400FA0527
:10E0300007B5104B10491B6801934FF000030023F4
:10E040001846D1F89020C2F30722934208DB094B0F
:10E050001A68019B5A404FF0000307D01CF080FF64
:10E06000C1F89830C1F8A0000133EEE703B05DF8C5
:10E0700004FB00BF0035012000ED00E013B5184B94
:10E080001B6801934FF0000372B6002484F31388D9
:10E09000FFF7CEFF23464FF0FF30124A03F1200175
:10E0A0000133102B42F82100F8D100234FF0FF304C
:10E0B0000C4A03F160010133102B42F82100F8D122
:10E0C00062B6BFF34F8FBFF36F8F054B1A68019B8A
:10E0D0005A404FF0000301D01CF042FF02B010BDC7
:10E0E0000035012000E100E007B5114B1B680193EA
:10E0F0004FF000030F4B9B6883420BD1EFF3058376
:10E1000043B10D4B5A6842F080525A605A6A22F469
:10E1100000425A62064B1A68019B5A404FF00003B6
:10E1200001D01CF01DFF03B05DF804EB1CF002BD34
:10E1300000350120D4F3002000ED00E007B5134BBB
:10E140006FF00A011B6801934FF00003104A9368B7
:10E15000C3F89C100F49C3F898004B6843F08053F4
:10E160004B60002383F31188BFF36F8F9368D3F85C
:10E170009C00064B1A68019B5A404FF0000301D0E7
:10E180001CF0EEFE03B05DF804FB00BF003501207B
:10E19000D4F3002000ED00E019498A6882F8A1E07C
:10E1A0004FF030001044EFF3098C80E8F01F20207E
:10E1B00080F31288BFF36F8F124F4FF000664A69E9
:10E1C0008A603E604FF09404141920680E4C206061
:10E1D00092F9A1E0D2F898000023C2F8983080F3B9
:10E1E000118802F1300090E8F01F8CF3098802F1E9
:10E1F000000004B500F02EF9BDE8044070470000AF
:10E20000D4F3002004ED00E02CE200201EF0040F07
:10E210000CBFEFF30880EFF30980816911F8021C4D
:10E220000229FFD001B5FFF711FB01BD07B50E4B69
:10E2300040B200281B6801934FF0000307DB012365
:10E2400041090A4A00F01F00834042F82130064B82
:10E250001A68019B5A404FF0000301D01CF080FE69
:10E2600003B05DF804FB00BF0035012000E100E0D1
:10E2700007B5104B40B200281B6801934FF0000314
:10E280000CDB01220C49430900F01F0082402033BF
:10E2900041F82320BFF34F8FBFF36F8F054B1A68F0
:10E2A000019B5A404FF0000301D01CF059FE03B00F
:10E2B0005DF804FB0035012000E100E007B50D4BDF
:10E2C00042091B6801934FF000030B4B00F01F0045
:10E2D00053F82220012303FA00F0064B10401A687D
:10E2E000019B5A404FF0000301D01CF039FE03B0EF
:10E2F0005DF804FB0035012000E100E037B51B4B61
:10E3000004461B6801934FF000034B1C072B0D467E
:10E310000FD95823164A17491748FDF7EDF9294632
:10E32000164807232246FDF7E7F958211048FDF764
:10E33000C9F940B20028ACBF00F16040104A4FEA72
:10E340004313DBB2ABBF00F5614000F00F0080F873
:10E3500000331354054B1A68019B5A404FF00003D9
:10E3600001D01CF0FDFD03B030BD00BF0035012021
:10E3700071060300A806030060F50200C30603004F
:10E3800014ED00E007B50A4B1B6801934FF0000342
:10E39000074B1A68019B5A404FF0000301D01CF054
:10E3A000DFFD0021012003B05DF804EBFFF7ECB9BD
:10E3B0000035012007B50E4B0E4A1B6801934FF044
:10E3C00000030D4B22F07F029A60BFF34F8FBFF323
:10E3D0006F8FD3F8882022F47002C3F8882018F0D9
:10E3E0002FFE1CF091FD00F091F818F0F3FE00BF35
:10E3F000003501200080000000ED00E013B5134956
:10E40000203A096801914FF000011360049B104904
:10E410005360059B21F001019360069B9161D360DD
:10E420004FF08073D3610023C0F898304FF43C4321
:10E43000C0F8A030054B02651A68019B5A404FF0A6
:10E44000000301D01CF08CFD02B010BD003501208E
:10E4500071A2000007B50A4B1B6801934FF000033F
:10E46000D0F8843083F30B88054B1A68019B5A401F
:10E470004FF0000301D01CF073FD03B05DF804FB06
:10E48000003501200E4B82B01B6801934FF0000352
:10E490000C4BD0F8944098600B4B1C60D0F8843043
:10E4A00083F30B88104681F30988002163B681F35A
:10E4B0001188BFF36F8F00220023FBF7D9FE00BF46
:10E4C00000350120D4F300202CE200200149102265
:10E4D0000A60704710ED00E072B6404080F311888A
:10E4E000BFF36F8FBFF34F8F30BF62B6BFF36F8F35
:10E4F000704700BF72B6494081F31188BFF34F8F58
:10E5000020BF80F3118862B6704700BF07B50D4B7E
:10E5100020211B6801934FF0000300230A48C21812
:10E520000133412B82F80013F9D1064B1A68019B85
:10E530005A404FF0000301D01CF012FD03B05DF80B
:10E5400004FB00BF0035012000E100E001B5EFF35E
:10E550000580A0F110004FEAC0000449014409C938
:10E560009847BDE8014002490847000004EB02005B
:10E5700035D9000007B50C4B1B6801934FF0000321
:10E5800040E800F313F4803FD8B2074B08BF6FF0A8
:10E5900015001A68019B5A404FF0000301D01CF08F
:10E5A000DFFC03B05DF804FB003501201FB5104B04
:10E5B000104C114A1B6803934FF0000301212346BE
:10E5C0000E4800F097F9002302930D4B0121E41A45
:10E5D00068460093019400F0C3F9054B1A68039B49
:10E5E0005A404FF0000301D01CF0BAFC04B010BD3B
:10E5F000003501200000042080C50020ACEE0200A0
:10E6000098D3002013B5134B0C7A1B6801934FF07D
:10E6100000030B6804F01F0223F01F031A43CB68AA
:10E62000640923F01F030C4943EA440343F0010348
:10E63000C1F89800C1F89C20C1F8A030054B1A68B9
:10E64000019B5A404FF0000301D01CF089FC02B03E
:10E6500010BD00BF0035012000ED00E013B50F4BE9
:10E660000F2804461B6801934FF0000310D90121C5
:10E6700003460B4A0B48FEF7DFFB6FF01500074B14
:10E680001A68019B5A404FF0000305D01CF068FC4B
:10E69000FFF7B8FF2046F2E702B010BD00350120B9
:10E6A000070703007CED020030B5134B87B01B68F1
:10E6B00005934FF000030C684B680A894D8901945B
:10E6C000013B24F01F0402F01F02234442EA4512DA
:10E6D00023F01F0301A98DF80C200493FFF7BEFF60
:10E6E000054B1A68059B5A404FF0000301D01CF0FF
:10E6F00037FC07B030BD00BF003501202DE9F04FD9
:10E700005A4B87B089461B6805934FF000031446A7
:10E7100006464FF00008564DC84527DAD6F804A043
:10E72000BAF1000F49D0BAF11F0F17D91AF01F0F15
:10E7300014D1D6F800B01BF01F0F0FD15846FFF7C9
:10E7400019FF07460AEB0B000138FFF713FF87425A
:10E7500015D06FF01507474A3B4601E04346464A4D
:10E7600001214648FEF768FB6FF015043F4B1A681D
:10E77000059B5A404FF0000373D01CF0F1FB17F1DA
:10E78000160FE8D0BC42E6DDC5F89870D5F89C10AD
:10E79000C5F89870D5F8A03021F01F0143F01F0B89
:10E7A000D6E900321A44994202F1FF3A1DD1D3450D
:10E7B00007D13146F8B2FFF777FF08F101080C36B0
:10E7C000AAE73146C5F89870D5F89C3022F01F02B0
:10E7D00003F01F031343C5F89C30E0B2FFF764FF5A
:10E7E00010F1160FC0D0441CE7E7C5F89870D5F8B3
:10E7F000A020013B23F01F0302F01F021343D34567
:10E800003146E0B2C5F8A030E8D0FFF74DFF10F177
:10E81000160FA9D0C5F89870D5F89C209DF80C303B
:10E820000BF1FF3B62F304038DF80C30D5F8A030F8
:10E830009DF80C205B0863F347128DF80C20D6E995
:10E8400000321344019323F01F035B44A3EB0A033C
:10E85000013023F01F0301A9C0B20493FFF7FEFEAD
:10E86000BEE7204607B0BDE8F08F00BF00350120AD
:10E8700000ED00E0500703002D0703007CED0200CF
:10E8800007B505220B4B1B6801934FF000030A4BA1
:10E89000C3F89420BFF34F8FBFF36F8F054B1A68F7
:10E8A000019B5A404FF0000301D01CF059FB03B00C
:10E8B0005DF804FB0035012000ED00E007B50B4BCF
:10E8C0001B6801934FF00003BFF35F8F0022084BDA
:10E8D000C3F89420054B1A68019B5A404FF000037F
:10E8E00001D01CF03DFB03B05DF804FB00350120B6
:10E8F00000ED00E037B5144D144B2A780C461B6828
:10E9000001934FF00003FFF7F9FE287016300FD186
:10E9100040F26D130E4A0F490F48FCF7EDFE2146F9
:10E920000E48FCF7E9FE40F26D110948FCF7CAFEFB
:10E93000064B1A68019B5A404FF0000301D01CF0AF
:10E940000FFB03B030BD00BF69F40020003501208B
:10E950007307030024F7020060F50200A20703001A
:10E960002DE9F04F384B394E85B089461B6803932B
:10E970004FF0000305464FF00008B346344FC8453A
:10E9800008DB314B1A68039B5A404FF0000358D004
:10E990001CF0E6FAD5F804A0BAF1000F4CD02968B3
:10E9A00008460191FFF7E6FD019904460AEB0100D4
:10E9B0000138FFF7DFFD84424FF01402254B15D0DC
:10E9C00002FB08F36FF015024BF8032040F27D13B1
:10E9D000214A22492248FCF78FFE49462148FCF78C
:10E9E0008BFE40F27D111C48FCF76CFE14F1160FF3
:10E9F0003460EBD01978A142E8DD02FB08B0C7F81B
:10EA00009840C7F89840D7F89C4000F10801007B77
:10EA100064F304000871D7F8A0000C79400860F393
:10EA200047140C71D7F89C1021F01F017160D7F8C2
:10EA3000A01021F01F01316108F1010814360C35D6
:10EA40009DE705B0BDE8F08F0035012030E20020E1
:10EA500000ED00E069F400207307030024F70200D2
:10EA600060F50200CE070300F0B55F4D5F4B2E68E6
:10EA700087B0102E1B6805934FF0000310D94FF498
:10EA8000D2735B4A5B495C48FCF736FE3146102284
:10EA90005A48FCF731FE4FF4D2715548FCF712FE8C
:10EAA0000024FFF70BFF564B564AC3F8C020A6427E
:10EAB0001FD1554D68462E70FEF74CFE00240646C9
:10EAC000524FA6421DD1FFF7DBFE4D4BD3F89030DD
:10EAD000C3F30723102B7BD04D4940F21323444A44
:10EAE0004548FCF709FE4B48FCF706FE40F21321AF
:10EAF000D3E76968204601EB0411FFF783FD013479
:10EB0000D5E7009A210102EB0413D3F80CC00CEAFC
:10EB10000700B0F5001F1FD0B0F5800F39D0B0F559
:10EB2000801F43D1586852589B68CDE901022122C9
:10EB3000013B20F01F010B4423F01F038DF80C2034
:10EB40000493287801A9FFF789FD002833DB2B788F
:10EB5000013401332B70B4E7586852589B68CDE9F3
:10EB600001024122013B20F01F010B4423F01F034F
:10EB70001CF0010F8DF80C200493E2D0264970237D
:10EB80001B4A1D48FCF7B8FD2448FCF7B5FD702171
:10EB900083E758689B685258013B20F01F010B44E3
:10EBA000CDE9010223F01F030622C7E701211C4A19
:10EBB0001C48FEF729F90F494FF4E7730C4A0E4839
:10EBC000FCF79AFD1848FCF797FD4FF4E77164E7EE
:10EBD000064B1A68059B5A404FF0000301D01CF009
:10EBE000BFF9002007B0F0BDB8EE020000350120EB
:10EBF0007307030024F7020060F50200FD0703001D
:10EC000000ED00E0AAFF440069F400200000F0FFDE
:10EC1000D20803002309030031080300570803004A
:10EC2000860803007CED0200A808030007B50A4B24
:10EC30001B6801934FF00003D1E904319847064B5C
:10EC40001A68019B5A404FF0000301D01CF088F96C
:10EC5000002003B05DF804FB0035012007B50A4B26
:10EC60001B6801934FF00003084B1B689847064B45
:10EC70001A68019B5A404FF0000301D01CF070F954
:10EC8000002003B05DF804FB0035012044E20020C1
:10EC900007B50A4B1B6801934FF00003FFF7DEFF37
:10ECA000064B1A68019B5A404FF0000301D01CF03C
:10ECB00057F9002003B05DF804FB00BF00350120C8
:10ECC00007B50C4B0C4A1B6801934FF000030B4B2C
:10ECD0001860937843F002039370064B1A68019B07
:10ECE0005A404FF0000301D01CF03AF903B05DF830
:10ECF00004FB00BF00350120C0C8002044E2002012
:10ED0000F0B51D4689B0124B07460E461446002149
:10ED1000102201A81B6807934FF000031FF0F9FDB4
:10ED200002238DF806300B4B2A46214601A8029398
:10ED3000CDE905761DF0F6FE054B1A68079B5A4093
:10ED40004FF0000301D01CF00BF909B0F0BD00BF7B
:10ED5000003501202DEC000007B5074B07481B6864
:10ED600001934FF00003FBF737FA404080F311881E
:10ED70004FF0020002DF00BF0035012053090300FD
:10ED800007B50E490E4B21F00701C1F1005202F503
:10ED900080220C481B6801934FF00003FBF7AAFE8A
:10EDA000074B1A68019B5A404FF0000301D01CF03A
:10EDB000D7F8002003B05DF804FB00BF0B3501203D
:10EDC0000035012048E2002037B5194B00251B68AB
:10EDD00001934FF00003174C204619F0AFF948B1EA
:10EDE0001549CD23154A1648FCF786FCCD2113485A
:10EDF000FCF768FC04F114001BF0B6FF38B10E49B3
:10EE0000CF230E4A0E48FCF777FCCF21EFE7013500
:10EE1000052D04F12404DFD1054B1A68019B5A40EB
:10EE20004FF0000301D01CF09BF803B030BD00BFD1
:10EE30000035012054E20020A3FD02007109030007
:10EE400060F5020037B5124B00241B6801934FF0A8
:10EE50000003104D28461BF087FF48B10E490F48AC
:10EE6000DB230F4AFCF748FCDB210D48FCF72AFCAA
:10EE70000134052C05F10805ECD1054B1A68019BFE
:10EE80005A404FF0000301D01CF06AF803B030BDC7
:10EE90000035012008E30020A3FD020060F5020018
:10EEA0009809030037B5134B00241B6801934FF0FA
:10EEB0000003114D284619F041F958B10F49104887
:10EEC0004FF4B1730F4AFCF717FC4FF4B1710D48C2
:10EED000FCF7F8FB0134052C05F11405EAD1054BCC
:10EEE0001A68019B5A404FF0000301D01CF038F81B
:10EEF00003B030BD0035012030E30020A3FD020047
:10EF000060F50200EC09030013B505200E4B0F4A13
:10EF10001B6801934FF000030D4B546803F1A801E7
:10EF20000138C3E92A24216003F1C8035160F4D1F8
:10EF3000054B1A68019B5A404FF0000301D01CF0AA
:10EF40000FF802B010BD00BF00350120D0C800206E
:10EF500080D8002007B50B4B01221B6801934FF0AE
:10EF60000003094BC3F84025064B1A68019B5A4021
:10EF70004FF0000301D01BF0F3FF002003B05DF859
:10EF800004FB00BF003501200090034007B5104B83
:10EF90001B6801934FF000030D4B78B11A68019B79
:10EFA0005A404FF0000301D01BF0DAFF094B8001FB
:10EFB00043F0010303B05DF804EB18471A68019BA6
:10EFC0005A404FF00003EFD103B05DF804FB00BFDF
:10EFD0000035012000EE020014F0F0BA37B5034608
:10EFE0000A4612481249096801914FF000018168F0
:10EFF0000C6864B90F4959230F4A1048FCF77CFB91
:10F000000F48FCF779FB59210B48FCF75BFB0849DB
:10F010000D6801994D404FF0000101D01BF0A0FF99
:10F020001946234603B0BDE830401847C8EA02003D
:10F03000003501205F0A03002B0A030060F502007F
:10F040007F0A030013B5164B1B6801934FF00003B2
:10F05000144C204617F094FE68B91523124A134940
:10F060001348FCF749FB21681248FCF745FB1521C2
:10F070000D48FCF727FB04216846FFF7AFFF002887
:10F0800002DA0EF0F3FB0090054B00981A68019B22
:10F090005A404FF0000301D01BF062FF02B010BDD8
:10F0A00000350120C8EA0200A50A0300DE0A0300B9
:10F0B00060F50200FB0A030007B5084B1B680193CB
:10F0C0004FF00003054B1A68019B5A404FF00003B4
:10F0D00001D01BF045FF03B05DF804FB00350120B3
:10F0E00073B5144B416904461B6801934FF000034C
:10F0F000867A114D59B1437ADB0706D4342303FBDA
:10F100000653DB6A1B689B68984700236361094BC1
:10F110001A68019B5A404FF0000301D01BF020FFFA
:10F120003420214606FB005002B0BDE8704019F0C3
:10F1300077B900BF0035012054D2002007B5342133
:10F140000E4B827A1B6801934FF000030C4B01FBBE
:10F1500002331A6B93F82430801A1B3323F0030315
:10F16000B0FBF3F0054B1A68019B5A404FF00003C7
:10F1700001D01BF0F5FE03B05DF804FB0035012063
:10F1800054D2002037B53424104B827A1B68019387
:10F190004FF000030E4B04FB0233DB6A0C685B6824
:10F1A0001A68944294BF0C600A60D3E90054FFF7D8
:10F1B000C5FF064B05FB00401A68019B5A404FF003
:10F1C000000301D01BF0CCFE03B030BD00350120A0
:10F1D00054D200202DE9F047054686B003916749D7
:10F1E000684617461C46096805914FF000011CF05F
:10F1F00055FADDE9008945B96149ED23614A624864
:10F20000FCF77AFAED215F4819E005F11C064FF092
:10F210002003EFF3118A83F31288BFF36F8F304618
:10F2200018F058FD68B98823584A59495648FCF7E0
:10F2300063FA31465748FCF75FFA88215348FCF7D8
:10F2400041FA304618F08AFD6B8C002B5CD02A8C7A
:10F250009A4239D900220023284619F0FBF80446C7
:10F26000002831D0304618F057FD68B940F231130C
:10F27000464A49494448FCF73FFA31464748FCF7BB
:10F280003BFA40F23111D9E78AF31188BFF36F8F4F
:10F29000039D002D63D042464B4668461CF034FA6D
:10F2A0003421A27A3E4B204601FB0233DB6A03A9DC
:10F2B0001B681E68DDE90023B047606100283ED16D
:10F2C0002046FFF70DFF30E06C8C3046631E6B84E8
:10F2D00018F022FD0028C9D08AF31188BFF36F8F80
:10F2E00095F824302A8C1B33121B2C6B23F003035C
:10F2F00002FB03442A4B2B4AEB1A9B105343A37285
:10F3000095F82430E372C3E7304618F005FD002875
:10F31000ACD08AF31188BFF36F8F23463A46284654
:10F3200019F098F804460028B2D10024134B1A684B
:10F33000059B5A404FF000031CD01BF011FE039BAD
:10F340009D420DD918494FF4A2730E4A0E48FCF79E
:10F35000D3F91648FCF7D0F94FF4A27153E7656171
:10F3600000230122636022812382039A63696282FF
:10F37000E360DBE7204606B0BDE8F08700350120FA
:10F38000680B0300190B030060F50200D6FC0200B5
:10F390002FFD020044FD020003FD02001AFD0200E1
:10F3A00054D20020C54EECC46D0B03007E0B03004D
:10F3B00037B50B4C246801944FF00004084C2568C5
:10F3C000019C65404FF0000401D01BF0C9FDC16AEB
:10F3D0004968096803B0BDE83040FFF7FBBE00BFD5
:10F3E0000035012073B51A4B04461B6801934FF09A
:10F3F0000003D8B13426174D2046037A6468013BD8
:10F40000DBB203724BB9C3604360837A06FB0353DC
:10F410009B6ABBB19847002CEED10D4B1A68019B3B
:10F420005A404FF0000310D01BF09AFD0A490B48D8
:10F430004FF4E4730A4AFCF75FF94FF4E4710848AB
:10F44000FCF740F9FFF74CFEE5E702B070BD00BFE6
:10F450000035012054D20020960B030060F5020015
:10F46000190B030007B5114B1B6801934FF0000304
:10F47000034658B90E490F4840F226230E4AFCF7BE
:10F480003BF940F226210C48FCF71CF918465B6852
:10F49000002BFBD1054B1A68019B5A404FF000032B
:10F4A00001D01BF05DFD03B05DF804FB00350120C9
:10F4B000960B030060F50200190B030073B5184B9F
:10F4C0000D461B6801934FF00003044658B91549D7
:10F4D00040F23123144A1548FCF70EF940F231216D
:10F4E0001148FCF7EFF849B9114940F232230E4AAE
:10F4F0000E48FCF701F940F23221F1E746681EB1EF
:10F500000846FFF7AFFF4660054B65601A68019B30
:10F510005A404FF0000301D01BF022FD02B070BD35
:10F5200000350120860B0300190B030060F5020073
:10F530008D0B0300034607B5124A0068126801925A
:10F540004FF000029A888A420BD20F490F4840F2CE
:10F5500099130F4AFCF7D0F840F299110C48FCF7C8
:10F56000B1F8521A01449A801960064B1A68019B3F
:10F570005A404FF0000301D01BF0F2FC03B05DF8DD
:10F5800004FB00BF00350120D40B030060F502002E
:10F590009A0B030007B50C4B82881B6801934FF050
:10F5A0000003C38881689B1A0268521A981A064B96
:10F5B0001A68019B5A404FF0000301D01BF0D0FCA9
:10F5C00003B05DF804FB00BF00350120F7B5134B15
:10F5D00085881B6801934FF0000303680E460446BC
:10F5E0005F19FFF7D7FFB04209D20D490D483E23FE
:10F5F0000D4AFCF781F83E210B48FCF763F8074BF6
:10F600003544A5801A68019B5A404FF0000301D091
:10F610001BF0A6FC384603B0F0BD00BF003501204A
:10F62000E40B030060F502009A0B030007B50B4BD7
:10F6300082681B6801934FF000030368C0889B1A1F
:10F64000C01A064B80B21A68019B5A404FF0000363
:10F6500001D01BF085FC03B05DF804FB00350120F0
:10F6600007B50B4B01381B6801934FF00003084BA3
:10F6700001288CBF002001201A68019B5A404FF0DE
:10F68000000301D01BF06CFC03B05DF804FB00BF6D
:10F690000035012007B50C4B00291B6801934FF082
:10F6A000000305DAC36E494243F004034160C366B8
:10F6B000054B1A68019B5A404FF0000301D01BF024
:10F6C0004FFC03B05DF804FB0035012007B5124B79
:10F6D0001B6801934FF0000370B9104940F2C31347
:10F6E0000F4A1048FCF708F80F48FCF705F840F2FD
:10F6F000C3110B48FBF7E6FF074BB0F89E001A68F2
:10F70000019B5A404FF00003C0F3410001D01BF0B1
:10F7100027FC03B05DF804FB0035012023F802004C
:10F72000170C030060F502007E0B030007B5124BB7
:10F730001B6801934FF0000370B9104940F2132386
:10F740000F4A1048FBF7D8FF0F48FBF7D5FF40F2F0
:10F7500013210B48FBF7B6FF074BB0F89E001A6861
:10F76000019B5A404FF00003C0F3811001D01BF001
:10F77000F7FB03B05DF804FB0035012023F802001D
:10F78000170C030060F502007E0B030007B50A4B5F
:10F790000A4C0B491B6801934FF0000322464FF4BB
:10F7A000F4730848FBF7A8FF0748FBF7A5FF4FF4E1
:10F7B000F4712046FBF786FF00350120170C03008B
:10F7C00023F8020060F502007E0B030013B509491F
:10F7D000096801914FF0000106490C6801994C40FD
:10F7E0004FF0000101D01BF0BBFB02B0BDE81040A0
:10F7F00018F0C2BB00350120F7B5254B07460E4671
:10F8000014461B6801934FF00003FBF7D5FA051E61
:10F8100018DB3CB97B1E012B04D8022E1DD0012E13
:10F8200008BF0624F1B26B46A2B2B8B205F098FA4E
:10F83000061E14DA2846FBF73FFB1FF0BDF8154BF8
:10F8400076421E504FF0FF35114B1A68019B5A400B
:10F850004FF0000319D01BF083FB1124E2E70023D3
:10F8600000984360C366703018F04EFD00988C30ED
:10F870001BF07AFA062C02D1009805F033FB2846DB
:10F88000054A0099FBF7E8FADEE7284603B0F0BD29
:10F89000003501200C000000ECEE020007B5094B1A
:10F8A0001B6801934FF00003064B1A68019B5A40F6
:10F8B0004FF0000301D01BF053FB03B05DF804EBE5
:10F8C00018F0B8BA0035012030B51C4A85B004469E
:10F8D000126803924FF00002089D2BBB0093002298
:10F8E0000023174906F05EF804F1700018F00CFDD3
:10F8F00004F18C001BF038FA214605F1700018F075
:10F9000073FD204605F0EEFA0C4B1A68039B5A4033
:10F910004FF0000301D01BF023FB05F18C0005B074
:10F92000BDE830401BF038BA044B1A68039B5A40BC
:10F930004FF00003EFD105B030BD00BF003501200E
:10F940003DFA00002DE9F0430C463A4985B0DDE967
:10F950000C98096803914FF0000158EA0901074625
:10F960004D460E9E13D014F1690F02D014F10B0F07
:10F970000DD168461BF0C8FEDDE9002313430ED10C
:10F9800014F1690F0CBF6FF00B046FF068041FF0E7
:10F9900013F8294B64421C504FF0FF3037E0B8F1A8
:10F9A000FF3F08BFB9F1FF3F0DD04FF47A71A5FBBF
:10F9B000013201FB0822DB0B43EA424332689A42E0
:10F9C00094BF32603360D7F8940008B1FFF766FF48
:10F9D00014F1690F35680ED14FF4004440F2E7305E
:10F9E00000214FF47A720023E5FB0401F9F78CF94A
:10F9F0001BF042F801E00B34EED033685B00642B5F
:10FA000028BF64233360D7F8940048B90020094B1D
:10FA10001A68039B5A404FF0000308D01BF0A0FA6D
:10FA20004FF0FF324FF0FF33FFF7D0FEEEE705B0A7
:10FA3000BDE8F083003501200C00000073B52B4BAE
:10FA40000446D0F894000D461B6801934FF0000364
:10FA5000069E28B14FF0FF324FF0FF33FFF7B6FE9E
:10FA6000002E05DAE36E764243F004036660E36637
:10FA700004F170060DBB304618F082FDB0B9E36E9C
:10FA800043F00103E366304618F05EFC04F18C009D
:10FA90001BF082F9D4F89400144BF0B11A68019B62
:10FAA0005A404FF0000313D01BF05AFA90F833304D
:10FAB00043F0020380F83330E8E795F83330294605
:10FAC0006FF34103304685F8333018F08DFCDDE7E5
:10FAD00002B0BDE87040FFF7E1BE1A68019B5A40D2
:10FAE0004FF00003E0D102B070BD00BF003501202F
:10FAF00073B5164B04461B6801934FF00003FFF7E4
:10FB0000E5FD054604F1700600220023304618F09A
:10FB1000A1FC58B9304618F017FC0C4B1A68019B31
:10FB20005A404FF0000309D01BF01AFA032D02D1FE
:10FB300005F030FAE8E706F04BFBE5E704F18C004E
:10FB400002B0BDE870401BF027B900BF00350120AE
:10FB50002DE9F04F15461A46424B8BB081461B6883
:10FB600009934FF000030E4621B105BB2F464FF01D
:10FB7000FF3B04E0002DF9D00F46D5F800B04FF060
:10FB8000000802F002030193CDF8088009F1700A21
:10FB9000BBF1000F0DD10FB1C5F800B0314B1A68A1
:10FBA000099B5A404FF0000358D01BF0D9F90127A8
:10FBB000E3E7504618F0CCFC04460028EBD0804523
:10FBC000E9D0B8F1000F08BF804606F0DFFE83459C
:10FBD0005A4628BF02460299034611440291ABEBF4
:10FBE00002010491BFB102B3019919B1E168039117
:10FBF0002169059131682046CDE9062306F030FEE3
:10FC00003168069A079B1144019A316082B1039BC7
:10FC1000E360059B236100220023504618F01AFC84
:10FC20000146504618F0E0FB15E0019A002AF2D197
:10FC30009B4510D300230022504618F00BFC90F88F
:10FC400033309B0742BFD9F86C3043F00103C9F849
:10FC50006C3006F0BDFADDF810B099E702980BB0F1
:10FC6000BDE8F08F0035012037B5574C03462468B6
:10FC700001944FF0000440F20314A14262D0B1F5A8
:10FC8000827F0ED2042929D0B1F5817F31D003299A
:10FC900017D01EF091FE5F224C4B1A504FF0FF30F0
:10FCA00013E045F21B44A1427BD045F22140814242
:10FCB00072D040F205108142EBD11268C3F8942053
:10FCC00015E0C06EC0F3400080033F4B1A68019BF3
:10FCD0005A404FF0000374D01BF042F9C16E126815
:10FCE00021F00201520448BF41F00201C166002028
:10FCF000EBE79468D2E900018288D50718D50A6835
:10FD000094425BD0042503F1700414610A68547BAB
:10FD100065F3050454730A68947B6FF34514947378
:10FD20000A68D4686FF39434D4600A6814320A60A5
:10FD30008288520703D4DB6E13F0050FD7D06FF023
:10FD40007700C2E711688888C5070FD55268106828
:10FD5000C06810F4FE1F02D1D86EC40703D5C8884E
:10FD600040F00100C8801068143010608A88500785
:10FD700042BFCA8842F00402CA80DA6E520742BF0C
:10FD8000CA8842F00802CA80DB6EDB07AFD5CB8899
:10FD900043F01003CB80AAE7DA6E42F00202DA6683
:10FDA000A5E70023146819461A46FFF7D1FE6FF045
:10FDB0000043984294BF2060236098E76FF00B00E7
:10FDC00083E703B030BD00BF003501200C00000008
:10FDD0002DE9F3412A4B05460E4617461B68019351
:10FDE0004FF00003274CDFF8A080444535D9274960
:10FDF000DC23274A2748FBF77FFC2748FBF77CFCDE
:10FE0000DC210FE02368AB4200D023BBA36863B9B9
:10FE10002249E4231E4A1F48FBF76EFC2048FBF7EB
:10FE20006BFCE4211A48FBF74DFC3A463146284664
:10FE3000984780B1124B1A68019B5A404FF000035B
:10FE400001D01BF08DF83A4631462846E36802B0EF
:10FE5000BDE8F04118471034C7E7D3D31EF0ACFD1E
:10FE60006A22104B1A50064B1A68019B5A404FF0F9
:10FE70000003E6D14FF0FF3002B0BDE8F08100BFD3
:10FE8000003501200CED02002CED0200990C03005E
:10FE90004B0C030060F5020026FE02007F0C0300FD
:10FEA0007E0B03000C0000001FB51C4B04461B68B2
:10FEB00003934FF00003FFF709FC002103284FF0E4
:10FEC00000024FF00003204600911FD105F05CFCBA
:10FED00004236360E36E204643F00403E366FFF708
:10FEE00007FE204605F056F8031E12DA1EF064FDE8
:10FEF0000B4A5B4213504FF0FF30084B1A68039BCC
:10FF00005A404FF0000306D01BF02AF805F04AFDD6
:10FF1000DEE70020F1E704B010BD00BF003501208E
:10FF20000C00000007B5094B1B6801934FF000035C
:10FF3000064B1A68019B5A404FF0000301D01BF09A
:10FF40000FF803B05DF804EBFFF7AEBF00350120FA
:10FF500030B5204B85B005461B6803934FF0000376
:10FF60000C4649BBFFF7B2FB03284FF000024FF0ED
:10FF7000000321462846009413D105F005FC031E1A
:10FF800012DA1EF019FD144A5B4213504FF0FF3491
:10FF9000104B1A68039B5A404FF0000316D01AF01A
:10FFA000DFFF05F0FFFCEAE7EB6E284643F00103B4
:10FFB000EB66FFF79DFDEBE74C1E1EF0FDFC012CF0
:10FFC00094BF86221622044B1A50DFE7204605B064
:10FFD00030BD00BF003501200C00000007B5094B03
:10FFE0001B6801934FF00003064B1A68019B5A40AF
:10FFF0004FF0000301D01AF0B3FF03B05DF804EB3B
:020000040001F9
:10000000FFF7A6BF0035012030B5174B85B01B6840
:1000100003934FF00003044605F008F8031E07DAC7
:100020001EF0CAFC114A5B4213504FF0FF3005E04E
:100030002046FFF77BFB022809D000200A4B1A68F4
:10004000039B5A404FF000030CD01AF089FF6368FD
:100050000022009320460023054905F0A3FC031E5F
:10006000EBDADDE705B030BD003501200C00000003
:100070003DFA000013B5094B1B6801934FF00003D4
:10008000064B1C68019B5C404FF0000301D01AF046
:1000900067FF02B0BDE81040FFF7B6BF0035012092
:1000A0002DE9F043354B87B00446884691461B68DE
:1000B00005934FF00003FFF709FB022845D0012804
:1000C000E56E19D16B0707D56368002B3DDD1EF087
:1000D00073FC2B4A135004E01EF06EFC7822284B70
:1000E0001A504FF0FF30254B1A68059B5A404FF0CD
:1000F000000340D01AF034FF15F00205204619BF66
:10010000002600274FF4C036002718BF1D4DFFF70B
:100110000DFB012863681AD10093002200232046BA
:10012000194905F03FFC031E03DA1EF045FC5B4253
:10013000CFE763684A46029341462B462046CDE905
:10014000006705F04BFA031EEFDB0020CBE70293BC
:100150004A462B4641462046CDE9006705F03EFA67
:10016000031EE2DB63680022009320460023064959
:1001700005F018FCE7E707B0BDE8F0830035012083
:100180000C00000095F600003DFA000013B5094B85
:100190001B6801934FF00003064B1C68019B5C40F9
:1001A0004FF0000301D01AF0DBFE02B0BDE81040B2
:1001B000FFF776BF003501201FB5134B04461B68BF
:1001C00003934FF0000305F021F8031E0FDA1EF031
:1001D000F3FB0E4A5B4213504FF0FF300A4B1A6894
:1001E000039B5A404FF000030CD01AF0B9FE0023D5
:1001F000002220460649009405F0C6FA031EE6DBFD
:100200000020EBE704B010BD003501200C00000019
:10021000C9F8000007B5094B1B6801934FF00003B4
:10022000064B1A68019B5A404FF0000301D01AF0A8
:1002300097FE03B05DF804EBFFF7BEBF0035012069
:100240002DE9F04F93B01646DDE91C720992434A3E
:100250004FF0FF3A126811924FF000024FF0FF3B4F
:100260000A225B0604460D46CDE90EAB0D9203D47F
:10027000C36E13F002034BD000220023CDE90E23FE
:100280000AA81BF00BFADDE90E23DDE90AAB0AA888
:100290001BF004FADDE90A23CDE906236368002296
:1002A0000093204600232E4905F07CFB031E37DB1C
:1002B0004FF000090DF134086168DDE90E23002FCD
:1002C0003ED0CDE90223099B0491009332463B4680
:1002D00029462046CDF8049005F02CFB002826DAAC
:1002E000DDE90E230146CDE90023204652465B4658
:1002F000CDF80880FFF726FB002818DBDDE9062390
:100300000AA81BF001FADDE90A23CDE90E23D3E7A1
:100310000EAA052105F0AAFC4FF4A0220023AFE7A6
:100320001EF04AFB0F4A5B4213504FF0FF300B4B5D
:100330001A68119B5A404FF000030BD01AF010FEC0
:10034000CDE9002302913B4632462946204605F07E
:1003500077FAC3E713B0BDE8F08F00BF0035012086
:100360003DFA00000C00000037B5094C24680194E8
:100370004FF00004064C2568019C65404FF00004D6
:1003800001D01AF0EDFD03B0BDE83040FFF758BFD3
:10039000003501201FB50A4B1B6803934FF0000383
:1003A0000023CDE90033FFF74BFF054B1A68039B91
:1003B0005A404FF0000301D01AF0D2FD04B010BD36
:1003C000003501202DE9F047324B8EB01B680D93AC
:1003D0004FF0000315464FF0FF334FF0FF32CDE9E9
:1003E0000A230A2309936B0604460E4603D4C36E00
:1003F00013F0020339D000220023CDE90A2300279D
:1004000006A81BF04BF9DDE90A23DDE9068906A8F9
:100410001BF044F9DDE90623CDE904230DF1240A9C
:10042000DDE90A233146CDE90023204600232A4690
:10043000029705F04BFA00281FDADDE90A2301468E
:10044000CDE90023204642464B46CDF808A0FFF7F1
:1004500079FA002811DBDDE9042306A81BF054F922
:10046000DDE90623CDE90A23DAE70AAA052105F02A
:10047000FDFB4FF4A0220023C1E7064B1A680D9B39
:100480005A404FF0000301D01AF06AFD0EB0BDE8EB
:10049000F08700BF0035012013B5094B1B6801939D
:1004A0004FF00003064B1C68019B5C404FF00003BB
:1004B00001D01AF055FD02B0BDE81040FFF782BF31
:1004C0000035012013B5154A0446126801924FF019
:1004D0000002D0F894200B46D2B1026F4AB100203E
:1004E0000E4B1A68019B5A404FF0000313D01AF0CC
:1004F00037FDD0F89410D3E900238C301AF0B0FC0B
:100500000028EDDBE36E5B07E9D560684042E7E772
:100510006FF01500E4E702B010BD00BF0035012008
:100520002DE9FF414C4B0746884616461B6803934E
:100530004FF00003FAF740FC051E16DBFB6E980730
:100540001ED44FF0FF324FF0FF3369463846CDE9F5
:100550000023FFF7B7FF041E12DA2846FAF7ACFCB7
:100560001EF02AFA3D4B64421C504FF0FF353A4BC7
:100570001A68039B5A404FF0000368D01AF0F0FC51
:100580000022002307F1700017F064FF044640B911
:100590002846FAF791FC1EF00FFA0B222F4B1A5047
:1005A000E3E7703017F0ECFFA8B190F8333099070B
:1005B00011D5E36E284643F00103E366FAF77CFCAD
:1005C0002046FFF795FA204604F0E4FC1EF0F4F90B
:1005D0007122224BE3E7B4F89E305A050ED51EF087
:1005E000EBF971221D4B1A502846FAF765FC20469C
:1005F000FFF77EFA204604F0CDFCB6E723F4007343
:10060000A4F89E30B8F1000F0ED06EB132684046AB
:10061000182A28BF182204F12C011EF06DF9A38DB1
:10062000012B07D108233360214628460C4AFAF7EC
:1006300013FC9CE7022B01D11823F4E72846FAF7B4
:100640003BFC1EF0B9F98622044B1A50CFE728462E
:1006500004B0BDE8F08100BF003501200C000000AF
:10066000ECEE020013B5094B1B6801934FF0000339
:10067000064B1C68019B5C404FF0000301D01AF050
:100680006FFC02B0BDE81040FFF74ABF0035012003
:100690002DE9F04F154695B01E46DDE91E79A94BB0
:1006A000039104461B6813934FF00003FFF73EF8D5
:1006B000002D52D002284FF0FF324FF0FF3340F0B0
:1006C000EC807106CDE9082303D4E36E13F0020336
:1006D00031D000220023CDE90823DDE90823CDE94C
:1006E000002316F0020304F1700A02933FD0102297
:1006F00000210EA81EF00DF90423CDF848A08DF8B6
:1007000045300121DDE900230EA81BF0C1FC00F1FA
:100710000B010B29034619D88B4A0A41D20715D47D
:10072000504617F015FF804638BB1EF045F90B22E6
:10073000864B1A500FE0042108AA204605F096FACD
:10074000204608A9FFF7BEFE031EC6DA1EF034F9E4
:100750005B427E4A13504FF0FF357A4B1A68139B69
:100760005A404FF0000300F037811AF0F9FB504671
:10077000DDE9002317F06EFED5E7D0E903BA002FBC
:1007800053D0B9F1000F50D0B4F89C30D9F80040E4
:10079000009305F0DFFD98F83320C2F302123A808F
:1007A00098F83320C2F30212022A66D14FF0000CEF
:1007B0002822172CCDE90CC24ED940460CA906F0D0
:1007C0003FFA044610B96FF0680247E040460D99C1
:1007D00005F036FF0028F6D14046B8F8361005F08F
:1007E0002FFF0028EFD104F10801381D04F1180291
:1007F00051F804CB914240F804CBF9D19DF8004068
:10080000112C3AD108240AAA40460CA90C920D9446
:1008100006F016FA0028D6D002887A80C8E903BA12
:100820003A88012A2CD1C9F80040404606F0AEF8BB
:10083000854228BF054604462A464046039906F0ED
:100840000FF840BB029B0BBB404605F0C1FC16F005
:10085000200F18BF254680E76FF01502C8E903BADC
:1008600052421EF0A9F83949029B0A50002B7FF42E
:1008700072AF404605F0ACFC6DE76FF08502EDE726
:10088000022A06D11822C9F80020CEE7C8E903BA27
:10089000DDE78622E5E76922E3E7012840F08E8064
:1008A000CDE90A2374B92A494FF4B473294A2A4876
:1008B000FAF722FF2948FAF71FFF4FF4B4712548D1
:1008C000FAF700FFB4F89E30DF0708D52046FEF7A0
:1008D000FDFE022805D080231EF06EF839E70923BB
:1008E000FAE7700602D4E36E990716D500220023BA
:1008F000CDE90A23039B04A8CDE90735DDE90A23E6
:10090000002506F4807BCDE90C231AF0C7FEDDE953
:100910000489089B53B92B460EE013F00503E9D177
:10092000042120460AAA05F0A1F9E3E7E26E12F0DD
:10093000040315D063685B42002B23EAE37535DAC4
:100940005B42C9E7003501207EF7FFFF0C00000085
:1009500023F80200170C030060F502007E0B030071
:10096000D207E9D4DDE90CA75AEA070311D13346CF
:10097000204608AA07A9FFF7EBF8054428430FD043
:10098000BBF1000FC7D042464B460CA81AF0BCFE84
:10099000BFE720460CA9FFF795FD031EE7DACBE77A
:1009A0005AEA0707ECD16FF00A03C5E7B3073FF532
:1009B000D4AE2946204605F0C1F8CEE6084940F2FB
:1009C000D653084A0848FAF797FE0848FAF794FE03
:1009D00040F2D651034873E7284615B0BDE8F08FC2
:1009E00024F702004B0C030060F50200C60C030064
:1009F00037B5094C246801944FF00004064C256873
:100A0000019C65404FF0000401D01AF0A9FA03B030
:100A1000BDE83040FFF73CBE003501201FB50A4B52
:100A20001B6803934FF000030023CDE90033FFF769
:100A30002FFE054B1A68039B5A404FF0000301D06C
:100A40001AF08EFA04B010BD00350120F7B51D462E
:100A50002D4B06291B6801934FF00003089E45D0DB
:100A600005DC002947D0012905D06D2324E0292980
:100A7000FBD1432A40E0042A25D013DC022A28D0E7
:100A8000032AF2D1FEF752FE3368042B13D12860FB
:100A900000201D4B1A68019B5A404FF0000330D0D4
:100AA0001AF05EFA0F2A1DD0262ADED13268B0F87D
:100AB0009C30042A0BD016231DF07EFF134A1350DE
:100AC0004FF0FF30E5E73368042BF4D143682B6027
:100AD000DEE733462A46092105F0C8F80028D7DAB0
:100AE0004342E9E733462A460A21F5E7012ABCD109
:100AF0006FF07A00CDE7012AB7D133462A460821A4
:100B0000EAE703B0F0BD00BF003501200C00000093
:100B100037B5094C246801944FF00004064C256851
:100B2000019C65404FF0000401D01AF019FA03B09F
:100B3000BDE83040FFF78ABF00350120F7B53A4ED7
:100B40000629144605461A46366801964FF00006F7
:100B5000089B58D005DC00295AD0012907D06D2305
:100B60003CE02929FBD11A2C08D0432C51E00F2C52
:100B70001AD00DDC022C10D00D2CF0D100202A4B05
:100B80001A68019B5A404FF000034BD01AF0E8F965
:100B9000192CE4D150B9FEF7F9FD092104F0F0FF5A
:100BA0000028EBDA434219E00A21F7E7B0F89E107B
:100BB000C1F3C200013801282ED813B172B31078E6
:100BC00020B921F40061A5F89E10D7E7082B25D1A4
:100BD000104603F025F8031E07DA5B421DF0ECFE19
:100BE000124A13504FF0FF30C9E701F0A5F8B8B131
:100BF000B5F89E3043F40063A5F89E3002F066FF1E
:100C000085F8A000BAE7012CA9D16FF07A00B6E709
:100C1000012CA4D10821C1E76A23DFE71623DDE711
:100C20001323DBE703B0F0BD003501200C0000000A
:100C300037B5094C246801944FF00004064C256830
:100C4000019C65404FF0000401D01AF089F903B00F
:100C5000BDE83040FFF772BF00350120F0B5274BEB
:100C600089B0044615461B6807934FF000030E46F3
:100C7000A1B19AB1B0F89E30DB0511D480231DF0EC
:100C80009BFE1F4A13504FF0FF301C4B1A68079B06
:100C90005A404FF000032ED01AF062F91623EEE707
:100CA000FEF744FD012804D12046FEF70FFD02287F
:100CB000E4D1A38D022BF1D10022ADF80430E38DF5
:100CC0000692ADF8063002AF04F1300340343A46E4
:100CD00018685968083303C2A3421746F7D12A6837
:100CE0003046182A28BF182201A91DF005FE182336
:100CF00000202B60C9E709B0F0BD00BF003501201E
:100D00000C00000013B5094B1B6801934FF0000362
:100D1000064B1C68019B5C404FF0000301D01AF0A9
:100D20001FF902B0BDE81040FFF798BF0035012061
:100D3000F0B5078C1F4B89B0022F04460E461546AE
:100D40001B6807934FF0000306D11822002101A869
:100D50001DF0DFFD636A3BB91DF02EFE1622164B17
:100D60001A504FF0FF301AE0628CADF80470ADF805
:100D7000062002AC03F110072246186859680833B0
:100D800003C2BB421446F7D12A683046182A28BF4E
:100D9000182201A91DF0B0FD182300202B60054B7F
:100DA0001A68079B5A404FF0000301D01AF0D8F898
:100DB00009B0F0BD003501200C00000013B5094B4F
:100DC0001B6801934FF00003064B1C68019B5C40BD
:100DD0004FF0000301D01AF0C3F802B0BDE8104094
:100DE000FFF7A6BF0035012007B5144B1B68019320
:100DF0004FF0000348B912491323124A1248FAF778
:100E00007BFC13210F48FAF75DFC104B1A683AB1CE
:100E10000F4914230B4A0C48FAF76EFC1421F1E732
:100E20001860064B1A68019B5A404FF0000301D02E
:100E30001AF096F803B05DF804FB00BF00350120FE
:100E4000B7460300DC0C030060F5020094E30020C9
:100E5000170D030013B5204B1B6801934FF00003DF
:100E600070B91E4940F24A331D4A1E48FAF744FC45
:100E70001D48FAF741FC40F24A311948FAF722FCC2
:100E8000036863B9194940F24B33154A1548FAF71C
:100E900033FC1548FAF730FC40F24B31EDE71B68A4
:100EA0009B6873B15B6863B10B4A1468019A544044
:100EB0004FF0000201D01AF053F802B0BDE8104024
:100EC0001847054B1A68019B5A404FF00003F2D1B6
:100ED000002002B010BD00BF00350120610D0300ED
:100EE000320D030060F502007E0B0300670D030066
:100EF00007B5104A0346126801924FF000020268DB
:100F00008AB9406888B99A6822B9D86800F17F43E5
:100F100058425841074B1A68019B5A404FF0000352
:100F200005D01AF01DF80020F4E71046F2E703B0F0
:100F30005DF804FB0035012037B5254B04461B68DE
:100F400001934FF0000390F834300D466FF38203A5
:100F500080F8343083687BB1B9B194F834302046DE
:100F600043F0040384F8343005F0F4F994F8333096
:100F7000C3F30213032B19D9154B1A68019B5A406E
:100F80004FF000031ED019F0EBFF0146806902F01C
:100F900021FC0128E1D00028EED10D4B1A68019BFD
:100FA0005A404FF00003EED103B030BDA368DB68B8
:100FB0001B7803F0F003602BDED12946204607F0B2
:100FC0004FF8E8E7204603B0BDE8304005F000B92F
:100FD0000035012007B5134B1B6801934FF0000348
:100FE00005F076FE04F0B6FE06F064FD07F040FA68
:100FF00006F040FB0AF016F902F066FE05F0BCFEB2
:1010000002F056FF0AF084FC064B1A68019B5A4016
:101010004FF0000301D019F0A3FF002003B05DF8EA
:1010200004FB00BF0035012007B50C4B1B68019382
:101030004FF0000301F1100351F8042B994240F8DE
:10104000042BF9D1054B1A68019B5A404FF000035D
:1010500001D019F085FF03B05DF804FB00350120D5
:1010600007B5184B1B6801934FF0000370B9164980
:101070004FF47473154A1648FAF73EFB1548FAF711
:101080003BFB4FF474711148FAF71CFB006860B920
:10109000114940F2D1330D4A0D48FAF72DFB0D48A6
:1010A000FAF72AFB40F2D131EDE7064B10301A680F
:1010B000019B5A404FF0000301D019F051FF03B0DB
:1010C0005DF804FB00350120610D0300320D0300C3
:1010D00060F502007E0B0300670D030030B5424B44
:1010E00087B01B6805934FF000030446002872D0B8
:1010F0008368002B6FD08369002B6FD005F0FEF85A
:10110000204605F027F994F83330C3F30213022B7D
:1011100058D1A368DD6803F0CBFA183501461022D8
:1011200028461DF0B1FA50B96FF07C002E4B1A68BA
:10113000059B5A404FF0000353D019F011FFA368EC
:10114000DD6818352846FFF7D3FE014640B3A56891
:1011500001A8E9680831FFF767FFE86800F11801A6
:101160000830FFF761FFA36801A9D8681830FFF7BE
:101170005BFF48F2DD63A0692386FFF771FF036818
:1011800023624368A0696362FFF76AFF0368A36292
:101190004368E36201212046FFF7CEFE0020C5E749
:1011A000284600F0B9FF0028D1D1A368D868037E93
:1011B000FF2B02D1437E012BECD00830FFF798FEC5
:1011C0000028B1D12146A06902F0FAFB0228E5D13E
:1011D0006FF00400AAE76FF03C00A7E76FF015007E
:1011E000A4E707B030BD00BF0035012007B50B4BA9
:1011F00081681B6801934FF0000341B9074B1A68DF
:10120000019B5A404FF0000303D019F0A9FE496832
:10121000F3E703B05DF804EBFFF78EBE0035012065
:1012200007B50D4B1B6801934FF0000300230B60C3
:10123000436853B9C0E90011074B1A68019B5A4033
:101240004FF0000304D019F08BFE19604160F3E702
:1012500003B05DF804FB00BF0035012007B5002294
:10126000144B1B6801934FF0000303680BB9184639
:101270000BE08B4218D10B6882B94268036091423F
:1012800000D14360002301200B600A4B1A68019BC8
:101290005A404FF000030AD019F062FE1360436811
:1012A000994208BF4260EDE71A461B68DEE703B0CB
:1012B0005DF804FB0035012007B5104A03461268AB
:1012C00001924FF0000202688AB9406888B99A68B2
:1012D00022B9D86800F17F4358425841074B1A6839
:1012E000019B5A404FF0000305D019F039FE002051
:1012F000F4E71046F2E703B05DF804FB0035012087
:1013000007B5104B1B6801934FF0000340F2FF2319
:101310000B6000238B80CB800B814FF480734B815B
:10132000FF230B73437B4B73C389CB81054B1A6837
:10133000019B5A404FF0000301D019F011FE03B099
:101340005DF804FB0035012007B50A4B1B680193CB
:101350004FF0000310B1006800B14068054B1A68F7
:10136000019B5A404FF0000301D019F0F9FD03B082
:101370005DF804FB0035012037B5104B1B68019365
:101380004FF0000380B1C46C74B10C4A1568019A27
:1013900055404FF0000201D019F0E2FD23464268AB
:1013A00003B0BDE830401847044B1A68019B5A400F
:1013B0004FF00003F0D103B030BD00BF0035012075
:1013C00013B5114B04461B6801934FF00003FFF760
:1013D000BBFF78B1C3686BB10B4A1168019A5140E9
:1013E0004FF0000201D019F0BBFD204602B0BDE86D
:1013F00010401847044B1A68019B5A404FF00003F5
:10140000F1D1002002B010BD0035012007B51A4B04
:101410001B6801934FF0000370B9184940F29333F1
:10142000174A1848FAF768F91748FAF765F940F2C9
:1014300093311348FAF746F9036863B913494FF437
:1014400065730F4A0F48FAF757F90F48FAF754F93E
:101450004FF46571EDE7D869074B003818BF0120DC
:101460001A68019B5A404FF0000301D019F078FD33
:1014700003B05DF804FB00BF00350120610D0300DF
:10148000320D030060F502007E0B0300670D0300C0
:10149000F7B5184B802A07460E4614461B68019381
:1014A0004FF000031FD8D5082A461DF0EDF8D0B93B
:1014B000644214F0070418D07B5D725DC4F108012A
:1014C0005A40FF238B4083F0FF03A3401A420CBF16
:1014D00001200020074B1A68019B5A404FF000037F
:1014E00005D019F03DFD0020F4E70120F2E703B03C
:1014F000F0BD00BF0035012007B50C4B10221B6862
:1015000001934FF000031DF0BFF8084BB0FA80F0D4
:101510001A68019B5A404FF000034FEA501001D067
:1015200019F01EFD03B05DF804FB00BF003501207B
:1015300007B50E4B1B6801934FF000031AF098F8A3
:101540004FF47A72A0FB020302FB0131074BC00B80
:101550001A68019B5A404FF0000340EA414001D015
:1015600019F0FEFC03B05DF804FB00BF003501205C
:1015700007B5184B1B6801934FF0000370B916496B
:101580004FF47473154A1648FAF7B6F81548FAF787
:10159000B3F84FF474711148FAF794F8006860B921
:1015A000114940F2D1330D4A0D48FAF7A5F80D481C
:1015B000FAF7A2F840F2D131EDE7064B10301A6885
:1015C000019B5A404FF0000301D019F0C9FC03B051
:1015D0005DF804FB00350120610D0300320D0300AE
:1015E00060F502007E0B0300670D030007B5184B82
:1015F0001B6801934FF0000370B9164940F24A335B
:10160000154A1648FAF778F81548FAF775F840F2CF
:101610004A311148FAF756F8036863B9114940F2A4
:101620004B330D4A0D48FAF767F80D48FAF764F89E
:1016300040F24B31EDE71868054B1A68019B5A40A0
:101640004FF0000301D019F08BFC03B05DF804FBF0
:1016500000350120610D0300320D030060F502002A
:101660007E0B0300670D030007B51B4B1B6801933E
:101670004FF0000370B919494FF43873184A1948EC
:10168000FAF73AF81848FAF737F84FF4387114486F
:10169000FAF718F8036863B9144940F2E123104AD5
:1016A0001048FAF729F81048FAF726F840F2E12135
:1016B000EDE70C33D3E8AF0F074B08411A68019BE5
:1016C0005A404FF0000300F0010001D019F048FC2F
:1016D00003B05DF804FB00BF00350120610D03007D
:1016E000320D030060F502007E0B0300670D03005E
:1016F00007B51D4B1B6801934FF0000370B91B49E0
:1017000040F29E231A4A1B48F9F7F6FF1A48F9F7E8
:10171000F3FF40F29E211648F9F7D4FF036863B93E
:10172000164940F29F23124A1248F9F7E5FF124882
:10173000F9F7E2FF40F29F21EDE701220C3302FAB4
:1017400001F1D3E8EF0F0843C3E8E20F002AF8D114
:10175000054B1A68019B5A404FF0000301D019F065
:10176000FFFB03B05DF804FB00350120610D0300B1
:10177000320D030060F502007E0B0300670D0300CD
:1017800007B51E4B1B6801934FF0000370B91C494D
:1017900040F2BE231B4A1C48F9F7AEFF1B48F9F77D
:1017A000ABFF40F2BE211748F9F78CFF036863B91D
:1017B000174940F2BF23134A1348F9F79DFF134816
:1017C000F9F79AFF40F2BF21EDE7012202FA01F199
:1017D000C9430C33D3E8EF0F0840C3E8E20F002AF7
:1017E000F8D1064B1A68019B5A404FF0000301D014
:1017F00019F0B6FB03B05DF804FB00BF0035012013
:10180000610D0300320D030060F502007E0B030042
:10181000670D030013B50949096801914FF00001F4
:1018200006490C6801994C404FF0000101D019F0B5
:1018300097FB02B0BDE8104016F09EBB00350120BA
:1018400007B5144B1B6801934FF0000370B91249A0
:101850004FF41C73114A1248F9F74EFF1148F9F77B
:101860004BFF4FF41C710D48F9F72CFF094B1A6818
:10187000019B5A404FF0000301D019F071FB4FF06B
:10188000FF324FF0FF33143003B05DF804EBFFF785
:10189000C1BF00BF00350120610D0300320D030000
:1018A00060F502007E0B030007B5094B1B6801932E
:1018B0004FF00003064B1A68019B5A404FF000039B
:1018C00001D019F04DFB03B05DF804EB16F0B2BA8D
:1018D000003501202DE9F74F2F4B1B6801934FF086
:1018E0000003FFF725FE4FF0FF3380464FF0FF3235
:1018F0002A48FFF78FFF2A4B1C68002C3DD054F874
:10190000145905B1143D4FF0FF364FF0020BDFF8CC
:1019100090A001E02C461D4604F1140941464846BA
:1019200002F060FB074680B94946504684F82DB066
:10193000FFF794FC3A463946484602F0F7FA4DB1B3
:101940006B69002BE6D0143BE4E7864228BF0646CD
:10195000A542F4D1731C10D04FF4004440F2E7309C
:1019600000214FF47A720023E6FB0401F7F7CCF96B
:1019700002460B460B4817F023FC074B1A68019BE5
:101980005A404FF0000301D019F0EAFA034803B0BF
:10199000BDE8F04FFFF788BF003501208CD1002053
:1019A000DCE40020F8DC002037B5284B05461B6836
:1019B00001934FF000034FF0FF324FF0FF33244804
:1019C000FFF728FF234B1B689BB11A684FF0FF34C9
:1019D0004FF47A707BB9631C1FD11F4817F00AFCC3
:1019E0001A4B1A68019B5A404FF0000327D019F098
:1019F000B7FA1A46EAE7D9691B8C491B00FB0313A7
:101A0000002B09DD9C4228BF1C461AB11168134601
:101A10000A46DFE71146FAE700244FF4004540F29A
:101A2000E73000214FF47A720023E4FB0501F7F759
:101A30006BF902460B46084817F0C2FBD0E7044892
:101A400003B0BDE83040FFF72FBF00BF00350120D5
:101A50008CD10020E4E4002028DD002037B50C46BE
:101A600000212D4B05461B6801934FF0000384F8BD
:101A70002D1070B9294940F66D13294A2948F9F704
:101A80003BFE2948F9F738FE40F66D112448F9F776
:101A900019FEFFF7E9FDA8B308212846FFF7E4FD8A
:101AA00080B301232146284684F82E3008F01CF923
:101AB00040BBFFF73DFD4FF0FF324FF0FF33A06218
:101AC0001A48FFF7A7FE04F124011948FFF7A8FB05
:101AD0001648FFF7E9FE174819F038FC084311D102
:101AE0000D4B1A68019B5A404FF0000301D019F0CA
:101AF00037FA40F6CD4200230F4803B0BDE830402E
:101B000017F05EBB044B1A68019B5A404FF000036C
:101B1000EDD103B030BD00BF00350120610D0300E1
:101B2000320D030060F502007E0B03008CD1002013
:101B3000CCE40020A8DC002098DC002007B5124B84
:101B40001B6801934FF0000370B9104940F27723EE
:101B50000F4A1048F9F7D0FD0F48F9F7CDFD40F2D4
:101B600077210B48F9F7AEFD074B1A68019B5A40E5
:101B70004FF0000301D019F0F3F9143003B05DF811
:101B800004EBFFF791BE00BF00350120610D03009B
:101B9000320D030060F502007E0B03002DE9F74FC4
:101BA0008146384B884692461B6801934FF00003EC
:101BB000FFF746FED9F80460002E5DD000274FF0F5
:101BC000300CBB46DFF8C0E0351D0CFB0763DB6A59
:101BD00023F07D4303F0FF2373452ED135F8043CF9
:101BE000022B2AD148F2FE032A889A4225D00023EC
:101BF00008F1FF31681E11F8012F10F8014FA242C1
:101C00002BD10833DBB2802BF5D19AF800209A4211
:101C100013D8302202FB076292F82F20520709D511
:101C20003F2B07D898F80020FF2A06D198F801200A
:101C3000032A02D1AB468AF8003030355FB14846FE
:101C4000FFF77CFF0F4B1A68019B5A404FF00003CF
:101C500014D019F085F90127B7E754402006D4D4F1
:101C600003F10802D2B20133DBB264009A42E4B25B
:101C7000CBD02106C9D4F6E7B346E0E7584603B017
:101C8000BDE8F08F0035012000010002F7B5274BB9
:101C90001B6801934FF00003FFF74AFC4FF0FF333E
:101CA00006464FF0FF322248FFF7B4FD21490B688A
:101CB0002BB100224FF47A7E17461C685BB9304680
:101CC000FFF772FE194B1A68019B5A404FF0000350
:101CD00026D019F045F9DD69188CAD1B0EFB0055B7
:101CE000002D9C460EDC186892B94D680860AB4226
:101CF00000D14860944693F822001F6067F300000B
:101D000083F8220054B12068234662460446D5E792
:101D100010604868834208BF4A60EBE72046F3E75B
:101D2000034803B0BDE8F040FFF7BEBD0035012019
:101D30008CD10020E4E4002007B50F4B00281B687D
:101D400001934FF0000311DD3C22431E0B4802FBC0
:101D500003000B4B984228BF0020074B1A68019BD9
:101D60005A404FF0000303D019F0FAF80020F4E7CE
:101D700003B05DF804FB00BF0035012024D3002030
:101D800060D3002007B50E4B0E4A1B6801934FF03D
:101D900000030D4B93420DD00C4A1068002808BF79
:101DA0001846074B1A68019B5A404FF0000303D0B6
:101DB00019F0D6F80020F4E703B05DF804FB00BF8B
:101DC0000035012060D3002024D3002010E500203E
:101DD000F7B5194B05461B6801934FF000031746F2
:101DE0004FF0FF334FF0FF3214480E46FFF712FD5D
:101DF000134B1B680BB11C6843B90F4B1A68019B4E
:101E00005A404FF0000310D019F0AAF85A68AA42BD
:101E100004D13A46314628469B6898471CB122684F
:101E200023461446E8E72246FAE7044803B0BDE833
:101E3000F040FFF739BD00BF003501208CD10020F4
:101E4000A0E3002037B504461E4B0D461B680193E6
:101E50004FF00003FFF7F4FC07212046FFF704FCD6
:101E600050B3636873B105B12B6000252046FFF7BE
:101E700065FE144B1A68019B5A404FF000031ED0B8
:101E800019F06EF84FF0FF324FF0FF330E48FFF7B6
:101E9000C1FC0E4BD3F8102142B96360C3F8104166
:101EA00005B12B600848FFF7FFFCDEE70648FFF7A7
:101EB000FBFC6FF00205D9E76FF08505D6E72846F1
:101EC00003B030BD003501208CD10020B0E30020EC
:101ED00037B504461F4B1B6801934FF00003FFF713
:101EE000AFFC0B212046FFF7BFFB18BB65680DB3A5
:101EF000204608F0E5F8E8B9FFF71AFB4FF0FF328B
:101F00004FF0FF33C5F808011348FFF783FC05F5D0
:101F100082711248FFF784F90F48FFF7C5FC10489B
:101F200019F014FA084305D14FF4004200230D487C
:101F300017F046F9074B1A68019B5A404FF000030F
:101F400001D019F00DF8204603B0BDE83040FFF78E
:101F5000F5BD00BF003501208CD10020C4E4002075
:101F600078DC002068DC00202DE9FF41484B494F18
:101F70001B6803934FF00003FFF7DAFA00234FF0DA
:101F8000FF32CDE9013306464FF0FF334248FFF7F9
:101F900041FC3A68BAB31568A2F582730DB1A5F594
:101FA0008275C6F57A7801E02B461546D3F80841CC
:101FB00008EB0402002A60DC7A6803F58271D3F82A
:101FC0000431914201A808BF7B603B60FFF728F90C
:101FD000CDB1D5F80421002AE6D0A2F58272E3E75C
:101FE0004FF4004540F2E730002104F57A744FF4D5
:101FF0007A720023E4FB0501F6F786FE02460B46E3
:10200000264817F0DDF82448FFF74EFC019C34B356
:10201000234DA4F5827494F80C3122480133DBB2CD
:1020200084F80C31A84213D91F4940F27E531F4A4D
:102030001F48F9F761FB1F48F9F75EFB40F27E513C
:102040001A48F9F73FFB4268A24211D03C30E9E759
:10205000F9D3D4F8044114B1A4F58274DBE70C4B36
:102060001A68039B5A404FF000030DD018F078FF18
:10207000022BEED8FFF72CFFEBE7A41B14F57A7FB9
:10208000AED100221346BBE704B0BDE8F08100BF2B
:1020900000350120C4E400208CD1002068DC002041
:1020A00060D3002024D30020B90D0300750D030078
:1020B00060F5020026FE020037B50446134B1B688C
:1020C00001934FF00003FFF7BBFB656875B14FF05C
:1020D000FF324FF0FF330E48FFF79CFB0D4805F52C
:1020E0008271FFF7BBF80A48FFF7DEFB074B1A685F
:1020F000019B5A404FF0000301D018F031FF2046F9
:1021000003B0BDE83040FFF719BD00BF0035012026
:102110008CD10020C4E400202DE9F3412C4B06466D
:102120000F461B6801934FF000032A4DDFF8A8808B
:10213000454546D9294940F2D953294A2948F9F752
:10214000DBFA2948F9F7D8FA40F2D9512448F9F7CF
:10215000B9FA2846FFF774FB6C6824B92846FFF7E4
:10216000EDFC3C35E4E794F82F309A0708D5238836
:10217000022B05D180223046211DFFF789F9F0B9E5
:1021800094F85F309B07E9D5238E022BE6D180229D
:10219000304604F13401FFF77BF90028DED030230C
:1021A00007B13D6028461C44FFF7C8FC084B1A687D
:1021B000019B5A404FF0000306D018F0D1FE0023D7
:1021C000EEE7C6D30024F1E7204602B0BDE8F08177
:1021D0000035012024D3002060D300209F0D030090
:1021E000750D030060F5020026FE0200F0B5364BC7
:1021F00085B01B6803934FF00003FFF799F90023A4
:10220000324FCDE9013305464FF0FF334FF0FF3237
:102210002F48FFF7FFFA3B68002B37D053F82449CB
:1022200004B1243CC5F1640501E0234614469E6ACE
:102230002E44002E19DC7A6803F124015B6A914276
:1022400001A808BF7B603B60FEF7EAFFF4B1626A59
:10225000002AEAD0243AE8E71B4B1A68039B5A404D
:102260004FF000032ED018F07BFE4FF4004440F2F4
:10227000E73000214FF47A720023C6FB0401F6F721
:1022800043FD02460B46134816F09AFF1048FFF72D
:102290000BFB019C002CDFD001260027243C251DD0
:1022A0006946284684F82D600097FFF735FF844281
:1022B00003D12946009806F003FD646A002CCBD0B8
:1022C000243CECE705B0F0BD00350120CCE4002053
:1022D0008CD1002098DC002073B505461D4B0E46BE
:1022E0001B6801934FF00003FFF7AAFA6C68E4B192
:1022F00094F82F309A0708D52388022B05D1802225
:102300003046211DFFF7C4F8D8B994F85F309B0719
:1023100019D5238E022B16D18022304604F13401C8
:10232000FFF7B6F888B130231C442846FFF706FCB7
:10233000084B1A68019B5A404FF0000307D018F071
:102340000FFE0023F0E70024EFE70446EDE7204608
:1023500002B070BD0035012037B5184B4FF0FF3289
:1023600004461B6801934FF0000315484FF0FF33FC
:102370000D46FFF74FFA01231434637611482146C6
:10238000FEF74EFFFFF7D4F829460246204601F03B
:10239000CDFD002200230C4816F012FF074B1A68EF
:1023A000019B5A404FF0000301D018F0D9FD0448BA
:1023B00003B0BDE83040FFF777BA00BF0035012019
:1023C0008CD10020DCE40020F8DC00202DE9F04F67
:1023D00005469B466B4B8BB00F4692461B68099394
:1023E0004FF00003FFF72CFA69462846FFF72AFD55
:1023F0000028C0F2C0806C6894F82F309E0704D586
:102400003846211DFFF778F8D0B994F85F30980767
:1024100018D5384604F13401FFF76EF890B1012366
:10242000302202FB03442846FFF788FB554B1A680D
:10243000099B5A404FF0000300F09F8018F090FD78
:102440000023EDE7009E96F82F309907C3F340086C
:1024500006D596F85F309A0700F18D804FF001089D
:102460004FF0300909FB08F906EB090494F82F3006
:102470000DF1040C43F0020384F82F30022362466E
:1024800026F809303B4684F82CA007F1100AE646EE
:10249000186859680833AEE803005345F446F6D18E
:1024A00004F1040C0DF1140A134603CB5345CCF888
:1024B0000000CCF804101A460CF1080CF4D13023BB
:1024C00003FB086393F82F20BBF1000F47D06FF395
:1024D00000025946204683F82F20FFF73DFF28468B
:1024E000FEF76EFF03073FD43846FEF7E5FED8BB84
:1024F0000B212846FFF7B8F80746A8BB2846FEF789
:102500005FFF10F0010F804624D040F2FF23ADF8AA
:102510001430ADF81670ADF81870ADF81A70ADF84B
:102520001C70ADF81E70ADF820704FF48073ADF8DC
:1025300022305146284608F05BF818F0020F09D106
:1025400009F1040051463044FEF7DAFE51462846B0
:1025500008F04EF821462846FFF780FA63E742F07C
:10256000010283F82F20BAE7302303FB086601231A
:1025700086F82D3057E7002455E720460BB0BDE81C
:10258000F08F00BF00350120F0B5054687B04B4BFA
:102590001022002101A81B6805934FF000031CF0D6
:1025A000B8F92846FFF74CF969462846FFF74AFC78
:1025B00000280EDA414B1A68059B5A404FF0000381
:1025C00001D018F0CDFC284607B0BDE8F040FFF779
:1025D000B5BA009C002CEDD02846FEF7C9FF48F2A2
:1025E000FE030193002202920379062B42D0082BAE
:1025F0005ED0022B10D14379012B0DD10392FF2322
:102600008DF80F30FE23ADF8103003681A785B7830
:102610008DF812208DF8133000230122284601A9DD
:10262000FFF7D4FE94F82F3006469A070CD523887E
:10263000022B09D1844207D0201DFEF73DFE18B9B8
:1026400021462846FFF70AFA94F85F309B07B1D578
:10265000238E022BAED104F13007BE42AAD004F182
:102660003400FEF729FE0028A4D139462846FFF79A
:10267000F5F99FE703689A7819888DF80E20FF22F4
:102680008DF80F20FE228DF81020B3F803205B791F
:10269000ADF80C108DF813304379ADF81120032BF1
:1026A000BAD19DF80C3083F002038DF80C30B3E7FB
:1026B000026803AB1068516803C3F2E700350120DC
:1026C00037B54C4B00211B6801934FF000030368A2
:1026D000044693F82050FEF7C7FF88B9022023680C
:1026E000E3B9454940F2F623444A4548F9F704F86E
:1026F0004448F9F701F840F2F6214048F8F7E2FFC4
:1027000009212046FEF7B0FF0028E7D00A21204625
:10271000FEF7AAFFC0F10600C0B2E0E783F8200090
:10272000236893F8203098425AD1062841D1062DCB
:1027300056D02046FEF76AFE90B92046FEF718FFF5
:1027400003686BB9304941F29E03304A2C48F8F7D0
:10275000D3FF2C48F8F7D0FF41F29E012B48CDE77C
:1027600020460821FEF7C4FF2046FEF74FFEB8BB07
:102770002046FEF725FE030732D407212046FEF748
:1027800073FF68B30B212046FEF76EFF40BB204667
:10279000FFF7FAFE174B1A68019B5A404FF00003EF
:1027A00001D018F0DDFB204603B0BDE83040FFF754
:1027B0008FBB062D14D120460821FEF7E1FF2046ED
:1027C000FEF724FE60B90B4B1A68019B5A404FF08C
:1027D0000003E6D1204603B0BDE83040FEF7F0BD6F
:1027E000044B1A68019B5A404FF00003D9D103B043
:1027F00030BD00BF00350120670D0300320D03001E
:1028000060F502007E0B0300D10D0300750D03007F
:102810002DE9F04F064685B01E4B01911B680393CE
:102820004FF00003FFF70CF8776867B34FF000082C
:102830004FF0180A07F164090AFB087393F8745003
:1028400003F1700BEB0715D548460199FEF754FECE
:10285000044678B16FF300058BF804503046FFF75B
:102860006DF90C4B1A68039B5A404FF000030CD0D3
:1028700018F076FB08F10108B8F1030F09F1180907
:10288000DAD10024EAE73C46E8E7204605B0BDE897
:10289000F08F00BF003501202DE9F0435E4B8BB077
:1028A00007461B6809934FF000030D4671B95B4959
:1028B00040F20F735A4A5B48F8F71EFF5A48F8F780
:1028C0001BFF40F20F715648F8F7FCFEFEF7B8FF09
:1028D0007C686CB900243846FFF730F94E4B1A6813
:1028E000099B5A404FF0000300F0918018F038FB2C
:1028F000284601A9FEF704FD94F82F30C3F34006E3
:102900009B071AD494F85F309807E3D54FF0FF384F
:1029100004F13409484605A9FEF7F2FC05A901A80F
:10292000FEF7EAFD00B1013629464846FEF7E4FD10
:102930000546002861D0012517E004F1040840464F
:1029400005A9FEF7DDFC05A901A8FEF7D5FD29467E
:1029500006464046FEF7D0FD0028D3D094F85F30FD
:102960009907C3F3400245D415464FF0300808FBE1
:1029700005F804EB080393F82F30DB0717D44FF06A
:10298000FF334FF0FF322948FEF744FF08F11401EE
:10299000DFF89C8021444046FEF760FCD8F8003008
:1029A00013B9244816F026FC2048FEF77DFF0B21C2
:1029B0003846FEF759FE80B94FF0FF324FF0FF3333
:1029C0001A48FEF727FF302101FB05411A48243140
:1029D000FEF744FC1548FEF767FF302303FB054470
:1029E00094F82F30012E6FF3410384F82F3009D073
:1029F000012470E74FF000088AE7B8F1000F7FF478
:102A000069AFB2E7384601A9FFF702FFF0E72046B9
:102A10000BB0BDE8F08300BF00350120D40F0300E8
:102A2000750D030060F502007E0B03008CD10020C1
:102A3000DCE40020F8DC0020CCE400201FB50C46CC
:102A40000F4B01901B6803934FF00003FEF7F8FE55
:102A5000204601A9FFF760FB18B121460198FFF756
:102A60001BFF0198FFF76AF8054B1A68039B5A4051
:102A70004FF0000301D018F073FA04B010BD00BF8E
:102A8000003501202DE9F3411F46254B16461B68F2
:102A900001934FF0000391F82F3005469A070C463A
:102AA00012D50B88022B0FD191F82C30012B0BD1B2
:102AB00001F104083A4641463046FEF7E9FC18B1F8
:102AC00041462846FFF7E8FE94F85F309B071DD586
:102AD000238E022B1AD194F85C30012B16D134349A
:102AE0003A4621463046FEF7D3FC78B10C4B1A68C3
:102AF000019B5A404FF0000301D018F031FA2146F3
:102B0000284602B0BDE8F041FFF7C6BE044B1A6884
:102B1000019B5A404FF00003EFD102B0BDE8F081B5
:102B2000003501202DE9FF413A4B1B6803934FF01C
:102B30000003FEF7FDFC00230746CDE901334FF00B
:102B4000FF324FF0FF333448FEF764FE334B1C680E
:102B5000BCB125684FF0FF36DFF8C080C4B13946FC
:102B6000204601F03FFA70B921464046FEF776FB59
:102B7000214601A8FEF754FB5DB32B682C461D4689
:102B8000ECE72546E6E7864228BF0646AC42F3D18D
:102B9000731C10D04FF4004440F2E73000214FF492
:102BA0007A720023E6FB0401F6F7AEF802460B4604
:102BB0001B4816F005FB1848FEF776FE019C54B939
:102BC000144B1A68039B5A404FF000031FD018F0B3
:102BD000C7F92B46D2E7206AFEF732FE94F825307B
:102BE00069466FF34103206A84F82530FFF72AF91C
:102BF00000280ADB206A94F82430009904F11002BE
:102C0000FFF740FF206AFEF799FF2468D7E704B07A
:102C1000BDE8F081003501208CD10020D4E40020F3
:102C2000C8DC00202DE9F74F334B81460D461B6869
:102C300001934FF000034FF0180B304CDFF8C0A0A9
:102C4000544546D92F4940F639032F4A2F48F8F703
:102C500053FD2F48F8F750FD40F639012A48F8F7A0
:102C600031FD2046FEF7ECFDD4F80480B8F1000FEA
:102C700004D12046FEF762FF3C34E1E7002608F16C
:102C800064070BFB068393F87430DB071BD537F81A
:102C9000043C022B17D1802239464846FEF7F8FB48
:102CA00088B105B12C60182505FB068520466035E6
:102CB000FEF744FF104B1A68019B5A404FF0000387
:102CC00015D018F04DF90136032E07F11807D8D1A9
:102CD000CFE70AD2002DC4D02B68002BC1D0A3426D
:102CE000BFD03C345445ADD8F6D30025E2E72846A2
:102CF00003B0BDE8F08F00BF0035012024D30020D1
:102D000060D300209F0D0300750D030060F50200E5
:102D100026FE020030B5054685B0294B01900C46D1
:102D20001B6803934FF00003FEF78AFD284602A9B3
:102D3000FFF788F800280CDA00240198FEF7FEFE61
:102D40001F4B1A68039B5A404FF0000335D018F010
:102D500007F92378FF2BEFD1204601A9FFF762FF87
:102D60000028E9D1029A92F8743013F0010308D0D8
:102D700092F88C30D9071ED592F8A430DB07DBD44B
:102D8000022318214B43D11891F8740040F0010040
:102D900081F874000220A1F8600003F1640120466C
:102DA0001144103450F8045BA04241F8045BF9D19F
:102DB0006033D418C1E70123E3E7204605B030BDF6
:102DC0000035012037B51D4B0C461B6801934FF0B1
:102DD0000003054670B91A494FF40763194A1A48A7
:102DE000F8F78AFC1948F8F787FC4FF40761154893
:102DF000F8F768FC61B9164940F67103114A1248A8
:102E0000F8F77AFC1148F8F777FC40F67101EEE725
:102E1000FEF716FD237D43F002032375074B1A6866
:102E2000019B5A404FF0000301D018F099F8284652
:102E300003B0BDE83040FEF781BE00BF0035012081
:102E4000610D0300750D030060F502007E0B0300A9
:102E5000D40F03002DE9F04306461F46474B87B0C9
:102E60000D4690461B6805934FF00003FEF7E8FC03
:102E700069463046FEF7E6FF002878DB746864B3E5
:102E800094F8CD309A0709D5284604F1B801FEF729
:102E900033FB18B194F8CC3043451CD094F8F5308E
:102EA0009B071AD5284604F1E001FEF725FBA0B1E7
:102EB00094F8F430434510D12823A8331C443046FD
:102EC000FEF73CFE2D4B1A68059B5A404FF000035D
:102ED0004FD018F045F80023EFE7009C002CEED00F
:102EE00094F8CD209007C2F3400304D594F8F53050
:102EF00099073CD401232821594301F1A80C21440E
:102F000091F8CD200DF1040E42F0020281F8CD209F
:102F100005F110092A467546A44481F8CC80C1F811
:102F2000C860F046106851680832A8E803004A45B6
:102F3000C646F6D10CF1100E0DF114082A4603CA4C
:102F40004245CEF80000CEF8041015460EF1080EEA
:102F5000F4D1282202FB03437A1C5742574193F8CD
:102F6000CD20644667F3000283F8CD20A7E7002454
:102F7000A5E7204607B0BDE8F08300BF003501207B
:102F8000F7B505461E4B0E4617461B6801934FF0DA
:102F90000003FEF755FC6C68ECB194F8CD309A074D
:102FA00006D53A46314604F1B800FEF771FAF0B999
:102FB00094F8F530C3F340029B071AD53A463146E0
:102FC00004F1E000FEF764FAA8B10123282202FB15
:102FD000034303F1A8042846FEF7B0FD084B1A6826
:102FE000019B5A404FF0000307D017F0B9FF0023B0
:102FF000ECE71446EFE70446EDE7204603B0F0BDEA
:10300000003501202DE9F3412E4B06460F461B6883
:1030100001934FF000032C4CDFF8B08044453FD9BA
:103020002B494FF41F632B4A2B48F8F765FB2B48BD
:10303000F8F762FB4FF41F612648F8F743FB204680
:10304000FEF7FEFB656835B395F8CD309A0707D5D6
:10305000394695F8CC2005F1B800FEF719FA58B9B1
:1030600095F8F5309B0716D5394695F8F42005F10B
:10307000E000FEF70DFA70B106B134602046FEF7AD
:103080005DFD01200F4B1A68019B5A404FF0000371
:1030900014D017F065FF2046FEF750FD3C34BDE725
:1030A0000AD2002ECBD03368002BC8D0A342C6D0A2
:1030B0003C344445B4D8F6D30020E3E702B0BDE881
:1030C000F08100BF0035012024D3002060D3002010
:1030D000B90D0300750D030060F5020026FE020025
:1030E00037B51E4B04461B6801934FF000034B1C81
:1030F0000D4629D04FF0FF334FF0FF321848FEF74E
:1031000089FB21461748FEF7A9F821461548FEF726
:1031100087F8FEF70DFA29460246204600F006FF22
:1031200000220023104816F04BF80C4B1A68019B44
:103130005A404FF0000301D017F012FF084803B0C7
:10314000BDE83040FEF7B0BB044B1A68019B5A4003
:103150004FF00003F0D103B030BD00BF00350120B7
:103160008CD10020D4E40020C8DC002013B5194B1A
:1031700004461B6801934FF0000390F825309B072D
:103180001ED54FF0FF334FF0FF321348FEF742FBDE
:1031900021461248FEF762F800222046114600F050
:1031A000C5FE0C4B1A68019B5A404FF0000301D03A
:1031B00017F0D6FE084802B0BDE81040FEF774BB19
:1031C000044B1A68019B5A404FF00003F0D102B043
:1031D00010BD00BF003501208CD10020D4E40020B8
:1031E0002DE9F34106462B4B0F4690461B68019391
:1031F0004FF00003FEF724FB7468002C43D094F8D2
:10320000CD309A0709D5394604F1B800FEF774F9B4
:1032100018B194F8CC30434532D094F8F530C3F36C
:1032200040059B0720D5394604F1E000FEF764F91C
:103230000546C8B194F8F430434524D1282001252F
:10324000A8302044FFF792FF282303FB054595F89B
:10325000CD303A466FF3410385F8CD3021464346E1
:103260003046FFF70FFC01253046FEF767FC094B9F
:103270001A68019B5A404FF0000306D017F070FE09
:1032800000200546DCE70025EEE7284602B0BDE851
:10329000F08100BF0035012073B5184B184C1B6836
:1032A00001934FF000034FF0FF324FF0FF3306461B
:1032B00014480D46FEF7AEFA94F82230A18813F0B8
:1032C0000103A26904F1080007D0022905D1964242
:1032D00003D12946FEF710F900B900240948FEF78A
:1032E000E3FA064B1A68019B5A404FF0000301D0E5
:1032F00017F036FE204602B070BD00BF0035012039
:10330000ECE400208CD1002037B5174B174C1B681C
:1033100001934FF000034FF0FF324FF0FF330546AB
:103320001348FEF777FA94F82230A088C3F34002DE
:1033300013F00103A16905D08AB1022802D115B1A9
:103340008D4200D000240A48FEF7AEFA064B1A68F8
:10335000019B5A404FF0000303D017F001FE1446C2
:10336000F1E7204603B030BD00350120ECE4002039
:103370008CD1002037B50C4B04460D461B680193D9
:103380004FF00003FEF7D4F8074BE06125841A687C
:10339000019B5A404FF0000301D017F0E1FD03B04C
:1033A000BDE83040FEF700BB00350120F7B5274BE4
:1033B000274C1B6801934FF0000307464FF0FF3383
:1033C000164624484FF0FF320D46FEF723FA94F8D4
:1033D0002230DA0735D40222A761A28043F001032C
:1033E0003EB323F00603134384F822302684FEF70D
:1033F0009FF82146E0611848FDF712FFE069FEF7EB
:10340000D3FA164C2B4610352246186859680833F3
:1034100003C2AB421446F7D10D4C0E48FEF744FAF6
:103420000A4B1A68019B5A404FF000030BD017F06B
:1034300097FD23F0060343F00403268484F822302A
:10344000DFE70024E9E7204603B0F0BD00350120A6
:10345000ECE400208CD10020E4E40020F4E400201F
:1034600037B50546174B4FF0FF321B6801934FF0FD
:10347000000315484FF0FF33FEF7CCF995F82240D2
:1034800014F001040FD029461048FDF7E7FE18B1EB
:10349000FEF74EF8FEF788FA012495F822306FF314
:1034A000000385F822300848FEF7FEF9054B1A683C
:1034B000019B5A404FF0000301D017F051FD204608
:1034C00003B030BD003501208CD10020E4E40020A1
:1034D00037B505460C4B1B6801934FF00003FEF710
:1034E000AFF96C680CB194F80D412846FEF726FB45
:1034F000054BE0B21A68019B5A404FF0000301D01F
:1035000017F02EFD03B030BD0035012037B504465D
:103510000D4B0D461B6801934FF00003FEF790F929
:1035200063680BB183F80D51074B1A68019B5A4031
:103530004FF0000301D017F013FD204603B0BDE8A3
:103540003040FEF7FBBA00BF0035012073B50646D8
:10355000294B0D461B6801934FF00003FEF770F9ED
:10356000746854B394F82F309A0732D56B1C08D185
:103570002388022B1BD094F85F3098072FD40024A7
:103580001BE094F92D30AB4208D094F85F309907D6
:10359000F5D594F95D30AB4221D0F0E72388022BBA
:1035A000F3D148F2FE03A2889A42EED104E048F239
:1035B000FE03A2889A42DED104343046FEF7BEFAFA
:1035C0000D4B1A68019B5A404FF0000311D017F0C1
:1035D000C7FC94F85F309A07D1D56B1CD9D1238EE4
:1035E000022BCCD148F2FE03A28E9A42C7D13434CA
:1035F000E3E7204602B070BD00350120F7B5464B29
:1036000004461B6801934FF0000300230D468DF81C
:10361000033071B9414940F62C33414A4148F8F72B
:103620006BF84148F8F768F840F62C313C48F8F759
:1036300049F848F2FE030A889A4236D00B78FF2BED
:1036400002D14B78022B30D004B3294620460DF12D
:103650000302FEF7A3FA04461CE0304629460DF1AA
:103660000302FEF79BFA002818BF04463C36BE4210
:103670000FD92E4940F63433294A2A48F8F73CF846
:103680002B48F8F739F840F63431CFE7294E2A4F66
:10369000EDE7E2D394B3204B1A68019B5A404FF0F8
:1036A000000332D1204603B0F0BD24B101212046F1
:1036B000FFF74CFFCFE7FEF765FB0121FFF746FF61
:1036C00004460028E7D11B4D1B4EB54215D91749BA
:1036D00040F64B33124A1348F8F70EF81448F8F73F
:1036E0000BF840F64B31A1E701212846FFF72EFFEA
:1036F00004460028CFD13C35E7E7F5D3064B1A68DE
:10370000019B5A404FF0000301D017F029FC03B091
:10371000BDE8F04000F0CCBF00350120020E0300F0
:10372000750D030060F502007E0B03009F0D030082
:1037300026FE020024D3002060D3002013B50146EA
:103740000020124B1B6801934FF000030090FFF71D
:1037500055FF044600F0ACFF84420CD1FEF712FB8B
:1037600000900A4B00981A68019B5A404FF00003E2
:1037700009D017F0F5FB69462046FEF7CDFC009B0B
:10378000002BEED1EAE702B010BD00BF00350120EA
:1037900037B50F4BD0F8F8401B6801934FF000038A
:1037A0006508FBF74FFC04EB4404C5EB5404B0FB85
:1037B000F4F303FB1400064B28441A68019B5A409B
:1037C0004FF0000301D017F0CBFB03B030BD00BFBA
:1037D0000035012037B50C4B04461B6801934FF0B0
:1037E00000030D46FDF7B0FD074B1A68019B5A40D8
:1037F0004FF0000301D017F0B3FB036829462046C1
:1038000003B0BDE83040184700350120F7B5174B2D
:1038100005461B6801934FF0000317464FF0FF3336
:103820004FF0FF3212480E46FDF7F4FF114B1B68B4
:103830000BB11C6843B90D4B1A68019B5A404FF0FD
:1038400000030DD017F08CFB3A46314628465B68E2
:1038500098471CB1226823461446EBE72246FAE754
:10386000034803B0BDE8F040FEF71EB80035012064
:103870008CD10020A8E30020F0B53C4B87B01B683A
:1038800005934FF00003002304460D46CDE90133B4
:1038900000295DD0364B1B68A3B1896A95F82C606E
:1038A00081B1062E0ED80DF10E03184632468DF862
:1038B0000D601BF021F895F82D3001908DF808600F
:1038C0008DF80930092120466F69FDF7CDFE0028EB
:1038D00047D074B9274940F28123274A2748F7F790
:1038E0000BFF2748F7F708FF40F281212248F7F73E
:1038F000E9FE0D212046FDF7B7FE38B94FF0FF3243
:103900004FF0FF3304F12800FDF784FF2046FDF758
:103910001BFD29464368204698470D210646204650
:10392000FDF7A2FE18B904F12800FDF7BDFF002E37
:1039300002DA284602F04CFC1FB131463846FDF74A
:103940001BFD019B23B13246204601A9FFF75EFF14
:10395000064B1A68059B5A404FF0000304D017F03D
:10396000FFFA6FF07206E4E707B0F0BD0035012002
:10397000A8E30020610D0300320D030060F5020092
:103980007E0B030013B50D4B91F83D001B680193AE
:103990004FF000030C4603F0C5F9084B1A68019B71
:1039A0005A404FF0000301D017F0DAFA2146A0691F
:1039B00002B0BDE81040FFF75FBF00BF0035012037
:1039C000F7B52B4B0C464F69092105461B6801933F
:1039D0004FF00003FDF748FE50B96FF072061FB1BB
:1039E00031463846FDF7C8FCA36AABBB022022E093
:1039F00004212846FDF738FE0028EED10121284693
:103A0000FDF732FE60B9236A53B9A069FDF7B0FD36
:103A10000368A0692362FDF7ABFD037984F82430C5
:103A200094F83330C3F30213022B0DD028462146FD
:103A3000FFF7A8FF00200E4B1A68019B5A404FF079
:103A4000000313D017F08CFA204606F06BF9022819
:103A500009D16FF00406C2E73246284604F1280176
:103A6000FFF7D4FEC2E70028E5D1DFE703B0F0BDE1
:103A70000035012007B5094B1B6801934FF0000387
:103A8000064B1A68019B5A404FF0000301D017F013
:103A900067FA012003B05DF804FB00BF0035012088
:103AA00007B5094B1B6801934FF00003064B1A68DA
:103AB000019B5A404FF0000301D017F051FA01204A
:103AC00003B05DF804FB00BF0035012007B50F4BC4
:103AD0001B6801934FF000030D4B984210D30D4A21
:103AE00090420DD2C01A0C4B801058430130074B46
:103AF0001A68019B5A404FF0000304D017F030FAC7
:103B00004FF0FF30F3E703B05DF804FB0035012010
:103B100024D3002060D30020EFEEEEEE37B505464B
:103B2000184B1B6801934FF00003FDF789FE00213D
:103B30002846FDF799FDF0B92846FDF705FC044637
:103B400030B1846824B101212846A047041E06DB59
:103B500028460021FDF7CCFD2846FEF7B1FD28469A
:103B6000FDF7ECFF074B1A68019B5A404FF000032A
:103B700004D017F0F5F96FF07704F0E7204603B0B2
:103B800030BD00BF0035012013B50F4B04461B6844
:103B900001934FF00003FDF739FC48B12046FDF7D3
:103BA00025FD8368986818B18047C31E5842584164
:103BB000054B1A68019B5A404FF0000301D017F0E3
:103BC000CFF902B010BD00BF0035012037B5134B4F
:103BD0000C461B6801934FF000030546A8B1A1B144
:103BE0000846F5F70BFA082812D8421C214605F1C1
:103BF00008001AF081FE0020084B1A68019B5A4009
:103C00004FF0000307D017F0ABF96FF01500F3E7A2
:103C10006FF05A00F0E703B030BD00BF003501205F
:103C200073B5224B05461B6801934FF00003002833
:103C300039D01F4C1F4EB44229D91F4941F2B2233B
:103C40001E4A1F48F7F758FD1E48F7F755FD41F289
:103C5000B2211A48F7F736FD2846F5F7CFF929467D
:103C6000024604F108001AF049FD70B90F4B1A68BA
:103C7000019B5A404FF0000301D017F071F9204624
:103C800002B0BDE87040FFF721BF3C34D3E7E3D377
:103C90006FF00100054B1A68019B5A404FF000037A
:103CA000EBD102B070BD6FF01500F3E700350120D5
:103CB00024D3002060D300209F0D0300750D030066
:103CC00060F5020026FE02002DE9FF475C4B5D4CCB
:103CD0001B6803934FF000034FF0FF324FF0FF33A8
:103CE0005948FDF797FD002603F032F8A046574DDE
:103CF000574FDFF86091AC4250D9574941F2133326
:103D0000564A5748F7F7F8FC5648F7F7F5FC41F2E2
:103D100013315248F7F7D6FC2046FDF767FCD0F880
:103D200008A0BAF1000F12D0DAF800307BB10721F9
:103D30002046FDF7DDFC04F1140014F0FFF904F156
:103D4000280014F0FBF92046DAF8003098470023E9
:103D50002046C4E902332374CDE9003301368DF8DF
:103D60000830FFF711FF38B13B6808215A1C3A6050
:103D700068464A4618F0F6FC9DF8003043B93A4AC6
:103D800068461368591C11600821384A18F0EAFC8B
:103D900020466946FFF71AFF3C34ACE7BCD3002E3F
:103DA0003ED03C23A5EB0805B5FBF3F5AE420CD0A5
:103DB0002F4941F22B33294A2948F7F79DFC2D481A
:103DC000F7F79AFC41F22B31A3E700242A492B484C
:103DD00015F032F92A4B2B492B48C3E9004415F062
:103DE0002BF92A4B2A492B48C3E9004415F024F942
:103DF00029492A4815F020F94023294D85F80D312D
:103E000047F230532846C5F8F830FFF7C1FC254982
:103E1000C5F8FC00244815F00FF9244BC3E9004411
:103E2000074B1A68039B5A404FF0000301D017F06C
:103E300097F8054804B0BDE8F047FDF735BD00BF71
:103E40000035012024D300208CD1002060D3002035
:103E50009CE30020060E03009F0D0300750D030078
:103E600060F5020026FE020098E300200D0E03001C
:103E7000130E03007E0B0300ED21010098DC0020EF
:103E8000CCE40020691F010068DC0020C4E40020AD
:103E9000D5180100F8DC0020252B0100C8DC00202B
:103EA000B0E300208D1C010028DD0020E4E40020A8
:103EB00037B5174B174C1B6801934FF00003164D95
:103EC000AC4218D9154941F25633154A1548F7F74F
:103ED00013FC1548F7F710FC41F256311048F7F77C
:103EE000F1FB03212046FDF7BFFB10B92046FFF789
:103EF00015FE3C34E4E7F4D3054B1A68019B5A40A5
:103F00004FF0000301D017F02BF803B030BD00BF15
:103F10000035012024D3002060D300209F0D030032
:103F2000750D030060F5020026FE020037B5164B42
:103F300005461B6801934FF00003426051B9C0E988
:103F40000211114B1A68019B5A404FF0000319D01F
:103F500017F006F84FF47A73A1FB03416FF00042AB
:103F600000232046F4F7D0FEC0EBC073E31A08BF6D
:103F70006FF00043E86009BF00F1FF30AB60AB6059
:103F8000E860DEE703B030BD00350120002273B5E4
:103F90006FF000451446124BC6681B6801934FF042
:103FA000000383684068E6FB0534091A581A64EB7D
:103FB000E171012871F100030DDB4FF47A720023E7
:103FC000F4F7A2FE064B1A68019B5A404FF000031B
:103FD00003D016F0C5FF1046F4E702B070BD00BF75
:103FE0000035012073B51D4AC56803461268019269
:103FF0004FF00002446875B16FF00046701A20441B
:1040000000280EDD154B1A68019B5A404FF0000343
:1040100022D016F0A5FF83681C44601A20EAE070E5
:10402000F0E76A1E01F10040DA6001309A685960D9
:10403000211A001B82429FBF9219023D5218DD6077
:104040008CBF89189A60DA6888BF99600AB9986845
:10405000D8E76FF00040D5E702B070BD0035012011
:1040600037B504461548006801904FF00000080974
:10407000FBB109281BD9A2F10A031844C0B204F805
:10408000010B002301F00F01092983BF0A3A8918A7
:10409000C9B230316370094B21701A68019B5A40D4
:1040A0004FF0000304F1010006D016F059FF303044
:1040B000E5E70028DDD1E4E703B030BD003501209D
:1040C0002DE9F34115461B4A0646126801924FF04E
:1040D000000248B30229DCB202D0082918BF062129
:1040E0004CB90020134B1A68019B5A404FF0000353
:1040F0001CD016F035FF28464FF03A0877180123F8
:1041000016F8011B4122FFF7ABFF033CBE420346FA
:10411000E4B200F8018B01D0002CF0D18542E0D050
:10412000002228461A70DDE70348DBE702B0BDE84D
:10413000F08100BF00350120280E03002DE9F74370
:104140006A4B01280C4616461B6801934FF000038A
:104150002DD10846F4F752FF23462044984212D14D
:1041600035460023033645F8013920460A226946C0
:1041700018F06CFB009C05F8010FAE4204F101043D
:10418000F3D1002009E013F8012BA2F13001092935
:10419000E4D92E2AE2D06FF01500544B1A68019B27
:1041A0005A404FF0000300F09D8016F0D9FE02281F
:1041B000F1D12E2120461AF077FA237800280CBF7F
:1041C000082706273A2B08BF01342046F4F716FFCC
:1041D00000224749824223DB0025A8462378002B92
:1041E000D9D03A2B41D010220021204618F02EFBC6
:1041F000102281460021204618F028FBC9F3072928
:1042000049EA002926F815903A2120461AF04CFA7E
:10421000D8B1441C0135AF42E0DC062FB1D140E0FB
:10422000A35CA3F13005092D09D9462B09D82D2B04
:10423000B1D92E3BDBB221FA03F3DB07ABD5013258
:10424000C8E7613B052BFAD9A5E77B1EAB42A2DC90
:104250000135BD429FDB062F93D19CE706EB45035A
:1042600006F8158083F801800135BD42F6DB3A215E
:1042700020461AF071FAA0422BD1062F10D0637895
:10428000002B3FF47EAF7D1E013010F8013D3A2B2C
:1042900002D1013DFFF47FAF8442F6D10134B9E78A
:1042A000013400250B362378002B3FF474AF002136
:1042B0000A22204618F0CAFA2E2106F8010F2046DD
:1042C0001AF0F2F950B10135042D00F10104EAD1E0
:1042D00057E7062F08BF00F1FF30D4E7032D7FF426
:1042E0005AAF4EE703B0BDE8F08300BF00350120B0
:1042F0000110F8012DE9F341454B11F001061B684F
:1043000001934FF0000352D1334640BA80B28C077C
:1043100008D5012A06D931F8024B023A2418204662
:1043200043F100030D4694464FF0000EBCF10F0F11
:1043300005F1100547D86FF00F05140905FB04229D
:1043400017464FEA041C01EB0414032F51D86FF0F9
:104350000305940805FB04242A406244012C01EB68
:10436000020506D98A5A023C1218104643F100038E
:104370000235012C07D12A78E90748BF120212182A
:10438000104643F10003020C42EA0342190C52EAC0
:10439000134380B235D10EB940BA80B21C4B1A68B3
:1043A000019B5A404FF000032FD016F0D9FD002397
:1043B000002AB7D011F8014B013A240224182046F4
:1043C00043F10003A3E755E90447E41955F8087CD5
:1043D0004EEB0E08E41955F8047C48F10008E41986
:1043E00048F1000724182046ACF1100C43EB0703FA
:1043F0009CE754F8045B043F2D18284643F1000362
:10440000A3E7801841F10003BDE702B0BDE8F081E9
:10441000003501202DE9F347454B05461B68019304
:104420004FF0000390F83330C3F30213022B79D11D
:1044300000228368002B4AD1D5E90387EB8E2846FA
:10444000CC1A95F83230E41A144401F083FF95F841
:10445000333095F8321003F0010643F0010385F87C
:104460003330A4B22039284602F0EAF82022296924
:104470002046FFF73FFFE98E04462031284602F030
:10448000DFF8EA6862B12B6953B1B2F81090D268D4
:104490009B1AA9EB0309D5F80CA0BAF1000F1AD1A9
:1044A000002C3CD064BAA4B2E04395F83330C5E99F
:1044B000038766F3000385F8333080B21C4B1A681B
:1044C000019B5A404FF000032ED016F049FD188A88
:1044D0005B680244AEE720464A462969FFF70AFFB7
:1044E000DAF804300446EB60002BD9D01A8A002A8F
:1044F000D6D0DA6819F0010F2A610DD01178013297
:104500000C44A4B22A61A142B3F8109084BF0134D4
:10451000A4B209F1FF39BEE7B3F81090BBE74FF63C
:10452000FF74C1E70020C9E702B0BDE8F08700BF13
:10453000003501202DE9F0475C4B8EB00C46174644
:104540001B680D934FF000030546002800F095808E
:10455000002900F092800078002868D05B282CD0D9
:104560002A460023481912F8011B21B13A2908BF35
:1045700001338242F7D1012B7FD02E2C28BF2E246D
:104580000026AB5D1BB10136B442FADC264600249E
:104590003246294601A81AF0AFF906F138030DEBAF
:1045A000030606F8344C02203A1D01A9FFF7C6FDA8
:1045B000A04262DB02233B8038E02E290B464FF0FD
:1045C000000628BF2E23AA5D1AB10136B342FADCD9
:1045D0001E4632465D2128461AF080F980460028A2
:1045E0004BD0691CA0EB010AB245A8BFB246002619
:1045F0000DF104092F23524648461AF016F80AF125
:1046000038036B4403F8346C022049463A1DFFF727
:1046100095FDB04231DB022325443B8008F10103C4
:10462000AB4203D298F801203A2A09D001201F4B4F
:104630001A680D9B5A404FF0000334D016F090FCDE
:10464000033CA4EB0A0408F10201B44217DC26463D
:104650002F233246484619F0E8FF06F138030DEBE8
:10466000030500230A2205F8343C6946484618F041
:10467000F3F9009B4B4508D138B90020D7E713F870
:10468000012F002AE4D00136DFE79DF80420002A3C
:10469000F3D01B78002BF0D1B0F5803F83B2ECD281
:1046A0005BBA7B80C2E70EB0BDE8F0870035012021
:1046B00007B5094B1B6801934FF00003064B1A68BE
:1046C000019B5A404FF0000301D016F049FC03480B
:1046D00003B05DF804FB00BF003501202CEF0200A1
:1046E00007B5104A0346126801924FF000020268B3
:1046F00082B9406880B99A681AB9D868B0FA80F06F
:104700004009084B1A68019B5A404FF0000305D03E
:1047100016F026FC0020F4E71046F2E703B05DF83F
:1047200004FB00BF0035012007B5124B1B68019345
:104730004FF0000370B910494FF4B4730F4A10489A
:10474000F6F7DAFF0F48F6F7D7FF4FF4B4710B48CE
:10475000F6F7B8FF074BB0F89E001A68019B5A4065
:104760004FF0000300F0010001D016F0F9FB03B098
:104770005DF804FB0035012023F80200170C03004C
:1047800060F502007E0B030007B5124B1B68019316
:104790004FF0000370B9104940F26F130F4A1048F0
:1047A000F6F7AAFF0F48F6F7A7FF40F26F110B4884
:1047B000F6F788FF074BB0F89E001A68019B5A4035
:1047C0004FF00003C0F3C02001D016F0C9FB03B0C6
:1047D0005DF804FB0035012023F80200170C0300EC
:1047E00060F502007E0B030007B5124B1B680193B6
:1047F0004FF0000370B9104940F2C3130F4A10483C
:10480000F6F77AFF0F48F6F777FF40F2C3110B482F
:10481000F6F758FF074BB0F89E001A68019B5A4004
:104820004FF00003C0F3410001D016F099FB03B034
:104830005DF804FB0035012023F80200170C03008B
:1048400060F502007E0B030007B5124B1B68019355
:104850004FF0000370B910494FF4F4730F4A104839
:10486000F6F74AFF0F48F6F747FF4FF4F4710B488D
:10487000F6F728FF074BB0F89E001A68019B5A40D4
:104880004FF00003C0F3C20001D016F069FB03B083
:104890005DF804FB0035012023F80200170C03002B
:1048A00060F502007E0B030007B5124B1B680193F5
:1048B0004FF0000370B9104940F213230F4A10481B
:1048C000F6F71AFF0F48F6F717FF40F213210B48CF
:1048D000F6F7F8FE074BB0F89E001A68019B5A40A5
:1048E0004FF00003C0F3811001D016F039FB03B084
:1048F0005DF804FB0035012023F80200170C0300CB
:1049000060F502007E0B030007B5124B1B68019394
:104910004FF0000370B9104940F28E230F4A10483F
:10492000F6F7EAFE0F48F6F7E7FE40F28E210B4855
:10493000F6F7C8FE90F9A000064B1A68019B5A4092
:104940004FF0000301D016F00BFB03B05DF804EB51
:10495000FDF7F2B90035012023F80200170C03001F
:1049600060F502007E0B03002DE9F04F1D4685B077
:104970003D4B0091064690461B6803934FF00003A1
:1049800000279DF838B09DF83C90384C2046FFF742
:10499000CBFE70B90137062F04F1A404F6D1002034
:1049A000314B1A68039B5A404FF0000358D016F061
:1049B000D7FAB4F89C30009A9342EBD1638C43450C
:1049C000E8D12046FFF7E0FED8B92B88022BE1D1D1
:1049D000D4F824A0BAF1000FDCD0238C022BD9D15B
:1049E0005046FFF77DFEA0B1B9F1000F03D094F857
:1049F0009A30002BCED1BBF1000F1DD16FF010000B
:104A0000CEE7002EE1D02046FFF77EFF8642C1D1DF
:104A1000DBE7291D08460191FFF762FE019988B185
:104A2000B9F1000F03D1BBF1000FB3D1E6E794F861
:104A30009A30002BF7D0ADE7281DFFF751FE002874
:104A4000A8D0DBE71022504619F01EFE0028A1D1A5
:104A5000B9F1000FD2D094F89A30002B9AD1CDE75B
:104A600005B0BDE8F08F00BF003501202CE5002027
:104A70002DE9FF41134B05460E461B6803934FF08B
:104A800000030027DFF84080FAF7DCFACDE9007771
:104A900040EA080464BAA4B233462246002095F8DE
:104AA0009C10FFF761FF1130EED0064B1A68039B94
:104AB0005A404FF0000301D016F052FA204604B0DD
:104AC000BDE8F081003501200080FFFF13B5134BD6
:104AD00004461B6801934FF00003084671B9104962
:104AE00040F29E230F4A1048F6F706FE0F48F6F7ED
:104AF00003FE40F29E210B48F6F7E4FDFEF7E6FFC9
:104B0000064B84F8A0001A68019B5A404FF000033E
:104B100001D016F025FA02B010BD00BF003501200B
:104B2000610D0300170C030060F502007E0B03000B
:104B300007B51B4B1B6801934FF0000370B919496F
:104B40004FF43873184A1948F6F7D6FD1848F6F7A7
:104B5000D3FD4FF438711448F6F7B4FD036863B918
:104B6000144940F2E123104A1048F6F7C5FD1048F9
:104B7000F6F7C2FD40F2E121EDE70C33D3E8AF0FC9
:104B8000074B08411A68019B5A404FF0000300F0A0
:104B9000010001D016F0E4F903B05DF804FB00BF9A
:104BA00000350120610D0300320D030060F50200A5
:104BB0007E0B0300670D030013B5094909680191D5
:104BC0004FF0000106490C6801994C404FF000017C
:104BD00001D016F0C5F902B0BDE8104013F0CCB911
:104BE0000035012007B5094B1B6801934FF0000306
:104BF000064B1A68019B5A404FF0000301D016F093
:104C0000AFF903B05DF804EB13F014B900350120DF
:104C10002DE9FF479846354B81460D4617461B68E0
:104C200003934FF000030026DDF830A0304C2046FF
:104C3000FFF77AFD10B1636C994542D00136062E1C
:104C400004F1A404F3D12B4940F68F032A4A2B48E0
:104C5000F6F752FD2A48F6F74FFD40F68F013FE088
:104C600004F10C064FF0FF334FF0FF323046FFF7F0
:104C7000A3FF2046A969FFF729FF6C61A36C63B904
:104C80003046FFF7AFFF0220184B1A68039B5A40CB
:104C90004FF0000327D016F063F904F1540013F02D
:104CA000A9FC30460026FFF79DFFCDF804A0009632
:104CB000204643463A462946D4F84890C8473046ED
:104CC000E2E7AB69002BCBD10E494FF409630A4AE6
:104CD0000A48F6F711FD0A48F6F70EFD4FF4096190
:104CE0000548F6F7EFFC04B0BDE8F0870035012079
:104CF0002CE5002023F80200320E030060F50200CC
:104D00007E0B0300610E030007B5094B90F89A0073
:104D10001B6801934FF00003054B1A68019B5A4032
:104D20004FF0000301D016F01BF903B05DF804FB4F
:104D30000035012007B5094B1B6801934FF00003B4
:104D4000064B1A68019B5A404FF0000301D016F041
:104D500007F9012003B05DF804FB00BF0035012016
:104D60002DE9F74F98465B4B02288B4691461B680E
:104D700001934FF000030CD898B96FF06904554BBC
:104D80001A68019B5A404FF0000300F09E8016F015
:104D9000E7F8033801288CBF6FF069046FF05F04F7
:104DA000EDE7012800F08880012906D0062A00F0EE
:104DB0008680022904D0032904D06FF06A04DEE75C
:104DC000112A7CD1B8F1000F7CD0434E4FF0FF3256
:104DD0004FF0FF33414813F063FC4FF0000A3746B1
:104DE0003046FFF7A1FC044660B10AF1010ABAF1AE
:104DF000060F06F1A406F3D16FF00104374813F053
:104E0000F9FBBCE7A4220146304602FB0AF519F083
:104E100080FDFCF7B7FFFF217B1983F8A01001216B
:104E2000A3F89E402E4B2B44D3E8EF0FC3E8EC1FB2
:104E3000BCF1000FF8D1A42202FB0A7A0BF1FF3378
:104E4000022BBAF89E3098BF4FEA8B141C4344F0F3
:104E50001004AAF89E40002405F12C00182200211D
:104E60003844AAF89C9019F054FD05F1200307EB93
:104E70000309FC5049463046C9E90144FFF7F8FDF3
:104E8000A9F80200A8B105F154004FF0FF3201214A
:104E9000384413F08DFB05F10C00384413F04EF943
:104EA000BAF89E3043F00103AAF89E30C8F80060BB
:104EB000A4E76FF06F04A1E76FF05F045FE76FF0A6
:104EC0007A045CE76FF0150459E7204603B0BDE8AB
:104ED000F08F00BF003501202CE5002014E50020F4
:104EE00034E5002007B50D4B1B6801934FF000031C
:104EF00000F10803D3E8EF0F0130C3E8E20F002A06
:104F0000F8D1064B1A68019B5A404FF0000301D0BC
:104F100016F026F803B05DF804FB00BF0035012051
:104F200037B504461A4B1B6801934FF0000300F19C
:104F30000803D3E8EF0F421EC3E8E12F0029F8D1A0
:104F4000012809D00138124B1A68019B5A404FF0D2
:104F500000031BD016F004F804F10C0528464FF0AE
:104F6000FF324FF0FF33FFF727FE606C18B102F0FD
:104F70004DFA00236364B4F89E30284623F00703FB
:104F8000A4F89E30FFF72EFE0020DCE703B030BD12
:104F90000035012073B51F4B04461B6801934FF089
:104FA000000370B91C494FF40A731C4A1C48F6F7F9
:104FB000A3FB1C48F6F7A0FB4FF40A711748F6F75D
:104FC00081FB194B984220D303F5767398421CD28B
:104FD000002500F10C064FF0FF324FF0FF33304652
:104FE000FFF7EAFD2046C4E912552565FFF798FF53
:104FF0003046FFF7F7FD2846064B1A68019B5A40DA
:105000004FF0000304D015F0ABFF6FF01500F3E78D
:1050100002B070BD0035012023F80200320E0300FB
:1050200060F502007E0B03002CE50020F0B5524B2A
:1050300085B004461B6803934FF000030E4671B918
:105040004E4940F2A2234E4A4E48F6F755FB4E48D1
:10505000F6F752FB40F2A2214948F6F733FB30B194
:105060004A4B984203D303F5767398420CD34849D0
:1050700040F2A323424A4348F6F73EFB4248F6F784
:105080003BFB40F2A321E7E7456C002D6AD10B887A
:10509000022B6AD1172A029567D9FFF775FB18B161
:1050A0002046FFF731FC02903379371DFF2B10D1DA
:1050B000384602A9FDF7B6FD002848D16FF001047B
:1050C0002D4B1A68039B5A404FF0000350D015F047
:1050D00047FF3846FFF704FB029B88B323B904F16E
:1050E0003000FEF72BFB0290FFF7E2FA0546029B29
:1050F000002B34D004F10C074FF0FF324FF0FF3398
:105100003846FFF759FD20460299FFF7DFFC0223DE
:10511000656223847288E2B194F89A300298019310
:1051200094F89930009394F89C103346FFF71CFCD8
:1051300090B97388638400243846FFF753FDBFE7B6
:1051400003B902AD29463846FCF7E6FFB4E7051D72
:10515000CDE7638C7380EEE76FF06F04ECE76FF0E0
:105160007C04ADE76FF07E04AAE76FF01504A7E7B3
:10517000204605B0F0BD00BF00350120D40F03006C
:10518000320E030060F502007E0B03002CE50020C8
:10519000740E030070B51C4B88B004461B6807935F
:1051A0004FF00003FFF750FB022827D1636A1BBBB7
:1051B000ADF80400FFF77CFA034602AD00F11006DB
:1051C0002A4618685968083303C2B3421546F7D116
:1051D00001A92046FFF74CFC1822ADF8060001A9F2
:1051E0002046FFF723FF084B1A68079B5A404FF0F1
:1051F000000306D015F0B4FE0020F4E76FF01500B0
:10520000F1E708B070BD00BF0035012013B51D4B9C
:1052100004461B6801934FF0000330B11A4B9842CB
:1052200003D303F5767398420ED3184940F2FA334C
:10523000174A1848F6F760FA1748F6F75DFA40F291
:10524000FA311348F6F73EFAFFF76EFAA8B10C34BC
:105250004FF0FF324FF0FF332046FFF7ADFC204602
:10526000FFF7C0FC6FF05E00064B1A68019B5A40C6
:105270004FF0000304D015F073FE6FF00800F3E761
:1052800002B010BD003501202CE50020740E030093
:10529000320E030060F502007E0B0300F7B51F46D7
:1052A000274B06460D461B6801934FF0000314463A
:1052B00082B9446A74B923494FF48863224A234867
:1052C000F6F71AFA2248F6F717FA4FF488611E48E3
:1052D000F6F7F8F92046FFF703FA10B92378FF2B09
:1052E00004D13946A869FEF789F9044696F8A13039
:1052F00095F83C0085F8353096F898309B0863F3B4
:10530000050085F83C0096F8983063F3871085F81F
:105310003C0096F898305B0985F83D30084B1A68D8
:10532000019B5A404FF0000301D015F019FE3A4698
:105330002146284603B0BDE8F04002F0E1BD00BFC1
:1053400000350120A00F0300320E030060F50200BB
:105350007E0B03002DE9F04F87B01C46DDE910B647
:10536000129B88460393974B17461B6805934FF093
:10537000000305469DF84C9030B1934B984203D3FF
:1053800003F5767398420ED3904940F2C563904A74
:105390009048F6F7B1F99048F6F7AEF940F2C561DA
:1053A0008B48F6F78FF9FFF7BFF9002800F002816C
:1053B000B9F1000F09D0BBF1000F06D1F4B9B8F173
:1053C000000F0CD16FF0780470E0002CFAD0284662
:1053D000FFF73AFA022858D06FF0150466E0284625
:1053E000FFF732FA0228F7D1D8F8004054B1C1468D
:1053F000D8F804B0BBF1170F07D8EDE72846FFF740
:1054000023FAE9E7C14605F12C0404F1040B5846E0
:10541000FFF766F90028D5D105F13000FFF760F9F4
:1054200050B12846FFF7B0F930B95846FEF786F973
:1054300001462846FFF74AFBB9F1000F05D027B90E
:105440003B46D9F80C108B4222D12846FFF75CFA74
:10545000824628BB039BEE646B602846FFF754FA34
:1054600006462846FFF7F0F9002102464FF40040B7
:10547000CDE900013046394695F89C3001F0BEF880
:10548000064618BB6FF0680410E04FF00009B1E762
:10549000D9F8082002EBC302526801331744D2E75F
:1054A0000021FFF745FB50B96FF07204454B1A68B5
:1054B000059B5A404FF000037FD015F051FD0821A5
:1054C0005046FFF735FB0028C4D1EDE7456195F85C
:1054D0009C1000F0DBFE8742824605D92846FFF784
:1054E000E3F902285BD05746B5F89C30112B59D10F
:1054F0002846FFF7A9F9022857D15B46002231461A
:105500002846B4F802A0FFF7C9FE041E17DB2846A0
:10551000FFF740FE044680B952463046698C05F0DC
:105520009DFE044648B9BA46B9F1000F1FD13A466C
:105530004146304601F052FB0446002C1BDA30464F
:1055400000F046FEB2E7D9F80830304603EBC4025B
:10555000526853F83410524528BF5246904601F025
:105560003DFB002824DBBAEB080A04D00134D9F84B
:105570000C309C42E7D3304600F0ECFE2846FFF7A3
:1055800063F9022804D1304695F89C1002F010FD12
:105590003046FBF7A3FD041ED1DB3C4686E76FF0E7
:1055A0000B04CCE76FF07A04C9E76FF01504C6E787
:1055B0000446C4E76FF0080478E7204607B0BDE86A
:1055C000F08F00BF003501202CE50020740E030091
:1055D000320E030060F502007E0B03002DE9F74F49
:1055E0001E46604B044691461B6801934FF0000332
:1055F0000D46DDF8388071B95B494FF48D635B4A25
:105600005B48F6F779F85B48F6F776F84FF48D616A
:105610005648F6F757F830B1574B984203D303F585
:10562000767398420CD3554940F269434F4A50482B
:10563000F6F762F84F48F6F75FF840F26941E7E79E
:1056400000F10C074FF0FF324FF0FF333846FFF701
:10565000B3FA2046FFF7C8F8012883466BD02046EE
:10566000FFF762F8002869D02046FFF7EDF8B5F89B
:1056700000A0824511D04FF48F633C4A40493C481A
:10568000F6F73AF82046FFF7DFF8298802463D484A
:10569000F6F732F84FF48F61BAE7BBF1030F50D041
:1056A000BAF1020F50D1B9F1170F4DD9B4F89C30AF
:1056B000062B03D194F83030FF2B48D004F1300092
:1056C00002462B1D05F1140153F804CB8B4242F81E
:1056D00004CBF9D16B88E3850223A385FFF700F89B
:1056E000B4F89E2020BB42F4807292B22046A4F807
:1056F0009E20FFF74FFD054670B902232384636A9D
:10570000002BFFD02046FFF7CFF8022822D11EB190
:10571000424600212046B0473846FFF763FA114B56
:105720001A68019B5A404FF0000316D015F018FC80
:1057300022F48072D9E76FF07705EDE76FF0080586
:10574000EAE76FF05E05E7E76FF01505E4E76FF055
:105750007C05E1E76FF08505DEE7284603B0BDE88C
:10576000F08F00BF00350120D40F0300320E03007C
:1057700060F502007E0B03002CE50020740E030090
:10578000D90F03000C10030037B5274B04461B68E4
:1057900001934FF0000330B1244B984203D303F53B
:1057A000767398420ED3224940F21953214A224877
:1057B000F5F7A2FF2148F5F79FFF40F219511D4868
:1057C000F5F780FFFEF7B0FF40B304F10C054FF092
:1057D000FF324FF0FF332846FFF7EEF92046FFF780
:1057E00003F8032804D02046FFF75EF8012812D101
:1057F000B4F89C30062B0CBF6FF07A0400242846C6
:10580000FFF7F0F9084B1A68019B5A404FF000036C
:1058100007D015F0A5FB6FF01504F0E76FF0080452
:10582000F0E7204603B030BD003501202CE5002014
:10583000740E0300320E030060F502007E0B0300BD
:105840002DE9F04304461F461F4B87B000F10C08BA
:105850001B6805934FF0000316464FF0FF334FF0DF
:10586000FF3240460D46DDF84090FFF7A5F9B4F849
:105870009E30DB0521D5E38DFBB12046FEF7E4FF2A
:10588000022814BF0023182300222046CDE90292EB
:10589000CDE90037324604F12C032946FFF75AFDC3
:1058A00004464046FFF79EF9074B1A68059B5A408D
:1058B0004FF0000304D015F053FB6FF07804F0E7CD
:1058C000204607B0BDE8F083003501202DE9F04106
:1058D0001E46174B86B000F10C0704461B68059363
:1058E0004FF000034FF0FF324FF0FF3338460D46C4
:1058F000DDF83880FFF760F90123CDE9028300234A
:1059000029461A46009320460196FFF723FD0446D8
:105910003846FFF767F9064B1A68059B5A404FF067
:10592000000301D015F01CFB204606B0BDE8F08155
:10593000003501202DE9F04F1F46194B87B000F1CB
:105940000C080446DDE9109A16461B6805934FF0D3
:1059500000034FF0FF324FF0FF3340460D46DDF8B5
:1059600050B0FFF729F90123324629462046CDE9F8
:1059700002B3CDE9009A3B46FFF7ECFC04464046F3
:10598000FFF730F9064B1A68059B5A404FF00003A9
:1059900001D015F0E5FA204607B0BDE8F08F00BF52
:1059A000003501202DE9F04F1F465E4B93B089462C
:1059B00090461B6811934FF000030446DDF870A079
:1059C00070B9594940F64113584A5948F5F794FEC1
:1059D0005848F5F791FE40F641115448F5F772FE2C
:1059E000FEF7A2FE002800F0958004F10C064FF0AF
:1059F000FF334FF0FF323046FFF7DEF8B4F89C304B
:105A0000112B40F08480182200210BA818F081FF90
:105A10002046FEF719FFADF82C00606C18B101F0BC
:105A2000F5FC002363642046FFF7B4FB054600281D
:105A300043D12046FEF708FF022866D1D4F824B0EF
:105A4000BBF1000F14D007AA13460BF1100C15463A
:105A5000DBF80000DBF804100BF1080B03C5E3458D
:105A60002A46F4D10FCB0CAD85E80F000DF12C0BBD
:105A7000658CADF82E50C4F848902046FEF7E4FE41
:105A800004F14403B4F89C90B4F89E20CDE904A33B
:105A9000294B6DBACDE90243ADB20195E38D12F405
:105AA00080725BBA9BB2C1B2009348465B4618BF96
:105AB00004F12C0201F05EFB0546002D19DB58EACB
:105AC000070316D05434204612F076FE3046FFF716
:105AD00089F842463B46204612F0E2FD4FF0FF3285
:105AE0000B304FF0FF33304608BF6FF07305FFF700
:105AF00063F83046FFF776F80A4B1A68119B5A4054
:105B00004FF0000309D015F02BFAAB46B3E76FF066
:105B10006A05EEE76FF00805EEE7284613B0BDE82A
:105B2000F08F00BF0035012023F80200320E030081
:105B300060F502007E0B0300114C010013B50F4B02
:105B400000F10C044FF0FF321B6801934FF000038B
:105B500020464FF0FF33FFF72FF82046FFF742F8BB
:105B6000064B1A68019B5A404FF0000301D015F014
:105B7000F7F96FF07A0002B010BD00BF00350120C8
:105B80002DE9F3411F46334B0D4616461B68019322
:105B90004FF00003044670B92F4940F692232F4A74
:105BA0002F48F5F7A9FD2F48F5F7A6FD40F69221FD
:105BB0002A48F5F787FD2C4B984243D303F57673BB
:105BC00098423FD200F10C084FF0FF324FF0FF3304
:105BD0004046FEF7F1FF691E0A290ED8DFE801F002
:105BE0002C2C2C2C2C2C2C061A232C00042F336844
:105BF00025D1FF2B23D884F8983000244046FEF7A7
:105C0000F1FF144B1A68019B5A404FF000031CD05F
:105C100015F0A6F9042F12D13368003B18BF0123F9
:105C200084F89930E9E7042F09D13368003B18BFA5
:105C3000012384F89A30E0E76FF08504DEE76FF027
:105C40001504DBE76FF01504DBE7204602B0BDE882
:105C5000F08100BF0035012023F80200320E03005E
:105C600060F502007E0B03002CE500202DE9F341D6
:105C70001C46324B0F4616461B6801934FF000033B
:105C8000054670B92E4940F6C9232E4A2E48F5F72D
:105C900033FD2E48F5F730FD40F6C9212948F5F7C8
:105CA00011FD2B4B984241D303F5767398423DD2B8
:105CB00000F10C084FF0FF324FF0FF334046FEF783
:105CC0007BFF791E0A290DD8DFE801F02A2A2A2A4B
:105CD0002A2A2A0619222A0095F8983033600CB136
:105CE0000423236000244046FEF77CFF134B1A6810
:105CF000019B5A404FF000031BD015F031F996B1CB
:105D00008CB12368042B0ED195F899203260E8E716
:105D10004EB144B12368042B05D195F89A20F5E7DC
:105D20006FF08504DFE76FF01504DCE76FF0150412
:105D3000DCE7204602B0BDE8F08100BF003501205D
:105D400023F80200320E030060F502007E0B030010
:105D50002CE5002007B50B4B1B6801934FF00003A7
:105D6000084B1A68019B5A404FF0000301D015F010
:105D7000F7F84FF0FF320121034803B05DF804EB60
:105D800012F016BC0035012014E5002037B504469A
:105D90000D46114B1B6801934FF00003C368586810
:105DA000E06030B18DB10C30F9F740FCE3680028B9
:105DB000F5D0E3685BB92361074B1A68019B5A4031
:105DC0004FF0000305D015F0CBF8008AEEE7DB6852
:105DD000F1E703B030BD00BF0035012037B5174BE8
:105DE0000446C0680D461B6801934FF00003D8B10C
:105DF00089B10C30F9F71AFCD4E90323D2689B1A55
:105E0000834211D10D4B1A68019B5A404FF0000399
:105E100003D015F0A5F8008AEEE72946204603B026
:105E2000BDE83040FFF7B2BF044B1A68019B5A40EF
:105E30004FF00003EDD103B030BD00BF00350120AD
:105E4000F7B504461F4B16461B6801934FF000033D
:105E500094F833300F46DA07C06818D4BEB10C305E
:105E6000F9F7E4FB0546D4E90303C2689B1A3B44F7
:105E7000AB421BD194F83330DB0712D4114B1A68B4
:105E8000019B5A404FF0000304D015F069F800263A
:105E9000058AE8E73146204603B0BDE8F040FFF749
:105EA00075BF0C30F9F7C2FBA842E7D923693B4420
:105EB0002361044B1A68019B5A404FF00003E4D160
:105EC00003B0F0BD003501202DE9F04F0024264637
:105ED00087B00D461E49834602A892461F460968B0
:105EE00005914FF0000115F0D9FBDDE9028952461A
:105EF0003B4658460194F9F75BFA0199044650B9BC
:105F0000F6B90026124B1A68059B5A404FF0000361
:105F10001AD015F025F806B981B14C60638A424663
:105F2000AB4288BF6582638A02A8ED1A4B4615F022
:105F3000EBFBDDE902A7002DD9D1E3E70646EDE74B
:105F40003046F9F74FFADCE7304607B0BDE8F08F8E
:105F50000035012007B5144B1B6801934FF0000377
:105F60008161A9B10B6873B9104940F2D133104A6D
:105F70001048F5F7C1FB1048F5F7BEFB40F2D131F0
:105F80000B48F5F79FFB5B7D80F8253080F82D30BE
:105F9000054B1A68019B5A404FF0000301D014F0E2
:105FA000DFFF03B05DF804FB00350120670D03003F
:105FB000320D030060F502007E0B030007B50C4AAA
:105FC0000346126801924FF00002002043B9084BCB
:105FD0001A68019B5A404FF0000305D014F0C0FF2F
:105FE0001A8A5B681044F1E703B05DF804FB00BF58
:105FF000003501202DE9F7439946514B04460F46E1
:1060000016461B6801934FF000039DF82880E36853
:10601000002B00F083800EB9304684E094F83330D2
:10602000204613F0010F0CBF41460021FFF7D6FEBA
:10603000E068002875D0B8F1000F27D094F833300D
:10604000DD0723D40C30F9F7F1FAD4E90323D26841
:106050009B1AC51A002D64D0B54228BF3546B9F148
:10606000000F24D09FB32A462069B8F1000F13D047
:10607000394618F041FC94F83330D90740D5012255
:1060800029462046FFF7DCFE7FB928E02369C26875
:10609000058A9B1AED1ADDE70146384618F02CFCFC
:1060A000424629462046FFF7CBFE2F440DE0C7B1FC
:1060B0002A463968206918F02CFCB8F1000F13D17A
:1060C000424629462046FFF7BBFE761B9FE7B8F104
:1060D000000F0FD1424629462046FFF7B1FE0027A8
:1060E000F3E7B8F1000FF5D094F83330DB0707D5AC
:1060F0000122E6E794F83330DA0701D50122EAE716
:10610000E06829460C30F9F761FA01222946204659
:10611000FFF796FEB9F1000FB6D1D6E7002E3FF497
:106120007BAF6FF06800064B1A68019B5A404FF036
:10613000000301D014F014FF03B0BDE8F08300BFEA
:106140000035012013B5114B1B6801934FF000037C
:10615000C0B100F11C03D3E8AF2F9AB1511CD3E8B2
:10616000EF4F944204D1C3E8EC1FBCF1000FF6D10D
:10617000F1D1064B1A68019B5A404FF0000303D03F
:1061800014F0EEFE0020F4E702B010BD003501204F
:1061900007B50E4B1B6801934FF000030B4B60B12A
:1061A0001A68019B5A404FF0000301D014F0D8FE4A
:1061B00003B05DF804EBF9F715B91A68019B5A4072
:1061C0004FF00003F2D103B05DF804FB003501206D
:1061D00013B51B4B04461B6801934FF0000328B313
:1061E00000F11C02D2E8AF3F03B3591ED2E8EF0F13
:1061F000984204D1C2E8EC1FBCF1000FF6D1F1D1F6
:10620000012B13DCA06808B1FFF7C2FF0C4B1A6822
:10621000019B5A404FF0000301D014F0A1FE21462B
:10622000606802B0BDE8104011F0BCBA044B1A68B7
:10623000019B5A404FF00003EFD102B010BD00BFE8
:106240000035012073B5104B04461B6801934FF0D5
:10625000000330B10026856865B9A068FFF7AEFE7F
:10626000301A094B1A68019B5A404FF0000308D0BE
:1062700014F076FE05F10C00F9F7D8F96D680644C4
:10628000EAE702B070BD00BF0035012037B51A4BF8
:1062900005461B6801934FF0000368B190F8333056
:1062A000806813F0700FC3F302140ED1FFF786FE5F
:1062B0002846FFF7C7FF001B0F4B1A68019B5A4087
:1062C0004FF0000315D014F04BFE022C0CBF282415
:1062D0000024112907D10834FFF770FEA0422CBF1B
:1062E0000024241AE4E7012901D03A29F4D1043426
:1062F000F2E703B030BD00BF00350120F7B5144B05
:10630000044680681B6801934FF000030546002790
:1063100040B90F4B1A68019B5A404FF0000314D04C
:1063200014F01EFE038A46683BB9A368834207D176
:10633000A6604760F9F756F8284605463046E7E775
:106340006B68834208BF6E60F3E703B0F0BD00BF27
:106350000035012007B50B4B1B6801934FF000037C
:106360008368C36003B1DB680361064B1A68019B55
:106370005A404FF0000301D014F0F2FD03B05DF875
:1063800004FB00BF0035012073B51B4905460968B1
:1063900001914FF0000116461C4611F0A1FA08B118
:1063A00000263446694632462346284611F07EF9D7
:1063B0000146D8B9009C4022204618F0AAFAFF22D4
:1063C000012384F83B200D4A20469542E361656035
:1063D00008BF84F83D30FFF7BDFF074B1A68019BEB
:1063E0005A404FF0000303D014F0BAFD0024F4E744
:1063F000204602B070BD00BF00350120D8D000207B
:1064000013B5134A0C46126801924FF000028268DD
:1064100072B90F4B81601A68019B5A404FF000031C
:1064200001D014F09DFD02B0BDE81040FFF792BF0F
:106430001046F9F717F8064B1A68019B5A404FF0BF
:106440000003EED1214602B0BDE81040F9F736B89E
:10645000003501202DE9F341DDE908453A4B0746B7
:1064600016461B6801934FF00003884629B922B9EC
:1064700090F8333013F0700F53D011F031FA08B1A7
:10648000002400253846FFF7DDFE97F8332040BB97
:1064900012F0700FC2F3021325D0022B0CBF282379
:1064A0000023112E17D1083308EB0301BB69C2F397
:1064B0000212DBB11B68C3B9244940F24343244AAA
:1064C0002448F5F719F92448F5F716F940F2434145
:1064D0001F48F5F7F7F8012E01D03A2EE4D1043326
:1064E000E2E70023E0E70346DEE71B8B022A22D126
:1064F000B3F5A06F38BF4FF4A063181A814228BFCC
:10650000014622462B467E68144D1548154CAE4276
:1065100008BF2046FFF7D8FC014670B13846FFF7A8
:106520006FFF0020084B1A68019B5A404FF0000390
:1065300006D014F015FD0B46DFE76FF00B00F1E716
:1065400002B0BDE8F08100BF00350120670D0300F7
:10655000320D030060F502007E0B0300D8D000204E
:10656000BCD20020F0D200202DE9F04F044689B0C3
:106570009A46DDE91467204B03911B6807934FF09F
:10658000000304A83B46154632469DF848B015F076
:1065900085F8DDE90489204632463B46FFF7F4FEE4
:1065A0000446D0B10399FFF7D5FC94F83330424646
:1065B0006AF3061384F8333004A84B4615F0A4F8A8
:1065C000DDE904675A4629462046CDE90067FFF712
:1065D00041FF18B12046FFF7FBFD0024064B1A6867
:1065E000079B5A404FF0000301D014F0B9FC20463D
:1065F00009B0BDE8F08F00BF0035012030B50E4C6A
:1066000087B0246805944FF00004DDE90A45009343
:10661000CDE9024513460A4601460848FFF7A4FFA4
:10662000054B1A68059B5A404FF0000301D014F047
:1066300097FC07B030BD00BF00350120D8D0002046
:106640001FB50C4B0A461B6803934FF00003012350
:10665000009300231946FFF7CDFC064B1A68039BF5
:106660005A404FF0000301D014F07AFC05B05DF8F9
:1066700004FB00BF00350120F7B5184B0E461B6820
:1066800001934FF0000313681746ABB1A0B18468C3
:1066900094B10025E268218A934216D350188342B0
:1066A00013D89B1A1D443046FFF754FE2946304646
:1066B000FFF7C6FF33693B60084B1A68019B5A40DD
:1066C0004FF0000307D014F04BFC64680D44ADB2EA
:1066D000002CDFD1F0E703B0F0BD00BF0035012092
:1066E000F7B5504B91F833201B6801934FF000032E
:1066F00090F833300546C3F3021363F3061281F8B2
:10670000332043690C464B6190F8323081F83230C7
:1067100090F83C2091F83C3062F3050381F83C305E
:1067200090F83C3091F83C209B0963F3871281F884
:106730003C2090F83D3081F83D3090F8342091F8BD
:10674000343062F3000381F8343090F8333091F83C
:106750003320C3F3400363F3410281F8332090F800
:106760003330D2B2C3F3800363F3820281F8332063
:1067700090F83330D2B2C3F3C00363F3C30281F89D
:10678000332090F8343091F83420C3F3C00363F31E
:10679000C30281F8342090F83430D2B2C3F38003BE
:1067A00063F3820281F83420038E0B868368BBB1C9
:1067B0008E68AEB1036A01F120020B62436A01F1F7
:1067C00028074B62836A8B62C36ACB6283689E42EE
:1067D00006D0FFF751FF3A4621462846FFF74CFF07
:1067E00095F83330C3F30213022B0FD195F83530EF
:1067F00084F83530EB8EE38695F83A3084F83A30F9
:106800002B8F238795F83B3084F83B30054B1A6873
:10681000019B5A404FF0000301D014F0A1FB03B0DC
:10682000F0BD00BF003501207FB50C4B03911B6804
:1068300005934FF00003012303A900930023FFF702
:10684000D9FB064B1A68059B5A404FF0000301D054
:1068500014F086FB07B05DF804FB00BF0035012093
:106860001FB50A4B1B6803934FF0000300230093EE
:106870000123FFF7BFFB054B1A68039B5A404FF0FB
:10688000000301D014F06CFB04B010BD00350120F2
:1068900013B50C460B4B042269461B6801934FF05D
:1068A0000003FFF7DDFF009B1BBA2360054B1A684E
:1068B000019B5A404FF0000301D014F051FB02B08D
:1068C00010BD00BF00350120F7B52F4B06460F461F
:1068D00014461B6801934FF00003F368002B4ED061
:1068E000FB68002B4BD00CB9204625E00121304637
:1068F000FFF774FA38460021FFF770FAF068C8B164
:10690000FA68BAB1158A3B69D2680C309B1AED1A45
:10691000F8F78CFE0346D6E90320D268A542A0EB27
:106920000202A3EB020301D9A3420ED89D4228BF65
:106930001D465DB96FF06800134B1A68019B5A4001
:106940004FF000031ED014F00BFB25462A46396990
:1069500017F0D2FF96F83330DB0704D4F0682946ED
:106960000C30F8F733FE012229463046FFF768FA6B
:10697000002229463846FFF763FA641BADE7002C76
:10698000B2D0D7E703B0F0BD0035012007B5104BFA
:106990001B6801934FF0000348B1C3689BB10069C5
:1069A00028B1D9681A8A401A101A5B6843B9084B93
:1069B0001A68019B5A404FF0000306D014F0D0FA39
:1069C0001A8A1044F1E71846F1E703B05DF804FBBA
:1069D0000035012007B5104B1B6801934FF00003F1
:1069E00083686BB90C4B002914BF6FF015000020B1
:1069F0001A68019B5A404FF0000309D014F0B0FA16
:106A00001A8A8A422ABF1982891A00215B68E8E73C
:106A100003B05DF804FB00BF0035012013B5124A36
:106A20000346126801924FF00002C268BAB10069D1
:106A300038B1996800238A420CD1D268801A034485
:106A400098B2094B1A68019B5A404FF0000308D0D6
:106A500014F086FA0C8A496823449BB2EBE710468F
:106A6000EFE702B010BD00BF003501202DE9F0476F
:106A70009846374B86B01B6805934FF000030D46D0
:106A800004469246FFF7CAFF0746A068FFF796FA4A
:106A90000023D4F8189094F83360024649462846FB
:106AA000CDE902A80093FFF75FFD06F00106054659
:106AB000F0B1D4E9039894F83330204643F0010351
:106AC00084F83330FFF746FCA068FFF777FA2146D9
:106AD00002462846FFF7F8FEA0B12846FFF778FBEC
:106AE00094F83330C4E9039866F3000384F8333034
:106AF0000025174B1A68059B5A404FF0000322D01F
:106B000014F02EFA95F83330204643F0010329465D
:106B100085F83330FFF7E4FD2846FFF71BFC1FB173
:106B200039462846FFF78CFD95F8333066F30003AD
:106B300085F8333094F83330C4E9039866F30003E2
:106B400084F83330D5E7284606B0BDE8F08700BFAB
:106B50000035012037B50A4C246801944FF0000439
:106B6000074C2568019C65404FF0000401D014F0EB
:106B7000F7F9416803B0BDE83040FFF777BF00BFC9
:106B80000035012013B5044690F83310124B01F084
:106B9000010181F001011B6801934FF00003FFF731
:106BA0001DF9E3689BB1206940B194F83320D20706
:106BB0004CBF1A8A5A8ADB68C01A101A064B1A6828
:106BC000019B5A404FF0000303D014F0C9F9184656
:106BD000F4E702B010BD00BF003501207FB5174BB0
:106BE00004461B6803934FF0000303690E46994265
:106BF000154613D1FFF7C6FFA8420FD30F4B1A68F3
:106C0000039B5A404FF0000301D014F0A9F9294624
:106C1000204604B0BDE87040FFF712BD01232A46AC
:106C2000009331462046FFF7E5F9044B1A68039BB1
:106C30005A404FF00003E8D104B070BD0035012088
:106C4000F7B5164B4E6804460D461B6801934FF08E
:106C50000003FFF797FF864203D823692B6028685B
:106C600010E094F833302968DB07F8D549B1D4E94E
:106C7000037620466A68FFF7F3FDC4E9037600282F
:106C8000EDD00020054B1A68019B5A404FF00003DD
:106C900001D014F065F903B0F0BD00BF003501204C
:106CA00007B50A4B1B6801934FF00003074B1A68A6
:106CB000019B5A404FF0000301D014F051F9D1E983
:106CC000001203B05DF804EBFFF788BF0035012028
:106CD00007B5084B1B6801934FF00003054B1A687A
:106CE000019B5A404FF0000301D014F039F903B072
:106CF0005DF804FB0035012013B5094B04461B6801
:106D000001934FF000034FF0FF324FF0FF33204666
:106D100011F0A0FB0028F6D0FAF768FAF3E700BFFD
:106D20000035012007B5094B1B6801934FF00003A4
:106D3000064B1A68019B5A404FF0000301D014F033
:106D40000FF9002003B05DF804FB00BF00350120FF
:106D500007B5084B1B6801934FF00003054B1A68F9
:106D6000019B5A404FF0000301D014F0F9F803B032
:106D70005DF804FB0035012030B5224B8DB01B6857
:106D80000B934FF00003204C204611F0BDFA4FF05A
:106D9000FF324FF0FF330025CDE906234FF0FF33DC
:106DA0000094CDE9033504F120004FF4BC62CDE935
:106DB0000155164B164910F0B3FE0446C0B12B46E0
:106DC0000821144A09A815F0CDFC204609A910F0A5
:106DD000A1FD0C4B1A680B9B5A404FF0000301D0E9
:106DE00014F0BEF820460DB0BDE8304010F0F4BD00
:106DF000044B1A680B9B5A404FF00003F0D10DB0C2
:106E000030BD00BF0035012058DD0020F96C0100C5
:106E1000B00001202E10030007B50B460A490246B8
:106E2000096801914FF0000107490868019948403D
:106E30004FF0000101D014F093F8044803B05DF85E
:106E400004EB11F099B800BF00350120A0D100205B
:106E500007B50A4B1B6801934FF00003074B1A68F4
:106E6000019B5A404FF0000301D014F079F8044818
:106E700003B05DF804EB10F0DDBF00BF003501206A
:106E8000A0D100202DE9FF416FF001051C4B074602
:106E900088464FF0FF304FF0FF311B6803934FF0EF
:106EA00000031646FFF7B8FF164B1C6854B9FFF7EE
:106EB000CFFF134B1A68039B5A404FF000031BD0BF
:106EC00014F04EF8227C33789A4213D1637C7278A6
:106ED0009A4200D073B9A36813B1BA69934209D139
:106EE000E368424600936568334639462046A84722
:106EF000051EDCDB2468D9E7284604B0BDE8F08134
:106F00000035012004E90020F7B51D46174B0F4658
:106F100016461B6801934FF00003044600B3FDB111
:106F20001422002117F0F5FC4FF0FF304FF0FF3135
:106F3000656027746674FFF76FFF0D4B1A68226057
:106F40005A681C6002B95C60FFF782FF0020074BA3
:106F50001A68019B5A404FF0000304D014F000F867
:106F60006FF01500F3E703B0F0BD00BF003501205E
:106F700004E900201FB50B4B1B6803934FF000037F
:106F80000223019101A9ADF80830FFF77BFF054B03
:106F90001A68039B5A404FF0000301D013F0E0FF42
:106FA00004B010BD0035012007B5104A0346126831
:106FB00001924FF00002026882B9406880B99A6875
:106FC0001AB9D868B0FA80F04009084B1A68019BDA
:106FD0005A404FF0000305D013F0C2FF0020F4E741
:106FE0001046F2E703B05DF804FB00BF0035012056
:106FF00007B5124B1B6801934FF0000370B910499D
:1070000040F28E230F4A1048F4F776FB0F48F4F74E
:1070100073FB40F28E210B48F4F754FB90F9A0006B
:10702000064B1A68019B5A404FF0000301D013F041
:1070300097FF03B05DF804EBFAF77EBE0035012040
:1070400023F80200170C030060F502007E0B03001A
:1070500007B50B460A490246096801914FF0000145
:1070600007490868019948404FF0000101D013F02A
:1070700077FF044803B05DF804EB10F07DBF00BF5C
:107080000035012028D1002007B50A4B1B68019369
:107090004FF00003074B1A68019B5A404FF0000362
:1070A00001D013F05DFF044803B05DF804EB10F06D
:1070B000C1BE00BF0035012028D1002037B5174CD4
:1070C00090F83300246801944FF000041488C0F352
:1070D000021084421CD1022C1CD10D68B3B10835BA
:1070E000141D2046FFF760FF38B9102229462046BC
:1070F00017F0CAFAB0FA80F04009084B1A68019BF1
:107100005A404FF0000307D013F02AFF1835E7E785
:107110000020F2E70120F0E703B030BD0035012088
:1071200013B50446114B482200211B6801934FF010
:10713000000317F0EEFB4FF0FF304FF0FF31FFF789
:1071400087FF0B4B1A6822605A681C6002B95C60AA
:10715000064B1A68019B5A404FF0000301D013F010
:10716000FFFE02B0BDE81040FFF78EBF00350120E2
:1071700014E900202DE9F04F8DB01E46BDF85C30BB
:1071800001900293DDE9187306931A9B8B460793CF
:107190001B9B154603939A4BBDF858901B680B93A5
:1071A0004FF0000377B33846FFF722FF8246384698
:1071B000FDF7AAFD00904FF0FF304FF0FF31FFF7D1
:1071C00047FF904B1C68002C00F08B80D4F80080A7
:1071D000029B5BBAADF812309BB20593331D089346
:1071E0009CB9FFF751FF4FF0FF304FF0FF31FFF731
:1071F0002FFF854B1C68002C77D1FFF745FF6FF000
:1072000001004DE0BA460097D5E7B4F84030019A46
:10721000934218D194F842305B4514D194F843302E
:1072200003F00402BEB109936AB13288022A0AD17E
:10723000A28B022A07D11022089804F1200117F02E
:1072400023FA099B48B1B8F1000F4CD0D8F80030B0
:1072500044469846C4E7002AF5D1E28B05998A4254
:10726000F1D103F002032DB3002BECD02B88022BBD
:10727000E9D1A388022BE6D1102204F10801281DD0
:1072800017F002FA0028DED1E28899FA99F39BB24E
:107290009A42D8D1A06BC0B9FFF7F6FE6FF06F002D
:1072A000574B1A680B9B5A404FF0000300F0A48024
:1072B00013F056FE002BC6D1009B002BE4D0A06B30
:1072C0000028E1D0FDF720FDDCE7BAF1000FE3D0A4
:1072D000B0F89E301B05DFD5FFF78AFE8245B2D19C
:1072E000DAE7A04674E74346B2E7596822688C4261
:1072F00008BF5A601A6000232360FFF7C5FE002D07
:1073000072D02B88022B71D12B46221D05F118015A
:1073100053F8040B8B4242F8040BF9D1281DFFF7F8
:1073200043FE80F001084FEA481848F002085FFA6F
:1073300088F8D6B13388022B58D1334604F11C02A9
:1073400006F1180153F8040B8B4242F8040BF9D1F3
:10735000301DFFF729FE08B948F0400848F004083E
:107360001DB12A8833889A4240D1B9F1000F05D067
:1073700099FA99F948F00808A4F80690029B23B1FD
:10738000BDF8123048F01008E383069B84F8438070
:107390006363079B84F842B0E363019BA763A4F88F
:1073A0004030039B03B11C6094F843304FF0FF3032
:1073B00043F0010384F843304FF0FF31FFF748FEFC
:1073C000104B1A6822605A681C6002B95C60FFF7B3
:1073D0005BFE3846FDF7AEFC94F8443060F30003E2
:1073E00084F8443000205BE7A846A2E72046FFF778
:1073F00097FE6FF0150053E70DB0BDE8F08F00BFAA
:10740000003501200CE9002014E9002013B5234BBE
:1074100004461B6801934FF00003214B984234D37C
:1074200003F59073984230D890F84330DB072FD59E
:107430004FF0FF314FF0FF30FFF70AFE0021194BEC
:107440001A6852B194421DD12268A9B959681A60CC
:107450008C4200D15A6000232360FFF715FE2046BE
:10746000FFF75EFE00200D4B1A68019B5A404FF05B
:10747000000310D013F074FD0A605A68944208BFEC
:107480005960E8E711461268DBE76FF01500EAE79C
:107490006FF00100E7E702B010BD00BF003501202A
:1074A0001CE900200CE900202DE9F04F99468BB033
:1074B0006E4B06921B6809934FF0000390F833302F
:1074C0000546C3F302130493013B012B0E4600F261
:1074D0008D80069B112B15BF4FF0000AD9F80030A4
:1074E000CDF814A01A8804BF0592B3F802A0049B3B
:1074F000022B2ED1086800210830FAF70DFE3468FF
:107500000746102204F1180104F1080017F0BCF836
:1075100000B117B1059B534568D0237EA3F1FF0C42
:10752000DCF1000343EB0C034FF0000B0393504BD3
:10753000D8461C684FF0FF33079364B9039B002BB8
:107540006FD0BBF1000F7CD02846FEF741FE2046ED
:107550004DE00023E8E7A06B88BB94F84230002B95
:1075600038D1B4F84030069A934231D1E38813B150
:10757000059A93422CD1E38B0BB1534528D194F853
:107580004370B90706D5012331462846221DFFF76F
:1075900095FDE8B17A0707D500233146284604F166
:1075A0001C02FFF78BFD98B1079B07F07807BB42E1
:1075B0000EDA039B93B93BB2A046079308E0B0F8FC
:1075C0009E301F05C9D5AF69FFF712FD8742C4D0B1
:1075D0002468B2E7049A9342C3D0F9E740F6CD425B
:1075E00000232846FFF7B6FA074648B902201F4B8A
:1075F0001A68099B5A404FF0000334D013F0B0FCD6
:10760000E36B0146009332464B462046D4F834C023
:10761000E047022802D13846FEF7DAFDDDF80CB06B
:10762000D6E7B8F1000F0FD195F83330C3F302134A
:10763000022BDBD1434604220121284600F024F925
:10764000D4E7B8F1000FD1D0D8F83C3032460093DF
:1076500029464B464046D8F83440A047831E58423E
:1076600058414000C3E70BB0BDE8F08F0035012062
:107670000CE9002013B5124B124A1B6801934FF01E
:1076800000030023C2E900330F4A1846114614468E
:107690000133042B086002F1480202D0084611466B
:1076A000F6E70A4B0A4AC3E90024054B1A68019B16
:1076B0005A404FF0000301D013F052FC02B010BD4D
:1076C000003501200CE900201CE9002014E900200D
:1076D000F4E90020F0B51B4B85B01B6803934FF015
:1076E0000003042300270E460DEB03010446CDE9F9
:1076F0000173FFF7A5FA0546F0B18770C770A0695E
:10770000FCF7B8F900B956B13A212046FCF782FEE1
:10771000688094F8343043F0080384F8343020460D
:1077200001A9FFF7BDFA074B1A68039B5A404FF0B7
:10773000000304D013F014FC6FF06800F3E705B009
:10774000F0BD00BF00350120F0B5144B85B01B68BB
:1077500003934FF00003042300250F460DEB0301B4
:1077600004461646CDE90153FFF76AFA80B1077067
:1077700046708570C57001A92046FFF791FA074B46
:107780001A68039B5A404FF0000304D013F0E8FB43
:107790006FF06800F3E705B0F0BD00BF00350120D1
:1077A000F0B5384B166885B01B6803934FF00003A3
:1077B000B388CA8E5BBA9B1A043B9FB21BB2032BE1
:1077C0000D460ADC6FF004052E4B1A68039B5A40E5
:1077D0004FF0000352D013F0C3FB4FF400420023DC
:1077E000CDE9002339463A230222A869FEF706FFB5
:1077F00004460028E6D0337E06F11801FF2B03D1A2
:10780000A869FBF7FBFE01460023A362236295F8FB
:107810003C2094F83C30204662F3050384F83C3069
:1078200095F83C3094F83C209B0963F3871284F868
:107830003C2006F1080200F063FB024618B1204626
:10784000FEF7C6FCBEE781212046FFF77DFF00283A
:10785000F5D129463A462046FFF736F80546002876
:10786000EDD12046FEF776FD3A21204600F0A0FB40
:107870002046F9F733FC0028A6DAE0E7284605B0F1
:10788000F0BD00BF003501202DE9F04799466B4B54
:1078900088B01B6807934FF0000305462823002497
:1078A00088469246CDE90343FEF754FD284603A9D6
:1078B000FFF7C6F90746002800F0B68083793A2B17
:1078C0001ED104230499284605940693FEF7B8FEBA
:1078D000284605A9FFF7B4F918B190F90030A34282
:1078E0000BDB6FF01505554B1A68079B5A404FF09C
:1078F000000300F09F8013F033FB2846FEF72AFDBB
:10790000BB79112B59D0062B59D00020AB68002B26
:107910004FD1022295F82430002402FB03014FF4DA
:107920000043CDE9003404313A23A869FEF766FE2E
:10793000044600287BD095F82420296AFFF74EF9E9
:10794000061E31DBA3682046DB68A36295F82C2075
:10795000A96AFFF743F9061E26DBA06895F82C10EC
:107960000C30F7F7E7FDA06850F80C3F236295F85C
:107970002410F7F7DFFD95F82C3007F1180184F893
:10798000243095F8243084F82C303B7EFF2B03D133
:10799000A069FBF733FE0146204607F1080200F01C
:1079A000AFFA70B16FF004062046FEF711FC3546C1
:1079B00099E71A8A5B681044A9E73020A9E73C20C0
:1079C000A7E7414652462046FFF7BEFE0146002883
:1079D000E8D1B8F1040F22D199FA89F34246204642
:1079E00005A90593FFF7FAF806462046FEF72AFC9C
:1079F0000246002ED8D129462046FEF765FF0546EF
:107A00000028D1D12046FEF7A5FC3A21204600F0FF
:107A1000CFFA2046F9F762FB0028C5DB63E70422B2
:107A20002046FEF701FFDFE76FF004055BE76FF02C
:107A30000B0558E7284608B0BDE8F087003501205F
:107A40007FB51B4B00221B6803934FF000030423F8
:107A50000E460DEB03010446CDE90123FFF7F0F8D4
:107A6000054648B90220124B1A68039B5A404FF052
:107A700000031AD013F074FAA069FCF711F868B982
:107A800002992046FEF7DCFD2A4631462046FFF7E4
:107A900071FA2046FEF79CFB0020E4E73A212046DD
:107AA000FCF7B8FC0028EBD0DCE704B070BD00BFE9
:107AB0000035012007B50B4B1B6801934FF0000305
:107AC000084B1A68019B5A404FF0000301D013F095
:107AD00047FA00228021044B044803B05DF804EB10
:107AE000FFF712BA00350120A17701003CEA00201F
:107AF00007B5134B07291B6801934FF000030CDDFA
:107B000010493E23104A1148F3F7F6FD1048F3F7E9
:107B1000F3FD3E210C48F3F7D5FD828843881344DA
:107B2000143301FB0300064B1A68019B5A404FF0C7
:107B3000000301D013F014FA03B05DF804FB00BF9A
:107B400000350120631003003710030060F50200C8
:107B50007E0B030007B5114B1B6801934FF0000328
:107B60000378013BDBB2037073B9036963B10B4A5D
:107B70001168019A51404FF0000201D013F0F0F962
:107B800003B05DF804EB1847044B1A68019B5A4098
:107B90004FF00003F2D103B05DF804FB0035012083
:107BA00007B50A4A094B126801924FF000020278A9
:107BB000013202701A68019B5A404FF0000301D055
:107BC00013F0CEF903B05DF804FB00BF00350120CF
:107BD00073B5124B05461B6801934FF00003002458
:107BE0000689A64201DC00200AE021462868FFF74A
:107BF0007FFF03786BB900F11403C36001230370A6
:107C0000064B1A68019B5A404FF0000303D013F053
:107C1000A7F90134E5E702B070BD00BF00350120CF
:107C20002DE9F74F364B80461B6801934FF0000358
:107C300043788A46FF2B16465BD1324F4FF0FF3513
:107C40000024BB466A1C97F808900CD1B9F1000FCC
:107C50000CD1072C04F1010307F109072BD02546AD
:107C60001C4697F80890B9F1000F1AD032793068A5
:107C7000B91C16F009FDA0B904EBC4035B4409F17B
:107C8000010983F8089088F801400020C8F808A08E
:107C90001B4B1A68019B5A404FF000032CD013F085
:107CA0005FF90134082C07F10907CBD16B1C03D114
:107CB0006FF00100ECE7072505EBC5000BEB0003B7
:107CC0001A7AEC0001321A7288F801503168327960
:107CD00031B1062A04D8023058445A7016F00CFE0E
:107CE000317963190BEB0302517072790BF80320A1
:107CF000CBE76FF07700CBE703B0BDE8F08F00BFB4
:107D0000003501206AF4002037B5254B02461B6878
:107D100001934FF000034378FF2B3BD0072B0CD986
:107D200020499023204A2148F3F7E6FC2048F3F746
:107D3000E3FC90211C48F3F7C5FC1E4903EBC30389
:107D40000B44187A50B91C499123174A1748F3F786
:107D5000D3FC1748F3F7D0FC9121EBE701381872F8
:107D6000547804EBC4030B44187A30B90923022574
:107D700013FB04535C18C850A080FF2300205370ED
:107D80009060074B1A68019B5A404FF0000304D0E3
:107D900013F0E6F86FF07700F3E703B030BD00BFF3
:107DA000003501205E1003003710030060F502006B
:107DB0007E0B03006AF400206B10030013B5134B15
:107DC000072804461B6801934FF000030ED9B62321
:107DD0000F4A10491048F3F78FFC21460F4808223C
:107DE000F3F78AFCB6210A48F3F76CFC074B00EB6B
:107DF000C0041A68019B5A404FF000030848204411
:107E000001D013F0ADF802B010BD00BF0035012065
:107E1000371003006310030060F5020091100300A7
:107E20006AF4002007B5104A0346126801924FF029
:107E3000000202688AB9406888B99A6822B9D8688D
:107E400000F17F4358425841074B1A68019B5A4042
:107E50004FF0000305D013F083F80020F4E710463C
:107E6000F2E703B05DF804FB0035012007B5154BC0
:107E70004A881B6801934FF0000343889A421CD143
:107E80008A8883889A4218D1CA88C3889A4214D1B2
:107E90004B684268934210D1826893420DD1C36807
:107EA000C868C31A58425841064B1A68019B5A4089
:107EB0004FF0000303D013F053F80020F4E703B0B1
:107EC0005DF804FB0035012007B50C4B1B680193DE
:107ED0004FF0000301F1100351F8042B994240F8D0
:107EE000042BF9D1054B1A68019B5A404FF000034F
:107EF00001D013F035F803B05DF804FB0035012024
:107F00002DE9FF41294B4FF000081B6803934FF008
:107F1000000328230E4601A905461746CDE9018333
:107F2000FEF78EFE0446D0B395F83C2080F8028020
:107F300002F03F039B0043EA92121B0943F06003E7
:107F400012010370427080F8038080F8048080F88A
:107F5000058080F8068095F83530C3711BB9A86993
:107F6000FBF7B6FAE071394604F11800FFF7ACFFF1
:107F7000314604F10800FFF7A7FF282385F83230C7
:107F800000232846EB8601A9FEF78AFE074B1A68F4
:107F9000039B5A404FF0000304D012F0E1FF6FF052
:107FA0006800F3E704B0BDE8F08100BF00350120B0
:107FB0007FB52A4B00251B6803934FF0000328234D
:107FC000CDE9015390F833300E4643F0010380F8B9
:107FD000333001A90446FEF733FE50B96FF0680054
:107FE0001E4B1A68039B5A404FF0000333D012F027
:107FF000B7FF2B46A268D2B9283BC3F3072242EA57
:108000000323838094F83B3001A9FF2B08BF33463C
:1080100083712046FEF744FE94F83B30FF2B0AD1D3
:10802000112E0FD10021204603F046F9D8E7118A1E
:1080300052680B44DFE72046E18EFEF701FB002883
:10804000EED0CBE73A2E04D100212046FFF742FBC9
:10805000C6E70020C4E704B070BD00BF00350120B2
:108060002DE9F04FA24B8FB01B680D934FF000032A
:1080700000262823CDE9076309AB0B9308230446A8
:1080800088460C9383690393836883B9204607A9C4
:10809000FEF7D6FD054670B90220954B1A680D9B78
:1080A0005A404FF0000300F0DF8112F059FF1A8AA6
:1080B0005B681644E9E787887FBABFB22837BE42BB
:1080C000EADB03DD39462046FEF784FCAB6833B9B2
:1080D000EB6823B92B6913B96B69002BDCD02B7AC1
:1080E000FF2BD9D095F8189005F11806B9F1FF0FBC
:1080F00002D16B7E002BCFD0B8F1000F48D02B7887
:108100006A781B0143EA1213DAB2C3F3850343EA28
:10811000821384F83C30AB79002184F83B3028236B
:10812000022284F83230A368E186DB68DB7984F8C8
:10813000353094F8333062F3061384F833302B7EF5
:10814000FF2B69D03046F9F7E7FF002861D13146AF
:10815000A06905AB04AA02F079FF00284CD0049B6B
:10816000002B40D0DB68A361002B3CD01B68002BA8
:1081700034D1604940F2D1335F4A6048F3F7BCFA2A
:108180005F48F3F7B9FA40F2D1315B48F3F79AFA56
:108190003046FFF747FE00287FF47EAF05F1080068
:1081A000FFF740FE00287FF477AFB9F1FF0F03D14E
:1081B0006B7E012B3FF470AFFCF77AFA0146304634
:1081C000FFF754FE00289AD02B7EFF2B97D16B7EB1
:1081D000052B3FF461AF082B91D15DE75B7D84F8FF
:1081E000253084F82D302046059902F06DFF0028D7
:1081F000FFF652AF002050E70690314606A8FAF786
:1082000001FF00283FF448AF2046069902F0D0FF56
:10821000EDE72B7EFF2B02D16B7E012B50D1204648
:108220000899FEF70DFA95F80690B9F12C0F5AD07F
:108230003ED8B9F1000F58D0A9F12B08D8F10006AB
:1082400046EB0806B6004FF006084FF0000AB9F1F9
:108250003A0FA4F8388000F0E980B9F1110F00F06E
:10826000E580B9F1060F00F0E180B9F13B0F3FF472
:1082700013AF2046FEF7D2FB0122804604A9204618
:10828000FEF7EEFA00287FF407AF9DF810302C2B94
:1082900000F0968038D82BB12B2B03D0112B39D07E
:1082A000062B37D02046FEF7B9FB0122431EB8E06B
:1082B000A9F13C0CDCF1000646EB0C067600C2E7A7
:1082C000022B05D130460F49FFF7D0FD0028A6D17B
:1082D000304603A9FAF7A6FC00283FF4DDAE037D83
:1082E00098079CD4D8E60826ADE70126ABE700BF87
:1082F00000350120670D0300320D030060F5020018
:108300007E0B03005CEF02003C2B5FD1B10751D420
:1083100046F00206B9F1000F02D0B9F13C0FC1D10D
:1083200000230122204606A91FFA87FB8DF818308A
:10833000FEF796FA00287FF4AFAE9DF818300133AF
:10834000BBEBC30F4FEAC309FFF4A6AE4FF0020B1D
:10835000A9F1030301932046FEF760FB0122009080
:1083600005A92046FEF77CFA00287FF495AE9DF81B
:1083700014208ABB9DF81420B2B3012A9DF818106E
:1083800037D0019B8B427FF787AE02F0C002802A74
:1083900045D0C02A3FD0002A7FF47EAE2046FEF7AB
:1083A0004FF900287FF478AE9DF8182002320BEBCD
:1083B00002031BE072063FF575AF46F04006A9E7E1
:1083C00033073FF56FAF46F00806A3E7A3F13B0282
:1083D000012A9FD93A2B64E70122204606A9FEF71D
:1083E0003FFA0028C6D057E60BF101031FFA83FBC2
:1083F00007E08A1C0BEB020320461FFA83FBFEF703
:108400001FF9D945A7D8D1441FFA89FA5FFA88F82D
:108410009DF810901BE72B7EFF2B3FF43DAE022210
:10842000009B04212046FFF72FFA35E6B9F1110F22
:10843000A4F836A008D0B9F13A0F7FF42DAE294642
:108440002046FFF7FDFA28E620460BA902F07EFF42
:10845000059000283FF420AE4A46204605AB06A909
:108460000695FFF721F818E60FB0BDE8F08F00BFC2
:1084700007B50A4B1B6801934FF0000301F036FE6D
:10848000064B1A68019B5A404FF0000301D012F0CE
:1084900067FD03B05DF804EB02F016B9003501206A
:1084A00007B5104A0346126801924FF000020268B5
:1084B00082B9406880B99A681AB9D868B0FA80F071
:1084C0004009084B1A68019B5A404FF0000305D041
:1084D00012F046FD0020F4E71046F2E703B05DF825
:1084E00004FB00BF0035012007B5084B1B68019352
:1084F0004FF00003054B1A68019B5A404FF00003F0
:1085000001D012F02DFD03B05DF804FB0035012011
:1085100013B50D4B00221B6801934FF0000300239D
:108520000446C0E90A23006818B1FDF751FE002394
:108530002360054B1A68019B5A404FF0000301D09D
:1085400012F00EFD02B010BD0035012037B5124B00
:108550000446C0681B6801934FF00003FFF7D8FF83
:10856000002000210025E368C3E90601E3682046F6
:108570001D62FFF7EFFA084B1A68019B5A404FF053
:10858000000301D012F0ECFC2946204603B0BDE800
:108590003040FFF7B9BB00BF0035012007B50F4BD6
:1085A0001B6801934FF0000313F062F84FF47A72E6
:1085B000A0FB020302FB0131084BC00B1A68019BB0
:1085C0005A404FF0000340EA41404FEAD13101D018
:1085D00012F0C6FC03B05DF804FB00BF00350120BB
:1085E000F7B51D46284B14461B6801934FF0000356
:1085F000064630B1C768FFF7D1FFC7E90601F36847
:108600001C62224812F0A2FE4FF47A72A0FB020311
:1086100002FB013147F6FF73C01841F10001C00BA6
:1086200050EA414003D0844275F1000323DA291E49
:108630002246BCBF0022114640F2E733C90341EA9B
:108640005241D203D01841F100014FF47A72002355
:10865000F0F75AFB0B460C4902460868019948405E
:108660004FF0000101D012F07BFC094803B0BDE8D7
:10867000F04010F0A5BD044B1A68019B5A404FF022
:108680000003F0D103B0F0BD0035012068DE00200A
:1086900058DE00202DE9F04F2F4B85B01B68039367
:1086A0004FF00003FFF77AFF00268A464FF00008DC
:1086B0004FF00009294D01902B7863B3EF6857B351
:1086C000D7E90A4154EA010325D0019B14F57A74D5
:1086D00041F10001E41A61EB0A0B012C7BF100016E
:1086E00027DB1F4812F032FE084314D140F2E73373
:1086F0004FEACB3141EA5441E403E0184FF47A7277
:108700004FF0000341F10001F0F7FEFA02460B467C
:10871000144810F055FD0136082E05F15405CBD153
:108720000D4B1A68039B5A404FF0000311D012F012
:1087300017FC3868C7E90A890028ECD0FDF748FD26
:108740003868FDF745FD002328463B60FFF702FA35
:10875000E1E705B0BDE8F08F00350120E4C8002056
:1087600038DE002028DE002073B51446174A0D4677
:10877000126801924FF0000269468DF80030022223
:10878000E30806468DF80130FEF728FA48B10020CC
:108790000E4B1A68019B5A404FF0000313D012F0A1
:1087A000DFFB296830462A79FEF718FA01460028CF
:1087B000EDD12B793046E21A023AFEF735F8B0FADD
:1087C00080F04009E4E702B070BD00BF0035012031
:1087D00073B5184B16461B6801934FF00003062330
:1087E000537090F824200C469A4228BF1A46B11CB8
:1087F00072700546FEF734F8A8B97378E1000239C3
:10880000C91A11F0FF0110D02846FDF719FFB0FA80
:1088100080F04009074B1A68019B5A404FF0000353
:1088200005D012F09DFB0020F4E70120F2E702B032
:1088300070BD00BF0035012007B50C4B1B680193CC
:108840004FF0000301F1100351F8042B994240F856
:10885000042BF9D1054B1A68019B5A404FF00003D5
:1088600001D012F07DFB03B05DF804FB0035012060
:1088700007B5184B1B6801934FF0000370B91649F8
:108880004FF47473154A1648F2F736FF1548F2F79D
:1088900033FF4FF474711148F2F714FF006860B9A8
:1088A000114940F2D1330D4A0D48F2F725FF0D482A
:1088B000F2F722FF40F2D131EDE7064B10301A6893
:1088C000019B5A404FF0000301D012F049FB03B066
:1088D0005DF804FB00350120610D0300320D03003B
:1088E00060F502007E0B0300670D030013B504461C
:1088F0000C4B08461B6801934FF00003A16131B196
:10890000FFF7B6FF437984F8253084F82D30054B06
:108910001A68019B5A404FF0000301D012F020FB6F
:1089200002B010BD0035012007B5124B1B68019342
:108930004FF0000370B910494FF4D4630F4A104848
:10894000F2F7DAFE0F48F2F7D7FE4FF4D4610B4886
:10895000F2F7B8FE406808B1D0F8FC00054B1A6881
:10896000019B5A404FF0000301D012F0F9FA03B016
:108970005DF804FB00350120610D0300320D03009A
:1089800060F502007E0B030007B51B4B1B680193CB
:108990004FF0000370B919494FF43873184A194859
:1089A000F2F7AAFE1848F2F7A7FE4FF43871144800
:1089B000F2F788FE036863B9144940F2E123104AD4
:1089C0001048F2F799FE1048F2F796FE40F2E121C6
:1089D000EDE70C33D3E8AF0F074B08411A68019B52
:1089E0005A404FF0000300F0010001D012F0B8FA35
:1089F00003B05DF804FB00BF00350120610D0300EA
:108A0000320D030060F502007E0B0300670D0300CA
:108A100000B50F4B89B041781B6807934FF00003F6
:108A20000C4A18230230FBF74BFB0B4A0346182174
:108A300001A813F097FE064B1A68079B5A404FF0A7
:108A4000000301D012F08CFA09B05DF804FB00BFFE
:108A500000350120B2F40020EB1E03002DE9F341A4
:108A6000164B174C074688461B6801934FF00003CE
:108A700000262546237853B117B1A3689F4206D13B
:108A8000E06810224146043015F0FEFD70B1013659
:108A9000082E04F15404EDD10020084B1A68019B04
:108AA0005A404FF0000305D012F05AFA542303FB4A
:108AB0000650F2E702B0BDE8F08100BF00350120AA
:108AC000E4C8002007B5094B1B6801934FF0000371
:108AD000064B1A68019B5A404FF0000301D012F078
:108AE0003FFA03B05DF804EBFDF7AABD00350120A5
:108AF00073B5114D2D6801954FF0000598B191B1F6
:108B0000062A10D80C4B42701C68019B5C404FF049
:108B1000000300F1020001D012F022FA02B0BDE819
:108B2000704015F0E9BE044B1A68019B5A404FF0A3
:108B30000003F1D102B070BD0035012007B5084B2C
:108B40001B6801934FF00003054B1A68019B5A40C4
:108B50004FF0000301D012F003FA03B05DF804FBFC
:108B600000350120F7B5294B04461B6801934FF0EF
:108B70000003C36893F830208A420FD0052A0DD035
:108B800083F83010C26892F83030022B06D1204DA5
:108B90002B68991C0BD0591C296093631B4B1A68D6
:108BA000019B5A404FF0000328D103B0F0BD4FF0B5
:108BB000FF324FF0FF3317480FF072FD00235426A9
:108BC0001A461946144F2B6006FB01F0385C48B179
:108BD000E06838B190F830C0BCF1020F02BF012349
:108BE0008263013201310829EED103B12A60074BBB
:108BF0001A68019B5A404FF0000301D012F0B0F9FF
:108C0000044803B0BDE8F0400FF0F4BC003501208B
:108C1000A4EA00208CEA0020E4C800202DE9F041FD
:108C20009846254B86B0064624480D4617461B68D5
:108C300005934FF00003FEF7CBFF044678B3FF2304
:108C400001AA437013468660C66805F1100E94466B
:108C5000286869680835ACE8030075456246F6D1B6
:108C6000351D05AA1E4603CE96422860696033462C
:108C700005F10805F6D141462046FFF773FFE3688A
:108C8000002083F8357000230021E2681360E26859
:108C9000C2E90A01E268C2E90601E2681362064B12
:108CA0001A68059B5A404FF0000301D012F058F9A2
:108CB000204606B0BDE8F08100350120D8C800206C
:108CC00073B50F4B05460E461B6801934FF000032A
:108CD000FFF7C4FE044638B13146284602F00AF8D0
:108CE0002046FFF733FC0120054B1A68019B5A40D0
:108CF0004FF0000301D012F033F902B070BD00BF95
:108D0000003501202DE9F3479A46324B0746884645
:108D100091461B6801934FF00003FFF79FFE044646
:108D200000284BD153464A4641463846FFF776FF66
:108D30000446002842D14FF0FF324FF0FF3326485F
:108D40000FF0AEFC4FF0FF32244E1546334631781B
:108D500081B1F16871B191F8350058B991F83000DE
:108D6000022807D1681C896B02D10A46254601E01A
:108D70009142FAD30134082C06F15406E7D16A1C5B
:108D800007D0542202FB0533D96898680431FFF7F5
:108D900097FF11480FF02EFC0E4B1A68019B5A40AA
:108DA0004FF0000301D012F0DBF853464A4641462B
:108DB000384602B0BDE8F047FFF730BF054B1A68F0
:108DC000019B5A404FF00003EDD1204602B0BDE8B0
:108DD000F08700BF003501208CEA0020E4C80020A5
:108DE00007B5094B1B6801934FF00003064B1A6847
:108DF000019B5A404FF0000301D012F0B1F803B0CC
:108E00005DF804EBFFF72ABE003501202DE9F0479D
:108E100098463E4B86B01B6805934FF00003924680
:108E2000142300220746CDE903230D469DF8389010
:108E3000FFF71EFD40F6CD4200230679CDE9002361
:108E4000093606F0F8063A230222384606F11401E4
:108E5000FDF7D4FB0446002850D0FF235246294694
:108E600080F83530FFF74CF8024668B16FF06805BE
:108E70002046FDF7ADF9254B1A68059B5A404FF087
:108E800000033ED012F06CF888212046FEF75CFC0F
:108E900082460028EAD1204603A9FDF7D1FE054607
:108EA0000028E3D013225146013015F032FD284648
:108EB000414600F8049BFFF7BFFC204603A9FDF7DD
:108EC000EFFE05460028D1D13846FFF7D1FC02233A
:108ED000014632462046FFF747FC0028C6D0204610
:108EE000FDF738FA3A212046FFF762F82046F8F7F6
:108EF000F5F80028BFDA6FF01505B9E76FF00B053C
:108F0000B9E7284606B0BDE8F08700BF003501206C
:108F100013B5144B0C461B6801934FF00003FFF789
:108F200003FD024670B9104940F2FC530F4A104845
:108F3000F2F7E2FB0F48F2F7DFFB40F2FC510B487F
:108F4000F2F7C0FB074B1968019B59404FF0000333
:108F500001D012F005F80023204602B0BDE8104011
:108F6000FFF73EBB00350120D0100300A410030022
:108F700060F50200D51003002DE9F0411E46AB4B11
:108F80008AB01B6809934FF0000300241423CDE935
:108F9000014302230D46D2F800808A68CDF80CD038
:108FA00004938AB90B21A869A4B2FFF7EDFC78B14C
:108FB0006FF004009D4B1A68099B5A404FF0000364
:108FC00000F0368111F0CCFF138A52681C44E8E7A8
:108FD000284601A9FDF734FE07460028E8D0412CB9
:108FE0000DD998F80730FF2B09D10379FF2B06D054
:108FF00003785B0606D598F81830FF2B02D17378FA
:10900000002BD5D102992846FFF75CFD1423284692
:1090100085F83A3003A9FDF713FE4FF000082C3C09
:10902000A4B228B143781BB195F83A10A14213D3EA
:109030003C1D2146A869F9F74FF940B390F92D304E
:10904000002BB5D148F2FE03BA88A8699A42AFD086
:109050002146F9F7F3FCABE70278022A07D1EA8E42
:1090600095F8328006320A4490441FFA88F801EBE2
:10907000C303DBB28B4285F83A3099D9049928466C
:10908000FFF720FD284603A9FDF7DAFDC9E72146D1
:10909000CDE90700A869FFF7E1FC0446002887D066
:1090A000B8F1000F2CD14378FF2B81D06078FEF708
:1090B00085FE064600283FF47BAFE36893F8303026
:1090C000B8F1000F4ED1002B3FF472AF3B789806F9
:1090D00000F1A1803B78E268DB0982F83530E36873
:1090E0001D685DB12846F7F7F9FF002880F29A80E5
:1090F000E068FFF70DFA2846FDF76AF8002059E707
:1091000095F8243028468DF81D30FDF723F94146A7
:109110002846FDF795FA00287FF44AAF0DF11E06A8
:10912000314628469DF81D20FDF79AFB00287FF464
:109130003FAF6378FF2BB9D19DF81D302046A96958
:1091400005AA8DF818300596FEF76AFD18B120467D
:10915000FFF7FCF92CE76078FEF730FE06460028A2
:109160003FF426AF7278B11C0DF11E0015F08CFA99
:10917000E36893F8302002BB40B13046FFF748FC6B
:10918000304672780DF11E01FFF7B2FC3B785E06A7
:1091900043D501212046FFF7E5FC002300200021F4
:1091A000E26882F83430E268C2E90601E2681362DC
:1091B0002146A869FFF7ACFE8CE73B78990610D4EE
:1091C00038B1012A7FF4F4AE02212046FFF7CAFC31
:1091D000EEE6B8F1000F3FF47DAF5B067FF57AAFA6
:1091E0000CE0C0B13046FFF713FC727830460DF149
:1091F0001E01FFF77DFC3B785A060ED50121204663
:10920000FFF7B0FC002000210022E368C3E906015B
:10921000E3681A62CCE73B78DFE702212046FFF7DC
:10922000A1FC57E70022E3681A6064E700350120DB
:109230000AB0BDE8F08100BF2DE9F04F1546794A2C
:109240008BB0126809924FF000020E4614220021E2
:1092500007469B46CDE90312DDF850909DF854A0D7
:10926000EBB940F2FF230593ADF818B0ADF81AB092
:10927000ADF81CB04FF48073ADF81E30FF238DF8AD
:10928000203099F80D3099F80F208DF8213099F899
:109290000E3043EA0223ADF822300DF1140B3846AC
:1092A000FFF7E6FA90F80480BAF1000F27D0FBF739
:1092B000FFF94FF00008054640F6CD42002338463E
:1092C000CDE9002308F114013A230222FDF796F9B3
:1092D0000446002800F09180FF235A46294680F872
:1092E0003530FEF70DFE0246C8B116B13046FCF728
:1092F0006FFF2046FCF76CFF6FF0680574E025B93E
:1093000049463846FAF77AF905462846FFF7C8F87D
:1093100000287AD108F1090808F0F808CCE787217D
:109320002046FEF711FA05460028DED1204603A9A3
:10933000FDF786FC0028D8D0057045708570C57093
:1093400049460430FFF778FA204603A9FDF7A8FC48
:1093500005460028C9D1BAF1000F0AD13846FFF7F7
:1093600087FA0123014642462046FFF7FDF900280F
:10937000BBD02046FCF7EEFF3A212046FEF718FE50
:10938000002338461A464946FFF7BCFC074600282A
:10939000ABD026B3D0F80C80D8F80030002BA5D184
:1093A0003046FCF7CFFEC8F80000FE68FFF7F6F87D
:1093B000C6E90A011C4811F0C9FF084308D020463D
:1093C000F7F78CFE00280FDAF868FFF7A1F890E7AE
:1093D0004FF40042002315480FF0F2FEEFE720465D
:1093E000F7F77CFE002884DB0E4B1A68099B5A4075
:1093F0004FF0000311D011F0B3FD16B96FF00B055B
:10940000F2E73046FCF7E4FEF8E716B96FF0150511
:10941000EAE73046FCF7DCFEF8E728460BB0BDE88B
:10942000F08F00BF0035012038DE002028DE00204C
:109430002DE9FF4115461A46264B07461B68039344
:109440004FF000039DF828308846FFF75BFC044688
:1094500090B305B32A463946FEF7E2FB78301AD1BD
:10946000E36893F83030052B26D06078FEF7A6FC31
:109470002A7906462968023015F006F9B8B1304657
:10948000FFF7C6FA30462A792968FFF731FB022137
:109490002046FFF767FBE36893F8303063B91A465C
:1094A00019463846CDE90083FFF7C6FE04E0E368BD
:1094B00093F83030002BEAD0064B1A68039B5A40D1
:1094C0004FF0000301D011F04BFD204604B0BDE881
:1094D000F08100BF003501202DE9F04F9846B34BD5
:1094E0009DB01B681B934FF000030C460C2300211A
:1094F000CDE9091305AB0B93022317680A46A06850
:109500000C9388B90B21A06995B2FFF73DFA78B1A9
:109510006FF00400A54B1A681B9B5A404FF00003E4
:1095200000F0AB8211F01CFD038A40681A44E8E7A2
:10953000204609A9FDF784FB06460028E8D0392D0E
:1095400007D9FB79FF2B04D148F2FE033A899A42EE
:1095500003D098F80130002BDAD10A992046FFF7A2
:10956000B1FA75683178B6F80290D6F808A02DBA2D
:1095700011B1A069F9F7CAFF8D4B6A1E9A4225D234
:10958000D4F818804046FFF7CFF9A8421ED0B8F1B2
:10959000000F0ED1874940F28C63874A8748F2F763
:1095A000ABF88748F2F7A8F840F28C618248F2F7EE
:1095B00089F8D8F804300BB1C3F8F850A3695D6896
:1095C00025B12846FAF7E4F8C5F8FC00BAF1000F17
:1095D00013D0A369B26863B976494FF4DA63764A67
:1095E0007648F2F789F87648F2F786F84FF4DA61B0
:1095F000DCE75B680BB1C3F800210C230BA984F8EE
:109600003A302046FDF71CFB0022A3680546D968C6
:1096100000920123A0690831FFF70AFF4FF0020A08
:109620000646A5B9083799FA99F53946A069ADB249
:10963000F9F732FE002800F01A82B9F1000F40F06D
:10964000F781F9F70DFF002E00F00C82F8E12046BB
:109650000C99FFF737FA95F80080B8F1050F7AD02A
:109660006D7811D8B8F1010F52D0B8F1030F00F0A6
:10967000AB806FF001010823204603FB0511FCF7C6
:10968000DFFF002861D043E7B8F1180F00F08681B2
:10969000B8F1190FEDD107AB0D9306230021162267
:1096A0000DF14E000E9315F034F913AB0F93002318
:1096B00020460DA9ADF84CA01093FDF7C1FA002883
:1096C0003FF426AF20460E99FFF7FCF90028FFF67D
:1096D0001FAF05F10055013DEB074FEAC5083FF507
:1096E00017AF1022204614A9FDF7BAF80028FFF69C
:1096F0000FAF2046A8F11001FCF7A2FF00287FF46D
:1097000007AF02F0EDF800210FAA02F07DF81CE08F
:109710002946204613AAFFF75BF800283FF4F8AE6D
:109720009DF84D300DAA8DF838300DF14E030D9394
:10973000A368D968CDF800A04346A0690831FFF7B7
:1097400077FE064600283FF4E3AE20460BA9FDF75E
:1097500077FA054665E702212046FCF771FF0028ED
:109760007FF4D6AE204606A9FDF792F800287FF4D4
:10977000CFAE069BA3F5A062B2F57B4FBFF4C8AE97
:10978000A2699BB2002AE0D0126862B90D4940F28A
:109790005543094A0948F1F7AFFF0948F1F7ACFF13
:1097A00040F2554102E71383CFE700BF00350120A7
:1097B00080EE3600610D0300320D030060F50200FB
:1097C0007E0B0300670D0300042D7FF4A1AE13ABE5
:1097D0000D931E2320460DA90E93FDF731FA054681
:1097E00000283FF495AE20460E99FFF76BF9D5F8A7
:1097F0000280D5F8063098FA88F21BBA9A42A4D3B0
:1098000048F2FE03EA899A429FD095F90130002B75
:1098100027DAAB461BF80E2BA0695946F9F7B0FBC7
:1098200040B9D5F80230E3B159462A78A069F9F772
:1098300011FBB0B1D5F8023063B1013390F8253097
:109840005ED06FF3000380F82530D5F80210F9F7E9
:1098500047FC06E090F8242000F11001A069F9F718
:10986000BFFC6B785A067FF570AFB8F1000F3FF47C
:109870006CAF2B78402B7FF468AF102200210FA82B
:1098800015F047F8A069FEF7F3FF48F2FE030F93C7
:10989000002210920379062B37D0082B54D0022BCC
:1098A00011D14379012B0ED11192FF238DF847304E
:1098B000FE23ADF8483003681B788DF84A30036802
:1098C0005B788DF84B30D5F80E00D5F812100FAB41
:1098D00003C300210FA8F8F71FFCD5F802808346C8
:1098E000002850D090F82C30012B4CD1B8F1FF3F1C
:1098F00030D190F82F3043F001038BF82F3024E75C
:1099000043F0010380F82530ABE703681A889B78A1
:10991000ADF844208DF84630FF238DF84730FE2304
:109920008DF848300368B3F80320ADF849205B791F
:109930008DF84B304379032BC5D19DF8443083F02B
:1099400002038DF84430BEE7026811AB106851681D
:1099500003C3F2E7B8F5E15F09D9D5F8021058461C
:10996000F8F7FAFC9BF82F306FF30003C5E7FEF71A
:1099700015FE01460BF11400FAF708FB4045ECD345
:109980004FF4E151EBE7B8F1FF3F0CBF0023434632
:109990000122A0690FA9F8F719FDD6E6013DEDB245
:1099A000022D3FF6B5AD07AB0D9306231022002123
:1099B00013A80E9314F0ADFF20460DA9FDF740F952
:1099C000039000283FF4A4AD20460E99FFF77AF8E3
:1099D0000028FFF69DAD039BEA0093F800B0D3F892
:1099E00002805B782046C3F3C10302F0F80213A99A
:1099F0000393FCF735FF0028FFF68AADA069B8F1A4
:109A0000000F08D113A900F0E3FF00283FF49DAE3A
:109A100001F0B4F899E6A3680399DB6898FA88F234
:109A2000CDE9002108335A4613A901F0F7F98CE675
:109A3000AEB10122F368294683F83520F9F79AFC84
:109A4000F368186870B1F7F749FB002803DAF36888
:109A50001868FCF7BDFBF068FEF75AFD02E02946E6
:109A6000F9F788FCA069F8F727FB002052E52A46A1
:109A70003946A069F9F79AFCE5E51DB0BDE8F08F1D
:109A80002DE9F0479846974B90B01B680F934FF025
:109A9000000300261423CDE9036302AB05930223E0
:109AA0000D4614688A680693002A74D10B21A869B0
:109AB000B6B28DF82020FEF767FF00285FD1284658
:109AC00003A9FDF7BDF80746002858D03F2E02D95C
:109AD000E379FF2B06D03B79FF2B03D198F80130B7
:109AE000002B4CD104992846FEF7ECFF142328469E
:109AF00085F83A300DEB0301FDF7A2F882462C3EC3
:109B0000B6B204F108080DF12609BAF1000F06D02B
:109B10009AF801301BB195F83A30B3423FD304377D
:109B20003946A869F8F7D8FB824640B304F1080823
:109B3000061D4046FEF7B4FC04F118090146002852
:109B400000F0A38040F2FF23A2699A4217D1E26994
:109B5000AAB9236AB3F1807F11D1636ADBB2FF2B0C
:109B60000DD19AF92D30002B45D148F2FE03BAF8F9
:109B70000420A8699A4202D03146F8F75FFF6FF0DF
:109B80000400584B1A680F9B5A404FF0000300F036
:109B9000A58011F0E5F9138A52681E4484E728462F
:109BA0000699FEF78FFF9AF80030012B12D140463C
:109BB000FEF776FC0028E2D128469AF8011009AA9F
:109BC000FEF706FE0028DAD09DF82530CDF81C906F
:109BD0008DF8203095F83A209AF8013002EBC30353
:109BE000DBB2934285F83A30C9D9284605A9FDF77A
:109BF00027F8824689E74FF0FF3323760223637606
:109C0000A276E27622776277A277E27784F8202044
:109C100084F8212084F8222084F8232084F824204A
:109C200084F82520012384F8262084F8273049462B
:109C3000A869F9F7E3FC0BAC0246234600F1100CCF
:109C4000274610685168083203C762453C46F7D181
:109C50001A4644460FAF134603CBBB4220606160F7
:109C60001A4604F10804F6D1202447469DF8203016
:109C7000A86953BB009433464A463946A869FFF7A2
:109C8000C5F800283FF47DAF79E74046F8F744FA7D
:109C900000287FF474AF40F2FF23A2699A4209D1F1
:109CA000E3693BB9236AB3F1807F03D1636ADBB216
:109CB000FF2B07D04946A869F8F70EFB00283FF4B0
:109CC0005EAF061DC1466024D0E7002341460093E5
:109CD00007AAFFF7ADFB0028CCD150E710B0BDE8D4
:109CE000F08700BF003501201FB50D4B04311B6804
:109CF00003934FF0000301230193002300911A46C0
:109D00001946FFF799FA064B1A68039B5A404FF021
:109D1000000301D011F024F905B05DF804FB00BF89
:109D200000350120F0B5524B87B01B6805934FF00A
:109D30000003282200230446CDE90332029308B130
:109D4000836873B94B4940F20B334B4A4B48F1F7E8
:109D5000D3FC4B48F1F7D0FC40F20B314648F1F709
:109D6000B1FC03A9FCF76CFF0746002857D0A36A93
:109D7000002B45D1037EFF2B42D00121A069FEF7C5
:109D800003FE00283CD10B21A069FEF7FDFD002851
:109D900036D107F11805294602A8F9F733F988B337
:109DA00020460299FEF7A2FD029B4BB9294602A864
:109DB000F9F728F9002844D002992046FEF796FDCD
:109DC00029460298FEF74AFE0646002843D040780E
:109DD000FF2840D0FDF7F2FF831CA362437884F88C
:109DE0002C30F36893F83030022B09D13046032130
:109DF000FEF7B8FE41F2883200233046FEF7F0FB52
:109E000000200DE0294600F0E3FD064688B100F091
:109E1000DBFF05460028C7D1304600F0AFFE022028
:109E2000134B1A68059B5A404FF000031ED011F0E7
:109E300097F82946F9F768FA0028C1D000F108051B
:109E4000B2E72946FEF7CCFF10B181680291B4E772
:109E5000A3690293B4E70023CDE900532146A0692A
:109E600007F10802FFF7E8F90120D9E707B0F0BDD4
:109E700000350120EF100300A410030060F502007C
:109E80007E0B03002DE9FF47454B4FF000091B688F
:109E900003934FF00003FEF781FB002680468A46BD
:109EA0000027404D2B78002B45D0EC68002C42D089
:109EB000D4E9062352EA03013DD0216A8A1843EB14
:109EC000E173B2EB080263EB0A03012A73F10001AC
:109ED00003DB0020FEF784FB2DE094F83030C4E96A
:109EE0000667052B27D8DFE803F012363A3C420319
:109EF0002D4940F2AC532D4A2D48F1F7FDFB2D487A
:109F0000F1F7FAFB40F2AC512848F1F7DBFB94F88B
:109F10003430211D022B03D9A868FEF7D1FE0AE0D8
:109F2000013384F834300023CDE900131A46194672
:109F3000A868FFF781F909F10109B9F1080F05F1E6
:109F40005405AFD1164B1A68039B5A404FF00003DB
:109F500022D011F005F8022384F83030EBE7211D00
:109F6000DAE7042384F83030002384F8343094F89E
:109F70003430211D022BCFD8013384F83430002334
:109F8000CDE900131A461946A868FFF755F94FF4B2
:109F90007A72002328469DE704B0BDE8F08700BF31
:109FA00000350120E4C8002024F70200A4100300BB
:109FB00060F5020002110300F0B5404B89B01B6848
:109FC00007934FF0000340F2FF230746ADF80C3033
:109FD0000026ADF80E60ADF81060ADF81260ADF877
:109FE0001460ADF81660ADF818604FF40073ADF86A
:109FF0001A3003A9F9F702FB0546FEF751FA30B90A
:10A000003846FEF735FC0479093404F0F80640F6CA
:10A01000CD420023311DCDE9002338463A230222E8
:10A0200001F0FC01FCF7EAFA0446002840D0FF23C7
:10A0300003AA294680F83530FDF762FF024668B171
:10A040006FF068052046FCF7C3F81C4B1A68079BA5
:10A050005A404FF000032ED010F082FF8521204699
:10A06000FDF772FB01460028EAD104222046FCF7E6
:10A07000DBFB05460028E3D176B92046FCF76AF9F8
:10A080003A212046FDF794FF2046F7F727F80028ED
:10A09000DBDA6FF01505D5E73846FEF7E9FB01235B
:10A0A000014632462046FEF75FFB0028E5D1C7E7B0
:10A0B0006FF00B05C9E7284609B0F0BD0035012057
:10A0C00007B5094B1B6801934FF00003064B1A6854
:10A0D000019B5A404FF0000301D010F041FF03B044
:10A0E0005DF804EBFFF768BF0035012007B5184B9A
:10A0F00000221B6801934FF000038721154B16487F
:10A10000FCF702FF0022154B88211548FCF7FCFEE6
:10A11000144915480EF090FF4FF0FF32012113480B
:10A120000EF046FA0022124B86211248FCF7ECFE94
:10A13000074B1A68019B5A404FF0000301D010F002
:10A140000FFF0D490D4803B05DF804EB0EF074BF2E
:10A1500000350120819A010078EA0020798F010002
:10A1600064EA00209586010028DE00208CEA0020A9
:10A17000D994010050EA0020859E010058DE00209D
:10A1800007B502220B4B49BA1B6801934FF000033D
:10A19000ADF802100DEB0201FCF720FD054B1A682B
:10A1A000019B5A404FF0000301D010F0D9FE03B0DC
:10A1B0005DF804FB0035012013B50446104B1B6805
:10A1C00001934FF00003FCF7C5F83A212046FDF754
:10A1D000EFFE2046F6F782FF00280DDA2046FBF757
:10A1E000F7FF4FF0FF30064B1A68019B5A404FF0C3
:10A1F000000303D010F0B4FE0020F4E702B010BD5D
:10A200000035012007B51B4B1B6801934FF000037D
:10A2100070B919494FF43873184A1948F1F76CFAB4
:10A220001848F1F769FA4FF438711448F1F74AFA0F
:10A23000036863B9144940F2E123104A1048F1F76A
:10A240005BFA1048F1F758FA40F2E121EDE70C33E0
:10A25000D3E8AF0F074B08411A68019B5A404FF0F3
:10A26000000300F0010001D010F07AFE03B05DF8A9
:10A2700004FB00BF00350120610D0300320D030017
:10A2800060F502007E0B0300670D0300F0B51E466B
:10A29000204B89B01B6807934FF0000302AB00937B
:10A2A00014230C466946054617460193FCF7C8FC83
:10A2B00050B96FF06804174B1A68079B5A404FF06B
:10A2C000000323D010F04CFE0023214643703302DC
:10A2D00043800770021D04F1100351F8040B9942EA
:10A2E00042F8040BF9D169462846FCF7D9FC04462C
:10A2F0000028DED1002EDED0FAF7DAF9102201466E
:10A300002846FCF76BFC0028D5D0D2E7204609B0E0
:10A31000F0BD00BF0035012070B53B4B86B01B6817
:10A3200005934FF0000340F2FF2304460D46ADF8BD
:10A3300004300023ADF80630ADF80830ADF80A302F
:10A34000ADF80C30ADF80E30ADF810304FF4B0531E
:10A35000ADF81230012601A980F835608069F9F75F
:10A360004DF901AA01462046FDF7CAFD50B16FF034
:10A370006800254B1A68059B5A404FF0000341D0F6
:10A3800010F0EEFD3A23324620460DF103018DF820
:10A390000330FCF723FC0028E9D18DF80300324696
:10A3A00020460DF10301FCF719FC0028DFD140F233
:10A3B00002512046FFF7E4FE01460028D7D120468F
:10A3C000FFF7DEFE01460028D1D12046FFF7D8FE78
:10A3D00002460028CBD108238F212046E386FDF7D3
:10A3E000B3F901460028C2D12046FFF7C9FE002874
:10A3F000BDD129462046FFF7C3FE0028B7D184F817
:10A400003B00B6E706B070BD003501207FB51D4B9F
:10A4100016461B6803934FF0000340F26762002367
:10A420000C46CDE9002330213A230222FCF7E6F85E
:10A43000054600B30121FFF76FFF28B16FF06804F4
:10A440002846FBF7C5FE0DE001233246214628468B
:10A45000FFF71CFF0028F1D12846FFF7ADFE0446A8
:10A460000028EDD1074B1A68039B5A404FF00003B8
:10A4700004D010F075FD6FF00B04F3E7204604B034
:10A4800070BD00BF003501202DE9F0431F46534B3E
:10A4900087B01B6805934FF00003002518230E4674
:10A4A000CDE90353D2F800808C6894B9304603A9F3
:10A4B000FCF7C6FBADB2814678B96FF00407474B95
:10A4C0001A68059B5A404FF0000300F0838010F09B
:10A4D00047FD238A64681D44E7E730460499FCF78A
:10A4E000AFF8B9F816305BBAA9F81630F28E4432DC
:10A4F00002EB031292B2AA42DFD8B2F5A06FDCD809
:10A5000098F80730012BD8D17B78002BD5D1FAF7FA
:10A51000CFF81022014609F1040014F0B5F80746FF
:10A520000028CAD1B069466876B92D494FF48273C4
:10A530002C4A2D48F1F7E0F82C48F1F7DDF84FF4FC
:10A5400082712848F1F7BEF82346182101FB036207
:10A5500092F87420D50702D5950748BF013401331E
:10A56000032BF3D1142140F2676200236143CDE94C
:10A5700000230C313A230222FCF740F8054600285C
:10A580009DD0A1B2FFF7C8FE044618B12846FBF7DC
:10A590001FFE94E74FF0180906F1640809FB0463F5
:10A5A00093F87430DA070AD40134032C08F1180840
:10A5B000F4D12846FFF700FE0028E7D17FE79B078C
:10A5C000F2D50023022241462846FFF75FFE00280D
:10A5D000EAD1DBE7384607B0BDE8F083003501205B
:10A5E000511103002511030060F502007E0B0300EA
:10A5F0007FB50D462F4B019001A928461B68039398
:10A600004FF00003F8F70EFB044628B1037D9B07CB
:10A6100009D56FF0770524E029460198F8F77AFB11
:10A62000044600283DD00C210198FFF7EBFD0146C0
:10A63000002839D1019E76B91F4940F66D131F4A93
:10A640001F48F1F759F81F48F1F756F840F66D1119
:10A650001A48F1F737F83046FFF7D4FD50B96FF0DC
:10A660007205144B1A68039B5A404FF000031DD02B
:10A6700010F076FC08213046FFF7C4FD0028EED02C
:10A68000294602220198FFF7C1FE051EE9DB21469B
:10A690000198F8F797FB012221460198F7F798FBFC
:10A6A000DFE76FF00B05DCE70025DAE7284604B0AA
:10A6B00070BD00BF00350120610D0300320D0300A5
:10A6C00060F502007E0B030007B50B4B1B6801937E
:10A6D0004FF00003084B1A68019B5A404FF00003EB
:10A6E00001D010F03DFC00228221044B044803B04D
:10A6F0005DF804EBFCF708BC0035012089A40100DB
:10A70000A8EA002007B5084B1B6801934FF000032F
:10A71000054B1A68019B5A404FF0000301D010F01E
:10A720001FFC03B05DF804FB003501202DE9F0416A
:10A730001C4B86B006461C480C4690461B68059389
:10A740004FF00003FDF744FA0546E8B1234601AC9B
:10A7500027468660C66803F1100C224618685968BF
:10A76000083303C263451446F7D106F1200305AA56
:10A770003C4603CC944218605960274603F1080315
:10A78000F6D1EB6883F83080064B1A68059B5A4077
:10A790004FF0000301D010F0E3FB284606B0BDE8FF
:10A7A000F08100BF0035012084CB002007B5184B95
:10A7B0001B6801934FF0000370B916494FF474738E
:10A7C000154A1648F0F798FF1548F0F795FF4FF433
:10A7D00074711148F0F776FF006860B9114940F2D2
:10A7E000D1330D4A0D48F0F787FF0D48F0F784FF8D
:10A7F00040F2D131EDE7064B10301A68019B5A4008
:10A800004FF0000301D010F0ABFB03B05DF804FB88
:10A8100000350120610D0300320D030060F50200D8
:10A820007E0B0300670D030007B50B460A4902467D
:10A83000096801914FF000010749086801994840F3
:10A840004FF0000101D010F08BFB044803B05DF81D
:10A8500004EB0DF091BB00BF00350120B4D1002006
:10A8600007B50A4B1B6801934FF00003074B1A68AA
:10A87000019B5A404FF0000301D010F071FB0448D7
:10A8800003B05DF804EB0DF0D5BA00BF0035012030
:10A89000B4D1002007B50022134B1B6801934FF081
:10A8A0000003036853B18B4217D10B687AB9426831
:10A8B0000360914200D1436000230B600A4B1A6889
:10A8C000019B5A404FF000030AD010F049FB13607F
:10A8D0004368994208BF4260EEE71A461B68E1E709
:10A8E00003B05DF804FB00BF0035012007B5084B3D
:10A8F0001B6801934FF00003054B1A68019B5A40F7
:10A900004FF0000301D010F02BFB03B05DF804FB07
:10A910000035012007B5084B1B6801934FF0000379
:10A92000054B1A68019B5A404FF0000301D010F00C
:10A9300017FB03B05DF804FB0035012037B51E4B53
:10A9400005461B6801934FF0000360B91B498C2337
:10A950001B4A1C48F0F7D0FE1B48F0F7CDFE8C21B7
:10A960001748F0F7AFFE4FF0FF304FF0FF31FFF721
:10A970005BFF164B00221C46197881B1D968A942A9
:10A980000DD1482303FB0244FFF76AFF0A4B1A6804
:10A99000019B5A404FF000030AD010F0E1FA013257
:10A9A000082A03F14803E7D1FFF75AFF0024EDE737
:10A9B000204603B030BD00BF003501207F110300E9
:10A9C0005611030060F502007E0B030090CB0020BF
:10A9D0002DE9F04F354B85B081468A464FF0FF3068
:10A9E0004FF0FF311B6803934FF00003FFF71CFF8C
:10A9F00000239B461E462E4D2A785C1C22B9082C4B
:10AA0000234637D04835F7E7B9F1000F02D0AB68DD
:10AA10004B45F4D1D5F80C8098F830705F45EED3F3
:10AA2000802FECD808F12001FA085046CDE9001239
:10AA300013F02AFEDDE900120028E0D1784210F080
:10AA400007000DD08B5C1AF802C0C0F108018CEA37
:10AA50000302FF238B4083F0FF0383401A42CED1D1
:10AA6000082C234605D03A0603D4BB464646483553
:10AA7000C2E7464656B10F4C31462046FFF70AFF63
:10AA8000236833606368266003B96660FFF7E8FEF9
:10AA9000064B1A68039B5A404FF0000301D010F098
:10AAA0005FFA304605B0BDE8F08F00BF00350120E9
:10AAB00090CB0020C4EA002073B52D4B0E461B68D6
:10AAC00001934FF000030446002848D04FF0FF30B8
:10AAD0004FF0FF31FFF7A8FE731C04F1100594F846
:10AAE000313010D143F004032946224884F8313034
:10AAF000FFF7D0FE1E4B1A68019B5A404FF000032F
:10AB000028D010F02DFA6FF3820384F8313010F062
:10AB1000AFFD4FF47A73A0FB030203FB0122C00BCD
:10AB20003146144E40EA42422846F9F7FFF92946D9
:10AB30003046FFF7AFFE0023236173683BB9C6E9D7
:10AB40000055002200230C480EF03AFBD2E71D60AE
:10AB50007560F6E702B0BDE87040FFF781BE044BB8
:10AB60001A68019B5A404FF00003CAD102B070BD71
:10AB700000350120BCEA002088DE002037B5254BD7
:10AB800004461B6801934FF0000300283DD04FF0AE
:10AB9000FF304FF0FF31FFF747FE94F831305B078D
:10ABA0000AD41D4D04F110012846FFF773FE2B68EF
:10ABB00013B91A480EF01EFB21461948FFF76AFE2A
:10ABC0002046FFF7BBFE054660B9FFF749FE6FF070
:10ABD0000100104B1A68019B5A404FF0000317D038
:10ABE00010F0BEF9646834B92846FCF7B3FFFFF7EC
:10ABF00037FE2046EDE7606828B1FCF7ABFFA4F113
:10AC00001400FCF7A7FF2468EDE76FF01500E0E7FC
:10AC100003B030BD00350120BCEA002088DE0020F2
:10AC2000C4EA00202DE9F7432F4B1B6801934FF036
:10AC3000000310F01DFD04460F464FF0FF304FF0AB
:10AC4000FF31FFF7F1FD294B1E68002E3ED035681D
:10AC500005B1103D4FF47A72A4FB024302FB0731A9
:10AC6000E40B4FF0FF37DFF8848044EA4144103EA4
:10AC700001E02E461D4606F1100921464846F9F727
:10AC8000B1F960B940464946FFF704FE3046FFF788
:10AC900075FF45B12B69002BEBD0103BE9E78742EC
:10ACA00028BF0746F5E77B1C10D04FF4004440F264
:10ACB000E73029464FF47A720023E7FB0401EEF7F0
:10ACC00023F802460B460A480EF07AFA064B1A6839
:10ACD000019B5A404FF0000301D010F041F903B03E
:10ACE000BDE8F043FFF7BCBD00350120BCEA002001
:10ACF00088DE00202DE9F3412C4B0D461B680193A3
:10AD00004FF00003044670B9294940F27623294ADE
:10AD10002948F0F7F1FC2948F0F7EEFC40F27621E3
:10AD20002448F0F7CFFC61B9254940F27723214A46
:10AD30002148F0F7E1FC2148F0F7DEFC40F27721F2
:10AD4000EEE74FF0FF304FF0FF31FFF76DFD294682
:10AD50002046FEF745F8002607463446194D05F50E
:10AD60001078E86840B1436833B15A68BA4214D1E8
:10AD7000FFF704FF98B9013448354545F1D1FFF795
:10AD80006FFD0CB906EAE674084B1A68019B5A403D
:10AD90004FF0000305D010F0E3F81B68E4E7064627
:10ADA000EAE7204602B0BDE8F08100BF003501208F
:10ADB000610D03005611030060F502007E0B0300D5
:10ADC0009F11030090CB002013B5134B04461B6862
:10ADD00001934FF00003D0B14FF0FF304FF0FF313F
:10ADE000FFF722FD636883B15A68D4685CB104340C
:10ADF000FFF736FD084B1A68019B5A404FF00003DD
:10AE000007D010F0ADF81B68EDE7FFF729FD00242F
:10AE1000F0E7204602B010BD003501202DE9F74FC4
:10AE20001F467F4B054693461B6801934FF0000376
:10AE30008A46DDF830909DF8348071B979494FF435
:10AE4000AE73794A7948F0F757FC7948F0F754FC2B
:10AE50004FF4AE717448F0F735FC60B9754940F2B3
:10AE60005D13714A7148F0F747FC7148F0F744FCF4
:10AE700040F25D11EEE767B96F494FF4AF736A4A6C
:10AE80006A48F0F739FC6A48F0F736FC4FF4AF71C6
:10AE9000E0E7F9F70DFC10220146504613F0F4FBF1
:10AEA000044670B14FF0FF304FF0FF31FFF7BCFCAC
:10AEB00039462846FDF794FF064660B90024FFF79F
:10AEC000CFFC574B1A68019B5A404FF0000300F02B
:10AED000A38010F045F84078FF280FD0FCF76EFFF4
:10AEE00060B956494FF4B8734F4A5048F0F704FC24
:10AEF0004F48F0F701FC4FF4B871ABE751462846D4
:10AF0000FFF766FD044648B3FFF75EFF014678B1E0
:10AF10001022384613F0B8FB50B949462046FFF7D7
:10AF2000CBFD94F8313068F3010384F83130C6E783
:10AF300094F83130B8F1020F03F00303BED0B8F13A
:10AF4000030FBBD8013308F1010203F0030302F041
:10AF500003029342B2D82046FFF710FE5A465146EC
:10AF60002846FFF7E3FB044678B935484468214694
:10AF7000FFF790FC2046FFF701FE5A46514628464F
:10AF8000FFF7D4FB0446002898D008232D484288B8
:10AF90001432017881BB00F11403C360FF234370B6
:10AFA000FCF7FEFD002889D0E468D0F80CA094F8E6
:10AFB0003130494668F3010384F831302046E560BA
:10AFC000FFF77AFD1E4B1A6822605A681C6002B9AE
:10AFD0005C6028463946FDF703FF054680B91A49EB
:10AFE0004FF4E673104A1148F0F786FB1048F0F76B
:10AFF00083FB4FF4E6712DE7013B1044C9D15DE7B7
:10B00000FCF7CEFDAE42EAD10023CAF80460CAF8CC
:10B010000030C4E901AA52E7204603B0BDE8F08F32
:10B0200000350120D40F03005611030060F5020023
:10B030007E0B0300610D03009F11030085110300C7
:10B04000C4EA0020D0CD002094110300F7B50746D4
:10B050000C461D461B4B4FF0FF304FF0FF3116469C
:10B060001B6801934FF00003FFF7DEFB21463846D3
:10B07000FDF7B6FE20B1002333602C6001240BE005
:10B0800021463846FFF7A4FC306080B1FFF79CFEF4
:10B09000041E18BF01242860FFF7E2FB094B1A6861
:10B0A000019B5A404FF0000309D00FF059FF214691
:10B0B000F8F72AF904460028EED00834DDE72046E8
:10B0C00003B0F0BD00350120F7B50D46374B4FF00A
:10B0D000FF3104464FF0FF301B6801934FF000032F
:10B0E000FFF7A2FB29460020FDF77AFE064600285E
:10B0F00048D04078FCF762FE0546002850D0206A10
:10B10000002850D0AF1C39466A7813F0BDFA0028E9
:10B1100049D094F83330A06943F0080384F8333001
:10B12000FFF744FB0368A0692362FFF73FFB437905
:10B13000A06984F82530FFF739FB0379A76284F80A
:10B1400024302B7884F82D306B7884F82C30B0685C
:10B15000A06130B1FFF72AFB437984F8253084F8E9
:10B160002D30FFF77DFB114B1A68019B5A404FF0C1
:10B17000000301D00FF0F4FE204603B0BDE8F0401C
:10B18000F5F7ACBF6FF00104FFF76AFB074B1A68D5
:10B19000019B5A404FF00003ECD1204603B0F0BDB4
:10B1A0006FF00204F0E76FF01504EDE700350120C1
:10B1B00013B504461A4B08461B6801934FF0000371
:10B1C000A16131B1FFF7F2FA437984F8253084F8B0
:10B1D0002D3094F83330A06943F0080384F83330FD
:10B1E000FFF7E4FA0368A0692362FFF7DFFA437907
:10B1F000A06984F82530FFF7D9FA037984F8243060
:10B20000074B1A68019B5A404FF0000301D00FF022
:10B21000A7FE204602B0BDE81040F5F75FBF00BFB3
:10B220000035012007B50A4B1B6801934FF000035E
:10B23000074B1A68019B5A404FF0000301D00FF0F2
:10B240008FFE0449044803B05DF804EB0DF0F4BE32
:10B250000035012025AC010088DE002070B5154BBB
:10B2600086B01B6805934FF0000301AB03930823DE
:10B270000E4603A9044615460493FBF7E1FC98B17A
:10B28000002306804580037143718371C37103A954
:10B290002046FBF705FD074B1A68059B5A404FF007
:10B2A000000304D00FF05CFE6FF06800F3E706B017
:10B2B00070BD00BF0035012070B5234B86B01B6800
:10B2C00005934FF0000301AB039308230E4603A937
:10B2D00004460493FBF7B4FC054678B30023A26848
:10B2E00042BB94F83220E18E0A449B1A5BBAAB80D1
:10B2F000A069F8F7BFFB00B97EB111212046F9F72C
:10B3000089F84FF6FF73002818BF0346EB8094F8C6
:10B31000343043F0080384F83430204603A9FBF7A7
:10B32000BFFC094B1A68059B5A404FF0000308D038
:10B330000FF016FE118A52680B44D1E76FF06800D7
:10B34000EFE706B070BD00BF0035012073B51F4B9D
:10B3500004460E461B6801934FF00003FBF770FC98
:10B36000054648B90025194B1A68019B5A404FF011
:10B37000000327D00FF0F4FD31462046FBF790FC88
:10B3800003460028EED1AA88A16852BA92B2A9B9A0
:10B3900094F83210E08E01445B1A9A42E2D1A0691F
:10B3A000F8F77EFB0028DED0EB88002BDAD01121E5
:10B3B0002046F9F72FF80028D5D0D3E7088A496846
:10B3C0000344E4E7284602B070BD00BF0035012009
:10B3D00007B50C4B00681B6801934FF0000300F0A9
:10B3E000F000A0F1E00358425841064B1A68019B57
:10B3F0005A404FF0000301D00FF0B2FD03B05DF8EA
:10B4000004FB00BF0035012037B5104B1B680193CA
:10B410004FF00003936C83B1536B73B10B4C2568F1
:10B42000019C65404FF0000401D00FF099FD926B34
:10B4300040B203B0BDE830401847044B1A68019B86
:10B440005A404FF00003F0D103B030BD0035012069
:10B4500013B50949096801914FF0000106490C68CC
:10B4600001994C404FF0000101D00FF079FD02B07E
:10B47000BDE810400CF080BD0035012013B50C4B29
:10B4800004461B6801934FF000030DF0B3FE48B96A
:10B490006063074B1A68019B5A404FF0000304D0C9
:10B4A0000FF05EFD0023A364F3E702B010BD00BF00
:10B4B0000035012013B5034608460F4A00241268E0
:10B4C00001924FF0000230F8042B191D022A07D117
:10B4D0001B88022B04D1102213F0D6F800B90124E6
:10B4E000054B1A68019B5A404FF0000301D00FF042
:10B4F00037FD204602B010BD00350120F7B52B4BBB
:10B500004E011B6801934FF00003835B0546012B3E
:10B5100000EB41142DD1271D3846FFF759FF38B1F4
:10B52000E379FB2B04D1237F43F00103237712E05F
:10B53000AB191A7F38466FF300021A77FFF748FFFE
:10B5400020B1E079A0F1FC01484248412E44337F0C
:10B5500060F341033377638813B94FF45453638026
:10B56000124B1A68019B5A404FF000031BD00FF09A
:10B57000F7FC2379FF2B02D1E37CFB2BD3D0AB1953
:10B580001A7F6FF300021A772379FF2B06D000236E
:10B5900035442A7F63F341022A77DCE7E37CDA1E35
:10B5A00053425341F4E703B0F0BD00BF0035012022
:10B5B00007B5124B1B6801934FF0000370B9104997
:10B5C00040F28E230F4A1048F0F796F80F48F0F734
:10B5D00093F840F28E210B48F0F774F890F9A00030
:10B5E000064B1A68019B5A404FF0000301D00FF040
:10B5F000B7FC03B05DF804EBF6F79EBB0035012005
:10B6000023F80200170C030060F502007E0B030014
:10B61000F0B53C4B89B004460D4616460021162273
:10B620000DF106001B6807934FF0000313F071F94A
:10B630000223ADF80430002C5CD094F89830022B33
:10B640005BD11DB1043D55F8043F6BB90EBB218899
:10B6500061BB6FF015002B4B1A68079B5A404FF0E7
:10B6600000034DD00FF07CFC18220021204613F07F
:10B6700050F92F683846EDF7C1FC2246014638469E
:10B68000F8F758FF0028DED000212046FFF736FFEC
:10B69000DDE73368002BDAD0224603F1180153F8B6
:10B6A000040B8B4242F8040BF9D1EDE7022906D0D6
:10B6B000012914BF6FF069006FF01500CBE711226C
:10B6C000084604F11803F9F74BFB0028C3DB1822E6
:10B6D000A06901A9F9F7AAFC0028BCDBA069FFF763
:10B6E00067FF00204FF48042002384F89800C4E9EB
:10B6F0000E23B0E76FF00100ADE76FF05900AAE745
:10B7000009B0F0BD0035012007B5094B1B68019356
:10B710004FF00003064B1A68019B5A404FF000039C
:10B7200001D00FF01DFC03B05DF804EB0CF082BB00
:10B730000035012073B5194B90F8986004461B68DA
:10B7400001934FF000031EBB012300F1200580F898
:10B7500098302846FFF7D8FFA06928B1FFF728FFE7
:10B76000A069F9F717FCA6614FF0FF334FF0FF32E5
:10B770002846FFF76DFE0223002084F89830074B1F
:10B780001A68019B5A404FF0000304D00FF0E8FB09
:10B790006FF00100F3E702B070BD00BF003501207B
:10B7A00073B5184B0D4616461B6801934FF0000306
:10B7B0000446D8B1A022002113F0ABF804F1200018
:10B7C0000CF0BCFC022384F898300E4B1A68019BE5
:10B7D0005A404FF0000301D00FF0C2FB3246294619
:10B7E000204602B0BDE87040FFF712BF054B1A6853
:10B7F000019B5A404FF00003EED16FF0010002B000
:10B8000070BD00BF003501202DE9F041334B88B0F9
:10B810000F4616461B6807934FF0000305460028A5
:10B8200055D000F120084FF0FF324FF0FF33404673
:10B83000FFF70EFE47B92EB1316819B12846FFF760
:10B8400039FEA0B100241DE03C68002CF3D0204656
:10B85000EDF7D4FB01AA01462046F8F76BFE00285D
:10B86000E9D0284601A9FFF725FE0028E3D195F885
:10B870009810012928D089B1324639462846FFF769
:10B88000C7FE04464046FFF73FFF144B1A68079B6C
:10B890005A404FF000031DD00FF062FB6B6F63B195
:10B8A000D5F888304BB105F140046FF064002246B2
:10B8B000FFF7AAFD2046FFF7E1FD2846FFF73AFF14
:10B8C00004460028D8D0DDE76FF00F04DAE76FF008
:10B8D0000104DAE7204608B0BDE8F0810035012018
:10B8E00007B5094B1B6801934FF00003064B1A681C
:10B8F000019B5A404FF0000301D00FF031FB034889
:10B9000003B05DF804FB00BF00350120B8DE002065
:10B9100007B50B4B1B6801934FF00003084B1A68E7
:10B92000019B5A404FF0000301D00FF019FB002299
:10B930001146044803B05DF804EBFFF731BF00BFC8
:10B9400000350120B8DE002007B501220D4B1B6831
:10B9500001934FF000030C4BC3F8002590F88610BC
:10B9600049B1DA60074B1A68019B5A404FF0000357
:10B9700004D00FF0F5FA1A605A60F3E703B05DF8EF
:10B9800004FB00BF0035012000E0004013B5144A5D
:10B990000346126801924FF000020838D0E8EF2FFA
:10B9A000511CC0E8E41F002CF8D16AB90C4B1A688E
:10B9B000019B5A404FF0000301D00FF0D1FA02B0C2
:10B9C000BDE81040FFF7C0BF6FF00F029A66044B4E
:10B9D0001A68019B5A404FF00003EED102B010BD2F
:10B9E0000035012073B508793F4B00F01F04072C88
:10B9F0001B6801934FF000031DD80B780B2B15D853
:10BA0000DFE803F007070707140614140E101412DA
:10BA100004234A78032A19D0042A29D0334A06E09D
:10BA20000523F6E70623F4E70723F2E7304A01216E
:10BA30003048F1F7E9F96FF015002B4B1A68019BBC
:10BA40005A404FF000034DD00FF08AFA012544F21E
:10BA50000A064A88B2423FD00CD844F20306B242EA
:10BA600016D044F20506B24234D0AAB3224ADEE729
:10BA70000025ECE744F21406B2422FD044F2280627
:10BA8000B2422DD044F20F06B242EFD1032200E0C1
:10BA90000022C0F340101B0243EA0053002043EA97
:10BAA000053343EA0243220102F1804202F560427B
:10BAB000C2F8183523018A7903F1804303F5604306
:10BAC000C3F81425C3F810050C4B4A79234483F8B6
:10BAD000A020B2E70122DCE70222DAE70422D8E75D
:10BAE0000522D6E702B070BD00350120C611030063
:10BAF000A71103002CED0200EA11030080C500200D
:10BB0000F0B56B4B85B00D461B6803934FF00003F7
:10BB10004FF0FF334FF0FF3266480CF0C1FD6E6806
:10BB2000731EFE2B05D9644A01216448F1F76CF9B4
:10BB300012E000231A466248624F26FA03F111F020
:10BB400001013BD017F803C0BCF1000F13D15E4ACE
:10BB500001215A48F1F770F96FF0150455480CF0BF
:10BB600049FD534B1A68039B5A404FF0000300F005
:10BB70009C800FF0F5F96C7C00EB031E003C18BFB5
:10BB80000124DEF81815013221F0807141EA0461C8
:10BB9000CEF8181503F15101090140F801C0D2B2E5
:10BBA0000133082BC9D12B7CA3F10801062916D833
:10BBB000DFE801F0171519150915130003F15104F9
:10BBC00024010151ECE702233D49012AC1F8F03577
:10BBD0006B7C0AD95BB13D4AA6E70323F4E73C4AF4
:10BBE000B6E70023F0E70123EEE7082B10D8C1F8F1
:10BBF000F4352B6851006BB9EB688B420ED2354A95
:10BC000000912E480121F1F731F96FF00B04A5E7FF
:10BC1000314A9DE79B8903FB0111EDE72F46A96897
:10BC2000274B2E4CC3F82C1604F17406C3F83026AB
:10BC30000FCF0FC63B6827463360002626672B6868
:10BC40007BB30FCB04F1880585E80F006567A4F886
:10BC5000986030B3D7E8EF3FC7E8E26F002AF9D128
:10BC60001F494FF400400F463146D4F88850002356
:10BC7000E5FB00711B4A3846EDF746F80022CDE996
:10BC80000001002304F108000FF062FE4FF0FF32C4
:10BC90004FF0FF3314480CF003FD00B12067246F10
:10BCA0005CE70E48FFF750FEF0E7204605B0F0BD18
:10BCB00000350120C0C50020151203002CED020044
:10BCC00000E0004020C6002033120300721203007F
:10BCD0004D120300C7120300A412030080C5002008
:10BCE0003F420F0040420F00D8C5002013B5164B4D
:10BCF00000241B6801934FF00003144B0E20C3F87F
:10BD00000441D3F80421C3F81041D3F810211222C2
:10BD1000C3F80423F2F78AFA224601210E20F2F733
:10BD2000EDFA0B48836C13B940300CF063FC064B02
:10BD30001A68019B5A404FF0000301D00FF010F930
:10BD4000002002B010BD00BF0035012000E000401F
:10BD500080C5002037B53D4B1B6801934FF00003B1
:10BD60003B4BD3F80421002A63D00022C3F80421FE
:10BD7000D3F804110121374C9960C3F80025636F93
:10BD80002546002B48D0D4F88C30B4F8982033B135
:10BD900004F174019847012814D0022836D0B4F871
:10BDA0009830B4F894209A4230D90133A4F89830EE
:10BDB000274BD3F82C26D3F8341689B202EB410274
:10BDC000C3F82C26D4F8883073B9204B1A68019B2D
:10BDD0005A404FF0000301D00FF0C2F81D4803B0E5
:10BDE000BDE83040FFF7B0BDD5E8EF3F5A1EC5E8CB
:10BDF000E12F0029F8D1012BE7DC144B1A68019BD5
:10BE00005A404FF00003E7D103B030BDD4F888307A
:10BE100013B111480FF020FE0C4B1A68019B5A40D9
:10BE20004FF00003D8D10D4803B0BDE830400CF00E
:10BE3000E1BBD3F810110029DFD0C3F81021D3F8EB
:10BE4000102101229A601A605A60D6E7003501205D
:10BE500000E0004080C5002088C50020D8C5002033
:10BE600007B5114B1B6801934FF000034FF02003FF
:10BE7000EFF3118283F31288BFF36F8F036803F02F
:10BE8000C00343F00203036082F31188BFF36F8F96
:10BE9000054B1A68019B5A404FF0000301D00FF088
:10BEA0005FF803B05DF804FB00350120F7B51E4CC8
:10BEB000DDF820C0246801944FF00004C9B2046981
:10BEC0004FF02005EFF3118685F31288BFF36F8FD3
:10BED0000C2569430C44A56C05F00707012F14D10C
:10BEE000C4F848C086F31188BFF36F8FC4E91023EC
:10BEF00043685B58984700200B4B1A68019B5A40D7
:10BF00004FF000030ED00FF02BF805F0C005AC4544
:10BF100086F31188BFF36F8F0CBF6FF077004FF07F
:10BF2000FF30E9E703B0F0BD0035012030B50A4C21
:10BF300085B0246803944FF0000480240094FFF738
:10BF4000B5FF054B1A68039B5A404FF0000301D020
:10BF50000FF006F805B030BD0035012013B50B4BCE
:10BF60001B6801934FF00003084B1C68019B5C4069
:10BF70004FF0000301D00EF0F3FFCBB200210069B7
:10BF800000EB431002B0BDE810401047003501201F
:10BF900030B5154B85B01B6803934FF000030C467A
:10BFA000402312490093411A234649110546104A7D
:10BFB0001048FFF77BFF011E0B4B0DDA1A68039B3D
:10BFC0005A404FF0000301D00EF0CAFF2846234626
:10BFD00005B0BDE8304018471A68039B5A404FF03F
:10BFE0000003F1D105B030BD00350120E0EA0020AA
:10BFF0005DBF0100A0EA020007B50A4B1B68019370
:10C000004FF00003074B1A68019B5A404FF00003A2
:10C0100001D00EF0A5FF002003B05DF804EB07F09F
:10C02000D5BC00BF0035012007B50A4B1B68019342
:10C030004FF00003074B1A68019B5A404FF0000372
:10C0400001D00EF08DFF002003B05DF804EB07F087
:10C0500047BD00BF0035012007B50A4B10461B68DD
:10C0600001934FF00003074B1A68019B5A404FF0B1
:10C07000000301D00EF074FF03B05DF804EB0CF088
:10C08000B9BA00BF0035012007B5124BC9B201296A
:10C090001B6801934FF0000309D90F490F487A2319
:10C0A0000F4AEFF729FB7A210D48EFF70BFB0C2223
:10C0B000036901FB0233986C064B00F007001A6815
:10C0C000019B5A404FF0000301D00EF049FF03B02E
:10C0D0005DF804FB003501204113030060F5020008
:10C0E0000413030073B5224BC9B201291B680193E5
:10C0F0004FF0000303690BD91E491F4840F25D133E
:10C100001E4AEFF7F9FA40F25D111C48EFF7DAFA30
:10C110004FF02004EFF3118584F31288BFF36F8F83
:10C120000C2606FB0134A46C14F0C00410D0A2420B
:10C130000ED085F31188BFF36F8F4FF0FF300C4B9B
:10C140001A68019B5A404FF000030FD00EF008FF11
:10C15000012271430B449A6485F31188BFF36F8FFA
:10C1600043680B445B6898470020E8E702B070BD65
:10C17000003501204113030060F5020004130300A1
:10C1800007B50A4B1B6801934FF00003074B1A6871
:10C19000019B5A404FF0000301D00EF0E1FE8022D7
:10C1A00003B05DF804EBFFF79DBF00BF0035012031
:10C1B00037B50D460E490F4B411A4022491104462E
:10C1C0000D481B6801934FF00003FFF78BFF094BED
:10C1D00001461A68019B5A404FF0000301D00EF04F
:10C1E000BFFE20462B4603B0BDE83040184700BFD5
:10C1F000E0EA002000350120A0EA020073B51A4BE6
:10C2000000220121044605201B6801934FF0000322
:10C21000F2F774F8154807F07BFB154B98421DD1D7
:10C2200007F09AFB266913493046EFF717F9002803
:10C230000BDB0125B56424690E4904F12000EFF7FA
:10C240000DF9002801DB00206565074B1A68019B8A
:10C250005A404FF0000304D00EF082FE6FF004004D
:10C26000F3E702B070BD00BF00350120E1C201005C
:10C270000000AD0B98EF020073B5164B04461B6827
:10C2800001934FF000030C23002263431248C118AE
:10C2900048331844D1E910560A64FFF7E1FD0D4B0D
:10C2A0007DB11A68019B5A404FF0000301D00EF097
:10C2B00057FE324621462B46084802B0BDE8704082
:10C2C00018471A68019B5A404FF00003EFD102B0A3
:10C2D00070BD00BF00350120E0EA0020A0EA0200A6
:10C2E00007B51F4A0128126801924FF0000210D0D2
:10C2F000042815D000BB1B4B9B6C13F0070F184B89
:10C3000024D11A68019B5A404FF0000303D00EF06D
:10C3100027FE134BF5E703B05DF804EBFFF7ACBF66
:10C32000114940F26E23114A1148EFF7E5F940F246
:10C330006E210E48EFF7C6F90B4940F272230B4A03
:10C340000B48EFF7D9F940F27221F2E71A68019B26
:10C350005A404FF00003DAD103B05DF804FB00BF90
:10C3600000350120E0EA002024F702000413030056
:10C3700060F5020013B5214B1B6801934FF00003D9
:10C380004FF02003EFF3118483F31288BFF36F8F14
:10C390001B4A136843F002011160DA070CD484F3DE
:10C3A0001188BFF36F8F154B1A68019B5A404FF0ED
:10C3B00000031CD00EF0D4FD124BD3F80C24D3F89C
:10C3C0000C34DB07EBD51048FFF74AFD84F31188E6
:10C3D000BFF36F8F094B1A68019B5A404FF000035F
:10C3E000E8D1002002B0BDE81040FFF745BF0120B2
:10C3F00002B0BDE8104007F0E9BA00BF00350120E7
:10C4000038EB00200050004028EB002000B5144B12
:10C4100089B01B6807934FF0000301AB0022CDE900
:10C4200001330123CDE9032305ABCDE905330D4AE3
:10C4300001ABFFF77BFD002805DB4FF480420023B2
:10C4400001A80CF02DF9064B1A68079B5A404FF0D3
:10C45000000301D00EF084FD09B05DF804FB00BFBD
:10C460000035012059C0010013B5134B1B6801931F
:10C470004FF000034FF02003EFF3118483F3128891
:10C48000BFF36F8F0D4A136823F00201DB071160C1
:10C4900002D4012007F024FB84F31188BFF36F8FCF
:10C4A000054B1A68019B5A404FF0000301D00EF073
:10C4B00057FD02B010BD00BF0035012038EB002051
:10C4C0002DE9F3414A4B06461B6801934FF00003E8
:10C4D00001224849D1E8EF3FC1E8E02F0028F9D117
:10C4E000A3B9454945484B60CB608A60EEF7DAFF57
:10C4F00000280BDA42494FF40C73424A4248EFF7E6
:10C50000FBF84FF40C713F48EFF7DCF85EB3731E95
:10C51000012B5FD8012E06D13C4BD3F81C3403F01D
:10C520000303022B1FD00BF0DBF9054620BB384B71
:10C530001B780BB302220746344BC3F80823334C55
:10C54000DFF8D080D4F81824D4F81834D2031DD5DD
:10C5500003F00303022B01D0012E17D1ADB387F3F3
:10C560001188BFF36F8F224B1A68019B5A404FF01E
:10C57000000339D00EF0F4FC4FF02003EFF31187E5
:10C5800083F31288BFF36F8F0125D8E7C5B1384612
:10C59000F1F7B0FFD4F81835DBB2012BD2D1D4F8C3
:10C5A0000421002ACED00022C4F80421D4F80421AA
:10C5B0000222C4F818252022C8F88021A360C1E710
:10C5C000002121200EF058FAE4E702220F4BC3F8B5
:10C5D0000423C8E7104940F242230A4A0A48EFF709
:10C5E0008BF840F242218EE702B0BDE8F08100BF37
:10C5F00000350120DCEA0020CCEA002000EB00201E
:10C60000220003000413030060F502000050004004
:10C61000AAF8002000E100E024F7020007B50F4B64
:10C620001B6801934FF000030D480AF0A9FB78B195
:10C630000C48F2F745FB0B48EDF7ECFD0020074BEB
:10C640001A68019B5A404FF0000304D00EF088FC9A
:10C650006FF01200F3E703B05DF804FB0035012032
:10C66000DCEA020069C6010037B50F4B0A28044610
:10C670001B6801934FF000030C4D04D1AB680D21F2
:10C6800028465B689847AB6808485B68E1B2984702
:10C69000054B1A68019B5A404FF0000301D00EF081
:10C6A0005FFC204603B030BD00350120DCEA02000B
:10C6B00007B50C4B084611461B6801934FF0000369
:10C6C00006F018FF074B002818BF6FF004001A6827
:10C6D000019B5A404FF0000301D00EF041FC03B023
:10C6E0005DF804FB0035012007B50B4B1B68019377
:10C6F0004FF0000306F0E8FE074B002818BF6FF06C
:10C7000004001A68019B5A404FF0000301D00EF05C
:10C7100027FC03B05DF804FB0035012007B50B4B87
:10C720001B6801934FF0000343685B681B690B6053
:10C73000064B1A68019B5A404FF0000301D00EF0DF
:10C740000FFC002003B05DF804FB00BF00350120A2
:10C7500013B50C4B1B6801934FF00003436802EACA
:10C7600001005B6821EA02019860D960054B1A68F4
:10C77000019B5A404FF0000301D00EF0F1FB002066
:10C7800002B010BD0035012007B50A4B1B680193AC
:10C790004FF0000343685B689960064B1A68019B81
:10C7A0005A404FF0000301D00EF0DAFB002003B036
:10C7B0005DF804FB0035012007B50A4B1B680193A7
:10C7C0004FF0000343685B68D960064B1A68019B11
:10C7D0005A404FF0000301D00EF0C2FB002003B01E
:10C7E0005DF804FB0035012007B50D4B1B68019374
:10C7F0004FF0000343685A68536821EA03000B4076
:10C800009060D360064B1A68019B5A404FF00003BA
:10C8100001D00EF0A5FB002003B05DF804FB00BFC3
:10C820000035012013B5294B1B6801934FF000031D
:10C83000036961B926493A23264A2748EEF75CFF87
:10C840002648EEF759FF3A212248EEF73BFF4868A9
:10C8500050B923493B231F4A1F48EEF74DFF21489B
:10C86000EEF74AFF3B21EFE75868F8B1884219D14B
:10C870009C680868A142586000D198600020086058
:10C880002AB15A680A609A68596002B99960002012
:10C8900010E0814206D10868206098688142EDD19D
:10C8A0009C60EBE7044600680028F2D1002AE8D13A
:10C8B0006FF01500054B1A68019B5A404FF00003BA
:10C8C00001D00EF04DFB02B010BD00BF00350120BD
:10C8D000CE1303009213030060F50200D713030088
:10C8E000E6130300F813030037B5174B45681B68C0
:10C8F00001934FF000032B69B3B11035284607F0C0
:10C90000F5FF044680B90146284607F083FF0F4B28
:10C91000984213D1224628460D4907F01BFF2246B4
:10C9200005213120F1F7EAFC0020074B1A68019B32
:10C930005A404FF0000304D00EF012FB6FF00400D9
:10C94000F3E703B030BD00BF003501200000AD0BA0
:10C95000BDCA010007B5134B02681B6801934FF075
:10C96000000353090DD14FF0FF33D340DB0708D547
:10C970000C4B1A68019B5A404FF000030DD00EF08B
:10C98000EFFA0949094840F24533094AEEF7B4FE87
:10C9900040F245310648EEF795FE064803B05DF8D3
:10C9A00004FB00BF003501204214030060F50200C3
:10C9B0000F14030000258440F0B540683C4C057B13
:10C9C00089B0246807944FF0000401F01F0444EA82
:10C9D00045140569002D62D0B2F5001F00F1100565
:10C9E0000DD12146284608F085F80020304B1A6802
:10C9F000079B5A404FF0000357D00EF0B1FA0027C2
:10CA0000B2F5800F02AE0297776033D1B3F1007FA9
:10CA100014BF052304238DF808300023CDE90563F6
:10CA200004938368CB40D90716D4B2F1A07F13D109
:10CA300001AE30460194FFF78DFF04F1800350F8FA
:10CA40002330DB0708D432462146284607F0A2FEF1
:10CA5000184B984219D003962146284604AA07F09D
:10CA6000D3FC154B98421DD101222146284607F0E0
:10CA7000B3FFBAE7B3F1C06F05D0B3F1007F14BFC5
:10CA800001230223C7E70323C5E73146284607F001
:10CA900083FF094B9842DED06FF00B00A6E76FF0E2
:10CAA0008500A3E76FF01500A0E709B0F0BD00BF57
:10CAB000003501200400AD0B0000AD0B73B51A4B1F
:10CAC0001B6801934FF00003430907D1174B5968C6
:10CAD00021B101250C68164E854041B9124B1A68E8
:10CAE000019B5A404FF000031CD00EF039FA8A68BF
:10CAF0002A4010D04B6863B90E495D230E4A0F4897
:10CB0000EEF7FAFD0E48EEF7F7FD5D210A48EEF765
:10CB1000D9FD304698471CB1236821461C46DCE706
:10CB20002346FAE702B070BD003501203CEB00203F
:10CB3000B4EA0200651403009213030060F50200DA
:10CB4000F81303002DE9F043684B466889B01B6871
:10CB500007934FF0000340F20635337BD00601F017
:10CB60001F0747EA431748BF032302EA050558BFDA
:10CB7000C2F34013B5F5837F14468DF8073049D0D2
:10CB800016D8062D1FD00ED8EDB1022D44D06FF06F
:10CB90001500564B1A68079B5A404FF0000300F0EF
:10CBA000A1800EF0DDF9B5F5807FF0D101250AE016
:10CBB00040F20222954231D0B5F5407F30D0B5F534
:10CBC000007FE4D1022522032CD5012372688B401B
:10CBD000936033696BBB04A80497FFF7BBFE84F432
:10CBE000803300EB8700C3F30043C4F34044D0F824
:10CBF000002244EA43049DF8073022F4E16244EA4B
:10CC0000830422F0070244EA05231343C0F80032EC
:10CC10000020BEE70725D6E70425D4E70525D2E79F
:10CC20000325D0E7630341BF012372688B40D360C3
:10CC3000CFE71036394630460DF1060207F0AAFD5F
:10CC400014F4403F804617D13946304607F06EFE57
:10CC5000274B9845DCD130469DF8061007F07CFE46
:10CC60004045D5D023492448AB23244AEEF744FD60
:10CC7000AB212248EEF726FD4FF0000902AB394602
:10CC8000304604AACDE90539CDE90299CDF81090D6
:10CC900007F0BAFB164B98427FF479AF14F40033D7
:10CCA00015D09DF8073084F48034C4F300448DF827
:10CCB000123039464B46304604AA8DF810508DF894
:10CCC000114007F0A5FC0A4B9842C1D05FE7CDE9BF
:10CCD000053339460DF10703304604AA049307F0E3
:10CCE00093FBF0E709B0BDE8F08300BF00350120F9
:10CCF0000000AD0B9D14030060F5020071140300E9
:10CD000037B5104B1B6801934FF000034368136065
:10CD1000057A446804EBC504A3420AD36FF001000E
:10CD2000084B1A68019B5A404FF0000308D00EF0E0
:10CD300017F95C798C4201D00833E8E70020EFE76F
:10CD400003B030BD0035012007B5134B02681B68E6
:10CD500001934FF0000353090DD14FF0FF33D3403F
:10CD6000DB0708D50C4B1A68019B5A404FF00003B3
:10CD70000DD00EF0F5F80949094840F24533094A4B
:10CD8000EEF7BAFC40F245310648EEF79BFC064848
:10CD900003B05DF804FB00BF00350120421403001E
:10CDA00060F502000F140300002584402DE9F04FC8
:10CDB0005C4B85B015461B6803934FF00003834618
:10CDC000DFF86491DFF864A100EB8108D8450AD14F
:10CDD0000020544B1A68039B5A404FF0000300F0A8
:10CDE0009D800EF0BDF8DBF80030D904C3F3432278
:10CDF00003F07F0400F18C807F2C4FEA134308BFBF
:10CE00004FF0FF3419F80270192B00F28480DFE82C
:10CE100003F00D141A1D20261D82828282345F8247
:10CE200082828282828282826276797CC5F80C4517
:10CE3000631C5AD10BF1040BC8E7C5F81445661CF6
:10CE4000F8D0002659E0C5F80845F1E7C5F81045C7
:10CE5000F5E7601CC5F80845ECD0002604E0611C2D
:10CE6000C5F80C45E6D0012602A80294FFF76CFF36
:10CE7000012202FA04F3C36008E0C5F80845002F58
:10CE8000DDD1631CD6D0002606273246DBF8003001
:10CE900002A803F4005100291CBF002201260193BF
:10CEA00000920294FFF750FF019B00EB8400D0F842
:10CEB0000012C3F3C114009A3B0243EA84031343F4
:10CEC00001EA0A010B4343EA4603C0F80032B1E726
:10CED000C5F80C45D3E7C5F86045621CDBF80030A7
:10CEE000A8D0C3F38033002BBDD0012602A8029442
:10CEF000FFF72AFF06FA04F383603246C6E7C5F857
:10CF00006445EAE7C5F86845E7E7C5F86C45E4E736
:10CF10006FF015005DE76FF085005AE705B0BDE8DA
:10CF2000F08F00BF00350120BD140300F0F8FCFFB6
:10CF300007B50B4B1B6801934FF0000343681B6858
:10CF4000D3F88004C3F88004054B1A68019B5A404B
:10CF50004FF0000301D00EF003F803B05DF804FBBE
:10CF60000035012007B5124B02691B6801934FF091
:10CF7000000343681B68D3F8100190B10020526988
:10CF800012780A70C3F81001D3F8102101221A6038
:10CF9000074B1A68019B5A404FF0000304D00DF074
:10CFA000DFFF4FF0FF30F3E703B05DF804FB00BF95
:10CFB0000035012007B5104A0346126801924FF070
:10CFC00000020268D2F8580180B95B689B0704D45C
:10CFD000D2F82001003818BF0120074B1A68019BC6
:10CFE0005A404FF0000303D00DF0BAFF0120F4E7E0
:10CFF00003B05DF804FB00BF0035012007B5244BEA
:10D0000042681B6801934FF000031368D3F80413C0
:10D01000C90518D5D3F82011A9B14FF02000EFF3BE
:10D02000118180F31288BFF36F8FD3F8200130B1E4
:10D030000020C3F82001D3F820010120D86081F33B
:10D040001188BFF36F8F5268D20615D54FF02001BB
:10D05000EFF3118281F31288BFF36F8FD3F8581169
:10D0600011B10021C3F800154FF48001C3F8081373
:10D0700082F31188BFF36F8F054B1A68019B5A40EA
:10D080004FF0000301D00DF06BFF03B05DF804FB1F
:10D09000003501202DE9F74306464FF00008914B7B
:10D0A0000022012108201B6801934FF00003F1F7D3
:10D0B00025F90820F1F7BAF8776835693C686A46BF
:10D0C000C4F800852E60D7F80C9041464846FFF71B
:10D0D00017FE002839DB009BD9F800201979186861
:10D0E000FFF764FE002830DB6B7A3169012B03D037
:10D0F000032B28D14FF01008AB7A032B23D195F8DE
:10D100000BC0BCF1000F02D0BCF1010F1BD12A7A79
:10D1100012B1022A17D10E226B687068B3F5164F50
:10D12000006800F0848035D8B3F5165F00F0828087
:10D130001DD8B3F5966F7FD011D8B3F5967F7ED00A
:10D14000B3F5167F7ED06FF08500664B1A68019BA1
:10D150005A404FF0000300F0C1800DF001FFB3F51D
:10D16000166F72D0B3F5965FEDD15F4B3EE0B3F52D
:10D17000E14F6DD007D8B3F5615F6BD0B3F5964F33
:10D18000E1D15A4B32E047F6122E7345DBD14FF412
:10D1900000032BE0B3F5613F5ED013D8B3F5963FA3
:10D1A0005DD009D84DF6C02E73455AD0B3F5614F06
:10D1B000C9D14FF46B0319E0B3F5E13FC3D14FF090
:10D1C000EB7313E0B3F5612F4ED009D8DFF820E1FF
:10D1D00073454CD0B3F5E12FB5D14FF0E86305E0CE
:10D1E000DFF810E17345AED14FF08053C0F824351D
:10D1F000736848EA0C081B6842EA0802C3F86C2509
:10D200000B1DD5E9010183E803007B6899073DD533
:10D2100005F1180006F0DEFC374B98422AD037485B
:10D220000121374AEFF7F0FD6FF004008DE74FF46E
:10D230001D03DBE7334BD9E74FF49E23D6E74FF4CA
:10D24000A033D3E74FF41C33D0E74FF41D23CDE7D1
:10D250002D4BCBE72D4BC9E74FF06C73C6E72C4B3A
:10D26000C4E74FF46503C1E74FF07063BEE74FF0CA
:10D270008063BBE7287E04F10C0204F5907106F090
:10D28000A9FA01202B7E984006F036FA0823C4F84C
:10D2900000353B7A53B9C4F81031D4F810316B69BA
:10D2A000C4F834350123C4F8383523607B68002086
:10D2B0009A075CBF4FF48073C4F804337B68DB06C5
:10D2C00044BF4FF48003C4F804332B69C4F84435D9
:10D2D0000123C4F84805A360E36036E703B0BDE866
:10D2E000F08300BF0035012000B0130000A04E0005
:10D2F00090D0030040420F000000AD0BCCED0200C7
:10D30000C51403000050270000C0750000F03A006B
:10D3100000903A012DE9F341394B04460D461B6854
:10D3200001934FF0000307690AF0DAFAB0B9354B00
:10D330001B789BB164266068FFF73CFE00BB0120B0
:10D3400006F066F9013EF6D1002121200DF094FB94
:10D35000F0E788F31188BFF36F8FF5E74FF02003F4
:10D36000EFF3118883F31288BFF36F8F606846462E
:10D37000FFF720FE90B988F31188BFF36F8FEDE7B8
:10D380004FF02003EFF3118883F31288BFF36F8F00
:10D3900060684646FFF70EFE0028DAD03B691D7034
:10D3A000626839691368C3F844150121C3F8481548
:10D3B0000021C3F82011D3F82001C3F85811526896
:10D3C000D3F85811D20608D5082162681268C2F84D
:10D3D00000154FF48002C3F8042301229A6086F3FB
:10D3E0001188BFF36F8F064B1A68019B5A404FF0AC
:10D3F000000301D00DF0B4FD02B0BDE8F08100BF24
:10D4000000350120AAF8002073B5164B16491B6899
:10D4100001934FF00003D1E90034D01AC31844F14E
:10D42000000422F07F46C1E90034A6F50013B3F5ED
:10D43000400F09D20D4B1B681A0A1B069C190C4B96
:10D4400042F10005C3E90045064B1A68019B5A40AA
:10D450004FF0000301D00DF083FD02B0BDE8704035
:10D460000DF0D0BF0035012068DF002050EB002018
:10D4700070DF002007B5154B1B6801934FF00003C8
:10D48000134B1868010A0006BFF35F8F114BD3F8E6
:10D490000435181841F10001B3F5801F0AD20E4B74
:10D4A000D3E90023904271EB030303D210F18070A3
:10D4B00041F10001054B1A68019B5A404FF00003EF
:10D4C00001D00DF04DFD03B05DF804FB00350120E7
:10D4D00050EB00200050014070DF00202DE9F043A8
:10D4E000364B85B01B6803934FF00003344BD3F8E1
:10D4F000042390070BD5D3F8042142B10022C3F8CE
:10D500000421304AD3F804311368013313602C4AE4
:10D51000D2F80433D90327D52B4BD3E8EF1F21F0E2
:10D520000100C3E8E40F002CF7D1CB0702D4D2F8F6
:10D530004031CBB10025224CC4F84051D4F84031E1
:10D54000FFF798FF4FF02003EFF3118283F3128867
:10D55000BFF36F8F1D4BD3E90267B042B9410CD2C4
:10D5600082F31188BFF36F8F144B1A68039B5A40E4
:10D570004FF000031ED00DF0F3FC4FF0FF38D3E95D
:10D5800000104FF0FF391D60C3E902894FF480336A
:10D59000C4F84833C4F84051D4F8403182F31188BC
:10D5A000BFF36F8F0029DFD0009032463B462846FC
:10D5B0008847D9E705B0BDE8F08300BF00350120FA
:10D5C0000050014050EB002048EB002058DF0020C5
:10D5D0002DE9F74F4B4B04460D461B6801934FF066
:10D5E0000003494FD7E8EF8F28F00103C7E8E23F77
:10D5F000002AF7D14FF48039444EC6F80893BFF3A0
:10D600005F8FBFF36F8FFFF735FFA04271EB05030C
:10D6100008F0010840D23E4B201A65EB0101984208
:10D6200071F1000148D23B4BD3E902239D4208BF70
:10D6300094423AD04FF0000C24F07F4083460321FF
:10D640006FF0020EC6F84893C6F840C1D6F84031D4
:10D65000DFF8C4A02BF07F43C6F84035C6F84493EA
:10D66000D6F80425AEEB02035B4423F07F43534519
:10D670001BD9D6F840315BB1D6F80425131A23F034
:10D680007F43B3F5000F10D9C6F840C1D6F840313A
:10D6900001EB020B0131DDE7204BD3E8EF1F41F036
:10D6A0000101C3E8E21F002AF7D11A4B1C4AC3E963
:10D6B00002451A6000225A60B8F1000F16D0D7E870
:10D6C000EF3F43F00103C7E8E23F002AF7D14FF4F0
:10D6D00080320E4BC3F80423104BD3E8AF3FDB0777
:10D6E00042BF4FF400120F4BC3F80021054B1A68DC
:10D6F000019B5A404FF0000301D00DF031FC03B004
:10D70000BDE8F08F003501204CEB002000500140B7
:10D710000100800058DF0020FDFF7F0048EB002063
:10D7200009D4010000E100E073B500254FF0FF309F
:10D730004FF0FF311D4B1E4C1B6801934FF000034F
:10D740001C4B0226C4F80833C4F848331A4BC4F8FB
:10D750000855C3E902014FF480334FF40012C4F8B6
:10D760000433164B01211520C4F80463C3F880214B
:10D770002A46F0F7C3FD1520F0F758FD0123104AA3
:10D78000A360002123600F481360FFF721FF30469C
:10D79000FEF796FE054B1A68019B5A404FF00003B6
:10D7A00001D00DF0DDFB284602B070BD0035012030
:10D7B0000050014003000F0058DF002000E100E0AE
:10D7C0004CEB0020FFFF7F0013B5174B174C1B6875
:10D7D00001934FF00003431C05D08442A8BF0446C8
:10D7E000012CB8BF0124FFF745FE114AD2E90031F0
:10D7F000C01AB0F5000F0D4A0CD22044904228BF49
:10D800001046094A1468019A54404FF0000203D0B0
:10D810000DF0A6FB1046F4E7C01841F1000102B07C
:10D82000BDE81040FFF7D4BE00350120FFFF7F00A8
:10D8300068DF002007B50B4B1B6801934FF0000316
:10D84000FFF718FE084B1B68C01A064B1A68019BAD
:10D850005A404FF0000301D00DF082FB03B05DF899
:10D8600004FB00BF0035012068DF002007B5094B2D
:10D870001B6801934FF00003FFF7FCFD054B1A688E
:10D88000019B5A404FF0000301D00DF069FB03B03B
:10D890005DF804FB00350120F7B5174B01461B6806
:10D8A00001934FF00003154B0B251A68144B00260B
:10D8B00018461F46B84201D3013D0CD11846013A23
:10D8C00019605A600C4B1A68019B5A404FF00003D4
:10D8D0000FD00DF045FB04688C42F3D03CB1446896
:10D8E000141BA642BCBF034626460830E2E70346A7
:10D8F000E4E703B0F0BD00BF0035012010EC0020CC
:10D900001CEC002007B500200D4B1B6801934FF065
:10D9100000030C4BC3E900000B4BD3E8EF2FC3E827
:10D92000E10F0029F9D1064B1A68019B5A404FF0CC
:10D93000000301D00DF014FB03B05DF804FB00BF41
:10D940000035012014EC002010EC002007B5094B35
:10D950001B6801934FF00003064B1A68019B5A4065
:10D960004FF0000301D00DF0FBFA03B05DF804EBBB
:10D9700009F0B2B9003501202DE9F04F694B8BB0A9
:10D9800005460E461B6809934FF0000310F04BFE4E
:10D9900058B96FF06D00634B1A68099B5A404FF0FD
:10D9A000000300F0BB800DF0DBFA0DF061FE336880
:10D9B0000446002B0F4604D10CF0FEFE6FF00A0067
:10D9C000E9E7BCBF4FF0FF3333600122002102A81A
:10D9D0000AF0EEFD0DF1040808954FF02003EFF377
:10D9E000118B83F31288BFF36F8F10F0E5FFDFF820
:10D9F00038A1DFF838915AF80000FFF74DFFD9F849
:10DA0000003042689A4270D10023494D01936B68FF
:10DA1000002B71D1C5E900888BF31188BFF36F8F9C
:10DA200033685A1C6DD04FF4004E40F2E7300021AD
:10DA300023EAE37C4FF47A720023CCFB0E01EBF770
:10DA400063F902460B4602A80AF02AFE4FF02003B3
:10DA5000EFF3118B83F31288BFF36F8F00222B68D3
:10DA60005BB1434557D10199002A4ED16A682960BC
:10DA70009A4200D169600023019310F09DFF5AF88B
:10DA80000000FFF709FFD9F8003043608BF31188DD
:10DA9000BFF36F8F10F0C7FD00283FF47AAF3568F1
:10DAA0006B1C27D00DF0E4FD4FF47A7EA0FB0E3204
:10DAB0000EFB0121A4FB0E420EFB0722DB0BE40B45
:10DAC00043EA414344EA42441B1B4FEAD1314FEA47
:10DAD000E57C61EBD231ED1A6CEB010CBCF1000F6F
:10DAE000B8BF002535602DB968E743608BF3118816
:10DAF000BFF36F8F00204EE7C3F80080C5F80480A5
:10DB00008AE74FF0FF3213469DE71160696899423A
:10DB100008BF6A60AFE71A461B68A1E70BB0BDE813
:10DB2000F08F00BF003501200800000010EC00203D
:10DB300014EC002013B5124B041E1B6801934FF028
:10DB400000030DDCEB230F4A0F491048EDF7D4FD1D
:10DB500021460F48EDF7D0FDEB210A48EDF7B2FD65
:10DB600010F02AFF0B4B1C50054B1A68019B5A40C2
:10DB70004FF0000301D00DF0F3F902B010BD00BF6B
:10DB800000350120FE1403002F15030060F502008C
:10DB90003C1503000C00000007B5094B1B680193FE
:10DBA0004FF00003064B1A68019B5A404FF00003E8
:10DBB00001D00DF0D5F903B05DF804EB09F090BE8B
:10DBC0000035012073B51A4B1A4C1B6801934FF0B6
:10DBD000000303682BB1A34203D304F1A805AB42B1
:10DBE00017D3154D2B78062B0CD91449FF23144A53
:10DBF0001448EDF781FD1448EDF77EFDFF21104834
:10DC0000EDF760FD5E1C03EB430304EBC3042E70D1
:10DC100004600068064B1C68019B5C404FF00003E9
:10DC200001D00DF09DF902B0BDE870400AF0C0BC13
:10DC30000035012068EB0020CCF4002063150300C0
:10DC4000FE14030060F502006C15030007B5144BC9
:10DC50001B6801934FF0000328B1124A904202D38F
:10DC6000A83290420ED310494FF487730F4A1048E0
:10DC7000EDF742FD0F48EDF73FFD4FF487710B487C
:10DC8000EDF720FD064B1A68019B5A404FF0000348
:10DC900001D00DF065F903B05DF804EB0AF0AABC01
:10DCA0000035012068EB002092150300FE140300EC
:10DCB00060F502001817030073B5224B05461B6878
:10DCC00001934FF0000328B11F4B984202D3A833B1
:10DCD00098420ED31D494FF48C731D4A1D48EDF731
:10DCE0000BFD1D48EDF708FD4FF48C711848EDF75A
:10DCF000E9FC4B1C1FD021EAE1744FF4004640F2CE
:10DD0000E73000214FF47A720023C4FB0601EAF7E2
:10DD1000FBFF02460B4628460AF0C2FC094B0028CE
:10DD200018BF6FF00A001A68019B5A404FF00003B9
:10DD300005D00DF015F94FF0FF321346EBE702B0B6
:10DD400070BD00BF0035012068EB00209215030074
:10DD5000FE14030060F502001817030007B5144B0A
:10DD60001B6801934FF0000328B1124A904202D37E
:10DD7000143290420ED3104940F241130F4A10481A
:10DD8000EDF7BAFC0F48EDF7B7FC40F241110B4834
:10DD9000EDF798FC064B1A68019B5A404FF00003C0
:10DDA00001D00DF0DDF803B05DF804EB0AF042B8E5
:10DDB0000035012054EB002032170300FE1403004D
:10DDC00060F50200D618030073B5224B05461B68A8
:10DDD00001934FF0000328B11F4B984202D3143334
:10DDE00098420ED31D4940F24B131D4A1D48EDF7D2
:10DDF00083FC1D48EDF780FC40F24B111848EDF70D
:10DE000061FC4B1C1FD021EAE1744FF4004640F244
:10DE1000E73000214FF47A720023C4FB0601EAF7D1
:10DE200073FF02460B4628460AF0A6F8094B002865
:10DE300018BF6FF00A001A68019B5A404FF00003A8
:10DE400005D00DF08DF84FF0FF321346EBE702B02E
:10DE500070BD00BF0035012054EB002032170300D5
:10DE6000FE14030060F50200D618030037B505461E
:10DE7000124B1B6801934FF00003114BD3E8EF1FC7
:10DE80000131C3E8E21F002AF8D10E4B1C6844B9E7
:10DE90000A4B1A68019B5A404FF000030BD00DF05B
:10DEA0005FF8E369AB4201D005B113B9201D0AF058
:10DEB000A1FB2468EBE703B030BD00BF00350120B3
:10DEC00010EC002014EC002007B50B4B01461B683A
:10DED00001934FF00003084B1A68019B5A404FF022
:10DEE000000301D00DF03CF800220023034803B0EA
:10DEF0005DF804EB09F0EEBA003501206CEC00206F
:10DF000007B50A4B01461B6801934FF00003074B0E
:10DF10001A68019B5A404FF0000301D00DF020F821
:10DF2000034803B05DF804EB09F0EEBA00350120B8
:10DF30006CEC002007B50B4B01461B6801934FF0BA
:10DF40000003084B1A68019B5A404FF0000301D0B0
:10DF50000DF006F800220023034803B05DF804EB3F
:10DF600009F0B8BA0035012084EC002007B50A4B4F
:10DF700001461B6801934FF00003074B1A68019B91
:10DF80005A404FF0000301D00CF0EAFF034803B001
:10DF90005DF804EB09F0B8BA0035012084EC0020EC
:10DFA00007B50A4B0A481B6801934FF0000307F0BE
:10DFB000F7FC064B1A68019B5A404FF0000301D052
:10DFC0000CF0CEFF002003B05DF804FB003501200B
:10DFD000D5DF010073B5144B05461B6801934FF064
:10DFE0000003124C124EB44212D912491123124AA4
:10DFF0001248EDF781FB1248EDF77EFB11210E4828
:10E00000EDF760FBD4E90031284698470834EAE789
:10E01000F8D3054B1A68019B5A404FF0000301D01A
:10E020000CF09EFF02B070BD003501205C52030071
:10E030006452030025190300F618030060F502007E
:10E0400026FE020013B5574B29281B6801934FF099
:10E05000000300F0A1800ADC012857D0062800F058
:10E060009D80002800F096804FF0FF303BE0B0F537
:10E070008D7F04D0B0F5007FF6D11E2950E04B1EF5
:10E08000142BF1D801A050F823F000BFE3E0010009
:10E09000E3E00100E3E00100E3E00100E3E0010070
:10E0A000E3E0010069E0010069E0010069E00100CE
:10E0B00069E0010069E00100E3E00100E3E0010044
:10E0C000F9E00100FDE0010069E0010069E0010004
:10E0D000E1E0010001E1010005E1010009E10100C9
:10E0E0000E21002011602F4B1A68019B5A404FF0FF
:10E0F000000355D00CF034FF0F21F2E71021F0E7B8
:10E100001121EEE71221ECE71321EAE736293FDC83
:10E11000202907DC1429E4D038DC0229E1D00429C5
:10E12000DFD0A1E7A1F12103152B9DD801A050F864
:10E1300023F000BFE3E00100E3E0010069E001003B
:10E1400069E0010069E0010069E0010069E00100A7
:10E15000E3E0010069E0010069E0010069E001001D
:10E1600069E0010069E0010069E0010069E0010087
:10E1700069E0010069E00100E3E00100E3E0010083
:10E18000E3E00100E3E00100E3E001001529C7E757
:10E190003D29C5E71F29C3E72029C1E73729BFE784
:10E1A00002B010BD0035012007B50F4B4FF0FF3214
:10E1B0001B6801934FF000030C4B1A609A611A63BD
:10E1C0009A641A669A67C3F89020C3F8A820064B91
:10E1D0001A68019B5A404FF0000301D00CF0C0FEBA
:10E1E000002003B05DF804FB00350120A0EC002006
:10E1F00007B5094B1B6801934FF00003064B1A68E3
:10E20000019B5A404FF0000301D00CF0A9FE002002
:10E2100003B05DF804FB00BF003501202DE9F0419B
:10E22000144600221E46274B86B001291B68059321
:10E230004FF000030D46CDE90322DDF8308007687A
:10E2400003D1192C18D15F2307E02146284602AAE2
:10E25000FFF7F8FE00282ADA6D2310F0ADFB1A4A0A
:10E2600013504FF0FF30174B1A68059B5A404FF080
:10E27000000324D00CF074FE2146284602AAFFF7C2
:10E28000E1FE0028E8DB143C012C07D836B14FF042
:10E2900008083268B3680392049303AE33462946F4
:10E2A0003846029ACDF8008008F0CCF8DBE7B5F5E7
:10E2B0008D7FF3D10C2C08BF4FF00408EEE706B0B9
:10E2C000BDE8F081003501200C0000002DE9F0418F
:10E2D0001C462D4B88B01B6807934FF000030023AA
:10E2E0000F461546CDE9053308230668294638460A
:10E2F00003AADDF838800493FFF7A4FE00280FDAA4
:10E3000010F05AFB6D224FF0FF36204B1A501E4B77
:10E310001A68079B5A404FF0000330D00CF020FEE3
:10E32000012F1DD1A5F11403012B19D804AA05ABA7
:10E33000304600923946039A08F0B0F906460028A4
:10E34000E5D1012FE3D1042D0DD120680028DED0C6
:10E35000FFF7F0FB10F030FB0C4B1B582360D6E7A7
:10E3600042462346E4E7143D012DD0D8059BC4E97D
:10E370000030069BA3601023C8F80030C7E7304682
:10E3800008B0BDE8F08100BF003501200C0000009E
:10E3900007B50A4B1B6801934FF00003074B1A683F
:10E3A000019B5A404FF0000301D00CF0D9FD0068EA
:10E3B00003B05DF804EB0FF0F5BB00BF00350120A2
:10E3C00037B50D4B04461B6801934FF0000344B969
:10E3D000094B1A68019B5A404FF000030AD00CF019
:10E3E000BFFDA06925680EF089F820460EF086F87A
:10E3F0002C46ECE703B030BD0035012007B51349CA
:10E400000346096801914FF0000111490878C0B92D
:10E410001049097839B1A2F58071022908D9A2F50D
:10E420008872012A04D9013B022B8CBF00200120F5
:10E43000064B1A68019B5A404FF0000303D00CF0C2
:10E440008FFD0020F4E703B05DF804FB00350120E8
:10E450004EF500204DF5002037B5104B02221B6809
:10E4600001934FF000034B8801F1140443800346ED
:10E4700023F8042B0A1D52F8045BA24243F8045B04
:10E48000F9D10B7D0375054B1A68019B5A404FF07B
:10E49000000301D00CF064FD03B030BD0035012055
:10E4A00037B5104B02221B6801934FF000034388DD
:10E4B00000F114044B800B4623F8042B021D52F884
:10E4C000045BA24243F8045BF9D1037D0B75054B55
:10E4D0001A68019B5A404FF0000301D00CF040FD38
:10E4E00003B030BD00350120034630B51B4C8BB066
:10E4F000246809944FF000041C680B880846012B1F
:10E5000014D14A88ADF80430ADF8062008224B68D3
:10E5100001A9029320460FF057FA104B1A68099B85
:10E520005A404FF0000316D00CF01AFD022B05D113
:10E5300003A9FFF7B5FF162203A9EBE7074B1868FD
:10E54000099B58404FF00003EED120460BB0BDE8C8
:10E5500030400FF039BA0BB030BD00BF003501209C
:10E56000034610B51C680B88174A8AB0012B084671
:10E57000126809924FF0000214D14A88ADF80430B5
:10E58000ADF8062008224B6801A9029320460FF03F
:10E59000BDFA0D4B1A68099B5A404FF0000311D089
:10E5A0000CF0DEFC022B05D103A9FFF779FF162240
:10E5B00003A9EBE710F000FA6A22044B1A504FF05F
:10E5C000FF30E6E70AB010BD003501200C00000066
:10E5D00013B50949096801914FF0000106490C681B
:10E5E00001994C404FF0000101D00CF0B9FC02B091
:10E5F000BDE8104009F0C0BC0035012073B5164BD2
:10E6000018251B6801934FF0000300230168134C89
:10E6100005FB03F2A658B14211D1B0F906100E4B1A
:10E620001868019B58404FF0000301D00CF098FC93
:10E630000832A01802B0BDE870400DF0ADBE013345
:10E64000082BE5D1044B1A68019B5A404FF0000398
:10E65000ECD102B070BD00BF00350120A0EC00205D
:10E6600007B5094B1B6801934FF00003064B1A686E
:10E67000019B5A404FF0000301D00CF071FC03B035
:10E680005DF804EB09F0D6BB003501202DE9F04F11
:10E6900014460E4600218BB01F46474B05462022EC
:10E6A00001A81B6809934FF00003009110F031F9A5
:10E6B0005CB163680193E3680393A36802932369E1
:10E6C0000493E36903B1079301AC4FF0FF324FF0BD
:10E6D000FF333A48FFF77CFF31466B462246284617
:10E6E00007F092FB064648B9804681464FF0180A6B
:10E6F000009D386075B900980FF0EAF82F48FFF7D1
:10E70000AFFF2D4B1A68099B5A404FF000034ED0C3
:10E710000CF026FC50200DF05BFF0446002840D092
:10E72000C0F80090C0F81C902B684360AB68C360D1
:10E730006B688360EB680361D5F804B0BBF1010F2F
:10E7400014D108200DF044FFA06138B308236361A1
:10E750006B695A88A0F800B042805B684360B8F1EA
:10E76000000F21D13C60A046ED69C3E7BBF1020F69
:10E7700009D00DF0C3FE6FF005063868FFF720FEE4
:10E7800000233B60B7E718200DF022FFA06128B1FD
:10E79000C4F814A06969FFF75FFEE0E720460DF0BA
:10E7A000ADFE6FF00906E8E7C8F80040DBE7304649
:10E7B0000BB0BDE8F08F00BF0035012064D1002010
:10E7C0002DE9F0479846284B8CB00546D0E90090DB
:10E7D0000E4617461B680B934FF00003149C08B1BC
:10E7E000FFF73EFFCCB9CDE9004443463A463146F7
:10E7F00048460FF0A2FA0446686828B14FF0FF328D
:10E800004FF0FF33FFF7E4FE174B1A680B9B5A409B
:10E810004FF0000324D00CF0A3FB2388012B0BD175
:10E82000ADF80C306368628804930823019303AB4E
:10E83000ADF80E200093D8E7022B09D10DF1140A90
:10E8400051462046FFF72CFE1623CDE900A3CCE766
:10E8500010F0B2F86A22054B4FF0FF341A50CBE7A4
:10E8600020460CB0BDE8F087003501200C00000008
:10E870002DE9FF47484B074690461B6803934FF02E
:10E8800000030C4679B300231A46C86883423AD184
:10E89000802A77D800254FF0FF324FF0FF333F48F2
:10E8A000FFF796FEA9463E4EE3689D4232D300260E
:10E8B0003546DFF8ECA0B14511DD85B9636838460F
:10E8C00001932368A9EB060200930AEB0601434675
:10E8D000FFF776FF051EEEDD2E44B145EEDC2F4836
:10E8E000FFF7BEFE06E010F067F816224FF0FF3586
:10E8F0002C4B1A50284B1A68039B5A404FF00003C8
:10E9000045D00CF02DFBA16801EBC3014968013330
:10E910000A44BBE7A36806EB090003EBC50253F802
:10E92000351052680FF0E8FFA3684FEAC50A534458
:10E930005B6801359944B7E7A3684FEAC60A03EB61
:10E94000C6035B683BB14FF00009A36803EB0A0202
:10E950005268914504D30136E3689E42ECD3C9E77F
:10E9600053F80A10636849440193236838460093BA
:10E97000A2EB09024346FFF723FF011E05DB894492
:10E980000D44E2E700263546E6E70D46B2E72846A5
:10E9900004B0BDE8F08700BF00350120C8D10020D9
:10E9A000CDF400200C0000001FB50A4B1B68039338
:10E9B0004FF000030023CDE90033FFF701FF054BC3
:10E9C0001A68039B5A404FF0000301D00CF0C8FABC
:10E9D00004B010BD003501202DE9F04F05469A46E0
:10E9E00040682F4B8BB00C46DDE9146791461B68DD
:10E9F00009934FF0000308B1FFF732FED5F800B0DD
:10EA000006B1D7B900232146CDE900334A46534623
:10EA100058460FF0D3FA0446686828B14FF0FF3229
:10EA20004FF0FF33FFF7D4FD1D4B1A68099B5A4086
:10EA30004FF0000330D00CF093FA0DF10C081622C1
:10EA4000002140460FF065FF162202AB2146CDE9BA
:10EA50000083029253464A4658460FF0AFFA041E0E
:10EA6000DADBBDF80C30012B0AD1029A082AD3D187
:10EA70003380BDF80E10049B718073603A60CBE761
:10EA8000022BC9D1029B162BC6D141463046FFF757
:10EA9000E3FC18233B60BFE720460BB0BDE8F08FD6
:10EAA000003501201FB50A4B1B6803934FF000038C
:10EAB0000023CDE90033FFF78FFF054B1A68039B56
:10EAC0005A404FF0000301D00CF04AFA04B010BDD8
:10EAD0000035012073B5154B4FF0FF321B680193D1
:10EAE0004FF0000305464FF0FF331148FFF770FD6C
:10EAF000002318200F4A00FB03F156588C180136EA
:10EB00000CD155500A48FFF7ABFD084B1A68019B22
:10EB10005A404FF0000306D00CF022FA0133082BC4
:10EB2000E9D10024EEE7204602B070BD0035012097
:10EB30003CD10020A0EC002013B5104B04461B680C
:10EB400001934FF000034FF0FF324FF0FF330C48BA
:10EB5000FFF73EFD4FF0FF320023C4E90023074BCF
:10EB60001A68019B5A404FF0000301D00CF0F8F9ED
:10EB7000034802B0BDE81040FFF772BD0035012028
:10EB80003CD1002037B50D4B054600681B6801934A
:10EB90004FF0000307F024FC044610B92846FFF7A5
:10EBA000CBFF064B1A68019B5A404FF0000301D07F
:10EBB0000CF0D6F9204603B030BD00BF003501206F
:10EBC0002DE9F043354B89B007460C4615461B68C6
:10EBD00007934FF00003ECF7EFF80646002E386875
:10EBE0001EDB04B315B32B686A46082B18BF162327
:10EBF0000DF10409009349460FF002F8B0F1000846
:10EC00000BDBFFF767FF074698B90FF0D5FE0C2224
:10EC1000234B1A50404607F0E3FB3046ECF74CF923
:10EC20004FF0FF3618E02246A146E4E72A46A946FF
:10EC3000E1E764B15DB1B9F80030012B15D10822CC
:10EC40002A60BDF806202380029B628063603946FB
:10EC50003046144AECF700F9104B1A68079B5A40EB
:10EC60004FF0000316D00CF07BF9022B06D11823CD
:10EC700020462B6001A9FFF7EFFBE8E70FF09CFEB1
:10EC80008622074B1A50404607F0AAFB3846FFF78A
:10EC900053FFC2E7304609B0BDE8F08300350120DC
:10ECA0000C0000005CF0020013B50446184B194A32
:10ECB0001B6801934FF00003174B18600368174857
:10ECC000DA61F2F791F8236873B9154940F29F238E
:10ECD000144A1548ECF710FD1448ECF70DFD40F20E
:10ECE0009F211048ECF7EEFC0C33D3E8EF1F41F006
:10ECF0000801C3E8E21F002AF7D1054B1A68019BFF
:10ED00005A404FF0000301D00CF02AF902B010BDB8
:10ED10000035012075EE01009CEC002054F002004B
:10ED2000670D0300320D030060F502007E0B030047
:10ED3000F0B54D4B89B01B6807934FF00003A1F568
:10ED400081730468032B5FD8DFE803F002488B5B14
:10ED50000127D2E901611368444AB3F904300592EE
:10ED6000ADF818308DF81A703368994205D10FF05C
:10ED700023FE0C223E4B1A5014E000F108052846F1
:10ED80000DF0DAFA2B460022394630680DF02EF9E4
:10ED90000823204600933C22394605AB07F052FB7E
:10EDA000044610B14FF0FF340EE033681433336083
:10EDB000CDE90300284603AA04A90DF0D5FA049B67
:10EDC000002B18BF6FF07704274B1A68079B5A4037
:10EDD0004FF000032DD1204609B0F0BDD2E900422A
:10EDE0001368143313600023CDE9043304AA05A982
:10EDF00008300DF0B9FA059B0BB1049BE3800024A9
:10EE0000E2E713684360FAE703291DD0042923D100
:10EE1000126832F4804304D00FF0CEFD1621144B5B
:10EE20001950114B92131968079B59404FF000037A
:10EE300001D00CF095F80421204602F0010209B03F
:10EE4000BDE8F0400FF0DEB9204600220FF0DAF9FD
:10EE5000840304F48044B7E70FF0AEFD1622044BA0
:10EE600089E76FF05E04AFE700350120FDE50100A2
:10EE70000C0000002DE9F341274B0D1E074690467C
:10EE80001B6801934FF0000318DA0AF07DFD234E52
:10EE9000012333704246384625F04041F0F798FF91
:10EEA0000023337004460AF0F1FD1B4B1A68019BE6
:10EEB0005A404FF000032AD00CF052F86B0003D5F3
:10EEC0000AF062FD164EE3E7EBF776FF041E09DB5E
:10EED0002946424638460EF019FD051E05DA204641
:10EEE000EBF7EAFF4FF0FF34DFE7FFF7F3FD0146F2
:10EEF00040B90FF061FD0C220A4B1A50284607F06A
:10EF00006FFAECE72046084AEBF7A6FFCDE720466C
:10EF100002B0BDE8F08100BF003501204EF50020B1
:10EF20004DF500200C0000005CF0020007B50E4B10
:10EF30000E481B6801934FF0000306F02BFD0346BB
:10EF400020B101210A4A0B48EDF776FF064B1A68FB
:10EF5000019B5A404FF0000301D00CF001F8002053
:10EF600003B05DF804FB00BF00350120A5F00100EF
:10EF70005A19030034ED02002DE9F04383B03A4BF7
:10EF800000AF04461B687B604FF000030026374D3E
:10EF9000DFF8DC904D4521D936493923364A3748C8
:10EFA000ECF7AAFB3648ECF7A7FB39213248ECF71F
:10EFB00089FB95F8088018F0010F0BD1296819B169
:10EFC00020460FF0DFFB28B118F0020F04D02046D6
:10EFD0006B6898470C35DDE70126FBE7E9D3002E87
:10EFE00034D02046EAF70AF80022411D00232548C4
:10EFF00008F070FA0546F0B96E4688B06A46224BB2
:10F00000C2E905344FF400739383204B42F8103F5C
:10F010004FF4E45103461E48EDF750FE4F23B5462A
:10F02000154A1C491548ECF767FB21461A48ECF7CE
:10F0300063FB4F21BAE721460430E9F7D7FF1748B1
:10F04000294609F0D1F9164809F064FF064B1A6801
:10F050007B685A404FF0000301D00BF081FF0C3762
:10F06000BD46BDE8F08300BF003501200CD0002074
:10F0700084D00020B31903008719030060F5020053
:10F0800026FE020010D10020D31903000300000166
:10F0900034ED0200FF190300081A030038D20020E3
:10F0A000D8CE002007B50F4B1B6801934FF000032B
:10F0B00048B90D490D4836230D4AECF71DFB3621A2
:10F0C0000B48ECF7FFFA074B1A68019B5A404FF0C8
:10F0D000000301D00BF044FF03B05DF804EBFFF731
:10F0E0004BBF00BF00350120F82C030060F5020083
:10F0F000871903002DE9F743214B224E1B6801932A
:10F100004FF00003204FDFF88480002200233046B8
:10F1100009F0A0F9054630BB194B1A68019B5A400B
:10F120004FF0000329D00BF01BFF237ADA070AD433
:10F130009B0708D4216819B148460FF023FB10B192
:10F140004846636898470C34BC4210D91049602384
:10F15000104A1148ECF7D0FA1048ECF7CDFA6021CC
:10F160000C48ECF7AFFA0E4C05F10409ECE7DCD3E0
:10F170002946404608F0C8F9C7E703B0BDE8F08368
:10F180000035012038D2002084D0002010D100208A
:10F19000B31903008719030060F5020026FE020080
:10F1A0000CD0002007B50E4B1B6801934FF00003F5
:10F1B000A0F12303DBB2082B9CBF40F20510D8401E
:10F1C000074B8CBF002000F001001A68019B5A40D9
:10F1D0004FF0000301D00BF0C3FE03B05DF804FB59
:10F1E0000035012007B50E4B1B6801934FF000035B
:10F1F000A0F12C03DBB2112B96BF0A480020D840A7
:10F20000074B98BF00F001001A68019B5A404FF06D
:10F21000000301D00BF0A4FE03B05DF804FB00BFB7
:10F22000003501200140020007B50C4B0D281B687A
:10F2300001934FF000030CD0A0F10A03584258414B
:10F24000064B1A68019B5A404FF0000303D00BF0A5
:10F2500087FE0120F4E703B05DF804FB00350120D0
:10F2600073B50E4B05681B6801934FF00003AB1C90
:10F270000360AE7804463046FFF7D6FF10B90EB1F2
:10F2800003352560054B1A68019B5A404FF0000377
:10F2900001D00BF065FE02B070BD00BF003501204B
:10F2A000F7B5124B05461B6801934FF0000300248D
:10F2B0000F4E56F8047B3846E9F7A0FE3946024661
:10F2C00028460FF01BFA60B10134042CF1D1002064
:10F2D000064B1A68019B5A404FF0000303D00BF015
:10F2E0003FFE0120F4E703B0F0BD00BF0035012070
:10F2F0009CF002002DE9F0437C4B0468A5B01B682C
:10F3000023934FF00003237880460F46164601945E
:10F31000002B00F0E580764B1B78062B1BD10021DB
:10F32000621C019210781346A0F16105192D02F1BB
:10F3300001020ED9A0F14105192D0AD95F2808D084
:10F3400001B101932246394630461B1B00F042FCB6
:10F3500050E00121E6E7013B082B4BD8DFE803F042
:10F3600074576AB20E4A1F47050022460021134611
:10F3700012F8010B0028E3D00121F8E72046002114
:10F3800002780346A2F13005092D00F1010004D9ED
:10F3900022F02002413A052AD2D80121F0E701A843
:10F3A000FFF75EFF002201980378054623F0200155
:10F3B0004139192900F1010013D9303B092B10D92B
:10F3C00002B101952B1B22463946304600F002FC63
:10F3D0002B783D2B07D16B783F2B0BD10235019554
:10F3E00008E00122E0E73F2B04D10135F7E7304682
:10F3F00000F0A4FB0020019BC8F800303B4B1A68CA
:10F40000239B5A404FF000036DD00BF0A9FD254619
:10F4100095F800904846FFF707FF2B46013510B9D5
:10F42000B9F1000FF4D12246394630461B1B00F0DB
:10F43000D1FBD4E725462A782B46222A05F101057F
:10F44000F1D0002AF7D1EEE720460A2202A90DF0FA
:10F4500003FB0124029B03900193019B1878292848
:10F4600025D020B303F10109FFF7BCFECDF80490CD
:10F4700008B9254619E00A2202A948460DF0ECFA1F
:10F4800024AB651C03EB840444F8840C4846E9F77C
:10F49000B5FDDDF8089004464846E9F7AFFD844223
:10F4A00006D0202DCDF8049002D02C46D5E7254675
:10F4B000AB003946304603AA00F0C0FB019B013384
:10F4C000019397E70A22204602A90DF035FA0B4670
:10F4D0000299024601913046394600F055FB89E712
:10F4E0004FF0FF308AE725B0BDE8F08300350120FA
:10F4F00050F5002013B51B4B04461B6801934FF0D9
:10F500000003E9F77BFD012826D92378A3F16102E6
:10F51000192A98BF203B412B1ED16378A3F16102C9
:10F52000192A98BF203B542B16D1A47804F0F70376
:10F53000232B13D0252C11D02046FFF775FE10B9D0
:10F54000B4FA84F04009074B1A68019B5A404FF007
:10F55000000305D00BF004FD0020F4E70120F2E7E2
:10F5600002B010BD003501202DE9F3416B4B074679
:10F570001B6801934FF000030468DFF8A4810029A1
:10F580003DD12078FFF70EFE664E054660B3062398
:10F5900005222046644933700FF0B0F8F8B1052217
:10F5A000204662490FF0AAF8C8B10B2220466049F4
:10F5B0000FF0A4F898B10A2220465E490FF09EF899
:10F5C00068B10B2220465C490FF098F838B1072249
:10F5D00020465A490FF092F8B0FA80F56D0988F884
:10F5E000005000203C604AE098F8003053B92046B3
:10F5F000FFF780FF00284BD007233370F1E798F81E
:10F6000000301BB10222474B1A70EAE7002946DDA1
:10F61000A04698F800504646284608F10108FFF732
:10F6200003FE0028F5D13046E9F7E8FC032831D97C
:10F630002B46A5F16102192A98BFA5F12003412BA1
:10F6400028D17378A3F16102192A98BF203B542B6B
:10F6500020D1B378A3F16102192A1BD92B2B09D031
:10F66000252B17D1F378A3F16102192A98BF203B0B
:10F67000582B0FD009226FF001002A4B1A70274B2C
:10F680001A68019B5A404FF0000344D00BF068FC0D
:10F690000223B2E72078FFF785FD002838D12578CE
:10F6A000A5F12B03DBB20E2B17D847F6E57222FA31
:10F6B00003F3DB0718D42846FFF7B6FD08B3194E4D
:10F6C0003378042B1AD125462C4615F8010BFFF789
:10F6D000ABFD0028F8D105238FE7222D07D10322A7
:10F6E000104B01341A707CE704220E4B8CE7282D56
:10F6F000E1D101220B4B14441A7072E7082B3FF43E
:10F7000070AF2846FFF76EFD10B10822054B7BE76E
:10F710004FF0FF30B3E702B0BDE8F08100350120C3
:10F720004FF5002050F50020411A0300471A03004E
:10F730004D1A0300591A0300641A0300701A0300DB
:10F740002DE9F04F1F465E4B85B0894616461B6873
:10F7500003934FF000038046002800F0AB80002A9E
:10F7600000F0A8805368002B00F0A48000244546D8
:10F77000104600F085F93368CDF808809F4228BF15
:10F780001F46504B1C70504B1C70AA469AF8000044
:10F79000FFF74AFDA346013504460028F5D1BBF129
:10F7A000000F01D0CDF808A00025029A1378002B95
:10F7B0005AD0AF4258D9202B02D0093B042B01D894
:10F7C00001320292294602A8FFF7CEFE431C4BD01D
:10F7D000023008BF00253246294602A808BFCDF8EE
:10F7E0000880FFF787FD01303ED0DDF808A09AF8C9
:10F7F0000000FFF7F7FCB8B19AF80100FFF714FD1D
:10F8000078B10135BD424ED0294602A8FFF7ACFEC3
:10F81000013029D03246294602A8FFF76BFD01309E
:10F8200022D0029B01330293DDF808A09AF8000071
:10F83000FFF7FAFC90B30AF1010A9AF80030D346B8
:10F8400018460193FFF7F0FC0AF1010A019B00281A
:10F85000F3D13BB11846FFF7A5FC18B95846FFF79E
:10F860001FFDD8B1CDF808B0029DF4B92B78FBB1DB
:10F870002846FFF715FD002814BF00206FF00A008E
:10F88000B9F1000F01D0C9F800500D4B1A68039B65
:10F890005A404FF0000310D00BF062FB0135BD421F
:10F8A00008BF012481E70446DEE76FF00600E7E7C2
:10F8B0002046E5E76FF01500E7E705B0BDE8F08FFB
:10F8C0000035012050F500204FF5002037B50A4CD7
:10F8D000246801944FF00004074C2568019C6540A2
:10F8E0004FF0000401D00BF03BFB136803B0BDE800
:10F8F0003040FFF725BF00BF0035012007B5134B8F
:10F900001B6801934FF0000360B911492B23114A82
:10F910001148EBF7F1FE1148EBF7EEFE2B210D48F5
:10F92000EBF7D0FE03688B4288BF4068074B94BF5B
:10F93000002000EB01101A68019B5A404FF00003B1
:10F9400001D00BF00DFB03B05DF804FB0035012086
:10F95000C91A03009B1A030060F50200DD1A0300B8
:10F9600007B5154B1B6801934FF0000360B91349AD
:10F970003923134A1348EBF7BFFE1348EBF7BCFEDD
:10F9800039210F48EBF79EFE0378012B0CD0023B88
:10F99000012B0BD84068084B1A68019B5A404FF066
:10F9A000000305D00BF0DCFA0820F4E70020F2E7B2
:10F9B00003B05DF804FB00BF00350120FE1A030010
:10F9C0009B1A030060F50200131B030013B5154BCF
:10F9D00004461B6801934FF0000360B912491D23D0
:10F9E000124A1348EBF788FE1248EBF785FE1D21FB
:10F9F0000E48EBF767FE0378023B012B02D88068C4
:10FA00000CF07CFD00220023C4E90223054B1A6898
:10FA1000019B5A404FF0000301D00BF0A1FA02B055
:10FA200010BD00BF00350120FE1A03009B1A030021
:10FA300060F50200131B030037B5104B0D461B6821
:10FA400001934FF00003044680B1102128460CF0CA
:10FA5000D7FD606068B100202560084B1A68019BE3
:10FA60005A404FF0000307D00BF07AFA6FF0150000
:10FA7000F3E76FF00B00F0E703B030BD0035012075
:10FA800073B5194B04461B6801934FF0000328B16E
:10FA900043681BB1002623689E4208D3124B1A68A4
:10FAA000019B5A404FF000031CD00BF059FA6568D7
:10FAB00005EB06152846FFF789FF65B90B491423A6
:10FAC0000B4A0C48EBF718FE0B48EBF715FE142118
:10FAD0000748EBF7F7FD1022002128460EF019FF2A
:10FAE0000136D8E702B070BD00350120FE1A0300D0
:10FAF0009B1A030060F50200131B030037B50E4B81
:10FB000004461B6801934FF0000348B143683BB1C2
:10FB10000025FFF7B5FF606825600CF0EFFC65601D
:10FB2000054B1A68019B5A404FF0000301D00BF0BF
:10FB300017FA03B030BD00BF0035012013B5114BDB
:10FB40001B6801934FF00003B8B14368ABB1FFF7F6
:10FB5000D5FE044688B1FFF739FF04230022237045
:10FB600000230020C4E90223064B1A68019B5A4077
:10FB70004FF0000304D00BF0F3F96FF01500F3E73A
:10FB800002B010BD0035012073B51D46104B16465E
:10FB90001B6801934FF00003A8B143689BB1FFF7C6
:10FBA000ADFE044678B1FFF711FF01230020C4E940
:10FBB00002652370064B1A68019B5A404FF0000300
:10FBC00004D00BF0CDF96FF01500F3E702B070BD73
:10FBD00000350120F7B51D46174B17461B680193EA
:10FBE0004FF0000300B34368F3B1EAB1FFF786FEBC
:10FBF0000446C8B1681C0CF0EBFC0646B8B12A46B6
:10FC000039460EF079FE2046FFF7E0FE0223002081
:10FC100065602370A660084B1A68019B5A404FF03C
:10FC2000000307D00BF09CF96FF01500F3E76FF0BD
:10FC30000B00F0E703B0F0BD00350120F7B51D461D
:10FC4000174B17461B6801934FF0000300B343683E
:10FC5000F3B1EAB1FFF752FE0446C8B128460CF0F2
:10FC6000B7FC0646B8B12A4639460EF045FE204696
:10FC7000FFF7ACFE0323002065602370A660084BED
:10FC80001A68019B5A404FF0000307D00BF068F947
:10FC90006FF01500F3E76FF00B00F0E703B0F0BD75
:10FCA0000035012013B5154B14461B6801934FF026
:10FCB0000003F0B14368E3B1DAB1FFF71FFEC0B152
:10FCC0000378012B15D1D0E9023213F5004142F13E
:10FCD0000002B1F5803F72F100020AD200202380B9
:10FCE000064B1A68019B5A404FF0000304D00BF0FA
:10FCF00037F96FF01500F3E702B010BD00350120B1
:10FD000013B5134B14461B6801934FF00003D0B199
:10FD10004368C3B1BAB1FFF7F1FDA0B10378012B7D
:10FD200011D1D0E90232B3F5803F72F100020AD25C
:10FD300000202380064B1A68019B5A404FF00003B5
:10FD400004D00BF00DF96FF01500F3E702B010BD11
:10FD50000035012013B5134B14461B6801934FF077
:10FD60000003D0B14368C3B1BAB1FFF7C7FDA0B17A
:10FD70000378012B11D1D0E9023213F1004142F195
:10FD8000000252B900202360064B1A68019B5A40BA
:10FD90004FF0000304D00BF0E3F86FF01500F3E729
:10FDA00002B010BD0035012013B5114B14461B687D
:10FDB00001934FF00003B0B14368A3B19AB1FFF7CC
:10FDC0009DFD80B10378012B0DD1D0E902230020E5
:10FDD000C4E90023064B1A68019B5A404FF0000308
:10FDE00004D00BF0BDF86FF01500F3E702B010BDC2
:10FDF00000350120F7B51C46174B17461B680193C9
:10FE00004FF0000300B34368F3B1EAB1E4B1FFF788
:10FE100075FD0646C0B10378022B15D1FFF7A0FD92
:10FE200023680546834212D30246B16838460EF075
:10FE300063FD00202560084B1A68019B5A404FF073
:10FE4000000307D00BF08CF86FF01500F3E76FF0AC
:10FE50000B00F0E703B0F0BD0035012037B5124BC1
:10FE600005461B6801934FF00003B8B14368ABB17E
:10FE70000021FFF743FD002408B1037843B90A4B82
:10FE80001A68019B5A404FF000030AD00BF068F843
:10FE9000013421462846FFF731FDEDE76FF01504E8
:10FEA000EDE7204603B030BD0035012013B5094B06
:10FEB0001B6801934FF00003064B1C68019B5C40DC
:10FEC0004FF0000301D00BF04BF802B0BDE810403A
:10FED000ECF79ABF0035012037B5094C246801942E
:10FEE0004FF00004064C2568019C65404FF000046B
:10FEF00001D00BF035F803B0BDE83040ECF79CBF03
:10FF00000035012010B5044694B01D4B4822002155
:10FF100068461B6813934FF000030EF0FAFC5CB9BF
:10FF20001849194840F24313184AEBF7E5FB40F231
:10FF300043111648EBF7C6FB204602A901F0B6F8BC
:10FF4000034668B10121124A1248FFF7C5FF0C4B66
:10FF50001A68139B5A404FF000030FD00BF000F8C3
:10FF6000029B039AA3F59C53083B1343EFD106234E
:10FF700068468DF8003000F0F1FDE8E714B010BDE0
:10FF8000003501205D1B030060F502002F1B0300FC
:10FF9000751B03006CED020030B50546A7B04A4B57
:10FFA0004822002168461B6825934FF000030EF09D
:10FFB000B0FC5DB94549464840F28D13454AEBF720
:10FFC0009BFB40F28D114348EBF77CFB00F0AAFD50
:10FFD0000146A0B9404C2378032B41D948220DEBB0
:10FFE00002000EF096FC6078A8B130210CF008FBFE
:10FFF000044688B9394A01213948FFF757FF394883
:020000040002F8
:1000000008F0F8FA304B1A68259B5A404FF000036D
:1000100057D00AF0A5FF044629462F4814AA239476
:1000200001F046FAC11D034607D001280BD9012172
:100030002D4A2B48FFF750FF0BE00A2302212B4AE1
:100040002748FFF749FF072312A88DF8483000F032
:1000500085FD20460CF052FA21980CF04FFACEE7BD
:10006000284601F087F8044630B110210CF0C8FA98
:10007000044608B91E4ABEE7284602A90F9401F0BB
:10008000ABF8C21D034607D0012810D90121164A3A
:100090001348FFF721FF10E00221164A1048FFF72E
:1000A00005FF0A230221144A0D48FFF715FF072315
:1000B00068468DF8003000F051FD002C9FD020469E
:1000C000CBE727B030BD00BF003501205D1B03002A
:1000D00060F502002F1B0300F3F50020A91B0300AD
:1000E0006CED020020D20020371C0300D51B03005A
:1000F000611C03008E1C0300FD1B030010B50446A9
:1001000094B0244B4822002168461B6813934FF09B
:1001100000030EF0FEFB5CB91F4920484FF4E47366
:100120001F4AEBF7E9FA4FF4E4711D48EBF7CAFAFE
:10013000204602A901F04CFC034668B10121194A8E
:100140001948FFF7C9FE134B1A68139B5A404FF02A
:1001500000031CD00AF004FF9DF808305A1E032A41
:1001600001D9072BEFD1DDE90421A2F59C53083B0F
:100170000B4308D00A4308D00A2368468DF80030A4
:1001800000F0ECFCDFE70823F7E70923F5E714B0FC
:1001900010BD00BF003501205D1B030060F50200AB
:1001A0002F1B0300B51C03006CED020007B5134BB9
:1001B00013481B6801934FF0000305F0F7FB03465B
:1001C00078B101210F4A1048FFF786FE6FF00D004D
:1001D0000A4B1A68019B5A404FF000030AD00AF0FC
:1001E000BFFE0A4805F0E2FB0028F1D003460221D9
:1001F000074AE8E703B05DF804FB00BF00350120C3
:10020000F11C0300FC1C03006CED020053210300F1
:10021000321D030010B5044694B01A4B4822002149
:1002200068461B6813934FF000030EF072FB5CB935
:100230001549164840F21513154AEBF75DFA40F2DE
:1002400015111348EBF73EFA0122204602A900F0EF
:10025000EDFD034668B101210E4A0F48FFF73CFE51
:10026000084B1A68139B5A404FF0000308D00AF05D
:1002700077FE032368468DF8003000F06FFCEFE74F
:1002800014B010BD003501205D1B030060F50200B5
:100290002F1B0300681D03006CED020010B504461F
:1002A00094B01A4B4822002168461B6813934FF004
:1002B00000030EF02EFB5CB91549164840F22F13CF
:1002C000154AEBF719FA40F22F111348EBF7FAF938
:1002D000204602A9E8F79CFE034668B101210F4AB7
:1002E0000F48FFF7F9FD094B1A68139B5A404FF06E
:1002F000000308D00AF034FE022368468DF800306F
:1003000000F02CFCEFE714B010BD00BF0035012059
:100310005D1B030060F502002F1B03008F1D03000F
:100320006CED020010B5044694B01A4B482200212F
:1003300068461B6813934FF000030EF0EAFA5CB9AD
:10034000154916484FF4F973154AEBF7D5F94FF4F0
:10035000F9711348EBF7B6F9204602A901F0A6FBA4
:10036000034668B101210F4A0F48FFF7B5FD094B5D
:100370001A68139B5A404FF0000308D00AF0F0FDB2
:100380000B2368468DF8003000F0E8FBEFE714B06F
:1003900010BD00BF003501205D1B030060F50200A9
:1003A0002F1B0300AB1D03006CED020037B5204B83
:1003B0000C461B6801934FF00003054640B989B312
:1003C0000846E8F71BFE082820D06FF0150014E05F
:1003D000E8F714FE0828F8D1DCB12046E8F70EFE55
:1003E0000828F2D10922294612480EF031F90922D3
:1003F000214611480EF02CF900200D4B1A68019B84
:100400005A404FF0000310D00AF0AAFD094B1D70AE
:10041000EDE70922294607480EF01AF90022064B9B
:100420001A70E9E7034B1970F8E703B030BD00BF5D
:1004300000350120EECF0020F7CF002013B51D4B73
:100440001B6801934FF0000378B31B48E8F7D6FD13
:1004500004461A48E8F7D2FD082C1DD1082816D109
:10046000164A1549164805F0A1FA38B1034601218C
:100470001448154AFFF730FD6FF00D000D4B1A6858
:10048000019B5A404FF0000311D00AF069FD0A4960
:100490000E4805F08BFAE8E7082802D107490C4816
:1004A000F7E70C4805F082FADFE70B48FAE702B0FD
:1004B00010BD00BF00350120EECF0020F7CF002097
:1004C000DB1D03006CED0200221E0300F21D030081
:1004D000041E0300171E03005E210300F0B5414B0C
:1004E0008DB01B680B934FF0000300230D460646AA
:1004F000CDE90233CDE90533CDE908338DF810306D
:100500008DF81C308DF82830002865D0002963D084
:10051000354CA0212046354A237005F0ABFA03463E
:1005200078B10121324A3348FFF7D6FC6FF00D0451
:100530002C4B1A680B9B5A404FF000034FD00AF027
:100540000FFD20462C210EF0AFF8044648B96FF09D
:100550004C04EDE734B90121274A2648FFF7A6FCF1
:10056000F5E70C27601C2C210EF09EF8013F044695
:10057000F0D10028EFD00822811C0DEB02000EF014
:10058000CFF8601C2C210EF08FF804460028E2D032
:10059000811C082205A80EF0C3F82C21601C0EF067
:1005A00083F80028D7D0811C082208A80EF0B8F8DC
:1005B0006B4608AA05A902A800F09AFB044630B1D0
:1005C000034601210D4A0B48FFF786FCB0E7009B6C
:1005D0003360019B2B60ABE76FF01504A8E7204662
:1005E0000DB0F0BD0035012051F50020511E030073
:1005F0005E1E03006CED02007B1E0300951E0300CF
:100600002DE9F041A6B0054602AF6A4B4822002111
:1006100007F140001B68C7F88C304FF000030EF064
:1006200078F94DB9644965489423654AEBF764F855
:1006300094216348EBF746F800243022214607F165
:100640001000BC7107F108080EF063F9FB1DBC60D7
:10065000C8F8044001210093284607F11003BA1D91
:1006600000F042FCF0B16E468AB002AA554BD5614B
:10067000C2E9053040F201331384534B42F8103F76
:100680004FF4115123465148ECF718FBB546494B3E
:100690001A68D7F88C305A404FF0000300F085807C
:1006A0000AF05EFCBB7903F0FB03012B04D1BB69AC
:1006B00001335CD10423BB7100F034FA0028E6D189
:1006C000434ABB791178994208D087F8400007F176
:1006D0004000137087F8483000F040FA3D4BB9698C
:1006E0009A68914203D1DB68FA699A421DD00423CB
:1006F000384D07F1100487F840300FCC0FC50FCCF0
:100700000FC594E80F0085E80F0007F1480607F1D0
:1007100010050FCD0FC60FCD0FC694E80F0086E869
:100720000F0007F1400000F019FA2B4AFB7911780D
:10073000994209D01370052207F1400087F8402044
:1007400087F8483000F00AFABC7904F0FB04012C69
:100750009DD1404607F10C01FFF7C0FE58B14D3066
:1007600095D021461D4A1948FFF7A0FB8FE71C488A
:1007700007F040FFA0E71B4BB9681A6891421A4680
:1007800003D15B68F968994281D098E8030001239E
:1007900087F8403007F1480382E8030083E803004C
:1007A00007F1400000F0DAF971E79037BD46BDE887
:1007B000F08100BF003501205D1B030060F50200E1
:1007C0002F1B0300C21E0300040000016CED020099
:1007D000F2F5002078DF0020F1F50020EE1E030086
:1007E000F0D1002060ED002007B50D4A03461268E5
:1007F00001924FF0000200220A48114605F0D6F897
:10080000074B002818BF6FF00D001A68019B5A4073
:100810004FF0000301D00AF0A3FB03B05DF804FB26
:10082000003501200C1F03002DE9F04F2D4B85B042
:100830001B6803934FF0000304220523CDE9012335
:10084000A8B9294805F0B2F80346002845D0274A40
:1008500027480121FFF740FB6FF00D00214B1A687C
:10086000039B5A404FF0000339D00AF079FB002671
:10087000DFF88080DFF88090DFF880A001AF57F8C4
:10088000044B1F4D042C14BFC346CB46584618BF1B
:100890005546E8F7B3FB04280AD15A4621461948C1
:1008A00005F084F8034640B1174AD1E70126E6E790
:1008B0002146164805F07AF8F4E72846E8F79EFB4B
:1008C000042808D12A462146114805F06FF803464E
:1008D00008B1104ABCE7002EE8D00020BEE705B002
:1008E000BDE8F08F0035012068210300211F0300BF
:1008F0006CED020000D0002005D00020F5F50020AE
:10090000FAF500204C1F03006F1F0300601F030057
:10091000991F0300AA1F030037B51C4B421E062A6D
:1009200005460C461B6801934FF0000310D903469F
:10093000174A18480121FFF7CFFA6FF01500134B43
:100940001A68019B5A404FF000031DD00AF008FBC3
:10095000042902D90B46104AEBE7104A525C1049B1
:1009600051F820100F4805F021F840B1034601214D
:1009700008480D4AFFF7B0FA6FF00D00DFE70B4AA9
:100980000B4B15701C70DAE703B030BD0035012049
:10099000D41F03006CED0200F61F03004E2103007C
:1009A000ACF002001B20030031200300EDCF00203B
:1009B000ECCF002037B5234B042804461B68019375
:1009C0004FF0000321D8042824D8DFE800F02C0AD7
:1009D0002C232C0001231C4AAB40134223D1012DB0
:1009E00018D1FFF7E3FB0346E8B10121174A184885
:1009F000FFF772FA6FF00D00124B1A68019B5A4014
:100A00004FF000031BD00AF0ABFAA0F11405EDB2D1
:100A1000182DDFD90E48234601210E4AFFF75CFA54
:100A20006FF01500E8E721460B4804F0BFFF0028EF
:100A3000E2D00121094A0648FFF738FADAE703B0A5
:100A400030BD00BF00350120010C300156200300ED
:100A50006CED0200802003009C200300A72003000F
:100A600007B50C4B00201B6801934FF00003FFF704
:100A7000A1FF084B002818BF6FF00D001A68019BFA
:100A80005A404FF0000301D00AF06AFA03B05DF853
:100A900004FB00BF0035012013B5094B1B6801930F
:100AA0004FF00003064B1C68019B5C404FF00003B5
:100AB00001D00AF055FA02B0BDE81040ECF7A4B935
:100AC0000035012037B5094C246801944FF000042B
:100AD000064C2568019C65404FF0000401D00AF0E7
:100AE0003FFA03B0BDE83040ECF7A6B9003501206D
:100AF00007B50A4B1B6801934FF00003074B1A68B8
:100B0000019B5A404FF0000301D00AF029FA044833
:100B100003B05DF804EB07F08DB900BF003501208C
:100B200078D1002007B50B4B1B6801934FF00003F1
:100B3000094B1868074BB0FA80F01A68019B5A40BD
:100B40004FF000034FEA501001D00AF009FA03B049
:100B50005DF804FB0035012068ED002037B51A4B25
:100B60001A4C1B6801934FF000032368054613B32A
:100B70004FF0FF334FF0FF32154807F0FDF92368BF
:100B80000BB11C6843B9104B1A68019B5A404FF0D7
:100B900000030BD00AF0E4F928465B6898471CB1C3
:100BA000226823461446EDE72246FAE703B0BDE883
:100BB0003040FFF79DBF044B1A68019B5A404FF02D
:100BC0000003E7D103B030BD0035012068ED0020FF
:100BD00078D1002073B5144B0E4614461B68019360
:100BE0004FF00003054600B172B901210F4A1048C9
:100BF000FFF752FF00200C4B1A68019B5A404FF040
:100C000000030FD00AF0ACF91046E8F7F7F9B0424C
:100C1000F0D83246214628460DF036FDB0FA80F075
:100C20004009E8E702B070BD0035012074210300DF
:100C30006CED0200F7B5174B05461B6801934FF0AA
:100C400000030DF0B9FE0023134F1646C3510A46A8
:100C50000446694628460BF0F9FD009AAA4214D0D2
:100C6000127892B900F10042013A033202D9E259F6
:100C7000222A0AD030600020064B1A68019B5A4095
:100C80004FF0000304D00AF06BF96FF03C00F3E77B
:100C900003B0F0BD003501200C00000030B5102578
:100CA000124B87B01B6805934FF0000314466B4648
:100CB00001AA0095FFF79EF868B9009B22461833F9
:100CC0006B4403F8140C294601A8FFF7B3FF002872
:100CD00018BF6FF03C00054B1A68059B5A404FF057
:100CE000000301D00AF03CF907B030BD0035012007
:100CF0002DE9F7434FF000091C46434B07461B689C
:100D000001934FF000030E461546CDF80090E8F72A
:100D100075F908281BD13046E8F770F9082816D174
:100D20002846E8F76BF9082811D13288B378ADF876
:100D300000204946022268468DF802300BF08CFEF6
:100D400007280FD9314A01213148FFF7A5FE6FF07E
:100D500015002D4B1A68019B5A404FF0000350D0EC
:100D60000AF0FEF82B4B022253F820804946F01C73
:100D70000BF072FEB8F1000F11D14FF0FF3323607A
:100D80002A88AB78ADF800200021022268468DF851
:100D900002300BF061FE072815D91F4AD3E700FB8C
:100DA00008F020600130EBD03A88BB78ADF8002025
:100DB0000021022268468DF802300BF04DFE072814
:100DC0000FD9164ABFE7164B53F820600EB9154AE3
:100DD000B9E702220021E81C0BF03EFE70432060C0
:100DE000E2E7114B022253F820500021F81C0BF0CF
:100DF00033FE1DB1454300206560AAE74FF0FF3583
:100E0000F9E703B0BDE8F083003501209922030023
:100E10006CED0200F4F00200CE2203001A2303005E
:100E200014F10200FA22030014F10200F0B5284B7D
:100E300085B00D4604211B6803934FF00003002387
:100E400007460DEB01001646CDE90133FEF7F4FD30
:100E5000044670B1034601211E4A1F48FFF732FEC7
:100E60001B4B1A68039B5A404FF000032CD00AF02A
:100E700077F8014601AA3846FEF728FD044648B136
:100E80000346164A01211448FFF71CFE01A8FEF78D
:100E900035FEE5E76A46314601A8FEF75BFF0446EA
:100EA00010B103460E4AEDE7009B1BB1012B03D1A5
:100EB0002B70EBE70346FBE701210A4A0648FFF7E0
:100EC00001FE6FF01504E1E7204605B0F0BD00BF5C
:100ED000003501208D2103006CED02003D2303004D
:100EE00068230300912303002DE9F0431D46674B5F
:100EF0008DB01B680B934FF00003002390460693C0
:100F00000722ADF81C308DF81E30092381460E46AD
:100F100004A80B21CDE90123149FFEF78DFD0446A3
:100F200078B1034601215A4A5A48FFF7CBFD574B87
:100F30001A680B9B5A404FF0000300F0A3800AF0A0
:100F40000FF8014604AA4846FEF7C0FC044648B123
:100F50000346514A01214F48FFF7B4FD04A8FEF7AC
:100F6000CDFDE4E7014601AB06AA04A8FEF742FF67
:100F7000044610B10346494AECE7494A019906A8DC
:100F8000FFF728FEF8B103AAC6F1020104A8FEF794
:100F9000E1FE041E34D1039B052B19DC002B25DB5D
:100FA000B8F1000F11D1002D34D10024002FD5D07D
:100FB00003AAC6F1050104A8FEF7CCFE00285FD104
:100FC0009DF80C303B700024C8E788F80030EAE751
:100FD0005A2B0BD1B8F1000F01D088F80030002D4A
:100FE000E3D04FF0FF33C5E90233DEE701212D4A9C
:100FF0002848FFF767FD6FF0150423462A4AA9E742
:10100000FBDBB8F1000F01D088F80040002DCCD0F8
:101010005A2CE6D004A8FEF721FF0328E1D9C6F137
:10102000030102AB08AA04A8FEF7E4FE0146C0B91A
:10103000029B102230336B4403F8100C08A80BF00D
:101040000BFD0923E860029308AA02ABC6F1040174
:1010500004A8FEF7CFFE044630B14FF0FF33AB607B
:10106000A4E74FF0FF30ECE7029B014630336B44BE
:1010700003F8100C102208A80BF0EEFCA86094E70F
:1010800000239FE720460DB0BDE8F0830035012026
:101090008D2103006CED0200AD230300DA23030071
:1010A00016210300032403002B2403007FB52A4BE1
:1010B00006461B6803934FF0000300230D46CDE95D
:1010C0000133002942D0002840D004210DEB01005B
:1010D000FEF7B2FC044670B1034601211F4A2048C6
:1010E000FFF7F0FC1C4B1A68039B5A404FF00003BB
:1010F0002FD009F035FF014601AA3046FEF7E6FB86
:10110000044648B10346174A01211548FFF7DAFCA7
:1011100001A8FEF7F3FCE5E72A46022101A8FEF745
:1011200043FE044610B103460F4AEDE70F49D5E9E7
:10113000003299424FF008039341E9D202210C4A50
:101140000748FFF7A9FC6FF01504E1E76FF01504FD
:10115000C8E7204604B070BD003501208D21030092
:101160006CED0200582403008524030000E0995030
:10117000B224030007B5154B1B6801934FF0000321
:1011800070B90121124A1348FFF786FC00200F4B6B
:101190001A68019B5A404FF0000313D009F0E0FE9B
:1011A0000023013810F8012F2C2A01D10133F9E76F
:1011B000002AF7D10A2BE9D9A3F109000523B0FBD6
:1011C000F3F0E4E703B05DF804FB00BF0035012055
:1011D000DF2403006CED02002DE9F043AE4B8DB02F
:1011E0001B680B934FF000030D460B2300210746AD
:1011F000CDE908110393CDF82710421E12F8013FE4
:101200002C2B01D10131F9E7002BF7D185F83030D3
:101210004FF0FF330331AB6004A8FEF70DFC04462A
:1012200078B1034601219D4A9D48FFF74BFC9A4B3C
:101230001A680B9B5A404FF0000300F0298109F017
:101240008FFE014604AA3846FEF740FB044658B11B
:10125000C31D15D00346934A01219148FFF732FC84
:1012600004A8FEF74BFCE2E70646002103AB08AA00
:1012700004A8FEF7BFFD044620B103468A4AEBE707
:101280000126F2E7894A039908A8FFF7A3FC002882
:1012900000F0A5806A46012104A8FEF75BFD044624
:1012A0000028DDD1009B002B40F0F080022101AA34
:1012B00004A8FFF7F3FC04460028D1D1019B4FF0AE
:1012C0000708B3F1805FA4BF4FF0FF330193019B88
:1012D0000321AB6006AA02AB04A8CDF80880FEF794
:1012E00089FD04460028BBD1029B0A2130336B44A0
:1012F00003F8180C2A1D0DF11B00FFF79BFC044698
:101300000028ADD18DF81B002A460A2106A8FFF758
:1013100091FC04460028A3D1042101AA04A8FFF7E8
:10132000BDFC044600289BD1019B0521EB6001AA6E
:1013300004A8FEF70FFD0446002891D1019B062169
:10134000AB8205F1100204A8FEF704FD0446002854
:1013500086D1414605F1280204A8FEF7A3FC044605
:1013600000287FF47DAF082101AA04A8FEF7F2FC53
:10137000044600287FF474AF019B09216B8501AA04
:1013800004A8FEF7E7FC044600287FF469AF019B40
:101390000A21AB8505F1200204A8FEF705FD0446ED
:1013A00000287FF45DAF3846FFF7E4FE85F8300093
:1013B000C0B200EB800000F10B0404A8FEF74EFD64
:1013C00084420ED2214605F1180204A8FEF7ECFC77
:1013D000044600287FF444AF95F8303033B9002438
:1013E0003EE700220023C5E90623F5E76B6B002BDF
:1013F000F5D00F274FF0000895F83030984504D30A
:10140000002EECD06FF006042AE76A6B391F02EB5E
:10141000081204A8FEF79EFC4FEA081904460028AB
:101420007FF41EAF6A6BF91E4A44083204A8FEF727
:1014300039FC044600287FF413AF01AAB91E04A8A2
:10144000FEF788FC044600287FF40AAF6B6B019A14
:101450004B445A81791E01AA04A8FEF77BFC04467E
:1014600000287FF4FDAE6B6B019A4B449A816A6B46
:1014700039464A44043204A8FEF76CFC053704469A
:1014800000287FF4EDAE08F10108B5E70124E7E696
:1014900020460DB0BDE8F083003501208D2103000A
:1014A0006CED020009250300DA230300F420030099
:1014B0002DE9F04FA3B0B04B02AFF8601B68FB679B
:1014C0004FF00003002316460B220D469946C7E94C
:1014D0001C33FA62C7F877304A1E12F8013F2C2BF2
:1014E00002D109F10109F8E7002BF6D14FF0FF32E4
:1014F000302409F1030886F8383086F83030B260BD
:10150000F968497899421AD8414607F13000FEF748
:1015100093FA0446E8B10346984A01219848FFF738
:10152000D1FA07F13000FEF7E9FA934B1A68FB6F26
:101530005A404FF0000300F02B8209F011FD04FB2C
:1015400003F0F16B013301448A60F16B01448A823C
:10155000D6E7014607F130022846FEF7B7F9044600
:1015600048B3C31D02D00346864AD6E7EA468AB08E
:1015700002AA854BC2E90705C2E9053840F20243D9
:101580009384824B42F8103F00234FF432517C4841
:10159000EBF794FB0123D5467B61002107F12C0377
:1015A00007F1700207F13000FEF724FC044620B179
:1015B0000346774AB1E77861EFE7764AF96A07F1BF
:1015C0007000FFF707FB386130B90121724A6C489F
:1015D000FFF762FA0024A4E7012107F1200207F1D6
:1015E0003000FEF7B7FB044600289AD13C6A012C74
:1015F00097D0022C04D12146684A6148FFF74CFA83
:101600004FF0000A0125D046A9F10A037B607B68F0
:10161000AB4203D9FB685B7843450CD87B69002B50
:10162000D8D06FF0060301215D4A5548FFF74AFA0A
:101630006FF0060475E705F10109494607F1240238
:1016400007F13000FFF72AFB044690B16D468AB0DF
:1016500002AA544BC2E90780C2E90539052342F8C2
:10166000103F00234FF421514548EBF727FBAD46CF
:1016700057E77B6AB3F1805F07DB02214A4A4048A3
:10168000FFF720FA4FF0FF337B627B6A07F16802B5
:101690003B640723A91CBB6207F1300007F1280354
:1016A000FEF7A8FB044610B10346404A35E7BB6A83
:1016B00007F118026833134403F8180C0A2107F1E4
:1016C0003C0207F16B00FFF7B5FA044610B1234660
:1016D000374A22E787F86B000A2107F1380207F141
:1016E0006800FFF7A7FA04460028F0D107F12402AA
:1016F000E91C07F13000FFF7D1FA044638B10121A7
:10170000009043462B4A1E48EBF7B0FB09E77B6A83
:1017100007F12402291D07F130007B64FEF71AFB54
:10172000044610B10346244AF7E67B6A07F15002EB
:10173000691D07F13000A7F84C30FEF735FB044671
:1017400010B103461D4AE8E607F14802A91D07F15A
:101750003000FEF7FFFA044610B10346184ADCE6F3
:1017600007F16002E91D07F13000FEF79BFA04461D
:1017700050B30346134AD0E6003501203B25030051
:101780006CED02000925030072250300050000012D
:10179000DA230300F4200300AF250300CE25030065
:1017A0008629030005260300372603007A26030056
:1017B0009A260300B3260300E9260300132703003B
:1017C000472703006927030007F1620205F10801BA
:1017D00007F13000FEF766FA044610B103466F4A7F
:1017E0009BE607F1640205F1090107F13000FEF7FD
:1017F00059FA044610B10346694A8EE607F15802C9
:1018000005F10A0107F13000FEF7CEFA044610B1E7
:101810000346644A81E607F11E0205F10B0107F158
:101820003000FEF73FFA044610B103465E4A74E604
:101830000C35294607F11E0207F13000B7F91E905A
:10184000FEF730FA044610B10346584A65E6B9F18E
:10185000000F00F08580B44607F1380EBEE80F0097
:10186000ACE80F00BEE80F00ACE80F009EE80F00E8
:1018700097F81E908CE80F00B9F1000F1DD0B9F158
:101880000A0F15D90A240A230221494A4948FFF7B9
:1018900019F93B697B61102120460AF0B1FE48B975
:1018A0000221454A4348FFF7F7F808F10108AEE680
:1018B0004C46F0E7706386F830404FF00009BC609A
:1018C000BB684B45F1D0726B691C02EB091207F142
:1018D0003000FEF73FFA4FEA091B044610B10346F9
:1018E000364A1AE6726BA91C5A44083207F13000D6
:1018F000FEF7D8F9044610B10346314A0DE607F168
:101900002402E91C07F13000FEF724FA044610B166
:1019100003462C4A01E6736B7A6A5B445A81291D9F
:1019200007F1240207F13000FEF714FA044610B163
:101930000346254AF1E5736B7A6A5B449A81726BC0
:1019400005355A442946043207F13000FEF702FA01
:10195000044610B103461D4ADFE509F10109AFE76E
:101960003023F46B07F1380C03FB0A44BCE80F008A
:101970000FC4BCE80F000FC49CE80F0084E80F0000
:1019800096F838300AF1010A013386F838308CE7CE
:1019900020468437BD46BDE8F08F00BF9127030085
:1019A000B1270300D1270300F627030019280300FD
:1019B000432803006CED02009B280300CF2803009E
:1019C000F32803001D2903003F29030061290300B8
:1019D0007FB5304B06461B6803934FF0000300238E
:1019E0000D46CDE9013300294ED000284CD004210A
:1019F0000DEB0100FEF720F8044670B1034601210B
:101A0000254A2648FFF75EF8224B1A68039B5A4086
:101A10004FF000033BD009F0A3FA014601AA30467B
:101A2000FDF754FF044630B103461D4A01211B480F
:101A3000FFF748F818E001210DF1020201A8FEF7B6
:101A40005FF9044610B10346164AEFE7BDF80230CD
:101A500001A82B70FEF702FA022809D84FF0FF32D6
:101A60004FF0FF33C5E9022301A8FEF747F8CBE7A3
:101A7000022105F1080201A8FEF796F904460028A4
:101A8000F2D00346084AD1E76FF01504BCE72046C0
:101A900004B070BD003501208D2103006CED020003
:101AA000B2290300E42903000D2A0300F7B51A4BFD
:101AB0000E461B6801934FF00003044630B329B370
:101AC0000821164AFFF786F878B915480121154A0A
:101AD000FEF7E2FF6FF004000F4B1A68019B5A40BB
:101AE0004FF0000315D009F03BFA00250E4F0834E3
:101AF000214657F8040BE7F76FFA08B93570EBE7A2
:101B000001350A2DF4D16FF03C00E5E76FF01500C8
:101B1000E2E703B0F0BD00BF00350120422A030018
:101B20006CED02004B2A0300CCF0020007B50F4B0E
:101B30001B6801934FF000030CF075FD0B4B60B177
:101B40001A68019B5A404FF0000301D009F008FACF
:101B500003B05DF804EBFEF783BF1A68019B5A409F
:101B60004FF00003F2D103B05DF804FB0035012013
:101B700073B5144B144C1B6801934FF00003134EC4
:101B8000C5B2B44212D912498D23124A1248E9F75C
:101B9000B3FD1248E9F7B0FD8D210E48E9F792FD3B
:101BA000D4E90031284698470834EAE7F8D3054BD2
:101BB0001A68019B5A404FF0000301D009F0D0F998
:101BC00002B070BD00350120545203005C52030086
:101BD000442B03000A2B030060F5020026FE0200DE
:101BE00013B5294B29492A481B6801934FF000037C
:101BF000FEF7DCFB034680B1234A1168019A51408D
:101C00004FF0000201D009F0ABF9224A012122482D
:101C100002B0BDE81040EBF70FB9FEF70FFC044629
:101C200048B1194B1A68019B5A404FF00003EAD1A2
:101C300003461A4AEAE7FEF7D7FD2046FEF7F4FD11
:101C4000034640B1104A1168019A51404FF000021A
:101C5000D9D1134ADAE70146124803F0A7FE03463A
:101C600040B1094A1168019A51404FF00002CAD1AF
:101C70000D4ACBE7044B1A68019B5A404FF0000312
:101C8000C1D102B010BD00BF00350120622B03009E
:101C90006B2B0300742B03006CED0200952B0300EB
:101CA000B52B0300D62B0300E12B030007B51A4B1D
:101CB0001B6801934FF00003034680B1164A116878
:101CC000019A51404FF0000201D009F049F9134A3E
:101CD0000121134803B05DF804EBEBF7ADB8114BED
:101CE0001978114B1878FEF717FE034640B10A4ADF
:101CF0001168019A51404FF00002E6D10B4AE7E724
:101D0000054B1A68019B5A404FF00003DDD103B028
:101D10005DF804EBFFF764BF00350120012C0300E0
:101D20006CED0200ECCF0020EDCF0020362C03003C
:101D300007B5074B1B6801934FF00003EAF734FD2A
:101D400004480121044AEBF75FF80020ECF756F94C
:101D5000003501204CED02006C2C030013B5124B32
:101D6000124C1B6801934FF00003636813B12168A4
:101D70000F489847E36873B10B4A1168019A5140C4
:101D80004FF0000201D009F0EBF8A168084802B05A
:101D9000BDE810401847044B1A68019B5A404FF0A9
:101DA0000003F0D102B010BD0035012070ED00201D
:101DB000B0ED002007B50F4BD4221B6801934FF004
:101DC00000030D4B002118460CF0A3FD0122027008
:101DD0000A4807F09FF8074B1A68019B5A404FF0DA
:101DE000000301D009F0BCF8054803B05DF804EB2E
:101DF00007F090B800350120B0ED002090ED0020F4
:101E0000A0ED002007B50C4B1B6801934FF00003B9
:101E10000A4A02210A48EAF7F7FF074B1A68019BB2
:101E20005A404FF0000301D009F09AF8054803B07A
:101E30005DF804EB07F06EB800350120892C030033
:101E4000BCED020080ED002007B5104B10491B6867
:101E500001934FF000030CF095FC0C4B60B11A6835
:101E6000019B5A404FF0000301D009F079F803B00C
:101E70005DF804EBFFF7C6BF1A68019B5A404FF0AC
:101E80000003F2D103B05DF804FB00BF0035012070
:101E9000C72C030007B50C4B0C4A1B6801934FF08D
:101EA00000030023C2E90033C2E90233084A137079
:101EB000054B1A68019B5A404FF0000301D009F00E
:101EC0004FF803B05DF804FB0035012070ED0020F1
:101ED000FFF50020B0B582B0264B00AF1B687B60D9
:101EE0004FF00003044648B9234924489723244A65
:101EF000E9F702FC97212248E9F7E4FB214DD422BF
:101F0000002128460CF005FD20461F4A1F490AF013
:101F10007DFC00281FDC6D468AB06A461C4BD461EC
:101F2000C2E9053040F2013313841A4B42F8103FE6
:101F300000234FF411511848EAF7C0FEAD46174888
:101F400006F0E8FF0B4B1A687B685A404FF000031D
:101F50000DD009F005F8002329460B482B7000F03E
:101F600085FD0028EBD10E4806F0D4FFE7E70837DF
:101F7000BD46B0BD00350120F52C030060F5020020
:101F8000D72C0300B0ED0020A0F600200D2D03009B
:101F9000272D030004000001BCED0200A0ED00208D
:101FA00090ED002007B51B4B1B481B6801934FF0B9
:101FB000000303F0FBFC034608B3184A012118484C
:101FC000EAF73AFF174A137A43F001031372164AED
:101FD000137A43F001031372144A137A43F0010396
:101FE00013720C4B1A68019B5A404FF0000301D04A
:101FF00008F0B6FF03B05DF804EBFFF74BBF054BED
:102000001A68019B5A404FF00003F1D103B05DF80C
:1020100004FB00BF00350120542D0300642D030094
:10202000BCED020078D0002060D000206CD00020F1
:102030002DE9F041464B88B01B6807934FF0000331
:102040004FF0FF3343494448CDE90333CDE905332D
:1020500006F08CFE4149424806F088FE414942485C
:1020600006F084FE4FF40071404A414803F002FD3F
:10207000044670B1012103463E4A3F48EAF7DCFEC0
:10208000334B1A68079B5A404FF000035BD008F0AF
:1020900067FF06AB019305AB0093384904AB3448A6
:1020A00003AA0AF0B3FB0328034607DC0121344AE4
:1020B0003148EAF7C1FE6FF04C04E1E7DDE9033295
:1020C0001343059A1343069A13430BD02D4B1B78E9
:1020D000002BD5D101212C4A2748EAF795FE6FF055
:1020E0000F04CDE7DFF8A480294F98F80830294E77
:1020F00064F3000388F808303B7A274864F3000350
:102100003B72337A64F30003337203F04FFC0546ED
:10211000A8B198F8083043F0010388F808303B7AFA
:1021200043F001033B72337A43F001033372012120
:1021300003461A4A1048EAF77FFE2C46A0E7012220
:10214000104B1A709CE7204608B0BDE8F08100BF34
:102150000035012021220200A0ED00205D1D0200BB
:1021600090ED0020A51F020080ED00208E2D0300C1
:10217000A0F60020972D0300BCED0200C82D03003F
:10218000DB2D0300FFF50020F92D030078D000209F
:1021900060D000206CD00020542D03001F2E0300BF
:1021A00013B50E4B0E4C1B6801934FF000032378C0
:1021B00043B1012801D0152804D1FFF739FF08B138
:1021C00000232370054B1A68019B5A404FF000030F
:1021D00001D008F0C5FE02B010BD00BF00350120DF
:1021E000FFF5002007B50B4B1B6801934FF0000370
:1021F000084B1A68019B5A404FF0000301D008F0C9
:10220000AFFE0121044A054803B05DF804EBEAF78C
:10221000FBBD00BF003501204C2E0300BCED0200C9
:1022200007B5104B10481B6801934FF0000303F0F3
:10223000BDFB0C4B60B11A68019B5A404FF0000384
:1022400001D008F08DFE03B05DF804EBFFF7CABFC4
:102250001A68019B5A404FF00003F2D103B05DF8B9
:1022600004FB00BF00350120662E030007B5094BB3
:1022700008781B6801934FF00003064B01301A6881
:10228000019B5A404FF0000301D008F069FE03B0F3
:102290005DF804FB0035012007B50B4B0A781B687D
:1022A00001934FF00003D0F8C0301A70064B1A6843
:1022B000019B5A404FF0000301D008F051FE01206D
:1022C00003B05DF804FB00BF0035012007B50B4BE0
:1022D0000A781B6801934FF00003D0F8C0301A76DB
:1022E000064B1A68019B5A404FF0000301D008F0DA
:1022F00037FE012003B05DF804FB00BF003501206C
:1023000007B50B4B0A781B6801934FF00003D0F818
:10231000C03083F82120064B1A68019B5A404FF0C9
:10232000000301D008F01CFE012003B05DF804FB9F
:102330000035012007B5094B1B6801934FF00003DE
:10234000064B1A68019B5A404FF0000301D008F079
:1023500007FE034803B05DF804FB00BF0035012011
:1023600048F1020007B5094B1B6801934FF00003C9
:10237000064B1A68019B5A404FF0000301D008F049
:10238000EFFD034803B05DF804FB00BF00350120FA
:102390009D24020007B5094B1B6801934FF0000311
:1023A000064B1A68019B5A404FF0000301D008F019
:1023B000D7FD082003B05DF804FB00BF0035012005
:1023C00007B5094B1B6801934FF00003064B1A68D1
:1023D000019B5A404FF0000301D008F0C1FD3020AE
:1023E00003B05DF804FB00BF0035012037B5194B81
:1023F0001B6801934FF00003D0F8C030C81DD3F81C
:102400001A2003F115040A60DA8B8A8093F82020E1
:102410008A715A1C52F8045BA24240F8045BF9D15D
:1024200014880480927882705A6AC1F81E201A8D2E
:102430004A84D3F82A204A62DB8D0B85054B1A6843
:10244000019B5A404FF0000301D008F089FD0020A5
:1024500003B030BD0035012013B50D4B04461B6899
:1024600001934FF000030B4A01210B48EAF7CCFC23
:10247000002384F82A30A385E385054B1A68019B65
:102480005A404FF0000301D008F06AFD02B010BDC1
:1024900000350120832E0300BCED020073B5054614
:1024A000514BD5F8C0601B6801934FF00003737E59
:1024B0000846C3F38103012B59D0022B00F086801C
:1024C000002B40F08B8096F82120A02A10D9A02361
:1024D0000121464A4648EAF7AFFC6FF07904424BC7
:1024E0001A68019B5A404FF0000379D008F038FD7C
:1024F000072495F8BD10B5F8B6305B1ADB0093FBE6
:10250000F4F39BB29A4228BF1A463A490123D2B249
:1025100000F084FC96F82230DB00DBB2B3FBF4F46D
:10252000E1B2C4EBC4041B1BDBB20BB10131C9B275
:10253000884213D395F8BC30441A9C420FDD2E49D3
:1025400040F28E232D4A2E48E9F7D6F82D48E9F7B8
:10255000D3F840F28E212948E9F7B4F80024224646
:10256000244B1944D5F8B8000CF0C6F9B7E7B5F814
:10257000B62095F8BD3096F8220096F82140241A2E
:10258000D01A8442A8BF04469A420CD21E4940F297
:10259000AD231A4A1A48E9F7AFF81C48E9F7ACF836
:1025A00040F2AD21D7E795F8BC309C420CD91849D0
:1025B00040F2AF23114A1248E9F79EF81548E9F7AF
:1025C0009BF840F2AF21C6E72246CBE7124A012131
:1025D0000748EAF719FC6FF0850480E70F4AF6E731
:1025E000204602B070BD00BF00350120DB2E030085
:1025F000BCED020000F60020482F0300222F03004C
:1026000060F50200772F0300AE2F0300D62F0300E2
:10261000FF2F03002E3003006130030086300300DB
:1026200007B5144BD0F8C0201B6801934FF000038E
:102630000B783F2B0AD8012053760E4B1A68019B6A
:102640005A404FF0000311D008F08AFC19090F29F5
:1026500004D103F0070343F01003ECE7064801211F
:10266000064AEAF7E9FB6FF01500E6E703B05DF80C
:1026700004FB00BF00350120BCED0200AF300300B9
:1026800007B52B4B0A781B6801934FF00003D0F875
:10269000C03002F00F0000EB8000120902EB400294
:1026A0009A764A7802F00F0000EB8000120902EBE4
:1026B0004002DA768A7802F00F0000EB80001209FF
:1026C00002EB40021A77CA7802F00F0000EB80009C
:1026D000120902EB40025A770A7902F00F0000EB70
:1026E0008000120902EB40029A774A7902F00F004B
:1026F00000EB8000120902EB4002DA77887900F0E3
:10270000070202EB8201020902EB4102010748BF06
:10271000524283F82020064B1A68019B5A404FF022
:10272000000301D008F01CFC072003B05DF804FB97
:10273000003501201FB5184B90F82E2004461B6869
:1027400003934FF000036AB9134B1A68039B5A4076
:102750004FF0000301D008F003FC04B0BDE81040C6
:10276000FFF77ABE90F82F300BB19A420AD20121BE
:1027700000920A480A4AEAF779FB002384F82A30D3
:10278000A385E385044B1A68039B5A404FF000036E
:10279000E1D104B010BD00BF00350120BCED020046
:1027A000D73003000B462DE9F04F404A11F8025B89
:1027B000D0F8C06089B0126807924FF00002B5757A
:1027C0005B78142DF37511D9394814230121394A46
:1027D0000095EAF74BFB6FF01500344B1A68079B26
:1027E0005A404FF000035DD008F0BAFB6C0815F0BA
:1027F00001050CBF2746671C0DF110090A233A4654
:1028000048460BF012FF4A460023BB4213DB731C01
:10281000039315B101250134E4B24FF0000ADFF84B
:1028200098B00236A2450EDB0023039A6400E4B29E
:102830001355B81CD1E710780133010941EA0011A2
:1028400002F8011BE1E719F80A209F2A4FEA121843
:1028500007D902215346194A1548CDF80080EAF7F6
:1028600005FB42465946701E09F0A8FF621E9245BC
:1028700000DB9DB919F80A8008F00F08B8F1090FBC
:1028800007D9022153460E4A0948CDF80080EAF7DD
:10289000EDFA42465946304609F090FF0AF1010A26
:1028A0000236BFE709B0BDE8F08F00BF0035012058
:1028B000BCED02007631030063350300B231030042
:1028C000103203002DE9F04F5F4BD0F8C07085B097
:1028D0001B6803934FF000033B780E465B060AD457
:1028E0000020594B1A68039B5A404FF0000300F038
:1028F000A78008F035FB0B7897F821200133DBB275
:10290000934287F8223008D90092504A504801215A
:10291000EAF7ACFA6FF07900E3E7B0F8B620017897
:10292000521A934202DD00924A4AEFE70122D0F8A0
:10293000C040DFF82491DFF81881DFF820A194F877
:1029400022108A4212D2951CB35C0132D2B216F820
:1029500002B0EDB2491B8B450FDD002384F82A300D
:10296000A385E38584F82430E38423857B7E13F0FC
:102970000C0FB5D097F82200B3E7082B58D8DFE842
:1029800003F0055757571D3257574500BBF1030F4A
:1029900004D05B46324A0121404616E0735DA385B0
:1029A00073195A7884F82E209B7884F82F300123ED
:1029B000204684F82A30FFF7BDFE08E0BBF1020F85
:1029C00008D05B46274A01212148EAF735FA5D44E1
:1029D000EAB2B4E7735DE38473195B78238501235E
:1029E00084F82430F3E7BBF1040F02D01E4A5B46A3
:1029F000E9E7735D72191B02E38451780B43E384AA
:102A000093781B022385D2781343E7E7BBF1040FC9
:102A100002D05B465246BEE7735D72191B02A38566
:102A200051780B43A385937884F82E30D378BCE794
:102A300002214A464046CDF800B0EAF717FAC6E749
:102A400005B0BDE8F08F00BF003501206D320300F6
:102A5000BCED0200AB3203004E340300F63303003A
:102A6000F43203004B330300A0330300F7B5314BBE
:102A70000D461B6801934FF00003064670B92E49BE
:102A80004FF44F732D4A2E48E8F736FE2D48E8F7ED
:102A900033FE4FF44F712948E8F714FE61B92A4913
:102AA00040F23D33254A2648E8F726FE2748E8F756
:102AB00023FE40F23D31EEE78F1C2A2200213846EA
:102AC0000BF027FF2249234800F04CF8044658B980
:102AD0003146204800F094F8044670B101210346C5
:102AE0001D4A1E48EAF7A8F9124B1A68019B5A4082
:102AF0004FF000031AD008F033FA3946154800F0B9
:102B000037F9A022134805F1300100F00BF9002835
:102B10000346E86206DA0121114A1048EAF78CF907
:102B2000EC6AE1E70B4800F04FF8DDE7204603B020
:102B3000F0BD00BF003501209F340300222F0300A9
:102B400060F50200B2340300D4340300E83403001B
:102B500034F1020084EE00200B350300BCED0200CE
:102B60003E35030037B504460D46144BC8220021FC
:102B70001B6801934FF000030BF0CBFEC4F8C45068
:102B80002B6898470146012009F03AFDC4F8C000BF
:102B900078B90B4801210B4AEAF736F96FF00B00C0
:102BA000064B1A68019B5A404FF0000303D008F00F
:102BB000D7F90020F4E703B030BD00BF0035012095
:102BC000BCED02006635030013B50C4B0446D0F88B
:102BD000C0001B6801934FF0000309F08FFC002038
:102BE000064BC4F8C0001A68019B5A404FF000031E
:102BF00001D008F0B5F902B010BD00BF00350120CA
:102C0000F0B585B0404B02AF044608461B687B60B8
:102C10004FF000030E46E6F7F1F910F0010582B21D
:102C2000C0F34E031FD06C468AB002AA374B80B265
:102C3000536140F201331384354BC2E9060642F872
:102C4000103F00234FF411513248EAF737F8A546F8
:102C50006FF079002C4B1A687B685A404FF00003E4
:102C60004ED008F07DF9B2F5B57F07D3B42201212B
:102C700000922848284AEAF7F9F8E9E7A4F8B630BC
:102C800081B2B4233046621CE7F742FA0346A0B98A
:102C90006C4688B002AA2149C2E905164FF40071BA
:102CA00091831F4942F8101F1A484FF4E251EAF786
:102CB00005F86FF01500A546CCE7D4F8C4305B6882
:102CC000984706462570D4F8C430DB68984785429B
:102CD000217803DB002084F8BD10BBE701312046DA
:102CE00056F82530214498470028B3DB2378B4F800
:102CF000B6200344DBB29A422370A9D30135E2E740
:102D00000C37BD46F0BD00BF0035012089350300FA
:102D100004000001BCED0200B6350300F4350300E9
:102D20000300000173B504460E4615460F4B1B68A1
:102D300001934FF00003D0F8C4309B6898470B4ACA
:102D4000C4F8B86084F8BC501168019A51404FF043
:102D50000002034601D008F003F9204694F8BD10A4
:102D60000131214402B0BDE8704018470035012010
:102D700013B50A4A126801924FF00002074A14681C
:102D8000019A54404FF0000201D008F0E9F8D0F861
:102D9000C4301B6902B0BDE810401847003501205F
:102DA000F7B51D4B1B6801934FF0000360B369B387
:102DB00042B101240378274603F07F030B702346BA
:102DC000A24208D1144B1968019B59404FF00003EF
:102DD0001ED008F0C5F8C51915F8015CC3F1080646
:102DE0003541C65D01349E400133DBB2082B45EA14
:102DF000060505F07F0514BF0137002301F8015FC8
:102E000018BFFFB2E4B2DBE70246DBE70A46D9E7C8
:102E1000104603B0F0BD00BF00350120F7B51C4FD0
:102E200004460D4616463F6801974FF00007A3B1D0
:102E3000FFF7B6FF294606461CB325B3002213460A
:102E4000144F9E42D0B20AD8114B1A68019B5A40C7
:102E50004FF0000319D008F083F80146ECE7CC5C92
:102E60001B2C0CD10133DBB29E42EDD9CC5C3C442F
:102E700094F8804001332C54DBB20132E1E73C5D31
:102E8000F8E72046E0E72846DEE703B0F0BD00BFE4
:102E9000003501201E36030007B5134B01461348C9
:102EA0001B6801934FF0000302F080FD034680B1E0
:102EB0000D4A1168019A51404FF0000201D008F00C
:102EC0004FF801210A4A0B4803B05DF804EBE9F71B
:102ED000B3BF054B1A68019B5A404FF00003EED177
:102EE00003B05DF804FB00BF00350120EB1E0300BA
:102EF0001E37030074ED020007B50F4B1B680193EA
:102F00004FF0000303786BB10B4B1A68019B5A40DA
:102F10004FF0000301D008F023F803B05DF804EB94
:102F2000FFF7BABF044B1A68019B5A404FF00003E9
:102F3000F1D103B05DF804FB0035012007B5184B53
:102F40001B6801934FF0000300BB1648FFF7D4FF46
:102F50001548FFF7D1FF1348FFF7CEFF1148FFF7E1
:102F6000CBFF1048FFF7C8FF0E48FFF7C5FF0C4B1B
:102F70001A68019B5A404FF0000301D007F0F0FFA0
:102F8000084803B05DF804EBFFF7B6BF044B1A68BE
:102F9000019B5A404FF00003F0D103B05DF804FBF1
:102FA00000350120800B03004437030007B50A4BAE
:102FB0000A461B6801934FF00003074B1968019BF9
:102FC00059404FF0000301D007F0CAFF012103B0C0
:102FD0005DF804EBE9F718BF0035012013B50E4B7F
:102FE0000E490F481B6801934FF0000300F0A4F94D
:102FF000044628B1012103460A4A0B48E9F71CFFA1
:10300000054B1A68019B5A404FF0000301D007F0AE
:10301000A7FF204602B010BD00350120A1320200FA
:103020004CEF00206A3703009CED02002DE9F041CF
:1030300082B0DFF8F8817E4BD8F8704000AF072CE3
:103040000D461B687B604FF0000300F0080662D05D
:10305000132C00F0A780052C40F0C180D8F85480D4
:1030600074497548FFF7A2FF18F4805F48D0734990
:103070007148FFF79BFF172418F4006F04D07049C4
:103080006D48FFF793FF182418F4007F0ED06D49A8
:103090006948FFF78BFF6C4B18F4004F9B6B04D013
:1030A00001216A4A6448E9F7C7FE192418F4806FC1
:1030B00004D067496048FFF779FF1A2418F4807F2D
:1030C00020D064495C48FFF771FF1B24EB69002E98
:1030D00040F0A380C3F3080222B96FEA53236FEADA
:1030E0004323EB6129462046EAF74EFB504B1A6812
:1030F0007B685A404FF0000300F0948007F030FFE7
:103100001624B9E718F4005FE0D053494A48FFF7A6
:103110004DFF1C24DAE7D8F85C4047484F49FFF7D9
:1031200045FF600606D5D8F8683001214C4A424870
:10313000E9F782FEE10705D54A493F48FFF736FF28
:103140002624C3E7A20705D547493B48FFF72EFFD2
:103150002724BBE7630705D544493748FFF726FF17
:103160002824B3E7200705D541493348FFF71EFF60
:103170002924ABE7E10605D53E492F48FFF716FFA6
:103180002A24A3E7A20605D53B492B48FFF70EFFEB
:103190002B249BE723063ED538492748FFF706FF37
:1031A0002C2493E7D8F86C8035492348FFF7FEFEBE
:1031B00018F0020F03D033491F48FFF7F7FE18F04D
:1031C000010F03D030491C48FFF7F0FE18F0040F40
:1031D0003FF47CAF2D491848FFF7E8FE76E72C4A0C
:1031E0002C4BE8468AB00F2CC8BF13466A462A49C2
:1031F000103CC2E905134FF400731384274BD461CC
:1032000042F8103F00234FF411510B48E9F756FDE7
:103210000024C5465AE7252458E723F4FF7323F01A
:1032200001035EE70837BD46BDE8F0814CEF0020A2
:10323000003501203B0403009CED02005104030013
:10324000D50103006204030000ED00E07B040300ED
:1032500090040300AB04030035020300A43703000D
:10326000BD370300CD370300E33703000138030007
:103270001C380300393803004E3803006838030057
:103280007B38030095380300C5380300F33803008A
:10329000D8040300C30403005E0603000400000119
:1032A00000B51F4B8BB01B6809934FF000031D4BFB
:1032B0001A7872B91C494FF492731C4A1C48E8F7FB
:1032C0001BFA1C48E8F718FA4FF492711748E8F710
:1032D000F9F95A6AD86C01929A6A20F005000292B4
:1032E000DA6A01A903921A6B04925A6B05929A6BDF
:1032F0000692DA6B07921A6C1B6D08929B0748BF07
:1033000040F00400FFF792FE054B1A68099B5A40F3
:103310004FF0000301D007F023FE0BB05DF804FB73
:10332000003501204CEF00205A39030027390300F3
:1033300060F502006A39030000B51A4B89B01B68BA
:1033400007934FF0000305AB019308230293042376
:103350000691CDE904300DEB0301032003AACDF85B
:103360000CD000F07DF80228009B0FD0032810D06D
:1033700090B9181E18BF012040420A4B1A68079BDB
:103380005A404FF000030AD007F0EAFD6FF0150035
:10339000F3E76FF08500F0E74FF0FF30EDE709B09D
:1033A0005DF804FB0035012007B5094B1B6801934C
:1033B0004FF00003064B1A68019B5A404FF0000380
:1033C00001D007F0CDFD002003B05DF804FB00BF85
:1033D000003501202DE9F0431F461E4BA5B01B68A8
:1033E00023934FF000031C4B044693F800800D46D6
:1033F0001646DDF8B090B8F1000F1AD101A8EAF72F
:10340000A5FD4B463A4631462846A047044601A84A
:10341000EAF7B0FDB8F1000F02D0104804F00AFD41
:103420000C4B1A68239B5A404FF000030DD007F055
:1034300097FD4FF0FF324FF0FF33084804F09CFD3A
:103440000028DBD06FF08304EAE7204625B0BDE812
:10345000F08300BF00350120AAF80020DCD1002055
:1034600010B5174B88B01B6807934FF0000300237B
:10347000CDE9053302AB0393042302900493D9B141
:103480000B6805934B6806930223111E18BF012198
:103490000C48CDE9002103AA40F2F53100F05AF8BA
:1034A000074B0028B8BF01201A68079B5A404FF00D
:1034B000000303D007F054FD0123E6E708B010BD78
:1034C000003501200501004007B5094B1B68019339
:1034D0004FF00003064B1A68019B5A404FF000035F
:1034E00001D007F03DFD002003B05DF804FB00BFF4
:1034F0000035012070B53026144B94B01B6813932F
:103500004FF0000307AB05460C4632460021184633
:103510000BF0FFF9CDE90554CDE903068CB1012389
:1035200005AA009200210A48019303AA00F012F8AC
:10353000064B1A68139B5A404FF0000303D007F064
:103540000FFD2046F4E714B070BD00BF0035012028
:103550000001004073B5174DB1F5004F2D6801957E
:103560004FF00005079C19D2042B17D8042C15D84E
:10357000104D2E68019D6E404FF0000501D007F000
:10358000EFFC240444EA0364134644EA01020146C2
:10359000094802B0BDE87040FFF71CBF054B1A6830
:1035A000019B5A404FF00003E9D16FF0800002B058
:1035B00070BD00BF00350120217C000007B5084B1D
:1035C0001B6801934FF00003054B1A68019B5A409A
:1035D0004FF0000301D007F0C3FC03B05DF804FB1B
:1035E0000035012007B5094B1B6801934FF000031C
:1035F000064B1A68019B5A404FF0000301D007F0B8
:10360000AFFC03B05DF804EB004700BF00350120BC
:1036100007B5094B1B6801934FF00003064B1A686E
:10362000019B5A404FF0000301D007F099FC03B012
:103630005DF804EB03F050BB0035012037B5144BA7
:103640001B6801934FF000030468ECB1B4FA84F3F3
:103650000122C3F11F03DBB29A4024EA0202D0E840
:10366000EF5FA54204D1C0E8EC2FBCF1000FF6D10A
:10367000EAD108480B70064B1A68019B5A404FF07C
:10368000000303D007F06CFC0348F4E703B030BD3F
:10369000003501200000AD0B0200AD0B13B5134B3C
:1036A0001B6801934FF000030368CB40DB0718D47D
:1036B00001238B40026843EA0201D0E8EF4F9442B5
:1036C00004D1C0E8EC1FBCF1000FF6D1F2D10848DC
:1036D000064B1A68019B5A404FF0000303D007F0D5
:1036E0003FFC0448F4E702B010BD00BF00350120E4
:1036F0000000AD0B0400AD0B07B50A4B1B6801932E
:103700004FF00003084BC3F80405064B1A68019BF1
:103710005A404FF0000301D007F022FC03B05DF8DF
:1037200004FB00BF003501200070014007B5104BBD
:103730001B6801934FF0000349B90E490E4844231A
:103740000E4AE7F7D9FF44210C48E7F7BBFF084BC7
:1037500040F00040C1F880001A68019B5A404FF0C9
:10376000000301D007F0FCFB03B05DF804FB00BFD1
:1037700000350120333A030060F50200F6390300FA
:1037800007B5104B1B6801934FF0000349B90E4970
:103790000E484A230E4AE7F7AFFF4A210C48E7F7E5
:1037A00091FF084B40F00040C1F880001A68019B6F
:1037B0005A404FF0000301D007F0D2FB03B05DF890
:1037C00004FB00BF00350120373A030060F502001A
:1037D000F639030037B50C4B15461B6801934FF0C3
:1037E00000030446FFF7A2FF074B1A68019B5A40EB
:1037F0004FF0000301D007F0B3FB2946204603B089
:10380000BDE83040FFF7BCBF00350120F7B53A4BAB
:1038100004461B6801934FF00003384B58B1012850
:1038200027D037493748DC23374AE7F765FFDC21E3
:103830003548E7F747FF0222C3F80823012206466E
:10384000DA60C3F80401D3F80431012342F21075A1
:103850002A4F8DF8033074B3012C1BD02849294816
:103860004FF47473294AE7F747FF4FF47471274800
:10387000DFE70022C3F808035860C3F80021D3F83B
:1038800000310DF10306E0E70BB30120FFF7C0FEA6
:10389000013D1CD0D7F80C3403F48033002EF3D054
:1038A000D7F80C2402F001020FE083B10120FFF7EA
:1038B000AFFE013D0BD0D7F8183403F48033002E4F
:1038C000F3D0D7F8182402F00302327043B90A4B40
:1038D0001A68019B5A404FF000030AD007F040FBE2
:1038E0009DF803000128F2D1FFF792FE013DB2D10D
:1038F000EDE703B0F0BD00BF0035012000500040EF
:1039000024F7020060F502003B3A0300783A030016
:1039100007B50D4B1B6801934FF000030B4B1A7951
:1039200062B9012218600A481A71074B1A68019B94
:103930005A404FF0000303D007F012FB0548F4E7AC
:1039400003B05DF804FB00BF00350120C0EF00208C
:103950000000AD0B0C00AD0B07B5164B1B680193B7
:103960004FF00003144B1A795AB9144914484FF414
:103970009873144AE7F7C0FE4FF498711148E7F7BF
:10398000A1FE1B6833B10520EAF798FC10B90520A9
:10399000EAF74CFC01220C4BC3F81825054B1A68BA
:1039A000019B5A404FF0000301D007F0D9FA03B051
:1039B0005DF804FB00350120C0EF0020AC3A0300A5
:1039C00060F502003B3A03000050004037B53D4B24
:1039D0003D4C1B6801934FF0000323795BB93B49D1
:1039E0004FF4BD733A4A3B48E7F786FE4FF4BD718A
:1039F0003748E7F767FE58B1012857D036494FF4EA
:103A0000DF73334A3348E7F777FE4FF4DF71EFE7B0
:103A1000324BD3F81814D3F81824C90323D502F075
:103A20000303022B05D0012B02D00020FFF7EEFE8E
:103A300001232A4A0220C2F8183508224FF4827363
:103A4000002103F1804303F5A04319601D6801259F
:103A500002F1804202F5A0421560226852B31F4B6A
:103A6000C3F804030FE0D3F81424D207E0D5D3F849
:103A70001C2402F00302013A012AD6D822685AB166
:103A80000222C3F804230F4B1A68019B5A404FF0DF
:103A9000000315D007F064FAD3F80421002AFBD004
:103AA0000022C3F80421D3F80431ECE700224FF4DC
:103AB0008073C5E71A68002AFCD019601B68E2E72A
:103AC00003B030BD00350120C0EF0020AC3A030048
:103AD0003B3A030060F5020024F70200005000406A
:103AE00007B5114B1B6801934FF000030F4B1B7977
:103AF0005BB90F490F484FF4EC730F4AE7F7FCFD31
:103B00004FF4EC710C48E7F7DDFD074B1A68019B99
:103B10005A404FF0000301D007F022FA03B05DF8DD
:103B200004EBFFF773BE00BF00350120C0EF00209B
:103B3000AC3A030060F502003B3A030007B5224BA4
:103B40001B6801934FF00003204BD3F8002152B1C2
:103B50000020C3F80001D3F800210122C3F8082394
:103B60001B4B1B689847194BD3F8042182B10022E4
:103B7000C3F80421D3F80421D3F81824D3F8182467
:103B8000022102F00302012A0CD1C3F818159A6031
:103B90000D4B1A68019B5A404FF000030BD103B044
:103BA0005DF804FBC3F80813074B1A68019B5A40E1
:103BB0004FF0000301D007F0D3F90120044B1B683C
:103BC00003B05DF804EB18470035012000500040B9
:103BD000C0EF002007B50A4B01461B6801934FF068
:103BE0000003074B1A68019B5A404FF0000301D0B5
:103BF00007F0B6F9034803B05DF804EBFFF71EBD0C
:103C000000350120E8CE002007B50D4B1B6801935D
:103C10004FF00003430904BF4FF0FF3323FA00F0D5
:103C2000074B14BF002000F001001A68019B5A40A6
:103C30004FF0000301D007F093F903B05DF804FBE7
:103C40000035012073B5194B16461B6801934FF0E0
:103C5000000301F1080330F813300446DA050D467D
:103C600009D5C3F3432300EBC302314650F8333088
:103C7000526828469847A3687BB10C4A1168019A9C
:103C800051404FF0000201D007F06AF93146284652
:103C9000E26802B0BDE870401847044B1A68019B07
:103CA0005A404FF00003EFD102B070BD0035012043
:103CB00073B532240279264B62431B6801934FF09F
:103CC000000352FA81F2234B083233F81240E10527
:103CD00026D5C4F3432124F4F85423F81240642475
:103CE0000026027904FB02340E3434F8025F15F426
:103CF000807F03D0C5F34325A94211D00136202E81
:103D0000F3D164240025624302EBC1029D50027985
:103D100004FB02305830FFF7C1FC0F4B984208D12A
:103D20000B4B1A68019B5A404FF000030DD007F06F
:103D300017F90A490A484FF4DC730A4AE7F7DCFC32
:103D40004FF4DC710748E7F7BDFC02B070BD00BF5F
:103D500000350120ECCE00200000AD0B9D140300C7
:103D600060F50200093B030037B50468184B0546AF
:103D700020461B6801934FF00003FFF745FF58B939
:103D8000144940F24533144A1448E7F7B5FC40F2B1
:103D900045311148E7F796FC04F01F0364092B60D6
:103DA00008D10B4B1A68019B5A404FF000030BD00F
:103DB00007F0D6F80A4940F24E33074A0748E7F7BA
:103DC0009BFC40F24E31E4E7064803B030BD00BF33
:103DD00000350120421403000F14030060F50200B7
:103DE00024F70200002584402DE9FF411E46DDE94D
:103DF0000A582B4B1746019001A80C461B680393E9
:103E00004FF00003FFF7B0FF019B391E18BF0121DF
:103E100000EB8300231E18BF0123002E43EA410359
:103E200014BF0C210021002D43EA010314BF4FF4FD
:103E3000E0610021B8F1000F43EA010314BF4FF421
:103E400040310021D0F800220B4322EA030304B1E1
:103E500024780FB13F787F001C430EB13678B6004E
:103E60003C43BDB1297809023443B8F1000F03D0B7
:103E700098F800804FEA08482143094B41EA0801BD
:103E8000C0F800121A68039B5A404FF0000303D099
:103E900007F066F82946E7E704B0BDE8F08100BF07
:103EA000003501207FB50E4B8DF80F101B68059370
:103EB0004FF000030DF10F03019300231A4619463A
:103EC0000093FFF791FF064B1A68059B5A404FF08D
:103ED000000301D007F044F807B05DF804FB00BF11
:103EE0000035012007B5114B07281B6801934FF0DF
:103EF00000030BD90E490F484FF43D730E4AE7F704
:103F0000FBFB4FF43D710C48E7F7DCFB074B8000EF
:103F10001A68019B5A404FF0000300F5807001D0F1
:103F200007F01EF803B05DF804FB00BF0035012068
:103F3000FF3A030060F50200CA3A030007B50D4BD3
:103F40001B6801934FF00003322358430A4B50FA89
:103F500081F1083133F81100064B400B1A68019BC0
:103F60005A404FF0000301D006F0FAFF03B05DF8AD
:103F700004FB00BF00350120ECCE002007B50D4B3F
:103F80001B6801934FF00003322358430A4B50FA49
:103F900081F1083133F81100064BC0F340001A6874
:103FA000019B5A404FF0000301D006F0D9FF03B047
:103FB0005DF804FB00350120ECCE002007B50E4B68
:103FC0001B6801934FF00003322358430B4B50FA08
:103FD00081F1083133F81100074B10F01C0018BFB5
:103FE00001201A68019B5A404FF0000301D006F0EF
:103FF000B7FF03B05DF804FB00350120ECCE0020D4
:1040000007B50D4B1B6801934FF000033223584353
:104010000A4B50FA81F1083133F81100064BC0F316
:1040200040101A68019B5A404FF0000301D006F07F
:1040300097FF03B05DF804FB00350120ECCE0020B3
:1040400037B505790D4B28460C461B6801934FF098
:104050000003FFF793FF18B121462846FFF7D0FF72
:10406000064B00F001001A68019B5A404FF0000314
:1040700001D006F075FF03B030BD00BF0035012050
:1040800007B50D4B024611F001001B6801934FF07C
:10409000000304D009490B6A13600B6203B90020C6
:1040A000054B1A68019B5A404FF0000301D006F0FF
:1040B00057FF03B05DF804FB003501200025844064
:1040C0002DE9F74300241D4B07460E461B6801935C
:1040D0004FF0000325464FF00108A146B54213D129
:1040E000174BD3F87C2132B10022C3F87C21D3F8DE
:1040F0007C3144F00044114B1A68019B5A404FF048
:10410000000317D006F02CFFE8B2FFF7EBFEA0F596
:104110008072920808FA02F2174209D000F1804337
:1041200003F54433196819B1C3F800901B681443B0
:104130000135D3E7204603B0BDE8F0830035012008
:10414000001003402DE9F04F5D4B85B01B680393D1
:104150004FF0000305465B4B296DD3F80403C0B252
:1041600040F00040FFF7ACFF061E18DA0023E96DAF
:1041700002A802934FF00108FFF782FF95F85C3028
:10418000DB0760D4296D4FF00040FFF799FFE96D20
:1041900002A8FFF775FF0028F0D126F000460124A1
:1041A000002E70D1464B1A68039B5A404FF0000313
:1041B00000F0828006F0D4FE94FAA4F4B4FA84F4F9
:1041C00004F1080335F81390E10802AB5B5C04F0DE
:1041D000070208FA02F223EA020302AA535401A8D2
:1041E0000194FFF7C1FD019B4FEA990B803350F812
:1041F0002370C9F3820A1BF0040FD146C7F30147AD
:1042000025D0524621462846FFF71CFD01A80194FF
:10421000FFF7AAFD019BFFB2803350F82330C3F3B0
:1042200001439F4207D100212046FFF73BFE39465C
:104230002046FFF737FE01A80194FFF795FD019B8B
:1042400008FA03F30362029C002CB5D19AE7022F0F
:104250000DD103212046FFF725FE0AF00503012BAF
:10426000E9D14A4621462846FFF7ECFCE3E7022164
:104270002046FFF717FEBAF1030FF2D0032FDAD171
:10428000BAF1020FECE796FAA6F3B3FA83F304FA55
:1042900003F29B0003F1804303F54433D3F8101578
:1042A00026EA0206D3F810252846C2F30142C1F3DC
:1042B0000421FFF7C7FC73E705B0BDE8F08F00BF2E
:1042C000003501200010034073B506791D4B0546EB
:1042D00030460C461B6801934FF00003FFF790FE39
:1042E00000B321463046FFF749FED8B92146304693
:1042F000FFF724FE01232A688340C2F808332A68A6
:1043000003B202EB8303D3F8102522F00302C3F8B3
:1043100010250C4B1A68019B5A404FF000030FD038
:1043200006F01EFE074B1A68019B5A404FF000032F
:10433000F6D10021204602B0BDE87040FFF7B2BDC3
:1043400002B070BD003501202DE9F7433222294B20
:10435000294F1B6801934FF000030379054653432F
:1043600053FA81F3083337F813300C46DB07CEB22B
:104370003BD5FFF7A9FF95F8049021464846FFF783
:104380003FFE68B121464846FFF7D8FD0022D5F828
:10439000008000B208EB8003C3F81025C3F8102595
:1043A00021462846FFF784FC32222B79684602FB1F
:1043B00003660023083627F816300094FFF7D4FC74
:1043C000009B00EB8300D0F800220C4B134043F01D
:1043D0000203C0F800320A48064B1A68019B5A4093
:1043E0004FF0000303D006F0BBFD0648F4E703B02E
:1043F000BDE8F08300350120ECCE0020F0F8FCFF92
:104400000000AD0B0400AD0B2DE9F0437C4B1668AA
:1044100085B004460D4617461B6803934FF0000312
:1044200046B3FFF70DFEA8BB3346CDE900008DF87B
:104430000A008DF80B000DF10B0228460DF10A0160
:10444000FFF7D2FC322023796E4A434353FA85F3B7
:10445000083332F8131021F0020122F813102379E7
:10446000434353FA85F3083332F8131041F0010146
:1044700022F813107B68002B4AD026792946304653
:1044800093F80080D3F80490FFF778FD20B1B9F1DC
:10449000000F25D05C483EE04FF0320C0CFB06F6D6
:1044A000584856FA85F6083630F81630E9B223F443
:1044B000604323F0200320F81630B9F1000F0FD02D
:1044C000B8F1030FE6D87B6822685B681E7802EBC0
:1044D0008602B8F1000F27D1C2F81085C2F8108506
:1044E00032202379474A434353FA85F3083332F89D
:1044F000131021F01C0122F813102379434353FABF
:1045000085F3083332F8131041EA880122F81310BA
:10451000BB6893BB3D483A4B1A68039B5A404FF027
:10452000000369D006F01CFDD2F810E52EF0030E52
:10453000C2F810E5226802EB8603D3F8102522F4B6
:10454000473222F44072C3F810252A02D3F810E54E
:1045500002F4F85242EA084242EA0E02C3F8102579
:1045600023790CFB0311083130F8113043EA46334C
:1045700043F0200320F81130B2E72946D3E9008741
:104580002046FFF795FBB8F1000FC3D064232079D4
:104590001C4E4343F218F358984504D153689F4288
:1045A00001D100210CE0642303FB00600DF10B013D
:1045B0005830FFF743F8154B9842ACD19DF80B10DB
:1045C00064222379534303EBC10346F80380237924
:1045D0005343322203EBC10333445F6023795343D7
:1045E00053FA85F3083336F8132042EA412242F4A5
:1045F000807226F813208DE705B0BDE8F08300BF78
:1046000000350120ECCE00200400AD0B0000AD0B06
:104610002DE9FF411E464B4B05460C461B68039394
:104620004FF00003174662B390F804804046FFF74E
:10463000A5FC20B921464046FFF7E2FC40BB2146DD
:104640004046FFF7BBFC10B17B78012B20D0012343
:104650008DF80B3000237A1CCDE900730DF10B01AE
:10466000BB1C2046FFF7C0FB32222B79364953434F
:1046700053FA84F3083331F8132042F0030221F88F
:104680001320002E59D021462879FFF777FC48B92E
:104690002E482C4B1A68039B5A404FF000034ED013
:1046A00006F05EFC96F800C0322761468B000021C0
:1046B0002A68254802EB8C02C2F81015C2F81015C2
:1046C0002A79E1B27A4352FA84F2083230F812E0E1
:1046D0002EF4604E2EF0200E20F812E096F801E045
:1046E000BEF1000F29D02A68B6781A44D2F81035E6
:1046F0004FEA0E4E23F4981323F4F853C2F8103502
:10470000230203F4F8530EF4403E3605D2F8108528
:1047100043EA0E0306F48016334343EA0803C2F863
:1047200010352B7907FB0311083130F8113043EABB
:104730004C3343F0200320F811300548A9E704B0BA
:10474000BDE8F08100350120ECCE00200400AD0B67
:104750000000AD0B37B564250C4B04791B68019341
:104760004FF000030A4B05FB0434A160017905FBFF
:104770000133DA60054B1A68019B5A404FF0000381
:1047800001D006F0EDFB03B030BD00BF00350120C5
:10479000ECCE002073B5184B0C461B6801934FF00C
:1047A000000315465AB91549154840F20D33154A0C
:1047B000E6F7A2FF40F20D311248E6F783FF0679D3
:1047C0003046FFF71DFC98B132235E430E4B56FA7C
:1047D00084F4083433F814300C485B0B2B70064B10
:1047E0001A68019B5A404FF0000303D006F0B8FB53
:1047F0000748F4E702B070BD00350120A73B030075
:1048000060F50200093B0300ECCE00200000AD0B78
:104810000400AD0B2DE9F7432C4B02681B68019394
:104820004FF000032A4B06469A420BD029492A48EA
:1048300040F21E33294AE6F75FFF40F21E31274857
:10484000E6F740FF07796420254D00FB075898F8EC
:104850006040B4BB40464022214610300AF059F86F
:10486000D8F85090A0463668A1451DD1002346F3E4
:104870000730C6F87C31D6F87C31E9F7D7FC4FF029
:104880000043C6F80433642303FB0755012315488E
:1048900085F86030AB650D4B1A68019B5A404FF0AC
:1048A000000310D006F05CFBE0B2FFF71BFBA0F5A5
:1048B00080739B081F2B04BF46F8008033580134D7
:1048C000D2E70948E7E703B0BDE8F08300350120EF
:1048D00000100340B13B030060F50200093B0300F8
:1048E000ECCE00200000AD0B0C00AD0B07B5642131
:1048F0000C4B02791B6801934FF000030A4B01FB3C
:10490000023393F86000074B003818BF01201A6883
:10491000019B5A404FF0000301D006F021FB03B089
:104920005DF804FB00350120ECCE002007B5094BF3
:104930001B6801934FF00003064B1A68019B5A4015
:104940004FF0000301D006F00BFB03B05DF804EB61
:10495000FFF7FABC0035012007B50D4B1B6801932A
:104960004FF000030A4B1A68019B5A404FF00003B6
:1049700001D006F0F5FA54226423007913FB0023DA
:104980000448184403B05DF804EBFEF787BE00BF8F
:1049900000350120ECCE002007B50D4B1B680193BC
:1049A0004FF000030A4B1A68019B5A404FF0000376
:1049B00001D006F0D5FA54226423007913FB0023BA
:1049C0000448184403B05DF804EBFEF737BE00BF9F
:1049D00000350120ECCE00202DE9F34104793F4B56
:1049E000064620460D4617461B6801934FF000030C
:1049F000FFF7E4FA58B93A4940F2FA33394A3A48EB
:104A0000E6F77AFE40F2FA313648E6F75BFE2946D1
:104A10002046FFF7F5FA50B329462046FFF7AEFAD5
:104A2000804620BB29462046FFF788FA0446FFF758
:104A300059FA356822B245F800802B58336803EBE9
:104A40008203D3F8102542F00102C3F8102527B1E4
:104A500001233268A340C2F80433204B1A68019B3B
:104A60005A404FF000032CD102B0BDE8F0814FB99D
:104A70001E4940F209431B4A1B48E6F73DFE40F23F
:104A80000941C1E732235C43194B54FA85F40834D9
:104A900033F81430C3F38203042B14D0052B14D045
:104AA00068460095FFF760F9009A0369D34003F068
:104AB0000103991C094B1A68019B5A404FF00003EF
:104AC00005D006F04DFA0321F4E70221F2E728466B
:104AD00002B0BDE8F041FFF7E5B900BF00350120A5
:104AE000863B0300093B030060F50200E83B03003E
:104AF000ECCE002007B5094B1B6801934FF0000373
:104B0000064B1A68019B5A404FF0000301D006F093
:104B100027FA03B05DF804EBFFF7D6BB00350120A0
:104B200007B50A4B1B6801934FF00003074B1A6847
:104B3000019B5A404FF0000301D006F011FA0448DF
:104B400003B05DF804EBFFF7FDBA00BF00350120AC
:104B500050CF002073B5154B16461B6801934FF0DC
:104B600000030D4649B9124912483723124AE6F7A5
:104B7000C3FD37211048E6F7A5FD104C237983B912
:104B80002A20E9F753FB01230D4823712560A66015
:104B9000064B1A68019B5A404FF0000303D006F001
:104BA000DFF90848F4E702B070BD00BF003501200E
:104BB0006914030060F50200F33B0300C8EF002016
:104BC0000000AD0B0C00AD0B37B5214B1B680193FA
:104BD0004FF0000348B91F494A231F4A1F48E6F710
:104BE0008BFD4A211C48E6F76DFD1D4B1B79012BFF
:104BF00007D01C494B23184A1848E6F77DFD4B2186
:104C0000F0E70023184A50F8234003F5A27101335E
:104C1000082B42F82140F6D10023134A00F11C0171
:104C200003F5B27451F8045F0133082B42F82450A5
:104C3000F6D1036CC2F80433054B1A68019B5A4045
:104C40004FF0000301D006F08BF903B030BD00BF78
:104C5000003501202E3C0300F33B030060F5020009
:104C6000C8EF0020373C030000A0024073B5244B7E
:104C7000244E1B6801934FF000033379012B09D0B8
:104C8000214922485F23224AE6F736FD5F2120486A
:104C9000E6F718FD00241F4D2A20C5F81045C5F879
:104CA0001445C5F81845C5F81C45C5F82045C5F894
:104CB0002445C5F82845C5F82C45C5F89045C5F8E4
:104CC0009445C5F89845C5F89C45C5F8A045C5F874
:104CD000A445C5F8A845C5F8AC45E9F7C9FA4FF0B1
:104CE000FF33C5F80833064B34711A68019B5A40EC
:104CF0004FF0000301D006F033F902B070BD00BFE1
:104D000000350120C8EF0020373C030060F50200A9
:104D1000F33B030000A0024007B5114B1B68019351
:104D20004FF000030F4B1B79012B09D00E490F48A0
:104D30007A230F4AE6F7E0FC7A210D48E6F7C2FC39
:104D40000C4A8340C2F80433054B1A68019B5A4051
:104D50004FF0000301D006F003F903B05DF804FB47
:104D600000350120C8EF0020373C030060F5020049
:104D7000F33B030000A0024007B5114B1B680193F1
:104D80004FF000030F4B1B79012B09D00E490F4840
:104D900082230F4AE6F7B0FC82210D48E6F792FC29
:104DA0000C4A8340C2F80833054B1A68019B5A40ED
:104DB0004FF0000301D006F0D3F803B05DF804FB18
:104DC00000350120C8EF0020373C030060F50200E9
:104DD000F33B030000A00240F7B51B4B01261B6804
:104DE00001934FF000030027184B194DD3F80C43E3
:104DF00044B9154B1A68019B5A404FF0000320D06C
:104E000006F0AEF894FAA4F0B0FA80F006FA00F3D7
:104E1000072824EA03040BDD0E490F4840F2F31380
:104E20000E4AE6F769FC40F2F3110C48E6F74AFC3B
:104E30000B4B82009F502B68002BD9D0A968984754
:104E4000D6E703B0F0BD00BF0035012000A002404E
:104E5000C8EF0020FF3A030060F50200603C030049
:104E600000A1024073B5254B0C68254A1B680193CD
:104E70004FF00003B2FBF4F304FB1325002D39D1EE
:104E8000944237D85C1E1C4034D1B3F5007F31D832
:104E900093FAA3F3B3FA83F302684D79D2F8046569
:104EA000097926F0030601F003013143C2F8041525
:104EB000D2F8081505F0030521F003012943C2F8D3
:104EC0000815C2F810354023006800F58072D450F0
:104ED000D1580433582BFAD140F30730E9F7A6F93B
:104EE0000848064B1A68019B5A404FF0000303D054
:104EF00006F036F80448F4E702B070BD0035012032
:104F00000024F4000000AD0B0400AD0BF7B5244BFA
:104F10001B6801934FF0000349B922497C23224AC0
:104F20002248E6F7E9FB7C211F48E6F7CBFB0C2380
:104F300005791F4C6B43E618377A67BBE2508B68E4
:104F40001C4A73600368934207D002F58052934273
:104F500003D002F58052934202D14B79032B07D93B
:104F600015499423104A1148E6F7C6FB9421DBE764
:104F7000FFF778FF0C2303FB0544104BC21A534282
:104F800053412372064B1A68019B5A404FF00003AD
:104F900003D005F0E5FF0A48F4E703B0F0BD00BF19
:104FA000003501202E3C0300923C030060F5020016
:104FB000D4EF002000F00040CF3C03000000AD0B18
:104FC0000C00AD0B13B50C21134B02791B68019338
:104FD0004FF00003114B01FB0232127A012A09D073
:104FE0000F491048D223104AE6F786FBD2210E481B
:104FF000E6F768FB04682260027901FB02330222B3
:105000001A72054B1A68019B5A404FF0000301D0F9
:1050100005F0A6FF02B010BD00350120D4EF00203E
:105020007844030060F50200923C030007B50C21B0
:10503000114B02791B6801934FF000030F4B01FBEA
:1050400002331B7A4BB90E490E48FB230E4AE6F792
:1050500053FBFB210C48E6F735FB01220368DA60BD
:10506000054B1A68019B5A404FF0000301D005F030
:1050700077FF03B05DF804FB00350120D4EF00207A
:10508000BA44030060F50200923C030037B5104BB0
:105090000D0F1B6801934FF0000303680801D3F85C
:1050A0001045C4F1200205FA02F2A4F12003E04009
:1050B000104325FA03F31843054B1A68019B5A4025
:1050C0004FF0000301D005F04BFF03B030BD00BF2F
:1050D0000035012073B50C261B4C0579246801941A
:1050E0004FF00004194C06FB0544247A5CB91849BA
:1050F000184840F22513184AE6F7FEFA40F2251147
:105100001548E6F7DFFA4FF4803405688C40B3B1F8
:1051100000268B0003F5A073EE50EB580368C3F82C
:105120000443036801F5A87143F82120064B1A686F
:10513000019B5A404FF0000304D005F011FFC5F861
:105140000843EEE702B070BD00350120D4EF002027
:10515000BA44030060F50200923C0300F7B54FF03B
:105160000C0E1D4C0779246801944FF000041B4C71
:105170001D460EFB0744247A9DF82030012C0BD0ED
:10518000174918484FF4A073174AE6F7B5FA4FF4D9
:10519000A0711548E6F796FAD0F800E044F4807460
:1051A000DEF800728C4027EA0404CEF8004206685C
:1051B000D6F800422C43C6F80042074C2568019CF3
:1051C00065404FF0000401D005F0CAFE03B0BDE811
:1051D000F040FFF77FBF00BF00350120D4EF002073
:1051E0007844030060F50200923C03002DE9F3418E
:1051F00000251E4B29461B6801934FF00003012038
:10520000402303F1804202F5714214682CB1116011
:1052100012689A0800FA02F215430433582BF0D1B1
:1052200040244FF00108124B124FD3F8046306F4E8
:105230007C16A30808FA03F31E4208D02B4206D0BE
:105240003B6823B104F58070796880B298470434D4
:10525000582CEED1054B1A68019B5A404FF00003C1
:1052600001D005F07DFE02B0BDE8F08100350120DF
:1052700000F00040D4EF002070B503680446033B03
:10528000DBB2052B03D8094A52F823502DB9A06888
:1052900058B1BDE8704000F017B808F0EAF821688E
:1052A0002B46BDE87040090C184770BD68F102003C
:1052B000014B1B68184700BFB4CF0020014B5B684F
:1052C000184700BFB4CF0020014B1B69184700BF2F
:1052D000B4CF0020014B9B68184700BFB4CF00201B
:1052E000014B1B6A184700BFB4CF0020014B5B6A1B
:1052F000184700BFB4CF0020014B1B68D868704727
:10530000E0EF0020002230B50B4B19680C68944286
:105310000FD001EBC2039D68A8420BD14FF00302EE
:105320000433D3E8CF1F002903D1C3E8C02F0028DE
:10533000F7D130BD0132EAE7F8EF00202DE9F04166
:10534000002406460F462046DFF854803368A34207
:1053500001D8BDE8F08106EBC4056B68DBB2012B18
:1053600016D16A68B8F80030B3EB124F10D1022F93
:10537000A8680FD1FFF780FF01206B6823F0FF03BF
:1053800043F003036B60B8F800300133A8F8003035
:105390000134DBE70168090C08F022F8ECE700BFF4
:1053A0005EF4002010B5074C02216068FFF7C6FFCD
:1053B0000028F9D101212068FFF7C0FF0028F3D1B0
:1053C00010BD00BF00F0002070B5072860D8DFE8EE
:1053D00000F00B5F475F435F3C0401F019FC0320C2
:1053E000BDE87040F8F742BD03202A4BD3F81446BD
:1053F000D3F81866284B1D781870EDB201F0DEFB6B
:10540000012D10D1254B264A9C4212D0230C1B049F
:10541000B3F1886F0DD0A4F58033203B022B0FD958
:105420006FF0040313603146C4F30B0001F0BAFBC4
:1054300000E014601B4B1868F8F708FC0020CFE769
:10544000194931F913301360F4E70024124B204658
:105450001C7001F0B3FBEDE7FFF7A4FF0220BFE7EC
:105460000D4B1A78012AD0B20ED1104A1168104A99
:105470008C6854604968116002221A7001F09EFB2A
:10548000084B1868F8F7E2FBFFF78CFF0120A7E74D
:1054900070BD00BF00A00240A1F80020010050052F
:1054A000FCEF0020E8EF0020CCF40200E4EF002045
:1054B00000F0002070B5164B42681B6822F0FF0216
:1054C00042F00202C31A42601248134A0168C3F351
:1054D0008913D2E8DF4F651CC2E8D65F002EF8D1F1
:1054E00001EBC3014A6892B242EA04424A60026890
:1054F000032002EBC302536823F0FF0343F00103D0
:105500005360F8F723FA0122044BDA6070BD00BF44
:10551000F0EF0020F8EF002060F4002000A002402F
:105520000A23F7B54FF47A750C4E0D4F019331688D
:10553000386807F079FF044640B9F8F72DFB40B909
:10554000012001A9F8F718FA6E30F0D1204603B017
:10555000F0BD01986843F8F7F9F9E8E7ECEF0020AF
:10556000F4EF0020054B1B782BB9054B1968054B50
:10557000186807F059BF0020704700BFA0F800204E
:10558000F0EF0020F8EF00202DE9F04F95B0382221
:105590000021064603A809F0BCF90223049308235E
:1055A00006932023089304230D93102340250F9383
:1055B00080230122CDE91153D523002157480B92B6
:1055C0001393F8F7FFFA0546002840F0A38002463F
:1055D00053493079FFF7BEFA03A8FFF7F5FA3468AC
:1055E0006268B2F59D6F40F092806169E3680B4498
:1055F000E16903F59D630B44B3F5003F00F287803A
:105600002068294609F085F933681C68D3F81C9096
:1056100004F53A72019204F16007424A04F1A408C9
:1056200004F1200BB9F1000F5BD1C2F800B00025E6
:105630004FF0010A2570657084F802A0E5703368A8
:1056400040461B69636033685B69C4F814B0A360AB
:10565000354BC4F81890C3F80080344BE7601F60E6
:105660000823C4F8108084F8A43088F8015088F822
:10567000025088F8035084F860307D70BD70FD7072
:1056800007F0BAFE384607F0B7FE294B04F53A7228
:105690001A60284B04F1E80231681A60264B274E45
:1056A0001960274B2749C3F81046C3F81456264BF8
:1056B000264C1D80264B86F800A01D80254B0295A8
:1056C00025601D611B690293029B144B1868F8F753
:1056D000F3FA98B103236FF073043370FFF7C6FA3F
:1056E00011E09B6904F14009636433684846DB6953
:1056F000C2F800B0236401F06FFA98E72468002C28
:10570000ECD1154B1C70204615B0BDE8F08F6FF042
:105710001504E3E76FF02D04F5E700BFE8EF002084
:10572000C9530200E4EF0020F8EF0020F4EF00205E
:10573000F0EF0020ECEF0020E0EF0020A1F80020C7
:1057400000A00240F049020060F40020FCEF0020BD
:105750005EF4002000560040A0F8002070B5164B03
:1057600042681B6822F0FF0242F00102C31A426045
:105770001248134A0168C3F38913D2E8DF4F651C4E
:10578000C2E8D65F002EF8D101EBC3014A6892B29D
:1057900042EA04424A600268032002EBC3025368F3
:1057A00023F0FF0343F001035360F8F7CFF8012221
:1057B000044B5A6070BD00BFECEF0020F4EF0020F6
:1057C00060F4002000A0024010B5FFF7A9FE0124FC
:1057D00000220321047081704270C270FFF7BEFF87
:1057E000054B1C7007F01BFEBDE81040034B47F251
:1057F00030511868F8F760BAA0F80020E8EF0020F0
:1058000038B50A4B04461B78022BDDB20DD1FFF7E9
:1058100087FE50B1002201218460017042708570C2
:10582000C270BDE83840FFF799BF38BDA1F800202D
:10583000034A126812B1002800DB1047704700BF0E
:1058400014F0002010B50E4B04461B68A3B1E3F71B
:10585000D5FB082810D9237A3F2B0DD009490822FF
:10586000204608F02EFF014630B904F108000A2254
:10587000BDE8104007F0F0B84FF0FF3010BD00BF9A
:1058800014F00020FE4403002DE9F34105460020FA
:10589000174688461E4607F0EEFD024640B915B190
:1058A000284607F011FE6FF00B0002B0BDE8F08152
:1058B0006FF0580300240373042305600E4D037238
:1058C00044738473C47344728472C472C0F80480D5
:1058D000394603202C7007F0EAFD4FF0FF330193A7
:1058E0002B78B34201D10020DFE7022001A9F8F7AD
:1058F00043F80028F4D0D8E7A2F80020F8B5054610
:1059000000240F4F57F8046B2846314608F03AFF41
:1059100028B90134042CF5D14FF480300DE06CB17E
:10592000A31E012BF8D83046E3F768FB0A220021BA
:10593000284406F08BFF40EA0440F8BD2046FCE70F
:1059400080F102002DE9F743002581460F461048FB
:10595000294690461E46019307F01AFD041E11DBEE
:105960000134204607F0AEFDC9F8000068B13346A7
:1059700042462146019607F00BFD28463C6003B0E5
:10598000BDE8F0836FF01500F9E76FF00B00F6E764
:10599000F0ED0200014B18600020704718F0002065
:1059A000014B1860704700BF14F000200FB42DE9C0
:1059B000FF410A9C01F008F900284AD0002C4BD086
:1059C000284E294F31683868F8F7FEF9002846D18B
:1059D000264D31682868F8F76FF9002836D122463D
:1059E0000BAB03A902A80193FFF7ACFF044658B123
:1059F0002868F8F72BF93868F8F7B0F9204604B0B2
:105A0000BDE8F04104B07047029C2046FFF71AFF42
:105A100002230646012220460399FFF735FF04467C
:105A20000028E5D1DFF84880D8F80000FFF766FFCE
:105A30000446D8F8000007F041FD2868F8F706F999
:105A4000002CD8D13046FFF7F3FED4E76FF00A04FC
:105A5000D1E74FF0FF34D1E76FF00D04CEE76FF0E0
:105A60000A04CBE72CF0002024F0002028F00020CE
:105A70001CF000200CB42DE9F04F87B007460E460D
:105A8000109C01F0A1F8002800F09B80002F00F08E
:105A90009B80002C00F09880002E00F09880DFF8AA
:105AA0003C81DFF83CA1D8F80010DAF80000F8F7E4
:105AB0008BF9002840F08E804A4DD8F800102868F5
:105AC000F8F7FAF8002879D1224611AB05A904A805
:105AD0000393FFF737FF044618B12868F8F7B6F8C4
:105AE00052E0414BDDF81080D3F80090B9F1000F7F
:105AF00014D03E4BD3F800B05C450FD059F83410A9
:105B000008460191E3F77AFA01990246404608F007
:105B1000D8FD38BB09EBC40464682CBB4046FFF7D2
:105B200091FE02238146012240460599FFF7ACFE13
:105B300004460028D1D1DFF8B8803846D8E9004BB8
:105B4000B3455A46214628BF324608F0D5FEB34534
:105B5000204623D907F0B2FC2868F8F777F86FF0F1
:105B6000060411E00134C7E72868F8F76FF84246E9
:105B700031463846A047044618B93846FFF7BEFEFE
:105B80000446404607F0A0FCDAF80000F8F7E6F813
:105B9000204607B0BDE8F04F02B07047FFF7AEFEF9
:105BA0000446D8F8000007F089FC2868F8F74EF89A
:105BB000002CE9D14846FFF73BFEE5E76FF00A0409
:105BC000E2E74FF0FF34E3E76FF00D04E0E76FF03A
:105BD0001504DDE76FF00A04DAE700BF2CF00020BF
:105BE00024F0002028F000200CF0002008F0002015
:105BF0001CF0002038B5C3680446A72B01D02068EC
:105C000010E0032907D0042926D0022902D101225D
:105C1000154B1A7038BD144B00681A78022A05D14A
:105C20000028F7D0BDE8384007F048BC0F4D2A687F
:105C300062B12B689847002320682B6007F03EFC78
:105C40000B4B1868BDE83840F8F700B8094A1060F7
:105C5000616851600222DCE7074B1B68002BCED045
:105C600000689847CBE700BFA2F8002010F00020A2
:105C700028F000201CF0002018F0002010B400F1E3
:105C80001C03D3E8EF2F511EC3E8E41F002CF8D10A
:105C9000012A0CDC074BD0E8EF2FC0E8E13F0029D8
:105CA000F9D16422002110BC043008F032BE10BCCF
:105CB000704700BF1EF10100164830B500220346B0
:105CC0004FF0FF34144DD0E8EF1FA94204D1C0E8D3
:105CD000EC4FBCF1000FF6D10CBF0121002112D115
:105CE000682101FB023301220C49DA61097893F83B
:105CF000202061F3451283F820200222A3F84820D7
:105D000083F84A2030BD0132082A00F16800DAD158
:105D10000846F7E730F000201EF10100A3F800204C
:105D200030B5024600236825054905FB03F46018D9
:105D30000C59944203D00133082BF6D1002030BD1A
:105D400030F0002010B50446043007F0B1FD606C5F
:105D500008B1F8F7D5F8064BD4E8EF2FC4E8E13FD7
:105D60000029F9D12046BDE81040FFF787BF00BFEA
:105D70001EF1ADDE2DE9F8430F4C06460025A04686
:105D80004FF068090D4B0E4F18702368BB420CD0C2
:105D900009FB058393F8202066F3451283F8202041
:105DA000A36B13B1204607F0F1FB0135082D04F178
:105DB0006804EAD1BDE8F88330F00020A3F80020A1
:105DC0001EF10100112806DC00280DDB084BC34042
:105DD00003F001007047B0F5817F07D040F2111346
:105DE000C31A58425841704700207047012070473D
:105DF00041000200034B02685A6082699A6042695E
:105E00001A60704770F300202DE9F04F85B082468C
:105E10000F4616461D4600F0D7FE28B90120F7F7B9
:105E200089FE6FF00A041CE05AEA070300F0518172
:105E30001EB3336823F4A05323F00203002B40F079
:105E40004B81706838B9B06878B107F0D4FC60B99C
:105E50006FF0060405E007F0C8FC0028F3D16FF0EE
:105E60000504204605B0BDE8F08FF06828B1B168A0
:105E700007F0D5FC08B96B20D1E79A4B4FF47A6153
:105E80001868F7F719FF0446002840F02881002F12
:105E900064D0F6B1336803F4A053B3F5805F18D132
:105EA0003368DB0445D44FF0FF37706808B100F069
:105EB0007FFD8D4B8D4A1860B368002B08BF01230E
:105EC0001360F3688A4A002B08BF06231360336807
:105ED0001CE00A220021384606F0BEFD4FF6FE7394
:105EE000421E9A4200F2F280824A030243EA1023E1
:105EF0001380002ED4D1002301217B4A4FF0FF37BD
:105F000013607A4A11600621794A1160DFF8E8814E
:105F10005046C8F80030BAF1000F65D107F0ABFA6F
:105F2000064600BB6FF009046E4B1868F7F78EFE4B
:105F300097E73A21384608F0B7FB00B1471C3846CE
:105F40006E4908F01FFC0A2228B10021033006F038
:105F50007DFC0746A9E701463846F8E7654B1880FF
:105F6000002EC8D09FE707615F4BDFF880B11B6848
:105F7000DFF87CA1B361DBF800303246F361DAF878
:105F8000003047F20D013362D8F80030042073610D
:105F900007F08DFA4FF0FF33594F5A4E03933E608E
:105FA0003868B04231D0002840F08C802020D7F8EB
:105FB0000490F7F789FF286070B109F118034D4A82
:105FC000019318461288B9F8141007F085FA0646AE
:105FD00038BB2868F7F794FF6FF009047868002849
:105FE000A2D007F06BFA9FE7E3F708F807F043FA4F
:105FF0000646002896D007615046E2F7FFFF51465B
:106000000246306808F078FCAEE7022003A9F7F7F3
:10601000B3FC0028C4D06E20F7F78CFD6FF00A04A3
:1060200082E7D9F808102A6801290AD002291FD06E
:106030001046F7F765FF3046F7F762FF6FF005048B
:10604000CCE708211161D8F8001011F0020137D017
:106050000192B9F816000130F7F736FF019A906106
:106060002A68906930B91046F7F74AFF3046B1E721
:106070001621E7E7B9F8141009F118030B44194683
:10608000B9F8162008F038FC00202968B9F8162065
:10609000896988542A680192D9F8080008F0CBF879
:1060A000019A2B685060DBF800205E619A60DAF894
:1060B0000020DA60D8F800201A600022DA618DE74B
:1060C0009161E7E708F0FDF8044687E76FF0070401
:1060D0002AE76FF00104C4E64FF0FF34C1E66FF029
:1060E0000204BEE67CF3002088F3002084F3002045
:1060F00080F3002062F400208CF300201F45030091
:1061000070F30020EEC100BCF8B548F20F039942CD
:1061100005460E4640D022D848F20D03994233D0AE
:1061200048F20E03994233D00069FFF7F9FD0446A7
:1061300010B3B6F5004F1FD9A6F50046013E0B2E51
:106140001AD8DFE816F0AE00E800B600B600B600D8
:106150003A013A01B600C400190019000B0149F2D6
:10616000040399421CD0B1F5104F3FD9C068FFF726
:10617000D7FD0446002848D12868002800F02D816A
:10618000BDE8F84007F09AB9BDE8F840FFF732BE25
:10619000BDE8F84007F0ADBBBDE8F84007F096BB9E
:1061A0000369082B00F21981DFE813F010001600D4
:1061B00009000E0016001701170118001E0000202C
:1061C000BDE8F840FFF7D6BD0120F9E70021E868F7
:1061D000BDE8F84007F0CDBA0121F8E70021E868F2
:1061E000BDE8F84007F0D1BA0121F8E70069FFF7F0
:1061F00097FD04460028BFD048F281039E42BBD1E0
:106200000146284600F024FB56E049F202039E4274
:1062100000F0CD8037D807F034FA0746E0B91020F7
:10622000F7F752FE0646B8B13946102208F071FB66
:106230002B6873606B683381698A002900F0C8801D
:106240002A8A05F1140007F047F9F060002840F0B1
:10625000BF803046F7F754FE286807F02FF9204634
:1062600007F0D1F958B1204607F00BFA38B994F885
:10627000203043F0800384F820300C23A3612046B3
:1062800007F0C6F918E049F203039E423DD049F2F7
:1062900082039E427FF470AF0146284600F0F0FA78
:1062A0000AE06B692BB9284608F025F8AA6943680B
:1062B0001A60284608F021F8204607F0F2F9002875
:1062C00000F08B802046BDE8F84007F05FB990F8F9
:1062D000203043F0010380F8203007F0B9F918B1FD
:1062E0003E4B1868F7F7B2FC94F82030204623F0B4
:1062F0000A0384F8203007F0D4F910B1204607F0E3
:1063000045F92046FFF71EFDD3E7286969280BD120
:106310006823A361D0E790F82030EE686FF3410363
:1063200080F82030686918B100F056FBA061C3E71F
:10633000204607F077F928B994F8203043F0040399
:1063400084F82030204607F06DF90028B4D0002EE4
:10635000B2D00021204600F0B1FAADE76B69F3B985
:10636000284607F0C8FFAA6943681A60426892F895
:10637000203043F0040382F82030436822691A6118
:10638000436862695A6183684BB105F1180205F1EF
:10639000300152F8040B8A4243F8040BF9D194F807
:1063A0002230002B85D0013B84F8223081E790F821
:1063B0002230013380F822307EE7284607F09BFF29
:1063C0006B6913B9AB69436073E74FF0FF33FAE7CA
:1063D0003146204607F0F7F86EE7F8BD90F300204D
:1063E00030B585B00546FFF79BFC044628B9092067
:1063F000F7F7A0FB4FF0FF300EE000F0E5FB68B9C7
:10640000204607F025F918B10D4B1868F7F71EFC68
:106410002046FFF797FC002005B030BD002007F0B4
:106420002AF8014608B96920E2E7056101AA47F2A6
:10643000090000F0E9FA0028EDD01628EBD0D7E7E4
:1064400090F300202DE9F04385B08146884614463C
:106450001F460C9EFFF764FC40B90920F7F76AFB62
:106460004FF0FF33184605B0BDE8F08317B90EB101
:106470001620F3E7B8F1290F00F0ED800CDCB8F13D
:10648000010F12D0B8F1060F00F0E180B8F1000F53
:1064900000F0DF806D20E1E7B8F58D7F00F08880A7
:1064A000B8F5007FF6D11E2C08E03D2CF2DC202C44
:1064B0000EDC142C4ED0152C53D0022CEAD13046D1
:1064C00006F0D9FF0546002840F0C7806920C5E7DF
:1064D000A4F121031C2BDDD801A252F823F000BF48
:1064E000BF640200BF64020095640200956402006C
:1064F000956402009564020095640200BF64020086
:10650000956402009564020095640200956402009F
:10651000956402009564020095640200956402008F
:10652000956402007F650200876502008B650200AA
:106530008F6502009F650200956402009564020069
:106540009564020095640200956402007165020082
:10655000A36502003246394605B0BDE8F04307F0B6
:10656000D0BE3246394605B0BDE8F04307F0D7BE8D
:106570003246394605B0BDE8F04307F0DEBE0123E0
:106580000422019305E00223FAE70323F8E704223B
:1065900001920DEB020107F0F0FE034662E70523CE
:1065A000EEE73246394605B0BDE8F04307F0E5BEF8
:1065B000631E112B3FF66EAF01A252F823F000BF0D
:1065C0001766020041660200BF6402009564020083
:1065D00033660200096602009564020095640200B9
:1065E000956402009564020095640200256602002D
:1065F000BF640200BF640200BF6402009564020031
:10660000BF640200BF6402003246394605B0BDE8EF
:10661000F04307F0D5BE3246394605B0BDE8F04339
:1066200007F0E2BE3246394605B0BDE8F04307F058
:10663000F0BE3246394605B0BDE8F04307F0FBBE78
:106640003246394605B0BDE8F04307F003BF372CAA
:1066500034E71F2C32E7202C30E700230822437256
:106660008372C3720272C0F81090404607F00CFEAD
:106670006861204600F0A4F932463946A8612868CE
:1066800008F03AF9294647F203006E6001AA00F0CB
:10669000BBF9034600283FF4E5AEDFE62DE9F04301
:1066A00085B08146884617461D460C9EFFF738FB8D
:1066B00040B90920F7F73EFA4FF0FF37384605B0EA
:1066C000BDE8F08305B10EB90E20F3E7B8F1290F4C
:1066D00000F08F800CDCB8F1010F11D0B8F1060F7B
:1066E00000F08380B8F1000F00F081806D20E1E7B9
:1066F000B8F58D7F2AD0B8F5007FF7D11E2F0EE0B8
:10670000152F1CD00ADC042F12D0142FEED13246E4
:10671000294605B0BDE8F04307F0D3BE212FE5D1EF
:10672000306806F0A8FE0446002864D16920C1E75D
:106730003246294605B0BDE8F04307F0B2BE324606
:10674000294605B0BDE8F04307F0CABE7A1E122AFA
:10675000CCD801A151F822F0CF670200DD6702001A
:106760002167020021670200C1670200A5670200DD
:10677000ED660200ED660200ED660200ED660200C5
:10678000ED660200B3670200ED66020021670200B9
:106790002167020021670200ED660200ED6602003B
:1067A000216702003246294605B0BDE8F04307F0F4
:1067B000A6BE3246294605B0BDE8F04307F0B1BE9B
:1067C0003246294605B0BDE8F04307F0BCBE32466C
:1067D000294605B0BDE8F04307F0C7BE324629465A
:1067E00005B0BDE8F04307F0D2BE372F97E71F2F63
:1067F00095E7202F93E700230822437202728372E9
:10680000C372C0F81090404607F03EFD6061384604
:1068100000F0D6F82146A06101AA47F20400D4F89E
:10682000008000F0F1F8074620B1404606F04CFE2B
:1068300038463FE76268336841469A4228BF1A46A5
:106840002846326008F058F8404606F03DFE35E72D
:1068500010B543690C467BB191F820306FF3C30348
:1068600081F82030406900F0B7F8044BA061BDE822
:1068700010401868F7F7EAB910BD00BF90F3002088
:1068800010B591F820300C466FF3C30381F8203027
:10689000006960B9DBB223F0140343F0140381F8FC
:1068A0002030054BBDE810401868F7F7CFB900F06D
:1068B00093F8A061F5E700BF90F300202DE9F341C4
:1068C000DFF8E8800546D8F800000191F7F7F4F901
:1068D000074650B1019B002B65D11023AB614FF0EF
:1068E000FF37384602B0BDE8F081686CA8B1E2F726
:1068F00085FB461C304606F0BEFD044678B92846A6
:1069000006F0ABFE08B16923AB61D8F80000F7F7D9
:106910009DF96920F7F70EF9E1E73E46EAE72B68B3
:10692000042203610023027243728372C37295F8DA
:106930004B2005F14801013292008260143007F0CB
:10694000DBFFF6B13246696C206807F0E9FE66604D
:1069500095F82030042043F00803224647F28101D5
:1069600085F8203006F0A3FD284606F076FE0028C4
:10697000B7D1284606F06CFE40B9A8690028B0D00F
:10698000C8E726706670A670E670E0E7022001A9ED
:10699000F6F7F2FF10F10B0F05D00028E9D0002820
:1069A000B8BF4042B6E77420B4E700BF90F30020C0
:1069B00003289CBF014B1856704700BF23450300B6
:1069C000023835289ABF034B53F820004FF0FF30B0
:1069D000704700BF68F3020070289ABF024B53F85B
:1069E00020000248704700BFA4F10200ADBAADBA62
:1069F000013804289ABF034B53F820004FF0FF30B2
:106A0000704700BF90F102004FF0FF3337B50D4DD6
:106A1000CA60144615600A4601460420019306F038
:106A200046FD2068A84202D0FFF7D6FF08E002200A
:106A300001A9F6F7A1FF0028F3D00028B8BF404213
:106A400003B030BDEEC100BC2DE9F041056807463A
:106A50000C463DB101F47043B3F5005F04D1404BE7
:106A6000C3E90015BDE8F0813E4E336863B144F2DE
:106A70000402914264D00CD844F2020399424ED0F1
:106A800044F20303994253D03868BDE8F04106F060
:106A900015BD44F2012221F4807393420FD044F2D9
:106AA00003139942F0D1304C206808B106F006FD7E
:106AB00001222E4B1A7025600420336826E0DFF88F
:106AC000B080D8F8000008B106F0F8FC44F20133B9
:106AD0009C420CBF0322022295F85170254B264C94
:106AE0001A70C8F8005017F008053368227810D0E3
:106AF0001AB9052098470123237007F04107012F99
:106B000002D102203368984701203368BDE8F04184
:106B10001847002AF1D0062098472570EDE7174C5A
:106B2000206808B106F0CAFC032033682560EDE751
:106B30000D4C206808B106F0C1FC00220B4BB9E7F0
:106B40002A78032AA0D8DFE802F002050709072007
:106B5000984799E70820FBE70920F9E70A20F7E7BB
:106B6000A4F3002094F3002098F30020A4F8002060
:106B7000A0F30020A5F80020A6F800209CF3002038
:106B800030B4074B1C6844B143688589A446026849
:106B9000C1899BB2E8B230BC604730BC704700BFCF
:106BA000ACF3002007B5044BCDE900011B68684633
:106BB000984703B05DF804FBB0F30020014B187058
:106BC000704700BFA7F80020024B1878431E5842B8
:106BD00058417047A7F800200021074B0122197087
:106BE000064B1970064B1960064B1960064B18606E
:106BF0000648F6F7E7BF00BFA8F80020A9F8002074
:106C0000B8F30020BCF30020CCF30020B4F3002044
:106C100070B42D4B1B68196958691A7C00221A74CC
:106C20005C7C5A749C7C9A74DC7CDA741C7D1A75CA
:106C30005C7D5A759C7D03299A75DC7DDA7529D0B7
:106C4000042933D001292FD18568204E954210D1D7
:106C500001211A7A00221972597A5A72997A9A7213
:106C6000DA7A6FF05F02DA72194B70BC1868F6F7C7
:106C7000EDBF911C00EB81014C682178622907D09F
:106C8000633918BF0121490046F821400132DDE790
:106C90000121F9E7187A1972597A5A72997A9A7217
:106CA000DA7A6FF05F02DA7270BC7047187A197284
:106CB000597A5A72997A9A72DA7A6FF05F02DA72B6
:106CC0000122044B1A70EFE7CCF30020C0F3002040
:106CD000B4F30020A9F8002007B50E4B1B68019300
:106CE0004FF000030B4B60B11A68019B5A404FF004
:106CF000000301D004F034F903B05DF804EBE8F7C9
:106D000045B91A68019B5A404FF00003F2D103B015
:106D10005DF804FB0035012007B5124B124A1B68D1
:106D200001934FF00003114B93420ED910491723E2
:106D3000104A1148E4F7E0FC1048E4F7DDFC1721A5
:106D40000C48E4F7BFFC1433EEE7FCD3054B1A689C
:106D5000019B5A404FF0000301D004F001F903B049
:106D60005DF804FB0035012004EB02008CEA020010
:106D70004A4503002745030060F5020026FE020095
:106D800007B50D4B1B6801934FF0000340B1C3687A
:106D9000587810F001001EBF1878B0FA80F0400952
:106DA000054B1A68019B5A404FF0000301D004F0D4
:106DB000D7F803B05DF804FB003501202DE9F0435E
:106DC00083B0474B00AF04460D461B687B604FF015
:106DD00000034FF02003EFF3118883F31288BFF311
:106DE0006F8F04283F4A98BF3F4BE9468AB09668A8
:106DF000117C98BF53F820306A4688BF3B4BC2E9EC
:106E0000073140F201333A4893843A4BC2E9050412
:106E100042F8103F00234FF431513748E5F74EFF59
:106E2000CD4645B1EB69C3F3080323B10121334AD1
:106E30003148E5F7E9FF2EB1304600F08DFD08B18D
:106E4000037803B92E48E9468AB06A462D4BD061D3
:106E5000C2E9053640F2013313842B4B42F8103F50
:106E600000234FF411512448E5F728FF2946CD4669
:106E70002046FAF75DFF042C0CD124498A23244ACA
:106E80002448E4F739FC2448E4F736FC8A212048FA
:106E9000E4F718FC85B1EB69C3F3080363B1022C76
:106EA0000AD01E4991231A4A1A48E4F725FC1C48C7
:106EB000E4F722FC9121EAE788F31188BFF36F8F92
:106EC0003046E7F711F9064B1A687B685A404FF0D5
:106ED000000301D004F044F80C37BD46BDE8F08350
:106EE00000350120D4F3002040F402006245030085
:106EF00078450300050000019CED0200A045030059
:106F000070450300C145030004000001FB45030078
:106F1000D945030060F502001846030024F702007B
:106F20004D46030073B5184B1B6801934FF00003E7
:106F3000164B53F82040013053F82060A64208D881
:106F4000114B1A68019B5A404FF0000319D004F00E
:106F500007F8D4E9003595B153B12846984738B1C0
:106F60000028B8BF4042FF28A8BFFF20EB68187078
:106F7000EA68537843F0010353700834DEE798471A
:106F8000FBE702B070BD00BF0035012054F40200E1
:106F900007B50122114B03201B6801934FF000033A
:106FA0000F4B1A70FFF7BEFF05F098FB0420FFF7A8
:106FB000B9FF00F00DFEE2F76FFA0A4A137B23F0E7
:106FC00001031373054B1A68019B5A404FF00003ED
:106FD00001D003F0C5FF03B05DF804FB00350120CC
:106FE000AAF8002050E0002013B5094B1B6801935C
:106FF0004FF00003064B1C68019B5C404FF0000300
:1070000001D003F0ADFF02B0BDE8104007F081BC35
:107010000035012013B5094B1B6801934FF00003A5
:10702000064B1C68019B5C404FF0000301D003F04D
:1070300097FF02B0BDE8104007F05EBC00350120AC
:1070400007B50B480B4A0C4B121A00211B68019321
:107050004FF00003FFF7C8FF074B1A68019B5A4027
:107060004FF0000301D003F07BFF03B05DF804FB99
:1070700098D30020ACF800200035012070B5204BDB
:1070800088B01B6807934FF00003A8231D4E012210
:1070900003FB00661C4B044605930F23CDE9033226
:1070A0000023CDE9013314234FF4A072174D184982
:1070B00003FB005502FB0011164B3046009500F013
:1070C000A1FC737B2C7423F004037373124B013403
:1070D00003EBC4236B60114BEE60D3E8EF1F01316B
:1070E000C3E8E21F002AF8D1054B1A68079B5A40F3
:1070F0004FF0000301D003F033FF08B070BD00BFB4
:1071000000350120A8DF0020C8460300D4F300208A
:10711000900F0120957D020090070120D0F3002000
:107120002DE9F743254B05460C461B6801934FF0AC
:107130000003234E3046FFF723FE58B1B368A2B2D6
:107140005F683FB1294601233046B8470028C4BFD5
:10715000241A2D181B4EDFF870801C4F44B9174BB2
:107160001A68019B5A404FF0000323D003F0F8FE49
:10717000F6F77CFB1649A146D1E90032C31842F16B
:10718000000008FB03F206FB0022A3FB0630DB191C
:1071900042EB0002042C28BF4FF00409C1E9003281
:1071A0002846009269464A46FFF734FFA4EB0904DB
:1071B0004D44D3E703B0BDE8F08300BF00350120A4
:1071C000C8EA0200FDB0B087E62EBB272DF304B558
:1071D00028C6002080B50020B2B0FFF7A3FE344BD4
:1071E00003F5006282F3088883F30A880024E02311
:1071F000304D314E85F82230EC772C766C76AC76BB
:1072000085F820406B6A2D4F43F4E0236B6285F8CC
:107210002340E6F771FEE7F759F94FF0FF33AB6211
:10722000EB62E7F721FCE7F7C1F9E5F79BF940F2DC
:10723000011308AD2846ADF82C30CDE9294405F0FE
:1072400001FAB560FFF768FD0120FFF76BFE022031
:10725000FFF768FE042107A8FFF762FF184B079AA3
:10726000184D1A601A6812021A6003F089FA164B58
:1072700075610593012315494FF4C062CDE90343BD
:1072800028463B46CDE90144009400F0BBFB06468E
:107290006A7B284622F004026A7302F0B1F92046A4
:1072A000FFF7ECFE3A4631462846E7F7EBF800BF19
:1072B0009007012000ED00E0D4F30020916F020060
:1072C0000035012050E00020CD460300D010012001
:1072D00037B50B4C0A4B246801944FF0000400F1C1
:1072E0000C04C0E903441C68019B5C404FF00003A0
:1072F00001D003F035FE03B0BDE83040E3F7FABB40
:107300000035012037B5154B154C1B6801934FF024
:107310000003144DAC4213D913491923134A1448DE
:10732000E4F7EAF91348E4F7E7F919210F48E4F71D
:10733000C9F92046D4E90112FFF7CAFF1834E9E77A
:10734000F7D3064B1A68019B5A404FF0000301D057
:1073500003F006FE002003B030BD00BF0035012061
:10736000F8D0002028D10020F4460300D2460300C4
:1073700060F5020026FE02002DE9F04F064689B0B6
:1073800088464A499146DDE9122304A89A460968CD
:1073900007914FF00001174604F080F9DDE904344D
:1073A000CDE9023406F114044FF02003EFF3118508
:1073B00083F31288BFF36F8F204600F08BFC60B917
:1073C00088233B4A3B493C48E4F796F921463B4831
:1073D000E4F792F98821364831E0204600F0BEFCFF
:1073E000EFF30583EBB906F10C0B4A4641463046F4
:1073F000E3F7DAFA034620B32046029300F08CFC50
:10740000029B002841D140F23113294A2C492A48D5
:10741000E4F772F921462B48E4F76EF940F2311196
:10742000D9E757EA0A03DED027494B23274A2248E7
:10743000E4F762F92648E4F75FF94B212348E4F7C3
:1074400041F957EA0A07D7D0DDE9022304A804F07E
:107450005BF9DDE904232946CDE9002317462046E0
:107460005A469A4602F050FD4FF02003EFF3118583
:1074700083F31288BFF36F8F204600F02BFC0028A7
:107480009ED0204600F06AFCAFE785F31188BFF379
:107490006F8F064A1168079A51404FF0000201D0E1
:1074A00003F05EFD184609B0BDE8F08F00350120FD
:1074B000D6FC02002FFD020060F5020044FD020030
:1074C00003FD02001AFD02000A470300D246030032
:1074D0007E0B030030B50B4C85B0246803944FF04D
:1074E0000004CDE900230A460421FFF745FF054BC0
:1074F0001A68039B5A404FF0000301D003F030FD9F
:1075000005B030BD00350120F7B52F4B05460E46BE
:107510001B6801934FF0000300F114044FF02003A7
:10752000EFF3118783F31288BFF36F8F204600F0CB
:10753000D1FB68B98823254A25492648E4F7DCF8B9
:1075400021462548E4F7D8F888212048E4F7BAF81E
:10755000204600F003FC28463146E3F779F905F1AF
:107560000C0003F0EBF878B1174B1A68019B5A40F6
:107570004FF0000301D003F0F3FC3946204603B07E
:10758000BDE8F04002F0EEB8204600F0C5FB68B957
:1075900040F231130D4A11490E48E4F7ADF8214687
:1075A0000F48E4F7A9F840F23111CEE787F31188CC
:1075B000BFF36F8F044B1A68019B5A404FF00003D2
:1075C000D9D103B0F0BD00BF00350120D6FC0200C8
:1075D0002FFD020060F5020044FD020003FD0200E1
:1075E0001AFD020007B5134BC2681B6801934FF0E8
:1075F00000038369134313F0030314D1036141694A
:10760000994209D800200B4B1A68019B5A404FF051
:1076100000030BD003F0A4FC016901331160816900
:1076200002610A44EBE76FF01500ECE703B05DF888
:1076300004FB00BF0035012037B5154B00201B6847
:1076400001934FF00003134C134DAC4213D913496F
:107650009523134A1348E4F74FF81348E4F74CF81E
:1076600095210F48E4F72EF82046FFF7BBFF0028CE
:1076700002DB2034E9E7F7D3054B1A68019B5A4037
:107680004FF0000301D003F06BFC03B030BD00BF2E
:1076900000350120D8D00020F8D000207547030025
:1076A0005047030060F5020026FE02002DE9F0437A
:1076B0001F46344B85B004460E4690461B68039324
:1076C0004FF0000300F108054FF02003EFF311899C
:1076D00083F31288BFF36F8F284600F0FBFA68B976
:1076E0008823294A29492A48E4F706F829462948DF
:1076F000E4F702F888212448E3F7E4FF284600F085
:107700002DFB2369C3B133601B682361E369013337
:10771000E3610024284600F0FFFA50BB40F2311329
:10772000194A1D491A48E3F7E7FF29461B48E3F7C2
:10773000E3FF40F23111DEE758EA070203D16FF0B0
:107740000B043360E6E7224649462846CDE9008728
:1077500002F0DAFB044618B9114B9B685B69336091
:10776000084B1A68039B5A404FF0000306D003F001
:10777000F7FB89F31188BFF36F8FF1E7204605B05F
:10778000BDE8F08300350120D6FC02002FFD020089
:1077900060F5020044FD020003FD02001AFD020034
:1077A000D4F300202DE9F341434B04460D461B68FA
:1077B00001934FF0000300F108064FF02003EFF3B0
:1077C000118783F31288BFF36F8F304600F082FA7F
:1077D00060B98823394A3A493A48E3F78DFF314680
:1077E0003948E3F789FF882134481FE0304600F02C
:1077F000B5FAE368AB420CD8A169EA1AB2FBF1F022
:1078000001FB10222AB96269013A01FB02339D4251
:107810000ED92E4940F201132D4A2A48E3F76CFF96
:107820002C48E3F769FF40F201112948E3F74AFFCA
:10783000D4F81080B8F1000F18D1204602F006FEEF
:10784000A0B1C0F89C80456101F0DAFE1A4B1A68BD
:10785000019B5A404FF0000301D003F081FB3946F1
:10786000304602B0BDE8F04101F07CBF23693046EC
:107870002B60E3692561013BE36100F04DFA68B9D3
:1078800040F231130D4A14490E48E3F735FF3146F3
:107890001248E3F731FF40F23111A5E787F3118871
:1078A000BFF36F8F044B1A68019B5A404FF00003DF
:1078B000D3D102B0BDE8F08100350120D6FC020032
:1078C0002FFD020060F5020044FD02009247030014
:1078D000504703004C48030003FD02001AFD02005C
:1078E00007B50B4B1B6801934FF00003EFF30580C6
:1078F000074B003818BF01201A68019B5A404FF00F
:10790000000301D003F02CFB03B05DF804FB00BFC3
:107910000035012013B50E4B04461B6801934FF050
:10792000000308B90B4B9C681F2204F1620006F0AB
:10793000F7FE0020064B84F881001A68019B5A402C
:107940004FF0000301D003F00BFB02B010BD00BFED
:1079500000350120D4F3002007B5094B62301B68C5
:1079600001934FF00003064B1A68019B5A404FF0F9
:10797000000301D003F0F4FA03B05DF804FB00BF8C
:107980000035012007B5124B1B6801934FF000032F
:10799000104B9B685A7BD2070ED4D3F884301A68F8
:1079A000B2F1F03F08D04FF0F0321A60404080F35F
:1079B00011884FF0020002DF054B1A68019B5A4004
:1079C0004FF0000301D003F0CBFA03B05DF804FBE5
:1079D00000350120D4F3002007B5094B1B68019343
:1079E0004FF00003064B1A68019B5A404FF000030A
:1079F00001D003F0B5FA03B05DF804EB01F010BF5D
:107A0000003501202DE9F04F89B09846129B0E46B3
:107A10003C4904930446DDE91570DDE913B30F2FEB
:107A2000096807914FF00001DDF85C904CD13649B0
:107A300088454DD104F158010025C4E91611A773FA
:107A40000421D71D4FF0F03227F0070706EB070A95
:107A500020736173C4E906555146A560E57320465D
:107A600032600593E5F726FF059B073020F00700FD
:107A7000C4E92167C4F88C00CDE901B3049BAAEBEB
:107A8000000700933A46434631462046E6F7B6FCE7
:107A90006565B9F1000F2ED01F22494604F162003E
:107AA00006F03EFE84F88150184B9B680BB1D3F86A
:107AB0009030C4F89030134B1A68079B5A404FF02F
:107AC00000031BD003F04CFA07F110011E29B1D9B5
:107AD00040F259230E4A0F490F48E3F70DFE39468D
:107AE0000E486FF00F030E22E3F706FE40F2592115
:107AF0000748E3F7E7FD84F86290D5E7384609B018
:107B0000BDE8F08F00350120957D0200D4F3002000
:107B10006E4803009148030060F50200114903001C
:107B20002DE9F04F244F89B00446DDE912CEDDE99E
:107B30001489DDE918653F6807974FF00007DDF805
:107B400058A0EFF3058777B11C494FF436731C4AF0
:107B50001C48E3F7D1FD1C48E3F7CEFD4FF4367126
:107B60001748E3F7AFFDCDE904A7CDE90289CDE9D8
:107B700000CEFFF747FFB5F1FF3F08BFB6F1FF3F6B
:107B800005D055EA06030BD1204601F049FE0A4B09
:107B90001A68079B5A404FF0000309D003F0E0F940
:107BA00032462B46094904F1180003F09DFAEEE72E
:107BB000204609B0BDE8F08F00350120424903009E
:107BC0006E48030060F50200544903005DA3020003
:107BD00070B5384B88B01B6807934FF00003364CE4
:107BE000364DAC4226462AD9354940F23F33354A14
:107BF0003548E3F781FD3548E3F77EFD40F23F313C
:107C00003048E3F75FFD54F80C3C059354F8103C02
:107C1000049354F8143C039354F8183C029354F81A
:107C20001C3C019354F8203C009354E90A2354E986
:107C30000C01FFF7E7FE54F8303C5E65D1E7AE4239
:107C400004F13004DFD301F09FFE1B4C204EAC4208
:107C500021D91B4940F25E331A4A1B48E3F74CFD19
:107C60001A48E3F749FD40F25E31C9E7D4E90A2337
:107C7000B3F1FF3F08BFB2F1FF3F05D052EA030165
:107C8000206803D101F0CCFD3034E0E731461830F4
:107C900003F02AFAF8E7E9D3064B1A68079B5A4023
:107CA0004FF0000301D003F05BF908B0BDE870406D
:107CB00001F0ECBE003501200CED02000CED0200DD
:107CC000794903006E48030060F5020026FE0200B9
:107CD0005DA3020007B50E4B00681B6801934FF0CF
:107CE000000378B10B4B00F003001B7CC01A18BFD7
:107CF0000120074B1A68019B5A404FF0000303D044
:107D000003F02EF90120F4E703B05DF804FB00BF97
:107D100000350120D4F3002007B50E4A034612684F
:107D200001924FF000020C4A117C92680A430168EC
:107D30000020914208BF1860064B08BF01201A6856
:107D4000019B5A404FF0000301D003F009F903B042
:107D50005DF804FB00350120D4F3002007B50B4B80
:107D60001B6801934FF00003094B1A7C9B68134377
:107D70000360064B1A68019B5A404FF0000301D084
:107D800003F0EEF803B05DF804FB00BF00350120FE
:107D9000D4F3002007B5104B1B6801934FF000038C
:107DA0000E4B9B6893F90E30002B09DA0C490D48F5
:107DB0002A230D4AE3F7A0FC2A210B48E3F782FCB3
:107DC0004FF02002EFF3118382F31288BFF36F8F1D
:107DD000E6F782FBF4E700BF00350120D4F3002072
:107DE000C749030060F50200A649030007B5104B20
:107DF0001B6801934FF0000390F90E308B420C4B3F
:107E00000CD01A68019B5A404FF0000301D003F0D8
:107E1000A7F803B05DF804EB02F000B91A68019B03
:107E20005A404FF00003F2D1002003B05DF804FB8C
:107E30000035012073B5434B04461B6801934FF096
:107E40000003EFF3058666B13F49D7233F4A404818
:107E5000E3F752FC3F48E3F74FFCD7213B48E3F7F9
:107E600031FC8368002B64D03B4A9268934263D113
:107E7000C3683BB93949EF23344A3548E3F73CFC42
:107E8000EF21EBE7012B0BD0013BC36000202D4B12
:107E90001A68019B5A404FF0000350D003F060F87D
:107EA0004FF02003EFF3118583F31288BFF36F8F38
:107EB0002B48FFF70FFF60B988232A4A2A49244834
:107EC000E3F71AFC26492948E3F716FC88212548E0
:107ED000C5E72348FFF742FF2169A068FFF786FF47
:107EE000204602F0B3FAA06058B190F90E2022614A
:107EF000C0F89C6001F084FB2946194801F032FC6F
:107F0000C4E7E0601648FFF707FF68B940F2311395
:107F1000144A17490E48E3F7EFFB11491548E3F7F8
:107F2000EBFB40F23111D2E785F31188BFF36F8F7D
:107F3000ACE76FF01500AAE74FF0FF30A7E702B0FB
:107F400070BD00BF0035012042490300EF49030026
:107F500060F50200114A0300D4F30020364A030002
:107F6000F4F30020D6FC02002FFD020044FD0200C5
:107F700003FD02001AFD02002DE9FF411E46634B7E
:107F8000044617461B6803934FF00003EFF3058583
:107F900065B15F496E235F4A5F48E3F7ADFB5F4819
:107FA000E3F7AAFB6E215B48E3F78CFB4FF020035D
:107FB000EFF3118883F31288BFF36F8F5848FFF7F0
:107FC00089FE60B98823574A57495348E3F794FB21
:107FD00053495648E3F790FB88215248E4E750485C
:107FE000FFF7BCFEE368524ACBB1A06891688842B3
:107FF0002FD057EA060334D14948FFF78DFED0B1A0
:1080000088F31188BFF36F8F6FF00F003F4B1A6832
:10801000039B5A404FF0000374D002F0A1FF916817
:1080200091F90E100133E36093683D482161A3602C
:10803000FFF772FE78B940F231133A4A3D493648AB
:10804000E3F75AFB36493C48E3F756FB40F231115F
:10805000C3E72169E6E788F31188BFF36F8F00203B
:10806000D4E791F90E1090F90E306FF07E0299422C
:10807000A8BF19469142B8BF11468B4202DDFFF7F7
:10808000B5FE054622464146CDE90076244801F07A
:108090003BFF0028E3D04FF02003EFF3118683F37A
:1080A0001288BFF36F8F1E48FFF714FE002889D097
:1080B0001B48FFF753FEA068C0B1236821699C42AA
:1080C0000AD04BB193F90E309942A8BF19466FF010
:1080D0007E039942B8BF1946FFF788FE30B131469A
:1080E0000F4801F03FFB6FF00A008FE7002DF6D13B
:1080F0000B48FFF711FE00289DD086F31188BFF3CF
:108100006F8FF0E704B0BDE8F08100BF00350120BB
:1081100042490300EF49030060F50200114A0300E1
:10812000F4F30020D6FC02002FFD020044FD020003
:10813000D4F3002003FD02001AFD020007B5034638
:108140000A4A0020126801924FF00002C3E900338E
:10815000C3E90200054B1A68019B5A404FF0000327
:1081600001D002F0FDFE03B05DF804FB00350120F4
:108170002DE9F34799464E4B04460E4690461B6840
:1081800001934FF000039DF828A000F108054FF07F
:108190002003EFF3118783F31288BFF36F8F284614
:1081A000FFF798FD68B98823424A43494348E3F7FB
:1081B000A3FA29464248E3F79FFA88213D48E3F7AE
:1081C00081FA2846FFF7CAFDBAF1000F00D06668B1
:1081D00004F10C0002F03AF960B10023C0F81480F9
:1081E000C0F89C3001F00CFA2846394601F0BAFA82
:1081F00000201EE0B9F1000F34D0082104F03CFA51
:1082000000BB2846FFF788FD68B940F23113294AC0
:108210002C492A48E3F770FA29462B48E3F76CFA11
:1082200040F23111CAE787F31188BFF36F8F6FF007
:108230000B001F4B1A68019B5A404FF0000334D0CB
:1082400002F08EFE0122C0F804800260016801F095
:1082500003015EB922680A430260626820606AB95D
:1082600060600BE04046C8F80090EFE73268032AF0
:1082700010D80160616839B9C4E90000042104F133
:10828000140003F0F5FFAFE70A6802F003020243AF
:108290000A60E5E722F003020A430260326802F056
:1082A000030240EA02033360E8E702B0BDE8F0876A
:1082B00000350120D6FC02002FFD020060F502000F
:1082C00044FD020003FD02001AFD020013B50D4B30
:1082D00004461B6801934FF0000330B10268930716
:1082E00003D0446809B104F009F9064A1168019AFB
:1082F00051404FF0000201D002F032FE204602B0A1
:1083000010BD00BF0035012007B50E4B1B6801935F
:108310004FF000030023C0E90033836000F10C0339
:10832000C0E9033300F11403C0E90533054B1A68B3
:10833000019B5A404FF0000301D002F011FE03B040
:108340005DF804FB0035012073B5224B04461B6821
:1083500001934FF0000300F108054FF02003EFF305
:10836000118683F31288BFF36F8F2846FFF7B2FCA4
:1083700068B98823184A19491948E3F7BDF929460D
:108380001848E3F7B9F988211348E3F79BF9284621
:10839000FFF7E4FC04F10C0002F058F828B10022C9
:1083A000C0F89C20426101F02BF9082104F114006F
:1083B00003F05EFF074B1A68019B5A404FF0000321
:1083C00001D002F0CDFD3146284602B0BDE8704034
:1083D00001F0C8B900350120D6FC02002FFD0200D3
:1083E00060F5020044FD02001FB50C4B0A461B68F5
:1083F00003934FF000030123009300231946FFF776
:10840000B7FE064B1A68039B5A404FF0000301D099
:1084100002F0A6FD05B05DF804FB00BF00350120A9
:108420001FB50B4B0A461B6803934FF00003002354
:1084300019460093FFF79CFE054B1A68039B5A40B0
:108440004FF0000301D002F08BFD05B05DF804FB96
:10845000003501202DE9F0431F46354B85B0064617
:1084600091461B6803934FF0000300F108054FF09D
:108470002003EFF3118883F31288BFF36F8F284630
:10848000FFF728FC68B988232A4A2B492B48E3F7D1
:1084900033F929462A48E3F72FF988212548E3F7DD
:1084A00011F92846FFF75AFC3468FCB1236872685A
:1084B00023F00303944220464FF00101336008BFCC
:1084C0007360FFF703FF04462846FFF725FCE8B971
:1084D00040F23113174A1B491848E3F70DF92946B2
:1084E0001948E3F709F940F23111D7E759EA0703D0
:1084F000EAD041462846CDE9009706F10C0201F08A
:1085000003FD38B9114B9B685C6903E088F311885F
:10851000BFF36F8F064B1A68039B5A404FF000035E
:1085200001D002F01DFD204605B0BDE8F08300BF7C
:1085300000350120D6FC02002FFD020060F502008C
:1085400044FD020003FD02001AFD0200D4F30020E6
:1085500007B50A4B1B6801934FF00003074B1A68DD
:10856000019B5A404FF0000301D002F0F9FC0021BA
:10857000006803B05DF804EBFFF7A8BE00350120EA
:1085800007B50A4B1B6801934FF00003074B1A68AD
:10859000019B5A404FF0000301D002F0E1FC0021A2
:1085A000406803B05DF804EBFFF790BE0035012092
:1085B00013B50F4B1B6801934FF000039AB18A4229
:1085C00011D300F11003C0E90212C0E90000C0E9B4
:1085D00004330020064B1A68019B5A404FF00003F9
:1085E00004D002F0BDFC6FF01500F3E702B010BD3F
:1085F0000035012037B5244B04461B6801934FF02A
:1086000000034FF02003EFF3118583F31288BFF3CB
:108610006F8F1E48FFF75EFB68B988231C4A1D490F
:108620001D48E3F769F819491C48E3F765F8882104
:108630001748E3F747F81548FFF790FB204601F08D
:1086400005FF68B10022C0F89C2000F0D9FF0E4B56
:108650001A68019B5A404FF000030DD002F080FCD5
:10866000D4E902329A4218BF01330221A36004F117
:10867000100003F0FDFDEAE72946044803B0BDE819
:10868000304001F06FB800BF00350120F8F3002042
:10869000D6FC02002FFD020060F5020044FD02003E
:1086A000F0B51D46394B85B0044617461B68039349
:1086B0004FF00003EFF305837BB152EA05030CD0C2
:1086C00033498823334A3448E3F716F83348E3F74D
:1086D00013F888212F48E2F7F5FF4FF02003EFF35E
:1086E000118683F31288BFF36F8F2D48FFF7F2FADC
:1086F00060B988232B4A2C492748E2F7FDFF284917
:108700002A48E2F7F9FF88212648E4E72448FFF7E2
:1087100025FBA3680BB3013B2148A360FFF7FCFADC
:1087200068B940F231131F4A21491B48E2F7E4FFC0
:108730001B492048E2F7E0FF40F23111E4E786F3FD
:108740001188BFF36F8F0020104B1A68039B5A40AB
:108750004FF0000318D002F003FC57EA05030BD1D9
:108760000F48FFF7D9FA0028DBD086F31188BFF352
:108770006F8F6FF00F00E7E722463146CDE90075B5
:10878000074801F0C1FBDFE705B0F0BD003501206F
:108790006D4A03004D4A030060F502007E0B0300A2
:1087A000F8F30020D6FC02002FFD020044FD020079
:1087B00003FD02001AFD020073B5224B04461B683C
:1087C00001934FF000034FF02003EFF3118683F382
:1087D0001288BFF36F8F1C48FFF77CFA68B98823B3
:1087E0001A4A1B491B48E2F787FF17491A48E2F764
:1087F00083FF88211548E2F765FF1348FFF7AEFABB
:108800006FF00A05204601F021FE20B1C0F89C500F
:1088100000F0F6FEF6E7A060022104F1100003F07C
:1088200027FD084B1A68019B5A404FF0000301D006
:1088300002F096FB3146044802B0BDE8704000F0FB
:1088400091BF00BF00350120F8F30020D6FC0200E4
:108850002FFD020060F5020044FD020007B5012271
:108860000C4B8A401B6801934FF00003036823EA16
:108870000202026023FA01F0064B00F001001A68C0
:10888000019B5A404FF0000301D002F069FB03B096
:108890005DF804FB0035012013B50E4B044603219F
:1088A0000C301B6801934FF00003FFF7D7FF30B186
:1088B00004F1100002F0EAFCB0FA80F04009054B28
:1088C0001A68019B5A404FF0000301D002F048FBA8
:1088D00002B010BD0035012007B5104B1B68019395
:1088E0004FF000030D4B78B11A68019B5A404FF0CE
:1088F000000301D002F034FB00221146B03003B077
:108900005DF804EB02F09EB91A68019B5A404FF0E3
:108910000003EFD103B05DF804FB00BF0035012078
:1089200073B5214B04461B6801934FF00003C368E5
:10893000C3F340069B0716D4856802210C30FFF76D
:108940008DFF80B1D5F8A8206AB1944226D1226863
:10895000E6B9D5F8AC30C5F8A8209C4201D1C5F8DD
:10896000AC2000232360E36813F00F001CBF43F02A
:108970000203E3600C4B18BF40F002001A68019B31
:108980005A404FF000030CD002F0EAFA3260D5F8FA
:10899000AC20944208BFC5F8AC60E2E71646126806
:1089A000D2E702B070BD00BF003501202DE9F04FC5
:1089B000724B87B004461B6805934FF00003704E5E
:1089C000704F4FF02003EFF3118883F31288BFF349
:1089D0006F8F3046FFF77EF968B988236A4A6B4982
:1089E0006B48E2F789FE66496A48E2F785FE88210E
:1089F0006548E2F767FE3046FFF7B0F9D4F8A850B3
:108A0000ADB9022104F1C000FFF728FF002837D1DB
:108A100000234FF0FF3202934FF0FF334146CDE980
:108A20000023304604F1B00202F07CF9C9E7D4F823
:108A3000AC202B68954208BFC4F8AC30C4F8A8300D
:108A4000D4F8C030304643F00203C4F8C030EB68BD
:108A5000D5F8049023F0040343F00103EB60FFF723
:108A60005BF9B8B940F23113474A4B494848E2F73D
:108A700043FE43494948E2F73FFE40F23111B7E770
:108A800004F1B80500220121284602F0DBF8002895
:108A9000F8D1BDE788F31188BFF36F8FB9F1000FEC
:108AA0000AD13F493A4840F29F233E4AE2F724FE6A
:108AB00040F29F213B489CE72846C8474FF02003DF
:108AC000EFF3118A83F31288BFF36F8F3046FFF7FD
:108AD00001F9002881D03046FFF740F9EB6899078B
:108AE00023F0010217D4EA60D4F8C030304623F0F6
:108AF0000203C4F8C030C3F30025FFF70DF90028C6
:108B0000B0D08AF31188BFF36F8F002D7FF459AF77
:108B100001F052FE55E7386823F00303EB600028AC
:108B2000E2D04FF00008C346D0F800900028DBD018
:108B3000436802469D420DD10268B8F1000F12D180
:108B40007B683A60834200D17A6040F808BBFFF747
:108B500051FD4246B9F1000F0DD0D9F8003048461A
:108B600090469946E2E7C8F800207B68834208BF38
:108B7000C7F80480E9E74B46F1E700BF0035012064
:108B800004F40020FCF30020D6FC02002FFD0200BC
:108B900060F5020044FD020003FD02001AFD020020
:108BA000FD4A0300BB4A0300F7B5394B04461B6876
:108BB00001934FF00003C3680F469A07C3F34006C2
:108BC00039D45B0725D40B680BB983680B60E36865
:108BD000DD0721D5A3685BB92E492F484FF4A77351
:108BE0002E4AE2F789FD4FF4A7712C48E2F76AFD9F
:108BF00002263B603D68002D43D0294B9B68AB4269
:108C00000CD0D5F8C030D807C3F3800216D46FF06B
:108C1000120600233B6027E00126EBE7FEF760FE2B
:108C2000D5F8C0300028EED1D907C3F3C002EED585
:108C300052B15B0708D46FF00F06EAE7002AFAD1B9
:108C4000C3F3C003002BF6D100232360D5F8AC306A
:108C50009BB9C5E92A442846FFF73EFEE36843F086
:108C60000403E3603B68A360094B1A68019B5A4008
:108C70004FF0000308D002F073F91C60C5F8AC4057
:108C8000E9E76FF01506C4E7304603B0F0BD00BF5A
:108C900000350120DC4A030060F50200BB4A0300F6
:108CA000D4F3002073B5294B04461B6801934FF0A1
:108CB00000034FF02003EFF3118683F31288BFF314
:108CC0006F8F2348FFF706F868B98823214A2249A5
:108CD0002248E2F711FD1E492148E2F70DFD8821E7
:108CE0001C48E2F7EFFC1A48FFF738F8002303218D
:108CF000201F0093A4F11005FFF7B0FD28B1A36970
:108D0000694628460093FFF74FFF1148FFF704F824
:108D100068B940F231130F4A12491048E2F7ECFCEF
:108D20000B491148E2F7E8FC40F23111D8E786F32D
:108D30001188BFF36F8F054B1A68019B5A404FF0A3
:108D4000000301D002F00CF902B070BD0035012023
:108D500004F40020D6FC02002FFD020060F50200A2
:108D600044FD020003FD02001AFD020037B5154B59
:108D70000D461B6801934FF00003044648B91249A1
:108D80008923124A1248E2F7B7FC89210F48E2F71B
:108D900099FC39B90F498A230C4A0D48E2F7ACFC1B
:108DA0008A21F3E71022002105F0B3FD054B656031
:108DB0001A68019B5A404FF0000301D002F0D0F82E
:108DC00003B030BD00350120554B0300BB4A030002
:108DD00060F50200FD4A030030B5324B85B00190CA
:108DE0001B6803934FF000030C4659B92E494FF40A
:108DF000BA732E4A2E48E2F77FFC4FF4BA712B4823
:108E0000E2F760FC4B684BB92A4940F27513274AD8
:108E10002748E2F771FC40F27511F0E74FF02003AC
:108E2000EFF3118583F31288BFF36F8F2248FEF7AB
:108E300051FF60B98823214A21491D48E2F75CFCB3
:108E40001D492048E2F758FC88211C48D8E71A48F9
:108E5000FEF784FF204601A9FFF7A6FE0446164848
:108E6000FEF75AFF68B940F23113144A1649104808
:108E7000E2F742FC10491548E2F73EFC40F231119E
:108E8000E3E785F31188BFF36F8F064B1A68039BE6
:108E90005A404FF0000301D002F062F8204605B0BE
:108EA00030BD00BF00350120554B0300BB4A030015
:108EB00060F50200F74A030004F40020D6FC02002B
:108EC0002FFD020044FD020003FD02001AFD020016
:108ED00013B50F4B1B6801934FF00003FFF77CFFA6
:108EE000041E09DD4FF02003EFF3118083F3128895
:108EF000BFF36F8F00F000FD054B1A68019B5A40CD
:108F00004FF0000301D002F02BF8204602B010BD54
:108F10000035012007B50A4B01461B6801934FF04D
:108F20000003074B1A68019B5A404FF0000301D021
:108F300002F016F8034803B05DF804EBFFF7C8BF72
:108F40000035012018E10020F0B5344C8BB02468C6
:108F500009944FF00004109D044658B930494FF46D
:108F60003373304A3048E2F7C7FB4FF433712D4872
:108F7000E2F7A8FB49B92D4940F2CD23294A2A48F6
:108F8000E2F7BAFB40F2CD21F1E7D0F8C00010F0D3
:108F9000010009D0264940F2CE23224A2248E2F7B6
:108FA000ABFB40F2CE21E2E7C4E92A0004F1B000B5
:108FB000C4E92C0004F1B800C4E92E0035B32879C7
:108FC000002840F2011008BF0120C4F8C0000020B2
:108FD0004FF0FF364FF0FF37CDE90330CDE9010008
:108FE000CDE906672046134B0094FEF799FD25B1A5
:108FF000296811B12046FEF78DFC084B1A68099BC1
:109000005A404FF0000303D001F0AAFF0120DCE733
:1090100020460BB0BDE8F040FEF7DEBC0035012075
:10902000144B0300BB4A030060F502001A4B030017
:10903000204B0300AD89020037B5194B0D461B6864
:1090400001934FF00003044658B916494FF4517389
:10905000154A1648E2F750FB4FF451711248E2F7F7
:1090600031FB49B9124940F245330F4A0F48E2F744
:1090700043FB40F24531F1E73022002105F049FC85
:109080004FF48073E360064B65601A68019B5A4099
:109090004FF0000301D001F063FF03B030BD00BF0B
:1090A00000350120544B0300BB4A030060F5020069
:1090B000FD4A0300F0B51D4685B0364B01901646BB
:1090C0001B6803934FF000030C4659B932493348EB
:1090D00040F2E233324AE2F70FFB40F2E23130482D
:1090E000E2F7F0FA4FF02003EFF3118783F31288D1
:1090F000BFF36F8F2B48FEF7EDFD60B988232A4A36
:109100002A492648E2F7F8FA26492948E2F7F4FA0C
:1091100088212548E4E72348FEF720FE2046FFF794
:10912000BBFB55EA060316D1204601A9FFF73CFD1B
:1091300004461C48FEF7F0FDE0B940F231131A4A2C
:109140001C491648E2F7D8FA16491B48E2F7D4FA48
:1091500040F23111DDE7E36804F1100043F0080349
:10916000E360019B3246A36214492B4601F0BCFF29
:109170000124DEE787F31188BFF36F8F054B1A6870
:10918000039B5A404FF0000301D001F0E9FE204656
:1091900005B0F0BD00350120544B030060F502001E
:1091A000BB4A030004F40020D6FC02002FFD02009D
:1091B00044FD020003FD02001AFD0200A58C02001E
:1091C00013B501460948006801904FF000000748B8
:1091D0000468019844404FF0000001D001F0C0FE47
:1091E000034802B0BDE81040FFF764BF003501201E
:1091F00018E1002037B52C4B04461B6801934FF053
:10920000000358B929492A4840F20443294AE2F7A1
:1092100073FA40F204412748E2F754FA4FF0200372
:10922000EFF3118583F31288BFF36F8F2248FEF7A7
:1092300051FD60B98823214A21491D48E2F75CFAB3
:109240001D492048E2F758FA88211C48E4E71A48EB
:10925000FEF784FD2046FFF71FFB2046FFF760FB6B
:1092600004461548FEF758FD68B940F23113134A19
:1092700015490F48E2F740FA0F491448E2F73CFA63
:1092800040F23111E1E785F31188BFF36F8F064B90
:109290001A68019B5A404FF0000301D001F060FEB4
:1092A000204603B030BD00BF00350120544B030001
:1092B00060F50200BB4A030004F40020D6FC020063
:1092C0002FFD020044FD020003FD02001AFD020012
:1092D00007B5144B1B6801934FF00003C3897F2B24
:1092E0001AD8114B1B6863B1104B90F90E201B6804
:1092F0009A4211DB437BDB060ED10D4BC31A18BF1C
:10930000012303F00100074B1A68019B5A404FF0FC
:10931000000303D001F024FE0023F2E703B05DF860
:1093200004FB00BF0035012010F400200CF40020E5
:10933000A8DF002013B50B4B04461B6801934FF0C8
:109340000003FEF71FFB074B1A68019B5A404FF0C2
:10935000000301D001F004FE204602B0BDE8104039
:10936000E4F7ECBE0035012007B5194B1B680193EB
:109370004FF0000368B1174B98420AD303F118026B
:10938000904206D21822C01AB0FBF2F302FB13037C
:109390005BB11149114840F2E713114AE2F7ACF909
:1093A00040F2E7110E48E2F78DF901220D4BC01093
:1093B00058430D4B1A54064B1A68019B5A404FF004
:1093C000000301D001F0CCFD03B05DF804FB00BF49
:1093D00000350120F8E000208B4B030060F502000F
:1093E000694B0300ABAAAAAAABF8002007B50D4B46
:1093F0001B6801934FF0000390F90E3091F90E00B5
:10940000834218BFC01A074B08BF00201A68019B8F
:109410005A404FF0000301D001F0A2FD03B05DF807
:1094200004FB00BF0035012073B51B4B1B4C1B68B0
:1094300001934FF000031A4B05461E7C06EB4603D2
:1094400004EBC304204601F021FF0022154B2846FF
:109450009A55FFF73DFFA8B10F49134B08680199D2
:1094600048404FF000011A6802F1FF324FEAE27300
:1094700001D001F075FD20460C4902B0BDE87040F6
:1094800001F032BE044B1A68019B5A404FF00003B2
:10949000EFD102B070BD00BF00350120F8E0002020
:1094A000D4F30020ABF8002010F4002069930200F0
:1094B00037B51B4B1B4D1B6801934FF000032B4628
:1094C00053F8184F9C4200D004B9EC68AB68A8B9B7
:1094D00063B915499123154A1548E2F70DF9154866
:1094E000E2F70AF991211148E2F7ECF85A7BD2062B
:1094F00004D1A26912B9DA897F2A05D89C4202D028
:109500002046FFF791FF23466B61054B1A68019BCC
:109510005A404FF0000301D001F022FD03B030BDEE
:1095200000350120D4F30020244D0300694B0300D3
:1095300060F502007E0B030073B52B4B427B1B686A
:1095400001934FF0000390F90D30002B42DBD3065E
:1095500040D18369002B3DD162F07F024273234AE0
:10956000904209D122492348C323234AE2F7C4F891
:10957000C3212148E2F7A6F820490A4652F8184FBD
:10958000944218BF2346CC6923B9C0E90024206067
:10959000C8610CE090F90E5093F90E60B5420FD0FF
:1095A000AE420DDD5A68C0E90032106058600E4BC3
:1095B0001A68019B5A404FF0000305D001F0D0FC1F
:1095C000A342E2D01B68DFE7002002B0BDE8704094
:1095D000FFF76EBF044B1A68019B5A404FF000031F
:1095E000ECD102B070BD00BF00350120A8DF002023
:1095F0004B4D030060F50200694B0300D4F30020DB
:1096000037B5234B04461B6801934FF000034FF01E
:109610002003EFF3118583F31288BFF36F8F1D488A
:10962000FEF758FB68B988231B4A1C491C48E2F71F
:1096300063F818491B48E2F75FF888211648E2F7FB
:1096400041F81448FEF78AFB2046FFF775FF1148E2
:10965000FEF762FB68B940F231130F4A1249104815
:10966000E2F74AF80B491148E2F746F840F23111A7
:10967000E4E785F31188BFF36F8F054B1A68019BF0
:109680005A404FF0000301D001F06AFC03B030BD36
:109690000035012014F40020D6FC02002FFD02004A
:1096A00060F5020044FD020003FD02001AFD020005
:1096B00037B5244B04461B6801934FF000034FF06D
:1096C0002003EFF3118583F31288BFF36F8F1E48D9
:1096D000FEF700FB68B988231C4A1D491D48E2F7C4
:1096E0000BF819491C48E2F707F888211748E1F7F9
:1096F000E9FF1548FEF732FBA36813B1204600F0DE
:1097000031FD1148FEF708FB68B940F231130F4AEA
:1097100012491048E1F7F0FF0B491148E1F7ECFF5F
:1097200040F23111E2E785F31188BFF36F8F054BEB
:109730001A68019B5A404FF0000301D001F010FC61
:1097400003B030BD0035012014F40020D6FC020027
:109750002FFD020060F5020044FD020003FD02003F
:109760001AFD020073B5284B04461B6801934FF0A5
:1097700000030D4649BBEFF3058636BB234B5A6900
:109780009B689A4221D0FEF7C7FA78B940F26B1372
:109790001F4A20492048E1F7AFFF21461F48E1F763
:1097A000ABFF40F26B111A48E1F78CFF164B1A68B9
:1097B000019B5A404FF0000301D001F0D1FB30462D
:1097C00002B0BDE87040FFF7B5BD2046FEF7A4FA31
:1097D00068B940F231130E4A0E490F48E1F78CFF89
:1097E00021460E48E1F788FF40F23111DBE785F3AF
:1097F0001188BFF36F8F044B1A68019B5A404FF0DA
:109800000003DAD102B070BD00350120D4F300208E
:10981000D6FC020003FD020060F502001AFD020002
:1098200037B52D4B04461B6801934FF000034FF0F2
:109830002003EFF3118583F31288BFF36F8F27485E
:10984000FEF748FA68B98823254A26492648E1F7F1
:1098500053FF22492548E1F74FFF88212048E1F7CF
:1098600031FF1E48FEF77AFA637B5A071ED41B4865
:10987000FEF752FA68B940F23113194A1C491A48E6
:10988000E1F73AFF15491B48E1F736FF40F2311185
:10989000E4E785F31188BFF36F8F0F4B1A68019BC4
:1098A0005A404FF0000315D001F05AFB23F0040397
:1098B00063732046FFF740FE074B1A68019B5A402E
:1098C0004FF00003F0D12946044803B0BDE8304012
:1098D000FFF748BF03B030BD0035012014F400206D
:1098E000D6FC02002FFD020060F5020044FD0200DC
:1098F00003FD02001AFD020007B5134B1B6801931C
:109900004FF00003034680B9EFF305826AB90E4BAE
:109910001A68019B5A404FF0000301D001F020FB70
:1099200003B05DF804EBFFF705BD83F31188BFF3C7
:109930006F8F054B1A68019B5A404FF00003EDD121
:1099400003B05DF804FB00BF0035012007B50D4BE7
:109950001B6801934FF000034FF02003EFF31180D9
:1099600083F31288BFF36F8F064B1A68019B5A402E
:109970004FF0000301D001F0F3FA03B05DF804EBFF
:10998000FFF7BABF0035012013B5334B1B680193B5
:109990004FF000034FF02003EFF3118483F312889C
:1099A000BFF36F8F2D48FEF795F960B988232C4AD5
:1099B0002C492D48E1F7A0FE28492C48E1F79CFEF0
:1099C0008821274810E02548FEF7C8F9EFF3058302
:1099D00063B12749FF23274A2348E1F78DFE264834
:1099E000E1F78AFEFF212348E1F76CFE234B9A68DA
:1099F000D37B012B0CD122494FF480731D4A1A48A6
:109A0000E1F77AFE1C48E1F777FE4FF48071EAE750
:109A1000013BD3731148FEF77FF968B940F2311367
:109A20000F4A18491048E1F767FE0C491648E1F75C
:109A300063FE40F23111C4E784F31188BFF36F8FE6
:109A4000054B1A68019B5A404FF0000301D001F00A
:109A500087FA02B010BD00BF0035012014F40020C9
:109A6000D6FC02002FFD020060F5020044FD02005A
:109A7000424903006C4D03007E0B0300D4F3002029
:109A8000974D030003FD02001AFD020013B5364B8B
:109A90001B6801934FF000034FF02003EFF3118494
:109AA00083F31288BFF36F8F3048FEF713F960B964
:109AB00088232F4A2F493048E1F71EFE2B492F48B3
:109AC000E1F71AFE88212A4813E02848FEF746F9F4
:109AD0002B4B9A68D37B73B92A4940F25D432A4ADB
:109AE0002548E1F709FE2948E1F706FE40F25D410D
:109AF0002548E1F7E7FDEFF3058060B1244940F226
:109B00005E43214A1C48E1F7F7FD2048E1F7F4FDE8
:109B100040F25E41ECE70133D373FFF7C9FC134811
:109B2000FEF7FAF868B940F23113114A19491248A0
:109B3000E1F7E2FD0D491848E1F7DEFD40F2311191
:109B4000C1E784F31188BFF36F8F074B1A68019B3D
:109B50005A404FF0000301D001F002FA02B0BDE814
:109B60001040FFF7F3BE00BF0035012014F40020C1
:109B7000D6FC02002FFD020060F5020044FD020049
:109B8000D4F30020C84D0300694B03007E0B030093
:109B90004249030003FD02001AFD020007B5134B02
:109BA0001B6801934FF00003114B99420BD11149EF
:109BB000114840F2EB43114AE1F79EFD40F2EB41C0
:109BC0000E48E1F77FFDD1E9003213605A600023AF
:109BD000C1E90033054B1A68019B5A404FF000035E
:109BE00001D001F0BDF903B05DF804FB00350120A0
:109BF000A8DF00204B4D030060F50200694B030015
:109C000073B590F90D20294B002A1B6801934FF082
:109C100000030446437B06DA03F07F0301464373E7
:109C20002348FFF7BBFF637B63F07F036373214B24
:109C30009C4209D120492148C323214AE1F75CFD18
:109C4000C3211F48E1F73EFD1E4A114651F8183F57
:109C5000D0698B4208BF002323B9C4E90010046017
:109C6000D4610CE094F90E5093F90E60B5420FD018
:109C7000AE420DDD5968C4E900310C605C600B4BED
:109C80001968019B59404FF0000305D001F068F9B5
:109C90009842E2D01B68DFE79068031B58425841A6
:109CA00002B0BDE87040FFF703BC00BF00350120E3
:109CB000ECF30020A8DF00204B4D030060F502000C
:109CC000694B0300D4F3002037B52F4B1B68019379
:109CD0004FF000034FF02003EFF3118583F3128858
:109CE000BFF36F8F2948FDF7F5FF68B98823284A2D
:109CF00028492948E1F700FD24492848E1F7FCFC00
:109D000088212348E1F7DEFC2048FEF727F8244BA2
:109D1000244A9C681068A04213D1FFF785FB1B48BA
:109D2000FDF7FAFF08BB40F23113194A1E491A48E1
:109D3000E1F7E2FC15491D48E1F7DEFC40F2311184
:109D4000DFE700211B7C1160194AD35C002BE6D0B1
:109D50002046FFF7BDFA0028E1D0637BDB0602D185
:109D60002046FFF74DFF2046D7E785F31188BFF364
:109D70006F8F054B1A68019B5A404FF0000301D0CA
:109D800001F0EEF803B030BD0035012014F40020DE
:109D9000D6FC02002FFD020060F5020044FD020027
:109DA000D4F3002008F4002003FD02001AFD020095
:109DB000ABF8002013B590F90D20114B002A1B6859
:109DC00001934FF000030446437B06DA03F07F0360
:109DD000014643730B48FFF7E1FE094B1A68019BEC
:109DE0005A404FF0000301D001F0BAF8064B9868D2
:109DF000031B5842584102B0BDE81040FFF758BB62
:109E000000350120ECF30020D4F3002037B50446E0
:109E10000D46204B1B6801934FF00003FFF7CAFF6C
:109E2000637B43F0020363734DB31B4BA5609C42FD
:109E300009D11A491A48C3231A4AE1F75DFCC32124
:109E40001848E1F73FFC2B689D4209D16B68C4E9D3
:109E500000531C606C6012E06A689342F6D01B6885
:109E6000002BF3D094F90E2093F90E108A42F3D010
:109E70009142F1DD5A68C4E9003214605C60054B20
:109E80001A68019B5A404FF0000301D001F068F8B6
:109E900003B030BD00350120A8DF00204B4D03008A
:109EA00060F50200694B030073B515461C46144B60
:109EB00006461B6801934FF00003FFF7A7FFB4F1BC
:109EC000FF3F08BFB5F1FF3F0D4B11D01A68019B52
:109ED0005A404FF0000301D001F042F82A462346D1
:109EE000084906F1180002B0BDE8704001F0FCB866
:109EF0001A68019B5A404FF00003EDD102B070BDCB
:109F0000003501205DA302002DE9F347DDE90A8950
:109F1000364BDFF8DCA0374C1B6801934FF0000391
:109F20001746354BDAF80820A04205460E461A605F
:109F30000BD1324932484FF47173324AE1F7DCFBFE
:109F40004FF471712F48E1F7BDFB4FF02002EFF3A2
:109F5000118382F31288BFF36F8F2046FDF7BAFE9C
:109F600060B98823284A29492548E1F7C5FB2146DD
:109F70002748E1F7C1FB88212348E4E72046FDF7A5
:109F8000EDFEDAF8080042464B463946FFF78CFFF3
:109F90002846FDF7C1FE68B91E4940F26B131A4A04
:109FA0001748E1F7A9FB29461B48E1F7A5FB40F25A
:109FB0006B11E1E72046FDF7AFFE40B9154940F2CD
:109FC0006B13114A0E48E1F797FB2146ECE7074B6C
:109FD0001A68019B5A404FF0000301D000F0C0FF07
:109FE000304602B0BDE8F047FFF7A4B900350120C4
:109FF000D4F3002014F4002008F40020F94D0300ED
:10A0000060F50200694B0300D6FC02002FFD020040
:10A0100044FD020003FD02001AFD02002DE9F74392
:10A02000444B04460E461B6801934FF000034FF06B
:10A030002003EFF3118983F31288BFF36F8F3E483B
:10A04000FDF748FE074660B988233C4A3C493D4835
:10A05000E1F752FB38493C48E1F74EFB882137488D
:10A0600021E03548FDF77AFE637B76B2DA061CD133
:10A07000A569D5B9DFF8D48003F07F036373214667
:10A080004046FFF78BFD637BA67363F07F0363732A
:10A090002F4B9C421DD12F492A48C3232E4AE1F75A
:10A0A0002BFBC3212C48E1F70DFB0027A6732248A8
:10A0B000FDF732FE68BB40F23113204A27492148A0
:10A0C000E1F71AFB1C492648E1F716FB40F2311173
:10A0D000C5E7434653F81829424518BF1546DA69C3
:10A0E00025B9C4E900821460DC610AE095F90E101C
:10A0F0008E420AD0B14208DD6B68C4E900531C608F
:10A100006C600120FFF7D4F9D1E7AA42E9D02D68AD
:10A11000E6E789F31188BFF36F8F064B1A68019B3E
:10A120005A404FF0000301D000F01AFF384603B048
:10A13000BDE8F0830035012014F40020D6FC0200B5
:10A140002FFD020060F5020044FD0200ECF3002048
:10A15000A8DF00204B4D0300694B030003FD020004
:10A160001AFD020013B5144B044680681B68019366
:10A170004FF0000358B91149114840F23733114AE2
:10A18000E1F7BAFA40F237310E48E1F79BFA21467F
:10A19000FFF704FD637B23F0020363730023A360D6
:10A1A000054B1A68019B5A404FF0000301D000F0A4
:10A1B000D7FE02B010BD00BF00350120304E0300B5
:10A1C00060F50200694B030037B5274B04461B6856
:10A1D00001934FF000034FF02003EFF3118583F359
:10A1E0001288BFF36F8F2148FDF774FD68B988238B
:10A1F0001F4A20492048E1F77FFA1C491F48E1F730
:10A200007BFA88211A48E1F75DFA1848FDF7A6FDA8
:10A21000A36813B12046FFF7A5FF1448FDF77CFDA6
:10A2200068B940F23113124A15491348E1F764FA4C
:10A230000E491448E1F760FA40F23111E2E785F384
:10A240001188BFF36F8F084B1A68019B5A404FF07B
:10A25000000301D000F084FE04F1180003B0BDE853
:10A26000304001F013B800BF0035012014F4002085
:10A27000D6FC02002FFD020060F5020044FD020042
:10A2800003FD02001AFD020073B52C4B04460E4676
:10A290001B6801934FF000034FF02003EFF311858B
:10A2A00083F31288BFF36F8F2548FDF713FD68B95C
:10A2B0008823244A24492548E1F71EFA20492448E6
:10A2C000E1F71AFA88211F48E1F7FCF91C48FDF76D
:10A2D00045FD637B13F0280F0CD1A36813B1204612
:10A2E000FFF740FF637BBEB903F0FB0320466373B7
:10A2F000FFF722F91248FDF70FFD80B940F2311344
:10A30000104A14491148E1F7F7F90D491248E1F7ED
:10A31000F3F940F23111D6E703F0EB03E6E785F3FA
:10A320001188BFF36F8F054B1A68019B5A404FF09D
:10A33000000301D000F014FE02B070BD0035012012
:10A3400014F40020D6FC02002FFD020060F502008C
:10A3500044FD020003FD02001AFD020007B50A4B8E
:10A360001B6801934FF00003074B1A68019B5A408A
:10A370004FF0000301D000F0F3FD0121183803B0C5
:10A380005DF804EBFFF780BF0035012073B5274B64
:10A3900005461B6801934FF000034FF02003EFF3D5
:10A3A000118683F31288BFF36F8F2148FDF792FC6B
:10A3B00068B988231F4A20492048E1F79DF91C49C4
:10A3C0001F48E1F799F988211A48E1F77BF9184805
:10A3D000FDF7C4FC2C68A54215D014B12046FFF748
:10A3E000C1FE1348FDF798FC78B940F23113114AC9
:10A3F00014491248E1F780F90D491348E1F77CF957
:10A4000040F23111E0E70024EBE786F31188BFF357
:10A410006F8F064B1A68019B5A404FF0000301D022
:10A4200000F09EFD204602B070BD00BF0035012047
:10A4300014F40020D6FC02002FFD020060F502009B
:10A4400044FD020003FD02001AFD020073B5294B12
:10A4500005461B6801934FF000034FF02003EFF314
:10A46000118683F31288BFF36F8F2348FDF732FC08
:10A4700068B98823214A22492248E1F73DF91E495B
:10A480002148E1F739F988211C48E1F71BF91A48FE
:10A49000FDF764FC2C68A54219D034B12046FFF7C3
:10A4A00061FE04F1180000F0F1FE1348FDF734FCE2
:10A4B00078B940F23113114A14491248E1F71CF9F6
:10A4C0000D491348E1F718F940F23111DCE7002497
:10A4D000EBE786F31188BFF36F8F064B1A68019B79
:10A4E0005A404FF0000301D000F03AFD204602B080
:10A4F00070BD00BF0035012014F40020D6FC02001E
:10A500002FFD020060F5020044FD020003FD020081
:10A510001AFD02002DE9F743171E14BF0825102568
:10A52000464B04461B6801934FF00003437B0E46E5
:10A530001D420AD12B43D90903F09F0221D1427356
:10A54000082D26D00120FEF7B3FF3D4B9B68A342A8
:10A5500051D1EFF30583002B4DD13A48FDF7DCFBD9
:10A56000002835D140F26B13374A38493848E1F7B3
:10A57000C3F834493748E1F7BFF840F26B1132486D
:10A5800037E003F01F03014643733348FFF706FB30
:10A59000D6E7A36813B12046FFF7E4FD04F11800E5
:10A5A00000F074FE4FF0000904F15808A56D454510
:10A5B000C8D0002DC6D02846FFF7D4FD05F11800FD
:10A5C00000F064FE2846C5F89C90FEF7B5FFEDE765
:10A5D0003046FEF7AFFE27B320494FF43D73204AC3
:10A5E0001B48E1F789F81F48E1F786F84FF43D7101
:10A5F0001B48E1F767F81348FDF78EFB68B940F296
:10A600003113114A11491248E1F776F80D49114802
:10A61000E1F772F840F23111B1E786F31188BFF328
:10A620006F8F064B1A68019B5A404FF0000301D010
:10A6300000F096FC03B0BDE8F08300BF00350120B8
:10A64000D4F3002014F40020D6FC020003FD020025
:10A6500060F502001AFD0200ECF30020474E0300F3
:10A66000694B0300524E030037B52C4B044618309B
:10A670001B6801934FF0000300F008FE4FF0200329
:10A68000EFF3118583F31288BFF36F8F2448FDF732
:10A6900021FB68B98823234A23492448E1F72CF891
:10A6A0001F492348E1F728F888211E48E1F70AF8F6
:10A6B0001B48FDF753FB627B12F010021ED01848B6
:10A6C000FDF72AFB68B940F23113164A19491748B9
:10A6D000E1F712F812491848E1F70EF840F231118B
:10A6E000E3E785F31188BFF36F8F0C4B1A68019B6A
:10A6F0005A404FF000030FD000F032FC074B1968AE
:10A70000019B59404FF00003F6D12946204603B083
:10A71000BDE83040FFF7FEBE03B030BD003501207C
:10A7200014F40020D6FC02002FFD020060F50200A8
:10A7300044FD020003FD02001AFD020037B50F4B75
:10A7400005461B6801934FF0000300202C68A542CA
:10A7500000D044B9094B1A68019B5A404FF00003DE
:10A7600009D000F0FDFB2046FFF72EFD2046FEF746
:10A7700047FF0120EAE703B030BD00BF00350120EC
:10A7800007B50B4B1B6801934FF00003094B03F116
:10A790001802C3E90622064B1A68019B5A404FF083
:10A7A000000301D000F0DCFB03B05DF804FB00BF48
:10A7B00000350120D4F30020F7B5474B1B68019307
:10A7C0004FF00003EFF305836BB1444940F2E153CE
:10A7D000434A4448E0F790FF4348E0F78DFF40F2DA
:10A7E000E1513F4817E04FF02003EFF3118683F368
:10A7F0001288BFF36F8F3D48FDF76CFA68B9882364
:10A800003B4A3C493748E0F777FF38493A48E0F798
:10A8100073FF88213648E0F755FF384C3348FDF781
:10A820009DFAA16804F118054B7B284603F07F03CD
:10A830004B73FFF7B3F9A3685A7B62F07F025A7338
:10A840002F4A934207D12F49C323254A2548E0F7D1
:10A8500053FFC321C5E7A269E169AA4208BF0022EC
:10A8600022B9C3E900510B60E3610CE093F90E00DB
:10A8700092F90E70B8421BD0874219DD5168C3E9C6
:10A8800000210B6053600120FEF712FE1748FDF710
:10A8900043FA88B940F26B13154A1B491148E0F797
:10A8A0002BFF12491948E0F727FF40F26B11B1E77F
:10A8B0008A42D6D01268D3E7074B1A68019B5A40E8
:10A8C0004FF0000301D000F04BFB304603B0BDE871
:10A8D000F040FEF72FBD00BF0035012042490300C4
:10A8E000694B030060F502007E0B030014F40020A6
:10A8F000D6FC02002FFD020044FD0200D4F300202C
:10A90000A8DF00204B4D030003FD02001AFD0200EA
:10A910002DE9F341494B05460E461B6801934FF064
:10A920000003EFF305836BB1454940F2FD53454AFF
:10A930004548E0F7E1FE4548E0F7DEFE40F2FD5114
:10A94000404825E050EA010303D1FFF735FF00201E
:10A9500068E0821C71F1FF331CDB00F073FE2C18E1
:10A960004FF02003EFF3118883F31288BFF36F8F4A
:10A970003748FDF7AFF988B98823364A3649324857
:10A98000E0F7BAFE32493548E0F7B6FE8821314893
:10A99000E0F798FE6FF00104241AE1E7304F2C48ED
:10A9A000FDF7DCF9B8682F4B1860FFF703FAB868B9
:10A9B0002A46334618302C4900F096FBBA682448E2
:10A9C000537B43F010035373FDF7A6F968B940F2C7
:10A9D0006B13204A25491C48E0F78EFE1C49244889
:10A9E000E0F78AFE40F26B11D1E74046FEF7A2FC89
:10A9F000BB685B7BDB060CD51E4940F21963114A2C
:10AA00001148E0F779FE1148E0F776FE40F219614F
:10AA100096E700F017FE201A63EB0303012873F199
:10AA2000000394DB054B1A68019B5A404FF000036A
:10AA300001D000F095FA02B0BDE8F08100350120A8
:10AA400042490300694B030060F502007E0B0300DE
:10AA500014F40020D6FC02002FFD020044FD020089
:10AA6000D4F3002008F400205DA3020003FD0200DF
:10AA70001AFD0200744E030007B51C4B1B680193BE
:10AA80004FF00003EFF3058373B119494FF4C56329
:10AA9000184A1948E0F730FE1848E0F72DFE4FF449
:10AAA000C5611448E0F70EFEB1F1FF3F08BFB0F1F9
:10AAB000FF3F0ED1124B9868FFF7D6FD4FF0FF30E5
:10AAC0000A4B1A68019B5A404FF000030BD000F06C
:10AAD00047FAFFF71DFF4FF47A7380FB0303C00BA7
:10AAE00040EA4340ECE703B05DF804FB0035012089
:10AAF00042490300694B030060F502007E0B03002E
:10AB0000D4F3002007B5094B1B6801934FF00003F5
:10AB1000074B9868054B1A68019B5A404FF0000399
:10AB200001D000F01DFA03B05DF804FB00350120F0
:10AB3000D4F3002037B5384B04461B6801934FF01F
:10AB400000034FF02003EFF3118583F31288BFF366
:10AB50006F8F3248FDF7BEF868B98823304A314913
:10AB60003148E0F7C9FD2D493048E0F7C5FD88219F
:10AB70002B48E0F7A7FD2948FDF7F0F8237BDA071B
:10AB800024D52648FDF7C8F868B940F23113244AA5
:10AB900027492548E0F7B0FD20492648E0F7ACFDFD
:10ABA00040F23111E4E785F31188BFF36F8F40F273
:10ABB0005773214A21491C48E0F79EFD2146204851
:10ABC000E0F79AFD40F257711B48D2E7637B1B0701
:10ABD00011D51248FDF7A0F80028D6D085F31188CA
:10ABE000BFF36F8F0C4B1A68019B5A404FF0000364
:10ABF00010D000F0B5F9084B1A68019B5A404FF08D
:10AC00000003F6D101222946204603B0BDE83040BA
:10AC1000FFF780BC03B030BD0035012014F40020E4
:10AC2000D6FC02002FFD020060F5020044FD020088
:10AC300003FD02001AFD0200694B030024F7020025
:10AC4000B44E03002DE9F7432E4B074688461646BF
:10AC50001B6801934FF000034FF02003EFF31189BD
:10AC600083F31288BFF36F8F2748FDF733F805464B
:10AC700068B98823254A26492648E0F73DFD224940
:10AC80002548E0F739FD88212048E0F71BFD1E48E4
:10AC9000FDF764F83C68A7421FD004B32046C4F80F
:10ACA0009C806661FFF75EFA04F1180000F0EEFA8E
:10ACB0002046FEF741FC1448FDF72EF888B940F213
:10ACC0003113124A15491348E0F716FD0E4914488E
:10ACD000E0F712FD40F23111D6E70025EBE72546FB
:10ACE000E9E789F31188BFF36F8F064B1A68019B60
:10ACF0005A404FF0000301D000F032F9284603B06B
:10AD0000BDE8F0830035012014F40020D6FC0200D9
:10AD10002FFD020060F5020044FD020003FD020069
:10AD20001AFD0200F0B50E4B85B00C9C1B68039316
:10AD30004FF00003DDE90A67CDE90067FFF7E4F8AB
:10AD40001CB1084B9B685B692360054B1A68039B29
:10AD50005A404FF0000301D000F002F905B0F0BDF9
:10AD600000350120D4F3002007B50A4B1B6801937E
:10AD70004FF00003C0E90000064B1A68019B5A40DF
:10AD80004FF0000301D000F0EBF8002003B05DF8B5
:10AD900004FB00BF0035012037B5294B04461B6872
:10ADA00001934FF000034FF02003EFF3118583F37D
:10ADB0001288BFF36F8F2348FCF78CFF68B9882394
:10ADC000214A22492248E0F797FC1E492148E0F732
:10ADD00093FC88211C48E0F775FC1A48FCF7BEFF7D
:10ADE0002046FFF733FB88B10022C0F89C20FEF715
:10ADF00007FC29461348FEF7B5FC114B1A68019B66
:10AE00005A404FF0000318D000F0AAF80D48FCF7A4
:10AE100083FF68B940F231130B4A0F490C48E0F741
:10AE20006BFC08490D48E0F767FC40F23111D1E7AF
:10AE300085F31188BFF36F8FDFE7002003B030BDCB
:10AE40000035012018F40020D6FC02002FFD02007E
:10AE500060F5020044FD020003FD02001AFD02003D
:10AE60002DE9FF411E46224B05460C4690461B68C5
:10AE700003934FF000034FF02003EFF3118783F3A8
:10AE80001288BFF36F8F1B48FCF724FF68B9882333
:10AE9000194A1A491A48E0F72FFC16491948E0F7F1
:10AEA0002BFC88211448E0F70DFC1248FCF756FFF4
:10AEB0002046FCF7BFFF2A463946CDE900860D48FB
:10AEC000FFF722F805464FF0FF324FF0FF332046E0
:10AED000FDF752F8064B1A68039B5A404FF00003E7
:10AEE00001D000F03DF8284604B0BDE8F08100BF75
:10AEF0000035012018F40020D6FC02002FFD0200CE
:10AF000060F5020044FD020007B50E480E4A0F4BE3
:10AF1000121A0F491B6801934FF00003FCF77AF8EF
:10AF20000A4B1A68019B5A404FF0000301D000F011
:10AF300017F8084A0849094803B05DF804EBFCF724
:10AF400069B800BF80C5002094D3002000350120DF
:10AF500094520300000000007C52030080C50020D2
:10AF6000054B82B01B6801934FF00003404080F313
:10AF700011884FF0020002DF0035012007B5104BA9
:10AF80001B6801934FF000030E4B1B686BB90C4B11
:10AF90001A68019B5A404FF0000301D0FFF7E0FF11
:10AFA00003B05DF804EBF2F745BC054B1A68019B52
:10AFB0005A404FF00003F1D1002003B05DF804FBCC
:10AFC000003501201CF4002013B5154B1B680193BC
:10AFD0004FF00003134B1C689C420CD1FFF7CEFFCF
:10AFE0006FF000400E4B1A68019B5A404FF000036F
:10AFF00014D0FFF7B5FFFFF7C1FF002CF0D0D4E964
:10B0000004321B1A62EBE072B3F1004F72F10001DF
:10B01000E6DA002AACBF18460020E3E702B010BD14
:10B0200000350120DCCF002037B5134B1B6801939E
:10B030004FF0000370B1114B5B6898420AD003686F
:10B0400043B1D3E90421D0E90445121941EB0501CC
:10B05000C3E90421D0E9003213605A600023C0E93B
:10B060000033054B1A68019B5A404FF0000301D092
:10B07000FFF776FF03B030BD00350120DCCF0020A4
:10B0800073B5174B04681B6801934FF0000314B3AA
:10B090000024144A254613685168934208BF0023D0
:10B0A00073B9FFF76BFF0346201A65EBE3710C4B96
:10B0B0001A68019B5A404FF000030FD0FFF750FF72
:10B0C000D3E90426A41845EB06058342E9D099424A
:10B0D000E7D01B68E4E720462146E8E702B070BDF0
:10B0E00000350120DCCF00202DE9F3471D46B5F1E6
:10B0F000FF3F08BFB2F1FF3F574B044692461B6823
:10B1000001934FF0000300F09B80066866B153493D
:10B110006E23534A5348E0F7EFFA5348E0F7ECFA4E
:10B120006E214F48E0F7CEFA81604FF02003EFF335
:10B13000118783F31288BFF36F8F4C48FCF7CAFD69
:10B1400060B988234A4A4B494648E0F7D5FA47494F
:10B150004948E0F7D1FA88214548E3E74348FCF73E
:10B16000FDFDBAF1FF3F75F1FF3323DA6FF0010304
:10B170004249D1E900209B1A4FF0FF3262EB0000F8
:10B18000B3EB0A0360EB0500012B70F1000201DA5A
:10B1900001233046C4E90430394B1A68D3F804C09F
:10B1A0009A4218BF164686B9C4E9003CCCF8004064
:10B1B0005C601CE0FFF7E2FE1AF1010845F10005B2
:10B1C00018EB000345EBE070E4E7D6E90415D4E999
:10B1D00004208A4270EB050E25DA891A726865EB45
:10B1E0000005C6E90415C4E90062146074601A68B9
:10B1F0009A4206D0944204D1FFF7E6FE0021F2F70E
:10B20000E3FA1A48FCF788FDB0B940F23113184A46
:10B210001C491448E0F770FA14491B48E0F76CFA2F
:10B2200040F2311198E7521A60EB05006645C4E917
:10B230000420B9D03668B6E787F31188BFF36F8F63
:10B24000054B1A68019B5A404FF0000301D0FFF7ED
:10B2500087FE02B0BDE8F08700350120F74E0300FD
:10B26000D34E030060F502007E0B030020F40020A3
:10B27000D6FC02002FFD020044FD020010E1002078
:10B28000DCCF002003FD02001AFD020037B5274B7A
:10B2900004461B6801934FF000034FF02003EFF3C7
:10B2A000118583F31288BFF36F8F2148FCF712FDDD
:10B2B00068B988231F4A20492048E0F71DFA1C4935
:10B2C0001F48E0F719FA88211A48E0F7FBF91848F7
:10B2D000FCF744FD2368ABB12046FFF7A5FE002430
:10B2E0001348FCF719FD80B940F23113114A154992
:10B2F0001248E0F701FA0E491348E0F7FDF940F271
:10B300003111E1E76FF01504EAE785F31188BFF327
:10B310006F8F064B1A68019B5A404FF0000301D013
:10B32000FFF71EFE204603B030BD00BF00350120F0
:10B3300020F40020D6FC02002FFD020060F5020080
:10B3400044FD020003FD02001AFD020073B5254B07
:10B3500004461B6801934FF000034FF02003EFF306
:10B36000118683F31288BFF36F8F1F48FCF7B2FC7E
:10B3700068B988231D4A1E491E48E0F7BDF91A49DD
:10B380001D48E0F7B9F988211848E0F79BF91648FD
:10B39000FCF7E4FC2046FFF773FE054612480C4616
:10B3A000FCF7BAFC68B940F23113104A134911484E
:10B3B000E0F7A2F90C491248E0F79EF940F231118A
:10B3C000E2E786F31188BFF36F8F064B1A68019B83
:10B3D0005A404FF0000301D0FFF7C2FD2846214636
:10B3E00002B070BD0035012020F40020D6FC020020
:10B3F0002FFD020060F5020044FD020003FD020083
:10B400001AFD02002DE9F74F534B04461B680193C8
:10B410004FF000034FF02003EFF3118883F31288FD
:10B42000BFF36F8F4D48FCF755FC68B988234C4A31
:10B430004C494D48E0F760F948494C48E0F75CF961
:10B4400088214748E0F73EF9DFF82491DFF824B17E
:10B450004248FCF783FCCBF80040D9F800400026B6
:10B460004C4508BF00240027DFF80CA1DBF80030B2
:10B47000DAE90021002C4BD0D4E904504FEAE37CF8
:10B48000AB427CEB000E05DAED1A60EB0C00C4E970
:10B4900004503DE0AA1841EBE5712046C4E9046779
:10B4A000CAE90021FFF7C0FD2C48FCF735FC68B95C
:10B4B00040F231132A4A31492B48E0F71DF9274958
:10B4C0002F48E0F719F940F23111BAE788F31188F3
:10B4D000BFF36F8F2046A36898474FF02003EFF328
:10B4E000118883F31288BFF36F8F1C48FCF7F2FBBF
:10B4F00000289BD01948FCF731FCDBF80030D9F864
:10B5000000405B1B4C45CBF80030AFD1DAE900219D
:10B5100000249A1841EBE371CAE90021CBF80040FE
:10B52000FFF752FD2146F2F74FF90C48FCF7F4FB08
:10B530000028BDD088F31188BFF36F8F064B1A68BF
:10B54000019B5A404FF0000301D0FFF709FD03B003
:10B55000BDE8F04FFEF7B8BB0035012020F4002015
:10B56000D6FC02002FFD020060F5020044FD02003F
:10B57000DCCF00201CF4002010E1002003FD0200BD
:10B580001AFD020073B5264B1B6801934FF00003B0
:10B590004FF02003EFF3118683F31288BFF36F8F10
:10B5A0002048FCF797FB68B988231F4A1F492048A9
:10B5B000E0F7A2F81B491F48E0F79EF888211A48D7
:10B5C000E0F780F81748FCF7C9FBFFF7D7FC1A4AE9
:10B5D000D2E90045041945EBE0751248FCF79CFBE5
:10B5E00068B940F23113104A14491148E0F784F861
:10B5F0000C491348E0F780F840F23111DFE786F399
:10B600001188BFF36F8F064B1A68019B5A404FF0A9
:10B61000000301D0FFF7A4FC2046294602B070BD0C
:10B620000035012020F40020D6FC02002FFD02008E
:10B6300060F5020044FD020010E1002003FD02005D
:10B640001AFD020007B5094B1B6801934FF0000378
:10B65000FFF798FF054B1A68019B5A404FF0000313
:10B6600001D0FFF77DFC03B05DF804FB003501203D
:10B6700007B5094B1B6801934FF00003064B1A688E
:10B68000019B5A404FF0000301D0FFF769FC03B063
:10B690005DF804EBFFF776BF0035012073B51D465A
:10B6A000B5F1FF3F08BFB2F1FF3F164B04461B68E0
:10B6B00001934FF0000316461AD02A431CD06FF0B6
:10B6C00001024FF0FF33921B63EB0501002904DAFE
:10B6D000FFF758FF821941EB0501C4E90021094B2E
:10B6E0001A68019B5A404FF0000307D0FFF738FC5F
:10B6F0004FF0FF321146F0E70022FBE7204602B090
:10B7000070BD00BF00350120F7B51C46B4F1FF3F06
:10B7100008BFB2F1FF3F144B074616461B68019362
:10B720004FF0000317D054EA020318D0FFF72AFFA6
:10B73000B0420A46A141034611D2F31A64EB020457
:10B74000C7E90034084B1A68019B5A404FF00003C8
:10B7500007D0FFF705FC4FF0FF331C46F0E700234E
:10B76000FBE7384603B0F0BD00350120F7B5604B6C
:10B7700004461B6801934FF000034FF02003EFF3E2
:10B78000118783F31288BFF36F8F5A48FCF7A2FA30
:10B7900068B98823584A59495948DFF7ADFF5549D8
:10B7A0005848DFF7A9FF88215348DFF78BFF51483E
:10B7B000FCF7D4FA22689AB14E48FCF7ADFA00289B
:10B7C00040F0878040F231134B4A4F494C48DFF735
:10B7D00093FF48494D48DFF78FFF40F23111E3E70F
:10B7E000D4E90A36581C46F10001022871F1000123
:10B7F00027D3012B76F10001BCBF012316465D1E45
:10B8000046F1FF36FFF734FF013041F100014019E6
:10B8100046EB0101012871F1000155DBFFF728FF1C
:10B82000013041F100016FF00102401946EB0103C4
:10B830004FF0FF31121A61EB030320463449FFF742
:10B8400053FC236B01332363236ADBB12948FCF7E4
:10B8500063FA0028B6D087F31188BFF36F8F2046B4
:10B86000236A98474FF02003EFF3118783F3128880
:10B87000BFF36F8F1F48FCF72DFA002889D01D48B1
:10B88000FCF76CFA54F8185FA54295D0002D93D0C0
:10B890002846FDF70DFF00231648C5F89C30FCF73D
:10B8A0003BFA00288ED087F31188BFF36F8F104BBF
:10B8B0001A68019B5A404FF0000315D1284603B087
:10B8C000BDE8F040FDF79CBE6FF001024FF0FF3382
:10B8D000B3E787F31188BFF36F8F054B1A68019B9D
:10B8E0005A404FF0000301D0FFF73AFB03B0F0BD20
:10B8F0000035012024F40020D6FC02002FFD0200B8
:10B9000060F5020044FD020003FD02001AFD020082
:10B910006DB7020013B50D4B1B6801934FF0000388
:10B920000023C0E9081200F11802C0E90033C0E9A1
:10B93000062203634363054B1A68019B5A404FF08C
:10B94000000301D0FFF70CFB02B010BD0035012051
:10B950002DE9F74FDDE90C671C46364B804615464E
:10B960001B6801934FF000039246A3464FF020035B
:10B97000EFF3118983F31288BFF36F8F2E48FCF722
:10B98000A9F968B988232D4A2D492E48DFF7B4FE5E
:10B9900029492D48DFF7B0FE88212848DFF792FEBD
:10B9A0002548FCF7DBF9B4F1FF3F08BFB5F1FF3FD5
:10B9B00011D12148FCF7B0F958BB40F231131F4AAE
:10B9C00022492048DFF798FE1B492148DFF794FE03
:10B9D00040F23111E1E76B1C74F1FF330ADB012DFA
:10B9E00074F100032A46BCBF0122002412F1FF3A81
:10B9F00044F1FF3B4046FFF749FC00235246C8F89C
:10BA0000303040465B46C8E90A671249FFF76CFBD5
:10BA1000CFE789F31188BFF36F8F064B1A68019B3C
:10BA20005A404FF0000301D0FFF79AFA03B0BDE887
:10BA3000F08F00BF0035012024F40020D6FC020066
:10BA40002FFD020060F5020044FD020003FD02002C
:10BA50001AFD02006DB7020013B5194B04461B68AE
:10BA600001934FF00003FFF711FC00BB636A0BB1B9
:10BA70002046984704F11800FEF788FCB8B1FDF79E
:10BA8000BFFD4FF02003EFF3118083F31288BFF363
:10BA90006F8F0B4B1A68019B5A404FF0000301D087
:10BAA000FFF75EFA02B0BDE81040FDF725BF044B7A
:10BAB0001A68019B5A404FF00003F1D102B010BD4B
:10BAC000003501202DE9F341574B15461B680193C2
:10BAD0004FF0000314230C46002603FB0100534FD4
:10BAE0004CB9514B1A68019B5A404FF0000300F0CB
:10BAF0009880FFF735FA10F8073CA0F1140803F01E
:10BB00003F0340F80C6C082B42D8DFE803F05525C2
:10BB1000054116414141330050F8043C002B42D10D
:10BB20004349B723434A4448DFF7E6FD4348DFF77C
:10BB3000E3FDB7213F48DFF7C5FD50F8043C002B7B
:10BB400031D13F49BB233B4A3B48DFF7D5FD3D4858
:10BB5000DFF7D2FDBB21EDE750F8043C1BBB3A49AF
:10BB6000BF23344A3448DFF7C7FD3848DFF7C4FD48
:10BB7000BF21DFE750F8043CABB93549C3232D4A58
:10BB80002D48DFF7B9FD3348DFF7B6FDC321D1E714
:10BB90003149D023274A2848DFF7AEFD2F48DFF789
:10BBA000ABFDD021C6E750F8143C2BB150F8102C57
:10BBB00013605A6040E905663846FCF7ADF870B985
:10BBC00040F23113264A27491B48DFF795FD1749F4
:10BBD0002548DFF791FD40F231112148ABE785F3AD
:10BBE0001188BFF36F8F4FF02003EFF3118583F3BC
:10BBF0001288BFF36F8F3846FCF76CF8013C58B9D8
:10BC00008823174A19490C48DFF776FD0749184879
:10BC1000DFF772FD8821E0E73846FCF79FF84046E1
:10BC20005EE702B0BDE8F0810035012028F4002075
:10BC3000384F0300174F030060F50200524F030016
:10BC4000674F0300834F0300944F0300B14F03007D
:10BC5000C84F0300E34F030024F70200FC4F03002A
:10BC6000D6FC020003FD02001AFD02002FFD0200B7
:10BC700044FD0200F7B51F4B0D461B6801934FF0C2
:10BC80000003D0E900138842044605D16368C5E982
:10BC900000431D6065601DE0002BF7D0986800B17F
:10BCA0006038A2F160073946FDF7A0FB0028EDDC03
:10BCB0002668B442EAD0002EE8D0B16801B16039FC
:10BCC0003846FDF793FB00280DDD7368C5E9006376
:10BCD0001D607560074B1A68019B5A404FF00003C6
:10BCE00006D0FFF73DF963689E42CFD03668E2E7A1
:10BCF00003B0F0BD003501202DE9F04F002685B0DE
:10BD000001937A4B884615461B6803934FF0000356
:10BD100004463746B246DFF8D891464509DB734BF7
:10BD20001A68039B5A404FF0000300F0DA80FFF7D7
:10BD300017F94FF02003EFF3118B83F31288BFF351
:10BD40006F8F4846FBF7C6FF60B98823694A6A4986
:10BD50006A48DFF7D1FC66496948DFF7CDFC8821E6
:10BD6000644862E04846FBF7F9FF637B03F03F035A
:10BD7000082B4CD8DFE803F02D3F054B294B4B4BEC
:10BD8000450023699B6823B30223E268C4F808A036
:10BD9000C2F386310B4363F39432E26085F800A06E
:10BDA0004846FBF7B9FF1434002840F0948040F275
:10BDB0003113504A53495148DFF79EFC4C495248D1
:10BDC000DFF79AFC40F23111CAE723691B68002BA8
:10BDD0002DD1019B002BE3D12B78002BE0D0637B8E
:10BDE00003F03F03082B6BD8DFE803F03549236AE3
:10BDF000386A6A6A590023699B68002BE9D00123DD
:10BE0000C3E723695B6A002BE3D01023BDE76423FB
:10BE10003E4A3F493948DFF76FFC617B3D4801F0FE
:10BE20003F01DFF769FC64213848DFF74BFC04234E
:10BE3000ABE7206950B938498E23344A2F48DFF7E1
:10BE40005BFC3648DFF758FC8E21EDE72A46214699
:10BE50001030FFF70FFFA5600137A1E7206950B947
:10BE60002F499223294A2548DFF746FC2D48DFF762
:10BE700043FC9221D8E72A4621461430E9E720699D
:10BE800050B929499623214A1C48DFF735FC274839
:10BE9000DFF732FC9621C7E72A462146D9E7206919
:10BEA00050B923499A23194A1448DFF725FC214841
:10BEB000DFF722FC9A21B7E72A4621462830C8E757
:10BEC0001349A723114A0D48DFF716FC1A48DFF77C
:10BED00013FCA721A8E78BF31188BFF36F8F0136FE
:10BEE0001BE7384605B0BDE8F08F00BF00350120E4
:10BEF00028F40020D6FC02002FFD020060F50200AD
:10BF000044FD020003FD02001AFD0200174F03006A
:10BF100024F7020012500300384F0300524F030071
:10BF2000674F0300834F0300944F0300B14F03009A
:10BF3000C84F0300E34F0300FC4F03002DE9F3411A
:10BF4000294B846805460E461B6801934FF0000399
:10BF5000ECB16378012B2CD114F8533C9A0714D51B
:10BF6000A4F160073846FEF72FF9082E0CBF6FF0DA
:10BF700003030023E36314F8533CDB0605D154F8B4
:10BF8000483C13B93846FDF73BFB002323700020E3
:10BF9000EB68A860C3F38632164366F39433EB6014
:10BFA000114B1A68019B5A404FF0000318D0FEF75E
:10BFB000D7FF022BE9D12378002BE6D054F8048C6C
:10BFC000B8F1000FE1D004F11400FFF75FF900238E
:10BFD000A4F1140739464046E362FCF7FDFED4E7BE
:10BFE00002B0BDE8F08100BF0035012037B51F4C1D
:10BFF000246801944FF0000462B11D492E231D4AAC
:10C000001D48DFF779FB1D48DFF776FB2E21194825
:10C01000DFF758FB3F290AD919493023154A16483A
:10C02000DFF76AFB1748DFF767FB3021EFE753B90B
:10C03000154931230F4A1048DFF75EFB1348DFF73D
:10C040005BFB3121E3E782600902027B01F47C5152
:10C050001143C0E90313054B1A68019B5A404FF086
:10C06000000301D0FEF77CFF03B030BD0035012096
:10C070002F500300174F030060F502004F500300DC
:10C080007550030099500300A9500300BC500300F1
:10C090002DE9F04F01241D46644B85B01B680393C6
:10C0A0004FF00003624B9046D3F80890064609F122
:10C0B000600289F8604089F86140EFF3058BBBF1BD
:10C0C000000F0ED05B494FF495735B4A5B48DFF776
:10C0D00013FB5B48DFF710FB4FF495715648DFF711
:10C0E000F1FA60B9574940F22B13534A5348DFF72E
:10C0F00003FB5548DFF700FB40F22B11EEE7002968
:10C100000CDA52494FF496734B4A4C48DFF7F4FA75
:10C110004F48DFF7F1FA4FF49671DFE758EA05036D
:10C120000CBF01230023FFF7E7FD07464FF0200374
:10C13000EFF3118A83F31288BFF36F8F4548FBF743
:10C14000C9FD60B98823444A44493C48DFF7D4FA22
:10C1500040494348DFF7D0FA88213F48BFE73D48D0
:10C16000FBF7FCFD99F860401CBB3046524639464F
:10C17000FFF7A8FC3748FBF7CFFD68B940F2311351
:10C18000354A38492D48DFF7B7FA32493648DFF7E4
:10C19000B3FA40F23111E0E78AF31188BFF36F8FF1
:10C1A000224B1A68039B5A404FF0000339D0FEF728
:10C1B000D7FE58EA050389F860B00BD12548FBF794
:10C1C000ABFD0028DAD08AF31188BFF36F8F6FF0D0
:10C1D0000A04E5E75146CDE90085244A1D48FDF7EC
:10C1E00093FE04464FF02003EFF3118583F312888A
:10C1F000BFF36F8F1748FBF76DFD0028A2D01548DD
:10C20000FBF7ACFD30462A463946FFF75BFC114888
:10C21000FBF782FD0028B1D085F31188BFF36F8F43
:10C22000BEE7204605B0BDE8F08F00BF0035012015
:10C23000D4F3002042490300174F030060F50200C9
:10C240007E0B0300D6500300EC500300FB500300AC
:10C250000B51030028F40020D6FC02002FFD020041
:10C2600044FD020003FD02001AFD0200E4CF00209D
:10C2700073B5294B04460E461B6801934FF000032B
:10C280004FF02003EFF3118583F31288BFF36F8F14
:10C290002248FBF71FFD68B98823214A214922481B
:10C2A000DFF72AFA1D492148DFF726FA88211C48C2
:10C2B000DFF708FA1948FBF751FD2068844209D0DE
:10C2C000D0E9003213605A6000233146C0E90033E0
:10C2D000FFF734FE1148FBF71FFD68B940F2311338
:10C2E0000F4A13491048DFF707FA0C491148DFF7E6
:10C2F00003FA40F23111DAE785F31188BFF36F8F4B
:10C30000054B1A68019B5A404FF0000301D0FEF71D
:10C3100027FE02B070BD00BF0035012028F40020C8
:10C32000D6FC02002FFD020060F5020044FD020071
:10C3300003FD02001AFD020007B50A4B1B680193BA
:10C340004FF000030023C0E900008360054B1A682A
:10C35000019B5A404FF0000301D0FEF701FE03B0ED
:10C360005DF804FB0035012013B50A4B1B680193EF
:10C370004FF0000383680B60C3681360054B1A68B5
:10C38000019B5A404FF0000301D0FEF7E9FD02B0D7
:10C3900010BD00BF0035012073B52E4B04460D467D
:10C3A0001B6801934FF000034FF02003EFF3118659
:10C3B00083F31288BFF36F8F2748FBF78BFC68B9B4
:10C3C0008823264A26492748DFF796F92249264836
:10C3D000DFF792F988212148DFF774F91E48FBF74F
:10C3E000BDFC01212068E5608442A16011D11A489A
:10C3F000FBF792FC20BB40F23113184A1B49194845
:10C40000DFF77AF914491A48DFF776F940F231116B
:10C41000E1E7D0E9003213605A600023C0E900333D
:10C42000FFF78CFD314604460B48FDF79BF9094B9D
:10C430001A68019B5A404FF0000307D0FEF790FDA9
:10C4400086F31188BFF36F8F0024F0E7204602B017
:10C4500070BD00BF0035012028F40020D6FC02008A
:10C460002FFD020060F5020044FD020003FD020002
:10C470001AFD02002DE97F431B4B043206460D4690
:10C480001B6803934FF0000320D24FF000084FF0D9
:10C49000000941F00401CDE90089FAF76DFF044677
:10C4A000A0B144F8046B95B16B1E1C420FD025233C
:10C4B0000E4A0F490F48DFF71FF921460E482A465A
:10C4C000DFF71AF925210948DFF7FCF80024064BAD
:10C4D0001A68039B5A404FF0000301D0FEF740FD5D
:10C4E000204604B0BDE870830035012018510300D8
:10C4F0003C51030060F502006E51030007B5104B7C
:10C500001B6801934FF000030D4B78B11A68019B33
:10C510005A404FF0000301D0FEF722FD011F50F8F2
:10C52000040C03B05DF804EBFAF7EEBF1A68019B48
:10C530005A404FF00003EFD103B05DF804FB00BF99
:10C540000035012007B51A4B03280A461B680193E2
:10C550004FF0000301D983070CD016494223164A35
:10C560001648DFF7C9F81648DFF7C6F84221124827
:10C57000DFF7A8F8431E03420AD0124946230E4AA9
:10C580000E48DFF7B9F81048DFF7B6F84621EEE7B6
:10C59000074B1968019B59404FF0000301D0FEF78B
:10C5A000DFFC0146094803B05DF804EBFFF762BF0A
:10C5B00000350120965103001851030060F5020078
:10C5C000D35103006DFB020088FB0200F8D000206D
:10C5D00007B50A4B01461B6801934FF00003074B58
:10C5E0001A68019B5A404FF0000301D0FEF7B8FCD7
:10C5F000042003B05DF804EBFFF7A4BF0035012071
:10C6000073B5A0FB01540E4B1B6801934FF0000360
:10C6100024B92846FFF7DCFF064648B90026084B38
:10C620001A68019B5A404FF0000306D0FEF798FCB1
:10C630002A46214602F06DF9F1E7304602B070BD9E
:10C640000035012007B50A4B1B6801934FF000032A
:10C65000084BC0F89030064B1A68019B5A404FF0C7
:10C66000000301D0FEF77CFC03B05DF804FB00BFC3
:10C6700000350120F8D0002037B5154B04460D4693
:10C680001B6801934FF00003FBF72AF968B9114BBF
:10C690009B68D3F890304BB90D4B1A68019B5A40F8
:10C6A0004FF0000309D103B030BD0B4B084A1168AD
:10C6B000019A51404FF0000201D0FEF751FC2A468A
:10C6C0002146184603B0BDE83040FFF7D3BE00BF97
:10C6D00000350120D4F30020F8D0002007B50A4B24
:10C6E0001B6801934FF00003074B1A68019B5A40E7
:10C6F0004FF0000301D0FEF733FC044803B05DF8AF
:10C7000004EBDDF769BD00BF0035012000520300D6
:10C7100010B500240F4B86B01B6805934FF0000343
:10C720000D4B4FF49062039303AB00930B494FF012
:10C73000FF330B488DF81040FCF706FC054B1A68D8
:10C74000059B5A404FF0000301D0FEF709FC20463C
:10C7500006B010BD003501202E520300D018012074
:10C7600018E100200CB430B589B005460C461C22F7
:10C77000002101A802F0CDF8022305958DF80630BE
:10C780000D4B029323462CB1B4F1004F28BF4FF05C
:10C790000043013B1D440DAA0C9901A80695009287
:10C7A00000F0C0F914B1059B00221A7009B0BDE871
:10C7B000304002B0704700BF77E902000EB470B598
:10C7C00089B004461C2200210DAD01A855F8046B68
:10C7D00002F09FF8022301A82A4631468DF8063060
:10C7E000094B0594029304F100430095013B069325
:10C7F00000F098F90028A4BF0023235409B0BDE835
:10C80000704003B0704700BF77E902000EB470B506
:10C8100089B005461C2200210DAC01A854F8046B18
:10C8200002F077F8012301A8224631468DF8063040
:10C83000054B05950393009400F0CEFB09B0BDE8CD
:10C84000704003B0704700BF63E90200242A2DE95D
:10C85000F041044601D8012A4CD1364B162202F091
:10C86000ABF81A5001B10C6000273846BDE8F081E2
:10C8700035462E4616F8010B2028F9D0A0F10907FD
:10C880000346042FF4D92B2836D02D2837D14FF06A
:10C89000010CAE1C6B78302B38D1307840F0200082
:10C8A00078282FD132F010002CD173783446102222
:10C8B00002360CF1004000270138B0FBF2FE02FB0B
:10C8C0001E08392B82BF03F1FF3343F02003263BC0
:10C8D000303B9A421ED9774502DC03D1984501D2FC
:10C8E0004CF0020C354607FB0237344615F8013B85
:10C8F0002E46E6E70546BCE74FF0000CC9E74FF0CF
:10C90000000CC8E7002A08BF0822D2E7002A08BFA7
:10C910000A22CEE701B10C601CF0010F18BF7F4264
:10C920001CF0020FA1D0034B2222074602F044F86C
:10C930001A509AE70C000000242A2DE9F84F80468F
:10C94000894601D8012A60D1424B162202F034F800
:10C950001A50B9F1000F01D0C9F800800023194620
:10C960001846BDE8F88F31460E4616F8013B202BDD
:10C97000F9D0A3F109001C460428F4D92B2B46D08A
:10C980002D2B46D101278E1C4C78302C48D1337882
:10C9900043F02003782B3ED132F010033BD1747862
:10C9A000B0461025023617F1FF3B6FF000432A46D0
:10C9B00043F1000A584600235146DCF7A5F900234D
:10C9C0008C461946392C82BF04F1FF3444F0200410
:10C9D000263C303CA54228D998427CEB010E05DB71
:10C9E000614508BF834203D1A24201D247F002074A
:10C9F000A5FB033EB04605FB01EEE3184EF1000136
:10CA0000B6461EF8014B7646DCE70146ACE7002748
:10CA1000B9E70027B9E7002A14BF15460825C2E781
:10CA2000002A14BF15460A25BDE7B9F1000F01D051
:10CA3000C9F80080F80702D55B4261EB4101BA07F3
:10CA40008ED5044A222401F0B7FF5B4651461450AC
:10CA500086E700BF0C000000242AF0B5044601D888
:10CA6000012A40D12E4B162201F0A6FF1A5001B127
:10CA70000C600020F0BD2F463D4615F8010B202824
:10CA8000F9D0A0F109060346042EF4D92B282CD0A6
:10CA90002D282CD10126BD1C7B78302B2DD1287858
:10CAA00040F02000782824D132F0100021D16B789A
:10CAB0002C46102202350020392B82BF03F1FF33B0
:10CAC00043F02003263B303B9A421AD9A0FB0204D4
:10CAD0000CB9C01801D346F002062F462C4617F8B1
:10CAE000013B3D46E8E70746C6E70026D3E70026B8
:10CAF000D3E7002A08BF0822DDE7002A08BF0A2280
:10CB0000D9E701B10C60F20748BF4042B307B1D585
:10CB1000034B222201F050FF1A504FF0FF30A9E7DB
:10CB20000C0000002DE9F04F43688DB0154680469B
:10CB3000029383789A0740F10D8100240E78002E2D
:10CB400000F00A81252E0BD04B1C03930134414683
:10CB50003046029B98470028C0F2F6800399EDE723
:10CB60004E788B1C252E0393F0D00027B946BB4688
:10CB7000BBF11F0F38D8A6F12003102B0AD8DFE82D
:10CB800003F02A0909300909092109090928092D91
:10CB900009091F00A6F13003092B33D92A2E37D1FA
:10CBA0001BF0400F55F8043B40F08280002BA7BFDC
:10CBB0004BF0200B9946C3F100094BF0280B01E024
:10CBC0004BF0010B039B13F8016B0393002ECFD1A5
:10CBD00030E04BF0020B4BF0040BF3E74BF0080B8B
:10CBE000F0E74BF0100BEDE7BBF17F0F19D8A6F182
:10CBF0003003092BD2D81BF0400F03D00A2101FBD0
:10CC00000737DFE70A214BF0200B01FB0939D9E791
:10CC10002E2E06D11BF0400F40F09E804BF0400BB3
:10CC2000D0E76C2E31D02BD8682E36D06A2E3CD06F
:10CC30004C2E3AD0002F46F02003B8BF2BF0400214
:10CC4000A3F16501BCBF00271FFA82FB022901D9AD
:10CC5000612B2FD107350727DFF8ACA225F0070598
:10CC600008351BF0080F66D00AEB070B56465E45E9
:10CC700063D1A4EB0A0AA9EB070906EB0A026FE1EC
:10CC8000742E9FD07A2E9DD0D4E71BF0800F18BF52
:10CC90004BF4007B4BF0800B94E71BF4807F18BFB4
:10CCA0004BF4007B4BF4807B8CE74BF4207B89E7D3
:10CCB0001F4687E7A6F16301122900F2F080DFE842
:10CCC00011F013004F00EE00EE00EE00EE004F00FA
:10CCD000EE00EE00EE00EE00EE00FE00E900EE00D9
:10CCE000EE001B00EE00AF0055F8043B01270DF1EC
:10CCF000180A8DF81830B4E755F804AB834BBAF135
:10CD0000000F08BF9A461BF0400F504614BF39462B
:10CD10004FF0FF3101F014FD0746A2E74146202005
:10CD2000029B984700280FDB013EB742F6D34C44E4
:10CD3000B146A41B98E74E46F7E7414616F8010BAB
:10CD4000029B9847002892DA98F8023043F00403D7
:10CD500088F802304FF0FF3420460DB0BDE8F08F68
:10CD60001BF0800F34D01BF4007F2CD0073525F04A
:10CD70000705AA4669685AF8080B2BF01005002928
:10CD8000ADB237DA404245F4806561EB41010DF107
:10CD9000180B0A235A4601F00BFDA0EB0B0301937D
:10CDA0006B0662D5019B25F001019F4289B240F3D9
:10CDB000A180002E00F0998015F0100240F09C80B8
:10CDC000BB460D4623E0AA465AF8040BC117D4E728
:10CDD000AA461BF4807F5AF8041B01D10846F5E7E8
:10CDE0001BF4007F19BF48B241F3C01108B241F3F0
:10CDF000C031C2E750EA0103C9D11BF0400FC6D0D1
:10CE0000002FC4D12BF01102BB46019795B240F21E
:10CE1000064115EA01021CBF0BF1010B00222CE0B8
:10CE20002BF010020A231FFA82FB1BF0800C49D062
:10CE30001BF4007115BF0735AA4625F007055AF8FF
:10CE4000040B1EBFAA4669685AF8080B50EA010590
:10CE500045D12BF016051BF0400FADB242D0002F8C
:10CE600040D12BF01702019795B215F0100248D06F
:10CE7000019B002E42D103F1010B29075AD4EB0785
:10CE800006D5D9456FDDA9EB0B030199CB465F1899
:10CE90005B4649E04BF0100B10237826C5E7782B52
:10CEA00004D1C6F1780343F01003BEE741462520C4
:10CEB000029B98470028FFF647AF023447E6082355
:10CEC0000026B2E7AA461BF480715AF8040BBDD0C5
:10CED0001BF400711ABFC0B2614680B2B6E72BF0F6
:10CEE000060295B20DF1180B54E725F01105BB466B
:10CEF000ADB28CE70D46B8E73B460D4603F1020B99
:10CF0000BBE7DDF804B082E73E520300375203006E
:10CF1000CDE9043241462020029B98470028FFF6C5
:10CF200013AF049B059A01339945F1DCA4EB0B0187
:10CF30009B46CC180AB341463020029B98470028F4
:10CF4000FFF602AF8EB901342744391B019B994289
:10CF500024DC1D4655BB019AA9EB0B09554622441A
:10CF60001446914433E0019F92E702344146304633
:10CF7000029B98470028E7DAE6E640F206410D42B8
:10CF8000E2D015F0020F04F10104414614BF2B203A
:10CF9000202015F4806F18BF2D20E9E7414630208E
:10CFA000029B013498470028CFDACDE606AB013D5D
:10CFB0004146585D029B98470028CBDAC4E64146BB
:10CFC0002020029B013498470028FFF6BDAEA9EB54
:10CFD0000403002BF3DCC1E52DE9F04F804600206F
:10CFE00091B08246029207900D4615F8014BACB104
:10CFF000202C17D0A4F10903042B13D9252C17D00A
:10D0000007A9404601F02AFC031EC0F2FF80DBB2F4
:10D01000A3420BD007AA414601F040FC504611B094
:10D02000BDE8F08F07A9404601F043FC2946DBE745
:10D030004C788D1C252CE3D02A2C21D1CD1C8C784A
:10D0400001264FF0000906E00A2246F0020615F814
:10D05000014B02FB0939A4F13003DBB2092BF3D9F0
:10D0600016F0020F08BF4FF0FF396C2C35D009D8ED
:10D07000682C26D06A2C3ED04C2C37D034B9CDE762
:10D080000026DEE7742C33D07A2C31D02146A54817
:10D0900001F00AFB0028C1D016F001030CBFDDF837
:10D0A00008B00027039304BF5BF8047BCDF808B0F9
:10D0B0006E2C23D1079A00233846009601F0D8FB46
:10D0C000B4E72C78682C03D046F020060135D5E76C
:10D0D00046F030066C780235D0E72C786C2C02D004
:10D0E00046F00406F2E746F00C06F3E746F00C06BD
:10D0F00015F8014BC2E746F00806F9E7632C18D192
:10D1000016F0020F08BF4FF0010907A9404601F0D1
:10D11000A5FB00287ADB0FB107F8010BB9F1010973
:10D12000F3D1039B002B81D10AF1010A5FFA8AFA3D
:10D130007CE75B2C7FD1202200210DEB020001F067
:10D14000E8FB00224FF0010C16461146144615F874
:10D15000013B002B54D05E2B03D1F2B901240132E4
:10D16000F5E7A24219DD5D2B1FD02D2B15D1C1B1E2
:10D1700010A803F00701B34200EBD3000CFA01F151
:10D1800010F820EC41EA0E0100F8201C0BD034BF4F
:10D19000013303F1FF33DBB2EAE7002908BF1E4683
:10D1A000E6E70121DBE70021D9E729B19DF8253029
:10D1B00043F020038DF825304CB120230DEB030202
:10D1C0001178013B6FEA010102F8011BF8D101243B
:10D1D00007A9404601F042FB031E10DBC3F3C40164
:10D1E000DAB203F007034031694411F8201C41FA18
:10D1F00003F3D90711D407AA414601F04FFBA4B1AC
:10D2000098F8023013F00C0F3FF408AFBAF1000F9A
:10D2100014BF50464FF0FF3001E70FB107F8012B64
:10D22000B9F101094FF00004D2D1002F3FF479AFDA
:10D2300000233B7075E707A9404601F03AFB002840
:10D24000E4DB6F2C54D035D8642C53D0693C18BF24
:10D250000124240107A9404601F000FB2B2803D03C
:10D260002D280AD146F04006B9F10109C8D007A916
:10D27000404601F0F3FA0028C2DB30286DD1B9F145
:10D280000102049206D007A9404601F0E7FA0028FF
:10D29000049A31DA4FF00009CB46730603D5D9F171
:10D2A00000096BEB4B0B4A465B463846009601F093
:10D2B000DFFA36E7732C0AD0752C0CBF0A24102431
:10D2C000C8E70FB107F8010BB9F10109ADD007A903
:10D2D000404601F0C3FA0028A7DB202803D0A0F1C4
:10D2E0000903042BEDD807AA414601F0D7FA9CE7C1
:10D2F0000824AFE70A24ADE740F0200346F080069B
:10D30000782B11D134F0100311D1B9F1020204923B
:10D31000C0D007A9404601F0A1FA0028049AB9DB61
:10D32000102404E046520300002C08BF08244FF0EC
:10D330000009CB463928014682BF00F1FF3141F098
:10D340002001263930398C420CD807AA414601F019
:10D35000A5FA32067FF554AF9FE74A46002CE6D186
:10D360000A24E4E7A4FB099046F0800611EB0909C2
:10D3700004FB0B0040F1000B013ACDE904228CD0F4
:10D3800007A9404601F06AFA0028049AD2DA84E735
:10D39000F0B589B005460C46164600211C2201A8AE
:10D3A0001F4601F0B6FA0223204605958DF8063097
:10D3B0000A4B02932CB1B4F1004F28BF4FF000404C
:10D3C000013805443A46314601A80695FFF7AAFB05
:10D3D00014B1059B00221A7009B0F0BD77E9020074
:10D3E000022904D0042906D0012900D170478068A1
:10D3F00008B1F0F7BBBD7047002210B50468944235
:10D4000000D110BD00EBC2014B68013223F0FF03D5
:10D4100043F003034B60F2E70420F7F77DBC0420E0
:10D42000F7F7AABCF7F722BC38B504460025031D60
:10D430002268AA4201D8002319E04FF00002D3E885
:10D44000CF0F032804D1C3E8CC2FBCF1000FF6D1D5
:10D4500002D008330135EBE701EB85131846402273
:10D46000002101F056FA034604EBC504A0601846FB
:10D4700038BD0830704738B5054620B9F7F718FFB2
:10D4800080B9002038BDF0F755FD04460028F8D0DB
:10D49000F7F70EFF38B92046F0F768FD0120F0F7E6
:10D4A000E5FCEEE72C46C56040F8084FEAE740EAA5
:10D4B0000141104640F8081DF7F70CBFF7F704BF0D
:10D4C000F7F7FCBEF0F736BD08B5F0F74FFDBDE845
:10D4D00008400120F0F7CABC0429F8B505461746F4
:10D4E00003D0102910D000240CE00820F0F7ECFC49
:10D4F00004460028F7D000234360012347800380BF
:10D500002B6843602046F8BD1620F0F7DDFC04468A
:10D510000028E8D0061D12220021304601F0F9F95A
:10D52000022323802B46678005F1100253F8041B69
:10D53000934246F8041BF9D1E4E7134609B9116098
:10D5400070470A88012A02D0022A07D070471A6859
:10D55000082A28BF08221A6001F0CEB91A68162AD4
:10D5600028BF1622F7E708B5F8F7DAFB40B100F15B
:10D570001C03D3E8EF1F0131C3E8E21F002AF8D1F2
:10D5800008BD006808B1F8F779BB704737B50025CA
:10D59000036804460093838F6846ADF80650ADF8E3
:10D5A000043000F0E6FD38B1A36B6846984794F864
:10D5B0003E300BB1A563E56303B030BD4068003871
:10D5C00018BF0120704700230B60836813B9C0E9BE
:10D5D0000111704719608160704738B505460C46E7
:10D5E000F7F77EFEAA68236894426B6008BFAB60C1
:10D5F00000232046236000F04DF9BDE83840F7F7DE
:10D6000075BE406870470069431E584258417047D4
:10D610000069831E5842584170470069C31E584232
:10D62000584170474069B0F5817F05D040F2111331
:10D63000C31A5842584170470120704790F82000A3
:10D64000C0F34000704790F82000C0F3800070479E
:10D6500090F82000C0F3C0007047006C00F001009B
:10D66000704790F8200000F0010070470369012B1B
:10D6700005D18069A0F180035842584170470020CD
:10D68000704790F82000C0097047836933F0800329
:10D6900014BF01200020704790F82000C0F3401014
:10D6A0007047806B003818BF0120704790F8340035
:10D6B000431E58425841704708B590F82030014643
:10D6C00013F001020BD1FFF7E0FF28B90846FFF77E
:10D6D000CDFF80F00100C2B202F0010008BD0022BF
:10D6E000FAE770B504460D4616462046FFF7E4FFFC
:10D6F00070B155B1284600F0BCF848B93146022057
:10D70000F0F73AF90028F0D070BD6368002BF5D02F
:10D710000020F9E74068003818BF0120704790F8F2
:10D720002200003818BF0120704710B50446FFF7EB
:10D73000ACFF94F82010C1F3401340EA03022369C0
:10D7400082F00102012B14BF0123C1F38003D2B286
:10D7500020461A40FFF766FF48B1C1F3001120468A
:10D76000FFF784FF0A4080F00100104010BD012146
:10D77000F5E710B50C46F8F7D3FA28B190F8203049
:10D7800064F3861380F8203010BD10B50C46F8F70E
:10D79000C7FA28B190F8213064F3000380F82130F3
:10D7A00010BDD0E9092353EA020109D04FF47A7180
:10D7B000B3FBF1F001FB02000128B8BF0120704764
:10D7C0004FF0FF307047D0E90B2353EA020109D034
:10D7D0004FF47A71B3FBF1F001FB02000128B8BFEE
:10D7E000012070474FF0FF307047013802288CBF8E
:10D7F000002001207047013802288CBF0020012042
:10D8000070470388012B03D0022B06D001207047FC
:10D81000082914BF0020012070471629F9E70329C1
:10D8200015D011280CD004DC88B106280AD00020BD
:10D830007047B0F5817F05D040F211139842F6D1C0
:10D84000022900E0012914BF0020012070470120B7
:10D850007047C368012B03D0022B07D0012070470B
:10D860000888012814BF002001207047088802287A
:10D87000F8E700B10068003818BF0120704700B118
:10D88000006870474389406818447047028940899E
:10D89000101A704710B504464068FFF70FFEE068A5
:10D8A00008B1F0F72DFB2046BDE81040F0F728BB8B
:10D8B00010B50446206800B910BD62680368904244
:10D8C000236008BF6360FFF7E5FFF3E700F015BDD5
:10D8D00010B5044660B1406908B1F0F711FBA069CA
:10D8E00008B1F0F70DFB2046BDE81040F0F708BB8B
:10D8F00010BD10B5044600F0FEFC23684360A36928
:10D9000083602046BDE8104000F0F7BC2DE9FF41E0
:10D9100080460F461646FFF768FF38B96A20F0F7D1
:10D9200009F94FF0FF3004B0BDE8F0813046F8F758
:10D9300049FA08B97B20F2E73846FFF75CFF08B9DF
:10D940006B20ECE739463046FFF769FF0028F7D037
:10D95000F8F7B2F9054608B91720E0E70020FFF70D
:10D960008AFD044620B92846F8F7ECF96920D6E785
:10D970004FF0FF330C22037443748374C374002389
:10D98000027243728372C3724046F9F711F8606104
:10D99000384600F058FC0146A061304600F054FCC7
:10D9A0002146E06101AA47F201000295F9F72CF83F
:10D9B000044620B12846F8F7C5F92046AFE7C5E987
:10D9C000038728686E61AEE773B506460C461546B8
:10D9D000FFF7C9FD019050B90920F0F7ABF84FF0FF
:10D9E000FF3401A8FFF7CDFD204602B070BDFFF760
:10D9F0004CFE10B1019B9869EFE70198FFF723FEF9
:10DA000008B17F20E9E70198FFF718FE08B17820F8
:10DA1000E3E70CB90E20E0E721460198FFF719FF74
:10DA200008B96A20D9E729462046FFF7EAFE08B977
:10DA30001620D2E70198FFF710FE054620B1019BA2
:10DA40005D69113D18BF01250020FFF714FD024656
:10DA500008B96920C1E700231421066101724372ED
:10DA60008372C3722188012911D0022917D001992C
:10DA7000042091F8203043F0020381F8203047F26F
:10DA80000201D560FFF713FDCDB17720A5E76188CE
:10DA9000C37581820421817563688361E7E76188CA
:10DAA000C37581821021231D8175143400F1180182
:10DAB00053F8040BA34241F8040BF9D1D7E70198BE
:10DAC000FFF781FE00900198FFF7B8FD20B901989B
:10DAD000846984B1204680E769460220EFF74CFF55
:10DAE00010F10B0F05D00028EDD00028B8BF404240
:10DAF00073E7742071E7FFF795FD00283FF471AFDD
:10DB0000DDE90010F8F7DAFE04466AE730B585B0C3
:10DB100005460C46F8F704F938B90920F0F70AF879
:10DB20004FF0FF33184605B030BD0CB90E20F5E7B5
:10DB30002146FFF78EFE08B96A20EFE70020FFF7C5
:10DB40009AFC014608B96920E8E700231422056120
:10DB5000027243728372C3722288012A0AD0022A97
:10DB600010D047F2050001AAF8F74EFF034600283F
:10DB7000D8D0D3E76288C375828204228275636835
:10DB80008361EEE76288C37582821022231D82754D
:10DB9000143400F1180253F8040BA34242F8040BAA
:10DBA000F9D1DEE730B585B005460C46F8F7B8F890
:10DBB00038B90920EFF7BEFF4FF0FF33184605B024
:10DBC00030BDFFF720FD08B95F20F3E70020FFF725
:10DBD00052FC014608B96920ECE70023042224EA3C
:10DBE000E474027243728372C372056144616A44D1
:10DBF00047F20800F8F708FF03460028DED0D9E70F
:10DC0000F0B593B007460D461446FFF7ACFC029002
:10DC100050B90920EFF78EFF4FF0FF3402A8FFF74D
:10DC2000B0FC204613B0F0BD15B11CB90E20F1E7D1
:10DC3000002CFBD1FFF7E7FC08B95F20EAE7029868
:10DC4000FFF70BFD28B10298FFF769FD08B90B201B
:10DC5000E0E70298FFF7A5FD01900298FFF701FDAC
:10DC600050B10298FFF75BFD0028D2D0F8F724F8F6
:10DC7000064680B91720CDE70298FFF750FD00282F
:10DC8000EFD1022001A9EFF777FE0028E5D00028A8
:10DC9000B8BF4042BEE70020FFF7EDFB014620B9C8
:10DCA0003046F8F74FF86920B4E70761049675B17C
:10DCB0007CB10CAB47F20C0003AA0593F8F7A4FE65
:10DCC000074640B13046F8F73DF83846A2E72B4604
:10DCD000F0E72346EEE73DB134B1BDF83630042B12
:10DCE00004D0102B15D02760346897E701232768EC
:10DCF000ADF81830082F28BF0827BDF83430ADF82C
:10DD00001A300E9B07933A46284606A900F0F4FD08
:10DD1000E9E70223ADF81830BDF8343007AFADF8AD
:10DD20001A3012ABADF82C0013E90F0087E80F0092
:10DD30002768162F28BF1627E5E72DE9F04F87B093
:10DD4000894616461D46109F009003F0400803F4D4
:10DD5000007AF7F7E5FF044638B90920EFF7EAFE45
:10DD60004FF0FF3007B0BDE8F08F35F4107305D1E8
:10DD7000B8F1000F11D0BAF1000F01D05F20EDE72C
:10DD8000FFF721FD02902046FFF767FCA8B9B8F124
:10DD9000000818BF4FF0010805E0FFF714FD0290DE
:10DDA000BAF1000FEFD02046FFF780FC40B12046CB
:10DDB000FFF76BFC68B1A069D0E74FF00108F2E70C
:10DDC0002046FFF762FC0028F5D12046FFF74EFC05
:10DDD000F0E72046D7B1FFF716FC00BB39462046D6
:10DDE000FFF737FD08B96A20B8E738461199FFF701
:10DDF00008FD08B91620B1E72046FFF709FC70B10D
:10DE00002046FFF70FFC50B17F20A7E7FFF700FC8B
:10DE100028B12046FFF717FC08B979209EE7204675
:10DE2000FFF7F1FB40B12046FFF7FCFB20B1B6F550
:10DE3000006F28BF4FF40066FFF742FBB04206D2E6
:10DE40002046FFF7E0FBC8B1FFF73AFB0646002586
:10DE50002046FFF721FC18B12046FFF72DFC78B9CA
:10DE60003046FFF708FB8346C8B9012002A9EFF747
:10DE700083FD80B9B8F1000FF2D004E07A206DE79D
:10DE8000B8F1000F01D00B2068E7022002A9EFF7DC
:10DE900073FD0028DCD00028B8BF40425EE7009B3D
:10DEA0000361B9F1000F04D032464946006800F022
:10DEB00023FD94F8340000283CD0F8F799FD0021A8
:10DEC000024684F83410BAF1000F0ED0029D42F0E1
:10DED00040026B1C30D04FF47A7195FBF1F5ADB276
:10DEE000B5F5167F28BF4FF41675002F47D0204692
:10DEF0000192FFF788FB019A002840D11A218BF884
:10DF000009008BF808108BF80A008BF80B00CBF88F
:10DF10001420ABF82C503A88012A10D0022A1AD0CB
:10DF200047F20700594603AAF8F76EFD0346B8BB4F
:10DF3000049817E70246C6E74FF41675D5E77A88C6
:10DF40008BF81B00ABF8182004228BF81A207A6893
:10DF5000CBF81C20E4E77A880BF11C01ABF8182001
:10DF600010228BF81B008BF81A2007F114003A1DC1
:10DF700052F804CB824241F804CBF9D1D0E700211A
:10DF800006208BF809108BF808008BF80A1047F26E
:10DF900006008BF80B10CBF81420ABF81850C1E733
:10DFA0000C2806DC0A2807DDB8F1000F3FF450AF5B
:10DFB00069E78C283FF4D2AE1846CFE62DE9F74F3B
:10DFC0008946DDE90C7A15461E4603F48078FFF792
:10DFD000CAFA019058B90920EFF7ACFD4FF0FF37AE
:10DFE00001A8FFF7CEFA384603B0BDE8F08F36F44B
:10DFF000A17301D05F20EFE727B1BAF1000F04D180
:10E000000E20E9E7BAF1000FFAD1FFF7FCFA28B1C8
:10E010000198FFF718FB08B98020DDE70198B8F1F7
:10E02000000F16D1FFF719FB08B9730611D5019837
:10E03000FFF7C4FA68B90198FFF727FB48B90198C0
:10E04000FFF714FB28B90198FFF70BFB08B90B2069
:10E05000C2E70198FFF7A5FB6A46009000210198EE
:10E06000FFF73FFB18B10028B8BF4042B4E7019862
:10E07000FFF7A4FA88B90198FFF7F8FA002876D1DB
:10E080000198FFF7EEFA0028A5D10198FFF7FDFAF5
:10E090000028A3D0019B98699EE70198FFF7B1FA89
:10E0A000044627B1C16852463846FFF746FA0027B2
:10E0B00006F0020A2046FFF7E9FBA8421DD82046D9
:10E0C000FFF7E4FB0646002E8AD02046FFF7DAFB76
:10E0D00009EB070B01463246584600F00DFC01984B
:10E0E0003744FFF795FA50B1BAF1000F7FF478AFDB
:10E0F00021460198FFF771FA72E72E46E3E701988F
:10E10000FFF78BFA0028EFD1BAF1000F14D0B54217
:10E110003FF466AFB8F1000F04D06A46214601987B
:10E12000FFF7DFFA2046AD1BFFF7A9FB04460028E6
:10E13000C0D1002F9FD053E76389204633446381C9
:10E14000FFF7A4FB18B921460198FFF746FAB5423C
:10E150003FF446AFAD1BB8F1000F04D06A46002172
:10E160000198FFF7BEFA0198FFF74BFADEE70027A8
:10E1700036E738B504460068F7F7D2FD054628B9FA
:10E180000120E38843F02003E38038BDFFF769FAFC
:10E190000028F5D12846FFF778FAF8B1E38843F074
:10E1A0000803E380A388DA0707D52846FFF7B2FA09
:10E1B000E8B1E38843F00103E380A3885B0707D558
:10E1C0002846FFF7B2FA18B1E38843F00403E3806E
:10E1D000B4F90600003818BF0120D6E72846FFF73B
:10E1E00045FA0028DED0E38843F01003D9E728463B
:10E1F000FFF795FA0028DCD12846FFF737FA002808
:10E20000D7D1DAE738B50D461446F7F789FD28B9B6
:10E210000920EFF78FFC4FF0FF3006E0032D03D00D
:10E22000042D03D01620F4E7006C38BD012CF9D87A
:10E2300004640020F9E7431F002B03D8DFE803F054
:10E240000100032070477047292815D005DC0628F7
:10E2500014D0112814D048B17047B0F5817F0DD08B
:10E2600040F2111398420BD0FF280CD1012909D09C
:10E27000022908BF0220704706207047012070471E
:10E280000220704708467047292811D00ADC01286F
:10E2900010D0062810D0002808BF042018BF4FF067
:10E2A000FF307047B0F58D7F08D0B0F5007FF5E7FF
:10E2B0000620704708207047012070474FF4807097
:10E2C000704708B5031F092B0FD8DFE803F00811CA
:10E2D000050E0E0E0E0E0E056FF0010008BD732028
:10E2E000EFF728FC6FF00A00F8E7F8F775FBF7E79F
:10E2F0006FF06300F2E7C06870474269C3681A6054
:10E30000704708B5034624301AB95A6242600020AB
:10E3100008BD082A28BF082200F0EEFAF7E708B582
:10E3200003462C301AB9DA624260002008BD082A80
:10E3300028BF082200F0E0FAF7E738B504460D469A
:10E3400039B1082A0BD01620EFF7F4FB4FF0FF305D
:10E3500038BD002AF7D18263C2630020F8E7F6F7E0
:10E36000BFFF95E8030004F1380383E8030020466B
:10E37000FFF70CF9F6F7BAFFEFE773B50446086844
:10E380000D461646F8F734FB002801DB042E06D0B4
:10E390001620EFF7CFFB4FF0FF3002B070BD2B68B7
:10E3A000204684F83430FFF781F900230028F4D0A8
:10E3B000CDE900331A4619462068FFF7BEFCECE7AA
:10E3C00008B509B1042A05D01620EFF7B3FB4FF0CA
:10E3D000FF3006E00B782BB1012BF5D180F84830E7
:10E3E000002008BD0223F9E710B5541E1B2C02D8EB
:10E3F00012F0030405D01620EFF79CFB4FF0FF301E
:10E4000010BD930880F84B304C3000F075FA204670
:10E41000F6E708B509B1042A05D01620EFF78AFB04
:10E420004FF0FF3008BD0B78003B18BF012380F888
:10E4300049300020F6E708B509B1042A05D01620B6
:10E44000EFF778FB4FF0FF3008BD0B6880F84A30DB
:10E450000020F9E770B5054614460E4631B992B171
:10E460001620EFF767FB4FF0FF3070BD002AF7D0A2
:10E47000406C08B1EFF744FD601CEFF725FD6864C0
:10E4800038B96920EDE7406C08B1EFF739FD00209D
:10E49000EBE72246314600F02FFA00226B6C1A554A
:10E4A000F5E710B5134612680446042A28BF042273
:10E4B00008461A6004F1180100F01EFA0020A0615D
:10E4C00010BD10B5134612680446082A28BF08225A
:10E4D00008461A6004F1240100F00EFA002010BD75
:10E4E00010B5134612680446082A28BF08220846B9
:10E4F0001A6004F12C0100F0FFF9002010BD13B5E3
:10E500000446134694F84820084601921A6801A967
:10E51000042A28BF04221A6000F0EEF9002002B09D
:10E5200010BD13B50446134694F8492008460192DD
:10E530001A6801A9042A28BF04221A6000F0DCF935
:10E54000002002B010BD13B50446134694F84A20CB
:10E55000084601921A6801A9042A28BF04221A60F9
:10E5600000F0CAF9002002B010BD10B504460846FC
:10E57000114694F84B309A000B689A4228BF1A460D
:10E580000A6004F14C0100F0B7F9002010BDF8B5A5
:10E59000456C0E461446176875B12846DAF72EFD0D
:10E5A0000130B842024628BF3A462946304622602A
:10E5B00000F0A2F90020F8BD3A462946304600F0A6
:10E5C000A8F92560F6E770B504460E4600F025F878
:10E5D0000546206808B1FEF771FF48F202039E422B
:10E5E00018D048F209039E4214D048F201039E421B
:10E5F0000BD16B684BB104F1140204F1380152F8ED
:10E60000040B8A4243F8040BF9D12046BDE8704060
:10E6100000F005B863696B60F7E7C068704702698E
:10E62000C3681A607047F8F7CFBA9A4208B501D9A3
:10E63000E0F792FB814204D88B189842F8D38142CC
:10E6400002D183189942F3D3BDE8084000F054B9D1
:10E6500070B50546084616460C46DAF7CFFC421C54
:10E66000B24201D9E0F778FBAC4204D8A3189D422E
:10E67000F8D3AC4202D1AB189C42F3D321462846D2
:10E68000BDE8704000F038B90139024410B590423D
:10E6900001D1002005E0037811F8014FA34201D019
:10E6A000181B10BD0130F2E7C9B20346184613F833
:10E6B000012B12B18A42F9D17047002918BF0020FE
:10E6C000704730B50A440546914201D100200FE061
:10E6D00015F8013B11F8014BA3F141001928A4F1F1
:10E6E000410098BF2033192803D82034181BEBD0E1
:10E6F00030BD181BFCD1002CE6D1F9E710B56AB18A
:10E700000139841810F8012B11F8013F9A4203D106
:10E71000A04201D0002AF5D1D01A10BD1046FCE766
:10E7200010B50139044632B111F8013F013A00F841
:10E73000013B002BF7D1002100F0EBF8204610BD83
:10E740000246014410B58A42134603D01C780132B8
:10E75000002CF8D1181A10BD38B511F0FF0403468B
:10E760000ED12146BDE83840FFF79EBF431C054649
:10E7700021461846FFF798FF0028F7D1284638BDF4
:10E780000025F5E70A7870B56AB970BD9A4209D1DB
:10E790000C46054614F8013F002BF6D015F8016F22
:10E7A0009E42F7D001300378002BEFD11846ECE7FA
:10E7B000F0B5C3F13707044603F01F031046FFB25C
:10E7C000082BE6B232D0102B3DD06508A40845EAEC
:10E7D000C17544EA81748A082D1942EB5102290956
:10E7E00041EA02716D1842EB1212290A41EA0261F4
:10E7F0006D1842EB1222290C41EA02416D1842EBDE
:10E800001242AD1842F10002EC0844EA4274D10809
:10E8100004EB8402A6EB4205EDB2092D0CD90134BC
:10E82000A5F10A0541F10001EDB212E0E40806F09D
:10E83000070544EA4174C908303554EA010200F87A
:10E84000015BBDD1F0BD240906F00F0544EA017457
:10E850000909092D84BFED19EDB2EDE710B50C469D
:10E8600000F05FF80028A2BF23680133236010BDC9
:10E87000BDF8001068B111F0100F01D002707047A0
:10E8800011F0080F02D0C0E9002370474B0701D5F3
:10E89000026070478B06FBD50280704710B51446A6
:10E8A00000F071F80028A2BF236803F1FF33236052
:10E8B00010BD70B505460E4631462846FFF7CEFF1F
:10E8C000041E09DB202CF7D0A4F10903042BF3D993
:10E8D00032462946FFF7E2FF204670BDC9B2034623
:10E8E000024410B59342184601D1002003E0047899
:10E8F00001338C42F6D110BD0A44431E914200D12F
:10E90000704710B511F8014B914203F8014FF9D14E
:10E9100010BD02440346934200D1704703F8011B27
:10E92000F9E710B583780446DB0717D54FF00002EE
:10E93000D4E85F3FC4E8512F0029F9D19BB213B14D
:10E94000581EC0B20CE0A36898470028F9DA0130DD
:10E95000A37814BF082204221343A3704FF0FF30A2
:10E9600010BD02690346107810B101321A61704778
:10E970006FF001007047D1E9043293421EBF5A1C68
:10E980000A61187070478B78DA0702D44FF0FF30B5
:10E990007047431CFAD0C0B2431CD1E8DF2F002AD5
:10E9A00004D1C1E8DC3FBCF1000FF6D1EED18B7889
:10E9B00023F008038B70704701480068704700001F
:10E9C0002CE2002078A3FD7F01000000C9ED0000CB
:10E9D0000000000045EE000000000000A5EE000071
:10E9E0000000000009EF00000000000055EF0000EB
:10E9F00000000000DD2F020000000000FDC101004A
:10EA0000A0EA02000573020000000000397602004F
:10EA100000000000E9C80100B4EA0200E9C60100F4
:10EA2000C8EA020095D00100DCEA02001DC6010020
:10EA30000000000029D7010000000000C5C0000050
:10EA40000000000005D9010000000000A9E101005C
:10EA50008CEA020081ED000000000000A9330200F2
:10EA60000000000011C7020000000000EDBC010022
:10EA7000F0EA0200D50F0100000000002DEF0100B8
:10EA800000000000A1DF0100000000004D1903009C
:10EA900000000000CCCE00208ED000209CEC002096
:10EAA00065130300A4EF0200BCEF020086D0002033
:10EAB000E0EA0020B1140300E0EF0200F8EF0200EA
:10EAC0008AD000203CEB00208A13030000000000E5
:10EAD000D8EF020088D0002000000000E4140300FA
:10EAE0001CF0020048F002008CD00020B0CE0020C4
:10EAF000EC120300000000008CEF020084D0002024
:10EB0000000000000000000085E30000000000009D
:10EB100085E300000000000085E300000000000025
:10EB200085E300000000000085E300003D3B02009B
:10EB3000E53502000000000085E300000000000051
:10EB400085E30000DCEA0200FDCF010000000000C8
:10EB500085E300000000000085E3000000000000E5
:10EB600085E300000000000085E3000000000000D5
:10EB700085E30000F0EA020055BD0100000000003E
:10EB8000ED5102000000000085E3000000000000DD
:10EB900085E300000000000085E3000000000000A5
:10EBA00085E300000000000085E300000000000095
:10EBB000DDD401000000000085E30000000000003B
:10EBC00085E300000000000085E300000000000075
:10EBD00085E300000000000085E300000000000065
:10EBE00085E300000000000085E300000000000055
:10EBF00085E300000000000085E300000000000045
:10EC000085E300000000000085E300000000000034
:10EC100085E300000000000085E300000000000024
:10EC200085E300000000000085E300000000000014
:10EC300085E300000000000085E300000000000004
:10EC400085E300000000000085E3000000000000F4
:10EC500085E30000D94D0200E53502000000000008
:10EC600085E300000000000085E3000000000000D4
:10EC700085E300000000000085E3000000000000C4
:10EC800085E300000000000085E30000214B020046
:10EC9000E53502000000000085E3000000000000F0
:10ECA00085E300000000000085E300000000000094
:10ECB00085E300000000000085E300000000000084
:10ECC00085E300000000000085E300000000000074
:10ECD00085E300000000000085E300000000000064
:10ECE00085E300000000000085E300000000000054
:10ECF00085E300000000000085E300000000000044
:10ED000085E300000000000085E300000000000033
:10ED100001000000FDE3010075EE010000000000AD
:10ED20000000000061F60000F9F70000F512030092
:10ED300003000000361A03000300000090FA0200EE
:10ED4000030000007C130300030000007D2C03007F
:10ED50000300000061FE020003000000FCFE020050
:10ED600003000000E8000300030000004721030047
:10ED7000030000005C3703000300000003070300EA
:10ED800003000000920B030003000000080C0300C6
:10ED900003000000EC18030003000000D32F030061
:10EDA000030000001F0A030003000000BC09030069
:10EDB00003000000110A0300030000007F2E03007F
:10EDC00003000000270A030003000000EE14030004
:10EDD0000300000090EE0200B8C80020D700030036
:10EDE00001000000FFFFFFFFFFFFFFFFFFFFFFFF2E
:10EDF0000000000000000000000000000000000013
:10EE00000338FDD870470000000000001E0000001D
:10EE10002EF40020080000000E00000059AC000095
:10EE200001AD00000000000085AC000040D40020CF
:10EE30000001000035C40000EDBF0000020000002A
:10EE400075D4000000000000000000000000000079
:10EE5000000000005F0003006700030000000000E6
:10EE600000000000000000006F00030073000300BA
:10EE7000770003007B00030080EE020000E2002028
:10EE8000B1D6000020E2002068F40020010000005C
:10EE900071D600003DD6000005D60000F9D600006E
:10EEA00000000000D1D500000000000080C5002057
:10EEB000000000000600010002000000C0EE020099
:10EEC000000000004409030006000000E0FF0F00FE
:10EED00068C500204C09030021000000E0FF03206A
:10EEE00085F1000000000000B9F000001D0A0100DB
:10EEF0009503010025FF000069FC0000DDFF000014
:10EF0000750001008D010100150201006506010078
:10EF100069030100F1090100110B0100310C01002E
:10EF200099040100050D0100BD0D01000000000065
:10EF3000000000000000000000000000E0EE020001
:10EF400044EF020080000000501D0120E0EE0200AE
:10EF500054EF020080000000102701200000000094
:10EF6000000000000000000000000001E0EE0200D0
:10EF700074EF0200FF000000D0310120E0EE02003B
:10EF800084EF020000020000E8320120E5B9010030
:10EF900001BB01005802000091BF0100B1C1010096
:10EFA0000000000075C3010069C401007013030074
:10EFB000F9BF010029C00100761303000DC4010050
:10EFC00081C101002DBF01000000000089C00100C7
:10EFD0000000000000000000B1C6010000000000B9
:10EFE000FFFFFFFF0025844000000000000000003C
:10EFF000001003400100000045CB01001DC70100C7
:10F0000051C7010089C70100B9C70100E9C7010064
:10F01000B9C9010025C801000000000000800040BF
:10F0200002000000000000002CF002000080004000
:10F0300038F002000100000040F002000200000071
:10F040001B0000009A01010065CF010015D30100EB
:10F0500031CF01008DE60100C1E30100A5EA010006
:10F06000A9E9010085EB010031ED0100000000007D
:10F0700061E50100E9E4010091E30100C1EB010059
:10F08000C1E70100D9E90100CDE201001DE2010064
:10F0900071E801000000000000000000781A030081
:10F0A0007D1A0300851A0300901A03000000000077
:10F0B0001D21030023210300292103002F21030028
:10F0C000352103003B21030041210300622A030094
:10F0D000742A0300862A0300932A0300A42A03004B
:10F0E000B42A0300BE2A0300D12A0300E42A030045
:10F0F000F72A030058020000100E0000A08C000048
:10F10000020000001E0000003C00000000941100FE
:10F1100000000000020000003C0000006801000048
:10F120003C0000003C0000003C0000003C000000EF
:10F1300000000000C1230200352302006523020005
:10F1400095230200ED2302006D22020099220200A5
:10F15000A5270200CD2202002126020081260200FE
:10F1600001230200C5280200F55B020009610200CC
:10F1700000000000C7E50200496A0200816B02003E
:10F18000781A03007D1A03000745030013450300A6
:10F190000000000200000001000000040000000860
:10F1A00000000010000000000C00000069000000DA
:10F1B0000B0000007200000080000000160000003C
:10F1C00070000000780000007F0000008000000058
:10F1D00071000000680000001600000074000000CC
:10F1E0007300000073000000710000008C0000003C
:10F1F0007A0000000D0000000B0000000B00000072
:10F2000076000000ADBAADBAADBAADBAADBAADBA1E
:10F21000ADBAADBAADBAADBAADBAADBAADBAADBAB6
:10F22000ADBAADBAADBAADBAADBAADBAADBAADBAA6
:10F23000ADBAADBAADBAADBAADBAADBAADBAADBA96
:10F24000ADBAADBAADBAADBAADBAADBAADBAADBA86
:10F25000ADBAADBAADBAADBAADBAADBAADBAADBA76
:10F26000ADBAADBAADBAADBAADBAADBAADBAADBA66
:10F27000ADBAADBAADBAADBAADBAADBAADBAADBA56
:10F28000ADBAADBAADBAADBAADBAADBAADBAADBA46
:10F29000ADBAADBAADBAADBAADBAADBAADBAADBA36
:10F2A000ADBAADBAADBAADBAADBAADBAADBAADBA26
:10F2B000ADBAADBAADBAADBAADBAADBAADBAADBA16
:10F2C000ADBAADBAADBAADBAADBAADBAADBAADBA06
:10F2D000ADBAADBAADBAADBAADBAADBAADBAADBAF6
:10F2E000ADBAADBAADBAADBAADBAADBAADBAADBAE6
:10F2F000ADBAADBAADBAADBAADBAADBAADBAADBAD6
:10F30000ADBAADBAADBAADBAADBAADBAADBAADBAC5
:10F31000ADBAADBAADBAADBAADBAADBAADBAADBAB5
:10F32000ADBAADBAADBAADBAADBAADBAADBAADBAA5
:10F33000ADBAADBA6F0000006F0000006F000000B2
:10F340006F0000006F0000006F0000006F00000001
:10F350000B0000007A000000470000000B000000D6
:10F360000B0000005F0000000410000001700000AE
:10F3700004700000FFFFFFFFFFFFFFFFFFFFFFFF25
:10F38000FFFFFFFFFFFFFFFFFFFFFFFFFFFFFFFF8D
:10F39000FFFFFFFF03700000027000000570000017
:10F3A0000670000008700000097000000A7000007C
:10F3B000FFFFFFFFFFFFFFFFFFFFFFFFFFFFFFFF5D
:10F3C000FFFFFFFFFFFFFFFFFFFFFFFFFFFFFFFF4D
:10F3D000FFFFFFFFFFFFFFFF018000001040000064
:10F3E000106000001130000012300000FFFFFFFF2E
:10F3F000FFFFFFFFFFFFFFFFFFFFFFFFFFFFFFFF1D
:10F4000010300000FFFFFFFFFFFFFFFFFFFFFFFFC8
:10F41000FFFFFFFFFFFFFFFFFFFFFFFFFFFFFFFFFC
:10F42000FFFFFFFFFFFFFFFFFFFFFFFFFFFFFFFFEC
:10F43000FFFFFFFFFFFFFFFFFFFFFFFF0650000082
:10F440007E4603008C460300A0460300AF4603003F
:10F45000BB460300CCE90200CCE9020034EA02001A
:10F460003CEA02007CEA02008CEA02000004284028
:10F4700004050000000428400304000000042840A4
:10F480000203000000042840010200000200020004
:10F490000200040002000800020002000200100046
:10F4A0002000400080000001000200040000010074
:10F4B00002000400060008000A000C000E00100004
:10F4C000200040008000000100010001EAFF7AFFF7
:10F4D000F4FF574553545F544F504449522F7A65B7
:10F4E000706879722F696E636C7564652F7A6570C8
:10F4F0006879722F647269766572732F6770696FAD
:10F500002E680028666C61677320262028283155F4
:10F51000203C3C20323129207C20283155203C3CA5
:10F5200020323229207C20283155203C3C203233A7
:10F5300029207C20283155203C3C20323429207C55
:10F5400020283155203C3C20323529207C20283190
:10F5500055203C3C203236292929203D3D203000D1
:10F56000415353455254494F4E204641494C205B2C
:10F5700025735D20402025733A25640A0009496EF1
:10F580007465727275707420666C61677320617245
:10F5900065206E6F7420737570706F727465640A85
:10F5A0000028666C616773202620282831203C3CA7
:10F5B000203429207C202831203C3C203529292951
:10F5C00020213D20282831203C3C203429207C204B
:10F5D0002831203C3C20352929000950756C6C20CD
:10F5E000557020616E642050756C6C20446F776E8E
:10F5F0002073686F756C64206E6F7420626520657F
:10F600006E61626C65642073696D756C74616E65A2
:10F610006F75736C790A00212828666C6167732006
:10F620002620283155203C3C203136292920262609
:10F63000202128666C616773202620283155203CE4
:10F640003C20313729292026262028666C616773E3
:10F650002026202831203C3C203129292900094935
:10F660006E7075742063616E6E6F742062652065C4
:10F670006E61626C656420666F7220274F70656EE4
:10F6800020447261696E272C20274F70656E2053CD
:10F690006F7572636527206D6F6465732077697479
:10F6A000686F7574204F75747075740A0028666CE5
:10F6B0006167732026202831203C3C2031292920F5
:10F6C000213D2030207C7C2028666C6167732026D9
:10F6D000202831203C3C20322929203D3D2030008B
:10F6E00028666C61677320262028283155203C3C11
:10F6F00020313829207C20283155203C3C203139CC
:10F70000292929203D3D2030207C7C2028666C6101
:10F710006773202620283155203C3C203137292989
:10F7200020213D203000094F7574707574206E657E
:10F7300065647320746F20626520656E61626C651C
:10F740006420746F20626520696E697469616C69F8
:10F750007A6564206C6F77206F7220686967680A29
:10F760000028666C61677320262028283155203CCC
:10F770003C20313829207C20283155203C3C203148
:10F780003929292920213D2028283155203C3C2099
:10F79000313829207C20283155203C3C2031392922
:10F7A0002900094F75747075742063616E6E6F74F3
:10F7B00020626520696E697469616C697A6564208C
:10F7C0006C6F7720616E6420686967680A0028633F
:10F7D00066672D3E706F72745F70696E5F6D6173E6
:10F7E0006B202620286770696F5F706F72745F707E
:10F7F000696E735F74292831554C203C3C20287079
:10F80000696E29292920213D2030550009556E7344
:10F810007570706F727465642070696E0A00536F42
:10F820006D6520636F6E7465787400434D414B4580
:10F830005F534F555243455F4449522F7372632FB4
:10F840006D61696E2E6300737461747573203D3D44
:10F85000204E5246585F53554343455353000A5375
:10F86000414D504C45204150500A00414443206EC8
:10F870006F742072656164790A0042544E302069C9
:10F880006E697469616C697A6174696F6E20666112
:10F89000696C65642C206572726F723A2025640A67
:10F8A000004C45443020696E697469616C697A6105
:10F8B00074696F6E206661696C65642C2065727274
:10F8C0006F723A2025640A006C656420616E6420C2
:10F8D000627574746F6E20646F6E650A000A7374CB
:10F8E000617274696E672074696D65720A002564BF
:10F8F0002C2025642C2025642C2025640A005745E3
:10F9000053545F544F504449522F7A65706879724E
:10F910002F6C69622F6F732F63627072696E7466E9
:10F920005F7061636B616765642E63000953747275
:10F93000696E67207769746820746F6F206D616EDF
:10F940007920617267756D656E74730A000973744E
:10F95000725F7074725F706F735B5D20746F6F2085
:10F96000736D616C6C0A0009756E657870656374FF
:10F9700065642073697A652025750A0009746F6FC4
:10F98000206D616E7920666F726D6174206172679F
:10F99000730A00696E5F7061636B61676564202143
:10F9A0003D202828766F6964202A2930290028758F
:10F9B0006E7369676E6564292063686172202A200E
:10F9C0007573656420666F722025257020617267EB
:10F9D000756D656E742E2049742773207265636F90
:10F9E0006D6D656E64656420746F2063617374204F
:10F9F000697420746F20766F6964202A20626563C1
:10FA000061757365206974206D6179206361757318
:10FA100065206D69736265686176696F7220696ED1
:10FA2000206365727461696E20636F6E66696775C5
:10FA3000726174696F6E732E20537472696E673AC7
:10FA40002225732220617267756D656E743A256494
:10FA500000736370795F636E74203C2073697A650C
:10FA60006F66286370795F7374725F706F732900BB
:10FA70006B6565705F636E74203C2073697A656F97
:10FA800066286B6565705F7374725F706F732900B1
:10FA900063627072696E74665F7061636B616765E3
:10FAA00000574553545F544F504449522F7A657064
:10FAB0006879722F6C69622F6F732F686561702E81
:10FAC00063006368756E6B5F7573656428682C20CE
:10FAD00063290009756E65787065637465642068D4
:10FAE0006561702073746174652028646F75626C41
:10FAF000652D667265653F2920666F72206D656DA4
:10FB00006F72792061742025700A006C6566745FDD
:10FB10006368756E6B28682C2072696768745F6310
:10FB200068756E6B28682C20632929203D3D206371
:10FB30000009636F72727570746564206865617026
:10FB400020626F756E647320286275666665722028
:10FB50006F766572666C6F773F2920666F72206DD5
:10FB6000656D6F72792061742025700A0028616CC0
:10FB700069676E20262028616C69676E202D203110
:10FB80002929203D3D20300009616C69676E206D98
:10FB9000757374206265206120706F776572206FC5
:10FBA0006620320A006279746573203E20686561C0
:10FBB000705F666F6F7465725F62797465732862D7
:10FBC00079746573290009686561702073697A65C5
:10FBD00020697320746F6F20736D616C6C0A00680C
:10FBE0006561705F737A203E206368756E6B737A0F
:10FBF0002873697A656F6628737472756374207AE6
:10FC00005F686561702929006368756E6B305F738A
:10FC1000697A65202B206D696E5F6368756E6B5F16
:10FC200073697A65286829203C3D20686561705FAA
:10FC3000737A00574553545F544F504449522F7ABA
:10FC400065706879722F6C69622F6F732F6F6E6F9A
:10FC500066662E63007374617465203D3D203055E7
:10FC600000217379735F736C6973745F69735F6587
:10FC70006D70747928266D67722D3E636C69656EB0
:10FC8000747329007472616E73697420213D202899
:10FC900028766F6964202A2930290073746174659D
:10FCA000203D3D202831554C203C3C20283129293D
:10FCB000006D67722D3E72656673203D3D203000F9
:10FCC0007374617465203D3D202831554C203C3CC7
:10FCD000202830292900574553545F544F50444938
:10FCE000522F7A65706879722F696E636C756465DE
:10FCF0002F7A65706879722F7370696E6C6F636BA1
:10FD00002E68007A5F7370696E5F756E6C6F636BDF
:10FD10005F76616C6964286C2900094E6F74206DF0
:10FD200079207370696E6C6F636B2025700A007A9E
:10FD30005F7370696E5F6C6F636B5F76616C696433
:10FD4000286C290009496E76616C696420737069BA
:10FD50006E6C6F636B2025700A00574553545F54D7
:10FD60004F504449522F7A65706879722F6C6962DE
:10FD70002F6F732F6E6F746966792E63005745532A
:10FD8000545F544F504449522F7A65706879722FEE
:10FD90006C69622F6F732F6D7073635F706275662D
:10FDA0002E6300657272203D3D2030006C6F6767E6
:10FDB000696E6700574553545F544F504449522F62
:10FDC0007A65706879722F7375627379732F6C6FAF
:10FDD0006767696E672F6C6F675F636F72652E630D
:10FDE000006C6F675F6261636B656E645F636F7504
:10FDF0006E745F6765742829203C20283332202FD9
:10FE000020335529006261636B656E64203C3D20A0
:10FE10005F6C6F675F6261636B656E645F6C697373
:10FE2000745F656E640009756E65787065637465EE
:10FE300064206C69737420656E64206C6F636174F8
:10FE4000696F6E0A006C6F675F6261636B656E64F9
:10FE50005F636F756E745F6765742829203E20307C
:10FE6000006C6F6700574553545F544F50444952DC
:10FE70002F7A65706879722F7375627379732F6C3E
:10FE80006F6767696E672F6C6F675F6D676D742E44
:10FE900063006C696E6B203C3D205F6C6F675F6C2C
:10FEA000696E6B5F6C6973745F656E640057455370
:10FEB000545F544F504449522F7A65706879722FBD
:10FEC000696E636C7564652F7A65706879722F6CE2
:10FED0006F6767696E672F6C6F675F6261636B65E1
:10FEE0006E642E68006261636B656E6420213D2044
:10FEF0002828766F6964202A293029006C6F675F93
:10FF00006D676D74004D65737361676520282225E8
:10FF10007322292064726F7070656420626563616A
:10FF200075736520697420657863656564732073F3
:10FF3000697A65206C696D69746174696F6E2028D7
:10FF400025752900574553545F544F504449522F4B
:10FF50007A65706879722F7375627379732F6C6F1D
:10FF60006767696E672F6C6F675F6D73672E6300DD
:10FF7000706C656E203E3D203000574553545F54F1
:10FF80004F504449522F7A65706879722F737562A9
:10FF90007379732F6C6F6767696E672F6C6F675F1C
:10FFA0006F75747075742E63006F75745F63747809
:10FFB0002D3E636F6E74726F6C5F626C6F636B2D3E
:10FFC0003E6F6666736574203C3D206F75745F6399
:10FFD00074782D3E73697A65001B5B306D006C652B
:10FFE00076656C203C3D20345500257320005B2550
:10FFF00030386C755D20005B253032753A25303223
:020000040003F7
:10000000753A253032752E253033752C25303375F1
:100010005D20003C25733E200025732F0025733A98
:100020002000657272203E3D20300025303278205D
:1000300000202020007C00206D657373616765736C
:100040002064726F70706564202D2D2D0D0A1B5B6E
:10005000306D001B5B313B33316D2D2D2D20001B8E
:100060005B313B33316D001B5B313B33336D0065DE
:1000700072720077726E00696E6600646267005784
:100080004553545F544F504449522F7A65706879F4
:10009000722F7375627379732F6C6F6767696E6700
:1000A0002F6261636B656E64732F6C6F675F626153
:1000B000636B656E645F756172742E630064657650
:1000C0006963655F69735F726561647928756172E0
:1000D000745F64657629006C6F675F6261636B654E
:1000E0006E645F75617274006C6F675F75617274C6
:1000F0000072302F61313A20203078253038782056
:100100002072312F61323A20203078253038782023
:100110002072322F61333A20203078253038780031
:1001200072332F61343A20203078253038782072AD
:1001300031322F69703A202030782530387820729B
:1001400031342F6C723A20203078253038780020F6
:10015000787073723A202030782530387800466104
:10016000756C74696E6720696E73747275637469F7
:100170006F6E206164647265737320287231352F4D
:100180007063293A20307825303878002A2A2A2AC4
:100190002A204D5055204641554C54202A2A2A2ABF
:1001A0002A002020537461636B696E672065727248
:1001B0006F722028636F6E74657874206172656158
:1001C000206D69676874206265206E6F74207661A7
:1001D0006C696429002020556E737461636B696ECD
:1001E00067206572726F7200202044617461204143
:1001F00063636573732056696F6C6174696F6E0019
:1002000020204D4D46415220416464726573733A1B
:100210002030782578002020496E737472756374DD
:10022000696F6E204163636573732056696F6C61FB
:1002300074696F6E002020466C6F6174696E672D63
:10024000706F696E74206C617A7920737461746563
:1002500020707265736572766174696F6E20657265
:10026000726F7200574553545F544F504449522F98
:100270007A65706879722F617263682F61726D2F71
:10028000636F72652F636F727465785F6D2F66613F
:10029000756C742E6300212828285343425F5479DB
:1002A0007065202A292028283078453030304530A4
:1002B0003030554C29202B20307830443030554C8C
:1002C0002920292D3E434653522026202831554CC3
:1002D000203C3C20283055202B203455292929004A
:1002E00009537461636B696E67206F722044617497
:1002F00061204163636573732056696F6C61746933
:100300006F6E206572726F7220776974686F757492
:1003100020737461636B2067756172642C20757340
:1003200065722D6D6F6465206F72206E756C6C2D1B
:10033000706F696E74657220646574656374696F4B
:100340006E0A0A002A2A2A2A2A20555341474520A4
:100350004641554C54202A2A2A2A2A002020446942
:10036000766973696F6E206279207A65726F0020FA
:1003700020556E616C69676E6564206D656D6F7286
:100380007920616363657373002020537461636B2C
:10039000206F766572666C6F772028636F6E746568
:1003A00078742061726561206E6F742076616C696B
:1003B00064290020204E6F20636F70726F63657335
:1003C000736F7220696E737472756374696F6E7384
:1003D000002020496C6C6567616C206C6F61642043
:1003E0006F66204558435F52455455524E20696E02
:1003F000746F205043002020496C6C6567616C204D
:10040000757365206F6620746865204550535200EF
:100410002020417474656D707420746F2065786558
:100420006375746520756E646566696E65642069C0
:100430006E737472756374696F6E002A2A2A2A2A91
:1004400020425553204641554C54202A2A2A2A2A14
:10045000002020537461636B696E67206572726F50
:100460007200202050726563697365206461746155
:1004700020627573206572726F72002020424641BF
:100480005220416464726573733A20307825780095
:100490002020496D707265636973652064617461C1
:1004A00020627573206572726F72002020496E732E
:1004B0007472756374696F6E2062757320657272F1
:1004C0006F72005265736572766564204578636566
:1004D0007074696F6E20280053707572696F757340
:1004E00020696E74657272757074202849525120AB
:1004F0000065736620213D202828766F6964202AD4
:10050000293029000945534620636F756C64206EBD
:100510006F74206265207265747269657665642007
:100520007375636365737366756C6C792E2053689D
:10053000616C6C206E65766572206F636375722ED8
:100540000A00457863657074696F6E206F63637528
:100550007272656420696E205365637572652053FD
:1005600074617465002A2A2A2A2A204841524420AC
:100570004641554C54202A2A2A2A2A002020427516
:1005800073206661756C74206F6E20766563746F7E
:1005900072207461626C6520726561640020204481
:1005A00065627567206576656E740020204661750A
:1005B0006C7420657363616C6174696F6E2028735D
:1005C00065652062656C6F772900415243485F453D
:1005D0005843455054207769746820726561736F81
:1005E0006E2025780A00094661756C742065736376
:1005F000616C6174696F6E20776974686F757420BF
:1006000046535220696E666F0A000948617264465B
:1006100061756C7420776974686F757420484653EF
:100620005220696E666F205368616C6C206E65762F
:100630006572206F636375720A002A2A2A2A2A20AB
:100640004465627567206D6F6E69746F722065789E
:1006500063657074696F6E202A2A2A2A2A002A2A62
:100660002A2A2A20257320256429202A2A2A2A2A90
:1006700000574553545F544F504449522F7A657088
:100680006879722F617263682F61726D2F636F7268
:10069000652F636F727465785F6D2F6972715F6D1E
:1006A000616E6167652E63007072696F203C3D204A
:1006B000282831554C203C3C2028332929202D2046
:1006C00031290009696E76616C6964207072696F06
:1006D0007269747920256420666F72202564206910
:1006E0007271212076616C756573206D757374204D
:1006F0006265206C657373207468616E20256C756B
:100700000A0A006D7075004661696C656420746F3B
:1007100020616C6C6F63617465206E6577204D504D
:100720005520726567696F6E2025750A00506172E9
:10073000746974696F6E2025753A2073616E6974EF
:100740007920636865636B206661696C65642E005F
:10075000496E76616C696420756E6465726C796946
:100760006E6720726567696F6E20696E64657820B8
:10077000257500574553545F544F504449522F7AC2
:1007800065706879722F617263682F61726D2F6373
:100790006F72652F6D70752F61726D5F6D70752E44
:1007A000630009436F6E6669677572696E6720251D
:1007B0007520737461746963204D505520726567AC
:1007C000696F6E73206661696C65640A0A00094D81
:1007D00061726B696E672025752061726561732097
:1007E000666F722064796E616D69632072656769F6
:1007F0006F6E73206661696C65640A0A0009526550
:10080000717565737420746F20636F6E66696775A8
:1008100072653A20257520726567696F6E732028AE
:10082000737570706F727465643A202575290A0AB1
:10083000002128726567696F6E5B6964785D2E645C
:10084000745F617474722026202831554C203C3C22
:10085000202830292929000952414D5F4E4F43413C
:1008600043484520776974682044545F4D454D5F87
:10087000434143484541424C45206174747269626A
:100880007574650A0A00496E76616C69642061744A
:100890007472696275746520666F72207468652071
:1008A000726567696F6E0A00094661696C6564204C
:1008B000746F20616C6C6F63617465204D505520BE
:1008C000726567696F6E732066726F6D2044540A9B
:1008D0000A002828284D50555F54797065202A2930
:1008E00020282830784530303045303030554C297C
:1008F000202B20307830443930554C2920292D3E8A
:10090000545950452026202830784646554C203CE6
:100910003C2038552929203E3E203855203D3D2099
:1009200031360009496E76616C6964206E756D62BE
:100930006572206F66204D505520726567696F6E35
:10094000730A0A00464C4153485F30005352414DF0
:100950005F30002A20627566666572206F76657268
:10096000666C6F77206465746563746564202A0A19
:1009700000574553545F544F504449522F7A657085
:100980006879722F6C69622F706F7369782F62615A
:1009900072726965722E6300574553545F544F500D
:1009A0004449522F7A65706879722F6C69622F7092
:1009B0006F7369782F636F6E642E63007074687252
:1009C0006561645F636F6E6400556E61626C652083
:1009D000746F20616C6C6F636174652070746872F1
:1009E0006561645F6D757465785F74005745535435
:1009F0005F544F504449522F7A65706879722F6C5A
:100A000069622F706F7369782F6D757465782E63C6
:100A100000707468726561645F6D757465780070EC
:100A200074687265616400736F6300574553545F67
:100A3000544F504449522F7A65706879722F696E0D
:100A4000636C7564652F7A65706879722F6472695A
:100A5000766572732F656E74726F70792E6800619F
:100A600070692D3E6765745F656E74726F70792072
:100A7000213D202828766F6964202A293029000921
:100A800043616C6C6261636B20706F696E74657238
:100A90002073686F756C64206E6F74206265204EE1
:100AA000554C4C0A00574553545F544F50444952DB
:100AB0002F7A65706879722F7375627379732F72EC
:100AC000616E646F6D2F72616E6433325F656E7438
:100AD000726F70795F6465766963652E6300646523
:100AE000766963655F69735F726561647928656EB5
:100AF00074726F70795F646576290009456E74724F
:100B00006F707920646576696365202573206E6F48
:100B1000742072656164790A00574553545F544FDD
:100B2000504449522F7A65706879722F73756273D9
:100B300079732F6E65742F6275662E630062756619
:100B40002D3E666C616773203D3D20305500627517
:100B5000662D3E6672616773203D3D202828766FC2
:100B60006964202A29302900706F6F6C00726571EA
:100B70005F73697A65203C3D2073697A6500090AD4
:100B8000006C69737400706172656E7400667261E6
:100B900067006E65745F62756600574553545F5415
:100BA0004F504449522F7A65706879722F7375627D
:100BB0007379732F6E65742F6275665F73696D70DC
:100BC0006C652E63006275662D3E6C656E203D3D42
:100BD000203055006275662D3E6C656E203E3D20CE
:100BE0006C656E006E65745F6275665F73696D70CB
:100BF0006C655F7461696C726F6F6D2862756629D0
:100C0000203E3D206C656E006E65745F6275665FA8
:100C100073696D706C6500574553545F544F504471
:100C200049522F7A65706879722F696E636C7564AA
:100C3000652F7A65706879722F6E65742F6E657492
:100C40005F636F6E746578742E6800574553545F08
:100C5000544F504449522F7A65706879722F7375DA
:100C6000627379732F6E65742F6C69622F736F6373
:100C70006B6574732F736F636B6574732E6300738E
:100C80006F636B5F66616D696C792D3E69735F732D
:100C90007570706F7274656400736F636B5F66610B
:100CA0006D696C79203C3D205F6E65745F736F6386
:100CB0006B65745F72656769737465725F6C697385
:100CC000745F656E640009556E6B6E6F776E20738E
:100CD0006F636B657420747970650A0057455354CF
:100CE0005F544F504449522F7A65706879722F7360
:100CF00075627379732F6E65742F6C69622F736FD1
:100D0000636B6574732F736F636B65745F6F666677
:100D10006C6F61642E6300646E735F6F66666C6FE8
:100D20006164203D3D202828766F6964202A29309F
:100D30002900574553545F544F504449522F7A6508
:100D4000706879722F696E636C7564652F7A65704F
:100D50006879722F6E65742F6E65745F69662E6890
:100D60000069666163650069666163652D3E696659
:100D70005F64657600574553545F544F5044495261
:100D80002F7A65706879722F7375627379732F6E1D
:100D900065742F69702F6E65745F69662E630069D4
:100DA00066616365203C3D205F6E65745F69665FC8
:100DB0006C6973745F656E6400746D70203C3D20D7
:100DC0005F6E65745F69665F6C6973745F656E649E
:100DD000006E65745F69665F6765745F6C696E6BF2
:100DE0005F61646472286966616365292D3E616490
:100DF000647220213D202828766F6964202A2930DA
:100E0000290064737400776C616E2564006E6574EC
:100E1000256400636F756E745F6966203D3D2069CF
:100E2000665F636F756E74003C756E6B6E6F776E88
:100E30003E00574553545F544F504449522F7A65F2
:100E4000706879722F7375627379732F6E65742F62
:100E500069702F6E65745F636F6E746578742E634E
:100E6000006E65745F706B745F696661636528709E
:100E70006B7429002828636F6E74657874292026A6
:100E80002620282875696E747074725F7429202872
:100E9000636F6E74657874732929203C3D2028287F
:100EA00075696E747074725F74292028636F6E7434
:100EB000657874292920262620282875696E747083
:100EC00074725F74292028636F6E746578742929A1
:100ED000203C20282875696E747074725F74292014
:100EE000282628636F6E7465787473295B282873CD
:100EF000697A655F742920282828696E742920730F
:100F0000697A656F6628636861725B31202D2032D3
:100F1000202A202128215F5F6275696C74696E5FE9
:100F200074797065735F636F6D70617469626C650D
:100F30005F70285F5F747970656F665F5F28636FAD
:100F40006E7465787473292C205F5F747970656F97
:100F5000665F5F282628636F6E7465787473295BFB
:100F6000305D2929295D29202D203129202B202899
:100F700073697A656F6628636F6E74657874732918
:100F8000202F2073697A656F662828636F6E7465F9
:100F9000787473295B305D292929295D2929290065
:100FA00028282073747275637420736F636B616497
:100FB00064725F696E365F707472202A2926636FCF
:100FC0006E746578742D3E6C6F63616C292D3E7371
:100FD000696E365F6164647200616464722D3E7391
:100FE000615F66616D696C79203D3D206E65745F5F
:100FF000636F6E746578745F6765745F66616D6951
:101000006C7928636F6E7465787429000946616D88
:10101000696C79206D69736D617463682025642043
:1010200073686F756C642062652025640A007278AD
:101030005F715B25645D00574553545F544F5044C6
:1010400049522F7A65706879722F7375627379735C
:101050002F6E65742F69702F6E62722E63006E6240
:10106000722D3E696478203C2038006E65745F6E96
:1010700065696768626F725F6C6C616464725B6EF5
:1010800062722D3E6964785D2E726566203E203066
:101090000009696478202564203E3D206D61782038
:1010A00025640A00574553545F544F504449522F0A
:1010B0007A65706879722F7375627379732F6E65B4
:1010C000742F69702F697076365F6E62722E6300BE
:1010D00074696D6500095A65726F20726561636895
:1010E00061626C652074696D656F7574210A0070AA
:1010F0006B7420262620706B742D3E6275666665C3
:1011000072000953746174696320656E747279208A
:101110007368616C6C206E657665722074696D65AC
:101120006F75740A00574553545F544F50444952E9
:101130002F7A65706879722F7375627379732F6E69
:1011400065742F69702F697076365F6D6C642E63DD
:10115000006970763600574553545F544F504449E8
:10116000522F7A65706879722F7375627379732F55
:101170006E65742F69702F726F7574652E630072BF
:101180006F757465006E657874686F705F6C6C6104
:1011900064647200746D70203D3D206E62725F6EFB
:1011A000657874686F700053656C6563746564205E
:1011B000414443206761696E206973206E6F74201B
:1011C00076616C69640053656C6563746564204185
:1011D0004443207265666572656E6365206973209D
:1011E0006E6F742076616C69640053656C6563741E
:1011F0006564204144432061637175697369746952
:101200006F6E2074696D65206973206E6F7420762F
:10121000616C696400496E76616C69642073656C09
:10122000656374696F6E206F66206368616E6E65BA
:101230006C73004368616E6E656C202575206E6F5F
:101240007420636F6E66696775726564004144431C
:10125000207265736F6C7574696F6E2076616C7542
:1012600065202564206973206E6F742076616C6937
:1012700064004F76657273616D706C696E6720698A
:101280007320737570706F7274656420666F72205E
:1012900073696E676C65206368616E6E656C206F44
:1012A0006E6C79004F76657273616D706C696E67F4
:1012B0002076616C7565202564206973206E6F74DB
:1012C0002076616C69640050726F76696465642091
:1012D00062756666657220697320746F6F20736D26
:1012E000616C6C202825752F257529006164634089
:1012F00065303030006164635F6E7266785F736181
:1013000061646300574553545F544F504449522F12
:101310007A65706879722F647269766572732F636B
:101320006C6F636B5F636F6E74726F6C2F636C6F47
:10133000636B5F636F6E74726F6C5F6E72662E6349
:101340000074797065203C20434C4F434B5F434F02
:101350004E54524F4C5F4E52465F545950455F4376
:101360004F554E5400636C6F636B40353030300026
:101370006866636C6B006C66636C6B00636C6F63B8
:101380006B5F636F6E74726F6C007073612D726E41
:101390006700574553545F544F504449522F7A6564
:1013A000706879722F696E636C7564652F7A6570E9
:1013B0006879722F647269766572732F6770696FCE
:1013C0002F6770696F5F7574696C732E6800636155
:1013D0006C6C6261636B00094E6F2063616C6C62C0
:1013E00061636B210A0063616C6C6261636B2D3E0B
:1013F00068616E646C657200094E6F2063616C6C8D
:101400006261636B2068616E646C6572210A0057CB
:101410004553545F544F504449522F6D6F64756C5F
:1014200065732F68616C2F6E6F726469632F6E72C3
:1014300066782F68616C2F6E72665F6770696F2EB9
:1014400068006E72665F6770696F5F70696E5F706B
:10145000726573656E745F636865636B282A705F7D
:1014600070696E290063622D3E68616E646C6572FE
:1014700000574553545F544F504449522F7A65707A
:101480006879722F647269766572732F6770696FFD
:101490002F6770696F5F6E7266782E630065727277
:1014A000203D3D204E5246585F53554343455353CC
:1014B000006770696F403834323530300000010207
:1014C00003040506074661696C656420746F20613A
:1014D0006C6C6F6361746520505049204368616E85
:1014E0006E656C0075617274403830303000756123
:1014F00072745F6E7266785F7561727465005745CD
:1015000053545F544F504449522F6E72662F6C698A
:10151000622F6E72665F6D6F64656D5F6C69622FBE
:101520006E72665F6D6F64656D5F6F732E630065CD
:1015300072725F636F6465203E20300009547269E7
:10154000656420746F20736574206E6567617469CB
:101550007665206572726F7220636F64652C20253A
:10156000640A0075736564203C203700094E6F746F
:1015700020656E6F7567682073656D6170686F7246
:10158000657320696E20676C7565206C6179657282
:101590000A00282828737472756374206B5F736562
:1015A0006D202A2973656D29202626202828756933
:1015B0006E747074725F742920286E72665F6D6F2E
:1015C00064656D5F6F735F73656D732929203C3DA2
:1015D00020282875696E747074725F742920282819
:1015E000737472756374206B5F73656D202A297341
:1015F000656D292920262620282875696E74707447
:10160000725F7429202828737472756374206B5F6D
:1016100073656D202A2973656D2929203C202828AF
:1016200075696E747074725F7429202826286E7232
:10163000665F6D6F64656D5F6F735F73656D732952
:101640005B282873697A655F742920282828696EC9
:1016500074292073697A656F6628636861725B31EB
:10166000202D2032202A202128215F5F6275696C9D
:1016700074696E5F74797065735F636F6D706174A8
:1016800069626C655F70285F5F747970656F665F13
:101690005F286E72665F6D6F64656D5F6F735F73F9
:1016A000656D73292C205F5F747970656F665F5F6D
:1016B0002826286E72665F6D6F64656D5F6F735F5D
:1016C00073656D73295B305D2929295D29202D20E3
:1016D0003129202B202873697A656F66286E72661F
:1016E0005F6D6F64656D5F6F735F73656D732920E8
:1016F0002F2073697A656F6628286E72665F6D6F3A
:1017000064656D5F6F735F73656D73295B305D2911
:101710002929295D2929290009556E696E6974698D
:10172000616C697365642073656D6170686F726563
:101730000A00282828737472756374206B5F6D75B6
:10174000746578202A296D757465782920262620ED
:10175000282875696E747074725F742920286E72FF
:10176000665F6D6F64656D5F6F735F6D75746578CF
:1017700065732929203C3D20282875696E74707492
:10178000725F7429202828737472756374206B5FEC
:101790006D75746578202A296D75746578292920FE
:1017A000262620282875696E747074725F7429204B
:1017B0002828737472756374206B5F6D7574657817
:1017C000202A296D757465782929203C20282875E0
:1017D000696E747074725F7429202826286E726690
:1017E0005F6D6F64656D5F6F735F6D757465786550
:1017F00073295B282873697A655F74292028282853
:10180000696E74292073697A656F662863686172EE
:101810005B31202D2032202A202128215F5F627534
:10182000696C74696E5F74797065735F636F6D70F6
:10183000617469626C655F70285F5F747970656F51
:10184000665F5F286E72665F6D6F64656D5F6F7354
:101850005F6D757465786573292C205F5F7479708E
:10186000656F665F5F2826286E72665F6D6F6465C0
:101870006D5F6F735F6D757465786573295B305D3F
:101880002929295D29202D203129202B2028736921
:101890007A656F66286E72665F6D6F64656D5F6FE7
:1018A000735F6D75746578657329202F2073697A6D
:1018B000656F6628286E72665F6D6F64656D5F6F19
:1018C000735F6D757465786573295B305D292929AF
:1018D000295D2929290009556E696E697469616C51
:1018E00069736564206D757465780A006E72665F51
:1018F0006D6F64656D00574553545F544F504449B4
:10190000522F6E72662F6C69622F6E72665F6D6FFA
:1019100064656D5F6C69622F6366756E5F686F6F7B
:101920006B732E630065203C3D205F6E72665F6DB9
:101930006F64656D5F6C69625F61745F6366756E2D
:101940005F63625F6C6973745F656E64006E72667C
:1019500039315F736F636B6574004661696C6564F0
:1019600020746F20686F6F6B2074686520646973E2
:1019700070617463682066756E6374696F6E2C2085
:1019800065727220256400574553545F544F50448C
:1019900049522F6E72662F6C69622F61745F6D6F92
:1019A0006E69746F722F61745F6D6F6E69746F72A0
:1019B0002E630065203C3D205F61745F6D6F6E6932
:1019C000746F725F656E7472795F6C6973745F6552
:1019D0006E64004E6F20686561702073706163658E
:1019E00020666F7220696E636F6D696E67206E6F1F
:1019F00074696669636174696F6E3A20257300616A
:101A0000745F6E6F74696600094E6F20686561705F
:101A100020737061636520666F7220696E636F6DFD
:101A2000696E67206E6F74696669636174696F6E51
:101A30003A2025730A0061745F6D6F6E69746F726E
:101A4000002B43474556002B4350494E0025534831
:101A50004F525453575645520025485756455253F6
:101A6000494F4E0025584D4F44454D55554944006A
:101A700025584943434944004F4B0D0A00455252F3
:101A80004F520D0A002B434D45204552524F5200F4
:101A90002B434D53204552524F5200574553545FEC
:101AA000544F504449522F6E72662F6C69622F61F9
:101AB000745F636D645F7061727365722F61745FD0
:101AC000706172616D732E63006C69737420213DC7
:101AD000202828766F6964202A293029000950615E
:101AE00072616D65746572206C6973742063616ED8
:101AF0006E6F74206265204E554C4C2E0A0070614A
:101B000072616D20213D202828766F6964202A2982
:101B100030290009506172616D65746572206361DE
:101B20006E6E6F74206265204E554C4C2E0A005725
:101B30004553545F544F504449522F6E72662F6C78
:101B400069622F6C74655F6C696E6B5F636F6E7436
:101B5000726F6C2F6C74655F6C632E6300726573BB
:101B6000706F6E736520213D202828766F69642090
:101B70002A2930290043616E2774207061727365D1
:101B800020544155207072652D7761726E696E67C1
:101B9000206E6F74696669636174696F6E2C20656D
:101BA00072726F723A202564004661696C65642028
:101BB000746F20616C6C6F63617465206D656D6F0F
:101BC000727920666F7220746865204743492063EC
:101BD000656C6C73004E6F7420616C6C206E65696F
:101BE0006768626F722063656C6C7320636F756CDD
:101BF00064206265207061727365642E204D6F727F
:101C0000652063656C6C73207468616E2074686510
:101C100020636F6E66696775726564206D617820F8
:101C2000636F756E74206F6620256420776572651A
:101C300020666F756E640050617273696E67206F05
:101C400066206E65696768626F722063656C6C738D
:101C5000206661696C65642C206572723A20256487
:101C6000004661696C656420746F20616C6C6F6301
:101C7000617465206D656D6F727920666F72206E7C
:101C800065696768626F722063656C6C73004E6F84
:101C90007420616C6C206E65696768626F72206386
:101CA000656C6C7320636F756C6420626520706175
:101CB000727365640043616E27742070617273658E
:101CC000206D6F64656D20736C6565702070726542
:101CD0002D7761726E696E67206E6F7469666963D5
:101CE0006174696F6E2C206572726F723A20256480
:101CF0000041542B43455245473D35004661696CD0
:101D0000656420746F207375627363726962652005
:101D1000746F204345524547206E6F74696669634E
:101D20006174696F6E732C206572726F723A202530
:101D300064004661696C656420746F20656E616241
:101D40006C6520525243206E6F74696669636174DA
:101D5000696F6E7320282B4353434F4E292C206507
:101D600072726F722025640043616E277420706167
:101D7000727365207369676E616C6C696E67206D44
:101D80006F64652C206572726F723A20256400437F
:101D9000616E277420706172736520654452582CFF
:101DA000206572726F723A2025640043616E277459
:101DB000207061727365206D6F64656D2065766556
:101DC0006E74206E6F74696669636174696F6E2CDE
:101DD000206572726F723A2025640041542B435083
:101DE000534D533D312C2C2C222573222C2225734C
:101DF000220041542B4350534D533D312C2C2C2267
:101E00002573220041542B4350534D533D312C2C0C
:101E10002C2C222573220041542B4350534D533D0B
:101E200031006E72665F6D6F64656D5F61745F70C7
:101E300072696E7466206661696C65642C207265D7
:101E4000706F72746564206572726F723A202564D7
:101E50000041542525584D4F4E49544F520041548E
:101E600020636F6D6D616E64206661696C65642CC2
:101E7000206572726F723A20256400415420636FAE
:101E80006D6D616E642070617273696E672066614A
:101E9000696C6564004661696C656420746F2070CC
:101EA000617273652050534D20636F6E666967756C
:101EB000726174696F6E2C206572726F723A2025A0
:101EC00064004661696C656420746F207061727390
:101ED00065206E6F74696669636174696F6E20282E
:101EE0006572726F72202564293A2025730046615D
:101EF000696C656420746F206765742050534D20B1
:101F0000696E666F726D6174696F6E00415425254C
:101F1000464541434F4E463D25642C25642C25758E
:101F2000004661696C656420746F20646973616246
:101F30006C6520654452582C207265706F72746510
:101F400064206572726F723A2025640041542B43FD
:101F500045445258533D322C25642C2225732200CF
:101F600041542B4345445258533D322C256400467E
:101F700061696C656420746F20656E61626C6520B8
:101F8000654452582C207265706F727465642065C8
:101F900072726F723A2025640041542525585054BE
:101FA000573D25642C22257322004661696C6564C7
:101FB00020746F2072657175657374205054572CAE
:101FC000207265706F72746564206572726F723A08
:101FD00020256400496E76616C696420737973749E
:101FE000656D206D6F6465207265717565737465CC
:101FF000643A20256400496E76616C6964204C5413
:102000004520707265666572656E636520726571E4
:102010007565737465643A2025640041542525581C
:1020200053595354454D4D4F44453D25732C25631D
:1020300000436F756C64206E6F742073656E64204E
:10204000415420636F6D6D616E642C206572726FF8
:10205000723A202564004661696C656420746F20C3
:10206000656E61626C65206E6F7469666963617428
:10207000696F6E732C206572726F723A202564004E
:10208000496E76616C69642066756E6374696F6E03
:10209000616C206D6F64653A2025640041542B43C8
:1020A00046554E3D2564004661696C656420746F39
:1020B000207365742066756E6374696F6E616C2041
:1020C0006D6F64652E20506C656173652063686573
:1020D000636B205853595354454D4D4F44452E0082
:1020E000254D444D45560025584D4F44454D534CC4
:1020F00045455000254E43454C4C4D454153002528
:10210000585433343132002B434544525850002B3D
:102110004353434F4E002B434552454700312C302B
:102120002C3000302C312C3000302C302C31003150
:102130002C302C3100302C312C3100312C312C3012
:1021400000312C312C31006C74655F6C63003031D0
:1021500032333441542B4353434F4E3D31004154AD
:102160002B4350534D533D0041542B43454452584B
:10217000533D3300496E76616C696420706F696EFF
:102180007465722070726F766964656400436F7560
:102190006C64206E6F7420696E69742041542070E5
:1021A0006172616D73206C6973742C206572726F3B
:1021B000723A20256400436F756C64206E6F742042
:1021C0007061727365206544525820726573706F38
:1021D0006E73652C206572726F723A20256400461A
:1021E00061696C656420746F20676574204C544588
:1021F000206D6F64652C206572726F723A202564C1
:10220000004661696C656420746F206765742065A1
:1022100044525820636F6E66696775726174696FA6
:102220006E2C206572726F723A20256400466169D7
:102230006C656420746F2067657420654452582073
:1022400076616C75652C206572726F723B20256417
:10225000004661696C656420746F20676574205066
:10226000545720636F6E66696775726174696F6E2B
:102270002C206572726F723A20256400496E766177
:102280006C696420505457206C6F6F6B75702069B7
:102290006E6465783A20256400556E61626C652035
:1022A000746F20706172736520706572696F646904
:1022B000632054415520737472696E67202854332B
:1022C00034313220657874656E6465642900556E1A
:1022D00061626C6520746F20706172736520706537
:1022E00072696F6469632054415520737472696E1A
:1022F000672028543334313229004578706563747F
:1023000065642076616C6964205433343132207402
:10231000696D657220756E697400556E61626C65D9
:1023200020746F20706172736520616374697665D3
:102330002074696D6520737472696E6700436F75F0
:102340006C64206E6F74207061727365202B435330
:10235000434F4E20726573706F6E73652C206572EB
:10236000726F723A20256400436F756C64206E6F43
:102370007420676574207369676E616C6C696E6741
:10238000206D6F64652C206572726F723A2025642F
:1023900000496E76616C6964207369676E616C6C6C
:1023A000696E67206D6F64653A20256400436F7520
:1023B0006C64206E6F742070617273652041542BC1
:1023C000434552454720726573706F6E73652C20CC
:1023D0006572726F723A20256400436F756C6420D9
:1023E0006E6F742067657420726573706F6E7365AD
:1023F000207072656669782C206572726F723A205F
:10240000256400496E76616C6964206E6574776F2F
:10241000726B20726567697374726174696F6E2084
:102420007374617475733A20256400436F756C642E
:10243000206E6F74206765742072656769737472AB
:102440006174696F6E207374617475732C2065728A
:10245000726F723A20256400436F756C64206E6F52
:1024600074207061727365202525585433343132DD
:1024700020726573706F6E73652C206572726F7257
:102480003A20256400436F756C64206E6F7420677A
:1024900065742074696D6520756E74696C206E6555
:1024A0007874205441552C206572726F723A202541
:1024B00064005061727365642074696D6520706199
:1024C00072616D65746572206E6F742077697468CF
:1024D000696E2076616C69642072616E6765006167
:1024E000745F726573706F6E7365206973204E55EB
:1024F0004C4C2C2063616E277420676574206365E3
:102500006C6C20636F756E7400436F756C64206E25
:102510006F7420706172736520415425254E4345C8
:102520004C4C4D45415320726573706F6E73652C32
:10253000206572726F723A20256400436F756C6477
:10254000206E6F7420696E6974204154207061722E
:10255000616D73206C69737420666F722063656CA3
:102560006C5F6C6973742C206572726F723A2025EF
:102570006400453242494720776173207265747563
:10258000726E65642C20636F6E74696E75652E20A3
:10259000706172616D5F636F756E742025642C20AD
:1025A0006572722025642C20737472202573004E8E
:1025B0006F7420612076616C6964204E43454C4CF9
:1025C0004D45415320726573706F6E7365004E43C5
:1025D000454C4C4D454153206D6561737572656D79
:1025E000656E747320696E7465727275707465645B
:1025F0003B20726573756C747320696E636F6D70C8
:102600006C65746500436F756C64206E6F74207028
:10261000617273652063656C6C5F69642C20696E00
:102620006465782025642C206920256420657272F9
:102630006F723A2025640063656C6C5F6964203DAD
:10264000202564207768696368206973203E204CE8
:1026500054455F4C435F43454C4C5F455554524194
:102660004E5F49445F4D41583B206D61726B696E0E
:102670006720696E76616C696400436F756C6420D5
:102680006E6F7420706172736520706C6D6E2C209B
:102690006572726F723A20256400737472696E6796
:1026A0005F746F5F696E742C206572726F723A206E
:1026B000256400436F756C64206E6F7420706172C6
:1026C000736520747261636B696E675F61726561C7
:1026D0005F636F646520696E20692025642C206526
:1026E00072726F723A20256400436F756C64206EBD
:1026F0006F742070617273652074696D696E675FB5
:10270000616476616E63652C206572726F723A2027
:10271000256400436F756C64206E6F742070617265
:1027200073652074696D696E675F616476616E635D
:10273000655F6D6561735F74696D652C206572728C
:102740006F723A20256400436F756C64206E6F745D
:102750002070617273652065617266636E2C2065FE
:1027600072726F723A20256400436F756C64206E3C
:102770006F7420706172736520706879735F636530
:102780006C6C5F69642C206572726F723A202564EC
:1027900000436F756C64206E6F7420706172736596
:1027A00020727372702C206572726F723A202564E9
:1027B00000436F756C64206E6F7420706172736576
:1027C00020727372712C206572726F723A202564C8
:1027D00000436F756C64206E6F7420706172736556
:1027E000206D6561735F74696D652C206572726F11
:1027F000723A20256400436F756C64206E6F7420FC
:1028000070617273652073657276696E672C2065DE
:1028100072726F723A20256400436F756C64206E8B
:102820006F74207061727365206E65696768626F8E
:10283000725F636F756E742C206572726F723A20CE
:1028400025640043757474696E6720726573706FD8
:102850006E73652C206265636175736520726563B4
:102860006569766564206E656967626F722063656D
:102870006C6C20636F756E74206973206269676782
:102880006572207468616E20636F6E666967757229
:102890006564206D61783A202564004661696C6545
:1028A0006420746F20616C6C6F63617465206D656A
:1028B0006D6F727920666F7220746865206E636533
:1028C0006C6C732028636F6E74696E7565290043A4
:1028D0006F756C64206E6F74207061727365206E0A
:1028E0005F65617266636E2C206572726F723A204A
:1028F000256400436F756C64206E6F742070617284
:102900007365206E5F706879735F63656C6C5F6977
:10291000642C206572726F723A20256400436F75D3
:102920006C64206E6F74207061727365206E5F72CC
:102930007372702C206572726F723A2025640043A6
:102940006F756C64206E6F74207061727365206E99
:102950005F727372712C206572726F723A202564F7
:1029600000436F756C64206E6F74207061727365C4
:102970002074696D655F646966662C206572726F8C
:10298000723A20256400427566666572206973207C
:10299000746F6F20736D616C6C3B20726573756C26
:1029A000747320696E636F6D706C6574653A202571
:1029B0006400436F756C64206E6F74207061727375
:1029C00065202525584D4F44454D534C45455020D5
:1029D000726573706F6E73652C206572726F723AD8
:1029E00020256400436F756C64206E6F74206765EA
:1029F00074206D6F646520736C65657020747970E8
:102A0000652C206572726F723A20256400436F75E1
:102A10006C64206E6F74206765742074696D652026
:102A2000756E74696C206E657874206D6F64656D69
:102A300020736C6565702C206572726F723A202568
:102A40006400254D444D45563A2000496E76616C30
:102A50006964204D444D455620726573706F6E73E6
:102A60006500534541524348205354415455532027
:102A7000310D0A00534541524348205354415455A7
:102A80005320320D0A005245534554204C4F4F50AD
:102A90000D0A004D452042415454455259204C4F97
:102AA000570D0A004D45204F564552484541544563
:102AB000440D0A004E4F20494D45490D0A00505221
:102AC0004143482043452D4C4556454C20300D0A86
:102AD0000050524143482043452D4C4556454C201B
:102AE000310D0A0050524143482043452D4C455674
:102AF000454C20320D0A0050524143482043452D99
:102B00004C4556454C20330D0A00574553545F54ED
:102B10004F504449522F6E72662F6C69622F6C744D
:102B2000655F6C696E6B5F636F6E74726F6C2F6C38
:102B300074655F6C635F6D6F64656D5F686F6F6B0D
:102B4000732E630065203C3D205F6C74655F6C6391
:102B50005F6366756E5F63625F6C6973745F656EF9
:102B6000640030303130303030310030303030308F
:102B7000303131004661696C656420746F20736583
:102B8000742050534D20706172616D732C206572FA
:102B900072202564004661696C656420746F20634F
:102BA0006F6E6669677572652050534D2C20657293
:102BB00072202564004661696C656420746F20632F
:102BC0006F6E66696775726520654452582C206582
:102BD000727220256400415425255241493D2564E7
:102BE000004661696C656420746F20636F6E66696E
:102BF00067757265205241492C20657272202564E8
:102C0000004D6F64656D206C696272617279206934
:102C10006E6974206572726F723A2025642C206C84
:102C200074655F6C63206E6F7420696E697469618E
:102C30006C697A6564004661696C656420746F2014
:102C40007365742073797374656D206D6F6465208E
:102C5000616E64206D6F6465207072656665726573
:102C60006E63652C20657272202564005265736561
:102C70007474696E672073797374656D006661742E
:102C8000616C5F6572726F72004D6F64656D207567
:102C90006E72656769737465726564207468652017
:102CA000534D5320636C69656E742C207065726699
:102CB0006F726D696E672072652D726567697374D6
:102CC000726174696F6E002B434D53204552524F11
:102CD000523A2035323400574553545F544F5044D4
:102CE00049522F6E72662F6C69622F736D732F734A
:102CF0006D732E630061745F6E6F74696620213D91
:102D0000202828766F6964202A293029002B434D1A
:102D1000543A20252A5B5E2C5D2C252A750D0A2548
:102D2000353132730D0A00556E61626C6520746F27
:102D300020706172736520434D54206E6F74696614
:102D400069636174696F6E2C206572723D25643A07
:102D50002025730041542B434E4D493D332C322CDA
:102D6000302C3100556E61626C6520746F20726585
:102D70002D726567697374657220534D5320636CBF
:102D800069656E742C206572723A20256400415486
:102D90002B434E4D493F00556E61626C6520746F48
:102DA00020636865636B20696620616E20534D5314
:102DB00020636C69656E74206578697374732C2068
:102DC0006572723A202564002B434E4D493A202506
:102DD000752C25752C25752C257500434E4D4920E5
:102DE00070617273696E67206661696C7572652CBB
:102DF000206572723A202564004F6E6C79206F6EE8
:102E00006520534D5320636C69656E742063616E59
:102E10002062652072656769737465726564005528
:102E20006E61626C6520746F20726567697374658A
:102E3000722061206E657720534D5320636C696565
:102E40006E742C206572723A20256400556E6162A2
:102E50006C6520746F2041434B2074686520534D8E
:102E600053205044550041542B434E4D413D3100B9
:102E70002B434D53002B434453002B434D540073BD
:102E80006D7300546F74616C206E756D6265722095
:102E90006F6620636F6E636174656E617465642034
:102EA0006D65737361676573206D757374206265FA
:102EB00020686967686572207468616E20302C2014
:102EC00069676E6F72696E6720636F6E63617465A8
:102ED0006E6174656420696E666F0055736572205B
:102EE00044617461204C656E677468206578636521
:102EF000656473206D6178696D756D206E756D62A6
:102F00006572206F662063686172616374657273B5
:102F1000202825642920696E20534D532073706545
:102F20006300574553545F544F504449522F6E72BB
:102F3000662F6C69622F736D732F736D735F646599
:102F40006C697665722E63006C656E6774685F7578
:102F500064685F736B6970706564203C3D207061CC
:102F6000727365722D3E7061796C6F61645F62751A
:102F7000665F73697A65000947534D20376269744B
:102F800020557365722D446174612D4C656E6774B4
:102F9000682073686F72746572207468616E206F48
:102FA0007574707574206275666665720A0070616A
:102FB000727365722D3E6275665F73697A65203E35
:102FC0003D207061727365722D3E7061796C6F6126
:102FD000645F706F73000944617461206C656E6793
:102FE000746820736D616C6C6572207468616E200A
:102FF00064617461206974657261746F720A006142
:10300000637475616C5F646174615F6C656E677435
:1030100068203C3D207061727365722D3E7061794D
:103020006C6F61645F6275665F73697A6500093809
:1030300062697420557365722D446174612D4C650D
:103040006E6774682073686F72746572207468614B
:103050006E206F7574707574206275666665720A8D
:1030600000556E737570706F72746564206461745E
:103070006120636F64696E6720736368656D653A8C
:10308000205543533200556E737570706F727465BE
:1030900064206461746120636F64696E6720736388
:1030A00068656D653A205265736572766564005592
:1030B0006E737570706F72746564206461746120E2
:1030C000636F64696E6720736368656D652028307F
:1030D0007825303258290053657175656E63652017
:1030E0006E756D626572206F662063757272656EB3
:1030F0007420636F6E636174656E61746564206DC6
:103100006573736167652028256429206D75737464
:1031100020626520686967686572207468616E2046
:103120003020616E6420736D616C6C6572206F720B
:1031300020657175616C207468616E20746F7461B4
:103140006C206E756D626572206F66206D6573739D
:103150006167657320282564292C2069676E6F726A
:10316000696E6720636F6E636174656E6174656418
:1031700020696E666F004D6178696D756D206164C0
:103180006472657373206C656E67746820282564AB
:10319000292065786365656465642025642E204177
:1031A000626F7274696E67206465636F64696E67CD
:1031B0002E0053696E676C65206E756D62657220B6
:1031C000696E2070686F6E65206E756D6265722025
:1031D000697320686967686572207468616E203160
:1031E000303A20696E6465783D25642C206E756DDB
:1031F0006265725F76616C75653D25642C20686937
:10320000676865722073656D692D6F6374657400FE
:1032100053696E676C65206E756D62657220696EAC
:103220002070686F6E65206E756D626572206973BF
:1032300020686967686572207468616E2031303A71
:1032400020696E6465783D25642C206E756D62651D
:10325000725F76616C75653D25642C206C6F7765B7
:10326000722073656D692D6F6374657400557365A5
:1032700072204461746120486561646572204C6508
:103280006E677468202564206973206269676765CA
:1032900072207468616E20557365722D446174618B
:1032A0002D4C656E67746820256400557365722027
:1032B0004461746120486561646572204C656E6785
:1032C00074682025642069732062696767657220CD
:1032D0007468616E2072656D61696E696E672069E0
:1032E0006E7075742064617461206C656E677468BB
:1032F00020256400436F6E636174656E617465645C
:103300002073686F7274206D657373616765732CC9
:1033100020382D626974207265666572656E63651A
:10332000206E756D6265723A204945206C656E6746
:10333000746820332072657175697265642C20256C
:1033400064207265636569766564004170706C69BC
:10335000636174696F6E20706F727420616464724F
:10336000657373696E6720736368656D652C2038BB
:103370002062697420616464726573733A20494500
:10338000206C656E67746820322072657175697291
:1033900065642C2025642072656365697665640028
:1033A0004170706C69636174696F6E20706F7274C4
:1033B0002061646472657373696E67207363686506
:1033C0006D652C20313620626974206164647265F9
:1033D00073733A204945206C656E67746820342009
:1033E00072657175697265642C202564207265634D
:1033F000656976656400436F6E636174656E6174C0
:1034000065642073686F7274206D6573736167659E
:10341000732C2031362D6269742072656665726581
:103420006E6365206E756D6265723A204945206C49
:10343000656E6774682034207265717569726564A1
:103440002C20256420726563656976656400496790
:103450006E6F72696E67206E6F7420737570706F17
:1034600072746564205573657220446174612048EC
:10347000656164657220696E666F726D6174696FF3
:103480006E20656C656D656E742069643D307825CD
:103490003032582C206C656E6774683D256400706E
:1034A000647520213D202828766F6964202A293000
:1034B000290009506172616D65746572202770641E
:1034C00075272063616E6E6F74206265204E554CC7
:1034D0004C2E0A006461746120213D202828766FFB
:1034E0006964202A2930290009506172616D657470
:1034F0006572202764617461272063616E6E6F744A
:10350000206265204E554C4C2E0A00506172736942
:103510006E67206572726F72202825642920696E9B
:10352000206465636F64696E6720534D532D444575
:103530004C49564552206D6573736167650044655B
:10354000636F64696E6720534D532D44454C495653
:103550004552207061796C6F6164206661696C65A9
:10356000643A202564004F7574206F66206D656D88
:103570006F7279207768656E206372656174696E19
:1035800067207061727365720044617461206C65BC
:103590006E6774682028256429206973206E6F7413
:1035A00020646976697369626C652062792074773A
:1035B0006F3A2025730044617461206C656E6774F6
:1035C000682028256429206973206269676765720D
:1035D000207468616E2074686520696E7465726E0F
:1035E000616C206275666665722073697A65202851
:1035F00025642900496E76616C69642068657820CD
:1036000063686172616374657220666F756E6420B1
:10361000696E206275666665723A2025730040A364
:1036200024A5E8E9F9ECF2C70AD8F80DC5E5205F52
:1036300020202020202020202020C6E6DFC92021B5
:1036400022232025262728292A2B2C2D2E2F3031E6
:1036500032333435363738393A3B3C3D3E3FA14171
:1036600042434445464748494A4B4C4D4E4F5051C2
:1036700052535455565758595AC4D6D1DCA7BF6136
:1036800062636465666768696A6B6C6D6E6F7071A2
:1036900072737475767778797AE4F6F1FCE020201D
:1036A000202020202020202020202020202020201A
:1036B00020205E20202020202020202020202020CC
:1036C0002020202020207B7D20202020205C202006
:1036D000202020202020202020205B7E5D207C20B8
:1036E00020202020202020202020202020202020DA
:1036F00020202020202020202020202020202020CA
:10370000202020A420202020202020202020202035
:103710002020202020202020202020202020466142
:10372000696C656420746F2073657420636F6E66C6
:10373000696775726174696F6E20286572723A20CC
:103740002564290041542558434F4558303D312CBC
:10375000312C313536352C31353836006D6F646596
:103760006D5F616E74656E6E610054462D4D206E06
:103770006F6E2D7365637572652063616C6C626139
:10378000636B20696E697469616C697A6174696FD1
:103790006E206661696C65642C206572726F723A86
:1037A000202564002A2A2A2A2A20534543555245B7
:1037B000204641554C54202A2A2A2A2A00202041FA
:1037C0006464726573733A2030782578002020494C
:1037D0006E76616C696420656E74727920706F69B1
:1037E0006E74002020496E76616C696420696E7485
:1037F000656772697479207369676E617475726543
:10380000002020496E76616C69642065786365707C
:1038100074696F6E2072657475726E002020417439
:10382000747269627574696F6E20756E6974207642
:10383000696F6C6174696F6E002020496E76616CEF
:103840006964207472616E736974696F6E00202000
:103850004C617A7920737461746520707265736548
:1038600072766174696F6E0020204C617A792073E2
:1038700074617465206572726F72002A2A2A2A2A7E
:103880002053505520494E54455252555054202AE9
:103890002A2A2A2A002020536563757269747920C8
:1038A00076696F6C6174696F6E20666F72207468E0
:1038B0006520666C617368206D656D6F7279207329
:1038C00070616365002020536563757269747920A7
:1038D00076696F6C6174696F6E20666F72207468B0
:1038E000652052414D206D656D6F72792073706156
:1038F0006365002020536563757269747920766969
:103900006F6C6174696F6E206F6E206F6E65206FD3
:1039100072207365766572616C207065726970687B
:103920006572616C732E00574553545F544F504479
:1039300049522F6E72662F6D6F64756C65732F74AC
:103940007275737465642D6669726D776172652D29
:103950006D2F6661756C742E6300675F636F6E74A4
:103960006578742E76616C696400094E6F6E2D73F4
:1039700065637572652063616C6C6261636B20774F
:103980006974686F75742076616C696420636F6E0A
:10399000746578740A00574553545F544F50444936
:1039A000522F6D6F64756C65732F68616C2F6E6F2D
:1039B000726469632F6E7266782F68616C2F6E7205
:1039C000665F647070692E68006368616E6E656C16
:1039D000203C206E72665F647070695F6368616E20
:1039E0006E656C5F6E756D6265725F676574287079
:1039F0005F7265672900574553545F544F504449DF
:103A0000522F6D6F64756C65732F68616C2F6E6FCC
:103A1000726469632F6E7266782F68656C70657268
:103A2000732F6E7266785F677070695F647070691B
:103A30002E63006565700074657000574553545FD0
:103A4000544F504449522F6D6F64756C65732F68E5
:103A5000616C2F6E6F726469632F6E7266782F646B
:103A60007269766572732F7372632F6E7266785FF8
:103A7000636C6F636B2E6300574553545F544F5014
:103A80004449522F6D6F64756C65732F68616C2F9C
:103A90006E6F726469632F6E7266782F68616C2F27
:103AA0006E72665F636C6F636B2E68006D5F636C34
:103AB0006F636B5F63622E6D6F64756C655F696EBB
:103AC000697469616C697A656400574553545F5441
:103AD0004F504449522F6D6F64756C65732F686148
:103AE0006C2F6E6F726469632F6E7266782F6861D7
:103AF0006C2F6E72665F6770696F74652E680069FF
:103B00006E646578203C203800574553545F544F0D
:103B1000504449522F6D6F64756C65732F68616CEA
:103B20002F6E6F726469632F6E7266782F6472698C
:103B3000766572732F7372632F6E7266785F67702B
:103B4000696F74652E63006E7266795F6770696F66
:103B50005F70696E5F70726573656E745F636865D0
:103B6000636B2870696E290070696E5F69735F69A5
:103B70006E70757428705F696E7374616E63652C06
:103B80002070696E290070696E5F6861735F74727E
:103B9000696767657228705F696E7374616E6365CB
:103BA0002C2070696E2900705F6368616E6E656CB1
:103BB00000705F696E7374616E63652D3E705F7235
:103BC0006567203D3D2028284E52465F4750494FAB
:103BD00054455F547970652A292030783430303369
:103BE00031303030554C2900696E745F656E61620A
:103BF0006C6500574553545F544F504449522F6DE4
:103C00006F64756C65732F68616C2F6E6F72646979
:103C1000632F6E7266782F647269766572732F7384
:103C200072632F6E7266785F6970632E6300705FD7
:103C3000636F6E666967006D5F63622E7374617493
:103C400065203D3D204E5246585F4452565F5354C6
:103C50004154455F494E495449414C495A454400F5
:103C6000574553545F544F504449522F6D6F6475FC
:103C70006C65732F68616C2F6E6F726469632F6E51
:103C80007266782F68616C2F6E72665F6970632E42
:103C90006800574553545F544F504449522F6D6F3D
:103CA00064756C65732F68616C2F6E6F72646963E5
:103CB0002F6E7266782F647269766572732F7372D5
:103CC000632F6E7266785F74696D65722E6300286B
:103CD0002828705F696E7374616E63652D3E705F36
:103CE000726567203D3D2028284E52465F54494D5D
:103CF00045525F547970652A29203078343030304D
:103D000046303030554C29292026262028333220B1
:103D10003D3D2038203F2028705F636F6E666967E5
:103D20002D3E6269745F7769647468203D3D204E62
:103D300052465F54494D45525F4249545F5749448A
:103D400054485F3829203A20283332203D3D203125
:103D500036203F2028705F636F6E6669672D3E6274
:103D600069745F7769647468203D3D204E52465FF8
:103D700054494D45525F4249545F57494454485F46
:103D80003829207C7C2028705F636F6E6669672D00
:103D90003E6269745F7769647468203D3D204E52CD
:103DA000465F54494D45525F4249545F5749445418
:103DB000485F313629203A20283332203D3D2032D9
:103DC00034203F2028705F636F6E6669672D3E6206
:103DD00069745F7769647468203D3D204E52465F88
:103DE00054494D45525F4249545F57494454485FD6
:103DF0003829207C7C2028705F636F6E6669672D90
:103E00003E6269745F7769647468203D3D204E525C
:103E1000465F54494D45525F4249545F57494454A7
:103E2000485F313629207C7C2028705F636F6E6686
:103E300069672D3E6269745F7769647468203D3DEF
:103E4000204E52465F54494D45525F4249545F5798
:103E5000494454485F323429203A20283332203DE7
:103E60003D203332203F2028705F636F6E666967A4
:103E70002D3E6269745F7769647468203D3D204E11
:103E800052465F54494D45525F4249545F57494439
:103E900054485F3829207C7C2028705F636F6E66F1
:103EA00069672D3E6269745F7769647468203D3D7F
:103EB000204E52465F54494D45525F4249545F5728
:103EC000494454485F313629207C7C2028705F6348
:103ED0006F6E6669672D3E6269745F7769647468A6
:103EE000203D3D204E52465F54494D45525F424968
:103EF000545F57494454485F323429207C7C202841
:103F0000705F636F6E6669672D3E6269745F776983
:103F1000647468203D3D204E52465F54494D4552E1
:103F20005F4249545F57494454485F333229203A2D
:103F300020302929292929207C7C202828705F69A4
:103F40006E7374616E63652D3E705F726567203DB0
:103F50003D2028284E52465F54494D45525F5479C2
:103F600070652A2920307834303031303030305587
:103F70004C292920262620283332203D3D20382078
:103F80003F2028705F636F6E6669672D3E626974BB
:103F90005F7769647468203D3D204E52465F544906
:103FA0004D45525F4249545F57494454485F382950
:103FB000203A20283332203D3D203136203F202832
:103FC000705F636F6E6669672D3E6269745F7769C3
:103FD000647468203D3D204E52465F54494D455221
:103FE0005F4249545F57494454485F3829207C7CDC
:103FF0002028705F636F6E6669672D3E6269745F2B
:104000007769647468203D3D204E52465F54494DA7
:1040100045525F4249545F57494454485F313629FD
:10402000203A20283332203D3D203234203F2028C2
:10403000705F636F6E6669672D3E6269745F776952
:10404000647468203D3D204E52465F54494D4552B0
:104050005F4249545F57494454485F3829207C7C6B
:104060002028705F636F6E6669672D3E6269745FBA
:104070007769647468203D3D204E52465F54494D37
:1040800045525F4249545F57494454485F3136298D
:10409000207C7C2028705F636F6E6669672D3E62AE
:1040A00069745F7769647468203D3D204E52465FB5
:1040B00054494D45525F4249545F57494454485F03
:1040C000323429203A20283332203D3D203332201B
:1040D0003F2028705F636F6E6669672D3E6269746A
:1040E0005F7769647468203D3D204E52465F5449B5
:1040F0004D45525F4249545F57494454485F3829FF
:10410000207C7C2028705F636F6E6669672D3E623D
:1041100069745F7769647468203D3D204E52465F44
:1041200054494D45525F4249545F57494454485F92
:10413000313629207C7C2028705F636F6E6669674A
:104140002D3E6269745F7769647468203D3D204E3E
:1041500052465F54494D45525F4249545F57494466
:1041600054485F323429207C7C2028705F636F6E56
:104170006669672D3E6269745F7769647468203D83
:104180003D204E52465F54494D45525F4249545F6F
:1041900057494454485F333229203A20302929298D
:1041A0002929207C7C202828705F696E7374616ED9
:1041B00063652D3E705F726567203D3D2028284E67
:1041C00052465F54494D45525F547970652A292003
:1041D00030783430303131303030554C2929202678
:1041E0002620283332203D3D2038203F2028705F94
:1041F000636F6E6669672D3E6269745F7769647488
:1042000068203D3D204E52465F54494D45525F4225
:1042100049545F57494454485F3829203A2028338D
:1042200032203D3D203136203F2028705F636F6E85
:104230006669672D3E6269745F7769647468203DC2
:104240003D204E52465F54494D45525F4249545FAE
:1042500057494454485F3829207C7C2028705F638C
:104260006F6E6669672D3E6269745F776964746812
:10427000203D3D204E52465F54494D45525F4249D4
:10428000545F57494454485F313629203A20283337
:1042900032203D3D203234203F2028705F636F6E16
:1042A0006669672D3E6269745F7769647468203D52
:1042B0003D204E52465F54494D45525F4249545F3E
:1042C00057494454485F3829207C7C2028705F631C
:1042D0006F6E6669672D3E6269745F7769647468A2
:1042E000203D3D204E52465F54494D45525F424964
:1042F000545F57494454485F313629207C7C20283C
:10430000705F636F6E6669672D3E6269745F77697F
:10431000647468203D3D204E52465F54494D4552DD
:104320005F4249545F57494454485F323429203A28
:1043300020283332203D3D203332203F2028705F3B
:10434000636F6E6669672D3E6269745F7769647436
:1043500068203D3D204E52465F54494D45525F42D4
:1043600049545F57494454485F3829207C7C2028B1
:10437000705F636F6E6669672D3E6269745F77690F
:10438000647468203D3D204E52465F54494D45526D
:104390005F4249545F57494454485F313629207C75
:1043A0007C2028705F636F6E6669672D3E6269745A
:1043B0005F7769647468203D3D204E52465F5449E2
:1043C0004D45525F4249545F57494454485F323427
:1043D00029207C7C2028705F636F6E6669672D3EA4
:1043E0006269745F7769647468203D3D204E52466F
:1043F0005F54494D45525F4249545F5749445448C0
:104400005F333229203A20302929292929207C7C30
:104410002030207C7C2030207C7C2030207C7C2044
:1044200030207C7C2030207C7C2030207C7C203024
:10443000207C7C2030207C7C2030207C7C20302024
:104440007C7C2030207C7C2030207C7C2030207CB8
:104450007C2030207C7C2030207C7C2030207C7CA8
:104460002030207C7C2030207C7C2030207C7C20F4
:1044700030207C7C203029006D5F63625B705F6957
:104480006E7374616E63652D3E696E7374616E63E5
:10449000655F69645D2E7374617465203D3D204ED7
:1044A0005246585F4452565F53544154455F494EFB
:1044B000495449414C495A4544006D5F63625B7001
:1044C0005F696E7374616E63652D3E696E737461AE
:1044D0006E63655F69645D2E737461746520213D50
:1044E000204E5246585F4452565F53544154455FE4
:1044F000554E494E495449414C495A45440041544E
:104500002B4346554E3D002B434D45204552524FBF
:10451000523A002B434D53204552524F523A0070AD
:10452000646E0000010205574553545F544F5044D8
:1045300049522F7A65706879722F6B65726E656C5F
:104540002F6465766963652E6300646576203C3D63
:10455000205F6465766963655F6C6973745F656E1F
:104560006400556E6B6E6F776E206572726F7200AD
:10457000756E6B6E6F776E003E3E3E205A4550481A
:10458000595220464154414C204552524F52202509
:10459000643A202573206F6E204350552025640017
:1045A0004661756C7420647572696E6720696E74FB
:1045B0006572727570742068616E646C696E670AEA
:1045C0000043757272656E74207468726561643A36
:1045D000202570202825732900574553545F544FD8
:1045E000504449522F7A65706879722F6B65726EEC
:1045F000656C2F666174616C2E6300726561736F08
:104600006E20213D204B5F4552525F4B45524E4537
:104610004C5F50414E49430009417474656D70749C
:10462000656420746F207265636F766572206672B0
:104630006F6D2061206B65726E656C2070616E69B4
:104640006320636F6E646974696F6E0A0009417458
:1046500074656D7074656420746F207265636F7625
:1046600065722066726F6D206120666174616C20D6
:104670006572726F7220696E204953520A0043506E
:104680005520657863657074696F6E00556E68615A
:104690006E646C656420696E746572727570740006
:1046A000537461636B206F766572666C6F77004B35
:1046B00065726E656C206F6F7073004B65726E650E
:1046C0006C2070616E69630069646C65006D61697E
:1046D0006E00574553545F544F504449522F7A65EA
:1046E000706879722F6B65726E656C2F6B6865618F
:1046F000702E630068203C3D205F6B5F68656170D1
:104700005F6C6973745F656E640021617263685FDA
:1047100069735F696E5F6973722829207C7C202829
:104720002874696D656F7574292E7469636B7320C5
:104730003D3D202828286B5F74696D656F75745F37
:104740007429207B307D29292E7469636B732900BD
:10475000574553545F544F504449522F7A657068FF
:1047600079722F6B65726E656C2F6D656D5F736C02
:1047700061622E6300736C6162203C3D205F6B5F61
:104780006D656D5F736C61625F6C6973745F656E9C
:104790006400282863686172202A296D656D203EB7
:1047A0003D20736C61622D3E6275666665722920DC
:1047B0002626202828282863686172202A296D650A
:1047C0006D202D20736C61622D3E62756666657288
:1047D00029202520736C61622D3E696E666F2E6202
:1047E0006C6F636B5F73697A6529203D3D203029CA
:1047F00020262620282863686172202A296D656D8D
:10480000203C3D2028736C61622D3E6275666665B2
:1048100072202B2028736C61622D3E696E666F2EAC
:10482000626C6F636B5F73697A65202A2028736CF2
:1048300061622D3E696E666F2E6E756D5F626C6F84
:10484000636B73202D2031292929290009496E76AF
:10485000616C6964206D656D6F727920706F696E2F
:104860007465722070726F76696465640A005745DA
:1048700053545F544F504449522F7A65706879728F
:104880002F6B65726E656C2F7468726561642E6340
:1048900000282828287072696F2929203D3D203181
:1048A00035202626207A5F69735F69646C655F74C2
:1048B00068726561645F656E7472792828656E74CC
:1048C0007279292929207C7C202828283135202D1F
:1048D000203129203E3D2028282D31362929292024
:1048E00026262028287072696F2929203E3D20281D
:1048F000282D313629292026262028287072696F14
:104900002929203C3D20283135202D2031292929F5
:104910000009696E76616C6964207072696F7269F2
:10492000747920282564293B20616C6C6F7765645D
:104930002072616E67653A20256420746F202564BB
:104940000A0021617263685F69735F696E5F6973F2
:10495000722829000954687265616473206D617959
:10496000206E6F74206265206372656174656420D7
:10497000696E20495352730A007468726561645FFE
:1049800064617461203C3D205F5F7374617469638E
:104990005F7468726561645F646174615F6C6973A0
:1049A000745F656E6400574553545F544F504449DB
:1049B000522F7A65706879722F6B65726E656C2FF5
:1049C00069646C652E63005F6B65726E656C2E6347
:1049D0007075735B305D2E63757272656E742D3EFB
:1049E000626173652E7072696F203E3D2030005702
:1049F0004553545F544F504449522F7A657068793B
:104A0000722F6B65726E656C2F6D757465782E6391
:104A100000096D7574657865732063616E6E6F74DF
:104A2000206265207573656420696E736964652012
:104A3000495352730A006D757465782D3E6C6F632F
:104A40006B5F636F756E74203E2030550057455381
:104A5000545F544F504449522F7A65706879722FD1
:104A60006B65726E656C2F73656D2E63002828610F
:104A70007263685F69735F696E5F6973722829206A
:104A80003D3D203029207C7C20282874696D656F8D
:104A90007574292E7469636B73203D3D2028282886
:104AA0006B5F74696D656F75745F7429207B307DF1
:104AB00029292E7469636B73292900574553545F64
:104AC000544F504449522F7A65706879722F6B6544
:104AD000726E656C2F776F726B2E6300776F726BDF
:104AE0002D3E717565756520213D202828766F69FA
:104AF00064202A29302900776F726B2D3E68616E21
:104B0000646C657220213D202828766F6964202A14
:104B100029302900717565756500737461636B00D8
:104B200021666C61675F746573742826717565759D
:104B3000652D3E666C6167732C204B5F574F524B5F
:104B40005F51554555455F535441525445445F426A
:104B50004954290064776F726B20213D2028287604
:104B60006F6964202A29302900574553545F544FF8
:104B7000504449522F7A65706879722F6B65726E56
:104B8000656C2F73636865642E6300282874292080
:104B9000262620282875696E747074725F74292027
:104BA00028736C6963655F74696D656F75747329CB
:104BB00029203C3D20282875696E747074725F74DA
:104BC00029202874292920262620282875696E7412
:104BD0007074725F74292028742929203C202828A9
:104BE00075696E747074725F742920282628736C3E
:104BF0006963655F74696D656F757473295B2828D7
:104C000073697A655F742920282828696E742920C1
:104C100073697A656F6628636861725B31202D2045
:104C200032202A202128215F5F6275696C74696EC9
:104C30005F74797065735F636F6D70617469626CC6
:104C4000655F70285F5F747970656F665F5F28735A
:104C50006C6963655F74696D656F757473292C2069
:104C60005F5F747970656F665F5F282628736C6973
:104C700063655F74696D656F757473295B305D2959
:104C800029295D29202D203129202B202873697A9C
:104C9000656F6628736C6963655F74696D656F75B0
:104CA000747329202F2073697A656F662828736CC6
:104CB0006963655F74696D656F757473295B305DD9
:104CC000292929295D2929202626202828287569AF
:104CD0006E747074725F74292028742929202D2025
:104CE000282875696E747074725F74292028736C3B
:104CF0006963655F74696D656F757473292929200F
:104D0000252073697A656F662828736C6963655F0F
:104D100074696D656F757473295B305D29203D3D45
:104D2000203029005F6B65726E656C2E6370757341
:104D30005B305D2E63757272656E7420213D202894
:104D400028766F6964202A29302900217A5F6973E7
:104D50005F69646C655F7468726561645F6F626AE5
:104D600065637428746872656164290057455354FB
:104D70005F544F504449522F7A65706879722F6B97
:104D800065726E656C2F696E636C7564652F6B73ED
:104D9000636865642E68005F6B65726E656C2E6378
:104DA0007075735B305D2E63757272656E742D3E27
:104DB000626173652E73636865645F6C6F636B65B6
:104DC0006420213D203155005F6B65726E656C2E4D
:104DD000637075735B305D2E63757272656E742DD2
:104DE0003E626173652E73636865645F6C6F636BAD
:104DF000656420213D2030550073697A656F66280F
:104E000073636865645F7370696E6C6F636B292090
:104E10003D3D2030207C7C206C6F636B20213D2049
:104E20002673636865645F7370696E6C6F636B0093
:104E30007468726561642D3E626173652E70656E83
:104E40006465645F6F6E00217465726D696E617474
:104E500065000961626F72746564205F63757272C8
:104E6000656E74206261636B2066726F6D2064658D
:104E700061640A00217A5F69735F746872656164B6
:104E80005F73746174655F736574285F6B65726EC0
:104E9000656C2E637075735B305D2E637572726521
:104EA0006E742C20282831554C203C3C2028342975
:104EB000292929000961626F7274696E6720657320
:104EC00073656E7469616C20746872656164202515
:104ED000700A00574553545F544F504449522F7A3B
:104EE00065706879722F6B65726E656C2F74696D71
:104EF000656F75742E6300217379735F646E6F64E0
:104F0000655F69735F6C696E6B65642826746F2DCD
:104F10003E6E6F64652900574553545F544F5044AB
:104F200049522F7A65706879722F6B65726E656C65
:104F30002F706F6C6C2E63006576656E742D3E73FA
:104F4000656D20213D202828766F6964202A29304C
:104F5000290009696E76616C69642073656D617002
:104F6000686F72650A0A006576656E742D3E71750C
:104F700065756520213D202828766F6964202A29DF
:104F800030290009696E76616C69642071756575F8
:104F9000650A0A006576656E742D3E7369676E61F9
:104FA0006C20213D202828766F6964202A29302929
:104FB0000009696E76616C696420706F6C6C207397
:104FC00069676E616C0A0A006576656E742D3E6DC8
:104FD00073677120213D202828766F6964202A2973
:104FE00030290009696E76616C6964206D657373A0
:104FF0006167652071756575650A0A0009696E76D5
:10500000616C6964206576656E7420747970650AD8
:105010000A0009696E76616C6964206576656E7454
:105020002074797065202830782578290A0A006D67
:105030006F6465203D3D204B5F504F4C4C5F4D4FA2
:1050400044455F4E4F544946595F4F4E4C590009F5
:105050006F6E6C79204E4F544946595F4F4E4C59F4
:10506000206D6F646520697320737570706F727442
:1050700065640A0A0074797065203C20282831553F
:105080004C203C3C20285F504F4C4C5F4E554D5FB0
:1050900054595045532929290009696E76616C6974
:1050A0006420747970650A0A006F626A20213D20CD
:1050B0002828766F6964202A29302900096D7573C4
:1050C000742070726F7669646520616E206F626A09
:1050D0006563740A0A006576656E747320213D204D
:1050E0002828766F6964202A29302900094E554CFA
:1050F0004C206576656E74730A0A006E756D5F6587
:1051000076656E7473203E3D203000093C3020658A
:1051100076656E74730A0A00574553545F544F50B6
:105120004449522F7A65706879722F6B65726E658B
:105130006C2F6D656D706F6F6C2E6300616C6967AD
:105140006E203D3D2030207C7C20282875696E74BF
:105150007074725F74296D656D20262028616C69FA
:10516000676E202D20312929203D3D203000096D1A
:105170006973616C69676E6564206D656D6F7279C6
:105180002061742025702028616C69676E203D20A5
:10519000257A75290A00616C69676E202F20736972
:1051A0007A656F6628766F6964202A29203E3D2043
:1051B000312026262028616C69676E2025207369BE
:1051C0007A656F6628766F6964202A2929203D3D1B
:1051D00020300009616C69676E206D757374206200
:1051E000652061206D756C7469706C65206F662038
:1051F00073697A656F6628766F6964202A290A00C8
:105200002A2A2A20426F6F74696E67206E524620E8
:10521000436F6E6E6563742053444B206439363798
:105220003639666163656361202A2A2A0A00737928
:1052300073776F726B7100286E756C6C29002A662B
:105240006C6F61742A006364696E6F70737578584F
:105250005B000000A121020000000000711B0200A1
:10526000000000003D2F020000000000AD1C020005
:10527000000000002D1B020000000000FFFFFFFFE8
:10528000FFFFFFFFFFFFFFFFFFFFFFFFFFFFFFFF2E
:10529000FFFFFFFF00000000000000000000000012
:1052A000000000006DB702000000000000000000D8
:1052B00000000000A0C50020A0C500208DB901009D
:1052C00000000000000000000000000000000000DE
:1052D00000000000C0C50020C0C500200000000084
:1052E00001000000D0C50020D0C50020D8C5002096
:1052F000D8C500200000000001000000E8C5002023
:10530000E8C50020000000000000000000000000D0
:10531000000000000000000000000000000000008D
:10532000000000000000000000000000000000007D
:1053300000000000000000000000000015CD5B0729
:1053400000000000ADA10000000000001CEE020003
:105350000100000040C6002040C600200000000000
:10536000000000000E00000054C6002054C60020BB
:10537000000000001CEE02000100000068C60020D2
:1053800068C6002000000000000000000E000000C1
:105390007CC600207CC60020000000001CEE02003D
:1053A0000100000090C6002090C600200000000010
:1053B000000000000E000000A4C60020A4C60020CB
:1053C00000000000000000000000000000000000DD
:1053D00000000000000000000000000000000000CD
:1053E00000000000000000000000000000000000BD
:1053F00000000000000000000000000000000000AD
:10540000000000000000000000000000000000009C
:10541000000000000000000000000000000000008C
:10542000000000000000000000000000000000007C
:10543000000000000000000000000000000000006C
:10544000000000000000000000000000000000005C
:10545000000000000000000000000000000000004C
:10546000000000000000000000000000000000003C
:10547000000000000000000000000000000000002C
:10548000000000000000000000000000000000001C
:10549000000000000000000000000000000000000C
:1054A00000000000000000000000000000000000FC
:1054B00000000000000000000000000000000000EC
:1054C00000000000000000000000000000000000DC
:1054D00000000000000000000000000000000000CC
:1054E00000000000000000000000000000000000BC
:1054F00000000000000000000000000000000000AC
:10550000000000000000000000000000000000009B
:10551000000000000000000000000000000000008B
:10552000000000000000000000000000000000007B
:10553000000000000000000000000000000000006B
:10554000000000000000000000000000000000005B
:10555000000000000000000000000000000000004B
:10556000000000000000000000000000000000003B
:10557000000000000000000000000000000000002B
:10558000000000000000000000000000000000001B
:10559000000000000000000000000000000000000B
:1055A00000000000000000000000000000000000FB
:1055B00000000000000000000000000000000000EB
:1055C000000000000000000035C0000078EE02007E
:1055D000000000000000000091EC0000000000004E
:1055E00000000000D0C80020D0C80020E4C800207F
:1055F0003D8B01000800000000FF4000000000009B
:105600000000000000000000E9840100000000002C
:10561000000000000000000000000000000000008A
:10562000000000000000000000000000000000007A
:10563000000000000000000000000000000000006A
:1056400000000000000000000000000000FF40001B
:10565000000000000000000000000000E9840100DC
:10566000000000000000000000000000000000003A
:10567000000000000000000000000000000000002A
:10568000000000000000000000000000000000001A
:10569000000000000000000000000000000000000A
:1056A00000FF4000000000000000000000000000BB
:1056B000E98401000000000000000000000000007C
:1056C00000000000000000000000000000000000DA
:1056D00000000000000000000000000000000000CA
:1056E00000000000000000000000000000000000BA
:1056F0000000000000FF400000000000000000006B
:1057000000000000E984010000000000000000002B
:105710000000000000000000000000000000000089
:105720000000000000000000000000000000000079
:105730000000000000000000000000000000000069
:10574000000000000000000000FF4000000000001A
:105750000000000000000000E984010000000000DB
:105760000000000000000000000000000000000039
:105770000000000000000000000000000000000029
:105780000000000000000000000000000000000019
:1057900000000000000000000000000000FF4000CA
:1057A000000000000000000000000000E98401008B
:1057B00000000000000000000000000000000000E9
:1057C00000000000000000000000000000000000D9
:1057D00000000000000000000000000000000000C9
:1057E00000000000000000000000000000000000B9
:1057F00000FF40000000000000000000000000006A
:10580000E98401000000000000000000000000002A
:105810000000000000000000000000000000000088
:105820000000000000000000000000000000000078
:105830000000000000000000000000000000000068
:105840000000000000FF4000000000000000000019
:1058500000000000E98401000000000000000000DA
:105860000000000000000000000000000000000038
:105870000000000000000000000000000000000028
:105880000000000000000000000000000000000018
:10589000000000000000000090CB0020EDA80100F7
:1058A0000800000000FF34000000000000000000BD
:1058B0000000000015A90100000000000000000029
:1058C00000000000000000000000000000000000D8
:1058D00000000000000000000000000000000000C8
:1058E00000000000000000000000000000FF340085
:1058F00000000000000000000000000015A90100E9
:105900000000000000000000000000000000000097
:105910000000000000000000000000000000000087
:105920000000000000000000000000000000000077
:105930000000000000FF3400000000000000000034
:105940000000000015A90100000000000000000098
:105950000000000000000000000000000000000047
:105960000000000000000000000000000000000037
:1059700000000000000000000000000000FF3400F4
:1059800000000000000000000000000015A9010058
:105990000000000000000000000000000000000007
:1059A00000000000000000000000000000000000F7
:1059B00000000000000000000000000000000000E7
:1059C0000000000000FF34000000000000000000A4
:1059D0000000000015A90100000000000000000008
:1059E00000000000000000000000000000000000B7
:1059F00000000000000000000000000000000000A7
:105A000000000000000000000000000000FF340063
:105A100000000000000000000000000015A90100C7
:105A20000000000000000000000000000000000076
:105A30000000000000000000000000000000000066
:105A40000000000000000000000000000000000056
:105A50000000000000FF3400000000000000000013
:105A60000000000015A90100000000000000000077
:105A70000000000000000000000000000000000026
:105A80000000000000000000000000000000000016
:105A900000000000000000000000000000FF3400D3
:105AA00000000000000000000000000015A9010037
:105AB00000000000000000000000000000000000E6
:105AC00000000000000000000000000000000000D6
:105AD00000000000000000000000000000000000C6
:105AE0000000000000FF08000000000000000000AF
:105AF0000000000005A701000000000000000000F9
:105B000000FF08000000000000000000000000008E
:105B100005A70100000000000000000000FF0800D1
:105B200000000000000000000000000005A70100C8
:105B3000000000000000000000FF0800000000005E
:105B4000000000000000000005A7010000000000A8
:105B50000000000000FF080000000000000000003E
:105B60000000000005A70100000000000000000088
:105B700000FF08000000000000000000000000001E
:105B800005A70100000000000000000000FF080061
:105B900000000000000000000000000005A7010058
:105BA000000000000000000000FF080000000000EE
:105BB000000000000000000005A701000000000038
:105BC000000000000000000000100E0000010300B3
:105BD00000000000CBF40020CAF400200000000008
:105BE000A9EC0100F1E1010000000000000000004C
:105BF000F5F001000000000000000000FFFF0000C1
:105C00000000000000000000000000000000000094
:105C10000000000000000000000000000000000084
:105C20000000000000000000000000000000000074
:105C30000000000000000000000000000000000064
:105C40000000000000000000000000000000000054
:105C500008000000FF00000000000000010000003C
:105C60000000000000000000000000000000000034
:105C70000000000000000000000000000000000024
:105C80000000000000000000000000000000000014
:105C90000000000000000000000000000000000004
:105CA00000000000000000000000000000000000F4
:105CB0000000000008000000FF00000000000000DD
:105CC000010000000000000065550200F9520200CA
:105CD000B554020005530200015802008955020024
:105CE000C957020025D402001FD4020019D40200B3
:105CF000DCCF0020DCCF0020E4CF0020E4CF002068
:105D00000307303030303030313100303031303016
:105D1000303031003130303100313030310000006E
:105D2000072103009D02020000000000162103006D
:105D300001060200000000000F210300150202000E
:105D400000000000E0200300250302000000000026
:105D5000F420030099FF010000000000E720030089
:105D6000FD00020000000000FF20030005FF01000D
:105D700000000000752E0300B51D020003000000A6
:105D8000702E0300491E0200030000007A2E03005B
:105D9000D51E02000300000000000000000000000B
:105DA00000000000000000000000000000000000F3
:105DB00000000000000000000000000000000000E3
:105DC00000000000000000000000000000000000D3
:105DD00000000000000000000000000000000000C3
:105DE000000000000000000000000000D8D00020EB
:105DF000D8D0002000000000D030012000000000BA
:105E0000040000004000000000000000000000004E
:105E1000D016012000020000000000000000000079
:105E200000000000000000009006012000010000BA
:105E300000000000000000000000000028D1002049
:105E400028D1002000000000000000000E0000002B
:105E50003CD100203CD100200000000000000000E8
:105E60000E00000050D1002050D1002000000000A2
:105E7000000000000E00000064D1002064D100206A
:105E800000000000000000000E00000078D100209B
:105E900078D1002000000000000000000E0000008B
:105EA0008CD100208CD100200000000000000000F8
:105EB0000E000000A0D10020A0D1002000000000B2
:105EC000000000000E000000B4D10020B4D100207A
:105ED00000000000000000000E000000C8D10020FB
:105EE000C8D1002000000000000000000E000000EB
:105EF000DCD10020DCD10020000000000000000008
:105F00000E000000F0D10020F0D1002000000000C1
:105F10000100000000D2002000D2002008D20020A2
:105F200008D20020000000000100000018D200206C
:105F300018D2002020D2002020D200200100000032
:105F40000100000030D2002030D20020000000000C
:105F5000000000000000000044D2002044D20020D5
:105F60004CD200204CD200200000000000000000B5
:105F70000000000060D2002060D2002068D2002023
:105F800068D20020000000000100010000000000B5
:105F9000000000007CEF0200E83401200000000057
:105FA000000000000000000094D2002094D20020E5
:105FB0009CD200209CD200200000000001000100C3
:105FC00000000000000000006CEF0200D032012051
:105FD000000000000000000000000000C8D2002007
:105FE000C8D20020D0D20020D0D200200000000073
:105FF0001000100004000000000000004CEF020040
:10600000102F012000000000000000000000000030
:10601000FCD20020FCD2002004D3002004D30020B6
:10602000000000001000100004000000000000004C
:106030003CEF02005025012060D30020000000004A
:106040000000000000000000000000000000000050
:106050000000000000000000000000000000000040
:106060000000000000000000000000000000000030
:10607000000000008CEA020084D300200000000031
:106080000002000000000000000000000005000009
:106090000000000000000000000000000000000000
:0C60A000550E01000000000015E015E0A6
:00000001FF
