2026-09-23T16:11:49.520Z west build --build-dir c:/ADWITECH/nRF9160_Examples/mqtt_working/build c:/ADWITECH/nRF9160_Examples/mqtt_working --pristine --board nrf9161dk@0.9.0/nrf9161/ns -- -DNCS_TOOLCHAIN_VERSION="NONE" -DCONF_FILE="prj.conf" -DDEBUG_THREAD_INFO=Off -DCONFIG_SPEED_OPTIMIZATIONS=y -Dmqtt_working_DEBUG_THREAD_INFO=Off
2026-09-23T16:11:51.871Z -- west build: generating a build system
2026-09-23T16:11:51.872Z -- Found Python3: C:/ncs/toolchains/b620d30767/opt/bin/python.exe (found suitable version "3.12.4", minimum required is "3.8") found components: Interpreter 
2026-09-23T16:11:51.872Z -- Cache files will be written to: C:/ncs/v2.9.0/zephyr/.cache
2026-09-23T16:11:51.872Z -- Found west (found suitable version "1.2.0", minimum required is "0.14.0")
2026-09-23T16:11:53.642Z -- Board: nrf9161dk, Revision: 0.9.0, qualifiers: nrf9161/ns
2026-09-23T16:11:54.935Z Parsing C:/ncs/v2.9.0/zephyr/share/sysbuild/Kconfig
2026-09-23T16:11:54.935Z Loaded configuration 'C:/ADWITECH/nRF9160_Examples/mqtt_working/build/_sysbuild/empty.conf'
2026-09-23T16:11:54.935Z Merged configuration 'C:/ADWITECH/nRF9160_Examples/mqtt_working/build/_sysbuild/empty.conf'
2026-09-23T16:11:54.935Z Merged configuration 'C:/ADWITECH/nRF9160_Examples/mqtt_working/build/_sysbuild/empty.conf'
2026-09-23T16:11:54.935Z Configuration saved to 'C:/ADWITECH/nRF9160_Examples/mqtt_working/build/zephyr/.config'
2026-09-23T16:11:54.935Z Kconfig header saved to 'C:/ADWITECH/nRF9160_Examples/mqtt_working/build/_sysbuild/autoconf.h'
2026-09-23T16:11:55.045Z -- 
2026-09-23T16:11:55.045Z    **********************************
2026-09-23T16:11:55.045Z    * Running CMake for mqtt_working *
2026-09-23T16:11:55.045Z    **********************************
2026-09-23T16:11:55.045Z 
2026-09-23T16:11:55.097Z -- Application: C:/ADWITECH/nRF9160_Examples/mqtt_working
2026-09-23T16:11:55.097Z -- CMake version: 3.21.0
2026-09-23T16:11:56.141Z -- Found Python3: C:/ncs/toolchains/b620d30767/opt/bin/python.exe (found suitable version "3.12.4", minimum required is "3.8") found components: Interpreter 
2026-09-23T16:11:56.190Z -- Cache files will be written to: C:/ncs/v2.9.0/zephyr/.cache
2026-09-23T16:11:56.202Z -- Zephyr version: 3.7.99 (C:/ncs/v2.9.0/zephyr)
2026-09-23T16:11:56.292Z -- Found west (found suitable version "1.2.0", minimum required is "0.14.0")
2026-09-23T16:11:58.598Z -- Board: nrf9161dk, Revision: 0.9.0, qualifiers: nrf9161/ns
2026-09-23T16:11:59.812Z -- Found host-tools: zephyr 0.17.0 (C:/ncs/toolchains/b620d30767/opt/zephyr-sdk)
2026-09-23T16:11:59.893Z -- Found toolchain: zephyr 0.17.0 (C:/ncs/toolchains/b620d30767/opt/zephyr-sdk)
2026-09-23T16:11:59.939Z -- Found Dtc: C:/ncs/toolchains/b620d30767/opt/bin/dtc.exe (found suitable version "1.4.7", minimum required is "1.4.6") 
2026-09-23T16:11:59.942Z -- Found BOARD.dts: C:/ncs/v2.9.0/zephyr/boards/nordic/nrf9161dk/nrf9161dk_nrf9161_ns.dts
2026-09-23T16:11:59.942Z -- Found devicetree overlay: C:/ADWITECH/nRF9160_Examples/mqtt_working/nrf9161dk_nrf9161_ns.overlay
2026-09-23T16:12:00.673Z -- Generated zephyr.dts: C:/ADWITECH/nRF9160_Examples/mqtt_working/build/mqtt_working/zephyr/zephyr.dts
2026-09-23T16:12:00.673Z -- Generated devicetree_generated.h: C:/ADWITECH/nRF9160_Examples/mqtt_working/build/mqtt_working/zephyr/include/generated/zephyr/devicetree_generated.h
2026-09-23T16:12:01.611Z -- Including generated dts.cmake file: C:/ADWITECH/nRF9160_Examples/mqtt_working/build/mqtt_working/zephyr/dts.cmake
2026-09-23T16:12:04.539Z Parsing C:/ADWITECH/nRF9160_Examples/mqtt_working/Kconfig
2026-09-23T16:12:04.539Z Loaded configuration 'C:/ncs/v2.9.0/zephyr/boards/nordic/nrf9161dk/nrf9161dk_nrf9161_ns_defconfig'
2026-09-23T16:12:04.539Z Merged configuration 'C:/ADWITECH/nRF9160_Examples/mqtt_working/prj.conf'
2026-09-23T16:12:04.539Z Merged configuration 'C:/ADWITECH/nRF9160_Examples/mqtt_working/build/mqtt_working/zephyr/misc/generated/extra_kconfig_options.conf'
2026-09-23T16:12:04.539Z Merged configuration 'C:/ADWITECH/nRF9160_Examples/mqtt_working/build/mqtt_working/zephyr/.config.sysbuild'
2026-09-23T16:12:04.539Z Configuration saved to 'C:/ADWITECH/nRF9160_Examples/mqtt_working/build/mqtt_working/zephyr/.config'
2026-09-23T16:12:04.539Z Kconfig header saved to 'C:/ADWITECH/nRF9160_Examples/mqtt_working/build/mqtt_working/zephyr/include/generated/zephyr/autoconf.h'
2026-09-23T16:12:05.048Z -- Found GnuLd: c:/ncs/toolchains/b620d30767/opt/zephyr-sdk/arm-zephyr-eabi/arm-zephyr-eabi/bin/ld.bfd.exe (found version "2.38") 
2026-09-23T16:12:05.490Z -- The C compiler identification is GNU 12.2.0
2026-09-23T16:12:05.944Z -- The CXX compiler identification is GNU 12.2.0
2026-09-23T16:12:06.034Z -- The ASM compiler identification is GNU
2026-09-23T16:12:06.129Z -- Found assembler: C:/ncs/toolchains/b620d30767/opt/zephyr-sdk/arm-zephyr-eabi/bin/arm-zephyr-eabi-gcc.exe
2026-09-23T16:12:07.563Z -- Setting build type to 'MinSizeRel' as none was specified.
2026-09-23T16:12:07.986Z -- Configuring done
2026-09-23T16:12:09.998Z -- Generating done
2026-09-23T16:12:09.999Z -- Build files have been written to: C:/ADWITECH/nRF9160_Examples/mqtt_working/build/mqtt_working
2026-09-23T16:12:09.999Z Dropping partition 'nrf_modem_lib_trace' since its size is 0.
2026-09-23T16:12:10.324Z -- Configuring done
2026-09-23T16:12:10.324Z -- Generating done
2026-09-23T16:12:10.324Z -- Build files have been written to: C:/ADWITECH/nRF9160_Examples/mqtt_working/build
2026-09-23T16:12:10.324Z -- west build: building application
2026-09-23T16:12:10.549Z [1/10] Creating directories for 'mqtt_working'
2026-09-23T16:12:10.628Z [2/10] No download step for 'mqtt_working'
2026-09-23T16:12:10.712Z [3/10] No update step for 'mqtt_working'
2026-09-23T16:12:10.795Z [4/10] No patch step for 'mqtt_working'
2026-09-23T16:12:10.892Z [5/10] No configure step for 'mqtt_working'
2026-09-23T16:12:10.892Z [5/10] Performing build step for 'mqtt_working'
2026-09-23T16:12:11.298Z [1/365] Generating ../../zephyr/include/generated/ncs_commit.h
2026-09-23T16:12:11.299Z [2/365] Generating ../../zephyr/include/generated/zephyr_commit.h
2026-09-23T16:12:11.306Z [3/365] Generating ../../zephyr/include/generated/ncs_version.h
2026-09-23T16:12:11.567Z [4/365] Generating include/generated/zephyr/version.h
2026-09-23T16:12:11.568Z -- Zephyr version: 3.7.99 (C:/ncs/v2.9.0/zephyr), build: v3.7.99-ncs2
2026-09-23T16:12:12.100Z [5/365] Generating misc/generated/syscalls.json, misc/generated/struct_tags.json
2026-09-23T16:12:12.308Z [6/365] Generating include/generated/zephyr/syscall_dispatch.c, include/generated/zephyr/syscall_list.h
2026-09-23T16:12:12.372Z [7/365] Generating include/generated/zephyr/kobj-types-enum.h, include/generated/zephyr/otype-to-str.h, include/generated/zephyr/otype-to-size.h
2026-09-23T16:12:12.374Z [8/365] Generating include/generated/zephyr/driver-validation.h
2026-09-23T16:12:14.145Z [9/365] Generating ../../tfm/CMakeCache.txt
2026-09-23T16:12:14.145Z [33mCMake Warning at cmake/version.cmake:31 (message):
2026-09-23T16:12:14.146Z   TFM_VERSION_MANUAL mismatches to actual TF-M version.  Please update
2026-09-23T16:12:14.146Z   TFM_VERSION_MANUAL in cmake/version.cmake
2026-09-23T16:12:14.146Z Call Stack (most recent call first):
2026-09-23T16:12:14.146Z   CMakeLists.txt:13 (include)
2026-09-23T16:12:14.146Z 
2026-09-23T16:12:14.146Z [0m
2026-09-23T16:12:14.146Z -- Found Git: C:/ncs/toolchains/b620d30767/mingw64/bin/git.exe (found version "2.37.3.windows.1") 
2026-09-23T16:12:14.146Z -- The C compiler identification is GNU 12.2.0
2026-09-23T16:12:14.146Z -- The CXX compiler identification is GNU 12.2.0
2026-09-23T16:12:14.146Z -- The ASM compiler identification is GNU
2026-09-23T16:12:14.146Z -- Found assembler: C:/ncs/toolchains/b620d30767/opt/zephyr-sdk/arm-zephyr-eabi/bin/arm-zephyr-eabi-gcc.exe
2026-09-23T16:12:14.146Z -- Found Python3: C:/ncs/toolchains/b620d30767/opt/bin/python.exe (found version "3.12.4") found components: Interpreter 
2026-09-23T16:12:14.146Z -- Found Python3: C:/ncs/toolchains/b620d30767/opt/bin/python.exe (found suitable version "3.12.4", minimum required is "3.8") found components: Interpreter 
2026-09-23T16:12:14.146Z -- Cache files will be written to: C:/ncs/v2.9.0/zephyr/.cache
2026-09-23T16:12:14.146Z -- Configuring done
2026-09-23T16:12:14.146Z -- Generating done
2026-09-23T16:12:14.146Z -- Build files have been written to: C:/ADWITECH/nRF9160_Examples/mqtt_working/build/mqtt_working/tfm
2026-09-23T16:12:14.146Z [10/365] Creating directories for 'tfm'
2026-09-23T16:12:14.194Z [11/365] No download step for 'tfm'
2026-09-23T16:12:14.275Z [12/365] No update step for 'tfm'
2026-09-23T16:12:14.352Z [13/365] No patch step for 'tfm'
2026-09-23T16:12:14.432Z [14/365] No configure step for 'tfm'
2026-09-23T16:12:14.432Z [14/365] Performing build step for 'tfm'
2026-09-23T16:12:14.716Z [1/133] Building C object secure_fw/spm/CMakeFiles/tfm_spm.dir/__/__/generated/secure_fw/partitions/platform/auto_generated/load_info_tfm_platform.o
2026-09-23T16:12:14.820Z [2/133] Building C object secure_fw/spm/CMakeFiles/tfm_spm.dir/__/__/platform/ext/common/syscalls_stub.o
2026-09-23T16:12:14.945Z [3/133] Building C object secure_fw/spm/CMakeFiles/tfm_spm.dir/__/partitions/ns_agent_tz/load_info_ns_agent_tz.o
2026-09-23T16:12:15.313Z [4/133] Building C object secure_fw/spm/CMakeFiles/tfm_spm.dir/__/__/platform/ext/target/nordic_nrf/common/core/target_cfg.o
2026-09-23T16:12:15.430Z [5/133] Building C object secure_fw/spm/CMakeFiles/tfm_spm.dir/__/__/platform/ext/target/nordic_nrf/common/core/tfm_hal_platform_common.o
2026-09-23T16:12:15.685Z [6/133] Building C object secure_fw/spm/CMakeFiles/tfm_spm.dir/__/__/platform/ext/target/nordic_nrf/common/core/tfm_hal_isolation.o
2026-09-23T16:12:15.908Z [7/133] Building C object secure_fw/spm/CMakeFiles/tfm_spm.dir/__/__/platform/ext/target/nordic_nrf/common/core/faults.o
2026-09-23T16:12:16.040Z [8/133] Building C object secure_fw/spm/CMakeFiles/tfm_spm.dir/__/partitions/ns_agent_tz/ns_agent_tz_v80m.o
2026-09-23T16:12:16.238Z [9/133] Building C object secure_fw/spm/CMakeFiles/tfm_spm.dir/__/__/generated/secure_fw/partitions/crypto/auto_generated/load_info_tfm_crypto.o
2026-09-23T16:12:16.343Z [10/133] Building C object secure_fw/partitions/lib/runtime/CMakeFiles/tfm_sprt.dir/service_api.o
2026-09-23T16:12:16.447Z [11/133] Building C object secure_fw/partitions/lib/runtime/CMakeFiles/tfm_sprt.dir/crt_strnlen.o
2026-09-23T16:12:16.486Z [12/133] Building C object secure_fw/partitions/lib/runtime/CMakeFiles/tfm_sprt.dir/crt_memcmp.o
2026-09-23T16:12:16.595Z [13/133] Building C object secure_fw/partitions/lib/runtime/CMakeFiles/tfm_sprt.dir/crt_memmove.o
2026-09-23T16:12:16.670Z [14/133] Building C object secure_fw/partitions/lib/runtime/CMakeFiles/tfm_sprt.dir/__/__/__/__/platform/ext/common/syscalls_stub.o
2026-09-23T16:12:16.738Z [15/133] Building C object secure_fw/partitions/lib/runtime/CMakeFiles/tfm_sprt.dir/C_/ncs/v2.9.0/nrf/modules/trusted-firmware-m/tfm_boards/common/dummy_tfm_sp_log_raw.o
2026-09-23T16:12:16.833Z [16/133] Building C object secure_fw/partitions/lib/runtime/CMakeFiles/tfm_sp_log.dir/__/__/__/__/platform/ext/common/tfm_hal_sp_logdev_periph.o
2026-09-23T16:12:16.988Z [17/133] Building C object secure_fw/partitions/lib/runtime/CMakeFiles/tfm_sp_log.dir/tfm_sp_log_raw.o
2026-09-23T16:12:17.056Z [18/133] Building C object secure_fw/partitions/lib/runtime/CMakeFiles/tfm_sprt.dir/__/__/__/__/interface/src/tfm_platform_api.o
2026-09-23T16:12:17.138Z [19/133] Building C object secure_fw/partitions/lib/runtime/CMakeFiles/tfm_sprt.dir/__/__/__/shared/crt_memset.o
2026-09-23T16:12:17.557Z [20/133] Building C object secure_fw/partitions/lib/runtime/CMakeFiles/tfm_sprt.dir/__/__/__/__/interface/src/tfm_crypto_api.o
2026-09-23T16:12:17.643Z [21/133] Building C object secure_fw/partitions/lib/runtime/CMakeFiles/tfm_sprt.dir/__/__/__/shared/crt_memcpy.o
2026-09-23T16:12:17.800Z [22/133] Building C object secure_fw/partitions/lib/runtime/CMakeFiles/tfm_sprt.dir/__/__/__/spm/core/psa_interface_sfn.o
2026-09-23T16:12:17.879Z [23/133] Building C object secure_fw/partitions/lib/runtime/CMakeFiles/tfm_sprt.dir/__/__/__/__/interface/src/tfm_psa_call.o
2026-09-23T16:12:18.071Z [24/133] Building C object secure_fw/partitions/crypto/CMakeFiles/tfm_psa_rot_partition_crypto.dir/crypto_init.o
2026-09-23T16:12:18.359Z [25/133] Building C object secure_fw/partitions/crypto/CMakeFiles/tfm_psa_rot_partition_crypto.dir/crypto_cipher.o
2026-09-23T16:12:18.369Z [26/133] Building C object secure_fw/partitions/crypto/CMakeFiles/tfm_psa_rot_partition_crypto.dir/crypto_hash.o
2026-09-23T16:12:18.527Z [27/133] Building C object secure_fw/partitions/crypto/CMakeFiles/tfm_psa_rot_partition_crypto.dir/crypto_alloc.o
2026-09-23T16:12:18.677Z [28/133] Building C object secure_fw/partitions/crypto/CMakeFiles/tfm_psa_rot_partition_crypto.dir/crypto_asymmetric.o
2026-09-23T16:12:18.828Z [29/133] Building C object secure_fw/partitions/crypto/CMakeFiles/tfm_psa_rot_partition_crypto.dir/crypto_key_derivation.o
2026-09-23T16:12:18.974Z [30/133] Building C object secure_fw/partitions/crypto/CMakeFiles/tfm_psa_rot_partition_crypto.dir/crypto_mac.o
2026-09-23T16:12:19.159Z [31/133] Building C object secure_fw/partitions/crypto/CMakeFiles/tfm_psa_rot_partition_crypto.dir/crypto_key_management.o
2026-09-23T16:12:19.268Z [32/133] Building C object secure_fw/partitions/crypto/CMakeFiles/tfm_psa_rot_partition_crypto.dir/crypto_aead.o
2026-09-23T16:12:19.335Z [33/133] Building C object secure_fw/partitions/crypto/CMakeFiles/tfm_psa_rot_partition_crypto.dir/__/__/__/generated/secure_fw/partitions/crypto/auto_generated/intermedia_tfm_crypto.o
2026-09-23T16:12:19.481Z [34/133] Building C object secure_fw/partitions/crypto/CMakeFiles/tfm_psa_rot_partition_crypto.dir/crypto_pake.o
2026-09-23T16:12:19.636Z [35/133] Building C object secure_fw/partitions/crypto/CMakeFiles/tfm_psa_rot_partition_crypto.dir/crypto_library.o
2026-09-23T16:12:19.785Z [36/133] Building C object secure_fw/partitions/crypto/CMakeFiles/tfm_psa_rot_partition_crypto.dir/crypto_rng.o
2026-09-23T16:12:19.952Z [37/133] Building C object secure_fw/partitions/crypto/mbedcrypto/nrf_security_src/CMakeFiles/crypto_service_mbedcrypto.dir/C_/ncs/v2.9.0/modules/crypto/mbedtls/library/memory_buffer_alloc.o
2026-09-23T16:12:20.061Z [38/133] Building C object secure_fw/partitions/crypto/mbedcrypto/nrf_security_src/CMakeFiles/mbedcrypto_base.dir/C_/ncs/v2.9.0/modules/crypto/mbedtls/library/bignum_core.o
2026-09-23T16:12:20.292Z [39/133] Building C object secure_fw/partitions/crypto/mbedcrypto/nrf_security_src/CMakeFiles/mbedcrypto_base.dir/C_/ncs/v2.9.0/modules/crypto/mbedtls/library/asn1parse.o
2026-09-23T16:12:20.533Z [40/133] Building C object secure_fw/partitions/crypto/mbedcrypto/nrf_security_src/CMakeFiles/mbedcrypto_base.dir/C_/ncs/v2.9.0/modules/crypto/mbedtls/library/asn1write.o
2026-09-23T16:12:20.712Z [41/133] Building C object secure_fw/partitions/crypto/mbedcrypto/nrf_security_src/CMakeFiles/mbedcrypto_base.dir/C_/ncs/v2.9.0/modules/crypto/mbedtls/library/base64.o
2026-09-23T16:12:20.824Z [42/133] Building C object secure_fw/partitions/crypto/mbedcrypto/nrf_security_src/CMakeFiles/mbedcrypto_base.dir/C_/ncs/v2.9.0/modules/crypto/mbedtls/library/bignum.o
2026-09-23T16:12:20.935Z [43/133] Building C object secure_fw/partitions/crypto/mbedcrypto/nrf_security_src/CMakeFiles/mbedcrypto_base.dir/C_/ncs/v2.9.0/modules/crypto/mbedtls/library/version.o
2026-09-23T16:12:21.047Z [44/133] Building C object secure_fw/partitions/crypto/mbedcrypto/nrf_security_src/CMakeFiles/mbedcrypto_base.dir/C_/ncs/v2.9.0/modules/crypto/mbedtls/library/nist_kw.o
2026-09-23T16:12:21.158Z [45/133] Building C object secure_fw/partitions/crypto/mbedcrypto/nrf_security_src/CMakeFiles/mbedcrypto_base.dir/C_/ncs/v2.9.0/modules/crypto/mbedtls/library/padlock.o
2026-09-23T16:12:21.410Z [46/133] Building C object secure_fw/partitions/crypto/mbedcrypto/nrf_security_src/CMakeFiles/mbedcrypto_base.dir/C_/ncs/v2.9.0/modules/crypto/mbedtls/library/oid.o
2026-09-23T16:12:21.526Z [47/133] Building C object secure_fw/partitions/crypto/mbedcrypto/nrf_security_src/CMakeFiles/mbedcrypto_base.dir/C_/ncs/v2.9.0/modules/crypto/mbedtls/library/block_cipher.o
2026-09-23T16:12:21.625Z [48/133] Building C object secure_fw/partitions/crypto/mbedcrypto/nrf_security_src/CMakeFiles/nrf_security_utils.dir/utils/nrf_security_mutexes.o
2026-09-23T16:12:21.789Z [49/133] Building C object secure_fw/partitions/crypto/mbedcrypto/nrf_security_src/CMakeFiles/mbedcrypto_base.dir/C_/ncs/v2.9.0/modules/crypto/mbedtls/library/constant_time.o
2026-09-23T16:12:21.914Z [50/133] Building C object secure_fw/partitions/crypto/mbedcrypto/nrf_security_src/CMakeFiles/nrf_security_utils.dir/utils/nrf_security_events.o
2026-09-23T16:12:22.049Z [51/133] Building C object secure_fw/partitions/crypto/mbedcrypto/nrf_security_src/core/nrf_oberon/CMakeFiles/oberon_psa_core.dir/C_/ncs/v2.9.0/modules/crypto/oberon-psa-crypto/library/platform.o
2026-09-23T16:12:22.940Z [52/133] Building C object secure_fw/partitions/crypto/mbedcrypto/nrf_security_src/core/nrf_oberon/CMakeFiles/oberon_psa_core.dir/C_/ncs/v2.9.0/modules/crypto/oberon-psa-crypto/library/psa_crypto.o
2026-09-23T16:12:23.077Z [53/133] Building C object secure_fw/partitions/crypto/mbedcrypto/nrf_security_src/core/nrf_oberon/CMakeFiles/oberon_psa_core.dir/C_/ncs/v2.9.0/modules/crypto/oberon-psa-crypto/library/psa_crypto_client.o
2026-09-23T16:12:23.285Z [54/133] Building C object secure_fw/partitions/crypto/mbedcrypto/nrf_security_src/core/nrf_oberon/CMakeFiles/oberon_psa_core.dir/C_/ncs/v2.9.0/modules/crypto/oberon-psa-crypto/library/platform_util.o
2026-09-23T16:12:23.543Z [55/133] Building C object secure_fw/partitions/crypto/mbedcrypto/nrf_security_src/core/nrf_oberon/CMakeFiles/oberon_psa_core.dir/C_/ncs/v2.9.0/nrf/subsys/nrf_security/src/psa_crypto_driver_wrappers.o
2026-09-23T16:12:23.632Z [56/133] Building C object secure_fw/partitions/crypto/mbedcrypto/nrf_security_src/core/nrf_oberon/CMakeFiles/oberon_psa_core.dir/C_/ncs/v2.9.0/modules/crypto/oberon-psa-crypto/library/psa_crypto_storage.o
2026-09-23T16:12:23.839Z [57/133] Building C object secure_fw/partitions/crypto/mbedcrypto/nrf_security_src/core/nrf_oberon/CMakeFiles/oberon_psa_core.dir/039d23f839c6ea2c5cf3d4f2bd3ec678/library/psa_crypto_slot_management.o
2026-09-23T16:12:24.023Z [58/133] Building C object secure_fw/partitions/crypto/mbedcrypto/nrf_security_src/drivers/nrf_oberon/CMakeFiles/oberon_psa_driver.dir/C_/ncs/v2.9.0/modules/crypto/oberon-psa-crypto/oberon/drivers/oberon_rsa.o
2026-09-23T16:12:24.125Z [59/133] Building C object secure_fw/partitions/crypto/mbedcrypto/nrf_security_src/drivers/nrf_oberon/CMakeFiles/oberon_psa_driver.dir/C_/ncs/v2.9.0/modules/crypto/oberon-psa-crypto/oberon/drivers/oberon_ecdh.o
2026-09-23T16:12:24.233Z [60/133] Building C object secure_fw/partitions/crypto/mbedcrypto/nrf_security_src/drivers/nrf_oberon/CMakeFiles/oberon_psa_driver.dir/039d23f839c6ea2c5cf3d4f2bd3ec678/oberon/drivers/oberon_ec_keys.o
2026-09-23T16:12:24.344Z [61/133] Building C object secure_fw/partitions/crypto/mbedcrypto/nrf_security_src/drivers/nrf_oberon/CMakeFiles/oberon_psa_driver.dir/039d23f839c6ea2c5cf3d4f2bd3ec678/oberon/drivers/oberon_helpers.o
2026-09-23T16:12:24.454Z [62/133] Building C object secure_fw/partitions/crypto/mbedcrypto/nrf_security_src/drivers/nrf_oberon/CMakeFiles/oberon_psa_driver.dir/039d23f839c6ea2c5cf3d4f2bd3ec678/oberon/drivers/oberon_ecdsa.o
2026-09-23T16:12:24.630Z [63/133] Building C object secure_fw/partitions/crypto/mbedcrypto/nrf_security_src/drivers/nrf_oberon/CMakeFiles/oberon_psa_driver.dir/039d23f839c6ea2c5cf3d4f2bd3ec678/oberon/drivers/oberon_jpake.o
2026-09-23T16:12:24.802Z [64/133] Building C object secure_fw/partitions/crypto/mbedcrypto/nrf_security_src/drivers/nrf_oberon/CMakeFiles/oberon_psa_driver.dir/039d23f839c6ea2c5cf3d4f2bd3ec678/oberon/drivers/oberon_spake2p.o
2026-09-23T16:12:24.980Z [65/133] Building C object secure_fw/partitions/crypto/mbedcrypto/nrf_security_src/drivers/nrf_oberon/CMakeFiles/oberon_psa_driver.dir/C_/ncs/v2.9.0/modules/crypto/oberon-psa-crypto/oberon/drivers/oberon_srp.o
2026-09-23T16:12:25.084Z [66/133] Building C object platform/CMakeFiles/platform_s.dir/ext/target/nordic_nrf/common/core/services/src/tfm_ioctl_core_s_api.o
2026-09-23T16:12:25.250Z [67/133] Building C object platform/CMakeFiles/platform_s.dir/ext/target/nordic_nrf/common/core/nrf_exception_info.o
2026-09-23T16:12:25.380Z [68/133] Building C object platform/CMakeFiles/platform_s.dir/C_/ncs/v2.9.0/modules/hal/nordic/nrfx/mdk/system_nrf91.o
2026-09-23T16:12:25.741Z [69/133] Building C object platform/CMakeFiles/platform_s.dir/ext/target/nordic_nrf/common/core/services/src/tfm_platform_hal_ioctl.o
2026-09-23T16:12:25.882Z [70/133] Building C object platform/CMakeFiles/platform_s.dir/C_/ncs/v2.9.0/nrf/modules/trusted-firmware-m/tfm_boards/common/tfm_hal_platform.o
2026-09-23T16:12:25.994Z [71/133] Building C object secure_fw/partitions/platform/CMakeFiles/tfm_psa_rot_partition_platform.dir/platform_sp.o
2026-09-23T16:12:26.065Z [72/133] Building C object secure_fw/partitions/platform/CMakeFiles/tfm_psa_rot_partition_platform.dir/__/__/__/platform/ext/common/syscalls_stub.o
2026-09-23T16:12:26.129Z [73/133] Building C object secure_fw/partitions/platform/CMakeFiles/tfm_psa_rot_partition_platform.dir/__/__/__/generated/secure_fw/partitions/platform/auto_generated/intermedia_tfm_platform.o
2026-09-23T16:12:26.374Z [74/133] Building C object platform/CMakeFiles/platform_s.dir/C_/ncs/v2.9.0/modules/hal/nordic/nrfx/drivers/src/nrfx_nvmc.o
2026-09-23T16:12:26.535Z [75/133] Building C object platform/CMakeFiles/platform_s.dir/ext/target/nordic_nrf/common/core/nrfx_glue.o
2026-09-23T16:12:26.640Z [76/133] Building C object platform/CMakeFiles/platform_s.dir/ext/target/nordic_nrf/common/core/native_drivers/mpu_armv8m_drv.o
2026-09-23T16:12:26.844Z [77/133] Building C object platform/CMakeFiles/platform_s.dir/ext/target/nordic_nrf/common/core/native_drivers/spu.o
2026-09-23T16:12:26.902Z [78/133] Building C object lib/fih/CMakeFiles/tfm_fih.dir/src/fih.o
2026-09-23T16:12:26.994Z [79/133] Linking C static library lib\fih\libtfm_fih.a
2026-09-23T16:12:27.128Z [80/133] Building C object secure_fw/CMakeFiles/tfm_s.dir/partitions/ns_agent_tz/psa_api_veneers_v80m.o
2026-09-23T16:12:27.351Z [81/133] Building C object secure_fw/CMakeFiles/tfm_s.dir/__/generated/secure_fw/partitions/crypto/auto_generated/load_info_tfm_crypto.o
2026-09-23T16:12:27.451Z [82/133] Building C object secure_fw/CMakeFiles/tfm_s.dir/__/platform/ext/target/nordic_nrf/common/core/startup.o
2026-09-23T16:12:27.572Z [83/133] Building C object secure_fw/CMakeFiles/tfm_s.dir/__/platform/ext/common/faults.o
2026-09-23T16:12:27.660Z [84/133] Building C object secure_fw/CMakeFiles/tfm_s.dir/__/platform/ext/target/nordic_nrf/common/core/startup_nrf91.o
2026-09-23T16:12:27.850Z [85/133] Building C object secure_fw/CMakeFiles/tfm_s.dir/__/generated/secure_fw/partitions/platform/auto_generated/load_info_tfm_platform.o
2026-09-23T16:12:27.983Z [86/133] Building C object secure_fw/CMakeFiles/tfm_s.dir/partitions/ns_agent_tz/load_info_ns_agent_tz.o
2026-09-23T16:12:28.057Z [87/133] Building C object secure_fw/CMakeFiles/tfm_s.dir/__/platform/ext/common/syscalls_stub.o
2026-09-23T16:12:28.160Z [88/133] Building C object secure_fw/spm/CMakeFiles/tfm_spm.dir/core/utilities.o
2026-09-23T16:12:28.336Z [89/133] Building C object secure_fw/spm/CMakeFiles/tfm_spm.dir/core/rom_loader.o
2026-09-23T16:12:28.484Z [90/133] Building C object secure_fw/spm/CMakeFiles/tfm_spm.dir/core/main.o
2026-09-23T16:12:28.724Z [91/133] Building C object secure_fw/spm/CMakeFiles/tfm_spm.dir/core/spm_ipc.o
2026-09-23T16:12:28.871Z [92/133] Building C object secure_fw/spm/CMakeFiles/tfm_spm.dir/core/arch/tfm_arch.o
2026-09-23T16:12:29.010Z [93/133] Building C object secure_fw/spm/CMakeFiles/tfm_spm.dir/core/tfm_boot_data.o
2026-09-23T16:12:29.118Z [94/133] Building C object secure_fw/spm/CMakeFiles/tfm_spm.dir/__/__/platform/ext/common/tfm_hal_nvic.o
2026-09-23T16:12:29.252Z [95/133] Building C object secure_fw/spm/CMakeFiles/tfm_spm.dir/ns_client_ext/tfm_spm_ns_ctx.o
2026-09-23T16:12:29.404Z [96/133] Building C object secure_fw/spm/CMakeFiles/tfm_spm.dir/core/tfm_pools.o
2026-09-23T16:12:29.545Z [97/133] Building C object secure_fw/spm/CMakeFiles/tfm_spm.dir/core/spm_local_connection.o
2026-09-23T16:12:29.689Z [98/133] Building C object secure_fw/spm/CMakeFiles/tfm_spm.dir/core/arch/tfm_arch_v8m_main.o
2026-09-23T16:12:29.852Z [99/133] Building C object secure_fw/spm/CMakeFiles/tfm_spm.dir/core/backend_sfn.o
2026-09-23T16:12:30.019Z [100/133] Building C object secure_fw/spm/CMakeFiles/tfm_spm.dir/core/psa_call_api.o
2026-09-23T16:12:30.176Z [101/133] Building C object secure_fw/spm/CMakeFiles/tfm_spm.dir/core/psa_api.o
2026-09-23T16:12:30.313Z [102/133] Building C object secure_fw/spm/CMakeFiles/tfm_spm.dir/core/psa_version_api.o
2026-09-23T16:12:30.461Z [103/133] Building C object secure_fw/spm/CMakeFiles/tfm_spm.dir/core/psa_read_write_skip_api.o
2026-09-23T16:12:30.619Z [104/133] Building C object secure_fw/spm/CMakeFiles/tfm_spm.dir/core/tfm_svcalls.o
2026-09-23T16:12:30.703Z [105/133] Building C object platform/CMakeFiles/platform_s.dir/C_/ncs/v2.9.0/nrf/modules/trusted-firmware-m/tfm_boards/common/assert.o
2026-09-23T16:12:30.786Z [106/133] Building C object platform/CMakeFiles/platform_s.dir/C_/ncs/v2.9.0/nrf/modules/trusted-firmware-m/tfm_boards/common/dummy_otp.o
2026-09-23T16:12:30.865Z [107/133] Building C object platform/CMakeFiles/platform_s.dir/C_/ncs/v2.9.0/nrf/modules/trusted-firmware-m/tfm_boards/common/dummy_provisioning.o
2026-09-23T16:12:31.200Z [108/133] Building C object platform/CMakeFiles/platform_s.dir/C_/ncs/v2.9.0/nrf/modules/trusted-firmware-m/tfm_boards/common/ns_fault_service.o
2026-09-23T16:12:31.516Z [109/133] Building C object platform/CMakeFiles/platform_s.dir/C_/ncs/v2.9.0/nrf/modules/trusted-firmware-m/tfm_boards/common/tfm_hal_reset_halt.o
2026-09-23T16:12:31.649Z [110/133] Building C object platform/CMakeFiles/platform_s.dir/ext/common/tfm_fatal_error.o
2026-09-23T16:12:31.787Z [111/133] Building C object platform/CMakeFiles/platform_s.dir/ext/common/exception_info.o
2026-09-23T16:12:32.127Z [112/133] Building C object platform/CMakeFiles/platform_s.dir/C_/ncs/v2.9.0/nrf/modules/trusted-firmware-m/tfm_boards/src/tfm_platform_system.o
2026-09-23T16:12:32.426Z [113/133] Building C object platform/CMakeFiles/platform_s.dir/C_/ncs/v2.9.0/nrf/modules/trusted-firmware-m/tfm_boards/src/tfm_ioctl_s_api.o
2026-09-23T16:12:32.498Z [114/133] Building C object platform/CMakeFiles/platform_crypto_keys.dir/ext/common/syscalls_stub.o
2026-09-23T16:12:32.584Z [115/133] Linking C static library platform\libplatform_crypto_keys.a
2026-09-23T16:12:32.657Z [116/133] Building C object platform/CMakeFiles/platform_s.dir/ext/common/syscalls_stub.o
2026-09-23T16:12:32.805Z [117/133] Linking C static library platform\libplatform_s.a
2026-09-23T16:12:32.893Z [118/133] Linking C static library secure_fw\partitions\platform\libtfm_psa_rot_partition_platform.a
2026-09-23T16:12:33.003Z [119/133] Linking C static library secure_fw\partitions\crypto\mbedcrypto\nrf_security_src\drivers\nrf_oberon\liboberon_psa_driver.a
2026-09-23T16:12:33.112Z [120/133] Linking C static library secure_fw\partitions\crypto\mbedcrypto\nrf_security_src\core\nrf_oberon\liboberon_psa_core.a
2026-09-23T16:12:33.201Z [121/133] Linking C static library secure_fw\partitions\crypto\mbedcrypto\nrf_security_src\libnrf_security_utils.a
2026-09-23T16:12:33.345Z [122/133] Linking C static library secure_fw\partitions\crypto\mbedcrypto\nrf_security_src\libmbedcrypto_base.a
2026-09-23T16:12:33.407Z [123/133] Linking C static library secure_fw\partitions\crypto\mbedcrypto\nrf_security_src\libcrypto_service_mbedcrypto.a
2026-09-23T16:12:33.531Z [124/133] Linking C static library secure_fw\partitions\crypto\libtfm_psa_rot_partition_crypto.a
2026-09-23T16:12:33.620Z [125/133] Linking C static library secure_fw\partitions\lib\runtime\libtfm_sp_log.a
2026-09-23T16:12:33.741Z [126/133] Linking C static library secure_fw\partitions\lib\runtime\libtfm_sprt.a
2026-09-23T16:12:33.902Z [127/133] Linking C static library secure_fw\spm\libtfm_spm.a
2026-09-23T16:12:33.936Z [128/133] Building C object platform/target/nrf91/nrf_common/CMakeFiles/tfm_s_scatter.dir/__/__/__/__/common/gcc/tfm_common_s.ld
2026-09-23T16:12:34.069Z [129/133] Linking C executable bin\tfm_s.axf
2026-09-23T16:12:34.069Z Memory region         Used Size  Region Size  %age Used
2026-09-23T16:12:34.069Z            FLASH:       32048 B        32 KB     97.80%
2026-09-23T16:12:34.069Z              RAM:       14380 B        32 KB     43.88%
2026-09-23T16:12:34.114Z [130/133] Generating ../bin/tfm_s.elf
2026-09-23T16:12:34.156Z [131/133] Generating ../bin/tfm_s.bin
2026-09-23T16:12:34.197Z [132/133] Generating ../bin/tfm_s.hex
2026-09-23T16:12:34.290Z [133/133] Linking C static library secure_fw\libtfm_s_veneers.a
2026-09-23T16:12:34.664Z [16/365] Performing install step for 'tfm'
2026-09-23T16:12:34.665Z -- Install configuration: "RelWithDebInfo"
2026-09-23T16:12:34.665Z -- Installing: C:/ADWITECH/nRF9160_Examples/mqtt_working/build/mqtt_working/tfm/api_ns/interface/include/tfm_ioctl_core_api.h
2026-09-23T16:12:34.665Z -- Installing: C:/ADWITECH/nRF9160_Examples/mqtt_working/build/mqtt_working/tfm/api_ns/interface/src/tfm_ioctl_core_ns_api.c
2026-09-23T16:12:34.665Z -- Installing: C:/ADWITECH/nRF9160_Examples/mqtt_working/build/mqtt_working/tfm/api_ns/platform/common/core/config_nordic_nrf_spe.cmake
2026-09-23T16:12:34.665Z -- Installing: C:/ADWITECH/nRF9160_Examples/mqtt_working/build/mqtt_working/tfm/api_ns/platform/ext/driver/Driver_Common.h
2026-09-23T16:12:34.665Z -- Installing: C:/ADWITECH/nRF9160_Examples/mqtt_working/build/mqtt_working/tfm/api_ns/platform/ext/driver/Driver_Flash.h
2026-09-23T16:12:34.665Z -- Installing: C:/ADWITECH/nRF9160_Examples/mqtt_working/build/mqtt_working/tfm/api_ns/platform/ext/driver/Driver_USART.h
2026-09-23T16:12:34.665Z -- Installing: C:/ADWITECH/nRF9160_Examples/mqtt_working/build/mqtt_working/tfm/api_ns/platform/common/core/startup.c
2026-09-23T16:12:34.665Z -- Installing: C:/ADWITECH/nRF9160_Examples/mqtt_working/build/mqtt_working/tfm/api_ns/platform/common/core/startup_nrf91.c
2026-09-23T16:12:34.665Z -- Installing: C:/ADWITECH/nRF9160_Examples/mqtt_working/build/mqtt_working/tfm/api_ns/platform/common/core/nrfx_glue.c
2026-09-23T16:12:34.665Z -- Installing: C:/ADWITECH/nRF9160_Examples/mqtt_working/build/mqtt_working/tfm/api_ns/platform/common/core/pal_plat_test.c
2026-09-23T16:12:34.665Z -- Installing: C:/ADWITECH/nRF9160_Examples/mqtt_working/build/mqtt_working/tfm/api_ns/platform/common/core/pal_plat_test.h
2026-09-23T16:12:34.665Z -- Installing: C:/ADWITECH/nRF9160_Examples/mqtt_working/build/mqtt_working/tfm/api_ns/platform/common/core/startup.h
2026-09-23T16:12:34.665Z -- Installing: C:/ADWITECH/nRF9160_Examples/mqtt_working/build/mqtt_working/tfm/api_ns/platform/common/core/target_cfg.h
2026-09-23T16:12:34.665Z -- Installing: C:/ADWITECH/nRF9160_Examples/mqtt_working/build/mqtt_working/tfm/api_ns/platform/common/core/nrfx_config.h
2026-09-23T16:12:34.665Z -- Installing: C:/ADWITECH/nRF9160_Examples/mqtt_working/build/mqtt_working/tfm/api_ns/platform/common/core/CMakeLists.txt
2026-09-23T16:12:34.665Z -- Installing: C:/ADWITECH/nRF9160_Examples/mqtt_working/build/mqtt_working/tfm/api_ns/platform/common/core/config.cmake
2026-09-23T16:12:34.665Z -- Installing: C:/ADWITECH/nRF9160_Examples/mqtt_working/build/mqtt_working/tfm/api_ns/platform/common/core/native_drivers
2026-09-23T16:12:34.665Z -- Installing: C:/ADWITECH/nRF9160_Examples/mqtt_working/build/mqtt_working/tfm/api_ns/platform/common/core/native_drivers/mpu_armv8m_drv.c
2026-09-23T16:12:34.665Z -- Installing: C:/ADWITECH/nRF9160_Examples/mqtt_working/build/mqtt_working/tfm/api_ns/platform/common/core/native_drivers/mpu_armv8m_drv.h
2026-09-23T16:12:34.665Z -- Installing: C:/ADWITECH/nRF9160_Examples/mqtt_working/build/mqtt_working/tfm/api_ns/platform/common/core/native_drivers/spu.c
2026-09-23T16:12:34.665Z -- Installing: C:/ADWITECH/nRF9160_Examples/mqtt_working/build/mqtt_working/tfm/api_ns/platform/common/core/native_drivers/spu.h
2026-09-23T16:12:34.665Z -- Installing: C:/ADWITECH/nRF9160_Examples/mqtt_working/build/mqtt_working/tfm/api_ns/platform/common/core/cmsis_drivers
2026-09-23T16:12:34.665Z -- Installing: C:/ADWITECH/nRF9160_Examples/mqtt_working/build/mqtt_working/tfm/api_ns/platform/common/core/cmsis_drivers/Driver_Flash.c
2026-09-23T16:12:34.665Z -- Installing: C:/ADWITECH/nRF9160_Examples/mqtt_working/build/mqtt_working/tfm/api_ns/platform/common/core/cmsis_drivers/Driver_USART.c
2026-09-23T16:12:34.665Z -- Installing: C:/ADWITECH/nRF9160_Examples/mqtt_working/build/mqtt_working/tfm/api_ns/platform/common/core/common
2026-09-23T16:12:34.665Z -- Installing: C:/ADWITECH/nRF9160_Examples/mqtt_working/build/mqtt_working/tfm/api_ns/platform/common/core/common/cmsis.h
2026-09-23T16:12:34.665Z -- Installing: C:/ADWITECH/nRF9160_Examples/mqtt_working/build/mqtt_working/tfm/api_ns/platform/common/core/common/nrf-pinctrl.h
2026-09-23T16:12:34.665Z -- Installing: C:/ADWITECH/nRF9160_Examples/mqtt_working/build/mqtt_working/tfm/api_ns/platform/common/core/common/nrfx_glue.h
2026-09-23T16:12:34.665Z -- Installing: C:/ADWITECH/nRF9160_Examples/mqtt_working/build/mqtt_working/tfm/api_ns/platform/common/core/common/nrfx_log.h
2026-09-23T16:12:34.665Z -- Installing: C:/ADWITECH/nRF9160_Examples/mqtt_working/build/mqtt_working/tfm/api_ns/platform/common/core/common/tfm_hal_platform_common.h
2026-09-23T16:12:34.665Z -- Installing: C:/ADWITECH/nRF9160_Examples/mqtt_working/build/mqtt_working/tfm/api_ns/platform/common/core/nrfx
2026-09-23T16:12:34.665Z -- Installing: C:/ADWITECH/nRF9160_Examples/mqtt_working/build/mqtt_working/tfm/api_ns/platform/common/core/nrfx/nrfx.h
2026-09-23T16:12:34.665Z -- Installing: C:/ADWITECH/nRF9160_Examples/mqtt_working/build/mqtt_working/tfm/api_ns/platform/common/core/services
2026-09-23T16:12:34.665Z -- Installing: C:/ADWITECH/nRF9160_Examples/mqtt_working/build/mqtt_working/tfm/api_ns/platform/common/core/services/include
2026-09-23T16:12:34.665Z -- Installing: C:/ADWITECH/nRF9160_Examples/mqtt_working/build/mqtt_working/tfm/api_ns/platform/common/core/services/include/tfm_ioctl_core_api.h
2026-09-23T16:12:34.665Z -- Installing: C:/ADWITECH/nRF9160_Examples/mqtt_working/build/mqtt_working/tfm/api_ns/platform/common/core/services/include/tfm_platform_hal_ioctl.h
2026-09-23T16:12:34.665Z -- Installing: C:/ADWITECH/nRF9160_Examples/mqtt_working/build/mqtt_working/tfm/api_ns/platform/common/core/services/src
2026-09-23T16:12:34.665Z -- Installing: C:/ADWITECH/nRF9160_Examples/mqtt_working/build/mqtt_working/tfm/api_ns/platform/common/core/services/src/tfm_ioctl_core_ns_api.c
2026-09-23T16:12:34.665Z -- Installing: C:/ADWITECH/nRF9160_Examples/mqtt_working/build/mqtt_working/tfm/api_ns/platform/common/core/services/src/tfm_ioctl_core_s_api.c
2026-09-23T16:12:34.665Z -- Installing: C:/ADWITECH/nRF9160_Examples/mqtt_working/build/mqtt_working/tfm/api_ns/platform/common/core/services/src/tfm_platform_hal_ioctl.c
2026-09-23T16:12:34.665Z -- Installing: C:/ADWITECH/nRF9160_Examples/mqtt_working/build/mqtt_working/tfm/api_ns/platform/common/core/tests
2026-09-23T16:12:34.665Z -- Installing: C:/ADWITECH/nRF9160_Examples/mqtt_working/build/mqtt_working/tfm/api_ns/platform/common/core/tests/tfm_tests_config.cmake
2026-09-23T16:12:34.665Z -- Installing: C:/ADWITECH/nRF9160_Examples/mqtt_working/build/mqtt_working/tfm/api_ns/platform/linker_scripts/tfm_common_ns.ld
2026-09-23T16:12:34.665Z -- Installing: C:/ADWITECH/nRF9160_Examples/mqtt_working/build/mqtt_working/tfm/api_ns/platform/common/nrf91/nrfx_config_nrf91.h
2026-09-23T16:12:34.665Z -- Installing: C:/ADWITECH/nRF9160_Examples/mqtt_working/build/mqtt_working/tfm/api_ns/platform/common/nrf91/CMakeLists.txt
2026-09-23T16:12:34.665Z -- Installing: C:/ADWITECH/nRF9160_Examples/mqtt_working/build/mqtt_working/tfm/api_ns/platform/common/nrf91/config.cmake
2026-09-23T16:12:34.665Z -- Installing: C:/ADWITECH/nRF9160_Examples/mqtt_working/build/mqtt_working/tfm/api_ns/platform/common/nrf91/tests
2026-09-23T16:12:34.665Z -- Installing: C:/ADWITECH/nRF9160_Examples/mqtt_working/build/mqtt_working/tfm/api_ns/platform/common/nrf91/tests/psa_arch_tests_config.cmake
2026-09-23T16:12:34.665Z -- Installing: C:/ADWITECH/nRF9160_Examples/mqtt_working/build/mqtt_working/tfm/api_ns/platform/common/nrf91/partition
2026-09-23T16:12:34.665Z -- Installing: C:/ADWITECH/nRF9160_Examples/mqtt_working/build/mqtt_working/tfm/api_ns/platform/common/nrf91/partition/flash_layout.h
2026-09-23T16:12:34.665Z -- Installing: C:/ADWITECH/nRF9160_Examples/mqtt_working/build/mqtt_working/tfm/api_ns/platform/common/nrf91/partition/region_defs.h
2026-09-23T16:12:34.665Z -- Installing: C:/ADWITECH/nRF9160_Examples/mqtt_working/build/mqtt_working/tfm/api_ns/platform/CMakeLists.txt
2026-09-23T16:12:34.665Z -- Installing: C:/ADWITECH/nRF9160_Examples/mqtt_working/build/mqtt_working/tfm/api_ns/platform/cpuarch.cmake
2026-09-23T16:12:34.665Z -- Installing: C:/ADWITECH/nRF9160_Examples/mqtt_working/build/mqtt_working/tfm/api_ns/platform/common/nrf9120/cpuarch.cmake
2026-09-23T16:12:34.665Z -- Installing: C:/ADWITECH/nRF9160_Examples/mqtt_working/build/mqtt_working/tfm/api_ns/platform/config.cmake
2026-09-23T16:12:34.665Z -- Installing: C:/ADWITECH/nRF9160_Examples/mqtt_working/build/mqtt_working/tfm/api_ns/platform/../common/config.cmake
2026-09-23T16:12:34.665Z -- Installing: C:/ADWITECH/nRF9160_Examples/mqtt_working/build/mqtt_working/tfm/api_ns/platform/tests
2026-09-23T16:12:34.665Z -- Installing: C:/ADWITECH/nRF9160_Examples/mqtt_working/build/mqtt_working/tfm/api_ns/platform/tests/psa_arch_tests_config.cmake
2026-09-23T16:12:34.665Z -- Installing: C:/ADWITECH/nRF9160_Examples/mqtt_working/build/mqtt_working/tfm/api_ns/platform/tests/tfm_tests_config.cmake
2026-09-23T16:12:34.665Z -- Installing: C:/ADWITECH/nRF9160_Examples/mqtt_working/build/mqtt_working/tfm/api_ns/bin
2026-09-23T16:12:34.665Z -- Installing: C:/ADWITECH/nRF9160_Examples/mqtt_working/build/mqtt_working/tfm/api_ns/bin/tfm_s.axf
2026-09-23T16:12:34.665Z -- Installing: C:/ADWITECH/nRF9160_Examples/mqtt_working/build/mqtt_working/tfm/api_ns/bin/tfm_s.bin
2026-09-23T16:12:34.665Z -- Installing: C:/ADWITECH/nRF9160_Examples/mqtt_working/build/mqtt_working/tfm/api_ns/bin/tfm_s.elf
2026-09-23T16:12:34.665Z -- Installing: C:/ADWITECH/nRF9160_Examples/mqtt_working/build/mqtt_working/tfm/api_ns/bin/tfm_s.hex
2026-09-23T16:12:34.665Z -- Installing: C:/ADWITECH/nRF9160_Examples/mqtt_working/build/mqtt_working/tfm/api_ns/bin/tfm_s.map
2026-09-23T16:12:34.665Z -- Installing: C:/ADWITECH/nRF9160_Examples/mqtt_working/build/mqtt_working/tfm/api_ns/interface/lib/s_veneers.o
2026-09-23T16:12:34.665Z -- Installing: C:/ADWITECH/nRF9160_Examples/mqtt_working/build/mqtt_working/tfm/api_ns/interface/include/psa/client.h
2026-09-23T16:12:34.665Z -- Installing: C:/ADWITECH/nRF9160_Examples/mqtt_working/build/mqtt_working/tfm/api_ns/interface/include/psa/error.h
2026-09-23T16:12:34.665Z -- Installing: C:/ADWITECH/nRF9160_Examples/mqtt_working/build/mqtt_working/tfm/api_ns/interface/include/psa_manifest/sid.h
2026-09-23T16:12:34.665Z -- Installing: C:/ADWITECH/nRF9160_Examples/mqtt_working/build/mqtt_working/tfm/api_ns/interface/include/config_impl.h
2026-09-23T16:12:34.665Z -- Installing: C:/ADWITECH/nRF9160_Examples/mqtt_working/build/mqtt_working/tfm/api_ns/interface/include/tfm_veneers.h
2026-09-23T16:12:34.665Z -- Installing: C:/ADWITECH/nRF9160_Examples/mqtt_working/build/mqtt_working/tfm/api_ns/interface/include/tfm_ns_interface.h
2026-09-23T16:12:34.665Z -- Installing: C:/ADWITECH/nRF9160_Examples/mqtt_working/build/mqtt_working/tfm/api_ns/interface/include/tfm_ns_client_ext.h
2026-09-23T16:12:34.665Z -- Installing: C:/ADWITECH/nRF9160_Examples/mqtt_working/build/mqtt_working/tfm/api_ns/interface/include/config_tfm.h
2026-09-23T16:12:34.665Z -- Installing: C:/ADWITECH/nRF9160_Examples/mqtt_working/build/mqtt_working/tfm/api_ns/interface/include/config_base.h
2026-09-23T16:12:34.665Z -- Installing: C:/ADWITECH/nRF9160_Examples/mqtt_working/build/mqtt_working/tfm/api_ns/interface/include/tfm_psa_call_pack.h
2026-09-23T16:12:34.665Z -- Installing: C:/ADWITECH/nRF9160_Examples/mqtt_working/build/mqtt_working/tfm/api_ns/interface/include/psa/framework_feature.h
2026-09-23T16:12:34.666Z -- Installing: C:/ADWITECH/nRF9160_Examples/mqtt_working/build/mqtt_working/tfm/api_ns/interface/include/psa/build_info.h
2026-09-23T16:12:34.666Z -- Installing: C:/ADWITECH/nRF9160_Examples/mqtt_working/build/mqtt_working/tfm/api_ns/interface/include/psa/crypto_adjust_auto_enabled.h
2026-09-23T16:12:34.666Z -- Installing: C:/ADWITECH/nRF9160_Examples/mqtt_working/build/mqtt_working/tfm/api_ns/interface/include/psa/crypto_adjust_config_key_pair_types.h
2026-09-23T16:12:34.666Z -- Installing: C:/ADWITECH/nRF9160_Examples/mqtt_working/build/mqtt_working/tfm/api_ns/interface/include/psa/crypto_adjust_config_synonyms.h
2026-09-23T16:12:34.666Z -- Installing: C:/ADWITECH/nRF9160_Examples/mqtt_working/build/mqtt_working/tfm/api_ns/interface/include/psa/crypto_compat.h
2026-09-23T16:12:34.666Z -- Installing: C:/ADWITECH/nRF9160_Examples/mqtt_working/build/mqtt_working/tfm/api_ns/interface/include/psa/crypto_driver_common.h
2026-09-23T16:12:34.666Z -- Installing: C:/ADWITECH/nRF9160_Examples/mqtt_working/build/mqtt_working/tfm/api_ns/interface/include/psa/crypto_driver_contexts_composites.h
2026-09-23T16:12:34.666Z -- Installing: C:/ADWITECH/nRF9160_Examples/mqtt_working/build/mqtt_working/tfm/api_ns/interface/include/psa/crypto_driver_contexts_key_derivation.h
2026-09-23T16:12:34.666Z -- Installing: C:/ADWITECH/nRF9160_Examples/mqtt_working/build/mqtt_working/tfm/api_ns/interface/include/psa/crypto_driver_contexts_primitives.h
2026-09-23T16:12:34.666Z -- Installing: C:/ADWITECH/nRF9160_Examples/mqtt_working/build/mqtt_working/tfm/api_ns/interface/include/psa/crypto_extra.h
2026-09-23T16:12:34.666Z -- Installing: C:/ADWITECH/nRF9160_Examples/mqtt_working/build/mqtt_working/tfm/api_ns/interface/include/psa/crypto_legacy.h
2026-09-23T16:12:34.666Z -- Installing: C:/ADWITECH/nRF9160_Examples/mqtt_working/build/mqtt_working/tfm/api_ns/interface/include/psa/crypto_platform.h
2026-09-23T16:12:34.666Z -- Installing: C:/ADWITECH/nRF9160_Examples/mqtt_working/build/mqtt_working/tfm/api_ns/interface/include/psa/crypto_se_driver.h
2026-09-23T16:12:34.666Z -- Installing: C:/ADWITECH/nRF9160_Examples/mqtt_working/build/mqtt_working/tfm/api_ns/interface/include/psa/crypto_sizes.h
2026-09-23T16:12:34.666Z -- Installing: C:/ADWITECH/nRF9160_Examples/mqtt_working/build/mqtt_working/tfm/api_ns/interface/include/psa/crypto_struct.h
2026-09-23T16:12:34.666Z -- Installing: C:/ADWITECH/nRF9160_Examples/mqtt_working/build/mqtt_working/tfm/api_ns/interface/include/psa/crypto_types.h
2026-09-23T16:12:34.666Z -- Installing: C:/ADWITECH/nRF9160_Examples/mqtt_working/build/mqtt_working/tfm/api_ns/interface/include/psa/crypto_values.h
2026-09-23T16:12:34.666Z -- Installing: C:/ADWITECH/nRF9160_Examples/mqtt_working/build/mqtt_working/tfm/api_ns/interface/include/psa/crypto.h
2026-09-23T16:12:34.666Z -- Installing: C:/ADWITECH/nRF9160_Examples/mqtt_working/build/mqtt_working/tfm/api_ns/interface/include/mbedtls/build_info.h
2026-09-23T16:12:34.666Z -- Installing: C:/ADWITECH/nRF9160_Examples/mqtt_working/build/mqtt_working/tfm/api_ns/interface/include/mbedtls/config_psa.h
2026-09-23T16:12:34.666Z -- Installing: C:/ADWITECH/nRF9160_Examples/mqtt_working/build/mqtt_working/tfm/api_ns/interface/include/nrf-config.h
2026-09-23T16:12:34.666Z -- Installing: C:/ADWITECH/nRF9160_Examples/mqtt_working/build/mqtt_working/tfm/api_ns/interface/include/nrf-psa-crypto-config.h
2026-09-23T16:12:34.666Z -- Installing: C:/ADWITECH/nRF9160_Examples/mqtt_working/build/mqtt_working/tfm/api_ns/interface/include/tfm_platform_api.h
2026-09-23T16:12:34.666Z -- Installing: C:/ADWITECH/nRF9160_Examples/mqtt_working/build/mqtt_working/tfm/api_ns/interface/src/tfm_tz_psa_ns_api.c
2026-09-23T16:12:34.666Z -- Installing: C:/ADWITECH/nRF9160_Examples/mqtt_working/build/mqtt_working/tfm/api_ns/interface/include/os_wrapper
2026-09-23T16:12:34.666Z -- Installing: C:/ADWITECH/nRF9160_Examples/mqtt_working/build/mqtt_working/tfm/api_ns/interface/include/os_wrapper/common.h
2026-09-23T16:12:34.666Z -- Installing: C:/ADWITECH/nRF9160_Examples/mqtt_working/build/mqtt_working/tfm/api_ns/interface/include/os_wrapper/mutex.h
2026-09-23T16:12:34.666Z -- Installing: C:/ADWITECH/nRF9160_Examples/mqtt_working/build/mqtt_working/tfm/api_ns/interface/src/os_wrapper
2026-09-23T16:12:34.666Z -- Installing: C:/ADWITECH/nRF9160_Examples/mqtt_working/build/mqtt_working/tfm/api_ns/interface/src/os_wrapper/tfm_ns_interface_bare_metal.c
2026-09-23T16:12:34.666Z -- Installing: C:/ADWITECH/nRF9160_Examples/mqtt_working/build/mqtt_working/tfm/api_ns/interface/src/os_wrapper/tfm_ns_interface_rtos.c
2026-09-23T16:12:34.666Z -- Installing: C:/ADWITECH/nRF9160_Examples/mqtt_working/build/mqtt_working/tfm/api_ns/interface/src/tfm_crypto_api.c
2026-09-23T16:12:34.666Z -- Installing: C:/ADWITECH/nRF9160_Examples/mqtt_working/build/mqtt_working/tfm/api_ns/interface/src/tfm_platform_api.c
2026-09-23T16:12:34.666Z -- Installing: C:/ADWITECH/nRF9160_Examples/mqtt_working/build/mqtt_working/tfm/api_ns/config/cp_check.cmake
2026-09-23T16:12:34.666Z [0m----- Installing platform NS -----[0m
2026-09-23T16:12:34.666Z -- Installing: C:/ADWITECH/nRF9160_Examples/mqtt_working/build/mqtt_working/tfm/api_ns/platform/ext/cmsis/Include
2026-09-23T16:12:34.666Z -- Installing: C:/ADWITECH/nRF9160_Examples/mqtt_working/build/mqtt_working/tfm/api_ns/platform/ext/cmsis/Include/a-profile
2026-09-23T16:12:34.666Z -- Installing: C:/ADWITECH/nRF9160_Examples/mqtt_working/build/mqtt_working/tfm/api_ns/platform/ext/cmsis/Include/a-profile/cmsis_armclang_a.h
2026-09-23T16:12:34.666Z -- Installing: C:/ADWITECH/nRF9160_Examples/mqtt_working/build/mqtt_working/tfm/api_ns/platform/ext/cmsis/Include/a-profile/cmsis_clang_a.h
2026-09-23T16:12:34.666Z -- Installing: C:/ADWITECH/nRF9160_Examples/mqtt_working/build/mqtt_working/tfm/api_ns/platform/ext/cmsis/Include/a-profile/cmsis_cp15.h
2026-09-23T16:12:34.666Z -- Installing: C:/ADWITECH/nRF9160_Examples/mqtt_working/build/mqtt_working/tfm/api_ns/platform/ext/cmsis/Include/a-profile/cmsis_gcc_a.h
2026-09-23T16:12:34.666Z -- Installing: C:/ADWITECH/nRF9160_Examples/mqtt_working/build/mqtt_working/tfm/api_ns/platform/ext/cmsis/Include/a-profile/cmsis_iccarm_a.h
2026-09-23T16:12:34.666Z -- Installing: C:/ADWITECH/nRF9160_Examples/mqtt_working/build/mqtt_working/tfm/api_ns/platform/ext/cmsis/Include/a-profile/irq_ctrl.h
2026-09-23T16:12:34.666Z -- Installing: C:/ADWITECH/nRF9160_Examples/mqtt_working/build/mqtt_working/tfm/api_ns/platform/ext/cmsis/Include/cmsis_compiler.h
2026-09-23T16:12:34.666Z -- Installing: C:/ADWITECH/nRF9160_Examples/mqtt_working/build/mqtt_working/tfm/api_ns/platform/ext/cmsis/Include/cmsis_version.h
2026-09-23T16:12:34.666Z -- Installing: C:/ADWITECH/nRF9160_Examples/mqtt_working/build/mqtt_working/tfm/api_ns/platform/ext/cmsis/Include/core_ca.h
2026-09-23T16:12:34.666Z -- Installing: C:/ADWITECH/nRF9160_Examples/mqtt_working/build/mqtt_working/tfm/api_ns/platform/ext/cmsis/Include/core_cm0.h
2026-09-23T16:12:34.666Z -- Installing: C:/ADWITECH/nRF9160_Examples/mqtt_working/build/mqtt_working/tfm/api_ns/platform/ext/cmsis/Include/core_cm0plus.h
2026-09-23T16:12:34.666Z -- Installing: C:/ADWITECH/nRF9160_Examples/mqtt_working/build/mqtt_working/tfm/api_ns/platform/ext/cmsis/Include/core_cm1.h
2026-09-23T16:12:34.666Z -- Installing: C:/ADWITECH/nRF9160_Examples/mqtt_working/build/mqtt_working/tfm/api_ns/platform/ext/cmsis/Include/core_cm23.h
2026-09-23T16:12:34.666Z -- Installing: C:/ADWITECH/nRF9160_Examples/mqtt_working/build/mqtt_working/tfm/api_ns/platform/ext/cmsis/Include/core_cm3.h
2026-09-23T16:12:34.666Z -- Installing: C:/ADWITECH/nRF9160_Examples/mqtt_working/build/mqtt_working/tfm/api_ns/platform/ext/cmsis/Include/core_cm33.h
2026-09-23T16:12:34.666Z -- Installing: C:/ADWITECH/nRF9160_Examples/mqtt_working/build/mqtt_working/tfm/api_ns/platform/ext/cmsis/Include/core_cm35p.h
2026-09-23T16:12:34.666Z -- Installing: C:/ADWITECH/nRF9160_Examples/mqtt_working/build/mqtt_working/tfm/api_ns/platform/ext/cmsis/Include/core_cm4.h
2026-09-23T16:12:34.666Z -- Installing: C:/ADWITECH/nRF9160_Examples/mqtt_working/build/mqtt_working/tfm/api_ns/platform/ext/cmsis/Include/core_cm52.h
2026-09-23T16:12:34.666Z -- Installing: C:/ADWITECH/nRF9160_Examples/mqtt_working/build/mqtt_working/tfm/api_ns/platform/ext/cmsis/Include/core_cm55.h
2026-09-23T16:12:34.666Z -- Installing: C:/ADWITECH/nRF9160_Examples/mqtt_working/build/mqtt_working/tfm/api_ns/platform/ext/cmsis/Include/core_cm7.h
2026-09-23T16:12:34.666Z -- Installing: C:/ADWITECH/nRF9160_Examples/mqtt_working/build/mqtt_working/tfm/api_ns/platform/ext/cmsis/Include/core_cm85.h
2026-09-23T16:12:34.666Z -- Installing: C:/ADWITECH/nRF9160_Examples/mqtt_working/build/mqtt_working/tfm/api_ns/platform/ext/cmsis/Include/core_sc000.h
2026-09-23T16:12:34.666Z -- Installing: C:/ADWITECH/nRF9160_Examples/mqtt_working/build/mqtt_working/tfm/api_ns/platform/ext/cmsis/Include/core_sc300.h
2026-09-23T16:12:34.666Z -- Installing: C:/ADWITECH/nRF9160_Examples/mqtt_working/build/mqtt_working/tfm/api_ns/platform/ext/cmsis/Include/core_starmc1.h
2026-09-23T16:12:34.666Z -- Installing: C:/ADWITECH/nRF9160_Examples/mqtt_working/build/mqtt_working/tfm/api_ns/platform/ext/cmsis/Include/m-profile
2026-09-23T16:12:34.666Z -- Installing: C:/ADWITECH/nRF9160_Examples/mqtt_working/build/mqtt_working/tfm/api_ns/platform/ext/cmsis/Include/m-profile/armv7m_cachel1.h
2026-09-23T16:12:34.666Z -- Installing: C:/ADWITECH/nRF9160_Examples/mqtt_working/build/mqtt_working/tfm/api_ns/platform/ext/cmsis/Include/m-profile/armv7m_mpu.h
2026-09-23T16:12:34.666Z -- Installing: C:/ADWITECH/nRF9160_Examples/mqtt_working/build/mqtt_working/tfm/api_ns/platform/ext/cmsis/Include/m-profile/armv81m_pac.h
2026-09-23T16:12:34.666Z -- Installing: C:/ADWITECH/nRF9160_Examples/mqtt_working/build/mqtt_working/tfm/api_ns/platform/ext/cmsis/Include/m-profile/armv8m_mpu.h
2026-09-23T16:12:34.666Z -- Installing: C:/ADWITECH/nRF9160_Examples/mqtt_working/build/mqtt_working/tfm/api_ns/platform/ext/cmsis/Include/m-profile/armv8m_pmu.h
2026-09-23T16:12:34.666Z -- Installing: C:/ADWITECH/nRF9160_Examples/mqtt_working/build/mqtt_working/tfm/api_ns/platform/ext/cmsis/Include/m-profile/cmsis_armclang_m.h
2026-09-23T16:12:34.666Z -- Installing: C:/ADWITECH/nRF9160_Examples/mqtt_working/build/mqtt_working/tfm/api_ns/platform/ext/cmsis/Include/m-profile/cmsis_clang_m.h
2026-09-23T16:12:34.666Z -- Installing: C:/ADWITECH/nRF9160_Examples/mqtt_working/build/mqtt_working/tfm/api_ns/platform/ext/cmsis/Include/m-profile/cmsis_gcc_m.h
2026-09-23T16:12:34.666Z -- Installing: C:/ADWITECH/nRF9160_Examples/mqtt_working/build/mqtt_working/tfm/api_ns/platform/ext/cmsis/Include/m-profile/cmsis_iccarm_m.h
2026-09-23T16:12:34.666Z -- Installing: C:/ADWITECH/nRF9160_Examples/mqtt_working/build/mqtt_working/tfm/api_ns/platform/ext/cmsis/Include/m-profile/cmsis_tiarmclang_m.h
2026-09-23T16:12:34.666Z -- Installing: C:/ADWITECH/nRF9160_Examples/mqtt_working/build/mqtt_working/tfm/api_ns/platform/ext/cmsis/Include/tz_context.h
2026-09-23T16:12:34.666Z -- Installing: C:/ADWITECH/nRF9160_Examples/mqtt_working/build/mqtt_working/tfm/api_ns/platform/include
2026-09-23T16:12:34.666Z -- Installing: C:/ADWITECH/nRF9160_Examples/mqtt_working/build/mqtt_working/tfm/api_ns/platform/include/boot_hal.h
2026-09-23T16:12:34.666Z -- Installing: C:/ADWITECH/nRF9160_Examples/mqtt_working/build/mqtt_working/tfm/api_ns/platform/include/cmsis_override.h
2026-09-23T16:12:34.666Z -- Installing: C:/ADWITECH/nRF9160_Examples/mqtt_working/build/mqtt_working/tfm/api_ns/platform/include/exception_info.h
2026-09-23T16:12:34.666Z -- Installing: C:/ADWITECH/nRF9160_Examples/mqtt_working/build/mqtt_working/tfm/api_ns/platform/include/fatal_error.h
2026-09-23T16:12:34.666Z -- Installing: C:/ADWITECH/nRF9160_Examples/mqtt_working/build/mqtt_working/tfm/api_ns/platform/include/mbedtls_entropy_nv_seed_config.h
2026-09-23T16:12:34.666Z -- Installing: C:/ADWITECH/nRF9160_Examples/mqtt_working/build/mqtt_working/tfm/api_ns/platform/include/region.h
2026-09-23T16:12:34.666Z -- Installing: C:/ADWITECH/nRF9160_Examples/mqtt_working/build/mqtt_working/tfm/api_ns/platform/include/tfm_attest_hal.h
2026-09-23T16:12:34.666Z -- Installing: C:/ADWITECH/nRF9160_Examples/mqtt_working/build/mqtt_working/tfm/api_ns/platform/include/tfm_hal_defs.h
2026-09-23T16:12:34.666Z -- Installing: C:/ADWITECH/nRF9160_Examples/mqtt_working/build/mqtt_working/tfm/api_ns/platform/include/tfm_hal_device_header.h
2026-09-23T16:12:34.666Z -- Installing: C:/ADWITECH/nRF9160_Examples/mqtt_working/build/mqtt_working/tfm/api_ns/platform/include/tfm_hal_interrupt.h
2026-09-23T16:12:34.666Z -- Installing: C:/ADWITECH/nRF9160_Examples/mqtt_working/build/mqtt_working/tfm/api_ns/platform/include/tfm_hal_isolation.h
2026-09-23T16:12:34.666Z -- Installing: C:/ADWITECH/nRF9160_Examples/mqtt_working/build/mqtt_working/tfm/api_ns/platform/include/tfm_hal_its.h
2026-09-23T16:12:34.666Z -- Installing: C:/ADWITECH/nRF9160_Examples/mqtt_working/build/mqtt_working/tfm/api_ns/platform/include/tfm_hal_its_encryption.h
2026-09-23T16:12:34.666Z -- Installing: C:/ADWITECH/nRF9160_Examples/mqtt_working/build/mqtt_working/tfm/api_ns/platform/include/tfm_hal_mailbox.h
2026-09-23T16:12:34.666Z -- Installing: C:/ADWITECH/nRF9160_Examples/mqtt_working/build/mqtt_working/tfm/api_ns/platform/include/tfm_hal_multi_core.h
2026-09-23T16:12:34.666Z -- Installing: C:/ADWITECH/nRF9160_Examples/mqtt_working/build/mqtt_working/tfm/api_ns/platform/include/tfm_hal_platform.h
2026-09-23T16:12:34.666Z -- Installing: C:/ADWITECH/nRF9160_Examples/mqtt_working/build/mqtt_working/tfm/api_ns/platform/include/tfm_hal_ps.h
2026-09-23T16:12:34.666Z -- Installing: C:/ADWITECH/nRF9160_Examples/mqtt_working/build/mqtt_working/tfm/api_ns/platform/include/tfm_platform_system.h
2026-09-23T16:12:34.666Z -- Installing: C:/ADWITECH/nRF9160_Examples/mqtt_working/build/mqtt_working/tfm/api_ns/platform/include/tfm_plat_boot_seed.h
2026-09-23T16:12:34.666Z -- Installing: C:/ADWITECH/nRF9160_Examples/mqtt_working/build/mqtt_working/tfm/api_ns/platform/include/tfm_plat_config.h
2026-09-23T16:12:34.667Z -- Installing: C:/ADWITECH/nRF9160_Examples/mqtt_working/build/mqtt_working/tfm/api_ns/platform/include/tfm_plat_crypto_keys.h
2026-09-23T16:12:34.667Z -- Installing: C:/ADWITECH/nRF9160_Examples/mqtt_working/build/mqtt_working/tfm/api_ns/platform/include/tfm_plat_crypto_nv_seed.h
2026-09-23T16:12:34.667Z -- Installing: C:/ADWITECH/nRF9160_Examples/mqtt_working/build/mqtt_working/tfm/api_ns/platform/include/tfm_plat_defs.h
2026-09-23T16:12:34.667Z -- Installing: C:/ADWITECH/nRF9160_Examples/mqtt_working/build/mqtt_working/tfm/api_ns/platform/include/tfm_plat_device_id.h
2026-09-23T16:12:34.667Z -- Installing: C:/ADWITECH/nRF9160_Examples/mqtt_working/build/mqtt_working/tfm/api_ns/platform/include/tfm_plat_ns.h
2026-09-23T16:12:34.667Z -- Installing: C:/ADWITECH/nRF9160_Examples/mqtt_working/build/mqtt_working/tfm/api_ns/platform/include/tfm_plat_nv_counters.h
2026-09-23T16:12:34.667Z -- Installing: C:/ADWITECH/nRF9160_Examples/mqtt_working/build/mqtt_working/tfm/api_ns/platform/include/tfm_plat_otp.h
2026-09-23T16:12:34.667Z -- Installing: C:/ADWITECH/nRF9160_Examples/mqtt_working/build/mqtt_working/tfm/api_ns/platform/include/tfm_plat_provisioning.h
2026-09-23T16:12:34.667Z -- Installing: C:/ADWITECH/nRF9160_Examples/mqtt_working/build/mqtt_working/tfm/api_ns/platform/include/tfm_plat_rotpk.h
2026-09-23T16:12:34.667Z -- Installing: C:/ADWITECH/nRF9160_Examples/mqtt_working/build/mqtt_working/tfm/api_ns/platform/include/tfm_plat_test.h
2026-09-23T16:12:34.667Z -- Installing: C:/ADWITECH/nRF9160_Examples/mqtt_working/build/mqtt_working/tfm/api_ns/CMakeLists.txt
2026-09-23T16:12:34.667Z -- Installing: C:/ADWITECH/nRF9160_Examples/mqtt_working/build/mqtt_working/tfm/api_ns/cmake/toolchain_ns_GNUARM.cmake
2026-09-23T16:12:34.667Z -- Installing: C:/ADWITECH/nRF9160_Examples/mqtt_working/build/mqtt_working/tfm/api_ns/cmake/toolchain_ns_ARMCLANG.cmake
2026-09-23T16:12:34.667Z -- Installing: C:/ADWITECH/nRF9160_Examples/mqtt_working/build/mqtt_working/tfm/api_ns/cmake/toolchain_ns_IARARM.cmake
2026-09-23T16:12:34.667Z -- Installing: C:/ADWITECH/nRF9160_Examples/mqtt_working/build/mqtt_working/tfm/api_ns/platform/include/fih.h
2026-09-23T16:12:34.667Z -- Installing: C:/ADWITECH/nRF9160_Examples/mqtt_working/build/mqtt_working/tfm/api_ns/cmake/spe_export.cmake
2026-09-23T16:12:34.667Z -- Installing: C:/ADWITECH/nRF9160_Examples/mqtt_working/build/mqtt_working/tfm/api_ns/cmake/set_extensions.cmake
2026-09-23T16:12:34.764Z [17/365] Completed 'tfm'
2026-09-23T16:12:36.204Z [18/365] Building C object modules/nrf/subsys/nrf_security/src/CMakeFiles/mbedcrypto_base.dir/C_/ncs/v2.9.0/modules/crypto/mbedtls/library/nist_kw.c.obj
2026-09-23T16:12:36.204Z [19/365] Building C object modules/nrf/subsys/nrf_security/src/CMakeFiles/mbedcrypto_base.dir/C_/ncs/v2.9.0/modules/crypto/mbedtls/library/padlock.c.obj
2026-09-23T16:12:36.204Z [20/365] Building C object modules/nrf/subsys/nrf_security/src/CMakeFiles/mbedcrypto_base.dir/C_/ncs/v2.9.0/modules/crypto/mbedtls/library/bignum.c.obj
2026-09-23T16:12:36.204Z [21/365] Building C object modules/nrf/subsys/nrf_security/src/CMakeFiles/mbedcrypto_base.dir/C_/ncs/v2.9.0/modules/crypto/mbedtls/library/version.c.obj
2026-09-23T16:12:36.204Z [22/365] Building C object modules/nrf/subsys/nrf_security/src/CMakeFiles/mbedcrypto_base.dir/C_/ncs/v2.9.0/modules/crypto/mbedtls/library/bignum_core.c.obj
2026-09-23T16:12:36.204Z [23/365] Building C object modules/nrf/subsys/nrf_security/src/CMakeFiles/mbedcrypto.dir/C_/ncs/v2.9.0/modules/crypto/mbedtls/library/pkparse.c.obj
2026-09-23T16:12:36.204Z [24/365] Building C object modules/nrf/subsys/nrf_security/src/CMakeFiles/mbedcrypto_base.dir/C_/ncs/v2.9.0/modules/crypto/mbedtls/library/block_cipher.c.obj
2026-09-23T16:12:36.204Z [25/365] Building C object modules/nrf/subsys/nrf_security/src/CMakeFiles/mbedcrypto.dir/C_/ncs/v2.9.0/modules/crypto/mbedtls/library/pem.c.obj
2026-09-23T16:12:36.204Z [26/365] Building C object modules/nrf/subsys/nrf_security/src/CMakeFiles/mbedcrypto_base.dir/C_/ncs/v2.9.0/modules/crypto/mbedtls/library/constant_time.c.obj
2026-09-23T16:12:36.204Z [27/365] Building C object modules/nrf/subsys/nrf_security/src/CMakeFiles/mbedcrypto_base.dir/C_/ncs/v2.9.0/modules/crypto/mbedtls/library/base64.c.obj
2026-09-23T16:12:36.204Z [28/365] Building C object modules/nrf/subsys/nrf_security/src/CMakeFiles/mbedcrypto.dir/C_/ncs/v2.9.0/modules/crypto/mbedtls/library/pkwrite.c.obj
2026-09-23T16:12:36.204Z [29/365] Building C object modules/nrf/subsys/nrf_security/src/CMakeFiles/mbedcrypto.dir/C_/ncs/v2.9.0/modules/crypto/mbedtls/library/pkcs5.c.obj
2026-09-23T16:12:36.204Z [30/365] Building C object modules/nrf/subsys/nrf_security/src/CMakeFiles/mbedcrypto.dir/C_/ncs/v2.9.0/modules/crypto/mbedtls/library/pkcs12.c.obj
2026-09-23T16:12:36.204Z [31/365] Building C object modules/nrf/subsys/nrf_security/src/CMakeFiles/mbedcrypto.dir/C_/ncs/v2.9.0/modules/crypto/mbedtls/library/dhm.c.obj
2026-09-23T16:12:36.204Z [32/365] Building C object zephyr/CMakeFiles/offsets.dir/arch/arm/core/offsets/offsets.c.obj
2026-09-23T16:12:36.204Z [33/365] Building C object modules/nrf/subsys/nrf_security/src/CMakeFiles/mbedcrypto.dir/C_/ncs/v2.9.0/modules/crypto/mbedtls/library/cipher_wrap.c.obj
2026-09-23T16:12:36.204Z [34/365] Building C object modules/nrf/subsys/nrf_security/src/CMakeFiles/nrf_security_utils.dir/utils/nrf_security_mutexes.c.obj
2026-09-23T16:12:36.204Z [35/365] Building C object modules/nrf/subsys/nrf_security/src/CMakeFiles/mbedcrypto.dir/C_/ncs/v2.9.0/modules/crypto/mbedtls/library/cipher.c.obj
2026-09-23T16:12:36.204Z [36/365] Building C object modules/nrf/subsys/nrf_security/src/CMakeFiles/nrf_security_utils.dir/utils/nrf_security_events.c.obj
2026-09-23T16:12:36.204Z [37/365] Building C object modules/nrf/subsys/nrf_security/src/CMakeFiles/mbedcrypto.dir/C_/ncs/v2.9.0/modules/crypto/mbedtls/library/md.c.obj
2026-09-23T16:12:36.204Z [38/365] Building C object modules/nrf/subsys/nrf_security/src/CMakeFiles/mbedcrypto_base.dir/C_/ncs/v2.9.0/modules/crypto/oberon-psa-crypto/library/platform.c.obj
2026-09-23T16:12:36.204Z [39/365] Building C object modules/nrf/subsys/nrf_security/src/CMakeFiles/mbedcrypto.dir/C_/ncs/v2.9.0/modules/crypto/mbedtls/library/sha1.c.obj
2026-09-23T16:12:36.204Z [40/365] Building C object modules/nrf/subsys/nrf_security/src/CMakeFiles/mbedcrypto_base.dir/C_/ncs/v2.9.0/modules/crypto/oberon-psa-crypto/library/platform_util.c.obj
2026-09-23T16:12:36.204Z [41/365] Building C object modules/nrf/subsys/nrf_security/src/CMakeFiles/mbedcrypto.dir/C_/ncs/v2.9.0/modules/crypto/mbedtls/library/pk.c.obj
2026-09-23T16:12:36.204Z [42/365] Building C object modules/nrf/subsys/nrf_security/src/CMakeFiles/mbedcrypto.dir/C_/ncs/v2.9.0/modules/crypto/mbedtls/library/pk_wrap.c.obj
2026-09-23T16:12:36.204Z [43/365] Building C object modules/nrf/subsys/nrf_security/src/CMakeFiles/mbedcrypto.dir/C_/ncs/v2.9.0/modules/crypto/mbedtls/library/pk_ecc.c.obj
2026-09-23T16:12:36.204Z [44/365] Building C object modules/nrf/subsys/nrf_security/src/CMakeFiles/mbedcrypto.dir/C_/ncs/v2.9.0/modules/crypto/mbedtls/library/psa_util.c.obj
2026-09-23T16:12:36.204Z [45/365] Building C object modules/nrf/subsys/nrf_security/src/CMakeFiles/mbedcrypto.dir/C_/ncs/v2.9.0/modules/crypto/mbedtls/library/aesni.c.obj
2026-09-23T16:12:36.204Z [46/365] Building C object modules/nrf/subsys/nrf_security/src/CMakeFiles/mbedcrypto.dir/C_/ncs/v2.9.0/modules/crypto/mbedtls/library/md5.c.obj
2026-09-23T16:12:36.204Z [47/365] Building C object modules/nrf/subsys/nrf_security/src/CMakeFiles/mbedcrypto.dir/C_/ncs/v2.9.0/modules/crypto/mbedtls/library/sha3.c.obj
2026-09-23T16:12:36.204Z [48/365] Building C object modules/nrf/subsys/nrf_security/src/CMakeFiles/mbedcrypto_base.dir/C_/ncs/v2.9.0/modules/crypto/mbedtls/library/asn1write.c.obj
2026-09-23T16:12:36.204Z [49/365] Building C object modules/nrf/subsys/nrf_security/src/CMakeFiles/mbedcrypto.dir/C_/ncs/v2.9.0/modules/crypto/mbedtls/library/sha512.c.obj
2026-09-23T16:12:36.204Z [50/365] Building C object modules/nrf/subsys/nrf_security/src/CMakeFiles/mbedcrypto.dir/C_/ncs/v2.9.0/modules/crypto/mbedtls/library/sha256.c.obj
2026-09-23T16:12:36.204Z [51/365] Building C object modules/nrf/subsys/nrf_security/src/CMakeFiles/mbedcrypto_base.dir/C_/ncs/v2.9.0/modules/crypto/mbedtls/library/asn1parse.c.obj
2026-09-23T16:12:36.204Z [52/365] Building C object modules/nrf/subsys/nrf_security/src/CMakeFiles/mbedcrypto_base.dir/C_/ncs/v2.9.0/modules/crypto/mbedtls/library/oid.c.obj
2026-09-23T16:12:36.204Z [53/365] Building C object modules/nrf/subsys/nrf_security/src/CMakeFiles/mbedcrypto.dir/C_/ncs/v2.9.0/modules/crypto/mbedtls/library/aes.c.obj
2026-09-23T16:12:36.204Z [54/365] Building C object modules/nrf/subsys/nrf_security/src/CMakeFiles/mbedcrypto.dir/C_/ncs/v2.9.0/modules/crypto/mbedtls/library/ecdh.c.obj
2026-09-23T16:12:36.204Z [55/365] Building C object modules/nrf/subsys/nrf_security/src/CMakeFiles/mbedcrypto.dir/C_/ncs/v2.9.0/modules/crypto/mbedtls/library/aesce.c.obj
2026-09-23T16:12:36.204Z [56/365] Linking C static library modules\nrf\subsys\nrf_security\src\libnrf_security_utils.a
2026-09-23T16:12:36.204Z [57/365] Building C object modules/nrf/subsys/nrf_security/src/CMakeFiles/mbedcrypto.dir/C_/ncs/v2.9.0/modules/crypto/mbedtls/library/cmac.c.obj
2026-09-23T16:12:36.204Z [58/365] Building C object modules/nrf/subsys/nrf_security/src/CMakeFiles/mbedcrypto.dir/C_/ncs/v2.9.0/modules/crypto/mbedtls/library/chachapoly.c.obj
2026-09-23T16:12:36.204Z [59/365] Building C object modules/nrf/subsys/nrf_security/src/CMakeFiles/mbedcrypto.dir/C_/ncs/v2.9.0/modules/crypto/mbedtls/library/ccm.c.obj
2026-09-23T16:12:36.204Z [60/365] Building C object modules/nrf/subsys/nrf_security/src/CMakeFiles/mbedcrypto.dir/C_/ncs/v2.9.0/modules/crypto/mbedtls/library/ecp.c.obj
2026-09-23T16:12:36.204Z [61/365] Building C object modules/nrf/subsys/nrf_security/src/CMakeFiles/mbedcrypto.dir/C_/ncs/v2.9.0/modules/crypto/mbedtls/library/gcm.c.obj
2026-09-23T16:12:36.204Z [62/365] Building C object modules/nrf/subsys/nrf_security/src/CMakeFiles/mbedcrypto.dir/C_/ncs/v2.9.0/modules/crypto/mbedtls/library/ecp_curves.c.obj
2026-09-23T16:12:36.204Z [63/365] Building C object modules/nrf/subsys/nrf_security/src/CMakeFiles/mbedcrypto.dir/C_/ncs/v2.9.0/modules/crypto/mbedtls/library/hkdf.c.obj
2026-09-23T16:12:36.204Z [64/365] Building C object modules/nrf/subsys/nrf_security/src/CMakeFiles/mbedcrypto.dir/C_/ncs/v2.9.0/modules/crypto/mbedtls/library/ecp_curves_new.c.obj
2026-09-23T16:12:36.204Z [65/365] Building C object modules/nrf/subsys/nrf_security/src/CMakeFiles/mbedcrypto.dir/legacy/ecdsa_oberon.c.obj
2026-09-23T16:12:36.204Z [66/365] Building C object modules/nrf/subsys/nrf_security/src/CMakeFiles/mbedcrypto.dir/legacy/md_ext.c.obj
2026-09-23T16:12:36.204Z [67/365] Building C object modules/nrf/subsys/nrf_security/src/CMakeFiles/mbedcrypto.dir/C_/ncs/v2.9.0/modules/crypto/mbedtls/library/rsa.c.obj
2026-09-23T16:12:36.204Z [68/365] Building C object modules/nrf/subsys/nrf_security/src/CMakeFiles/mbedcrypto.dir/C_/ncs/v2.9.0/modules/crypto/mbedtls/library/rsa_alt_helpers.c.obj
2026-09-23T16:12:36.204Z [69/365] Building C object modules/nrf/subsys/nrf_security/src/CMakeFiles/mbedcrypto.dir/C_/ncs/v2.9.0/modules/crypto/mbedtls/library/hmac_drbg.c.obj
2026-09-23T16:12:36.204Z [70/365] Building C object modules/nrf/subsys/nrf_security/src/CMakeFiles/mbedcrypto.dir/C_/ncs/v2.9.0/modules/crypto/mbedtls/library/entropy.c.obj
2026-09-23T16:12:36.205Z [71/365] Building C object modules/nrf/subsys/nrf_security/src/CMakeFiles/mbedcrypto.dir/C_/ncs/v2.9.0/modules/crypto/mbedtls/library/ctr_drbg.c.obj
2026-09-23T16:12:36.205Z [72/365] Building C object modules/nrf/subsys/nrf_security/src/CMakeFiles/mbedcrypto.dir/legacy/ecjpake_oberon.c.obj
2026-09-23T16:12:36.205Z [73/365] Linking C static library modules\nrf\subsys\nrf_security\src\libmbedcrypto_base.a
2026-09-23T16:12:36.205Z [74/365] Linking C static library modules\nrf\subsys\nrf_security\src\libmbedcrypto.a
2026-09-23T16:12:36.332Z [75/365] Generating include/generated/zephyr/offsets.h
2026-09-23T16:12:36.583Z [76/365] Building C object zephyr/CMakeFiles/zephyr.dir/misc/generated/configs.c.obj
2026-09-23T16:12:36.684Z [77/365] Building C object zephyr/CMakeFiles/zephyr.dir/lib/utils/dec.c.obj
2026-09-23T16:12:36.859Z [78/365] Building C object zephyr/CMakeFiles/zephyr.dir/lib/utils/hex.c.obj
2026-09-23T16:12:36.937Z [79/365] Building C object zephyr/CMakeFiles/zephyr.dir/subsys/logging/log_cache.c.obj
2026-09-23T16:12:36.989Z [80/365] Building C object zephyr/CMakeFiles/zephyr.dir/subsys/storage/flash_map/flash_map_layout.c.obj
2026-09-23T16:12:37.023Z [81/365] Building C object zephyr/CMakeFiles/zephyr.dir/lib/os/reboot.c.obj
2026-09-23T16:12:37.063Z [82/365] Building C object zephyr/CMakeFiles/zephyr.dir/lib/utils/notify.c.obj
2026-09-23T16:12:37.201Z [83/365] Building C object zephyr/CMakeFiles/zephyr.dir/subsys/logging/backends/log_backend_uart.c.obj
2026-09-23T16:12:37.202Z [84/365] Building C object zephyr/CMakeFiles/zephyr.dir/subsys/storage/flash_map/flash_map.c.obj
2026-09-23T16:12:37.202Z [85/365] Building C object zephyr/CMakeFiles/zephyr.dir/lib/utils/timeutil.c.obj
2026-09-23T16:12:37.202Z [86/365] Building C object zephyr/CMakeFiles/zephyr.dir/lib/utils/ring_buffer.c.obj
2026-09-23T16:12:37.229Z [87/365] Building C object zephyr/CMakeFiles/zephyr.dir/subsys/tracing/tracing_none.c.obj
2026-09-23T16:12:37.329Z [88/365] Building C object zephyr/CMakeFiles/zephyr.dir/subsys/logging/log_msg.c.obj
2026-09-23T16:12:37.342Z [89/365] Building C object zephyr/CMakeFiles/zephyr.dir/subsys/logging/log_output.c.obj
2026-09-23T16:12:37.349Z [90/365] Building C object zephyr/CMakeFiles/zephyr.dir/subsys/logging/log_mgmt.c.obj
2026-09-23T16:12:37.398Z [91/365] Building C object zephyr/CMakeFiles/zephyr.dir/subsys/mem_mgmt/mem_attr.c.obj
2026-09-23T16:12:37.414Z [92/365] Building C object zephyr/CMakeFiles/zephyr.dir/lib/utils/onoff.c.obj
2026-09-23T16:12:37.414Z [93/365] Building C object zephyr/CMakeFiles/zephyr.dir/lib/utils/rb.c.obj
2026-09-23T16:12:37.466Z [94/365] Building C object zephyr/CMakeFiles/zephyr.dir/lib/utils/bitarray.c.obj
2026-09-23T16:12:37.472Z [95/365] Building C object zephyr/CMakeFiles/zephyr.dir/subsys/logging/log_core.c.obj
2026-09-23T16:12:37.493Z [96/365] Building C object zephyr/CMakeFiles/zephyr.dir/C_/ncs/v2.9.0/nrf/subsys/partition_manager/flash_map_partition_manager.c.obj
2026-09-23T16:12:37.642Z [97/365] Building ASM object zephyr/arch/arch/arm/core/CMakeFiles/arch__arm__core.dir/nmi_on_reset.S.obj
2026-09-23T16:12:37.658Z [98/365] Building C object CMakeFiles/app.dir/C_/ncs/v2.9.0/nrfxlib/nrf_modem/shmem.c.obj
2026-09-23T16:12:37.674Z [99/365] Building C object zephyr/CMakeFiles/zephyr.dir/subsys/net/lib/utils/addr_utils.c.obj
2026-09-23T16:12:37.812Z [100/365] Building C object zephyr/CMakeFiles/zephyr.dir/drivers/flash/flash_util.c.obj
2026-09-23T16:12:37.812Z [101/365] Building C object zephyr/CMakeFiles/zephyr.dir/C_/ncs/v2.9.0/nrf/lib/boot_banner/banner.c.obj
2026-09-23T16:12:37.812Z [102/365] Building C object zephyr/CMakeFiles/zephyr.dir/subsys/net/lib/sntp/sntp_simple.c.obj
2026-09-23T16:12:37.812Z [103/365] Building C object zephyr/arch/arch/arm/core/CMakeFiles/arch__arm__core.dir/nmi.c.obj
2026-09-23T16:12:37.812Z [104/365] Building C object zephyr/arch/arch/arm/core/cortex_m/CMakeFiles/arch__arm__core__cortex_m.dir/exc_exit.c.obj
2026-09-23T16:12:37.845Z [105/365] Building C object zephyr/arch/common/CMakeFiles/isr_tables.dir/isr_tables.c.obj
2026-09-23T16:12:37.907Z [106/365] Generating linker_zephyr_pre0.cmd
2026-09-23T16:12:37.934Z [107/365] Building C object zephyr/arch/common/CMakeFiles/arch__common.dir/sw_isr_common.c.obj
2026-09-23T16:12:38.000Z [108/365] Building C object CMakeFiles/app.dir/src/unit_lib.c.obj
2026-09-23T16:12:38.023Z [109/365] Building C object zephyr/CMakeFiles/zephyr.dir/lib/crc/crc24_sw.c.obj
2026-09-23T16:12:38.070Z [110/365] Building C object zephyr/CMakeFiles/zephyr.dir/lib/crc/crc16_sw.c.obj
2026-09-23T16:12:38.110Z [111/365] Building C object zephyr/CMakeFiles/zephyr.dir/lib/crc/crc32_sw.c.obj
2026-09-23T16:12:38.118Z [112/365] Building C object zephyr/CMakeFiles/zephyr.dir/lib/crc/crc32c_sw.c.obj
2026-09-23T16:12:38.128Z [113/365] Building C object zephyr/arch/arch/arm/core/CMakeFiles/arch__arm__core.dir/fatal.c.obj
2026-09-23T16:12:38.137Z [114/365] Building C object zephyr/CMakeFiles/zephyr.dir/lib/crc/crc8_sw.c.obj
2026-09-23T16:12:38.148Z [115/365] Building C object zephyr/CMakeFiles/zephyr.dir/subsys/fs/nvs/nvs.c.obj
2026-09-23T16:12:38.284Z [116/365] Building C object CMakeFiles/app.dir/src/eeprom_emul.c.obj
2026-09-23T16:12:38.296Z [117/365] Building C object CMakeFiles/app.dir/src/log_ram_backend.c.obj
2026-09-23T16:12:38.297Z [01m[KC:/ADWITECH/nRF9160_Examples/mqtt_working/src/log_ram_backend.c:[m[K In function '[01m[Klog_ram_process[m[K':
2026-09-23T16:12:38.297Z [01m[KC:/ADWITECH/nRF9160_Examples/mqtt_working/src/log_ram_backend.c:49:41:[m[K [01;35m[Kwarning: [m[Kpassing argument 2 of '[01m[Klog_output_msg_process[m[K' from incompatible pointer type [[01;35m[K-Wincompatible-pointer-types[m[K]
2026-09-23T16:12:38.297Z    49 |     log_output_msg_process(&log_output, [01;35m[Kmsg[m[K, backend);
2026-09-23T16:12:38.297Z       |                                         [01;35m[K^~~[m[K
2026-09-23T16:12:38.297Z       |                                         [01;35m[K|[m[K
2026-09-23T16:12:38.297Z       |                                         [01;35m[Kunion log_msg_generic *[m[K
2026-09-23T16:12:38.297Z In file included from [01m[KC:/ncs/v2.9.0/zephyr/include/zephyr/logging/log_backend.h:13[m[K,
2026-09-23T16:12:38.297Z                  from [01m[KC:/ADWITECH/nRF9160_Examples/mqtt_working/src/log_ram_backend.c:3[m[K:
2026-09-23T16:12:38.298Z [01m[KC:/ncs/v2.9.0/zephyr/include/zephyr/logging/log_output.h:146:45:[m[K [01;36m[Knote: [m[Kexpected '[01m[Kstruct log_msg *[m[K' but argument is of type '[01m[Kunion log_msg_generic *[m[K'
2026-09-23T16:12:38.298Z   146 |                             [01;36m[Kstruct log_msg *msg[m[K, uint32_t flags);
2026-09-23T16:12:38.298Z       |                             [01;36m[K~~~~~~~~~~~~~~~~^~~[m[K
2026-09-23T16:12:38.298Z [01m[KC:/ADWITECH/nRF9160_Examples/mqtt_working/src/log_ram_backend.c:49:46:[m[K [01;35m[Kwarning: [m[Kpassing argument 3 of '[01m[Klog_output_msg_process[m[K' makes integer from pointer without a cast [[01;35m[K-Wint-conversion[m[K]
2026-09-23T16:12:38.298Z    49 |     log_output_msg_process(&log_output, msg, [01;35m[Kbackend[m[K);
2026-09-23T16:12:38.298Z       |                                              [01;35m[K^~~~~~~[m[K
2026-09-23T16:12:38.298Z       |                                              [01;35m[K|[m[K
2026-09-23T16:12:38.298Z       |                                              [01;35m[Kconst struct log_backend *[m[K
2026-09-23T16:12:38.298Z [01m[KC:/ncs/v2.9.0/zephyr/include/zephyr/logging/log_output.h:146:59:[m[K [01;36m[Knote: [m[Kexpected '[01m[Kuint32_t[m[K' {aka '[01m[Kunsigned int[m[K'} but argument is of type '[01m[Kconst struct log_backend *[m[K'
2026-09-23T16:12:38.298Z   146 |                             struct log_msg *msg, [01;36m[Kuint32_t flags[m[K);
2026-09-23T16:12:38.298Z       |                                                  [01;36m[K~~~~~~~~~^~~~~[m[K
2026-09-23T16:12:38.298Z In file included from [01m[KC:/ncs/v2.9.0/zephyr/include/zephyr/device.h:13[m[K,
2026-09-23T16:12:38.298Z                  from [01m[KC:/ncs/v2.9.0/zephyr/include/zephyr/sw_isr_table.h:18[m[K,
2026-09-23T16:12:38.298Z                  from [01m[KC:/ncs/v2.9.0/zephyr/include/zephyr/arch/arm/irq.h:19[m[K,
2026-09-23T16:12:38.298Z                  from [01m[KC:/ncs/v2.9.0/zephyr/include/zephyr/arch/arm/arch.h:24[m[K,
2026-09-23T16:12:38.298Z                  from [01m[KC:/ncs/v2.9.0/zephyr/include/zephyr/arch/cpu.h:19[m[K,
2026-09-23T16:12:38.298Z                  from [01m[KC:/ncs/v2.9.0/zephyr/include/zephyr/kernel_includes.h:36[m[K,
2026-09-23T16:12:38.298Z                  from [01m[KC:/ncs/v2.9.0/zephyr/include/zephyr/kernel.h:17[m[K,
2026-09-23T16:12:38.298Z                  from [01m[KC:/ADWITECH/nRF9160_Examples/mqtt_working/src/log_ram_backend.h:4[m[K,
2026-09-23T16:12:38.298Z                  from [01m[KC:/ADWITECH/nRF9160_Examples/mqtt_working/src/log_ram_backend.c:1[m[K:
2026-09-23T16:12:38.299Z [01m[KC:/ADWITECH/nRF9160_Examples/mqtt_working/src/log_ram_backend.c:[m[K At top level:
2026-09-23T16:12:38.299Z [01m[KC:/ncs/v2.9.0/zephyr/include/zephyr/init.h:241:63:[m[K [01;35m[Kwarning: [m[Kinitialization of '[01m[Kint (*)(void)[m[K' from incompatible pointer type '[01m[Kint (*)(const struct device *)[m[K' [[01;35m[K-Wincompatible-pointer-types[m[K]
2026-09-23T16:12:38.299Z   241 |                 Z_INIT_ENTRY_NAME(name) = {.init_fn = {.sys = [01;35m[K([m[Kinit_fn_)},                \
2026-09-23T16:12:38.299Z       |                                                               [01;35m[K^[m[K
2026-09-23T16:12:38.299Z [01m[KC:/ncs/v2.9.0/zephyr/include/zephyr/init.h:223:9:[m[K [01;36m[Knote: [m[Kin expansion of macro '[01m[KSYS_INIT_NAMED[m[K'
2026-09-23T16:12:38.299Z   223 |         [01;36m[KSYS_INIT_NAMED[m[K(init_fn, init_fn, level, prio)
2026-09-23T16:12:38.300Z       |         [01;36m[K^~~~~~~~~~~~~~[m[K
2026-09-23T16:12:38.300Z [01m[KC:/ADWITECH/nRF9160_Examples/mqtt_working/src/log_ram_backend.c:79:1:[m[K [01;36m[Knote: [m[Kin expansion of macro '[01m[KSYS_INIT[m[K'
2026-09-23T16:12:38.300Z    79 | [01;36m[KSYS_INIT[m[K(log_ram_init, PRE_KERNEL_1, 0);
2026-09-23T16:12:38.300Z       | [01;36m[K^~~~~~~~[m[K
2026-09-23T16:12:38.300Z [01m[KC:/ncs/v2.9.0/zephyr/include/zephyr/init.h:241:63:[m[K [01;36m[Knote: [m[K(near initialization for '[01m[K__init_log_ram_init.init_fn.sys[m[K')
2026-09-23T16:12:38.300Z   241 |                 Z_INIT_ENTRY_NAME(name) = {.init_fn = {.sys = [01;36m[K([m[Kinit_fn_)},                \
2026-09-23T16:12:38.300Z       |                                                               [01;36m[K^[m[K
2026-09-23T16:12:38.300Z [01m[KC:/ncs/v2.9.0/zephyr/include/zephyr/init.h:223:9:[m[K [01;36m[Knote: [m[Kin expansion of macro '[01m[KSYS_INIT_NAMED[m[K'
2026-09-23T16:12:38.300Z   223 |         [01;36m[KSYS_INIT_NAMED[m[K(init_fn, init_fn, level, prio)
2026-09-23T16:12:38.300Z       |         [01;36m[K^~~~~~~~~~~~~~[m[K
2026-09-23T16:12:38.300Z [01m[KC:/ADWITECH/nRF9160_Examples/mqtt_working/src/log_ram_backend.c:79:1:[m[K [01;36m[Knote: [m[Kin expansion of macro '[01m[KSYS_INIT[m[K'
2026-09-23T16:12:38.300Z    79 | [01;36m[KSYS_INIT[m[K(log_ram_init, PRE_KERNEL_1, 0);
2026-09-23T16:12:38.300Z       | [01;36m[K^~~~~~~~[m[K
2026-09-23T16:12:38.445Z [118/365] Linking C static library zephyr\arch\common\libisr_tables.a
2026-09-23T16:12:38.477Z [119/365] Building C object zephyr/CMakeFiles/zephyr.dir/lib/crc/crc7_sw.c.obj
2026-09-23T16:12:38.512Z [120/365] Building C object zephyr/CMakeFiles/zephyr.dir/lib/crc/crc4_sw.c.obj
2026-09-23T16:12:38.519Z [121/365] Building C object zephyr/CMakeFiles/zephyr.dir/subsys/net/lib/sntp/sntp.c.obj
2026-09-23T16:12:38.602Z [122/365] Building C object zephyr/CMakeFiles/zephyr.dir/lib/os/assert.c.obj
2026-09-23T16:12:38.634Z [123/365] Building C object zephyr/CMakeFiles/zephyr.dir/lib/os/cbprintf.c.obj
2026-09-23T16:12:38.937Z [124/365] Building C object zephyr/CMakeFiles/zephyr.dir/lib/os/thread_entry.c.obj
2026-09-23T16:12:39.052Z [125/365] Building C object zephyr/CMakeFiles/zephyr.dir/lib/os/fdtable.c.obj
2026-09-23T16:12:39.052Z [126/365] Building C object zephyr/CMakeFiles/zephyr.dir/lib/os/mpsc_pbuf.c.obj
2026-09-23T16:12:39.052Z [127/365] Building C object CMakeFiles/app.dir/src/drivers/APS6404L.c.obj
2026-09-23T16:12:39.052Z [128/365] Linking C static library zephyr\arch\arch\arm\core\libarch__arm__core.a
2026-09-23T16:12:39.101Z [129/365] Building C object zephyr/CMakeFiles/zephyr.dir/lib/os/printk.c.obj
2026-09-23T16:12:39.103Z [130/365] Building C object CMakeFiles/app.dir/src/drivers/bme280.c.obj
2026-09-23T16:12:39.103Z [01m[KC:/ADWITECH/nRF9160_Examples/mqtt_working/src/drivers/bme280.c:390:1:[m[K [01;35m[Kwarning: [m[Kmulti-line comment [[01;35m[K-Wcomment[m[K]
2026-09-23T16:12:39.103Z   390 | [01;35m[K/[m[K/ #define CUSTOM_BME280_DEFINE(inst)                              \
2026-09-23T16:12:39.103Z       | [01;35m[K^[m[K
2026-09-23T16:12:39.103Z [01m[KC:/ADWITECH/nRF9160_Examples/mqtt_working/src/drivers/bme280.c:100:13:[m[K [01;35m[Kwarning: [m[K'[01m[Kbme280_compensate_press_old[m[K' defined but not used [[01;35m[K-Wunused-function[m[K]
2026-09-23T16:12:39.103Z   100 | static void [01;35m[Kbme280_compensate_press_old[m[K(struct custom_bme280_data *data, int32_t adc_press)
2026-09-23T16:12:39.103Z       |             [01;35m[K^~~~~~~~~~~~~~~~~~~~~~~~~~~[m[K
2026-09-23T16:12:39.109Z [131/365] Linking C static library zephyr\arch\common\libarch__common.a
2026-09-23T16:12:39.135Z [132/365] Building C object zephyr/CMakeFiles/zephyr.dir/lib/heap/heap.c.obj
2026-09-23T16:12:39.143Z [133/365] Building C object zephyr/CMakeFiles/zephyr.dir/lib/os/cbprintf_packaged.c.obj
2026-09-23T16:12:39.194Z [134/365] Building C object CMakeFiles/app.dir/src/mqtt_connection.c.obj
2026-09-23T16:12:39.306Z [135/365] Building C object zephyr/CMakeFiles/zephyr.dir/lib/os/sem.c.obj
2026-09-23T16:12:39.342Z [136/365] Building C object zephyr/drivers/timer/CMakeFiles/drivers__timer.dir/sys_clock_init.c.obj
2026-09-23T16:12:39.362Z [137/365] Building C object modules/nrf/lib/nrf_modem_lib/CMakeFiles/..__nrf__lib__nrf_modem_lib.dir/cfun_hooks.c.obj
2026-09-23T16:12:39.471Z [138/365] Building C object zephyr/CMakeFiles/zephyr.dir/lib/os/cbprintf_complete.c.obj
2026-09-23T16:12:39.678Z [139/365] Building C object zephyr/drivers/timer/CMakeFiles/drivers__timer.dir/nrf_rtc_timer.c.obj
2026-09-23T16:12:39.681Z [140/365] Building C object modules/nrf/lib/at_parser/CMakeFiles/..__nrf__lib__at_parser.dir/generated/at_match.c.obj
2026-09-23T16:12:39.681Z [141/365] Building C object modules/nrf/lib/nrf_modem_lib/CMakeFiles/..__nrf__lib__nrf_modem_lib.dir/fault.c.obj
2026-09-23T16:12:39.724Z [142/365] Building C object modules/nrf/lib/at_parser/CMakeFiles/..__nrf__lib__at_parser.dir/at_parser.c.obj
2026-09-23T16:12:39.790Z [143/365] Building C object modules/nrf/lib/nrf_modem_lib/CMakeFiles/..__nrf__lib__nrf_modem_lib.dir/nrf_modem_os.c.obj
2026-09-23T16:12:39.797Z [144/365] Building C object modules/nrf/lib/nrf_modem_lib/CMakeFiles/..__nrf__lib__nrf_modem_lib.dir/sanity.c.obj
2026-09-23T16:12:39.851Z [145/365] Building C object modules/nrf/lib/at_monitor/CMakeFiles/..__nrf__lib__at_monitor.dir/at_monitor.c.obj
2026-09-23T16:12:39.976Z [146/365] Building C object modules/nrf/lib/lte_link_control/CMakeFiles/..__nrf__lib__lte_link_control.dir/common/event_handler_list.c.obj
2026-09-23T16:12:40.014Z [147/365] Building C object modules/nrf/lib/nrf_modem_lib/CMakeFiles/..__nrf__lib__nrf_modem_lib.dir/nrf_modem_lib.c.obj
2026-09-23T16:12:40.051Z [148/365] Linking C static library zephyr\drivers\timer\libdrivers__timer.a
2026-09-23T16:12:40.070Z [149/365] Building C object modules/nrf/lib/lte_link_control/CMakeFiles/..__nrf__lib__lte_link_control.dir/lte_lc_modem_hooks.c.obj
2026-09-23T16:12:40.273Z [150/365] Linking C static library modules\nrf\lib\at_parser\lib..__nrf__lib__at_parser.a
2026-09-23T16:12:40.273Z [151/365] Linking C static library modules\nrf\lib\at_monitor\lib..__nrf__lib__at_monitor.a
2026-09-23T16:12:40.273Z [152/365] Building C object modules/nrf/lib/nrf_modem_lib/CMakeFiles/..__nrf__lib__nrf_modem_lib.dir/nrf9x_sockets.c.obj
2026-09-23T16:12:40.273Z [153/365] Building C object modules/nrf/lib/lte_link_control/CMakeFiles/..__nrf__lib__lte_link_control.dir/lte_lc.c.obj
2026-09-23T16:12:40.273Z [154/365] Building C object modules/nrf/lib/lte_link_control/CMakeFiles/..__nrf__lib__lte_link_control.dir/common/work_q.c.obj
2026-09-23T16:12:40.273Z [155/365] Building C object modules/nrf/lib/lte_link_control/CMakeFiles/..__nrf__lib__lte_link_control.dir/modules/cscon.c.obj
2026-09-23T16:12:40.278Z [156/365] Building C object modules/nrf/lib/dk_buttons_and_leds/CMakeFiles/..__nrf__lib__dk_buttons_and_leds.dir/dk_buttons_and_leds.c.obj
2026-09-23T16:12:40.367Z [157/365] Building C object modules/nrf/lib/lte_link_control/CMakeFiles/..__nrf__lib__lte_link_control.dir/modules/xfactoryreset.c.obj
2026-09-23T16:12:40.507Z [158/365] Building C object modules/nrf/lib/lte_link_control/CMakeFiles/..__nrf__lib__lte_link_control.dir/modules/cfun.c.obj
2026-09-23T16:12:40.543Z [159/365] Building C object modules/nrf/lib/lte_link_control/CMakeFiles/..__nrf__lib__lte_link_control.dir/common/helpers.c.obj
2026-09-23T16:12:40.602Z [160/365] Linking C static library zephyr\libzephyr.a
2026-09-23T16:12:40.838Z [161/365] Building C object modules/nrf/lib/lte_link_control/CMakeFiles/..__nrf__lib__lte_link_control.dir/modules/cereg.c.obj
2026-09-23T16:12:40.838Z [162/365] Linking C static library modules\nrf\lib\nrf_modem_lib\lib..__nrf__lib__nrf_modem_lib.a
2026-09-23T16:12:40.839Z [163/365] Building C object modules/nrf/lib/lte_link_control/CMakeFiles/..__nrf__lib__lte_link_control.dir/modules/redmob.c.obj
2026-09-23T16:12:40.839Z [164/365] Building C object modules/nrf/lib/lte_link_control/CMakeFiles/..__nrf__lib__lte_link_control.dir/modules/mdmev.c.obj
2026-09-23T16:12:40.839Z [165/365] Linking C static library modules\nrf\lib\dk_buttons_and_leds\lib..__nrf__lib__dk_buttons_and_leds.a
2026-09-23T16:12:40.938Z [166/365] Building C object modules/nrf/lib/lte_link_control/CMakeFiles/..__nrf__lib__lte_link_control.dir/modules/xsystemmode.c.obj
2026-09-23T16:12:40.938Z [167/365] Building ASM object zephyr/arch/arch/arm/core/cortex_m/CMakeFiles/arch__arm__core__cortex_m.dir/fault_s.S.obj
2026-09-23T16:12:41.128Z [168/365] Building C object modules/nrf/lib/modem_info/CMakeFiles/..__nrf__lib__modem_info.dir/modem_info_params.c.obj
2026-09-23T16:12:41.128Z [169/365] Building C object modules/nrf/lib/date_time/CMakeFiles/..__nrf__lib__date_time.dir/date_time_ntp.c.obj
2026-09-23T16:12:41.128Z [170/365] Building C object modules/nrf/subsys/nrf_security/src/zephyr/CMakeFiles/mbedtls_zephyr.dir/C_/ncs/v2.9.0/modules/crypto/mbedtls/library/platform.c.obj
2026-09-23T16:12:41.128Z [171/365] Building C object modules/nrf/lib/modem_antenna/CMakeFiles/..__nrf__lib__modem_antenna.dir/modem_antenna.c.obj
2026-09-23T16:12:41.260Z [172/365] Building ASM object zephyr/arch/arch/arm/core/cortex_m/CMakeFiles/arch__arm__core__cortex_m.dir/reset.S.obj
2026-09-23T16:12:41.307Z [173/365] Building C object zephyr/arch/arch/arm/core/cortex_m/CMakeFiles/arch__arm__core__cortex_m.dir/scb.c.obj
2026-09-23T16:12:41.352Z [174/365] Building C object modules/nrf/lib/date_time/CMakeFiles/..__nrf__lib__date_time.dir/date_time_modem.c.obj
2026-09-23T16:12:41.376Z [175/365] Building ASM object zephyr/arch/arch/arm/core/cortex_m/CMakeFiles/arch__arm__core__cortex_m.dir/swap_helper.S.obj
2026-09-23T16:12:41.403Z [176/365] Building C object zephyr/arch/arch/arm/core/cortex_m/CMakeFiles/arch__arm__core__cortex_m.dir/fpu.c.obj
2026-09-23T16:12:41.413Z [177/365] Building C object modules/nrf/lib/date_time/CMakeFiles/..__nrf__lib__date_time.dir/date_time.c.obj
2026-09-23T16:12:41.543Z [178/365] Building C object modules/nrf/lib/date_time/CMakeFiles/..__nrf__lib__date_time.dir/date_time_core.c.obj
2026-09-23T16:12:41.543Z [179/365] Linking C static library modules\nrf\lib\modem_antenna\lib..__nrf__lib__modem_antenna.a
2026-09-23T16:12:41.543Z [180/365] Building C object modules/nrf/modules/trusted-firmware-m/CMakeFiles/tfm_api_nrf.dir/tfm_boards/src/tfm_ioctl_ns_api.c.obj
2026-09-23T16:12:41.565Z [181/365] Building C object zephyr/arch/arch/arm/core/cortex_m/CMakeFiles/arch__arm__core__cortex_m.dir/irq_manage.c.obj
2026-09-23T16:12:41.567Z [182/365] Linking C static library modules\nrf\subsys\nrf_security\src\zephyr\libmbedtls_zephyr.a
2026-09-23T16:12:41.596Z [183/365] Building ASM object zephyr/arch/arch/arm/core/cortex_m/CMakeFiles/arch__arm__core__cortex_m.dir/vector_table.S.obj
2026-09-23T16:12:41.603Z [184/365] Building C object modules/nrf/lib/modem_info/CMakeFiles/..__nrf__lib__modem_info.dir/modem_info.c.obj
2026-09-23T16:12:41.646Z [185/365] Linking C static library modules\nrf\lib\lte_link_control\lib..__nrf__lib__lte_link_control.a
2026-09-23T16:12:41.730Z [186/365] Building C object zephyr/arch/arch/arm/core/cortex_m/CMakeFiles/arch__arm__core__cortex_m.dir/thread_abort.c.obj
2026-09-23T16:12:41.862Z [187/365] Building C object zephyr/arch/arch/arm/core/cortex_m/CMakeFiles/arch__arm__core__cortex_m.dir/irq_init.c.obj
2026-09-23T16:12:41.882Z [188/365] Building C object zephyr/arch/arch/arm/core/cortex_m/CMakeFiles/arch__arm__core__cortex_m.dir/swap.c.obj
2026-09-23T16:12:41.925Z [189/365] Linking C static library modules\nrf\modules\trusted-firmware-m\libtfm_api_nrf.a
2026-09-23T16:12:41.980Z [190/365] Building C object zephyr/arch/arch/arm/core/cortex_m/CMakeFiles/arch__arm__core__cortex_m.dir/cpu_idle.c.obj
2026-09-23T16:12:42.011Z [191/365] Building C object zephyr/arch/arch/arm/core/cortex_m/CMakeFiles/arch__arm__core__cortex_m.dir/thread.c.obj
2026-09-23T16:12:42.018Z [192/365] Building C object zephyr/arch/arch/arm/core/cortex_m/CMakeFiles/arch__arm__core__cortex_m.dir/prep_c.c.obj
2026-09-23T16:12:42.023Z [193/365] Linking C static library modules\nrf\lib\date_time\lib..__nrf__lib__date_time.a
2026-09-23T16:12:42.150Z [194/365] Linking C static library modules\nrf\lib\modem_info\lib..__nrf__lib__modem_info.a
2026-09-23T16:12:42.150Z [195/365] Building C object zephyr/arch/arch/arm/core/mpu/CMakeFiles/arch__arm__core__mpu.dir/arm_core_mpu.c.obj
2026-09-23T16:12:42.150Z [196/365] Building C object zephyr/arch/arch/arm/core/cortex_m/cmse/CMakeFiles/arch__arm__core__cortex_m__cmse.dir/arm_core_cmse.c.obj
2026-09-23T16:12:42.174Z [197/365] Building C object modules/nrf/modules/trusted-firmware-m/CMakeFiles/..__nrf__modules__trusted-firmware-m.dir/fault.c.obj
2026-09-23T16:12:42.183Z [198/365] Building C object zephyr/arch/arch/arm/core/cortex_m/CMakeFiles/arch__arm__core__cortex_m.dir/isr_wrapper.c.obj
2026-09-23T16:12:42.199Z [199/365] Building C object zephyr/arch/arch/arm/core/mpu/CMakeFiles/arch__arm__core__mpu.dir/arm_mpu_regions.c.obj
2026-09-23T16:12:42.211Z [200/365] Building C object zephyr/arch/arch/arm/core/cortex_m/CMakeFiles/arch__arm__core__cortex_m.dir/fault.c.obj
2026-09-23T16:12:42.372Z [201/365] Building C object zephyr/lib/libc/common/CMakeFiles/lib__libc__common.dir/source/stdio/remove.c.obj
2026-09-23T16:12:42.475Z [202/365] Building C object zephyr/lib/libc/common/CMakeFiles/lib__libc__common.dir/source/stdlib/abort.c.obj
2026-09-23T16:12:42.534Z [203/365] Building C object zephyr/lib/libc/common/CMakeFiles/lib__libc__common.dir/source/time/asctime.c.obj
2026-09-23T16:12:42.537Z [204/365] Building C object zephyr/lib/libc/newlib/CMakeFiles/lib__libc__newlib.dir/libc-hooks.c.obj
2026-09-23T16:12:42.577Z [205/365] Building C object zephyr/lib/libc/common/CMakeFiles/lib__libc__common.dir/source/time/gmtime_r.c.obj
2026-09-23T16:12:42.584Z [206/365] Building C object zephyr/lib/libc/common/CMakeFiles/lib__libc__common.dir/source/time/localtime_r_utc.c.obj
2026-09-23T16:12:42.589Z [207/365] Building C object zephyr/arch/arch/arm/core/mpu/CMakeFiles/arch__arm__core__mpu.dir/arm_mpu.c.obj
2026-09-23T16:12:42.597Z [208/365] Generating ../../../include/generated/posix/strsignal_table.h
2026-09-23T16:12:42.768Z [209/365] Building C object zephyr/soc/soc/nrf9161/CMakeFiles/soc__nordic.dir/validate_binding_headers.c.obj
2026-09-23T16:12:42.768Z [210/365] Linking C static library modules\nrf\modules\trusted-firmware-m\lib..__nrf__modules__trusted-firmware-m.a
2026-09-23T16:12:42.768Z [211/365] Building C object zephyr/lib/libc/common/CMakeFiles/lib__libc__common.dir/source/time/ctime.c.obj
2026-09-23T16:12:42.768Z [212/365] Linking C static library zephyr\arch\arch\arm\core\cortex_m\cmse\libarch__arm__core__cortex_m__cmse.a
2026-09-23T16:12:42.771Z [213/365] Linking C static library zephyr\arch\arch\arm\core\cortex_m\libarch__arm__core__cortex_m.a
2026-09-23T16:12:42.846Z [214/365] Building C object zephyr/CMakeFiles/zephyr_pre0.dir/misc/empty_file.c.obj
2026-09-23T16:12:42.868Z [215/365] Building C object zephyr/soc/soc/nrf9161/CMakeFiles/soc__nordic.dir/validate_base_addresses.c.obj
2026-09-23T16:12:42.960Z [216/365] Building C object zephyr/lib/os/zvfs/CMakeFiles/lib__os__zvfs.dir/zvfs_eventfd.c.obj
2026-09-23T16:12:43.154Z [217/365] Building C object zephyr/soc/soc/nrf9161/CMakeFiles/soc__nordic.dir/nrf91/soc.c.obj
2026-09-23T16:12:43.176Z [218/365] Building C object zephyr/soc/soc/nrf9161/CMakeFiles/soc__nordic.dir/validate_enabled_instances.c.obj
2026-09-23T16:12:43.183Z [219/365] Building C object zephyr/lib/posix/options/CMakeFiles/lib__posix__options.dir/perror.c.obj
2026-09-23T16:12:43.198Z [220/365] Building C object zephyr/lib/net_buf/CMakeFiles/lib__net_buf.dir/buf.c.obj
2026-09-23T16:12:43.209Z [221/365] Building C object zephyr/subsys/fs/CMakeFiles/subsys__fs.dir/fs_impl.c.obj
2026-09-23T16:12:43.220Z [222/365] Linking C static library zephyr\arch\arch\arm\core\mpu\libarch__arm__core__mpu.a
2026-09-23T16:12:43.390Z [223/365] Linking C static library zephyr\lib\libc\newlib\liblib__libc__newlib.a
2026-09-23T16:12:43.390Z [224/365] Building C object zephyr/lib/posix/options/CMakeFiles/lib__posix__options.dir/eventfd.c.obj
2026-09-23T16:12:43.390Z [225/365] Building C object zephyr/lib/posix/options/CMakeFiles/lib__posix__options.dir/aio.c.obj
2026-09-23T16:12:43.390Z [226/365] Linking C static library zephyr\lib\libc\common\liblib__libc__common.a
2026-09-23T16:12:43.435Z [227/365] Building C object zephyr/lib/net_buf/CMakeFiles/lib__net_buf.dir/buf_simple.c.obj
2026-09-23T16:12:43.441Z [228/365] Building C object zephyr/drivers/serial/CMakeFiles/drivers__serial.dir/uart_nrfx_uarte.c.obj
2026-09-23T16:12:43.473Z [229/365] Linking C static library zephyr\lib\os\zvfs\liblib__os__zvfs.a
2026-09-23T16:12:43.541Z [230/365] Building C object zephyr/soc/soc/nrf9161/CMakeFiles/soc__nordic.dir/common/soc_secure.c.obj
2026-09-23T16:12:43.632Z [231/365] Building C object zephyr/lib/posix/options/CMakeFiles/lib__posix__options.dir/barrier.c.obj
2026-09-23T16:12:43.714Z [232/365] Building C object CMakeFiles/app.dir/src/main.c.obj
2026-09-23T16:12:43.826Z [233/365] Building C object zephyr/lib/posix/options/CMakeFiles/lib__posix__options.dir/fs.c.obj
2026-09-23T16:12:43.993Z [234/365] Building C object zephyr/lib/posix/options/CMakeFiles/lib__posix__options.dir/device_io.c.obj
2026-09-23T16:12:43.993Z [235/365] Building C object zephyr/lib/posix/options/CMakeFiles/lib__posix__options.dir/fd_mgmt.c.obj
2026-09-23T16:12:43.993Z [236/365] Linking C static library zephyr\drivers\serial\libdrivers__serial.a
2026-09-23T16:12:43.993Z [237/365] Building C object zephyr/lib/posix/options/CMakeFiles/lib__posix__options.dir/signal.c.obj
2026-09-23T16:12:43.993Z [238/365] Building C object zephyr/lib/posix/options/CMakeFiles/lib__posix__options.dir/confstr.c.obj
2026-09-23T16:12:44.028Z [239/365] Building C object zephyr/lib/posix/options/CMakeFiles/lib__posix__options.dir/multi_process.c.obj
2026-09-23T16:12:44.034Z [240/365] Building C object zephyr/lib/posix/options/CMakeFiles/lib__posix__options.dir/fsync.c.obj
2026-09-23T16:12:44.055Z [241/365] Building C object zephyr/lib/posix/options/CMakeFiles/lib__posix__options.dir/sleep.c.obj
2026-09-23T16:12:44.076Z [242/365] Building C object zephyr/lib/posix/options/CMakeFiles/lib__posix__options.dir/uname.c.obj
2026-09-23T16:12:44.086Z [243/365] Building C object zephyr/lib/posix/options/CMakeFiles/lib__posix__options.dir/sysconf.c.obj
2026-09-23T16:12:44.192Z [244/365] Building C object zephyr/lib/posix/options/CMakeFiles/lib__posix__options.dir/mqueue.c.obj
2026-09-23T16:12:44.217Z [245/365] Building C object zephyr/lib/posix/options/CMakeFiles/lib__posix__options.dir/timespec_to_timeout.c.obj
2026-09-23T16:12:44.290Z [246/365] Linking C static library app\libapp.a
2026-09-23T16:12:44.295Z [247/365] Building C object zephyr/lib/posix/options/CMakeFiles/lib__posix__options.dir/net.c.obj
2026-09-23T16:12:44.314Z [248/365] Building C object zephyr/lib/posix/options/CMakeFiles/lib__posix__options.dir/spinlock.c.obj
2026-09-23T16:12:44.392Z [249/365] Building C object zephyr/lib/posix/options/CMakeFiles/lib__posix__options.dir/clock.c.obj
2026-09-23T16:12:44.444Z [250/365] Building C object zephyr/lib/posix/options/CMakeFiles/lib__posix__options.dir/env.c.obj
2026-09-23T16:12:44.465Z [251/365] Linking C static library zephyr\lib\net_buf\liblib__net_buf.a
2026-09-23T16:12:44.617Z [252/365] Building C object zephyr/lib/posix/options/CMakeFiles/lib__posix__options.dir/grp.c.obj
2026-09-23T16:12:44.618Z [253/365] Linking C static library zephyr\soc\soc\nrf9161\libsoc__nordic.a
2026-09-23T16:12:44.695Z [254/365] Building C object zephyr/lib/posix/options/CMakeFiles/lib__posix__options.dir/pwd.c.obj
2026-09-23T16:12:44.749Z [255/365] Building C object zephyr/lib/posix/options/CMakeFiles/lib__posix__options.dir/semaphore.c.obj
2026-09-23T16:12:44.781Z [256/365] Building C object zephyr/subsys/random/CMakeFiles/subsys__random.dir/random_entropy_device.c.obj
2026-09-23T16:12:44.792Z [257/365] Building C object zephyr/drivers/pinctrl/CMakeFiles/drivers__pinctrl.dir/common.c.obj
2026-09-23T16:12:45.022Z [258/365] Building C object zephyr/subsys/net/CMakeFiles/subsys__net.dir/hostname.c.obj
2026-09-23T16:12:45.060Z [259/365] Building C object zephyr/lib/posix/options/CMakeFiles/lib__posix__options.dir/timer.c.obj
2026-09-23T16:12:45.067Z [260/365] Building C object zephyr/lib/posix/options/CMakeFiles/lib__posix__options.dir/rwlock.c.obj
2026-09-23T16:12:45.101Z [261/365] Building C object zephyr/lib/posix/options/CMakeFiles/lib__posix__options.dir/key.c.obj
2026-09-23T16:12:45.200Z [262/365] Building C object zephyr/lib/posix/options/CMakeFiles/lib__posix__options.dir/cond.c.obj
2026-09-23T16:12:45.200Z [263/365] Building C object zephyr/subsys/net/CMakeFiles/subsys__net.dir/lib/sockets/getaddrinfo.c.obj
2026-09-23T16:12:45.288Z [264/365] Building C object zephyr/lib/posix/options/CMakeFiles/lib__posix__options.dir/mutex.c.obj
2026-09-23T16:12:45.324Z [265/365] Building C object zephyr/subsys/net/CMakeFiles/subsys__net.dir/lib/sockets/socket_offload.c.obj
2026-09-23T16:12:45.375Z [266/365] Building C object zephyr/subsys/net/l2/offloaded_netdev/CMakeFiles/subsys__net__l2__offloaded_netdev.dir/offloaded_netdev.c.obj
2026-09-23T16:12:45.386Z [267/365] Linking C static library zephyr\subsys\random\libsubsys__random.a
2026-09-23T16:12:45.410Z [268/365] Building C object zephyr/subsys/net/CMakeFiles/subsys__net.dir/lib/sockets/sockets_select.c.obj
2026-09-23T16:12:45.450Z [269/365] Building C object zephyr/subsys/net/ip/CMakeFiles/subsys__net__ip.dir/net_timeout.c.obj
2026-09-23T16:12:45.624Z [270/365] Building C object zephyr/drivers/pinctrl/CMakeFiles/drivers__pinctrl.dir/pinctrl_nrf.c.obj
2026-09-23T16:12:46.024Z [271/365] Building C object zephyr/subsys/net/CMakeFiles/subsys__net.dir/lib/sockets/socketpair.c.obj
2026-09-23T16:12:46.024Z [272/365] Building C object zephyr/subsys/net/ip/CMakeFiles/subsys__net__ip.dir/net_core.c.obj
2026-09-23T16:12:46.024Z [273/365] Linking C static library zephyr\subsys\net\l2\offloaded_netdev\libsubsys__net__l2__offloaded_netdev.a
2026-09-23T16:12:46.024Z [274/365] Building C object zephyr/subsys/net/CMakeFiles/subsys__net.dir/lib/sockets/sockets.c.obj
2026-09-23T16:12:46.025Z [275/365] Building C object zephyr/drivers/adc/CMakeFiles/drivers__adc.dir/adc_common.c.obj
2026-09-23T16:12:46.025Z [276/365] Building C object zephyr/subsys/net/lib/mqtt/CMakeFiles/subsys__net__lib__mqtt.dir/mqtt_transport.c.obj
2026-09-23T16:12:46.025Z [277/365] Building C object zephyr/subsys/net/lib/mqtt/CMakeFiles/subsys__net__lib__mqtt.dir/mqtt_transport_socket_tcp.c.obj
2026-09-23T16:12:46.097Z [278/365] Linking C static library zephyr\drivers\pinctrl\libdrivers__pinctrl.a
2026-09-23T16:12:46.229Z [279/365] Building C object zephyr/subsys/net/lib/mqtt/CMakeFiles/subsys__net__lib__mqtt.dir/mqtt_decoder.c.obj
2026-09-23T16:12:46.232Z [280/365] Linking C static library zephyr\subsys\net\libsubsys__net.a
2026-09-23T16:12:46.245Z [281/365] Building C object modules/trusted-firmware-m/CMakeFiles/tfm_api.dir/src/zephyr_tfm_log.c.obj
2026-09-23T16:12:46.271Z [282/365] Building C object zephyr/subsys/net/ip/CMakeFiles/subsys__net__ip.dir/utils.c.obj
2026-09-23T16:12:46.283Z [283/365] Building C object zephyr/drivers/entropy/CMakeFiles/drivers__entropy.dir/entropy_psa_crypto.c.obj
2026-09-23T16:12:46.379Z [284/365] Building C object zephyr/drivers/clock_control/CMakeFiles/drivers__clock_control.dir/clock_control_nrf.c.obj
2026-09-23T16:12:46.397Z [285/365] Building C object zephyr/subsys/net/lib/mqtt/CMakeFiles/subsys__net__lib__mqtt.dir/mqtt_rx.c.obj
2026-09-23T16:12:46.403Z [286/365] Building C object zephyr/subsys/fs/CMakeFiles/subsys__fs.dir/fs.c.obj
2026-09-23T16:12:46.426Z [287/365] Building C object zephyr/drivers/console/CMakeFiles/drivers__console.dir/uart_console.c.obj
2026-09-23T16:12:46.444Z [288/365] Building C object zephyr/subsys/net/lib/mqtt/CMakeFiles/subsys__net__lib__mqtt.dir/mqtt_encoder.c.obj
2026-09-23T16:12:46.486Z [289/365] Building C object zephyr/drivers/flash/CMakeFiles/drivers__flash.dir/flash_page_layout.c.obj
2026-09-23T16:12:46.492Z [290/365] Building C object zephyr/drivers/adc/CMakeFiles/drivers__adc.dir/adc_nrfx_saadc.c.obj
2026-09-23T16:12:46.640Z [291/365] Building C object modules/trusted-firmware-m/CMakeFiles/tfm_api.dir/__/__/tfm/api_ns/interface/src/tfm_tz_psa_ns_api.c.obj
2026-09-23T16:12:46.640Z [292/365] Building C object modules/trusted-firmware-m/CMakeFiles/tfm_api.dir/__/__/tfm/api_ns/interface/src/tfm_ioctl_core_ns_api.c.obj
2026-09-23T16:12:46.640Z [293/365] Building C object modules/trusted-firmware-m/CMakeFiles/tfm_api.dir/__/__/tfm/api_ns/interface/src/tfm_platform_api.c.obj
2026-09-23T16:12:46.640Z [294/365] Building C object modules/hal_nordic/nrfx/CMakeFiles/modules__hal_nordic__nrfx.dir/C_/ncs/v2.9.0/modules/hal/nordic/nrfx/mdk/system_nrf91.c.obj
2026-09-23T16:12:46.774Z [295/365] Building C object zephyr/lib/posix/options/CMakeFiles/lib__posix__options.dir/pthread.c.obj
2026-09-23T16:12:46.837Z [296/365] Linking C static library zephyr\subsys\fs\libsubsys__fs.a
2026-09-23T16:12:46.840Z [297/365] Linking C static library zephyr\drivers\console\libdrivers__console.a
2026-09-23T16:12:46.845Z [298/365] Linking C static library zephyr\drivers\clock_control\libdrivers__clock_control.a
2026-09-23T16:12:46.851Z [299/365] Linking C static library zephyr\drivers\adc\libdrivers__adc.a
2026-09-23T16:12:46.860Z [300/365] Building C object modules/trusted-firmware-m/CMakeFiles/tfm_api.dir/interface/interface.c.obj
2026-09-23T16:12:47.017Z [301/365] Building C object modules/hal_nordic/nrfx/CMakeFiles/modules__hal_nordic__nrfx.dir/C_/ncs/v2.9.0/modules/hal/nordic/nrfx/helpers/nrfx_flag32_allocator.c.obj
2026-09-23T16:12:47.025Z [302/365] Building C object modules/hal_nordic/nrfx/CMakeFiles/modules__hal_nordic__nrfx.dir/nrfx_glue.c.obj
2026-09-23T16:12:47.269Z [303/365] Building C object zephyr/subsys/net/lib/mqtt/CMakeFiles/subsys__net__lib__mqtt.dir/mqtt.c.obj
2026-09-23T16:12:47.277Z [304/365] Building C object zephyr/drivers/gpio/CMakeFiles/drivers__gpio.dir/gpio_nrfx.c.obj
2026-09-23T16:12:47.286Z [305/365] Building C object modules/hal_nordic/nrfx/CMakeFiles/modules__hal_nordic__nrfx.dir/C_/ncs/v2.9.0/modules/hal/nordic/nrfx/drivers/src/nrfx_nvmc.c.obj
2026-09-23T16:12:47.313Z [306/365] Building C object modules/hal_nordic/nrfx/CMakeFiles/modules__hal_nordic__nrfx.dir/C_/ncs/v2.9.0/modules/hal/nordic/nrfx/drivers/src/nrfx_clock.c.obj
2026-09-23T16:12:47.359Z [307/365] Building C object modules/hal_nordic/nrfx/CMakeFiles/modules__hal_nordic__nrfx.dir/C_/ncs/v2.9.0/modules/hal/nordic/nrfx/drivers/src/nrfx_ipc.c.obj
2026-09-23T16:12:47.365Z [308/365] Building C object modules/trusted-firmware-m/CMakeFiles/tfm_api.dir/__/__/tfm/api_ns/interface/src/tfm_crypto_api.c.obj
2026-09-23T16:12:47.398Z [309/365] Building C object zephyr/drivers/flash/CMakeFiles/drivers__flash.dir/soc_flash_nrf.c.obj
2026-09-23T16:12:47.462Z [310/365] Building C object zephyr/kernel/CMakeFiles/kernel.dir/main_weak.c.obj
2026-09-23T16:12:47.593Z [311/365] Linking C static library zephyr\lib\posix\options\liblib__posix__options.a
2026-09-23T16:12:47.611Z [312/365] Building C object zephyr/kernel/CMakeFiles/kernel.dir/banner.c.obj
2026-09-23T16:12:47.719Z [313/365] Linking C static library zephyr\drivers\gpio\libdrivers__gpio.a
2026-09-23T16:12:47.726Z [314/365] Linking C static library zephyr\subsys\net\lib\mqtt\libsubsys__net__lib__mqtt.a
2026-09-23T16:12:47.745Z [315/365] Building C object zephyr/kernel/CMakeFiles/kernel.dir/device.c.obj
2026-09-23T16:12:47.882Z [316/365] Linking C static library modules\trusted-firmware-m\libtfm_api.a
2026-09-23T16:12:47.883Z [317/365] Linking C static library zephyr\drivers\flash\libdrivers__flash.a
2026-09-23T16:12:47.883Z [318/365] Building C object zephyr/kernel/CMakeFiles/kernel.dir/fatal.c.obj
2026-09-23T16:12:47.913Z [319/365] Building C object zephyr/kernel/CMakeFiles/kernel.dir/busy_wait.c.obj
2026-09-23T16:12:47.952Z [320/365] Building C object zephyr/kernel/CMakeFiles/kernel.dir/init_static.c.obj
2026-09-23T16:12:47.955Z [321/365] Building C object zephyr/kernel/CMakeFiles/kernel.dir/version.c.obj
2026-09-23T16:12:47.992Z [322/365] Building C object zephyr/kernel/CMakeFiles/kernel.dir/errno.c.obj
2026-09-23T16:12:48.061Z [323/365] Building C object modules/hal_nordic/nrfx/CMakeFiles/modules__hal_nordic__nrfx.dir/C_/ncs/v2.9.0/modules/hal/nordic/nrfx/helpers/nrfx_gppi_dppi.c.obj
2026-09-23T16:12:48.098Z [324/365] Building C object zephyr/kernel/CMakeFiles/kernel.dir/float.c.obj
2026-09-23T16:12:48.102Z [325/365] Building C object modules/hal_nordic/nrfx/CMakeFiles/modules__hal_nordic__nrfx.dir/C_/ncs/v2.9.0/modules/hal/nordic/nrfx/drivers/src/nrfx_saadc.c.obj
2026-09-23T16:12:48.230Z [326/365] Building C object modules/hal_nordic/nrfx/CMakeFiles/modules__hal_nordic__nrfx.dir/C_/ncs/v2.9.0/modules/hal/nordic/nrfx/drivers/src/nrfx_dppi.c.obj
2026-09-23T16:12:48.236Z [327/365] Linking C static library zephyr\drivers\entropy\libdrivers__entropy.a
2026-09-23T16:12:48.260Z [328/365] Building C object zephyr/kernel/CMakeFiles/kernel.dir/mem_slab.c.obj
2026-09-23T16:12:48.289Z [329/365] Building C object zephyr/kernel/CMakeFiles/kernel.dir/kheap.c.obj
2026-09-23T16:12:48.318Z [330/365] Building C object modules/hal_nordic/nrfx/CMakeFiles/modules__hal_nordic__nrfx.dir/C_/ncs/v2.9.0/modules/hal/nordic/nrfx/drivers/src/nrfx_timer.c.obj
2026-09-23T16:12:48.520Z [331/365] Building C object zephyr/subsys/net/ip/CMakeFiles/subsys__net__ip.dir/net_if.c.obj
2026-09-23T16:12:48.522Z [332/365] Building C object zephyr/kernel/CMakeFiles/kernel.dir/idle.c.obj
2026-09-23T16:12:48.536Z [333/365] Building C object zephyr/kernel/CMakeFiles/kernel.dir/init.c.obj
2026-09-23T16:12:48.685Z [334/365] Building C object zephyr/kernel/CMakeFiles/kernel.dir/msg_q.c.obj
2026-09-23T16:12:48.722Z [335/365] Building C object zephyr/kernel/CMakeFiles/kernel.dir/system_work_q.c.obj
2026-09-23T16:12:48.729Z [336/365] Building C object zephyr/kernel/CMakeFiles/kernel.dir/queue.c.obj
2026-09-23T16:12:48.735Z [337/365] Building C object zephyr/kernel/CMakeFiles/kernel.dir/condvar.c.obj
2026-09-23T16:12:48.746Z [338/365] Building C object zephyr/kernel/CMakeFiles/kernel.dir/mailbox.c.obj
2026-09-23T16:12:48.752Z [339/365] Building C object zephyr/kernel/CMakeFiles/kernel.dir/mutex.c.obj
2026-09-23T16:12:48.799Z [340/365] Building C object zephyr/kernel/CMakeFiles/kernel.dir/sem.c.obj
2026-09-23T16:12:48.902Z [341/365] Building C object zephyr/kernel/CMakeFiles/kernel.dir/compiler_stack_protect.c.obj
2026-09-23T16:12:48.902Z [342/365] Building C object zephyr/kernel/CMakeFiles/kernel.dir/xip.c.obj
2026-09-23T16:12:48.927Z [343/365] Building C object zephyr/kernel/CMakeFiles/kernel.dir/stack.c.obj
2026-09-23T16:12:48.938Z [344/365] Linking C static library zephyr\subsys\net\ip\libsubsys__net__ip.a
2026-09-23T16:12:48.967Z [345/365] Building C object zephyr/kernel/CMakeFiles/kernel.dir/timeslicing.c.obj
2026-09-23T16:12:49.077Z [346/365] Building C object modules/hal_nordic/nrfx/CMakeFiles/modules__hal_nordic__nrfx.dir/C_/ncs/v2.9.0/modules/hal/nordic/nrfx/drivers/src/nrfx_spim.c.obj
2026-09-23T16:12:49.077Z [347/365] Building C object zephyr/kernel/CMakeFiles/kernel.dir/priority_queues.c.obj
2026-09-23T16:12:49.090Z [348/365] Building C object zephyr/kernel/CMakeFiles/kernel.dir/thread.c.obj
2026-09-23T16:12:49.127Z [349/365] Building C object zephyr/kernel/CMakeFiles/kernel.dir/work.c.obj
2026-09-23T16:12:49.203Z [350/365] Building C object zephyr/kernel/CMakeFiles/kernel.dir/dynamic_disabled.c.obj
2026-09-23T16:12:49.236Z [351/365] Building C object zephyr/kernel/CMakeFiles/kernel.dir/mempool.c.obj
2026-09-23T16:12:49.283Z [352/365] Building C object zephyr/kernel/CMakeFiles/kernel.dir/timer.c.obj
2026-09-23T16:12:49.329Z [353/365] Building C object zephyr/kernel/CMakeFiles/kernel.dir/timeout.c.obj
2026-09-23T16:12:49.375Z [354/365] Building C object zephyr/kernel/CMakeFiles/kernel.dir/pipes.c.obj
2026-09-23T16:12:49.449Z [355/365] Building C object zephyr/kernel/CMakeFiles/kernel.dir/poll.c.obj
2026-09-23T16:12:49.488Z [356/365] Building C object modules/hal_nordic/nrfx/CMakeFiles/modules__hal_nordic__nrfx.dir/C_/ncs/v2.9.0/modules/hal/nordic/nrfx/drivers/src/nrfx_gpiote.c.obj
2026-09-23T16:12:49.572Z [357/365] Building C object zephyr/kernel/CMakeFiles/kernel.dir/sched.c.obj
2026-09-23T16:12:49.632Z [358/365] Linking C static library modules\hal_nordic\nrfx\libmodules__hal_nordic__nrfx.a
2026-09-23T16:12:49.773Z [359/365] Linking C static library zephyr\kernel\libkernel.a
2026-09-23T16:12:50.102Z [360/365] Linking C executable zephyr\zephyr_pre0.elf
2026-09-23T16:12:50.251Z [361/365] Generating linker.cmd
2026-09-23T16:12:50.609Z [362/365] Generating isr_tables.c, isr_tables_vt.ld, isr_tables_swi.ld
2026-09-23T16:12:50.710Z [363/365] Building C object zephyr/CMakeFiles/zephyr_final.dir/misc/empty_file.c.obj
2026-09-23T16:12:50.787Z [364/365] Building C object zephyr/CMakeFiles/zephyr_final.dir/isr_tables.c.obj
2026-09-23T16:12:52.004Z [365/365] Linking C executable zephyr\zephyr.elf
2026-09-23T16:12:52.004Z Memory region         Used Size  Region Size  %age Used
2026-09-23T16:12:52.004Z            FLASH:      146260 B       960 KB     14.88%
2026-09-23T16:12:52.004Z              RAM:      137004 B     211608 B     64.74%
2026-09-23T16:12:52.004Z         IDT_LIST:          0 GB        32 KB      0.00%
2026-09-23T16:12:52.004Z Generating files from C:/ADWITECH/nRF9160_Examples/mqtt_working/build/mqtt_working/zephyr/zephyr.elf for board: nrf9161dk
2026-09-23T16:12:52.115Z [7/10] No install step for 'mqtt_working'
2026-09-23T16:12:52.217Z [8/10] Completed 'mqtt_working'
2026-09-23T16:12:52.271Z [9/10] cmd.exe /C "cd /D C:\ADWITECH\nRF9160_Examples\mqtt_working\build\_sysbuild && C:\ncs\toolchains\b620d30767\opt\bin\cmake.exe -E true"
2026-09-23T16:12:52.519Z [10/10] Generating ../merged.hex
