:020000040000FA
:10000000F80B0020190800000D0900004F6D0000DA
:10001000796D0000A36D0000F76D0000CD6D00004C
:10002000000000000000000000000000213000007F
:100030000D090000000000000D0900000D0900007E
:100040000000000000000000000000008B440000E1
:10005000000000000D09000000000000000000008A
:100060000D0900000D0900000D0900000D09000038
:10007000000000000D0900000D0900000D0900003E
:100080000D0900000D090000000000000000000044
:100090000D0900000D090000000000000000000034
:1000A0000D09000000000000000000000D09000024
:1000B0000D0900000D0900000D0900000D090000E8
:1000C0000D0900000D0900000D0900000D090000D8
:1000D0000D090000000000000D09000000000000F4
:1000E0000D090000000000000D09000000000000E4
:1000F0000D090000000000000000000000000000EA
:10010000000000000D0900000000000000000000D9
:1001100000000000000000000000000000000000DF
:10012000000000000D0900000000000000000000B9
:1001300000000000000000000000000000000000BF
:100140000D09000000015F5F02000000FE0B0000CF
:10015000F5300000800600000000000000000000F4
:100160000000000000000000000000000100FFC3CC
:10017000000000C4002200200000000001015F5FB9
:10018000030100001F010000210200000000000028
:10019000000000000100000001000000000000005D
:1001A000000000000000000000000000000000004F
:1001B0000000000070000000B4700000800000002B
:1001C000000F000001000000FD02000001015F5F60
:1001D000040100001F010000A10700000000000052
:1001E000000000000000000001000000000000000E
:1001F00000000000000000000000000000000000FF
:1002000000000000C0700000400000000507000072
:08021000010000006507000079
:1002200008B500F065F900B108BD00F08FF900F0E5
:100230009BF90028F8D1BDE8084004F011BE00BFCA
:10024000002310B582B01146CDE90033D0E9002378
:10025000402B4AD1138D84464FEA132EBEF1030F73
:100260003FD0BEF1010F10D0234C1068D4F8042405
:10027000AEF10203CDE90002082B39D8DFE803F024
:100280000E3113181D22272C090000F05BF902B073
:1002900010BD60466A4600F071F9F8E760466A46AC
:1002A00000F04CF9F3E760466A4600F033F9EEE7F8
:1002B00060466A4600F026F9E9E760466A4600F0C3
:1002C0002DF9E4E760466A4600F02CF9DFE7604666
:1002D0006A4600F02BF9DAE760466A4600F02AF930
:1002E000D5E7604600F012F9D1E76FF08000CEE765
:1002F0006FF08500CBE700BF201C00202DE9F04FF8
:100300000468A3B0002C40F0E3800546202221467B
:1003100002A806F0C5FD202221460AA806F0C0FD6D
:100320004022214612A806F0BBFDEA6905F11C0B2C
:100330005B46042662B9032153F8042D4E1E32B9E0
:1003400036B1314653F8042D4E1E002AF8D00E4621
:10035000EA6A042705F12C0362B9032153F8042D3E
:100360004F1E32B937B1394653F8042D4F1E002ABB
:10037000F8D00F46002E00F0A680402300216868C8
:1003800012AA06F000FE402840F09D8012AB012E1C
:10039000CDE9023000F09A804FF00108534C0DF186
:1003A000080905F1100A01975AF8043FD4F800042F
:1003B000D91C21F003011A1D04EB000701EB000C0E
:1003C000C0F5806E60D871455ED8414668683A468F
:1003D000C4F800C406F0D7FD08F101084645C9F885
:1003E0000C0049F8087FDFD1019F002F73D0D4F8AB
:1003F00000040DF12808DC460BEB870A4146024653
:100400004FF00009AB4601905CF8040FC2F5806E16
:10041000C31C10F1040F23F0030304EB020543D8BF
:10042000734541D8D445C1E900504FF001091A4441
:1004300001F10801E8D1DBF808303146C4F80024A6
:10044000C4F804340AAA3B4602A8FFF7F9FE5D4649
:10045000002681463146D8F80430686858F8082BE1
:10046000013606F0AFFDB742F4D10025D4F80024E0
:1004700029461E48C4F8045406F012FDC4F800547E
:10048000484623B0BDE8F08F002102461748C4F863
:10049000041406F005FD6FF08C0900234846C4F8EB
:1004A000003423B0BDE8F08F0198B9F1000F02D0FD
:1004B0001046C4F80024002102460C48C4F8041475
:1004C00006F0EEFCE7E76FF08309D9E7074C8CE70D
:1004D0006FF08509D4E7AB683146C4F804340AAA42
:1004E0003B4602A8FFF7ACFE8146BEE7201C002079
:1004F00008B528220021024806F0D2FC002008BDE1
:10050000282000206FF08500704700BF6FF0850045
:10051000704700BF6FF08500704700BF6FF0850027
:10052000704700BF6FF08500704700BF6FF0850017
:10053000704700BF6FF08500704700BF6FF0850007
:10054000704700BFD1E9000104F04CBC10B5044C69
:100550000F222046034906F05DFC204610BD00BF77
:1005600054200020B007000008B50121024804F023
:10057000ABFB002008BD00BF502000206FF08500BD
:10058000704700BF80B500AF01F084FD002318461E
:1005900080BD80B582B000AF7860FFF7F3FF0346FF
:1005A00018460837BD4680BD80B5AEB000AF786054
:1005B0000023C7F8B4300023C7F8B03007F1940324
:1005C00000221A605A6007F18C0300221A605A60F8
:1005D0000023FB6407F150033C220021184606F07B
:1005E0005FFC0023FB6007F110033C22002118464A
:1005F00006F056FC0023BB600123C7F8A43000239B
:10060000C7F8A0300423C7F8AC300423C7F8A830DB
:1006100004E0D7F8AC30013BC7F8AC30D7F8AC30C9
:10062000002B0ED0D7F8AC305A1E7B68043253F83A
:100630002230002BEDD004E0D7F8A830013BC7F8FA
:10064000A830D7F8A830002B08D0D7F8A8305A1E09
:100650007B68083253F82230002BEDD0D7F8AC304D
:10066000002B07D0D7F8AC30022B03D8D7F8A8302E
:10067000012B01D9012371E07B68586807F108025A
:100680000423002106F07FFC0346C7F8A030D7F80A
:10069000A030042B02D06FF080035FE0D7F8AC30BD
:1006A000012B2BD97B685B69C7F89C30D7F89C304D
:1006B000402B02D96FF0890350E07B6858687B6853
:1006C0005B6907F14C02012106F05DFC0346C7F8A7
:1006D000A030D7F8A030D7F89C209A4202D06FF013
:1006E00080033BE007F14C03C7F89430D7F89C3007
:1006F000C7F8983007F19403C7F8B430D7F8A8309A
:10070000002B12D07B681B6A402B02D96FF080034C
:1007100024E007F10C03C7F88C307B681B6AC7F82C
:10072000903007F18C03C7F8B030BB68D7F8B02021
:10073000D7F8B410184601F007FDC7F8A400D7F8A1
:10074000B030002B08D07B685868D7F88C20D7F8D9
:100750009030002106F036FCD7F8A4301846B837A0
:10076000BD4680BD80B582B000AF78607B681B68F5
:10077000B3F57D7F04D040F2F532934205D009E015
:100780007868FFF706FF034606E07868FFF70CFF7E
:10079000034601E06FF0850318460837BD4680BD6B
:1007A00080B400AF00231846BD4680BC70470000EF
:1007B0004D62656420544C5320332E362E31000098
:1007C000C8400000010000006948000041480000E6
:1007D000407C00008020002041000000407C0000A0
:1007E000201C002000000000407C0000001C0020B5
:1007F0000000000084210020AB050000201C002028
:1008000018010000001C00200800000080B500AFA7
:1008100003F01EF900BF80BD80B588B000AF72B68E
:1008200000BF314B314A9A60314B3B603B6883F3E8
:10083000098800BF2F4B7B607B6883F30A8800BF69
:100840002C4BBB60BB6883F30B8800BF2A4BFB605B
:10085000F96823A3D3E90023C1E9002300BF00F016
:10086000C5F9264BFB6119E00023BB610EE0FB6973
:100870001A68BB699B001A44FB695968BB699B00F5
:100880000B4412681A60BB690133BB61FB699B684A
:10089000BA699A42EBD3FB690C33FB61FB69184AD6
:1008A0009342E1D3174B7B6114E000233B6109E0E5
:1008B0007B691A683B699B00134400221A603B69FC
:1008C00001333B617B695B683A699A42F0D37B698B
:1008D00008337B617B690C4A9342E6D303F0D8FF6F
:1008E000A5EDF5FEA5EDF5FE00ED00E00000000031
:1008F000F80B002000040020F80B0020D0070000B7
:10090000F4070000F40700000C080000EFF3088073
:10091000EFF309812DE9F00F6B46724600F018FBEA
:1009200008B0FFF773FFFEE700BF000080B400AF20
:10093000BFF34F8F00BF064BDB6803F4E06204494E
:10094000044B1343CB60BFF34F8F00BF00BFFDE7E5
:1009500000ED00E00400FA0580B483B000AF104B56
:100960001B68C3F30B037B600E4B1B683B60BFF33C
:100970004F8F00BF7B68092B0CD13B68012B03D044
:100980003B68022B02D003E0012304E0012302E0D4
:10099000012300E0002318460C37BD4680BC704799
:1009A0003001FF003401FF0080B483B000AF104B72
:1009B0001B68C3F30B037B600E4B1B683B60BFF3EC
:1009C0004F8F00BF7B68092B0CD13B68012B03D0F4
:1009D0003B68022B02D003E0012304E0012302E084
:1009E000012300E0002318460C37BD4680BC704749
:1009F0003001FF003401FF0080B483B000AF104B22
:100A00001B68C3F30B037B600E4B1B683B60BFF39B
:100A10004F8F00BF7B68092B0CD13B68012B03D0A3
:100A20003B68022B02D003E0012304E0002302E034
:100A3000002300E0002318460C37BD4680BC7047F9
:100A40003001FF003401FF0080B483B000AF104BD1
:100A50001B68C3F30B037B600E4B1B683B60BFF34B
:100A60004F8F00BF7B68092B0CD13B68012B03D053
:100A70003B68022B02D003E0002304E0012302E0E4
:100A8000012300E0002318460C37BD4680BC7047A8
:100A90003001FF003401FF0080B483B000AF104B81
:100AA0001B68C3F30B037B600E4B1B683B60BFF3FB
:100AB0004F8F00BF7B68092B0CD13B68012B03D003
:100AC0003B68022B02D003E0012304E0002302E094
:100AD000002300E0002318460C37BD4680BC704759
:100AE0003001FF003401FF0080B483B000AF104B31
:100AF0001B68C3F30B037B600E4B1B683B60BFF3AB
:100B00004F8F00BF7B68092B0CD13B68012B03D0B2
:100B10003B68022B02D003E0012304E0012302E042
:100B2000012300E0002318460C37BD4680BC704707
:100B30003001FF003401FF0080B483B000AF144BDC
:100B40001B68C3F30B037B60124B1B683B60BFF356
:100B50004F8F00BF7B68092B14D13B68032B0DD04E
:100B60003B68032B0CD83B68012B03D03B68022B5E
:100B700002D005E0002306E0002304E0012302E0A8
:100B8000012300E0002318460C37BD4680BC7047A7
:100B90003001FF003401FF0080B500AFFFF7CCFF4C
:100BA000034683F00103DBB2002B16D10C4B1B680C
:100BB0000C4A934201D15A2300E000230A4AC2F8AA
:100BC000103E074BDB6A074A934201D15A2300E0EB
:100BD0000023054AC2F8003E00E000BF80BD00BF10
:100BE0000080FF00FA50FA500090035080B586B0A4
:100BF00000AF784B1B68774A43F002031360FFF79E
:100C0000ABFE0346002B09D04FF050230022C3F85F
:100C100014214FF050230022C3F81821FFF7ECFEF7
:100C20000346002B06D06C4B01221A606B4B01224D
:100C3000C3F87825FFF708FF0346002B03D0674B66
:100C40000122C3F87825FFF727FF0346002B02D0C7
:100C5000634B0E221A60FFF747FF0346002B05D0B7
:100C6000604B00221A60604B01221A6000237B61F6
:100C700011E04FF47F024FF47F017B69603351F83C
:100C8000333019467B696033DB0013445B680B60CB
:100C90007B6901337B617B69FF2B0ED87B69DB00AD
:100CA00003F57F0303F54073184600F081FE034609
:100CB00083F00103DBB2002BDBD1EFF310837B6009
:100CC0007B68012B0CBF01230023FB7400F0C6F8E6
:100CD0000346002B04D100F08FF80346002B6AD0A6
:100CE000BFF34F8F00BF00BF404BD3F80034012B40
:100CF000FAD13E4B0122C3F8042500BF3B4BD3F889
:100D00000034012BFAD1FB7C83F00103DBB2002B12
:100D100006D0FFF749FE0346002B01D072B600BF94
:100D200000F09CF80346002B12D0314BDB69FB60CE
:100D3000FB6823F00103BB602D4ABB68D361BFF39E
:100D40004F8F00BF00BF294BD3F80034012BFAD1DD
:100D500000F052F80346002B14D0254B1B6AFB60B1
:100D6000FB6823F0FF0343F02003BB60204ABB680D
:100D70001362BFF34F8F00BF00BF1C4BD3F800348A
:100D8000012BFAD1FB7C83F00103DBB2002B06D0F0
:100D9000FFF70AFE0346002B01D062B600BF134BDB
:100DA0000022C3F8042500BF104BD3F80034012BF8
:100DB000FAD1FFF7BBFD0F4BD3F88C300D4A43F44B
:100DC0004063C2F88C30FFF7E7FE00BF1837BD461E
:100DD00080BD00BFD0ED00E0384A00500040005018
:100DE000E4AE03500C4700501047005000900350F1
:100DF0000080FF0000ED00E080B582B000AFEFF3AF
:100E000010833B603B68012B0CBF01230023FB7167
:100E1000FB7983F00103DBB2002B06D0FFF7C4FDA2
:100E20000346002B01D072B600BF0B4800F0C0FD96
:100E30000346BB71FB7983F00103DBB2002B06D0C4
:100E4000FFF7B2FD0346002B01D062B600BFBB79AD
:100E500018460837BD4680BD2080FF0080B584B0AD
:100E600000AFEFF310833B603B68012B0CBF012305
:100E70000023FB73FB7B83F00103DBB2002B06D066
:100E8000FFF792FD0346002B01D072B600BF104B56
:100E9000DB69BB60BFF34F8F00BFBB6803F001038A
:100EA000002B14BF01230023FB71FB7B83F00103A4
:100EB000DBB2002B06D0FFF777FD0346002B01D0F5
:100EC00062B600BFFB7918461037BD4680BD00BF33
:100ED0000080FF0080B584B000AF78600023FB7312
:100EE0007B681B68033B042B15D801A252F823F042
:100EF0001D0F0000050F00000B0F0000110F000078
:100F00001D0F00000123FB7309E00123FB7306E0C2
:100F10000123FB7303E00123FB7300E000BFFB7BB5
:100F20007968184600F0DFFD00BF1037BD4680BD70
:100F300080B582B000AF78607C220449786805F003
:100F400069FF00BF0837BD4680BD00BF9C28002058
:100F500080B586B000AFF860B9607A603B60394B0D
:100F60007B61394B5B68C3F308027B691A60EFF35E
:100F700003833B613A697B695A657B697A685A6089
:100F80007B69FA689A607B69BA68DA607B6958683D
:100F90007B6999687B69DB681A4600F07CFD024634
:100FA0007B691A617B6903F114007B691B6920224C
:100FB000194605F02FFF3B68002B06D07B693433C0
:100FC00020223968184605F025FF1F4B9A6A7B6975
:100FD0009A651D4BDA6A7B69DA651B4B9A6B7B69F4
:100FE0001A667B699B6D03F400427B695A66164B57
:100FF0005A6B7B699A667B699B6D03F080027B6903
:10100000DA66114A7B699B6D93620F4A7B69DB6DDF
:10101000D3620E4B5A697B691A670C4B9A697B69DC
:101020005A677B691B6F03F040027B699A67074A26
:101030007B691B6F53617869FFF74CFF00BF18375E
:10104000BD4680BD9C28002000ED00E0D0ED00E012
:1010500080B400AF72B600BF044B1B680133034A73
:10106000136000BFBD4680BC704700BF602F0020EA
:1010700080B400AF094B1B68002B00D1FEE7074B83
:101080001B68013B054A1360044B1B68002B01D110
:1010900062B600BF00BFBD4680BC7047602F002015
:1010A00080B487B000AFF860B9607A60FB681B68F5
:1010B0007B617B69114A1A63BB68002B01D0042253
:1010C00000E000227B68002B01D0022300E0002317
:1010D0001A437B695A607B695B6843F001027B6954
:1010E0005A60BFF34F8F00BFBFF36F8F00BF002365
:1010F00018461C37BD4680BC704700BF04AAFF00DD
:1011000080B582B000AF00233B603B6843F0010331
:101110003B603B6843F002033B603B6843F00403E1
:101120003B6000237B600AE0094A7B6852F8233069
:101130003968184600F0DCFD7B6801337B607B6812
:10114000002BF1D000BF00BF0837BD4680BD00BFF7
:10115000B420002080B582B000AF00237B60002364
:101160003B6032E01D4A3B6852F823304FF48471F3
:10117000184600F0ADFD0346002B03D07B6843F01A
:1011800004037B60154A3B6852F823304FF48071AA
:10119000184600F09DFD0346002B03D07B6843F00A
:1011A00001037B600D4A3B6852F823304FF4827193
:1011B000184600F08DFD0346002B03D07B6843F0FA
:1011C00002037B603B6801333B603B68002BC9D066
:1011D0007B6818460837BD4680BD00BFB42000209C
:1011E00080B582B000AF00237B601DE0124A7B68AF
:1011F00052F823304FF48071184600F054FD0E4A27
:101200007B6852F823304FF48271184600F04BFD92
:10121000094A7B6852F823304FF48471184600F075
:1012200042FD7B6801337B607B68002BDED000BF12
:1012300000BF0837BD4680BDB420002080B584B013
:1012400002AF00237B6017E07B68DBB219461748CA
:1012500000F03EFE034683F00103DBB2002B08D012
:101260007B68D9B200230093072301220F4800F0C6
:1012700091FD7B6801337B607B681F2BE4D90023E1
:101280003B600BE03B68D9B20023009307230122A7
:10129000064800F0AEFD3B6801333B603B681F2B06
:1012A000F0D900BF00BF0837BD4680BD00300050F8
:1012B00080B58AB002AFF860B9603B601346FB713D
:1012C000FB68DB0BBB61BB68DB0B7B61BB69FB6154
:1012D0000CE0FB69D9B2FA7997F8283000933B68A3
:1012E000074800F057FDFB690133FB61FA697B6930
:1012F0009A42EED900BF00BF2037BD4680BD00BF77
:101300000030005080B58AB002AFF860B9603B6031
:101310001346FB71FB6803F160435B0BBB61BB6869
:1013200003F160435B0B7B61BB69FB610CE0FB6914
:10133000D9B2FA7997F8283000933B68074800F053
:1013400058FDFB690133FB61FA697B699A42EED96A
:1013500000BF00BF2037BD4680BD00BF0030005039
:1013600080B586B002AF786039603A687B68D31A7E
:101370000133FB607B68C3F30E03C3F50043BB601E
:10138000FA68BB689A4200D9FEE77A68BB681344E2
:10139000C3F30E03002B00D0FEE7BB685A1EBB68E8
:1013A0001340002B00D0FEE7BB681F2B03D9BB689E
:1013B000B3F5805F00D9FEE7BB68B3FA83F3DBB215
:1013C000C3F11B03DAB27B68DB0BDBB201210091B6
:1013D0000021034800F09AFC00BF1037BD4680BDD5
:1013E0000030005080B586B002AF78600B46FB70CD
:1013F0007B681B0BFB730B4AFB7B03F5007352F8F6
:10140000233003F00303002B00D1FEE7F97BFB78C8
:10141000009301230122034800F01AFD00BF10379A
:10142000BD4680BD0030005080B586B002AF786008
:101430000B46FB707B681B0BFB730B4AFB7B03F5B6
:10144000007352F8233003F00303012B00D1FEE7B1
:10145000F97BFB78009300230022034800F0F8FC9E
:1014600000BF1037BD4680BD0030005080B500AFD2
:10147000FFF770FE0346034A1360024800F097FD31
:1014800000BF80BD642F002080B582B000AF7860BF
:101490000C220449786805F0BDFC00BF0837BD4642
:1014A00080BD00BF642F002080B483B000AF0C4B20
:1014B000DB687B607B689BB27B607B6823F0080302
:1014C0007B607B6843F0BF6343F400337B60044A76
:1014D0007B68D36000BF0C37BD4680BC704700BF3F
:1014E00000ED00E080B483B000AF78603960064A58
:1014F0007B681360054A3B681360002318460C376D
:10150000BD4680BC704700BF702F0020742F0020A4
:1015100090B589B000AF7860544B1B687A68526907
:101520005A62524B1B687A6892699A624F4B1B68E9
:101530007A68D269DA624D4B1B687A68126A1A635C
:101540004A4B1B687A68526A5A63484B1B687A6830
:10155000926A9A63454B1B687A68D26ADA63434B96
:101560001B687A68126B1A64404B1B687A68526B6E
:101570005A603E4B1B687A68926B9A603B4B1B68C3
:101580007A68D26BDA60394B1B687A68126C1A6120
:10159000364B1B687A68526C5A61344B1B687A6808
:1015A000926C9A61314B1B687A68D26CDA612F4B6E
:1015B0001B687A68126D1A622C4B1B687A68926DF0
:1015C0005A652A4B1B687A68D26D9A65274B1B684F
:1015D0007A68126FDA65254B1B687A68126E1A6694
:1015E000224B1B687A68926E5A66204B1B687A6899
:1015F000526F9A661D4B1B68EFF388827A617A6995
:101600005A641A4B1B68EFF38982BA61BA699A640B
:10161000164B1B687A685268DA64144B1B68EFF348
:101620009482FA61FA691A65104B1B687A6812682D
:101630001A6707F108031846FFF726FF0B4B1B68D4
:10164000BA68DA66094B1B6801221A70084B1B68DE
:101650001C4664086400204621462246234605F0C5
:10166000FFFC00BF2437BD4690BD00BF702F002097
:10167000742F002080B5A0B000AF3B461846FFF79E
:1016800057FC7B68002B14BF0123002387F87F30B1
:1016900097F87F3083F00103DBB2002B15D17B6814
:1016A000184600F0E5FC0346002B0ED13B68052BE5
:1016B00001D0072B0BD100BF074B1B68002B07D0B5
:1016C0003B461846FFF724FF02E000BF00E000BFE2
:1016D0008037BD4680BD00BF742F002080B400AFAE
:1016E000BFF34F8F00BF064BDB6803F4E062044991
:1016F000044B1343CB60BFF34F8F00BF00BFFDE728
:1017000000ED00E00400FA0590B58FB000AF7860FE
:10171000396001237B6206233B627B685B680C2B8C
:1017200003D13B685B68042B01D0022397E07B6800
:101730001B68FB613B681B68BB61BB694FF0FF32F4
:101740001A6002237B63FB691B68002B03D0FB69D3
:101750009B68002B01D1022381E0FB691B681946BD
:10176000FB699A683B6A786A02F0B4FD78617B692C
:10177000002B01D0022372E000233B636BE03A4A66
:101780003B6B52F833303B61374A3B6BDB00134411
:101790005B68FB60FB695B683A699A4258D8FB69F1
:1017A0005A68FB699B681A443969FB680B449A4282
:1017B0004ED83B692D4A93423AD93B692C4A934211
:1017C00036D8FB695B68FB62FB691B68BB62294B0F
:1017D000BB60FB6A03F00303002B0DD1FB699B6820
:1017E00003F00303002B07D1FB695A68FB699B6870
:1017F0001344BA689A4211D2032330E0FB6A1A1DDF
:10180000FA62BC6A221DBA62184600F0D2FC034696
:101810002360FB699B681A1FFB699A60FB699B68E0
:10182000002BEBD1BB6900221A6000237B6315E01B
:10183000FB691868FB695B681946FB699B681A4677
:1018400005F0E8FABB6900221A6000237B6305E01B
:101850003B6B01333B633B6B032B90D97B6B18468F
:101860003C37BD4690BD00BF24470000FF7FFF000E
:10187000FF8FFF000090FF0080B48FB000AF786052
:1018800039607B685B680C2B03D13B685B68042B79
:1018900001D0022384E07B681B687B623B681B6885
:1018A0003B623B6A01221A6002237B6300233B6395
:1018B00072E03E4A3B6B1B0113441B68FB613B4AD1
:1018C0003B6B1B01134404331B68BB6100237B612A
:1018D0007B6A1B68FA699A425BD13B6A02221A60F2
:1018E0007B6A9B68BA699A4253D17B69002B36D0D8
:1018F0002E4A3B6B1B01134408331B68002B2ED070
:10190000002387F82F300023BB6219E0274A3B6B86
:101910001B01134408331A68BB6A9B0013441B68FD
:101920003B617B6A5A687B6A9B6813403A699A42BA
:1019300003D1012387F82F3006E0BB6A0133BB6275
:10194000BB6A7A699A42E1D897F82F3083F0010395
:10195000DBB2002B03D03B6A03221A601FE0FB6955
:101960001B68FB607B6A9B68DB43FA681340FB6083
:101970007B6A5A687B6A9B681340FA681343FB6072
:10198000FB69FA681A603B6A00221A6000237B63D5
:1019900005E03B6B01333B633B6B002B89D07B6BDA
:1019A00018463C37BD4680BC704700BF4447000026
:1019B00080B485B000AF78607B681B68FB60BFF3C4
:1019C0004F8F00BFFB68B3F1FF3F0CBF0123002323
:1019D000DBB218461437BD4680BC704780B483B074
:1019E00000AF78607B689B0903F00103002B14BFF4
:1019F00001230023DBB218460C37BD4680BC70477C
:101A000080B483B000AF78607B6803F00803002BDC
:101A100014BF01230023DBB218460C37BD4680BC3F
:101A2000704780B584B000AF78607868FFF7D6FF64
:101A30000346002B11D07B6803F00403002B07D072
:101A40007868FFF7DDFF0346002B01D0012300E09B
:101A5000002303F00103DBB219E0EFF39483BB60D2
:101A6000BB6803F00203002B14BF01230023FB73A8
:101A7000FB7B002B07D07868FFF7C2FF0346002BE3
:101A800001D0012300E0002303F00103DBB218467C
:101A90001037BD4680BD80B588B000AFF860B96032
:101AA0007A60F868FFF7BDFF0346FB77F868FFF739
:101AB00095FF0346002B06D0FB7F002B01D07B68EF
:101AC0000DE0BB680BE0FB7F002B04D0EFF38983B4
:101AD000BB61BB6903E0EFF388837B617B691846D8
:101AE0002037BD4680BD80B582B000AF0346396067
:101AF000FB713B685B681846FFF770FF3B685B68EB
:101B00001846FFF77DFF00BF0837BD4680BD80B493
:101B100089B000AF786039607B681B68FB61002387
:101B2000FB763B685B6803F01F03002B01D00123A9
:101B300054E0FB691B681B0ADBB27B613B681B68D6
:101B40007A699A4201D8012348E0FB695B683B61EE
:101B5000FB6900225A603B681B68DAB2FB699A6035
:101B60003B685B6823F01F03FB603B689B7CDB00EA
:101B700003F01803FA681343FB603B685B7C5B006F
:101B800003F00603FA681343FB603B681B7C03F019
:101B90000103FA681343FB60FB69FA68DA603B688B
:101BA0009B68013B23F01F03BB603B68DB685B0065
:101BB00003F00E03BA681343BB60BB6843F0010334
:101BC000BB60FB69BA681A61FB693A695A60BFF386
:101BD0004F8F00BFBFF36F8F00BFFB7E18462437C7
:101BE000BD4680BC704780B487B000AF7860396074
:101BF0007B681B687B610023FB747B695B68FB600F
:101C00007B6900225A603B68DAB27B699A607B6923
:101C10000022DA607B6900221A617B69FA685A60E7
:101C2000FB7C18461C37BD4680BC704780B586B02B
:101C300000AF78607B681B683B613B691B681B0ACF
:101C4000DBB2FB6000237B6106E079697868FFF70F
:101C5000CAFF7B6901337B617A69FB689A42F4D3DE
:101C6000002318461837BD4680BD80B483B000AF4E
:101C700078607B681B6800BF0C37BD4680BC70472E
:101C800080B483B000AF786039607A683B681344F1
:101C90001B68002B14BF01230023DBB218460C374E
:101CA000BD4680BC704780B582B000AF78600B46FF
:101CB0007B807B887A68134400221A607B887A686C
:101CC00013441846FFF7D1FF00BF0837BD4680BD5B
:101CD00080B582B000AF78600B467B807B88194668
:101CE0007868FFF7CDFF034618460837BD4680BD2C
:101CF00080B483B000AF786039607B683A68C3F81D
:101D0000042300BF0C37BD4680BC704780B483B04D
:101D100000AF7860084611461A460346FB700B4632
:101D2000BB7013467B70FA787B68A03253F8323070
:101D300003F48073002B00D0FEE7FB787A68A033B1
:101D4000DB0013445B6803F48073002B00D0FEE7D4
:101D50007B783A7C002A02D04FF4807100E00021A9
:101D6000FA7819437B68A03243F83210BA783B7C8A
:101D7000002B02D04FF4807100E00021FB780A4371
:101D80007968A033DB000B445A6000BF0C37BD46B6
:101D900080BC704780B485B000AFF8607B600B46B4
:101DA000FB721346BB72FA7AFB6802F5C07253F8F5
:101DB000223003F48073002B00D0FEE7BB7A002BA7
:101DC00001D0102200E000227B6813433A7E002AF3
:101DD00002D04FF4807100E00021FA7A1943FB68C9
:101DE00002F5C07243F8221000BF1437BD4680BC14
:101DF000704780B485B000AFF8607B600B46FB7223
:101E00001346BB72FA7AFB6802F5E07253F822308F
:101E100003F48073002B00D0FEE7BB7A002B01D0C7
:101E2000102200E000227B6813433A7E002A02D091
:101E30004FF4807100E00021FA7A1943FB6802F543
:101E4000E07243F8221000BF1437BD4680BC7047D3
:101E500080B485B000AFF860B96011461A460B46F1
:101E6000FB711346BB71FB68BA6802F5007253F848
:101E70002230002B00DBFEE7FB68BA6802F5007237
:101E800053F8223003F48073002B00D0FEE7FB7977
:101E9000002B01D0102200E00022BB79002B01D0E2
:101EA000202300E0002313433A7E002A02D04FF49F
:101EB000807200E0002242EA0301FB68BA6802F582
:101EC000007243F8221000BF1437BD4680BC704733
:101ED00080B485B000AF78600B46FB700023FB73C5
:101EE000FB7B18461437BD4680BC704780B483B076
:101EF00000AF78607B68DB0318460C37BD4680BCBA
:101F0000704780B483B000AF78607B680133DB0337
:101F1000013B18460C37BD4680BC704780B400AF0B
:101F200000231846BD4680BC704780B400AF1F2315
:101F30001846BD4680BC704780B400AF4FF40043E4
:101F40001846BD4680BC704780B483B000AF78604F
:101F50007B6803F57F43C0335B0318460C37BD46EF
:101F600080BC704780B483B000AF78607B6803F5B5
:101F70007F43C1335B03013B18460C37BD4680BC31
:101F8000704780B400AF40231846BD4680BC704700
:101F900080B400AF5F231846BD4680BC704780B454
:101FA00000AF4FF400531846BD4680BC704780B464
:101FB00083B000AF786000BF0C37BD4680BC70476F
:101FC00080B582B000AF00237B6002F0C5FF78606F
:101FD0007B68002B02D045F2235300E00023184613
:101FE0000837BD4680BD80B400AF00BFBD4680BC91
:101FF000704780B582B000AF02F00DFA78607B6860
:10200000002B01D07B680CE0FFF7DAFF78607B687B
:10201000002B01D07B6804E0FFF746FAFFF7E3FFEF
:10202000002318460837BD4680BD80B400AF0023AA
:102030001846BD4680BC704780B500AFFFF71AFB5D
:1020400072B600BF20BFFDE780B400AF0023184682
:10205000BD4680BC704780B400AF00231846BD4623
:1020600080BC704780B400AF00BFBD4680BC7047E5
:1020700080B483B000AF78607B689B0903F00103F4
:10208000002B14BF01230023DBB218460C37BD46DA
:1020900080BC704780B500AFFFF720FB80B588B0EB
:1020A00000AF786039602623FB612323BB610123E5
:1020B0007B617B685B68082B03D13B685B68042B02
:1020C00001D002233CE07B681B683B613B681B68D6
:1020D000FB60FB684FF0FF321A603B691B68002B06
:1020E00003D03B695B68002B01D1022328E03B69E8
:1020F0001B681946FB697422786902F0EBF8B86036
:10210000BB68002B01D002231AE03B695B681946CB
:10211000BB690422786902F0DDF8B860BB68002B67
:1021200001D002230CE03B691A683B695B681946E1
:102130001046FFF7D7F903461A46FB681A600023DA
:1021400018462037BD4680BD80B584B000AFF8602A
:10215000B9607A60FB68042B15D0FB68042B18DC8F
:10216000FB68002B03D0FB68012B06D011E07968D7
:10217000B868FFF7C9FA03460CE07968B868FFF75A
:102180007BFB034606E07968B868FFF787FF0346E4
:1021900000E0032318461037BD4680BD80B483B0ED
:1021A00000AF78607B681B6818460C37BD4680BC62
:1021B000704780B586B000AF7860EFF31083FB60A6
:1021C000FB68012B0CBF01230023FB75FB7D83F013
:1021D0000103DBB2002B01D072B600BF7B6818464A
:1021E000FFF7DCFF3861BFF34F8F00BFFB7D83F04B
:1021F0000103DBB2002B01D062B600BF3B69184679
:102200001837BD4680BD000080B582B000AF43F6F0
:102210005C237B604FF0FF333B601A4801F069FF9D
:1022200038603B68002B02D06FF0FC0326E0FFF71C
:10223000E0FE38603B68002B02D06FF0FC031DE02D
:10224000FFF7F3FE78607B68002B02D06FF0FC0391
:1022500014E0FFF7F9FE0346002B08D0FFF7FBFE62
:1022600078607B68002B02D06FF0FC0306E0FFF77C
:10227000F9FE01F038FF01F04DFB00231846083746
:10228000BD4680BD1829002080B582B000AF4FF058
:10229000FF337B600A4B184601F0E0FBFFF7B4FF09
:1022A00078607B68002B01D001F0D2FB00F0EEFEDD
:1022B00000F056F9002318460837BD4680BD00BF20
:1022C0000004002080B485B000AF78600023FB607C
:1022D000134B5B68BB601AE0BB681B685B687A687D
:1022E0009A420FD1FB68002B0AD0BB689A68FB6842
:1022F0009A600B4B5A68BB689A60094ABB68536086
:10230000BB6808E0BB68FB60FB689B68BB60BB68A0
:10231000002BE1D1002318461437BD4680BC70471E
:102320001C29002080B588B000AFF860B960134662
:10233000FB710023BB61BB68002B00D1FEE7FB797A
:10234000002B09D0BB681B689B6803F48073002BCB
:102350002DD16FF0FC032BE0174B1B68BB61BB69F1
:10236000002B01D101F074FBBB691B6838337B6122
:102370000023FB610AE0FB699B007A6913441B6838
:10238000FA689A4209D0FB690133FB61BB691B689B
:102390009A69FB699A42EED800E000BFBB691B68EE
:1023A0009A69FB699A4202D16FF0FC0300E00023B6
:1023B00018462037BD4680BDAC29002080B58CB0C2
:1023C00000AFF860B9607A6000237B6100F0ACF880
:1023D000034687F82F30FB68002B00D1FEE7BB686F
:1023E000002B02D16FF080034FE0BB6803F0804305
:1023F000002B48D0BB6803F01F03BB62254ABB6AB1
:1024000052F823307B627B6A002B02D16FF080038D
:102410003BE07B6A1B685B683B6297F82F301A468B
:10242000796A386AFFF77EFF0346002B02D06FF00F
:1024300081032AE0BB681B12DBB2FB61F969786A91
:1024400001F034FB0346002B02D06FF080031CE048
:1024500001F013FB03467B6101F02AFEB8617B6942
:10246000184601F017FBBB69002B02D16FF0820305
:102470000BE07A68796AB86900F00EF8FB68BA690F
:102480001A60002301E06FF0800318463037BD4624
:1024900080BD00BF2429002080B584B000AFF86063
:1024A000B9607A60FB68002B00D1FEE7BB68002BA7
:1024B00000D1FEE7FB680C3330220021184604F0FF
:1024C000EFFCFB68BA689A60094B1A68FB685A60AF
:1024D000FB687A685A61F86801F0C5FD0246FB683E
:1024E0001A61FB6800221A6000BF1037BD4680BD2C
:1024F000AC29002080B483B000AF0A4B1B687B601E
:102500007B68002B07D07B681B68002B03D07B689F
:102510001B685B6800E0002318460C37BD4680BC92
:10252000704700BFAC29002080B582B000AF0B4BD4
:102530001B687B607B68002B01D101F089FA7B6806
:102540001B689B6803F44063002B14BF0123002326
:10255000DBB218460837BD4680BD00BFAC2900205D
:1025600080B584B000AF4FF0FF33FB6001F09AFDFF
:10257000194B00225A60194B00225A6000F010FDDE
:10258000154800F073F8B860BB68002B1CD080239E
:10259000134A1249B86801F031FB7860B86801F05D
:1025A000D1FBBB681A68BB6804331946104600F0BB
:1025B000B9FDF860FB68002B01D001F049FA796899
:1025C000B86800F039FCDBE700BF00F063FC0346AD
:1025D00018461037BD4680BDA42900201C290020C4
:1025E0002429002080B582B000AF0A4B1B687B60B5
:1025F000084B1B682033074A1360064B1A68064BCA
:102600001B689A4201D901F023FA7B681846083703
:10261000BD4680BD882000208C20002080B584B07D
:1026200000AF78600F4B1B68FB607B68002B01D10B
:10263000002313E07A6813465B0013449B001A469C
:10264000084B1B681344074A1360064B1A68064B75
:102650001B689A4201D901F0FBF9FB681846103754
:10266000BD4680BD902000209420002080B586B01B
:1026700000AF78607B68002B01D101F0E9F9624B73
:102680001B6813F1310F07D85F4B1B6803F1300251
:102690005E4B1B689A4201D30023B1E05A4B1B6882
:1026A0003B61594B1B68D9433B6998693B69DA69BF
:1026B00013469B00134418443B691A6A13465B0097
:1026C000134418443B695A6A1346DB009B1A0344BF
:1026D0000E339B0099421CD33B6999693B69DA69C7
:1026E00013469B00134419443B691A6A13465B0066
:1026F000134419443B695A6A1346DB009B1A0B4486
:102700000E339A00404B1B681A44404B1B689A4298
:1027100001D901F09DF93B691B681B0C1B043C4A65
:10272000934201D001F094F93B691B689BB2B3F569
:10273000817F01D301F08CF93B695B68002B01DAE2
:1027400001F086F93B699A6A3B69DB6A9A4201DDCE
:1027500001F07EF93B699B6803F44063002B26D0AF
:102760007B685B687B611FE07B691B689B6803F487
:102770004063002B14D07B691B689B6AFB607B69FC
:102780001B68DB6ABB603B69DB6AFA689A4208DC5B
:102790003B699B6ABA689A4203DB01F059F900E091
:1027A00000BF7B69DB697B617B69002BDCD1FFF7B4
:1027B00019FF78617B693A691A603B6999693B69DD
:1027C000DA6913469B00134419443B691A6A13469D
:1027D0005B00134419443B695A6A1346DB009B1A99
:1027E0000B440E339A00084B1B681344064A1360CF
:1027F0007B685A687B69DA617B687A695A607B69B1
:1028000018461837BD4680BD802000208420002057
:1028100000005F5F80B59CB000AFF860B9607A607F
:102820003B604FF0FF333B6600237B66BB681B0EAB
:1028300003F00703FB65BB681B0C03F00703BB65D4
:10284000984B1B687B65BB681BB23B653B6D002BDF
:1028500002DA6FF0800351E1FB683A6DDA60BB6821
:102860001BB21A46BB68934201D1002346E1BB6DFF
:10287000DB43FA6D9A4204D8FA6DBB6D1344042B06
:1028800002D96FF0800339E1BB68002B01DA202305
:102890007B667B6D58687968FB6DDA007B6E43F070
:1028A000020301F017FD38663B6E002B02D06FF07B
:1028B000800323E107F1300320220021184604F0B1
:1028C000EFFAFB6DDA0007F130037968184604F07F
:1028D000A1FA7B6D58683968BB6DDA007B6E43F0F6
:1028E000060301F0F7FC38663B6E002B02D06FF058
:1028F000800303E107F1100320220021184604F0B1
:10290000CFFABB6DDA0007F110033968184604F0FE
:1029100081FA0023FB663AE0FB6E0133BB662FE0D1
:10292000BB6EDB0070333B4453F8402CBB6EDB00C6
:1029300070333B4453F83C3C1A44FB6EDB0070336D
:102940003B4453F8403C9A4217D9BB6EDB007033CE
:102950003B4453F8402CFB6EDB0070333B4453F890
:10296000401CFB6EDB0070333B4453F83C3C0B4493
:102970009A4202D26FF08003C0E0BB6E0133BB66A7
:10298000BB6EFA6D9A42CBD8FB6E0133FB66FB6ED1
:1029900001331A46FB6D9342BED8BB6803F0006357
:1029A000002B01D020237B66FB681C331022002102
:1029B000184604F075FAFB682C33102200211846E3
:1029C00004F06EFA0023FB663CE07B6D5868FB6EFA
:1029D000DB0070333B4453F8403C1946FB6EDB0090
:1029E00070333B4453F83C2C7B6E43F0020301F000
:1029F00071FC38663B6E002B02D06FF080037DE0E7
:102A0000FB6EDB0070333B4453F83C2CF968FB6EE3
:102A100006339B000B445A60FB6EDB0070333B4473
:102A200053F8402CF968FB6E0E339B000B445A6040
:102A3000FA68FB6E12339B00134400225A60FB6E4F
:102A40000133FB66FB6EFA6D9A42BED87B6E202B7B
:102A500009D1BB68002B06DBBB6803F40023002B05
:102A600001D100237B660023FB663FE07B6D586845
:102A7000FB6EDB0070333B4453F8603C1946FB6E41
:102A8000DB0070333B4453F85C2C7B6E43F0060351
:102A900001F020FC38663B6E002B05D06FF0800300
:102AA0002CE000BFAC290020FB6EDB0070333B4400
:102AB00053F85C2CF968FB6E0A339B000B445A6098
:102AC000FB6EDB0070333B4453F8602CF968FB6EFF
:102AD00016339B000B445A60FA68FB6E1A339B0056
:102AE000134400225A60FB6E0133FB66FB6EBA6D25
:102AF0009A42BBD8FB683A68DA67002318467037F9
:102B0000BD4680BD80B58AB000AFF860B9607A601C
:102B10003B6000237B62324B1B683B624FF0FF330C
:102B2000FB61F86800F0F4FF78627B6A002B01D14A
:102B300000F08EFF7B6ADB68002B01DA00F088FF73
:102B4000BB68032B01D900F083FF7A6ABB680633A8
:102B50009B0013445A68796ABB6812339B000B448C
:102B60005B68D31ABB61BB69002B01D1002333E042
:102B70003B6A5868796806233A6801F0ABFBF86154
:102B8000FB69002B01D000F063FFBA693B689342F8
:102B900028BF13467B617A6ABB680E339B001344DF
:102BA0005A68796ABB6812339B000B445B68134414
:102BB0007A691946786804F02DF97A6ABB6812338D
:102BC0009B0013445A687B691A44796ABB681233C4
:102BD0009B000B445A607B6918462837BD4680BD70
:102BE000AC29002080B588B000AFF860B9607A6089
:102BF0003B600023FB612F4B1B68BB614FF0FF3331
:102C00007B61F86800F084FFF861FB69002B01D15B
:102C100000F01EFFFB69DB68002B01DA00F018FFF3
:102C2000BB68032B01D900F013FFFA69BB680A33B4
:102C30009B0013445A68F969BB681A339B000B4424
:102C40005B68D31A3A689A4201D900F001FFBB6968
:102C50005868796802233A6801F03CFB78617B6927
:102C6000002B01D000F0F4FEFA69BB6816339B001C
:102C700013445A68F969BB681A339B000B445B68BC
:102C800013443A687968184604F0C4F8FA69BB68D6
:102C90001A339B0013445A683B681A44F969BB68AD
:102CA0001A339B000B445A60002318462037BD4658
:102CB00080BD00BFAC29002080B483B000AF786035
:102CC0007B6803F00703002B00D0FEE77B68083B1E
:102CD0007B607B68064A1A607B6804331A46044BA3
:102CE00013607B6818460C37BD4680BC704700BF38
:102CF000A5EDF5FE80B584B000AF78607B68002B51
:102D00000DD07B689B68002B09D07B689B681B6893
:102D1000002B04D07B689B685B68002B02D16FF0AE
:102D200080032FE07B689B685B68FB60FB687A68C8
:102D30009A61164AFB681360FB685B69002B13D12C
:102D4000FB681B68DB68002B0BD0FB681B68DB682B
:102D500000209847B860BB68002B02DA6FF0800350
:102D600010E0FB6801225A617B689B681B681B6945
:102D70001A467B680C3318469047B8607B6801227E
:102D80001A60BB6818461037BD4680BDAC290020CC
:102D900080B483B000AF786039607B685B68044AB8
:102DA00013603B6818460C37BD4680BC704700BFB7
:102DB000AC29002080B586B000AF78601C4B1B6842
:102DC0003B611C4B5B687B6127E07B691B689B68F0
:102DD00003F40073002B1AD17B695B69012B18D0B7
:102DE000134A7B6913607B691B68DB68002B0AD080
:102DF0007B691B68DB6800209847F860FB68002B44
:102E000001DA00F025FE7B6901225A6102E000BF71
:102E100000E000BF7B69DB697B617B69002BD4D15B
:102E2000034A3B6913607B6818461837BD4680BD6E
:102E3000AC290020A429002080B584B000AF7860C0
:102E400039607B681B68FB607B6800229A617B6845
:102E500000225A61FB689B6803F44063002B12D088
:102E6000FB689B6803F40063002B09D07B681B6838
:102E70009A6A7B681B68DB6A1946104600F04CF8BA
:102E8000034A7B68136000BF1037BD4680BD00BF9A
:102E9000AC29002080B586B000AF1C4B1B687B615D
:102EA0007B69002B00D1FEE77B691B683B613B69B6
:102EB0009B6803F44063002B01D100F0C9FD00F0D2
:102EC000AFFA0346FB603B6930331A683B691B6904
:102ED000134423F007031846FFF7EEFEB8603B6982
:102EE00030331B68073323F007037B607968B868C9
:102EF00001F051F806493B69DA68064BF86801F0C1
:102F000083FB002318461837BD4680BDAC2900203E
:102F1000B52D0000F80B002080B483B000AF7860BE
:102F20003960054A7B681360034A3B68536000BF01
:102F30000C37BD4680BC7047B029002080B487B0F4
:102F400000AF786039603B68002B02D14FF0FF334F
:102F50001EE07B68002B02DB4FF0FF3318E00F4BC5
:102F60001B687B610D4B5B683B617A693B69D31AD7
:102F7000013BFB607A68FB689A4202DA4FF0FF334C
:102F800006E03B695A1C7B681A443B681A600023C0
:102F900018461C37BD4680BC704700BFB0290020D2
:102FA00090B583B000AF084C00F024FA0346A3604C
:102FB00000F02AFA03467B607B6883F3888800BFB1
:102FC00000BF0C37BD4690BD00ED02E080B483B079
:102FD00000AF03463960FB7197F90730002B0ADB1D
:102FE0003B68DAB20C4997F907305201D2B20B4470
:102FF00083F800230AE03B68DAB20849FB7903F062
:103000000F03043B5201D2B20B441A7600BF0C37B7
:10301000BD4680BC704700BF00E100E000ED00E06D
:10302000EFF308807146EFF30982EFF30B830CB4E2
:1030300006B401F01AFB8646009900F0080001F082
:103040000801401A02DC12DB04B070471EF02003B6
:103050001CBF2DE9F00FBDF1080D0B4C254626468F
:103060002746A046A146A246A34630B4704704B006
:1030700030BC1EF020031CBF1DF1080DBDE8F00F91
:1030800004B0704700BF0000A5EDF5FE80B584B028
:1030900000AF174BFB60FB68DB68BB60BB68DB43C2
:1030A0001B0C1B047B60BB689AB27B68134343F420
:1030B0008042FB68DA6000216FF00B00FFF786FFAB
:1030C00000216FF00A00FFF781FF00216FF0080078
:1030D000FFF77CFF00216FF00400FFF777FF03216B
:1030E0006FF00100FFF772FF00BF1037BD4680BDD3
:1030F00000ED00E0009A0A4B9A420FD10122904362
:1031000001460246034604460546064607468046F3
:10311000814682468346844686460447FEE700BFD2
:10312000A5EDF5FE80B590B000AF786039607B68A2
:10313000002B02D03B68002B02D143F6DA33AFE01C
:1031400000233B63012387F82F307B689B6803F4DF
:103150004063002B14BF0123002387F82E3097F81B
:103160002F305B0003F002033B6397F82E303A6B7D
:1031700013433B633B683A6B1A600023FB6388E0B0
:103180007B689B699A007B68D1187B68DA69134673
:103190009B0013449B000B443833BB62FA6B13460D
:1031A0005B0013449B001A46BB6A13449B6803F000
:1031B0000803002B67D0002387F83B3000237B6394
:1031C00015E0394A7B6B52F82310FA6B13465B000B
:1031D00013449B001A46BB6A13441B68994203D1EF
:1031E000012387F83B3005E07B6B01337B637B6B0E
:1031F000002BE6D097F83B3083F00103DBB2002BC5
:1032000002D043F6DA334BE0FA6B13465B0013440B
:103210009B001A46BB6A13441B687B627B6A1B686F
:10322000002B32D07B6A1B6801211846FEF7DAF8C2
:1032300097F82F3083F00103DBB2002B26D01B4B15
:103240001B685A1C19490A60FB607B6A1B683B615A
:103250007B6A5B687B610023BB6101237B77002372
:10326000BB7701233B7707F10C0319461048FEF7A3
:103270004EFC034687F8233097F82330002B05D007
:1032800043F6DA330CE000BF00E000BFFB6B013314
:10329000FB637B681B6AFA6B9A42FFF471AF0023F1
:1032A00018464037BD4680BD54470000B82900206D
:1032B0009820002080B586B000AF4548FEF7B6FCE8
:1032C000444B1B685A1C43490A603B60424BDB6815
:1032D0007B60414B1B69BB600123FB6003237B7454
:1032E0000023BB7400233B743B4619463848FEF765
:1032F0000EFC0346FB75FB7D002B02D043F6DA3350
:1033000062E0344B1B685A1C32490A603B60334B05
:103310007B60334BBB600123FB6003237B74002382
:10332000BB7400233B743B4619462948FEF7EFFB6C
:103330000346FB75FB7D002B02D043F6DA3343E0F6
:10334000244B1B685A1C23490A603B60254B7B6059
:10335000254BBB600123FB6003237B740023BB74FC
:1033600000233B743B4619461948FEF7D0FB034641
:10337000FB75FB7D002B02D043F6DA3324E0154BBE
:103380001B685A1C13490A603B60184B7B60184B42
:10339000BB600223FB6001237B740023BB74012309
:1033A0003B743B4619460A48FEF7B1FB0346FB75E2
:1033B000FB7D002B02D043F6DA3305E00122012128
:1033C0000348FDF76DFE002318461837BD4680BD43
:1033D00098200020B829002058470000004800002D
:1033E00060720000C0070000C0070000001C002041
:1033F000201C002080B400AF024B1B681846BD465D
:1034000080BC70475847000080B400AF034B1B6876
:103410001B681846BD4680BC704700BF5847000077
:1034200080B400AF034B1B6804331B681846BD46CD
:1034300080BC70475847000080B483B000AF03469B
:10344000FB7197F90730002B0CDBFB7903F01F02AF
:10345000074997F907305B09012000FA02F260334F
:1034600041F8232000BF0C37BD4680BC704700BF29
:1034700000E100E080B500AFFDF7F8FFFDF7B0FE1A
:10348000064B5B68DBB2103BDBB25BB21846FFF762
:10349000D3FF00F0DDFA00BF80BD00BF00ED00E00B
:1034A00080B483B000AF0346FB7197F90730002B5F
:1034B0000BDBFB7903F01F02064997F907305B0924
:1034C000012000FA02F241F8232000BF0C37BD466C
:1034D00080BC704700E100E080B483B000AF0346D9
:1034E000FB7197F90730002B0CDBFB7903F01F020F
:1034F000074997F907305B09012000FA02F26033AF
:1035000041F8232000BF0C37BD4680BC704700BF88
:1035100000E100E080B483B000AF0346FB7197F98F
:103520000730002B24DB154A97F907305B09A033DD
:1035300052F82310FB7903F01F03012202FA03F370
:10354000DA430E4897F907305B090A40A03340F888
:1035500023200A4A97F907305B09A03352F8232049
:10356000FB7903F01F0322FA03F303F0010300E0E9
:10357000002318460C37BD4680BC704700E100E0D0
:1035800080B483B000AF03463960FB7197F9073010
:10359000002B0ADB3B68DAB20C4997F9073052017D
:1035A000D2B20B4483F800230AE03B68DAB2084940
:1035B000FB7903F00F03043B5201D2B20B441A769D
:1035C00000BF0C37BD4680BC704700BF00E100E083
:1035D00000ED00E080B400AF044B1B68034A23F009
:1035E0000103136000BFBD4680BC7047D0ED00E012
:1035F00080B500AF40F20111024800F0D9FF00BFD2
:1036000080BD00BF0090035080B500AF00216FF077
:103610000800FFF7B5FF044B5B6A034A43F47023CD
:1036200053620023184680BD00ED00E080B483B0F3
:1036300000AF094BDB687B607B689BB27B607A687C
:10364000064B13437B60044A7B68D3600023184613
:103650000C37BD4680BC704700ED00E00800FA055D
:1036600080B582B000AF0023FB7109E0114AFB79FD
:10367000A0334FF0FF3142F82310FB790133FB7187
:10368000FB790F2BF2D900233B600BE00A4A3B6821
:1036900052F823301B0B5BB21846FFF73BFF3B6829
:1036A00001333B603B68002BF0D0002318460837FD
:1036B000BD4680BD00E100E09C20002080B582B0C6
:1036C00000AFFDF71DFD00237B6014E00E4A7B6810
:1036D00052F823301B0B5BB21846FFF7FDFE0A4A77
:1036E0007B6852F823301B0B5BB21846FFF7D8FEFD
:1036F0007B6801337B607B68002BE7D00023184692
:103700000837BD4680BD00BF9C20002080B500AFBB
:10371000FFF760FF034B1B68024A43F0020313608C
:1037200000BF80BDD0ED00E080B584B002AFFDF7F2
:1037300085FD00237B607B6843F004037B607B682E
:1037400043F001037B60012300937B6801224FF665
:10375000FF710020FDF7ACFD00237B607B6843F028
:1037600004037B607B6843F002037B607B6843F06B
:1037700001037B60012300937B68012222494FF003
:103780000050FDF7BFFD00237B607B6843F004031E
:103790007B607B6843F002037B607B6843F001033E
:1037A0007B601A4B5868194B9968012300937B681A
:1037B0000022FDF77DFD012300937B680022144960
:1037C0001448FDF79FFD114BDA68104B1B69013B54
:1037D00019461046FDF7C4FD00237B607B6843F06B
:1037E00004037B607B6843F002037B604FF4782026
:1037F0000949012300937B680022FDF759FD00234E
:1038000018460837BD4680BDFF7F0020584700009E
:10381000FFFF032000800020FFDF0F0080B582B093
:1038200000AF0023FB71F97901230022034800F067
:103830003BFE00BF0837BD4680BD00BF00300050D2
:1038400080B584B000AF0023FB600AE0194AFB6832
:1038500052F8233000211846FDF7E6FDFB680133DE
:10386000FB60FB681D2BF1D9FFF7D8FF00237B60BD
:103870000023BB600EE0BB68D9B2BB689B0010336D
:103880003B4453F80C2C01230B4800F037FEBB6877
:103890000133BB60BB68002BEDD0FFF7A9FE01230D
:1038A00000220021044800F053FE00231846103780
:1038B000BD4680BD744700000030005080B586B022
:1038C00000AF0346FB714FF0FF333B610123FB6008
:1038D000FEF710FEB86001237B6110E00C4A7B69A3
:1038E00052F83330BA689A4206D1FB790F229342DC
:1038F00002D100233B6106E07B6901337B617A6979
:10390000FB689A42EAD33B6918461837BD4680BD2A
:10391000EC47000080B400AF034B01221A6000BFE7
:10392000BD4680BC704700BFBC29002080B588B070
:1039300000AF78607B681B68FB777B6804331B688B
:10394000BB617B6808331B68FB82214B1B683B61B2
:103950004FF0FF33FB603B695868B969FA8A062368
:1039600000F0B8FCF860FB68002B04D07B686FF0B7
:1039700086021A6029E0174B1B68012B04D07B6874
:103980006FF086021A6020E0FB7F1846FFF796FF73
:103990000346002B04D07B686FF086021A6014E0A7
:1039A000FB8A032B04D87B686FF086021A600CE058
:1039B000BB69BB60BB6842F216021A80BB68042276
:1039C0005A807B6800221A6000BF2037BD4680BD48
:1039D000AC290020BC29002080B400AF064BD3E9FD
:1039E0000023064805498B4208BF824200D0FEE70B
:1039F00000BFBD4680BC7047F80B0020A5EDF5FE6A
:103A000080B584B000AFF860B9607A603B60FB6855
:103A1000002B03D0FB68032B0BD00EE0FEF7A0FDBC
:103A2000B860FFF7D9FF094BB968184600F0E7FD09
:103A300007E07868FFF77AFF03E07B686FF08302A6
:103A40001A60BB6818461037BD4680BDF80B0020D1
:103A500080B500AFFEF7F0FA00BF80BD80B485B03E
:103A600000AF78607B68FB60FB6883F30A8800BF67
:103A700000BF1437BD4680BC704780B483B000AF30
:103A8000EFF3108372B67B607B6818460C37BD4637
:103A900080BC704780B483B000AF78607B6883F3EC
:103AA000108800BF0C37BD4680BC704780B483B01F
:103AB00000AF786039607B68002B00D1FEE77B683F
:103AC0001B689B6803F48063002B03D0B3F5806F01
:103AD00009D011E07B681B68DB683A689A420ED90E
:103AE0006FF0FA030FE07B681B68DB683A689A4264
:103AF00007D06FF0FA0306E06FF0FA0303E000BFAF
:103B000000E000BF002318460C37BD4680BC70475C
:103B100080B584B000AF7860786800F0AFFAF860E4
:103B2000F86800F0CCFA0346002B01D000230DE02A
:103B3000FEF7E0FCB860FB689B685B681B685B682D
:103B4000BA689A4201D0002300E0FB68184610379B
:103B5000BD4680BD80B584B000AF0346FB71FB79E4
:103B6000002B03D000F030FAF86002E0FEF7C2FC50
:103B7000F860FB79FA68D20FD2B2934201D0FFF716
:103B800067FFFB6818461037BD4680BD80B485B01E
:103B900000AF78600023FB6027E07A68FB680A3397
:103BA0009B0013445B68002B1BD07B68DA6FFB68BB
:103BB000DB0013441A687968FB6816339B000B44DA
:103BC0005B689A4200D0FEE77B68DA6FFB68DB0037
:103BD0001A447968FB681A339B000B445B68536096
:103BE00000E000BFFB680133FB60FB68032BD4D906
:103BF00000BF00BF1437BD4680BC704780B58CB095
:103C000000AFF860B9607A603B600023BB62FB687C
:103C1000002B02D0BB68002B01D1FFF719FFFB6816
:103C20001B687B627B6A9B699A007B6A134438330A
:103C30003B627B6ADB691846FEF7F0FCF861002303
:103C4000FB6272E0FA6A13469B0013449B0019461C
:103C5000FA6A13465B0013449B001A46FB6913443F
:103C60003A6A0A441A60FA6A13465B0013449B00DE
:103C70001A46FB691344FA685A60FA6A13465B00F5
:103C800013449B001A46FB69134400229A60FA6AA7
:103C900013469B0013449B001A463B6A13449B68DF
:103CA000BB61BB6903F40073002B26D07B68002B3B
:103CB00005D03B68002B02D03B68802B01D0FFF77A
:103CC000C7FEBB69DBB27B617B691F2B06D87B69B2
:103CD0009B007A6813441B68002B01D0FFF7B8FEE5
:103CE000FA6A13465B0013449B0019467B699B00EC
:103CF0007A681344FA690A441A60FA6A13465B0048
:103D000013449B001A46FB691344BA6852689A60D0
:103D1000FA6A13465B0013449B001A46FB691A4477
:103D2000BB685A60FB6A0133FB627B6ADB69FA6A33
:103D30009A4202D2FB69002B84D1BB6A1846303705
:103D4000BD4680BD80B483B000AF786000BF0C3743
:103D5000BD4680BC704780B483B000AFEFF31083E2
:103D600072B67B607B6818460C37BD4680BC7047D6
:103D700080B483B000AF78607B6883F3108800BFA5
:103D80000C37BD4680BC704780B582B000AF78600C
:103D90007B6813F1810F03D07B6813F1820F09D187
:103DA000FEF7C2FB034683F00103DBB2002B01D018
:103DB000FFF74EFE00BF0837BD4680BD80B586B018
:103DC00000AF7860396000237B610023BB607868B6
:103DD000FFF79EFE38613B69002B01D1FFF738FEEB
:103DE0003B699B68FB60FB68002B01D1FFF730FE4D
:103DF0003B69DB6813F1020F1ED0B3F1FF3F1FD107
:103E00003B68002B02D17B687B612FE03B6813F19C
:103E1000820F06D16FF081037B613B6902221A6039
:103E200024E03B6813F1830F03D16FF082037B61C1
:103E30001CE0FFF70DFE19E03B6902221A6015E055
:103E40003B69DB68002B0FDB3B687B613869FFF760
:103E50009DFEFB681B689B6803F40073002B05D074
:103E60003B6902221A6001E0FFF7F2FD7B6913F162
:103E7000810F05D13B695B69002B01DBFFF7E8FD92
:103E8000FFF769FF0346BB6079693869FEF780FF79
:103E90007861BB681846FFF76BFF3B691B68022B14
:103EA00003D1386900F015F902E03B6900221A607D
:103EB0007B6918461837BD4680BD80B500AFFEF758
:103EC000BBF86FF08303184680BD80B588B000AFA3
:103ED000F860B9607A603B60FEF726FB0346FB772B
:103EE000FB7F1846FFF736FEB86107F11003BA6989
:103EF000F9681846FEF762FA78617B69002B01D0F9
:103F00007B6919E038693B687A68B968FEF782FC1A
:103F100078617B69002B0AD0FB6803F08043002B9B
:103F200003D03B69184600F0D4F87B6904E03B6994
:103F30001846FEF7DFFE034618462037BD4680BD13
:103F400080B400AF40F201131846BD4680BC7047F4
:103F500080B584B000AF7860FEF7E6FA0346FB73E5
:103F60007868FEF7AFF9B860BB68002B01D1002379
:103F70000DE0FB7B1A46B9687868FEF7D3F9034673
:103F8000002B01D0002302E0BB681B68DB681846E9
:103F90001037BD4680BD80B485B000AF7860396011
:103FA0007B68BB60BB6883F3098800BF3B68FB602C
:103FB000FB6883F30B8800BFBFF36F8F00BF00BFA8
:103FC0001437BD4680BC704780B582B000AF4FF05B
:103FD000FF337B603B4619467868FEF7AFFF034628
:103FE000002B01D0002300E03B6818460837BD468F
:103FF00080BD80B483B000AFEFF30B837B607B6840
:1040000018460C37BD4680BC704780B485B000AF01
:1040100078607B68FB60FB6883F30B8800BF00BFA0
:104020001437BD4680BC704780B582B000AFFFF743
:10403000E0FF78607B6880331846FFF7E6FF7B6817
:1040400018460837BD4680BD80B582B000AFFFF787
:10405000D0FF78607B68803B1846FFF7D6FF00BF33
:104060000837BD4680BD80B483B000AF78604FF4A0
:10407000805318460C37BD4680BC704780B584B06D
:1040800000AF78607B68B3F5805F01D0002305E066
:10409000FFF7AFFF0346803BFB60FB681846103715
:1040A000BD4680BD80B400AF00BFBD4680BC704738
:1040B00080B500AFFFF7B8FF0346184680BD80B457
:1040C00083B000AF7860002318460C37BD4680BC33
:1040D000704780B582B000AF7860FFF7B5FF00BFD2
:1040E0000837BD4680BD80B400AF00BFBD4680BC70
:1040F000704780B582B000AF7860FFF707FBFFF72D
:1041000013FB0346002B02D043F6DA3313E0FFF72C
:1041100097FB0346002B02D043F6DA330BE0FFF7A0
:10412000C9F80346002B02D043F6DA3303E07B687C
:1041300002221A60002318460837BD4680BD90B59C
:1041400091B000AFF860B9607A60FB687B627B6A0F
:1041500043E800F3BB61BB693B62FA68BB68134488
:10416000013BBB62BB6A43E800F37B617B69FB6197
:1041700097F82330BB63FB7F7B63FB683B63FDF7F2
:10418000CDFE0246BB6B93424BD3FDF7CEFE0246FB
:104190007B6B934245D8B86BFDF7B3FE02463B6B91
:1041A000D31A0133FB623B6B7A68F96A184602F056
:1041B0005DFD0346002B01D1002387E0BB6B01337B
:1041C000FB6315E0FB6B1846FDF790FE38633C6B14
:1041D000FDF7B2FE03467A681946204602F046FD16
:1041E0000346002B01D1002370E0FB6B0133FB631E
:1041F000FB6B7A6B9A42E5D8786BFDF777FE3863F4
:10420000FA68BB681A443B6BD31AFB623B6B7A6853
:10421000F96A184602F02AFD0346002B55D1002307
:1042200054E0FDF7AEFE0246BB6B93424BD3FDF765
:10423000AFFE02467B6B934245D8B86BFDF792FE0A
:1042400002463B6BD31A0133FB623B6B7A68F96A17
:10425000184602F00BFD0346002B01D1002335E088
:10426000BB6B0133FB6315E0FB6B1846FDF76CFE7F
:1042700038633C6BFDF793FE03467A681946204687
:1042800002F0F4FC0346002B01D100231EE0FB6B7F
:104290000133FB63FB6B7A6B9A42E5D8786BFDF7D1
:1042A00053FE3863FA68BB681A443B6BD31AFB624F
:1042B0003B6B7A68F96A184602F0D8FC0346002B7B
:1042C00003D1002302E0002300E001231846443715
:1042D000BD4690BD80B58EB000AFF860B9607A6021
:1042E0003B6000237B637B68002B01D100238EE0C1
:1042F000BB68002B02D14CF2DA2388E03B6803F064
:104300000603062B04D17B6B43F001037B630CE0B7
:104310003B6803F00203002B04D07B6B43F00803DF
:104320007B6302E04CF2DA2371E03B6803F0200388
:10433000002B03D07B6B43F012037B63FB6803F01D
:104340000203002B03D17B6B43F004037B63FB6808
:1043500003F00103002B18D0EFF39483FB62FB6A98
:104360003B6297F8203003F00103DBB2002B04D04E
:104370007B6B43F004037B6303E07B6B23F004035C
:104380007B637B6B43F012037B63BB687A6B79685A
:10439000184602F06BFC0346002B14BF01230023D8
:1043A000DBB23B633B6B002B2AD1BB687B627B6A31
:1043B00043E800F37B617B69FB61BA687B68134467
:1043C000013BBB62BB6A43E800F33B613B69BB61F5
:1043D000BB7F23F07F03DBB2002B11D0BB7E23F029
:1043E0007F03DBB2002B0BD0FA7FFB7E9A4207D013
:1043F000BB687A6B79681846FFF7A1FE03463B63FA
:104400003B6B002B01D0002301E06FF07F031846C7
:104410003837BD4680BD80B582B000AF43F65C231F
:104420007B60FFF7F1F878607B68002B02D043F6E1
:10443000DA3326E0FFF7FAF878607B68002B02D0C9
:1044400043F6DA331DE000F0D3F878607B68002B88
:1044500002D043F6DA3314E062B600BFFFF700F98A
:1044600078607B68002B02D043F6DA3309E0FFF76F
:1044700025F978607B68002B02D043F6DA3300E040
:10448000002318460837BD4680BDEFF30880EFF3E0
:1044900009812DE9F00F6B467246FCF759FD08B013
:1044A000FEF7E8FFFEE700BF80B485B000AFF8601C
:1044B0007A601A460B46FB721346BB72FB7AFA68A7
:1044C0009033DB0013445B6803F00103002B00D042
:1044D000FEE7FA7AFB689032796843F83210BB7ACB
:1044E000002B06D0FB7AFA689033DB0013440122DC
:1044F0005A6000BF1437BD4680BC704780B485B099
:1045000000AFF8607A601A460B46FB721346BB7226
:10451000FB7AFA689833DB0013445B6803F001030D
:10452000002B00D0FEE7FA7AFB689832796843F8EE
:104530003210BB7A002B06D0FB7AFA689833DB0086
:10454000134401225A6000BF1437BD4680BC704737
:1045500080B485B000AFF860B96011461A460B46CA
:10456000FB711346BB71FB68BA6802F5887253F899
:10457000223003F48073002B00D0FEE7FB79002B80
:1045800001D0102200E00022BB79002B02D04FF4B2
:10459000807300E0002342EA0301FB68BA6802F579
:1045A000887243F8221000BF1437BD4680BC7047A4
:1045B00080B582B000AF78600B467B807B88002B93
:1045C0000ED1FCF745FDBFF36F8F00BF7B68002263
:1045D000C3F84025BFF36F8F00BFFCF749FD03E030
:1045E0007A887B68C3F8402500BF0837BD4680BD88
:1045F00080B400AF00231846BD4680BC7047044617
:104600000D46A546284700BF83F308889646022238
:10461000EFF31483134383F31488BFF36F8F0847BA
:1046200000BF80B483B000AF78607B689B0903F063
:104630000103002B14BF01230023DBB218460C3703
:10464000BD4680BC704780B483B000AF78607B68A3
:104650005B0903F00103002B14BF01230023DBB22D
:1046600018460C37BD4680BC704780B586B000AF99
:10467000F860B9607A602023FB75FB683B61BB681A
:1046800003F00803002B06D0BB6803F00403002BE3
:1046900001D07B683B61B868FFF7C3FF0346002B7E
:1046A00012D0B868FFF7CFFF034683F00103DBB2F7
:1046B000002B02D03B6928333B613B6918331B68F0
:1046C000023B1B78FB7501E0FFF7C2F9BB6803F002
:1046D0000803002B0CBF01230023DAB2FB7D03F09B
:1046E0004003002B14BF01230023DBB25340DBB295
:1046F000002B01D0FFF7ACF9FB7D03F0A003002BEA
:1047000007D1F87DFB683A69B968FFF779F9034684
:1047100004E03B696FF083021A60BB6818461837E3
:10472000BD4680BD0002FF002C0000003001FF00EC
:10473000080000004001FF000C0000000881FF009D
:10474000F8020000FFFFFFFF000000000000000073
:1047500000000000A0200020000001000000010077
:10476000FF7F0F00007C00000080000000800F0031
:10477000FFDF0F000040005000500050008000504C
:104780000090005000A0005000B0005000E0005029
:1047900000F0005000000150001001500040015096
:1047A00000500150007001500080015000B00150D5
:1047B00000C0015000D0015000E0015000F0015055
:1047C0000000025000100250002002500030025041
:1047D00000400250006002500080025000A00250D1
:1047E000009003500025845000A0035000000000FA
:0447F0000F000000B6
:104800000348044B834202D0034B03B1184770475F
:104810008421002084210020000000000548064B70
:104820001B1AD90F01EBA301491002D0034B03B1AE
:1048300018477047842100208421002000000000D8
:1048400010B5064C237843B9FFF7DAFF044B13B1D8
:104850000448AFF300800123237010BD802800209E
:10486000000000005072000008B5044B1BB1044961
:104870000448AFF30080BDE80840CFE70000000027
:104880008428002050720000A3F5803A704700BFD2
:10489000174B002B08BF134B9D46FFF7F5FF002178
:1048A0008B460F461348144A121A02F0F9FA0E4BBF
:1048B000002B00D098470D4B002B00D098470020CC
:1048C000002104000D000D48002802D00C48AFF371
:1048D000008002F0A7F920002900FDF7D5FC02F0C6
:1048E0008DF900BF0000080000000000000000007B
:1048F000F80B002084210020303800200000000048
:1049000000000000009A084B9A4208D110B502F04E
:104910000AFB02F011FA06BC96460C46744702F0F8
:104920006FFB00BF18460000A5EDF5FE009A084B8E
:104930009A4208D110B502F00DFB02F0FDF906BC59
:1049400096460C46744702F05BFB00BF1846000019
:10495000A5EDF5FE0CB4029A094B9A420CD14FF02A
:10496000004319430CBC10B500F026F802F0E4F93E
:1049700006BC96460C46744702F042FB00BF184640
:10498000A5EDF5FE009A054B9A4202D1044908684C
:10499000744702F035FB00BF18460000A5EDF5FE98
:1049A000B0700000009A034B9A4200D1744702F0A5
:1049B00027FB00BFA5EDF5FE80B58AB000AFF8601B
:1049C000B9607A603B60EFF30583BB61BB697B61D3
:1049D000BB8AC3F308039BB2002B01D0FFF738F862
:1049E000104B1B683B623B687A68B968F868FFF750
:1049F0006CFA78620B4B1B68FB613A6AFB699A425E
:104A000008D0FB699B691B69796A1846FFF7D6F9DC
:104A1000786202E0786AFFF7B7F97B6A18462837B0
:104A2000BD4680BDAC2900200F4B02689A4206D1DA
:104A3000C269A3F11023A3F1EF139A4201D0012020
:104A400070478368012BFAD8C36813B10269934297
:104A5000F5D043692BB18069C01AB0FA80F04009E3
:104A600070471846704700BF55AA00FFF8B5164BAF
:104A7000996829B10846FFF7D7FF08B9CB680BB191
:104A80000120F8BD0B69002BFBD0104D104E1A68A9
:104A9000AA42F5D1DA69B242F2D19A68012AEFD876
:104AA000DC68002CECD01A699442E9D05F691FB130
:104AB000D3F818C06745E3D08C42E1D11946002AEB
:104AC000DFD01346E3E700BFC029002055AA00FF4E
:104AD000669911EE002865D070B5374D2B68002B14
:104AE00054D0AA68002A51D08342014661D86A682E
:104AF000134498425DD2A0F120063046FFF794FFA0
:104B0000002856D151F8183C012B52D151F8144CC1
:104B100041F8180C51F8100C002C38D0A368002B69
:104B200035D151F81C2C6368203213442061636036
:104B300000B1C46020220021304602F0B1F92069A2
:104B4000F0B18368E3B9264642687368134402698A
:104B5000203373603261D6E9051331B38B6103B141
:104B60005961416983697161B361E1B18E61B36972
:104B700003B15E6102B1D6602022002102F090F9FB
:104B80002B699B0702D5FFF771FF90B970BD10B17B
:104B90008368002BD8D0EB6841F8083C03B15E6114
:104BA000EE60EDE77047EE60E2E7002BD9D0EB60F6
:104BB000D6E7012002F022F8C02900202DE9F84FA5
:104BC0003E4D2B68EC68002B40D0AB68002B3DD0ED
:104BD00000283BD0002939D001FB00F6B6FBF0F0ED
:104BE000884233D1301D31D8B10733D026F00301CC
:104BF000043114B92BE0A4694CB363688B42FAD337
:104C0000D4F808C0BCF1000F55D1A0695B1A232B62
:104C10008146676920D80123A360002F47D0B8617F
:104C2000A06900B1476100232A696361D207A361CB
:104C300003D5FFF71BFF00283DD120343246002169
:104C4000204602F02DF92046BDE8F88F00242046CA
:104C5000BDE8F88F3146CCE7D4F8108001F1200E82
:104C6000DFF85CB0DFF85CA004EB0E02203BC2E989
:104C7000013CC2E9034844F80EB0C2F81CA0B8F1E8
:104C8000000F01D0C8F80C20C2F81890576187B106
:104C9000BA61906900B142610023616029692261B3
:104CA0000122C4E90533CB07A260C6D5C1E7E8609D
:104CB000B7E7EA60EEE7012001F0A0FFC02900207D
:104CC00055AA00FF669911EE38B50D461422002151
:104CD0000446114802F0E4F81049114800F030F899
:104CE000232D18D914F0030304D0043DC3F10402AA
:104CF0001D4414442A460021204602F0D1F8064BF8
:104D0000084A0948A5F12001C3E901541C60E0618B
:104D1000C4E90021DC6038BDC0290020D54A00006C
:104D2000BD4B000055AA00FF669911EE00207047A8
:104D3000704700BF014B1B68184700BFA820002028
:104D400010B40446034A044B00201460196010BCE0
:104D5000704700BFAC200020A820002039B1044BD0
:104D60000A4610B500211B680446984710BD7047DD
:104D7000B020002010B5044628B121B1044B0A46EA
:104D80001B68002198472046BDE81040FFF7D2BFBE
:104D9000B020002038B50446406A10B1A16AFFF780
:104DA000E9FF0022237FC4E90922012B0FD0023B37
:104DB000012B13D8236A012B0CBF15466FF0960503
:104DC0002C220021204602F06BF8284638BD236AC9
:104DD000002B0CBF00256FF09605F1E76FF09605EC
:104DE000EEE700BF074B5A78022A02D06FF0880026
:104DF00070471A78072AF9D10A460146181D00F0B3
:104E000097B800BFD429002010B5134C2378590758
:104E100044BF03F0FB0323709A0716D4637883B969
:104E2000002304210D486370FFF798FF2378DB0708
:104E300000D410BD00F078F8237823F0010323702C
:104E400010BD064800F086F8EAE700F053F8237832
:104E500023F002032370E1E7D4290020D8290020A1
:104E600038B51E4C62782378022A1AD0DD071CD58B
:104E7000980725D562783AB15A075CBF43F004031E
:104E800023700025284638BDD907F5D5144800F011
:104E90004DF8022305466370F0B1FFF7B5FF2846D1
:104EA00038BD072BEDD0DD07E2D400F03BF82378C6
:104EB000054643F0010323700028EED19807D9D4AA
:104EC00000F010F82378054643F002032370002811
:104ED000D0D0FFF799FFE2E72378CDE7D42900206F
:104EE000D82900200122024B002083F8802570473A
:104EF000DC2900202DE9F041DFF824800127444619
:104F0000032608F5B0652762267720462C34FFF784
:104F100041FFAC42F7D1002388F88035BDE8F0812D
:104F2000DC29002000207047704700BF0020704738
:104F300010B582B0002001AB144600F05FF830B924
:104F4000019BA34218BF6FF0930002B010BD6FF039
:104F50009200FAE70020704710B50C4C236813B19B
:104F60000B4B1B682BB900F089FC30B90122084BB0
:104F70001A6001232360002010BD0138062801D9E2
:104F8000044810BD044B53F8200010BD7C2F0020B6
:104F9000782F0020FE8FFFFFD8700000144B2DE902
:104FA000F043002814BF04461C46124F236883B008
:104FB000BB4219D016460D4620464FF4147104F139
:104FC000040900F047F804F58E78484600F0CEF862
:104FD000404600F019FA2B464A46404606490096DC
:104FE00000F034FB08B92760002003B0BDE8F0836F
:104FF000802F0020A5BCC95AF151000070B50D4C9E
:105000001D46002814BF064626460B4B306882B06A
:1050100098420DD106F58E70002633460096144650
:1050200000F03EFB002818BF34462C6002B070BD73
:105030000248FBE7802F0020A5BCC95AE88FFFFF7C
:1050400038B131B1002201440346013081421A7067
:10505000FAD1704738B131B1002201440346013022
:1050600088421A70FAD170472DE9F043202B1D4673
:105070000646884691468BB026D8DBB202AF8DF843
:105080000480B04658F8041B8DF8053021B940461D
:1050900001F038F9044640B901230222404633604A
:1050A00001A901F043F9044638B138462021FFF741
:1050B000D1FF20460BB0BDE8F0832A464946404662
:1050C00001F034F90446F0E702AF19461046002318
:1050D0003A4601F0B1FA04460028E6D12023B94649
:1050E0001D46CCE72DE9F041D0F8F830A6B0002BF2
:1050F000D8BF02AE31DD05460027D0F80C4102AE24
:10510000A4F101089022D5F8FC403146D0F8000106
:1051100001AB0197B8FA88F8A0474FEA581804463F
:1051200020B9019B53B9B8F1000F16D03046902139
:10513000FFF790FF204626B0BDE8F08101463246D9
:105140002846FFF791FF58B9D5F80431019A134466
:10515000C5F80431B8F1000FE8D16FF03C04E5E781
:105160000446204626B0BDE8F08100BF70B500259A
:105170000446142204F588762946C0F8F850FC301D
:1051800001F08EFE08222946304601F089FE144BBC
:1051900030461B689847204640F8045B01F098F8B9
:1051A000104B30461B689847C8B9D4F8F830AB426A
:1051B0000FDC03EB830204EB82022021C2F8000122
:1051C0000120C2E9421008490133C2F8FC10C4F8BA
:1051D000F830064B3046BDE870401B68184770BD7C
:1051E000D4200020D0200020D5610000CC20002059
:1051F0002DE9F047202A88B07AD83F4B00F588790E
:1052000004461B6848461746884698470546F8B93D
:1052100040F20116D4F8F830002B65D02046FFF795
:1052200061FF054638B9D4F8F830002B14DC013E94
:10523000F2D16FF03B056E4620213046FFF70AFFA2
:105240002E4B48461B689847002818BF6FF01D0575
:10525000284608B0BDE8F087D4E94132934203D331
:10526000D4F80C21012A02D0013ED7D1E1E71F2B4F
:10527000FAD96E4601462022304604F1040A01F0B4
:105280000FFE3146504601F07BF805460028D3D189
:10529000504601F031F8504601F01AF829465046C0
:1052A00001F030F805460028C6D15046202231468C
:1052B00001F03CF805460028BED1034632462021C5
:1052C000304601F0B9F905460028B5D1D4F8F830D8
:1052D0003A46002BC8BF002340463146C8BFC4F839
:1052E000043101F097FDA7E76FF03F056E46A3E795
:1052F0006FF03B05ACE700BFD0200020CC200020A1
:1053000070B590B000287AD03E4C0D464022362130
:105310000646204601F0C4FD40225C21A01801F0A1
:10532000BFFD2B1DA34203D904F144039D4252D378
:105330002B682268534023602B68226C53402364FF
:105340006B686268534063606B68626C534063646F
:10535000AB68A2685340A360AB68A26C5340A364DF
:10536000EB68E2685340E360EB68E26C5340E3644F
:105370002B69226953402361226D2B6953402365B9
:1053800062696B69534063616B69626D5340636529
:10539000AB69A2695340A361AB69A26D5340A36599
:1053A000EB69E2695340E361EB69E26D5340E36509
:1053B0000021304600F0A6FF044628B940223046BE
:1053C000104900F0B3FF044640216846FFF742FE53
:1053D000204610B070BD631E04F13F01013D1F3433
:1053E00015F8010F13F8012F42401A7011F8012F20
:1053F0002878A34282EA00020A70F1D1D8E76FF060
:105400007304E5E7D031002010B54FF49A72002103
:10541000044601F045FD42F21072044BC4F820210D
:1054200004F596701B68BDE810401847D420002092
:105430002DE9F04F04468846914695B0002900F0CA
:10544000A780002A0CBF0126022600238DF80C300D
:10545000002C00F09F80DFF844A104AF0AF1400B5C
:105460000021204600F04EFF034648B13846202177
:105470000193FFF7EFFD019B184615B0BDE8F08FD3
:1054800040225146204600F051FF03460028EDD14E
:1054900004F1F40520222946204600F047FF034688
:1054A0000028E3D10122204603A900F03FFF034674
:1054B0000028DBD1022E62D020460CA900F060FF4C
:1054C00003460028D2D10146204600F01BFF0346C8
:1054D0000028CBD140225946204600F027FF034642
:1054E0000028C3D1202220460CA900F01FFF03464C
:1054F0000028BBD13946204600F042FF0346002871
:10550000B4D139462046FFF7FBFE03460028ADD153
:1055100020222946204600F009FF03460028A5D195
:1055200020460CA900F02CFF034600289ED101461E
:10553000204600F0E7FE0346002897D14022594656
:10554000204600F0F3FE034600288FD1202220469B
:105550000CA900F0EBFE0346002887D1294620461F
:1055600000F00EFF0346002880D19DF80C20013288
:10557000D2B2B2428DF80C20FFF472AF76E74A4601
:105580004146204600F0D2FE0346002894D06DE745
:1055900001265AE76FF0730304AF67E7D0310020AC
:1055A0002DE9F0410446884615461F46D0F81801FB
:1055B000E0B013B100EB40004008B5F5807F3ED865
:1055C0002844B0F5C07F3AD84FF4C0720021684635
:1055D00001F066FC6946D4F82431D4F81821D4F8D7
:1055E0002801984770BBD4F8186157B1D4E9493005
:1055F00072080DEB0601984720BBD4F8183106EB72
:105600005306B8F1000F00D08DB9324669462046E6
:10561000FFF70EFF054610B90123C4F814313146D7
:105620006846FFF717FD284660B0BDE8F0810DEB36
:10563000060041462A462E4401F0ECFBE5E76FF0F8
:105640000405F0E76FF00805EDE700BF2DE9F0472E
:10565000044604F1F4050F4691461E46DDF820800D
:1056600000F036FE29462046FFF74AFE08B1BDE8A5
:10567000F08728462022012101F012FCD4F81831CD
:10568000C4F82471C4F8289113B92023C4F8183140
:10569000424631462046BDE8F0470123FFF780BF70
:1056A000B2F5806F00F295802DE9F04F89B09A46EF
:1056B000129BB3F5807F00F29080D0F8243116461B
:1056C00004460F464BB3D0F81C31012B05D0D0F85F
:1056D0001421D0F820319A421FDD51460023204684
:1056E000129AFFF75DFF014698B900231293002E2E
:1056F0005ED0DFF8EC9009F1400B0021204600F06D
:1057000001FE202E3546014628BF202504F1F4086D
:1057100090B1084609B0BDE8F08FBAF1000FE6D0AD
:10572000129B002BE1D051461A462046FFF780FE1F
:1057300001460028DBD0ECE749464022204600F035
:10574000F5FD01460028E4D141462022204600F024
:10575000EDFD01460028DCD16946204600F010FE30
:1057600001460028D5D1204600F0CCFD0146002896
:10577000CFD159464022204600F0D8FD01460028EE
:10578000C7D169462022204600F0D0FD01460028FE
:10579000BFD14146204600F0F3FD01460028B8D1B4
:1057A00038462A46414601F035FB761B2F44A4D1EA
:1057B00051462046129AFFF73BFE01460028A8D129
:1057C0000846D4F814310133C4F8143109B0BDE8E7
:1057D000F08F6FF00201084670476FF0040198E700
:1057E000D0310020002130B58DB0282202A80191CF
:1057F00001F056FB02A800F047FF044610B1204616
:105800000DB030BD174D4FF0FF31286800F042F960
:10581000044620B1144800F0D3F9012C18D0002020
:1058200000F068F9D0B9114A02A901A800F0C4FC3F
:105830000446012000F05EF960B9286800F032F9F2
:105840000028DCD00A4800F0BBF920460DB030BD7E
:105850000524F2E7074800F0B3F9EEE7064800F048
:10586000AFF9E0E7B8200020F470000050320020CB
:105870004C7100002C7100000C71000030B583B039
:1058800000F05CF828B100F0ABF80324204603B028
:1058900030BD00F077F8D8B900F02CF9E0B9224C0F
:1058A000D4F828391B0EF02B0AD1D4F8242A1F4B28
:1058B0009A4231D000F044F8072400F091F8E5E76F
:1058C000062400F03DF800F08BF8204603B030BD10
:1058D0000424204603B030BD00F032F800F080F818
:1058E000FFF780FF044698B9114D2B68002BCDD1EE
:1058F00002460146FFF752FB50B968220D4901AB41
:10590000FFF77CFB20B920460B4B2B6003B030BD6A
:105910000524204603B030BD012000F0EBF800283C
:10592000DAD1C4F80C0ADBE7001084500000E02054
:1059300070340020743400205AEA5A5A002070470C
:1059400000207047430504D54FF0FF32034BC3F8E6
:105950000821024BC3F8080A704700BF00108450AA
:10596000014BC3F8040A70470010845008B100F0DE
:105970006BB84FF47500704708B100F04FB84FF4A2
:105980007500704710B5114800F070F800B110BDF7
:105990000F4800F06BF80028F9D10E4C204600F0BB
:1059A00065F80028F3D10C4B0C481C6000F05EF841
:1059B00001460028EBD100F02DF8044608B120463E
:1059C00010BD00F079F82046FAE700BFC82000209B
:1059D000C4200020C0200020B8200020BC200020CF
:1059E00008B5084800F04CF8074800F049F80748A7
:1059F00000F046F8064800F043F8BDE8084000F023
:105A00000BB800BFC8200020C4200020C020002008
:105A1000BC20002000207047704700BF024610B431
:105A2000084CD4F8003A1342FBD021B1D4F8043129
:105A30000B60C4F80831034B0020C3F8082A10BCDF
:105A4000704700BF00108450044AD2F8003A184250
:105A5000FBD0C2F8080A0020704700BF0010845035
:105A600001F0E4BA0A46002101F01ABA08B5034B66
:105A700002681B6810689847002008BDF4200020C9
:105A800008B5034B02685B6810689847002008BDA2
:105A9000F4200020024B02689B681068184700BF82
:105AA000F420002008B5034B0268DB6810689847B3
:105AB000002008BDF420002070B5094C094D206974
:105AC000AB68984718B1084B08485B6898470021B5
:105AD000074AEB6811602069BDE87040184700BFB5
:105AE000E0200020F4200020D82000206471000075
:105AF000DC340020F8B51A4D1A4E0446B268286905
:105B00009047E8B9184F3B684CB1A3B1012B19D0AD
:105B1000013B3B602869F36898470020F8BD43B912
:105B20000121124AC2F800151149D1F81029002AA2
:105B3000FBD101333B60F368286998470020F8BD2A
:105B40000C48F8BD0A4AD2F81039002BFBD1074A9D
:105B50006FF07E40C2F80035FFF702FF3B68D7E7E1
:105B6000E0200020F4200020DC34002000008450DD
:105B700000108450E98FFFFF014B1B68184700BFDE
:105B8000F4200020014B9B68184700BFF420002040
:105B9000014BDB68184700BFF4200020BFF34F8F94
:105BA0000549064BCA6802F4E0621343CB60BFF3B9
:105BB0004F8F00BFFDE700BF00ED00E00400FA05D5
:105BC00030B44FF0FE320025074B084C08494968B5
:105BD000C3F80024C3F80424C3F80824C3F80C2431
:105BE000C4F8005530BC08470010845000008450B1
:105BF000D820002010B5044650B1636813F0685FE8
:105C000005D0064A934202D000236260236010BD93
:105C1000034B04485B689847EFE700BF2C5F5CA923
:105C2000D820002084710000C8B143680D4A934217
:105C300013D013F0685F0ED0012350E8002F1946EF
:105C400040E8001C9CF0000FF7D1012AF5D0BFF30B
:105C50005F8F0020704704487047044870476FF416
:105C6000E04070472C5F5CA9E98FFFFFEA8FFFFFE0
:105C7000034680B1426809498A420AD012F0685F3F
:105C800005D0BFF35F8F002210461A6070470448AA
:105C90007047044870476FF4E04070472C5F5CA980
:105CA000E98FFFFFEA8FFFFF10B5044620B1002304
:105CB000034A2360626010BD0248FFF781FFF6E7E8
:105CC0003A00003AAC7100002DE9F047002878D086
:105CD0000C46002975D01D46002B72D007461AB11C
:105CE000012200232A6003602B68002B64D0294620
:105CF000204600F0B7FD804600285FD12146286885
:105D000000F096FD8046002858D12B68082B6CD0F7
:105D1000042B6DD0A3F10209B9FA89F94FEA591998
:105D20000121354EC6F8C411C6F84011C6F8C41199
:105D3000636AC6F83031D6F830219342F6D14FF07D
:105D4000000A4FF0FF30C6F82CA1FFF7FBFD6FF003
:105D50001B035046C6F80031FFF702FEC6F80C914F
:105D6000D6F8040A40F48060FFF7FAFD0A23C6F86B
:105D70003831089B012B29D02369204AA2FB032339
:105D80001B09626A404602FB03F303EB43031A4A12
:105D9000DB039B09C2F8D8310123C2F82C313B68E0
:105DA0002A6823F07F4343EA02633B602A6843EAA0
:105DB00002233B60BDE8F087DFF844804046BDE841
:105DC000F087DFF840804046BDE8F0874FF47F035E
:105DD000D3F80C2C013206D0D3F80C3C074AA2FBB6
:105DE00003231B09CDE71623CBE74FF0030997E701
:105DF0004FF0020994E700BF00108450ABAAAAAA92
:105E0000310CF100350CF10058B34B1EB3F5047F93
:105E100027D230B54FF0000ECD00744671464B09C5
:105E200001F01F0C50F82330BCF11F0F23FA0CF3C4
:105E300006D003F0010319B901211C468E46EEE796
:105E40009C4201F1010106D01C464FF0010EA9420F
:105E5000E5D1002030BD0EF1010E9645F7D1024884
:105E600030BD0148704700BF360CF100C0B32DE9CA
:105E7000F0434C1EB4F5047F1DD2E3B1DAB1002526
:105E80002E46A8462C46CF0003F1FF394FEA541C9A
:105E900004F01F0E50F82C10BEF11F0F21FA0EFC5B
:105EA0000CD00CF0010C4CB90126E04634463546C6
:105EB000ECE7964216D90C48BDE8F083AB420BD014
:105EC000C44508BF0136A945F3D001350134BC42B1
:105ED000DCD10020BDE8F0830125E0462E46F5E741
:105EE000014870471D46F1E7370CF1002DE9F04FEE
:105EF00091B08346DDE91B460D46002E6ED10F6939
:105F00001C6000231A990B60002A00F02F819D4B22
:105F10006A6AD3F83811D3F830319A4269D10A2924
:105F200067D19BF80330089304F108030793042317
:105F30000593954B934CA3FB07239B0803EB43036B
:105F4000A7EB4303039306971A9B069E1E60002E41
:105F500000F0EA8000F096FC00230993BBF1000FEB
:105F600000F0D58098464FF0010ADDF81C90002D16
:105F700000F0CD80089B002B3DD0284608A900F0FA
:105F800071FC002839D0814B984220D0089B082B07
:105F900000F0E48000225B000893294608AB5846D5
:105FA0000092FFF791FE7A4B984200F0D38070B9CF
:105FB000DBF80020130A03F47F03134323F07F432D
:105FC000CBF80030059B013B0593BDD10020039029
:105FD00000F058FC039811B0BDE8F08F4FF47F013A
:105FE000D1F80C0C01300CBF4FF40477D1F80C7CC5
:105FF00086E76848EBE76648C5E72946089800F059
:1060000017FC0028BFD1089B082B00F0A980042BA7
:1060100000F0A980A3F10203B3FA83F35B090493B0
:10602000C4F8C4A1C4F840A1C4F8C4A16B6AC4F800
:106030003031D4F830219342F6D100234FF0FF30B5
:10604000C4F82C31FFF77EFC002318466FF01B03C9
:10605000C4F80031FFF784FC049B4B4FC4F80C31AB
:10606000D4F8040A40F48060FFF77AFC0A23C4F8ED
:1060700038312B6909A8A7FB03236A6A1B0902FBB5
:1060800003F303EB4303DB039B09C4F8D831C4F8E3
:106090002CA1DBF80030089923F07F420B0243EA81
:1060A00001631343CBF8003000F0B2FB099B03F00F
:1060B0001A0303437FF46AAFA7FB0637D4F8143101
:1060C000B8EB970F0A93D4F818310B93D4F81C311E
:1060D0000C93D4F820310D93D4F824310E93D4F8D6
:1060E00028310F9301D1039B9BB9484618220AA976
:1060F000183EFFF7B5FC09F1180908F101089EB137
:1061000000F0C0FB00230993002D7FF433AF224839
:1061100039E748461A46F61A0AA9994408F10108CF
:10612000FFF79EFC002EEBD1069F079E6A69394659
:106130003046FFF769FEAA6940B94FF480633946DB
:106140003046FFF793FE00283FF440AF00231A9A31
:10615000136018E72B6A002B3FF439AF0F4836E77E
:10616000032304935CE70223049359E701222946A1
:106170005846009608ABFFF7A7FD00283FF4D4AEC1
:1061800025E700BF00108450ABAAAAAA020CF100B8
:10619000310CF100300CF100350CF100320CF10043
:1061A00010B4DDE9013401940024DDF80CC0CDE920
:1061B00002C410BCFFF79ABE30B51546012487B063
:1061C00005AB00930022CDE9015404ABFFF78EFE2E
:1061D00007B030BDF0B587B0002966D01E46002B51
:1061E00063D01446002A60D0314F0D4638684FF016
:1061F000FF31FFF74FFC00284DD10020FFF77AFC5C
:10620000002844D12B4800F03FFAD8B101204FF0CC
:10621000FF35FFF76FFC002835D14FF40871264891
:10622000FEF70EFF04212548FEF70AFF214828212A
:10623000FEF706FF3868FFF735FC00282FD1284607
:1062400007B0F0BD1C4A0346029205AA019204AAB7
:1062500003900092174902461848FFF7A1FF034632
:106260000028D3D128461D46059B22469C4228BFC4
:106270001A46049932600831FFF7F2FB0120FFF75C
:1062800039FC0028C9D00E48FFF79AFCC5E70D4835
:10629000FFF796FCB6E70C48FFF792FCADE70B481A
:1062A000FFF78EFC284607B0F0BD4FF0FF35C6E77C
:1062B000B8200020F43400201C350020F0340020E9
:1062C0002C7100000C710000F4700000D07100000F
:1062D00010B5044628B12046BDE81040F421FFF770
:1062E000C1BB0448FFF76CFC2046BDE81040F42118
:1062F000FFF7B8BBE871000010B1F421FEF7A0BEB3
:10630000704700BF08B521B1012908D06FF03600F1
:1063100008BD012100F058F80028F7D108BD02217E
:1063200000F052F80028F9D0F0E700BF30B505467C
:106330008818B0F5801F0B461446A1B001D8802AFA
:106340000CD9B3F5801F17D922461946284600F00C
:106350007DF8044684B9204621B030BD6846FFF779
:106360007FFB22466946284600F070F880210446EB
:106370006846FFF777FBEDE76FF03604EBE700BF09
:1063800070B5E8B10E46D9B1044600F031F80546C3
:10639000B0B92368012B0BD0022B01D0284670BD69
:1063A0001C22304604F10801FFF75AFB284670BD55
:1063B0002022304604F10801FFF752FB284670BD49
:1063C0006FF03605EAE700BF78B138B50D46F02129
:1063D0000446FFF747FB402320462560E36500F0B5
:1063E00091FA003818BF012038BD0120704700BF66
:1063F000F0B5056EA5B0044604AEE5B9002301274B
:10640000019330466760294602AA009300F046FADD
:1064100010B1012025B0F0BD2A46204602A900F0A7
:1064200099FA0028F5D1204600F0AAFB0028F0D107
:10643000206625B0F0BD802D2A46304628BF802238
:1064400004F16401FFF70CFB256ED7E7002800F08C
:10645000AE802DE9F04F1446A5B0002A3DD00F467E
:10646000002949D0B2F5803F0546006E20D34FF693
:10647000FF7805F1640AEB6D1A1AB2FBF3F103FB26
:106480001122002A65D18342B9464FF6FF7672D0B9
:10649000B6FBF3FB03FB0BFBBBF1000F30D1002E6F
:1064A00045D1A4F57F44FF3CB4F5803F4744E2D298
:1064B000EA6D161AB6FBF2F302FB1366A64228BF7A
:1064C0002646002E75D1824200F08D80B4FBF2F694
:1064D00002FB06F62EB9002C79D1002025B0BDE8CC
:1064E000F08F002331463846CDE9003302AA00F090
:1064F000D5F9002800F09580012025B0BDE8F08F87
:10650000002359464846CDE9003302AA00F0C6F9F7
:106510000028F1D15A46284602A900F01BFA0028AB
:10652000EAD1A6EB0B06286ED944002EB9D019305B
:106530004946324605EB8000FFF792FAA4F57F4406
:10654000286EFF3C3044B4F5803F4744286692D221
:10655000AEE7424528BF4246164639465044FFF74B
:106560007FFA286EEB6D3044834207EB06092866FC
:10657000A8EB06068CD1802B28BF802351461A46F3
:1065800004A8FFF76DFA0023E96D02AACDE90033F4
:1065900004A800F083F90028AED12846EA6D02A9CC
:1065A00000F0D8F90028A7D1EB6D286670E701202C
:1065B000704705F16403394632461844FFF750FA34
:1065C000286EEA6D3044A41B374428667BE72B6EA7
:1065D0002246193305EB83003946FFF741FA2B6E4B
:1065E00023442B6679E7802A28BF802205F16401C5
:1065F00004A8FFF735FA0023E96D04A8CDE90033BC
:1066000002AA00F04BF900287FF476AF2846EA6D25
:1066100002A900F09FF900287FF46EAFEA6D2866AA
:1066200054E73246284602A900F094F900287FF486
:1066300063AF3744A41B4EE7F8B51C460546114826
:1066400016460F46FFF744FE21460E48FFF75AFE56
:10665000044620B10B48FFF74FFE2046F8BD3A46EE
:1066600029460848FFF762FE04460028F2D1314669
:106670000448FFF785FE04460248FFF73DFE20462A
:10668000F8BD00BF3C3700201C2370B582B001A9C3
:106690000546019300F032F8044638B9019B1C2BE3
:1066A00007D0144C1C212846FFF7DCF9204602B025
:1066B00070BDD5E90112131E18BF0123003918BFA0
:1066C0000121012628689B00EA6843EA410300286B
:1066D00018BF43F00103EE612AB9C5E90834002B65
:1066E000E4D1054CDEE7204643F00803C5E9083451
:1066F00002B070BD370CF0000E0CF000034600280D
:1067000066D0002964D00A681C2A61D14FF47F0248
:106710003B49D2F8100C88425CD0D2F8101C0131F1
:1067200058D0D2F8101C4FF47F021960D2F8140C24
:106730003449884260D0D2F8141C01315CD0D2F8C0
:10674000141C4FF47F025960D2F8181C11F5947F85
:106750004FD0D2F8181C01314BD0D2F8181C4FF48E
:106760007F029960D2F81C0C274988423ED0D2F8AB
:106770001C1C01313AD0D2F81C1C4FF47F02D960A6
:10678000D2F8001C70312FD0D2F8001C01312BD070
:10679000D2F8001C4FF47F021961D2F8041CAF310B
:1067A00020D0D2F8041C01311CD0D2F8041C4FF4C4
:1067B0007F025961D2F8080C144988420DD0D2F8F2
:1067C000081C013109D0D2F8082C00209A617047CA
:1067D0000120704740F6FC01A5E740F23732002067
:1067E0009A6170475121E2E79021D3E742F6041104
:1067F000C3E740F6D861B2E742F2D001A1E700BF9B
:10680000FCF8FFFFD020FFFF0429FFFF37F3FFFF55
:10681000014608B54FF48060FFF7AEF80022034B45
:10682000C3F8C821C3F82C2108BD00BF0010845054
:106830000138072805D8DFE800F0100E040A040428
:10684000040607487047CB6800204B6270478B688E
:1068500000204B6270474B68F6E70B68F4E700BF17
:10686000310CF1000B6802E0082B0B6006D8026ABD
:1068700013424FEA4303F7D00020704700487047A7
:10688000310CF1000022044B4FF48060C3F82C213E
:10689000C3F8C421FFF756B800108450F0B50024A7
:1068A00083B0B0F1005F8DF8074025D38C46844457
:1068B000BCF1804F04461FD817461D4601220DF13A
:1068C000070300F097F90646B0B99DF80730099A1A
:1068D0003C603B7192B14DB10246089928460DF1DA
:1068E000070300F087F938B99DF807303046099A58
:1068F0001560137103B0F0BD4FF47506304603B058
:10690000F0BD00BFD8B108B50368012B04D0022B3D
:106910000FD043B10B4808BD20220B490830FFF7C8
:106920009FF8002008BD142208490830FFF798F8A6
:10693000F7E7202206490830FFF792F8F1E74FF415
:10694000730070470100F300F87100003872000016
:10695000187200002DE9F843002900F0F980044680
:10696000002800F0F98003680F469046002B00F0E5
:10697000C380013B012B00F2D7804FF0FF317848F4
:106980004FF00209FFF786F8002840F0BF80002092
:10699000FFF7B0F80646002840F0C280714AD2F8EE
:1069A0001C39002BFBD16F4DD5F8203C002BFBD1BF
:1069B0004FF0FF30FEF7C6FFD5F8040A20F0400084
:1069C000FEF7CEFF01230722C5F81838C5F80029C5
:1069D000C5F8C437A36CC5F8CC37E36CC5F8D0371D
:1069E000C5F8C09723685BB1013B012B18D8636AD7
:1069F000C5F85C36236AC5F85836E369C5F85436DD
:106A0000A269584BC3F850266269C3F84C26226924
:106A1000C3F84826E268C3F84426A268C3F84026B3
:106A2000504AD2F81039002BFBD1B8F1000F5FD0DB
:106A300063684020012B08BFC2F884363A68494B8E
:106A4000C3F8282CC3F82C8CFEF790FF0646454A65
:106A5000D2F81039002BFBD1424AD2F8203C002B4F
:106A6000FBD123685BB1013B012B18D8D2F85C360F
:106A70006362D2F858362362D2F85436E361394B58
:106A8000D3F85026A261D3F84C266261D3F8482689
:106A90002261D3F84426E260D3F84036A360002395
:106AA0000121304AD2F8CC07A064D2F8D007E064C4
:106AB000C2F8C417C2F88436C2F8C837D2F8103901
:106AC000002BFBD1C2F81838002E3BD1254BD3F850
:106AD000040A40F04000FEF743FF0120FFF70AF8E8
:106AE00060BB1F48FEF7DEFF10BB3046BDE8F883F1
:106AF0000423C2F8C837AAE74FF0FF3118484FF017
:106B00000109FEF7C7FF00283FF441AF1648FFF721
:106B100057F80020FEF7EEFF064600283FF43EAF90
:106B20001248FFF74DF839E7114E3046BDE8F883BB
:106B30001048FFF745F83046BDE8F8830E48FFF7E8
:106B40003FF8CEE7102104F10800FEF78BFFBDE708
:106B50000A4E3046BDE8F8834FF47306C5E700BF20
:106B6000C820002000108450F47000000C71000058
:106B70000100F3004C7100002C7100000300F300D1
:106B8000A0B3034670B4D0E90240D3E9041226BA98
:106B900005BA0CBA10BAC3E90440D3E90612986AE0
:106BA00009BAC3E9026512BA996100BAD3E908418A
:106BB00025BA0CBAC3E90725D3E90B12C3E909408A
:106BC00009BAD86B12BAD962D3E90D4125BAC3E923
:106BD0000C250CBA00BAD3E9101209BA12BAC3E9EB
:106BE0000E40196400205A6470BC70474FF4730063
:106BF000704700BF00201870704700BF08B5074BF2
:106C0000044613B10021AFF30080054B1868836A76
:106C100003B19847204600F08DF800BF0000000047
:106C20004C72000070B50D4D00260D4C641BA41075
:106C3000A64209D10B4D00260B4C00F02DFA641B27
:106C4000A410A64205D170BD55F8043B0136984703
:106C5000EEE755F8043B01369847F2E7C807000015
:106C6000C8070000C8070000CC070000431810B593
:106C700001D21F2A01D9002010BD013902F01403EE
:106C80000144102B80EA01043CD009DC8BB1042BB9
:106C9000F1D11F2C40E840F315D941E840F10EE056
:106CA000142BE8D11F2C40E8C0F30CD941E8C0F107
:106CB00005E01F2C40E800F305D941E800F11C462F
:106CC0000B468C42D7D122F01402013A0A2AD2D8BC
:106CD00001A151F822F000BF276D0000216D0000D6
:106CE000136D0000776C0000776C0000776C00007B
:106CF000776C00002D6D0000276D00001B6D0000FB
:106D0000136D00001F2C40E880F3DCD941E880F1CE
:106D1000D5E713F4001FAFD1ADE713F4801FFAE7F6
:106D20005B02A9D5A7E713F4002FF4E713F4802F33
:106D3000F1E700BFFEE700BF002383F30088704740
:106D400000BF80B500AFFCF783FE00BF80BDEFF34E
:106D50000880EFF309812DE9F00F6B467246FAF7D0
:106D6000F7F808B0FFF7EDFFFEE700BF80B500AF12
:106D7000FCF76EFE00BF80BDEFF30880EFF30981E2
:106D80002DE9F00F6B467246FAF7E2F808B0FFF70C
:106D9000EDFFFEE700BF80B500AFFCF759FE00BF76
:106DA00080BDEFF30880EFF309812DE9F00F6B460A
:106DB0007246FAF7CDF808B0FFF7EDFFFEE700BF27
:106DC00080B500AFFCF744FE00BF80BDEFF3088044
:106DD000EFF309812DE9F00F6B467246FAF7B8F828
:106DE00008B0FFF7EDFFFEE700BF80B500AFFCF78E
:106DF0002FFE00BF80BDEFF30880EFF309812DE97E
:106E0000F00F6B467246FAF7A3F808B0FFF7EDFFF4
:106E1000FEE700BF80B487B000AFF860B9607A6069
:106E2000FB687B61BB683B610AE03A69531C3B61CC
:106E30007B69591C796112781A707B68013B7B6011
:106E40007B68002B15D07B6903F00303002BECD18A
:106E50003B6903F00303002BE7D10AE03A69131DF5
:106E60003B617B69191D796112681A607B68043B7C
:106E70007B607B68032BF1D807E03A69531C3B61C8
:106E80007B69591C796112781A707B685A1E7A6086
:106E9000002BF2D1FB6818461C37BD4680BC7047FA
:106EA00080B487B000AFF860B9607A60FB683B617E
:106EB000BB681A06BB681B041A43BB681B021A4353
:106EC000BB6813437B6108E03B695A1C3A61BA68AE
:106ED000D2B21A707B68013B7B607B68002B0DD0BF
:106EE0003B6903F00303002BEED107E03B691A1D59
:106EF0003A617A691A607B68043B7B607B68032B8C
:106F0000F4D805E03B695A1C3A61BA68D2B21A70EB
:106F10007B685A1E7A60002BF4D1FB6818461C3738
:106F2000BD4680BC704780B582B000AFEFF30583EB
:106F30007B607B683B603B88C3F308039BB2002BFC
:106F400001D0FCF785FDFCF7FBFF03461846083728
:106F5000BD4680BD80B584B000AF7860EFF3058397
:106F6000FB60FB68BB603B89C3F308039BB2002B4B
:106F700001D0FCF76DFD7868FCF7EAFF0346184680
:106F80001037BD4680BD80B586B000AFF860B960EF
:106F90007A603B60EFF305837B617B693B613B8AF1
:106FA000C3F308039BB2002B01D0FCF751FD3B68F3
:106FB0007A68B968F868FBF7A5FD034618461837E4
:106FC000BD4680BD80B586B000AFF860B9607A601C
:106FD0003B60EFF305837B617B693B613B8AC3F3D5
:106FE00008039BB2002B01D0FCF732FD3B687A68A6
:106FF000B968F868FBF7F6FD00BF1837BD4680BDDD
:1070000080B582B000AFEFF305837B607B683B60A7
:107010003B88C3F308039BB2002B01D0FCF718FD9B
:10702000FCF74BFF00BF0837BD4680BD884210B556
:1070300001EB020402D98442234607D8431EA14231
:1070400008D011F8012B03F8012FF8E7024401469C
:107050008A4200D110BD13F8014D02F8014DF7E747
:107060002DE9E04F2746A046A146A246A346A446E6
:10707000A2B02DEC000A84F3008825462646A447DA
:10708000EFF3148515F0080F18BFB0EE400A3DEC81
:10709000000A22B0BDE8E08FF8B500BFF8BC08BC1C
:1070A0009E467047F8B500BFF8BC08BC9E467047C6
:1070B0007AFFFFFF54464D5F43525950544F000032
:1070C00054464D5F504C4154464F524D5F534552CC
:1070D0005649434500000000FF8FFFFFFF8FFFFF71
:1070E000FE8FFFFFFE8FFFFFFD8FFFFFFC8FFFFF77
:1070F000FC8FFFFF4661696C20746F2061637175BE
:10710000697265206D757465780A00004661696C66
:1071100020746F20696E63726561736520504D2025
:10712000636F756E7465720A000000004661696CD9
:1071300020746F20646563726561736520504D2013
:10714000636F756E7465720A000000004661696CB9
:1071500020746F2072656C65617365206D75746550
:10716000780A0000436F756C64206E6F74206C6F3A
:10717000636B20706F7765722073617665206D7523
:10718000746578006D757465785F667265652063F7
:10719000616C6C65642077697468204E554C4C2096
:1071A000706172616D6574657200000043616E27E5
:1071B0007420696E697469616C697A65206D757493
:1071C00065782C20776173204E554C4C0D0A0000D9
:1071D0004661696C20746F20756E6C6F636B206DF7
:1071E000757465780A0000000A637478206973205A
:1071F0004E554C4C0A00000067E6096A85AE67BB35
:1072000072F36E3C3AF54FA57F520E518C68059B88
:10721000ABD9831F19CDE05BD89E05C107D57C365D
:1072200017DD703039590EF7310BC0FF1115586852
:10723000A78FF964A44FFABE0123456789ABCDEF50
:10724000FEDCBA9876543210F0E1D2C3242100203B
:10725000000000000000000000000000000000002E
:107C00007FE97FE9FCF77EBE7FE97FE9FCF78EBE66
:107C10007FE97FE9FCF7C6BE7FE97FE9FCF7B2BEEA
:107C20007FE97FE9FCF796BE00000000000000003D
:107C30000000000000000000000000000000000044
:107C4000440100001802000084210020E4210020EB
:107C5000E4210020FC21002090ED00E000300050E5
:107C600000A003507FA60350314D00002D4D0000B1
:107C7000A16E000000300050C0200020F020002045
:107C8000E8200020E4200020E0200020915B00009C
:107C9000855B0000795B0000000000009D5B000038
:107CA0001C210020142100200C21002000000000D5
:107CB00004210020A95C0000F55B0000295C0000A5
:107CC000715C0000E03400203A00003AE434002007
:107CD0003A00003AE83400203A00003AEC34002040
:107CE0003A00003A00000000000000000000000020
:107CF0000000000000000000000000000000000084
:107D00000000000000000000000000000000000073
:107D10000000000000000000000000000000000063
:107D20000000000000000000000000000000000053
:107D30000000000000000000000000000000000043
:047D4000000000003F
:020000040001F9
:10000000B0590120FD890100D980010091890100CA
:100010009189010091890100918901009189010074
:10002000000000000000000000000000958C0100AE
:1000300091890100000000004D8C010091890100B0
:1000400031910100319101003191010031910100A4
:100050003191010031910100319101003191010094
:100060003191010031910100319101003191010084
:100070003191010031910100319101003191010074
:100080003191010031910100319101003191010064
:100090003191010031910100319101003191010054
:1000A0003191010031910100319101003191010044
:1000B0003191010031910100319101003191010034
:1000C0003191010031910100319101003191010024
:1000D0003191010031910100319101003191010014
:1000E0003191010031910100319101003191010004
:1000F00031910100319101003191010031910100F4
:1001000031910100319101003191010031910100E3
:1001100031910100319101003191010031910100D3
:1001200031910100319101003191010031910100C3
:1001300031910100319101003191010031910100B3
:0401400031910100F8
:100148007BB972B90029BEBF00204FF0004106E01C
:1001580008BF00281CBF6FF000414FF0FF3000F0CF
:1001680057B8ADF1080C6DE904CE002909DB002B66
:100178001ADB00F061F8DDF804E0DDE9022304B0E1
:100188007047404261EB4101002B1BDB00F054F843
:10019800DDF804E0DDE9022304B0404261EB4101EF
:1001A800524263EB43037047524263EB430300F050
:1001B80043F8DDF804E0DDE9022304B0404261EBD6
:1001C80041017047524263EB430300F035F8DDF814
:1001D80004E0DDE9022304B0524263EB43037047B5
:1001E80053B94AB9002908BF00281CBF4FF0FF3196
:1001F8004FF0FF3000F00CB8ADF1080C6DE904CEFB
:1002080000F01AF8DDF804E0DDE9022304B07047D5
:10021800704700BF10F8012B11F8013B012A28BFD5
:100228009A42F7D0D01A7047034613F8012B002AD8
:10023800FBD1181A013870472DE9F04786468C46DD
:100248000846089E154674461946002B40F0C180A2
:100258008542B2FA82F245D94AB1C2F1200300FAC6
:1002680002FC954094402EFA03F343EA0C0C4FEA43
:10027800154EA8B2230CBCFBFEF80EFB18CC08FBED
:1002880000F943EA0C43994528D9EB1808F1FF37E0
:1002980004D2994502D9A8F102072B44A3EB09031C
:1002A800A4B2B3FBFEFC0EFB1C330CFB00F044EACB
:1002B8000344A04214D92C190CF1FF3304D2A042F4
:1002C80002D9ACF102032C44241A43EA07401EB1B8
:1002D800D440002334607360BDE8F0874746DDE70B
:1002E8006346F1E792BB431B01214FEA154EAFB2BB
:1002F800200CB3FBFEFC0EFB1C330CFB07F840EA9A
:100308000343984561D9EB180CF1FF3004D29845A6
:1003180002D9ACF102002B44A3EB0803A4B2B3FB4F
:10032800FEFC0EFB1C330CFB07F744EA0344A74210
:100338004DD92C190CF1FF3304D2A74202D9ACF1E4
:1003480002032C44E41B43EA0040C0E7C2F1200347
:100358009540944020FA03F12EFA03F34FEA154E24
:100368009040AFB20343B1FBFEFC0EFB1C10190C0E
:100378000CFB07F841EA0041884522D969180CF1BD
:10038800FF3004D2884502D9ACF102002944A1EB20
:1003980008019BB2B1FBFEFC0EFB1C110CFB07F71E
:1003A80043EA01439F420ED9EB180CF1FF3104D206
:1003B8009F4202D9ACF102012B44DB1B41EA004108
:1003C80093E76046E3E76146F7E76046A4E76346DC
:1003D800B8E7834206D916B9002108467CE7C6E982
:1003E80000E0F9E7B3FA83F78FB9834201D3724586
:1003F80008D8BEEB020460EB030301209C461EB93B
:10040800002169E73846FAE7C6E9004CF8E7C7F182
:10041800200CBB400EFA07F522FA0CF42EFA0CF168
:10042800BA401C4320FA0CF3B8404FEA1449014380
:100438001FFA84FEB3FBF9F809FB18300B0C08FB14
:100448000EFA43EA00439A4540D9E31808F1FF3011
:1004580004D29A4502D9A8F102002344A3EB0A0367
:1004680089B2B3FBF9F809FB183308FB0EFE41EA21
:1004780003418E452CD9611808F1FF3304D28E450B
:1004880002D9A8F10203214443EA0040A1EB0E017E
:10049800A0FB02984145CE46434602D306D14D45BE
:1004A80004D20138B9EB020E68EB0403002EA7D082
:1004B800B5EB0E0261EB030101FA0CFC22FA07F31B
:1004C800F9404CEA0303C6E9003199E74046C5E71D
:1004D8004346D9E700000000F0B587B0384B1B68E9
:1004E80005934FF00003012853D10D468A68354B18
:1004F8009A4255D81AF05AFBC00B40EA4140C90B42
:10050800314CA0FB047004FB01061AF04FFBC0F34A
:100518000E00A0FB0403C00B40EA43403F1846F11D
:1005280000062B686968A3FB043204FB0122A96852
:100538005B1842EBE172DF1B62EB06061EA3D3E9F0
:10054800002338463146FFF7FBFDCDE900011AA329
:10055800D3E9002338463146FFF7F2FD0292EFF364
:100568001185202383F31288BFF36F8F174C6B46D6
:100578000FCB84E80F0085F31188BFF36F8F00203D
:100588000F4B1A68059B5A404FF000030FD107B074
:10059800F0BD09F0DBFA162303604FF0FF30EFE7F8
:1005A80009F0D4FA162303604FF0FF30E8E71AF099
:1005B800B3F800BFAFF3008000CA9A3B0000000008
:1005C800B0D90120FFC99A3B00CA9A3B40DE0020FF
:1005D80000B583B0084B1B6801934FF00003064B2E
:1005E8001A68019B5A404FF0000302D103B05DF82E
:1005F80004FB1AF091F800BFB0D9012000B583B010
:10060800154B1B6801934FF0000303885A00C2EB97
:10061800E102B0F902C00CFB02F2C3EB211101FBAD
:1006280001F31B13B0F9041001FB03F39B1303EB55
:10063800E223036303EB830380331B124362064BFD
:100648001A68019B5A404FF0000302D103B05DF8CD
:1006580004FB1AF061F800BFB0D901202DE9F04180
:1006680082B00446654B1B6801934FF00003026B90
:10067800D317B2F5FA3C43F1FF330CFB03F0ACFBA4
:100688000C2707EB4007B4F910004FEAE07E02FBA5
:100698000EFE00FB07EEA2FB00608644B4F90E00D4
:1006A8004FEAE07800FB03F50CFB0855A0FB0C08AB
:1006B80045446D0445EAD035400480194EEB050EDB
:1006C800B4F90C500EEBC50EB4F90A50EE1702FB44
:1006D80006F605FB0766A2FB05252E44120A42EA28
:1006E8000662B4F90850EF1705FB03F30CFB073358
:1006F800A5FB0C5C63441B0343EA15532D035219F5
:1007080043EB262303F50043E688A2FB062506FBF8
:1007180003556A10EB1753EA65056AD0C1F58015D1
:100728006910ED072D1A61EB0E0E15EB050C4EEB5B
:100738000E011CEB050C4EEB0101880140EA9C60A0
:100748004FEA8C161CEB060C41EB0001890041EACC
:100758009C714FEA8C0C1CEB050C4EEB01018900D7
:1007680041EA9C714FEA8C0040194EEB0101FFF7FA
:10077800E7FC0346B4F916604FEAE67C420B42EA0E
:10078800C1424F1306FB07F502FB0C55A6FB026C92
:10079800654402FB05F506FB0755A2FB0626354412
:1007A800520E42EAC512B4F914604FEAE67C06FB21
:1007B80001F70CFB0070A6FB03673844F60C46EA09
:1007C80040369B1841EB65619B1941EBE0411B0AE0
:1007D80043EA0163B4F9122003EB0213A362074B47
:1007E8001A68019B5A404FF0000305D102B0BDE8DA
:1007F800F0810023A362F2E719F08EFFB0D901203F
:1008080000B583B0264B1B6801934FF00003036BC0
:10081800A3F5963CB0F91E301B05C3EB8133B0F944
:1008280020200CFB123303F58043DA1390F92230B1
:100838000CFB03F39B12017F0CFB01F1C91201F5BC
:10084800004101FB03F39B1203F50013B0F91A10E2
:1008580001FB03F303F500539B1302FB03F3DA13C5
:1008680002FB02F2D211017E01FB02F2A3EB22137A
:10087800002B10DDB3F1C85FA8BF4FF0C8531B139E
:10088800C362074B1A68019B5A404FF0000304D11A
:1008980003B05DF804FB0023F1E719F03DFF00BF4A
:1008A800B0D901202DE9F04387B000AF0E461446B9
:1008B800244B1B687B614FF00003551C02F10803B1
:1008C80023F00703ADEB030DE846ADEB030D60F035
:1008D8007F03404600F8013BFF211DF044F92A46FA
:1008E800002168461DF03FF9C7F80480BD60C7F8CD
:1008F8000CD03D61144D4FF08008C5F80C800022E3
:10090800391D124815F03CF8C5F80880104B98427C
:1009180012D1E946224609F1010130461DF016F9C7
:100928000020084B1A687B695A404FF0000306D133
:100938001C37BD46BDE8F0836FF00400F1E719F0FD
:10094800EBFE00BFB0D901200025844068C6002016
:100958000000AD0B30B589B0174B1B6807934FF0FB
:10096800000300F07F008DF814008DF815100022A8
:10097800ADF8182005AB01930223029306A9039151
:1009880004930E4C8025E56001A90D4814F0F8FF8A
:10099800A5600C4B984209D10020074B1A68079BA9
:1009A8005A404FF0000304D109B030BD6FF0040085
:1009B800F3E719F0B1FE00BFB0D90120002584404B
:1009C80068C600200000AD0B00B583B0114B1B6852
:1009D80001934FF000036320002119F08DFC0122E0
:1009E8000DF10301F320FFF75DFF024620B99DF8E2
:1009F800033013F0090FEED1064B1968019B5940DB
:100A08004FF0000303D1104603B05DF804FB19F062
:100A180083FE00BFB0D9012070B584B00546204BD5
:100A28001B6803934FF00003FFF7CEFF80B39DF8D8
:100A380004309DF80540240144EA03349DF806304B
:100A480044EA13149DF807209DF808301B0143EA77
:100A580002339DF809109DF80A209DF80B6046EABC
:100A6800022643EA11112846FFF7C8FD2146284609
:100A7800FFF7F4FD31462846FFF7C2FE084B1A6817
:100A8800039B5A404FF0000308D1002004B070BD0A
:100A9800082201A9F720FFF705FFC8E719F03CFE77
:100AA800B0D9012010B58AB00446354B1B680993AC
:100AB8004FF00003182201A98820FFF7F3FE034630
:100AC80048B12F4A1168099A51404FF0000255D198
:100AD80018460AB010BDBDF804302380BDF90630B1
:100AE8006380BDF90830A380BDF80A30E380BDF902
:100AF8000C302381BDF90E306381BDF91030A3811C
:100B0800BDF91230E381BDF914302382BDF91630E6
:100B18006382BDF91830A382BDF91A30E38201223D
:100B280004F11801A120FFF7BDFE03460028C8D133
:100B3800072207A9E120FFF7B5FE03460028C0D128
:100B48009DF81D109DF81C2042EA012262839DF841
:100B58001E2022779DF81F009DF8201001F00F023B
:100B680042EA0012E2839DF82120120142EA1112A2
:100B780022849DF9222084F82220A2E719F0CCFDD6
:100B8800B0D90120D0B582B00F4B1B6801934FF04C
:100B98000003632600273046394619F0ADFBB6211D
:100BA800E020FFF7D7FE04463046394619F0A4FB8B
:100BB800054B1A68019B5A404FF0000302D12046AA
:100BC80002B0D0BD19F0A8FDB0D9012070B582B02F
:100BD80004461D4B1B6801934FF00003012200F1EE
:100BE8003401D020FFF75EFE28BB054694F8343068
:100BF800602B23D1FFF7E8FE064650B1AEB1124B89
:100C08001A68019B5A404FF000031AD1284602B0D7
:100C180070BD2046FFF746FF08B13546EFE70421CF
:100C2800F220FFF797FE0646E8E79321F420FFF746
:100C380091FE3546E3E76FF08505E0E76FF085053F
:100C4800DDE719F069FD00BFB0D9012010B582B009
:100C58000C460B4B1B6801934FF000030A460146F4
:100C6800084804F097F9064B1A68019B5A404FF060
:100C7800000302D1204602B010BD19F04DFD00BF9F
:100C8800B0D901204CF3002030B58DB005460C4694
:100C98001D4B1B680B934FF0000319F087FF4A01A7
:100CA80042EAD06243011B1A62EB0102920042EA57
:100CB80093729B001B1842EB0102D20042EA537266
:100CC800C3F3103343EA4243D20B009301920F4A15
:100CD800202103A801F030FC021E0DDC2A46214623
:100CE8000B4806F0FDFC084B1A680B9B5A404FF066
:100CF800000306D10DB030BD03A9064804F04AF937
:100D0800ECE719F009FD00BFB0D9012028E5020081
:100D18005CE502004CF3002010B582B0124B1B6852
:100D280001934FF00003114B1A68114B9A4209D1F5
:100D38000D4B1A68019B5A404FF0000312D1002056
:100D480002B010BD094C41F22402002120461CF0DB
:100D58000AFF074B23604FF48053236204F12403F6
:100D68006360E5E719F0D8FCB0D9012048F300200A
:100D780052474F4C10B584B0224B1B6803934FF079
:100D880000032148214B986216F048FD08B31F4B19
:100D98004FF478211960986A6A460BF067FD04469B
:100DA800F8B91A48019B83810423C38104F01EFF0C
:100DB8000446E8B9164A0321164805F0F9FF114B15
:100DC8001A68039B5A404FF0000318D1204604B01C
:100DD80010BD114A01210F4805F0EAFF6FF0120417
:100DE800EDE703460D4A01210A4805F0FBFFE6E757
:100DF80003460B4A0121074805F0F4FFDFE719F025
:100E08008BFC00BFB0D90120A8E10200CCE800208B
:100E1800BCE502000CE402006CE5020084E5020077
:100E2800A4E5020000B585B0ADF806100B4B1B68B1
:100E380003934FF0000302230DF106020146084810
:100E480004F06AFF054B1A68039B5A404FF00003F1
:100E580002D105B05DF804FB19F05EFCB0D90120A1
:100E6800CCE8002000B583B00A460C4B1B68019300
:100E78004FF0000302230146094805F099F8074B93
:100E88001A68019B5A404FF0000304D100EAE07051
:100E980003B05DF804FB19F03FFC00BFB0D9012096
:100EA800CCE8002000B583B00B4B1B6801934FF0D2
:100EB8000003B0F5A07F09D0074B1A68019B5A4080
:100EC8004FF0000306D103B05DF804FB034B012289
:100ED8001A70F1E719F020FCB0D901202EF3002098
:100EE8002DE9F04FA1B002AFBB4B1B687B674FF0F9
:100EF80000034FF480484FF000094046494619F076
:100F0800FBF9B64EB64A0321304605F051FF40F6CC
:100F1800CD4A4FF0000B5046594619F0EDF9002222
:100F280006210F2007F084FF4046494619F0E4F9EE
:100F3800AC4A0321304605F03BFFAB4BD3F8002207
:100F4800AA490A4042F00302C3F80022D3F81C223F
:100F58000A4042F00302C3F81C2201259D6080224A
:100F68009A605046594619F0C7F92022002107F126
:100F78001C001CF0F8FD0523FB6104233B627D6225
:100F88004FF0FF33BB624FF0070287F82D2087F838
:100F98002E30974B3B63974B3B63022387F82D30EA
:100FA80000231A4607F11C01934814F09FFC504691
:100FB800594619F0A1F9914A0321304605F0F8FE87
:100FC8004046494619F098F98D4B07F1080693E811
:100FD800030086E803008B4B3B614FF0000A87F85B
:100FE80014A087F815A04FF00702BA75C7F818A023
:100FF80003237B75844BBB61844A07F1100130469B
:1010080014F066FE304614F09FFE4FF4FA71304635
:1010180014F0B2FE024600952B465146304614F0B5
:10102800FDFE4046494619F067F90FF061F80028BF
:1010380040F09E80764816F0F1FB002800F09E8074
:10104800734DAE68336873492846984733687249C8
:101058002846984733687149284698473368704945
:101068002846984733686F492846984700256E4BAD
:101078001D80FD633D6407F144066C4B0FCB86E889
:101088000F00FFF777FE40F6CD40002119F034F944
:1010980067492846FFF7E6FE002875D16549012013
:1010A800FFF7E0FE00287CD163490220FFF7DAFE53
:1010B800002840F082805F4B1B88484D5F4A03211F
:1010C800284605F08FFE5C4B1B885D4A03212846A5
:1010D80005F088FE564B1B885A4A0321284605F01E
:1010E80081FE4FF400484FF000094046494619F088
:1010F80003F93D4BD3F800223C490A4042F0030271
:10110800C3F80022D3F81C220A4042F00302C3F8B5
:101118001C2201229A6080229A6000237B65BB65AD
:10112800FB653B667B66BB66FB663B6740F6CD406E
:10113800002119F0E1F8444A0321284605F038FE59
:10114800FFF720FD414A0321284605F031FE4048BB
:10115800FFF73CFD3F4A0321284605F029FE40469B
:10116800494619F0C9F84046494619F0C5F8A0E0C3
:10117800394A2946194805F01BFE5BE7374A012121
:10118800164805F015FEFEE74FF47A61284B1980E2
:101198002846FFF747FE324A0321104805F008FEAB
:1011A8007CE73721234B19800120FFF73BFE2D4AAE
:1011B80003210A4805F0FCFD76E723211E4B198020
:1011C8000220FFF72FFE284A0321044805F0F0FD0E
:1011D80071E76FF0004182E0B0D90120D4E302004A
:1011E800E8E50200FCE5020000258440F0F8FCFF79
:1011F80000093D0000127A0068C6002008E60200D7
:10120800F0E402000024F4001CE60200AD0E010028
:1012180094E1020080E7020078E7020070E702002C
:1012280068E7020060E7020028F30020F8E4020003
:1012380048CB00204CCB00204ACB0020CCE6020053
:10124800E4E60200F8E6020018E7020024E70200DC
:10125800FCE8002030E702002CE6020054E6020019
:1012680064E602008CE60200ACE6020013294BDDBE
:1012780014213AB10520387100207871B871F871DD
:10128800786818616FF300046FF341046FF3820408
:101298006FF3C504032363F38814C1F30A0161F3F0
:1012A80053246FF31F5400232146194805F0D8FD35
:1012B800AD464FF40040002119F01EF8154D2846A0
:1012C800FFF7AAFBD5F824E0D5F82CC0AE6A6D4626
:1012D8008AB002AB13F110023FF47BAF1421002A4D
:1012E800C4D00846042903DDDFF82C80C3F8148035
:1012F800082801DDC3F818E00C2801DDC3F81CC07C
:101308001028B3DD1E62B1E76FF01B01B1E700BF23
:10131800D4E30200FCE8002040E7020010B582B0E8
:10132800134B1B6801934FF000034FF0000C11E0C2
:1013380011F80C30584003090E4CE35C83EA0013A3
:101348005FFA83FEC3F30313E05C80EA0E10C0B2B9
:101358000CF1010C9445EBD3054B1A68019B5A40DC
:101368004FF0000301D102B010BD19F0D5F900BF4C
:10137800B0D9012088E7020000B583B0154B1B687F
:1013880001934FF0000300EBC1018368B3F5004FF0
:1013980013D36AB14B6843F001034B600D4B1A68D5
:1013A800019B5A404FF0000312D103B05DF804FBD3
:1013B8004B6823F001034B60F0E722B14B8843F000
:1013C80001034B80EAE74B8823F001034B80E5E7F4
:1013D80019F0A2F9B0D9012000B583B00D4B1B68F4
:1013E80001934FF00003C9008368B3F5004F0CD395
:1013F800082319440844074B1A68019B5A404FF0C8
:10140800000304D103B05DF804FB0423F1E719F0ED
:1014180083F900BFB0D9012010B582B0214B1B68F9
:1014280001934FF0000300EBC10C8468B4F5004F42
:1014380019D3DCF80C30994218D0B4F5004F28D3F2
:10144800DCF80810043240F8223000EBC102B4F591
:10145800004F21D3D36000EBC3038268B2F5004F7D
:101468001CD399600CE0BCF80630E4E7C36801219E
:10147800914023EA0103C3600432002340F822307C
:10148800084B1A68019B5A404FF0000308D102B07C
:1014980010BDBCF80410D5E7D380DCE79980EFE7EE
:1014A80019F03AF9B0D9012010B582B02F4B1B685A
:1014B80001934FF00003131D50F823301BBBC36882
:1014C8004FF0010C0CFA02FC43EA0C03C36004322F
:1014D80040F8221000EBC1038268B2F5004F0ED32A
:1014E80099608268B2F5004F0BD3D9601F4B1A6818
:1014F800019B5A404FF0000336D102B010BD9980CD
:10150800EFE7D980F2E700EBC30C8468B4F5004F2D
:101518001CD3DCF8082000EBC10EB4F5004F18D33B
:10152800CEF808208468B4F5004F15D3CEF80C30F7
:1015380000EBC2028368B3F5004F10D3D160836813
:10154800B3F5004F0DD3CCF80810CFE7BCF8042052
:10155800E1E7AEF80420E5E7AEF80630E8E7D18029
:10156800EDE7ACF80410C1E719F0D6F8B0D90120BE
:1015780030B583B0274B1B6801934FF0000300EB95
:10158800C10C8468B4F5004F30D3DCF80450531A0A
:10159800891A01EB55015D00B4F5004F29D3CCF849
:1015A80004504C0000EBC20C8568B5F5004F23D3FE
:1015B800CCF804408468B4F5004F20D340F83230AA
:1015C8008368B3F5004F1DD3DCF8044002EB5402E6
:1015D800B3F5004F19D340F832100E4B1A68019B2F
:1015E8005A404FF0000313D103B030BDBCF802508D
:1015F800CDE7ACF80250D4E7ACF80240DAE720F8BF
:101608003230DDE7BCF80240E0E720F83210E4E7CA
:1016180019F082F8B0D9012030B583B01F4B1B6890
:1016280001934FF0000300EBC1018468B4F5004F4B
:1016380025D34B685B0800EBC20CB4F5004F20D3F0
:10164800DCF8045003EB55035D00B4F5004F1BD3E1
:101658004D608168B1F5004F18D3DCF8044002EB07
:101668005402B1F5004F14D340F832300B4B1A68CE
:10167800019B5A404FF000030ED103B030BD4B8898
:10168800D8E7BCF80250DDE74D80E2E7BCF802403D
:10169800E5E720F83230E9E719F03EF8B0D9012043
:1016A80000B583B00D4B1B6801934FF000038368AE
:1016B800B3F5004F0DD30823C91A081AC008074B01
:1016C8001A68019B5A404FF0000304D103B05DF83B
:1016D80004FB0423F0E719F01FF800BFB0D901207C
:1016E80000B583B01B4B1B6801934FF00003836860
:1016F800B3F5004F07D300EBC10252685208012A24
:1017080002D0002200E00022A2B900EBC102B3F52A
:10171800004F19D352685208B3F5004F16D3082367
:101728000833A2EBD3020132B2FA82F2C2F11F02ED
:10173800FFF772FE074B1A68019B5A404FF00003EF
:1017480006D103B05DF804FB5288E4E70423E7E719
:1017580018F0E2FFB0D9012000B583B01B4B1B681D
:1017680001934FF000038368B3F5004F07D300EBF4
:10177800C10252685208012A02D0002200E0002269
:10178800A2B900EBC102B3F5004F19D35268520851
:10179800B3F5004F16D308230833A2EBD302013266
:1017A800B2FA82F2C2F11F02FFF77EFE074B1A68F7
:1017B800019B5A404FF0000306D103B05DF804FBCB
:1017C8005288E4E70423E7E718F0A6FFB0D9012020
:1017D800F0B583B004460D46334B1B6801934FF0B8
:1017E8000003CE0000EBC1078368B3F5004F27D391
:1017F800796805EB510104EBC102B3F5004F21D321
:10180800536813F0010F1FD0A368B3F5004F2CD312
:10181800A159691A04EBC102B3F5004F27D35368E5
:1018280013F0010F25D029462046FFF795FF1E4BE0
:101838001A68019B5A404FF0000332D103B0F0BD43
:101848007988D6E75388DCE72046FFF749FFA36885
:10185800B3F5004F07D37A6805EB520229462046B4
:10186800FFF7DAFED0E77A88F6E7A15BD1E753887D
:10187800D6E72046FFF734FFA368B3F5004F0CD333
:10188800A1592A46691A2046FFF7C6FEA368B3F590
:10189800004F04D3A359ED1AC5E7A15BF1E7A35B99
:1018A800F9E718F039FF00BFB0D90120F0B583B0CF
:1018B8002F4B1B6801934FF000038568B5F5004F67
:1018C80010D308230833A1EBD3030133B3FA83F30E
:1018D800C3F11F02C3F1230450F8246046B34FF04C
:1018E800030C12E00423EDE7BEF8027017E021466E
:1018F800FFF792FD24E0BEF80640171D40F8274088
:10190800BCF1010C14D0A64212D0141D50F824408A
:1019180000EBC40EB5F5004FE6D3DEF80470B1EB6A
:10192800570FE4D9B5F5004FE5D3DEF80C40E4E7EE
:10193800C468C3F12002012393405B421C4009D1D3
:101948000B4B1A68019B5A404FF000030DD12046FB
:1019580003B0F0BD94FAA4F2B2FA82F2131D50F863
:1019680023402146FFF758FDEAE718F0D5FE00BFEF
:10197800B0D9012030B583B00F4B1B6801934FF0ED
:10198800000369B105682846FFF78AFE044600226D
:1019980001462846FFF7F0FC21462846FFF718FFC6
:1019A800054B1A68019B5A404FF0000301D103B060
:1019B80030BD18F0B1FE00BFB0D9012070B582B0BB
:1019C800264B1B6801934FF00003056800293CD0A3
:1019D8000B46AA68B2EBD10F39D9B2F5004F25D31F
:1019E80008229C180734E40821462846FFF75EFFC2
:1019F800064670B305EBC003AA68B2F5004F17D3CB
:101A08005B68B4EB530F15D3012231462846FFF724
:101A1800B3FC31462846FFF7DFFC104B1A68019BE0
:101A28005A404FF0000316D102B070BD0422D8E727
:101A38005B88E6E73444224631462846FFF798FD9E
:101A480021462846FFF788FEDEE70020E5E700206C
:101A5800E3E70020E1E718F05FFE00BFB0D90120FE
:101A68002DE9F04182B014464B4B1B6801934FF0AF
:101A7800000306684B420B4001F1FF3818EA0108E1
:101A88000CD0B268B2F5004F06D3082293425FD259
:101A98001A464546984609E00422F7E70D46B3681A
:101AA800B3F5004F4DD3082295424CD9002C6AD08B
:101AB800B368B3EBD40F68D92919891AB3F5004F65
:101AC80049D3082319440731C9083046FFF7EEFE09
:101AD800074600285BD001463046FFF77DFC00EB47
:101AE80008032B44013BB3FBF5F303FB05F5A5EB1A
:101AF80008052C44073424F0070429463046FFF72C
:101B0800CFFD8046A41BE410874226D306EBC8030A
:101B1800B268B2F5004F2AD35B6808EB53039C42C6
:101B280027D3012241463046FFF726FC1A4B1A6894
:101B3800019B5A404FF000032BD1284602B0BDE864
:101B4800F0810422B0E72146FFF738FF0546EDE7AC
:101B580045469846AAE70423B4E702463946304684
:101B6800FFF706FD39463046FFF7F6FDCEE75B88FE
:101B7800D3E7224641463046FFF7FAFC2146304675
:101B8800FFF7EAFDCDE70025D0E70025CEE70025E1
:101B9800CCE718F0C1FD00BFB0D90120F0B583B083
:101BA800454B1B6801934FF00003B2F5802F23D3F8
:101BB8000823D21ACC1D24F0070401EB020C2CF0E8
:101BC800070CACEB040C4FEADC010460A1600023B5
:101BD800E360BCF5802F11D308230833A1EBD303AE
:101BE8000133B3FA83F3C3F1200EC3F124039B003E
:101BF800DE1DF508002308E00423DAE70423ECE7F8
:101C08001A1D002044F8220001337345F8DB6B00ED
:101C1800BCF5802F3AD36360BCF5802F38D30023FE
:101C28002360BCF5802F36D3636843F001036360FB
:101C38004A1B570026F00703E018BCF5802F2FD366
:101C48004760A068B0F5004F2CD3E5502CF007038F
:101C5800A444A068B0F5004F26D30020CCF80400B7
:101C6800A068B0F5004F23D3E25001222046FFF7C9
:101C780083FB29462046FFF76FFD0F4B1A68019B2F
:101C88005A404FF0000315D103B0F0BD6380C3E79D
:101C980000232380C5E7638843F001036380C7E717
:101CA8004780CEE7E552D1E70020ACF80200D7E73D
:101CB800E252DAE718F030FDB0D9012010B582B051
:101CC8000C4611461A46094B1B6801934FF0000356
:101CD800049BA047054B1A68019B5A404FF000032C
:101CE80001D102B010BD18F017FD00BFB0D9012016
:101CF80000B583B00B4B1B6801934FF000034038CD
:101D0800C0B23A288CBF00200120064B1A68019BFC
:101D18005A404FF0000302D103B05DF804FB18F0FD
:101D2800FBFC00BFB0D90120F0B583B00646114BCB
:101D38001B6801934FF0000303784578847804EB1F
:101D480083040444002706E001342046FEF76CFAB9
:101D5800013004440137AF42F6D3A01B054B1A6883
:101D6800019B5A404FF0000301D103B0F0BD18F0B9
:101D7800D3FC00BFB0D9012070B582B00D4614461F
:101D88001946104B1B6801934FF0000398B10646A3
:101D980029B91046FEF748FA83B2013399B22A46A8
:101DA8002046B047074B1A68019B5A404FF0000382
:101DB80006D102B070BD1046FEF736FA0130F1E7E1
:101DC80018F0AAFCB0D901202DE9F04784B091465B
:101DD8001C4A126803924FF0000273B30746884604
:101DE8001D461A785E789C78DB7804EB820404EB55
:101DF80043042C444FF0000A0AE014F8013B45F86C
:101E080023402046FEF710FA013004440AF1010A83
:101E1800B245F2D305F1080300936B684A46414680
:101E28003846FFF74BFF074B1A68039B5A404FF0A1
:101E3800000305D104B0BDE8F0876FF01500F2E7A4
:101E480018F06AFCB0D901202DE9F04182B00446AF
:101E58008846194B1B6801934FF0000300273E4644
:101E680007E0702D18D02846FFF742FFF8B9252D56
:101E78000ED014F8015B75B1002EF8D04745F0D0AC
:101E88002846FFF735FF0028F1D001370026EEE796
:101E980086F00106EDE70026074B1A68019B5A40B9
:101EA8004FF0000305D1304602B0BDE8F0810026AE
:101EB800F2E718F031FC00BFB0D901202DE9F04F4E
:101EC80099B000AF8346FA617B61D7F88800F86261
:101ED800D7F88C30BB60D7F890303B62A84B1B68B2
:101EE800FB654FF00003C0F3C0037B62396119B989
:101EF8005846FFF719FF38619BF80260B1462EB1CA
:101F0800FB6A13F0010F0CD1002300E000239BF8BB
:101F18000320BA623AB1FA6A12F0020F21D1002204
:101F280002E00123F3E7002202B9E3B19BF8005075
:101F3800AA00FA60DBF80420BA610BEB8505FA69A0
:101F48002AB3002B40F00481B9F1000F00F00F8193
:101F5800FB6A13F0040F40F00E8100203862064639
:101F6800FAE00122E0E7FB691BB17A693969584652
:101F780098473C69824B1A68FB6D5A404FF0000342
:101F880040F0FD8120466437BD46BDE8F08F3C69CE
:101F9800DBB94D4400233B6122E00444013501369E
:101FA8004E4519D22A7800235BF822201946F86991
:101FB800FFF7E2FEBAF1000FEFD03B6A9845ECD28A
:101FC8002AF8180008F10108E7E70026C7F8148086
:101FD800B046D7F808A0E3E7C7F81080D7F8148010
:101FE800FB6A03F00503FB604FF0000AA146C7F83F
:101FF80014B097E000257B6A73B9002D78D0FB6A8E
:1020080013F0010F78D1FB68002B6FD10223A9EBE5
:10201800030984E00125EEE75946B869FFF714FF84
:102028000028EAD06C46002387F84C30022387F852
:102038004D308AB0694611F1100237D012251AB115
:10204800042D01DD4F4B4B61002387F84C300223F0
:1020580087F84D306ABB112D45DD122362B104208B
:1020680087F83800002087F8390087F83A000120FF
:1020780087F83B00B86B08616FF300086FF34108FD
:102088006FF382086FF3C508022161F38818C3F360
:102098000A0363F353286FF31F58002341463A4855
:1020A80004F0DEFEA546A9F1020938E06FF000450C
:1020B800C5E72B46082D01DDB86988610C2B01DDC9
:1020C800C1F81CB001F12003002009E000F1300C38
:1020D80007F1300EF4441CF814CC03F801CB01309E
:1020E8000128F3D9B7E76FF01B03B7E701238EE7A1
:1020F800FB6A13F0020F12D0002322461946F86932
:10210800FFF73AFEBB6843B13A69396A8A4204D29A
:1021180023F81200134601333B61013881440AF168
:10212800010A3546BB6A9A4510D22E4616F802BBFC
:102138006B787A6952F82340144B9C42FFF45AAFEB
:10214800134B9C42FFF466AF002554E74C4611E759
:1021580007F13C0000233B6218B14A4629461BF0B0
:10216800F5FC4D444FF00008C7F8049027E0002024
:1021780038620646F0E73E6207F14C000026EBE7BE
:10218800B0D9012098E70200ECE3020058E0020011
:102198009406030000257B6A2BBB002D39D0FB6A0F
:1021A80013F0010F26D0731C06F1300207F130013D
:1021B800561806F8249CDEB208F101082546BB6AC9
:1021C800984548D22C4614F802AB95F801905BF874
:1021D80029306C4A9342DDD36B4A934201D30025E0
:1021E800D9E70125D7E75146B869FFF72DFE002842
:1021F800D3D0E1E7FB6A13F0040FDDD03A6A531C31
:10220800303207F130010A4402F8149CDBB23B6219
:10221800D2E7FB6A13F0020F09D0731C06F13002F3
:1022280007F13001561806F8249CDEB2C4E7386A74
:10223800431C00F1300107F130028A1802F814AC8F
:1022480002460232D2B23A6207F1600252FA83F3CE
:1022580003F8149CB0E7D7F804909BF8003087F88F
:1022680034309BF80130334487F83530FB6A13F07B
:10227800020F0DD13B6AC3F3470387F83730FB6A77
:1022880013F0010F06D113F0040F3FD1002302E031
:102298000023F2E7002387F83630DBF80000B86344
:1022A800786BCBF80000D7F814804246F968584696
:1022B800D7F81CA0D047041EFFF65CAEB86BCBF86D
:1022C8000000C7F814804246396A07F14C00D0472D
:1022D80000284EDB04EB0008F9684944BB6A01EBAF
:1022E8004301D7F814904A463B69591A2846D04703
:1022F800041EFFF63FAE08EB04054FF00008FE622F
:10230800C7F828B05646D7F808B016E03B6AC2E7C7
:102318004FF0000A4A46012107F13300B047002870
:1023280029DB05445346224649463046FFF724FD3B
:10233800002822DB054408F10108FB6A984511D200
:1023480008F1300307F13002134413F8243C87F8EE
:102358003330BA6A52F82340BBF1000FD8D03BF8AB
:1023680018A0D7E77A6900210846FB6998472C46E8
:1023780000E60446FEE50446FCE50446FAE518F0E6
:10238800CBF900BF58E002009406030000B583B003
:10239800084B1B6801934FF00003064B1A68019B1A
:1023A8005A404FF0000303D1002003B05DF804FB4E
:1023B80018F0B2F9B0D9012000B583B0094B1B68F9
:1023C80001934FF00003084B1B689847054B1A68A8
:1023D800019B5A404FF0000302D103B05DF804FBA3
:1023E80018F09AF9B0D9012070C6002010B582B053
:1023F800114B1B6801934FF000030C689CB18A686D
:102408004B689A420FDA013B9A4210D0A0548B686D
:1024180001338B60084B1A68019B5A404FF0000348
:1024280008D102B010BD8B6801338B60F2E700233E
:10243800A354ECE718F070F9B0D9012000B583B0C7
:10244800094B1B6801934FF00003084B1860064BBB
:102458001A68019B5A404FF0000302D103B05DF89F
:1024680004FB18F059F900BFB0D9012070C600204C
:1024780000B585B002460B460A49096803914FF03A
:10248800000100210091084801F09CF8054B1A68EA
:10249800039B5A404FF0000302D105B05DF804FBDE
:1024A80018F03AF9B0D90120C12301000FB400B5E2
:1024B80083B004A951F8040B0A4B1B6801934FF031
:1024C80000030091FFF7D4FF064B1A68019B5A409E
:1024D8004FF0000304D103B05DF804EB04B070477B
:1024E80018F01AF9B0D9012010B586B00446104882
:1024F800006805904FF000000294039100210491B8
:10250800009102A90B4801F05DF8049B039A9342DD
:1025180001DA0022E2540498054B1A68059B5A40D8
:102528004FF0000301D106B010BD18F0F5F800BF58
:10253800B0D90120F52301000CB400B583B004AB79
:1025480053F8042BDFF830C0DCF800C0CDF804C025
:102558004FF0000C0093FFF7C7FF074B1A68019B69
:102568005A404FF0000304D103B05DF804EB02B009
:10257800704718F0D1F800BFB0D9012000B583B07A
:10258800044608461146054A126801924FF00002B7
:102598001A46A04717F0F2FE06F0C0FAB0D901209B
:1025A80000B583B0084B1B6801934FF00003064B3E
:1025B8001A68019B5A404FF0000303D1002003B072
:1025C8005DF804FB18F0A8F8B0D9012000B583B075
:1025D8000B4B1B6801934FF0000307F0B7FA162363
:1025E8000360074B1A68019B5A404FF0000304D15F
:1025F8004FF0FF3003B05DF804FB18F08DF800BF12
:10260800B0D9012000B583B008460A4B1B68019376
:102618004FF00003114607F00FFA064B1A68019BAA
:102628005A404FF0000302D103B05DF804FB18F0E4
:1026380073F800BFB0D9012000B583B0154B1B68F3
:1026480001934FF000030F2813D800EB400000015E
:102658000830114B1844D0E8AF3F8BB100200D4B28
:102668001A68019B5A404FF0000310D103B05DF87F
:1026780004FB07F06BFA092303604FF0FF30EEE725
:1026880007F064FA092303604FF0FF30E7E718F01A
:1026980043F800BFB0D9012074C6002000B583B04C
:1026A800124B1B6801934FF0000300200F280AD833
:1026B80000EB40031B0108330D4A1344D3E8AF3F36
:1026C8003BB10130F2E707F041FA172303604FF0FE
:1026D800FF30064B1A68019B5A404FF0000302D1A5
:1026E80003B05DF804FB18F017F800BFB0D901205B
:1026F80074C6002000B583B002461A4B1B680193CC
:102708004FF0000302EB42031B01083316490B4448
:10271800D3E8AF1F09B3481ED3E8EFCF8C4504D1E7
:10272800C3E8EE0FBEF1000FF6D1EBD101290AD1B3
:102738000D4B02EB420109010020585002EB420206
:1027480003EB02135860074B1A68019B5A404FF07D
:10275800000304D103B05DF804FB0846F3E717F063
:10276800DBFF00BFB0D9012074C600200CB400B54F
:1027780083B00346084604AA52F8041BDFF830C0A9
:10278800DCF800C0CDF804C04FF0000C0092DB6804
:102798009847074B1A68019B5A404FF0000304D131
:1027A80003B05DF804EB02B0704717F0B5FF00BF47
:1027B800B0D9012000B583B00E4B1B6801934FF0D0
:1027C800000300EB4000030108330B4A1344D3E82D
:1027D800EF0F0130C3E8E20F002AF8D1054B1A6861
:1027E800019B5A404FF0000302D103B05DF804FB8F
:1027F80017F092FFB0D9012074C6002070B582B0DE
:1028080004460E461546144B1B6801934FF000030F
:10281800FFF712FF00281BDB04EB44020F4B03EB0E
:1028280002135B6833602DB1130108330B4A13445C
:1028380004332B6004EB44042401084B1859064B5D
:102848001A68019B5A404FF0000303D102B070BDD3
:102858000020F4E717F060FFB0D9012074C600200B
:1028680070B582B01C4B1B6801934FF000034FF00A
:10287800FF324FF0FF33194815F024FEFFF70EFF23
:10288800041E0CDA154815F0ADFE134B1A68019BAF
:102898005A404FF000031CD1204602B070BD2046BC
:1028A800FFF788FF0E4E650004EB4403190106EBA1
:1028B8000313002272505A6008460830304404302E
:1028C80015F0E4FD281900012030304416F02AFCE8
:1028D800D8E717F021FF00BFB0D9012024CC002091
:1028E80074C6002010B582B084461046124A126899
:1028F80001924FF00002114C0CEB4C024FEA021E01
:1029080004EB021244F80E105060D36248B1C36859
:102918003BB1734608332344043340F20512FFF7F2
:1029280025FF054B1A68019B5A404FF0000301D15F
:1029380002B010BD17F0F0FEB0D9012074C6002017
:1029480000B583B0094B1B6801934FF00003FFF7F4
:10295800D1FE064B1A68019B5A404FF0000302D182
:1029680003B05DF804FB17F0D7FE00BFB0D9012013
:1029780000B583B08446114B1B6801934FF00003E8
:102988000268002006E000EB8000013203EB400300
:10299800A3F1300013780A49C95C11F0040FF2D191
:1029A800CCF80020054B1A68019B5A404FF00003F1
:1029B80002D103B05DF804FB17F0AEFEB0D90120D8
:1029C8001D05030000B583B084460846384B1B68D4
:1029D80001934FF00003012226E09CF8003043F0F9
:1029E80004038CF80030F2B101301CE09CF8003090
:1029F80043F008038CF80030F5E79CF8003043F00A
:102A080010038CF80030EEE79CF8003043F0200308
:102A18008CF80030E7E79CF8003043F040038CF86E
:102A28000030E0E700224AB30378203B102BF9D8A6
:102A380001A151F823F000BF032A01002D2A01004B
:102A48002D2A0100112A01002D2A01002D2A01003A
:102A58002D2A01002D2A01002D2A01002D2A01000E
:102A68002D2A0100F52901002D2A0100E329010082
:102A78002D2A01002D2A01001F2A01009CF8003090
:102A880003F04403442B09D0094B1A68019B5A40B0
:102A98004FF0000309D103B05DF804FB9CF8003047
:102AA8006FF386138CF80030EEE717F035FE00BFA1
:102AB800B0D9012030B585B0044601911C4B1B6884
:102AC80003934FF00003037843F0800303700D462F
:102AD8000B782A2B1FD001A8FFF74AFF019B9D42C4
:102AE8000FD0237843F0800323706060DBB2C3F318
:102AF8004003002817DB00221343227863F34102C6
:102B0800227001980A4B1A68039B5A404FF0000341
:102B18000BD105B030BD437843F00103437008463C
:102B280001300190EEE70122E6E717F0F5FD00BF5E
:102B3800B0D9012010B584B001911E4B1B680393D6
:102B48004FF000030B782E2B14BF0023012342788B
:102B580063F341024270FBB10446019B5A1C019287
:102B68005B782A2B1AD001A8FFF702FFA060237810
:102B7800C3F34003002819DB00221343227863F3D0
:102B88004102227001980B4B1A68039B5A404FF080
:102B980000030DD104B010BD0846F4E7437843F0B4
:102BA80004034370104601300190ECE70122E4E78A
:102BB80017F0B2FDB0D9012000B583B002463B4BF7
:102BC8001B6801934FF000030B784C3B2E2B64D805
:102BD800DFE803F05863636363636363636363639A
:102BE80063636363636363636363636363636363AD
:102BF80018633A632963636363636363516363635D
:102C080063634A00481C4B78682B05D0537802212F
:102C180061F3C60353701DE05378012060F3C603C7
:102C28005370881C16E0481C4B786C2B05D05378E1
:102C3800032161F3C60353700CE05378042060F35A
:102C4800C6035370881C05E05378052060F3C6035B
:102C58005370481C154B1A68019B5A404FF00003EB
:102C680021D103B05DF804FB5378062060F3C60356
:102C78005370481CEEE75378072060F3C60353707F
:102C8800481CE7E75378082060F3C6035370481CD4
:102C9800137843F002031370DCE753786FF3C6032D
:102CA80053700846D6E717F037FD00BFB0D90120AA
:102CB80000B583B00246654B1B6801934FF00003D3
:102CC800084610F8013BD370782B17D86E2B45D2E5
:102CD800692B13D8582B17D3A3F1580C5FFA8CFC27
:102CE800012101FA0CF111F4624F15D140F6010CE3
:102CF80011EA0C0F79D111F4043F56D1137843F03F
:102D08000103137000215EE0412B05D0F6D3A3F137
:102D18004501C9B20229F1D891784FF0040C6CF33F
:102D280002019170612B74D0412B70D0002153782F
:102D380061F3C7135370DBB292F9011000297CDBF1
:102D480003F07803182B66D0002B78D0402B78D06E
:102D5800137843F001031370002134E0A3F16E01EE
:102D6800C9B24FF0010C0CFA01FC40F282411CEA96
:102D7800010F14BF4FF0010E4FF0000E35D11CF0BB
:102D8800240F14BF012100214BD11CF0010CB5D038
:102D980093784FF0030E6EF302039370537803F0A9
:102DA8007803402B0FD161460DE091784FF0010C6C
:102DB8006CF302019170517801F0780140291BD021
:102DC800632B20D000211378C3F3400C41EA0C0197
:102DD80061F3410313701D4B1A68019B5A404FF071
:102DE800000330D103B05DF804FB91784FF0020C7A
:102DF8006CF302019170DEE792F800C04CF0010C10
:102E080082F800C0DCE7003918BF0121DBE70121A7
:102E18008DE701218BE753786FF3C60353700021C8
:102E2800D1E793784FF0030C6CF302039370537857
:102E380013F0780FC7D17146C5E70121C3E7002118
:102E4800C1E70021BFE717F067FC00BFB0D9012038
:102E580010B582B004460846164B1B6801934FF024
:102E68000003002323606360A3604B78252B1CD0EC
:102E780001312046FFF7A6FD01462046FFF71AFE5E
:102E880001462046FFF756FE01462046FFF794FE0E
:102E980001462046FFF70CFF064B1A68019B5A4073
:102EA8004FF0000304D102B010BDE3700230F3E725
:102EB80017F032FCB0D9012000B583B0144B1B6861
:102EC80001934FF00003026841684FF03333A2FBCF
:102ED800032C12EB030E43EB0C0E12EB0E024CF11B
:102EE800000CA1FB03138A1843EB0C02891843F169
:102EF800000301604360064B1A68019B5A404FF07B
:102F0800000302D103B05DF804FB17F005FC00BF15
:102F1800B0D9012000B583B00D4A126801924FF074
:102F2800000202684168520842EAC1724908026018
:102F38004160FFF7C1FF064B1A68019B5A404FF0EA
:102F4800000302D103B05DF804FB17F0E5FB00BFF6
:102F5800B0D9012000B583B0164B1B6801934FF020
:102F680000030B68002B21DD8446013B0B600168E0
:102F78004368980040EA91708A00521843EB0003B6
:102F880092185B41CCF80020CCF80430180F303090
:102F980023F07043CCF80430064B1A68019B5A4062
:102FA8004FF0000304D103B05DF804FB3020F3E7D1
:102FB80017F0B2FBB0D9012000B583B0124B1B68E3
:102FC80001934FF000036F2815D00ED9702814D044
:102FD800782814D110200C4B1A68019B5A404FF0E6
:102FE80000030ED103B05DF804FB582801D00A2075
:102FF800F1E71020EFE70820EDE71020EBE70A20C3
:10300800E9E717F089FB00BFB0D901202DE9F04F9F
:1030180083B005460C46934699460C9E2D4B1B687B
:1030280001934FF00003D0782B4B13F800A00AF05F
:10303800030AFFF7C1FF074614E0BAF1010F20D0D9
:10304800D2B25732D2B232703A4643462846214667
:10305800FDF7C6F8BD4274F1000416D34E4514D9E5
:1030680005460C464FF000083A4643462846214696
:10307800FDF7B6F8013E092ADFD8D2B23032D2B213
:10308800E1E7D2B23732D2B2DDE79BF8003013F075
:10309800200F03D0082F0CD0102F11D00D4B1A6819
:1030A800019B5A404FF0000311D1304603B0BDE8F0
:1030B800F08F9BF8023043F008038BF80230EDE7FD
:1030C8009BF8023043F010038BF80230E6E717F064
:1030D80023FB00BFB0D901201D0503002DE9F04FE7
:1030E8008BB090461E46149CDDF854A0DDF858B00D
:1030F800A14B1B6809934FF0000302460B1E07DB28
:1031080098F8001011F0080F12D02B21217001E05F
:103118002D21217098F80390C3F30A55C3F31303C4
:103128000492059355B952EA030125D1002106E01E
:1031380011F0100FEED020212170EBE7002140F2B2
:10314800FF7085421AD0B9F1460F5DD0DB0243EA21
:103158005253D20204920593104623F0004305937C
:103168002A4343EAE574224360D0002958D0001866
:103178005B41049005934FE00121E0E7134326D11A
:103188007E4B13F8093003F00303012B13D0692396
:103198008AF800306E238AF8013066238AF80230F4
:1031A8000AF1030298F800306FF3861388F80030AC
:1031B800CBF8002088E149238AF800304E238AF8AA
:1031C800013046238AF802300AF10302EAE76B4B22
:1031D80013F8093003F00303012B0AD06E238AF891
:1031E800003061228AF801208AF802300AF10302CD
:1031F800D8E74E238AF8003041228AF801208AF85D
:1032080002300AF10302CDE74FF066099EE7013D5F
:10321800DB18524104930592049B059A002AF6DABA
:10322800A5F2FE35059B43F000430593002417E003
:10323800059B049A520842EAC3725B0804920593FC
:1032480029460135B3F1333FF2D29D0045EA927524
:103258009000801843EB0503049005938D1C013CF6
:1032680015F1020FE4DB14E0049B0233059A42F1E6
:1032780000020493059204A8FFF71EFE013D0134E5
:10328800049B059ADB18524104930592013D002ADC
:10329800F6DA002DE8DCC5F10401059A1C35A1F128
:1032A8002000049BCB4002FA05F52B4322FA00F0DC
:1032B8000343CA4004930592B9F1670F13D0B9F1DB
:1032C800470F10D000230193B9F1660F2BD0771C5C
:1032D800102303939F4200DD1F4600224FF0006336
:1032E800CDE9062329E014F1030F01DBB44213DD15
:1032F800A9F102095FFA89F9002E00DD013E98F86C
:103308000030C3F34012019213F0200F08D1002EB1
:10331800DADD01230193D7E7361B4FF06609EEE7A4
:1033280000230193D0E7A719D2D5102303930027D0
:10333800D3E706A8FFF7EEFD2F467D1E002FF8D134
:10334800049B069A9B18059A079942EB010204937D
:1033580005924FF0FF3199426FF07043934106D3C5
:10336800B9F1660F43D1002C3CDD55460FE004A8A7
:10337800FFF7D0FD0134F3E7B0D901201D050300A4
:1033880003A904A8FFF7E6FD05F8010B013C002C92
:1033980002DD039B002BF3DCC8F804403C4698F898
:1033A800003013F0200F01D1002E02DD2E2305F886
:1033B800013B002C39DA002E37DD6342C8F80430AF
:1033C8009E4201DAC8F80460D8F80430F61A002BD7
:1033D800D4BF0023012398F8022063F3451288F82C
:1033E800022022E05546302305F8013BD7E703A920
:1033F80004A8FFF7AFFD554605F8010B302800D0AB
:10340800013C98F8003013F0200F01D1002E0CDD9C
:103418002E238AF801300AF1020506E003A904A860
:10342800FFF798FD05F8010B013E002E02DD039B16
:10343800002BF3DCC8F80860019B53B10023C8F8DF
:1034480008302B461D4613F8012D302AFAD02E2AB3
:1034580045D0B9F1650F02D0B9F1450F25D185F8EE
:103468000090002C3DDB2B236B700235632C0CDDA8
:10347800224A82FB0432E317C3EB621303F13002E2
:1034880005F8012B642202FB13441D4A82FB043217
:10349800E317C3EBA20303F130022A7003EB8303A3
:1034A800A4EB430330336B700235D8F80430002B9B
:1034B8001CDD012798F8023067F3861388F802307C
:1034C800CBF8005000232B700E4B1A68099B5A400A
:1034D8004FF0000310D150460BB0BDE8F08F1D46E9
:1034E800B7E764422D236B700235BFE7D8F8083080
:1034F800002BDFDD0127DDE717F00EF91F85EB5103
:1035080067666666B0D9012000B583B0174B1B68A3
:1035180001934FF000034378C3F3C303072B06D886
:10352800DFE803F0040F111315191D1F0A600F4B74
:103538001A68019B5A404FF0000314D103B05DF89C
:1035480004FB0A70F3E70A80F1E70A60EFE7D31794
:103558000A604B60EBE7D3170A604B60E7E70A6045
:10356800E5E70A60E3E717F0D7F800BFB0D9012014
:103578002DE9F04182B080460F4614461E46104B96
:103588001B6801934FF00003002506E0394614F844
:10359800010BC047002807DB0135B442F6D316B942
:1035A8002378002BF2D12846054B1A68019B5A4014
:1035B8004FF0000302D102B0BDE8F08117F0ACF87B
:1035C800B0D901202DE9F04F97B006460D46904638
:1035D80005939F4B1B6815934FF00003002498F840
:1035E8000000002800F04B83252808D02946B04762
:1035F8000028C0F24583013408F10108EFE70023F1
:10360800089309930A930B930C930D930DF15102B0
:1036180007928DF81B3041460AA8FFF719FC81462E
:103628009DF8293013F0010F00F09E80059B1A1DAC
:1036380005921F68002FC0F28F809DF8293013F083
:10364800040F00F0A380059B1A1D0592D3F800A073
:10365800BAF1000FC0F2918000230B930C939DF8F0
:103668002A3003F00703042B00F099809DF82A30D4
:1036780003F007039DF82910C1F3C301012B00F0E3
:103688009E80022B00F0E680042B00F03781032B8C
:1036980000F04E819DF8282012F0030F40F04E8173
:1036A8009DF82B30253B532B00F20082DFE813F006
:1036B8005201FE01FE01FE01FE01FE01FE01FE01B6
:1036C800FE01FE01FE01FE01FE01FE01FE01FE01FA
:1036D800FE01FE01FE01FE01FE01FE01FE01FE01EA
:1036E800FE01FE01FE01FE010002FE01FE01FE01D7
:1036F800000200020002FE01FE01FE01FE01FE01C1
:10370800FE01FE01FE01FE01FE01FE01FE01FE01B9
:10371800FE01FE01FE01CD01FE01FE01FE01FE01DA
:10372800FE01FE01FE01FE010002FE01B801C10119
:10373800000200020002FE01C101FE01FE01FE01BD
:10374800FE01F901CD019F01FE01FE015A01FE01B2
:10375800CD01FE01FE01CD019DF8283043F00403A0
:103768008DF828307F4268E79DF92830002B02DB6E
:103778004FF0FF3761E70B9F5FE79DF829306FF344
:1037880041038DF829304FF0FF3A65E713F0020F37
:1037980002D0DDF830A05FE74FF0FF3A5CE79DF814
:1037A800293013F0020F7FF461AF9DF92930002B07
:1037B80002DB4FF0060A59E74FF00D0A56E7CB1E19
:1037C800042B04D8DFE803F00B1D29353500059BD1
:1037D8001A1D05921B68DA170893099206E0059BE3
:1037E8001A1D05921B68DA1708930992012928D037
:1037F80002297FF44FAFBDF92030DA1708930992F8
:1038080048E7059B073323F0070303F108020592F5
:10381800D3E90023CDE90823E8E7059B073323F024
:10382800070303F108020592D3E90023CDE9082331
:10383800DCE7059B1A1D05921B68DA1708930992A5
:10384800D4E79DF92030DA170893099222E700BFE0
:10385800B0D90120CB1E042B04D8DFE803F00B1FDE
:1038680035414100059B1A1D05921B6808930023EA
:1038780009931EE09DF82B30632B07D0059B1A1D7A
:1038880005921B6808930023099312E0059B1A1DF3
:1038980005921B680893002309930AE0059B0733E8
:1038A80023F0070303F108020592D3E90023CDE9C9
:1038B800082301291CD002297FF4ECAEBDF8203082
:1038C800089300230993E5E6059B073323F00703D4
:1038D80003F108020592D3E90023CDE90823E8E7BC
:1038E800059B1A1D05921B68089300230993E0E7BE
:1038F8009DF82030089300230993CBE608290BD0C4
:10390800059B073323F0070303F108020592D3E967
:103918000023CDE90823BDE6059B073323F0070301
:1039280003F108020592D3E90023CDE90823B1E6A3
:10393800059B1A1D05921B680893ABE64B46424649
:1039480029463046FFF714FE0028C0F29981044446
:10395800C84644E629462520B0470028C0F2908191
:103968000134A3E0DDF82080BAF1000F3ADA4046CE
:10397800FCF75AFC40440790B8F1000F00F096801D
:10398800079BA3EB08039DF81B0000B101339DF8CA
:103998002A1011F0100F00F09A8002330B9A13448A
:1039A80011F0400F01D00C9A1344002F40F3A78068
:1039B800FF1A9DF8283013F0040F40F0A08013F090
:1039C800400F00F09580002800F095802946B04708
:1039D8000028C0F25581013400238DF81B304FF0C8
:1039E800300A8AE0514640461AF073F9C2E708984F
:1039F80020B9A94B0793A3F10508C1E7079B0093DA
:103A08000EAB0AAA0021FFF701FB80469DF82A3079
:103A180043F010038DF82A3078238DF82B301DE001
:103A2800089B8DF838300DF1390307930DF13808EC
:103A3800A6E712F0080F24D02B238DF81B30089A24
:103A4800099B002B24DB08920993079B00930EAB7C
:103A58000AAADDE90801FFF7D9FA8046BAF1000F92
:103A68008ADB079BA3EB08039DF828206FF38612D7
:103A78008DF828209A457FF67FAFAAEB03030B93B6
:103A88007AE712F0100FDAD020238DF81B30D6E732
:103A98002D218DF81B10524263EB430308920993C2
:103AA800D3E7224608990AA8FFF72EFDC84696E5EF
:103AB80007AB02930EAB01930DF11B030093534622
:103AC8000AAADDE90801FFF709FB804654E711F06F
:103AD800080F3FF463AF013360E701343B465F1ED4
:103AE800002B0CDD29465046B0470028F5DAC7E020
:103AF8004FF0200A01E04FF0300A3B46EFE79DF80F
:103B08001B0028B12946B0470028C0F2B98001340B
:103B18009DF82A3013F0400F74D09DF92930002BFE
:103B28000FDB98F800005D4B1B5C13F0040F15D0F9
:103B38002946B0470028C0F2A380013408F10108E3
:103B4800EFE798F80000702845D02946B0470028CC
:103B5800C0F29680013408F10108F2E7DDF82CA0E4
:103B68009DF82A3013F0200F12D098F800002E2864
:103B78001DD098F80000494B1B5C13F0040F2AD0A5
:103B88002946B04700287BDB013408F10108F0E73B
:103B98000AF1FF3BBAF1000F07DD29463020B04794
:103BA80000286DDB0134DA46F2E7DA46DDE729461C
:103BB800B047002864DB013408F101080AF1FF3B33
:103BC800BAF1000FD5DD29463020B047002857DB71
:103BD8000134DA46F2E70C9B03F1FF3A002B07DDCC
:103BE80029463020B04700284ADB01345346F3E722
:103BF800079B424629463046FFF7BAFC00283FDBC0
:103C0800044432E09DF82A30C3F30012C3F3C00322
:103C18001A4305D029463020B047002830DB01344C
:103C28009DF82A3013F0100F06D029469DF82B0076
:103C3800B047002824DB01340B9B03F1FF3A002B2B
:103C480007DD29463020B047002819DB01345346E8
:103C5800F3E7079B424629463046FFF789FC0028D0
:103C68000EDB044401E00134013F002F05DD294645
:103C78002020B0470028F6DA02E0C846AFE4204624
:103C8800074B1A68159B5A404FF0000302D117B032
:103C9800BDE8F08F16F040FD65E802001D05030041
:103CA800B0D9012000B583B0114B1B6801934FF0C8
:103CB8000003036913F0080F11D1C3680268934227
:103CC80010D8036A9B1A0B600120094B1A68019BE4
:103CD8005A404FF0000309D103B05DF804FB0020FF
:103CE8000860F2E79B1A0B600020EEE716F014FD5F
:103CF800B0D9012000B583B0104B1B6801934FF079
:103D08000003036913F0080F07D1826843689A42D9
:103D180003D89B1A0B60002004E0036A82689B1A90
:103D28000B600120054B1A68019B5A404FF00003B5
:103D380002D103B05DF804FB16F0EEFCB0D9012007
:103D480010B582B004460E4B1B6801934FF0000378
:103D58006946FFF7A7FF20B1E368009A1344013BC7
:103D68000093206A009BC01A0138054B1A68019B12
:103D78005A404FF0000301D102B010BD16F0CCFC40
:103D8800B0D9012030B583B0104B1B6801934FF0B8
:103D98000003036913F0040F08D10C4B1A68019B48
:103DA8005A404FF000030ED103B030BD0446456AB7
:103DB800FFF7C6FF854202D9606A6062EDE72046D8
:103DC800FFF7BEFFF9E716F0A7FC00BFB0D9012046
:103DD80000B583B0114B1B6801934FF00003C36813
:103DE8001944036913F0010F04D1026A914204D304
:103DF800891A02E0026A013A1140C16023F00803FF
:103E08000361064B1A68019B5A404FF0000302D128
:103E180003B05DF804FB16F07FFC00BFB0D90120A9
:103E280010B582B01F4B1B6801934FF000030023AD
:103E38006FF3000343F0020361F39F03C269046850
:103E480042F8243003680B44026912F0010F04D1D0
:103E5800046AA34204D31B1B02E0046A013C23400A
:103E68000360C4689C420AD043681944036913F08C
:103E7800010F08D1036A994208D3C91A06E042F033
:103E880008020261F0E7036A013B19404160054BF3
:103E98001A68019B5A404FF0000301D102B010BDCF
:103EA80016F03AFCB0D901202DE9F04F85B0044650
:103EB8000191174698464E4B1B6803934FF0000339
:103EC800C569C66805EB860B15F8263003F00303B1
:103ED800022B24D0002100233B60C8F8003019BB16
:103EE800236913F0020F73D0A36958469847824696
:103EF80015F8269019F001096CD015F8263013F042
:103F0800020F39D0019BBBB962685244236913F090
:103F1800010016D1216A8A4216D3521A14E055F8C4
:103F28002610C1F39D01D6E72046FFF751FFE3684D
:103F3800A3604FF001094DE019462046FFF770FFD6
:103F4800E2E7216A01390A406260E168A2689142A9
:103F580006D0A2682260E26043F00803236139E0DA
:103F6800524420B9216A8A4204D3521A02E0216AD3
:103F780001390A40A260ECE701462046FFF728FF16
:103F8800E368A360019B23B1E3692268002143F839
:103F98002210019B5344C8F8003022681344226958
:103FA80012F0010F04D1216A8B4204D35B1A02E09C
:103FB800216A01390B40236042F00802226115F89A
:103FC80026306FF3000305F82630C7F800B001E08B
:103FD8004FF00009064B1A68039B5A404FF0000344
:103FE80003D1484605B0BDE8F08F16F095FB00BF39
:103FF800B0D9012030B583B01E4B1B6801934FF038
:1040080000035318046914F0010F04D1056AAB4288
:1040180004D35B1B02E0056A013D2B4005689D4205
:1040280014D000236FF3000343F0020362F39F03ED
:10403800C46944F8213043681344026912F0010F3F
:1040480009D1026A934209D39B1A07E0016024F060
:104058000804046103E0026A013A13404360054B17
:104068001A68019B5A404FF0000301D103B030BDDC
:1040780016F052FBB0D9012000B583B0174B1B686E
:1040880001934FF000030023036043608360C36023
:10409800036143618361CA6882618A6842610A6810
:1040A800C2614A68026243620B6903612AB1511E08
:1040B8000A4202D143F001030361283001220021A2
:1040C80014F036FC054B1A68019B5A404FF0000368
:1040D80002D103B05DF804FB16F01EFBB0D9012035
:1040E8002DE9F04F87B09A46504B1B6805934FF067
:1040F8000003002302930493036A8B42C0F0878075
:10410800044689469346002301930126009341E023
:1041180001992046FFF76EFF0023049345E0E36909
:10412800226803EB8201009113F822106FF300015B
:1041380003F82210C9B26FF3410103F82210236873
:104148004B44226912F0010F04D1216A8B4204D337
:104158005B1A02E0216A01390B402360E168994249
:1041680001D0002608E042F008022261002603E0A0
:104178002046FFF755FE2E4687F31188BFF36F8F51
:10418800029929B163690BB120469847002302932D
:10419800002E3ED0EFF31188202383F31288BFF35B
:1041A8006F8F4746049A002AB2D103A92046FFF729
:1041B80079FD054603994945B1D20028D8D15AEA74
:1041C8000B030BD1002ED7D02368019304AB02AAAE
:1041D80003992046FFF768FE0646CDE714F0DEFF98
:1041E8000028EFD188F31188BFF36F8F04F12800FE
:1041F8005A46534614F0FEFBEFF31187202383F34E
:104208001288BFF36F8FB0FA80F67609B4E70023FF
:104218000093064B1A68059B5A404FF0000303D1E0
:10422800009807B0BDE8F08F16F076FAB0D90120F3
:1042380070B582B004460D46194B1B6801934FF0C8
:104248000003836908469847EFF31186202383F318
:104258001288BFF36F8F2B7843F001032B706368CC
:104268001844236913F0010F04D1236A984204D338
:10427800C01A02E0236A013B184060602046FFF73D
:1042880081FD86F31188BFF36F8F054B1A68019B78
:104298005A404FF0000301D102B070BD16F03CFA4D
:1042A800B0D90120F0B583B00446394B1B6801939F
:1042B8004FF000032EE053F8220080084DD143E070
:1042C800226A013A1340A3602046FFF781FD0123CB
:1042D8001BE013F8221041F0020103F82210A7682E
:1042E800A369304698473844236913F0010F04D175
:1042F800236A984204D3C01A02E0236A013B18409B
:10430800A060002301E000231E4685F31188BFF357
:104318006F8F8BB3EFF31185202383F31288BFF3DC
:104328006F8F69462046FFF7E5FCE369A26803EB57
:10433800820600990029E6D013F8221011F0030133
:1043480017D00229B7D0002013F8221011F0010F5E
:10435800BFD110B9A36930469847A3680146034402
:10436800226912F0010FABD1226A9342ABD39B1A98
:10437800A9E700231E46C8E7054B1A68019B5A4067
:104388004FF0000302D1304603B0F0BD16F0C4F977
:10439800B0D9012070B582B004460D46274B1B6882
:1043A80001934FF000038369084698470146EFF3ED
:1043B8001186202383F31288BFF36F8F2B786FF356
:1043C80000032B70236913F0020F0AD0E369E26837
:1043D80003EB8203AB4204D02B6860F39F032B608E
:1043E8000AE02B786FF341032B70E268A3689A42C6
:1043F80013D02046FFF7ECFC86F31188BFF36F8FCC
:1044080004F1280014F0BCFA0C4B1A68019B5A40BE
:104418004FF0000310D102B070BD0B44226912F0B6
:10442800010F04D1226A934204D39B1A02E0226A44
:10443800013A1340A360DCE716F06EF9B0D9012009
:1044480010B582B0104B1B6801934FF00003EFF3D7
:104458001184202383F31288BFF36F8F6946FFF717
:1044680049FC84F31188BFF36F8F0098003818BF98
:104478000120054B1A68019B5A404FF0000301D1F7
:1044880002B010BD16F048F9B0D9012000B583B0CC
:10449800164B1B6801934FF00003A0F13003DBB209
:1044A800092B0BD80B700020104B1A68019B5A403F
:1044B8004FF0000317D103B05DF804FBA0F16103CE
:1044C800DBB2052B03D8573808700020ECE7A0F1C1
:1044D8004103DBB2052B03D8373808700020E3E727
:1044E8006FF01500E0E716F017F900BFB0D901200A
:1044F8002DE9F04383B01646294A126801924FF01D
:10450800000201F0010202EB510898452FD8074636
:104518004FEA5109F2B90024A1452AD965000DF1E5
:10452800030117F81400FFF7B1FF00282FDB9DF8EF
:1045380003301B01335501350DF10301785DFFF799
:10454800A5FF002826DB335D9DF80320134433556F
:104558000134E1E70DF103010078FFF797FF002828
:1045680012DB9DF8033006F8013B0137D3E74FF023
:1045780000080B4B1A68019B5A404FF000030CD1FE
:10458800404603B0BDE8F0834FF00008F1E74FF074
:104598000008EEE74FF00008EBE716F0BDF800BFA3
:1045A800B0D9012070B582B096466B4A1268019264
:1045B8004FF00002BEF1020F8CBF00220122801AC8
:1045C80061F100010029C0F28280CC1704F02105B6
:1045D800C0F3130C020D42EA0132C2F313029444F1
:1045E800C1F3132294440CEB117CAC445B4AA2FB4C
:1045F8000C52D20802EB820202EB8202ACEB020CF4
:1046080024F01704A444B0EB0C0261EBEC71544C99
:10461800544D02FB05F504FB0155A2FB0421294476
:104628008C460029C0F29080120942EA0C714FEAC8
:104638002C1C4D4A02FB0100BEF1020F40F288809B
:104648006FF00202724402EBC20202EB0212023263
:10465800464CA4FB024203EB9202830840F26D141D
:1046680004FB00333D4CA4FB0040A3EB501083181F
:104678004FEACC0040EA5170CA0052184CEB0000D7
:10468800000140EA1270120152184CEB00000001C0
:1046980040EA12701201521A60EB0C00810141EAE3
:1046A80092614FEA821CBCEB020261EB0001D01858
:1046B80041F100012E4BC01861F10001264B1A6828
:1046C800019B5A404FF0000344D102B070BD6FF413
:1046D800C772821861F10001CD1705F0210CC2F3F1
:1046E8001304160D46EA0136C6F313063444C1F323
:1046F8001326344404EB11746444184EA6FB046C6E
:104708004FEADC0C0CEB8C0C0CEB8C0CA4EB0C04C3
:1047180025F017052C44121B61EBE471104C114D68
:1047280002FB05F504FB0151A2FB04240C44A4463A
:10473800002C05DB120942EA0C714FEA2C1C78E7C1
:104748000F3244F1000CF5E70F3241F1000C6BE732
:10475800092277E715F0E0FFB0D901201F85EB515A
:10476800295C8FC2F5285C8F70FEFFFFCDCCCCCCC6
:104778009405F5FF70B582B00546314B1B6801936F
:104788004FF000034069C11740F26C73C0182A69E2
:10479800EB6803F1FF3302F1010241F10001FFF779
:1047A80001FF2C686E68AD684FEAE57C4FEA0C1291
:1047B80042EA15722B015B1B62EB0C02920042EA83
:1047C80093729B00F31842EBE6724FEA021C4CEA24
:1047D800137C4FEA031EBEEB030E6CEB02039B0037
:1047E80043EA9E734FEA8E0212EB040C43EBE47229
:1047F800031841EB01041B1841EB0401080140EACE
:1048080013701C01E41A60EB01010B0143EA1473F5
:104818002001001B63EB0103DB0143EA5063C00185
:1048280010EB0C0042EB0301054B1A68019B5A4040
:104838004FF0000301D102B070BD15F06DFF00BF4D
:10484800B0D9012000B583B00B4B1B6801934FF022
:10485800000301F00701038B23F007030B430383D5
:10486800054B1A68019B5A404FF0000302D103B070
:104878005DF804FB15F050FFB0D901202DE9F04197
:1048880082B006460F469046154B1B6801934FF0C1
:104898000003816821B10C683CB131B90C4604E0D1
:1048A8000C4602E0234621461C4669B14D68434642
:1048B8003A463046A847002CF4D02368002BF2D0A3
:1048C800002CF0D12346EEE7054B1A68019B5A40AD
:1048D8004FF0000302D102B0BDE8F08115F01CFFD3
:1048E800B0D9012000B583B0144B1B6801934FF079
:1048F8000003038B13F0070303D102680AB10320F6
:1049080004E0022B0CD0012B0FD000200B4B1A68AF
:10491800019B5A404FF000030DD103B05DF804FB32
:10492800428B002AEFD10420F0E703680BB1052081
:10493800ECE70020EAE715F0EFFE00BFB0D9012050
:1049480010B582B004468C462E4B1B6801934FF07D
:104958000003038B002A0FDB03F007035A1F012A09
:1049680016D9042B3ED0274B1A68019B5A404FF0AA
:10497800000344D102B010BDD0E900018CE8030067
:1049880000232360636001212046FFF75BFFEAE70D
:10499800D0E900018CE80300002222606260062B47
:1049A8001BD1DCF8003053B1628B013262831A46A6
:1049B8001B68002BF7D0002AF5D11346F3E7022134
:1049C8002046FFF73FFF2046FFF78CFF0028CAD09C
:1049D800238B43F020032383C5E700212046FFF7FC
:1049E80031FFF0E70021FFF72DFF2046FFF77AFFA0
:1049F8000028B8D0238B43F020032383B3E715F0B6
:104A08008BFE00BFB0D9012010B582B0114B1B68D6
:104A180001934FF0000388B10C4691B1081D00F0D6
:104A2800F7F910B9A368032B0ED80A4B1A68019B33
:104A38005A404FF000030AD102B010BD6FF01500C4
:104A4800F3E76FF01500F0E76FF01500EDE715F0EC
:104A580063FE00BFB0D901202DE9F04182B00746BE
:104A68000C4616461D460E4B1B6801934FF000037B
:104A78002946201D00F000FA28B180462B46324610
:104A880021463846C047064B1A68019B5A404FF0EA
:104A9800000302D102B0BDE8F08115F03DFE00BF71
:104AA800B0D901202DE9F04182B080460C46174666
:104AB8001E46104B1B6801934FF0000304E0334679
:104AC8003A464046FFF7C8FF216831B10D682560B6
:104AD80063688B42F3D16560F1E7064B1A68019B66
:104AE8005A404FF0000302D102B0BDE8F08115F042
:104AF80013FE00BFB0D901202DE9F04385B004466C
:104B0800084615465D4B1B6803934FF00003238B43
:104B180013F0080F05D103F0070600230193029351
:104B28005CE0012911D043F02003238385F3118829
:104B3800BFF36F8F514B1A68039B5A404FF0000325
:104B480040F09A8005B0BDE8F08343F0100323835A
:104B5800ECE72046FFF7C6FE42E0D4F814904A4638
:104B680001A92046FFF7ECFE4FF00008238B03F065
:104B78000707B74268D0A268002A65D0012243F02F
:104B88000803238385F31188BFF36F8F002A63D14D
:104B9800019B2BB14B463A4601A92046FFF782FFFD
:104BA800B8F1000F02D036492046C047EFF311850F
:104BB800202383F31288BFF36F8F238B23F008031E
:104BC8002383238B13F0100F4CD023F0100323837F
:104BD8000120268B06F007060028A7D00228B8D0A7
:104BE8000028A3D0013804282AD801A353F820F0BC
:104BF800634B0100494C01000D4C0100214C0100A0
:104C0800354C01002369D3F8008006212046FFF7C0
:104C180019FE4FF00009A9E72369D3F8048004219D
:104C28002046FFF70FFE4FF000099FE72369D3F8EE
:104C3800088005212046FFF705FE4FF0000995E79B
:104C48004FF00008C14691E7019A0AB1002296E7A1
:104C5800B8F1000F93D1B4E74A4639462046FFF72A
:104C68000DFE95E713F0200F04D023F020032383D3
:104C78000220AEE70020ACE715F04EFDB0D90120C8
:104C88008D4C010000B583B00E4A126801924FF0B6
:104C98000002EFF311824FF0200C8CF31288BFF35F
:104CA8006F8F41610121FFF727FF064B1A68019BAF
:104CB8005A404FF0000302D103B05DF804FB15F031
:104CC8002BFD00BFB0D9012000B583B0164B1B687F
:104CD80001934FF00003C0B10346C9B10A68D2B1CD
:104CE8004A68DAB10020186058609860D860186186
:104CF8005861986119610C4B1A68019B5A404FF032
:104D080000030ED103B05DF804FB6FF01500F2E765
:104D18006FF01500EFE76FF01500ECE76FF0150086
:104D2800E9E715F0F9FC00BFB0D9012070B582B0F1
:104D380005460E46354B1B6801934FF00003FFF7FD
:104D480063FE041E2EDBEFF31182202383F3128807
:104D5800BFF36F8FB5F818C00CF0070C6B8B4FF6CC
:104D6800FF718B4234D06446BCF1020F08D0BCF10D
:104D7800060F21D8DFE80CF0262020202632260056
:104D880001336B8301230021084628B100203060DD
:104D9800686848B306606E6049BB82F31188BFF348
:104DA8006F8F4BBB194B1A68019B5A404FF0000399
:104DB80029D1204602B070BD6FF0040400231946C3
:104DC8001846E2E7BCFA8CF1490900230120DCE728
:104DD8006FF00A04002319461846D6E76FF08504D9
:104DE800002319461846D0E76E602E60D4E70221EA
:104DF8002846FFF781FED5E700236246314628465C
:104E0800FFF72AFECEE715F087FC00BFB0D90120D6
:104E180000B583B0174B1B6801934FF0000300B334
:104E28000246436803F00303022B14D0032B04D07B
:104E3800012B04D06FF0150003E00368A3B1002034
:104E480090600C4B1A68019B5A404FF000030ED13A
:104E580003B05DF804FB0368002BF0D16FF0150078
:104E6800EFE76FF01500ECE76FF01500E9E715F0D4
:104E780053FC00BFB0D9012010B582B00346134AD5
:104E8800126801924FF00002426802F0030281604A
:104E9800022A04D0032A05D10468002004E000682F
:104EA800002401E00024204600225A6008B116F0D0
:104EB8009FFB064B1A68019B5A404FF0000302D132
:104EC800204602B010BD15F027FC00BFB0D9012064
:104ED80070B582B003461648006801904FF0000094
:104EE800DE685D68A81BDC6984421CD9201AD3F8E7
:104EF80014C0A5EB0C0CA4EB0C04A24228BF22465C
:104F0800904228BF10461A68AD1B2A440A605A68A6
:104F180002445A60064B1A68019B5A404FF000033E
:104F280004D102B070BD001B2644DFE715F0F4FB86
:104F3800B0D9012030B583B0154B1B6801934FF0F1
:104F4800000344688368E41A8C422CBF00240124BF
:104F5800C4B90246194481604160C568491BC369E8
:104F68008B428CBF0020012040B9094B1A68019B75
:104F78005A404FF0000308D103B030BD2B44D36032
:104F88002046F2E76FF01500EFE715F0C5FB00BF0C
:104F9800B0D901202DE9F04182B080460E46154671
:104FA800134B1B6801934FF0000300272A466946FC
:104FB8004046FFF78DFF044602463146009818F038
:104FC800C5FD274426442D1B01D0002CEED13946BF
:104FD8004046FFF7AFFF064B1A68019B5A404FF057
:104FE800000303D1384602B0BDE8F08115F094FB08
:104FF800B0D9012000B583B0024B1B6801934FF074
:10500800000301E0B0D90120054B1A68019B5A4002
:105018004FF0000302D103B05DF804FB15F07CFBF0
:10502800B0D9012010B582B00E4C246801944FF01D
:10503800000484894FEA114CD0F800E00CFB04EC22
:105048001CFA81F1806A84682468A047054B1A68B5
:10505800019B5A404FF0000301D102B010BD15F07A
:105068005BFB00BFB0D9012000B583B0094B1B68BA
:1050780001934FF000030823FFF7D4FF054B1A688C
:10508800019B5A404FF0000302D103B05DF804FBC6
:1050980015F042FBB0D901202DE9F0438BB08146D1
:1050A800884615461E461C4B1B6809934FF00003A3
:1050B800C36A1F687F4207F02007E6B13446BE4244
:1050C80028BF3C46234601AA41464846FFF7AAFFA7
:1050D800034698B94FF0000CA44509D20CF12803F7
:1050E8006B4413F824ECAE4507D10CF1010CF3E73F
:1050F800361BA044E1E7002300E00123064A1168BB
:10510800099A51404FF0000203D118460BB0BDE890
:10511800F08315F001FB00BFB0D9012000B583B0C2
:105128000D4B1B6801934FF000030023072B04D895
:10513800C25C8A420CD10133F8E70020064B1A689A
:10514800019B5A404FF0000304D103B05DF804FB03
:105158000120F3E715F0E0FAB0D9012000B583B0DB
:105168000E4B1B6801934FF000030B6803F5803367
:105178000B60C289B2EB134F09D0084B1A68019B28
:105188005A404FF0000306D103B05DF804FBA3EBCF
:1051980002430B60F1E715F0BFFA00BFB0D9012058
:1051A80070B582B00446144B1B6801934FF000039E
:1051B8000D0C03688289090C01FB0231806A02F038
:1051C8003BFE064648B10C4B1A68019B5A404FF00B
:1051D80000030FD1304602B070BD2D04E26AA389E6
:1051E800527929462046FFF757FF0028EBD06FF089
:1051F8000506E8E715F090FAB0D9012010B582B09D
:1052080004460D4B1B6801934FF00003072201462B
:10521800FF20FCF783F8E379834209D00120064B8D
:105228001A68019B5A404FF0000303D102B010BD29
:105238000020F4E715F070FAB0D9012070B582B0FB
:1052480004460846134B1B6801934FF00003E36ABA
:105258001B68012B16D9DE1D5B421E4043888288DD
:105268009D18FFF7CBFF78B9A3899B1BAB420DD9DB
:105278000120084B1A68019B5A404FF0000307D1E0
:1052880002B070BD0826E9E70020F2E70020F0E749
:1052980015F042FAB0D901202DE9F04184B0064654
:1052A80088461F4B1B6803934FF00003C36A1F68AF
:1052B800012F0AD9FB1D7F421F40D8F80040E41B8C
:1052C800C8F80040250C2D0402E00827F5E7E41B88
:1052D800AC4217D901AA21463046FFF7C5FE03465E
:1052E80088B901A93046FFF7A9FF0028EFD02D0C97
:1052F8002D04BDF80630BDF8082013441D44C8F835
:105308000040E4E70023064A1168039A51404FF031
:10531800000203D1184604B0BDE8F08115F0FCF98D
:10532800B0D9012030B583B005460C46184B1B6830
:1053380001934FF00003FFF781FFD0B1A388BBB9F9
:1053480022884FF6FF739A421CD1EB6A1B68012B27
:105358000CD9DA1D5B421A40AB8961885B1AB3FB32
:10536800F2F102FB11337BB9012002E00822F3E7D6
:105378000020074B1A68019B5A404FF0000305D1E3
:1053880003B030BD0020F4E70020F2E715F0C4F9BF
:10539800B0D90120F0B585B004460D462A4B1B68EC
:1053A80003934FF00003C36A1B68012B31D9DE1D3C
:1053B8005B421E4029682046FFF756FE0746F0B9B3
:1053C8002B6833442B6099B2A289921B914216D163
:1053D8001A0C20D1E289013A03EB02432B6001AA9F
:1053E80029682046FFF740FE074640B9E36A597925
:1053F80001A8FFF793FE90B962682A600746124B2E
:105408001A68039B5A404FF000031BD1384605B079
:10541800F0BD0826CEE7A3F580332B60DFE701A9AE
:105428002046FFF77FFF38B16B881B042B60BDF85F
:10543800062013442B60E2E729462046FFF72CFF9D
:105448000746DCE715F068F9B0D9012010B582B03D
:1054580004460B4B1B6801934FF0000307220146DB
:10546800FF20FBF75BFFE071054B1A68019B5A4070
:105478004FF0000301D102B010BD15F04DF900BF87
:10548800B0D901202DE9F0438BB01746274A12689E
:1054980009924FF00002002B44D005469846036855
:1054A8008289080C00FB023313FA81F4A146EB6AE7
:1054B8001B685B4213EA08060ED0A86A8368D3F813
:1054C800049033463A462146C84748B9A8EB06082F
:1054D80004EB0609374400E00020B8F1000F09D1B9
:1054E800124B1A68099B5A404FF000031CD10BB0AD
:1054F800BDE8F0834246394601A818F027FBEB6A5D
:105508001A68A2EB0802597901AB03EB080018F0FE
:105518002AFBA86AEB6A1B688268546801AA494694
:10552800A047DDE70020DBE715F0F6F8B0D9012049
:1055380030B583B0054614460F4B1B6801934FF0F6
:10554800000313460A468168FFF79CFFEB6A1B6855
:10555800012B03D91C44013C5B421C40AB6823442B
:10556800AB60054B1A68019B5A404FF0000301D10C
:1055780003B030BD15F0D0F8B0D901202DE9F041C5
:105588008AB007460E461546194B1B6809934FF01B
:105598000003C36A1B68C3F1000808F0200801E093
:1055A8002D1B2644ADB12C46454528BF444623460D
:1055B80001AA31463846FFF735FD034650B90023A6
:1055C800224601A93846FFF7B3FF03460028E7D073
:1055D80000E00023064A1168099A51404FF0000282
:1055E80003D118460AB0BDE8F08115F095F800BF60
:1055F800B0D9012010B582B004460A460F4B1B688B
:1056080001934FF0000308234168FFF73BFFE36A6B
:105618001B68012B0ED9DA1D5B421A4063689B1A7E
:105628006360064B1A68019B5A404FF0000303D190
:1056380002B010BD0822F1E715F06EF8B0D90120CC
:1056480010B584B00446114B1B6803934FF0000358
:105658004FF6FF73ADF804300022ADF808208DF83E
:105668000A300389ADF8063001A8FFF7EFFE01A95B
:105678002046FFF7BFFF054B1A68039B5A404FF0BF
:10568800000301D104B010BD15F046F8B0D90120CF
:105698002DE9F0418AB00446544B1B6809934FF03A
:1056A8000003C36A1B68012B34D9DE1D5B421E4010
:1056B800E3881B04009369462046FFF74FFDA18944
:1056C800009B1944891B019103AA2046FFF7CCFCD3
:1056D800031E14DBE36A597903A8FFF71FFDD8B945
:1056E8006368A2681644B34204D32046FFF7A8FFB4
:1056F800034620B900992046FFF752FD03463B4A6E
:105708001168099A51404FF000026CD118460AB04E
:10571800BDE8F0810826CBE7019BA3EB060803A9A7
:105728002046FFF7FFFD40B1BDF806301B0401938A
:10573800BDF80E201344019323E001A92046FFF78A
:10574800ABFD0346E8B1DAE76268029B9A4214D0DF
:10575800029D07AA02A92046FFF71CFE034600285F
:10576800CDD1BDF81C20BDF814309A42ECD107A960
:105778002046FFF763FD0028E6D0BD4213D0474519
:10578800AED0019F05AA01A92046FFF703FE0346F4
:105798000028B4D105A92046FFF750FD0028EED017
:1057A80063680293D4E7BDF81830002BE7D03B0CB0
:1057B8001B04BDF816209D182389ADF8163005A8DE
:1057C800FFF744FEBDF8182029462046FFF7D6FE0D
:1057D8000346002893D105A92046FFF70BFF03468F
:1057E8000028CCD08BE714F097FF00BFB0D9012078
:1057F80010B584B004468C4611461A46124B1B68F5
:1058080003934FF00003ADF804C00389ADF80630E8
:10581800ADF80820FF238DF80A300123FFF788FE32
:1058280040B1094B1A68039B5A404FF0000309D155
:1058380004B010BD01A8FFF709FE01A92046FFF733
:10584800D9FEEEE714F068FFB0D9012030B585B075
:1058580004461E4B1B6803934FF00003C36A1B6882
:10586800012B2ED9DA1D5B421A404FF6FF71ADF8B5
:1058780004100025ADF8085063689818ADF80600C4
:105888008DF80A101B0C1B046360A1898A1A134443
:10589800636001A8FFF7DAFD01A92046FFF7AAFE19
:1058A800211D2046FFF75AFCE3881B04A360074B21
:1058B8001A68039B5A404FF0000304D1284605B0EC
:1058C80030BD0822D1E714F027FF00BFB0D901206E
:1058D8002DE9F04387B00446A24B1B6805934FF0AF
:1058E800000300230093C36A5F7900F114094FF0A5
:1058F800FF324FF0FF33484612F0E4FDE36A1E68BA
:10590800012E06D9F31D76421E404FF00008454689
:1059180003E00826F9E70135ADB2E389AB421CD9AB
:10592800A189891B89B201EB0541009108233A46F8
:105938002046FFF7B1FB0028EDD008F101081FFA57
:1059480088F869462046FFF709FC08233A4600997B
:105958002046FFF7A1FB0028DDD1E389434500F08D
:10596800FB80AB420DD069462046FFF795FC054603
:10597800002840F0CF80009B63601B0C1B04A360D1
:1059880010E008233A460099891B2046FFF784FB5C
:105998000028E8D169462046FFF7E0FBE3E76368A3
:1059A8009B1B63606168A36899422DD301AA2046B6
:1059B800FFF75AFB0546002840F0A580394601A8A4
:1059C800FFF7ACFB00B301A92046FFF737FC00281E
:1059D800E5D0BDF802301A04A260BDF80630BDF863
:1059E80008000344E16A0968012903D90B44013B13
:1059F80049420B401344A36062689342CFD1002808
:105A0800CDD06FF01C0585E0E3881B040093694640
:105A18002046FFF7A3FBA3893A4600992046FFF7E3
:105A28003BFB051E76DB002D5AD063683344009398
:105A380002E0009B3344009300998AB2A3899B1B20
:105A48009A4218D203AA2046FFF70EFB0546002803
:105A580059D103A92046FFF7F1FB0028E9D0BDF88A
:105A68000C204FF6FF739A42E3D1BDF81030002B9B
:105A7800DFD1012300E00023DBB93B4A03213B4887
:105A880001F096F961682046FFF78AFB0546002871
:105A980040D1E3881B046360A289A2EB4602134449
:105AA80063601B0C1B04A3602046FFF7F1FD05464D
:105AB80029E02F4A03212D4801F07AF9E3881B04D5
:105AC800009369462046FFF749FB00992046FFF7F7
:105AD80067FB054617E0A368E26A12681344A360EF
:105AE8006368A1688B4208D95B1A3A462046FFF7DB
:105AF800D3FA051E07DB002DEDD1616801EB4602E4
:105B0800A3899A4214D02DB9A288A389A3EB46038E
:105B18009A421CD0484612F065FD124B1A68059B44
:105B28005A404FF000031AD1284607B0BDE8F08369
:105B3800A2680B0C1B049A42E5D02046FFF730FB05
:105B480005460028E6D1E3881B04A360DBE720466E
:105B5800FFF776FD0546DDE76FF02C05DAE714F070
:105B6800DBFD00BFB0D9012080E802002CE4020070
:105B780068E802002DE9F0438BB081460E461746CF
:105B88001D46194B1B6809934FF00003C36A1B6835
:105B9800C3F1000808F0200802E02D1B2644274422
:105BA800A5B12C46454528BF4446234601AA31469F
:105BB8004846FFF737FA034648B9224601A938464E
:105BC80017F0B4FF0028E8D0012300E00023064ABC
:105BD8001168099A51404FF0000203D118460BB0E2
:105BE800BDE8F08314F098FDB0D9012070B586B0F7
:105BF80004463F4B1B6805934FF00003143012F026
:105C080045FCA06A8368DB689847E06238B3A06AFD
:105C18008368DB6898470368013B1F2B27D8A06A75
:105C2800216802AA06F022FE48BBA3897BB3039A27
:105C3800B3FBF2F102FB11334BBBE389012B2ED9E5
:105C48002046FFF745FE054688B3294B1A68059B91
:105C58005A404FF0000348D1284606B070BD254A87
:105C68000121254801F0A4F86FF01505EDE7234A56
:105C78000121214801F09CF86FF01505E5E7204A5D
:105C880001211D4801F094F86FF01505DDE71D4A64
:105C98000121194801F08CF86FF01505D5E71A4A6B
:105CA8000121154801F084F86FF01505CDE70123AF
:105CB8002374E389A289104E0092144A03213046C6
:105CC80001F0AEF86268130C92B20092104A0321F8
:105CD800304601F0A5F8A268130C92B200920D4A62
:105CE8000321304601F09CF8AFE714F015FD00BF22
:105CF800B0D90120BCE802002CE40200E0E8020070
:105D080000E9020018E902002CE9020050E902004B
:105D180068E902007CE902002DE9F04F87B00192A2
:105D280099465F4B1B6805934FF0000390F810B03D
:105D3800BBF1000F23D004460E46C36A1B68012B33
:105D480025D903F1070A5A420AEA020A012B21D986
:105D580009EB030808F1FF385B4208EA0308A38946
:105D6800A3EB8A034B45C0F09380B9F1000F03D031
:105D7800019B002B00F08F806368029310E0494A72
:105D88000121494801F014F86FF00C0571E04FF05B
:105D9800080ADBE7C846E2E76268029B9A4213D02A
:105DA800029F03AA02A92046FFF7F4FA0546002835
:105DB8005FD1BDF80C30B342EED103A92046FFF7FE
:105DC8003DFA0028E8D001E04FF0000BBBF1000FCE
:105DD80018D03F0C3F04BDF80E103944B9F1000F3C
:105DE80003D1BDF8103083B943E0BDF810304B45FE
:105DF8000BD14B46019A2046FFF7BCFE002804DC75
:105E0800054636E0B9F1000F33D0B8F1000F1FD0C6
:105E18001FFA8AFA1AFA88F7BFB204F114084FF089
:105E2800FF324FF0FF33404612F04CFBE3899D42AE
:105E38001AD06268A3683B449A420BD22046FFF707
:105E480005FD08BB2046FFF723FCF8B90135EDE74F
:105E58000027E2E74B46019A31462046FFF7C8FC87
:105E6800054618B94D4601E06FF01B05404612F093
:105E7800B9FB0B4B1A68059B5A404FF000030DD134
:105E8800284607B0BDE8F08F0546EFE70546EDE781
:105E98006FF01505EDE76FF01505EAE714F03CFC27
:105EA800B0D90120A8E802002CE402002DE9F0474F
:105EB80084B09946BDF830803A4B1B6803934FF085
:105EC8000003037C93B104460F469246C36A1B68DD
:105ED800012B13D9DA1D5B421A40A389A3EB4203B5
:105EE8004B4553D36668009600250DE02E4A0121E4
:105EF8002E4800F05DFF6FF00C0335E00822ECE758
:105F08006268009B9A4216D0454514D8009E01AAA3
:105F180069462046FFF73EFA034628BBBDF8043021
:105F2800BB42EDD101A92046FFF788F90028E7D048
:105F38000135ADB2E4E76268009B9A421FD0BDF814
:105F4800083033B3454527D3360C3604BDF8061060
:105F58004B4528BF4B46524631442046FFF762F86E
:105F6800034608B9BDF808300E4A1168039A514033
:105F78004FF0000213D1184604B0BDE8F087BDF811
:105F88000430BB42DBD06FF00103EDE76FF015037F
:105F9800EAE76FF00103E7E76FF00103E4E714F0C5
:105FA800BBFB00BFB0D90120A8E802002CE4020026
:105FB80010B584B0094C246803944FF00004002401
:105FC8000094FFF773FF054B1A68039B5A404FF084
:105FD800000301D104B010BD14F09EFBB0D901201C
:105FE80000B583B00F4B1B6801934FF00003037893
:105FF80013F0040F0AD000200A4B1A68019B5A407C
:106008004FF000030CD103B05DF804FB0368C3F341
:106018004A2000EB1350173020F007008008EBE708
:1060280014F07AFBB0D9012000B583B0084B1B6887
:1060380001934FF00003064B1A68019B5A404FF03A
:10604800000303D1002003B05DF804FB14F064FBE7
:10605800B0D9012000B583B0084B1B6801934FF0FD
:106068000003064B1A68019B5A404FF0000303D106
:10607800012003B05DF804FB14F04EFBB0D90120F9
:1060880030B583B00546134B1B6801934FF00003EE
:10609800114C00E01034114B9C420FD263685B79BD
:1060A800002BF7D029462046FFF7D4FF0028F1D06F
:1060B80023681B68294620469847EBE7054B1A6872
:1060C800019B5A404FF0000301D103B030BD14F0DA
:1060D80023FB00BFB0D90120CCE40200ECE40200AD
:1060E80070B582B006460D460F4B1B6801934FF002
:1060F80000030E4C04E02A463146204698471034E7
:106108000B4B9C4204D223689B69002BF3D1F6E722
:10611800054B1A68019B5A404FF0000301D102B0A9
:1061280070BD14F0F9FA00BFB0D90120CCE4020028
:10613800ECE4020000B583B0094B1B6801934FF0F3
:10614800000308F0D1F9064B1A68019B5A404FF03A
:10615800000302D103B05DF804FB14F0DDFA00BFC0
:10616800B0D901202DE9F04182B007461D4B1B68CC
:1061780001934FF0000305460AE007EA08071A4BA7
:1061880003EB06135B6804221968204600F02AFD19
:10619800D5B195FAA5F6B6FA86F6134C04EB0614B3
:1061A8000123B3406FEA030825EA0305237B002B8C
:1061B800EED033010C4AD3581B69002BDDD02046A2
:1061C80098470028E4D1D8E7064B1A68019B5A4043
:1061D8004FF0000303D1384602B0BDE8F08114F057
:1061E8009BFA00BFB0D90120CCE4020000B583B00F
:1061F800124B1B6801934FF0000320EAE070C117AF
:10620800C90341EA5041C00340F2E733C0184FF4D4
:106218007A724FF0000341F10001F9F7E1FF14F041
:106228006BF8064B1A68019B5A404FF0000302D1E5
:1062380003B05DF804FB14F06FFA00BFB0D9012079
:106248002DE9F04182B080460F46264B1B6801932A
:106258004FF00003244BD3E8EF5F6A1CC3E8E12F3B
:106268000029F8D1002D2FD1204C002607E06368C3
:1062780004221968204600F0B5FC013610341C4B86
:106288009C4213D2237B002BF7D02368DB680BB129
:106298002046984723681B69002BE8D0204698477A
:1062A8000028E4D00123B3401D43E6E7B8F1000F0E
:1062B8000BD055B12846FFF755FF0546002FF8D0FB
:1062C8000A20FFF793FFF4E70025064B1A68019BA5
:1062D8005A404FF0000303D1284602B0BDE8F081D0
:1062E80014F01AFAB0D9012048E90020CCE40200E1
:1062F800ECE4020000B583B00D4B1B6801934FF02E
:1063080000030C4B186018B10B4B1B68092B09DCF8
:10631800074B1A68019B5A404FF0000306D103B09F
:106328005DF804FB054812F02BFBF1E714F0F4F9D3
:10633800B0D901203CE9002044E90020A0CC00208D
:1063480000B583B0094B1B6801934FF00003084860
:1063580012F016FB054B1A68019B5A404FF00003D8
:1063680002D103B05DF804FB14F0D6F9B0D90120CE
:10637800A0CC002000B583B00A4B1B6801934FF0F6
:10638800000300220023FDF7ABFE064B1A68019BB1
:106398005A404FF0000302D103B05DF804FB14F03B
:1063A800BBF900BFB0D9012000B583B0094B1B6809
:1063B80001934FF00003FDF7EDFF064B1A68019BB0
:1063C8005A404FF0000302D103B05DF804FB14F00B
:1063D800A3F900BFB0D9012000B583B0094B1B68F1
:1063E80001934FF00003FEF72BF8064B1A68019B48
:1063F8005A404FF0000302D103B05DF804FB14F0DB
:106408008BF900BFB0D9012030B58BB0164B1B6893
:1064180009934FF0000300221449154814F00EFDAB
:10642800144D00220023CDE90623002404940E23F2
:1064380003930294019400940F4B4FF440720F4958
:10644800284612F0DFFF0E49284612F0C1FE064B1F
:106458001A68099B5A404FF0000302D120460BB03E
:1064680030BD14F059F900BFB0D9012049630100CB
:1064780008DE002048CD0020C56A01007003012015
:1064880098E9020000B583B0094B1B6801934FF0EF
:106498000003084B53F82000054B1A68019B5A402B
:1064A8004FF0000302D103B05DF804FB14F034F997
:1064B800B0D90120B4E9020000B583B00E4B1B68C7
:1064C80001934FF0000388B10C4A10600C4B19601F
:1064D800084601F09BF90020074B1A68019B5A40B7
:1064E8004FF0000305D103B05DF804FB6FF0150011
:1064F800F2E714F011F900BFB0D9012074C90020E7
:1065080038E9002000B583B00D4B1B6801934FF0AC
:1065180000030C4B1B7863B10A4B01221A70084B1D
:106528001A68019B5A404FF0000306D103B05DF88A
:1065380004FB054812F024FAEEE714F0EDF800BF6A
:10654800B0D901202FF30020A0CC002000B583B0E3
:10655800144B1B6801934FF00003134BD3E8EF1F54
:106568000131C3E8E21F002AF8D178B90F4814F0C6
:10657800D9FC0F4812F004FA0A4B1A68019B5A40DA
:106588004FF000030BD103B05DF804FB094BD3E8CF
:10659800EF1F0139C3E8E21F002AE7D0F7E714F03C
:1065A800BBF800BFB0D9012040E9002008DE002078
:1065B800A0CC002044E9002000B583B0094B1B683B
:1065C80001934FF000030120FFF7C0FF054B1A6845
:1065D800019B5A404FF0000302D103B05DF804FB61
:1065E80014F09AF8B0D9012000B583B00C4B1B68A1
:1065F80001934FF000030B4B0022D3E8EF0FC3E8E1
:10660800E12F0029F9D1064B1A68019B5A404FF037
:10661800000302D103B05DF804FB14F07DF800BF5D
:10662800B0D9012040E9002030B583B0124B1B6877
:1066380001934FF00003FFF7D7FF05460F4C00E02A
:1066480010340F4B9C420BD263685B79002BF7D058
:1066580023685B68002BF3D0294620469847EFE76C
:10666800054B1A68019B5A404FF0000301D103B053
:1066780030BD14F051F800BFB0D90120CCE40200BD
:10668800ECE4020000B583B00B4B1B6801934FF09C
:1066980000030A4B18680028D4BF00200120064BCD
:1066A8001A68019B5A404FF0000302D103B05DF80D
:1066B80004FB14F031F800BFB0D9012040E90020F4
:1066C80010B582B00B4B1B6801934FF000030A4CC6
:1066D8000A492046FDF7D0FC094B1C60054B1A6897
:1066E800019B5A404FF0000301D102B010BD14F0D5
:1066F80013F800BFB0D9012090CB0020A0E9020018
:1067080034E9002000B583B00F4B1B6801934FF0AC
:10671800000300230D4A13700D4A13600D4A1360DD
:106728004FF400410C48FFF7C7FEFFF7C9FF064BBF
:106738001A68019B5A404FF0000302D103B05DF87C
:1067480004FB13F0E9FF00BFB0D9012030F30020AB
:1067580040E9002044E900203D61010000B583B014
:1067680001460A4B1B6801934FF000030848FFF7E6
:1067780001FE064B1A68019B5A404FF0000302D1F4
:1067880003B05DF804FB13F0C7FF00BFB0D90120C8
:1067980090CB002000B583B0094B1B6801934FF0E4
:1067A80000030848FDF77EFD054B1A68019B5A4017
:1067B8004FF0000302D103B05DF804FB13F0ACFF07
:1067C800B0D9012090CB002000B583B0094B1B68DD
:1067D80001934FF00003FFF7DDFF064B1A68019B9A
:1067E8005A404FF0000302D103B05DF804FB13F0E8
:1067F80093FF00BFB0D9012000B583B001460A4B12
:106808001B6801934FF00003084B1868FFF7CCFD95
:10681800054B1A68019B5A404FF0000302D103B0A0
:106828005DF804FB13F078FFB0D9012034E90020AB
:1068380000B583B0094B1B6801934FF0000308486B
:10684800FFF7CAFD054B1A68019B5A404FF0000339
:1068580002D103B05DF804FB13F05EFFB0D901204C
:1068680090CB002010B584B02F4B1B6803934FF0DA
:10687800000300220023CDE900232C4B187840B9EF
:10688800294B1A68039B5A404FF000034AD104B0C1
:1068980010BD6846FFF798FF044668B1244BD3E85B
:1068A800EF1F0139C3E8E21F002AF8D12046FFF79D
:1068B800E7FB2046FFF7A0FFFFF7E4FE58B91D4AA3
:1068C8001368516813F57A7341F100011360516040
:1068D800FFF7AEFFD4E714F069F94A0142EAD06243
:1068E80043011B1A62EB0102920042EA93729B0079
:1068F8001B1842EB0102D20042EA5372C3F3103371
:1069080043EA4243D20B0B48016840685B1A62EBCA
:10691800000240F2E9318B4272F10002CFD3FFF757
:1069280083FECCE713F0F8FEB0D901202FF3002046
:1069380044E9002000DE002010B582B0164B1B6829
:1069480001934FF00003154B1B7843B1124B1A68A3
:10695800019B5A404FF000031CD102B010BD00212A
:106968000120FFF76DFC0E4C00E010340D4B9C42EB
:1069780008D263685B79002BF7D023689B682046B0
:106988009847F2E7FFF76EFF0028FBD1034B01227F
:106998001A70DBE713F0C0FEB0D9012030F30020F5
:1069A800CCE40200ECE4020010B584B01F4B1B6875
:1069B80003934FF000031E4BD3E8EF2F511CC3E89D
:1069C800E01F0028F8D11B4B1B7863B91A4B1B68D2
:1069D800B3B1F2B1092A13D1184814F0A3FA184830
:1069E80011F0CEFF0CE0EFF31184202383F312881B
:1069F800BFF36F8FFFF736FF84F31188BFF36F8FF4
:106A08000A4B1A68039B5A404FF000030CD104B09C
:106A180010BD00220023CDE900234FF400420023DB
:106A2800064814F02BFAEBE713F076FEB0D90120F4
:106A380044E9002030F300203CE9002008DE002073
:106A4800A0CC002000B583B00A4B1B6801934FF01F
:106A58000003FDF7EDFBFFF7A7FF064B1A68019B44
:106A68005A404FF0000302D103B05DF804FB13F065
:106A780053FE00BFB0D9012010B582B004460C4BBC
:106A88001B6801934FF000030A4B1B689847A060EE
:106A980021460948FFF7D6FF054B1A68019B5A4063
:106AA8004FF0000301D102B010BD13F035FE00BF56
:106AB800B0D9012074C9002090CB00202DE9F04105
:106AC80082B01C4B1B6801934FF00003002108465D
:106AD800FFF7B6FB804640B140F26766002713F027
:106AE8004DFCFFF707FC002515E04FF0FF364FF08F
:106AF800FF37F4E74046FFF735FB804670B94FF0A3
:106B0800FF364FF0FF3709E02C4632463B460A482D
:106B180011F070FF2546B8F1000FEBD1FFF7A2FE88
:106B280004460028F6D1002DEED000210846FFF7D4
:106B3800D7FAEAE7B0D90120A0CC002000B583B08D
:106B4800084B1B6801934FF00003064B1A68019B22
:106B58005A404FF0000303D1002003B05DF804FB56
:106B680013F0DAFDB0D9012000B583B00A4B1B68D9
:106B780001934FF000030948094BC01A064B1A68E5
:106B8800019B5A404FF0000303D1C00803B05DF8E1
:106B980004FB13F0C1FD00BFB0D90120CCE4020012
:106BA800D4E3020010B582B00C460C4B1B6801936D
:106BB8004FF00003FFF7D8FFA0420BD9084B53F85A
:106BC8003400064B1A68019B5A404FF0000303D16A
:106BD80002B010BD0020F4E713F09EFDB0D90120EB
:106BE800D4E3020000B583B0104B1B6801934FF04B
:106BF80000030F4BC31A1B110133D0F804C08CF8E3
:106C0800043043689A7143681960436801225A71D5
:106C1800FFF778FC054B1A68019B5A404FF00003B8
:106C280002D103B05DF804FB13F076FDB0D9012062
:106C3800CCE4020070B582B0114B1B6801934FF091
:106C48000003536896689B1B8B4214D30C46154669
:106C580013680A460146981916F078FFAB68234472
:106C6800AB602046064B1A68019B5A404FF0000360
:106C780004D102B070BD6FF01B00F3E713F04CFDB8
:106C8800B0D9012070B588B00C9C0D9D0E9EDFF820
:106C980040C0DCF800C0CDF81CC04FF0000C0492D6
:106CA8000593002306937AB10A4A02960195009447
:106CB80004ABFBF703F9064B1A68079B5A404FF0E1
:106CC800000303D108B070BD0022EEE713F024FDE5
:106CD800B0D901203D6C010070B582B00E4619464E
:106CE800114B1B6801934FF00003B8B114460546D9
:106CF80031B11030C2F34A23120D184416F026FFA2
:106D08002C606E602846FFF7B7FE074B1A68019B98
:106D18005A404FF0000304D102B070BDFFF716FCD3
:106D2800F3E713F0F9FC00BFB0D901202DE9F043D7
:106D380083B006460F4615461C461C4B1B6801933C
:106D48004FF0000304F101094FEA890808F1170020
:106D580020F007008008FFF701FD002200928DF85F
:106D6800009068B100F1140C009B0361964605E0A1
:106D780055F82E304CF8043B0EF1010EA645F7D31A
:106D8800002267F3881268F3532200233146FFF785
:106D9800A3FF064B1A68019B5A404FF0000302D12B
:106DA80003B0BDE8F08313F0B7FC00BFB0D90120F1
:106DB80000B583B00A4B1B6801934FF000030092A3
:106DC80001236A46FFF7B2FF054B1A68019B5A4038
:106DD8004FF0000302D103B05DF804FB13F09CFCF4
:106DE800B0D9012000B585B0DFF830C0DCF800C0AC
:106DF800CDF80CC04FF0000C01920293022301AAB7
:106E0800FFF794FF054B1A68039B5A404FF00003A5
:106E180002D105B05DF804FB13F07EFCB0D9012067
:106E280000B585B0DFF834C0DCF800C0CDF80CC080
:106E38004FF0000C00920193069B029303236A46CD
:106E4800FFF774FF054B1A68039B5A404FF0000385
:106E580002D105B05DF804FB13F05EFCB0D9012047
:106E68002DE9F04F8DB004AF05461E46584B1B6800
:106E7800FB614FF000038846C1F34A24002C00F060
:106E88008A80914600227A60BA60FA6004230293ED
:106E980007F1100301930A2300933B1D214648463E
:106EA800FBF70CF8B0F5006F58D3D9F804106D460D
:106EB80000233B7602237B768AB004AC14F11002DF
:106EC80017D012201AB1042801DD424B6361002358
:106ED8003B7602237B76CAB10346082800DDA16110
:106EE8000C2B02DD40F2FF73E36104F12003002163
:106EF8000AE06FF00040E5E701F120063E4416F88D
:106F0800086C03F8016B01310129F5D9112822DD3C
:106F1800122342B10421397100217971B97101211B
:106F2800F9717868206100216FF300016FF3410166
:106F38006FF382016FF3C501022060F38811C3F378
:106F48000A0363F353210023C1F31301224800F01D
:106F580045F8AD462EE06FF01B03DAE760F35328DF
:106F6800C0F30A0A0AEB1850173020F0070080080F
:106F7800FFF7F4FB8346B8B10423029307F110032B
:106F880001930A230093534600F110022146484614
:106F9800FFF778FE08E004EB1154173424F00704D7
:106FA800A008FFF7DBFB834633464246294658468E
:106FB800FFF792FE064B1A68FB695A404FF0000330
:106FC80003D12437BD46BDE8F08F13F0A5FB00BF01
:106FD800B0D90120D4E9020034E4020000B583B03E
:106FE800DFF828C0DCF800C0CDF804C04FF0000C72
:106FF800FFF736FF054B1A68019B5A404FF0000314
:1070080002D103B05DF804FB13F086FBB0D9012070
:1070180000B583B00C4B1B6801934FF00003406828
:1070280068B10A4BC01A40F3CF00074B1A68019B9E
:107038005A404FF0000305D103B05DF804FB4FF050
:10704800FF30F2E713F068FBB0D90120D4E3020067
:107058002DE9F04182B08046114B1B6801934FF037
:1070680000030768856843681C685E6805E0324667
:1070780021462846B847241A0544002CF7D1D8F8E9
:10708800043000221A60064B1A68019B5A404FF0E0
:10709800000302D102B0BDE8F08113F03DFB00BF50
:1070A800B0D9012030B583B005460C46114B1B689A
:1070B80001934FF000034B681A68CB689A4213D0CB
:1070C8006368D3E8EF2F511CC3E8E01F0028F8D10C
:1070D800A3689D54074B1A68019B5A404FF0000360
:1070E80006D1002003B030BD0846FFF7B1FFE7E73F
:1070F80013F012FBB0D9012030B583B004460D4619
:107108000D4B1B6801934FF000030A280DD0294648
:107118002046FFF7C7FF084B1A68019B5A404FF0FB
:10712800000306D1002003B030BD0D20FFF7BAFFE1
:10713800EDE713F0F1FA00BFB0D9012010B584B023
:10714800094C246803944FF0000400240094FCF7D1
:1071580039FA054B1A68039B5A404FF0000301D1D6
:1071680004B010BD13F0D8FAB0D901200EB400B5A0
:1071780084B0014605AB53F8042B0C480068039013
:107188004FF000000293002000900948FCF71AFA1B
:10719800064B1A68039B5A404FF0000304D104B011
:1071A8005DF804EB03B0704713F0B6FAB0D90120CC
:1071B800AD70010030B587B0224B1B6805934FF0C6
:1071C800000311F0440F0CD01F4B1C686CB9002051
:1071D8001C4B1A68059B5A404FF0000330D107B08A
:1071E80030BD1A49FFF7C2FFF2E7194B1968B2FB25
:1071F800F1F1B1FBF4FC174AA2FB0C32D20A4FF4AE
:10720800616E0EFB12CE144BA3FB0E535B0904FBFD
:107218001C114FF47A7C0CFB01F1B1FBF4F504FB73
:1072280015110CFB01F1B1FBF4F102910195C3EBCF
:107238000311AEEB810100910849FFF797FFC7E7FB
:1072480013F06AFAB0D9012050E9002014EA0200CC
:107258004CE90020C5B3A2918988888820EA0200F9
:1072680000B583B0DFF83CC0DCF800C0CDF804C03E
:107278004FF0000C51B12AB10B4A52F8232012B931
:107288000A4A00E0094A0A49FFF770FF054B1A68E5
:10729800019B5A404FF0000302D103B05DF804FB94
:1072A80013F03AFAB0D90120BCEA02003CEA020025
:1072B800B0FC020000B583B013460A4A1268019276
:1072C8004FF000020122FFF7CBFF064B1A68019B23
:1072D8005A404FF0000302D103B05DF804FB13F0ED
:1072E8001BFA00BFB0D9012000B583B013460A4A83
:1072F800126801924FF000020022FFF7B1FF064B1F
:107308001A68019B5A404FF0000302D103B05DF8A0
:1073180004FB13F001FA00BFB0D901202DE9F043B6
:1073280083B0054617460A9EDDF82C80DDF83490B8
:10733800194B1B6801934FF0000381B900242EB14B
:10734800324616492846FFF711FF0444B8F1000FEA
:1073580013D067B1B9F1040F1AD0114908E0114BE5
:1073680053F829201049FFF701FF0446E7E70C49C5
:1073780042462846FFF7FAFE0444074B1A68019B69
:107388005A404FF0000305D1204603B0BDE8F08312
:107398000649EDE713F0C0F9B0D9012058EA020018
:1073A80048EA0200D0EA020050EA020044EA020079
:1073B8002DE9F04F8DB005460C4607920993169EAD
:1073C800DDF85C80189B08939DF86470244B1B685B
:1073D8000B934FF0000301F0020B01F0010AC1F317
:1073E800C00901F480730693FFF7A8FB50B3024667
:1073F8001C492846FFF7BAFE0590BBF1000F24D1BF
:107408003A4651462846FFF755FF069B0BB14FF009
:1074180000080397089B0293CDF804800096002388
:10742800079A49462846FFF779FF059B0344184603
:107438000B4B1A680B9B5A404FF000030ED10DB04E
:10744800BDE8F08F00230593D7E7099A214628461F
:10745800FFF7B0FE059B03440593D1E713F05CF9F1
:10746800B0D901205CEA020000B583B00E4B1B685E
:1074780001934FF0000311F0100F05D111F0200F08
:107488000CD00A49FFF772FE074B1A68019B5A4055
:107498004FF0000306D103B05DF804FB0449FFF781
:1074A80065FEF1E713F038F9B0D9012050F9020070
:1074B800B8F9020030B583B005460C460B4B1B6883
:1074C80001934FF0000301F00101FFF70DFF214682
:1074D8002846FFF7C9FF054B1A68019B5A404FF031
:1074E800000301D103B030BD13F016F9B0D9012063
:1074F8002DE9F04182B005460F46164698462F4BB7
:107508001B6801934FF000030899FFF7ADFF0024B3
:10751800444505DA2A492846FFF728FE0134F7E7EB
:10752800002409E026492846FFF720FE0BE02549FC
:107538002846FFF71BFE01340F2C0CDC002C02DD63
:1075480014F0070FEED0B442F1D23A5D1E49284636
:10755800FFF70CFEEFE71D492846FFF707FE00245A
:1075680009E017492846FFF701FE0BE018492846AD
:10757800FFF7FCFD01340F2C13DC002C02DD14F0A6
:10758800070FEED0B44207D23A5D124B9B5C13F062
:10759800970FEBD12E22E9E709492846FFF7E6FDC8
:1075A800E8E7064B1A68019B5A404FF0000302D1E6
:1075B80002B0BDE8F08113F0AFF800BFB0D90120E8
:1075C80058E7020068EA020060EA02006CEA02007A
:1075D80070EA02001D0503002DE9F04385B08146DD
:1075E800884615461E460C9F0F4B1B6803934FF0A9
:1075F80000032C46102D28BF10240097334622463E
:1076080041464846FFF774FFA0442D1BF1D1064BB5
:107618001A68039B5A404FF0000302D105B0BDE839
:10762800F08313F079F800BFB0D901202DE9F047B5
:1076380086B004460E989DF83C50109EDDF84490A4
:10764800129FDDF84C80DFF888C0DCF800C0CDF868
:1076580014C04FF0000CCDB9012B24D01D484FF0B9
:10766800000A26B1334622461B49FAF7ADFBF7B9A3
:1076780035BB2046FFF7ECFC154B1A68059B5A40B2
:107688004FF0000322D106B0BDE8F08703950290C1
:10769800019300920B46002241462046FFF788FEE0
:1076A80082460E48DDE70D484FF0000AD9E7CDF8CD
:1076B800008053463A4649462046FFF78DFFD7E7F4
:1076C8002A4641462046FFF7F5FED2E713F024F894
:1076D800B0D901200171010045710100AD700100B0
:1076E8002DE9F04389B006460C4690461D4B1B68B1
:1076F80007934FF00003D1F808900F88C7F382175B
:107708000878C0F3C2050846FFF782FC011E21DA9B
:107718000023214651F8105BC5F34A256288C2F35D
:107728000B12481905B90021CDF814800492039072
:10773800029101970022009249463046FFF776FFF2
:10774800084B1A68079B5A404FF0000307D109B04D
:10775800BDE8F0832846FFF725FA0346D9E712F07B
:10776800DBFF00BFB0D901202DE9F04385B0064604
:10777800224B1B6803934FF00003056842F20F7316
:107788008B4228BF0B461E4A052101A8FAF7D4FEF2
:1077980004467368D3F804900B27DFF8688005E087
:1077A8004A4639464046A8473F1A8044002FF7D139
:1077B8007368D3F8048001AF05E042462146384695
:1077C800A847241A0744002CF7D173685F681B2464
:1077D8000D4E05E03A4621463046A847241A06448D
:1077E800002CF7D1054B1A68039B5A404FF0000351
:1077F80002D105B0BDE8F08312F08EFFB0D90120A8
:10780800F4F7020090EA020074EA020000B583B0BF
:107818000F4B1B6801934FF000030E4B01221A60B7
:1078280004E040080B4A13685B0013600A4B984257
:10783800F7D80A4B1860064B1A68019B5A404FF05C
:10784800000302D103B05DF804FB12F065FF00BF2E
:10785800B0D901204CE9002040420F0050E9002037
:107868002DE9F04182B08046114B1B6801934FF01F
:1078780000030768856843681C685E6805E032464F
:1078880021462846B847241A0544002CF7D1D8F8D1
:10789800043000221A60064B1A68019B5A404FF0C8
:1078A800000302D102B0BDE8F08112F035FF00BF3D
:1078B800B0D9012070B582B006460D460D4B1B6845
:1078C80001934FF00003002405E0315D0A48836806
:1078D8005B6898470134AC42F7D3064B1A68019BA2
:1078E8005A404FF0000302D1284602B070BD12F092
:1078F80013FF00BFB0D9012080E1020000B583B0BA
:107908000A4B1B6801934FF0000343681B685B68D0
:107918009961064B1A68019B5A404FF0000303D146
:10792800002003B05DF804FB12F0F6FEB0D9012088
:1079380000B583B00A4B1B6801934FF000034368FE
:107948001B681A6852685360054B1A68019B5A40B5
:107958004FF0000302D103B05DF804FB12F0DCFE27
:10796800B0D9012000B583B00C4B1B6801934FF0D0
:10797800000343681B685A68012111771868FFF7EC
:107988006FFF064B1A68019B5A404FF0000302D163
:1079980003B05DF804FB12F0BFFE00BFB0D90120B0
:1079A80000B583B00A4B1B6801934FF0000343688E
:1079B8001B681868FFF7D8FE054B1A68019B5A40E8
:1079C8004FF0000302D103B05DF804FB12F0A4FEEF
:1079D800B0D9012030B583B00C460D4B1B6801931C
:1079E8004FF0000343681D686B689869FEF74AFD0D
:1079F80003460F22214628689847054B1A68019BC1
:107A08005A404FF0000301D103B030BD12F084FE9C
:107A1800B0D9012000B583B0094B1B6801934FF022
:107A28000003084B0360064B1A68019B5A404FF04D
:107A3800000303D1002003B05DF804FB12F06CFED4
:107A4800B0D9012038EB020030B583B05449096839
:107A580001914FF00001D0F818C04FEA1C2101F441
:107A68007F4141EA1C614FEA0C2404F47F0421435E
:107A780041EA0C6154681568002C08BFA9427AD104
:107A8800D0F81CC04FEA1C2101F47F4141EA1C6177
:107A98004FEA0C2404F47F04214341EA0C61926804
:107AA80091426BD1027802F00702042A69D1427828
:107AB800002A69D0816A0A0A02F47F4242EA116206
:107AC8000C0204F47F04224352EA01620CD1C16A19
:107AD8000A0A02F47F4242EA11620C0204F47F04AB
:107AE800224352EA016252D0C16A0A0A02F47F4272
:107AF80042EA11620C0204F47F04224342EA016262
:107B08009A60816A0A0A02F47F4242EA11620C0210
:107B180004F47F04224342EA0162002494461A6076
:107B28005C60816A0A0A02F47F4242EA1162080232
:107B380000F47F00024352EA016210D4194A1CEB98
:107B4800020244F100041A605C600020144B1A68B9
:107B5800019B5A404FF000031FD103B030BD1249BA
:107B68008A4217D90F4A1CEB020264F100041A601A
:107B78005C600020EAE76FF01500E7E76FF015009A
:107B8800E4E76FF01500E1E76FF00F00DEE76FF054
:107B98001500DBE76FF01500D8E712F0BDFD00BF58
:107BA800B0D901208081557C7F7EAA8370B590B0C2
:107BB80004460D461646204B1B680F934FF00003F2
:107BC8003022002103A815F0CEFFA1682A462046DE
:107BD80002F016FD00281CDB28B3E068002301939F
:107BE8000093302203A902F099FB002816DB302805
:107BF8001CD1334604F11002302103A8FFF724FFFB
:107C08000D4B1A680F9B5A404FF0000311D110B06A
:107C180070BD01F09BFF00684042F1E701F096FF5C
:107C280000684042ECE76FF07300E9E76FF0790015
:107C3800E6E712F071FD00BFB0D9012070B582B03F
:107C4800234B1B6801934FF00003002837D00D46E3
:107C580016460446002935D02022002115F083FF5E
:107C680028881122022102F05DFAE060002819DB61
:107C78003246294602F0CAFA002818DBA368E268EF
:107C880044F8332004EBC302012191800B44A36024
:107C980000200F4B1A68019B5A404FF0000314D183
:107CA80002B070BD01F052FF00684042F1E7E068A1
:107CB80002F076FA01F04AFF00684042E9E76FF007
:107CC8000D00E6E76FF00D00E3E712F025FD00BFB9
:107CD800B0D901202DE9F04391B004460E4615466F
:107CE800464B1B680F934FF000033022002103A876
:107CF80015F039FF002C79D0002D7AD09DF80C3082
:107D0800032262F3C5038DF80C30DBB262F3020381
:107D18008DF80C3012F04AFF84464A0142EAD062DC
:107D280043011B1A62EB0102520242EAD3525B0280
:107D38001B1842EB0102900140EA93609F01FF1A71
:107D480060EB020817EB0C0748EB010817F58047B2
:107D580048F10008FF0B47EA48474FEAD838284A55
:107D6800002338464146F8F7EBF981462061616106
:107D7800234A002338464146F8F7E2F941F2C603A0
:107D880003FB02F1A1614FEA192303F47F4343EA9D
:107D980019634FEA092202F47F02134343EA096395
:107DA8000D930A0A02F47F4242EA11620B0203F4BD
:107DB8007F031A4342EA01620E92E06800230193AE
:107DC8000093302203A902F05FFA002804DB2A4658
:107DD80031462046FFF7EAFE084B1A680F9B5A40C7
:107DE8004FF0000308D111B0BDE8F0836FF00D002B
:107DF800F2E76FF00D00EFE712F08EFCB0D901202A
:107E080040420F0000B583B00A4B1B6801934FF046
:107E1800000310B1C06802F0C3F9064B1A68019B51
:107E28005A404FF0000302D103B05DF804FB12F092
:107E380073FC00BFB0D90120F0B583B004460F46EB
:107E480015460E4B1B6801934FF000038668F368D4
:107E58009847B36863B12A46394620469847074B86
:107E68001A68019B5A404FF0000304D103B0F0BDDB
:107E78006FF05700F3E712F04FFC00BFB0D90120B4
:107E880000B583B00B4B1B6801934FF000030A4801
:107E9800FAF70CFB0948FAF709FB064B1A68019B2D
:107EA8005A404FF0000302D103B05DF804FB12F012
:107EB80033FC00BFB0D9012040EB020078EB020090
:107EC8002DE9F04182B000AF0446574B1B687B6038
:107ED8004FF00003D0F800E0D0F804C085686E4683
:107EE8008AB06B4613F1100200F08F8014218AB11A
:107EF8000846042903DDDFF83481C3F81480082814
:107F080001DDC3F818E00C2801DDC3F81CC01028F7
:107F180000DD1D6213297BDD14253AB10521397076
:107F280000217970B970F9703868186100216FF311
:107F380000016FF341016FF382016FF3C501012363
:107F480063F38811C5F30A0565F353216FF31F51D5
:107F580000233748FEF784FFB546D4F80CC02669DD
:107F68006569E8468AB06B4613F1100253D01421B4
:107F780082B10846042903DDDFF8B8E0C3F814E04D
:107F8800082801DDC3F818C00C2800DDDE611028C0
:107F980000DD1D62132941DD14253AB10521397030
:107FA80000217970B970F9703868186100216FF391
:107FB80000016FF341016FF382016FF3C5010126E0
:107FC80066F38811C5F30A0565F353216FF31F5152
:107FD800174D00232846FEF743FFC546E369164AB6
:107FE80031462846FEF7FEFEA369144A3146284664
:107FF800FEF7F8FE0C4B1A687B685A404FF00003F6
:108008000FD10837BD46BDE8F0816FF000416EE73B
:108018006FF01B0581E76FF00041A9E76FF01B05C2
:10802800BBE712F079FB00BFB0D90120A8EB020032
:108038007CE40200D8EB020008EC020018EC020015
:1080480030B583B00446124B1B6801934FF0000310
:108058000D4611B10846FFF733FF012C0CD0294615
:1080680020460FF097FC0A4B1A68019B5A404FF0C4
:1080780000030AD103B030BDEFF30583103B054A76
:1080880001210548FEF7AEFEE9E712F045FB00BF07
:10809800B0D9012048EC02007CE4020000B583B0AE
:1080A80001460A4B1B6801934FF000030068FFF775
:1080B800C7FF064B1A68019B5A404FF0000302D1D4
:1080C80003B05DF804FB12F027FB00BFB0D9012014
:1080D80000B583B00A4B1B6801934FF0000300F012
:1080E80011F800F013F8064B1A68019B5A404FF03C
:1080F800000302D103B05DF804FB12F00DFB00BFD2
:10810800B0D9012030BFFFF7FDBF00BF00B583B075
:10811800104B1B6801934FF000030F4B9B6893F9BA
:108128000E20002A08DB0C4A5269934204D00B4AFD
:10813800536843F08053536011F084F8054B1A6874
:10814800019B5A404FF0000302D103B05DF804FBD5
:1081580012F0E2FAB0D90120E0F2002000ED00E0D0
:1081680000B583B0084B1B6801934FF00003064B22
:108178001A68019B5A404FF0000303D1002003B056
:108188005DF804FB12F0C8FAB0D9012000B583B03D
:10819800154B1B6801934FF000038169134B5A6913
:1081A80042F480725A61BFF34F8FBFF36F8F31F87B
:1081B800021C5A6922F480725A61BFF34F8FBFF3D1
:1081C8006F8F4DF6027399420AD00020064B1A6849
:1081D800019B5A404FF0000304D103B05DF804FB43
:1081E8000120F3E712F098FAB0D9012000ED00E081
:1081F800F0B583B01D461E4B1B6801934FF000037A
:1082080000232B7002F07F43B3F17F4F22D1064643
:108218000F46144612F0010F26D112F0400F07D175
:1082280000200346BBB914F0080F0FD0384612E0FF
:10823800104A01211048FEF7BBFD14F0040F02D0CC
:1082480038460123EEE730460123EBE730460123A9
:108258002B7000E00020064B1A68019B5A404FF033
:10826800000303D103B0F0BD0020F4E712F054FA84
:10827800B0D901205CEC02007CE4020000B583B0B8
:10828800384B1B6801934FF00003374A01213748E8
:10829800FEF78EFD364B9B6A13F0007F2FD11D2011
:1082A800334B9B6A13F0807F30D1314B9B6A13F4B8
:1082B800801F32D12E4B9B6A13F4002F34D12C4BE4
:1082C8009B6A13F4802F36D1294B9B6A13F4003F25
:1082D80038D1274B9B6A13F4803F3AD1244A936ADA
:1082E8006FEA03436FEA134393621E4B1A68019BBC
:1082F8005A404FF0000333D103B05DF804FB1D4A28
:1083080001211A48FEF754FD1E20C9E71A4A012127
:108318001648FEF74DFD1F20C7E7184A01211348EC
:10832800FEF746FD0220C5E7154A01210F48FEF772
:108338003FFD2120C3E7134A01210C48FEF738FD11
:108348002220C1E7104A01210848FEF731FD232009
:10835800BFE70E4A01210548FEF72AFD2420BDE7A4
:1083680012F0DAF9B0D9012080EC02007CE40200B6
:1083780000ED00E098EC0200ACEC0200C8EC020052
:10838800F4EC020014ED02003CED020058ED02008E
:1083980000B583B00B4B1B6801934FF0000300231B
:1083A8000B70094A01210948FEF702FD054B1A68BE
:1083B800019B5A404FF0000302D103B05DF804FB63
:1083C80012F0AAF9B0D9012084ED02007CE4020081
:1083D80090B585B000AF374B1B68FB604FF00003CA
:1083E8000F2923DC344C103900233B7202237B72A3
:1083F8008AB0EC461CF110021AD0122022B10428CF
:1084080002DD2E4BCCF8143000233B7202237B7222
:10841800E2B10346082801DDCCF818400C2B01DD39
:10842800CCF81C100CF1200300210DE0244CDAE7F5
:108438006FF00040E2E701F1100404EB070E1EF8AC
:1084480008EC03F801EB01310129F4D911282BDDDF
:1084580012234AB10421397100217971B9710121BE
:10846800F9717868CCF8100000216FF300016FF300
:1084780041016FF382016FF3C501012060F3881198
:10848800C3F30A0363F353216FF31F5100230D480D
:10849800FEF7E6FC074B1A68FB685A404FF00003EA
:1084A80005D11437BD4690BD6FF01B03D1E712F01C
:1084B80033F900BFB0D90120A8ED0200DCED0200BD
:1084C800C0ED02007CE40200F0B583B005460F461B
:1084D8001446414B1B6801934FF000033F4A0121AA
:1084E8003F48FEF765FC3F4B9B6A13F0100F39D1EC
:1084F80010263C4B9B6A13F0080F3AD1394B9B6A04
:1085080013F0020F3CD1374B9B6A13F0010F53D184
:10851800344B9B6A13F0200F55D1324B9B6A13F0F2
:10852800100F01D12F4B9B6A2E4B9B6A13F0200F23
:1085380004D02C4A536A23F400535362294A936A9D
:1085480043F0FF03936201212846FFF709FE2070DC
:10855800214B1A68019B5A404FF000033AD130462C
:1085680003B0F0BD204A01211D48FEF721FC112669
:10857800BFE71E4A01211A48FEF71AFC1226BDE77A
:108588001B4A01211648FEF713FC164A536B926AE0
:1085980012F0800F01D11326B5E7164A01211048C1
:1085A800FEF720FC37B10F4A936A23F080039362E9
:1085B8001326A8E71326A6E70F4A01210848FEF765
:1085C800F7FB1426A4E70D4A01210548FEF7F0FB46
:1085D8001526A2E712F0A0F8B0D90120F0ED0200AC
:1085E8007CE4020000ED00E008EE02003CEE020030
:1085F80050EE020068EE020080EE0200A0EE0200DB
:10860800F0B583B005460F4614463F4B1B680193EF
:108618004FF000033D4A01213D48FEF7C9FB3D4BA1
:108628009B6A13F4805F2DD116263A4B9B6A13F48C
:10863800006F2ED1374B9B6A13F4007F30D1354B36
:108648009B6A13F4806F47D1324B9B6A13F4807F87
:1086580049D1304B9B6A13F4005F4BD12D4A936A82
:1086680043F47F43936201212846FFF779FD207088
:10867800254B1A68019B5A404FF0000341D1304600
:1086880003B0F0BD244A01212148FEF791FB1726CB
:10869800CBE7224A01211E48FEF78AFB1826C9E7C4
:1086A8001F4A01211A48FEF783FB1A4A936B926A04
:1086B80012F4004F01D11926C1E71A4A01211448C2
:1086C800FEF790FB37B1134A936A23F40043936291
:1086D8001926B4E71926B2E7134A01210C48FEF718
:1086E80067FB1A26B0E7114A01210948FEF760FB2B
:1086F8001B26B3E70E4A01210548FEF759FB1C2645
:10870800ACE712F009F800BFB0D90120D0EE0200A2
:108718007CE4020000ED00E0E8EE02003CEE02001E
:10872800FCEE020018EF020030EF02004CEF0200EE
:10873800A0EE020070B582B006460D46324B1B68AB
:1087480001934FF00003314A01213148FEF730FB15
:1087580000232B702F4BDC6A14F0020412D12D4B2E
:10876800DB6A002B15DB2B4BDC6A14F0804416D136
:10877800254B1A68019B5A404FF0000342D120460E
:1087880002B070BD244A01212148FEF711FB0024E4
:10879800EEE7224A01211E48FEF70AFBE8E7204AD5
:1087A80001211B48FEF704FB3046FFF7EFFC98B9A0
:1087B800184B9B6A13F0FF0F16D1164B9C6A14F4E2
:1087C8007F4418D1134B9B6AB3F5803FD0D3304612
:1087D800FFF754FD0446CBE73368124A01210C48E1
:1087E800FEF700FB3468C3E72A4601213046FFF74D
:1087F8006BFE0446BCE72A4601213046FFF700FF1E
:108808000446B5E711F088FFB0D9012064EF0200F3
:108818007CE4020000ED00E07CEF0200A0EF020023
:10882800B0EF0200D0EF020000B583B0194B1B680F
:1088380001934FF0000300231370CB1E092B23D89C
:10884800DFE803F00512161A22222222221D114601
:10885800FFF770FF0F4B1A68019B5A404FF0000357
:1088680016D103B05DF804FB0021FFF72DFEF1E7F8
:108878000021FFF7C5FEEDE7FFF700FDEAE7114627
:10888800FFF786FD0020E5E7FFF7A2FD0020E1E7FE
:1088980011F042FFB0D9012030B58BB0264B1B68D0
:1088A80009934FF00003254B5D68C5F308050023C5
:1088B80083F31188BFF36F8F0DF10303FFF798FC63
:1088C80004460DF102022946FFF7AEFF9DF802307B
:1088D80043B1194B1A68099B5A404FF0000328D13D
:1088E8000BB030BD05460DF1040C20686168A26824
:1088F800E368ACE80F0020696169A269E369ACE844
:108908000F009DF803304BB1089BC3F308025AB916
:108918006FEA53236FEA4323089305E0089B23F487
:10892800FF7323F00103089301A92846FFF788FB8A
:10893800CFE711F0F1FE00BFB0D9012000ED00E053
:1089480000B583B00E4B1B6801934FF000030D4B2D
:108958005A6942F010025A615A6942F480625A61B7
:108968005A6922F008025A61054B1A68019B5A405D
:108978004FF0000302D103B05DF804FB11F0CCFE08
:10898800B0D9012000ED00E0EFF30880EFF3098192
:1089980001B57246FFF780FF01BD00BF00B583B087
:1089A800084B1B6801934FF00003064B1A68019BA4
:1089B8005A404FF0000302D103B05DF804FB11F0F8
:1089C800ABFE00BFB0D9012000B583B0084B1B68CF
:1089D80001934FF00003064B1A68019B5A404FF071
:1089E800000302D103B05DF804FB11F095FE00BF4F
:1089F800B0D90120002080F31488BFF36F8F0020C6
:108A080080F30A8880F30B880AF0D8FB00200E490F
:108A18000860BFF34F8F0D4880F3088800F042F8D4
:108A2800202080F311880A484FF40061401880F331
:108A38000988EFF314800221084380F31488BFF3F8
:108A48006F8F00F029FA000094ED00E0B059012082
:108A58007010012000B583B0104B1B6801934FF0D4
:108A680000030F4BD3F89000C0F30720002306E063
:108A78000B4AC2F898300021C2F8A0100133834293
:108A8800F6DB064B1A68019B5A404FF0000302D1EF
:108A980003B05DF804FB11F03FFE00BFB0D9012020
:108AA80000ED00E010B582B01A4B1B6801934FF03F
:108AB800000372B6002484F31388FFF7CBFF234624
:108AC80008E003F12001144A4FF0FF3042F821007A
:108AD8000133DBB20F2BF4D9002308E003F1600166
:108AE8000D4A4FF0FF3042F821000133DBB20F2B63
:108AF800F4D962B6BFF34F8FBFF36F8F054B1A6877
:108B0800019B5A404FF0000301D102B010BD11F093
:108B180003FE00BFB0D9012000E100E000B583B03A
:108B2800124B1B6801934FF00003114B9B68834263
:108B38000BD011F03DFC0D4B1A68019B5A404FF0C9
:108B4800000310D103B05DF804FBEFF30583002B9D
:108B5800EFD0084B5A6842F080525A605A6A22F4A1
:108B680000425A62E5E711F0D7FD00BFB0D90120F5
:108B7800E0F2002000ED00E000B583B0124B1B6866
:108B880001934FF00003114A9368C3F8AC006FF0EB
:108B98000A01C3F8B0100E494B6843F080534B608C
:108BA800002383F31188BFF36F8F9368D3F8B00065
:108BB800054B1A68019B5A404FF0000302D103B0DD
:108BC8005DF804FB11F0A8FDB0D90120E0F2002007
:108BD80000ED00E000B583B0174B1B6801934FF020
:108BE8000003164A936883F8B500EFF31183202336
:108BF80083F31288BFF36F8F53699360104A4FF065
:108C08000061516020F0FF0093F8B5201043D3F8BD
:108C1800AC200021C3F8AC1082F31188BFF36F8F2A
:108C2800054B1A68019B5A404FF0000302D103B06C
:108C38005DF804FB11F070FDB0D90120E0F20020CE
:108C480000ED00E010498A6882F8B5E04FF0300086
:108C58001044EFF3098C80E8F01F74467046FFF764
:108C6800B9FFA64608498A68864602F1300090E8AE
:108C7800F01F8CF3098802F1000004B500F068F9D0
:108C8800BDE8044070470000E0F200201EF0040F29
:108C98000CBFEFF30880EFF30980816911F8021C1B
:108CA8000229FFD001B5FFF7F9F901BD00B583B07E
:108CB8000D4B1B6801934FF00003002807DB00F001
:108CC8001F02400901239340084A42F82030064B0E
:108CD8001A68019B5A404FF0000302D103B05DF8B7
:108CE80004FB11F019FD00BFB0D9012000E100E03C
:108CF80000B583B00F4B1B6801934FF000030028A9
:108D08000CDB00F01F0240090123934020300A4A7F
:108D180042F82030BFF34F8FBFF36F8F054B1A68AF
:108D2800019B5A404FF0000302D103B05DF804FBE9
:108D380011F0F2FCB0D9012000E100E000B583B0E9
:108D4800104B1B6801934FF00003002811DB490109
:108D5800C9B200F1604000F5614080F80013094B8A
:108D68001A68019B5A404FF0000309D103B05DF81F
:108D780004FB00F00F004901C9B2034B1954EEE798
:108D880011F0CAFCB0D9012014ED00E000B583B0A1
:108D9800094B1B6801934FF0000340B2FFF786FFB1
:108DA800054B1A68019B5A404FF0000302D103B0EB
:108DB8005DF804FB11F0B0FCB0D9012000B583B018
:108DC800094B1B6801934FF0000340B2FFF790FF77
:108DD800054B1A68019B5A404FF0000302D103B0BB
:108DE8005DF804FB11F098FCB0D9012000B583B000
:108DF8000D4B1B6801934FF0000342090B4B53F8CE
:108E0800222000F01F000123834002EA0300064BE2
:108E18001A68019B5A404FF0000302D103B05DF875
:108E280004FB11F079FC00BFB0D9012000E100E09B
:108E380000B583B00A4B1B6801934FF00003013162
:108E480040B2FFF77BFF064B1A68019B5A404FF070
:108E5800000302D103B05DF804FB11F05DFC00BF14
:108E6800B0D9012000B583B00A4B1B6801934FF0BD
:108E7800000300210120FFF7E3F8064B1A68019B65
:108E88005A404FF0000302D103B05DF804FB11F023
:108E980043FC00BFB0D9012000B583B00D4B1B685F
:108EA80001934FF000030C4B0C4A22F07F029A60AA
:108EB800BFF34F8FBFF36F8FD3F8882022F470026F
:108EC800C3F888200EF0E0FF11F0FAFB00F0FEF87E
:108ED8000FF0C6F8B0D9012000ED00E00000010055
:108EE80010B582B01849096801914FF00001A2F14C
:108EF8002004164942F8081C21F0010142F8081C18
:108F080042F8203C049B42F81C3C059B42F8183C64
:108F1800069B42F8143C4FF0807342F8043C046509
:108F28000023C0F8AC30C0F8B430BC2380F8B530AA
:108F3800054B1A68019B5A404FF0000301D102B05B
:108F480010BD11F0E9FB00BFB0D901208525010053
:108F580000B583B00A4B1B6801934FF00003D0F8AB
:108F6800883083F30B88064B1A68019B5A404FF0F0
:108F7800000302D103B05DF804FB11F0CDFB00BF84
:108F8800B0D9012000B583B00E4615460D4B1B68BD
:108F980001934FF000030C4B9860D0F8883083F3AE
:108FA8000B882C4686F309884FF00000074B98473A
:108FB80020464FF000014FF000024FF00003044C30
:108FC800204700BFB0D90120E0F20020DD8F01006A
:108FD8008525010000B583B00B4B1B6801934FF04A
:108FE800000361B662B680F31188BFF36F8F064B3A
:108FF8001A68019B5A404FF0000302D103B05DF894
:1090080004FB11F089FB00BFB0D9012000B583B083
:10901800094B1B6801934FF00003084B10221A619B
:10902800054B1A68019B5A404FF0000302D103B068
:109038005DF804FB11F070FBB0D9012000ED00E0F1
:1090480000B583B00E4B1B6801934FF0000372B656
:10905800002383F31188BFF36F8FBFF34F8F30BFA7
:1090680062B6BFF36F8F064B1A68019B5A404FF0E8
:10907800000302D103B05DF804FB11F04DFB00BF03
:10908800B0D9012000B583B00F4B1B6801934FF096
:10909800000372B6002383F31188BFF36F8FBFF309
:1090A8004F8F20BF80F31188BFF36F8F62B6064BD6
:1090B8001A68019B5A404FF0000302D103B05DF8D3
:1090C80004FB11F029FB00BFB0D9012000B583B023
:1090D800134B1B6801934FF00003002206E003F0D6
:1090E8000F031049194420230B760132402A0ADC69
:1090F80053B2002BF3DB03F1604303F561432021F6
:1091080083F80013F1E7064B1A68019B5A404FF0A9
:10911800000302D103B05DF804FB11F0FDFA00BFB3
:10912800B0D90120FCEC00E000B583B00E4B1B6801
:1091380001934FF00003EFF30583103B0B4A02EB5A
:10914800C301496852F833008847FEF7DFFF064B32
:109158001A68019B5A404FF0000302D103B05DF832
:1091680004FB11F0D9FA00BFB0D90120BCE102001C
:1091780000B583B00C4B1B6801934FF0000340E827
:1091880000F010F4803F0AD0C0B2074B1A68019B68
:109198005A404FF0000305D103B05DF804FB6FF0AF
:1091A8001500F2E711F0B8FAB0D9012010B584B073
:1091B800114B1B6803934FF00003104C2346104AD1
:1091C8000121104800F06CFB0023009301930293E7
:1091D8000D4B0093E41A01940121684600F07AFBD4
:1091E800054B1A68039B5A404FF0000301D104B0A5
:1091F80010BD11F091FA00BFB0D901200000042081
:1092080080C50020ECEF020048CD002000B583B0F7
:109218000A4B1B6801934FF00003094B094AC3F836
:10922800C020064B1A68019B5A404FF0000302D138
:1092380003B05DF804FB11F06FFA00BFB0D901204C
:1092480000ED00E0AAFF440000B583B00B4B1B689B
:1092580001934FF000030A4BC3F89800C3F89C1021
:10926800C3F8A020054B1A68019B5A404FF0000331
:1092780002D103B05DF804FB11F04EFAB0D9012019
:1092880000ED00E000B583B0114B1B6801934FF06F
:1092980000030B6823F01F0C0B7A03F01F0ECA683B
:1092A80022F01F025B0942EA430242F001024CEA43
:1092B8000E01FFF7C9FF064B1A68019B5A404FF091
:1092C800000302D103B05DF804FB11F025FA00BFDA
:1092D800B0D9012000B583B0104B1B6801934FF043
:1092E800000343681F2B08D913F01F0F10D1036820
:1092F80013F01F0F0ED0002000E00020074B1A6863
:10930800019B5A404FF0000306D103B05DF804FBFF
:109318000020F3E70120F1E711F0FEF9B0D90120B0
:1093280000B583B0164B1B6801934FF00003154B33
:10933800C3F89800C3F89800D3F89C000A7A60F341
:1093480004020A72D3F8A020C2F34202087A62F338
:1093580047100872D3F89C2022F01F020A60D3F845
:10936800A03023F01F03CB60054B1A68019B5A40BD
:109378004FF0000302D103B05DF804FB11F0CCF903
:10938800B0D9012000ED00E070B582B004460E4669
:109398000E4B1B6801934FF00003FFF7E9FE0546EB
:1093A8003444601EFFF7E4FE854209D1074B1A6872
:1093B800019B5A404FF0000305D1284602B070BD0A
:1093C8006FF01505F2E711F0A7F900BFB0D9012039
:1093D80070B582B005460E461B4B1B6801934FF0D3
:1093E8000003002400E00134A6421EDD04EB440320
:1093F8009A0005EB830359680029F4D0A858FFF7B1
:10940800C3FF04EB8403114A42F8230010F1160F3E
:109418000CD00F4B1B78984211DA04EB840302EB53
:1094280083010431FFF77CFFDDE70020064B1A6853
:10943800019B5A404FF0000304D102B070BD6FF099
:109448001500F3E711F068F9B0D9012084E900208C
:1094580031F3002010B582B00446124B1B6801930B
:109468004FF00003104BD3F89030C3F30723013BB0
:1094780098420BD8FFF706FF20460A4B1A68019B53
:109488005A404FF000030AD102B010BD0346074A04
:1094980001210748FDF7A6FC6FF01500EDE711F074
:1094A8003BF900BFB0D9012000ED00E0FCEF02005D
:1094B8005CE4020010B586B0154B1B6805934FF0AD
:1094C80000030B6801934C68B1F808C09DF80C20A4
:1094D8006CF304028DF80C204989D2B261F347126B
:1094E8008DF80C2023F01F032344013B23F01F03B6
:1094F800049301A9FFF7AEFF054B1A68059B5A4074
:109508004FF0000301D106B010BD11F005F900BFFE
:10951800B0D901202DE9F04F89B08146009101931F
:109528006A4B1B6807934FF000031446002650E06F
:109538003346674A01216748FDF754FC6FF015046C
:1095480007E03B46644A01216248FDF74BFC6FF097
:1095580015045E4B1A68079B5A404FF0000340F011
:10956800B380204609B0BDE8F08FD84564D12946BC
:10957800C0B2FFF79FFF2BE0584AC2F89870D2F8A4
:109588009C3003F01F0321F01F010B43C2F89C30ED
:109598002946E0B2FFF78EFF044610F1160FD8D027
:1095A800013415E0013B4D49C1F89870D1F8A0206D
:1095B80002F01F0223F01F031343C1F8A03029460D
:1095C800E0B2FFF777FF044610F1160FC1D001345F
:1095D8000136009B9E42BCDA06EB46054FEA850A37
:1095E80009EB85056F68002FF2D0019B23B128464F
:1095F800FFF770FE00289BD0394659F80A00FFF79C
:10960800C3FE074610F1160F9BD0844299DD334BF9
:10961800C3F89800D3F89C2022F01F02C3F89800E2
:10962800D3F8A03043F01F0859F80A306968194484
:1096380001F1FF3B9A4298D09A429DD0D845B1D0CB
:10964800013B2649C1F89870D1F8A02002F01F020A
:1096580023F01F031343C1F8A0302946E0B2FFF7F7
:1096680029FF044610F1160F3FF473AF01301B4B6E
:10967800C3F89870D3F89C109DF8142061F3040285
:109688008DF81420D3F8A030C3F34203D2B263F3A9
:1096980047128DF8142059F80A306A681344039366
:1096A80023F01F03A8EB0B084344013B23F01F03DF
:1096B800069303A9C0B2FFF7CDFE044610F1160FBA
:1096C8003FF447AF013483E711F026F8B0D9012001
:1096D80024F002005CE4020048F0020000ED00E023
:1096E80010B582B00A4B1B6801934FF00003094C78
:1096F80001232278FFF70EFF2070054B1A68019BA3
:109708005A404FF0000301D102B010BD11F004F827
:10971800B0D9012031F30020F0B587B00546404BA1
:109728001B6805934FF000036846FEF773F9064679
:10973800002422E05768095827F01F039268134451
:10974800013B23F01F03019702919DF80C20012192
:1097580061F304028DF80C20D2B2022161F34712A2
:109768008DF80C20049301A92878FFF773FE0028D0
:1097780047DB2B7801332B700134B44244D22001EB
:10978800009901EB0412D3681B0D1B05B3F5001FEC
:10979800D0D0B3F5800F1BD0B3F5801FECD157683C
:1097A800095827F01F0392681344013B23F01F0355
:1097B800019702919DF80C20012161F304028DF8B4
:1097C8000C20D2B261F347128DF80C200493CAE73B
:1097D8005768095827F01F0392681344013B23F088
:1097E8001F03019702919DF80C20022161F30402E6
:1097F8008DF80C20D2B26FF347128DF80C20049329
:10980800B1E76FF0150000E00020054B1A68059BD2
:109818005A404FF0000301D107B0F0BD10F07CFFB3
:10982800B0D9012000B583B00C4B1B6801934FF0F1
:1098380000030B4B0522C3F89420BFF34F8FBFF3EF
:109848006F8F064B1A68019B5A404FF0000302D1F4
:1098580003B05DF804FB10F05FFF00BFB0D9012032
:1098680000ED00E000B583B00B4B1B6801934FF08F
:109878000003BFF35F8F094B0022C3F89420064B07
:109888001A68019B5A404FF0000302D103B05DF8FB
:1098980004FB10F041FF00BFB0D9012000ED00E04B
:1098A80000B583B0DFF828C0DCF800C0CDF804C0EC
:1098B8004FF0000CFFF714FF054B1A68019B5A4044
:1098C8004FF0000302D103B05DF804FB10F024FF51
:1098D800B0D9012000B583B0094B1B6801934FF044
:1098E8000003FFF775FD064B1A68019B5A404FF0BD
:1098F800000302D103B05DF804FB10F00DFF00BFB8
:10990800B0D9012030B583B0234B1B6801934FF0C9
:109918000003224B1D68224BD3F89030C3F3072372
:109928009D4233D8FFF79EFFFFF770FC002407E045
:109938001A4B596801EB04112046FFF7A3FC0134C8
:10994800A542F5D817480570FFF7E6FE10F1160F87
:1099580013D0144B1A78124BD3F89030C3F3072363
:109968009A4207DA0E4BC3F898200021C3F8A010DA
:109978000132F0E7FFF756FF0020074B1A68019BFA
:109988005A404FF0000304D103B030BD4FF0FF3010
:10999800F3E710F0C1FE00BFB0D901206CF002005F
:1099A80000ED00E031F3002000B583B0084B1B68E0
:1099B80001934FF00003064B1A68019B5A404FF081
:1099C800000303D1002003B05DF804FB10F0A4FEEF
:1099D800B0D9012000B583B0094B1B6801934FF043
:1099E8000003074B1A68019B5A404FF0000304D14B
:1099F8004FF0FF3003B05DF804FB10F08DFE00BFA0
:109A0800B0D9012000B583B0094B1B6801934FF012
:109A18000003084B1860064B1A68019B5A404FF028
:109A2800000302D103B05DF804FB10F075FE00BF1F
:109A3800B0D9012080C90020F0B583B005460F4693
:109A4800114B1B6801934FF00003002404E00F4BF7
:109A58001B68307898470134BC4208DA2E192B5D10
:109A68000A2BF4D1094B1B680D209847EFE7064BEA
:109A78001A68019B5A404FF0000302D1384603B0E0
:109A8800F0BD10F049FE00BFB0D9012080C9002008
:109A980000B583B00246104B1B6801934FF00003DA
:109AA8000E4B19680E4BC8180A44C3F1005303F54E
:109AB80080239A420BD2094B1A60074B1A68019B04
:109AC8005A404FF0000305D103B05DF804FB4FF096
:109AD800FF30F2E710F020FEB0D9012098E900200D
:109AE800B4D9012000B583B00B4B1B6801934FF02C
:109AF80000034FF0FF324FF0FF330EF0E3FC064B4C
:109B08001A68019B5A404FF0000302D103B05DF878
:109B180004FB10F001FE00BFB0D9012000B583B0EE
:109B2800094B1B6801934FF000030EF05BFD064BD9
:109B38001A68019B5A404FF0000302D103B05DF848
:109B480004FB10F0E9FD00BFB0D9012000B583B0D7
:109B5800094B1B6801934FF000030DF083FE064B81
:109B68001A68019B5A404FF0000302D103B05DF818
:109B780004FB10F0D1FD00BFB0D9012070B582B050
:109B88008C4614466F4B1B6801934FF0000310F18D
:109B9800040F71F1FF33C0F28F80021D41F10005FF
:109BA800E91701F00B0622F04043920F42EA8502C2
:109BB80022F04042134403EB15733344624AA2FB7C
:109BC80003529D1A02EB55029208C2EBC2029B1A7D
:109BD80021F005010B44A3615C4D45194CF10001CE
:109BE8000029C0F289805A4A00232846F6F7A8FAC5
:109BF800584A02FB00529308574DA5FB031CA2EBE1
:109C0800DC1C5649A1FB03130CEBD32C1309544954
:109C1800A1FB0313ACEB131C5249A1FB0C31ACEBB9
:109C2800010301EB5301090A00EB400300EBC300F9
:109C380001EB00104C4BA3FB013E4FEA9C03A5FB34
:109C48000353DB0940F26D1505FB0133C3EB5E13CB
:109C5800134403EB83050235444AA2FB052E4FEA61
:109C6800DE1E0EEBCE0202EB02120232404EA6FBC3
:109C78000262A3EB9202013240F2F956B54245D88E
:109C88000325AE44BEF1020F98BF0130A0F26C70FC
:109C980060610EF1FF302061E260B3F5997F38D33F
:109CA800A3F59973E361274B1A68019B5A404FF05B
:109CB800000345D102B070BD421D41F10005E9170E
:109CC80001F00B0622F04043920F42EA850222F08F
:109CD8004042134403EB157333441B4AA2FB03525F
:109CE8009D1A02EB55029208C2EBC2029B1A21F0A0
:109CF80005010B4406336EE71E4BC018144A4FF09B
:109D080000034CF10001F6F71BFA71E76FF0080544
:109D1800B7E711F0030F07D1134AA2FB010252095A
:109D2800642000FB12123AB9BCF5B67F06D80122AE
:109D380013443B33E361B6E70122F9E70022F7E772
:109D480010F0EAFCB0D90120254992246CFA0A00E7
:109D5800B13A02004FC5FDFFD97CC6597F206B3947
:109D680041D6720061F319671F85EB51D7802BD656
:109D7800CDCCCCCCBCBF0800F0B583B00D46244B8D
:109D88001B6801934FF0000304684168002930DB29
:109D9800204A00232046F6F7D3F906460F461E4B05
:109DA80003FB064424220021284613F0DCFE2A4641
:109DB80030463946FFF7E2FE184BA3FB0423DB0AC3
:109DC800AB604FF4616202FB1344154BA3FB042301
:109DD8005B096B60C3EB0313A4EB83042C600C4B8F
:109DE8001A68019B5A404FF000030ED1284603B071
:109DF800F0BD0C482018074A4FF0000361F100013C
:109E0800F6F79EF906460F46C9E710F085FC00BF35
:109E1800B0D901208051010080AEFEFFC5B3A291E8
:109E28008988888881AEFEFF70B582B0124B1B68A6
:109E380001934FF0000300240FE0E50004EBC40396
:109E480098000E4E30440EF021FB2B19980010306C
:109E5800304404300FF066F90134042CEDD9064B78
:109E68001A68019B5A404FF0000302D1002002B04B
:109E780070BD10F051FC00BFB0D901209CE9002052
:109E880010B582B00D4B1B6801934FF000030024FE
:109E980005E00B4800EBC4000FF044F90134042C32
:109EA800F7D9064B1A68019B5A404FF0000302D1BC
:109EB800002002B010BD10F02FFC00BFB0D9012067
:109EC80050EA002010B582B00E4B1B6801934FF08A
:109ED8000003002407E004EB840398000A4B1844AD
:109EE8000EF0D4FA0134042CF5D9064B1A68019BFC
:109EF8005A404FF0000302D1002002B010BD10F00C
:109F08000BFC00BFB0D9012078EA002000B583B06F
:109F1800134B1B6801934FF00003124B0DE003F144
:109F2800C001114A5068C3F8C020C3F8C4000160DA
:109F38005160002283F8E820F0330A4A9A1AB2F5F1
:109F4800707FECD9064B1A68019B5A404FF000030A
:109F580003D1002003B05DF804FB10F0DDFB00BF67
:109F6800B0D9012050DE002084C9002000B583B09C
:109F78000A4B1B6801934FF00003094B0122C3F8F9
:109F88004025064B1A68019B5A404FF0000303D145
:109F9800002003B05DF804FB10F0BEFBB0D901202F
:109FA8000090034000B583B00B4B1B6801934FF042
:109FB800000320B1094B800143F001039847064B89
:109FC8001A68019B5A404FF0000302D103B05DF8B4
:109FD80004FB10F0A1FB00BFB0D9012020E502006E
:109FE80000B583B0134B1B6801934FF000036B4619
:109FF80009F0BCF8022815D0032816D058B14FF044
:10A00800FF300C4B1A68019B5A404FF000030FD1E8
:10A0180003B05DF804FB009B0BB90020F1E74FF09B
:10A02800FF30EEE76FF01500EBE76FF08500E8E72B
:10A0380010F072FBB0D9012000B583B00B4B1B6840
:10A0480001934FF000030A4B0A4A92E80300186094
:10A058009980064B1A68019B5A404FF0000302D1C1
:10A0680003B05DF804FB10F057FB00BFB0D9012026
:10A07800DCEA002020F1020000B583B0DFF828C038
:10A08800DCF800C0CDF804C04FF0000C00F006FB6F
:10A09800054B1A68019B5A404FF0000302D103B0E8
:10A0A8005DF804FB10F038FBB0D9012000B583B08F
:10A0B800094B1B6801934FF0000300F009FB064BA6
:10A0C8001A68019B5A404FF0000302D103B05DF8B3
:10A0D80004FB10F021FB00BFB0D901200CB400B57F
:10A0E80083B00346084604AA52F8041BDFF830C0C0
:10A0F800DCF800C0CDF804C04FF0000C0092DB681B
:10A108009847074B1A68019B5A404FF0000304D147
:10A1180003B05DF804EB02B0704710F0FDFA00BF21
:10A12800B0D90120F0B583B005460E461746194B45
:10A138001B6801934FF00003174C00E01034174BD5
:10A148009C421DD22368AB4201D0002BF6D1A368F4
:10A158003A463146284698470028EFD0FFF7F6FCE4
:10A1680000230360E3683A46314628469847094B7E
:10A178001A68019B5A404FF0000308D103B0F0BDA4
:10A18800FFF7E4FC6A2303604FF0FF30EFE710F0BD
:10A19800C3FA00BFB0D90120C4E30200D4E302002F
:10A1A80030B585B00546184B1B6803934FF0000384
:10A1B80002AA01A9F8F722FBE0B1044602984FF081
:10A1C800FF324FF0FF330EF07DF9019B9B6820466C
:10A1D8009847044602980EF005FA2846F8F7B0FBAF
:10A1E800094B1A68039B5A404FF0000309D12046D7
:10A1F80005B030BDFFF7AAFC092303604FF0FF3418
:10A20800EEE710F089FA00BFB0D9012070B584B02C
:10A218000D4614461B4B1B6803934FF0000302AA1C
:10A2280001A9F8F7EBFAF0B10646019B9B69FBB16F
:10A2380002984FF0FF324FF0FF330EF043F9019BC5
:10A248009B692246294630469847044602980EF0F4
:10A25800C9F90C4B1A68039B5A404FF000030ED102
:10A26800204604B070BDFFF771FC0923036003E0CA
:10A27800FFF76CFC5F2303604FF0FF34E9E710F051
:10A288004BFA00BFB0D901202DE9F04786B00E4641
:10A2980015461C46DDF83880DDF83C901E4B1B68DF
:10A2A80005934FF0000304AA03A9F8F7A7FA28B307
:10A2B8000746039B5B6A33B304984FF0FF324FF0B5
:10A2C800FF330EF0FFF8039BD3F824A0CDF80490D9
:10A2D800CDF8008023462A4631463846D047044602
:10A2E80004980EF07FF90C4B1A68059B5A404FF002
:10A2F80000030FD1204606B0BDE8F087FFF726FC23
:10A308000923036003E0FFF721FC5F2303604FF09C
:10A31800FF34E8E710F000FAB0D901202DE9F04742
:10A3280086B00E4615461C46DDF83880DDF83C90B0
:10A338001E4B1B6805934FF0000304AA03A9F8F706
:10A348005DFA28B30746039B9B6A33B304984FF022
:10A35800FF324FF0FF330EF0B5F8039BD3F828A077
:10A36800CDF80490CDF8008023462A463146384679
:10A37800D047044604980EF035F90C4B1A68059B33
:10A388005A404FF000030FD1204606B0BDE8F087D1
:10A39800FFF7DCFB0923036003E0FFF7D7FB5F232C
:10A3A80003604FF0FF34E8E710F0B6F9B0D90120A8
:10A3B8002DE9F04F9FB0064606900D4607911746C7
:10A3C80098468D4909681D914FF0000108A810F0C2
:10A3D80005FCDDE90834CDE904340EAB0B933446B3
:10A3E8004FF00009CA46CDF80C9012E00027B84695
:10A3F8003A463B4608A810F0F1FBDDE90823CDE911
:10A4080004233D460D980EF0EDF8002D35DB083499
:10A4180035466E1E002D37D020680028F7DB0DAAC0
:10A428000CA9F8F7EBF983460028F0D00D984FF007
:10A43800FF324FF0FF330EF045F81DAB01930BAB25
:10A44800009323464FF4817259460C98FFF746FE55
:10A45800054610F1780FC9D010F1120FD2D1BAF118
:10A46800000F03D0002501230393CBE7DDF830A0CC
:10A47800D946002501230393C4E7FFF767FB6D4224
:10A4880005604FF0FF3A28E0039BABB3B8F1FF3FFC
:10A4980008BFB7F1FF3F2CD04FEA481242EAD76213
:10A4A8007B01DB1B62EB0802920042EA93729B007D
:10A4B800DB1942EB0802D20042EA5372C3F31033AD
:10A4C80043EA42430193079B0093069B4FF4827231
:10A4D80049465046FFF702FE8246474B1A681D9BC5
:10A4E8005A404FF0000340F0848050461FB0BDE84A
:10A4F800F08F4FF0FF33E5E7DDE9042308A810F0FB
:10A50800B5FB089FDDF82480AB4657E00EAB0B93F4
:10A51800069C079BDA46039D05E02023E3800AF1A9
:10A52800010A083433465E1E002B36D00023E38030
:10A5380020689842F5DB0DAA0CA9F8F75FF9814667
:10A548000028EAD00D984FF0FF324FF0FF330DF09E
:10A55800B9FF0BAB0093234640F2031249460C980F
:10A56800FFF7BCFD81460D980EF03CF819F10B0F72
:10A5780011D0B9F1000F06D1B4F90630002BD0D0B4
:10A588000AF1010ACDE7FFF7E1FAC9F10003036018
:10A598004FF0FF3AA1E70125C3E76DB1BAF1000F0B
:10A5A8009BDCDDE9042308A810F060FB089FDDF8B8
:10A5B800248058EA070390D0002D8ED00EA80B9B5C
:10A5C800191A89100D4B03FB01F13A46434610F066
:10A5D80043FF0446002899D010F10B0F96D010F1D4
:10A5E800040F93D0FFF7B2FA644204604FF0FF3AC9
:10A5F80073E710F091F800BFB0D90120CDCCCCCCD6
:10A6080030B583B004460D46164B1B6801934FF0D6
:10A618000003002A20DB22EAE272D117C90341EACB
:10A628005241D20340F2E733D0184FF47A724FF018
:10A63800000341F10001F5F7D3FD02460B46294618
:10A648002046FFF7B5FE074B1A68019B5A404FF0AA
:10A65800000305D103B030BD4FF0FF321346EEE7DB
:10A6680010F05AF8B0D9012000B583B0094B1B6827
:10A6780001934FF00003084B1860064B1A68019BC2
:10A688005A404FF0000302D103B05DF804FB10F00C
:10A6980043F800BFB0D901201CEB002010B582B0F0
:10A6A800094C246801944FF00004084C246824687D
:10A6B800A047054B1A68019B5A404FF0000301D18F
:10A6C80002B010BD10F028F8B0D901201CEB002012
:10A6D80000B583B00A4B1B6801934FF00003094B88
:10A6E8001B685B689847064B1A68019B5A404FF0F5
:10A6F800000302D103B05DF804FB10F00DF800BFB1
:10A70800B0D901201CEB002000B583B00D4B1B68AD
:10A7180001934FF0000303681B689B6863B15B6893
:10A7280063B19847074B1A68019B5A404FF00003E2
:10A7380006D103B05DF804FB0020F3E70020F1E741
:10A748000FF0EAFFB0D9012000B583B00A4B1B68AF
:10A7580001934FF0000300F00FFB00F045FB064BA0
:10A768001A68019B5A404FF0000302D103B05DF80C
:10A7780004FB0FF0D1FF00BFB0D9012000B583B0B2
:10A788000A4B1B6801934FF00003FFF755FCFFF7D6
:10A79800DBFF064B1A68019B5A404FF0000303D1B8
:10A7A800002003B05DF804FB0FF0B6FFB0D901201C
:10A7B80000B583B00E4B1B6801934FF0000303688C
:10A7C8001B689B689B687BB1984703280AD00020C8
:10A7D800074B1A68019B5A404FF0000306D103B09B
:10A7E8005DF804FB0120F3E70020F1E70FF094FF88
:10A7F800B0D9012000B583B0104B1B6801934FF00E
:10A80800000380B1036883B15B6883B1DB6883B1FF
:10A8180098470A4B1A68019B5A404FF000030AD127
:10A8280003B05DF804FB0020F3E70020F1E7002007
:10A83800EFE70020EDE70FF06FFF00BFB0D9012070
:10A8480000B583B00B4B1B6801934FF00003183021
:10A858004FF0FF324FF0FF330DF034FE054B1A680E
:10A86800019B5A404FF0000302D103B05DF804FB8E
:10A878000FF052FFB0D9012000B583B00D4B1B6813
:10A8880001934FF000034B0900EB8300D0E8AF0FB2
:10A8980001F01F010841074B1A68019B5A404FF00D
:10A8A800000304D100F0010003B05DF804FB0FF0D1
:10A8B80033FF00BFB0D9012000B583B00C4B1B6833
:10A8C80001934FF0000370B1006800210C30FFF7CE
:10A8D800D3FF074B1A68019B5A404FF0000304D17D
:10A8E80003B05DF804FB0020F3E70FF015FF00BF8D
:10A8F800B0D9012000B583B00C4B1B6801934FF011
:10A90800000370B1006809210C30FFF7B5FF074B51
:10A918001A68019B5A404FF0000304D103B05DF858
:10A9280004FB0020F3E70FF0F7FE00BFB0D90120C9
:10A9380000B583B00C4B1B6801934FF0000370B156
:10A9480000680A210C30FFF797FF074B1A68019B34
:10A958005A404FF0000304D103B05DF804FB002017
:10A96800F3E70FF0D9FE00BFB0D9012000B583B0DE
:10A978000F4B1B6801934FF0000301F01F020123E6
:10A988009340490900EB8100D0E8EF2F1A43C0E853
:10A99800E12F0029F8D1064B1A68019B5A404FF065
:10A9A800000302D103B05DF804FB0FF0B5FE00BF51
:10A9B800B0D9012000B583B00F4B1B6801934FF04D
:10A9C800000301F01F0201239340490900EB8100B5
:10A9D800DB43D0E8EF2F1A40C0E8E12F0029F8D177
:10A9E800054B1A68019B5A404FF0000302D103B08F
:10A9F8005DF804FB0FF090FEB0D9012030B583B0AC
:10AA0800154B1B6801934FF0000303681B689D6892
:10AA1800BDB104462B68A3B118300DF037FD04F121
:10AA28002C000DF033FD2B682046984794F84030F1
:10AA38006FF3000384F84030DBB26FF3410384F80E
:10AA48004030054B1A68019B5A404FF0000301D172
:10AA580003B030BD0FF060FEB0D9012000B583B05F
:10AA68000A4B1B6801934FF000030368D86900384C
:10AA780018BF0120054B1A68019B5A404FF000038C
:10AA880002D103B05DF804FB0FF046FEB0D90120F7
:10AA980010B582B004460E4B1B6801934FF00003BB
:10AAA800006808210C30FFF761FF2046FFF7D6FF4A
:10AAB80040B1074B1A68019B5A404FF0000305D17B
:10AAC80002B010BD2046FFF795FEF2E70FF024FE16
:10AAD800B0D9012010B582B004460E4B1B68019313
:10AAE8004FF00003006808210C30FFF763FF204691
:10AAF800FFF7B4FF40B1074B1A68019B5A404FF06B
:10AB0800000305D102B010BD2046FFF773FEF2E73F
:10AB18000FF002FEB0D9012030B583B00446214BB6
:10AB28001B6801934FF00003036893F82050FFF768
:10AB3800C3FEA8B90223226882F82030226892F85E
:10AB480020209A4203D1062A1FD0062D23D0154B68
:10AB58001A68019B5A404FF0000320D103B030BD62
:10AB6800236818680CF05AFE08B90323E3E7204667
:10AB7800FFF7C0FE08B90223DDE72046FFF7D8FE3D
:10AB880008B90623D7E70523D5E7062DDFD02046E9
:10AB9800FFF77EFFDBE72046FFF79CFFD7E70FF0C4
:10ABA800BBFD00BFB0D9012030B583B00446244BAB
:10ABB8001B6801934FF00003FFF742FE2CB1206899
:10ABC80000210C30FFF758FE88BB44B3236843B319
:10ABD8005A6842B3926842B318680CF01FFE48B333
:10ABE800236803B15B689B68012120469847051ECE
:10ABF80007DB206800210C30FFF7B8FE2046FFF77E
:10AC08008BFF04F118000DF0EDFC0D4B1A68019B49
:10AC18005A404FF0000310D1284603B030BD00253C
:10AC2800E7E70025E5E70025E3E70025E1E76FF022
:10AC38007705E6E76FF00505E3E70FF06DFD00BF68
:10AC4800B0D9012010B582B004460B4B1B680193A4
:10AC58004FF00003FFF702FF40B9074B1A68019B4A
:10AC68005A404FF0000305D102B010BD2046FFF74F
:10AC78009FFDF2E70FF050FDB0D90120F0B583B089
:10AC88001E4B1B6801934FF0000358B30D4607464F
:10AC980059B30846F5F7C8FA0646082828D8184CC4
:10ACA80000E04434174B9C420CD2BC42F9D0721CD1
:10ACB800294604F10C0012F039FF0028F1D16FF099
:10ACC800770006E0721C294607F10C0012F03EFFDF
:10ACD80000200A4B1A68019B5A404FF000030AD122
:10ACE80003B0F0BD6FF01500F3E76FF01500F0E763
:10ACF8006FF05A00EDE70FF00FFD00BFB0D901204B
:10AD0800D0CC002014CD002010B584B00446154BDB
:10AD18001B6803934FF00003FFF794FFA8B1124A92
:10AD28001368591C1160114A09216846F7F704FC99
:10AD380069462046FFF7A2FF0A4B1A68039B5A4050
:10AD48004FF000030BD104B010BD094A1368591C19
:10AD58001160084A09216846F7F7EEFBE8E70FF0AB
:10AD6800DBFC00BFB0D9012024EB002028F1020051
:10AD780020EB002030F1020010B582B0164B1B68A2
:10AD880001934FF000034FF0FF324FF0FF331348A9
:10AD98000DF098FB124C00E04434124B9C420DD24B
:10ADA8000022E260226122752046FFF727FE237BFE
:10ADB800002BF1D12046FFF7A7FFEDE707480DF07C
:10ADC80011FC054B1A68019B5A404FF0000301D152
:10ADD80002B010BD0FF0A0FCB0D901204CCC00206F
:10ADE800D0CC002014CD002010B582B0114B1B68C8
:10ADF80001934FF00003104C03E02046FFF7D4FE08
:10AE080044340E4B9C4209D2002CF6D02068032112
:10AE18000C30FFF731FD0028F2D1EEE7054B1A6838
:10AE2800019B5A404FF0000301D102B010BD0FF052
:10AE380073FC00BFB0D90120D0CC002014CD002075
:10AE480000B583B0214B1B6801934FF00003937842
:10AE58001B0203F4E06392F803C04FEA0C3C0CF4C5
:10AE6800805C43EA0C0392F804C04FEA0C4C0CF4E3
:10AE7800E02C43EA0C0392F800C00CF0030C43EA00
:10AE88000C0392F801C04FEA0C1C0CF0300C43EA9A
:10AE98000C0392F805C04FEA0C5C0CF4801C43EAE2
:10AEA8000C039279120602F08072134300EB011032
:10AEB800C0F81835054B1A68019B5A404FF000033B
:10AEC80002D103B05DF804FB0FF026FCB0D90120D5
:10AED80000B583B0084B1B6801934FF00003064B85
:10AEE8001A68019B5A404FF0000303D1480003B091
:10AEF8005DF804FB0FF010FCB0D9012000B583B059
:10AF08002A4B1B6801934FF0000350B344F2280208
:10AF1800904236D843F6FF72904235D3A0F57F535E
:10AF28003F3B292B33D8DFE803F028323232153281
:10AF380018323232321C3232323220323232322439
:10AF480032323232323232323232323232323232D9
:10AF580032323228002008701BE001230B700020D9
:10AF680017E002230B70002013E003230B7000206E
:10AF78000FE004230B7000200BE005230B7000206A
:10AF880007E06FF0150004E06FF0150001E06FF0C6
:10AF98001500064B1A68019B5A404FF0000302D176
:10AFA80003B05DF804FB0FF0B7FB00BFB0D9012078
:10AFB80000B583B00F4B1B6801934FF000030E4B95
:10AFC8000122C3F8002590F886305BB10A4BDA609D
:10AFD800084B1A68019B5A404FF0000307D103B091
:10AFE8005DF804FB044B01221A605A60F0E70FF089
:10AFF80093FB00BFB0D9012000E0004030B583B01A
:10B008000E4B1B6801934FF0000359B90C4CD4F850
:10B018002C56D4F8341689B27430FFF759FF05441A
:10B02800C4F82C56054B1A68019B5A404FF0000390
:10B0380001D103B030BD0FF06FFB00BFB0D90120C4
:10B0480000E0004000B583B00C4B1B6801934FF043
:10B05800000342680A4B93F8A8301A4214BF012033
:10B068000020064B1A68019B5A404FF0000302D19A
:10B0780003B05DF804FB0FF04FFB00BFB0D901200F
:10B0880080C5002010B582B0144B1B6801934FF0A7
:10B0980000034468124B93F8A810124BD3F82C06FF
:10B0A800012302E002305B009BB299420BD3E2B26B
:10B0B8001A42F8D01942F5D0B0F90020002AF1DA86
:10B0C80000220280EEE7054B1A68019B5A404FF0B8
:10B0D800000301D102B010BD0FF01EFBB0D9012052
:10B0E80080C5002000E0004000B583B00F4B1B680E
:10B0F80001934FF00003D0E8EF3F5A1CC0E8E12F5E
:10B108000029F8D163B16FF00F030367074B1A6882
:10B11800019B5A404FF0000305D103B05DF804FBD2
:10B12800FFF746FFF2E70FF0F7FA00BFB0D90120AA
:10B1380000B583B0094B1B6801934FF00003083832
:10B14800FFF7D2FF054B1A68019B5A404FF00003E6
:10B1580002D103B05DF804FB0FF0DEFAB0D901208C
:10B1680000B583B00B4B1B6801934FF000034030D0
:10B178004FF0FF324FF0FF330DF03CFC054B1A68DF
:10B18800019B5A404FF0000302D103B05DF804FB65
:10B198000FF0C2FAB0D9012010B582B004460D4BA9
:10B1A8001B6801934FF0000358304FF0FF324FF007
:10B1B800FF330DF01FFC00B12067206F054B1A68A4
:10B1C800019B5A404FF0000301D102B010BD0FF0AF
:10B1D800A3FA00BFB0D90120F0B585B04F4B1B686A
:10B1E80003934FF0000300230193CDF807300D7946
:10B1F80005F01F058E79072D00F28A800C460B7822
:10B208000B2B2FD8DFE803F00906161A2E1E2E2E58
:10B2180022262E2A01238DF806306378032B29D0A5
:10B22800042B2AD03E4A01213E48FBF7C1FD6FF0AE
:10B2380015074CE002238DF80630EEE703238DF85E
:10B248000630EAE704238DF80630E6E705238DF893
:10B258000630E2E706238DF80630DEE707238DF88F
:10B268000630DAE7304A01212E48FBF7A1FD6FF0DE
:10B2780015072CE001238DF8073002A96088FFF735
:10B288003DFE074668BB237913F0200F31D0012318
:10B298008DF80930254890F8A820217901F01F0180
:10B2A8008B4022EA030380F8A83062791F4B2B44B5
:10B2B80083F8A0201E4C01AA29462046FFF7C0FDAE
:10B2C80051352B0104EB05150022E2506E60134B3B
:10B2D8001A68039B5A404FF000031CD1384605B04A
:10B2E800F0BD144A01210F48FBF762FD6FF0150706
:10B2F800EDE700238DF809300C4890F8A830217943
:10B3080001F01F0101228A40134380F8A830CCE7DE
:10B318006FF01507DBE70FF0FFF900BFB0D9012088
:10B3280058F10200DCE3020038F1020080C5002079
:10B3380000E000407CF1020000B583B0174B1B68A9
:10B3480001934FF00003037CA3F10802062A16D8E4
:10B35800DFE802F01D151F15041513000222104B1B
:10B36800C3F8F02500200D4B1A68019B5A404FF096
:10B37800000310D103B05DF804FB0322EFE7094A8C
:10B3880001210948FBF72EFD6FF01500EBE70022BD
:10B39800E5E70122E3E70FF0BFF900BFB0D90120CC
:10B3A80000E00040A8F10200DCE3020000B583B031
:10B3B800194B1B6801934FF00003012901D9437C05
:10B3C8004BB9437C082B0ED8DFE803F0151515158B
:10B3D800151515151500114A01211148FBF7E8FC50
:10B3E8006FF015000BE00F4A01210D48FBF7FAFC3E
:10B3F8006FF0150003E00C4AC2F8F4350020064B44
:10B408001A68019B5A404FF0000302D103B05DF85F
:10B4180004FB0FF081F900BFB0D90120D0F1020080
:10B42800DCE3020004F2020000E0004010B584B042
:10B438000446124B1B6803934FF00003FFF748FDC7
:10B44800236813B19B8903FB0000E368834209D397
:10B4580000200A4B1A68039B5A404FF000030AD198
:10B4680004B010BD0090064A01210648FBF7D8FC3D
:10B478006FF00B00EDE70FF04FF900BFB0D90120D6
:10B4880028F20200DCE3020010B584B0124B1B68FE
:10B4980003934FF0000300F10804D0F88800410C32
:10B4A800C0030E4BC0180E4A4FF0000341F10001D3
:10B4B800F4F796FE009001910022002320460FF039
:10B4C800DDFC054B1A68039B5A404FF0000301D17D
:10B4D80004B010BD0FF020F9B0D901203F420F0091
:10B4E80040420F0030B583B084460D461B4B1B68A5
:10B4F80001934FF0000300F1740E0C460FCCAEE838
:10B508000F002368CEF800300023CCF870302B6889
:10B5180053B10CF188040FCB84E80F00CCF87440C9
:10B528000023ACF8983058B96046FFF741FD0B4B43
:10B538001A68019B5A404FF000030CD103B030BD8C
:10B548000023DCE8EF2FCCE8E13F0029F9D1604681
:10B55800FFF79AFFEBE70FF0DFF800BFB0D9012043
:10B56800F0B583B00D46404B1B6801934FF00003C4
:10B5780049684B1EFE2B02D800231C4621E03B4A9B
:10B5880001213B48FBF714FC6FF0150342E0394AF0
:10B5980001213748FBF726FC6FF015033AE03648DF
:10B5A80000EB031CDCF8182522F08072CCF8182573
:10B5B80003F151021201002686500133DBB2072B3A
:10B5C80023D81A4621FA03F010F0010FE7D02B48D0
:10B5D800184490F8A060002ED9D095F811C0BCF19D
:10B5E800000C18BF4FF0010C234F07EB031EDEF8C9
:10B5F800180520F0807040EA0C60CEF8180551322A
:10B608001201BE500134E4B2D7E72846FFF794FE92
:10B61800034648B1144A1168019A51404FF000029C
:10B6280020D1184603B0F0BD21462846FFF7BEFEDC
:10B6380003460028EED121462846FFF7F7FE0346C9
:10B648000028E7D1AA680C4BC3F82C26C3F830466B
:10B658000A4C29462046FFF745FF2046FFF79CFD88
:10B668000346D7E70FF058F8B0D9012050F202008E
:10B67800DCE3020070F2020000E0004080C5002018
:10B6880070B582B004460D460F4B1B6801934FF00E
:10B6980000030E4E002211463046FFF761FD294691
:10B6A8002046FFF75DFF044606F140000DF068F9FB
:10B6B800054B1A68019B5A404FF0000302D12046FF
:10B6C80002B070BD0FF028F8B0D9012080C5002065
:10B6D80000B583B00B4B1B6801934FF00003836CDC
:10B6E8004BB1084B1A68019B5A404FF0000306D132
:10B6F80003B05DF804FB40300DF042F9F1E70FF0BC
:10B708000BF800BFB0D9012010B582B0144B1B68EC
:10B7180001934FF00003134B0024C3F80441D3F8FE
:10B728000421C3F81041D3F810211222C3F80423CE
:10B738000E20FDF72BFB224601210E20FDF778FB9A
:10B748000948FFF7C5FF064B1A68019B5A404FF09E
:10B75800000302D1204602B010BD0EF0DDFF00BF8D
:10B76800B0D9012000E0004080C5002010B582B0AB
:10B7780004462B4B1B6801934FF00003436F0BB338
:10B788000846D4F88C3043B1B4F8982004F1740119
:10B79800984701280DD002280ED0B4F89830B4F894
:10B7A800942093421BD20133A4F8983000210B4611
:10B7B80004E00121002301E00021012393B1D4F822
:10B7C800883033BB04F158000DF0DAF8144B1A68CE
:10B7D800019B5A404FF0000320D102B010BD002158
:10B7E8000123EBE72046FFF709FCD4F888301BB9A2
:10B7F8002046FFF7DDFBE9E7D4E8EF3F5A1EC4E82F
:10B80800E12F0029F8D1012BE0DD2046FFF7D0FB1E
:10B81800DCE704F108000FF085FBD3E70EF07CFFAE
:10B82800B0D9012010B582B01D4B1B6801934FF0B1
:10B8380000031C4BD3F80431FBB10446194B00221A
:10B84800C3F80421D3F8041101219960C3F8002535
:10B858001548FFF7F7FB60B921461448FFF786FF44
:10B868000F4B1A68019B5A404FF0000315D102B0E4
:10B8780010BD0D48FFF706FCEEE70A4BD3F8103170
:10B88800002BEDD0074B0022C3F81021D3F810216C
:10B8980001229A601A605A60E2E70EF03DFF00BF8D
:10B8A800B0D9012000E00040F4C5002080C5002088
:10B8B80000B583B003461648006801904FF00000B9
:10B8C80061B1012916D00020114B1A68019B5A401A
:10B8D8004FF000031AD103B05DF804FBD3F8180445
:10B8E800C0F30040002AEFD0D3F8183403F0030364
:10B8F8001370E9E7D3F80C04C0F30040002AE3D042
:10B90800D3F80C3403F001031370DDE70EF004FFE5
:10B91800B0D9012000B583B00B4B1B6801934FF0E1
:10B928000003006901EB4101890038310844064BE6
:10B938001A68019B5A404FF0000302D103B05DF82A
:10B9480004FB0EF0E9FE00BFB0D9012000B583B0BA
:10B958000A4B1B6801934FF00003406801EB41015B
:10B9680000EB8100054B1A68019B5A404FF0000319
:10B9780002D103B05DF804FB0EF0CEFEB0D9012071
:10B9880000B583B00A4B1B6801934FF000030069B0
:10B99800C1EBC10100EB8100054B1A68019B5A40BD
:10B9A8004FF0000302D103B05DF804FB0EF0B4FEC3
:10B9B800B0D9012000B583B00B4B1B6801934FF041
:10B9C8000003C9B2FFF7A6FF8068074B1A68019BFE
:10B9D8005A404FF0000304D100F0070003B05DF8AF
:10B9E80004FB0EF099FE00BFB0D9012000B583B06A
:10B9F800134B1B6801934FF00003EFF311822023D0
:10BA080083F31288BFF36F8F036813F0C00301D06C
:10BA18008B4210D101230360002082F31188BFF309
:10BA28006F8F074B1A68019B5A404FF0000305D1EE
:10BA380003B05DF804FB4FF0FF30EEE70EF06CFE4C
:10BA4800B0D9012000B583B0164B1B6801934FF0A5
:10BA58000003EFF31182202383F31288BFF36F8F63
:10BA6800036803F0C00C03F00703012B11D08C45C9
:10BA780012D04FF0FF3082F31188BFF36F8F094B5C
:10BA88001A68019B5A404FF0000308D103B05DF8D3
:10BA980004FB01600020EEE76FF07700EBE70EF0A3
:10BAA8003BFE00BFB0D9012000B583B0104B1B6826
:10BAB80001934FF00003EFF31182202383F31288E0
:10BAC800BFF36F8F036803F0C00343F00203036002
:10BAD80082F31188BFF36F8F054B1A68019B5A4098
:10BAE8004FF0000302D103B05DF804FB0EF014FE22
:10BAF800B0D90120F0B583B006460D460E4B1B6841
:10BB080001934FF00003FFF705FF0468476800231F
:10BB180040F8083BFFF7C8FF1CB13A4629463046B3
:10BB2800A047054B1A68019B5A404FF0000301D10A
:10BB380003B0F0BD0EF0F0FDB0D9012000B583B020
:10BB4800084B1B6801934FF00003064B1A68019BD2
:10BB58005A404FF0000303D1034803B05DF804FBDB
:10BB68000EF0DAFDB0D901207CEB002070B582B070
:10BB780006461546104B1B6801934FF00003CCB2E4
:10BB88002146FFF7C7FE29460830FFF72FFF002898
:10BB980006DB21463046FFF7D9FE43689847002068
:10BBA800054B1A68019B5A404FF0000301D102B0BF
:10BBB80070BD0EF0B1FD00BFB0D9012000B583B053
:10BBC800094B1B6801934FF000038022FFF7CEFF5B
:10BBD800054B1A68019B5A404FF0000302D103B08D
:10BBE8005DF804FB0EF098FDB0D901202DE9F04175
:10BBF80082B0064690461F46124B1B6801934FF0D1
:10BC08000003CDB22946FFF785FE0446089908309F
:10BC1800FFF718FF002809DBC4F800806760294691
:10BC28003046FFF793FE036898470020054B1A68D3
:10BC3800019B5A404FF0000302D102B0BDE8F081E9
:10BC48000EF06AFDB0D9012010B584B0094C246803
:10BC580003944FF0000480240094FFF7C7FF054BBE
:10BC68001A68039B5A404FF0000301D104B010BD7D
:10BC78000EF052FDB0D9012000B583B00B4B1B6804
:10BC880001934FF000030A4BC01A8010094B03FBC5
:10BC980000F0064B1A68019B5A404FF0000302D18E
:10BCA80003B05DF804FB0EF037FD00BFB0D90120EA
:10BCB8003CEB0020B76DDBB630B583B005460C46CB
:10BCC8000C4B1B6801934FF00003FFF7D5FF0146AB
:10BCD80040220948FFF74AFF01462846A047054B7E
:10BCE8001A68019B5A404FF0000301D103B030BDE0
:10BCF8000EF012FDB0D9012044E1020010B582B067
:10BD080014460A4B1B6801934FF00003C9B2FFF7B2
:10BD180037FE0021A047054B1A68019B5A404FF097
:10BD2800000301D102B010BD0EF0F6FCB0D901201D
:10BD380030B585B005460C460F4B1B6803934FF092
:10BD48000003FFF799FF01464023009323460B4A5F
:10BD58000B48FFF74BFF011E08DB074B1A68039BD4
:10BD68005A404FF0000304D105B030BD2846A04723
:10BD7800F3E70EF0D1FC00BFB0D9012005BD0100EA
:10BD880044E1020000B583B0124B1B6801934FF0E9
:10BD9800000358B1012816D00E4B1A68019B5A406F
:10BDA8004FF0000314D103B05DF804FB00210A48EA
:10BDB800FFF7B0FD836813F0070FEDD100210648A7
:10BDC800FFF798FEE8E701210348FFF793FEE3E752
:10BDD8000EF0A2FCB0D9012044E1020000B583B006
:10BDE800094B1B6801934FF00003012007F03AFC50
:10BDF800054B1A68019B5A404FF0000302D103B06B
:10BE08005DF804FB0EF088FCB0D9012010B582B0B3
:10BE18001E4B1B6801934FF00003EFF3118420239E
:10BE280083F31288BFF36F8F194A136843F0020136
:10BE3800116013F0010F10D1002384F31188BFF3B0
:10BE48006F8FE3B9FFF7CAFF104B1A68019B5A407E
:10BE58004FF0000318D102B010BD0DF1030201210B
:10BE68000C48FFF725FD9DF80330012B01D0002376
:10BE7800E3E7FFF763FEFFF717FE0123DDE7002185
:10BE88000548FFF737FEDFE70EF046FCB0D9012082
:10BE98008CEB00200050004044E1020000B583B064
:10BEA800094B1B6801934FF00003002007F0DAFBF1
:10BEB800054B1A68019B5A404FF0000302D103B0AA
:10BEC8005DF804FB0EF028FCB0D9012000B583B062
:10BED800094B1B6801934FF00003012007F044FC55
:10BEE800054B1A68019B5A404FF0000302D103B07A
:10BEF8005DF804FB0EF010FCB0D9012010B582B03B
:10BF0800124B1B6801934FF00003EFF311842023B9
:10BF180083F31288BFF36F8F0D4A136823F0020171
:10BF2800116013F0010F0CD084F31188BFF36F8FE9
:10BF3800064B1A68019B5A404FF0000304D102B027
:10BF480010BDFFF7C3FFEFE70EF0E6FBB0D9012005
:10BF58008CEB002000B583B0094B1B6801934FF0B0
:10BF68000003002007F000FC054B1A68019B5A40AB
:10BF78004FF0000302D103B05DF804FB0EF0CCFBD8
:10BF8800B0D9012000B583B0124B1B6801934FF064
:10BF9800000320EAE070C117C90341EA5041C00319
:10BFA80040F2E733C0184FF47A724FF0000341F1C2
:10BFB8000001F4F715F90EF09FF9064B1A68019B7A
:10BFC8005A404FF0000302D103B05DF804FB0EF0B5
:10BFD800A3FB00BFB0D9012070B582B00546354B30
:10BFE8001B6801934FF00003012806D1324BD3F8A8
:10BFF8001C3403F00303022B33D00DF0CFF80446B2
:10C0080010B92E4B1B786BB9EFF31186202383F3FD
:10C018001288BFF36F8F012484B9274B0222C3F81B
:10C0280008230BE00026F7E724B33046FDF72AF88B
:10C03800214BD3F81835DBB2012B1FD00DF10302C9
:10C0480000211D48FFF734FC0028EDD09DF803308F
:10C05800022B01D0012DE7D12CB386F31188BFF351
:10C068006F8F144B1A68019B5A404FF000031FD181
:10C0780002B070BD0120FFF785FFD9E70E4BD3F85A
:10C088000431002BDAD00C4B0022C3F80421D3F87A
:10C0980004210222C3F81825094A2021C2F8801178
:10C0A80001229A60CAE7044B0222C3F80423D8E7A6
:10C0B8000EF032FBB0D901200050004046F30020BA
:10C0C80000E100E000B583B01046094B1B680193FE
:10C0D8004FF000030CF054FC054B1A68019B5A40C2
:10C0E8004FF0000302D103B05DF804FB0EF014FB1F
:10C0F800B0D9012000B589B0124B1B6807934FF0E7
:10C10800000301AB019302930022039201220492DF
:10C1180005AA059206920C4AFFF796FD002805DB52
:10C128004FF48042002301A80CF064FC054B1A6808
:10C13800079B5A404FF0000302D109B05DF804FB99
:10C148000EF0EAFAB0D90120CDC0010070B582B076
:10C1580006461B4B1B6801934FF000030022012188
:10C168000520FCF765FE174807F032FA164B98428F
:10C1780021D107F053FA0024012C12D82146304669
:10C18800FFF7C8FB054621463046FFF7F9FB0F4984
:10C19800F8F79AFD002805DB0123AB601C44E4B2E4
:10C1A800EAE70020064B1A68019B5A404FF000034B
:10C1B80004D102B070BD6FF00400F3E70EF0ACFAE2
:10C1C800B0D901208DBD01000000AD0BB4F2020012
:10C1D80010B582B00446164B1B6801934FF000035C
:10C1E800144B0121D3E8EF2FC3E8E01F0028F9D151
:10C1F8005AB1631E012B15D90D4B1A68019B5A4081
:10C208004FF0000312D102B010BD0B48FFF7B8FB86
:10C218000A4900234B608B60CB6001238B60F8F7E1
:10C2280085FDE6E72046FFF7D7FEE5E70EF074FA4E
:10C23800B0D9012038EB002044E1020028EB0020AF
:10C2480010B582B004460F4B1B6801934FF00003F2
:10C258000A280ED0E1B20C4883685B689847094BFE
:10C268001A68019B5A404FF0000308D1204602B0DB
:10C2780010BD054883685B680D219847EAE70EF012
:10C288004BFA00BFB0D9012080E1020010B582B09E
:10C298000B4B1B6801934FF000030A4C2046FDF737
:10C2A800B1FB2046F6F7CAF8054B1A68019B5A40BD
:10C2B8004FF0000301D102B010BD0EF02DFA00BFFF
:10C2C800B0D9012049C2010000B583B00D4B1B68ED
:10C2D80001934FF000030C480BF0A0FA60B1FFF790
:10C2E800D5FF0020074B1A68019B5A404FF0000306
:10C2F80005D103B05DF804FB6FF01200F2E70EF011
:10C308000BFA00BFB0D9012080E1020000B583B06C
:10C3180008460D4B1B6801934FF00003114606F0C9
:10C32800B5FE034650B9084A1168019A51404FF0CA
:10C33800000206D1184603B05DF804FB6FF0040351
:10C34800F1E70EF0E9F900BFB0D9012000B583B0DC
:10C358000C4B1B6801934FF0000306F081FE034667
:10C3680050B9084A1168019A51404FF0000206D1AD
:10C37800184603B05DF804FB6FF00403F1E70EF014
:10C38800CBF900BFB0D9012000B583B00B4B1B68B7
:10C3980001934FF000030A4BD3F8003413F0010F58
:10C3A800F9D0064B1A68019B5A404FF0000302D19E
:10C3B80003B05DF804FB0EF0AFF900BFB0D901205F
:10C3C8000090034000B583B00A4B1B6801934FF0FF
:10C3D8000003094B0B6001231360064B1A68019B8D
:10C3E8005A404FF0000302D103B05DF804FB0EF091
:10C3F80093F900BFB0D9012090EB002000B583B0BD
:10C40800084B1B6801934FF00003064B1A68019B09
:10C418005A404FF0000303D1034803B05DF804FB12
:10C428000EF07AF9B0D90120C8F3020000B583B044
:10C438000C4B1B6801934FF000034B6803444B609F
:10C448000B6803440B608B681B1A8B60054B1A68DA
:10C45800019B5A404FF0000302D103B05DF804FB82
:10C468000EF05AF9B0D9012030B583B004460D4614
:10C478000F4B1B6801934FF0000308F051FE002C8E
:10C4880006DBA0420ED9001B85420DD9002000E032
:10C498000020074B1A68019B5A404FF0000305D152
:10C4A80003B030BD0020F4E70120F2E70EF034F9C4
:10C4B800B0D9012030B583B004460F4B1B680193F7
:10C4C8004FF0000308F044FE0546606808F0DCFD04
:10C4D800A3685B1BA36062682A446260002BF4D1E6
:10C4E800054B1A68019B5A404FF0000302D1002007
:10C4F80003B030BD0EF010F9B0D9012000B585B0F9
:10C508000C4B1B6803934FF0000300230093019327
:10C518000293019002916846FFF7CCFF054B1A6819
:10C52800039B5A404FF0000302D105B05DF804FBAD
:10C538000EF0F2F8B0D90120F0B585B00E461546D8
:10C54800254B1B6803934FF0000308F001FE0446D7
:10C5580029463046FFF788FF88B3B6FBF4F304FB9F
:10C5680013638BB9B5FBF4F304FB135363B9AC4203
:10C5780014D90024184B1A68039B5A404FF0000343
:10C5880027D1204605B0F0BD00953346134A012156
:10C598001348FAF745FC6FF01504EBE7114F4FF01D
:10C5A800FF324FF0FF3338460CF024FA2946304664
:10C5B800FFF7A4FF044638460CF0E2F9DAE70095E5
:10C5C8003346094A01210648FAF72AFC6FF0150498
:10C5D800D0E70EF0A1F800BFB0D9012030F3020077
:10C5E8001CE4020098EB002050F3020010B582B062
:10C5F8000446104B1B6801934FF0000308E02368C2
:10C608001968606808F06EFD21460420FFF70EFFE8
:10C61800A368032BF3D8FFF7B7FE064B1A68019BF4
:10C628005A404FF0000302D1002002B010BD0EF0B6
:10C6380073F800BFB0D9012000B585B00B4B1B685B
:10C6480003934FF000030091019002926846FFF7B0
:10C65800CDFF064B1A68039B5A404FF0000302D1E6
:10C6680005B05DF804FB0EF057F800BFB0D9012003
:10C678002DE9F04184B00C4617461D46224B1B6835
:10C6880003934FF0000329462046FFF7EDFE88B1DB
:10C6980014F0030618D115F0030F15D1F5B91A4B8C
:10C6A8001A68039B5A404FF000032AD1304604B061
:10C6B800BDE8F08100952346144A01211448FAF791
:10C6C800AFFB6FF01506EAE700952346114A0121F2
:10C6D8000F48FAF7A5FB6FF01506E0E7DFF838809A
:10C6E8004FF0FF324FF0FF3340460CF083F92A46F3
:10C6F80039462046FFF7A0FF064640460CF040F9B1
:10C70800CDE70EF009F800BFB0D9012050F30200C0
:10C718001CE4020070F3020098EB002070B584B0AE
:10C728000D4616461C46184B1B6803934FF0000332
:10C7380021462846FFF798FE90B10CB3B5F5803F27
:10C7480018DB22462946304611F000FA00200E4B2D
:10C758001A68039B5A404FF0000313D104B070BD10
:10C7680000942B46094A01210948FAF759FB6FF052
:10C778001500ECE7224629463046FDF731FCE6E78E
:10C788000020E4E70DF0C8FFB0D9012050F3020003
:10C798001CE4020010B582B00E4B1B6801934FF0E9
:10C7A8000003012211460C480CF0C2F808F0E8FC1E
:10C7B8000A4C206008F0CCFC6060064B1A68019BAC
:10C7C8005A404FF0000302D1002002B010BD0DF016
:10C7D800A3FF00BFB0D9012098EB002090EB002008
:10C7E80070B584B00D4616461C461F4B1B68039354
:10C7F8004FF00003826800232360A360136902AA34
:10C8080001A9984714E02068281AB0FBF2F01B68C9
:10C81800984228BF1846236800FB02332360A368A8
:10C828000344A360019B1A68824218D80833019315
:10C83800029B5A1E02923BB1019B5A686260002D0E
:10C84800E1D1A068301AE2E76FF01500064B1A68CC
:10C85800039B5A404FF0000303D104B070BD002081
:10C86800F4E70DF059FF00BFB0D9012000B583B03F
:10C8780013460A4A126801924FF000020022FFF79D
:10C88800AFFF064B1A68019B5A404FF0000302D1D4
:10C8980003B05DF804FB0DF03FFF00BFB0D90120E5
:10C8A80000B583B0114B1B6801934FF0000389B1A9
:10C8B8000B461168196041688A4212D00023136040
:10C8C8000A4B1A68019B5A404FF000030BD103B082
:10C8D8005DF804FB1368036041688A42EED1436047
:10C8E800ECE74360EAE70DF017FF00BFB0D901207D
:10C8F80000B583B00A460F4B1B6801934FF0000345
:10C908000368002101E019461B682BB19342FAD154
:10C91800FFF7C6FF012000E00020064B1A68019BC4
:10C928005A404FF0000302D103B05DF804FB0DF04C
:10C93800F3FE00BFB0D90120F0B583B01C46089FB4
:10C94800099E324B1B6801934FF0000300F01F0C47
:10C9580040093ED12E4D0CF1800355F823300029B3
:10C9680039D00120002A38D04FF0020E40EA0E00DC
:10C97800B4B34FF00C0E40EA0E00A7B34FF4E06ECC
:10C9880040EA0E0096B34FF4403E40EA0E0023EA18
:10C99800000071B30B7872B312785200134364B37A
:10C9A80022789200134357B33A781202134346B3DE
:10C9B80032781204134303430CF1800C45F82C30F1
:10C9C800124B1A68019B5A404FF000031BD103B069
:10C9D800F0BD0025BFE70020C4E74FF0000EC5E713
:10C9E8004FF0000EC7E74FF0000EC9E74FF0000EFA
:10C9F800CBE70023CFE70022D0E70022D2E70022CE
:10CA0800D4E70022D6E70DF087FE00BFB0D9012099
:10CA18000025844070B582B004460D461646154B75
:10CA28001B6801934FF00003036833B1FFF760FF01
:10CA3800B0B91EB96FF0150006E072B123682B601B
:10CA48002560636883B100200A4B1A68019B5A402D
:10CA58004FF000030BD102B070BD6FF01500F3E783
:10CA6800002EEBD10020EFE765600020ECE70DF029
:10CA780053FE00BFB0D9012070B582B00E461546EE
:10CA8800154B1B6801934FF00003016821B10C6836
:10CA98003CB131B90C4604E00C4602E0234621467D
:10CAA8001C4671B18A682A4002D04B6830469847C4
:10CAB800002CF3D02368002BF1D0002CEFD12346B3
:10CAC800EDE7054B1A68019B5A404FF0000301D16E
:10CAD80002B070BD0DF020FEB0D9012000B583B0C2
:10CAE8000A4B1B6801934FF000030069003818BF18
:10CAF8000120064B1A68019B5A404FF0000302D1EF
:10CB080003B05DF804FB0DF007FE00BFB0D90120AB
:10CB180000B583B00D4B1B6801934FF0000310F074
:10CB2800100F0DD110F0200F0CD10020074B1A6800
:10CB3800019B5A404FF0000306D103B05DF804FB97
:10CB48000320F3E70120F1E70DF0E6FDB0D901205D
:10CB580000B583B0084B1B6801934FF00003064BE8
:10CB68001A68019B5A404FF0000303D1002003B01C
:10CB78005DF804FB0DF0D0FDB0D9012000B583B0FD
:10CB8800084B1B6801934FF00003064B1A68019B82
:10CB98005A404FF0000303D1002003B05DF804FBB6
:10CBA8000DF0BAFDB0D9012000B583B00A4B1B685F
:10CBB80001934FF0000343685B681B690B60064BE9
:10CBC8001A68019B5A404FF0000303D1002003B0BC
:10CBD8005DF804FB0DF0A0FDB0D901202DE9F0416E
:10CBE80082B005460C46124B1B6801934FF00003B8
:10CBF80043685F6802EA010821EA0206FFF7BEFF00
:10CC0800002808DBC7F80880FE604FF40032214690
:10CC18002846FFF79DFF064B1A68019B5A404FF0C4
:10CC2800000302D102B0BDE8F0810DF075FD00BF30
:10CC3800B0D9012070B582B004460D460E4B1B6872
:10CC480001934FF0000343685E68FFF797FF0028E1
:10CC580006DBB5604FF4003229462046FFF778FF1F
:10CC6800054B1A68019B5A404FF0000301D102B0EE
:10CC780070BD0DF051FD00BFB0D9012070B582B074
:10CC880004460D460E4B1B6801934FF000034368A2
:10CC98005E68FFF773FF002806DBF5604FF400328B
:10CCA80029462046FFF754FF054B1A68019B5A4056
:10CCB8004FF0000301D102B070BD0DF02DFD00BF93
:10CCC800B0D901202DE9F04182B005460C46124B3F
:10CCD8001B6801934FF0000343685F687E6821EA90
:10CCE80006080E40FFF74AFF002808DBC7F808804F
:10CCF800FE604FF4003221462846FFF729FF064B15
:10CD08001A68019B5A404FF0000302D102B0BDE8F7
:10CD1800F0810DF001FD00BFB0D9012000B583B04E
:10CD2800124B1B6801934FF00003B0F5800F10D031
:10CD3800B1F1C06F16D0B1F1007F11D001200B4BBB
:10CD48001A68019B5A404FF000030DD103B05DF8FB
:10CD580004FBB1F1007F01D00520F0E70420EEE7E5
:10CD68000220ECE70320EAE70DF0D6FCB0D9012059
:10CD780000B583B00A4B1B6801934FF000030069AC
:10CD88000430FFF747FE064B1A68019B5A404FF0E4
:10CD9800000302D103B05DF804FB0DF0BDFC00BF39
:10CDA800B0D9012000B583B00A4B1B6801934FF03E
:10CDB800000350B90848074B1A68019B5A404FF0C6
:10CDC800000304D103B05DF804FB0020F3E70DF085
:10CDD800A3FC00BFB0D9012058E1020010B582B011
:10CDE8000E4B1B6801934FF0000300F01F0440092D
:10CDF800FFF7D8FF30B1014600690122A240043094
:10CE0800FFF73AFE054B1A68019B5A404FF00003A2
:10CE180001D102B010BD0DF07FFC00BFB0D90120D8
:10CE28002DE9F04788B08846154699463D4B1B6862
:10CE380007934FF00003446801F01F06237B46EA7E
:10CE480043162046FFF74AFE002862D0B5F5001FBA
:10CE580031D00DF1080A0027029703974946284662
:10CE6800FFF75CFF8DF80800049705970697CDF843
:10CE780014A0A36823FA08F313F0010F02D1B5F147
:10CE8800A07F1FD0103404AA3146204607F0EEFDDB
:10CE9800254B984240D101223146204607F0C0FE7A
:10CEA8000020204B1A68079B5A404FF0000336D1E8
:10CEB80008B0BDE8F087314604F1100007F0C8FE5D
:10CEC8000020EEE706F01F03720915D1174A8033D8
:10CED80052F8233013F0010FD4D104F110050DF1ED
:10CEE80007023146284607F00BFE114B984205D041
:10CEF8000DF107030393C5E73A46E8E70DF107018B
:10CF0800284607F075FE084B9842F1D06FF00B00E9
:10CF1800C7E76FF08500C4E76FF01500C1E70DF0B3
:10CF2800FBFB00BFB0D901200000AD0B00258440F9
:10CF38000400AD0B2DE9F0438BB007468946144633
:10CF4800714B1B6809934FF00003456801F01F08F7
:10CF58002B7B48EA43181046FFF7DAFD8DF80E00E0
:10CF680040F206332340B3F5837F5DD016D8062BF5
:10CF780056D006D9B3F5807F0DD101238DF80F3037
:10CF880024E003B3022B03D104238DF80F301DE0F6
:10CF98006FF015076DE06FF015076AE040F20222A6
:10CFA800934245D0B3F5407F03D103238DF80F306A
:10CFB8000CE0B3F5007F03D102238DF80F3005E0B4
:10CFC8006FF0150755E000238DF80F30012606FA9B
:10CFD80009F631463846FFF7D1FD071E49DB14F440
:10CFE800002F29D06B689E602846FFF777FD48B36D
:10CFF80010350DF10D024146284607F081FD064621
:10D0080014F4403F40D14146284607F0C1FD3F4B4C
:10D018009E422ED19DF80D10284607F0D1FD28E03C
:10D0280006238DF80F30D1E707238DF80F30CDE7B1
:10D0380005238DF80F30C9E714F4802FD4D06B681E
:10D04800DE60D1E7C4F340438DF8103014F4803F1C
:10D058000CBF012300238DF81830002301930DF134
:10D068000F0300930DF10E0306AA04A94046FFF72B
:10D0780063FC254B1A68099B5A404FF0000341D1C5
:10D0880038460BB0BDE8F08304AA00230493059347
:10D09800069307930893079206AA4146284607F085
:10D0A800E5FC1A4B984202D06FF01507E1E714F43B
:10D0B800003F1AD09DF80F308DF8183014F4803FD7
:10D0C8000CBF012300238DF819309DF80E308DF820
:10D0D8001A30002306AA4146284607F0DFFC0B4B0E
:10D0E800984294D06FF01507C3E70023069307937F
:10D0F80008930DF10E03069306AA4146284607F049
:10D10800B5FCECE70DF008FBB0D901200000AD0B31
:10D1180010B582B0194B1B6801934FF000034468A7
:10D128002046FFF7DBFC48B90020144B1A68019B26
:10D138005A404FF000031ED102B010BD10342046F3
:10D1480007F00EFD08B10020EFE70021204607F0A8
:10D15800EFFC0B4B98420BD100220A49204607F0FE
:10D16800B7FC002205213120FBF762FE0020DCE736
:10D178006FF00400D9E70DF0CFFA00BFB0D9012055
:10D188000000AD0BE5CD010000B583B0134B1B6863
:10D1980001934FF000034368136001E00833136004
:10D1A800136890F808C0D0F804E00EEBCC0C634587
:10D1B80005D293F805C08C45F0D1002001E06FF04E
:10D1C8000100064B1A68019B5A404FF0000302D138
:10D1D80003B05DF804FB0DF09FFA00BFB0D9012041
:10D1E800F0B583B09DF820709DF824E0134C2468B6
:10D1F80001944FF0000400F01F0C40091AD1104EA2
:10D208000CF1800056F820500E4C2C4041EA4201A7
:10D2180041EA830343EA072343EA0E43234346F8DC
:10D228002030064B1A68019B5A404FF0000303D187
:10D2380003B0F0BD0026E3E70DF06EFAB0D9012087
:10D2480000258440F0F8FCFF00B583B0134B1B6841
:10D2580001934FF0000399B900F01F0140090DD167
:10D268000F4A01238B40D3600C4B1A68019B5A402C
:10D278004FF000030FD103B05DF804FB0022F0E784
:10D2880000F01F01400904D1054A01238B40936037
:10D29800EAE70022F9E70DF03FFA00BFB0D9012014
:10D2A800002584402DE9F04F87B080468B460392D5
:10D2B800894B1B6805934FF00003002423E04FF0CF
:10D2C800FF3638E0039BC3F80C65012702973946FF
:10D2D800B6F1FF3F15D0B1F1FF3F40F0E38058F8B9
:10D2E8000A3013F4004F40F0E180029D00220192C1
:10D2F800CDF80090C3F341233A4629463046FFF75C
:10D308006FFF0134E4B25C4580F0D2804FEA840AB2
:10D3180058F82430C3F3C725C3F3C322C3F3080660
:10D3280015F0080540F0C6806C4911F8029040F2EB
:10D33800FF129642C3D01B0E192B00F2BE8001A229
:10D3480052F823F0CDD20100B5D30100C5D30100B6
:10D35800D3D30100E3D30100F3D3010001D40100CA
:10D36800C3D40100C3D40100C3D40100C3D4010055
:10D3780011D4010027D40100C3D40100C3D4010093
:10D38800C3D40100C3D40100C3D40100C3D4010035
:10D39800C3D40100C3D40100C3D401003DD40100AB
:10D3A80051D4010065D4010079D40100039BC3F86E
:10D3B80014652F4602954FF0FF3189E7039BC3F8A8
:10D3C800086501270297394682E7039BC3F8106571
:10D3D8002F4602954FF0FF317AE7039BC3F80865A3
:10D3E8002F4601230293002172E7039BC3F80C65C3
:10D3F8000127029700216BE7039BC3F810652F46AE
:10D4080002954FF0FF3163E7039BC3F80865B9F154
:10D41800000F37D02F4602954FF0FF3158E7039B96
:10D42800C3F80C65B9F1000F34D02F4602954FF0C0
:10D43800FF314DE7039BC3F8606558F80A10C1F344
:10D4480000410127029743E7039BC3F8646558F836
:10D458000A10C1F300410127029739E7039BC3F87B
:10D46800686558F80A10C1F30041012702972FE7B1
:10D47800039BC3F86C6558F80A10C1F300410127F3
:10D48800029725E74F46CDF808904FF0FF314FF04F
:10D4980006091DE74F46CDF808904FF0FF314FF0D1
:10D4A800060915E73046FFF7CFFE18E701271DE705
:10D4B800002004E06FF0150001E06FF08500064BD6
:10D4C8001A68059B5A404FF0000302D107B0BDE827
:10D4D800F08F0DF021F900BFB0D9012018F4020037
:10D4E80030B583B005460C460E4B1B6801934FF0D0
:10D4F80000030321A04700280EDB01212846A0478E
:10D50800002800DB0020074B1A68019B5A404FF0A7
:10D51800000305D103B030BD10F1860FF3D1ECE75D
:10D528000DF0FAF8B0D9012000B583B0134B1B6891
:10D5380001934FF0000343681B68EFF31182202129
:10D5480081F31288BFF36F8FD3F8201131B1002116
:10D55800C3F82011D3F820110121D96082F3118872
:10D56800BFF36F8F054B1A68019B5A404FF00003B9
:10D5780002D103B05DF804FB0DF0CEF8B0D901205C
:10D5880010B582B00F4B1B6801934FF0000343683E
:10D598001C68D4F8043313F4807F02D0D4F8203107
:10D5A80053B9D4F85831074B1A68019B5A404FF0C9
:10D5B800000304D102B010BDFFF7B6FFF1E70DF08C
:10D5C800ABF800BFB0D9012000B583B00B4B1B6886
:10D5D80001934FF0000343681B68D3F88004C3F835
:10D5E8008004064B1A68019B5A404FF0000302D191
:10D5F80003B05DF804FB0DF08FF800BFB0D901202F
:10D6080000B583B0114B1B6801934FF000034368CA
:10D618001A685B68D2F8581139B903F001037BB96D
:10D62800D2F8203173B9002000E00120074B1A68B6
:10D63800019B5A404FF0000306D103B05DF804FB8C
:10D648000020F3E70120F1E70DF066F8B0D90120DA
:10D6580000B583B0114B1B6801934FF0000342687B
:10D6680013680821C3F80015117A51B9D269C3F8B3
:10D6780034250122C3F83825C3F81011D3F8101146
:10D688001A60064B1A68019B5A404FF0000302D1FA
:10D6980003B05DF804FB0DF03FF800BFB0D90120DE
:10D6A80000B583B0104B1B6801934FF0000343682B
:10D6B8001B68C3F84415C3F848250022C3F8202185
:10D6C800D3F82011C3F85821D3F8582101229A60C1
:10D6D800054B1A68019B5A404FF0000302D103B072
:10D6E8005DF804FB0DF018F8B0D9012000B583B03F
:10D6F800114B1B6801934FF0000342681368D3F87D
:10D70800100198B1D26912780A700020C3F810018C
:10D71800D3F8102101221A60074B1A68019B5A405E
:10D728004FF0000305D103B05DF804FB4FF0FF3064
:10D73800F2E70CF0F1FF00BFB0D9012000B583B0CB
:10D74800124B1B6801934FF0000320EAE070C117E9
:10D75800C90341EA5041C00340F2E733C0184FF40F
:10D768007A724FF0000341F10001F2F739FD0CF035
:10D77800C3FD064B1A68019B5A404FF0000302D1C3
:10D7880003B05DF804FB0CF0C7FF00BFB0D901205F
:10D7980070B582B00646194B1B6801934FF0000321
:10D7A80012E075B1EFF31184202383F31288BFF3DD
:10D7B8006F8F3046FFF724FF98B984F31188BFF3C1
:10D7C8006F8F0120FFF7BAFF64243046FFF718FF78
:10D7D80005460028E5D1012005F01CFD013CF4D1E7
:10D7E800DFE7064B1A68019B5A404FF0000302D14D
:10D7F800204602B070BD0CF08FFF00BFB0D90120E9
:10D80800F0B583B005460E461E4B1B6801934FF0DA
:10D81800000347680BF0C2FC20B91B4B1B7843B1CF
:10D82800002300E0012353B92846FFF7B1FF04465F
:10D8380011E00123F7E784F31188BFF36F8FEFF34B
:10D848001184202383F31288BFF36F8F2846FFF7D4
:10D85800D7FE0028EFD0BB691E700122B96928469F
:10D86800FFF71EFF84F31188BFF36F8F054B1A680B
:10D87800019B5A404FF0000301D103B0F0BD0CF0FA
:10D888004BFF00BFB0D9012046F3002010B582B08D
:10D8980004460D4B1B6801934FF000036A46FFF7DF
:10D8A80073FC002805DB009B226819791868FFF7CC
:10D8B800F9FC054B1A68019B5A404FF0000301D14F
:10D8C80002B010BD0CF028FFB0D9012010B582B00D
:10D8D80004460C4B1B6801934FF00003436800217A
:10D8E800D868FFF7D3FF2046FFF7B2FE054B1A684A
:10D8F800019B5A404FF0000301D102B010BD0CF05B
:10D908000BFF00BFB0D9012000B583B00C4B1B68DA
:10D9180001934FF0000301290CD1FFF7D7FF002036
:10D92800074B1A68019B5A404FF0000305D103B01A
:10D938005DF804FB6FF08500F2E70CF0EDFE00BF28
:10D94800B0D9012030B583B005460C46154B1B688D
:10D9580001934FF0000301F1080005F03FFD124B61
:10D96800984215D105F10C0205F59071207A05F061
:10D9780019FD237A0120984005F0C6FC0020094BC8
:10D988001A68019B5A404FF0000309D103B030BD1B
:10D99800064A01210648F9F70BFA6FF00400EEE792
:10D9A8000CF0BAFEB0D901200000AD0B20F4020043
:10D9B800C4E4020030B583B0204B1B6801934FF0DC
:10D9C800000345682C686B6813F0010F2BD1002207
:10D9D8000823C4F80035AB69C4F844350023C4F8FB
:10D9E80048350123A36072B9D4F82031002BFBD04D
:10D9F8000023C4F82031D4F820310123E3604FF428
:10DA08008073C4F80433D4F85831002BFBD00020BD
:10DA1800C4F80005094B1A68019B5A404FF00003EF
:10DA280009D103B030BD01692046FFF78BFF0028FC
:10DA3800F0DB0122CCE70CF06FFE00BFB0D901206B
:10DA480010B582B00446134B1B6801934FF00003D6
:10DA5800436819681A69C1F824255A7D93F816C0D5
:10DA68001B7D42EA0C021343C1F86C35FFF7A2FF95
:10DA780040B1084B1A68019B5A404FF0000306D189
:10DA880002B010BD04492046FFF72AFDF1E70CF06B
:10DA980043FE00BFB0D9012011D9010010B582B0F2
:10DAA80004460E4B1B6801934FF00003002201212E
:10DAB8000820FBF7BDF90820FBF768F9002120468C
:10DAC800FFF7BEFF054B1A68019B5A404FF0000351
:10DAD80001D102B010BD0CF01FFE00BFB0D901206B
:10DAE80000B583B0DFF858C0DCF800C0CDF804C03A
:10DAF8004FF0000CA2F5807E4FEA9E0E4FF0010C0D
:10DB08000CFA0EFC1CEA010F0DD0815809B900204F
:10DB18000AE00021815082581BB11A684CEA0202BF
:10DB28001A60012000E00020054B1A68019B5A404A
:10DB38004FF0000302D103B05DF804FB0CF0ECFDDC
:10DB4800B0D9012070B582B006460D461F4B1B6840
:10DB580001934FF000030024009409E0A2006B46F3
:10DB680002F5A07229463046FFF7BAFF0134E4B245
:10DB7800032CF3D915F0010F02D0D6F800317BB988
:10DB880015F0020F02D0D6F804319BB900980F4B5C
:10DB98001A68019B5A404FF0000315D102B070BDBE
:10DBA8000023C6F80031D6F80031009B43F001038A
:10DBB8000093E5E70023C6F80431D6F80431009B4A
:10DBC80043F002030093E1E70CF0A6FDB0D9012071
:10DBD80000B583B0094B1B6801934FF00003401A4E
:10DBE800064B1A68019B5A404FF0000304D120F0FD
:10DBF8007F4003B05DF804FB0CF08EFDB0D9012026
:10DC080000B583B00B4B1B6801934FF0000321F064
:10DC18007F4100F5A870084B43F82010054B1A689F
:10DC2800019B5A404FF0000302D103B05DF804FB9A
:10DC38000CF072FDB0D901200050014000B583B04E
:10DC48000E4B1B6801934FF0000300F150039B003B
:10DC58009BB203F1804303F5A8331868003818BF56
:10DC68000120064B1A68019B5A404FF0000302D16D
:10DC780003B05DF804FB0CF04FFD00BFB0D90120E4
:10DC880000B583B00D4B1B6801934FF0000300F102
:10DC980050039B009BB203F1804303F5A833002295
:10DCA8001A601B68054B1A68019B5A404FF0000325
:10DCB80002D103B05DF804FB0CF02EFDB0D90120B1
:10DCC80000B583B00B4B1B6801934FF000034FF472
:10DCD80080338340084AC2F84433064B1A68019BD4
:10DCE8005A404FF0000302D103B05DF804FB0CF07A
:10DCF80013FD00BFB0D901200050014000B583B02A
:10DD08000B4B1B6801934FF000034FF480338340A3
:10DD1800084AC2F84833064B1A68019B5A404FF02C
:10DD2800000302D103B05DF804FB0CF0F5FC00BF62
:10DD3800B0D901200050014000B583B0094B1B68E1
:10DD480001934FF00003084BD3F80405054B1A68FC
:10DD5800019B5A404FF0000302D103B05DF804FB69
:10DD68000CF0DAFCB0D901200050014000B583B0B6
:10DD7800094B1B6801934FF00003074B1A68019B7E
:10DD88005A404FF0000304D120F07F4003B05DF803
:10DD980004FB0CF0C1FC00BFB0D9012000B583B072
:10DDA8000B4B1B6801934FF00003EFF31180202306
:10DDB80083F31288BFF36F8F054B1A68019B5A4093
:10DDC8004FF0000302D103B05DF804FB0CF0A4FC93
:10DDD800B0D9012000B583B00A4B1B6801934FF0FE
:10DDE800000380F31188BFF36F8F064B1A68019BFD
:10DDF8005A404FF0000302D103B05DF804FB0CF069
:10DE08008BFC00BFB0D901202DE9F04383B0054653
:10DE180089469046254B1B6801934FF00003FFF796
:10DE28006DFF2846FFF72CFF4E46032710E0FFF74B
:10DE380083FF04464946FFF7CBFEB0F5000F2ED905
:10DE48002846FFF71DFFB8F1000F2AD13E19013708
:10DE580031462846FFF7D4FE2846FFF731FFFFF783
:10DE68006BFF0446C11C3046FFF7B2FE104B9842C8
:10DE78000AD92846FFF7E2FE0028D8D1B8F1000FEA
:10DE8800E4D06FF0150000E00020084B1A68019BF1
:10DE98005A404FF0000307D103B0BDE8F0830020DB
:10DEA800F3E76FF01500F0E70CF036FCB0D901206D
:10DEB800FDFF7F0000B583B00B4B1B6801934FF04B
:10DEC80000030A4B0A4AC3F80823C3F84823064B41
:10DED8001A68019B5A404FF0000302D103B05DF865
:10DEE80004FB0CF019FC00BFB0D901200050014020
:10DEF80003000F0010B582B0154B1B6801934FF05B
:10DF08000003012383406FEA030C124AD2E8EF1F93
:10DF180001EA0C0EC2E8E4EF002CF7D14FF480328E
:10DF280082400D48C0F80823BFF35F8FBFF36F8F9F
:10DF38000B4214BF01200020054B1A68019B5A4070
:10DF48004FF0000301D102B010BD0CF0E5FB00BF9B
:10DF5800B0D90120CCEB00200050014010B582B0B0
:10DF68001A4B1B6801934FF000034FF48033834032
:10DF7800174AD2F80423134209D10020134B1A6818
:10DF8800019B5A404FF000031ED102B010BD044659
:10DF980001238340DB430F49D1E8EF2F02EA030056
:10DFA800C1E8EC0FBCF1000FF6D122FA04F313F02C
:10DFB800010F04D12046FFF741FE0028DED020469D
:10DFC800FFF75EFE0120D9E70CF0A6FBB0D90120CF
:10DFD80000500140C8EB002000B583B0174B1B6808
:10DFE80001934FF0000349B9144B1A68019B5A403A
:10DFF8004FF0000320D103B05DF804FB01238340F8
:10E008000F4AD2E8EFCF4CEA030CC2E8E1CF00296F
:10E01800F7D14FF4803383400A4AC2F804330A4BDD
:10E02800D3E8AF3FC34013F0010FDDD0074B4FF4E7
:10E038000012C3F80021D7E70CF06EFBB0D901201D
:10E04800CCEB002000500140C8EB002000E100E0CC
:10E0580030B583B01446184A126801924FF0000296
:10E0680020461946FFF782FE844614490B684A6821
:10E07800E01A1B1842F100020B604A60ACF500136D
:10E08800B3F5400F0AD20E4B1B681A0A1B061CEB8D
:10E09800030442F100050B4BC3E900450CF0C8FC32
:10E0A800054B1A68019B5A404FF0000301D103B099
:10E0B80030BD0CF031FB00BFB0D9012010E30020C7
:10E0C800D0EB002018E3002030B583B0144B1B6858
:10E0D80001934FF00003134B1C68250A2406BFF375
:10E0E8005F8FFFF729FE0346001945F10001B3F5DC
:10E0F800801F0AD20C4BD3E90023904271EB030333
:10E1080003D210F1807041F10001054B1A68019BA0
:10E118005A404FF0000301D103B030BD0CF0FCFAB7
:10E12800B0D90120D0EB002018E300202DE9F047FA
:10E1380082B0064614461D46DDF828900B9F9DF8D0
:10E1480030A0294B1B6801934FF000031046294665
:10E15800FFF70CFE8046FFF7B7FFA04271EB0503FF
:10E1680019D2201A65EB0101204B984271F1000188
:10E1780032D21F4B03EB0613D3E90223AB4208BF8D
:10E18800A24201D1002014E0524641463046FFF732
:10E198003BFE70B116E0BAF1000F20D10123B34065
:10E1A800144AD2E8EF0F1843C2E8E10F0029F8D16A
:10E1B80000200F4B320103EB0616C6E9024543F86F
:10E1C80002907760084B1A68019B5A404FF0000391
:10E1D80008D102B0BDE8F0876FF01500F2E76FF0E4
:10E1E8001500EFE70CF098FAB0D901200100800083
:10E1F80000E30020C8EB00202DE9F04786B0044674
:10E2080017461E46DDF83880DDF83C909DF840A0A2
:10E21800124B1B6805934FF00003FFF76BFE054692
:10E22800CDF808A0CDF80490CDF800803A463346E2
:10E238002046FFF77BFF064629462046FFF7CCFE1F
:10E24800064B1A68059B5A404FF0000303D130462D
:10E2580006B0BDE8F0870CF05FFA00BFB0D9012026
:10E2680030B587B0264B1B6805934FF00003FFF7C6
:10E2780021FE0023234AC2F80835002B2CDD214C4F
:10E288000225C4F80453204B4FF40012C3F8802130
:10E29800002201211520FAF7CBFD1520FAF776FDAB
:10E2A8000123A3602360194A136000240294019497
:10E2B800174B0093174A00232046FFF79DFF284677
:10E2C800FDF786FF0E4B1A68059B5A404FF0000376
:10E2D80013D1204607B030BD0F4A02EB03124FF0AE
:10E2E800FF304FF0FF31C2E902014FF480329A400B
:10E2F8000449C1F804230133BFE70CF00DFA00BF4D
:10E30800B0D901200050014000E100E0CCEB002032
:10E3180059E00100FFFF7F0000E300202DE9F047EE
:10E3280084B00446224B1B6803934FF00003FFF7A9
:10E3380015FE48B91E4B1A68039B5A404FF000035C
:10E3480033D104B0BDE8F087FFF7BEFE82460D4624
:10E35800FFF724FD0646174B03EB0413D3E90289A4
:10E36800C24575EB09050BD200253046FFF732FD93
:10E37800002DDFD0009742464B462046A847D9E7F4
:10E388000C4A230102EB0411D5584F680020D050E5
:10E398004FF0FF324FF0FF33C1E902232046FFF769
:10E3A800ADFC2046FFF76CFCDFE70CF0B5F900BFC9
:10E3B800B0D9012000E3002010B582B0144B1B68CF
:10E3C80001934FF00003134BD3F8043313F0020FFB
:10E3D8000BD10024002C13DD0D4B1A68019B5A4009
:10E3E8004FF0000311D102B010BD02210948FFF718
:10E3F800A9FB0028EDD0084A136801331360E8E749
:10E408002046FFF78BFF0134E4E70CF085F900BFE5
:10E41800B0D9012000500140D0EB002010B586B0E3
:10E428001E4B1B6805934FF00003B0F1FF3F18D057
:10E4380001281BDD1A4B9842A8BF18460446194B01
:10E4480001221A70FFF740FE174B1A685B68801AA2
:10E45800B0F5000F0CD20444B4F5000F09D3104CEA
:10E4680007E0104B00221A700D4CEBE70124E6E799
:10E478000B4C00201219029001900C49009143F1B5
:10E488000003FFF7B9FE054B1A68059B5A404FF089
:10E49800000301D106B010BD0CF03EF9B0D901203F
:10E4A800FFFF7F0034F3002010E3002059E0010053
:10E4B80000B583B00A4B1B6801934FF00003FFF7C8
:10E4C80003FE084B1B68C01A054B1A68019B5A408B
:10E4D8004FF0000302D103B05DF804FB0CF01CF907
:10E4E800B0D9012010E3002000B583B0094B1B68A8
:10E4F80001934FF00003FFF7E7FD064B1A68019BF5
:10E508005A404FF0000302D103B05DF804FB0CF051
:10E5180003F900BFB0D9012000B583B0114B1B68C7
:10E5280001934FF0000389B10B46116819604168E7
:10E538008A4212D0002313600A4B1A68019B5A4082
:10E548004FF000030BD103B05DF804FB13680360C0
:10E5580041688A42EED14360ECE74360EAE70CF099
:10E56800DBF800BFB0D9012000B583B00A460F4BD5
:10E578001B6801934FF000030368002101E019466E
:10E588001B682BB19342FAD1FFF7C6FF012000E0C8
:10E598000020064B1A68019B5A404FF0000302D135
:10E5A80003B05DF804FB0CF0B7F800BFB0D9012048
:10E5B80010B582B00446194B1B6801934FF0000355
:10E5C8004FF0000C1648034600E008339BB1144A8C
:10E5D800934210D3503293420DD21A68A24218D0F7
:10E5E80042B1104A12685968521A9445EDDA9446B5
:10E5F8001846EAE7184604600A4B1B68013B43606B
:10E60800064B1A68019B5A404FF0000303D102B031
:10E6180010BD1846F4E70CF07FF800BFB0D9012010
:10E6280088EC00207CEC002000B583B0094B1B6807
:10E6380001934FF00003084B1B684360054B1A68B1
:10E64800019B5A404FF0000302D103B05DF804FB70
:10E658000CF062F8B0D901207CEC002000B583B042
:10E668000D4B1B6801934FF0000342680B4B1B686E
:10E678009A420AD10120084B1A68019B5A404FF070
:10E68800000306D103B05DF804FBFFF7CDFF0020BF
:10E69800F1E70CF041F800BFB0D901207CEC002074
:10E6A80010B582B00446184B1B6801934FF0000365
:10E6B8000CF07CFA8E464A0142EAD06243011B1AEA
:10E6C80062EB0102920042EA93729B001B1842EB34
:10E6D8000102D20042EA5372C3F3103343EA4243C1
:10E6E800D20B20686168181A62EB0101236062602E
:10E6F800054B1A68019B5A404FF0000301D102B044
:10E7080010BD0CF009F800BFB0D9012030B583B0B6
:10E7180004460D460A4B1B6801934FF00003043072
:10E72800012200210AF004F9E561054B1A68019BF2
:10E738005A404FF0000301D103B030BD0BF0ECFF9D
:10E74800B0D9012030B583B00446184B1B6801933B
:10E758004FF00003EFF31185202383F31288BFF3F2
:10E768006F8F0BF00BFEFFF723FFFFF777FF0346D2
:10E7780038B1002222600E4A526882B114600C4AF5
:10E78800546085F31188BFF36F8F084A1168019AA6
:10E7980051404FF0000206D1184603B030BD044A7C
:10E7A80054601460EDE70BF0B7FF00BFB0D901204B
:10E7B80080EC002010B582B00146124B1B68019313
:10E7C8004FF00003EFF31184202383F31288BFF383
:10E7D8006F8F0D48FFF7C8FE0BF0D0FDFFF7E8FE7E
:10E7E800FFF722FF84F31188BFF36F8F054B1A6878
:10E7F800019B5A404FF0000301D102B010BD0BF04D
:10E808008BFF00BFB0D9012080EC002000B583B099
:10E818000D4B1B6801934FF000030C4B0020186050
:10E8280058600B4BD3E8EF2FC3E8E10F0029F9D16B
:10E83800054B1A68019B5A404FF0000302D103B000
:10E848005DF804FB0BF068FFB0D9012080EC0020D4
:10E858007CEC002000B583B0094B1B6801934FF096
:10E86800000308F0A1FF064B1A68019B5A404FF0BD
:10E87800000302D103B05DF804FB0BF04DFF00BFAD
:10E88800B0D9012070B58CB005460C46444B1B68C6
:10E898000B934FF000030EF037F8002870D00CF0FF
:10E8A80085F94A0142EAD06243011B1A62EB010270
:10E8B800920042EA93729B001B1842EB0102D200BD
:10E8C80042EA5372C3F3103343EA4243D20B009334
:10E8D80001922368002B44D0002B47DB294603A86C
:10E8E800FFF714FF03A8FFF72DFF00284BD020687F
:10E8F800B0F1FF3F3ED020EAE070C117C90341EAFA
:10E908005041C00340F2E733C0184FF47A724FF019
:10E91800000341F10001F1F763FC02460B4604A82D
:10E928000AF068F803A8FFF745FF0DF0EDFF60B3A4
:10E938002568B5F1FF3F2BD0EE176846FFF7B0FE0C
:10E948002D1A66EB0106002E18DB256015B3002092
:10E95800134B1A680B9B5A404FF000031DD10CB0A3
:10E9680070BD0BF00DFC6FF00A00F1E74FF0FF33BC
:10E978002360B3E74FF0FF321346D0E70025E4E702
:10E988006FF06D00E4E70020E2E76FF06D00DFE76D
:10E998000020DDE76FF00A00DAE70BF0BDFE00BFEC
:10E9A800B0D9012010B582B00446094B1B68019309
:10E9B8004FF00003FBF7CAF80460054B1A68019B87
:10E9C8005A404FF0000301D102B010BD0BF0A4FE75
:10E9D800B0D9012000B583B0094B1B6801934FF0F3
:10E9E80000030AF0DBFB064B1A68019B5A404FF004
:10E9F800000302D103B05DF804FB0BF08DFE00BFED
:10EA0800B0D9012010B582B0164B1B6801934FF0A6
:10EA1800000303682BB1144CA34202D3A834A342C9
:10EA28000ED3124B1B78062B16D803F1010C0F4C92
:10EA380084F800C003EB43030B4C04EBC3030360EF
:10EA4800006809F075FF074B1A68019B5A404FF0A0
:10EA5800000304D102B010BD6FF00B00F3E70BF018
:10EA68005BFE00BFB0D90120D4EB002035F30020B5
:10EA780000B583B0094B1B6801934FF0000309F000
:10EA88007FFF064B1A68019B5A404FF0000302D1E2
:10EA980003B05DF804FB0BF03FFE00BFB0D90120C6
:10EAA80010B582B004461A4B1B6801934FF000035F
:10EAB800B1F1FF3F22D021EAE173D917C90341EA36
:10EAC8005341DB0340F2E73298184FF47A724FF063
:10EAD800000341F10001F1F783FB02460B46204693
:10EAE80009F088FF034668B9094A1168019A51403C
:10EAF8004FF0000209D1184602B010BD4FF0FF32A6
:10EB08001346ECE76FF00A03EEE70BF005FE00BFD3
:10EB1800B0D9012000B583B0094B1B6801934FF0B1
:10EB2800000309F05FFD064B1A68019B5A404FF03D
:10EB3800000302D103B05DF804FB0BF0EDFD00BF4C
:10EB4800B0D9012010B582B004461A4B1B68019356
:10EB58004FF00003B1F1FF3F22D021EAE173D9174A
:10EB6800C90341EA5341DB0340F2E73298184FF4F6
:10EB78007A724FF0000341F10001F1F731FB0246D0
:10EB88000B46204609F09EFC034668B9094A1168FD
:10EB9800019A51404FF0000209D1184602B010BD49
:10EBA8004FF0FF321346ECE76FF00A03EEE70BF085
:10EBB800B3FD00BFB0D9012030B583B00546184B6E
:10EBC8001B6801934FF00003164BD3E8EF1F013188
:10EBD800C3E8E21F002AF8D1134B1C6806E0201D89
:10EBE80009F0CEFE236803B164B11C4664B1E36941
:10EBF800AB42F4D0002DF2D0002BF0D02346002CED
:10EC0800F0D1F2E72346F0E7054B1A68019B5A401A
:10EC18004FF0000301D103B030BD0BF07DFD00BF04
:10EC2800B0D901207CEC002080EC002000B583B036
:10EC380001460B4B1B6801934FF000030022002391
:10EC4800084809F01BFB064B1A68019B5A404FF015
:10EC5800000302D103B05DF804FB0BF05DFD00BFBB
:10EC6800B0D90120D8EC002000B583B001460A4B8A
:10EC78001B6801934FF00003084809F01DFB064B81
:10EC88001A68019B5A404FF0000302D103B05DF8A7
:10EC980004FB0BF041FD00BFB0D90120D8EC0020E7
:10ECA80000B583B001460B4B1B6801934FF000037E
:10ECB80000220023084809F0E1FA064B1A68019B74
:10ECC8005A404FF0000302D103B05DF804FB0BF08B
:10ECD80023FD00BFB0D90120ECEC002000B583B0C3
:10ECE80001460A4B1B6801934FF00003084809F0DE
:10ECF800E3FA064B1A68019B5A404FF0000302D111
:10ED080003B05DF804FB0BF007FD00BFB0D901208C
:10ED1800ECEC002030B583B005460D4B1B68019321
:10ED28004FF000030B4C04E02368616828469847BD
:10ED38000834094B9C42F7D3054B1A68019B5A408B
:10ED48004FF0000301D103B030BD0BF0E5FC00BF6C
:10ED5800B0D901206C0603007C06030000B583B01F
:10ED6800094B1B6801934FF00003084807F04AFC61
:10ED7800054B1A68019B5A404FF0000302D103B0BB
:10ED88005DF804FB0BF0C8FCB0D901201DED0100B3
:10ED980000B583B00B4B1B6801934FF00003438809
:10EDA8004B8001230B8043684B60064B1A68019B1C
:10EDB8005A404FF0000302D103B05DF804FB0BF09A
:10EDC800ABFC00BFB0D9012000B583B00B4B1B686A
:10EDD80001934FF000034B884380012303804B6865
:10EDE8004360064B1A68019B5A404FF0000302D15A
:10EDF80003B05DF804FB0BF08FFC00BFB0D9012015
:10EE080000B583B0714B1B6801934FF000032928AC
:10EE180000F0BC801EDC012875D0062806D13729F1
:10EE280040F0CC8037231360002008E028B91F2960
:10EE380040F0C1801F23136001E04FF0FF30634BA7
:10EE48001A68019B5A404FF0000340F0BD8003B0A0
:10EE58005DF804FBB0F58D7F0CD0B0F5007F06D1CE
:10EE68001E2940F0AE801E2313600020E7E74FF014
:10EE7800FF30E4E70139142900F29780DFE801F058
:10EE88000B0F132B171B95959595951F232F3395CE
:10EE98009527373B3F00012313600020CFE702236B
:10EEA80013600020CBE7032313600020C7E7052386
:10EEB80013600020C3E7062313600020BFE70C237C
:10EEC80013600020BBE70D2313600020B7E70E2373
:10EED80013600020B3E7042313600020AFE70F237B
:10EEE80013600020ABE7102313600020A7E711236D
:10EEF80013600020A3E71223136000209FE7132369
:10EF0800136000209BE702393B2951D8DFE801F064
:10EF180036501E5050505050505050505050505035
:10EF280050502A2E5050505050505050505050264B
:10EF38002250505050503250505050505050505015
:10EF480050505050505050505050503A0423136075
:10EF5800002074E722231360002070E72123136048
:10EF680000206CE714231360002068E71523136062
:10EF7800002064E728231360002060E70223136061
:10EF880000205CE73D231360002058E7202904D0C7
:10EF98003E2906D04FF0FF3051E7202313600020B0
:10EFA8004DE73E231360002049E74FF0FF3046E766
:10EFB8004FF0FF3043E74FF0FF3040E74FF0FF30AE
:10EFC8003DE74FF0FF303AE70BF0A6FBB0D9012040
:10EFD80000B583B0114B1B6801934FF00003002369
:10EFE800072B0DD803EB43020D4951F8322082421A
:10EFF80001D00133F4E703EB430301EBC30000E066
:10F008000020064B1A68019B5A404FF0000302D1BA
:10F0180003B05DF804FB0BF07FFB00BFB0D9012003
:10F0280084ED002000B583B00346174909680191B3
:10F038004FF000011549087808BB1549097839B11E
:10F04800A2F5807102290CD9A2F58872012A08D983
:10F05800022B10D0032B10D0012B00D0002303F07B
:10F068000100094B1A68019B5A404FF0000308D170
:10F0780003B05DF804FB0123F1E70123EFE700206B
:10F08800EFE70BF049FB00BFB0D9012037F30020B0
:10F0980036F3002000B583B00E4B1B6801934FF088
:10F0A8000003002307E003EB4301CA000A494FF0BD
:10F0B800FF3088500133072BF5D9064B1A68019B9E
:10F0C8005A404FF0000303D1002003B05DF804FB61
:10F0D8000BF022FBB0D9012084ED002000B583B0ED
:10F0E800084B1B6801934FF00003064B1A68019BFD
:10F0F8005A404FF0000303D1002003B05DF804FB31
:10F108000BF00AFBB0D9012010B582B0114B1B6877
:10F1180001934FF000034B8843800346022223F8F3
:10F12800042B4C68D1F808E0D1F80CC00A69446097
:10F13800C3F804E0C3F808C0DA600B7D0375054B1B
:10F148001A68019B5A404FF0000301D102B010BD6C
:10F158000BF0E2FAB0D9012010B582B0114B1B6850
:10F1680001934FF0000343884B800B46022223F89B
:10F17800042B4468D0F808E0D0F80CC002694C6051
:10F18800C3F804E0C3F808C0DA60037D0B75054BCB
:10F198001A68019B5A404FF0000301D102B010BD1C
:10F1A8000BF0BAFAB0D9012030B583B00446104B41
:10F1B8001B6801934FF000030E4D4FF0FF324FF0E4
:10F1C800FF33284609F07EF94FF0FF332360002310
:10F1D8006360284609F006FA054B1A68019B5A40F5
:10F1E8004FF0000301D103B030BD0BF095FA00BF1A
:10F1F800B0D9012010CC002030B583B004460D4BA7
:10F208001B6801934FF00003006807F0ADFE054648
:10F2180048B1084B1A68019B5A404FF0000306D1C9
:10F22800284603B030BD2046FFF7BEFFF1E70BF0DC
:10F2380073FA00BFB0D9012030B583B00446194B2A
:10F248001B6801934FF000034FF0FF324FF0FF337C
:10F25800154809F037F90023072B12D803EB4302AE
:10F26800124951F83220B2F1FF3F01D00133F3E7E0
:10F2780003EB430501EBC50503EB430341F83340BA
:10F2880000E00025084809F0ADF9064B1A68019B13
:10F298005A404FF0000302D1284603B030BD0BF0AE
:10F2A8003BFA00BFB0D9012010CC002084ED00202B
:10F2B8002DE9F04186B00C4615461E460C9F264B9C
:10F2C8001B6805934FF00003D0F8008000230393D8
:10F2D8000493012901D1192A1CD002AA29462046E3
:10F2E800FFF78EFD00281CDB012C21D0B4F58D7FA3
:10F2F8002BD000973346029A2146404607F068FE15
:10F30800154B1A68059B5A404FF0000321D106B0EF
:10F31800BDE8F081FAF71AFC5F2303604FF0FF3075
:10F32800EEE7FAF713FC6D2303604FF0FF30E7E7D1
:10F33800A5F11403012BD9D8002EDAD03368039332
:10F34800B3680493082703AED3E70C2DD1D1042763
:10F35800CFE70BF0E1F900BFB0D901202DE9F0416A
:10F3680088B00C4615461E460E9F2B4B1B6807930C
:10F378004FF00003D0F8008000220592069208237F
:10F38800049303AA29462046FFF73AFD002818DB14
:10F39800012C1DD03A4633460092039A2146404636
:10F3A80007F0F0FE804608B9012C1BD01A4B1A68EA
:10F3B800079B5A404FF000032CD1404608B0BDE8E7
:10F3C800F081FAF7C3FB6D2303604FF0FF38EDE7D8
:10F3D800A5F11403012B02D93A463346DCE704AA07
:10F3E80005ABD9E7042D0BD0143D012DDED8059BC4
:10F3F800336000237360069BB36010233B60D5E73E
:10F4080030680028D2D0FFF7CDFAFAF79FFB0368DF
:10F418003360CBE70BF080F9B0D901202DE9F04338
:10F428008BB004460D4616461F46DDF84880DDF8C9
:10F438004C90304B1B6809934FF00003406808B1AB
:10F4480009F0D0F8B8F1000F29D0B9F1000F26D093
:10F4580003AB002203920492059206920792ADF83C
:10F4680020201622029202AA019200933B463246BD
:10F47800294620680EF031F8051E1ADBBDF80C305D
:10F48800012B29D0022B14D1029B162B11D103A9D1
:10F498004046FFF739FE1823C9F8003009E0002379
:10F4A800019300933B463246294620680EF015F832
:10F4B8000546606828B14FF0FF324FF0FF3309F07E
:10F4C80001F80C4B1A68099B5A404FF000030ED103
:10F4D80028460BB0BDE8F083029A082AD2D103A9C6
:10F4E8004046FFF771FC0823C9F80030E1E70BF04C
:10F4F80013F900BFB0D9012000B585B00A4B1B68CD
:10F5080003934FF00003002301930093FFF786FF56
:10F51800054B1A68039B5A404FF0000302D105B00F
:10F528005DF804FB0BF0F8F8B0D901202DE9F0479D
:10F538008CB004460D4690461E46149F2D4B1B6802
:10F548000B934FF00003D0F80090406808B109F021
:10F5580049F847B33988012930D0022940D10DF143
:10F56800140A51463846FFF7F7FD16230193CDF8E4
:10F5780000A033464246294648460DF06EFE054631
:10F58800606828B14FF0FF324FF0FF3308F09AFF60
:10F59800184B1A680B9B5A404FF0000327D1284696
:10F5A8000CB0BDE8F0870023019300933346424630
:10F5B800294648460DF051FE0546E1E70DF10C0AD3
:10F5C80051463846FFF7E4FB08230193CDF800A025
:10F5D80033464246294648460DF03FFE0546CFE7EA
:10F5E800FAF7B4FA6A2303604FF0FF35C8E70BF067
:10F5F80093F800BFB0D901202DE9F04F85B0444BF6
:10F608001B6803934FF0000329B1814692460D46CB
:10F6180000210A460CE0FAF799FA162303604FF026
:10F62800FF3443E0AB6803EBC1035B681A44013164
:10F63800EB688B42F6D8802A03D94FF0000BD846E6
:10F6480041E04FF0FF324FF0FF33324808F03AFF05
:10F65800002427460FE0AB68E60003EBC4025268BB
:10F6680053F834102C4838440EF070FAAB68334421
:10F678005B681F440134EB68A342ECD8002634468B
:10F68800B74210DD002C0EDB2B686A6801920093EC
:10F698005346BA1B204931444846FFF747FF041E2A
:10F6A800EEDD2644ECE71B4808F09CFF184B1A686F
:10F6B800039B5A404FF0000328D1204605B0BDE80F
:10F6C800F08F0BF1010BEB685B451DD9AB684FEA76
:10F6D800CB0703EBCB035B68002BF2D00026AB68AB
:10F6E800DA195268B242ECD9D9592B686868019086
:10F6F80000935346921B31444846FFF717FF041EF8
:10F70800D4DB2644A044EAE74446CFE70BF004F8EC
:10F71800B0D9012060CC002000ED002000B585B0F4
:10F728000A4B1B6803934FF00003002301930093D7
:10F73800FFF7FCFE054B1A68039B5A404FF0000385
:10F7480002D105B05DF804FB0AF0E6FFB0D901204C
:10F7580000B583B0094B1B6801934FF000030068A4
:10F768000DF0B4FC054B1A68019B5A404FF000039A
:10F7780002D103B05DF804FB0AF0CEFFB0D9012036
:10F7880010B58AB00B461749096809914FF0000176
:10F798000468198801290ED0022916D01946204676
:10F7A8000DF0ACFB0F4B1A68099B5A404FF0000351
:10F7B80015D10AB010BD01A91846FFF7E9FA0822C9
:10F7C80001A920460DF09AFBECE703A91846FFF7BC
:10F7D800C3FC162203A920460DF090FBE2E70AF0CD
:10F7E8009BFF00BFB0D9012010B58AB00346084678
:10F7F800164A126809924FF000021C680B88012B08
:10F8080012D0022B19D103A9FFF7A6FC162203A9CF
:10F8180020460DF012FC0D4B1A68099B5A404FF018
:10F82800000311D10AB010BD01A9FFF7B1FA0822EF
:10F8380001A920460DF001FCEDE7FAF787F96A23E4
:10F8480003604FF0FF30E6E70AF066FFB0D9012009
:10F8580010B582B004460C4B1B6801934FF00003AF
:10F868000068FFF7B5FB20B10830B4F906100BF0BB
:10F87800BFFE054B1A68019B5A404FF0000301D1A7
:10F8880002B010BD0AF048FFB0D9012070B588B0A9
:10F898001546264A126807924FF000020668244A65
:10F8A8000592B1F90420ADF8182001228DF81A202C
:10F8B8002A689A422BD000F1080420460BF064FE17
:10F8C80023460022012128680BF09CFD08230093A1
:10F8D80005AB3C220121304607F07AFB064600BB07
:10F8E8002B6814332B6000230493039303AA04A901
:10F8F80020460BF063FE049B83B90C4B1A68079BE8
:10F908005A404FF000030FD1304608B070BDFAF7E7
:10F918001DF90C2303604FF0FF36EEE76FF0770612
:10F92800EBE74FF0FF36E8E70AF0F6FEB0D9012022
:10F9380059F8010010B584B00C46104B1B680393AE
:10F948004FF00003136814331360002302930193EC
:10F95800083001AA02A90BF031FE029B0BB1019BF2
:10F96800E380064B1A68039B5A404FF0000302D10C
:10F97800002004B010BD0AF0CFFE00BFB0D90120AE
:10F9880030B585B0044601921A4B1B6803934FF0BB
:10F99800000303291DD0042923D1019B1A1D0192BC
:10F9A8001D6815B1B5F5804F0ED1C5F3803204211D
:10F9B80020460DF0B6FE0F4B1A68039B5A404FF0D5
:10F9C800000315D105B030BDFAF7C0F8162303605F
:10F9D800EBE7002203210DF0A4FE800300F4804031
:10F9E800E9E7FAF7B3F8162303604FF0FF30E2E7D0
:10F9F8000AF092FEB0D9012010B584B00192204BD4
:10FA08001B6803934FF000030468A1F58173032B6F
:10FA180024D8DFE803F00211281C019A141D019470
:10FA2800116802F108030193526804F10803019375
:10FA38006368FFF72BFF18E0019A131D0193116803
:10FA480002F1080301935268FFF774FF0DE0019B70
:10FA58001A1D01921B684360002006E0019A2046A7
:10FA6800FFF78EFF01E06FF05E00054B1A68039BFD
:10FA78005A404FF0000301D104B010BD0AF04CFE0B
:10FA8800B0D90120F0B583B0054617461C46104B87
:10FA98001B6801934FF0000321F040460AF0B8FAC2
:10FAA800012323703A4631462846FAF73BFB0546C0
:10FAB800002323700AF0D8FA054B1A68019B5A40B4
:10FAC8004FF0000302D1284603B0F0BD0AF024FE2F
:10FAD800B0D9012000B583B0094B1B6801934FF0E2
:10FAE80000030DF0B2F9064B1A68019B5A404FF01B
:10FAF800000302D103B05DF804FB0AF00DFE00BF5D
:10FB0800B0D90120F0B583B007461646264B1B68CE
:10FB180001934FF000030C1E21DB14F0804F24D119
:10FB2800F2F79EFE051E39DB324621463846FFF7BE
:10FB3800D1FF041E1FDB2046FFF77EFB014600B302
:10FB480000231A4A2846F2F7CDFE174B1A68019B84
:10FB58005A404FF0000324D1284603B0F0BD144B9F
:10FB68002146FFF78FFF0546EFE7124B2146FFF7C7
:10FB780089FF0546E9E72846F2F7E2FE4FF0FF3530
:10FB8800E3E7F9F7E3FF0C230360204607F0ECF9FD
:10FB98002846F2F7D5FE4FF0FF35D6E74FF0FF3590
:10FBA800D3E70AF0B9FD00BFB0D90120D0F40200B4
:10FBB80037F3002036F300202DE9F04389B00646DC
:10FBC8000C461746384B1B6807934FF00003F2F7B3
:10FBD80047FE05463068002D61DB002C37D0002F2A
:10FBE80038D03B68082B2DD0162300936A460DF1B8
:10FBF800040841460DF093FA061E42DB3046FFF733
:10FC08001BFB814648B364B15FB1B8F80030012BE3
:10FC180028D0022B2DD118233B6001A92046FFF7DD
:10FC280073FA0023214A49462846F2F75BFE1E4B29
:10FC38001A68079B5A404FF0000333D1284609B091
:10FC4800BDE8F08300936A460DF10408D1E7224627
:10FC5800A046CEE73A46B846CBE7F9F777FF0C233C
:10FC680003600AE008233B6001A92046FFF7ACF8CF
:10FC7800D7E7F9F76BFF86230360304607F074F97E
:10FC880001E04FF00009B9F1000F02D04846FFF734
:10FC98008BFA2846F2F754FE4FF0FF35C7E74FF0CE
:10FCA800FF35C4E70AF038FDB0D90120D0F40200CE
:10FCB80030B583B004460D4B1B6801934FF0000329
:10FCC80007E02568E0690BF02BFD20460BF028FDC6
:10FCD8002C46002CF5D1054B1A68019B5A404FF071
:10FCE800000301D103B030BD0AF016FDB0D90120E0
:10FCF80030B583B005460C460F4B1B6801934FF097
:10FD080000032022002120460DF02DFF6B682360A0
:10FD1800EB68A360AB6863602B69E3602B6A03B18F
:10FD2800A361054B1A68019B5A404FF0000301D1AB
:10FD380003B030BD0AF0F0FCB0D9012030B583B073
:10FD480004460D461F4B1B6801934FF00003002328
:10FD5800036003620B6843608B68C3604B68836011
:10FD6800CB6803614B68012B15D0022B22D11820D8
:10FD78000BF00EFDE06100B31823A3616969FFF77A
:10FD8800C3F900200F4B1A68019B5A404FF000033B
:10FD980016D103B030BD08200BF0FAFCE06130B199
:10FDA8000823A3616969FFF70FF80020EAE76FF0FD
:10FDB8000B00E7E76FF06900E4E76FF00B00E1E79D
:10FDC8000AF0AAFCB0D901202DE9F0418AB0054615
:10FDD8000E4614461F462C4B1B6809934FF0000330
:10FDE80000210091202201A80DF0BDFE24B101A937
:10FDF8002046FFF77DFF01AC6B4622463146284678
:10FE080006F0F8FD804690BB009C00263E600EE0A0
:10FE180028460BF085FC6FF0090820E028460BF017
:10FE28007FFC6FF005081AE03560E4692E469CB146
:10FE380054200BF0ADFC054660B12146FFF77EFF6C
:10FE480010F10C0FE4D010F16A0FE7D0002EEBD1BF
:10FE58003D60EAE76FF00908B8F1000F04D0386890
:10FE6800FFF726FF00233B6000980CF0D0FF064BFD
:10FE78001A68099B5A404FF0000303D140460AB064
:10FE8800BDE8F0810AF048FCB0D9012000B583B084
:10FE98000F4B1B6801934FF0000301F01F02012371
:10FEA8009340490900EB8100D0E8EF2F1A43C0E8DE
:10FEB800E12F0029F8D1064B1A68019B5A404FF0F0
:10FEC800000302D103B05DF804FB0AF025FC00BF73
:10FED800B0D9012010B582B004460E4B1B680193BF
:10FEE8004FF000030C4B186003680C4ADA610C48A9
:10FEF800FAF7BAFB206803210C30FFF7C7FF054B60
:10FF08001A68019B5A404FF0000301D102B010BD9E
:10FF18000AF002FCB0D9012080ED00200DFB0100A1
:10FF2800C8F4020030B583B013461A4A1268019229
:10FF38004FF000028568046913F4801F07D013F49A
:10FF4800402F04D013F0010F01D083F4402323F491
:10FF5800801213F0010F12D023684FF0010C0CFA35
:10FF680001FC43EA0C0323602B689847094B1A6885
:10FF7800019B5A404FF000030AD103B030BD2368FB
:10FF88004FF0010C0CFA01FC23EA0C032360EBE7A9
:10FF98000AF0C2FBB0D9012000B583B003468C46F5
:10FFA8000B4A126801924FF0000200681979DA884A
:10FFB80042EA0C02FFF7B6FF054B1A68019B5A404C
:10FFC8004FF0000302D103B05DF804FB0AF0A4FB74
:10FFD800B0D9012000B583B00F4B1B6801934FF0D7
:10FFE80000037AB1012303FA01F18368DB689847BB
:08FFF800094B1A68019B5A40F5
:020000040002F8
:100000004FF0000309D103B05DF804FB012303FAAC
:1000100001F183681B699847EEE70AF081FB00BF96
:10002000B0D9012010B582B00D4B1B6801934FF081
:10003000000303691C6801238B401C4202D0B2FA02
:1000400082F25209FFF7CAFF054B1A68019B5A401A
:100050004FF0000301D102B010BD0AF061FB00BFF8
:10006000B0D90120F0B583B01F4B1B6801934FF04E
:1000700000030F2830D805460E460F292FD800243C
:100080000BE00122194B03EBC401097953F834004A
:10009000FFF7C8FF074670B90134032C11D825FAC1
:1000A00004F313F0010FECD126FA04F313F0010F5F
:1000B000F2D00022E6E70E4A01210E48F6F77CFE58
:1000C00000E00027084B1A68019B5A404FF00003DC
:1000D00008D1384603B0F0BD6FF01507F2E76FF0B6
:1000E0001507EFE70AF01CFBB0D9012048F5020024
:1000F00014F5020004E4020030B583B0144B1B6811
:1001000001934FF000030024032C10D84FF400316A
:10011000104800EBC400FFF743FF054608B901345F
:10012000F2E70D4A01210D48F6F746FE04E00F21E3
:100130000020FFF797FF0546054B1A68019B5A40C0
:100140004FF0000302D1284603B030BD0AF0E8FAB0
:10015000B0D9012048F502002CF5020004E40200A9
:1001600000B583B0094B1B6801934FF00003007A80
:10017000064B1A68019B5A404FF0000304D100F06F
:10018000010003B05DF804FB0AF0CAFAB0D90120FF
:1001900000B583B0094B1B6801934FF00003007A50
:1001A000C0F34000054B1A68019B5A404FF0000312
:1001B00002D103B05DF804FB0AF0B2FAB0D9012015
:1001C00000B583B00B460E4A126801924FF0000250
:1001D000016871B118460DF08CFD60B10120084B2B
:1001E0001A68019B5A404FF0000306D103B05DF836
:1001F00004FB0120F3E70020F1E70AF091FA00BFC9
:10020000B0D9012070B582B01B4B1B6801934FF031
:1002100000031CE00C34194B9C4214D22046FFF71B
:100220009FFF0028F6D12046FFF7B2FF0028F1D14A
:10023000351D29462046FFF7C3FF0028EAD0636832
:1002400028469847E6E731460D4808F039F800227D
:1002500000230C4808F026FB064608B10A4CDAE7F2
:10026000054B1A68019B5A404FF0000301D102B0C0
:1002700070BD0AF055FA00BFB0D9012080CB002034
:10028000E8CB0020B8CC002050CB00202DE9F04175
:1002900084B000AF05464D4B1B68FB604FF0000378
:1002A0004B4C4FF0000801E0B0460C34494B9C42E7
:1002B00014D22046FFF754FF0028F6D129462046E5
:1002C000FFF77EFF06460028EFD02046FFF760FFCD
:1002D0000028E9D0636828469847E6E7B8F1000FA0
:1002E0000AD13A4B1A68FB685A404FF000036BD1B1
:1002F0001037BD46BDE8F0812846EFF799FF002290
:100300000023411D344807F0BDFF044658B129467B
:1003100004300DF0B5FC2146304808F0A7FA30480B
:1003200008F068FEDDE76C4600233B7202237B7217
:1003300088B06E4616F1100211D00E201AB10428B2
:1003400001DD284B736100233B7202237B729AB15B
:10035000082800DDB56106F11C0300210AE06FF0FA
:100360000040EBE701F110053D4415F8085C03F887
:10037000015B01310129F5D90D2822DD0E2342B19F
:100380000321397100217971B9710121F9717868FE
:10039000306100216FF300016FF341016FF38201BF
:1003A0006FF3C501022060F38811C3F30A0363F3FE
:1003B00053216FF31F5100230B48F6F755FDA54657
:1003C0008FE76FF01B03DAE70AF0AAF9B0D9012032
:1003D00050CB002080CB0020E8CB0020B8CC002000
:1003E000A8C900207CF50200E4E3020000B583B058
:1003F0000E4B1B6801934FF000030D4806F000F907
:1004000050B90A4B1A68019B5A404FF000030AD1B9
:10041000002003B05DF804FB0346064A01210648AC
:10042000F6F7E4FCEDE70AF07BF900BFB0D9012054
:100430008D020200A8F50200E4E3020000B583B0DB
:100440000C4B1B6801934FF0000301E00133036084
:1004500003681A780D2AF9D00A2AF7D0054B1A68D2
:10046000019B5A404FF0000302D103B05DF804FB3A
:100470000AF056F9B0D9012000B583B00B4B1B68C8
:1004800001934FF00003037A053B032B0AD80120A8
:10049000064B1A68019B5A404FF0000304D103B089
:1004A0005DF804FB0020F3E70AF03AF9B0D9012027
:1004B00000B583B00B4B1B6801934FF000038068BD
:1004C000013888422CBF00200120064B1A68019B8E
:1004D0005A404FF0000302D103B05DF804FB0AF06C
:1004E0001FF900BFB0D9012000B583B00E4B1B68C7
:1004F00001934FF0000303780D2B0CD00A2B0AD088
:100500000020094B1A68019B5A404FF0000308D1A4
:1005100003B05DF804FB43780BB10020F1E7012044
:10052000EFE70AF0FDF800BFB0D9012000B583B0B5
:100530000E4B1B6801934FF0000303780D2B0CD07A
:100540000A2B0AD00020094B1A68019B5A404FF031
:10055000000308D103B05DF804FB43780BB9002019
:10056000F1E70120EFE70AF0DBF800BFB0D9012086
:1005700010B582B004460D4B1B6801934FF0000389
:10058000FFF7B2FF28B92046FFF7D0FF10B10120D6
:1005900000E00120054B1A68019B5A404FF0000310
:1005A00001D102B010BD0AF0BBF800BFB0D90120E4
:1005B00000B583B00F4B1B6801934FF00003037825
:1005C0000D2B0AD000200B4B1A68019B5A404FF0AC
:1005D00000030DD103B05DF804FB43780A2B01D072
:1005E0000020F0E783780BB10020ECE70120EAE778
:1005F0000AF096F8B0D9012000B583B00F4B1B6804
:1006000001934FF0000303780D2B0AD000200B4B11
:100610001A68019B5A404FF000030DD103B05DF8FA
:1006200004FB43780A2B01D00020F0E783780BB954
:100630000020ECE70120EAE70AF072F8B0D90120C7
:1006400010B582B004460D4B1B6801934FF00003B8
:10065000FFF7AEFF28B92046FFF7CEFF10B101200B
:1006600000E00120054B1A68019B5A404FF000033F
:1006700001D102B010BD0AF053F800BFB0D901207B
:1006800000B583B00B4B1B6801934FF00003016072
:1006900000234360082202724372064B1A68019BD2
:1006A0005A404FF0000302D103B05DF804FB0AF09A
:1006B00037F800BFB0D9012000B583B0134B1B68D9
:1006C00001934FF0000390B102689AB14268A2B161
:1006D00002690F4B9A4213D100200C4B1A68019B00
:1006E0005A404FF000030ED103B05DF804FB6FF0E9
:1006F0001500F2E74FF0FF30EFE74FF0FF30ECE787
:100700004FF0FF30E9E70AF00BF800BFB0D9012045
:10071000EEFFC00030B585B00190134B1B6803930A
:100720004FF0000301A8FFF789FE0024032C0DD829
:100730000E4B53F824502846EFF77AFD024629461F
:1007400001980DF0A5FA58B10134EFE70020064BEF
:100750001A68039B5A404FF0000303D105B030BD27
:100760000120F4E709F0DCFFB0D901200CF602000B
:10077000F0B587B004460D46584B1B6805934FF003
:10078000000300230493037B002B4CD1836833B90F
:1007900046683046FFF730FF08B10236666066688B
:1007A0003378002B00F085803046FFF79DFE00284F
:1007B00040F082803046FFF7FBFE00287FD13046B4
:1007C000FFF7A8FF00287DD166683046FFF7AEFE30
:1007D00000287AD13046FFF70FFF002878D1A368B0
:1007E000002B37D16F4604AA3146384600F042FA52
:1007F00097E8070085E807002B7A002B35D02846BC
:10080000FFF73AFEB8B1049E3378002B3DD0304656
:10081000FFF7AEFE002843D13046FFF711FF002856
:1008200040D1002332E041682846FFF729FF636882
:10083000049300232373A3680133A360049B6360C4
:100840000020264B1A68059B5A404FF0000342D106
:1008500007B0F0BD6F4604AA3146384600F03CFBB5
:1008600097E8070085E80700C6E76E4604AA6168B6
:10087000304600F01BFC96E8070085E807002B7A5D
:10088000002BBCD16FF04C00DBE701236A7A012A10
:100890000AD0002ACFD1002BCDD16FF04C00D0E789
:1008A0000123F3E70123F1E7002BF2D001232373A7
:1008B000C1E76FF00400C4E76FF00400C1E76FF018
:1008C0000400BEE76FF00400BBE76FF00A00B8E772
:1008D0006FF00A00B5E709F023FF00BFB0D901208F
:1008E000F0B583B005460E461746124B1B680193C0
:1008F0004FF00003FFF7DCFD18B92B686B60002395
:10090000AB6039462846FFF733FF04463146284698
:10091000FFF7CEFD08B1002CF3D0064B1A68019BFF
:100920005A404FF0000302D1204603B0F0BD09F059
:10093000F7FE00BFB0D901202DE9F04184B0044694
:100940001E46524B1B6803934FF00003002000909B
:1009500001900290002A7CD00F4690462046FFF777
:10096000ABFE054658B1494B1A68039B5A404FF0FD
:10097000000340F08980284604B0BDE8F0816A4653
:1009800039462046FFF7ACFF05460028EBD19DF81D
:100990000830052B60D1F9F7DDF800230360052E40
:1009A00013D1009803782D2B59D00A2200210BF087
:1009B00091FB06460C46F9F7CDF80368222B51D07F
:1009C000C8F80060C8F80440CDE70A22002100986A
:1009D0000BF05EFA04460F46042EC4D8DFE806F09A
:1009E000030F17252F0010F5004341F10001B3F567
:1009F000803F71F1000138D2A8F80040B3E7B0F5AC
:100A0000803F77F1000133D2A8F80040ABE710F146
:100A1000004341F100014FF0FF329A424FF00003D2
:100A20008B4128D3C8F800409DE74FF0FF33834245
:100A30004FF000038B4121D3C8F8000093E7F9F78A
:100A400089F80368222B1CD0C8F80040C8F804704D
:100A500089E76FF0150586E76FF05E0583E76FF0B5
:100A6000210580E76FF021057DE76FF021057AE72A
:100A70006FF0210577E76FF0210574E76FF021052E
:100A800071E76FF021056EE709F04AFEB0D9012049
:100A90002DE9F04385B01D469DF830802E4B1B6834
:100AA00003934FF000030023009301930293002A65
:100AB00040D004460E469146002D3ED0FFF7FCFD87
:100AC000074650B1244B1A68039B5A404FF000036D
:100AD0003FD1384605B0BDE8F0836A46314620462E
:100AE000FFF7FEFE07460028ECD19DF80830013BD9
:100AF000DBB2082B24D840F26F1222FA03F313F072
:100B0000010F20D0B8F1000F05D0009BC9F80030CC
:100B1000019B2B60D6E72968019A531C994215D393
:100B2000009948460DF016F8019B002209F80320B1
:100B30002B60C7E76FF01507C4E76FF01507C1E733
:100B40006FF05E07BEE76FF05E07BBE76FF00B0765
:100B5000B8E709F0E5FD00BFB0D9012000B583B0CA
:100B6000114B1B6801934FF00003A8B10346B1B1CC
:100B70000020186058609860D8601861196059604A
:100B80000A4A1A61084B1A68019B5A404FF0000349
:100B900008D103B05DF804FB6FF01500F2E76FF0C9
:100BA0001500EFE709F0BCFDB0D90120EEFFC00051
:100BB00070B584B0164B1B6803934FF000030023FD
:100BC000009301930293F1B104460E46FFF774FDC2
:100BD000054670B969462046FFF7CAFD0028F9D0DE
:100BE000A268326010F1050F03D010F10B0F00D096
:100BF0000546074B1A68039B5A404FF0000305D186
:100C0000284604B070BD6FF01505F2E709F088FDC5
:100C1000B0D9012000B583B0094B1B6801934FF098
:100C200000030223FFF788FE054B1A68019B5A4018
:100C30004FF0000302D103B05DF804FB09F070FD32
:100C4000B0D9012010B584B0094C246803944FF04A
:100C5000000400240094FFF71BFF054B1A68039B58
:100C60005A404FF0000301D104B010BD09F058FD07
:100C7000B0D9012010B582B0964B1B6801934FF09C
:100C800000030B78412B16D8232B16D3233B1E2BA6
:100C900013D8DFE803F020122012121212122012D1
:100CA0001212121212121212121212121212121224
:100CB000121212123100612B1ED000230360436018
:100CC0008360844B1A68019B5A404FF0000340F048
:100CD000FF8002B010BD01F1010C4B785A2B06D8F1
:100CE000412B30D2303BDBB2092BE6D82BE0613B05
:100CF000DBB2192BE1D826E04B78542B01D0742BB2
:100D0000DBD18C1C8B78233BDBB2082B06D840F25E
:100D1000051C2CFA03F313F0010F2DD102B114605E
:100D2000641A00230360436083600160446003230E
:100D30000372C6E7303BDBB2092BBED803E0613B50
:100D4000DBB2192BB9D864461CF8013F3A2B05D009
:100D5000F0D95A2BF3D8412BAFD3F4E7023402B1C8
:100D60001460641A013C00230360436083600160E7
:100D7000446004230372A4E701F1030CCB785A2BDF
:100D80006AD8412B03D2303BDBB2092BC6D864466C
:100D9000A44614F8013F5A2B64D8302BBED3303B05
:100DA0002A2BBBD80FF2040E5EF823F0910D02003F
:100DB000910D0200910D0200910D0200910D0200B3
:100DC000910D0200910D0200910D0200910D0200A3
:100DD000910D02001D0D02001D0D02001D0D0200EF
:100DE000710E02001D0D0200950E02001D0D020085
:100DF000910D0200910D0200910D0200910D020073
:100E0000910D0200910D0200910D0200910D020062
:100E1000910D0200910D0200910D0200910D020052
:100E2000910D0200910D0200910D0200910D020042
:100E3000910D0200910D0200910D0200910D020032
:100E4000910D0200910D0200910D0200910D020022
:100E5000910D0200910D0200613BDBB2192B3FF6B0
:100E60005DAF94E7613BDBB2192B3FF657AF8FE7DD
:100E70000CF1020364783F2C1BD002B113605B1AA3
:100E8000013B0022026042608260016043600323F4
:100E9000037216E70CF1020302B113605B1A013B07
:100EA000002202604260826001604360022303729C
:100EB00007E70CF1030302B113605B1A023B002247
:100EC0000260426082600160436001230372F8E6C1
:100ED00009F026FCB0D9012030B583B0724B1B68F5
:100EE00001934FF000030B78203B192B3AD8DFE831
:100EF00003F00D39233939393939313939476747E1
:100F00003939737D7D7D7D7D7D7D7D7D4B1C91F8A7
:100F100001C0ACF1220CBCF1170F23D8DFE80CF0B4
:100F2000392222222222412222474F4722225B7667
:100F300076767676767676764B1C497891B122294C
:100F400066D0194611F8014F64B1222CFAD11C4623
:100F50000B465EE001F1010C4B781BB1283BDBB284
:100F6000012B6ED800230360436083604E4B1A68E8
:100F7000019B5A404FF0000340F0948003B030BD15
:100F80004B1C91F801C0ACF1310CBCF1080F2ED90B
:100F9000E8E78B1C89780029E4D02229D1D11C46AE
:100FA00037E08D1C8C78292CDCD019464DE08C1C48
:100FB000897831390829D5D81946234617E01946CA
:100FC0004B1C02B1136001600023436008230372CD
:100FD00001234372CAE719464B1C91F801C0BCF1CA
:100FE0002C0F4AD09C464AE09C4648E00B4613F83A
:100FF00001CFBCF12C0F40D0F6D3ACF1300C5FFA2E
:101000008CFCBCF1090FF2D99C4638E01946EEE79A
:101010001C465D1C59782C290ED015F8011C02B114
:1010200015601B1B2C2914BF0022012204604360A1
:1010300006230372427299E79D1CEEE7002C91D0C3
:10104000AC460CF101059CF80140282C8AD0292CD3
:10105000F4D16B1C6C782C2C22D01D4615F8014C59
:1010600002B115605B1A2C2C14BF00220122016012
:10107000436007230372427278E79C46013313F8FA
:1010800001EC02B11360ACEB0103BEF12C0F14BFF5
:10109000002201220160436005230372427265E76A
:1010A0000235DBE709F03CFBB0D9012030B583B055
:1010B0002F4B1B6801934FF000030B78392B0FD88F
:1010C000302B1AD2202B0FD14C1C4B785A2B2FD8F7
:1010D000412B33D2303BDBB2092B05D821460CE043
:1010E0005A2B06D8412B08D200230360436083604B
:1010F00015E0613BDBB2192BF6D80C4614F8013F22
:10110000392B26D8202B1BD202B11460641A00237D
:101110000360436083600160446009230372144BE1
:101120001A68019B5A404FF000031FD103B030BD35
:10113000613BDBB2192BD7D82146DEE72146DCE73D
:10114000203BDBB20B4D25FA03F313F0010FD5D191
:10115000DAE75F2BD2D004D9613BDBB2192BD3D8AD
:10116000CCE7413BDBB2192BCED8C7E709F0D8FA60
:10117000B0D901200160FF0300B583B0094B1B68A3
:1011800001934FF0000300F091F9064B1A68019BA0
:101190005A404FF0000303D1002003B05DF804FB78
:1011A00009F0BEFAB0D9012000B583B00C4B1B6822
:1011B00001934FF0000358B100F0D2F8084B1A68C1
:1011C000019B5A404FF0000308D103B05DF804FBC7
:1011D000044A03210448F5F7EFFDEFE709F0A0FA10
:1011E000B0D901201CF602004CE4020000B583B027
:1011F000094B1B6801934FF0000300F0B3FB064B53
:101200001A68019B5A404FF0000302D103B05DF809
:1012100004FB09F085FA00BFB0D9012000B583B006
:10122000094B1B6801934FF0000300F0A7FC064B2D
:101230001A68019B5A404FF0000302D103B05DF8D9
:1012400004FB09F06DFA00BFB0D9012030B583B0BE
:1012500005460D4B1B6801934FF000030B4C04E057
:1012600023686168E8B298470834094B9C42F7D379
:10127000054B1A68019B5A404FF0000301D103B09F
:1012800030BD09F04DFA00BFB0D901206C06030053
:101290006C06030000B583B0154B1B6801934FF03B
:1012A0000003A8B9134B1978134B1878FFF7B6FF52
:1012B0000346A0B90121114805F0AEF90C4B1A689C
:1012C000019B5A404FF000030FD103B05DF804FBBF
:1012D00003460B4A01210B48F5F788FDEEE70A4A61
:1012E00001210848F5F782FDE8E709F019FA00BF87
:1012F000B0D901204ECB00204FCB002008F70200D0
:1013000098F602004CE40200D0F6020000B583B06B
:101310008446114B1B6801934FF000030F4B186874
:1013200000220DE0CCF800200B4B1A68019B5A40BC
:101330004FF000030ED103B05DF804FB02461846DF
:101340000028F1D043688B42ECD003460028F5D04A
:101350000368F3E709F0E4F9B0D9012044EE002076
:1013600010B582B004461F4B1B6801934FF0000379
:101370004FF0FF324FF0FF331B4807F0A7F821462C
:101380006846FFF7C3FF60B1174807F02FF9002048
:10139000144B1A68019B5A404FF000031FD102B052
:1013A00010BD08200AF0F8F9009070B10022026028
:1013B000426044600D4A52686AB110600B4A506046
:1013C000094807F013F90020E2E7074807F00EF993
:1013D0006FF06800DCE7054A50601060F0E709F044
:1013E0009FF900BFB0D9012038CC002044EE002086
:1013F00000B583B00A4B1B6801934FF00003094B03
:101400001868074B1A68019B5A404FF0000305D13A
:10141000B0FA80F0400903B05DF804FB09F080F9F0
:10142000B0D9012044EE002030B583B005461C4BF6
:101430001B6801934FF00003FFF7DAFF40B1184B30
:101440001A68019B5A404FF0000326D103B030BD0B
:101450004FF0FF324FF0FF33124807F037F8124BCE
:101460001B6823B11C683CB133B91C4604E01C4620
:1014700002E02246234614465BB15B682846984743
:10148000002CF6D02268002AF4D0002CF2D122469B
:10149000F0E7044807F0AAF8D1E709F041F900BFE6
:1014A000B0D9012038CC002044EE002000B587B030
:1014B0000F4B1B6805934FF0000303AB0022039210
:1014C00004920C4A039200930E234FF480620A495F
:1014D0000A4807F0ABFD064B1A68059B5A404FF0CF
:1014E000000302D107B05DF804FB09F019F900BF51
:1014F000B0D901201CF702007007012020E3002072
:1015000000B583B00B4B1B6801934FF00003B0F1A3
:10151000FF3F0AD00120074B1A68019B5A404FF049
:10152000000304D103B05DF804FB0020F3E709F0E9
:10153000F7F800BFB0D901202DE9F04790B000AF17
:1015400080460D4614461E46D7F860A0774B1B68B0
:10155000FB634FF000030A23BB604FF00009C7F89C
:101560000C9004230B703022494620460CF0FFFA01
:101570004FF0FF32A260E26086F80090CAF80420C3
:10158000CAF80020414607F11C00FFF7E7FA3A1DB0
:10159000012107F11C00FFF73DFB002879D17B6892
:1015A0002B7007F10C0107F11C00FFF701FB8046CF
:1015B000002840F081802B785A2B03D0FB68032B46
:1015C00000F281803A1D042107F11C00FFF722FB85
:1015D00008B97B68337007F11002052107F11C0080
:1015E000FFF718FB054607F11402062107F11C005E
:1015F000FFF710FB054353D1D7F81080B8F1000F67
:1016000040F08F80D7F81490D4F808E0D4F80CC0DC
:1016100034786D468AB06B4613F110027BD01820E7
:101620009AB10146042801DD414E5E61082901DDC1
:10163000C3F818900C2901DDC3F81CE0102901DD66
:10164000C3F820C0142900DD5C62172866DD182469
:101650003AB10621397600217976B976F976B869FA
:10166000186100216FF300016FF341016FF38201F4
:101670006FF3C501022363F38811C4F30A0363F314
:1016800053216FF31F5100232A48F5F7EDFBAD46B8
:1016900006E080460346284A01212648F5F7A6FBC6
:1016A000224B1A68FB6B5A404FF000033BD1404677
:1016B0004037BD46BDE8F0870346204A01211D485A
:1016C000F5F794FBECE707F1080307F1300202217C
:1016D00007F11C00FFF7B6FAA8B10A23BB6007F1B7
:1016E000080307F13002032107F11C00FFF7AAFAF3
:1016F00000287FF467AF1022002107F130000AF0C4
:1017000043FCA0605EE71022002107F130000AF0E0
:101710003BFCE060E1E76FF0004081E76FF01B0405
:1017200096E7A846BCE708F0FBFF00BFB0D9012050
:10173000A4F702004CE4020024F7020054F7020070
:10174000F0B5A3B002AF04467D4B1B68FB674FF0BA
:1017500000033822002107F140000CF008FA07F1DD
:1017600008030093FB1C07F11002B91C2046FFF789
:10177000E3FE78B9BB78012B74D0052B72D0BB780F
:10178000052B7AD95A2B78D06E4A01216E48F5F78D
:101790002DFB5AE003466D46012287F8782003228C
:1017A00087F879208AB00DF1080C1CF110021AD0CC
:1017B00012204AB10146042802DD644ECCF81460C0
:1017C000082901DDCCF81830012387F8783003238D
:1017D00087F87930A2B10C2801DDCCF81C400CF15F
:1017E000200300210AE06FF00040E2E701F18004ED
:1017F0003C4414F8084C03F8014B01310129F5D998
:1018000011282CDD12234AB104213971002179718C
:10181000B9710121F9717868CCF8100000216FF3DB
:1018200000016FF341016FF382016FF3C5010120E5
:1018300060F38811C3F30A0363F353216FF31F515D
:1018400000234148F5F710FBAD463D4B1A68FB6F8E
:101850005A404FF0000370D18437BD46F0BD6FF0A1
:101860001B03D0E7B869FFF74BFE10B90423BB7028
:1018700085E7374807F088F881E7FFF7B9FD0028CA
:10188000E3D1BB78334A127893423ED1324B9B6806
:10189000BA699A4204D1304BDB68FA699A4221D086
:1018A000042387F840302C4C07F1100CBCE80F00E3
:1018B0000FC4BCE80F000FC49CE80F0084E80F00C1
:1018C00007F1480407F1100CBCE80F000FC4BCE896
:1018D0000F000FC49CE80F0084E80F0007F14000E0
:1018E000FFF7A2FDFB781D4A12789342ADD0092B79
:1018F00005D840F28122DA4012F0010F11D1184AC6
:1019000001211148F5F772FA9FE7124A137000227D
:1019100087F8402087F8483007F14000FFF784FD42
:10192000B4E70E4A1370052287F8402087F8483044
:1019300007F14000FFF778FD87E708F0F1FE00BFF0
:10194000B0D9012024F802004CE40200F8F70200AC
:1019500088CC002038F30020F8E3002039F3002081
:101960004CF8020010B584B0194B1B6803934FF07C
:1019700000030023029330B3044602AB0DF10602CC
:101980001449154804F0ACFE00280EDD0298FFF75C
:10199000B7FD98B9042323700D4B1A68039B5A4076
:1019A0004FF0000312D104B010BD03460B4A0121D1
:1019B0000B48F5F71BFA6FF00D00EDE7BDF80630A8
:1019C00023700020E8E76FF01500E5E708F0A8FEB7
:1019D000B0D9012064F8020084F8020024F7020064
:1019E0004CE4020030B589B00D461446184B1B6814
:1019F00007934FF00003014602A8FFF7AFF801AAD2
:101A0000214602A8FFF706F9044660B9019B8BB98D
:101A10002B700F4B1A68079B5A404FF0000315D1EB
:101A2000204609B030BD03460A4A01210A48F5F7AD
:101A3000DDF9EEE7012B01D12B70EAE7074A01211E
:101A40000548F5F7D3F96FF01504E2E708F068FEF2
:101A5000B0D9012098F802004CE40200C4F802005A
:101A600010B590B00446144B1B680F934FF0000361
:101A70003822002168460CF07AF8012202A920469B
:101A8000FFF7B0FF70B903238DF800306846FFF709
:101A9000CBFC094B1A680F9B5A404FF0000308D14A
:101AA00010B010BD0346054A01210548F5F79EF91F
:101AB000EFE708F035FE00BFB0D90120E0F80200E2
:101AC0004CE4020070B582B00E46124B1B680193C5
:101AD0004FF0000300F108050024092C0BD829461B
:101AE0000D4B53F82400EEF799FB034608B101347F
:101AF000F3E7347001E06FF03C03064A1168019A85
:101B000051404FF0000202D1184602B070BD08F0FB
:101B100007FE00BFB0D9012000FA020010B590B056
:101B20000446134B1B680F934FF00003382200212B
:101B300068460CF01CF802A92046FFF7C3FF70B9F5
:101B40000B238DF800306846FFF76EFC084B1A68CF
:101B50000F9B5A404FF0000308D110B010BD034650
:101B6000044A01210448F5F741F9EFE708F0D8FDF0
:101B7000B0D9012010F902004CE4020030B583B066
:101B800004461F4B1B6801934FF00003431E062BB6
:101B900018D80D4604291ED81A4B5A5C1A4B53F814
:101BA00020101A4804F038FDF0B9194B1C70194B7D
:101BB0001D70134B1A68019B5A404FF000031CD153
:101BC00003B030BD0346144A01211448F5F70EF95D
:101BD0006FF01500EDE70B46114A01210F48F5F7AC
:101BE00005F96FF01500E4E703460E4A01210B48A2
:101BF000F5F7FCF86FF00D00DBE708F091FD00BF92
:101C0000B0D90120B4FA0200F4FA020074FA02001A
:101C10004FCB00204ECB002028FA02004CE40200FB
:101C20004CFA02008CFA020000B583B0094B1B6825
:101C300001934FF0000300F001F9064B1A68019B75
:101C40005A404FF0000303D1002003B05DF804FBBD
:101C500008F066FDB0D9012000B583B0094B1B68C0
:101C600001934FF0000300F017F9064B1A68019B2F
:101C70005A404FF0000302D103B05DF804FB08F0B6
:101C80004FFD00BFB0D9012000B583B00C4B1B68DD
:101C900001934FF00003FF2801D00A4B18700A4B44
:101CA0001B680BB107489847054B1A68019B5A40BF
:101CB0004FF0000302D103B05DF804FB08F030FDE3
:101CC000B0D901204CEE002058EE002000B583B0C2
:101CD000114B1B6801934FF00003037823B9037A7B
:101CE000012B0BD0052B09D00B4B1A68019B5A40D6
:101CF0004FF000030ED103B05DF804FBFFF7ACFF1B
:101D00000028F1D14FF4004200230449044807F0B1
:101D1000E1F9E9E708F004FDB0D9012030C6002060
:101D200030E4002000B583B01A4B1B6801934FF0DC
:101D30000003194B0121D3E8EF2FC3E8EC1FBCF1DE
:101D4000000FF8D10ABB4FF47A7303FB00F0410C8B
:101D5000C00340F2E733C0184FF47A724FF000032B
:101D600041F10001EEF740FA02460B460B490C48E0
:101D700007F0B0F90020074B1A68019B5A404FF05A
:101D8000000305D103B05DF804FB6FF00A00F2E731
:101D900008F0C6FCB0D9012054EE002030C6002067
:101DA00030E4002000B583B00E4B1B6801934FF068
:101DB00000030D4B0022D3E8EF1FC3E8E02F0028FB
:101DC000F9D14FF46150FFF7ADFF064B1A68019B44
:101DD0005A404FF0000302D103B05DF804FB08F055
:101DE0009FFC00BFB0D9012050EE002000B583B0A9
:101DF000104B1B6801934FF000030F4BD3E8EF2FFC
:101E0000511CC3E8E01F0028F8D1002A0CDA3C205E
:101E1000FFF788FF074B1A68019B5A404FF00003F9
:101E200005D103B05DF804FBFFF7BCFFF2E708F053
:101E300077FC00BFB0D9012050EE002000B587B07C
:101E4000104B1B6805934FF0000303AB0022039275
:101E500004920D4A039200930E234FF4A0620B49A3
:101E60000B4807F0E3F80B48FFF79EF9054B1A689B
:101E7000059B5A404FF0000302D107B05DF804FB08
:101E800008F04EFCB0D9012020FB0200700B0120AD
:101E900030E40020CD1C020000B583B00B4B1B6862
:101EA00001934FF000030A4A13685268134314BFAA
:101EB00001200020054B1A68019B5A404FF0000397
:101EC00002D103B05DF804FB08F02AFCB0D9012070
:101ED00028E4002000B583B0204B1B6801934FF02D
:101EE00000031F4A1368526813432ED008F062FEA5
:101EF0008E464A0142EAD06243011B1A62EB01029C
:101F0000920042EA93729B001B1842EB0102D2003E
:101F100042EA5372C3F3103343EA4243D20B1048F0
:101F2000016840685B1A62EB00020E498B4272F155
:101F300000020DDA0020094B1A68019B5A404FF04D
:101F4000000308D103B05DF804FB6FF03C00F2E73A
:101F50006FF03C00EFE708F0E3FB00BFB0D90120D1
:101F600028E4002080EE36002DE9F0438FB00746CC
:101F70000E46904699463A4B1B680D934FF000036E
:101F8000002500950195029503952422294604A871
:101F90000BF0EDFD08F00EFE4B0143EAD063440167
:101FA000241A63EB01039B0043EA9473A4002418F2
:101FB00043EB0101C90041EA5471C4F3103444EA0F
:101FC0004144C90B274B1C605960274BC3F8009054
:101FD000FFF7E8FE254BD3E8EF2FC3E8E15F0029C8
:101FE000F9D14FF47A72002338463146EEF7ACF857
:101FF000CDE900014FF47A72002338463146EEF7FE
:10200000A3F81B4B03FB02F2029269460120EEF794
:1020100067FA034698B904A96846F7F7B1FEB8F124
:10202000000F15D14046FFF72FFE0D4B1A680D9B90
:102030005A404FF0000310D10FB0BDE8F0830D4AB5
:1020400001210D48F4F7D2FE0320FFF71DFEECE757
:10205000494604A800F018FCE4E708F061FB00BF63
:10206000B0D9012028E40020B8C9002050EE00209B
:1020700040420F0034FB0200FCE3020000B583B0D5
:102080000A4B1B6801934FF00003094B1B68FFF7D5
:102090006BFF064B1A68019B5A404FF0000302D1B8
:1020A00003B05DF804FB08F03BFB00BFB0D9012092
:1020B000B8C9002000B589B0234B1B6807934FF0C7
:1020C0000003FFF707FF00B3204B0022D3E8EF1F08
:1020D000C3E8E02F0028F9D16323019300220023F5
:1020E000CDE9022301A902A800F068FBE0B10022BB
:1020F0000023CDE9042304A800F0B8F8D8B1FFF715
:1021000075FE0320FFF7C0FD04E0FFF74BFEFF2044
:10211000FFF7BAFD0C4B1A68079B5A404FF00003BB
:102120000FD109B05DF804FB019B0022DDE902013B
:10213000FFF71AFFEEE70122DDE90401FFF79EFF3A
:10214000E8E708F0EDFA00BFB0D9012054EE002016
:1021500000B583B0144B1B6801934FF000030DF1E1
:102160000300FFF743F880B99DF80330012B14D02A
:10217000052B14D000200C4B1A68019B5A404FF0DD
:1021800000030ED103B05DF804FB0346074A0221A9
:102190000748F4F72BFE0020EDE70120EBE70120D4
:1021A000E9E708F0BDFA00BFB0D9012054FB0200F6
:1021B000FCE3020070B5A0B004460E461546254B60
:1021C0001B681F934FF00003542200210AA80BF054
:1021D000CEFC4FF480630B9301AB0AAA1E49204644
:1021E000F7F74EFFF0B9019B9A69D96902A8F5F794
:1021F00029FD0446F0B92A46314602A8F5F76EFDDE
:102200000446F0B90198F7F755FF02A8F5F7FEFD6F
:10221000104B1A681F9B5A404FF0000318D12046FC
:1022200020B070BD044603460C4A02210C48F4F766
:10223000DDFDEDE703460B4A02210948F4F7D6FD20
:10224000E0E70346084A02210548F4F7CFFDD9E745
:1022500008F066FAB0D9012090FB020094FB02005E
:10226000FCE30200ACFB0200C4FB020030B583B00B
:102270000446224B1B6801934FF00003FFF768FFF1
:1022800060B30025012D2ED81D4A41F288311D4B27
:1022900053F82500FFF78EFF18BB194A13685568DD
:1022A00019466A0142EAD3625B015B1A62EB0502DE
:1022B000920042EA93729B005B1842EB0502D20047
:1022C00042EA5372DB00236062600C4B1A68019B88
:1022D0005A404FF000030ED103B030BD6FF03C0008
:1022E000F3E70135CEE7084A02210848F4F764FD18
:1022F0006FF03C00E9E708F013FA00BFB0D9012005
:1023000008E5002020FC0200DCFB0200FCE30200E8
:1023100000B583B00C4B1B6801934FF0000300F035
:102320000F0303EB83035B0003EB1010064B1A68EB
:10233000019B5A404FF0000303D1C0B203B05DF8D7
:1023400004FB08F0EDF900BFB0D901202DE9F04100
:102350008EB000AF0446BD4B1B687B634FF000039B
:10236000BB4B01221A70FFF7B5FD002800F00C816D
:102370002C2120460BF077FC054650B3EDF758FFB3
:1023800010287BD96B78222B00F00D816E4600233C
:1023900087F82C30022387F82D3088B06D4615F170
:1023A000100200F0C0800E201AB1042801DDA94BF4
:1023B0006B61002387F82C30022387F82D30002A28
:1023C00000F0BE80082800DDAC6105F11C0300218F
:1023D000B4E06E46002387F82C30022387F82D30B6
:1023E00088B06D4615F1100213D00E201AB10428E2
:1023F00001DD994B6B61002387F82C30022387F8AD
:102400002D309AB1082800DDAC6105F11C030021D4
:102410000AE06FF00040E9E701F138043C4414F8A9
:102420000C4C03F8014B01310129F5D90D2822DDAF
:102430000E2342B10321397100217971B971012153
:10244000F9717868286100216FF300016FF3410191
:102450006FF382016FF3C501012060F38811C3F3AC
:102460000A0363F353216FF31F5100237B48F4F7F2
:10247000FBFCB54688E06FF01B03DAE76E460023ED
:1024800087F82C30022387F82D3088B06D4615F17F
:10249000100213D00E201AB1042801DD704B6B61BD
:1024A000002387F82C30022387F82D309AB10828B2
:1024B00000DDAC6105F11C0300210AE06FF0004073
:1024C000E9E701F138043C4414F80C4C03F8014BE3
:1024D00001310129F5D90D2822DD0E2342B1032156
:1024E000397100217971B9710121F9717868286118
:1024F00000216FF300016FF341016FF382016FF36D
:10250000C501012060F38811C3F30A0363F353216B
:102510006FF31F5100235148F4F7A6FCB54633E092
:102520006FF01B03DAE76FF000403DE701F138047C
:102530003C4414F80C4C03F8014B01310129F5D946
:102540000D282DDD0E2342B103213971002179714F
:10255000B9710121F9717868286100216FF30001D8
:102560006FF341016FF382016FF3C501012060F346
:102570008811C3F30A0363F353216FF31F51002340
:102580003648F4F771FCB546304B1A687B6B5A40FD
:102590004FF0000340F0C3803837BD46BDE8F081FE
:1025A0006FF01B03CFE7072307F12C020E21A81CB5
:1025B000F1F7A2FF062855D997F82C00FFF7A8FEDF
:1025C0000646B86197F82D00FFF7A2FE0446786131
:1025D00097F82E00FFF79CFE386197F82F00FFF761
:1025E00097FEF86097F83000FFF792FEB86097F812
:1025F0003100FFF78DFE786097F8328008F0F70021
:10260000FFF786FE054618F0080F00D045426436F5
:10261000BE61013C7C61381DF2F7B0F84A0142EA24
:10262000D06243011B1A62EB0102920042EA9372EC
:102630009B001C1841EB0201C9002B460022E00060
:1026400041EA5471FFF790FC9EE700BFB0D901202A
:102650003AF300207CFC020028FC0200FCE30200AC
:1026600058FC02006D46012387F82830032387F8C1
:1026700029308AB06E4616F110021AD04FF0120CB3
:1026800042B16346BCF1040F01DD26497161082B9C
:1026900000DDB061012387F82830032387F8293053
:1026A000A2B1BCF10C0F00DDF46106F120030021A2
:1026B0000AE06FF0004CE3E701F13800384410F80D
:1026C000100C03F8010B01310129F5D9BCF1110FF0
:1026D00022DD122342B10421397100217971B971CF
:1026E0000121F9717868306100216FF300016FF307
:1026F00041016FF382016FF3C501012060F388117E
:10270000C3F30A0363F353216FF31F5100230648F9
:10271000F4F7AAFBAD4637E76FF01B03DAE707F0E3
:10272000FFFF00BFB4FC0200FCE3020000B583B071
:102730000D4B1B6801934FF000030C4803F06CFF36
:1027400048B9094B1A68019B5A404FF0000309D160
:1027500003B05DF804FB0346054A01210548F4F780
:1027600045FBEEE707F0DCFFB0D90120F8FC0200E2
:1027700004FD0200FCE3020000B583B00C4B1B68B3
:1027800001934FF0000301280BD0152809D0084B06
:102790001A68019B5A404FF0000307D103B05DF85F
:1027A00004FB0449044806F009FCF0E707F0B8FF11
:1027B000B0D90120BCC9002030E4002030B593B06E
:1027C0002B4B1B6811934FF0000363230793294B96
:1027D0001B78002B46D004460D4607AB049308AB8C
:1027E000039309AB02930AAB01930BAB00930CABC1
:1027F0000DAA2149214803F073FF831F012B28D81C
:102800000D9B64330D930C9B013B0C9308A8F1F7CF
:10281000B5FF4A0142EAD06243011B1A62EB010292
:10282000920042EA93729B001B1841EB0201C9001F
:1028300041EA5371DB0023606160079B2B6000203D
:102840000B4B1A68119B5A404FF000030DD113B087
:1028500030BD03460A4A02210A48F4F7C7FA6FF06E
:102860003C00EDE76FF03C00EAE707F059FF00BFDE
:10287000B0D901203AF3002040FD02005CFD0200C7
:1028800068FD0200FCE3020010B586B0194B1B681E
:1028900005934FF00003184B1B7843B1154B1A6892
:1028A000059B5A404FF0000322D106B010BD446989
:1028B0000269124B83FB04C34FEAE47CCCEB631C3C
:1028C0000391036802934368019383680093C3688C
:1028D0000132642101FB1C41094803F09DFE0346BF
:1028E0000028DBD0074A01210748F4F77FFAD5E733
:1028F00007F016FFB0D901203AF300201F85EB51F5
:10290000FCFD02002CFE0200FCE3020000B583B0D7
:102910000F4B1B6801934FF0000303784BB90C4B2E
:102920001A68019B5A404FF000030FD103B05DF8C5
:1029300004FB0146074803F06FFE03460028EED073
:10294000054A01210548F4F751FAE8E707F0E8FEE7
:10295000B0D90120B0FC020054FE020054E4020091
:1029600010B582B0134B1B6801934FF0000340B1C8
:10297000104B1A68019B5A404FF0000318D102B067
:1029800010BD0D4C2046FFF7C1FF0C48FFF7BEFFFE
:102990002046FFF7BBFF2046FFF7B8FF2046FFF7B2
:1029A000B5FF2046FFF7B2FF2046FFF7AFFFDFE796
:1029B00007F0B6FEB0D90120E8F502007CFE020067
:1029C00010B582B02F4B1B6801934FF000032E4BC4
:1029D0005C6D2E4A01212E48F4F7EEF914F4805F65
:1029E00018D1162014F4006F1BD114F4007F1FD1EE
:1029F00014F4806F2FD114F4807F33D114F4005F6E
:102A000037D1204B1A68019B5A404FF0000337D151
:102A100002B010BD1F4A01211D48F4F7CDF917205F
:102A2000E0E71D4A01211A48F4F7C6F91820DCE74F
:102A30001A4A01211648F4F7BFF9194B9B6B14F49D
:102A4000004F01D11920D3E7164A01211048F4F7AD
:102A5000CDF91920CCE7144A01210D48F4F7ACF95F
:102A60001A20C8E7114A01210948F4F7A5F91B20EB
:102A7000C7E70F4A01210648F4F79EF91C20C0E77A
:102A800007F04EFEB0D901205CEE0020D0EE02002F
:102A90007CE40200E8EE02003CEE0200FCEE0200E4
:102AA00000ED00E018EF020030EF02004CEF0200F2
:102AB000A0EE020030B583B0334B1B6801934FF09A
:102AC0000003324DEC6D324A01213248F4F774F9BB
:102AD000AB6E14F0400F16D114F0010F19D114F0A1
:102AE000020F25D114F0040F29D114F0080F2DD1B5
:102AF00014F0100F31D114F0200F35D114F0800FE5
:102B000039D125200BE0244A01212248F4F76EF93F
:102B1000E2E7224A01211F48F4F74EF926201A4B1A
:102B20001A68019B5A404FF000032BD103B030BD0F
:102B30001B4A01211748F4F73FF92720EFE7194A0C
:102B400001211448F4F738F92820E8E7164A012152
:102B50001048F4F731F92920E1E7144A01210D4822
:102B6000F4F72AF92A20DAE7114A01210948F4F793
:102B700023F92B20D3E70F4A01210648F4F71CF96B
:102B80002C20CCE707F0CCFDB0D901205CEE002072
:102B9000A4FE02007CE40200C0FE0200D0FE02009F
:102BA000E8FE020008FF020024FF020044FF0200CA
:102BB0005CFF020078FF020010B582B0194B1B6861
:102BC00001934FF00003184BDC6E184A012118489E
:102BD000F4F7F2F814F0020F0FD114F0010F12D134
:102BE00014F0040F15D10F4B1A68019B5A404FF097
:102BF000000314D1132002B010BD0E4A01210C486D
:102C0000F4F7DAF8E9E70C4A01210948F4F7D4F8B7
:102C1000E6E70A4A01210648F4F7CEF8E3E707F0B1
:102C20007FFD00BFB0D901205CEE00208CFF0200C8
:102C30007CE40200A8FF0200D8FF020008000300A5
:102C400090B585B000AF374B1B68FB604FF00003B9
:102C50000F2923DC344C103900233B7202237B7292
:102C60008AB0EC461CF110021AD0122022B10428BE
:102C700002DD2E4BCCF8143000233B7202237B7212
:102C8000E2B10346082801DDCCF818400C2B01DD29
:102C9000CCF81C100CF1200300210DE0244CDAE7E5
:102CA0006FF00040E2E701F1100404EB070E1EF89C
:102CB00008EC03F801EB01310129F4D911282BDDCF
:102CC00012234AB10421397100217971B9710121AE
:102CD000F9717868CCF8100000216FF300016FF3F0
:102CE00041016FF382016FF3C501012060F3881188
:102CF000C3F30A0363F353216FF31F5100230D48FD
:102D0000F4F7B2F8074B1A68FB685A404FF000031B
:102D100005D11437BD4690BD6FF01B03D1E707F016
:102D2000FFFC00BFB0D90120A8ED0200DCED0200DD
:102D3000C0ED02007CE4020000B583B0114B1B68BB
:102D400001934FF00003072913D0132914D005294C
:102D500003D0FFF775FF002001E0FFF731FE094BBC
:102D60001A68019B5A404FF0000308D103B05DF888
:102D700004FBFFF79FFEF2E7FFF71EFFEFE707F008
:102D8000CFFC00BFB0D9012010B582B00E4B1B683C
:102D900001934FF000030D490D4800F0ADF80446D3
:102DA00048B9094B1A68019B5A404FF0000309D1FA
:102DB000204602B010BD0346064A01210648F4F73A
:102DC00015F8EEE707F0ACFCB0D90120412E020067
:102DD0005CEE00203C0003007CE4020030B583B0D0
:102DE0000C46154B1B6801934FF0000300F00805DB
:102DF000124B196F2046FFF79FFF4DB9E369C3F3EC
:102E000008025AB96FEA53236FEA4323E36105E0EE
:102E1000E36923F4FF7323F00103E3612146F5F72F
:102E200013F9054B1A68019B5A404FF0000301D17A
:102E300003B030BD07F074FCB0D901205CEE002077
:102E400000B58BB0164B1B6809934FF00003154B70
:102E50005A6A01929A6A0292DA6A03921A6B04928F
:102E60005A6B05929A6B0692DA6B07921A6C08926B
:102E7000D86C20F005001B6D13F0020F01D040F05C
:102E8000040001A9FFF7AAFF054B1A68099B5A40E5
:102E90004FF0000302D10BB05DF804FB07F040FCDB
:102EA000B0D901205CEE002000B583B0114B1B6847
:102EB00001934FF00003022814D0032815D058B115
:102EC0004FF0FF300B4B1A68019B5A404FF0000344
:102ED0000ED103B05DF804FB09B90020F2E74FF012
:102EE000FF30EFE76FF01500ECE76FF08500E9E7E2
:102EF00007F016FCB0D9012000B589B0114B1B6852
:102F000007934FF0000305AB019308230293CDF81C
:102F10000CD0042304930590069103AA0DEB030142
:102F2000184600F067F80099FFF7BEFF054B1A68D6
:102F3000079B5A404FF0000302D109B05DF804FB33
:102F400007F0EEFBB0D9012000B583B0084B1B6839
:102F500001934FF00003064B1A68019B5A404FF053
:102F6000000303D1002003B05DF804FB07F0D8FB99
:102F7000B0D901202DE9F043A5B004468846174694
:102F80001E46DDF8B090184B1B6823934FF00003EA
:102F9000164D2D783DB14FF0FF324FF0FF331448FE
:102FA00005F094FAB8B901A8F5F7FCFC4B46324697
:102FB00039464046A047044601A8F5F709FD6DB91A
:102FC000094B1A68239B5A404FF000030AD1204650
:102FD00025B0BDE8F0836FF08304F1E7044805F005
:102FE00005FBEDE707F09CFBB0D9012046F300207C
:102FF00074CC002000B589B0194B1B6807934FF0C3
:10300000000302900023039304930593069302ABFD
:10301000039304230493D9B10B46096805915B68B7
:1030200006930223B2B101210191009203AA40F25A
:10303000F5310C4800F062F800280DDB084B1A68E7
:10304000079B5A404FF0000308D109B05DF804FB1C
:103050000123E7E70021E7E70120EFE707F060FB46
:10306000B0D901200501004000B583B0084B1B68B2
:1030700001934FF00003064B1A68019B5A404FF032
:10308000000303D1002003B05DF804FB07F048FB08
:10309000B0D90120F0B599B005460C46154B1B6818
:1030A00017934FF0000306AF402632460021384602
:1030B0000AF05DFD4FF48073ADF84030029703963F
:1030C000049505944CB900200A4B1A68179B5A4086
:1030D0004FF000030BD119B0F0BD0123019304AAF6
:1030E000009202AA0021044800F008F8ECE707F07B
:1030F00017FB00BFB0D901200001004030B585B0FA
:10310000089D099CDFF864C0DCF800C0CDF80CC055
:103110004FF0000CB1F5004F1DD2042B1ED8042C2B
:103120001FD889B21B0603F0E06C41EA0C0C2404A2
:1031300004F4E024009513464CEA040201460C48CE
:10314000FFF718FF094B1A68039B5A404FF0000322
:103150000AD105B030BD6FF08000F3E76FF080005A
:10316000F0E76FF08000EDE707F0DAFAB0D9012060
:10317000217C000010B58AB01C46114B1B680993D6
:103180004FF0000306AB02930C23039301AB0493AF
:103190000423059306900791089204AA02A900202F
:1031A000FFF728FF019B2360054B1A68099B5A40D3
:1031B0004FF0000301D10AB010BD07F0B1FA00BF13
:1031C000B0D9012000B583B0084B1B6801934FF0C4
:1031D0000003064B1A68019B5A404FF0000302D1CE
:1031E00003B05DF804FB07F09BFA00BFB0D90120E3
:1031F00000B583B0084B1B6801934FF00003804774
:10320000054B1A68019B5A404FF0000302D103B0EE
:103210005DF804FB07F084FAB0D9012000B583B053
:10322000094B1B6801934FF0000304F0C1FA064BF1
:103230001A68019B5A404FF0000302D103B05DF8B9
:1032400004FB07F06DFA00BFB0D9012010B582B0C1
:10325000144B1B6801934FF000030468ECB1B4FAFF
:1032600084F3C3F11F03DBB201229A4024EA020275
:10327000D0E8EFCFA44504D1C0E8EE2FBEF1000F97
:10328000F6D1EAD10B700848064B1A68019B5A40E8
:103290004FF0000303D102B010BD0448F4E707F07B
:1032A0003FFA00BFB0D901200000AD0B0200AD0B0A
:1032B00000B583B0134B1B6801934FF00003036804
:1032C000CB4013F0010F18D1026801238B40134348
:1032D000D0E8EFCF944504D1C0E8EE3FBEF1000F37
:1032E000F6D1F1D10848074B1A68019B5A404FF0BC
:1032F000000304D103B05DF804FB0448F3E707F0D2
:103300000FFA00BFB0D901200000AD0B0400AD0BD7
:1033100000B583B0094B1B6801934FF00003084BC5
:10332000C3F80405054B1A68019B5A404FF000038F
:1033300002D103B05DF804FB07F0F2F9B0D9012027
:103340000070014000B583B00A4B1B6801934FF039
:10335000000340F00040C1F88000064B1A68019B52
:103360005A404FF0000302D103B05DF804FB07F0B0
:10337000D7F900BFB0D9012000B583B00A4B1B6854
:1033800001934FF0000340F00040C1F88000064B6D
:103390001A68019B5A404FF0000302D103B05DF858
:1033A00004FB07F0BDF900BFB0D9012030B583B0F0
:1033B000044615460A4B1B6801934FF00003FFF7C4
:1033C000C1FF29462046FFF7D7FF054B1A68019B2E
:1033D0005A404FF0000301D103B030BD07F0A0F90F
:1033E000B0D9012000B583B001460A4B1B68019398
:1033F0004FF00003084800F03BFA064B1A68019BA7
:103400005A404FF0000302D103B05DF804FB07F00F
:1034100087F900BFB0D90120CCC9002000B583B026
:1034200003461648006801904FF0000061B1012981
:1034300016D00020114B1A68019B5A404FF0000330
:103440001AD103B05DF804FBD3F81804C0F30040B0
:10345000002AEFD0D3F8183403F003031370E9E720
:10346000D3F80C04C0F30040002AE3D0D3F80C34A6
:1034700003F001031370DDE707F052F9B0D9012022
:1034800000B583B0084B1B6801934FF00003064B57
:103490001A68019B5A404FF0000303D1012003B08A
:1034A0005DF804FB07F03CF9B0D9012000B583B00A
:1034B0000C4B1B6801934FF000030520F5F79AFCB5
:1034C00048B1084B1A68019B5A404FF0000306D1DF
:1034D00003B05DF804FB0520F5F75CFCF1E707F0AD
:1034E0001FF900BFB0D9012070B582B0244B1B6812
:1034F00001934FF00003064650B101281CD0204B29
:103500001A68019B5A404FF0000336D102B070BDDB
:103510001C4B0222C3F808230122DA600022C3F800
:103520000421D3F8043101238DF803309E420ED0DC
:10353000002542F2107412E0124B0122C3F8082356
:103540005A600022C3F80021D3F80031EBE70DF1F7
:103550000305EEE70120FFF761FE013CCFD02A46CC
:1035600031460848FFF75AFF0028C8D0002DF1D097
:103570009DF80330012BEDD0C1E707F0D1F800BF73
:10358000B0D901200050004030B583B00446114B43
:103590001B6801934FF000030378022B0ED0012B20
:1035A00000D000231D465BB10A4B1A68019B5A40AC
:1035B0004FF000030BD1284603B030BD0123F1E7E3
:1035C0000020FFF791FFFFF75BFF2070ECE707F0AB
:1035D000A7F800BFB0D9012000B583B00D4B1B6820
:1035E00001934FF000030C4B1B7973B90A4B186021
:1035F00001221A710948074B1A68019B5A404FF083
:10360000000304D103B05DF804FB0548F3E707F0BD
:1036100087F800BFB0D90120D0EE00200000AD0B2C
:103620000C00AD0B00B583B00D4B1B6801934FF040
:1036300000030C4B1B680BB1FFF738FFFFF720FFAF
:10364000094BC3F81805064B1A68019B5A404FF006
:10365000000302D103B05DF804FB07F061F800BF7E
:10366000B0D90120D0EE00200050004000B583B05A
:103670003C4B1B6801934FF0000358B101284FD019
:10368000384B1A68019B5A404FF0000367D103B0D2
:103690005DF804FB344BD3F81824D3F8183403F046
:1036A00003038DF8033012F4803F13D12E4BD3F86F
:1036B000143413F0010F12D1FFF7E2FE8DF803006E
:1036C0009DF80320284BC3F8182508224FF4827375
:1036D000022029E00DF10300FFF756FFF0E7224B2F
:1036E000D3F81C3403F003038DF803300DF103000D
:1036F000FFF74AFF0028E3D01C4B1B6823B11A4B8D
:103700000222C3F80423BBE7174BD3F80431002B84
:10371000FAD0154B0022C3F80421D3F80431AFE7E7
:1037200000224FF48073012003F1804303F5A0438E
:1037300000211960196802F1804202F5A0420121BE
:1037400011600A4A12681AB1074BC3F8040397E7DD
:103750001A68002AFCD000221A601B6890E706F065
:10376000DFFF00BFB0D9012000500040D0EE0020A4
:1037700000B583B0094B1B6801934FF00003FFF7BE
:10378000B3FE064B1A68019B5A404FF0000302D16A
:1037900003B05DF804FB06F0C3FF00BFB0D9012001
:1037A00000B583B0204B1B6801934FF000031F4B03
:1037B000D3F800315BB11D4B0020C3F80001D3F8F2
:1037C00000210122C3F80823194B1B689847174BA7
:1037D000D3F80431ABB1154B0022C3F80421D3F860
:1037E0000421D3F81824D3F8183403F00303012B71
:1037F00011D00E4B0222C3F808230D4B1B68012089
:103800009847094B1A68019B5A404FF0000309D1B1
:1038100003B05DF804FB054B0222C3F81825012212
:103820009A60EEE706F07CFFB0D90120005000401E
:10383000D0EE002000B583B00B4B1B6801934FF016
:1038400000030079094B03EB0010FFF7FFFC064B68
:103850001A68019B5A404FF0000302D103B05DF893
:1038600004FB06F05DFF00BFB0D90120D4C90020E1
:1038700000B583B0094B1B6801934FF00003FFF7BD
:10388000D9FF064B1A68019B5A404FF0000302D142
:1038900003B05DF804FB06F043FF00BFB0D9012080
:1038A00010B582B0124C246801944FF0000401F569
:1038B000A27150F8214024F4473424F4407440F8B5
:1038C000214050F82140120202F4F8521B0403F484
:1038D00040331A43144340F82140054B1A68019BBA
:1038E0005A404FF0000301D102B010BD06F018FF9E
:1038F000B0D9012010B582B09DF810C0154C2468D5
:1039000001944FF0000401F5A27150F8214024F415
:10391000981424F4F85440F8214050F82140120241
:1039200002F4F8521B0403F440331A434FEA0C5CD0
:103930000CF4801C42EA0C02144340F82140054B71
:103940001A68019B5A404FF0000301D102B010BD2C
:1039500006F0E6FEB0D9012000B583B0DFF858C00C
:10396000DCF800C0CDF804C04FF0000CA2F5807E5A
:103970004FEA9E0E4FF0010C0CFA0EFC1CEA010FF0
:103980000DD0815809B900200AE0002181508258E9
:103990001BB11A684CEA02021A60012000E0002004
:1039A000054B1A68019B5A404FF0000302D103B047
:1039B0005DF804FB06F0B4FEB0D90120F0B583B089
:1039C00005460E461746134B1B6801934FF0000344
:1039D0000024009409E0E2B292006B4602F5807286
:1039E00031462846FFF7B8FF0134BC42F3D36B469B
:1039F0004FF4BE7231462846FFF7AEFF0098054BE4
:103A00001A68019B5A404FF0000301D103B0F0BD8A
:103A100006F086FEB0D90120F0B583B01C46089FA1
:103A2000099E324B1B6801934FF0000300F01F0CFE
:103A300040093ED12E4D0CF1800355F8233000296A
:103A400039D00120002A38D04FF0020E40EA0E0093
:103A5000B4B34FF00C0E40EA0E00A7B34FF4E06E83
:103A600040EA0E0096B34FF4403E40EA0E0023EACF
:103A7000000071B30B7872B312785200134364B331
:103A800022789200134357B33A781202134346B395
:103A900032781204134303430CF1800C45F82C30A8
:103AA000124B1A68019B5A404FF000031BD103B020
:103AB000F0BD0025BFE70020C4E74FF0000EC5E7CA
:103AC0004FF0000EC7E74FF0000EC9E74FF0000EB1
:103AD000CBE70023CFE70022D0E70022D2E7002285
:103AE000D4E70022D6E706F01BFE00BFB0D90120C4
:103AF0000025844000B583B0104B1B6801934FF044
:103B0000000300F01F02400913D10D49803251F823
:103B100022000C4B034043F0020341F82230074BD4
:103B20001A68019B5A404FF0000304D103B05DF8BE
:103B300004FB0021EAE706F0F3FD00BFB0D9012045
:103B400000258440F0F8FCFF00B587B08DF80F1019
:103B50000C4B1B6805934FF000030DF10F0301930D
:103B6000002100910B460A46FFF756FF054B1A68E5
:103B7000059B5A404FF0000302D107B05DF804FBEB
:103B800006F0CEFDB0D9012000B583B0084B1B680C
:103B900001934FF00003064B1A68019B5A404FF007
:103BA000000303D1C0B203B05DF804FB06F0B8FD1A
:103BB000B0D9012000B583B00A4B1B6801934FF0C8
:103BC00000036422084B02FB0030064B1A68019B7D
:103BD0005A404FF0000302D103B05DF804FB06F039
:103BE0009FFD00BFB0D90120E4C9002030B583B0EB
:103BF0000D460E4B1B6801934FF000030079FFF751
:103C0000D9FF04462846FFF7BFFF083034F81000FC
:103C1000064B1A68019B5A404FF0000303D100F095
:103C2000010003B030BD06F07BFD00BFB0D901201C
:103C300030B583B00D460E4B1B6801934FF0000367
:103C40000079FFF7B7FF04462846FFF79DFF0830CD
:103C500034F81000C0F34010054B1A68019B5A401D
:103C60004FF0000301D103B030BD06F059FD00BF95
:103C7000B0D9012030B583B00D460F4B1B680193BE
:103C80004FF000030079FFF795FF04462846FFF741
:103C90007BFF083034F8100010F01C0018BF012022
:103CA000054B1A68019B5A404FF0000301D103B045
:103CB00030BD06F035FD00BFB0D9012030B583B06E
:103CC0000D460E4B1B6801934FF000030079FFF780
:103CD00071FF04462846FFF757FF083034F81000FC
:103CE000C0F34000054B1A68019B5A404FF0000397
:103CF00001D103B030BD06F013FD00BFB0D90120E3
:103D000030B583B004460D460E4B1B6801934FF04F
:103D10000003FFF7D3FF30B129462046FFF788FFA5
:103D200058B1012000E00020064B1A68019B5A4060
:103D30004FF0000303D103B030BD0020F4E706F0DC
:103D4000EFFC00BFB0D9012000B583B00A4B1B685F
:103D500001934FF00003FFF7B1FF074B1A68019B77
:103D60005A404FF0000305D180F00100C0B203B00B
:103D70005DF804FB06F0D4FCB0D9012000B583B097
:103D8000084B1B6801934FF00003064B1A68019B18
:103D90005A404FF0000302D103B05DF804FB06F077
:103DA000BFFC00BFB0D9012000B583B0084B1B6831
:103DB00001934FF00003064B1A68019B5A404FF0E5
:103DC000000302D103B05DF804FB06F0A9FC00BFBC
:103DD000B0D9012030B583B00D460D4B1B6801935F
:103DE0004FF000030079FFF7E5FE04462846FFF791
:103DF000CBFE083034F81000054B1A68019B5A407E
:103E00004FF0000302D1400B03B030BD06F088FC38
:103E1000B0D9012000B583B00A4B1B6801934FF065
:103E20000003032894BF00200120064B1A68019B61
:103E30005A404FF0000302D103B05DF804FB06F0D6
:103E40006FFC00BFB0D9012070B582B006460D46A8
:103E5000144B1B6801934FF00003002404E04FF063
:103E6000FF33AB4211D001341F2C0CD83079FFF74F
:103E7000A1FE04F1080330F8133013F4807FEED074
:103E8000C3F34323EDE7002000E00120054B1A684F
:103E9000019B5A404FF0000301D102B070BD06F003
:103EA0003FFC00BFB0D9012030B583B004460D46B9
:103EB000174B1B6801934FF00003FFF7B9FEB8B131
:103EC00029462046FFF740FF90B129462046FFF7DC
:103ED00081FF226801238340C2F80833226800F57D
:103EE000A27052F8203023F0030342F8203003E0A0
:103EF00000212846FFF728FE054B1A68019B5A400F
:103F00004FF0000301D103B030BD06F009FC00BF43
:103F1000B0D90120F0B583B006460F461546124BC6
:103F20001B6801934FF000030024002C0BDD4FF0C1
:103F3000FF340D4B1A68019B5A404FF0000311D11A
:103F4000204603B0F0BD3079FFF734FE50F834302E
:103F5000BB4201D00134E8E700EBC4035B68AB422D
:103F6000F8D1E6E706F0DCFBB0D9012030B583B02C
:103F70000C46194B1B6801934FF000030079FFF7C3
:103F800019FE05462046FFF7FFFD083035F81030D2
:103F9000C3F38203042B0FD0052B17D004F01F02AC
:103FA000640907D10D4B1B69D34013F0010F0FD0EB
:103FB000032002E00023F6E70320074B1A68019B69
:103FC0005A404FF0000305D103B030BD0220F4E7A2
:103FD0000220F2E706F0A4FBB0D9012000258440BE
:103FE00010B582B004460F4B1B6801934FF00003DD
:103FF0000846FFF7C9FD083034F8103013F4807F0D
:104000000CD0C3F3432304EBC300064B1A68019B97
:104010005A404FF0000303D102B010BD0020F4E776
:1040200006F07EFBB0D901202DE9F04184B00546B1
:104030000C4616461F46404B1B6803934FF0000387
:104040000846FFF7A1FD804656B321462846FFF7F4
:104050007BFE28B121462846FFF7EAFD00284AD119
:1040600021462846FFF706FE10B17378012B42D097
:1040700001238DF80B30002301930096B31C721CB2
:104080000DF10B012046FFF7C7FC2879FFF792FDE1
:1040900008F1080230F8123043F0030320F8123020
:1040A000002F42D021462846FFF74EFE00283ED181
:1040B0003E782B6806F5A272002143F8221043F8DF
:1040C00022102879FFF776FD08F1080230F8123047
:1040D00023F02003DB04DB0C20F812307B7863B97B
:1040E0001648154B1A68039B5A404FF0000320D125
:1040F00004B0BDE8F0811248F3E7BA780092224696
:1041000031462868FFF7F6FB2879FFF753FD024692
:1041100008F1080032F810307603B6B2334343F0AA
:10412000200322F810300548DBE70448D9E70448AB
:10413000D7E706F0F5FA00BFB0D901200000AD0BBB
:104140000400AD0B70B582B004460E4615460C4B0C
:104150001B6801934FF000030079FFF72BFD866089
:104160002079FFF727FDC560054B1A68019B5A406F
:104170004FF0000301D102B070BD06F0D1FA00BFCC
:10418000B0D9012070B582B005460E461446114BD9
:104190001B6801934FF00003FFF74AFDA8B128798F
:1041A000FFF708FD05463046FFF7EEFC083035F80E
:1041B00010305B0B23700848064B1A68019B5A406D
:1041C0004FF0000303D102B070BD0448F4E706F0DD
:1041D000A7FA00BFB0D901200000AD0B0400AD0B61
:1041E00000B583B00C4B1B6801934FF000030079BE
:1041F000FFF7E0FC90F86000003818BF0120064B84
:104200001A68019B5A404FF0000302D103B05DF8D9
:1042100004FB06F085FA00BFB0D9012070B582B06A
:1042200004460D461646234B1B6801934FF00003CE
:104230000368D3F80423002A03DB4FF00042C3F8DD
:10424000042329462046FFF7F3FC00B32946204605
:10425000FFF77AFDD8B129462046FFF7BBFD22685B
:10426000830003F580739BB2002199509B5822680C
:1042700000F5A27152F8213043F0010342F82130D9
:104280006EB1226801238340C2F8043307E0294657
:104290002046FFF76BFE01462846FFF755FC054B0D
:1042A0001A68019B5A404FF0000301D102B070BD63
:1042B00006F036FAB0D90120F0B583B004460D46B9
:1042C00016460F4B1B6801934FF00003FFF788FE63
:1042D00020B10768426831462846B847A3681BB139
:1042E000E268314628469847054B1A68019B5A40B8
:1042F0004FF0000301D103B0F0BD06F011FA00BF8A
:10430000B0D90120F0B583B007460E4614461D46CD
:10431000244B1B6801934FF000031046FFF77AFD12
:10432000A0B9022D2ED002213046FFF70DFC032C40
:104330002CD0022D28D0032D2ED01A4B1A68019BA9
:104340005A404FF000032AD103B0F0BD2246314657
:104350003846FFF7B1FF06F01F03720910D1124A69
:10436000803352F82330C3F301439D42E5D100214D
:104370003046FFF7E9FB29463046FFF7E5FBDCE76F
:104380000022EDE70321CFE7012CD4D122463146AC
:104390003846FFF791FFD0E7022CCED1F6E706F0C2
:1043A000BFF900BFB0D901200025844030B583B0EB
:1043B000164B1B6801934FF0000300234BB1002004
:1043C000124B1A68019B5A404FF000031BD103B0F7
:1043D00030BD11F0010F01D10133EFE74FEA830E39
:1043E0001A4600EB830C05E0094C256A4CF8045B87
:1043F000256201325C1CA242F6D350F80E20002A3E
:10440000EAD00120DCE706F08BF900BFB0D901202B
:104410000025844010B582B00C460B4B1B680193FD
:104420004FF000030079FFF7C5FB21465430FEF73B
:104430000DFF054B1A68019B5A404FF0000301D154
:1044400002B010BD06F06CF9B0D9012070B582B091
:1044500005461C4B1B6801934FF000030846FFF70D
:1044600093FB04462879FFF7A5FB04F1080330F815
:10447000133013F4807F0BD0C3F34326083423F4A6
:10448000F85320F8143031462846FFF7DDFC40B1E0
:104490000C4B1A68019B5A404FF000030FD102B039
:1044A00070BD2879FFF786FB002340F83630287965
:1044B000FFF780FB31465830FEF7FAFEE8E706F0DA
:1044C0002FF900BFB0D901202DE9F04182B0054697
:1044D000884616461F46254B1B6801934FF0000384
:1044E000FFF7B4FF002E3CD03A4631462846FFF78E
:1044F00011FD041E27DB2879FFF75CFB40F83460D0
:104500002879FFF757FB00EBC40047602879FFF7D5
:1045100051FB05464046FFF737FB083035F81030B1
:10452000E4B26402A4B2234343F4807325F810304C
:104530000F480E4B1A68019B5A404FF0000312D1EE
:1045400002B0BDE8F0812879FFF734FB0DF10301DB
:104550005830FEF77BFE064B9842EAD19DF80340A7
:10456000C9E70348E5E706F0DBF800BFB0D9012052
:104570000000AD0B2DE9F04385B004460D4617460B
:104580005D4B1B6803934FF000030846FFF7FCFAEE
:104590000646D7F80080B8F1000F28D029462046FB
:1045A000FFF7AEFB002856D100238DF80A308DF8B6
:1045B0000B300193009343460DF10B020DF10A01FC
:1045C0002846FFF729FA2079FFF7F4FA06F10808E0
:1045D00030F8183023F0020320F818302079FFF764
:1045E000E9FA30F8183043F0010320F818307B68FE
:1045F000F3B193F80080D3F8049029462046FFF7E2
:104600005DFB50B3B9F1000F6ED12079FFF7D2FAFC
:10461000083630F8163023F01C0320F816302079C5
:10462000FFF7C8FA30F8163043EA880320F816304E
:10463000BA68002A5CD05368126829462046FFF702
:1046400043FF2D4B1A68039B5A404FF0000351D192
:1046500005B0BDE8F0832948F3E72079FFF7AAFA0F
:1046600006F1080230F8123023F02003DB04DB0CE3
:1046700020F81230B9F1000FC7D0B8F1030F35D8C8
:104680007B685B6893F80090B8F1000F08D123684D
:1046900009F5A279002243F8292043F82920B4E73C
:1046A0004046FFF781FB0346216809F5A27C51F8DB
:1046B0002C2022F0030241F82C202A46494620688B
:1046C000FFF7EEF82079FFF775FA06F1080230F8E7
:1046D00012304FEA49391FFA89F943EA090343F0D6
:1046E000200320F8123090E70448AAE70348A8E71F
:1046F0000348A6E706F014F8B0D901200400AD0B7A
:104700000000AD0B70B582B004460D46164B1B6819
:1047100001934FF00003FFF78BFA58B12668294642
:104720002046FFF757FB00F5A273002246F823202E
:1047300046F8232029462046FFF788FE2079FFF718
:1047400039FA04462846FFF71FFA0830002324F8F8
:104750001030054B1A68019B5A404FF0000301D1FD
:1047600002B070BD05F0DCFFB0D9012030B583B0D8
:1047700005460C46104B1B6801934FF00003FFF7F2
:1047800035FA48B90D480C4B1A68019B5A404FF056
:1047900000030ED103B030BD21462846FFF784FB4D
:1047A00021462846FFF7AEFF2046FFF7A3F904484D
:1047B000E9E705F0B5FF00BFB0D901200400AD0B5B
:1047C0000000AD0B10B582B00C460B4B1B6801937B
:1047D0004FF000030079FFF7EDF921465430FEF762
:1047E00067FD054B1A68019B5A404FF0000301D149
:1047F00002B010BD05F094FFB0D9012070B582B0B1
:1048000004460D461E460698194B1B6801934FF04F
:1048100000034FF0000C01E00CF1010C84450ED2B6
:104820005FFA8CF2920002F580719208012303FA7C
:1048300002F21542F0D0002363506358ECE7002DDC
:1048400004DA0023C4F87C31D4F87C3144F3073017
:10485000F4F7A0FA0EB1C4F80453054B1A68019B93
:104860005A404FF0000301D102B070BD05F058FF6F
:10487000B0D9012070B584B005460E46154B1B68B3
:1048800003934FF000030079FFF794F990F860303C
:104890004BB111480F4B1A68039B5A404FF000036D
:1048A00016D104B070BD044640220021103009F03A
:1048B0005EF9236D0093002332464FF000412868D3
:1048C000FFF79CFF012384F86030A3650348E1E70C
:1048D00005F026FFB0D901200C00AD0B0000AD0B98
:1048E0002DE9F04182B080460F46304B1B680193A2
:1048F0004FF0000300230093C96D6846FFF756FD93
:104900000026AEB13A6D4FF000414046FFF756F831
:10491000F96D6846FFF74AFD0028F1D1234B1A686C
:10492000019B5A404FF000033ED102B0BDE8F08138
:1049300097F85C3013F0010F0FD10136E1E7002446
:1049400005F1800354F82330C3F301432946384668
:10495000FFF7D8FC0123AB40236202AB03EB8603D5
:1049600053F8084C002CE8D094FAA4F4B4FA84F478
:1049700004F01F052846FFF707F9083037F8102024
:10498000C2F382020DEB86034FEAD40C04F0070455
:1049900013F80C100120A04021EA000103F80C10CC
:1049A0006B09CCD1024CCBE705F0BAFEB0D901209F
:1049B00000258440F0B583B006460F461446164BDA
:1049C0001B6801934FF0000318E094FAA4F3B3FAC4
:1049D00083F301229A4024EA020403F5A27356F8F5
:1049E0002350C5F3042556F82300C0F30140FFF718
:1049F000C5F9024629463846FFF75EFC002CE4D193
:104A0000054B1A68019B5A404FF0000301D103B0D7
:104A1000F0BD05F085FE00BFB0D9012070B582B0B1
:104A200005460E46124B1B6801934FF00003D0F869
:104A30000413C9B2326D41F00041FEF7BFFF041EFE
:104A40000DDB224631462846FFF7B4FF084B1A68B3
:104A5000019B5A404FF0000308D102B070BD3146AF
:104A60002846FFF73DFF24F00044EAE705F058FE32
:104A7000B0D9012000B583B0094B1B6801934FF0FA
:104A80000003FFF777FD064B1A68019B5A404FF071
:104A9000000302D103B05DF804FB05F041FE00BF46
:104AA000B0D9012000B583B0DFF828C0DCF800C021
:104AB000CDF804C04FF0000CFFF7B6FA054B1A68AA
:104AC000019B5A404FF0000302D103B05DF804FB94
:104AD00005F026FEB0D9012000B583B0094B1B6854
:104AE00001934FF00003FFF72DFB064B1A68019B63
:104AF0005A404FF0000302D103B05DF804FB05F00B
:104B00000FFE00BFB0D9012000B583B0094B1B6870
:104B100001934FF00003FFF735FB064B1A68019B2A
:104B20005A404FF0000302D103B05DF804FB05F0DA
:104B3000F7FD00BFB0D9012000B583B0094B1B6859
:104B400001934FF00003FFF795FE064B1A68019B97
:104B50005A404FF0000302D103B05DF804FB05F0AA
:104B6000DFFD00BFB0D9012000B583B0094B1B6841
:104B700001934FF00003FFF733FB064B1A68019BCC
:104B80005A404FF0000302D103B05DF804FB05F07A
:104B9000C7FD00BFB0D9012000B583B0094B1B6829
:104BA00001934FF00003FFF7E1FD064B1A68019BEC
:104BB0005A404FF0000302D103B05DF804FB05F04A
:104BC000AFFD00BFB0D9012000B583B0094B1B6811
:104BD00001934FF00003FFF7F5FD064B1A68019BA8
:104BE0005A404FF0000302D103B05DF804FB05F01A
:104BF00097FD00BFB0D9012000B583B0094B1B68F9
:104C000001934FF00003FFF705FC064B1A68019B68
:104C10005A404FF0000302D103B05DF804FB05F0E9
:104C20007FFD00BFB0D9012000B583B0094B1B68E0
:104C300001934FF00003FFF7F1FA064B1A68019B4E
:104C40005A404FF0000302D103B05DF804FB05F0B9
:104C500067FD00BFB0D9012000B583B0094B1B68C8
:104C600001934FF00003FFF71FF9064B1A68019BF1
:104C70005A404FF0000302D103B05DF804FB05F089
:104C80004FFD00BFB0D9012000B583B00A4B1B68AF
:104C900001934FF0000309490948FFF7BFFE064B97
:104CA0001A68019B5A404FF0000302D103B05DF82F
:104CB00004FB05F035FD00BFB0D9012048CA002033
:104CC0000010034030B583B00F4B1B6801934FF0C9
:104CD00000030E4B1B794BB10D480B4B1A68019B1F
:104CE0005A404FF000030DD103B030BD0D461446BD
:104CF0002A20F4F74FF8054B01221A711D609C60C1
:104D00000448EAE705F00CFDB0D90120D8EE0020F8
:104D10000C00AD0B0000AD0B10B582B0174B1B683B
:104D200001934FF00003002308E050F8234003F5FF
:104D3000A271134A42F821400133DBB2072BF4D9A8
:104D400000230AE003F1080250F8224003F5B27193
:104D50000B4A42F821400133DBB2072BF2D9026C37
:104D6000074BC3F80423054B1A68019B5A404FF0C8
:104D7000000301D102B010BD05F0D2FCB0D9012072
:104D800000A0024000B583B0194B1B6801934FF09F
:104D90000003002307E003F5A271164A002042F841
:104DA00021000133DBB2072BF5D9002307E003F51F
:104DB000B271104A002042F821000133DBB2072B08
:104DC000F5D92A20F3F7FEFF0A4B4FF0FF32C3F864
:104DD0000823094B00221A71054B1A68019B5A409F
:104DE0004FF0000302D103B05DF804FB05F098FC1E
:104DF000B0D9012000A00240D8EE002000B583B059
:104E00000A4B1B6801934FF0000301238340084ABB
:104E1000C2F80433054B1A68019B5A404FF0000357
:104E200002D103B05DF804FB05F07AFCB0D9012093
:104E300000A0024000B583B00A4B1B6801934FF0FD
:104E4000000301238340084AC2F80833054B1A685F
:104E5000019B5A404FF0000302D103B05DF804FB00
:104E600005F05EFCB0D9012000A0024010B582B070
:104E7000144B1B6801934FF00003134BD3F80C4302
:104E800002E0124A916898478CB194FAA4F0B0FA03
:104E900080F00123834024EA030482000C4B134476
:104EA00000221A60094B1B68002BEAD1ECE7054B86
:104EB0001A68019B5A404FF0000301D102B010BDA7
:104EC00005F02EFCB0D9012000A00240D8EE002051
:104ED00000A1024000B583B0094B1B6801934FF05D
:104EE0000003074B1A68019B5A404FF0000304D19E
:104EF0004FF4805003B05DF804FB05F011FC00BFD7
:104F0000B0D9012000B583B0094B1B6801934FF065
:104F10000003074B1A68019B5A404FF0000304D16D
:104F20004FF4807003B05DF804FB05F0F9FB00BF9F
:104F3000B0D9012010B582B00B4B1B6801934FF024
:104F40000003FFF7C7FF0446FFF7DCFF04FB00F098
:104F5000054B1A68019B5A404FF0000301D102B083
:104F600010BD05F0DDFB00BFB0D9012010B582B047
:104F700004460C4B1B6801934FF00003FFF7AAFF98
:104F8000B4FBF0F300FB1340064B1A68019B5A4038
:104F90004FF0000304D1B0FA80F0400902B010BD18
:104FA00005F0BEFBB0D9012000B583B00A4B1B68E9
:104FB00001934FF00003094B0022C3F88425064BF0
:104FC0001A68019B5A404FF0000302D103B05DF80C
:104FD00004FB05F0A5FB00BFB0D901200090034001
:104FE00000B583B00A4B1B6801934FF00003094BD7
:104FF0000122C3F88425064B1A68019B5A404FF0E2
:10500000000302D103B05DF804FB05F089FB00BF8B
:10501000B0D901200090034000B583B00A4B1B6853
:1050200001934FF00003094B0222C3F88425064B7D
:105030001A68019B5A404FF0000302D103B05DF89B
:1050400004FB05F06DFB00BFB0D9012000900340C8
:1050500000B583B00C4B1B6801934FF000030B4B62
:10506000D3F8083413F0010FF9D00160BFF35F8F5C
:10507000054B1A68019B5A404FF0000302D103B060
:105080005DF804FB05F04CFBB0D901200090034013
:1050900010B582B00446114B1B6801934FF000031A
:1050A000FFF764FF48B90E480C4B1A68019B5A4041
:1050B0004FF0000310D102B010BDFFF7ADFF4FF06D
:1050C000FF332360074BD3F8003413F0010FF9D0FE
:1050D000FFF76AFF0448E7E705F022FBB0D901209B
:1050E0000A00AD0B009003400000AD0B30B583B05B
:1050F00004460D460B4B1B6801934FF00003FFF76E
:105100006FFF29462046FFF7A3FFFFF74DFF054B32
:105110001A68019B5A404FF0000301D103B030BD23
:1051200005F0FEFAB0D9012000B583B0094B1B6829
:1051300001934FF00003FFF7FDFE064B1A68019B39
:105140005A404FF0000302D103B05DF804FB05F0B4
:10515000E7FA00BFB0D9012000B583B0094B1B6846
:1051600001934FF00003FFF7B5FE064B1A68019B51
:105170005A404FF0000302D103B05DF804FB05F084
:10518000CFFA00BFB0D9012000B583B0094B1B682E
:1051900001934FF00003FFF7B5FE064B1A68019B21
:1051A0005A404FF0000302D103B05DF804FB05F054
:1051B000B7FA00BFB0D9012000B583B0124B1B680D
:1051C00001934FF00003003A18BF0122022912D0C8
:1051D000032913D001290BD0C0F854250A4B1A68B3
:1051E000019B5A404FF000030BD103B05DF804FB64
:1051F00042F00202F0E742F00402EDE742F006025C
:10520000EAE705F08DFA00BFB0D9012000B583B000
:10521000134B1B6801934FF000038B7D4BB94A6819
:105220008B68D1F800C0C0F808C5C0F80C25C0F8DC
:1052300010350B7BC0F8C0350B69C0F824354A7DAA
:10524000097DFFF7B9FF064B1A68019B5A404FF0E2
:10525000000302D103B05DF804FB05F061FA00BF62
:10526000B0D9012070B582B003463748006801907C
:105270004FF0000011F4002002D0D3F84C0138B9EF
:1052800011F0020F15D0D3F804414CB9002411E0FD
:105290000020C3F84C01D3F84C014FF40020EFE795
:1052A0000024C3F80441D3F8044140F00200012473
:1052B00000E0002411F0400F11D0D3F818510DB9BF
:1052C00000250DE00025C3F81851D3F8185140F01F
:1052D0004000D2B1DCB1D3F83C55254600E00025B2
:1052E00011F0100F02D0D3F8106196B911F4807F3D
:1052F00002D0D3F82021E2B9134B1A68019B5A401F
:105300004FF000031DD102B070BD0025E8E7012574
:10531000E6E70026C3F81061D3F8106140F01000F2
:10532000002AE3D0002DE1D1002CDFD0D3F83C25BA
:10533000DCE70022C3F82021D3F8203140F480704C
:10534000DAE705F0EDF900BFB0D90120F0B583B080
:105350009DF820709DF824E0134C246801944FF0D0
:10536000000400F01F0C40091AD1104E0CF180000F
:1053700056F820500E4C2C4041EA420141EA83038A
:1053800043EA072343EA0E43234346F82030064B03
:105390001A68019B5A404FF0000303D103B0F0BDDF
:1053A0000026E3E705F0BCF9B0D9012000258440D0
:1053B000F0F8FCFF10B584B09446069A1B4C2468A4
:1053C00003944FF00004B0F1FF3F08D001290FD043
:1053D00000220024019400936346FFF7B7FF134BAC
:1053E0001A68039B5A404FF000031CD104B010BD53
:1053F00062B100F01F0E420906D10D4C012202FAE3
:105400000EF2A2600A46E4E70024F7E700F01F0E60
:10541000420906D1064C012202FA0EF2E2600A4667
:10542000D7E70024F7E705F07BF900BFB0D90120EA
:105430000025844030B585B00C46214B1B68039392
:105440004FF000030379097C03EBC3021D4B03EB10
:1054500082039A7F61F341029A77E37E43B1184B4E
:105460001A68039B5A404FF0000327D105B030BDA6
:10547000237E012B94BF00230123009300231A46AF
:1054800001212068FFF796FF002500952B462A464C
:1054900001216068FFF78EFF00952B46A27E29460A
:1054A000A068FFF787FF237C83F0010300932B465E
:1054B0002A460121E068FFF77DFFD0E705F030F9CB
:1054C000B0D90120E4EE002000B583B01B4B1B686F
:1054D00001934FF000031A4B994223D015D8194B72
:1054E000994221D0184B994220D0184B99420AD0AA
:1054F0000020124B1A68019B5A404FF000031BD149
:1055000003B05DF804FB0120F3E7114B99420FD083
:10551000104B99420ED0104B994201D00020E8E781
:105520000120E6E70120E4E70120E2E70120E0E7CF
:105530000120DEE70120DCE705F0F2F8B0D9012018
:1055400040420F0090D0030020A1070048E801006E
:1055500000093D0000127A0080841E0000B583B06F
:10556000204B1B6801934FF000031F4B984227D03C
:1055700017D81E4B984226D01D4B984202D14FF0AF
:10558000006004E01B4B984220D14FF00070154B97
:105590001A68019B5A404FF0000320D103B05DF818
:1055A00004FB154B984214D0144B984202D14FF093
:1055B0000040ECE7124B98420ED14FF00050E6E766
:1055C0004FF08050E3E74FF08060E0E74FF080401D
:1055D000DDE74FF08040DAE74FF08040D7E705F095
:1055E0009FF800BFB0D9012040420F0090D00300C7
:1055F00020A1070048E8010000093D0000127A00E0
:1056000080841E0000B583B00B4B1B6801934FF0E4
:1056100000034969FFF758FF50B10848064B1A6864
:10562000019B5A404FF0000304D103B05DF804FB26
:105630000348F3E705F074F8B0D901200000AD0B82
:105640000400AD0B00B583B0224B1B6801934FF0F3
:105650000003036AB3F1FF3F0CD0827F12F0020F08
:105660001FD099B103F01F025B090DD11A49012324
:1056700093408B60174B1A68019B5A404FF0000310
:1056800026D103B05DF804FB0021F0E703F01F0210
:105690005B0904D1104901239340CB60EAE7002164
:1056A000F9E751B103F01F025B0904D10A49012354
:1056B0009340CB60DEE70021F9E703F01F025B09AE
:1056C00004D10549012393408B60D3E70021F9E71A
:1056D00005F026F8B0D90120002584402DE9F047D7
:1056E00088B005460C46284B1B6807934FF0000313
:1056F00090F804A04869FFF731FF8146E27EDFF8A9
:105700008C800AEBCA0708EB8707BB7F62F30003B4
:10571000BB7721462846FFF78DFEE3683B62217C7C
:10572000BA7F61F34102BA772368019363680293F9
:10573000A3680393A37C8DF81030CDF81490237EDA
:105740008DF81830637E8DF81930237F8DF81A306C
:1057500001A92868FFF75AFD2B7903EBC30358F81A
:10576000233023B1286840F30730F3F713FB064BCF
:105770001A68079B5A404FF0000302D108B0BDE8F9
:10578000F08704F0CDFF00BFB0D90120E4EE002087
:1057900070B582B005460E46104B1B6801934FF062
:1057A0000003012343616424002202212846FFF7FD
:1057B00059FD20B90120FDF731FD013CF4D1002352
:1057C0007377C5F80035054B1A68019B5A404FF0B6
:1057D000000301D102B070BD04F0A2FFB0D90120D6
:1057E00070B586B004460D469E463F4B1B68059338
:1057F0004FF00003116821B101F06041B1F1005F89
:1058000006D1916881B101F06041B1F1005F0BD028
:1058100000236B773548344B1A68059B5A404FF08C
:1058200000035ED106B070BD1EF0010F2FD0012322
:10583000C4F850351EF0020F2DD00123C4F84035B6
:105840000DF1040C0FCA8CE80F00C4F84405C4F82D
:105850004815C4F83425049BC4F838350023C4F82F
:105860001831D4F818310723C4F800351EF00806A3
:1058700003D12B689BB1012323612B68FBB11EF080
:10588000040F29D04023C4F808331948C3E7002384
:10589000C4F85035CEE70023C4F84035D0E70123E3
:1058A0002361D4F81831002BFBD0D4F81831002B29
:1058B000E3D00023C4F81831D4F81831DDE7002113
:1058C0002846FFF7BFFE0EB10948A4E72946204647
:1058D000FFF75EFF06489EE74023C4F80433044800
:1058E00099E704F01DFF00BFB0D901200A00AD0BFD
:1058F0000000AD0B2DE9F04182B00D461F461E4B56
:105900001B6801934FF00003047904EBC4031B49A7
:1059100001EB83010B7F5BBB064690467DB12946B8
:10592000FFF770FE164B984209D0134B1A68019B83
:105930005A404FF000031DD102B0BDE8F0810F4B7B
:1059400004EBC40203EB820143F822804F601DB1D7
:1059500029463046FFF7C2FE084B04EBC40203EBB6
:10596000820200215177134601221A770448DCE7AE
:105970000448DAE704F0D4FEB0D90120E4EE0020B8
:105980000000AD0B0C00AD0BF0B583B01E4B1B68D7
:1059900001934FF0000390F804C00CEBCC031B4DB7
:1059A00005EB83056B7F5BBB06460C4617460CEB8D
:1059B000CC03164A52F8233023B117F0140F01D14B
:1059C00001226A770CEBCC0C104B03EB8C0C0CF126
:1059D0000C0C94E80F008CE80F0001212846FFF71B
:1059E00031FE3B46224629463068FFF7F9FE064B5A
:1059F0001A68019B5A404FF0000303D103B0F0BD79
:105A00000348F4E704F08CFEB0D90120E4EE002056
:105A10000B00AD0B00B583B0134B1B6801934FF027
:105A200000030A79D0F8043523F0030302F00302DF
:105A30001343C0F804354A79D0F8083523F003033E
:105A400002F003021343C0F808350B68C0F81035A4
:105A5000054B1A68019B5A404FF0000302D103B076
:105A60005DF804FB04F05CFEB0D9012000B583B002
:105A7000DFF858C0DCF800C0CDF804C04FF0000CCF
:105A8000A2F5807E4FEA9E0E4FF0010C0CFA0EFC40
:105A90001CEA010F0DD0815809B900200AE000214D
:105AA000815082581BB11A684CEA02021A60012028
:105AB00000E00020054B1A68019B5A404FF000039C
:105AC00002D103B05DF804FB04F02AFEB0D9012036
:105AD00070B582B006460D460F4B1B6801934FF020
:105AE00000030024009409E0A2006B4602F5A072B6
:105AF00029463046FFF7BAFF0134E4B2052CF3D94A
:105B00000098054B1A68019B5A404FF0000301D1E1
:105B100002B070BD04F004FEB0D901202DE9F041BF
:105B200082B0044688461546194B1B6801934FF016
:105B300000034FF47C11FFF7CBFF0746D4F8046352
:105B400006F47C16002401E00134E4B2A54213D926
:105B5000A30003F5A07040339B08012202FA03F36F
:105B60003342F1D03B42EFD0D8F80030002BEBD0DD
:105B7000D8F804109847E7E7054B1A68019B5A408C
:105B80004FF0000302D102B0BDE8F08104F0C8FD7F
:105B9000B0D9012000B583B0174B1B6801934FF0BB
:105BA0000003164BB3FBF1F201FB1233B3B9134BF5
:105BB000994216D8531E1A4216D1B2F5007F16D854
:105BC00092FAA2F0B0FA80F00B4B1A68019B5A408F
:105BD0004FF000030ED103B05DF804FB4FF0FF302F
:105BE000F2E74FF0FF30EFE74FF0FF30ECE74FF018
:105BF000FF30E9E704F094FDB0D901200024F4005F
:105C000070B582B004460D461E46174B1B680193C3
:105C10004FF000034FF0000C03E00CF1010C5FFAB1
:105C20008CFCBCF1050F0DD84FEA8C0202F5A07177
:105C300040329208012393401D42EED0002363506E
:105C40006358EAE744F30730F3F7A4F80EB1C4F859
:105C50000453054B1A68019B5A404FF0000301D1D1
:105C600002B070BD04F05CFDB0D9012030B585B044
:105C700005460C46154B1B6803934FF0000309685B
:105C8000FFF788FFB0F1FF3F1BD0019023798DF81B
:105C9000083063798DF8093001A92868FFF7BAFE4A
:105CA0000023A2794FF47C112868FFF7A9FF084868
:105CB000064B1A68039B5A404FF0000303D105B00E
:105CC00030BD0448F4E704F02BFD00BFB0D901203B
:105CD0000000AD0B0400AD0B30B583B0184B1B6852
:105CE00001934FF00003047904EB440C154B03EBD4
:105CF0008C031B7A03BB134D45F82C20D1B18D6862
:105D0000104B03EB8C035D60FFF7B0FF0E4A90422F
:105D100014BF0022012204EB44040A4B03EB84036A
:105D20001A72074B1A68019B5A404FF0000305D1C5
:105D300003B030BD0448E9E70448F2E704F0F0FCA2
:105D4000B0D9012008EF00200000AD0B0C00AD0B16
:105D500000B583B0094B1B6801934FF00003036843
:105D60000122DA60054B1A68019B5A404FF000038C
:105D700002D103B05DF804FB04F0D2FCB0D90120DD
:105D800010B582B0104B1B6801934FF000030368FD
:105D9000D3F810454FEA117C0801C4F12002A4F1A8
:105DA0002003E0400CFA02F210432CFA03F31843EC
:105DB000054B1A68019B5A404FF0000301D102B015
:105DC00010BD04F0ADFC00BFB0D9012070B582B0A9
:105DD000134C246801944FF000044FF480348C403D
:105DE000BBB105688B0003F5A0730026EE50EB589D
:105DF0000368C3F80443036801F5A87143F8212040
:105E0000074B1A68019B5A404FF0000305D102B0BE
:105E100070BD0368C3F80843EDE704F081FC00BFE0
:105E2000B0D9012070B582B0144D2D6801954FF0A6
:105E3000000506684FF4807C0CFA01FC012505FA88
:105E400001F44CEA040CD6F8004224EA0C04C6F82B
:105E500000420468D4F800522B43C4F800329DF885
:105E60001830FFF7B3FF054B1A68019B5A404FF0FB
:105E7000000301D102B070BD04F052FCB0D9012082
:105E800000B583B00A4B1B6801934FF00003062254
:105E900008490948FFF742FE054B1A68019B5A4022
:105EA0004FF0000302D103B05DF804FB04F038FCAE
:105EB000B0D9012008EF002000F0004007B5044BE6
:105EC000CDE900011B686846984703B05DF804FB04
:105ED00014EF0020014B1870704700BF3BF3002007
:105EE000024B1878431E5842584170473BF300203C
:105EF00070B503680446033BDBB2052B03D8094A9F
:105F000052F823502DB9A06858B1BDE8704000F098
:105F100017B806F04DFD21682B46BDE87040090C0E
:105F2000184770BD78000300014B1B68184700BF7D
:105F3000ACCA0020014B5B68184700BFACCA002008
:105F4000014B1B69184700BFACCA0020014B9B687E
:105F5000184700BFACCA0020014B1B6A184700BF9E
:105F6000ACCA0020014B5B6A184700BFACCA0020D6
:105F7000014B1B68D868704718EF0020002230B52D
:105F80000B4B19680C6894420FD001EBC2039D685B
:105F9000A8420BD14FF003020433D3E8CF1F0029EE
:105FA00003D1C3E8C02F0028F7D130BD0132EAE7A2
:105FB00030EF00202DE9F041002406460F46204630
:105FC000DFF854803368A34201D8BDE8F08106EBC6
:105FD000C4056B68DBB2012B16D16A68B8F80030D3
:105FE000B3EB124F10D1022FA8680FD1FFF780FF3B
:105FF00001206B6823F0FF0343F003036B60B8F8E4
:1060000000300133A8F800300134DBE70168090CE7
:1060100006F080FCECE700BF2AF3002010B5074C27
:1060200002216068FFF7C6FF0028F9D1012120682E
:10603000FFF7C0FF0028F3D110BD00BF38EF0020EC
:1060400070B5072860D8DFE800F00B5F475F435F5B
:106050003C0401F053FB0320BDE87040F8F7B0BDED
:1060600003202A4BD3F81446D3F81866284B1D7822
:106070001870EDB2FFF72EFF012D10D1254B264AE7
:106080009C4212D0230C1B04B3F1886F0DD0A4F5F1
:106090008033203B022B0FD96FF00403136031468D
:1060A000C4F30B00FFF70AFF00E014601B4B1868F5
:1060B000F8F7E2FC0020CFE7194931F913301360FB
:1060C000F4E70024124B20461C70FFF703FFEDE7B6
:1060D000FFF7A4FF0220BFE70D4B1A78012AD0B2C8
:1060E0000ED1104A1168104A8C68546049681160DA
:1060F00002221A70FFF7EEFE084B1868F8F7BCFC96
:10610000FFF78CFF0120A7E770BD00BF00A0024091
:106110003DF300200100500534EF002020EF002067
:10612000E00403001CEF002038EF00200A23F7B53D
:106130004FF47A750C4E0D4F01933168386806F0B4
:1061400012FC044640B9F8F749FC40B9012001A906
:10615000F8F79CFB6E30F0D1204603B0F0BD0198FB
:106160006843F8F77BFBE8E724EF00202CEF0020E2
:10617000054B1B782BB9054B1968054B186806F0C1
:10618000F2BB0020704700BF3CF3002028EF002046
:1061900030EF002070B5164B42681B6822F0FF02FA
:1061A00042F00202C31A42601248134A0168C3F364
:1061B0008913D2E8DF4F651CC2E8D65F002EF8D104
:1061C00001EBC3014A6892B242EA04424A600268A3
:1061D000032002EBC302536823F0FF0343F00103E3
:1061E0005360F8F73BFB0122044BDA6070BD00BF3F
:1061F00028EF002030EF00202CF3002000A0024008
:106200002DE9F04F95B038220021064603A807F08B
:10621000AEFC02230493082306932023089304234F
:106220000D93102340250F9380230122CDE91153B4
:10623000D523002157480B921393F8F7E7FB054647
:10624000002840F0A380024653493079FEF73AFD1A
:1062500003A8FEF761FD34686268B2F59D6F40F0F7
:1062600092806169E3680B44E16903F59D630B4427
:10627000B3F5003F00F287802068294607F077FCDD
:1062800033681C68D3F81C9004F53A72019204F14B
:106290006007424A04F1A40804F1200BB9F1000F91
:1062A0005BD1C2F800B000254FF0010A257065707F
:1062B00084F802A0E570336840461B696360336868
:1062C0005B69C4F814B0A360354BC4F81890C3F8E8
:1062D0000080344BE7601F600823C4F8108084F806
:1062E000A43088F8015088F8025088F8035084F8E8
:1062F00060307D70BD70FD7006F018FB384606F00A
:1063000015FB294B04F53A721A60284B04F1E80298
:1063100031681A60264B274E1960274B2749C3F86E
:106320001046C3F81456264B264C1D80264B86F883
:1063300000A01D80254B029525601D611B690293FD
:10634000029B144B1868F8F7AFFB98B103236FF06A
:1063500073043370FEF716FD11E09B6904F14009E8
:10636000636433684846DB69C2F800B0236401F017
:106370009DF998E72468002CECD1154B1C70204641
:1063800015B0BDE8F08F6FF01504E3E76FF02D0452
:10639000F5E700BF20EF0020416002001CEF002065
:1063A00030EF00202CEF002028EF002024EF002009
:1063B00018EF00203DF3002000A00240F049020049
:1063C0002CF3002034EF00202AF300200056004078
:1063D0003CF3002070B5164B42681B6822F0FF02A8
:1063E00042F00102C31A42601248134A0168C3F323
:1063F0008913D2E8DF4F651CC2E8D65F002EF8D1C2
:1064000001EBC3014A6892B242EA04424A60026860
:10641000032002EBC302536823F0FF0343F00103A0
:106420005360F8F71BFA0122044B5A6070BD00BF9D
:1064300024EF00202CEF00202CF3002000A00240CD
:1064400010B5FFF773FE0124002203210470817050
:106450004270C270FFF7BEFF054B1C7006F079FA60
:10646000BDE81040034B47F230511868F8F71CBBE9
:106470003CF3002020EF002038B50A4B04461B787F
:10648000022BDDB20DD1FFF751FE50B100220121E8
:106490008460017042708570C270BDE83840FFF7BB
:1064A00099BF38BD3DF30020034A126812B100289D
:1064B00000DB1047704700BF44EF00202DE9F74391
:1064C000002581460F461048294690461E460193F6
:1064D00005F00AFE041E11DB0134204606F095FA91
:1064E000C9F8000068B1334642462146019605F0DE
:1064F000FBFD28463C6003B0BDE8F0836FF015005B
:10650000F9E76FF00B00F6E71CE5020010B50E4B43
:1065100004461B68A3B1E9F78BFE082810D9237A3B
:106520003F2B0DD009490822204605F073FB014698
:1065300030B904F108000A22BDE8104005F024BD7E
:106540004FF0FF3010BD00BF44EF0020E604030011
:10655000F7B504460F460420002116461D4606F0F6
:1065600029FA024638B914B1204606F050FA6FF005
:106570000B0003B0F0BD00206FF0580314600D4C09
:10658000137350739073D07320703146032057609B
:1065900006F030FA4FF0FF3301932378AB4201D17C
:1065A0000020E6E7022001A9F8F770F90028F4D0EE
:1065B000DFE700BF3EF30020F8B5054600240F4F8B
:1065C00057F8046B2846314607F093FB28B901348D
:1065D000042CF5D14FF480300DE06CB1A31E012BDB
:1065E000F8D83046E9F724FE0A220021284405F0B5
:1065F000B1FB40EA0440F8BD2046FCE790000300F0
:10660000014B18600020704748EF0020014B1860D4
:10661000704700BF44EF00200FB42DE9FF410A9CF2
:10662000FFF75EFC00284AD0002C4BD0284E294FA3
:1066300031683868F8F78AFA002846D1264D316863
:106640002868F8F731FA002836D122460BAB03A9A7
:1066500002A80193FFF732FF044658B12868F8F703
:106660000BFA3868F8F75AFA204604B0BDE8F04152
:1066700004B07047029C2046FFF748FF02230646FD
:10668000012220460399FFF763FF04460028E5D165
:10669000DFF84880D8F80000FFF78EFF0446D8F8EE
:1066A000000006F0AEF92868F8F7E6F9002CD8D11A
:1066B0003046FFF7F9FED4E76FF00A04D1E74FF058
:1066C000FF34D1E76FF00D04CEE76FF00A04CBE79B
:1066D0005CEF002054EF002058EF00204CEF00202A
:1066E0000EB42DE9F343DDF824808146FFF7F8FB73
:1066F00000285DD0B9F1000F5DD0B8F1000F5AD07D
:10670000304C314F21683868F8F720FA002855D10D
:106710002E4E21683068F8F7C7F9002845D1484661
:10672000E9F786FD451C284606F06FF9044668B96E
:106730003068F8F7A1F96FF00B043868F8F7EEF954
:10674000204602B0BDE8F04303B0704749462A46F0
:1067500007F0B0FA2046FFF7D9FE02238146012256
:1067600020462946FFF7F4FE0446306814B1F8F7D6
:1067700083F9E2E7F8F780F9B9F1000F144D06DB71
:106780002868FFF719FF10B94846FFF78DFE0AAADF
:1067900041462868019205F0D9FC041E286808BF0C
:1067A0006FF04C0406F02DF9C7E76FF00A04C4E758
:1067B0004FF0FF34C4E76FF00D04C1E76FF00A0437
:1067C000BEE700BF5CEF002054EF002058EF002030
:1067D0004CEF002038B5C3680446A72B01D02068D1
:1067E00010E0032907D0042926D0022902D1012272
:1067F000154B1A7038BD144B00681A78022A05D15F
:106800000028F7D0BDE8384006F0FBB80F4D2A68E5
:1068100062B12B689847002320682B6006F0F1F8DE
:106820000B4B1868BDE83840F8F726B9094A1060E4
:10683000616851600222DCE7074B1B68002BCED059
:1068400000689847CBE700BF3EF3002040EF0020F0
:1068500058EF00204CEF002048EF002010B400F16A
:106860001C03D3E8EF2F511EC3E8E41F002CF8D11E
:10687000012A0CDC074BD0E8EF2FC0E8E13F0029EC
:10688000F9D16422002110BC043007F070B910BCAB
:10689000704700BF1EF10100164830B500220346C4
:1068A0004FF0FF34144DD0E8EF1FA94204D1C0E8E7
:1068B000EC4FBCF1000FF6D10CBF0121002112D129
:1068C000682101FB023301220C49DA61097893F84F
:1068D000202061F3451283F820200222A3F84820EB
:1068E00083F84A2030BD0132082A00F16800DAD16D
:1068F0000846F7E760EF00201EF101003FF300209B
:1069000030B5024600236825054905FB03F46018ED
:106910000C59944203D00133082BF6D1002030BD2E
:1069200060EF002010B50446043006F064FA606C95
:1069300008B1F8F79DF9064BD4E8EF2FC4E8E13F22
:106940000029F9D12046BDE81040FFF787BF00BFFE
:106950001EF1ADDE2DE9F8430F4C06460025A0469A
:106960004FF068090D4B0E4F18702368BB420CD0D6
:1069700009FB058393F8202066F3451283F8202055
:10698000A36B13B1204606F0A4F80135082D04F1DD
:106990006804EAD1BDE8F88360EF00203FF30020EF
:1069A0001EF10100112806DC00280DDB084BC34056
:1069B00003F001007047B0F5817F07D040F211135A
:1069C000C31A584258417047002070470120704751
:1069D0004100020010B5436904461BB906F004FFEC
:1069E00023684360044B1868F8F746F82046BDE872
:1069F000104006F0FBBE00BFA0F200202DE9F04FD2
:106A00009A46002387B081460E461446CDE90333EB
:106A10000593FFF765FA28B90120F7F7C7FF6FF074
:106A20000A0475E0B9F1000F4ED1002E00F0BA80D3
:106A3000002C55D1254606274FF0010801940A2263
:106A40000021304605F0A0FA4FF6FE73421E9A422E
:106A500000F21A814FEA002B4BEA102B1FFA8BFB36
:106A6000002C3AD02368DB0437D53A21304607F0B2
:106A7000FAF800B1461C3046854907F03AF90A2277
:106A800000286DD00021033005F064F90446814BE5
:106A90004FF47A611868F8F707F8002840F0898009
:106AA000B9F1000F61D04846E9F7C2FB0146182052
:106AB00005F080FF0646002859D1764B6FF0090497
:106AC0001868F7F7D9FF23E054B9002EB2D1354644
:106AD00006274FF00108B34601964FF0FF34D6E782
:106AE000236823F4A05323F00203002B40F0C98055
:106AF000606838B9A06878B106F020F960B96FF025
:106B0000060405E006F014F90028F3D16FF005043F
:106B1000204607B0BDE8F08FE068D0B9606800F0AB
:106B2000CBFCC3B20193A368E768002B08BF012325
:106B3000002F08BF062725685FFA83F8BFB296B119
:106B400005F4A053B3F5805F7FF479AF4FF0000BED
:106B500088E7A16806F006F90028DFD16B205CE722
:106B60000146304690E7B346B7E749469FE70461E0
:106B7000B9F1000F07D04846E9F75AFB49460246EB
:106B8000306806F0E7FF019B314647F20D00B36124
:106B9000C6F81C803762756103AA00F0B9FC16289C
:106BA000044602D16FF00104B2E705DC50B10B28B6
:106BB00006D16FF00204ABE7722801D173202CE7F5
:106BC00020462AE72020DDF81090F8F733F8064633
:106BD000CAF8000068B3D9F8080006F0BFFD70607D
:106BE000DAF800607368012B0CD0022B24D03046F9
:106BF000F8F73EF86FF005040498002888D005F0F7
:106C000000FF85E70823C6E9028700273361356066
:106C1000F76109F118085A464046B9F8141005F012
:106C2000FEFE7061DAF8006073693BB93046F8F730
:106C30001FF86FF00904DFE71623E4E715F00205FB
:106C40001DD0B9F816000130F7F7F4FFDAF800307C
:106C5000B061986928B95869F8F70AF8DAF80000BD
:106C6000E5E7B9F81410B9F81620414406F072FFB0
:106C7000DAF80020B9F816309269D754BCE7B5614C
:106C8000BAE74FF0FF3443E76FF0070440E700BF77
:106C900014050300A0F20020F8B548F20F03994252
:106CA00005460E4640D022D848F20D03994233D013
:106CB00048F20E03994233D00069FFF721FE0446E3
:106CC00010B3B6F5004F1FD9A6F50046013E0B2EB6
:106CD0001AD8DFE816F0AE00E800B600B600B6003D
:106CE0003A013A01B600C400190019000B0149F23B
:106CF000040399421CD0B1F5104F3FD9C068FFF78B
:106D0000FFFD0446002848D12868002800F02D81A6
:106D1000BDE8F84005F075BEBDE8F840FFF75ABE83
:106D2000BDE8F84006F088B8BDE8F84006F071B854
:106D30000369082B00F21981DFE813F01000160038
:106D400009000E0016001701170118001E00002090
:106D5000BDE8F840FFF7FEBD0120F9E70021E86833
:106D6000BDE8F84005F0A8BF0121F8E70021E86878
:106D7000BDE8F84005F0ACBF0121F8E70069FFF776
:106D8000BFFD04460028BFD048F281039E42BBD11C
:106D90000146284600F0D6FA56E049F202039E4228
:106DA00000F0CD8037D805F00FFF0746E0B910207E
:106DB000F7F740FF0646B8B13946102206F0D7FE75
:106DC0002B6873606B683381698A002900F0C88082
:106DD0002A8A05F1140005F022FEF060002840F038
:106DE000BF803046F7F744FF286805F00AFE2046CA
:106DF00005F0ACFE58B1204605F0E6FE38B994F82F
:106E0000203043F0800384F820300C23A361204617
:106E100005F0A1FE18E049F203039E423DD049F27D
:106E200082039E427FF470AF0146284600F0A2FA2A
:106E30000AE06B692BB9284606F0D6FCAA694368BC
:106E40001A60284606F0D2FC204605F0CDFE002848
:106E500000F08B802046BDE8F84005F03ABE90F87F
:106E6000203043F0010380F8203005F094FE18B183
:106E70003E4B1868F7F700FE94F82030204623F0C8
:106E80000A0384F8203005F0AFFE10B1204605F06B
:106E900020FE2046FFF746FDD3E7286969280BD17D
:106EA0006823A361D0E790F82030EE686FF34103C8
:106EB00080F82030686918B100F012FBA061C3E7C8
:106EC000204605F052FE28B994F8203043F0040320
:106ED00084F82030204605F048FE0028B4D0002E6B
:106EE000B2D00021204600F063FAADE76B69F3B938
:106EF000284606F079FCAA6943681A60426892F84D
:106F0000203043F0040382F82030436822691A617C
:106F1000436862695A6183684BB105F10C0205F15F
:106F2000300152F8040B8A4243F8040BF9D194F86B
:106F30002230002B85D0013B84F8223081E790F885
:106F40002230013380F822307EE7284606F04CFCE0
:106F50006B6913B9AB69436073E74FF0FF33FAE72E
:106F60003146204605F0D2FD6EE7F8BDA4F20020C0
:106F700030B585B00546FFF7C3FC044628B90920A3
:106F8000F7F714FD4FF0FF300EE0FEF7A9FF68B9E8
:106F9000204605F000FE18B10E4B1868F7F76CFD9F
:106FA0002046FFF7BFFC002005B030BD00210820BF
:106FB00005F000FD014608B96920E1E7056101AA75
:106FC00047F2090000F0A4FA0028ECD01628EAD015
:106FD000D6E700BFA4F200202DE9F04385B081463A
:106FE000884614461D460C9EFFF78AFC40B90920CE
:106FF000F7F7DCFC4FF0FF33184605B0BDE8F0832F
:1070000015B90EB11620F3E7B8F1290F00F09D80F5
:107010000CDCB8F1010F11D0B8F1060F00F091802F
:10702000B8F1000F00F08F806D20E1E7B8F58D7F9B
:1070300039D0B8F5007FF7D11E2C08E0222C10DCE7
:10704000202C05DC142C12D0152C17D0022CEBD1DF
:107050003146102005F0AEFC0746002879D16920A2
:10706000C6E73C2C11D03D2C16D0282CEFE7324639
:10707000294605B0BDE8F04306F0BCBB32462946C0
:1070800005B0BDE8F04306F0C3BB3246294605B063
:10709000BDE8F04306F0CABB3246294605B0BDE85C
:1070A000F04306F0E3BB631E112BBDD801A252F8DA
:1070B00023F000BF0B710200357102005170020015
:1070C0002970020027710200FD7002002970020081
:1070D0002970020029700200297002002970020044
:1070E00019710200517002005170020051700200CB
:1070F0002970020051700200517002003246294688
:1071000005B0BDE8F04306F0D4BB3246294605B0D1
:10711000BDE8F04306F0E1BB3246294605B0BDE8C4
:10712000F04306F0EFBB3246294605B0BDE8F04318
:1071300006F0FABB3246294605B0BDE8F04306F03A
:1071400002BC372C83E71F2C81E7202C80D03E2CFB
:107150007DE7C0F81090404606F029FB7861204694
:1071600000F0B2F9B86125B132462946386806F018
:10717000F1FC394647F203007E6001AA00F0C8F92D
:10718000034600283FF438AF32E700BF2DE9F04353
:1071900085B08146884614461D460C9EFFF7B0FB1D
:1071A00040B90920F7F702FC4FF0FF34204605B044
:1071B000BDE8F08305B10EB90E20F3E7B8F1290F51
:1071C00000F094800CDCB8F1010F11D0B8F1060F7B
:1071D00000F08780B8F1000F00F086806D20E1E7B5
:1071E000B8F58D7F2DD0B8F5007FF7D11E2C79E052
:1071F000152C1FD00ADC042C15D0142CEED13246ED
:10720000294605B0BDE8F04306F0D4BBA4F1210344
:10721000012BE3D81020316805F0CCFB074600288D
:1072200068D16920BEE73246294605B0BDE8F04383
:1072300006F0B0BB3246294605B0BDE8F04306F083
:10724000C8BB621E122AC9D801A151F822F000BFA2
:10725000C7720200D5720200157202001572020098
:10726000B97202009D720200DD710200DD71020040
:10727000DD710200DD710200DD710200AB720200FF
:10728000DD71020015720200157202001572020013
:10729000DD710200DD7102001572020032462946DE
:1072A00005B0BDE8F04306F0A3BB3246294605B061
:1072B000BDE8F04306F0AEBB3246294605B0BDE856
:1072C000F04306F0B9BB3246294605B0BDE8F043AD
:1072D00006F0C4BB3246294605B0BDE8F04306F0CF
:1072E000CFBB372C96D079E71F2CFBE7202C91D011
:1072F0003E2CF7E7C0F81090404606F058FA786147
:10730000204600F0E1F83946B86101AA47F20400CE
:10731000D7F8008000F0FCF8044620B1404605F0A4
:1073200076FB20463EE77A68336841469A4228BF9A
:107330001A462846326006F00DFC404605F067FB11
:1073400034E700BF10B543690C467BB191F820309B
:107350006FF3C30381F82030406900F0C1F8044B9B
:10736000A061BDE810401868F7F786BB10BD00BFEC
:10737000A4F2002010B591F820300C466FF3C3033F
:1073800081F82030006960B9DBB223F0140343F0C8
:10739000140381F82030054BBDE810401868F7F75A
:1073A0006BBB00F09DF8A061F5E700BFA4F20020E0
:1073B0002DE9F743DFF8FC900446D9F8000001916D
:1073C000F7F772FB074650B1019B002B70D11023D9
:1073D000A3614FF0FF37384603B0BDE8F083606C1F
:1073E000D8B1E8F725FF461C94F84B8031464FEAA8
:1073F000880808F10C0005F0DDFA054678B920464A
:1074000005F0CEFB08B16923A361D9F80000F7F7B6
:1074100033FB6920F7F7CAFADBE73E46E4E7236867
:107420004246036194F8483004F14C01037594F826
:107430004A30183000F8023C94F8493000F8033C18
:1074400094F84B3000F8013C06F084FBF6B132466C
:10745000616C286806F02EFC6E6094F820300420E1
:1074600043F008032A4647F2810184F8203005F0F2
:10747000C1FA204605F094FB0028ACD1204605F067
:107480008AFB40B9A0690028A5D0C3E72E706E70B2
:10749000AE70EE70E0E7022001A9F7F7F7F910F1FE
:1074A0000B0F05D00028E9D00028B8BF4042B1E753
:1074B0007420AFE7A4F2002003289CBF014B1856AC
:1074C000704700BF1805030002383C289ABF034BE1
:1074D00053F820004FF0FF30704700BF78020300E0
:1074E00070289ABF024B53F820000248704700BF33
:1074F000B4000300ADBAADBA013804289ABF034BFB
:1075000053F820004FF0FF30704700BFA000030089
:107510004FF0FF3337B50D4DCA60144615600A466B
:1075200001460420019305F065FA2068A84202D0C4
:10753000FFF7D6FF08E0022001A9F7F7A7F9002816
:10754000F3D00028B8BF404203B030BDEEC100BC4C
:107550002DE9F041056807460C463DB101F4704342
:10756000B3F5005F04D1404BC3E90015BDE8F081DD
:107570003E4E336863B144F20402914264D00CD8A9
:1075800044F2020399424ED044F20303994253D08D
:107590003868BDE8F04105F034BA44F2012221F424
:1075A000807393420FD044F203139942F0D1304CD0
:1075B000206808B105F025FA01222E4B1A702560CB
:1075C0000420336826E0DFF8B080D8F8000008B166
:1075D00005F017FA44F201339C420CBF0322022249
:1075E00095F85170254B264C1A70C8F8005017F0CA
:1075F00008053368227810D01AB90520984701236E
:10760000237007F04107012F02D102203368984709
:1076100001203368BDE8F0411847002AF1D0062068
:1076200098472570EDE7174C206808B105F0E9F997
:10763000032033682560EDE70D4C206808B105F0A4
:10764000E0F900220B4BB9E72A78032AA0D8DFE83B
:1076500002F0020507090720984799E70820FBE791
:107660000920F9E70A20F7E7B8F20020A8F2002085
:10767000ACF2002040F30020B4F2002041F30020DF
:1076800042F30020B0F2002030B4074B1C6844B134
:1076900043688589A4460268C1899BB2E8B230BCC0
:1076A000604730BC704700BFC0F2002000210122BB
:1076B000074B1970074B1A70074B1970074B19606D
:1076C000074B1960074B18600748F7F79FB900BFD1
:1076D00043F3002045F3002044F30020C8F20020CB
:1076E000CCF20020DCF20020C4F20020024B18682B
:1076F00008B1F7F7C1B97047C4F2002070B4284B45
:107700001B68196958691A7C00221A745C7C5A74C7
:107710009C7C9A74DC7CDA741C7D1A755C7D5A75CD
:107720009C7D03299A75DC7DDA7529D0042929D03E
:1077300001290FD185681B4E954210D11A7A01217B
:1077400000221972597A5A72997A9A72DA7A6FF01B
:107750005F02DA72144B70BC1868F7F78DB9911C90
:1077600000EB81014C682178622907D0633918BF8A
:107770000121490046F821400132DDE70121F9E706
:10778000187ADEE7187A1972597A5A72997A9A72C7
:10779000DA7A6FF05F02DA720122044B1A70D9E7CD
:1077A000DCF20020D0F20020C4F2002044F30020DC
:1077B00000B583B00A4B1B6801934FF0000348B932
:1077C000074B1A68019B5A404FF0000305D103B0E4
:1077D0005DF804FBF2F7EAFBF2E702F0A1FF00BF5D
:1077E000B0D9012000B583B00B4B1B6801934FF05B
:1077F00000030A4B00E01433094A9342FBD3064BC3
:107800001A68019B5A404FF0000302D103B05DF8A3
:1078100004FB02F085FF00BFB0D9012030E1020077
:10782000BCE1020000B583B00F4B1B6801934FF021
:107830000003A8B1C3685A7812F0010F03D01B7877
:1078400063B1002000E00020074B1A68019B5A40FA
:107850004FF0000306D103B05DF804FB0120F3E70D
:107860000020F1E702F05CFFB0D9012000B583B041
:10787000094B1B6801934FF00003084B9868064BB7
:107880001A68019B5A404FF0000303D1843003B0C3
:107890005DF804FB02F044FFB0D90120E0F20020C3
:1078A00000B583B0114B1B6801934FF0000304280F
:1078B00015D8DFE800F003160E1012000C480B4B31
:1078C0001A68019B5A404FF000030CD103B05DF8D9
:1078D00004FB0848F3E70848F1E70848EFE70848E1
:1078E000EDE70848EBE702F01BFF00BFB0D901202D
:1078F0006C03030090030300A0030300AC03030028
:10790000BC0303007C03030000B583B00D4B1B6870
:1079100001934FF0000330B101F082FC70B10378A5
:1079200013B9094800E00848064B1A68019B5A4001
:107930004FF0000304D103B05DF804FB0248F3E705
:1079400002F0EEFEB0D90120CC03030082B0064B5A
:107950001B6801934FF00003EFF31183202383F39F
:107960001288BFF36F8FFEE7B0D9012010B582B047
:107970000446074B1B6801934FF00003EEF7E0FF4E
:10798000044A01210448EFF717FA2046FFF7DEFF0B
:10799000B0D90120D40303007CE402002DE9F047B4
:1079A00084B000AF05460C467B4B1B68FB604FF074
:1079B0000003EFF31188202383F31288BFF36F8F46
:1079C000DFF8D891D9F80860FFF76AFF99F810102E
:1079D000E94601233B7203237B728AB0EC461CF11B
:1079E000100221D04FF0160E5AB17346BEF1040FAB
:1079F00003DDDFF8ACA1CCF814A0082B01DDCCF836
:107A0000185001233B7203237B72D2B17346BEF13F
:107A10000C0F01DDCCF81C00102B01DDCCF8201080
:107A20000CF1240300210AE06FF0004EDCE701F1C5
:107A30001000384410F8080C03F8010B013101293B
:107A4000F5D9BEF1150F50DD16234AB10521397164
:107A500000217971B9710121F9717868CCF81000B1
:107A600000216FF300016FF341016FF382016FF3A7
:107A7000C501012060F38811C3F30A0363F35321A6
:107A80006FF31F5100234748EFF7EEF9CD461CB1C5
:107A9000E369C3F308035BBB3046FFF735FFE946F4
:107AA00001233B7203237B728AB0EC461CF1100267
:107AB00024D04FF0120E52B17346BEF1040F02DD16
:107AC0003949CCF81410082B01DDCCF818600123DB
:107AD0003B7203237B72F2B1BEF10C0F01DDCCF8D7
:107AE0001C000CF12003002113E06FF01B03ACE736
:107AF0002E4A01212B48EFF75FF9CDE76FF0004EDA
:107B0000D9E701F11000384410F8080C03F8010B14
:107B100001310129F5D9BEF1110F38DD12234AB127
:107B20000421397100217971B9710121F9717868E5
:107B3000CCF8100000216FF300016FF341016FF3E7
:107B400082016FF3C501012060F38811C3F30A03BA
:107B500063F353216FF31F5100231248EFF784F9A9
:107B6000CD4621462846FFF701FF88F31188BFF371
:107B70006F8F3046F0F7D6FF074B1A68FB685A4004
:107B80004FF0000306D11037BD46BDE8F0876FF017
:107B90001B03C4E702F0C4FDB0D90120E0F20020CD
:107BA000E40303007CE40200300403000C0403003F
:107BB00010B582B0124B1B6801934FF0000344686C
:107BC0000368CBB12046984730B1002812DBFF286C
:107BD00000DDFF20E3681870E268537843F001038A
:107BE0005370074B1A68019B5A404FF0000305D1B0
:107BF00002B010BD4042EAE70020EDE702F090FD40
:107C0000B0D9012030B583B00546124B1B680193F3
:107C10004FF00003104B53F8204002E023689847D0
:107C200008346B1C0C4A52F82330A34206D963680F
:107C3000002BF3D02046FFF7BBFFF1E7054B1A6896
:107C4000019B5A404FF0000301D103B030BD02F058
:107C500067FD00BFB0D901205804030010B588B0FB
:107C6000174B1B6807934FF00003B823154C03FB19
:107C7000004400EB800C144B03EB8C03134A059279
:107C8000012204920F220392002202920192009399
:107C90000F4B4FF4A0720F4901EB8C11204601F0FD
:107CA00059FB637B23F004036373054B1A68079B3E
:107CB0005A404FF0000301D108B010BD02F030FD72
:107CC000B0D9012018E50020E0F2002048040300AC
:107CD000C58302007018012000B583B00D49096802
:107CE00001914FF0000153EA02010BD101F0DCFADF
:107CF000084B1A68019B5A404FF0000307D103B0AC
:107D00005DF804FB0449183002F0D0FDF0E702F002
:107D100007FD00BFB0D90120359C020010B588B026
:107D20001F4B1B6807934FF000031E4C14E0636A5F
:107D30000593236A0493E3690393A3690293636938
:107D4000019323690093E368A2686168206801F0E9
:107D500001FB23685C653034134B9C42E7D302F08F
:107D60005BF9104C00E030340F4B9C420BD2A26AFE
:107D7000E36AB3F1FF3F08BFB2F1FF3FF3D02068E1
:107D8000FFF7AAFFEFE702F073F9054B1A68079BAC
:107D90005A404FF0000301D108B010BD02F0C0FC02
:107DA000B0D90120C4E30200C4E3020000B583B0EF
:107DB000134B1B6801934FF00003124B01221A7002
:107DC0000320FFF71FFFF0F75FF800F0A7F904208A
:107DD000FFF718FFFFF7A2FFE9F786F80A4A137BBF
:107DE00023F001031373064B1A68019B5A404FF0AE
:107DF000000302D103B05DF804FB02F091FC00BF68
:107E0000B0D9012046F30020D0E5002000B583B0B2
:107E10000146044B1B6801934FF00003024A0348DC
:107E2000F1F7B4F8B0D90120AD7D0200D0E5002013
:107E300000B583B0094B1B6801934FF0000305F0B8
:107E400096FE064B1A68019B5A404FF0000302D180
:107E500003B05DF804FB02F063FC00BFB0D9012061
:107E600000B583B0094B1B6801934FF0000305F088
:107E700071FE064B1A68019B5A404FF0000302D175
:107E800003B05DF804FB02F04BFC00BFB0D9012049
:107E900000B583B00B4B1B6801934FF000030A48F9
:107EA0000A4A121A0021FFF7C3FF064B1A68019B0A
:107EB0005A404FF0000302D103B05DF804FB02F01A
:107EC0002FFC00BFB0D9012048CD002048F300208E
:107ED00010B582B00446134B1B6801934FF00003AA
:107EE000FFF7BCFEB823104903FB04110F4A04EB53
:107EF000840302EB8303D9601C740D4B03EBC42392
:107F000003F5006304EB840402EB84025360054B29
:107F10001A68019B5A404FF0000301D102B010BD16
:107F200002F0FEFBB0D9012018E50020E0F20020AD
:107F30007010012070B588B0184B1B6807934FF084
:107F4000000302F007F9164D164B5D61164B0593C1
:107F50000123049300240394029401940094134B8E
:107F60004FF480421249284601F0F4F906466B7B33
:107F700023F004036B73284601F08AFD2046FFF7C7
:107F8000A7FF064B1A68079B5A404FF0000302D127
:107F9000304608B070BD02F0C3FB00BFB0D901206D
:107FA000D0E50020E0F2002050040300AD7D020087
:107FB000B019012070B582B005460C46244B1B68F1
:107FC00001934FF000032348FFF72CFC002831D029
:107FD000A2B2204B9B685E6866B3012329461D4808
:107FE000B047002826DD241A054423E0F6F780FA7E
:107FF000194A13685668C01846F1000610605660AA
:108000001649174B00FB03F301FB0633A0FB0101EC
:10801000144E801943EB0103106053600093264611
:10802000042C28BF0426324669462846FFF718FF6D
:10803000A41B3544002CD9D1054B1A68019B5A402A
:108040004FF0000301D102B070BD02F069FB00BF28
:10805000B0D901206CE1020060C60020FDB0B087FD
:10806000E62EBB272DF304B500B583B00020FFF743
:10807000C9FD254B03F5006282F3088883F30A8863
:10808000224CE02384F822300025E57725766576BA
:10809000A57684F82050636A43F4E023636284F891
:1080A0002350F0F751FCF0F7B5FF4FF0FF33A36218
:1080B000E362F1F72BFCF1F77DF8EEF727FB144CA8
:1080C000012666732673C4F88850C4F88C50204685
:1080D00003F07CFB0F4B9C60FFF784FB3046FFF7FF
:1080E00091FD0220FFF78EFD04210DEB0100FFF74B
:1080F00061FF094B019A1A601A6812021A60FFF7B1
:1081000019FFFFF783FE00BF7010012000ED00E0B3
:1081100060E70020E0F20020B0D9012000B583B074
:10812000084B1B6801934FF00003064B1A68019B34
:108130005A404FF0000302D103B05DF804FB02F097
:10814000EFFA00BFB0D9012010B582B00A4C246804
:1081500001944FF0000400F10C04C4600461E9F7DD
:1081600021FD054B1A68019B5A404FF0000301D1D5
:1081700002B010BD02F0D4FAB0D9012010B582B01F
:108180000D4B1B6801934FF000030C4C05E0A268F7
:1081900061682046FFF7D8FF1434094B9C42F6D3A0
:1081A000054B1A68019B5A404FF0000302D1002092
:1081B00002B010BD02F0B4FAB0D90120D4CB002037
:1081C000FCCB00202DE9F04F8BB006468A46914645
:1081D000149D159C2A4B1B6809934FF000032A46F7
:1081E000234606A802F0FEFCDDE90623CDE90223C2
:1081F00006F1140BEFF31181202383F31288BFF3F0
:108200006F8F4FF000084746CDF814B08B4615E04D
:10821000DDE9022306A802F02DFD069D079C0095CE
:10822000019406F10C025946059801F01DFDEFF38B
:10823000118B202383F31288BFF36F8F77B94A46DF
:1082400051463046E9F710FC074638B9254305D0BA
:10825000B8F1000FDCD14FF00108D9E78BF311889A
:10826000BFF36F8F064B1A68099B5A404FF000030B
:1082700003D138460BB0BDE8F08F02F051FA00BFD1
:10828000B0D9012000B585B0DFF830C0DCF800C0FF
:10829000CDF80CC04FF0000CCDE900230A460421B4
:1082A000FFF790FF054B1A68039B5A404FF00003FD
:1082B00002D105B05DF804FB02F032FAB0D901201A
:1082C00070B582B00446144B1B6801934FF0000355
:1082D00000F11406EFF31185202383F31288BFF316
:1082E0006F8FE9F74BFB04F10C0001F0F1FE60B970
:1082F00085F31188BFF36F8F074B1A68019B5A40B3
:108300004FF0000306D102B070BD2946304601F09F
:10831000DFFDF1E702F004FAB0D9012000B583B027
:10832000154B1B6801934FF000034169836841EAD4
:10833000030212F0030F19D10022C2600269013A50
:1083400002FB013304E0C2681A60C36042699B1AF1
:1083500082689A42F7D90020074B1A68019B5A405D
:108360004FF0000305D103B05DF804FB6FF015007A
:10837000F2E702F0D5F900BFB0D9012010B582B004
:108380000D4B1B6801934FF000030C4C002000E0E4
:108390001C340B4B9C4204D22046FFF7BFFF002841
:1083A000F6DA054B1A68019B5A404FF0000301D1E1
:1083B00002B010BD02F0B4F9B0D90120D4CB002036
:1083C000D4CB002000B583B0074B1B6801934FF05E
:1083D0000003EFF31183202383F31288BFF36F8F21
:1083E000F0F732FEF5E700BFB0D9012000B583B049
:1083F000084B1B6801934FF0000300BF054B1A6840
:10840000019B5A404FF0000302D103B05DF804FB1A
:1084100002F086F9B0D9012000B583B00D4B1B687E
:1084200001934FF00003884200DA014611F17F0FFB
:108430000ADB0846074B1A68019B5A404FF00003BD
:1084400005D103B05DF804FB6FF07E00F2E702F0A7
:1084500067F900BFB0D9012000B583B00C4B1B6891
:1084600001934FF00003806890F90E308B420AD1DF
:108470000020074B1A68019B5A404FF0000305D1BA
:1084800003B05DF804FB01F0B5FCF2E702F048F937
:10849000B0D9012000B583B003460B4A126801929F
:1084A0004FF0000200209860D8601B605B60064BB4
:1084B0001A68019B5A404FF0000302D103B05DF8E7
:1084C00004FB02F02DF900BFB0D901202DE9F041E5
:1084D00084B004461D46424B1B6803934FF00003D3
:1084E000EFF31187202181F31288BFF36F8FC168EA
:1084F000D1B9002956D13B4B9B6893F90E302361CB
:108500000131E160374B9B68A36087F31188BFF3AB
:108510006F8F0020324B1A68039B5A404FF00003C4
:108520005BD104B0BDE8F081164682682D4B9B6894
:108530009A42DED055EA060136D092F90E804146C5
:1085400093F90E00FFF768FF804534DC4FF0000818
:108550000096019522463946234801F085FB002804
:10856000D8D0EFF31185202383F31288BFF36F8FE8
:10857000A36843B323689C4223D013B3216993F9C2
:108580000E00FFF749FF01462046FFF765FFE8B9F7
:10859000B8F1000F1AD185F31188BFF36F8F6FF018
:1085A0000A00B7E72369AAE787F31188BFF36F8F43
:1085B0006FF00F00AEE701462046FFF74DFF804603
:1085C000C6E72169E0E7B8F1000FE4D02946064884
:1085D00001F07EFC6FF00A009CE702F0A1F800BFFA
:1085E000B0D90120E0F2002000F3002030B583B0C4
:1085F000234B1B6801934FF000038368002B37D097
:108600000446204A9268934235D1C368012B0BD9A6
:10861000013BC36000201A4B1A68019B5A404FF07F
:1086200000032BD103B030BDEFF31185202383F37A
:108630001288BFF36F8F0169FFF70EFF204601F02C
:108640007FFBA06068B190F90E3023610024C0F870
:10865000B04001F01DFA29460B4801F039FC2046D4
:10866000D9E70020E06085F31188BFF36F8FD2E770
:108670006FF01500CFE74FF0FF30CCE702F050F875
:10868000B0D90120E0F2002000F3002000B583B053
:108690000F4B1B6801934FF000030B6803F00303BB
:1086A0000B6042687AB1136803F003030B43136055
:1086B0004160074B1A68019B5A404FF0000305D1F7
:1086C00003B05DF804FB41600160F2E702F028F8B6
:1086D000B0D9012000B583B0194B1B6801934FF04E
:1086E0000003D9B18C460B6823F00301032B21D979
:1086F000136803F003030B431360DCF8003003F04E
:1087000003031343CCF800300D4B1A68019B5A4009
:108710004FF0000312D103B05DF804FB0168136849
:1087200003F003030B43136002604368002BEBD19B
:108730004260E9E71146FFF7A9FFE5E701F0F0FF26
:10874000B0D9012000B583B00B4A126801924FF0F6
:1087500000020022C0F8B020416101F099F9064BF7
:108760001A68019B5A404FF0000302D103B05DF834
:1087700004FB01F0D5FF00BFB0D901202DE9F04383
:1087800083B004460E4615461F469DF82830264AFB
:10879000126801924FF0000200F10808EFF311890E
:1087A000202282F31288BFF36F8F03B146684046E0
:1087B00001F0C6FAD8B91FBB00232B602A46314608
:1087C0002046FFF787FF042104F1100002F0B4FEF9
:1087D0004946404601F07CFB0020134B1A68019B80
:1087E0005A404FF000031CD103B0BDE8F083294686
:1087F000FFF7A8FF4946404601F06AFB0020ECE77E
:108800000821002002F0FCFF20B145600122026037
:108810000546D3E789F31188BFF36F8F6FF00B0024
:10882000DBE701F07DFF00BFB0D9012010B582B0B9
:108830000D4A126801924FF0000230B1036813F044
:10884000030F02D0446849B92046074B1A68019BC0
:108850005A404FF0000305D102B010BD02F064FF92
:108860002046F2E701F05CFFB0D9012000B585B0E9
:108870000A460B4B1B6803934FF000030123009340
:1088800000231946FFF77AFF054B1A68039B5A40ED
:108890004FF0000302D105B05DF804FB01F040FF8A
:1088A000B0D9012010B584B001462148006803907A
:1088B0004FF000008C46EFF31184202080F31288E3
:1088C000BFF36F8F5CF8080BC0B1036823F003039C
:1088D0000B604A6890420FD00121FFF7A7FF84F395
:1088E0001188BFF36F8F124B1A68039B5A404FF0E9
:1088F00000031AD104B010BD4B60EDE753EA02014A
:108900000BD00092019362462146604601F0ACF91B
:1089100048B9084B9B685869E5E784F31188BFF3B1
:108920006F8F0020DFE70020DDE701F0F9FE00BFD8
:10893000B0D90120E0F2002000B583B0114B1B68D4
:1089400001934FF00003A2B18A4215D38160C26047
:108950000060406000F11003036143610020094B97
:108960001A68019B5A404FF0000308D103B05DF82C
:1089700004FB6FF01500F2E76FF01500EFE701F070
:10898000CFFE00BFB0D9012030B583B00446194BEB
:108990001B6801934FF00003EFF31185202383F34D
:1089A0001288BFF36F8F01F0CBF988B10022C0F8B5
:1089B000B02001F06DF829460F4801F089FA0D4BFF
:1089C0001A68019B5A404FF0000310D103B030BD2C
:1089D000A368E268934208D001221344A3600221F5
:1089E00004F1100002F0A8FDE5E70022F5E701F030
:1089F00097FE00BFB0D9012000F3002010B584B06D
:108A00001849096803914FF00001EFF31181202408
:108A100084F31288BFF36F8F84687CB1013C84605B
:108A200081F31188BFF36F8F00200E4B1A68039BF0
:108A30005A404FF0000312D104B010BD53EA0204B3
:108A400006D0009201930246074801F00DF9ECE7C9
:108A500081F31188BFF36F8F6FF00F00E5E701F02E
:108A60005FFE00BFB0D9012000F3002000B587B041
:108A7000104B1B6805934FF000030F4A03AB92E8BD
:108A8000030083E8030000934FF0FF334FF480426C
:108A90000A490B4800F0CAFA064B1A68059B5A406F
:108AA0004FF0000303D1002007B05DF804FB01F094
:108AB00037FE00BFB0D9012008E50200B0590120FF
:108AC00088E6002000B583B0114B1B6801934FF07E
:108AD000000389B10B461168196041688A4212D0BF
:108AE000002313600A4B1A68019B5A404FF00003A1
:108AF0000BD103B05DF804FB1368036041688A4240
:108B0000EED14360ECE74360EAE701F009FE00BF05
:108B1000B0D9012000B583B00C4B1B6801934FF016
:108B2000000370B100221146C03001F07FFC074BFA
:108B30001A68019B5A404FF0000304D103B05DF85E
:108B400004FB0020F3E701F0EBFD00BFB0D90120EA
:108B500030B583B0244B1B6801934FF00003A8B3DA
:108B60000D460446214B9B68834223D000231A46BE
:108B7000D4F8D030C3F38001C3F3C00013F0010F69
:108B800027D001B142B300B149B300232B60D4F820
:108B9000BC30B3B11D60C4F8BC502046FFF7BAFF2B
:108BA0000120114B1A68019B5A404FF0000319D164
:108BB00003B030BD00F0F6FA08B90123D7E700236F
:108BC000D5E7C4F8BC50C4F8B850E6E76FF015001C
:108BD000E7E76FF01200E4E76FF00F00E1E76FF0F6
:108BE0000F00DEE701F09CFDB0D90120E0F200208B
:108BF00070B582B00D461E4B1B6801934FF0000309
:108C0000C36813F0020F22D1044613F0040F2BD1D6
:108C10000B68ABB1E36813F0010F14D0A3682B60AD
:108C2000022621462868FFF793FF002811DBE3683E
:108C300043F00403E3602B68A36036B130460AE0DA
:108C400083680B60E6E70126EBE7304601E06FF052
:108C50000F0000232B60064B1A68019B5A404FF00F
:108C6000000303D102B070BD0020F2E701F058FD0F
:108C7000B0D9012010B582B00346164A126801929D
:108C80004FF00002EFF31184202282F31288BFF329
:108C90006F8F0022009250F8042C22F0080140F857
:108CA000041C12F0080F0CD184F31188BFF36F8FEE
:108CB000084B1A68019B5A404FF0000308D102B0DC
:108CC00010BD10389B6900936946FFF791FFEBE7F1
:108CD00001F026FDB0D9012000B583B00C4B1B6814
:108CE00001934FF00003EFF31180202383F31288E8
:108CF000BFF36F8F01F048F9054B1A68019B5A408A
:108D00004FF0000302D103B05DF804FB01F008FD51
:108D1000B0D9012000B583B00B4B1B6801934FF015
:108D20000003C36823F01003C3601030FFF72CFE6C
:108D3000054B1A68019B5A404FF0000302D103B063
:108D40005DF804FB01F0ECFCB0D9012010B582B055
:108D50001C4B1B6801934FF00003C36823F0020310
:108D6000C360194B1C68BCB1236803B10CB100216E
:108D700017E02346FBE722461348FFF7A3FE04F162
:108D80000800FFF701FE0F4B1A68019B5A404FF095
:108D9000000315D102B010BD2346E8E71A461C4671
:108DA0001346002CEFD062688242E4D02146002BAB
:108DB000F4D01A68002AF2D0002BF0D11A46EEE760
:108DC00001F0AEFCB0D9012000F3002070B586B0F0
:108DD00005463E4B1B6805934FF0000316E0D5F89F
:108DE000D03023F00402C5F8D02013F0040F5BD17B
:108DF000002302934FF0FF324FF0FF33CDE9002301
:108E000005F1C0023146324801F058FBEFF31186FC
:108E1000202383F31288BFF36F8FD5F8B840002C5E
:108E2000DDD02368C5F8B830D5F8BC20944238D0DE
:108E3000D5F8D03043F00203C5F8D030E36843F0F2
:108E40000102E26023F0040343F00103E36063687E
:108E500086F31188BFF36F8F20469847EFF3118692
:108E6000202383F31288BFF36F8FE36823F001039D
:108E7000E36013F0100F21D1E36813F0020F21D14A
:108E8000D5F8D03023F00203C5F8D030C3F3002367
:108E900086F31188BFF36F8F002BB7D101F074F9FF
:108EA000B4E7C5F8BC30C3E705F1C80400220121CE
:108EB000204601F0BBFA0028F8D199E72046FFF7D9
:108EC00029FFD9E72046FFF741FFD9E7B0D90120B4
:108ED00008F3002010B582B084460846114909689D
:108EE00001914FF0000153EA020114D0C46844F02C
:108EF0000804C460DCF8001081620B49103001F0F6
:108F0000D5FC0120074B1A68019B5A404FF0000323
:108F100005D102B010BD6146FFF76AFEF2E701F02D
:108F2000FFFB00BFB0D90120758C020000B583B0F3
:108F30000F4B1B6801934FF00003C36823F0080236
:108F4000C26013F0080F0AD10020094B1A68019B78
:108F50005A404FF0000309D103B05DF804FB103014
:108F600001F03AFDB0FA80F04009EEE701F0D8FBDD
:108F7000B0D9012010B584B0019008460E4B1B6893
:108F800003934FF00003EFF31184202383F312883F
:108F9000BFF36F8F01A9FFF72BFE84F31188BFF396
:108FA0006F8F054B1A68039B5A404FF0000301D1A5
:108FB00004B010BD01F0B4FBB0D9012010B582B0EF
:108FC0000B4B1B6801934FF00003FFF7D3FF041E08
:108FD00009DC074B1A68019B5A404FF0000305D18A
:108FE000204602B010BDFFF777FEF2E701F098FBD4
:108FF000B0D9012000B583B001460A4B1B6801932C
:109000004FF000030848FFF7D9FF064B1A68019B91
:109010005A404FF0000302D103B05DF804FB01F0A9
:109020007FFB00BFB0D9012088E60020F0B58BB0EF
:109030000446109D2548006809904FF0000000206C
:10904000C4F8B800C4F8BC0004F1C000C4F8C00003
:10905000C4F8C40004F1C800C4F8C800C4F8CC00C7
:1090600065B3287960BB0120C4F8D0004FF0FF360B
:109070004FF0FF37CDE9066700200490039302907C
:1090800001900094124B204600F0C0F955B12968B8
:1090900011B1204600F0A0F86B791BB1237B43F09F
:1090A00001032373204600F0FFF8084B1A68099B60
:1090B0005A404FF0000306D10BB0F0BD0120D3E7BA
:1090C00040F20110D0E701F02BFB00BFB0D9012026
:1090D000CD8D0200F0B585B001900C4616461D46B8
:1090E000114B1B6803934FF00003EFF3118720230C
:1090F00083F31288BFF36F8F0846FFF717FF3246DE
:109100002B46214601A8FFF7E5FE87F31188BFF340
:109110006F8F054B1A68039B5A404FF0000301D133
:1091200005B0F0BD01F0FCFAB0D9012000B583B064
:10913000094B1B6801934FF0000300604060064B31
:109140001A68019B5A404FF0000303D1002003B07E
:109150005DF804FB01F0E4FAB0D9012010B582B04B
:1091600003460F48006801904FF00000073222F0DC
:10917000070288184FF0F0340C60C3F88810C3F869
:109180008C200022C3F89020054B1A68019B5A409E
:109190004FF0000301D102B010BD01F0C1FA00BFD1
:1091A000B0D9012000B583B00A4B1B6801934FF082
:1091B0000003EFF30580003818BF0120054B1A6843
:1091C000019B5A404FF0000302D103B05DF804FB4D
:1091D00001F0A6FAB0D9012010B582B00E4B1B6881
:1091E00001934FF00003044680B11F2204F1620096
:1091F00004F060FD002084F88100074B1A68019B91
:109200005A404FF0000304D102B010BD034B9C68DC
:10921000EBE701F085FA00BFB0D90120E0F20020B1
:1092200000B583B0084B1B6801934FF00003064B59
:109230001A68019B5A404FF0000303D1623003B01B
:109240005DF804FB01F06CFAB0D9012000B583B0E1
:10925000134B1B6801934FF00003124B9B685A7B22
:1092600012F0010F10D1D3F888301A68B2F1F03F34
:109270000AD04FF0F0321A60002383F31188BFF355
:109280006F8F0223184602DF054B1A68019B5A4074
:109290004FF0000302D103B05DF804FB01F040FA87
:1092A000B0D90120E0F2002000B583B0094B1B6863
:1092B00001934FF0000300F037FE064B1A68019B44
:1092C0005A404FF0000302D103B05DF804FB01F0F7
:1092D00027FA00BFB0D9012000B583B00D49096855
:1092E00001914FF0000153EA02010BD1FFF7DCFFBF
:1092F000084B1A68019B5A404FF0000307D103B096
:109300005DF804FB0449183001F0D0FAF0E701F0F1
:1093100007FA00BFB0D90120359C020010B582B019
:109320000B4C246801944FF0000400248460037304
:1093300042738173C4738461C461054B1A68019BD5
:109340005A404FF0000301D102B010BD01F0E8F91E
:10935000B0D901202DE9F04F87B004460D461646DE
:109360001F46DDF84090DDF844A0DDF848B0DDF898
:109370005480244B1B6805934FF0000300F1580301
:109380008365C365149B04221399FFF7C7FF324618
:1093900029462046FFF7E2FE0646CDF808B0CDF894
:1093A00004A0CDF800903B46024629462046EFF740
:1093B0009BFD00236365B8F1000F1AD01F224146C0
:1093C00004F1620004F076FC002384F881300E4B37
:1093D0009B6893B1D3F89430C4F89430094B1A6861
:1093E000059B5A404FF000030AD1304607B0BDE854
:1093F000F08F002384F86230E9E7C4F89430EDE799
:1094000001F08EF9B0D90120E0F20020F0B589B06A
:109410000446149E159D154F3F6807974FF00007AF
:1094200000270597129F0497119F0397109F02979B
:109430000F9F01970E9F0097FFF78CFFB5F1FF3F3D
:1094400008BFB6F1FF3F09D1084B1A68079B5A4085
:109450004FF0000308D1204609B0F0BD32462B463C
:109460002046FFF739FFEFE701F05AF9B0D90120A4
:1094700000B583B0084B1B6801934FF00003064B07
:109480001A68019B5A404FF0000303D1002003B03B
:109490005DF804FB01F044F9B0D9012010B582B0A9
:1094A000184B1B6801934FF00003174B53F8184FEC
:1094B0009C420FD074B180B9134B9B685A7B12F059
:1094C0001F0F0AD1A26942B9DA897F2A05D90E4A4B
:1094D00053610BE00C4BDC68EDE70B4B9B68A34240
:1094E00002D0204601F06CF8074B5C61054B1A680E
:1094F000019B5A404FF0000301D102B010BD01F0B2
:109500000FF900BFB0D90120E0F2002000B583B010
:10951000144B1B6801934FF00003437B90F90D201F
:10952000002A11DB104B9B68834214BF00200120EE
:10953000FFF7B4FF0B4B1A68019B5A404FF0000332
:109540000DD103B05DF804FB03F07F034373426861
:10955000036813605A60002303604360E2E701F090
:10956000DFF800BFB0D90120E0F2002010B582B0D2
:1095700004460A4B1B6801934FF00003FFF766FE99
:109580002046EFF7FDFA054B1A68019B5A404FF051
:10959000000301D102B010BD01F0C2F8B0D9012022
:1095A00000B583B00D49096801914FF00001B3F196
:1095B000FF3F08BFB2F1FF3F09D1084B1A68019B7A
:1095C0005A404FF0000307D103B05DF804FB044993
:1095D000183001F06BF9F0E701F0A2F8B0D90120E2
:1095E000359C020000B583B00C4B1B6801934FF013
:1095F000000390F90E3091F90E0083420AD0C01A90
:10960000064B1A68019B5A404FF0000304D103B087
:109610005DF804FB0020F3E701F082F8B0D90120E7
:1096200070B582B0234B1B6801934FF00003427B5F
:1096300090F90D30002B05DB044612F01F0F01D10D
:10964000866946B11B4B1A68019B5A404FF00003D4
:109650002DD102B070BD62F07F024273164B53F8F9
:10966000185F9D4208D1354606E06B68636025604F
:109670001C606C6017E035466DB129462046FFF747
:10968000B1FF0028F1DC002DF6D00B4BDB699D42C9
:10969000F1D02D68F0E7084BDA6903F11801216079
:1096A00062601460DC610020FFF7F8FECAE701F099
:1096B00037F800BFB0D90120E0F2002070B582B0C9
:1096C0000646184B1B6801934FF000030468844260
:1096D0001AD0DCB16268236813605A6000252560E7
:1096E0006560637B23F002036373A56004F11800D7
:1096F00001F072F9C4F8B0502046FFF791FF3468CA
:10970000A642E6D10024E4E70024E2E7054B1A680C
:10971000019B5A404FF0000301D102B070BD00F030
:10972000FFFF00BFB0D9012070B582B0364B1B6877
:1097300001934FF00003437B0B4216D104460D46C4
:109740000B43437313F0800F18D1082D21D000264E
:109750000120FFF7A3FE102D3ED0002E43D1BFF312
:109760005F8F637B23F060036373274B1A68019B51
:109770005A404FF0000345D102B070BD03F07F03A3
:1097800043734268036813605A60002303604360B8
:10979000DBE7A3685BB16268236813605A6000234B
:1097A00023606360627B22F002026273A36004F1B3
:1097B000180001F011F904F15800FFF77FFF134B77
:1097C0009B68A34201D00026C2E7EFF305830BB9E3
:1097D0000026BDE70126BBE7BFF35F8F637B23F065
:1097E00060036373C1E70A4D01236B732B7300237E
:1097F000C5F88830C5F88C30284601F0E7FF034BE8
:109800009D60ACE700F08CFFB0D90120E0F20020B1
:1098100060E7002030B583B005460C46194B1B6845
:1098200001934FF00003184B9868437B13F0600FCF
:1098300005D013F0200F07D00821FFF775FF84F340
:109840001188BFF36F8F0EE01021F6E7EFF311845C
:10985000202383F31288BFF36F8FFEF7C7FD84F3D5
:109860001188BFF36F8F6B7B13F0600FEED1054B48
:109870001A68019B5A404FF0000301D103B030BD7C
:1098800000F04EFFB0D90120E0F2002070B582B0A8
:1098900005460E461B4B1B6801934FF00003FFF774
:1098A00035FE6B7B43F002036B73FEB1AE60346830
:1098B000A64208D1002406E063686B602C601D603E
:1098C000656013E0002464B121462846FFF78AFE54
:1098D0000028F1DC002CF6D073689C42F2D024689A
:1098E000F1E773682E606B601D607560054B1A6848
:1098F000019B5A404FF0000301D102B070BD00F04F
:109900000FFF00BFB0D90120F0B583B004460E466A
:109910001546224B1B6801934FF0000300F15807D6
:10992000FFF7A6FDF8B1637B95B120221343637363
:10993000EFF3058373B131462046FFF76BFF174BFA
:109940001A68019B5A404FF0000324D103B0F0BDC8
:109950004022EBE73946124B9868FFF797FF3046F5
:10996000FFF704FEEBE765B108212046FFF7DCFEB8
:109970000B4B9B68A34206D086F31188BFF36F8F11
:10998000DDE71021F1E7EFF30583002BF4D130463A
:10999000FFF7ECFDD3E700F0C3FE00BFB0D9012014
:1099A000E0F2002070B582B0044616461D460B4B0F
:1099B0001B6801934FF00003FFF768FF32462B4608
:1099C0002046FFF7EDFD054B1A68019B5A404FF00A
:1099D000000301D102B070BD00F0A2FEB0D9012099
:1099E00030B583B00546284B1B6801934FF0000348
:1099F000437B90F90D20002A0ADB6B7B63F07F0329
:109A00006B73224B53F8184F9C4213D1002411E082
:109A100003F07F0343734268036813605A600023B6
:109A200003604360E9E763686B602C601D606560FC
:109A300017E000246CB121462846FFF7D3FD00282B
:109A4000F1DC002CF6D0114BDB699C42F1D024688C
:109A5000F0E70E4BDA6903F1180129606A601560BE
:109A6000DD610A4B9868A84214BF00200120FFF76F
:109A700015FD054B1A68019B5A404FF0000301D1B8
:109A800003B030BD00F04CFEB0D90120E0F2002060
:109A900030B583B00446144B1B6801934FF00003AC
:109AA0000023EFF31185202282F31288BFF36F8F1A
:109AB00004E085F31188BFF36F8F012343B920467B
:109AC000FFF7D6FC0028F4D12046FFF7A9FDF0E708
:109AD000054B1A68019B5A404FF0000301D103B0B7
:109AE00030BD00F01DFE00BFB0D9012010B582B01E
:109AF0000446134B1B6801934FF00003183000F02D
:109B00006BFFEFF31181202383F31288BFF36F8F74
:109B1000637B13F0100F0CD081F31188BFF36F8FAC
:109B2000074B1A68019B5A404FF0000306D102B060
:109B300010BD00222046FFF7E7FEF1E700F0F0FD40
:109B4000B0D9012000B583B0174B1B6801934FF0CB
:109B500000030023EFF31181202282F31288BFF368
:109B60006F8F10E04268036813605A60002303603F
:109B70004360427B22F002024273836081F31188CA
:109B8000BFF36F8F01231BB98368002BEAD1F5E780
:109B9000054B1A68019B5A404FF0000302D103B0F5
:109BA0005DF804FB00F0BCFDB0D9012070B582B0B7
:109BB00004460E461E4B1B6801934FF00003002322
:109BC000EFF31185202282F31288BFF36F8F07E035
:109BD0002046FFF725FD85F31188BFF36F8F012322
:109BE000DBB9637B13F0280FF5D1A3685BB1626822
:109BF000236813605A60002323606360627B22F055
:109C000002026273A360637B23F004026273002E7E
:109C1000DED023F014036373DAE7054B1A68019B67
:109C20005A404FF0000301D102B070BD00F078FD42
:109C3000B0D9012000B583B00A4B1B6801934FF0E7
:109C4000000301211838FFF7B1FF064B1A68019B8A
:109C50005A404FF0000302D103B05DF804FB00F05E
:109C60005FFD00BFB0D9012030B583B00C4611466E
:109C7000DDE906231248006801904FF0000011480A
:109C8000114DD0F808C0C5F800C0EFF311854FF0B2
:109C9000200C8CF31288BFF36F8F8068FFF782FE71
:109CA000FFF7D4FA2046EEF76BFF054B1A68019BCD
:109CB0005A404FF0000301D103B030BD00F030FD39
:109CC000B0D90120E0F2002008F3002000B583B0F5
:109CD00001461A4B1B6801934FF000030023EFF37A
:109CE000118C202282F31288BFF36F8F184605E093
:109CF00000208CF31188BFF36F8F01238BB90868A4
:109D00008142F5D00028F4D04268036813605A609D
:109D1000002303604360427B22F0020242738360AF
:109D2000E7E7064B1A68019B5A404FF0000302D147
:109D300003B05DF804FB00F0F3FC00BFB0D90120D4
:109D400070B582B005461C4B1B6801934FF00003B1
:109D50000023EFF31186202282F31288BFF36F8F66
:109D60001C4605E0002486F31188BFF36F8F0123A2
:109D7000ABB92C68A542F5D0002CF4D062682368FA
:109D800013605A60002323606360627B22F002024A
:109D90006273A36004F1180000F01EFEE3E7064BB7
:109DA0001A68019B5A404FF0000302D1204602B0CE
:109DB00070BD00F0B5FC00BFB0D9012010B582B075
:109DC00004460B4B1B6801934FF00003FFF7BAFEEC
:109DD00004F1180000F000FE054B1A68019B5A4080
:109DE0004FF0000301D102B010BD00F099FC00BF9C
:109DF000B0D901202DE9F04182B005460F46324B23
:109E00001B6801934FF000030023EFF3118620221B
:109E100082F31288BFF36F8F184629E063686B6086
:109E20002C601D60656017E044466CB121462846F1
:109E3000FFF7D8FB0028F1DC002CF6D0234BDB69C0
:109E40009C42F1D02468F0E7204BDA6903F1180155
:109E500029606A601560DD610120FFF71FFB0120AA
:109E600001E0AF73002086F31188BFF36F8F0123E9
:109E7000F3B96B7B13F01F0FF3D1D5F81880B8F14D
:109E8000000FEED103F07F036B736A682B681360D9
:109E90005A6000232B606B60AF736B7B63F07F03B2
:109EA0006B730A4B53F8184F9C42BED14446BCE733
:109EB000054B1A68019B5A404FF0000302D102B0D3
:109EC000BDE8F08100F02CFCB0D90120E0F20020C8
:109ED00010B582B0124B1B6801934FF000030B4684
:109EE00071B90C46EFF3058252B90E4A5169926876
:109EF000914205D0FFF7AAF92046EEF741FE03E0B4
:109F000083F31188BFF36F8F054B1A68019B5A408A
:109F10004FF0000301D102B010BD00F001FC00BF02
:109F2000B0D90120E0F2002010B582B0144B1B68BC
:109F300001934FF00003EFF31184202383F3128881
:109F4000BFF36F8F437B13F0040F0CD184F31188A0
:109F5000BFF36F8F0A4B1A68019B5A404FF0000302
:109F60000BD102B010BD23F004034373FFF758FB7D
:109F700021460448FFF7ACFFECE700F0D1FB00BF3F
:109F8000B0D9012008F3002010B582B0114B1B6836
:109F900001934FF00003044668B9EFF3058353B90A
:109FA0000D4B5A699B689A4205D0FFF74FF920463E
:109FB000EEF7E6FD03E084F31188BFF36F8F054BE6
:109FC0001A68019B5A404FF0000301D102B010BD46
:109FD00000F0A6FBB0D90120E0F2002000B583B06C
:109FE0000C4B1B6801934FF00003EFF3118020230B
:109FF00083F31288BFF36F8FFFF7C6FF054B1A6814
:10A00000019B5A404FF0000302D103B05DF804FBFE
:10A0100000F086FBB0D9012000B583B0124B1B685D
:10A0200001934FF000030023EFF31181202282F30C
:10A030001288BFF36F8F09E00C4B9A68D37B013B0A
:10A04000D37381F31188BFF36F8F0123002BF3D0FB
:10A05000054B1A68019B5A404FF0000302D103B030
:10A060005DF804FB00F05CFBB0D90120E0F20020B9
:10A0700010B582B0144B1B6801934FF0000300230E
:10A08000EFF31184202282F31288BFF36F8F0CE06C
:10A090000E4B9A68D37B0133D3730020FFF7FEF990
:10A0A00084F31188BFF36F8F0123002BF0D0FFF7EB
:10A0B00095FF054B1A68019B5A404FF0000301D1F0
:10A0C00002B010BD00F02CFBB0D90120E0F200205E
:10A0D00030B583B00546124B1B6801934FF0000367
:10A0E0000468844201D0002002E00024FBE7012044
:10A0F00054B12046FFF762FE2046FFF7C9FC2C68EA
:10A10000A542F4D10024F2E7054B1A68019B5A409E
:10A110004FF0000301D103B030BD00F001FB00BFE0
:10A12000B0D9012000B583B0094B1B6801934FF0F3
:10A130000003031D43608360054B1A68019B5A406E
:10A140004FF0000302D103B05DF804FB00F0E8FA21
:10A15000B0D9012000B583B0094B1B6801934FF0C3
:10A1600000030848FFF7DEFF054B1A68019B5A40C1
:10A170004FF0000302D103B05DF804FB00F0D0FA09
:10A18000B0D90120F4F2002070B582B02A4B1B68D0
:10A1900001934FF00003EFF31186202383F312881D
:10A1A000BFF36F8F254B9A68517B01F07F0151738C
:10A1B00050681168016048600021116051609D681D
:10A1C0006A7B62F07F026A7353F8184F9C4208D191
:10A1D000002406E063686B602C601D60656017E01A
:10A1E00000246CB121462846FFF7FCF90028F1DC79
:10A1F000002CF6D0114BDB699C42F1D02468F0E7CB
:10A200000E4BDA6903F1180129606A601560DD619F
:10A210000120FFF743F9FFF719F83046EEF7B0FCDD
:10A22000054B1A68019B5A404FF0000301D102B060
:10A2300070BD00F075FA00BFB0D90120E0F2002037
:10A240002DE9F04182B02A4B1B6801934FF00003C7
:10A2500050EA010341D004460E466FF001031B1A79
:10A260004FF0FF3262EB0102012B72F1000238DB8A
:10A270006FF001052D1AEFF31188202383F3128864
:10A28000BFF36F8F1B4FB8681B4B1860FFF73EF989
:10A29000B868224633461949183000F007FBBA68FF
:10A2A000537B43F010035373FEF7D0FF4046EEF7A5
:10A2B00067FC00F067FC281A63EB0303012873F1C5
:10A2C000000300DA00200A4B1A68019B5A404FF045
:10A2D00000030AD102B0BDE8F081FFF755FF00206E
:10A2E000F1E700F04FFC0519C5E700F019FA00BFCF
:10A2F000B0D90120E0F2002008F30020359C0200D4
:10A3000000B583B01D4B1B6801934FF00003B1F102
:10A31000FF3F08BFB0F1FF3F26D0FFF791FFC21704
:10A32000510141EAD06143011B1A61EB020189002E
:10A3300041EA93719B001B1842EB0102D20042EAF2
:10A340005372DB0047F6FF71581842F10002C00B50
:10A3500040EA4240094B1A68019B5A404FF0000303
:10A3600009D103B05DF804FB054B9868FFF7BEFB0D
:10A370004FF0FF30EEE700F0D3F900BFB0D9012075
:10A38000E0F2002000B583B0094B1B6801934FF049
:10A390000003084B9868064B1A68019B5A404FF01F
:10A3A000000302D103B05DF804FB00F0B9F900BF6F
:10A3B000B0D90120E0F2002000B583B01A4B1B6831
:10A3C00001934FF00003EFF31181202383F31288F0
:10A3D000BFF36F8F037B13F0010F08D1437B13F0A2
:10A3E000080F1AD081F31188BFF36F8F0BE081F350
:10A3F0001188BFF36F8F002383F31188BFF36F8F32
:10A400000423184602DF084B1A68019B5A404FF09C
:10A41000000306D103B05DF804FB0122FFF774FAD4
:10A42000F1E700F07DF900BFB0D901202DE9F0413E
:10A4300082B00546884617461F4B1B6801934FF0B4
:10A4400000030023EFF31186202282F31288BFF36A
:10A450006F8F184604E086F31188BFF36F8F0123D6
:10A46000F3B92C68A542F6D0002CF4D0C4F8B08023
:10A4700067616268236813605A6000232360636029
:10A4800094F80DC02CF0020C84F80DC0A36004F108
:10A49000180000F0A1FA2046FFF7C2F80120DAE721
:10A4A000054B1A68019B5A404FF0000302D102B0DD
:10A4B000BDE8F08100F034F9B0D901202DE9104851
:10A4C00085B00A9C0D4B1B6803934FF00003DDE938
:10A4D00008BCCDE900BCFFF7C7FB1CB1084B9B686B
:10A4E0005B692360054B1A68039B5A404FF00003D9
:10A4F00002D105B0BDE8108800F012F9B0D90120F2
:10A50000E0F2002000B583B00C4B1B6801934FF0C4
:10A5100000030B4BC01AC0100A4B03FB00F00A4BA0
:10A5200001221A54054B1A68019B5A404FF0000350
:10A5300002D103B05DF804FB00F0F2F8B0D90120BD
:10A5400018E80020ABAAAAAA0CF3002000B583B03B
:10A55000174B1B6801934FF00003C3897F2B11D861
:10A56000144B1B687BB190F90E20134B1B689A4269
:10A5700015DB437B13F01F0F13D1104B984212D001
:10A58000012300E0002303F00100094B1A68019B3E
:10A590005A404FF0000308D103B05DF804FB0023DC
:10A5A000F1E70023EFE70023EDE700F0B9F800BF83
:10A5B000B0D9012014F3002010F3002018E500208A
:10A5C00070B582B00646154B1B6801934FF000032F
:10A5D000134B1D7C05EB4503124C04EBC3042046D2
:10A5E00000F0FAF9104B00225A553046FFF7AEFF43
:10A5F00040B90A4B1A68019B5A404FF000030AD138
:10A6000002B070BD094B1A68013AD31708492046B9
:10A6100000F04CF9EDE700F083F800BFB0D901205D
:10A62000E0F2002018E800200CF3002014F30020D2
:10A6300005A5020030B583B01F4B1B6801934FF096
:10A640000003EFF31185202383F31288BFF36F8F8C
:10A650001A4B9C681A4B1B68A3421FD0184B002250
:10A660001A60164B1B7C174AD35C53B12046FFF788
:10A670006DFF30B1637B13F01F0F17D02046FFF73B
:10A680009FFF85F31188BFF36F8F0B4B1A68019BF7
:10A690005A404FF000030DD103B030BD2046FFF704
:10A6A0008FFF85F31188BFF36F8FEEE72046FFF72A
:10A6B00097F9E3E700F034F8B0D90120E0F2002088
:10A6C00008F300200CF3002000B583B00D4B1B688D
:10A6D00001934FF000030C480C4A121A0C49FDF785
:10A6E000BFFB0C4A0C490D48FDF7BAFB054B1A6835
:10A6F000019B5A404FF0000302D103B05DF804FB08
:10A7000000F00EF8B0D9012080C5002048CD00200F
:10A71000AC060300000000009406030080C5002082
:10A7200082B0064B1B6801934FF00003002383F3B4
:10A730001188BFF36F8F0223184602DFB0D90120C2
:10A7400000B583B00B4B1B6801934FF000030A4B1D
:10A750001868984209D0074B1A68019B5A404FF07D
:10A76000000304D103B05DF804FB0020F3E7FFF71A
:10A77000D7FF00BFB0D90120D4CA002000B583B0F4
:10A780000C4A126801924FF0000220B10A4A526846
:10A7900090420AD00068074B1A68019B5A404FF05C
:10A7A000000304D103B05DF804FB0020F3E7FFF7DA
:10A7B000B7FF00BFB0D90120D4CA002010B582B0C5
:10A7C0000446124B1B6801934FF00003FFF7D6FFBE
:10A7D00048B102460369416920691B18606941EB71
:10A7E0000001136151616268236813605A6000239D
:10A7F00023606360054B1A68019B5A404FF00003C9
:10A8000001D102B010BDFFF78BFF00BFB0D901200E
:10A8100000B583B00B4B1B6801934FF000030A4B4C
:10A820001B6853B10020074B1A68019B5A404FF038
:10A83000000305D103B05DF804FBF3F73DFEF2E73A
:10A84000FFF76EFFB0D9012018F3002010B582B0D9
:10A85000154B1B6801934FF00003FFF771FF04468F
:10A86000FFF7D6FFBCB1236962691B1A62EBE07285
:10A87000B3F1004F72F1000110DA002A09DB18462B
:10A88000094B1A68019B5A404FF0000309D102B0EE
:10A8900010BD0023F3E76FF00040F1E76FF00040D8
:10A8A000EEE7FFF73DFF00BFB0D901202DE9F047EB
:10A8B00082B01D46444B1B6801934FF00003B5F175
:10A8C000FF3F08BFB2F1FF3F72D00446924681605D
:10A8D0000023EFF31187202282F31288BFF36F8FDA
:10A8E00026E01AF1010845F10009FFF791FF18EB86
:10A8F000000349EBE070236160613BE0521A66EBB4
:10A900000303026143614368636020601C6044602C
:10A9100005E02E4B5A682360626014605C60FFF7AC
:10A920000FFF84423AD087F31188BFF36F8F012362
:10A93000002B3DD153466FF00101B1EB0A014FF0FE
:10A94000FF3060EB0502002ACBDB214A1168526818
:10A950005B1842EB05026FF00101C91A60EB0203BC
:10A9600008461A46012973F1000301DA012000228A
:10A9700020616261FFF7E4FE0028CAD002694669DF
:10A9800021696369914273EB060EB7DB891A63EBA9
:10A99000060321616361FFF7F1FEEDE70D4B1B68D4
:10A9A000002BC0D1FFF752FF0021F3F73BFDBAE7C0
:10A9B000054B1A68019B5A404FF0000302D102B0C8
:10A9C000BDE8F087FFF7ACFEB0D90120D4CA002063
:10A9D00030E8002018F3002070B582B00446154B13
:10A9E0001B6801934FF000030023EFF31186202230
:10A9F00082F31288BFF36F8F6FF0150004E086F3C7
:10AA00001188BFF36F8F01231D463BB92368002BCC
:10AA1000F5D02046FFF7D2FE2846F0E7054B1A682E
:10AA2000019B5A404FF0000301D102B070BDFFF707
:10AA300077FE00BFB0D9012070B582B0354B1B68DE
:10AA400001934FF00003EFF31186202383F3128864
:10AA5000BFF36F8F304B1860FFF772FE044623E0A0
:10AA60002E4A136851685B1941EBE5711360516020
:10AA700000220023C4E904232046FFF79FFE86F34B
:10AA80001188BFF36F8FA36820469847EFF31186B4
:10AA9000202383F31288BFF36F8F1F4A13685B1B59
:10AAA0001360FFF74DFE04463CB1256961691A4BFE
:10AAB0001A68D317AA428B41D2DA44B1236962697A
:10AAC000154909685B1A62EBE17223616261134AFE
:10AAD000114D2868136851681B1841EBE071136031
:10AAE000516000242C60FFF7B1FE2146F3F79AFC79
:10AAF00086F31188BFF36F8FFFF79CFD054B1A6833
:10AB0000019B5A404FF0000301D102B070BDFFF726
:10AB100007FE00BFB0D9012018F3002030E8002064
:10AB200010B582B0154B1B6801934FF00003002253
:10AB3000EFF31184202383F31288BFF36F8F134642
:10AB400011460CE0FFF764FE0D4A13685168C31804
:10AB500041EBE07184F31188BFF36F8F0122002A6B
:10AB6000F0D0064A1068019A50404FF0000202D11E
:10AB7000184602B010BDFFF7D3FD00BFB0D90120C9
:10AB800030E8002000B583B0094B1B6801934FF0FB
:10AB90000003FFF7C5FF064B1A68019B5A404FF0B0
:10ABA000000302D103B05DF804FBFFF7B9FD00BF5D
:10ABB000B0D9012000B583B0094B1B6801934FF059
:10ABC0000003FFF7ADFF064B1A68019B5A404FF098
:10ABD000000302D103B05DF804FBFFF7A1FD00BF45
:10ABE000B0D9012070B582B006461C46204B1B68C8
:10ABF00001934FF00003B4F1FF3F08BFB2F1FF3FF4
:10AC000008D0154654EA020114D100220023C0E9FD
:10AC1000002305E04FF0FF324FF0FF33C0E900237F
:10AC2000134B1A68019B5A404FF000031ED1304667
:10AC300002B070BD6FF00101891A4FF0FF3262EB74
:10AC40000403002B02DB01604360E9E7FFF768FFC4
:10AC50002B462246012D74F1000401DA0123002263
:10AC6000C01841EB020130607160D9E7FFF758FD71
:10AC7000B0D90120F0B583B005461F461A4B1B68BA
:10AC800001934FF00003B7F1FF3F08BFB2F1FF3F60
:10AC900011D0144657EA020314D100220023C0E960
:10ACA0000023114B1A68019B5A404FF0000319D141
:10ACB000284603B0F0BD4FF0FF324FF0FF33C0E93C
:10ACC0000023EEE7FFF72CFF03460A46A042B941F6
:10ACD00005D2E61A67EB02022E606A60E1E7002601
:10ACE0003246F9E7FFF71CFDB0D90120F0B583B07B
:10ACF000434B1B6801934FF00003EFF311832022B5
:10AD000082F31288BFF36F8F026862B183F31188F8
:10AD1000BFF36F8F3A4B1A68019B5A404FF0000304
:10AD20006BD103B0F0BD04461D46826AC36A52EA85
:10AD3000030105D0B3F1FF3F08BFB2F1FF3F27D1B8
:10AD4000236B01332363236A6BB185F31188BFF34F
:10AD50006F8F236A20469847EFF31185202383F3F2
:10AD60001288BFF36F8F04F11803A469A3423FD088
:10AD7000002C3DD02046FEF7E5FE0023C4F8B0309D
:10AD800085F31188BFF36F8F2046FEF781FEC1E780
:10AD900016461F46012A73F1000301DA0126002737
:10ADA000013E47F1FF37FFF705FF013041F1000198
:10ADB000801947EB0101012871F1000108DA6FF0F9
:10ADC00001024FF0FF330F492046FFF76FFDB7E751
:10ADD000FFF7F0FE013041F10001801947EB01035C
:10ADE0006FF00102121A4FF0FF3161EB0303EAE743
:10ADF00085F31188BFF36F8F8CE7FFF791FC00BFDD
:10AE0000B0D90120EDAC020000B583B00C4B1B683B
:10AE100001934FF00003EFF31180202383F3128896
:10AE2000BFF36F8FFFF7B0F8054B1A68019B5A40CC
:10AE30004FF0000302D103B05DF804FBFFF770FC94
:10AE4000B0D9012000B583B00D4B1B6801934FF0C2
:10AE50000003016242620023036300F11802826171
:10AE6000C261036043604363054B1A68019B5A400B
:10AE70004FF0000302D103B05DF804FBFFF750FC74
:10AE8000B0D901202DE9F04383B01D46DDE90A89E0
:10AE9000244B1B6801934FF00003EFF3118720232D
:10AEA00083F31288BFF36F8FB5F1FF3F08BFB2F194
:10AEB000FF3F26D00646144629466FF00102121BBA
:10AEC0004FF0FF3262EB0502002A1FDB3046FFF72E
:10AED00083FDC6E90A890023336322462B461249C3
:10AEE0003046FFF7E3FC87F31188BFF36F8F0D4BFC
:10AEF0001A68019B5A404FF0000311D103B0BDE81E
:10AF0000F08387F31188BFF36F8FF0E7012C71F1A5
:10AF1000000101DA01240025013C45F1FF35D5E7A8
:10AF2000FFF7FEFBB0D90120EDAC020010B582B0F6
:10AF30000446104B1B6801934FF00003FFF74CFDD4
:10AF400060B9636A0BB12046984704F11800FEF718
:10AF5000BDFE18B1FEF79CFDFFF756FF054B1A68C2
:10AF6000019B5A404FF0000301D102B010BDFFF722
:10AF7000D7FB00BFB0D9012000B583B0094B1B68D7
:10AF800001934FF0000300B16038064B1A68019B33
:10AF90005A404FF0000302D103B05DF804FBFFF705
:10AFA000BFFB00BFB0D9012000B583B0134B1B68B5
:10AFB00001934FF0000300238360437B03F03F03C2
:10AFC000102B05D80E4A22FA03F313F0010F09D112
:10AFD0000A4B1A68019B5A404FF000030CD103B092
:10AFE0005DF804FB0368002BF2D0426813605A60DE
:10AFF000002303604360EBE7FFF792FBB0D9012029
:10B000001601010070B582B006461446124B1B684B
:10B0100001934FF0000311E005EB850006EB800083
:10B02000FFF7C2FF84F31188BFF36F8FEFF3118432
:10B03000202383F31288BFF36F8F29464D1E00290A
:10B04000EAD1054B1A68019B5A404FF0000301D129
:10B0500002B070BDFFF764FBB0D9012010B582B01B
:10B060000C46274B1B6801934FF00003437B03F012
:10B070003F03013B0F2B34D8DFE803F018083311EE
:10B0800033333320333333333333332903699B680A
:10B090000BB9002026E002230B60012022E00369A7
:10B0A0001B6843B304230B6001201BE003699B680A
:10B0B0000BB9002016E00120086013E003691B6A49
:10B0C0000BB900200EE010230B6001200AE000699C
:10B0D00000F0CCFA08B9002004E02023236001200E
:10B0E00000E00020064B1A68019B5A404FF0000315
:10B0F00003D102B010BD0020F4E7FFF711FB00BF41
:10B10000B0D90120F0B583B005460E46274B1B6829
:10B1100001934FF000030368984215D01746436827
:10B1200093B19868FFF728FF04463846FFF724FFDD
:10B13000074601462046FEF755FA002804DC2C6835
:10B14000A54216D1002414E06B68356073601E6060
:10B150006E60164B1A68019B5A404FF0000323D1D2
:10B1600003B0F0BD6368736034601E606660F0E732
:10B1700000249CB1A068FFF7FFFE01463846FEF7A9
:10B1800031FA0028EEDC22466B689C42F0D024683D
:10B19000002CEED0002AECD11446EAE76B6835604B
:10B1A00073601E606E60D4E7FFF7BAFAB0D9012071
:10B1B00030B583B004460D46204B1B6801934FF019
:10B1C0000003437B03F03F03013B0F2B0FD8DFE865
:10B1D00003F01F080E180E0E0E250E0E0E0E0E0E8C
:10B1E0000E2C00690A4621461030FFF78BFFA56040
:10B1F000124B1A68019B5A404FF000031CD103B058
:10B2000030BD00690A4621461030FFF77BFFEEE7AC
:10B210000A4601460069FFF775FFE8E700690A463C
:10B2200021462430FFF76EFFE1E700690A46214618
:10B230002430FFF767FFDAE7FFF772FAB0D9012091
:10B240002DE9F04F83B080460F4691469A46234B36
:10B250001B6801934FF000030025AB460AE0BAF1EA
:10B26000000F02D199F8003023BB86F31188BFF399
:10B270006F8F0135BD4224DAEFF31186202383F36B
:10B280001288BFF36F8F05EB850408EB84046946D1
:10B290002046FFF7E3FE0028E1D00021A160E3682B
:10B2A000C3F386320098024362F39433E36089F873
:10B2B0000010DAE749462046FFF77AFF0BF1010B51
:10B2C000D3E7064B1A68019B5A404FF0000303D1A5
:10B2D000584603B0BDE8F08FFFF722FAB0D901203D
:10B2E00030B583B00D461A4B1B6801934FF0000335
:10B2F0008068FFF741FE437B13F0020F09D1144B26
:10B300001A68019B5A404FF000031ED1002003B081
:10B3100030BD0446FEF752FD082D0AD00023C4F8C4
:10B32000B030637B13F01F0F08D1A36923B1002352
:10B3300005E06FF00303F2E7012300E00023002B98
:10B34000DDD02046FEF7A4FBD9E7FFF7E9F900BFFF
:10B35000B0D9012070B582B0114B1B6801934FF03A
:10B3600000038468237873B154F8045C5DB1A4F1E0
:10B37000140604F11400FFF72FFB0023E3623146AB
:10B380002846FDF7F7FD064B1A68019B5A404FF01F
:10B39000000302D1002002B070BDFFF7C1F900BF69
:10B3A000B0D9012070B582B004460D46164B1B681B
:10B3B00001934FF00003866816B37378012B15D004
:10B3C000022B1AD0002030700023A360E368C3F37F
:10B3D00086322A4362F39433E3600B4B1A68019B75
:10B3E0005A404FF000030DD102B070BDFFF778FF57
:10B3F000002333709842E7DAEFE7FFF7ABFFF7E798
:10B400000020E1E7FFF78CF9B0D9012010B582B038
:10B41000124C246801944FF000040024846090F8DA
:10B420000DC061F3050C80F80DC0C16864F3943160
:10B43000C160817B62F345118173C28964F38F120D
:10B44000C2810361054B1A68019B5A404FF000030B
:10B4500001D102B010BDFFF763F900BFB0D90120E0
:10B460002DE9F04385B0074616461D462E4B1B6856
:10B4700003934FF000032D4B9C68012384F8603048
:10B4800084F8613055EA02030CBF0123002304F164
:10B490006002FFF7D5FE8046EFF31189202383F386
:10B4A0001288BFF36F8F94F8603043B3002384F8A1
:10B4B000603055EA06032DD0009601951C4A494696
:10B4C0001C48FEF7D1FB0446EFF31182202383F3DF
:10B4D0001288BFF36F8F154641463846FFF792FD3D
:10B4E00085F31188BFF36F8F0F4B1A68039B5A4087
:10B4F0004FF0000315D1204605B0BDE8F0834A4661
:10B5000001463846FFF77EFD89F31188BFF36F8F40
:10B510000024E9E789F31188BFF36F8F6FF00A0405
:10B52000E2E7FFF7FDF800BFB0D90120E0F200200C
:10B53000DCCA00201CF3002010B582B00346134A79
:10B54000126801924FF00002EFF31184202282F37F
:10B550001288BFF36F8F0068834208D04268036887
:10B5600013605A60002303604360FFF71BFF84F3FE
:10B570001188BFF36F8F054B1A68019B5A404FF03B
:10B58000000301D102B010BDFFF7CAF8B0D9012005
:10B5900000B583B00A4B1B6801934FF000030060B5
:10B5A000406000238360064B1A68019B5A404FF0AD
:10B5B000000302D103B05DF804FBFFF7B1F800BF50
:10B5C000B0D9012000B583B00A4B1B6801934FF03E
:10B5D000000383680B60C3681360064B1A68019B05
:10B5E0005A404FF0000302D103B05DF804FBFFF7AF
:10B5F00097F800BFB0D9012030B583B00346194A8F
:10B60000126801924FF00002EFF31185202282F3BD
:10B610001288BFF36F8FC16001228260006883428D
:10B6200018D04268036813605A60002303604360C7
:10B630000121FFF7B7FE044629460B48FEF748FCF8
:10B64000084B1A68019B5A404FF0000308D120466E
:10B6500003B030BD85F31188BFF36F8F0024EFE78F
:10B66000FFF75EF8B0D901201CF3002000B583B0CD
:10B67000174A126801924FF00002026822B3034693
:10B68000406898B1EFF3118C202282F31288BFF347
:10B690006F8FD9681A69914203D0914210D2501A23
:10B6A00000E098688CF31188BFF36F8F084B1A681D
:10B6B000019B5A404FF0000308D103B05DF804FB32
:10B6C0005868521A1044EDE70020EFE7FFF728F81A
:10B6D000B0D90120D0B584B00446124B1B68039347
:10B6E0004FF000030023043215D2B3B9002600271F
:10B6F000CDE9006741F004012046FCF763FD08B185
:10B7000040F8044B074B1A68039B5A404FF0000364
:10B7100005D104B0D0BD0123E7E70020F2E7FEF732
:10B72000FFFF00BFB0D9012000B583B00B4B1B68F1
:10B7300001934FF0000320B1011F50F8040CFCF7F7
:10B74000BFFD064B1A68019B5A404FF0000302D11F
:10B7500003B05DF804FBFEF7E3FF00BFB0D90120A2
:10B7600000B583B00A460A4B1B6801934FF00003F3
:10B7700001460848FFF7AEFF054B1A68019B5A4087
:10B780004FF0000302D103B05DF804FBFEF7C8FFE1
:10B79000B0D90120D4CB002000B583B001460A4BBC
:10B7A0001B6801934FF000030420FFF7D9FF064BFD
:10B7B0001A68019B5A404FF0000302D103B05DF8B4
:10B7C00004FBFEF7ADFF00BFB0D9012000B583B088
:10B7D000094B1B6801934FF00003084BC0F89430ED
:10B7E000054B1A68019B5A404FF0000302D103B089
:10B7F0005DF804FBFEF794FFB0D90120D4CB002004
:10B8000030B583B005460C460E4B1B6801934FF0D4
:10B810000003FDF7C7FC88B90B4B9B68D3F8940075
:10B8200018B122462946FFF755FF064B1A68019BBF
:10B830005A404FF0000303D103B030BD0348F0E796
:10B84000FEF76EFFB0D90120E0F20020D4CB00203B
:10B8500038B50546002941D051F8043C0C1F002B97
:10B86000B8BFE41800F07CFC1D4A136833B963606C
:10B8700014602846BDE8384000F078BCA34208D9DF
:10B88000206821188B4201BF19685B680918216084
:10B89000EDE71A465B680BB1A342FAD9116850185C
:10B8A000A0420BD120680144501811608342E0D1BE
:10B8B00018685B68084453601060DAE702D90C230B
:10B8C0002B60D6E7206821188B4202BF19685B689D
:10B8D0000918636008BF21605460CAE738BD00BF23
:10B8E00020F30020F8B5CD1C064625F003050835E9
:10B8F0000C2D38BF0C25002D01DBA94203D90C23E8
:10B9000033600020F8BD00F02BFC21490A68144682
:10B910009CB9204F3B6823B92146304600F06AF9B4
:10B9200038602946304600F065F9431C23D10C23CA
:10B930003046336000F01AFCE3E723685B1B17D442
:10B940000B2B03D923601C44256004E06368A242EA
:10B950000CBF0B605360304600F008FC04F10B0094
:10B96000231D20F00700C21A1CBF1B1AA350C9E7F1
:10B9700022466468CCE7C41C24F00304A042E3D050
:10B98000211A304600F036F90130DDD1CFE700BF93
:10B9900020F300201CF300202DE9FF470F7E914685
:10B9A00080460C46782F9A460C9D01F1430207D839
:10B9B000622F0AD8002F00F0E080582F00F0BB80E3
:10B9C00004F1420684F842703AE0A7F16303152BB4
:10B9D000F6D801A151F823F031BA020045BA0200AD
:10B9E000C1B90200C1B90200C1B90200C1B9020067
:10B9F00045BA0200C1B90200C1B90200C1B90200D2
:10BA0000C1B9020061BB0200D5BA020017BB020037
:10BA1000C1B90200C1B9020083BB0200C1B9020072
:10BA2000D5BA0200C1B90200C1B902001FBB0200B1
:10BA30002B6804F142061A1D1B682A6084F8423004
:10BA40000123ABE0236829681F0601F10400286088
:10BA500001D50D6803E05E06FBD5B1F90050002D5D
:10BA600061687ADA2D200029A16084F843002DDA7C
:10BA70006D425E480A231646B5FBF3F103FB1157EE
:10BA8000C75D06F8017D2F460D46BB42F4D9082B51
:10BA90000BD12368DF0708D5236961689942DEBFAF
:10BAA000302306F8013C06F1FF36921B22614B461B
:10BAB00003AA21464046CDF800A002F060F801300C
:10BAC00071D14FF0FF3004B0BDE8F08723F00403DC
:10BAD0002360CDE72B682068191D2960050601D574
:10BAE0001D6802E04106FBD51D886F2F3F4814BF3B
:10BAF0000A230823002184F843106668002EA660FC
:10BB0000B9DB216821F004012160002DB3D1002EA2
:10BB1000B1D11646BBE7236843F0200323607827A2
:10BB2000334884F84570296823680E1D2E601E0670
:10BB300003D50D6804E02D48F3E75D06F9D50D88BF
:10BB4000D90744BF43F0200323600DB11023D1E790
:10BB5000236823F020032360F8E724480A23CCE776
:10BB60002B682668181D6169286035061B6801D599
:10BB7000196002E07006FBD5198000231646236188
:10BB800095E72B6800211A1D2A601E6862683046FE
:10BB900001F0C2FF08B1801B60606368236100236D
:10BBA00084F8433083E72369324649464046D0470C
:10BBB000013086D023689B0714D4E068039B984229
:10BBC000B8BF18467FE70123324649464046D04772
:10BBD00001303FF476AF0135E36803995B1AAB425D
:10BBE000F1DCEAE7002504F11906F5E71D0603007C
:10BBF0002E06030038B50023054D044608462B6089
:10BC0000EDF74AFF431C02D12B6803B1236038BD16
:10BC100024F3002070B50A4405460E4E914201D12E
:10BC2000002011E015F8013B11F8014BF05C00F029
:10BC300003000128305D00F0030008BF2033012815
:10BC400003D12034181BE9D070BD181BFCD1002C87
:10BC5000E4D1F9E71D050300242B2DE9F0478646C2
:10BC6000904601D8012B06D1EDF774FF162303602F
:10BC70000020BDE8F0870D4635482A4615F8014BEF
:10BC8000065D16F00806F8D12D2C24D12C7801265B
:10BC9000951C2BBB302C30D00A2306F1004C00221F
:10BCA0000CF1FF3C1046BCFBF3F903FB19CAA4F1ED
:10BCB0003007092F28D83C46A34234DD571C07D053
:10BCC00081452DD301D1A2452ADB00FB034001228F
:10BCD00015F8014BEBE72B2C04BF2C78951CD8E70B
:10BCE000102BDAD1302CD8D12A7802F0DF02582A72
:10BCF000D3D16C7810230235CFE72B7803F0DF0324
:10BD0000582BF6D00823C8E7A4F14107192F01D812
:10BD1000373CD1E7A4F16107192F04D8573CCBE792
:10BD20004FF0FF32D4E7531C08D122236046CEF8EF
:10BD30000030B8F1000F9CD0691E06E006B1404209
:10BD4000B8F1000F95D0002AF6D1C8F8001090E79E
:10BD50001D05030013460A46014602480068FFF726
:10BD60007BBF00BFE4CA00202DE9F04F904685B0AC
:10BD700089461E460D46454A02902B4615F8014B52
:10BD8000175D17F00807F8D12D2C41D12C78012729
:10BD90009D1C002E41D1302C4CD00A2607F1004AC0
:10BDA00007F1FF3BF31732460AF1FF3A5846039377
:10BDB0005146E4F719FA019200228E468446114654
:10BDC0001046A4F13003092B05D9A4F14103192B26
:10BDD00037D8A4F137039E423DDD541C15D084456D
:10BDE0007EEB010234D38E4508BF844502D1019A0F
:10BDF0009A422DDB039A714300FB0211A6FB00025D
:10BE00000A44181842EBE371012215F8014BD8E7F8
:10BE10002B2C04BF2C789D1CBBE7102EBED1302CE0
:10BE2000BCD12B7803F0DF03582BB7D16C781026E8
:10BE30000235B3E72B7803F0DF03582BF6D0082642
:10BE4000ACE7A4F16103192B05D8A4F15703C2E7AD
:10BE50004FF0FF32D9E7531C0AD12223029A5846E9
:10BE600051461360B8F1000F0AD105B0BDE8F08F5C
:10BE700017B1404261EB4101B8F1000FF5D00AB1B2
:10BE800005F1FF39C8F80090EFE700BF1D0503007A
:10BE900013460A46014602480068FFF765BF00BF27
:10BEA000E4CA00202DE9F04386460D46354E28466B
:10BEB00015F8014B375D17F00807F8D12D2C26D166
:10BEC0002C780127851C3BBB302C32D00A234FF045
:10BED000FF380026B8FBF3F803FB08F930466FEA99
:10BEE0000909A4F1300CBCF1090F29D86446A3421A
:10BEF00037DDB6F1FF3F07D080452FD301D1A145F3
:10BF00002CDB00FB0340012615F8014BE9E72B2C45
:10BF100004BF2C78851CD6E7102BD8D1302CD6D175
:10BF2000287800F0DF005828D1D16C781023023532
:10BF3000CDE72B7803F0DF03582BF6D00823C6E7B4
:10BF4000A4F1410CBCF1190F01D8373CCFE7A4F1A3
:10BF5000610CBCF1190F04D8573CC8E74FF0FF360D
:10BF6000D2E7731C06D122233046CEF8003032B916
:10BF7000BDE8F08307B14042002AF9D006B1691E3E
:10BF80001160F5E71D05030013460A460146024805
:10BF90000068FFF787BF00BFE4CA00202DE9F74F14
:10BFA00091468A461E460D46494A01902B4615F891
:10BFB000014B175D17F00807F8D12D2C43D12C78D1
:10BFC00001279D1C002E43D1302C4ED00A264FEA6B
:10BFD000E67B32464FF0FF304FF0FF315B46E4F72F
:10BFE00003F93246009088465B464FF0FF304FF031
:10BFF000FF31E4F7F9F8002318461946A4F1300C94
:10C00000BCF1090F38D86446A64246DDB3F1FF3FC4
:10C0100016D0009B834278EB01033BD3009B8845FD
:10C0200008BF834201D1A24234DB714300FB0B11F4
:10C03000A6FB0003194420184FF0010341EBE47103
:10C0400015F8014BDAE72B2C04BF2C789D1CB9E7BF
:10C05000102EBCD1302CBAD12B7803F0DF03582B33
:10C06000B5D16C7810260235B1E72B7803F0DF03E9
:10C07000582BF6D00826AAE7A4F1410CBCF1190F01
:10C0800001D8373CC0E7A4F1610CBCF1190F04D80A
:10C09000573CB9E74FF0FF33D2E75A1C0AD1019958
:10C0A000222218460A601946B9F1000F0AD103B0DE
:10C0B000BDE8F08F17B1404261EB4101B9F1000FCB
:10C0C000F5D00BB105F1FF3AC9F800A0EFE700BFCA
:10C0D0001D05030013460A46014602480068FFF7A3
:10C0E0005DBF00BFE4CA002007B5009313460A46AF
:10C0F00001460348006801F016FE03B05DF804FB3A
:10C10000E4CA002070B51E469AB04FF4017304468D
:10C1100008461546ADF80C3000910491E4F788F814
:10C12000094B2A4669460190099300230590204651
:10C130000D9312934FF6FF73ADF80E30334600F0B7
:10C1400017F91AB070BD00BF63DC020013460A463F
:10C15000014602480068FFF7D5BF00BFE4CA0020CF
:10C160000148EDF7C3BC00BFFCCB00200148EDF750
:10C17000D9BC00BFFCCB00202DE9F04F98468B893D
:10C180009DB007461B060D46144610D50B6973B9C2
:10C190004021FFF7A7FB2860286130B90C233B60E2
:10C1A0004FF0FF301DB0BDE8F08F40236B610023DE
:10C1B000CDF80C804FF00109DFF8A081099320230E
:10C1C0008DF8293030238DF82A3023469A4613F80B
:10C1D000012B0AB1252AF9D1BAEB040B0BD05B462F
:10C1E00022462946384601F008FE013000F0A780BB
:10C1F000099A5A4409929AF80030002B00F09F8067
:10C2000000234FF0FF320AF1010A049307938DF8DF
:10C2100053301A93CDE90523544605224F4814F8AC
:10C22000011B01F079FC049AD8B9D00644BF202341
:10C230008DF85330110744BF2B238DF853309AF8F3
:10C2400000302A2B15D0079A544600204FF00A0CD4
:10C25000214611F8013B303B092B4BD9B0B1079275
:10C2600014E0A0EB0803A24609FA03F31343049376
:10C27000D2E7039B191D1B68002B0391BBBF5B42D8
:10C2800042F0020207930793B8BF049223782E2B43
:10C290000AD163782A2B32D1039B02341A1D1B6802
:10C2A00043EAE37303920593DFF8B4A003222178F5
:10C2B000504601F031FC38B1A0EB0A004022049B4B
:10C2C000013482401343049314F8011B06222548CD
:10C2D0008DF8281001F020FC002836D0224B1BBB23
:10C2E000039B073323F0070308330393099B33446D
:10C2F00009936AE70CFB02320C460120A8E70023F1
:10C3000001344FF00A0C19460593204610F8012B12
:10C31000303A092A03D9002BC6D00591C4E70CFB9B
:10C32000012104460123F0E703AB2A4604A938465D
:10C3300000930E4BAFF30080421C0646D6D1AB896A
:10C340005B063FF52DAF09982CE703AB2A4604A9FD
:10C3500038460093054BFFF71FFBEDE73F06030050
:10C36000450603004906030000000000FBDD020053
:10C370002DE9F0470C46ADF5227D002106460DF172
:10C380000408A74F0093CDF81881CDE94411A549C1
:10C39000A091A549A1911378002B00F05C81F95C74
:10C3A000551C11F0080119D06368002B0FDD2368BC
:10C3B0001A78BA5C120701D42A46ECE7459A013391
:10C3C0000132236045926268013A6260ECE7A19B0A
:10C3D0002146304698470028E9D0EDE7252B12D0BA
:10C3E00099466368002B40F39480226813784B458C
:10C3F00040F0318163680132013B22606360459BFC
:10C4000001334593D8E74191439153782A2B04BFD8
:10C410001023951C4FF00A0208BF4193A94619F852
:10C42000011BA1F13003092B1ED9DFF800A2032262
:10C43000504601F071FB38B1A0EB0A000123419A8C
:10C440004D4683401343419315F8013B782B06D8A2
:10C45000572B10D8252BC3D056D8002B64D00323DC
:10C4600047930A2342936AE0439B4D4602FB031124
:10C4700030394391D2E7A3F15802202AEFD801A125
:10C4800051F822F073C502005FC402005FC40200CD
:10C4900095C502005FC402005FC402005FC40200D1
:10C4A0005FC402005FC402005FC402005FC40200F8
:10C4B000ABC5020091C502000FC502000FC5020006
:10C4C0000FC502005FC4020085C502005FC4020000
:10C4D0005FC402005FC402005FC40200BBC502006B
:10C4E0008DC502002FC502005FC402005FC40200B8
:10C4F000B7C502005FC4020091C502005FC402001C
:10C500005FC4020073C50200453B022BA7D8052378
:10C5100014E0A19B21463046984700283FF465AFC0
:10C520004498002840F08F804FF0FF308FE0419B0F
:10C5300043F40873419310234293042347936368A1
:10C54000002B4ADD419B590604D423681A78BA5C53
:10C55000120749D4479B022B58DC6B46224641A95F
:10C56000304600F07DF8012875D002287FF424AF12
:10C57000D6E7419A42F40072419210226E2B429209
:10C5800002D9DAE7002342930323D7E70823D3E74E
:10C590000A22F3E72946404601F0E2FC419B0546AA
:10C5A00043F0400341930123C8E7419B43F040031C
:10C5B00041930023C2E70223C0E74198C3063FF539
:10C5C000FBAE009B10F0010F459A03F104010091AE
:10C5D0001B6814BF1A801A60EEE6A19B2146304604
:10C5E00098470028AED09BE7459A01324592626891
:10C5F000013A002A626002DD01332360A5E7A19BB6
:10C6000021463046984700289FD089E7042B0FDC4D
:10C610006B46224641A9304600F07CF8A3E700BFF4
:10C620001D050300B1DE020027DF020045060300FE
:10C630000A4B002B3FF4C0AE6B46224641A9304660
:10C64000AFF300808FE7A3895B063FF56DAF0DF573
:10C65000227DBDE8F0874498F9E700BF00000000A4
:10C660002DE9F84315468A6880460C4632B98A6936
:10C67000002A14BF4FF0FF3201228A60226800278F
:10C68000DFF88C90D1065FBF1A68111D196016681B
:10C69000A06988B1012807D12B681A7863699B5C6F
:10C6A00053B9002F31D022E0022820D12B681B780B
:10C6B00019F803301B071AD423680137DA065EBF66
:10C6C0002B681B7806F8013B2A686B680132013B36
:10C6D0002A60A2686B60013AA26042B1002BD7DCED
:10C6E000D4F880312946404698470028D0D02368A6
:10C6F00013F0100305D1E2680132E260A26902B1D1
:10C700003370236900203B442361BDE8F88300BFF8
:10C710001D0503002DE9F04F984687B0784B0C4675
:10C720008246164627464FF0000B93E8070003ABFE
:10C7300083E80700734BA169734A032908BF1A46AF
:10C74000A36801925A1EB2F5AE7F89BF6FF4AE7531
:10C750004FF0000903EB050940F25D1388BFA360A9
:10C7600057F81C3B43F450633D462360316803ABEC
:10C770000222097853F82B0001F0CEF9002840D0AE
:10C78000BBF1010F12D162682AB92268082142F474
:10C79000007261602260226822F4A0622260A268B6
:10C7A000511EA160DAB94FF0020BDFE7BBF1020FB7
:10C7B00006D0A268511EA1608AB94FF0010BD5E7DF
:10C7C000226802F4C061B1F5007F1FD142F480728B
:10C7D00010212260A2686160511EA160B2B132686E
:10C7E000511C3160127805F8012B7268013A002A59
:10C7F000726006DCD4F8802131465046904700280C
:10C8000074D10BF1010BBBF1030FAFD163680BB90E
:10C810000A23636063684FF0000B3C496069C91AE2
:10C8200001F09EFBA368226873B33168606991F8D8
:10C8300000C010F80C0038B3BCF1300F16D1100551
:10C8400014D50BF1010BB9F1000F03D0013309F13D
:10C85000FF39A3607368013B002B73600DDD336803
:10C8600001333360A368013BA360DBE722F410626D
:10C8700022600B7805F8013BECE7D4F880313146B3
:10C88000504698470028EDD02368D9050DD5BD4204
:10C8900009D905F1FF3915F8011CD4F87C3132466D
:10C8A0004D4650469847BD4228D0226812F01002EB
:10C8B00013D12A70394663685046019EB047D8F8B4
:10C8C000003021681A1D11F0200FC8F800201B68E5
:10C8D0000FD01860E3680133E360ED1B236900208B
:10C8E0005D442B44236107B0BDE8F08F4FF0000B8F
:10C8F000CAE7CA074CBF18801860EBE70120F2E7CF
:10C9000010E502001FDD020023DD020060060300C7
:10C91000F9F7E6BA022904D0042906D0012900D18A
:10C920007047806808B1F2F7DDB97047002210B592
:10C930000468944200D110BD00EBC2014B68013283
:10C9400023F0FF0343F003034B60F2E70420F8F702
:10C9500055BA0420F8F76EBA08B5F8F713FABDE82F
:10C960000840FAF7C3BE38B504460025031D226807
:10C97000AA4201D8002319E04FF00002D3E8CF0FFC
:10C98000032804D1C3E8CC2FBCF1000FF6D102D0AC
:10C9900008330135EBE701EB8513184640220021EF
:10C9A00001F0E5F8034604EBC504A060184638BD65
:10C9B0000830704770B506460D4621B9F9F7B4FA4C
:10C9C00090B9002070BD0846F2F76EF904460028C1
:10C9D000F7D03046F9F7A8FA38B92046F2F782F9CD
:10C9E0000120F2F7EDF8ECE72C460661C56040F84F
:10C9F000084FE7E740EA0141104640F8081DF9F703
:10CA0000A5BAF9F79DBAF9F795BAF2F74DB908B595
:10CA1000F2F768F9BDE808400120F2F7D1B804291F
:10CA2000F8B50546174603D0102910D000240CE0B5
:10CA30000820F2F7FFF804460028F7D000234360EF
:10CA40000123478003802B6843602046F8BD1620F1
:10CA5000F2F7F0F804460028E8D0061D1222002163
:10CA6000304601F084F8022323802B46678005F1CD
:10CA7000100253F8041B934246F8041BF9D1E4E773
:10CA8000134609B9116070470A88012A02D0022AA8
:10CA900007D070471A68082A28BF08221A6001F0D8
:10CAA00059B81A68162A28BF1622F7E708B5F9F709
:10CAB00027FF40B100F11C03D3E8EF1F0131C3E8A9
:10CAC000E21F002AF8D108BD006808B1F9F7C6BE18
:10CAD000704737B50025036804460093838F684686
:10CAE000ADF80650ADF8043000F0D6FD38B1A36BB8
:10CAF0006846984794F83E300BB1A563E56303B0F0
:10CB000030BD4068003818BF0120704700230B601B
:10CB1000836813B9C0E901117047196081607047DB
:10CB200038B505460C46F9F717FAAA682368944207
:10CB30006B6008BFAB6000232046236000F04DF916
:10CB4000BDE83840F9F70EBA406870470069431EE7
:10CB50005842584170470069831E584258417047F7
:10CB60000069C31E5842584170474069B0F5817F43
:10CB700005D040F21113C31A5842584170470120A2
:10CB8000704790F82000C0F34000704790F82000F4
:10CB9000C0F38000704790F82000C0F3C0007047D9
:10CBA000006C00F00100704790F8200000F00100D8
:10CBB00070470369012B05D18069A0F180035842B9
:10CBC000584170470020704790F82000C009704716
:10CBD000836933F0800314BF01200020704790F870
:10CBE0002000C0F340107047806B003818BF012050
:10CBF000704790F83400431E58425841704708B5BA
:10CC000090F82030014613F001020BD1FFF7E0FF4E
:10CC100028B90846FFF7CDFF80F00100C2B202F04C
:10CC2000010008BD0022FAE770B504460D4616461D
:10CC30002046FFF7E4FF70B155B1284600F0BCF87C
:10CC400048B931460220F1F721FE0028F0D070BD2E
:10CC50006368002BF5D00020F9E74068003818BF62
:10CC60000120704790F82200003818BF012070475B
:10CC700010B50446FFF7ACFF94F82010C1F3401341
:10CC800040EA0302236982F00102012B14BF012351
:10CC9000C1F38003D2B220461A40FFF766FF48B1C5
:10CCA000C1F300112046FFF784FF0A4080F0010025
:10CCB000104010BD0121F5E710B50C46F9F720FE34
:10CCC00028B190F8203064F3861380F8203010BD2E
:10CCD00010B50C46F9F714FE28B190F8213064F332
:10CCE000000380F8213010BDD0E9092353EA020186
:10CCF00009D04FF47A71B3FBF1F001FB0200012877
:10CD0000B8BF012070474FF0FF307047D0E90B23C8
:10CD100053EA020109D04FF47A71B3FBF1F001FB41
:10CD200002000128B8BF012070474FF0FF30704764
:10CD3000013802288CBF00200120704701380228EA
:10CD40008CBF0020012070470388012B03D0022BE9
:10CD500006D001207047082914BF00200120704729
:10CD60001629F9E7032915D011280CD004DC88B165
:10CD700006280AD000207047B0F5817F05D040F228
:10CD800011139842F6D1022900E0012914BF0020B6
:10CD90000120704701207047C368012B03D0022B8C
:10CDA00007D0012070470888012814BF0020012007
:10CDB000704708880228F8E700B10068003818BFFB
:10CDC0000120704700B100687047438940681844EB
:10CDD000704702894089101A704710B504464068B0
:10CDE000FFF70FFEE06808B1F1F742FF2046BDE80B
:10CDF0001040F1F73DBF10B50446206800B910BDE2
:10CE0000626803689042236008BF6360FFF7E5FF34
:10CE1000F3E700F0EBBC10B5044660B1406908B11F
:10CE2000F1F726FFA06908B1F1F722FF2046BDE81F
:10CE30001040F1F71DBF10BD10B5044600F0D4FC42
:10CE400023684360A36983602046BDE8104000F07A
:10CE5000CDBC2DE9FF4180460F461646FFF768FF1F
:10CE600038B96A20F1F7A2FD4FF0FF3004B0BDE8F9
:10CE7000F0813046F9F796FD08B97B20F2E7384695
:10CE8000FFF75CFF08B96B20ECE739463046FFF747
:10CE900069FF0028F7D0F9F7FFFC054608B917200D
:10CEA000E0E700211420FFF785FD044620B928465D
:10CEB000F9F738FD6920D5E74FF0FF330374437469
:10CEC0008374C3744046FAF7F7FA6061384600F09D
:10CED0004DFC0146A061304600F049FC2146E0616E
:10CEE00001AA47F201000295FAF712FB044620B1AD
:10CEF0002846F9F717FD2046B4E7C5E903872868F7
:10CF00006E61B3E773B506460C461546FFF7CEFDD6
:10CF1000019050B90920F1F749FD4FF0FF3401A805
:10CF2000FFF7D2FD204602B070BDFFF751FE10B1F1
:10CF3000019B9869EFE70198FFF728FE08B17F2071
:10CF4000E9E70198FFF71DFE08B17820E3E70CB987
:10CF50000E20E0E721460198FFF71EFF08B96A207E
:10CF6000D9E729462046FFF7EFFE08B91620D2E799
:10CF70000198FFF715FE054620B1019B5D69113D43
:10CF800018BF012500211C20FFF714FD024608B937
:10CF90006920C0E706612388012B11D0022B18D02D
:10CFA0000199042091F8203043F0020381F82030E9
:10CFB00047F20201D560FFF71DFDDDB17720AAE73A
:10CFC00063888382042383750023C3756368836148
:10CFD000E6E7638800F1180183821023837500233C
:10CFE000C375231D143453F8040BA34241F8040BFA
:10CFF000F9D1D5E70198FFF789FE00900198FFF776
:10D00000C0FD20B90198846984B1204683E7694650
:10D010000220F1F73BFC10F10B0F05D00028EDD0FA
:10D020000028B8BF404276E7742074E7FFF79DFD03
:10D0300000283FF474AFDDE90010FAF7B9F90446AF
:10D040006DE730B585B005460C46F9F759FC38B99F
:10D050000920F1F7ABFC4FF0FF33184605B030BDA7
:10D060000CB90E20F5E72146FFF796FE08B96A20B5
:10D07000EFE700211C20FFF79DFC014608B969205D
:10D08000E7E705612388012B0AD0022B11D047F274
:10D09000050001AAFAF73CFA03460028DDD0D8E7DC
:10D0A00063888382042383750023C3756368836167
:10D0B000EDE7638800F11802838210238375002353
:10D0C000C375231D143453F8040BA34242F8040B18
:10D0D000F9D1DCE730B585B005460C46F9F710FC10
:10D0E00038B90920F1F762FC4FF0FF33184605B05C
:10D0F00030BDFFF72BFD08B95F20F3E700210C20BE
:10D10000FFF758FC014608B96920EBE724EAE4740C
:10D110000561446101AA47F20800FAF7F9F90346EC
:10D120000028E3D0DEE7F0B595B007460D4614467B
:10D13000FFF7BCFC019050B90920F1F737FC4FF024
:10D14000FF3401A8FFF7C0FC204615B0F0BD15B1B3
:10D150001CB90E20F1E7002CFBD1FFF7F7FC08B952
:10D160005F20EAE70198FFF71BFD28B10198FFF760
:10D1700079FD08B90B20E0E70198FFF7B5FD0090B5
:10D180000198FFF711FD50B10198FFF76BFD0028E2
:10D19000D2D0F9F781FB064680B91720CDE7019878
:10D1A000FFF760FD0028EFD169460220F1F76EFB22
:10D1B0000028E5D00028B8BF4042BEE70021082083
:10D1C000FFF7F8FB014620B93046F9F7ABFB6920C1
:10D1D000B3E70761039675B17CB10BAB47F20C0066
:10D1E00002AA0493FAF794F9074640B13046F9F7DA
:10D1F00099FB3846A1E72B46F0E72346EEE73DB121
:10D2000034B1BDF83E30042B04D0102B15D027606C
:10D21000346896E701232768ADF81430082F28BF3B
:10D220000827BDF83C30ADF81630109B06933A46FF
:10D23000284605A900F08EFCE9E70223ADF814307A
:10D24000BDF83C3006AFADF8163014ABADF8280091
:10D2500013E90F0087E80F002768162F28BF16274D
:10D26000E5E72DE9F04F89B016461D46129F039061
:10D27000019103F0400803F4007BF9F741FB0446F9
:10D2800038B90920F1F792FB4FF0FF3009B0BDE843
:10D29000F08F35F4107305D1B8F1000F11D0BBF148
:10D2A000000F01D05F20EDE7FFF730FD049020462E
:10D2B000FFF776FCA8B9B8F1000818BF4FF00108D5
:10D2C00005E0FFF723FD0490BBF1000FEFD02046EF
:10D2D000FFF78FFC40B12046FFF77AFC68B1A069E8
:10D2E000D0E74FF00108F2E72046FFF771FC002875
:10D2F000F5D12046FFF75DFCF0E72046FFF72BFC59
:10D3000000284CD02046FFF741FC002847D10FB938
:10D310007920B7E72046FFF71EFC00284AD12046B7
:10D32000FFF71EFC002845D147F206092046FFF70B
:10D330000DFC40B12046FFF718FC20B1B6F5006F98
:10D3400028BF4FF40066FFF75EFBB04207D22046CD
:10D35000FFF7FCFB002844D0FFF755FB064647F2D9
:10D36000060399450CBF0E23222300250293204675
:10D37000FFF735FC18B12046FFF741FC98BB31465A
:10D380000298FFF717FB824600283BD1012004A931
:10D39000F1F77CFA90BBB8F1000FF0D026E0204600
:10D3A000FFF7D9FB20B92046FFF7DAFB0028BBD0F6
:10D3B000002FB9D039462046FFF7EEFC08B96A20A5
:10D3C00060E738461399FFF7BFFC08B9162059E704
:10D3D0002046FFF7CAFB08B17F2053E747F2070951
:10D3E000A4E77A204EE7B8F1000F01D00B2049E7FF
:10D3F000022004A9F1F74AFA0028B8D00028B8BFE3
:10D4000040423FE7039B0361019B23B1324619462B
:10D41000006800F09FFB94F8340020B1FAF76CF834
:10D42000002284F83420BBF1000F0ED0049D40F0A0
:10D4300040006B1C1FD04FF47A7295FBF2F5ADB231
:10D44000B5F5167F28BF4FF4167547F207029145D0
:10D45000CAF8140034D1AAF82C503A88012A0DD009
:10D46000022A18D05146484605AAFAF751F8034651
:10D4700048BB06980AE74FF41675E6E77A88AAF8DB
:10D48000182004228AF81A2000228AF81B207A68C1
:10D49000CAF81C20E6E77A880AF11C01AAF81820CD
:10D4A00010228AF81A20002207F114008AF81B20A3
:10D4B0003A1D52F804CB824241F804CBF9D1D1E7AE
:10D4C000AAF81850CEE70C2806DC0A2807DDB8F1C8
:10D4D000000F3FF44CAF89E78C283FF4D3AE1846D9
:10D4E000D0E62DE9F74F8946DDE90C7A15461E4650
:10D4F00003F48078FFF7DAFA019058B90920F1F7C0
:10D5000055FA4FF0FF3701A8FFF7DEFA384603B0AF
:10D51000BDE8F08F36F4A17301D05F20EFE727B1AB
:10D52000BAF1000F04D10E20E9E7BAF1000FFAD1E9
:10D53000FFF70CFB28B10198FFF728FB08B9802002
:10D54000DDE70198B8F1000F16D1FFF729FB08B904
:10D55000730611D50198FFF7D4FA68B90198FFF75F
:10D5600037FB48B90198FFF724FB28B90198FFF76A
:10D570001BFB08B90B20C2E70198FFF7B5FB6A4611
:10D58000009000210198FFF74FFB18B10028B8BFA9
:10D590004042B4E70198FFF7B4FA88B90198FFF761
:10D5A00008FB002876D10198FFF7FEFA0028A5D1E4
:10D5B0000198FFF70DFB0028A3D0019B98699EE717
:10D5C0000198FFF7C1FA044627B1C16852463846B0
:10D5D000FFF756FA002706F0020A2046FFF7F9FB8C
:10D5E000A8421DD82046FFF7F4FB0646002E8AD03D
:10D5F0002046FFF7EAFB09EB070B01463246584687
:10D6000000F0A8FA01983744FFF7A5FA50B1BAF133
:10D61000000F7FF478AF21460198FFF781FA72E797
:10D620002E46E3E70198FFF79BFA0028EFD1BAF105
:10D63000000F14D0B5423FF466AFB8F1000F04D02C
:10D640006A4621460198FFF7EFFA2046AD1BFFF727
:10D65000B9FB04460028C0D1002F9FD053E763894F
:10D66000204633446381FFF7B4FB18B92146019883
:10D67000FFF756FAB5423FF446AFAD1BB8F1000FC5
:10D6800004D06A4600210198FFF7CEFA0198FFF70F
:10D690005BFADEE7002736E738B504460068F9F79D
:10D6A0002FF9054628B90120E38843F02003E380E1
:10D6B00038BDFFF779FA0028F5D12846FFF788FA38
:10D6C000F8B1E38843F00803E380A388DA0707D5BD
:10D6D0002846FFF7C2FAE8B1E38843F00103E3808C
:10D6E000A3885B0707D52846FFF7C2FA18B1E3887D
:10D6F00043F00403E380B4F90600003818BF0120AA
:10D70000D6E72846FFF755FA0028DED0E38843F035
:10D710001003D9E72846FFF7A5FA0028DCD12846F0
:10D72000FFF747FA0028D7D1DAE738B50D46144697
:10D73000F9F7E6F828B90920F1F738F94FF0FF308A
:10D7400006E0032D03D0042D03D01620F4E7006C6F
:10D7500038BD012CF9D804640020F9E7431F002BE1
:10D7600003D8DFE803F00100032070477047292841
:10D7700015D005DC062814D0112814D048B1704704
:10D78000B0F5817F0DD040F2111398420BD0FF28E5
:10D790000CD1012909D0022908BF022070470620B8
:10D7A00070470120704702207047084670472928BB
:10D7B00011D00ADC012810D0062810D0002808BF9C
:10D7C000042018BF4FF0FF307047B0F58D7F08D0B0
:10D7D000B0F5007FF5E7062070470820704701206C
:10D7E00070474FF480707047C06870474269C368E3
:10D7F0001A60704708B5034624301AB95A6242606D
:10D80000002008BD082A28BF082200F0A3F9F7E786
:10D8100008B503462C301AB9DA624260002008BD10
:10D82000082A28BF082200F095F9F7E738B5044622
:10D830000D4639B1082A0BD01620F1F7B7F84FF092
:10D84000FF3038BD002AF7D18263C2630020F8E7B9
:10D85000F8F782FB95E8030004F1380383E803003E
:10D860002046FFF736F9F8F77DFBEFE773B504467E
:10D8700008680D461646F9F73FFE002801DB042E26
:10D8800006D01620F1F792F84FF0FF3002B070BDCD
:10D890002B68204684F83430FFF7ABF900230028CA
:10D8A000F4D0CDE900331A4619462068FFF7D9FCB9
:10D8B000ECE708B509B1042A05D01620F1F776F88F
:10D8C0004FF0FF3006E00B782BB1012BF5D180F83B
:10D8D0004830002008BD0223F9E710B5541E1B2C68
:10D8E00002D812F0030405D01620F1F75FF84FF0CC
:10D8F000FF3010BD930880F84B304C3000F02AF90F
:10D900002046F6E708B509B1042A05D01620F1F73C
:10D910004DF84FF0FF3008BD0B78003B18BF0123D6
:10D9200080F849300020F6E708B509B1042A05D08F
:10D930001620F1F73BF84FF0FF3008BD0B6880F878
:10D940004A300020F9E770B5054614460E4631B955
:10D9500092B11620F1F72AF84FF0FF3070BD002A7F
:10D96000F7D0406C08B1F1F783F9601CF1F762F968
:10D97000686438B96920EDE7406C08B1F1F778F9CF
:10D980000020EBE72246314600F0E4F800226B6C01
:10D990001A55F5E710B5134612680446042A28BF45
:10D9A000042208461A6004F1180100F0D3F80020A0
:10D9B000A06110BD10B5134612680446082A28BF9E
:10D9C000082208461A6004F1240100F0C3F8002080
:10D9D00010BD10B5134612680446082A28BF082255
:10D9E00008461A6004F12C0100F0B4F8002010BDC4
:10D9F00013B50446134694F84820084601921A6865
:10DA000001A9042A28BF04221A6000F0A3F800200C
:10DA100002B010BD13B50446134694F849200846D9
:10DA200001921A6801A9042A28BF04221A6000F092
:10DA300091F8002002B010BD13B50446134694F8C7
:10DA40004A20084601921A6801A9042A28BF042224
:10DA50001A6000F07FF8002002B010BD10B5044637
:10DA60000846114694F84B309A000B689A4228BF3A
:10DA70001A460A6004F14C0100F06CF8002010BD59
:10DA8000F8B5456C0E461446176875B12846E2F79E
:10DA9000CFFB0130B842024628BF3A4629463046FD
:10DAA000226000F057F80020F8BD3A46294630467B
:10DAB00000F05DF82560F6E770B504460E4600F00C
:10DAC00025F80546206808B1FEF79BFF48F20203DF
:10DAD0009E4218D048F209039E4214D048F2010336
:10DAE0009E420BD16B684BB104F1140204F1380172
:10DAF00052F8040B8A4243F8040BF9D12046BDE8E2
:10DB0000704000F005B863696B60F7E7C068704764
:10DB10000269C3681A607047C9B20346024410B56F
:10DB20009342184601D1002003E0047801338C426F
:10DB3000F6D110BD0139024410B5904201D1002048
:10DB400005E0037811F8014FA34201D0181B10BD66
:10DB50000130F2E70A44431E914200D1704710B5EC
:10DB600011F8014B914203F8014FF9D110BD024465
:10DB70000346934200D1704703F8011BF9E72DE9F2
:10DB8000F047164698468A6807460B690C46DDF84A
:10DB900020909342B8BF1346336091F843200AB1F6
:10DBA000013333602368990642BF33680233336020
:10DBB000256815F0060506D104F1190AE3683268F4
:10DBC0009B1AAB422BDC94F843302268003B18BF11
:10DBD0000123920630D404F1430241463846C84737
:10DBE000013023D023681A3454F80A2C03F00603BA
:10DBF000042B0ABF54F80E5C002533684FF0000672
:10DC000008BFED1A54F8123C08BF25EAE5759342A7
:10DC1000C4BF9B1AED18B5421AD1002008E00123B9
:10DC2000524641463846C847013003D14FF0FF30D5
:10DC3000BDE8F0870135C1E7E1185A1C30200233F6
:10DC4000224481F8430094F8451082F84310C2E75B
:10DC50000123224641463846C8470130E6D0013606
:10DC6000D9E700207047C9B20346184613F8012BC4
:10DC700012B18A42F9D17047002918BF00207047BD
:10DC8000034611F8012B03F8012B002AF9D1704744
:10DC900010B56AB10139841810F8012B11F8013F51
:10DCA0009A4203D1A04201D0002AF5D1D01A10BD6A
:10DCB0001046FCE70139034610B532B111F8014FA7
:10DCC000013A03F8014B002CF7D11A44002193428A
:10DCD00000D110BD03F8011BF9E70246014410B55D
:10DCE0008A42134603D01C780132002CF8D1181A4E
:10DCF00010BD0A7870B56AB970BD9A4209D10C4658
:10DD0000054614F8013F002BF6D015F8016F9E422E
:10DD1000F7D001300378002BEFD11846ECE7FDF780
:10DD20009BBFFEF7BFB830B514469BB005461A46F8
:10DD3000002C05DA8B2303604FF0FF301BB030BDA1
:10DD40004FF40273009104916946ADF80C3014BF92
:10DD500004F1FF332346029305934FF6FF73ADF8AA
:10DD60000E301E9BFEF708FA431CBCBF8B232B60B2
:10DD7000002CE3D0009B00221A70DFE7884210B528
:10DD800001EB020402D98442234607D8431EA14274
:10DD900008D011F8012B03F8012FF8E702440146DF
:10DDA0008A4200D110BD13F8014D02F8014DF7E78A
:10DDB000F8B5074615460C4621B91146BDE8F840AE
:10DDC000FDF790BD22B9FDF743FD00242046F8BDC4
:10DDD00000F036F9A842F9D229463846FDF782FD0F
:10DDE00006460028F1D021462A46FFF7B3FE214619
:10DDF00038463446FDF72CFDE8E72DE9F0471F468D
:10DE00008E6882460C46BE4290460B682DD8B1F90A
:10DE10000C2012F4906F26D06569096905EB450561
:10DE2000A3EB01097B1C05EBD5754B446D109D429E
:10DE300038BF1D46530527D52946FDF753FD064635
:10DE400060B34A462169FFF785FEA38923F49063F6
:10DE500043F08003A38126614E446561A5EB09056B
:10DE600026603E46A560BE4200D93E463246414647
:10DE70002068FFF783FFA36800209B1BA360236833
:10DE800033442360BDE8F0872A46FFF791FF06463A
:10DE90000028E0D121695046FDF7DAFC0C234FF051
:10DEA000FF30CAF80030A38943F04003A381E9E7BB
:10DEB00038B54B1C144603D14FF0FF35284638BD0A
:10DEC0009389CDB223F0200393815368526B8AB1BA
:10DED000A26B9A4208DD23685A1E226003F8015C97
:10DEE000636801336360E9E7214600F072F80028B7
:10DEF000F1D0E1E72169226841B1914206D212F8DE
:10DF0000011CA94202D1013A2260EAE7C4E90F23C9
:10DF100004F1440363630323A363234603F8465FCA
:10DF200023600123DEE710B50C46496B69B104F1AB
:10DF30004403994201D0FDF78BFC0020236C606301
:10DF4000636013B1E36B236010BD23694FF0FF30B2
:10DF5000236000236360A38943F02003A381F3E7D8
:10DF600070B50B78044601385E2B04F1FF0513BF32
:10DF70004A1C8A1C4B78002108BF012100F8011FB0
:10DF8000A842FBD10BB9501E70BD81F001011046B3
:10DF9000E154024612F8015B2D2D05D05D2D16D0FF
:10DFA000002DF1D02B46F2E746785D2EFAD0B34231
:10DFB000F8DC02301A4601329642A154FBDCF21A18
:10DFC0005D1C013AB342A8BF0022AB18E1E710463E
:10DFD000DAE72DE9F0410C46496B04F1440399421C
:10DFE0001AD14FF48061FDF77DFC18B94FF0FF3076
:10DFF000BDE8F0814FF48063606300F2FD30A363FD
:10E0000094F84630837094F84530437094F8443067
:10E01000037020600020EBE7A66B77003A46FFF71D
:10E02000C7FE05460028E1D000EB0608014632464F
:10E030004046FFF78FFDC4F80080C4E90D57E9E7BB
:10E0400051F8043C181F002BBCBF0B58C018704778
:10E05000F021FE7F01000000210D01000000000002
:10E06000319E010000000000899E010000000000B8
:10E07000CD9E010000000000159F0100000000007F
:10E08000759F010000000000892D020000000000C3
:10E0900055C1010044E102007D8102000000000042
:10E0A0007D8302000000000019D1010058E1020048
:10E0B00055C301006CE10200A5DA010080E1020015
:10E0C000D1C201000000000069E201000000000070
:10E0D000116401000000000015E8010000000000CC
:10E0E0009DF0010030E10200B19901000000000044
:10E0F000492F0200000000006D8A020000000000AD
:10E1000011B7010094E102009DC70100A8E10200DF
:10E1100085A7010000000000ED03020000000000E0
:10E120007911020000000000291C0200000000001C
:10E13000B8F40200000000009CC900208CCB002035
:10E1400080ED0020C0F20200ECF2020004F30200B5
:10E1500082CB00203CEB0020D0F30200DCF3020075
:10E16000F4F3020088CB0020B0EB002020F3020083
:10E170000000000028F3020084CB00200000000013
:10E1800040F402005CF40200A0F402008ACB0020FC
:10E19000BCEB00208CF2020000000000A8F202009C
:10E1A00080CB00200000000090F30200000000007F
:10E1B000B4F3020086CB0020000000000000000045
:10E1C0006D8E0100000000006D8E01000000000057
:10E1D0006D8E0100000000006D8E01000000000047
:10E1E0006D8E0100A1370200F13102000000000035
:10E1F0006D8E0100000000006D8E010080E10200C4
:10E2000089D50100000000006D8E010000000000B3
:10E210006D8E0100000000006D8E01000000000006
:10E220006D8E0100000000006D8E010094E102007F
:10E230002DB8010000000000815E02000000000017
:10E240006D8E0100000000006D8E010000000000D6
:10E250006D8E0100000000006D8E010000000000C6
:10E260006D8E010000000000C1E30100000000000D
:10E270006D8E0100000000006D8E010000000000A6
:10E280006D8E0100000000006D8E01000000000096
:10E290006D8E0100000000006D8E01000000000086
:10E2A0006D8E0100000000006D8E01000000000076
:10E2B0006D8E0100000000006D8E01000000000066
:10E2C0006D8E0100000000006D8E01000000000056
:10E2D0006D8E0100000000006D8E01000000000046
:10E2E0006D8E0100000000006D8E01000000000036
:10E2F0006D8E0100000000006D8E01000000000026
:10E300006D8E0100000000006D8E01006D4E020058
:10E31000F1310200000000006D8E010000000000DD
:10E320006D8E0100000000006D8E010000000000F5
:10E330006D8E0100000000006D8E010000000000E5
:10E340006D8E0100894C0200F131020000000000D6
:10E350006D8E0100000000006D8E010000000000C5
:10E360006D8E0100000000006D8E010000000000B5
:10E370006D8E0100000000006D8E010000000000A5
:10E380006D8E0100000000006D8E01000000000095
:10E390006D8E0100000000006D8E01000000000085
:10E3A0006D8E0100000000006D8E01000000000075
:10E3B0006D8E0100000000006D8E01000000000065
:10E3C0006D8E010000000000010000002DF0010032
:10E3D0000DFB01005CE702000300000098F2020060
:10E3E00003000000D8F50200030000003CE8020032
:10E3F00003000000DCF202000300000014FB020036
:10E400000300000068F5020003000000DCE50200E4
:10E410000300000038EB020003000000A8F3020034
:10E42000030000001CF102000300000090E902005C
:10E4300003000000C4E9020003000000C8E9020074
:10E4400003000000F8EA02000300000090F602005A
:10E450000300000094FE020003000000F8EF020039
:10E460000300000000F102000300000008F10200B8
:10E4700003000000ACF4020003000000700403007D
:10E4800003000000A4F0020003000000B0F002004E
:10E4900003000000F8F0020003000000CCF00200CE
:10E4A00003000000DCF0020003000000E8F00200BE
:10E4B00003000000BCF002000300000018F102009D
:10E4C000030000004CF40200030000001CEB0200FB
:10E4D00078C90020E4EA02000100000040E50200E3
:0CE4E00038E8002030E5020001000000D8
:10E4F00000F000400006000050140000501400001E
:10E5000050140000501400007404030000010000C7
:10E5100062060300650603006806030000000000B1
:10E520000338FDD8704700005B256C6C755D0900F1
:10E530006C6F675F72616D5F6261636B656E6400D3
:10E54000910C01000000000000000000000000002D
:10E55000000000000000000000000000550C010059
:10E5600040E800204CE8002080000000466C617309
:10E570006820646576696365206E6F7420726561DA
:10E5800064790000666C6173685F6765745F7061D1
:10E5900067655F696E666F206661696C65642028D7
:10E5A000256429004E5653206D6F756E7420666188
:10E5B000696C656420282564290000004545505297
:10E5C0004F4D20656D756C6174696F6E20696E6961
:10E5D0007469616C697A6564000000006565707239
:10E5E0006F6D5F656D756C000A0A53414D504C4567
:10E5F0002041505020535441525453005350494DE0
:10E6000020494E49540000005350494D20494E497D
:10E61000542066696E69736865640000536F6D65A8
:10E6200020636F6E74657874000000004661696C49
:10E63000656420746F20696E697469616C697A65BC
:10E6400020746865204C4544206C6962726172795F
:10E650000A000000414443206E6F742072656164BB
:10E66000790A0000454550524F4D2073656C662075
:10E67000646566207472696767657275206C6F7770
:10E68000206475726174696F6E00000045455052D8
:10E690004F4D2073656C66206465662074726967EF
:10E6A00067657275206869676820000045455052AB
:10E6B0004F4D2073656C66206465662074726967CF
:10E6C00067657275206C6F7720000000737461724B
:10E6D0007420747269676765722076616C202564A6
:10E6E00000000000656E64207472696767657220BF
:10E6F00076616C2025640000656E64207472696721
:10E70000206C6F77206475726174696F6E20256468
:10E7100020736D706C730000424D45207265736507
:10E7200074000000424D4520696E697400000000CD
:10E73000424D4520696E697420656E6400000000DA
:10E7400054454D50202564202048554D20256420F7
:10E750005052535220256420200000004C495300A1
:10E7600000042840040500000004284003040000C1
:10E7700000042840020300000004284001020000B9
:10E78000000428400001000000070E091C1B1215A0
:10E79000383F363124232A2D28756E7369676E65DC
:10E7A00064292063686172202A207573656420667D
:10E7B0006F722025257020617267756D656E742EED
:10E7C0002049742773207265636F6D6D656E646593
:10E7D0006420746F206361737420697420746F20E7
:10E7E000766F6964202A20626563617573652069AC
:10E7F00074206D6179206361757365206D69736242
:10E8000065686176696F7220696E206365727461F4
:10E81000696E20636F6E66696775726174696F6E89
:10E82000732E20537472696E673A22257322206119
:10E830007267756D656E743A25640000636270726C
:10E84000696E74665F7061636B61676500000000EC
:10E85000A92501000D26010000000000D5250100BA
:10E86000286E696C29000000474320446F6E6520C4
:10E870006D61726B657220666F756E6400000000DA
:10E880004E6F20474320446F6E65206D61726B654B
:10E890007220666F756E643A20726573746172746B
:10E8A000696E6720676300004E5653206E6F7420B8
:10E8B000696E697469616C697A656400436F756C2F
:10E8C00064206E6F74206F627461696E20666C6183
:10E8D000736820706172616D657465727300000009
:10E8E000556E737570706F72746564207772697499
:10E8F0006520626C6F636B2073697A6500000000AD
:10E90000556E61626C6520746F206765742070615C
:10E91000676520696E666F00496E76616C69642078
:10E92000736563746F722073697A6500436F6E66F6
:10E93000696775726174696F6E206572726F72209B
:10E940002D20736563746F7220636F756E740000A1
:10E95000256420536563746F7273206F662025648D
:10E960002062797465730000616C6C6F632077724C
:10E97000613A2025642C20257800000064617461D0
:10E98000207772613A2025642C2025780000000051
:10E9900066735F6E767300006C6F6767696E670001
:10E9A00000CE002000040000C1650100E95F010005
:10E9B00002000000E97601000000000000000000F5
:10E9C000000000006C6F67006C6F675F6D676D74AF
:10E9D000000000004D657373616765202822257370
:10E9E00022292064726F70706564206265636175AE
:10E9F0007365206974206578636565647320736945
:10EA00007A65206C696D69746174696F6E20282560
:10EA1000752900005B2530386C755D200000000012
:10EA20005B253032753A253032753A253032752EF5
:10EA3000253033752C253033755D20001B5B306D20
:10EA40000000000025732E0025733A20000000000E
:10EA50003C25733E2000000025732F002573200005
:10EA60002530327820000000202020007C000000AB
:10EA700025630000206D65737361676573206472A0
:10EA80006F70706564202D2D2D0D0A1B5B306D009D
:10EA90001B5B313B33316D2D2D2D20001B5B313B3A
:10EAA00033316D001B5B313B33336D006572720097
:10EAB00077726E00696E6600646267000000000095
:10EAC0009CEA0200A4EA020000000000000000002E
:10EAD00000000000ACEA0200B0EA0200B4EA020062
:10EAE000B8EA02006C6F675F6261636B656E645FBA
:10EAF00075617274000000006C6F675F75617274FD
:10EB0000000000000CEB020054E90020BD78010079
:10EB100074E9002080E9002001000000DD79010097
:10EB2000A97901006D790100397901000000000028
:10EB30000579010000000000666C61736800000048
:10EB40002A2A2A20426F6F74696E67206E5246200F
:10EB5000436F6E6E6563742053444B2076322E39BA
:10EB60002E302D373738376232363439383430204A
:10EB70002A2A2A0A000000002A2A2A205573696ED0
:10EB800067205A6570687972204F532076332E378C
:10EB90002E39392D31663866336463323931343277
:10EBA000202A2A2A0A00000072302F61313A2020E0
:10EBB000307825303878202072312F61323A202089
:10EBC000307825303878202072322F61333A202077
:10EBD000307825303878000072332F61343A2020A5
:10EBE000307825303878207231322F69703A202001
:10EBF000307825303878207231342F6C723A2020EA
:10EC0000307825303878000020787073723A2020F0
:10EC100030782530387800004661756C74696E670D
:10EC200020696E737472756374696F6E20616464B9
:10EC30007265737320287231352F7063293A203042
:10EC40007825303878000000556E68616E646C6518
:10EC500064204952516E3A2025640000457863656E
:10EC60007074696F6E206F6363757272656420697A
:10EC70006E2053656375726520537461746500007E
:10EC80002A2A2A2A2A205553414745204641554CD5
:10EC900054202A2A2A2A2A00202044697669736986
:10ECA0006F6E206279207A65726F00002020556EA9
:10ECB000616C69676E6564206D656D6F7279206146
:10ECC00063636573730000002020537461636B20DD
:10ECD0006F766572666C6F772028636F6E746578E7
:10ECE000742061726561206E6F742076616C696456
:10ECF0002900000020204E6F20636F70726F6365E3
:10ED000073736F7220696E737472756374696F6E5A
:10ED1000730000002020496C6C6567616C206C6F8B
:10ED20006164206F66204558435F52455455524EEA
:10ED300020696E746F205043000000002020496C51
:10ED40006C6567616C20757365206F6620746865FB
:10ED500020455053520000002020417474656D70AE
:10ED60007420746F206578656375746520756E64B2
:10ED70006566696E656420696E7374727563746923
:10ED80006F6E00002A2A2A2A2A20446562756720AD
:10ED90006D6F6E69746F7220657863657074696FEA
:10EDA0006E202A2A2A2A2A005265736572766564C3
:10EDB00020457863657074696F6E2028000000003C
:10EDC00053707572696F757320696E7465727275B0
:10EDD0007074202849525120000000002A2A2A2A53
:10EDE0002A20257320256429202A2A2A2A2A00007D
:10EDF0002A2A2A2A2A204D5055204641554C542073
:10EE00002A2A2A2A2A0000002020537461636B6991
:10EE10006E67206572726F722028636F6E746578FA
:10EE2000742061726561206D696768742062652075
:10EE30006E6F742076616C69642900002020556E25
:10EE4000737461636B696E67206572726F72000024
:10EE500020204461746120416363657373205669A7
:10EE60006F6C6174696F6E0020204D4D46415220D9
:10EE7000416464726573733A20307825780000002D
:10EE80002020496E737472756374696F6E204163DC
:10EE9000636573732056696F6C6174696F6E0000EF
:10EEA0002020466C6F6174696E672D706F696E7497
:10EEB000206C617A79207374617465207072657357
:10EEC0006572766174696F6E206572726F72000090
:10EED0002A2A2A2A2A20425553204641554C54209A
:10EEE0002A2A2A2A2A0000002020537461636B69B1
:10EEF0006E67206572726F720000000020205072F1
:10EF0000656369736520646174612062757320654F
:10EF100072726F7200000000202042464152204170
:10EF20006464726573733A203078257800000000BD
:10EF30002020496D70726563697365206461746136
:10EF400020627573206572726F7200002020496E16
:10EF5000737472756374696F6E2062757320657265
:10EF6000726F72002A2A2A2A2A20484152442046D7
:10EF700041554C54202A2A2A2A2A00002020427572
:10EF800073206661756C74206F6E20766563746F94
:10EF900072207461626C652072656164000000001B
:10EFA00020204465627567206576656E74000000F8
:10EFB00020204661756C7420657363616C617469AF
:10EFC0006F6E20287365652062656C6F772900007D
:10EFD000415243485F45584345505420776974680F
:10EFE00020726561736F6E2025780A0080C500204D
:10EFF00000000000060001006D7075004661696C3C
:10F00000656420746F20616C6C6F63617465206E41
:10F010006577204D505520726567696F6E202575A4
:10F020000A000000506172746974696F6E20257562
:10F030003A2073616E69747920636865636B20663A
:10F0400061696C65642E0000496E76616C696420AC
:10F05000756E6465726C79696E6720726567696F39
:10F060006E20696E6465782025750000020000003E
:10F0700084F00200464C4153485F30005352414DEA
:10F080005F3000000000000074F002000200000089
:10F09000E0FF0F0068C500207CF0020021000000A6
:10F0A000E0FF0320706F7369785F656E7600000083
:10F0B000706F7369785F74696D65720070746872DF
:10F0C0006561645F72776C6F636B00007074687267
:10F0D0006561645F636F6E64000000007074687245
:10F0E0006561645F6B657900707468726561645F07
:10F0F0006D757465780000007074687265616400F5
:10F100006E65745F627566006E65745F6275665FDA
:10F1100073696D706C650000736F63006673000047
:10F120007A65706879720000776C616E2564000002
:10F130006E6574256400000053656C6563746564D6
:10F1400020414443206761696E206973206E6F74AB
:10F150002076616C6964000053656C656374656456
:10F1600020414443207265666572656E636520695F
:10F1700073206E6F742076616C69640053656C65F2
:10F1800063746564204144432061637175697369E8
:10F1900074696F6E2074696D65206973206E6F7479
:10F1A0002076616C69640000414443207265736F8E
:10F1B0006C7574696F6E2076616C756520256420AE
:10F1C0006973206E6F742076616C696400000000C2
:10F1D0004F76657273616D706C696E67206973201C
:10F1E000737570706F7274656420666F72207369D6
:10F1F0006E676C65206368616E6E656C206F6E6C07
:10F20000790000004F76657273616D706C696E678E
:10F210002076616C7565202564206973206E6F749B
:10F220002076616C6964000050726F766964656471
:10F230002062756666657220697320746F6F207333
:10F240006D616C6C202825752F2575290000000044
:10F25000496E76616C69642073656C656374696F6F
:10F260006E206F66206368616E6E656C73000000CF
:10F270004368616E6E656C202575206E6F74206327
:10F280006F6E666967757265640000006164634053
:10F2900065303030000000006164635F6E72667834
:10F2A0005F73616164630000E1B1010089B6010030
:10F2B0005802000039BD0100C1BC0100000000007F
:10F2C000636C6F636B403530303000006866636C90
:10F2D0006B0000006C66636C6B000000636C6F6316
:10F2E0006B5F636F6E74726F6C00000015BE01007F
:10F2F00005BF0100CCF20200A5BE01005DBF010008
:10F30000D4F20200FDC00100C5BB010051BC0100E8
:10F3100000000000BDB90100000000000000000076
:10F320007073612D726E670015C30100000000004C
:10F33000756E616C69676E65642061646472657383
:10F34000733A2030782530386C783A257A75000089
:10F35000696E76616C696420616464726573733A86
:10F360002030782530386C783A257A750000000016
:10F370006E6F7420776F72642D616C69676E65645F
:10F380003A2030782530386C783A257A75000000BC
:10F39000666C6173682D636F6E74726F6C6C6572EE
:10F3A0004033393030300000666C6173685F6E72D4
:10F3B0006600000025C7010079C6010041C50100B3
:10F3C00005C40100CDC301000400000000FF0000DF
:10F3D0006770696F4038343235303000FFFFFFFF0F
:10F3E00000258440000000000000000000100340E1
:10F3F000010000003DCF0100B1CB0100E5CB0100D1
:10F400003DCC010085CC0100CDCC010029CE01000E
:10F4100079CD010000000000000102030405060789
:10F420004661696C656420746F20616C6C6F636108
:10F43000746520505049204368616E6E656C000011
:10F44000756172744038303030000000756172743C
:10F450005F6E7266785F756172746500008000404F
:10F4600001000000000000007CF402000000000425
:10F470000000000033F3002032F300200080004041
:10F4800088F402000100000090F402000400000073
:10F490001B0000001A0000011A0600010F060003FD
:10F4A000F5D6010009D80100D1D501006E72665F62
:10F4B0006D6F64656D0000006E726639785F736F02
:10F4C000636B657400000000D1FD0100B9FC010010
:10F4D00001F5010025F7010001F2010001FA010028
:10F4E00000000000F1F7010089F7010059F7010061
:10F4F000C1FB010035F5010025F4010065F30100B1
:10F50000B9F2010001F60100000000000000000057
:10F510000000000043616E6E6F742077726974653D
:10F52000204C4544206770696F00000043616E6E97
:10F530006F7420636F6E666967757265204C454411
:10F54000206770696F00000058E1020000000000B1
:10F5500058E102000100000058E102000400000030
:10F5600058E1020005000000646B5F627574746FFF
:10F570006E735F616E645F6C656473004E6F2068CC
:10F5800065617020737061636520666F7220696EBB
:10F59000636F6D696E67206E6F746966696361740D
:10F5A000696F6E3A202573004661696C656420744A
:10F5B0006F20686F6F6B2074686520646973706179
:10F5C0007463682066756E6374696F6E2C20657253
:10F5D000722025640000000061745F6D6F6E6974B5
:10F5E0006F7200004F4B0D0A000000004552524F51
:10F5F000520D0A002B434D45204552524F523A00BE
:10F600002B434D53204552524F523A00E4F502002D
:10F61000ECF50200F4F5020000F602004E554C4CE9
:10F6200020617320612068616E646C657220726570
:10F630006365697665643A204E6F7468696E672009
:10F64000746F20626520646F6E652E0A54686520B1
:10F6500068616E646C65722063616E20626520640F
:10F660006572656769737465726564207573696E28
:10F6700067206C74655F6C635F646572656769734E
:10F680007465725F68616E646C65722829000000A1
:10F690006C74655F6C6300004D6F64656D206C6910
:10F6A000627261727920696E6974206572726F721C
:10F6B0003A2025642C206C74655F6C63206E6F7437
:10F6C00020696E697469616C697A65640000000084
:10F6D0004661696C656420746F207365742073796A
:10F6E0007374656D206D6F646520616E64206D6F4D
:10F6F000646520707265666572656E63652C206551
:10F70000727220256400000041542525464541437E
:10F710004F4E463D302C332C25640000776F726BC2
:10F720005F710000436F756C64206E6F74206765B5
:10F730007420726567697374726174696F6E207387
:10F7400074617475732C206572726F723A2025642F
:10F7500000000000436F756C64206E6F7420676555
:10F760007420434552454720706172616D20636F7C
:10F77000756E742C20706F74656E7469616C6C7931
:10F78000206D616C666F726D6564206E6F74696662
:10F7900069636174696F6E2C206572726F723A20B2
:10F7A00025640000526567697374726174696F6ED5
:10F7B0002072656A65637465642C20454D4D206335
:10F7C000617573653A2025642C2043656C6C204973
:10F7D000443A2025642C20547261636B696E672063
:10F7E000617265613A2025642C204C5445206D6F70
:10F7F00064653A20256400004661696C6564207484
:10F800006F207061727365206E6F746966696361E1
:10F8100074696F6E20286572726F72202564293AB0
:10F8200020257300556E6B6E6F776E206E65747752
:10F830006F726B20726567697374726174696F6E41
:10F84000207374617475733A20256400556E6B6E75
:10F850006F776E204C5445206D6F64653A202564A7
:10F86000000000002B43455245473A20252A752CBD
:10F870002568752C252A5B5E2C5D2C222578222C90
:10F880000000000041542B43455245473F00000013
:10F890002B43455245470000436F756C64206E6FE3
:10F8A0007420676574207369676E616C6C696E673C
:10F8B000206D6F64652C206572726F723A2025642A
:10F8C00000000000496E76616C6964207369676EA0
:10F8D000616C6C696E67206D6F64653A2025640009
:10F8E00043616E2774207061727365207369676E5F
:10F8F000616C6C696E67206D6F64652C2065727237
:10F900006F723A20256400002B4353434F4E000092
:10F9100043616E2774207061727365206D6F64653A
:10F920006D206576656E74206E6F746966696361BB
:10F9300074696F6E2C206572726F723A20256400B4
:10F940005345415243482053544154555320310D9F
:10F950000A00000053454152434820535441545536
:10F960005320320D0A0000005245534554204C4F9D
:10F970004F500D0A000000004D45204241545445AF
:10F980005259204C4F570D0A000000004D45204FA2
:10F990005645524845415445440D0A004E4F2049B2
:10F9A0004D45490D0A00000050524143482043454F
:10F9B0002D4C4556454C20300D0A00005052414315
:10F9C000482043452D4C4556454C20310D0A00003A
:10F9D00050524143482043452D4C4556454C20321A
:10F9E0000D0A000050524143482043452D4C4556D6
:10F9F000454C20330D0A0000254D444D455600006E
:10FA000040F9020054F9020068F9020078F9020096
:10FA10008CF902009CF90200A8F90200BCF902006E
:10FA2000D0F90200E4F90200496E76616C69642045
:10FA300073797374656D206D6F646520726571757F
:10FA400065737465643A202564000000496E766130
:10FA50006C6964204C544520707265666572656EF1
:10FA60006365207265717565737465643A202564F9
:10FA700000000000415425255853595354454D4D1D
:10FA80004F44453D25732C2563000000436F756C82
:10FA900064206E6F742073656E6420415420636F20
:10FAA0006D6D616E642C206572726F723A202564F0
:10FAB000000000003031323334000000312C302C93
:10FAC00030000000302C312C30000000302C302C65
:10FAD00031000000312C302C31000000302C312C52
:10FAE00031000000312C312C30000000312C312C41
:10FAF0003100000000000000BCFA0200C4FA02005D
:10FB0000CCFA0200D4FA0200DCFA0200E4FA0200A5
:10FB1000ECFA0200646174655F74696D6500000051
:10FB2000646174655F74696D655F776F726B5F7137
:10FB300000000000436F756C64206E6F7420736565
:10FB4000742073797374656D2074696D652C20253C
:10FB5000640000004661696C6564206765747469BF
:10FB60006E67204C5445206E6574776F726B2072FF
:10FB70006567697374726174696F6E207374617400
:10FB800075732C206572726F723A20256400000034
:10FB90003132330067657461646472696E666F2C1C
:10FBA000206572726F723A2025640000736E747063
:10FBB0005F696E69742C206572726F723A202564D9
:10FBC00000000000736E74705F71756572792C208F
:10FBD0006572726F723A20256400000044696420E7
:10FBE0006E6F74206765742074696D652066726F2E
:10FBF0006D20616E79204E54502073657276657267
:10FC0000000000006E74702E75696F2E6E6F00001C
:10FC100074696D652E676F6F676C652E636F6D001D
:10FC200004FC020010FC020025255854494D4520D3
:10FC30006E6F74696669636174696F6E20646F6565
:10FC4000736E277420636F6E7461696E20272C2792
:10FC50003A2025730000000025255854494D4520C1
:10FC60006E6F74696669636174696F6E20746F6F1B
:10FC70002073686F72743A2025730000252558544C
:10FC8000494D45206E6F74696669636174696F6E72
:10FC900020646F65736E277420636F6E7461696E84
:10FCA0002027222720616674657220272C273A209E
:10FCB0002573000054696D652076616C756520645C
:10FCC00065636F64696E67206661696C6564206650
:10FCD000726F6D2025255854494D45206E6F74690B
:10FCE0006669636174696F6E20287265743D25646E
:10FCF000293A202573000000415425255854494DC8
:10FD0000453D31005375627363726962696E6720A5
:10FD1000746F206D6F64656D2041542525585449DA
:10FD20004D45206E6F74696669636174696F6E73A7
:10FD3000206661696C65642C206572723D256400E3
:10FD40002B43434C4B3A202225752F25752F2575C3
:10FD50002C25753A25753A257525640041542B43A9
:10FD6000434C4B3F00000000446964206E6F7420D8
:10FD70006765742074696D652066726F6D206365B8
:10FD80006C6C756C6172206E6574776F726B202875
:10FD90006572726F723A202564292E205468697347
:10FDA000206D6179206265206E6F726D616C2061DB
:10FDB0007320736F6D652063656C6C756C61722068
:10FDC0006E6574776F726B7320646F6E277420702A
:10FDD000726F76696465206974206F722074696D32
:10FDE00065206D6179206E6F742062652061766197
:10FDF000696C61626C65207965742E0041542B43F7
:10FE0000434C4B3D22253032752F253032752F253E
:10FE10003032752C253032753A253032753A25301E
:10FE20003275252B30336422000000005365747452
:10FE3000696E67206D6F64656D2074696D652066FD
:10FE400061696C65642C20256400000025585449C4
:10FE50004D4500004661696C656420746F207365D0
:10FE60007420636F6E66696775726174696F6E2066
:10FE7000286572723A2025642900000041542558F3
:10FE8000434F4558303D312C312C313536352C31EE
:10FE9000353836006D6F64656D5F616E74656E6ECA
:10FEA000610000002A2A2A2A2A2053454355524538
:10FEB000204641554C54202A2A2A2A2A00000000B4
:10FEC0002020416464726573733A2030782578008D
:10FED0002020496E76616C696420656E74727920A9
:10FEE000706F696E740000002020496E76616C6945
:10FEF0006420696E74656772697479207369676ECE
:10FF000061747572650000002020496E76616C692D
:10FF10006420657863657074696F6E2072657475AE
:10FF2000726E000020204174747269627574696F8A
:10FF30006E20756E69742076696F6C6174696F6E7E
:10FF4000000000002020496E76616C6964207472A4
:10FF5000616E736974696F6E0000000020204C614F
:10FF60007A79207374617465207072657365727636
:10FF70006174696F6E00000020204C617A792073F3
:10FF800074617465206572726F7200002A2A2A2AD1
:10FF90002A2053505520494E544552525550542012
:10FFA0002A2A2A2A2A0000002020536563757269D4
:10FFB00074792076696F6C6174696F6E20666F72F8
:10FFC0002074686520666C617368206D656D6F7262
:10FFD00079207370616365002020536563757269D1
:10FFE00074792076696F6C6174696F6E20666F72C8
:10FFF000207468652052414D206D656D6F727920C7
:020000040003F7
:100000007370616365000000202053656375726939
:1000100074792076696F6C6174696F6E206F6E20E1
:100020006F6E65206F72207365766572616C2070EB
:1000300065726970686572616C732E0054462D4D4F
:10004000206E6F6E2D7365637572652063616C6CD5
:100050006261636B20696E697469616C697A61744D
:10006000696F6E206661696C65642C206572726FC1
:10007000723A202564000000D5670200996C0200E6
:1000800000000000B9DA0200517502008976020012
:10009000EF040300F4040300FC040300080503005C
:1000A0000000000200000001000000040000000841
:1000B00000000010000000000C00000069000000BB
:1000C0000B0000007200000080000000160000001D
:1000D00070000000780000007F0000008000000039
:1000E00071000000680000001600000074000000AD
:1000F0007300000073000000710000008C0000001D
:100100007A0000000D0000000B0000000B00000052
:10011000760000000B00000009000000ADBAADBA87
:10012000ADBAADBAADBAADBAADBAADBAADBAADBA97
:10013000ADBAADBAADBAADBAADBAADBAADBAADBA87
:10014000ADBAADBAADBAADBAADBAADBAADBAADBA77
:10015000ADBAADBAADBAADBAADBAADBAADBAADBA67
:10016000ADBAADBAADBAADBAADBAADBAADBAADBA57
:10017000ADBAADBAADBAADBAADBAADBAADBAADBA47
:10018000ADBAADBAADBAADBAADBAADBAADBAADBA37
:10019000ADBAADBAADBAADBAADBAADBAADBAADBA27
:1001A000ADBAADBAADBAADBAADBAADBAADBAADBA17
:1001B000ADBAADBAADBAADBAADBAADBAADBAADBA07
:1001C000ADBAADBAADBAADBAADBAADBAADBAADBAF7
:1001D000ADBAADBAADBAADBAADBAADBAADBAADBAE7
:1001E000ADBAADBAADBAADBAADBAADBAADBAADBAD7
:1001F000ADBAADBAADBAADBAADBAADBAADBAADBAC7
:10020000ADBAADBAADBAADBAADBAADBAADBAADBAB6
:10021000ADBAADBAADBAADBAADBAADBAADBAADBAA6
:10022000ADBAADBAADBAADBAADBAADBAADBAADBA96
:10023000ADBAADBAADBAADBAADBAADBAADBAADBA86
:10024000ADBAADBA6F0000006F0000006F00000093
:100250006F0000006F0000006F0000006F000000E2
:100260000B0000007A000000470000000B000000B7
:100270000B0000005F00000004100000017000008F
:1002800004700000FFFFFFFFFFFFFFFFFFFFFFFF06
:10029000FFFFFFFFFFFFFFFFFFFFFFFFFFFFFFFF6E
:1002A000FFFFFFFF037000000270000005700000F8
:1002B0000670000008700000097000000A7000005D
:1002C000FFFFFFFFFFFFFFFFFFFFFFFFFFFFFFFF3E
:1002D000FFFFFFFFFFFFFFFFFFFFFFFFFFFFFFFF2E
:1002E000FFFFFFFFFFFFFFFF018000001040000045
:1002F000106000001130000012300000FFFFFFFF0F
:10030000FFFFFFFFFFFFFFFFFFFFFFFFFFFFFFFFFD
:1003100010300000FFFFFFFFFFFFFFFFFFFFFFFFA9
:10032000FFFFFFFFFFFFFFFFFFFFFFFFFFFFFFFFDD
:10033000FFFFFFFFFFFFFFFFFFFFFFFFFFFFFFFFCD
:10034000FFFFFFFFFFFFFFFFFFFFFFFF0650000063
:10035000FFFFFFFFFFFFFFFFFFFFFFFFFFFFFFFFAD
:10036000FFFFFFFFFFFFFFFF20600000435055200D
:10037000657863657074696F6E000000556E686122
:100380006E646C656420696E746572727570740059
:10039000537461636B206F766572666C6F770000D3
:1003A0004B65726E656C206F6F7073004B65726E7B
:1003B000656C2070616E696300000000556E6B6EA5
:1003C0006F776E206572726F72000000756E6B6ED3
:1003D0006F776E0048616C74696E6720737973740F
:1003E000656D00003E3E3E205A4550485952204619
:1003F0004154414C204552524F522025643A202509
:1004000073206F6E20435055202564004661756C43
:100410007420647572696E6720696E746572727596
:1004200070742068616E646C696E670A0000000079
:1004300043757272656E74207468726561643A20E7
:10044000257020282573290069646C650000000070
:100450006D61696E0000000058E0020058E0020083
:10046000C8E00200D0E0020018E1020030E1020022
:100470006F730000737973776F726B710000000007
:10048000000000000000000000000000000000006C
:10049000000000000000000000000000000000005C
:1004A000000000000000000000000000000000004C
:1004B000000000000000000000000000000000003C
:1004C000000000000000000000000000000000002C
:1004D000000000000000000000000000000000001C
:1004E000EAFF7AFFF4FF41542B4346554E3D004F3F
:1004F0004B0D0A004552524F520D0A002B434D45F9
:10050000204552524F523A002B434D5320455252F0
:100510004F523A0070646E00000102050020202056
:1005200020202020202028282828282020202020A3
:100530002020202020202020202020202088101073
:1005400010101010101010101010101010040404CF
:10055000040404040404041010101010101041418D
:10056000414141410101010101010101010101017B
:10057000010101010101010110101010101042428F
:10058000424242420202020202020202020202024B
:1005900002020202020202021010101020000000EB
:1005A000000000000000000000000000000000004B
:1005B000000000000000000000000000000000003B
:1005C000000000000000000000000000000000002B
:1005D000000000000000000000000000000000001B
:1005E000000000000000000000000000000000000B
:1005F00000000000000000000000000000000000FB
:1006000000000000000000000000000000000000EA
:100610000000000000000000000000000030313247
:10062000333435363738394142434445460030315A
:100630003233343536373839616263646566002396
:100640002D302B2000686C4C0065666745464700DE
:10065000412D46612D6638393031323334353637E5
:100660005D002B2D00303000785800007927020003
:10067000000000004D1202000000000065ED0100C6
:100680000000000061290200000000009512020035
:040690000000000066
:1006AC00000000000000000000000000000000003E
:1006BC00EDAC020000000000000000000000000093
:1006CC00A0C50020A0C5002039B101000000000029
:1006DC00000000000000000000000000000000000E
:1006EC00C0C50020C0C500200000000001000000B3
:1006FC00D0C50020D0C50020D8C50020D8C500200A
:10070C000000000001000000E8C50020E8C5002042
:10071C0000000000000000000000000000000000CD
:10072C0000000000000000000000000000000000BD
:10073C0000000000000000000000000000000000AD
:10074C00000000000000000000000000000000009D
:10075C0000000000B52002000000000000010000B5
:10076C00000000000000000000000000000000007D
:10077C00000000000000000000000000000000006D
:10078C0015CD5B0700000000009000400000000049
:10079C00952301000000000050E802000100000059
:1007AC0080C6002080C60020000000000000000071
:1007BC000E00000094C6002094C60020000000002B
:1007CC00000000000000000050E8020001000000E2
:1007DC00B0C60020B0C600200000000000000000E1
:1007EC000E000000C4C60020C4C60020000000009B
:1007FC00000000000000000050E8020001000000B2
:10080C00E0C60020E0C60020000000000000000050
:10081C000E000000F4C60020F4C60020000000000A
:10082C0000000000000000000000000000000000BC
:10083C0000000000000000000000000000000000AC
:10084C00000000000000000000000000000000009C
:10085C00000000000000000000000000000000008C
:10086C00000000000000000000000000000000007C
:10087C00000000000000000000000000000000006C
:10088C00000000000000000000000000000000005C
:10089C00000000000000000000000000000000004C
:1008AC00000000000000000000000000000000003C
:1008BC00000000000000000000000000000000002C
:1008CC00000000000000000000000000000000001C
:1008DC00000000000000000000000000000000000C
:1008EC0000000000000000000000000000000000FC
:1008FC0000000000000000000000000000000000EC
:10090C0000000000000000000000000000000000DB
:10091C0000000000000000000000000000000000CB
:10092C0000000000000000000000000000000000BB
:10093C0000000000000000000000000000000000AB
:10094C00000000000000000000000000000000009B
:10095C00000000000000000000000000000000008B
:10096C00000000000000000000000000000000007B
:10097C00000000000000000000000000000000006B
:10098C00000000000000000000000000000000005B
:10099C00000000000000000000000000000000004B
:1009AC00000000000000000000000000000000003B
:1009BC00000000000000000000000000000000002B
:1009CC00000000000000000000000000000000001B
:1009DC00000000000000000000000000000000000B
:1009EC0000000000000000000000000000000000FB
:1009FC0000000000000000000000000000000000EB
:100A0C0000000000000000000000000000000000DA
:100A1C0000000000000000000000000000000000CA
:100A2C0000000000000000000000000000000000BA
:100A3C0000000000000000000000000000000000AA
:100A4C00000000000000000000000000000000009A
:100A5C00000000000000000000000000000000008A
:100A6C00000000000000000000000000000000007A
:100A7C00000000000000000000000000000000006A
:100A8C00000000000000000000000000000000005A
:100A9C00000000003160010004EB020000000000C7
:100AAC00DD99010084C9002084C900208CC9002074
:100ABC008CC9002094C9002094C90020DDFE0100DF
:100ACC00E5F001000000000000000000050202003B
:100ADC0000000000000000006300000000000000A7
:100AEC002D270200000000000000000000700140F3
:100AFC0000000000FFFF00003F000000FFFF0000AF
:100B0C003F0000000000000000000000000000009A
:100B1C0000000000000000000000000000000000C9
:100B2C0000000000000000000000000000000000B9
:100B3C0000000000000000000000000000000000A9
:100B4C000000000000000000000000000000000099
:100B5C000000000008000000FF0000000000000082
:100B6C000100000000000000000000000000000078
:100B7C000000000000000000000000000000000069
:100B8C000000000000000000000000000000000059
:100B9C000000000000000000000000000000000049
:100BAC000000000000000000000000000000000039
:100BBC00000000000000000008000000FF00000022
:100BCC000000000001000000000000007161020044
:100BDC00715F0200956102007D5F02007964020082
:100BEC00016202004164020059C9020053C90200AB
:100BFC004DC90200D4CA0020D4CA0020DCCA00208F
:100C0C00DCCA0020E8CA002000000000C004030079
:100C1C00A00403008004030000000000000000009A
:100C2C0000000000000000000000000000000000B8
:100C3C0000000000000000000000000000000000A8
:100C4C000000000000000000000000000000000098
:100C5C000000000000000000000000000000000088
:100C6C000000000000000000A00F23003700030666
:100C7C0090F80200411702000000000008F9020081
:100C8C00611A020000000000F8F902001D1B0200AE
:100C9C00000000004CFE02004D230200000000008A
:0E0CAC0000000000000000000000000000003A
:100CBC000000000000000000000000000000000028
:100CCC000000000000000000000000000000000018
:100CDC000000000000000000000000000000000008
:100CEC0000000000000000000000000000000000F8
:100CFC000000000000000000B0990120004000003E
:100D0C000000000000000000000000007006012040
:100D1C00000100000000000000000000FCCB0020DF
:100D2C00FCCB002000000000000000000E000000C2
:100D3C0010CC002010CC00200000000000000000AF
:100D4C000E00000024CC002024CC00200000000069
:100D5C00000000000E00000038CC002038CC002031
:100D6C0000000000000000000E0000004CCC002031
:100D7C004CCC002000000000000000000E00000021
:100D8C0060CC002060CC00200000000000000000BF
:100D9C000E00000074CC002074CC00200000000079
:100DAC00000000000E00000088CC002088CC002041
:100DBC00000000000100000098CC002098CC00201E
:100DCC00A0CC0020A0CC00200000000001000000FE
:100DDC00B0CC0020B0CC00200000000000000000CF
:100DEC00C0CC0020C0CC0020C8CC0020C8CC002037
:100DFC0014CD0020000000000000000000000000E6
:100E0C0000000000000000000000000000000000D6
:100E1C0000000000000000000000000000000000C6
:100E2C0000000000000000000000000000000000B6
:100E3C000000000030E1020038CD0020000000006E
:100E4C00000200000000000000000000000500008F
:100E5C000000000000000000000000000000000086
:0C0E6C0011A701000000000015E015E0D7
:00000001FF
