:10800000501501205DBD0000DDFC010049BD0000F0
:1080100049BD000049BD000049BD000049BD000048
:108020000000000000000000000000001DBF000074
:1080300049BD000000000000ADBE000049BD0000C9
:1080400005C1000005C1000005C1000005C1000018
:1080500005C1000005C1000005C1000005C1000008
:1080600005C1000005C1000005C1000005C10000F8
:1080700005C1000005C1000005C1000005C10000E8
:1080800005C1000005C1000005C1000005C10000D8
:1080900005C1000005C1000005C1000005C10000C8
:1080A00005C1000005C1000005C1000005C10000B8
:1080B00005C1000005C1000005C1000005C10000A8
:1080C00005C1000005C1000005C1000005C1000098
:1080D00005C1000005C1000005C1000005C1000088
:1080E00005C1000005C1000005C1000005C1000078
:1080F00005C1000005C1000005C1000005C1000068
:1081000005C1000005C1000005C1000005C1000057
:1081100005C1000005C1000005C1000005C1000047
:1081200005C1000005C1000005C1000005C1000037
:1081300005C1000005C1000005C1000005C1000027
:0481400005C1000075
:04814400FFFFFFFF3B
:108148004FF0FF0C1CEAD0521EBF1CEAD15392EA32
:108158000C0F93EA0C0F6FD01A4480EA010C40020E
:1081680018BF5FEA41211ED04FF0006343EA501068
:1081780043EA5111A0FB01310CF00040B1F5000FAA
:108188003EBF490041EAD3715B0040EA010062F159
:108198007F02FD2A1DD8B3F1004F40EBC25008BF43
:1081A80020F00100704790F0000F0CF0004C08BF61
:1081B80049024CEA502040EA51207F3AC2BFD2F12E
:1081C800FF0340EAC250704740F400004FF000033C
:1081D800013A5DDC12F1190FDCBF00F00040704776
:1081E800C2F10002410021FA02F1C2F1200200FAB4
:1081F80002FC5FEA310040F1000053EA4C0308BF7B
:1082080020EADC70704792F0000F00F0004C02BFCB
:10821800400010F4000F013AF9D040EA0C0093F046
:10822800000F01F0004C02BF490011F4000F013BA0
:10823800F9D041EA0C018FE70CEAD15392EA0C0F0E
:1082480018BF93EA0C0F0AD030F0004C18BF31F079
:10825800004CD8D180EA010000F00040704790F04F
:10826800000F17BF90F0004F084691F0000F91F0F3
:10827800004F14D092EA0C0F01D142020FD193EAB9
:108288000C0F03D14B0218BF084608D180EA010041
:1082980000F0004040F0FE4040F40000704740F01D
:1082A800FE4040F44000704781F0004102E000BF0A
:1082B80083F0004330B54FEA41044FEA430594EA9E
:1082C800050F08BF90EA020F1FBF54EA000C55EAD9
:1082D800020C7FEA645C7FEA655C00F0E2804FEAAA
:1082E8005454D4EB5555B8BF6D420CDD2C4480EA8C
:1082F800020281EA030382EA000083EA010180EABC
:10830800020281EA0303362D88BF30BD11F0004F09
:108318004FEA01314FF4801C4CEA113102D040423F
:1083280061EB410113F0004F4FEA03334CEA13337A
:1083380002D0524263EB430394EA050F00F0A78092
:10834800A4F10104D5F1200E0DDB02FA0EFC22FA8D
:1083580005F2801841F1000103FA0EF2801843FA81
:1083680005F359410EE0A5F120050EF1200E012A72
:1083780003FA0EFC28BF4CF0020C43FA05F3C018B0
:1083880051EBE37101F0004507D54FF0000EDCF129
:10839800000C7EEB00006EEB0101B1F5801F1BD3D2
:1083A800B1F5001F0CD349085FEA30004FEA3C0CD6
:1083B80004F101044FEA445212F5800F80F09A80CC
:1083C800BCF1004F08BF5FEA500C50F1000041EBD0
:1083D800045141EA050130BD5FEA4C0C404141EBD4
:1083E8000101013C28BFB1F5801FE9D291F0000FCF
:1083F80004BF01460020B1FA81F308BF2033A3F17E
:108408000B03B3F120020CDA0C3208DD02F1140C74
:10841800C2F10C0201FA0CF021FA02F10CE002F1AF
:108428001402D8BFC2F1200C01FA02F120FA0CFCA8
:10843800DCBF41EA0C019040E41AA2BF01EB0451F1
:10844800294330BD6FEA04041F3C1CDA0C340EDCEF
:1084580004F11404C4F1200220FA04F001FA02F332
:1084680040EA030021FA04F345EA030130BDC4F1F0
:108478000C04C4F1200220FA02F001FA04F340EAE5
:108488000300294630BD21FA04F0294630BD94F096
:10849800000F83F4801306BF81F480110134013D7D
:1084A8004EE77FEA645C18BF7FEA655C29D094EAEE
:1084B800050F08BF90EA020F05D054EA000C04BF6C
:1084C8001946104630BD91EA030F1EBF0021002057
:1084D80030BD5FEA545C05D14000494128BF41F0F6
:1084E800004130BD14F580043CBF01F5801130BD5A
:1084F80001F0004545F0FE4141F470014FF00000E5
:1085080030BD7FEA645C1ABF194610467FEA655C95
:108518001CBF0B46024650EA013406BF52EA033537
:1085280091EA030F41F4002130BD00BF90F0000F25
:1085380004BF0021704730B54FF4806404F1320461
:108548004FF000054FF0000150E700BF90F0000F1A
:1085580004BF0021704730B54FF4806404F1320441
:1085680010F0004548BF40424FF000013EE700BF11
:1085780042004FEAE2014FEA31014FEA02701FBFA1
:1085880012F07F4393F07F4F81F06051704732F0D3
:108598007F4208BF704793F07F4F04BF41F400212A
:1085A800704730B54FF4607401F0004521F0004188
:1085B8001CE700BF50EA010208BF704730B54FF012
:1085C80000050AE050EA010208BF704730B511F013
:1085D800004502D5404261EB41014FF4806404F14B
:1085E80032045FEA915C3FF4D8AE4FF003025FEAD1
:1085F800DC0C18BF03325FEADC0C18BF033202EB55
:10860800DC02C2F1200300FA03FC20FA02F001FAAE
:1086180003FE40EA0E0021FA02F11444BDE600BF51
:1086280070B54FF0FF0C4CF4E06C1CEA11541DBF00
:108638001CEA135594EA0C0F95EA0C0F00F0DEF8CB
:108648002C4481EA030621EA4C5123EA4C5350EAB0
:10865800013518BF52EA033541F4801143F4801301
:1086680038D0A0FB02CE4FF00005E1FB02E506F092
:108678000042E0FB03E54FF00006E1FB03569CF0E7
:10868800000F18BF4EF0010EA4F1FF04B6F5007FED
:1086980064F5407404D25FEA4E0E6D4146EB06065F
:1086A80042EAC62141EA55514FEAC52040EA5E50E8
:1086B8004FEACE2EB4F1FD0C88BFBCF5E06F1ED892
:1086C800BEF1004F08BF5FEA500E50F1000041EBC9
:1086D800045170BD06F0004646EA010140EA020076
:1086E80081EA0301B4EB5C04C2BFD4EB0C0541EA98
:1086F800045170BD41F480114FF0000E013C00F3AD
:10870800AB8014F1360FDEBF002001F0004170BDD0
:10871800C4F10004203C35DA0C341BDC04F11404E9
:10872800C4F1200500FA05F320FA04F001FA05F275
:1087380040EA020001F0004221F0004110EBD37042
:1087480021FA04F642EB06015EEA430E08BF20EA6E
:10875800D37070BDC4F10C04C4F1200500FA04F311
:1087680020FA05F001FA04F240EA020001F00041A3
:1087780010EBD37041F100015EEA430E08BF20EA16
:10878800D37070BDC4F1200500FA05F24EEA020E5E
:1087980020FA04F301FA05F243EA020321FA04F08D
:1087A80001F0004121FA04F220EA020000EBD37044
:1087B8005EEA430E08BF20EAD37070BD94F0000F44
:1087C8000FD101F00046400041EB010111F4801F78
:1087D80008BF013CF7D041EA060195F0000F18BF29
:1087E800704703F00046520043EB030313F4801F65
:1087F80008BF013DF7D043EA0603704794EA0C0F1F
:108808000CEA135518BF95EA0C0F0CD050EA410634
:1088180018BF52EA4306D1D181EA030101F00041B1
:108828004FF0000070BD50EA410606BF10461946D9
:1088380052EA430619D094EA0C0F02D150EA0136E5
:1088480013D195EA0C0F05D152EA03361CBF104626
:1088580019460AD181EA030101F0004141F0FE41C5
:1088680041F470014FF0000070BD41F0FE4141F449
:10887800780170BD70B54FF0FF0C4CF4E06C1CEA49
:1088880011541DBF1CEA135594EA0C0F95EA0C0FFE
:1088980000F0A7F8A4EB050481EA030E52EA0335B9
:1088A8004FEA013100F088804FEA03334FF08055DA
:1088B80045EA131343EA12634FEA022245EA111507
:1088C80045EA10654FEA00260EF000419D4208BFB8
:1088D800964244F1FD0404F5407402D25B084FEA65
:1088E8003202B61A65EB03055B084FEA32024FF411
:1088F80080104FF4002CB6EB020E75EB030E22BF6E
:10890800B61A754640EA0C005B084FEA3202B6EB2D
:10891800020E75EB030E22BFB61A754640EA5C00DC
:108928005B084FEA3202B6EB020E75EB030E22BF6C
:10893800B61A754640EA9C005B084FEA3202B6EB6D
:10894800020E75EB030E22BFB61A754640EADC002C
:1089580055EA060E18D04FEA051545EA16754FEA8E
:1089680006164FEAC30343EA52734FEAC2025FEAAC
:108978001C1CC0D111F4801F0BD141EA00014FF03B
:1089880000004FF0004CB6E711F4801F04BF01430C
:108998000020B4F1FD0C88BFBCF5E06F3FF6AFAE28
:1089A800B5EB030C04BFB6EB020C5FEA500C50F1B8
:1089B800000041EB045170BD0EF0004E4EEA11313B
:1089C80014EB5C04C2BFD4EB0C0541EA045170BD42
:1089D80041F480114FF0000E013C90E645EA060E86
:1089E8008DE60CEA135594EA0C0F08BF95EA0C0FB4
:1089F8003FF43BAF94EA0C0F0AD150EA01347FF4FC
:108A080034AF95EA0C0F7FF425AF104619462CE7D2
:108A180095EA0C0F06D152EA03353FF4FDAE104635
:108A2800194622E750EA410618BF52EA43067FF486
:108A3800C5AE50EA41047FF40DAF52EA43057FF416
:108A4800EBAE12E74FEA4102B2F1E04324BFB3F5BF
:108A5800001CDCF1FE5C0DD901F0004C4FEAC002AD
:108A68004CEA5070B2F1004F40EB830008BF20F091
:108A78000100704711F0804F21D113F13872BCBF4B
:108A880001F00040704741F480114FEA5252C2F1A0
:108A98001802C2F1200C10FA0CF320FA02F018BFE9
:108AA80040F001004FEAC1234FEAD32303FA0CFC3C
:108AB80040EA0C0023FA02F34FEA4303CCE77FEACB
:108AC800625307D150EA01331EBF4FF0FE4040F415
:108AD8004000704701F0004040F0FE4040F40000C4
:108AE800704700BF80F0004002E000BF81F0004105
:108AF80042001FBF5FEA410392EA030F7FEA226C3C
:108B08007FEA236C6AD04FEA1262D2EB1363C1BFCB
:108B1800D218414048404140B8BF5B42192B88BF3A
:108B2800704710F0004F40F4000020F07F4018BF5D
:108B3800404211F0004F41F4000121F07F4118BF7D
:108B4800494292EA030F3FD0A2F1010241FA03FC25
:108B580010EB0C00C3F1200301FA03F100F000430D
:108B680002D5494260EB4000B0F5000F13D3B0F1D5
:108B7800807F06D340084FEA310102F10102FE2A44
:108B880051D2B1F1004F40EBC25008BF20F00100B4
:108B980040EA03007047490040EB0000013A28BF53
:108BA800B0F5000FEDD2B0FA80FCACF1080CB2EBD6
:108BB8000C0200FA0CF0AABF00EBC2505242184354
:108BC800BCBFD0401843704792F0000F81F40001F9
:108BD80006BF80F400000132013BB5E74FEA4103CC
:108BE8007FEA226C18BF7FEA236C21D092EA030F38
:108BF80004D092F0000F08BF0846704790EA010FB2
:108C08001CBF0020704712F07F4F04D1400028BFDE
:108C180040F00040704712F100723CBF00F50000C0
:108C2800704700F0004343F0FE4040F400007047F6
:108C38007FEA226216BF08467FEA236301464202A2
:108C480006BF5FEA412390EA010F40F480007047B5
:108C58004FF0000304E000BF10F0004348BF40425B
:108C68005FEA000C08BF704743F0964301464FF097
:108C780000001CE050EA010208BF70474FF00003F3
:108C88000AE000BF50EA010208BF704711F0004334
:108C980002D5404261EB41015FEA010C02BF844604
:108CA8000146002043F0B64308BFA3F18053A3F563
:108CB8000003BCFA8CF2083AA3EBC25310DB01FAAA
:108CC80002FC634400FA02FCC2F12002BCF1004F2E
:108CD80020FA02F243EB020008BF20F001007047BF
:108CE80002F1200201FA02FCC2F1200250EA4C0013
:108CF80021FA02F243EB020008BF20EADC70704759
:108D080053B94AB9002908BF00281CBF4FF0FF31EA
:108D18004FF0FF3000F00CB8ADF1080C6DE904CE4F
:108D280000F008F8DDF804E0DDE9022304B070473C
:108D3800704700BF2DE9F04786468C460846089ED6
:108D4800154674461946002B40F0C1808542B2FA98
:108D580082F245D94AB1C2F1200300FA02FC9540DB
:108D680094402EFA03F343EA0C0C4FEA154EA8B2CE
:108D7800230CBCFBFEF80EFB18CC08FB00F943EAF9
:108D88000C43994528D9EB1808F1FF3704D29945C7
:108D980002D9A8F102072B44A3EB0903A4B2B3FB41
:108DA800FEFC0EFB1C330CFB00F044EA0344A0421B
:108DB80014D92C190CF1FF3304D2A04202D9ACF11A
:108DC80002032C44241A43EA07401EB1D44000236E
:108DD80034607360BDE8F0874746DDE76346F1E736
:108DE80092BB431B01214FEA154EAFB2200CB3FBD7
:108DF800FEFC0EFB1C330CFB07F840EA03439845C6
:108E080061D9EB180CF1FF3004D2984502D9ACF1C6
:108E180002002B44A3EB0803A4B2B3FBFEFC0EFB39
:108E28001C330CFB07F744EA0344A7424DD92C191D
:108E38000CF1FF3304D2A74202D9ACF102032C444F
:108E4800E41B43EA0040C0E7C2F120039540944088
:108E580020FA03F12EFA03F34FEA154E9040AFB211
:108E68000343B1FBFEFC0EFB1C10190C0CFB07F8AE
:108E780041EA0041884522D969180CF1FF3004D233
:108E8800884502D9ACF102002944A1EB08019BB244
:108E9800B1FBFEFC0EFB1C110CFB07F743EA014378
:108EA8009F420ED9EB180CF1FF3104D29F4202D930
:108EB800ACF102012B44DB1B41EA004193E7604619
:108EC800E3E76146F7E76046A4E76346B8E783420D
:108ED80006D916B9002108467CE7C6E900E0F9E79B
:108EE800B3FA83F78FB9834201D3724508D8BEEB32
:108EF800020460EB030301209C461EB9002169E7C8
:108F08003846FAE7C6E9004CF8E7C7F1200CBB4041
:108F18000EFA07F522FA0CF42EFA0CF1BA401C43AB
:108F280020FA0CF3B8404FEA144901431FFA84FEB3
:108F3800B3FBF9F809FB18300B0C08FB0EFA43EAEF
:108F480000439A4540D9E31808F1FF3004D29A4506
:108F580002D9A8F102002344A3EB0A0389B2B3FBA8
:108F6800F9F809FB183308FB0EFE41EA03418E4568
:108F78002CD9611808F1FF3304D28E4502D9A8F123
:108F88000203214443EA0040A1EB0E01A0FB029832
:108F98004145CE46434602D306D14D4504D2013859
:108FA800B9EB020E68EB0403002EA7D0B5EB0E0256
:108FB80061EB030101FA0CFC22FA07F3F9404CEAD1
:108FC8000303C6E9003199E74046C5E74346D9E7B8
:108FD80010F8012B11F8013B012A28BF9A42F7D05B
:108FE800D01A7047034611F8012B03F8012B002A09
:108FF800F9D17047034613F8012B002AFBD1181A40
:1090080001387047000000000023F0B587B0CDE9B3
:10901800043304230D4606460193002800F0AC8073
:10902800002900F0A980062104A81AF0EFFA0446E6
:1090380040B103460121544A54481AF025FC204601
:1090480007B0F0BD014604AA30461AF0DCFA04461F
:1090580048B103464E4A01214C481AF015FC04A8B1
:109068001AF0E7FAEBE76A46012104A81AF095FB23
:10907800044610B10346474AEDE7009BB3B1042B01
:109088001AD0052B0CBF0923FF232B70032101AB3A
:1090980002AA04A81AF0AFFB064678B103463E4A76
:1090A80001213A481AF0F0FB3446D8E700230020A3
:1090B8002B706860A860D2E70723E6E7019B002BC6
:1090C800F4D018336B4403F8100C0146022202A8AE
:1090D80015F012FC2B78C0B2092B06D10F2824D921
:1090E8006FF0150423462D4AB5E70F28F8D8072B4B
:1090F80022D12B4B2B4F33F81000D8B1FFF726FAAB
:109108001FA3D3E90023FFF78BFAFFF79BFC042189
:1091180068600DEB010302AA04A801911AF06BFB29
:10912800064660B10346204ABAE7204B204F33F881
:109138001000E2E71F48EAE76FF07F04D2E7019BDF
:10914800014618336B4403F8100C022202A815F0EC
:10915800D3FBC3B20F2B07D90121174A0B481AF0CA
:1091680093FB6FF015047AE7581CC0B2FFF774FD43
:109178003946FEF7E5FF9DE76FF015045FE700BF8E
:109188007B14AE47E17A2440D78A0200A45A020031
:10919800008B0200298B02004B8B0200778B0200A8
:1091A800C86102000AD7A33F9B8B0200A861020096
:1091B8000AD723400AD7A340C68B020001460248BB
:1091C80083681B68184700BF2858020070B52348F9
:1091D80088B016F0FEF822481BF078FE002837D039
:1091E8002048FFF7EBFF2048FFF7E8FF1F48FFF78D
:1091F800E5FF1F48FFF7E2FF1422002103A81CF037
:109208001FFA1E230493082306930E238DF81C309F
:10921800134B184C9D68184E0594114803A96B68A8
:109228009847014680B9B4F9063014480093B4F958
:109238000430B4F90220B4F9001016F0CAF800217D
:10924800A42013F0D5FFE8E7304616F0C2F8F6E799
:109258000B4816F0BEF8002008B070BDEE610200A1
:1092680028580200A0610200986102009061020083
:1092780088610200D8F20020186202000A62020027
:10928800FB6102002DE9F04F91B0009302F0040356
:109298000293C2F3C2030133840705460E46DDF884
:1092A80068800392059340F0F681041D30B10729C8
:1092B80009D86FF01B0011B0BDE8F08F01F0070668
:1092C800341DC6F108064FF000094FF0040B009B4F
:1092D8004F46013B01934FF0FF324B46DA46CDF83B
:1092E80010900DB1009921600598002800F3D780EF
:1092F80098480099814203D397488142C0F0CF80B3
:109308000399A4EB050E89074FEA9E0040F1E2801D
:109318004FF0000CCCE07A285AD84B280CD84728B4
:1093280056D829282AD8252851D051D8202877D08E
:1093380023384342434173E04C382E2848D8DFE8AD
:1093480000F06F4747474747474747474747494719
:1093580047474747474747594749495959596F491F
:109368006C476F471849184747807D494747494721
:109378007D00002000234FF0040B39E001212A383A
:10938800C0B201FA00F010EA0E0F49D110F0625C89
:1093980030D110EA010343D06046013C5C44B4FB81
:1093A800FBF40BFB04F4002D60D0AAEB050CA444DD
:1093B8006645FFF47EAF00286AD1BAF1040F45D1A3
:1093C80058F8040B20604FF0040A043428E0013AEE
:1093D800002325E0019B13F8013C6C2B33D10020BE
:1093E800019B13F8023C6C2B0346C4D14FF0080BC9
:1093F800DA46D2E708F1070828F00708073424F00E
:109408000704F8E802AB35B106982044B0423FF6AD
:1094180050AFC4E900AB002308344FF0080BDA461C
:10942800019911F8010F0191002800F0BC80002B70
:109438007FF471AF2528F3D1012301324FF0040BDB
:10944800EDE7184696E700200346A6E7BAF1080FAD
:1094580040F09B8008F1070828F00708F8E80201A7
:10946800C4E900014FF0080A0834D9E780B9BAF115
:10947800040F02D108F10408A5E7BAF1080F40F07B
:10948800848008F1070828F0070808F10808E9E7C8
:1094980005990139059158F8041B009121E70399B2
:1094A80088074AD54FF0010CA4EB050E4FEA9E0041
:1094B800BEF5007F1ED3294940F27B23284A29485C
:1094C80016F0EEF9284816F0EBF940F27B21244813
:1094D80016F0DFF90F2F0FD8002D49D007F1400102
:1094E8000DEB010C0CF8200C0CF8102C0498013032
:1094F800049021E00F2F0CD918494FF42073184A13
:10950800184816F0CDF9194816F0CAF94FF4207129
:10951800DDE7CDB107F140010DEB010EC0B20EF849
:10952800200C0EF8102CBCF1000FDFD060F07F008B
:109538000EF8200C09F101090137C5F108014FF6B1
:10954800DA7E043406916BE7BCF1000F10D00136C7
:10955800F2E700BF0457020024B3020079B2020008
:109568002C6202005A6202007762020098620200CE
:10957800029802360028DFD10098CDE90632FFF7BD
:1095880039FDDDE906320644D6E740F2C523434AF1
:109598004349444816F084F95146434816F080F987
:1095A80040F2C52193E7631BB3F5806F0CD33C49A8
:1095B80040F2D123394A3B4816F072F93B4816F07D
:1095C8006FF940F2D12182E71DB9A6F10804E0182D
:1095D80071E6029A9B0828602B709DF81030C2B182
:1095E800EB7085F80290B9F1000F05D0002208A8A9
:1095F800C5F1010C97420ED14FF0000AC5F10103E5
:109608000DF1200801930DF1300B574512D1601B65
:1096180051E66B70E5E710F8013B190608D504EB35
:109628000C0E764503F07F03FFF443AE04F8013BCC
:109638000132DFE7B9F1000F03D098F90020002AC2
:1096480017DB029BD3B11AF80B2004F8012B002278
:10965800019B981820448642FFF42BAE98F800002E
:10966800009904F8010B204603921BF0DCFF039AD3
:1096780014440AF1010A08F10108C6E798F8002025
:1096880055F822300093029B009845F82230FFF7E6
:10969800B1FC421CDCE76FF00D000CE62C62020006
:1096A80079B202005A620200B2620200C762020086
:1096B8002DE9F04F95B000AF8A4604467A62BB6147
:1096C80058B9A8494FF46573A74AA84816F0E8F8AE
:1096D8004FF46571A44816F0DCF8BB6F90F802B03F
:1096E800C3F3C0033B6141B9457800780BEB8000B8
:1096F8002044554517D8A0EB040AE3787B61BBF1F9
:10970800000F02D0BB6FD80716D47B6953BB7B6AA6
:109718001BB151462046BA699847554628465437E2
:10972800BD46BDE8F08F461C3046FFF763FC0130AC
:1097380030440AF1010ADCE7237862683B629B0047
:10974800FB603B6AFA6104EB83097B6A002B40F0FB
:109758000081C8460026554609EB0B0AC24551D17F
:10976800D94413E0BB6F9907D1D5237899463B625A
:109778009B00FB60636804EB8909FB617B6A002B33
:109788007AD15546BBF1000F4FD15E46BB6F13F03F
:10979800050F0CBF4FF0020B4FF0010B7B6909EB73
:1097A800430ABB6F03F002037B62D145B6D019F8B8
:1097B800021B19F8013C54F823806D4B984502D3DD
:1097C8006C4B984538D33B69002B42D0F86915F0AB
:1097D80089FD00283DD0E8468AB06A46664B536149
:1097E800FB69C2E906314FF400731384634B42F8F6
:1097F800103F00234FF41251614801F023FC023D51
:10980800C546D2E718F8013B54F82300FFF7F2FBEE
:10981800FB6F01303BB1D7F880309E423EBFFB6FF3
:1098280023F816000136054498E7BB6F13F00406C9
:109838001CBF7E6AD944A9E73B6923B1F86915F0D2
:1098480051FD0028C7D1BB6FDA0705D4A5EB0B057E
:10985800ABE77B6A002BA8D04046FFF7CBFBFB6F3A
:1098680043B1D7F880309E423FBFFA6F431C22F8BD
:1098780016300136054498E7BBF1000F6FD0BB6F77
:1098880013F004067ED0D846002607F140005A4659
:1098980049461BF0C8FE7B69D9445B007B607B6945
:1098A80009EB4303BB60BB6F03F002033B60BB687B
:1098B800994569D1B96F6378B86F890748BF0021A6
:1098C80006EB030258BF4FEA5801C507D2B200F1B0
:1098D800DF8010F0040F14BF40460020FB61627067
:1098E800A070E1702046BA69F9687B6A9847051E3E
:1098F800FFF614AF3B6A41462370FB69BA6963708F
:109908007B6984F802B0E37007F140007B6A9847EE
:10991800B0F10008C0F2E980FB68AAEB0B01C91A94
:109928007B684846C91ABA697B6A98470028C0F21A
:10993800DE804FF0000BA84408EB000507F1300A61
:10994800B345C0F0A7800021BA6908467B6A9847EA
:10995800E4E65E464FF0000807F1300097E75E4600
:10996800D84698E7DE6202002C6202005A620200C2
:109978000457020024B30200F96202000400000147
:10998800745A0200B04686E719F8021B594B19F8B9
:10999800015C54F82500984202D3574B984216D3DD
:1099A8003B692BB1F86915F09DFC00287FF47FAF67
:1099B8003B68002B4AD00F2E3ED9504940F24A430B
:1099C8004F4A504815F06CFF40F24A4182E63B6925
:1099D8002BB1F86915F086FC00287FF468AFBB6FDF
:1099E800DB070BD50F2E27D944494FF48863444A27
:1099F800444815F055FF4FF488616BE6BB6F580774
:109A08007FF555AFB8F10F0F09D93F4940F24343ED
:109A18003B4A3C4815F044FF40F243415AE608F1FE
:109A2800280307F1280208F1010103EB020808F8EE
:109A3800105C5FFA81F83AE706F1280307F128027B
:109A4800711C9E1806F8205CCEB230E7B8F10F0FF3
:109A580009D92D4940F24D43294A2A4815F020FFDB
:109A680040F24D4136E608F1280307F1280208F1D3
:109A7800010003EB020C07F1500308F1020853FA46
:109A880080F00CF8101C5FFA88F800F8105C0EE7FC
:109A9800002023E71BF80A3054F8239087F82F306A
:109AA800FB6FFBB133F81B800121BA697B6A07F1B0
:109AB8002F00984700281ADB0544B8F1000F06D19B
:109AC8004846FFF797FA00F101081FFA88F841465F
:109AD8004846BA697B6A9847002808DB05440BF1B9
:109AE800010B2DE7D7F87C80DEE7454616E60546EC
:109AF80014E600BF0457020024B302009C6302006E
:109B08002C6202005A620200BB630200014B18601B
:109B1800704700BF28C6002080B505460E46174688
:109B2800984613F099FB03461BF0DEFD0446DFF868
:109B38001890424649F8003039463046A84754F84C
:109B4800090002F081F900BF08000000F8B50F46CF
:109B580000293BD006680122304615F081FC0146F9
:109B68000446304615F044FCC3070DD4AF23184A09
:109B78001849194815F094FE3946184815F090FE12
:109B8800AF21134815F085FE2146304615F046FCF6
:109B9800251829460022304615F02AFC2D1AAC4219
:109BA8000BD0B7230A4A0E490B4815F079FE3946FF
:109BB8000C4815F075FEB721E3E72146304615F04D
:109BC80033FC2146BDE8F84015F06FBDF8BD00BF75
:109BD800EC6302000D6402005A6202001E64020077
:109BE800566402007C6402002DE9F8430F460668BB
:109BF8001446B2684B1EB2F5004F34BF0421082149
:109C08003B4010D0C7F1000909EA0709494503F1AB
:109C1800FF3028BF494618420CD11F46DCB9002541
:109C28002846BDE8F8838F4213D82146BDE8F8439B
:109C380015F07DBD2E494FF4A2732E4A2E4815F01B
:109C48002FFE2E4815F02CFE4FF4A271294815F06E
:109C580020FE9946E2E7B2EBD40FE0D9E319591A8E
:109C6800104615F007FC0146304615F05DFC8046AD
:109C78000028D4D0B36809EBC005B3F5004F34BF52
:109C8800042308231D4435447B1E1D44B5FBF7F50A
:109C98007D43A5EB09052946304615F0E1FB2C4428
:109CA800073424F00704A41B804507464FEAE40460
:109CB80008D202464146304615F070FC414630460F
:109CC80015F0B1FC3946304615F0A8FB38448442FB
:109CD80008D239463046224615F060FC2146304607
:109CE80015F0A1FC01223946304615F09DFB97E797
:109CF800B8640200EC6302005A620200D3640200F6
:109D0800B2F5802F2DE9F04110D2042A28D8434912
:109D18004FF4F973424A434815F0C2FD424815F022
:109D2800BFFD4FF4F9713E4815F0B3FD0823D21A70
:109D3800CC1D114424F0070421F00701091B172941
:109D48004FEAD1060ED8394940F2FB13344A354858
:109D580015F0A6FD344815F0A3FD40F2FB11E2E72B
:109D68000423E4E70027046031463046A660E76034
:109D780015F089FB0121421D8046304615F07AFB1B
:109D88009200D51DED082844B0423AD8B8F1FF3FFB
:109D98003946A2F1100204F11000B8BF3A461BF090
:109DA8004FFC2A463946204615F056FB3B463A46B4
:109DB8003946204615F027FBA6EB0508204639460C
:109DC800012215F031FB4246294615F045FB2B468A
:109DD8003A462946204615F016FB3146204615F02E
:109DE8003BFB43463A463146204615F00CFB3146CC
:109DF8002046012215F018FB2946BDE8F04115F070
:109E080012BC0B494FF40373054A064815F048FD88
:109E1800054815F045FD4FF4037184E7F06402002E
:109E2800EC6302005A620200116502002A65020012
:109E38005365020000B516221BF056FC024B1A505F
:109E48004FF0FF305DF804FB0C000000282343436B
:109E580030B50D4908330B44D3E8AF2F92B1541EE7
:109E6800D3E8EF5F954204D1C3E8EC4FBCF1000F93
:109E7800F6D1F1D1012A05D12823584300230A1825
:109E88000B50536030BD00BF2CC6002070B50025B4
:109E98004FF0FF334FF0FF32174811F0E3F9174B3B
:109EA800D3E8AF2F82B10135102D03F12803F7D184
:109EB8001BF01AFC17224FF0FF35114B1A500E48B1
:109EC80015F07AFC284670BD28246C43D3E8EF0FC0
:109ED8000130C3E8E10F0029F8D10A4E3319325195
:109EE8005A6004F10C0030441BF03CF804F12000E7
:109EF80030441BF01CF9E2E748D1002034C60020AA
:109F08000C0000002CC6002010B40446104628227D
:109F18005443084B1A191951506040B1C26832B104
:109F28000C34234440F2051210BC15F034BC10BCAC
:109F3800704700BF2CC600202DE9F84F0446A38BBC
:109F480008461907154612D4022803F0070165D1FF
:109F5800204615F035FC88B10138042800F2378115
:109F6800DFE810F05C0035018200D400040101280C
:109F78000CBF43F0100143F02001A18314342046A4
:109F880011F0A6F8002840F09F819A4940F2311359
:109F9800994A9A4815F084FC2146B1E003F007027B
:109FA800501F01281ED80020062A2768C4E900008F
:109FB80014D13A4603E0E08B0130E0831268002AAE
:109FC800F9D123F0070343F002022046A28315F0DB
:109FD800F7FB90B342F02002A2832EE023F00703A0
:109FE8009AB2F2E7042A33D123F007039AB2204643
:109FF800A28315F0E5FB10B142F02002A283A38BE7
:10A0080003F00709894540F0EC80A18BCA0640F1AE
:10A01800528121F01003A38301F00701D4F81880BE
:10A02800A38BB8F1000FB9DA0022276823F00703E1
:10A03800C4E9002243F00103A383A38B03F00709BB
:10A04800894540F0CF80002FDFD00026B24644E09B
:10A058006B4940F21B136B4A684815F021FC40F22B
:10A068001B11684815F015FC49B167494FF4AB73EB
:10A07800644A624815F014FC4FF4AB71F1E72368A9
:10A088004BB9624940F257135E4A5C4815F008FC28
:10A0980040F25711E5E723691E684EB95C494FF451
:10A0A800AD73584A554815F0FBFB4FF4AD71D8E72E
:10A0B8000F4688464FF00609A38B23F0070343F0A9
:10A0C80006039BB2A383A268002A40F08D80002F6C
:10A0D80040F08D80002E98D0BA4643F0080304F172
:10A0E800140B5846A38310F0F3FF002840F09A8021
:10A0F800404940F23113404A404815F0D1FB5946D7
:10A10800444815F0CDFB40F23111AFE0022909D0E7
:10A11800414940F25D133B4A384815F0C1FB40F213
:10A128005D119EE7E78B4FB13C494FF4AF73354A59
:10A13800324815F0B5FB4FF4AF7192E723695E68BA
:10A148004EB9334940F261132E4A2C4815F0A8FB4A
:10A1580040F2611185E7A38BB84623F0070343F06B
:10A1680004039BB24FF00409A383ACE7012909D08B
:10A178002B494FF4B273234A204815F091FB4FF452
:10A18800B2716EE723684BB9204940F265131D4A46
:10A198001A4815F085FB40F2651162E723699E684D
:10A1A8004EB91B494FF4B473164A144815F078FB9E
:10A1B8004FF4B47155E70027A38BB84623F0070383
:10A1C80043F005039BB24FF00509A3837BE70C49D5
:10A1D80040F26B130B4A094815F062FB40F26B1111
:10A1E8003FE7002700266EE74FF0010A75E7924621
:10A1F80073E700BF4E660200216602005A62020041
:10A2080079B202007E650200A0650200AC6502001A
:10A21800CF65020065660200E6650200FC65020083
:10A228000B66020085F31188BFF36F8FBAF1000F38
:10A238001ED1002F2FD116B120462649B0474FF026
:10A248002003EFF3118583F31288BFF36F8F58460D
:10A2580010F030FF38BB88231F4A2049204815F0EA
:10A268001FFB59461F4815F01BFB88211A48F9E6C1
:10A27800A1680029DDD00D680029DAD043464A4696
:10A288002046D1F804A0D0471DB12B6829461D46A9
:10A29800F2E72B46FAE7394643464A4620463F68E6
:10A2A80015F0BAFAC5E7584610F020FFA38B23F043
:10A2B8000803A383A9E68B067FF560AE21F020038F
:10A2C800A38301F0070143E685F31188BFF36F8F7D
:10A2D800BDE8F88FF1A20000216602007A6602004C
:10A2E8005A6202008F660200F8B504460D4600F176
:10A2F80014064FF02003EFF3118783F31288BFF39E
:10A308006F8F304610F0D6FE68B988230B4A0C4987
:10A318000C4815F0C5FA31460B4815F0C1FA8821EA
:10A32800064815F0B6FA304610F0E0FEA5613A4648
:10A338002046BDE8F8400121FFF7FEBD2166020076
:10A348007A6602005A6202008F6602002DE9F04721
:10A3580004460F4615F050FA051E69DB04F114098E
:10A368004FF02003EFF3118A83F31288BFF36F8F46
:10A37800484610F09FFE804660B98823384A39491C
:10A38800394815F08DFA4946384815F089FA882178
:10A39800334842E0484610F0A9FE4FF6FF72E38BBF
:10A3A800A68B934206F0070645D0022E15D13546F6
:10A3B8000133E383484610F08BFE002841D140F278
:10A3C8003113274A2A49284815F06AFA4946294884
:10A3D80015F066FA40F23111DAE7062E13D8DFE8F5
:10A3E80006F0092D1212090409006FF085054FF0D7
:10A3F8000008DFE700233B60636883B9C4E900779E
:10A4080086B13546F3E71C4917484FF4E4731B4AF5
:10A4180015F046FA4FF4E471184815F03AFA1F603F
:10A428006760EDE7524602212046FFF785FD354675
:10A438002846BDE8F0876FF00A05D8E76FF00405F5
:10A44800D5E78AF31188BFF36F8FB8F1000FEFD00B
:10A45800002332463946204615F0DEF9E8E700BF0A
:10A46800216602007A6602005A6202008F660200C4
:10A478004E660200656602000B6602007E650200F9
:10A4880008B54268034602F00302022A81600AD036
:10A49800032A4FF0000103D0012A0AD1596006E0CF
:10A4A8001868596008BD186800225A6058B9002019
:10A4B800F8E7064906484523064A15F0F1F945210B
:10A4C800044815F0E6F913F099FFF0E779B20200B5
:10A4D8005A620200A566020038B50D4604462022DD
:10A4E80000211BF0ADF80022EB68E361AB68A361C3
:10A4F8002B6823626B68A26263622A6923B1591EC2
:10A50800194208BF42F0010222610122002104F130
:10A518002C001AF064FD48B1054906482E23064A66
:10A5280015F0BEF92E21044815F0B3F938BD00BF67
:10A53800EE6602005A620200C86602002DE9F04F7A
:10A54800002789B0CDE90123436A04468B42884637
:10A55800BA460597079753D300F114064FF0200326
:10A56800EFF3118B83F31288BFF36F8F3046D94610
:10A5780010F0A0FD58B988234B4A4C494C4815F0B7
:10A588008FF931464B4815F08BF9882160E0304649
:10A5980010F0ACFD079A2AB13946204615F061FA49
:10A5A8000023079306A9204615F087F90699054662
:10A5B80041452ED32268236A204613F8221003EB64
:10A5C800820A21F0030103F822102168424615F09F
:10A5D80098F9E3682060984216D00025304610F0BC
:10A5E80077FD40B389F31188BFF36F8F059929B1BF
:10A5F800A2690AB12046904700230593002DADD1EA
:10A60800504609B0BDE8F08F236943F00803236181
:10A61800E3E718B1204615F08EF9DFE7DDE90132EE
:10A62800134338D003911AF088FC039998BB30463D
:10A6380010F04EFD78B940F231131B4A1E491C48F0
:10A6480015F02EF931461D4815F02AF940F231115E
:10A65800154815F01EF98BF31188BFF36F8F04F1BD
:10A668002C00DDE9012311F059F805464FF02003CD
:10A67800EFF3118983F31288BFF36F8F304610F020
:10A6880019FD00283FF477AFB5FA85F5304610F08C
:10A698002DFD6D09A2E7204607AB05AA276815F02E
:10A6A80069F905469AE700BF216602007A6602004A
:10A6B8005A6202008F6602004E660200656602005A
:10A6C8002DE9F0410446C36908460E46984704F14F
:10A6D800140507464FF02003EFF3118883F312881F
:10A6E800BFF36F8F284610F0E5FC68B988231A4A33
:10A6F8001A491B4815F0D4F829461A4815F0D0F81D
:10A708008821154815F0C5F8284610F0EFFC337875
:10A718003A4643F0010333706168204615F0F1F8BA
:10A728006060204615F0B8F9284610F0D1FC68B9E9
:10A7380040F23113084A0C49094815F0B1F8294686
:10A748000A4815F0ADF840F23111DAE788F31188BC
:10A75800BFF36F8FBDE8F081216602007A660200C0
:10A768005A6202008F6602004E66020065660200A9
:10A778002DE9F843044600F114074FF02003EFF3E6
:10A78800118883F31288BFF36F8F384610F092FC5C
:10A79800054668B98823354A3549364815F080F8A2
:10A7A8003946354815F07CF88821304815F071F89D
:10A7B800384610F09BFC2369A26813F0080F02D1F9
:10A7C80063689A4200D9636A9B1A002B3FD0216ABA
:10A7D80011F8223001EB820913F003003AD0022865
:10A7E80003D151F82260B60805D1D8071FD44846CE
:10A7F800E36998470646A1683246204615F081F875
:10A808003146A060204615F08AF8384610F060FC02
:10A8180010BB40F23113154A1849164815F040F894
:10A828003946174815F03CF840F23111BDE743F0BE
:10A83800020301F82230E3694846A568984729468B
:10A848000246204615F05DF80025A060DDE71D46AC
:10A85800A946DAE70546FBE788F31188BFF36F8F4F
:10A86800002D8AD14846BDE8F88300BF2166020062
:10A878007A6602005A6202008F6602004E66020083
:10A88800656602002DE9F0410446C36908460D4695
:10A89800984704F1140607464FF02003EFF3118898
:10A8A80083F31288BFF36F8F304610F003FC68B94A
:10A8B8008823274A2749284814F0F2FF31462748B9
:10A8C80014F0EEFF8821224814F0E3FF304610F020
:10A8D8000DFC2B786FF300032B7023699B0705D5BC
:10A8E800E268236A03EB82039D4222D12B786FF33F
:10A8F80041032B70D4E90231994204D13A462046EB
:10A9080014F0FFFFA0603946204615F008F83046DD
:10A9180010F0DEFB90B940F231130D4A10490E4891
:10A9280014F0BEFF31460F4814F0BAFF40F231115F
:10A93800C9E72B6867F39F032B60E8E788F3118862
:10A94800BFF36F8F04F12C00BDE8F04110F0A2BEF8
:10A95800216602007A6602005A6202008F660200CF
:10A968004E6602006566020030B5002289B00F49C4
:10A978000F481AF02BFC002200230024CDE90623FF
:10A988000E230C4DCDE903344FF400622846CDE97F
:10A998000144094B0949009410F0D4FA08492846A3
:10A9A8001AF0D1FA204609B030BD00BF11AB000043
:10A9B80020D8002090D30020E9AD000030F7002017
:10A9C800F76602002DE9F047044607464FF00109F3
:10A9D800DFF8508014B93846BDE8F08794FAA4F53A
:10A9E800B5FA85F509FA05F32E0108EB05156FEAA6
:10A9F800030A24EA03042B7B002BEBD058F806301B
:10AA08001B694BB94644736804222846196807EA4B
:10AA18000A0700F0F1FADDE7284698470028D9D15F
:10AA2800F0E700BF0C5B02002DE9F047DFF8B890B3
:10AA38002E4C8046A9EB04039F2B0F460BD92C49BB
:10AA480040F225132B4A2C4814F02AFF40F2251116
:10AA5800284814F01EFF294815F04DF8064660B343
:10AA680000252846BDE8F087237B73B12368DB689F
:10AA78000BB12046984723681B69B3B96368042261
:10AA88002046196800F0B8FA013610344C4518D938
:10AA98001B494FF49973174A174814F001FF1948D6
:10AAA80014F0FEFE4FF49971D2E72046984700282B
:10AAB800E4D00AFA06F31D43E6E705464FF0010A1B
:10AAC800E4E7D1D3B8F1000FCBD0002DC8D0284689
:10AAD800FFF778FF0546002FF7D000214FF4A47048
:10AAE80012F086FBF1E700BF1C5B02000C5B020062
:10AAF8002C670200FF6602005A620200ACE00020E8
:10AB08005067020071670200014810F0C3BD00BF22
:10AB180000D20020014B53F8200070475C5B020014
:10AB280008B5034608462BB1044A136000F0ACFD93
:10AB3800002008BD6FF01500FBE700BFACC800207F
:10AB480010B5044C237813B9034810F0A3FD012372
:10AB5800237010BDE6F2002000D2002010B5044694
:10AB6800064814F0C8FF3CB1054BD3E8EF1F013984
:10AB7800C3E8E21F002AF8D110BD00BFA4E00020FE
:10AB8800A8E0002000200146034BD3E8EF0FC3E8FC
:10AB9800E21F002AF9D17047A4E0002070B5FFF742
:10ABA800F1FF05460F4C104EB44219D90F4940F237
:10ABB800DD130F4A0F4814F073FE0F4814F070FEAF
:10ABC80040F2DD110A4814F064FE63685B792BB12A
:10ABD80023685B6813B12946204698471034E3E799
:10ABE800F3D370BD0C5B02001C5B020050670200CF
:10ABF800FF6602005A6202007167020010B5044C39
:10AC080004492046FFF768FC034B1C6010BD00BFD9
:10AC180088D00020485B02009CE0002008B5002393
:10AC2800074A4FF400411370064A07481360074A61
:10AC38001360FFF775FFBDE80840FFF7DFBF00BFEF
:10AC4800E7F20020A4E00020FBFA0100A8E00020C1
:10AC58000146002200230148FFF770BC88D000207D
:10AC68000148FFF785BD00BF88D00020024B014690
:10AC78001868FFF707BE00BF9CE00020014814F0E9
:10AC880018BF00BF88D0002070B52E4B1878002858
:10AC980057D0FFF7E5FF054640B32B4BD3E8EF1F2E
:10ACA8000139C3E8E21F002AF8D1284C284EB442E3
:10ACB80018D9284940F2D113274A284814F0F0FD42
:10ACC800274814F0EDFD40F2D111234814F0E1FDBE
:10ACD80063685B7923B12368294620461B68984737
:10ACE8001034E4E7F4D32846FFF7C0FF1D4B1E4C91
:10ACF8001B68002B19DD1AF022FA4FF47A72A0FBB8
:10AD0800020302FB0131C30B43EA4143D4E90020AB
:10AD18009B1A40F2E9324FEAD13161EB00019342CC
:10AD280071F1000101D3FFF739FFD4E9003213F5BF
:10AD38007A7342F10002C4E90032BDE87040FFF7BF
:10AD48009DBF70BDE6F20020A8E000200C5B020069
:10AD58001C5B020050670200FF6602005A62020094
:10AD680071670200A4E0002018D8002070B5154DC6
:10AD7800297829BB0120FFF757FE134C134EB44224
:10AD880017D913494FF4CA73124A134814F088FDAF
:10AD9800124814F085FD4FF4CA710E4814F079FD7D
:10ADA80063685B791BB1236820469B689847103419
:10ADB800E5E7F5D3FFF768FF0028FBD101232B70E7
:10ADC80070BD00BFE7F200200C5B02001C5B0200B4
:10ADD80050670200FF6602005A62020071670200B3
:10ADE8002DE9F047304B314FFB1A1B090BD1304985
:10ADF80040F26B332F4A304814F052FD40F26B3169
:10AE08002C4814F046FD00210846FFF70DFE0446C5
:10AE180050B340F267684FF000091AF065FC274B01
:10AE2800274A1B58136033B1264B1B68092B02DDD8
:10AE3800254810F02FFC0025DFF88CA044B12046EF
:10AE4800FFF7C0FD044618B94FF0FF384FF0FF393F
:10AE5800FFF71AFF064628B95DB942464B465046E9
:10AE680010F05CFC3546E9E74FF0FF384FF0FF394A
:10AE7800D3E70D4D08E0F0D22B689B691BB1002287
:10AE88002846114698471035BD42F4D90F4940F27B
:10AE98005F33084A084814F003FD0D4814F000FD1C
:10AEA80040F25F31ACE700BF0C5B02001C5B0200A4
:10AEB80090670200FF6602005A6202000800000064
:10AEC800A0E00020A8E0002000D200205067020087
:10AED8007167020013B52C4814F00DFE2B4B1B783C
:10AEE800002B36D04FF02003EFF3118483F3128840
:10AEF800BFF36F8F264810F0DDF868B98823254A1C
:10AF08002549264814F0CCFC2149254814F0C8FCF2
:10AF18008821204814F0BDFC1D4810F0E7F8FFF721
:10AF2800B3FE1B4810F0D4F868B940F23113194A3F
:10AF38001C491A4814F0B4FC15491B4814F0B0FC1D
:10AF480040F23111E5E784F31188BFF36F8F02B047
:10AF580010BD164B1B68002BF9D050B900220023F6
:10AF68001348CDE900234FF40042002312F08CFE71
:10AF7800EDE70928EBD10E481AF034F90D4802B074
:10AF8800BDE8104010F086BBA8E00020E7F20020E2
:10AF980098E00020216602007A6602005A620200E8
:10AFA8008F6602004E66020065660200A0E000207F
:10AFB80020D8002000D2002010B5064B04461B689C
:10AFC80098472146A0600448FFF77AFBBDE8104087
:10AFD800FFF780BFACC8002088D00020044A054B8A
:10AFE8009B1AB1EBD30F34BF52F8310000207047E1
:10AFF800645A02000C5B02000E4B10B5C31A1B11F9
:10B008000133DBB248B90C490C48DF230C4A14F071
:10B0180047FCDF210A4814F03CFC4468237143686C
:10B028009A7101224368196043685A71BDE810405B
:10B03800FFF786BD0C5B0200306802005A6202000E
:10B04800F86702002DE9F04F8FB0C1F34A2804AF2A
:10B058000D469146B8607B600C0DB8F1000F68D0C2
:10B0680000264FF0040B4FF00A0A07F11403C7F843
:10B078000C80C7E907667E620193CDF808B0CDF869
:10B0880000A007F11C0332464846F968FEF710FB9A
:10B09800B0F5006F03461CD36C468AB0D9F804108B
:10B0A80004AB2C481A46C3E9050140F2FF71D96187
:10B0B8004FF400711984284B42F8103F4FF4125195
:10B0C80033462648FFF7BEFFA5462C37BD46BDE8E8
:10B0D800F08FC0F30A0804F11700184420F00700A5
:10B0E80080083B60FFF7B4FD68F35325044640B37E
:10B0F8003B6800F11001C7E9083607F11403F9614C
:10B10800CDE900A3CDF808B04846154AF96807F11B
:10B118001C03FEF7CDFA002813DA124912484FF43F
:10B128008573124A14F0BCFB4FF485710F4814F074
:10B13800B0FB04F1170020F007008008FFF788FD36
:10B14800044668F353252A4620467B68B96814F0FC
:10B1580004FDBAE750680200040000018C5A02009E
:10B1680037FB0100BC6802005A6202008F680200C7
:10B178002DE9F04F87B00446DDE9105ADDE9126980
:10B188000F4693469846BEB11021334652460020DA
:10B19800CDF80090CDF81490FEF774F8011E0CDA83
:10B1A80021494FF49573214A214814F079FB4FF453
:10B1B80095711E4814F06DFB314605F117000844DF
:10B1C8001C4B04F007040BF0070BE40020F0070009
:10B1D80003EA412344EA8B1480081C430391FFF7D8
:10B1E80037FD44EA05540546A0B19EB133465246A0
:10B1F8000399CDF800901030FEF744F8002809DADA
:10B2080009494FF4A273094A094814F049FB4FF45D
:10B21800A271CEE7434622463946284607B0BDE824
:10B22800F04F14F09ABC00BFBB6802008F680200A0
:10B238005A62020000FE0F000EB403B503AB53F8C8
:10B24800042B01460448019301F0FCF902B05DF8B3
:10B2580004EB03B0704700BF81B20000CA0605D4F2
:10B268008B064CBF02490349FFF7E6BF704700BF92
:10B27800CA7402001894020038B54B6805461A686B
:10B28800CB680C469A4202D1084614F0E2FC636887
:10B29800D3E8EF2F511CC3E8E01F0028F8D1A368BA
:10B2A8009D5463681A68E3689A4209D905490648B3
:10B2B8007A23064A14F0F4FA7A21044814F0E9FAD9
:10B2C800002038BDF46802005A620200C568020016
:10B2D8002DE9F04F89B09B46DDE914939DF84C7039
:10B2E8000593169B04460D46179E06920493002F5D
:10B2F80000F09480042F0BD9994940F2BF13994A62
:10B30800994814F0CDFA40F2BF11964814F0C1FAEA
:10B3180006F00803079314F008FC06F0020A024638
:10B3280000284AD020469149FFF786FF8046BAF1A7
:10B33800000F08D016F0440F41D12A4620468C4908
:10B34800FFF77AFF804406F0010353B1894B20468A
:10B3580053F82720884B8949002A08BF1A46FFF767
:10B368006BFF06F00803002B55D0854B204653F899
:10B3780027208449FFF760FF0546069B2BB11A4634
:10B3880020468149FFF758FF0544BBF1000F05D05F
:10B398005A4620467D49FFF74FFF05444544B9F119
:10B3A800000F4CD1049B002B61D1F30700F1D28030
:10B3B80031462046FFF752FFC6E08046B7E7744B98
:10B3C80018680028BED0734B4FF47A7E1B684FF480
:10B3D8006162B5FBF3F5B5FBF0F300FB13550EFB0B
:10B3E80005F5B3FBF2FAB5FBF0FC3C2102FB1A327F
:10B3F80000FB1C55B2FBF1F30EFB05F5B5FBF0F5B0
:10B4080001FB132220460092CDE901C5524662494C
:10B41800FFF712FF96E706F00805AEE7BBF1010F4C
:10B4280008D1B9F1000F1CD1049B002B00F08C80CF
:10B4380000251CE0B9F1000FF6D0584812E0584832
:10B448004B462246574913F01CFF00280CDA564990
:10B4580040F21923434A444814F022FA40F21921D1
:10B4680053E74F483D46EBE7049B002B69D0DFF8D4
:10B478003C91DFF83CA1DDF810803146B8F1100F9F
:10B48800204628BF4FF010084FF0000BFFF7E6FEEC
:10B498005D4542DC059B514620461A78FFF7CCFEF5
:10B4A8004FF0010B1BF0070F03D149462046FFF769
:10B4B800C3FED84538D9059B5146204613F80B20C2
:10B4C800FFF7BAFE0BF1010BBBF1100FEAD14FF0F9
:10B4D800000B20463749FFF7AFFE5A46059B20462A
:10B4E8009A5CA2F120015F2928BF2E223249FFF77A
:10B4F800A3FE0BF1010BBBF1100F1AD01BF0070FC5
:10B5080003D149462046FFF797FED8455A46E5D865
:10B5180049462046FFF790FEEBE749462046FFF7ED
:10B528008BFE0BF1010BB3E720462449FFF784FE9D
:10B53800C8E7059B43440593049BB3EB08030493B6
:10B5480099D1002F7FF431AF204609B0BDE8F04F04
:10B5580014F07FBB2046084A0849FFF76DFE27E72D
:10B5680029690200C56802005A62020035690200B2
:10B57800396902006C5B0200246902003588020008
:10B58800805B02005E69020064690200686902006B
:10B59800B4E00020B0E000204269020075FC010020
:10B5A80081B200004DC600006D6902007E6902008C
:10B5B8007669020080690200788902007C690200CD
:10B5C8002DE9F0410F884B6805460C4690468E6879
:10B5D80086B0C7F382175BB1144A9B1A43F3CF01B5
:10B5E800002920DB2078C0F3C200FFF7F7FC0346F0
:10B5F800214651F8102B6088C2F34A22002A01EB39
:10B60800020408BF00210022C0F30B10CDE9040892
:10B61800CDE902142846314601970092FFF758FEFB
:10B6280006B0BDE8F0810023E2E700BF645A0200DB
:10B6380042F20F7373B58B4228BF0B460568044668
:10B64800052168460D4A12F0DDFF06466368284664
:10B658000B225B680A4914F0EFFA636832466946C0
:10B6680028465B6814F0E8FA63681B2228465B6882
:10B67800044914F0E1FA02B070BD00BFAD9E0200AB
:10B688009E6902008269020000210123064A904255
:10B6980006D8064A01B901231360054B18607047A4
:10B6A800012140085B00F2E740420F00B0E00020B3
:10B6B800B4E00020F8B50D460446064F4618B442DB
:10B6C80001D12846F8BD14F8011BBB6801485B6826
:10B6D8009847F4E71458020010B543681C680948F5
:10B6E80019F0F4FB48B9084908489A23084A14F0A5
:10B6F800D7F89A21064814F0CCF823685B685C6098
:10B7080010BD00BF14580200086A02005A62020005
:10B71800CA690200014B036000207047C85B020041
:10B728002DE9F04780460C4600AF002936D0D1E914
:10B738000012E9468AB06D46A3684FF0050A2E4606
:10B748001A48C5E90723C5E9050146F810AF0023E3
:10B7580032464FF421511648FFF774FCD4E903121E
:10B76800CD466369AD461348C5E90723C5E9050118
:10B77800C5F810A0002332464FF421510C48FFF7BA
:10B7880061FCCD46E36901210B4A094814F03EFAF1
:10B79800A3690121094A064814F038FA21464046AF
:10B7A8000EF0B2FFBD46BDE8F08700BF3C6A02005C
:10B7B800D45A02006B6A02009A6A0200A96A02005F
:10B7C80030BFFFF7FDBF00BF114B124A2DE9F04112
:10B7D800D518013DB5FBF3F5DFF83C805D430F4B11
:10B7E800074608EB0304013CB4FBF3F403FB0454E1
:10B7F8000E1B30460A4919F016FF701942460021FF
:10B80800083E19F01DFF7E6704F10800BDE8F081CD
:10B818000100000000000000080000000400000013
:10B828001C5B0200044B99685869884203D003499D
:10B838004FF080520A60704780F2002004ED00E06B
:10B8480070B5344C06460D463348344914F049FA6D
:10B85800A36AD9064DD53048314914F042FA11206F
:10B86800A36A1A0704D52C482E4914F03AFA122074
:10B87800284CA36A9B0712D52B49274814F031FAA4
:10B88800636BA26A110609D50121284A224814F0DF
:10B89800BDF91EB1A36A23F08003A36213201D4CD7
:10B8A800A36ADA0704D51C48214914F01AFA1420AF
:10B8B800A36A9B0604D518481E4914F012FA1520ED
:10B8C800144B9A6AD60602D49A6A940713D59B6ACF
:10B8D800D90610D5184940F26313184A184813F0CE
:10B8E800DFFF184813F0DCFF40F26311134813F030
:10B8F800D0FF1020B4E7074B9A6A920642BF5A6AF3
:10B9080022F400525A629A6A42F0FF029A620023B5
:10B918002B7070BD00ED00E0D45A0200D76A020017
:10B92800ED6A0200206B0200336B02004B6B0200D1
:10B93800616B0200806B0200E16B0200AF6B0200DA
:10B948005A6202002B6C020010B5244C2449254889
:10B9580014F0C7F9A36A99013ED52248224914F088
:10B96800C0F91E20A36ADA0104D51E481F4914F045
:10B97800B8F91F20194CA36ADB0204D519481C49E1
:10B9880014F0AFF90220A36A1C0304D5154819491D
:10B9980014F0A7F92120114CA36A590304D51148C2
:10B9A800154914F09EF92220A36A9A0304D50D487C
:10B9B800124914F096F92320084CA36ADB0304D536
:10B9C80008480F4914F08DF92420A36A6FEA03434D
:10B9D8006FEA1343A36210BD1D20C3E700ED00E02A
:10B9E8008F6C0200D45A0200A76C0200BA6C0200E5
:10B9F800D46C0200FE6C02001C6D0200416D020056
:10BA08005B6D020070B5294C06460D462848294949
:10BA180014F067F9A36AD9043CD52548264914F0DF
:10BA280060F91720A36A1A0504D52148234914F0A0
:10BA380058F918201D4CA36A9B0512D51C482049AB
:10BA480014F04FF9A36BA26A100409D501211D4A0D
:10BA5800174814F0DBF81EB1A36A23F40043A3626D
:10BA68001920124CA36A590504D51148164914F037
:10BA780038F91A20A36ADA050ED50D48134914F0CF
:10BA880030F91B20094A936A43F47F4393620023E9
:10BA98002B7070BD1620C5E7A36A9B04F2D5044835
:10BAA8000B4914F01EF91C20ECE700BF00ED00E084
:10BAB800D45A0200866D02009C6D0200206B0200C1
:10BAC800AD6D0200C66D0200DB6D0200F66D02006E
:10BAD800806B02002DE9F0478AB07F4B0546D3F80A
:10BAE80004A088461646002300AFCAF3080983F36A
:10BAF8001188BFF36F8F02F07F43B3F17F4F0ED0F1
:10BB080076494FF48B63764A764813F0C9FE764837
:10BB180013F0C6FE4FF48B61714813F0BAFE12F0B1
:10BB28000104EDD1530604D4100708D44FF00108DE
:10BB380008E06E496E4814F0D4F8710700D5454600
:10BB48004FF00008002DDBD00023FB71A9F103039F
:10BB5800092B00F29E80DFE803F0059497779C9C00
:10BB68009C9C9C9A6349624814F0BBF800235A4E87
:10BB7800FB71F36A9A0704D55F495D4814F0B1F880
:10BB880032E0F36A002B01DA5C49F6E7F36A5B00FE
:10BB98006AD55B49564814F0A4F87369AA6943F456
:10BBA80080737361BFF34F8FBFF36F8F736932F880
:10BBB800022C23F480737361BFF34F8FBFF36F8F31
:10BBC8004DF602739A4208D0B36ADBB27BB3012008
:10BBD800F91DFFF735FE044606E02B680121494AA6
:10BBE800434814F013F82C68FB79E3B907F108020D
:10BBF80005F12006134628686968083503C3B5426D
:10BC08001A46F7D17B6AB8F1000F5FD0C3F3080278
:10BC180022B96FEA53236FEA43237B62204607F178
:10BC28000801FFF77DFD2837BD46BDE8F087B36AF8
:10BC380013F47F4F04D00120F91DFFF7E3FECAE794
:10BC4800B36AB3F5803F02D3FFF77EFEC3E72E4900
:10BC580040F22A33224A234813F022FE2B4813F0DD
:10BC68001FFE40F22A3157E7274940F22E331C4A7B
:10BC78001C4813F015FE264813F012FE40F22E3130
:10BC88004AE70020F91DA4E70020F91DD5E721495E
:10BC980073E7214A6E461AF4F87F8AB01F4B18BF23
:10BCA80013466A461E49C2E90513A9F11003D36178
:10BCB8004FF4007313841B4B42F8103F00234FF4DA
:10BCC80011510B48FFF7BEF9B5468DE723F4FF7312
:10BCD80023F00103A1E700BF00ED00E03C6E020085
:10BCE800AF6B02005A6202004F6E02008D6E0200B6
:10BCF800D45A0200B06E0200C76E0200E86E02005D
:10BD0800F66E0200156F020079B20200316F020070
:10BD1800556F0200856F0200236E02000E6E02004E
:10BD2800A96F020004000001044B5A6942F0100296
:10BD38005A615A6942F480625A61704700ED00E026
:10BD4800EFF30880EFF3098101B57246FFF7C2FEF1
:10BD580001BD00BF002080F31488BFF36F8F00205F
:10BD680080F30A8880F30B8800F03AFD00200E4922
:10BD78000860BFF34F8F0D4880F3088800F03EF845
:10BD8800202080F311880A484FF40061401880F39E
:10BD98000988EFF314800221084380F31488BFF365
:10BDA8006F8F00F029F9000094ED00E05015012094
:10BDB80010060120BFF34F8F0549064BCA6802F4ED
:10BDC800E0621343CB60BFF34F8F00BFFDE700BFB6
:10BDD80000ED00E00400FA05002318460649D1F8F2
:10BDE8009020C2F30722934200DB7047C1F89830D5
:10BDF800C1F8A0000133F6E700ED00E010B572B617
:10BE0800002484F31388FFF7E7FF23464FF0FF3041
:10BE18000C4A03F120010133102B42F82100F8D11C
:10BE280000234FF0FF30074A03F160010133102B64
:10BE380042F82100F8D162B6BFF34F8FBFF36F8F7E
:10BE480010BD00BF00E100E0084B9B6883420BD1A6
:10BE5800EFF3058343B1064B5A6842F080525A60AB
:10BE68005A6A22F400425A6211F0FCB980F20020AA
:10BE780000ED00E06FF00A01084A9368D9670849A5
:10BE880098674B6843F080534B60002383F3118815
:10BE9800BFF36F8F9368D86F704700BF80F20020A0
:10BEA80000ED00E018498A6882F881E04FF0300020
:10BEB8001044EFF3098C80E8F01F202080F31288EB
:10BEC800BFF36F8F114F4FF000664A698A603E607A
:10BED8004FF07404141920680D4C206092F981E029
:10BEE800906F0023936780F3118802F1300090E887
:10BEF800F01F8CF3098802F1000004B513F0FBFE73
:10BF0800BDE804407047000080F2002004ED00E026
:10BF1800E4E000201EF0040F0CBFEFF30880EFF3FD
:10BF28000980816911F8021C0229FFD001B513F0BC
:10BF3800CDFE01BD40B2002807DB01234109034AB9
:10BF480000F01F00834042F82130704700E100E014
:10BF580040B200280CDB01220649430900F01F000B
:10BF68008240203341F82320BFF34F8FBFF36F8FF8
:10BF7800704700BF00E100E0054B420953F822205A
:10BF8800012300F01F0003FA00F01040704700BFC3
:10BF980000E100E038B54B1C072B04460D460FD9CD
:10BFA8005823104A1049114813F07AFC29461048C2
:10BFB8000723224613F074FC58210A4813F069FC41
:10BFC80040B20028ACBF00F160400A4A4FEA431370
:10BFD800DBB2ABBF00F5614000F00F0080F8003322
:10BFE800135438BDBC6F0200F36F02005A6202009E
:10BFF8000E70020014ED00E00B4A08B50B4B22F05E
:10C008007F029A60BFF34F8FBFF36F8FD3F88820FA
:10C0180022F47002C3F888200EF040FC11F09AFA5E
:10C0280000F060F80EF084FC0080000000ED00E0F5
:10C0380042F8203C009B0D4942F81C3C019B21F032
:10C04800010142F8183C029B42F8081C42F8143CD3
:10C058004FF0807342F8043C002383674FF43C435D
:10C06800203A0265C0F88030704700BF219B00006D
:10C078000A4B446F98600A4B1C60436E83F30B882D
:10C08800104681F30988002163B681F31188BFF354
:10C098006F8F00220023FDF73FFD00BF80F20020D4
:10C0A800E4E00020014910220A60704710ED00E02A
:10C0B80072B6404080F31188BFF36F8FBFF34F8F84
:10C0C80030BF62B6BFF36F8F704700BF72B649408A
:10C0D80081F31188BFF34F8F20BF80F3118862B6B8
:10C0E800704700BF002320210348C2180133412BA9
:10C0F80082F80013F9D1704700E100E001B5EFF3D1
:10C108000580A0F110004FEAC0000449014409C9A4
:10C118009847BDE801400249084700003C58020022
:10C128002DB800001FB5094C094A234601210948CA
:10C1380000F00AF900230393074B0121E41A01A830
:10C148000193029400F024F904B010BD000004200B
:10C1580080C50020C85B020090D3002010B50C7A7F
:10C168000B6804F01F0223F01F031A43CB6864090D
:10C1780023F01F03054943EA440343F00103C1F8D0
:10C188009800C1F89C20C1F8A03010BD00ED00E077
:10C198000F2810B508D901210346054A054813F0B0
:10C1A80035FD6FF0150010BDFFF7D8FFFBE700BFA6
:10C1B80052700200B45A02002DE9F04F8946144625
:10C1C80006464FF00008514D85B0C84527DAD6F825
:10C1D80004A0BAF1000F44D0BAF11F0F17D91AF012
:10C1E8001F0F14D1D6F800B01BF01F0F0FD15846FF
:10C1F80013F085FD07460AEB0B00013813F07FFDAD
:10C20800874210D06FF01507414A3B4601E043468C
:10C21800404A0121404813F0F9FC6FF0150420460C
:10C2280005B0BDE8F08F17F1160FEDD0BC42EBDD7D
:10C23800C5F89870D5F89C10C5F89870D5F8A03056
:10C2480021F01F0143F01F0BD6E900321A4499422E
:10C2580002F1FF3A1DD1D34507D13146F8B213F0A8
:10C2680057FD08F101080C36AFE73146C5F898705C
:10C27800D5F89C3022F01F0203F01F031343C5F8C2
:10C288009C30E0B213F044FD10F1160FC5D0441CE9
:10C29800E7E7C5F89870D5F8A020013B23F01F0305
:10C2A80002F01F021343D3453146E0B2C5F8A0306F
:10C2B800E8D013F02DFD10F1160FAED0C5F8987028
:10C2C800D5F89C209DF808300BF1FF3B62F304037E
:10C2D8008DF80830D5F8A0309DF808205B0863F386
:10C2E80047128DF80820D6E900321344009323F052
:10C2F8001F035B44A3EB0A03013023F01F036946C5
:10C30800C0B20393FFF744FFBEE700BF00ED00E0B3
:10C318009B70020078700200B45A02000522044B98
:10C32800C3F89420BFF34F8FBFF36F8F704700BFE0
:10C3380000ED00E0BFF35F8F0022024BC3F89420AA
:10C34800704700BF00ED00E038B50C4D0C462A7868
:10C35800FFF732FF287016300FD140F26D13084AEC
:10C368000849094813F09CFA2146084813F098FA3E
:10C3780040F26D11024813F08CFA38BDE9F2002042
:10C38800BE70020079B202005A620200ED7002002B
:10C398002DE9F74F314E894605464FF00008B34660
:10C3A8002F4FC84502DB03B0BDE8F08FD5F804A0D5
:10C3B800BAF1000F4CD029680846019113F09FFC90
:10C3C800019904460AEB0100013813F098FC8442F5
:10C3D8004FF01402234B15D002FB08F36FF015023F
:10C3E8004BF8032040F27D131F4A2049204813F0E0
:10C3F80057FA49461F4813F053FA40F27D111A487C
:10C4080013F047FA14F1160F3460EBD01978A142F3
:10C41800E8DD02FB08B0C7F89840C7F89840D7F89D
:10C428009C4000F10801007B64F304000871D7F810
:10C43800A0000C79400860F347140C71D7F89C10E1
:10C4480021F01F017160D7F8A01021F01F013161A0
:10C4580008F1010814360C35A3E700BFE8E0002016
:10C4680000ED00E0E9F20020BE70020079B202009F
:10C478005A62020019710200F0B5584D87B02C6855
:10C48800102C10D94FF4D273554A5649564813F018
:10C4980007FA21461022554813F002FA4FF4D271D8
:10C4A8004F4813F0F6F90020FFF744FF504B514A6C
:10C4B800C3F8C02084421FD14F4D01A82C70FFF74C
:10C4C80029F9002406464D4FA6421CD1FFF726FF46
:10C4D800474BD3F89030C3F30723102B7AD0484941
:10C4E80040F213233E4A404813F0DAF9454813F066
:10C4F800D7F940F21321D3E7696801EB0011FFF780
:10C508002DFE0130D6E7019A210102EB0413D3F87E
:10C518000CC00CEA0700B0F5001F1FD0B0F5800F63
:10C5280039D0B0F5801F43D1586852589B68CDE97F
:10C5380002022122013B20F01F010B4423F01F03BC
:10C548008DF810200593287802A9FFF721FE00280E
:10C5580033DB2B78013401332B70B5E75868525818
:10C568009B68CDE902024122013B20F01F010B44E8
:10C5780023F01F031CF0010F8DF810200593E2D063
:10C5880021497023164A184813F08AF91F4813F0F6
:10C5980087F9702184E758689B685258013B20F05E
:10C5A8001F010B44CDE9020223F01F030622C7E74F
:10C5B8000121174A174813F020FB0A494FF4E77383
:10C5C800074A094813F06CF9134813F069F94FF456
:10C5D800E77165E7002007B0F0BD00BFD45B02003B
:10C5E800BE70020079B202005A620200487102006D
:10C5F80000ED00E0AAFF4400E9F200200000F0FF8F
:10C608001D7202006E7202007C710200A2710200AB
:10C61800D1710200B45A0200F371020008B5024B4E
:10C628001B689847002008BDFCE00020034B044A23
:10C638001860937843F0020393707047FCE0002081
:10C64800B8C80020F0B587B007460E46144600214A
:10C65800102268461D4618F0F3FF02238DF80230B9
:10C66800054B2A4621466846CDE90476019312F027
:10C67800A9F907B0F0BD00BF4BFD010008B504489B
:10C6880012F0A7FE404080F311884FF0020002DF4D
:10C698009E72020008B50649064821F00701C1F15B
:10C6A800005202F58022FDF72BFB002008BD00BFD9
:10C6B8008733012000E1002038B50025104C2046C2
:10C6C80018F050FC48B10F49CD230F4A0F4813F01A
:10C6D800E7F8CD210C4813F0DCF804F1140018F049
:10C6E80026FD38B10749CF23074A084813F0D8F880
:10C6F800CF21EFE70135052D04F12404DFD138BD42
:10C708000CE10020EE660200BC7202005A620200D0
:10C7180038B500240A4D284618F009FD48B10949E2
:10C728000948DB23094A13F0BBF8DB21074813F05B
:10C73800B0F80134052C05F10805ECD138BD00BF6F
:10C74800C0E10020EE6602005A620200E3720200B5
:10C7580038B500240B4D284618F004FC58B10A4996
:10C768000A484FF4B1730A4A13F09AF84FF4B171BA
:10C77800074813F08EF80134052C05F11405EAD1A9
:10C7880038BD00BFE8E10020EE6602005A620200F0
:10C7980037730200052010B5064B074A546803F1A9
:10C7A80088010138C3E92224216003F1A8035160FC
:10C7B800F4D110BD58D80020C8C800200122024B6F
:10C7C8000020C3F8402570470090034020B1034B78
:10C7D800800143F001031847704700BF305B020037
:10C7E80017F080B910B503460B480A4681680C68F3
:10C7F80064B90A4959230A4A0A4813F051F80A4801
:10C8080013F04EF85921064813F043F81946234609
:10C81800BDE81040184700BF00580200AA73020084
:10C82800767302005A620200CA73020013B5104CF4
:10C83800204618F04BFB68B915230E4A0E490F48DD
:10C8480013F02EF821680E4813F02AF8152109482C
:10C8580013F01FF804210DEB0100FFF7C3FF0028B8
:10C8680002DA16F0A9FD0190019802B010BD00BFD0
:10C8780000580200F0730200297402005A62020094
:10C888004674020070B541690446867A0A4D59B16A
:10C89800437ADB0706D4342303FB0653DB6A1B68A1
:10C8A8009B689847002363613420214606FB0050AB
:10C8B800BDE8704018F081BB4CD200203421827A48
:10C8C800064B01FB02331A6B93F82430801A1B3392
:10C8D80023F00303B0FBF3F0704700BF4CD20020F5
:10C8E80038B53424827A094B04FB0233DB6A0C68BE
:10C8F8005B681A68944294BF0C600A60D3E90054DC
:10C90800FFF7DCFF05FB004038BD00BF4CD200201C
:10C918002DE9FF470546684617461C46039118F05F
:10C9280010FCDDE9008945B95C49ED235C4A5D48A6
:10C9380012F0B6FFED215A4819E005F11C064FF038
:10C948002003EFF3118A83F31288BFF36F8F304609
:10C958000EF0B0FB68B98823534A5449514812F085
:10C968009FFF3146524812F09BFF88214E4812F033
:10C9780090FF30460EF0BAFB6B8C002B5CD02A8CF3
:10C988009A4239D90022002328460EF017FE0446A1
:10C99800002831D030460EF09BFB68B940F23113C5
:10C9A800414A44493F4812F07BFF3146424812F061
:10C9B80077FF40F23111D9E78AF31188BFF36F8FFF
:10C9C800039D002D5ED042464B46684618F0DDFBBD
:10C9D8003421A27A394B204601FB0233DB6A03A9D2
:10C9E8001B681E68DDE90023B0476061002839D163
:10C9F8002046FFF747FF30E06C8C3046631E6B849F
:10CA08000EF066FB0028C9D08AF31188BFF36F8F38
:10CA180095F824302A8C1B33121B2C6B23F003034C
:10CA280002FB0344254B264AEB1A9B105343A3727F
:10CA380095F82430E372C3E730460EF049FB00282E
:10CA4800ACD08AF31188BFF36F8F23463A46284645
:10CA58000EF0B4FD04460028B2D10024204604B0EC
:10CA6800BDE8F087039B9D420DD916494FF4A27388
:10CA78000B4A0C4812F014FF134812F011FF4FF440
:10CA8800A27158E765610023012263602281238235
:10CA9800039A63696282E360E0E700BFB37402004F
:10CAA800647402005A620200216602007A6602007B
:10CAB8008F6602004E660200656602004CD20020B6
:10CAC800C54EECC4B8740200C974020070B50446BF
:10CAD80098B13426104D2046037A6468013BDBB2D6
:10CAE80003724BB9C3604360837A06FB03539B6AA6
:10CAF8007BB19847002CEED170BD084908484FF427
:10CB0800E473084A12F0CCFE4FF4E471054812F0C1
:10CB1800C0FEFFF7B7FEEDE74CD20020E17402003B
:10CB28005A6202006474020008B5034658B90849FD
:10CB3800084840F22623084A12F0B2FE40F22621A5
:10CB4800054812F0A6FE18465B68002BFBD108BD0D
:10CB5800E17402005A6202006474020070B50D4666
:10CB6800044658B90F4940F231230F4A0F4812F0D2
:10CB780097FE40F231210C4812F08BFE49B90C495E
:10CB880040F23223084A094812F08AFE40F2322164
:10CB9800F1E746681EB10846FFF7C6FF46606560C4
:10CBA80070BD00BFD1740200647402005A620200B2
:10CBB800D874020008B503469A8800688A420BD2E6
:10CBC8000849094840F29913084A12F069FE40F2F0
:10CBD8009911064812F05DFE521A01449A801960B4
:10CBE80008BD00BF1F7502005A620200E57402000A
:10CBF800F8B5858803680E4604465F1913F0B2F845
:10CC0800B04209D2064907483E23074A12F048FEB7
:10CC18003E21054812F03DFE3544A5803846F8BD52
:10CC28002F7502005A620200E574020008B570B957
:10CC3800094940F2C313094A094812F031FE09486C
:10CC480012F02EFE40F2C311044812F022FEB0F892
:10CC58009E00C0F3410008BD96750200627502008F
:10CC68005A620200C974020008B570B9094940F255
:10CC78001323094A094812F013FE094812F010FE5E
:10CC880040F21321044812F004FEB0F89E00C0F3ED
:10CC9800811008BD96750200627502005A62020092
:10CCA800C9740200084C08B508494FF4F4732246C9
:10CCB800074812F0F5FD074812F0F2FD4FF4F47141
:10CCC800204612F0E6FD00BF62750200967502006C
:10CCD8005A620200C9740200F7B507460E461446A8
:10CCE800FDF7D4F8051E18DB3CB97B1E012B04D8D0
:10CCF800022E17D0012E08BF0624F1B201ABA2B252
:10CD0800B8B202F0BDFD061E0EDA284612F056FD36
:10CD180018F0EAFC0F4B76421E504FF0FF352846BC
:10CD280003B0F0BD1124E8E7002301984360C3660F
:10CD3800703018F02AF901988C3018F0F8F9062CA0
:10CD480002D1019814F001FA2846034A0199FDF727
:10CD5800DBF8E4E70C000000085C020037B5069D2C
:10CD68000446E3B90093002200230E4903F0D6F9E4
:10CD780004F1700018F009F904F18C0018F0D7F9E3
:10CD8800214605F1700018F00DF9204614F0DDF980
:10CD980005F18C0003B0BDE8304010F045BB03B08E
:10CDA80030BD00BFB1FD01002DE9F7430C46DDE9B8
:10CDB8000A9858EA090107464D460C9E13D014F10B
:10CDC800690F02D014F10B0F0DD1684618F0DDF988
:10CDD800DDE9002313430ED114F1690F0CBF6FF086
:10CDE8000B046FF0680418F07FFC244B64421C505D
:10CDF8004FF0FF3037E0B8F1FF3F08BFB9F1FF3F10
:10CE08000DD04FF47A71A5FB013201FB0822DB0B30
:10CE180043EA424332689A4294BF32603360D7F89B
:10CE2800940008B112F0BEFF14F1690F35680ED1F5
:10CE38004FF4004440F2E73000214FF47A720023A7
:10CE4800E5FB0401FBF75CFF10F0D2F901E00B34BD
:10CE5800EED033685B00642B28BF64233360D7F8B7
:10CE6800940018B9002003B0BDE8F0834FF0FF32FA
:10CE78004FF0FF3312F094FFF4E700BF0C000000FE
:10CE880038B540F20314A14203465AD0B1F5827F67
:10CE98000ED2042921D0B1F5817F29D0032917D0DA
:10CEA80018F022FC5F22464B1A504FF0FF3013E077
:10CEB80045F21B44A14273D045F2214081426AD019
:10CEC80040F205108142EBD11268C3F894200DE0BE
:10CED800C06EC0F34000800338BDC16E126821F0F7
:10CEE8000201520448BF41F00201C1660020F3E785
:10CEF8009468D2E900018288D50718D50A68944257
:10CF08005BD0042503F1700414610A68547B65F34F
:10CF1800050454730A68947B6FF3451494730A6884
:10CF2800D4686FF39434D4600A6814320A60828833
:10CF3800520703D4DB6E13F0050FD7D06FF07700DC
:10CF4800CAE711688888C5070FD552681068C06895
:10CF580010F4FE1F02D1D86EC40703D5C88840F06C
:10CF68000100C8801068143010608A88500742BFDA
:10CF7800CA8842F00402CA80DA6E520742BFCA88E1
:10CF880042F00802CA80DB6EDB07AFD5CB8843F0DE
:10CF98001003CB80AAE7DA6E42F00202DA66A5E750
:10CFA8000023146819461A4612F05DFF6FF000431B
:10CFB800984294BF2060236098E76FF00B008BE7DE
:10CFC8000C0000002DE9F04105460E4617461D4CA1
:10CFD800DFF8748044452BD91C49DC231C4A1D48C2
:10CFE80012F05EFC1C4812F05BFCDC210FE02368A9
:10CFF800AB4200D0D3B9A36863B91849E423144AF3
:10D00800144812F04DFC164812F04AFCE42110486E
:10D0180012F03FFC3A4631462846984730B13A4626
:10D0280031462846E368BDE8F04118471034D1E797
:10D03800DDD318F059FB6A220A4B1A504FF0FF3023
:10D04800BDE8F081445A0200645A0200EC750200FF
:10D058009E7502005A62020071670200D2750200D2
:10D06800C97402000C00000013B50446FFF7DEFD8A
:10D07800002103284FF000024FF0000320460091E2
:10D0880018D102F0FFFF04236360E36E204643F0EB
:10D098000403E36612F0C9FE204602F0A1FC031E59
:10D0A8000BDA18F021FB064A5B4213504FF0FF30B1
:10D0B80002B010BD03F032F8E5E70020F8E700BF42
:10D0C8000C00000037B505460C4619BBFFF7AEFD4E
:10D0D80003284FF000024FF0000321462846009431
:10D0E8000DD102F0CFFF031E0CDA18F0FDFA0E4A3C
:10D0F8005B4213504FF0FF34204603B030BD03F0BD
:10D108000DF8F0E7EB6E284643F00103EB6612F0EA
:10D118008CFEF1E74C1E18F0E7FA012C94BF86222A
:10D128001622014B1A50E5E70C00000013B504461F
:10D1380002F092FC031E07DA18F0D6FA0C4A5B429A
:10D1480013504FF0FF3005E02046FFF78DFD022811
:10D1580002D0002002B010BD636800220093204670
:10D168000023044902F0DAFF031EF2DAE4E700BF05
:10D178000C000000B1FD01002DE9F04385B0044624
:10D1880088469146FFF752FD02283FD00128E56EF8
:10D1980013D16B0707D56368002B37DD18F0A4FAA5
:10D1A800254A135004E018F09FFA7822224B1A50AF
:10D1B8004FF0FF3005B0BDE8F08315F002052046BA
:10D1C80019BF002600274FF4C036002718BF1B4D93
:10D1D800FFF74AFD012863681AD100930022002353
:10D1E8002046174902F09AFF031E03DA18F07CFA6A
:10D1F8005B42D5E763684A46029341462B46204680
:10D20800CDE9006702F07CFE031EEFDB0020D1E7CA
:10D2180002934A462B4641462046CDE9006702F074
:10D228006FFE031EE2DB63680022009320460023A2
:10D23800034902F073FFE7E70C00000097FD0100C7
:10D24800B1FD010013B5044602F0AAFC031E08DA7A
:10D2580018F04AFA084A5B4213504FF0FF3002B008
:10D2680010BD0023002220460449009402F00AFF62
:10D27800031EEDDB0020F2E70C00000065CD000086
:10D288002DE9F04F16464FF0FF384FF0FF390A22CC
:10D298008FB05B0604460D46CDE90C89189F0B92AA
:10D2A80003D4C36E13F002034BD000220023CDE950
:10D2B8000C2308A817F045FFDDE90C23DDE90889F0
:10D2C80008A817F03EFFDDE90823CDE906236368C7
:10D2D8000022009320460023284902F01FFF031E66
:10D2E80037DB4FF0000A0DF12C0B6168DDE90C23E8
:10D2F800002F38D0CDE90223199B049100933246C0
:10D308003B4629462046CDF804A013F0D1FF00285B
:10D3180026DADDE90C230146CDE900232046424602
:10D328004B46CDF808B0FFF73FFD002818DBDDE9D4
:10D33800062308A817F029FFDDE90823CDE90C2307
:10D34800D3E70CAA052103F005F84FF4A022002327
:10D35800AFE718F0C9F90A4A5B4213504FF0FF30A3
:10D368000FB0BDE8F08FCDE9002302913B4632466D
:10D378002946204613F047FFC9E700BFB1FD010069
:10D388000C0000002DE9F341074688461646FCF7D5
:10D398007DFD051E16DBFB6E980719D44FF0FF3292
:10D3A8004FF0FF3369463846CDE9002312F047FEB7
:10D3B800041E0DDA284612F001FA18F095F9384BD8
:10D3C80064421C504FF0FF35284602B0BDE8F0819A
:10D3D8000022002307F170000EF0F0F8044640B96F
:10D3E800284612F0EBF918F07FF90B222C4B1A5053
:10D3F800E8E7703017F0EFFDA8B190F833309907DF
:10D4080011D5E36E284643F00103E36612F0D6F91E
:10D41800204612F00AFD204602F0E2FA18F064F9FC
:10D4280071221F4BE3E7B4F89E305A050ED518F069
:10D438005BF971221A4B1A50284612F0BFF92046A0
:10D4480012F0F3FC204602F0CBFABBE723F400739A
:10D45800A4F89E30B8F1000F0ED06EB13268404685
:10D46800182A28BF182204F12C0118F0DCF8A38D23
:10D47800012B07D10823336021462846094AFCF7C7
:10D4880043FDA1E7022B01D11823F4E7284612F047
:10D4980095F918F029F98622014B1A50CFE700BFF9
:10D4A8000C000000085C02002DE9F04F154693B00F
:10D4B8000446DDE91C791E460391FFF7D5FB002DD4
:10D4C80052D002284FF0FF324FF0FF3340F0E68091
:10D4D8007106CDE9082303D4E36E13F0020331D0BB
:10D4E80000220023CDE90823DDE90823CDE9002344
:10D4F80016F0020304F1700A029339D010220021B9
:10D508000CA818F09DF80423CDF840A08DF83D3004
:10D518000121DDE900230CA810F040FE00F10B0109
:10D528000B29034619D8A54A0A41D20715D45046F3
:10D5380017F04DFD804608BB18F0D6F80B22A04B1B
:10D548001A500FE0042108AA204602F003FF2046E3
:10D5580008A912F074FD031EC6DA18F0C5F85B427C
:10D56800974A13504FF0FF35284613B0BDE8F08FA7
:10D578005046DDE900230EF021F8DBE7D0E903BAD5
:10D58800002F53D0B9F1000F50D0B4F89C30D9F81F
:10D598000040009314F079F898F83320C2F302128F
:10D5A8003A8098F83320C2F30212022A66D14FF06B
:10D5B800000C2822172CCDE90CC24ED940460CA9E4
:10D5C80014F0B3FA044610B96FF0680247E0404619
:10D5D8000D9914F0A9F80028F6D14046B8F836108D
:10D5E80014F0A2F80028EFD104F10801381D04F165
:10D5F800180251F804CB914240F804CBF9D19DF8B8
:10D608000040112C3AD108240AAA40460CA90C92D1
:10D618000D9414F08AFA0028D6D002887A80C8E9D6
:10D6280003BA3A88012A2CD1C9F80040404614F0C0
:10D63800ADF9854228BF054604462A464046039967
:10D6480014F03AF940BB029B0BBB404613F0ABFF0A
:10D6580016F0200F18BF254686E76FF01502C8E9B7
:10D6680003BA524218F040F85549029B0A50002B61
:10D678007FF478AF404613F096FF73E76FF08502AA
:10D68800EDE7022A06D11822C9F80020CEE7C8E93A
:10D6980003BADDE78622E5E76922E3E701287FD1BF
:10D6A800CDE90A2374B947494FF4B473464A474849
:10D6B80012F0F6F8464812F0F3F84FF4B471424805
:10D6C80012F0E7F8B4F89E30DF0708D52046FFF7D8
:10D6D800ADFA022805D0802318F006F840E70923A0
:10D6E800FAE7700602D4E36E990716D500220023E4
:10D6F800CDE90A23039B04A8CDE90735DDE90A2310
:10D70800002506F4807BCDE90C2317F01AFDDDE92E
:10D718000489089B53B92B460EE013F00503E9D1A1
:10D72800042120460AAA02F015FEE3E7E26E12F091
:10D73800040307D063685B42002B23EAE37527DA0A
:10D748005B42C9E7D207F7D4DDE90CA75AEA070319
:10D7580011D13346204608AA07A912F084FB0544D4
:10D7680028430FD0BBF1000FD5D042464B460CA83A
:10D7780017F00BFDCDE720460CA912F060FC031E44
:10D78800E7DAD9E75AEA0707ECD16FF00A03D3E7DB
:10D79800B3073FF5E9AE2946204613F0AEFDE3E6B0
:10D7A8000C4940F2D6530C4A084812F079F80B4855
:10D7B80012F076F840F2D651074881E77EF7FFFF6E
:10D7C8000C00000096750200627502005A620200A1
:10D7D800C974020079B202009E750200197602002F
:10D7E800F8B506291D46069E3DD005DC00293FD028
:10D7F800012905D06D231CE02929FBD1432A38E0F3
:10D80800042A1DD00BDC022A20D0032AF2D1FFF70C
:10D818002BFA3368042B0BD128600020F8BD0F2A9F
:10D828001DD0262AE6D13268B0F89C30042A0BD0E5
:10D83800162317F059FF114A13504FF0FF30EDE748
:10D848003368042BF4D143682B60E6E733462A4655
:10D85800092102F07FFD0028DFDA4342E9E7334679
:10D868002A460A21F5E7012AC4D16FF07A00D5E7E4
:10D87800012ABFD133462A460821EAE70C000000F6
:10D8880038B50629144605461A46049B50D005DCCF
:10D89800002952D0012907D06D2334E02929FBD172
:10D8A8001A2C08D0432C49E00F2C12D005DC022C8E
:10D8B80008D00D2CF0D1002038BD192CECD150B96E
:10D8C800FFF7F0F9092102F0E1FC0028F3DA4342FE
:10D8D80019E00A21F7E7B0F89E10C1F3C200013839
:10D8E80001282ED813B172B3107820B921F4006141
:10D8F800A5F89E10DFE7082B25D1104601F07EFB26
:10D90800031E07DA5B4217F0EFFE114A13504FF07F
:10D91800FF30D1E700F02AFCB8B1B5F89E3043F4E7
:10D928000063A5F89E3001F053FB85F8A000C2E71C
:10D93800012CB1D16FF07A00BEE7012CACD10821DF
:10D94800C1E76A23DFE71623DDE71323DBE700BF20
:10D958000C000000F0B5044615460E4687B069B1C4
:10D9680062B1B0F89E30DB050AD4802317F0BCFE04
:10D97800194A13504FF0FF3007B0F0BD1623F5E7F2
:10D98800FFF772F9012804D12046FFF74FF9022862
:10D99800EBD1A38D022BF1D10022ADF80030E38D3D
:10D9A8000592ADF8023001AF04F1300340343A4635
:10D9B80018685968083303C2A3421746F7D12A6882
:10D9C8006946182A28BF1822304617F02CFE18235B
:10D9D80000202B60D0E700BF0C000000F0B5078CDA
:10D9E8000446022F0E46154687B006D1182200219C
:10D9F800684617F025FE636A3BB917F075FE1622D4
:10DA0800104B1A504FF0FF301AE0628CADF80070DE
:10DA1800ADF8022001AC03F11007224618685968D6
:10DA2800083303C2BB421446F7D12A686946182A4C
:10DA380028BF1822304617F0F6FD182300202B6067
:10DA480007B0F0BD0C00000008B548B90B49132316
:10DA58000B4A0C4811F024FF1321094811F019FF53
:10DA6800094B1A683AB109491423054A054811F0C7
:10DA780017FF1421F1E7186008BD00BF64A7020072
:10DA88002F7602005A6202004CE200206A760200F9
:10DA980010B570B9134940F24A33134A134811F0CC
:10DAA800FFFE134811F0FCFE40F24A310E4811F017
:10DAB800F0FE036863B90F4940F24B330A4A0B483A
:10DAC80011F0EEFE0A4811F0EBFE40F24B31EDE7A3
:10DAD8001B689B6823B15B6813B1BDE81040184709
:10DAE800002010BDB4760200857602005A6202005A
:10DAF800C9740200BA76020008B570B90F494FF42C
:10DB080074730F4A0F4811F0CBFE0F4811F0C8FE8E
:10DB18004FF474710A4811F0BCFE006860B90B49F3
:10DB280040F2D133064A074811F0BAFE064811F010
:10DB3800B7FE40F2D131EDE7103008BDB4760200EF
:10DB4800857602005A620200C9740200BA760200A1
:10DB580008B570B9114940F29333114A114811F0D0
:10DB68009FFE114811F09CFE40F293310C4811F0D1
:10DB780090FE036863B90D494FF46573084A094874
:10DB880011F08EFE084811F08BFE4FF46571EDE739
:10DB9800D869003818BF012008BD00BFB47602005C
:10DBA800857602005A620200C9740200BA76020041
:10DBB80008B570B90F494FF474730F4A0F4811F044
:10DBC8006FFE0F4811F06CFE4FF474710A4811F0A3
:10DBD80060FE006860B90B4940F2D133064A074835
:10DBE80011F05EFE064811F05BFE40F2D131EDE720
:10DBF800103008BDB4760200857602005A62020031
:10DC0800C9740200BA76020008B570B90F4940F22B
:10DC18004A330F4A0F4811F043FE0F4811F040FEF7
:10DC280040F24A310A4811F034FE036863B90B49DF
:10DC380040F24B33064A074811F032FE064811F00D
:10DC48002FFE40F24B31EDE7186808BDB4760200AC
:10DC5800857602005A620200C9740200BA76020090
:10DC680008B570B912494FF43873124A124811F0C6
:10DC780017FE124811F014FE4FF438710D4811F0D8
:10DC880008FE036863B90E4940F2E123094A0A48CD
:10DC980011F006FE094811F003FE40F2E121EDE71C
:10DCA8000C33D3E8AF0F084100F0010008BD00BFF6
:10DCB800B4760200857602005A620200C974020036
:10DCC800BA76020008B570B9144940F29E23144A86
:10DCD800144811F0E5FD144811F0E2FD40F29E21D0
:10DCE8000F4811F0D6FD036863B9104940F29F232D
:10DCF8000B4A0C4811F0D4FD0B4811F0D1FD40F24D
:10DD08009F21EDE701220C3302FA01F1D3E8EF0F6E
:10DD18000843C3E8E20F002AF8D108BDB476020030
:10DD2800857602005A620200C9740200BA760200BF
:10DD380008B570B9154940F2BE23154A154811F0C7
:10DD4800AFFD154811F0ACFD40F2BE21104811F0AE
:10DD5800A0FD036863B9114940F2BF230C4A0D487E
:10DD680011F09EFD0C4811F09BFD40F2BF21EDE73C
:10DD7800012202FA01F1C9430C33D3E8EF0F08403E
:10DD8800C3E8E20F002AF8D108BD00BFB47602004C
:10DD9800857602005A620200C9740200BA7602004F
:10DDA80010B570B90B494FF41C730B4A0B4811F0AE
:10DDB80077FD0B4811F074FD4FF41C71064811F003
:10DDC80068FD4FF0FF32BDE810404FF0FF331430CC
:10DDD80012F0E3BAB4760200857602005A620200B5
:10DDE800C97402002DE9F84F12F0CAFA4FF0FF3358
:10DDF80080464FF0FF32254812F0CFFA244B1C68BA
:10DE0800002C3DD054F8145905B1143D4FF0FF369D
:10DE18004FF0020BDFF878A001E02C461D4604F114
:10DE280014094146484612F081FF074680B9494621
:10DE3800504684F82DB012F020FA3A463946484642
:10DE480012F03BFF4DB16B69002BE6D0143BE4E7C1
:10DE5800864228BF0646AC42F4D1731C10D04FF45A
:10DE6800004440F2E73000214FF47A720023E6FBC9
:10DE78000401FAF745FF02460B4606480EF060F823
:10DE8800BDE8F84F014812F08ABA00BF84D10020DB
:10DE980094E3002030DC002038B54FF0FF324FF01B
:10DEA800FF3305461D4812F078FA1D4B1B687BB1FD
:10DEB8001A684FF0FF344FF47A705BB9631C1BD1BA
:10DEC80018480EF043F8BDE83840144812F067BA15
:10DED8001A46EEE7D9691B8C491B00FB0313002B7C
:10DEE80009DD9C4228BF1C461AB1116813460A4630
:10DEF800E3E71146FAE700244FF4004540F2E73023
:10DF080000214FF47A720023E4FB0501FAF7F8FECA
:10DF180002460B4603480EF013F8D4E784D10020DC
:10DF28009CE3002060DC002070B50C46002105460B
:10DF380084F82D1070B91F4940F66D131E4A1F480A
:10DF480011F0AEFC1E4811F0ABFC40F66D111A48FA
:10DF580011F09FFCFFF784FE58B308212846FFF70D
:10DF68007FFE30B301232146284684F82E3014F072
:10DF7800AEFCF0B912F004FA4FF0FF334FF0FF3265
:10DF8800A062104812F009FA04F124010E4812F0B8
:10DF98006AF90C4812F003FA0C480FF06FFC0843BA
:10DFA80007D1BDE8704040F6CD42002308480DF087
:10DFB800C7BF70BDB4760200857602005A620200BF
:10DFC800C974020084D1002084E30020E0DB002033
:10DFD800D0DB002008B570B9094940F27723094A17
:10DFE800094811F05DFC094811F05AFC40F277210C
:10DFF800044811F04EFC1430BDE8084012F0CFB9C7
:10E00800B4760200857602005A620200C9740200E2
:10E018002DE9F84F814688469246FFF7C1FED9F8A8
:10E028000460002E57D000274FF0300CBB46DFF8B5
:10E03800ACE0351D0CFB0763DB6A23F07D4303F07E
:10E04800FF2373452ED135F8043C022B2AD148F220
:10E05800FE032A889A4225D0002308F1FF31681E62
:10E0680011F8012F10F8014FA24225D10833DBB275
:10E07800802BF5D19AF800209A4213D8302202FB5F
:10E08800076292F82F20520709D53F2B07D898F836
:10E098000020FF2A06D198F80120032A02D1AB46B6
:10E0A8008AF8003030352FB14846FFF793FF5846BD
:10E0B800BDE8F88F0127BDE754402006DAD403F104
:10E0C8000802D2B20133DBB264009A42E4B2D1D082
:10E0D8002106CFD4F6E7B346E6E700BF0001000209
:10E0E800F8B512F04DF94FF0FF3306464FF0FF3206
:10E0F8001C4812F052F91C490B682BB100224FF44E
:10E108007A7E17461C683BB93046FFF7C5FEBDE866
:10E11800F840144812F043B9DD69188CAD1B0EFBAA
:10E128000055002D9C460EDC186892B94D680860B1
:10E13800AB4200D14860944693F822001F6067F311
:10E14800000083F8220054B1206823466246044642
:10E15800D9E710604868834208BF4A60EBE7204669
:10E16800F3E700BF84D100209CE30020002809DDEC
:10E178003C22431E044802FB0300044B984228BF7C
:10E1880000207047002070471CD3002058D300207F
:10E19800054B064A934205D0054A1068002808BF77
:10E1A80018467047002070471CD3002058D3002021
:10E1B800C8E30020F8B54FF0FF33054617460F486F
:10E1C8004FF0FF320E4612F0E8F80D4B1B680BB10A
:10E1D8001C6823B90948BDE8F84012F0E0B85A684D
:10E1E800AA4204D13A46314628469B6898471CB152
:10E1F800226823461446ECE72246FAE784D1002039
:10E2080058E2002038B504460D46FFF7C9FD07213E
:10E218002046FFF725FD18B363683BB105B12B60B5
:10E2280000252046FFF7D6FE284638BD4FF0FF32BE
:10E238004FF0FF330C4812F0B0F80C4BD3F8102114
:10E2480042B96360C3F8104105B12B60064812F06B
:10E25800A6F8E5E7044812F0A2F86FF00205E0E737
:10E268006FF08505DDE700BF84D1002068E200205B
:10E2780038B50446FFF794FD0B212046FFF7F0FC64
:10E2880018BB65680DB3204614F0A2FBE8B912F07C
:10E2980077F84FF0FF334FF0FF32C5F808010D480B
:10E2A80012F07BF805F582710B4811F0DCFF094884
:10E2B80012F075F809480FF0E1FA084305D14FF458
:10E2C8000042002306480DF03BFE2046BDE83840DA
:10E2D800FFF780BE84D100207CE30020B0DB002063
:10E2E800A0DB0020F7B512F04BF800233E4E4FF0AC
:10E2F800FF32CDE9003305464FF0FF333B4812F0BB
:10E308004CF83268B2B3A2F5827312680AB1A2F56A
:10E318008272C5F57A7701E013460A46D3F80841B8
:10E328003919002957DC706803F58271D3F8043174
:10E338008142684608BF7360336011F094FFCAB128
:10E34800D2F804110029E7D0A1F58271E4E74FF46F
:10E35800004540F2E730002104F57A744FF47A72F0
:10E368000023E4FB0501FAF7CBFC02460B462048E4
:10E378000DF0E6FD1D4812F012F8009C94B31D4DF7
:10E38800A4F5827494F80C311B480133DBB284F88D
:10E398000C31A84213D9194940F27E53184A19483A
:10E3A80011F07EFA184811F07BFA40F27E511448B9
:10E3B80011F06FFA4268A24208D03C30E9E7F9D37D
:10E3C800D4F8044174B1A4F58274DBE7022BF7D8C2
:10E3D800FFF74EFFF4E7641B14F57A7FB7D10022EC
:10E3E8001346C4E703B0F0BD7CE3002084D10020CD
:10E3F800A0DB002058D300201CD300200C7702009B
:10E40800C87602005A6202007167020038B50446F5
:10E41800FFF7C6FC656875B14FF0FF324FF0FF3368
:10E42800074811F0BAFF074805F5827111F025FF7A
:10E43800034811F0B4FF2046BDE83840FFF7CABDD5
:10E4480084D100207CE300202DE9F04106460F46E8
:10E45800244DDFF89480454540D9244940F2D953EA
:10E46800234A244811F01CFA234811F019FA40F203
:10E47800D9511F4811F00DFA2846FFF791FC6C6836
:10E4880024B92846FFF7A6FD3C35E4E794F82F3079
:10E498009A0708D52388022B05D180223046211DF2
:10E4A80011F044FFC0B994F85F309B07E9D5238E7B
:10E4B800022BE6D18022304604F1340111F036FFF8
:10E4C8000028DED0302307B13D6028461C44FFF702
:10E4D80081FD2046BDE8F0810023F4E7CCD3002479
:10E4E800F7E700BF1CD3002058D30020F2760200C3
:10E4F800C87602005A62020071670200F0B585B062
:10E5080011F03EFF00232C4ECDE9023304464FF0B4
:10E51800FF334FF0FF32294811F03FFF336873B3E0
:10E5280053F8242902B1243AC4F1640401E01346E3
:10E538000A469D6A2544002D10DC706803F1240109
:10E548005B6A814202A808BF7360336011F08BFEDA
:10E55800AAB1516A0029EAD02439E8E74FF4004407
:10E5680040F2E73000214FF47A720023C5FB040122
:10E57800FAF7C6FB02460B4611480DF0E1FC0F48BE
:10E5880011F00DFF029CA4B101260027243C251D93
:10E59800284684F82D6001A90197FFF755FF8442AA
:10E5A80003D12946019813F05FFE646A0CB1243C3C
:10E5B800EDE705B0F0BD00BF84E3002084D1002062
:10E5C800D0DB002070B5114E04464FF0FF323046C4
:10E5D8004FF0FF330D4611F0E0FE0123143463764B
:10E5E8000B48214611F03FFE11F0CAFE29460246AB
:10E5F800204612F062FB0022002306480DF0A0FC22
:10E608003046BDE8704011F0CABE00BF84D100207A
:10E6180094E3002030DC002038B50368002104466C
:10E6280093F82050FFF71CFB88B902202368E3B950
:10E63800364940F2F623364A364811F031F9364861
:10E6480011F02EF940F2F621314811F022F9092192
:10E658002046FFF705FB0028E7D00A212046FFF7F0
:10E66800FFFAC0F10600C0B2E0E783F82000236893
:10E6780093F82030984248D1062837D1062D44D047
:10E688002046FFF765FA90B92046FFF791FA03682C
:10E698006BB9224941F29E03214A1E4811F000F944
:10E6A8001D4811F0FDF841F29E011D48CDE72046B6
:10E6B8000821FFF707FB2046FFF74AFA28BB204648
:10E6C80011F027FE030720D407212046FFF7C8FAD8
:10E6D800D8B10B212046FFF7C3FAB0B9204611F094
:10E6E8005AFF2046BDE83840FFF7C2BD062D0CD1C1
:10E6F80020460821FFF71CFB2046FFF729FA20B91E
:10E708002046BDE8384011F004BE38BDBA76020094
:10E71800857602005A620200C9740200247702005A
:10E72800C87602002DE9F04307460D4689B071B955
:10E73800534940F20F73534A534811F0B1F8534804
:10E7480011F0AEF840F20F714E4811F0A2F8FFF741
:10E7580027FB7C683CB900243846FFF73BFC204681
:10E7680009B0BDE8F0836946284611F0B2FD94F877
:10E778002F30C3F340069B0719D494F85F309807ED
:10E78800E9D54FF0FF3804F13409484604A911F0DF
:10E79800A0FD684611F0ECFD00B101362946484657
:10E7A80011F0E6FD0546002860D0012516E004F1C9
:10E7B800040804A9404611F08CFD684611F0D8FD04
:10E7C80029460646404611F0D3FD0028D5D094F8D6
:10E7D8005F309907C3F3400245D415464FF030081F
:10E7E80008FB05F804EB080393F82F30DB0717D470
:10E7F8004FF0FF334FF0FF32254811F0CEFD08F1FE
:10E808001401DFF890802144404611F036FDD8F815
:10E81800003013B920480DF099FB1D4811F0BFFDD9
:10E828000B213846FFF71CFA80B94FF0FF324FF042
:10E83800FF33174811F0B1FD302101FB054117489E
:10E84800243111F01AFD124811F0A9FD302303FB01
:10E85800054494F82F30012E6FF3410384F82F30CC
:10E8680009D0012478E74FF000088CE7B8F1000FD1
:10E878007FF471AFB2E76946384611F017FFF0E749
:10E8880027790200C87602005A620200C9740200A1
:10E8980084D1002094E3002030DC002084E30020B1
:10E8A8002DE9FF4111F06CFD00230746CDE9023345
:10E8B8004FF0FF324FF0FF332E4811F06EFD2E4B14
:10E8C8001C68B4B125684FF0FF36DFF8AC80BCB1E6
:10E8D8003946204612F02AFA68B92146404611F016
:10E8E800CCFC02A811F0BFFC2DB32B682C461D46AA
:10E8F800EDE72546E7E7864228BF0646AC42F3D156
:10E90800731C10D04FF4004440F2E73000214FF45C
:10E918007A720023E6FB0401FAF7F2F902460B4685
:10E9280016480DF00DFB134811F039FD029C24B96F
:10E9380004B0BDE8F0812B46D8E7206AFFF730FA2B
:10E9480094F82530206A6FF3410384F8253001A933
:10E95800FFF758FC00280ADB206A94F82430019954
:10E9680004F1100211F0E7FE206AFFF733FB246878
:10E97800DDE700BF84D100208CE3002000DC00200C
:10E988002DE9F84F81460D464FF0180B294CDFF85A
:10E99800A8A0544540D9294940F63903284A2948AE
:10E9A80010F07EFF284810F07BFF40F6390124481C
:10E9B80010F06FFF2046FFF7F3F9D4F80480B8F1A0
:10E9C800000F04D12046FFF705FB3C34E1E70026A1
:10E9D80008F164070BFB068393F87430DB0715D541
:10E9E80037F8043C022B11D180223946484611F0F1
:10E9F8009DFC58B105B12C60182505FB06852046FD
:10EA08006035FFF7E7FA2846BDE8F88F0136032E90
:10EA180007F11807DED1D5E70AD2002DCAD02B6836
:10EA2800002BC7D0A342C5D03C345445B3D8F6D345
:10EA38000025E8E71CD3002058D30020F276020016
:10EA4800C87602005A6202007167020038B50C46A7
:10EA5800054670B913494FF40763134A134810F079
:10EA68001FFF134810F01CFF4FF407610E4810F009
:10EA780010FF61B90F4940F671030B4A0B4810F0BB
:10EA88000FFF0B4810F00CFF40F67101EEE7FFF79F
:10EA980087F9237D284643F002032375BDE83840F3
:10EAA800FFF798BAB4760200C87602005A620200EC
:10EAB800C9740200277902002DE9F04106460F4685
:10EAC800254CDFF89880444538D925494FF41F6311
:10EAD800244A254810F0E4FE244810F0E1FE4FF4E3
:10EAE8001F61204810F0D5FE2046FFF759F96568E8
:10EAF800FDB195F8CD309A0707D5394695F8CC2061
:10EB080005F1B80011F012FC58B995F8F5309B07DB
:10EB18000FD5394695F8F42005F1E00011F006FC10
:10EB280038B106B134602046FFF754FA0120BDE839
:10EB3800F0812046FFF74EFA3C34C4E70AD2002E93
:10EB4800D2D03368002BCFD0A342CDD03C3444453B
:10EB5800BBD8F6D30020EAE71CD3002058D3002006
:10EB68000C770200C87602005A6202007167020040
:10EB780038B54B1C04460D461ED04FF0FF334FF0FE
:10EB8800FF320E4811F009FC21460D4811F075FBC3
:10EB98000B4811F068FB11F0F3FB294602462046AA
:10EBA80012F08BF80023002206480DF0C9F9BDE8E1
:10EBB8003840024811F0F3BB38BD00BF84D10020B3
:10EBC8008CE3002000DC002010B590F825300446C6
:10EBD8009B0714D54FF0FF324FF0FF33084811F070
:10EBE800DCFB2146074811F048FB0022204611466D
:10EBF80012F063F8BDE81040014811F0D0BB10BD19
:10EC080084D100208CE3002070B5104C4FF0FF3207
:10EC18004FF0FF3306460E480D4611F0BEFB94F840
:10EC28002230A18813F00103A26904F1080007D07B
:10EC3800022905D1964203D1294611F099FB00B962
:10EC48000024034811F0ABFB204670BDA4E300206C
:10EC580084D1002038B5104C4FF0FF324FF0FF330D
:10EC680005460E4811F099FB94F82230A088C3F3AA
:10EC7800400213F00103A16905D052B1022802D164
:10EC880015B18D4200D00024044811F088FB2046BD
:10EC980038BD1446F8E700BFA4E3002084D1002063
:10ECA800F8B5204C4FF0FF33074616461E484FF084
:10ECB800FF320D4611F071FB94F82230DA072ED49A
:10ECC8000222A761A28043F0010306B323F00603E2
:10ECD800134384F82230268411F052FB2146E06168
:10ECE800124811F0C0FAE069FFF7D6F8104C2B462D
:10ECF8001035224618685968083303C2AB421446D7
:10ED0800F7D1084C084811F04AFB2046F8BD23F01B
:10ED1800060343F00403268484F82230E6E700243F
:10ED2800F0E700BFA4E3002084D100209CE300208A
:10ED3800ACE3002038B505464FF0FF324FF0FF3303
:10ED48000E4811F02AFB95F8224014F001040FD068
:10ED580029460B4811F091FA18B111F011FBFFF791
:10ED68009BF8012495F822306FF3000385F82230D0
:10ED7800024811F014FB204638BD00BF84D10020A2
:10ED88009CE300200023F7B504460D468DF80730B4
:10ED980071B9394940F62C33384A394810F080FDAA
:10EDA800384810F07DFD40F62C31344810F071FDE4
:10EDB80048F2FE030A889A422FD00B78FF2B02D123
:10EDC8004B78022B29D004B3294620460DF10702BF
:10EDD800FFF71EF904461CE0304629460DF10702EC
:10EDE800FFF716F9002818BF04463C36BE420FD973
:10EDF800254940F63433214A214810F051FD234873
:10EE080010F04EFD40F63431CFE7214E214FEDE7AB
:10EE1800E2D35CB3204603B0F0BD24B10121204603
:10EE280011F02DFED6E7FFF7B3F9012111F027FE07
:10EE380004460028EED1164D164EB54215D9124992
:10EE480040F64B330D4A0E4810F02AFD0F4810F0DB
:10EE580027FD40F64B31A8E70121284611F00FFEA7
:10EE680004460028D6D13C35E7E7F5D303B0BDE822
:10EE7800F04000F001BB00BF55770200C8760200E1
:10EE88005A620200C9740200F27602007167020039
:10EE98001CD3002058D30020F8B54FF0FF330546A7
:10EEA80017460E484FF0FF320E4611F076FA0C4B1B
:10EEB8001B680BB11C6823B90848BDE8F84011F07D
:10EEC8006EBA3A46314628465B6898471CB12268B4
:10EED80023461446EFE72246FAE700BF84D1002014
:10EEE80060E200200023F0B585B004460D46CDE968
:10EEF800003300295DD0314B1B68A3B1896A95F8AE
:10EF08002C6081B1062E0ED80DF10A031846324640
:10EF18008DF8096016F087FB95F82D3000908DF874
:10EF280004608DF80530092120466F69FEF798FEC8
:10EF3800002840D074B9224940F28123214A22484E
:10EF480010F0AEFC214810F0ABFC40F281211D48C6
:10EF580010F09FFC0D212046FEF782FE38B94FF0D5
:10EF6800FF324FF0FF3304F1280011F016FA204663
:10EF780011F0C0F929464368204698470D210646F6
:10EF88002046FEF76DFE18B904F1280011F007FAC3
:10EF9800002E02DA284612F006FB1FB13146384629
:10EFA80011F0ADF9009B23B1324669462046FFF7C0
:10EFB80073FF05B0F0BD6FF07206EBE760E200206A
:10EFC800B4760200857602005A620200C974020013
:10EFD800074B984208D3074A904205D2C01A064BFD
:10EFE80080105843013070474FF0FF30704700BF22
:10EFF8001CD3002058D30020EFEEEEEE70B5054686
:10F0080038B3154C154EB4421FD9154941F2B223F5
:10F01800144A154810F044FC144810F041FC41F221
:10F02800B221104810F035FC2846F9F7E3FF2946CD
:10F03800024604F1080016F0F8F920B92046BDE8A8
:10F048007040FFF7C5BF3C34DDE7EDD36FF001003A
:10F0580070BD6FF01500FBE71CD3002058D30020CB
:10F06800F2760200C87602005A6202007167020056
:10F078002DE9FF47554C4FF0FF324FF0FF3354480E
:10F0880011F08BF9002612F083FDA046514D524F26
:10F09800DFF84891AC4250D9514941F21333514AF3
:10F0A800514810F0FDFB514810F0FAFB41F21331C2
:10F0B8004C4810F0EEFB2046FEF7A6FDD0F808A05D
:10F0C800BAF1000F12D0DAF800307BB107212046E0
:10F0D800FEF7F8FD04F1140015F044FF04F12800D0
:10F0E80015F040FF2046DAF8003098470023204604
:10F0F800C4E902332374CDE9013301368DF80C30AD
:10F1080011F0B3FD38B13B6808215A1C3A6001A8D8
:10F118004A460FF077FA9DF8043043B9344A01A8FB
:10F128001368591C11600821324A0FF06BFA204607
:10F1380001A911F0AAFD3C34ACE7BCD3002E3ED0A7
:10F148003C23A5EB0805B5FBF3F5AE420CD02A49E4
:10F1580041F22B33234A244810F0A2FB274810F031
:10F168009FFB41F22B31A3E70024254925480CF0E9
:10F1780045FE254B25492648C3E900440CF03EFED0
:10F18800244B25492548C3E900440CF037FE24499F
:10F1980024480CF033FE4023234D85F80D3147F207
:10F1A80030532846C5F8F83011F0C9FC1F49C5F896
:10F1B800FC001F480CF022FE1E4BC3E90044044823
:10F1C80004B0BDE8F04711F0EAB800BF1CD3002036
:10F1D80084D1002058D3002054E20020597702003F
:10F1E800F2760200C87602005A62020071670200D5
:10F1F80050E200206077020066770200C9740200BE
:10F2080005E50000D0DB002084E30020EDE20000EB
:10F21800A0DB00207CE30020EDDD000030DC0020D6
:10F22800A9E8000000DC002068E20020E9E0000016
:10F2380060DC00209CE3002038B50F4C0F4DAC4239
:10F2480018D90F4941F256330E4A0F4810F028FBDF
:10F258000E4810F025FB41F256310A4810F019FB10
:10F2680003212046FEF7FCFC10B9204611F0D9FC1A
:10F278003C34E4E7F4D338BD1CD3002058D3002035
:10F28800F2760200C87602005A6202007167020034
:10F298002DE9F0411546064610B30229DCB202D02A
:10F2A800082918BF062114B90020BDE8F0812846B6
:10F2B8004FF03A087718012316F8011B412211F084
:10F2C80062FD033CBE420346E4B200F8018B01D064
:10F2D800002CF0D18542E7D0002228461A70E4E7D6
:10F2E8000048E2E77B77020001282DE9F7430C4646
:10F2F800164626D10846F9F77DFE23462044984253
:10F3080012D135460023033645F8013920460A2232
:10F3180001A90FF0EBF9019C05F8010FAE4204F1C9
:10F328000104F3D1002009E013F8012BA2F1300108
:10F338000929E4D92E2AE2D06FF0150003B0BDE800
:10F34800F0830228F8D12E21204616F044F82378BD
:10F3580000280CBF082706273A2B08BF013420468F
:10F36800F9F748FE00224349824223DB0025A846DC
:10F378002378002BE0D03A2B41D0102200212046E0
:10F388000FF0B4F910228146002120460FF0AEF9A3
:10F39800C9F3072949EA002926F815903A21204699
:10F3A80016F019F8D8B1441C0135AF42E0DC062F3D
:10F3B800B8D13EE0A35CA3F13005092D09D9462B4D
:10F3C80009D82D2BB8D92E3BDBB221FA03F3DB0782
:10F3D800B2D50132C8E7613B052BFAD9ACE77B1EF1
:10F3E800AB42A9DC0135BD42A6DB062F9AD1A3E7C3
:10F3F80006EB450306F8158083F801800135BD4208
:10F40800F6DB3A21204616F03EF8A04229D1062F15
:10F418000ED06378002B85D07D1E013010F8013D99
:10F428003A2B01D1013D87D38442F7D10134BBE7A0
:10F43800013400250B362378002B3FF47DAF0021E3
:10F448000A2220460FF052F92E2106F8010F204615
:10F4580015F0C1FF50B10135042D00F10104EAD1C6
:10F4680060E7062F08BF00F1FF30D5E7032D7FF4D2
:10F4780063AF57E70110F80100487047485C020085
:10F4880008B570B909494FF4B473094A094810F02E
:10F4980007FA094810F004FA4FF4B471044810F060
:10F4A800F8F9B0F89E0000F0010008BD967502005A
:10F4B800627502005A620200C974020008B570B988
:10F4C800094940F26F13094A094810F0E9F9094857
:10F4D80010F0E6F940F26F11044810F0DAF9B0F8CC
:10F4E8009E00C0F3C02008BD967502006275020038
:10F4F8005A620200C974020008B570B9094940F29D
:10F50800C313094A094810F0CBF9094810F0C8F9A3
:10F5180040F2C311044810F0BCF9B0F89E00C0F3E3
:10F52800410008BD96750200627502005A62020029
:10F53800C974020008B570B909494FF4F473094A4F
:10F54800094810F0ADF9094810F0AAF94FF4F47120
:10F55800044810F09EF9B0F89E00C0F3C20008BD40
:10F5680096750200627502005A620200C9740200B0
:10F5780008B570B9094940F21323094A094810F03F
:10F588008FF9094810F08CF940F21321044810F063
:10F5980080F9B0F89E00C0F3811008BD967502008E
:10F5A800627502005A620200C974020008B570B997
:10F5B8000A4940F28E230A4A0A4810F071F90A48AB
:10F5C80010F06EF940F28E21054810F062F990F9BA
:10F5D800A000BDE80840FEF7C9BD00BF967502004F
:10F5E800627502005A620200C97402002DE9F74FE1
:10F5F800064690461D4600279DF830B09DF8349089
:10F60800314C01912046FFF73BFF40B90137062FE7
:10F6180004F1A404F6D1002003B0BDE8F08FB4F8DB
:10F628009C30019A9342F1D1638C4345EED1204638
:10F63800FFF744FFD8B92B88022BE7D1D4F824A0D0
:10F64800BAF1000FE2D0238C022BDFD1504611F023
:10F6580063FDA0B1B9F1000F03D094F89A30002BE4
:10F66800D4D1BBF1000F1BD16FF01000D4E7002EEE
:10F67800E1D02046FFF79AFF8642C7D1DBE7291D74
:10F68800084611F049FD88B1B9F1000F03D1BBF16B
:10F69800000FBBD1E8E794F89A30002BF7D0B5E714
:10F6A800281D11F039FD0028B0D0DDE710225046A2
:10F6B80015F081FE0028A9D1B9F1000FD4D094F833
:10F6C8009A30002BA2D1CFE7E4E300202DE9F341E3
:10F6D80005460E460027DFF82C80FDF7A7F8CDE990
:10F6E800007740EA080464BAA4B2334622460020F0
:10F6F80095F89C10FFF77AFF1130EED0204602B043
:10F70800BDE8F0810080FFFF10B50446084671B9D6
:10F71800094940F29E23094A094810F0C1F80948EE
:10F7280010F0BEF840F29E21044810F0B2F8FFF73E
:10F738004FFC84F8A00010BDB47602006275020088
:10F748005A620200C974020008B570B912494FF430
:10F758003873124A124810F0A3F8124810F0A0F8B3
:10F768004FF438710D4810F094F8036863B90E49E6
:10F7780040F2E123094A0A4810F092F8094810F0CB
:10F788008FF840F2E121EDE70C33D3E8AF0F0841E1
:10F7980000F0010008BD00BFB476020085760200C3
:10F7A8005A620200C9740200BA7602002DE9F743D2
:10F7B80081460D461746984600262B4C2046FFF7F3
:10F7C8005FFE10B1636C99453CD00136062E04F1FA
:10F7D800A404F3D1254940F68F03254A254810F0A3
:10F7E8005FF8254810F05CF840F68F0139E004F125
:10F7F8000C064FF0FF334FF0FF32304611F09CFCFF
:10F808002046A969FFF780FF6C61A36C33B93046C5
:10F8180011F094FC022003B0BDE8F08304F1540019
:10F828000BF038FF3046002611F088FC0A9B009642
:10F838000193204643463A462946D4F84890C8479B
:10F848003046E8E7AB69002BD1D10C494FF4096386
:10F85800074A084810F024F8074810F021F84FF438
:10F868000961034810F015F8E4E3002096750200DA
:10F87800857702005A620200C9740200B477020058
:10F8880002282DE9F84F8B469146984605D860B96D
:10F898006FF069042046BDE8F88F033801288CBF53
:10F8A8006FF069046FF05F04F4E7012800F08880C6
:10F8B800012906D0062A00F08680022904D00329EF
:10F8C80004D06FF06A04E5E7112A7CD1B8F1000F83
:10F8D8007CD0404E4FF0FF324FF0FF333E480BF0E4
:10F8E8001DFF4FF0000A37463046FFF7C9FD0446B2
:10F8F80060B10AF1010ABAF1060F06F1A406F3D1C4
:10F908006FF0010434480BF0C5FEC3E7A42201469A
:10F91800304602FB0AF515F093FEFEF739FCFF218D
:10F928007B1983F8A0100121A3F89E402B4B2B4490
:10F93800D3E8EF0FC3E8EC1FBCF1000FF8D1A42205
:10F9480002FB0A7A0BF1FF33022BBAF89E3098BFFC
:10F958004FEA8B141C4344F01004AAF89E4000247C
:10F9680005F12C00182200213844AAF89C9015F0C3
:10F9780067FE05F1200307EB0309FC5049463046B2
:10F98800C9E90144FFF7A2FEA9F80200A8B105F1F0
:10F9980054004FF0FF320121384415F020FB05F1E7
:10F9A8000C00384415F0DEFABAF89E3043F0010333
:10F9B800AAF89E30C8F80060A4E76FF06F04A1E7CA
:10F9C8006FF05F0466E76FF07A0463E76FF0150481
:10F9D80060E700BFE4E30020CCE30020ECE3002074
:10F9E80070B5044670B917494FF40A73164A174898
:10F9F8000FF056FF16480FF053FF4FF40A711248E4
:10FA08000FF047FF134B984218D303F576739842CB
:10FA180014D2002500F10C064FF0FF324FF0FF33EF
:10FA2800304611F089FB2046C4E91255256511F0CE
:10FA380096FB304611F082FB284670BD6FF015002A
:10FA4800FBE700BF96750200857702005A62020044
:10FA5800C9740200E4E30020F0B504460E4685B000
:10FA680071B9494940F2A223484A49480FF018FFA2
:10FA780048480FF015FF40F2A22144480FF009FF53
:10FA880030B1454B984203D303F5767398420CD3B3
:10FA9800424940F2A3233D4A3D480FF001FF3D484B
:10FAA8000FF0FEFE40F2A321E7E7456C002D64D17C
:10FAB8000B88022B64D1172A039561D9FFF7FEFC46
:10FAC80018B12046FFF772FD03903379371DFF2BDD
:10FAD8000AD1384603A9FEF753FF002842D16FF038
:10FAE8000104204605B0F0BD384611F015FB039B14
:10FAF80088B323B904F1300011F008F80390FFF738
:10FB0800BBFC0546039B002B34D004F10C074FF0D7
:10FB1800FF324FF0FF33384611F00EFB20460399B1
:10FB2800FFF7F2FD0223656223847288E2B194F83C
:10FB38009A300398019394F89930009394F89C10A4
:10FB48003346FFF753FD90B9738863840024384621
:10FB580011F0F4FAC5E703B903AD29463846FEF7B4
:10FB680073FCBAE7051DCDE7638C7380EEE76FF091
:10FB78006F04ECE76FF07C04B3E76FF07E04B0E746
:10FB88006FF01504ADE700BF277902008577020002
:10FB98005A620200C9740200E4E30020C777020039
:10FBA80010B5044630B1154B984203D303F576736C
:10FBB80098420ED3124940F2FA33124A12480FF013
:10FBC8006FFE12480FF06CFE40F2FA310D480FF04C
:10FBD80060FEFFF755FC68B10C344FF0FF324FF070
:10FBE800FF33204611F0A8FA204611F0A7FA6FF06B
:10FBF8005E0010BD6FF00800FBE700BFE4E30020E3
:10FC0800C7770200857702005A620200C9740200B1
:10FC180070B50C4605461E46114682B9416A71B94F
:10FC28001C494FF488631C4A1C480FF039FE1C48D5
:10FC38000FF036FE4FF4886117480FF02AFE084689
:10FC480011F06AFA10B90B78FF2B04D13146A0697C
:10FC5800FFF798F8014695F8A13094F83C0084F82D
:10FC6800353095F8983032469B0863F3050084F8E0
:10FC78003C0095F8983063F3871084F83C0095F8B9
:10FC8800983020465B0984F83D30BDE8704012F09A
:10FC9800AAB900BFF3780200857702005A62020011
:10FCA800C97402002DE9F74F0C9E884617461C467A
:10FCB80005469DF83C9030B18C4B984203D303F530
:10FCC800767398420ED38A4940F2C563894A8A48B6
:10FCD8000FF0E6FD89480FF0E3FD40F2C561854865
:10FCE8000FF0D7FDFFF7CCFB002800F0FB80B9F13F
:10FCF800000F07D036B9ECB9B8F1000F0CD16FF08E
:10FD0800780470E0002CFAD02846FFF713FC02288C
:10FD180058D06FF0150466E02846FFF70BFC022860
:10FD2800F7D1D8F800404CB1C146D8F80460172E76
:10FD380007D8EEE72846FFF7FDFBEAE7C14605F1DD
:10FD48002C0404F1040B584611F0E6F90028D6D12A
:10FD580005F1300011F0E0F950B12846FFF7AEFB8D
:10FD680030B9584610F0D2FE01462846FFF7CCFCC1
:10FD7800B9F1000F05D027B93B46D9F80C108B42D2
:10FD880023D12846FFF712FC064630BB0D9B2846B8
:10FD9800EB640E9B6B60FFF709FC06462846FFF7ED
:10FDA800C9FB002102464FF40040CDE9000130466E
:10FDB800394695F89C3000F0FDFB0646F0B96FF027
:10FDC800680410E04FF00009B1E7D9F8082002EB09
:10FDD800C302526801331744D1E70021FFF7B4FC8E
:10FDE80028B96FF07204204603B0BDE8F08F0821EF
:10FDF8003046FFF7A9FC0028C8D1F2E7456195F81D
:10FE08009C1011F002FC8742824605D92846FFF76C
:10FE1800AFFB02285BD05746B5F89C30112B59D15F
:10FE28002846FFF787FB022857D15B460022314658
:10FE38002846B4F802A0FFF7EBFE041E17DB28469D
:10FE480011F0B6F9044680B952463046698C12F072
:10FE580093FF044648B9BA46B9F1000F1FD13A4694
:10FE68004146304611F046FE0446002C1BDA304667
:10FE780011F099FBB7E7D9F80830304603EBC40214
:10FE8800526853F83410524528BF5246904611F034
:10FE980031FE002824DBBAEB080A04D00134D9F873
:10FEA8000C309C42E7D3304611F0EFFB2846FFF7B1
:10FEB80041FB022804D1304695F89C1012F0DAF87C
:10FEC800304610F053F9041ED1DB3C468BE76FF047
:10FED8000B04CCE76FF07A04C9E76FF01504C6E7A6
:10FEE8000446C4E76FF008047DE700BFE4E30020A0
:10FEF800C7770200857702005A620200C9740200BF
:10FF08002DE9F047044691461E460D4671B95549FC
:10FF18004FF48D63544A55480FF0C2FC54480FF013
:10FF2800BFFC4FF48D6150480FF0B3FC30B1514B1A
:10FF3800984203D303F5767398420CD34E4940F2A6
:10FF48006943494A49480FF0ABFC49480FF0A8FCFF
:10FF580040F26941E7E700F10C074FF0FF324FF03C
:10FF6800FF33384611F0E8F82046FFF7C5FA0128B4
:10FF7800804665D02046FFF783FA002863D02046E4
:10FF8800FFF7D8FAB5F800A0824511D04FF48F6377
:10FF9800354A3A4935480FF083FC2046FFF7CAFA3C
:10FFA8002988024636480FF07BFC4FF48F61BAE788
:10FFB800B8F1030F4AD0BAF1020F4AD1B9F1170FBD
:10FFC80047D9B4F89C30062B03D194F83030FF2B76
:10FFD80042D004F1300002462B1D05F1140153F8FC
:10FFE80004CB8B4242F804CBF9D16B88E38502231A
:08FFF800A38511F091F8B4F8A3
:020000021000EC
:100000009E20F0B942F4807292B22046A4F89E205D
:1000100011F0D2F8054670B902232384636A002BDD
:10002000FFD02046FFF7A8FA02281CD11EB10021FC
:1000300020460A9AB047384611F084F82846BDE8B1
:10004000F08722F48072DFE76FF07705F3E76FF057
:100050000805F0E76FF05E05EDE76FF01505EAE7DC
:100060006FF07C05E7E76FF08505E4E7277902008C
:10007000857702005A620200C9740200E4E300209E
:10008000C77702002C7902005F79020038B5044678
:1000900030B11F4B984203D303F5767398420ED3C9
:1000A0001C4940F219531C4A1C480FF0FDFB1C4828
:1000B0000FF0FAFB40F2195117480FF0EEFBFFF773
:1000C000E3F908B304F10C054FF0FF324FF0FF33B2
:1000D000284611F035F82046FFF712FA032804D01D
:1000E0002046FFF749FA01280BD1B4F89C30062BC3
:1000F0000CBF6FF07A040024284611F023F8204644
:1001000038BD6FF01504F7E76FF00804F7E700BF9C
:10011000E4E30020C7770200857702005A620200FC
:10012000C97402002DE9F047894690461F460446EF
:1001300090B070B9524940F64113524A52480FF0FC
:10014000B3FB52480FF0B0FB40F641114D480FF0A1
:10015000A4FBFFF799F9002800F08F8004F10C064A
:100160004FF0FF334FF0FF32304610F0E9FFB4F8A4
:100170009C30112B7ED1182200210AA815F064FAB8
:100180002046FFF7DBF9ADF82800606C18B100F0ED
:100190002DFC00236364204611F00EF8054600286C
:1001A00043D12046FFF7CAF9022861D1D4F824A030
:1001B000BAF1000F13D006AD53462A460AF1100ECD
:1001C000AC46186859680833ACE8030073456546C7
:1001D000F6D10FCA0BAD85E80F000DF1280A658C2A
:1001E000ADF82A50C4F848902046FFF7A7F904F16B
:1001F0004403B4F89C90B4F89E200593189B6DBA04
:100200000493234BADB2CDE902430195E38D12F483
:1002100080725BBA9BB2C1B200934846534618BF86
:1002200004F12C0200F0B0FA0546002D19DB58EA63
:10023000070316D0543420460BF0F0FA304610F085
:1002400081FF42463B4620460BF06CFA4FF0FF32EE
:100250000B304FF0FF33304608BF6FF0730510F0DE
:100260006FFF304610F06EFF284610B0BDE8F087F3
:10027000AA46B7E76FF06A05F3E76FF00805F3E702
:1002800096750200857702005A620200C974020066
:10029000B5F700002DE9F0410D4616461F4604460D
:1002A00070B9294940F69223284A29480FF0FCFAF0
:1002B00028480FF0F9FA40F6922124480FF0EDFAA1
:1002C000254B98423DD303F57673984239D200F11D
:1002D0000C084FF0FF324FF0FF33404610F030FF74
:1002E000691E0A290ED8DFE801F0262626262626D2
:1002F0002606141D2600042F33681FD1FF2B1DD89E
:1003000084F898300024404610F01CFF2046BDE8D9
:10031000F081042F12D13368003B18BF012384F809
:100320009930EFE7042F09D13368003B18BF012350
:1003300084F89A30E6E76FF08504E4E76FF015047F
:10034000E1E76FF01504E1E796750200857702009A
:100350005A620200C9740200E4E300202DE9F04172
:100360000F4616461C46054670B9284940F6C92373
:10037000274A28480FF098FA27480FF095FA40F6D8
:10038000C92123480FF089FA244B98423BD303F547
:100390007673984237D200F10C084FF0FF324FF0DD
:1003A000FF33404610F0CCFE791E0A290DD8DFE855
:1003B00001F02424242424242406131C240095F86A
:1003C000983033600CB1042323600024404610F0C1
:1003D000B9FE2046BDE8F08196B18CB12368042BAC
:1003E0000ED195F899203260EEE74EB144B1236802
:1003F000042B05D195F89A20F5E76FF08504E5E721
:100400006FF01504E2E76FF01504E2E7967502005D
:10041000857702005A620200C9740200E4E30020FA
:100420004FF0FF320121014814F0DDBDCCE3002084
:1004300008B58161A9B10B6873B90A4940F2D1339B
:10044000094A0A480FF030FA09480FF02DFA40F235
:10045000D13105480FF021FA5B7D80F8253080F816
:100460002D3008BDBA760200857602005A6202007D
:10047000C974020073B5054616461C4614F061FDAA
:1004800008B10026344601A93246234628460AF020
:1004900007FC0146A8B9019C4022204615F0D4F87B
:1004A000FF22012384F83B20074A20469542E3615E
:1004B000656008BF84F83D3011F0EBF8204602B0CB
:1004C00070BD0024FAE700BFD0D000202DE9F04134
:1004D000DDE9064507461646884629B922B990F84F
:1004E000333013F0700F53D014F02BFD08B10024FB
:1004F0000025384611F07BF897F8332040BB12F006
:10050000700FC2F3021325D0022B0CBF2823002347
:10051000112E17D1083308EB0301BB69C2F3021295
:10052000DBB11B68C3B91E4940F243431D4A1E4854
:100530000FF0BAF91D480FF0B7F940F243411948DE
:100540000FF0ABF9012E01D03A2EE4D10433E2E7EB
:100550000023E0E70346DEE71B8B022A1BD1B3F53D
:10056000A06F38BF4FF4A063181A814228BF01461C
:1005700022462B467E680E4D0E480F4CAE4208BFF9
:10058000204610F027FF014638B1384611F087F8B1
:100590000020BDE8F0810B46E6E76FF00B00F8E7BE
:1005A000BA760200857602005A620200C97402001F
:1005B000D0D00020B4D20020E8D2002030B585B0E1
:1005C0000093DDE908451346CDE902450A46014698
:1005D000024811F075F805B030BD00BFD0D0002042
:1005E00010B588B00F4C204614F0D3FC4FF0FF320A
:1005F0004FF0FF33CDE9062300230B49CDE9032358
:10060000CDE901334FF4BC62084B009404F12000A3
:100610000AF09CFC20B108B0BDE8104014F09CBC6E
:1006200008B010BD90DC002030FF0020791B0200D4
:1006300002460B4601480AF019BE00BF98D10020BF
:1006400001480AF083BD00BF98D100202DE9F34195
:100650006FF00105074688464FF0FF304FF0FF313D
:100660001646FFF7E5FF114B1C682CB9FFF7E8FFB2
:10067000284602B0BDE8F081227C33789A4213D13B
:10068000637C72789A4200D073B9A36813B1BA69D7
:10069000934209D1E3684246009365683346394680
:1006A0002046A847051EE1DB2468DEE7BCE7002002
:1006B000F8B50F4616461D460446C0B1BBB114221C
:1006C000002114F0C1FF4FF0FF304FF0FF316560A3
:1006D00027746674FFF7ACFF064B1A6822605A68ED
:1006E0001C6002B95C60FFF7ABFF0020F8BD6FF043
:1006F0001500FBE7BCE7002008B570B90A4940F2D5
:100700008E230A4A0A480FF0CFF80A480FF0CCF8B7
:1007100040F28E2105480FF0C0F890F9A000BDE826
:100720000840FDF727BD00BF967502006275020004
:100730005A620200C974020002460B4601480AF0E0
:1007400095BD00BF20D1002001480AF0FFBC00BFCA
:1007500020D1002010B504464822002114F074FF77
:100760004FF0FF304FF0FF31FFF7E6FF054B1A68FF
:1007700022605A681C6002B95C60BDE81040FFF757
:10078000E3BF00BFCCE700202DE9F04F89B01E4643
:10079000149FBDF84C308B461546BDF8489002902A
:1007A000039377B33846FFF7A7FF8246384610F029
:1007B000CBFC01904FF0FF304FF0FF31FFF7BCFF53
:1007C000884B1C68002C00F08480D4F80080039BC8
:1007D0005BBAADF812309BB20593331D06939CB9FA
:1007E000FFF7B2FF4FF0FF304FF0FF31FFF7A4FFEC
:1007F0007D4B1C68002C70D1FFF7A6FF6FF0010045
:100800004DE0BA460197D5E7B4F84030029A9342DA
:1008100018D194F842305B4514D194F8433003F07A
:100820000402BEB107936AB13288022A0AD1A28BB0
:10083000022A07D11022069804F1200114F0BFFD0E
:10084000079B48B1B8F1000F45D0D8F800304446B6
:100850009846C4E7002AF5D1E28B05998A42F1D186
:1008600003F00203F5B1002BECD02B88022BE9D169
:10087000A388022BE6D1102204F10801281D14F0F0
:100880009EFD0028DED1E28899FA99F39BB29A4244
:10089000D8D1A06B88B9FFF757FF6FF06F0009B090
:1008A000BDE8F08F002BCDD1019B002BEBD0A06BCE
:1008B0000028E8D010F048FCE3E7BAF1000FEAD0D6
:1008C000B0F89E301B05E6D5FFF716FF8245B9D17B
:1008D000E1E7A0467BE74346B9E7596822688C42C6
:1008E00008BF5A601A6000232360FFF72DFF002D18
:1008F00070D02B88022B6FD12B46221D05F11801D9
:1009000053F8040B8B4242F8040BF9D1281D11F067
:100910004FF980F00101490141F00201C9B2D6B19D
:100920003388022B58D1334604F11C0206F118001B
:1009300053F804CB834242F804CBF9D1301D11F0B7
:1009400037F908B941F0400141F004011DB12A888E
:1009500033889A4240D1B9F1000F05D099FA99F93C
:1009600041F00801A4F80690039B23B1BDF81230B2
:1009700041F01001E383159B84F843106363169BD9
:1009800084F842B0E363029BA763A4F84030179B4E
:1009900003B11C6094F843304FF0FF3043F0010383
:1009A00084F843304FF0FF31FFF7C6FE0D4B1A6855
:1009B00022605A681C6002B95C60FFF7C5FE3846C9
:1009C00010F0C5FB94F8443060F3000384F8443021
:1009D000002064E72946A2E72046FFF7BBFE6FF040
:1009E00015005CE7C4E70020CCE700201B4B10B5E6
:1009F000984204462CD303F59073984228D890F877
:100A00004330DB0727D54FF0FF314FF0FF30FFF7C2
:100A100093FE0021124B1A6852B1944215D12268FC
:100A200069B959681A608C4200D15A60002323606A
:100A3000FFF78AFE2046FFF78DFE002010BD0A60FA
:100A40005A68944208BF5960F0E711461268E3E71C
:100A50006FF01500F2E76FF00100EFE7D4E7002038
:100A6000C4E700202DE9F04F994690F8333089B063
:100A7000C3F302130493013B012B05460E46069275
:100A800000F28D801346112A15BF4FF0000AD9F8E5
:100A90000030CDF814A01A8804BF0592B3F802A064
:100AA000049B022B2ED1086800210830FDF7D0FCF2
:100AB00034680746102204F1180104F1080014F00C
:100AC0007EFC00B117B1059B9A4568D0237EA3F147
:100AD000FF0CDCF1000343EB0C034FF0000B03931E
:100AE0004A4BD8461C684FF0FF33079364B9039B09
:100AF000002B69D0BBF1000F76D0284610F057FDCF
:100B000020464DE00023E8E7A06B88BB94F8423014
:100B1000002B38D1B4F84030069A934231D1E388A3
:100B200013B1059A93422CD1E38B0BB1534528D1D5
:100B300094F84370B90706D5012331462846221D93
:100B400011F046F8E8B17A0707D500233146284668
:100B500004F11C0211F03CF898B1079B07F07807EC
:100B6000BB420EDA039B93B93BB2A046079308E061
:100B7000B0F89E301F05C9D5AF69FFF7BDFD8742AC
:100B8000C4D02468B2E7049A9342C3D0F9E740F690
:100B9000CD420023284610F094FF074618B90220E2
:100BA00009B0BDE8F08FE36B0146009332464B4637
:100BB0002046D4F834C0E047022802D1384610F06D
:100BC000F6FCDDF80CB0DCE7B8F1000F0FD195F8BA
:100BD0003330C3F30213022BE1D143460422012137
:100BE000284611F0B9F8DAE7B8F1000FD7D0D8F8F5
:100BF0003C303246009329464B464046D8F83440B4
:100C0000A047831E584258414000C9E7C4E700206E
:100C100000230B4A10B5C2E900330A4A18461146B0
:100C200014460133042B086002F1480202D0084642
:100C30001146F6E7044B054AC3E9002410BD00BF86
:100C4000C4E70020D4E70020CCE70020ACE8002077
:100C500000228021014B0248FFF72ABD911C0200AF
:100C6000F4E80020072908B50CDD0A493E230A4AAA
:100C70000A480EF019FE0A480EF016FE3E210648FC
:100C80000EF00BFE438882881344143301FB0300EB
:100C900008BD00BFAD790200817902005A620200EE
:100CA000C97402002DE9F84F43788046FF2B8A462D
:100CB000164654D12B4F4FF0FF350024BB466A1C1B
:100CC00097F808900CD1B9F1000F0CD1072C04F162
:100CD000010307F1090724D025461C4697F8089020
:100CE000B9F1000F13D032793068B91C14F067FBEA
:100CF00068B904EBC4035B4409F1010983F8089067
:100D000088F801400020C8F808A0BDE8F88F013439
:100D1000082C07F10907D2D16B1C03D16FF0010039
:100D2000F3E7072505EBC5000BEB00031A7AEC008F
:100D300001321A7288F801503168327931B1062ACD
:100D400004D8023058445A7014F071FC3179631998
:100D50000BEB0302517072790BF80320D2E76FF0AE
:100D60007700D2E7EAF2002038B543780246FF2B3D
:100D700033D0072B0CD91A4990231A4A1A480EF07F
:100D800093FD1A480EF090FD902116480EF085FD57
:100D9000174903EBC3030B44187A50B91549912343
:100DA000104A11480EF080FD10480EF07DFD912193
:100DB000EBE701381872547804EBC4030B44187A3B
:100DC00030B90923022513FB04535C18C850A080D6
:100DD000FF2300205370906038BD6FF07700FBE771
:100DE000A8790200817902005A620200C9740200E7
:100DF000EAF20020B5790200072810B504460ED9A2
:100E0000B623094A09490A480EF04EFD2146094811
:100E100008220EF049FDB62103480EF03EFD00EB1E
:100E2000C0040548204410BD81790200AD7902005C
:100E30005A620200DB790200EAF200202DE9F04F4D
:100E4000282300268DB0CDE9066308AB0A9308235A
:100E5000044688460B938369029383684BB9204606
:100E600006A910F066FE054638B902200DB0BDE8AF
:100E7000F08F1A8A5B681644F0E787887FBABFB2A2
:100E80002837BE42F1DB03DD3946204610F093FDE2
:100E9000AB6833B9EB6823B92B6913B96B69002BC5
:100EA000E3D02B7AFF2BE0D0297E05F11806FF292D
:100EB00002D16B7E002BD8D0B8F1000F48D02B7830
:100EC0006A781B0143EA1213DAB2C3F3850343EADB
:100ED000821384F83C30AB79002184F83B3028231E
:100EE000022284F83230A368E186DB68DB7984F87B
:100EF000353094F8333062F3061384F833302B7EA8
:100F0000FF2B66D03046FDF7A3FA00285ED13146AC
:100F1000A06904AB03AA11F083FE002849D0039B0B
:100F2000002B3DD0DB68A361002B39D01B68002B60
:100F300031D1B54940F2D133B44AB5480EF0B4FCD2
:100F4000B4480EF0B1FC40F2D131B0480EF0A5FC2F
:100F5000304611F017F8002887D105F1080011F08C
:100F600011F8002881D1FF2903D16B7E012B3FF4BA
:100F70007CAFFEF785FA0146304611F014F80028E0
:100F80009DD02B7EFF2B9AD16B7E052B3FF46DAF4E
:100F9000082B94D169E75B7D84F8253084F82D30E7
:100FA0002046049911F069FE0028FFF65EAF00208C
:100FB0005CE70590314605A8FDF782FD00283FF467
:100FC00054AF2046059911F0B3FEEDE72B7EFF2BC1
:100FD00002D16B7E012B50D12046079910F0A8FB5F
:100FE00095F80690B9F12C0F5AD03ED8B9F1000F00
:100FF00058D0A9F12B08D8F1000646EB0806B60038
:101000004FF006084FF0000AB9F13A0FA4F8388003
:1010100000F0DB80B9F1110F00F0D780B9F1060FB5
:1010200000F0D380B9F13B0F3FF41FAF204610F022
:10103000D2FC0122804603A9204610F041FC002882
:101040007FF413AF9DF80C302C2B00F088802BD848
:101050002BB12B2B03D0112B2CD0062B2AD02046C2
:1010600010F0B9FC0122431EAAE0A9F13C0CDCF10E
:10107000000646EB0C067600C2E7022B05D130468F
:10108000654910F090FF0028A6D1304602A9FDF76F
:101090007BFC00283FF4E9AE037D98079CD4E4E68E
:1010A0000826ADE70126ABE73C2B5ED1B10751D452
:1010B00046F00206B9F1000F02D0B9F13C0FCED1D3
:1010C00000230122204605A91FFA87FB8DF8143062
:1010D00010F0F6FB00287FF4C8AE9DF81430013301
:1010E000BBEBC30F4FEAC309FFF4BFAE4FF0020BD7
:1010F000A9F103030193204610F06DFC012200903A
:1011000004A9204610F0DCFB00287FF4AEAE9DF869
:10111000102082BB9DF81020AAB3012A9DF814105C
:1011200036D0019B8B427FF7A0AE02F0C002802A2E
:1011300044D0C02A3ED0002A7FF497AE204610F05B
:10114000F7FA00287FF491AE9DF8142002320BEBE1
:1011500002031AE0720682D446F04006AAE733077B
:101160003FF57DAF46F00806A4E7A3F13B02012A54
:10117000A0D93A2B72E70122204605A910F0A0FB66
:101180000028C7D071E60BF101031FFA83FB07E0CB
:101190008A1C0BEB020320461FFA83FB10F0C8FAEF
:1011A000D945A8D8D1441FFA89FA5FFA88F89DF882
:1011B0000C9029E72B7EFF2B3FF457AE0222009BB9
:1011C0000421204610F0C8FD4FE6B9F1110FA4F834
:1011D00036A008D0B9F13A0F7FF447AE2946204631
:1011E00010F085FE42E620460AA911F01FFE049089
:1011F00000283FF43AAE4A46204604AB05A90595BF
:10120000FFF730FC32E600BFBA76020085760200B6
:101210005A620200C9740200785C02002DE9F041B4
:1012200014461D46064630B1C76810F0A9FFC7E94D
:101230000601F3681C6219480CF024FB4FF47A7223
:10124000A0FB020302FB013147F6FF73C01841F116
:101250000001C00B50EA414003D0844275F1000305
:1012600019DA291E2246BCBF0022114640F2E7339C
:10127000C90341EA5241D203D01841F100014FF4B1
:101280007A720023F7F740FDBDE8F04102460B46B5
:1012900003480AF059BEBDE8F08100BF80DD0020A0
:1012A00070DD00202DE9F74F10F06AFF00268A4616
:1012B0004FF000084FF00009244D01902B7863B3E4
:1012C000EF6857B3D7E90A4154EA010325D0019BDF
:1012D00014F57A7441F10001E41A61EB0A0B012C58
:1012E0007BF1000121DB1A480CF0CCFA084314D141
:1012F00040F2E7334FEACB3141EA5441E403E018CE
:101300004FF47A724FF0000341F10001F7F7FCFC53
:1013100002460B460F480AF017FE0136082E05F16B
:101320005405CBD103B0BDE8F08F3868C7E90A890E
:101330000028F2D010F03BF9386810F038F900239B
:1013400028463B6010F0FBFDE7E700BFDCC800204B
:1013500050DD002040DD002008B570B90F494FF482
:1013600074730F4A0F480EF09FFA0F480EF09CFA64
:101370004FF474710A480EF090FA006860B90B4996
:1013800040F2D133064A07480EF08EFA06480EF0B6
:101390008BFA40F2D131EDE7103008BDB47602008F
:1013A000857602005A620200C9740200BA76020011
:1013B00008B570B909494FF4D463094A09480EF0D9
:1013C00073FA09480EF070FA4FF4D46104480EF035
:1013D00064FA406808B1D0F8FC0008BDB476020099
:1013E000857602005A620200C974020008B570B91D
:1013F00012494FF43873124A12480EF055FA124847
:101400000EF052FA4FF438710D480EF046FA0368A8
:1014100063B90E4940F2E123094A0A480EF044FA42
:1014200009480EF041FA40F2E121EDE70C33D3E830
:10143000AF0F084100F0010008BD00BFB476020004
:10144000857602005A620200C9740200BA76020070
:101450007FB518234178064A0230FDF71DFF182199
:101460000346044A68460DF0D1F807B05DF804FB66
:1014700032F30020358802002DE9F0410E4C07467A
:10148000884600262546237853B117B1A3689F42AA
:1014900006D1E06810224146043013F090FF38B1C5
:1014A0000136082E04F15404EDD10020BDE8F0818E
:1014B000542303FB0650F9E7DCC80020F8B5C368E5
:1014C000044693F830208A420FD0052A0DD083F8C5
:1014D0003010C26892F83030022B06D1164D2B68BE
:1014E000991C03D0591C29609363F8BD4FF0FF325B
:1014F0004FF0FF3311480AF015F9002354261A461D
:1015000019460F4F2B6006FB01F0385C48B1E068CC
:1015100038B190F830C0BCF1020F02BF01238263E2
:10152000013201310829EED103B12A600348BDE838
:10153000F8400AF0B3B800BF5CE9002044E900209D
:10154000DCC800202DE9FF4106461E480D4617461F
:10155000984610F001FD044678B3FF236A464370B5
:1015600013468660C66805F1100E944628686968BF
:101570000835ACE8030075456246F6D1351D04AA6E
:101580001E4603CE964228606960334605F1080581
:10159000F6D141462046FFF791FFE368002083F82B
:1015A000357000230021E2681360E268C2E90A0195
:1015B000E268C2E90601E2681362204604B0BDE8B1
:1015C000F08100BFD0C800202DE9F04105460E464D
:1015D00017469846FFF750FF044600284CD1434673
:1015E0003A4631462846FFF7ADFF0446002843D16E
:1015F0004FF0FF324FF0FF3321480AF093F84FF0DD
:10160000FF30204A0346114692F800C0BCF1000F9B
:1016100018D0D2F80CC0BCF1000F13D09CF835E004
:10162000BEF1000F0ED19CF830E0BEF1020F09D1DF
:10163000B3F1FF3FDCF838C002D16046234601E039
:101640008445FAD30134082C02F15402DCD15A1C2F
:1016500007D0542202FB0313D9689868043110F0B4
:1016600007FE07480AF01AF843463A46314628462C
:10167000BDE8F041FFF766BF2046BDE8F08100BF3E
:1016800044E90020DCC8002010B50C46FFF790FEAE
:10169000024670B90A4940F2FC530A4A0A480EF061
:1016A00003F90A480EF000F940F2FC5105480EF02B
:1016B000F4F82046BDE810400023FFF7AFBD00BF9F
:1016C0001A7A0200EE7902005A6202001F7A0200C2
:1016D0002DE9F04F0E4615460021142289B0074629
:1016E0009B46CDE90212DDF848909DF84CA0EBB97D
:1016F00040F2FF230493ADF814B0ADF816B0ADF886
:1017000018B04FF48073ADF81A30FF238DF81C30F9
:1017100099F80D3099F80F208DF81D3099F80E309A
:1017200043EA0223ADF81E300DF1100B3846FFF7E7
:1017300013FE90F80480BAF1000F27D0FDF7A0FE49
:101740004FF00008054640F6CD4200233846CDE96B
:10175000002308F114013A230222FEF72FFF04466A
:10176000002800F08C80FF235A46294680F8353047
:1017700010F03DFC0246C8B116B130460FF017FF1D
:1017800020460FF014FF6FF0680574E025B9494654
:101790003846FDF7FBFA0546284610F0BDFC002848
:1017A00075D108F1090808F0F808CCE78721204630
:1017B00010F055FA05460028DED1204602A910F0A7
:1017C000B8F90028D8D0057045708570C5704946B5
:1017D000043010F028FD204602A910F0C8F9054693
:1017E0000028C9D1BAF1000F0AD13846FFF7B4FD7D
:1017F000012301464246204610F0D0FC0028BBD011
:1018000020460FF046FF3A21204610F037FC002317
:1018100038461A464946FFF7D7FE07460028ABD0A0
:1018200026B3D0F80C80D8F80030002BA5D1304674
:101830000FF0A4FEC8F80000FE6810F0A1FCC6E995
:101840000A0117480CF01EF8084308D020460EF095
:1018500091FC00280FDAF86810F06FFC90E74FF465
:10186000004200230F480AF06FFBEFE720460EF01E
:1018700081FC002884DB284609B0BDE8F08F16B94A
:101880006FF00B05F7E730460FF091FEF8E716B959
:101890006FF01505EFE730460FF089FEF8E700BF5F
:1018A00050DD002040DD00202DE9F04F0C46984629
:1018B00000210C239BB0CDE9081304AB0A9302234B
:1018C00017680A46A0680B9350B90B21A06995B21E
:1018D000FFF78CFD40B16FF004001BB0BDE8F08F46
:1018E000038A40681A44EFE7204608A910F021F95E
:1018F00006460028EFD0392D07D9FB79FF2B04D1FC
:1019000048F2FE033A899A4203D098F80130002B3E
:10191000E1D10999204610F09CFC75683178B6F841
:101920000290D6F808A02DBA11B1A0690FF09DF869
:10193000AF4B6A1E9A4225D2D4F818804046FFF772
:1019400037FDA8421ED0B8F1000F0ED1A94940F2D0
:101950008C63A94AA9480DF0A7FFA9480DF0A4FF80
:1019600040F28C61A4480DF098FFD8F804300BB118
:10197000C3F8F850A3695D6825B128460FF0E3F875
:10198000C5F8FC00BAF1000F13D0A369B26863B9BF
:1019900098494FF4DA63984A98480DF085FF9848C3
:1019A0000DF082FF4FF4DA61DCE75B680BB1C3F83E
:1019B00000210C230AA984F83A30204610F0B9F827
:1019C0000022A3680546D96800920123A069083166
:1019D00010F01EFE4FF0020A0646A5B9083799FA24
:1019E00099F53946A069ADB2FDF712F9002800F06B
:1019F0001882B9F1000F40F0F581FDF79FF9002E34
:101A000000F00A82F6E120460B9910F022FC95F8CE
:101A10000080B8F1050F7AD06D7811D8B8F1010FB8
:101A200052D0B8F1030F00F09C806FF00101082341
:101A3000204603FB05110FF07BFE002861D04AE72A
:101A4000B8F1180F00F08481B8F1190FEDD106AB91
:101A50000C930623002116220DF14A000D9313F07A
:101A6000F3FD12AB0E93002320460CA9ADF848A05D
:101A70000F9310F05EF800283FF42DAF20460D992B
:101A800010F0E7FB0028FFF626AF05F10055013DF9
:101A9000EB074FEAC5083FF51EAF1022204613A9F9
:101AA0000FF00EFF0028FFF616AF2046A8F1100138
:101AB0000FF03EFE00287FF40EAF00F0C1FF0021C2
:101AC0000EAA11F007FB1CE02946204612AA10F0CE
:101AD00088FB00283FF4FFAE9DF849300EAA8DF830
:101AE0003C300DF14A030E93A368D968CDF800A0ED
:101AF0004346A069083110F08BFD064600283FF4EC
:101B0000EAAE20460AA910F014F8054665E702215E
:101B100020460FF00DFE00287FF4DDAE204605A91B
:101B20000FF0D7FE00287FF4D6AE059BA3F5A06288
:101B3000B2F57B4FBFF4CFAEA2699BB2002AE0D0D2
:101B4000126862B92F4940F255432B4A2B480DF0D9
:101B5000ABFE2B480DF0A8FE40F2554102E713837F
:101B6000CFE7042D7FF4B7AE12AB0C931E232046B3
:101B70000CA90D930FF0DDFF054600283FF4ABAE36
:101B800020460D9910F065FBD5F80280D5F8063097
:101B900098FA88F21BBA9A42B3D348F2FE03EA8954
:101BA0009A42AED095F90130002B34DAAB461BF8DF
:101BB0000E2BA06959460EF0C6FE40B9D5F802308A
:101BC0004BB359462A78A0690EF038FE18B3D5F801
:101BD0000230CBB1013390F825306BD06FF30003A6
:101BE00080F82530D5F80210FCF7C6FF13E000BFDF
:101BF00080EE3600B4760200857602005A6202005A
:101C0000C9740200BA76020090F8242000F1100195
:101C1000A0690EF0C9FE6B785A067FF572AFB8F175
:101C2000000F3FF46EAF2B78402B7FF46AAF102289
:101C300000210EA813F008FDA069FFF78DFB48F204
:101C4000FE030E9300220F920379062B37D0082B48
:101C500054D0022B11D14379012B0ED11092FF23C6
:101C60008DF84330FE23ADF8443003681B788DF8BF
:101C7000463003685B788DF84730D5F80E00D5F80C
:101C800012100EAB03C300210EA8FCF7E1FBD5F840
:101C900002808346002850D090F82C30012B4CD184
:101CA000B8F1FF3F30D190F82F3043F001038BF8AB
:101CB0002F3026E743F0010380F82530ABE70368B7
:101CC0001A889B78ADF840208DF84230FF238DF8BC
:101CD0004330FE238DF844300368B3F80320ADF899
:101CE00045205B798DF847304379032BC5D19DF8AA
:101CF000403083F002038DF84030BEE7026810AB3D
:101D00001068516803C3F2E7B8F5E15F09D9D5F867
:101D100002105846FCF75AFC9BF82F306FF3000373
:101D2000C5E710F02DFA01460BF114000EF0E8FFA4
:101D30004045ECD34FF4E151EBE7B8F1FF3F0CBF66
:101D4000002343460122A0690EA90EF05DFBD8E6F0
:101D5000013DEDB2022D3FF6BEAD0CAB0E93062356
:101D60001022002112A80F9313F06EFC20460EA93A
:101D70000FF0DFFE039000283FF4ADAD20460F9931
:101D800010F067FA0028FFF6A6AD039BEA0093F86F
:101D900000B0D3F802805B782046C3F3C10302F0A1
:101DA000F80212A903930FF08BFD0028FFF693AD04
:101DB000A069B8F1000F08D112A900F077FB002844
:101DC0003FF49FAE00F01CFC9BE6A3680399DB6820
:101DD00098FA88F2CDE9002108335A4612A900F09A
:101DE00001FD8EE6AEB10122F368294683F8352065
:101DF0000EF023FEF368186870B10EF0BBF90028EE
:101E000003DAF36818680FF0D2FBF06810F095F968
:101E100002E029460EF011FEA069FCF7FBFA002053
:101E20005BE52A463946A069FCF73EFFE7E500BFBF
:101E300000232822F0B587B00446CDE9043203938D
:101E400008B1836873B9464940F20B33454A4648A6
:101E50000DF02AFD45480DF027FD40F20B314148B9
:101E60000DF01BFD04A90FF064FE0746002857D0B3
:101E7000A36A002B45D1037EFF2B42D00121A0692C
:101E8000FFF7B4FA00283CD10B21A069FFF7AEFAA6
:101E9000002836D107F11805294603A8FCF710FEE3
:101EA00088B32046039910F0C7F9039B4BB9294624
:101EB00003A8FCF705FE00283DD00399204610F04A
:101EC000BBF929460398FFF7D7FA064600283CD00D
:101ED0004078FF2839D0FEF78FFF831CA362437838
:101EE00084F82C30F36893F83030022B09D1304657
:101EF0000321FFF7E3FA41F2883200233046FFF76F
:101F00008DF900200DE0294600F0D0FA064650B1C8
:101F100010F06DFE05460028C7D1304600F070FB7A
:101F2000022007B0F0BD2946FCF798FE0028C8D073
:101F300000F10805B9E7294610F0AAF910B1816847
:101F40000391BBE7A3690393BBE70023CDE90053EB
:101F50002146A06907F10802FFF7BAFB0120E0E77C
:101F6000397A0200EE7902005A620200C974020056
:101F70002DE9F34710F004F94FF0000980468A4636
:101F8000002600273A4D2B78002B45D0EC68002C1A
:101F900042D0D4E9062352EA03013DD0216A8A18CF
:101FA00043EBE173B2EB080263EB0A03012A73F11E
:101FB000000103DB0020FFF731F92DE094F8303009
:101FC000C4E90667052B27D8DFE803F01230343662
:101FD0003C03284940F2AC53274A28480DF064FCE2
:101FE00027480DF061FC40F2AC5123480DF055FC40
:101FF00094F83430211D022B03D9A86810F038F969
:102000000AE0013384F834300023CDE900131A4686
:102010001946A868FFF75CFB09F10109B9F1080F3F
:1020200005F15405AFD102B0BDE8F087022384F872
:102030003030F1E7211DE0E7042384F8303000233D
:1020400084F8343094F83430211D022BD5D8013374
:1020500084F834300023CDE900131A461946A868E5
:10206000FFF736FB4FF47A7200232846A3E700BF40
:10207000DCC8002079B20200EE7902005A62020048
:102080004C7A020008B500228721104B1048FEF759
:102090000FFB00220F4B88210F48FEF709FB0F4969
:1020A0000F4809F0AFFE4FF0FF3201210D4812F04A
:1020B0009AFF86210C4B00220C48FEF7F9FABDE886
:1020C00008400B490B4809F09DBE00BF972602004F
:1020D00030E90020772302001CE90020A51201004E
:1020E00040DD002044E90020A918010008E9002093
:1020F000711F010070DD002008B570B912494FF45E
:102100003873124A12480DF0CFFB12480DF0CCFB89
:102110004FF438710D480DF0C0FB036863B90E49E8
:1021200040F2E123094A0A480DF0BEFB09480DF0D0
:10213000BBFB40F2E121EDE70C33D3E8AF0F0841E0
:1021400000F0010008BD00BFB476020085760200F1
:102150005A620200C9740200BA7602002DE9F04307
:102160001F46002518230E4685B0CDE90253D2F84C
:1021700000808C6864B9304602A90FF0DAFCADB279
:10218000814648B96FF00407384605B0BDE8F083D2
:10219000238A64681D44EDE7304603990FF0C8FABE
:1021A000B9F816305BBAA9F81630F28E443202EB59
:1021B000031292B2AA42E5D8B2F5A06FE2D898F81D
:1021C0000730012BDED17B78002BDBD1FDF758F9EE
:1021D0001022014609F1040013F0F1F80746002827
:1021E000D0D1B069466876B92A494FF482732A4A39
:1021F0002A480DF059FB2A480DF056FB4FF4827126
:1022000025480DF04AFB2346182101FB036292F892
:102210007420D50702D5950748BF01340133032B3D
:10222000F3D1142140F2676200236143CDE900231A
:102230000C313A230222FEF7C1F905460028A3D04B
:10224000A1B210F021FC044618B128460FF0AFF9F6
:102250009AE74FF0180906F1640809FB046393F844
:102260007430DA070AD40134032C08F11808F4D1C9
:10227000284610F0BFFB0028E7D185E79B07F2D581
:10228000002302224146284610F0C9FB0028EAD16B
:10229000DBE700BF9B7A02006F7A02005A620200FD
:1022A000C974020073B50D46019001A92846FCF7D8
:1022B0006BFB044628B1037D9B0709D56FF07705BA
:1022C00023E0294601980EF071FA0446002836D022
:1022D0000C210198FFF710FF014698BB019E76B9CB
:1022E000194940F66D13194A19480DF0DDFA1948DD
:1022F0000DF0DAFA40F66D1114480DF0CEFA3046C2
:10230000FFF7FAFE20B96FF07205284602B070BDE3
:1023100008213046FFF7F0FE0028F4D029460222BB
:10232000019810F01BFC051EEFDB21460198FCF71D
:1023300091FB012221460198FBF740FFE5E76FF092
:102340000B05E2E70025E0E7B4760200857602009F
:102350005A620200C974020000228221014B024825
:10236000FEF7A6B95D21010060E900202DE9FF41DB
:10237000064614480C4690460FF0EEFD0546E8B1BF
:1023800023466C4627468660C66803F1100C224639
:1023900018685968083303C263451446F7D106F13B
:1023A000200304AA3C4603CC944218605960274697
:1023B00003F10803F6D1EB6883F83080284604B0B7
:1023C000BDE8F0817CCB002008B570B90F494FF40F
:1023D00074730F4A0F480DF067FA0F480DF064FA56
:1023E0004FF474710A480DF058FA006860B90B494F
:1023F00040F2D133064A07480DF056FA06480DF070
:1024000053FA40F2D131EDE7103008BDB476020046
:10241000857602005A620200C9740200BA76020090
:1024200002460B46014808F021BF00BFACD1002096
:10243000014808F08BBE00BFACD1002038B505467E
:1024400060B915498C23154A15480DF02DFA154829
:102450000DF02AFA8C2111480DF01FFA4FF0FF30D1
:102460004FF0FF31FFF7DCFF0F4B00221C461978BD
:1024700049B1D968A94206D1482303FB0244FFF7BA
:10248000D7FF204638BD0132082A03F14803EED1B8
:10249000FFF7CEFF0024F4E7C97A0200A07A020019
:1024A0005A620200C974020088CB00202DE9F74F60
:1024B0004FF0000B81468A464FF0FF304FF0FF315E
:1024C000FFF7AEFF5E465B46274D2A785C1C22B9BB
:1024D000082C234637D04835F7E7B9F1000F02D072
:1024E000AB684B45F4D1D5F80C8098F830705F4557
:1024F000EED3802FECD808F12001FA085046CDE940
:10250000001212F05CFFDDE900120028E0D17842F1
:1025100010F007000DD08B5C1AF802C0C0F1080162
:102520008CEA0302FF238B4083F0FF0383401A42AF
:10253000CED1082C234605D03A0603D4BB464646E6
:102540004835C2E746464EB10848314610F034FBE4
:10255000036833604368066003B94660FFF768FFAD
:10256000304603B0BDE8F08F88CB00207CE9002026
:1025700070B50E46044600283DD04FF0FF304FF0B6
:10258000FF31FFF74DFF731C04F1100594F8313053
:102590000BD143F004032946174884F8313010F07A
:1025A0000BFBBDE87040FFF743BF6FF3820384F875
:1025B000313012F0C8FD4FF47A73A0FB030203FB25
:1025C0000122C00B40EA4242314628460EF079FB18
:1025D0000948294610F0F0FA0023236143683BB90B
:1025E000C0E9005500220023044809F0ADFCD8E7FB
:1025F0001D604560F6E770BD74E90020A0DD002095
:1026000038B50446A0B34FF0FF304FF0FF31FFF76D
:1026100007FF94F831305B0709D4174804F1100123
:1026200010F0CAFA036813B9144809F093FC214664
:10263000134810F0C1FA2046FFF700FF054620B905
:10264000FFF7F6FE6FF0010038BD646834B9284624
:102650000FF075FCFFF7ECFE2046F5E7606828B147
:102660000FF06DFCA4F114000FF069FC2468EDE795
:102670006FF01500E8E700BF74E90020A0DD00203E
:102680007CE900202DE9F84312F05DFD04460F4679
:102690004FF0FF304FF0FF31FFF7C2FE234B1E68B3
:1026A000002E3ED0356805B1103D4FF47A72A4FB80
:1026B000024302FB0731E40B4FF0FF37DFF86C8079
:1026C00044EA4144103E01E02E461D4606F1100941
:1026D000214648460EF02EFB60B94046494610F0B0
:1026E0006BFA3046FFF78CFF45B12B69002BEBD01E
:1026F000103BE9E7874228BF0746F5E77B1C10D06F
:102700004FF4004440F2E73029464FF47A72002338
:10271000E7FB0401F6F7F8FA02460B46044809F015
:1027200013FCBDE8F843FFF783BE00BF74E9002047
:10273000A0DD00202DE9F0410D46044670B9234983
:1027400040F27623224A23480DF0AEF822480DF0DD
:10275000ABF840F276211E480DF09FF861B91F4991
:1027600040F277231A4A1B480DF09EF81A480DF0E4
:102770009BF840F27721EEE74FF0FF304FF0FF314A
:10278000FFF74EFE294620460FF082FD0026074641
:102790003446134D05F51078E86840B1436833B10D
:1027A0005A68BA420ED1FFF72BFF68B90134483599
:1027B0004545F1D1FFF73CFE0CB906EAE674204628
:1027C000BDE8F0811B68EAE70646F0E7B476020050
:1027D000A07A02005A620200C9740200E97A02007B
:1027E00088CB00202DE9F84FDDF828900546934668
:1027F0001F468A469DF82C8071B973494FF4AE7319
:10280000724A73480DF050F872480DF04DF84FF4CD
:10281000AE716E480DF041F860B96F4940F25D133A
:102820006A4A6B480DF040F86A480DF03DF840F2F6
:102830005D11EEE763B969494FF4AF73634A6448C9
:102840000DF032F863480DF02FF84FF4AF71E0E768
:10285000FCF716FE10220146504612F0B0FD044669
:1028600070B14FF0FF304FF0FF31FFF7D9FD39461F
:1028700028460FF00DFD064628B90024FFF7D8FDC5
:102880002046BDE8F88F4078FF280FD0FEF7B4FA55
:1028900060B953494FF4B8734C4A4D480DF004F8F1
:1028A0004C480DF001F84FF4B871B2E75146284694
:1028B000FFF7FCFD044648B310F099F9014678B1E2
:1028C0001022384612F07BFD50B949462046FFF7EA
:1028D0004FFE94F8313068F3010384F83130CDE7CE
:1028E00094F83130B8F1020F03F00303C5D0B8F10A
:1028F000030FC2D8013308F1010203F0030302F011
:1029000003029342B9D82046FFF77AFE5A46514651
:102910002846FFF72BFD044670B93248416810F095
:102920004BF90846FFF76CFE5A4651462846FFF71A
:102930001DFD04460028A0D008232B4842881432ED
:10294000017881BB00F11403C360FF2343700FF0D3
:10295000FFFA002891D0E468D0F80CA094F8313048
:10296000494668F3010384F831302046E560FFF7FB
:10297000FFFD1C4B1A6822605A681C6002B95C603B
:10298000284639460FF084FC054680B917494FF4B4
:10299000E6730E4A0E480CF087FF0E480CF084FFD9
:1029A0004FF4E67135E7013B1044C9D165E70FF0FC
:1029B000CFFAAE42EAD10023CAF80460CAF8003068
:1029C000C4E901AA5AE700BF27790200A07A0200F1
:1029D0005A620200C9740200B4760200E97A020069
:1029E000CF7A02007CE90020C8CD0020DE7A020008
:1029F0000149024809F006BA85260100A0DD002041
:102A000008B570B90A4940F28E230A4A0A480CF008
:102A10004BFF0A480CF048FF40F28E2105480CF0AD
:102A20003CFF90F9A000BDE80840FBF7A3BB00BF46
:102A300096750200627502005A620200C9740200B3
:102A400000487047D0DD002000220248114610F0F7
:102A500027BB00BFD0DD00200122054BC3F80025B5
:102A600090F8861009B1DA6070471A605A607047B2
:102A700000E0004070B5087900F01F04072C1DD855
:102A80000B780B2B15D8DFE803F0070707071406B0
:102A900014140E10141204234A78032A11D0042AA5
:102AA00021D02E4A06E00523F6E70623F4E70723A4
:102AB000F2E72B4A01212B480DF0A3F86FF0150027
:102AC00070BD012544F20A064A88B2423FD00CD8B4
:102AD00044F20306B24216D044F20506B24234D0A4
:102AE000AAB3214AE6E70025ECE744F21406B24215
:102AF0002FD044F22806B2422DD044F20F06B24243
:102B0000EFD1032200E00022C0F340101B0243EA91
:102B10000053002043EA053343EA0243220102F155
:102B2000804202F56042C2F8183523018A7903F128
:102B3000804303F56043C3F81425C3F810050B4B1D
:102B40004A79234483F8A020BAE70122DCE7022275
:102B5000DAE70422D8E70522D6E700BF107B02009F
:102B6000F17A0200645A0200347B020080C5002022
:102B7000F7B50D464FF0FF334FF0FF32604808F0D5
:102B8000D1FD6E68731EFE2B05D95E4A01215E4899
:102B90000DF037F812E000231A465C485C4F26FA25
:102BA00003F111F0010134D017F803C0BCF1000F9C
:102BB0000CD1584A012154480DF02CF86FF015043F
:102BC0004F4808F06BFD204603B0F0BD6C7C00EB75
:102BD000031E003C18BF0124DEF81815013221F055
:102BE000807141EA0461CEF8181503F15101090121
:102BF00040F801C0D2B20133082BD0D12B7CA3F115
:102C00000801062916D8DFE801F01715191509156E
:102C1000130003F1510424010151ECE702233B4965
:102C2000012AC1F8F0356B7C0AD95BB13A4AADE7AD
:102C30000323F4E7394ABDE70023F0E70123EEE779
:102C4000082B10D8C1F8F4352B6851006BB9EB682C
:102C50008B420ED2324A00912B4801210CF0E4FF46
:102C60006FF00B04ACE72F4AA4E79B8903FB01112B
:102C7000EDE72F46A968254B2B4CC3F82C1604F121
:102C80007406C3F830260FCF0FC63B682746336063
:102C9000002626672B687BB30FCB04F1880585E8F7
:102CA0000F006567A4F8986030B3D7E8EF3FC7E836
:102CB000E26F002AF9D11D494FF400400F4631461A
:102CC000D4F888500023E5FB0071194A3846F6F71E
:102CD0001BF80022CDE90001002304F108000AF0EE
:102CE000D7FF4FF0FF324FF0FF33124808F01AFDC4
:102CF00000B12067246F63E70B48FFF7ADFEF0E7F4
:102D0000C0C500205F7B0200645A020000E0004062
:102D100020C600207D7B0200BC7B0200977B020066
:102D2000117C0200EE7B020080C500203F420F00B4
:102D300040420F00D8C5002010B500240D4B0E20D6
:102D4000C3F80441D3F80421C3F81041D3F810218B
:102D50001222C3F80423F9F7F1F8224601210E20CC
:102D6000F9F71CF90448836C13B9403008F096FC5D
:102D7000002010BD00E0004080C5002038B52D4B7C
:102D8000D3F80421002A48D00022C3F80421D3F844
:102D900004110121284C9960C3F80025636F254672
:102DA000B3B3D4F88C30B4F8982033B104F1740183
:102DB0009847012814D0022824D0B4F89830B4F8E9
:102DC00094209A421ED90133A4F89830194BD3F8B5
:102DD0002C26D3F8341689B202EB4102C3F82C2614
:102DE000D4F8883023B9BDE838401348FFF734BE23
:102DF000D5E8EF3F5A1EC5E8E12F0029F8D1012B95
:102E0000F1DC38BDD4F8883013B10C4812F0EEF97B
:102E1000BDE838400A4808F041BCD3F81011002939
:102E2000EFD0C3F81021D3F8102101229A601A6064
:102E30005A60E6E700E0004080C5002088C5002019
:102E4000D8C5002037B540230C460A490093411AE3
:102E5000491105462346084A084810F0BDF9011EED
:102E600005DA2846234603B0BDE83040184703B0D2
:102E700030BD00BF98E9002043320200D85702005D
:102E8000C9B2012908B509D9084909487A23094A6C
:102E90000CF00AFD7A2107480CF0FFFC0C220369B4
:102EA00001FB0233986C00F0070008BD8B7C020028
:102EB0005A6202004E7C020070B5C9B20129036952
:102EC0000BD91949194840F25D13194A0CF0ECFC72
:102ED00040F25D1116480CF0E0FC4FF02004EFF3D7
:102EE000118584F31288BFF36F8F0C2606FB013423
:102EF000A46C14F0C00408D0A24206D085F3118857
:102F0000BFF36F8F4FF0FF3070BD012271430B4450
:102F10009A6485F31188BFF36F8F43680B445B6835
:102F200098470020F0E700BF8B7C02005A62020045
:102F30004E7C020070B50D4606490446411A4911FF
:102F400040220548FFF7B8FF2B4601462046BDE862
:102F50007040184798E90020D857020070B5002249
:102F6000012104460520F9F719F80F4804F098FFED
:102F70000E4B984215D104F0A3FF26690C49304648
:102F80000CF064FC00280BDB0125B56424690849BA
:102F900004F120000CF05AFC002801DB00206565DC
:102FA00070BD6FF00400FBE7E92F01000000AD0BDE
:102FB000B45C020001460C2300224B4370B5084864
:102FC000C41848331844D4E91056226410F0F1F8BC
:102FD0002DB132462B46BDE870400248184770BDFF
:102FE00098E90020D8570200012808B506D0042827
:102FF00008D098B90F4B9B6C5B0719D1BDE808400E
:10300000FFF7D8BF0C4940F26E230C4A0C480CF075
:103010004BFC40F26E2109480CF03FFC064940F29F
:103020007223064A06480CF03FFC40F27221F2E798
:1030300008BD00BF98E9002079B202004E7C020072
:103040005A62020008B54FF02003EFF3118183F3B9
:103050001288BFF36F8F114A136843F002001060AB
:10306000DA0708D481F31188BFF36F8FBDE80840F9
:10307000012004F04DBF0A4BD3F80C24D3F80C34D4
:10308000DB07EFD5074810F094F881F31188BFF300
:103090006F8FBDE808400020FFF78CBFF0E90020EB
:1030A00000500040E0E900207FB500220123CDE977
:1030B000022304ABCDE90433094A6B46CDF800D0B6
:1030C000CDF804D010F0B6F8002805DB4FF48042AC
:1030D0000023684608F026FB07B05DF804FB00BF3C
:1030E0005B32020010B54FF02003EFF3118483F33D
:1030F0001288BFF36F8F074A136823F00201DB07C2
:10310000116002D4012004F07DFF84F31188BFF325
:103110006F8F10BDF0E900202DE9F0410122064635
:103120004149D1E8EF3FC1E8E02F0028F9D1A3B928
:103130003E493F484B60CB608A60F7F70BF90028A7
:103140000BDA3C494FF40C733B4A3C480CF0ACFBA7
:103150004FF40C7138480CF0A0FB5EB3731E012BCA
:1031600058D8012E06D1364BD3F81C3403F0030394
:10317000022B1FD011F0E5FE0546E8B9314B1B7854
:10318000D3B1022207462E4BC3F808232C4CDFF89C
:10319000B880D4F81824D4F81834D20316D503F024
:1031A0000303022B01D0012E10D175B387F31188D0
:1031B000BFF36F8FBDE8F0814FF02003EFF311876D
:1031C00083F31288BFF36F8F0125DFE7C5B138465F
:1031D000F8F780FFD4F81835DBB2012BD9D1D4F839
:1031E0000421002AD5D00022C4F80421D4F80421F7
:1031F0000222C4F818252022C8F88021A360C8E75D
:103200000021212009F0F8FFE4E702220C4BC3F86B
:103210000423CFE70D4940F24223074A07480CF048
:1032200043FB40F2422195E794E9002084E9002025
:10323000B8E900206D6902004E7C02005A6202006B
:10324000005000402AF7002000E100E079B20200BF
:1032500008B5074811F03EFE38B10648F9F7EAF91B
:103260000448F6F757FC002008BD6FF01200FBE79A
:1032700014580200793201000A2838B50446074D77
:1032800004D1AB680D2128465B689847AB680348BA
:103290005B68E1B29847204638BD00BF1458020071
:1032A00010B5036961B920493A23204A20480CF03F
:1032B000FBFA20480CF0F8FA3A211C480CF0EDFA21
:1032C000486850B91C493B23184A19480CF0ECFADD
:1032D0001A480CF0E9FA3B21EFE75868F8B1884248
:1032E00019D19C680868A142586000D198600020FC
:1032F00008602AB15A680A609A68596002B99960F0
:10330000002010E0814206D1086820609868814260
:10331000EDD19C60EBE7044600680028F2D1002A5A
:10332000E8D16FF0150010BD187D0200DC7C0200B2
:103330005A620200217D0200307D0200427D0200BF
:1033400038B545682B69B3B11035284605F0D0FA79
:10335000044680B90146284605F06EFA084B9842AB
:103360000BD122462846074905F02AFA22460521B4
:103370003120F8F713FE002038BD6FF00400FBE7A2
:103380000000AD0BAD34010008B50268530904D14B
:103390004FF0FF33D340DB070BD40749074840F217
:1033A0004533074A0CF080FA40F2453104480CF0EE
:1033B00074FA044808BD00BF8C7D02005A62020006
:1033C000597D020000258440F0B5406801F01F04DB
:1033D000057B87B044EA45140569002D5BD0B2F542
:1033E000001F00F1100506D12146284610F047FCC9
:1033F000002007B0F0BD0027B2F5800F01AE0197A5
:10340000776033D1B3F1007F14BF052304238DF817
:1034100004300023CDE9046303938368CB40D907CC
:1034200016D4B2F1A07F13D168460094FFF7ACFF29
:1034300004F1800350F82330DB0709D46A462146A3
:10344000284605F0CBF9174B98421AD0CDF808D092
:103450002146284603AA05F033F8134B98421DD1A4
:1034600001222146284605F069FAC1E7B3F1C06F91
:1034700005D0B3F1007F14BF01230223C7E7032364
:10348000C5E76946284605F04DFA074B9842DDD05E
:103490006FF00B00ADE76FF08500AAE76FF0150045
:1034A000A7E700BF0400AD0B0000AD0B430970B5EA
:1034B00007D1124B596821B101250C68104E854087
:1034C00001B970BD8A682A4010D04B6863B90D49B4
:1034D0005D230D4A0D480CF0E7F90D480CF0E4F9B6
:1034E0005D2109480CF0D9F9304698471CB1236892
:1034F00021461C46E4E72346FAE700BFF4E9002032
:10350000EC570200AF7D0200DC7C02005A62020030
:10351000427D02002DE9F043466840F20635337BD8
:10352000D00601F01F0747EA431748BF032302EA0A
:10353000050558BFC2F3401387B0B5F5837F144625
:103540008DF8033042D00FD8062D18D007D8B5B16A
:10355000022D3DD06FF0150007B0BDE8F083B5F542
:10356000807FF7D101250AE040F20222954231D056
:10357000B5F5407F30D0B5F5007FEBD102252203B1
:103580002CD5012372688B40936033696BBB03A811
:103590000397FFF7F9FE84F4803300EB8700C3F351
:1035A0000043C4F34044D0F8002244EA43049DF8A9
:1035B000033022F4E16244EA830422F0070244EA81
:1035C00005231343C0F800320020C5E70725D6E7DE
:1035D0000425D4E70525D2E70325D0E7630341BFDF
:1035E000012372688B40D360CFE7103639463046EE
:1035F0000DF1020205F0F2F814F4403F804617D1B5
:103600003946304610F039FB244B9845DCD1304622
:103610009DF8021005F07AF94045D5D0204921489F
:10362000AB23214A0CF040F9AB211F480CF035F9CF
:103630004FF0000901AB3946304603AACDE9043901
:10364000CDE90199CDF80C9004F03AFF134B984264
:1036500080D114F4003315D09DF8033084F4803405
:10366000C4F300448DF80E3039464B46304603AA69
:103670008DF80C508DF80D4005F012F8074B98426C
:10368000C2D067E7CDE9043339460DF10303304674
:1036900003AA039304F014FFF0E700BF0000AD0B92
:1036A000E77D02005A620200BB7D020008B5026895
:1036B000530904D14FF0FF33D340DB070BD4074944
:1036C000074840F24533074A0CF0EEF840F2453126
:1036D00004480CF0E2F8044808BD00BF8C7D0200ED
:1036E0005A620200597D0200002584402DE9F04F06
:1036F00015468346DFF84C91DFF84CA185B000EB0E
:103700008108D84503D1002005B0BDE8F08FDBF873
:103710000030D904C3F3432203F07F0400F18C800E
:103720007F2C4FEA134308BF4FF0FF3419F80270A3
:10373000192B00F28480DFE803F00D141A1D2026F7
:103740001D82828282345F8282828282828282822F
:103750006276797CC5F80C45631C5AD10BF1040BD9
:10376000CFE7C5F81445661CF8D0002659E0C5F827
:103770000845F1E7C5F81045F5E7601CC5F80845B0
:10378000ECD0002604E0611CC5F80C45E6D001260B
:1037900003A80394FFF78AFF012202FA04F3C3602F
:1037A00008E0C5F80845002FDDD1631CD6D00026FF
:1037B00006273246DBF8003003A803F40051002945
:1037C0001CBF00220126019300920394FFF76EFFB5
:1037D000019B00EB8400D0F80012C3F3C114009ADF
:1037E0003B0243EA8403134301EA0A010B4343EA21
:1037F0004603C0F80032B1E7C5F80C45D3E7C5F879
:103800006045621CDBF80030A8D0C3F38033002B86
:10381000BDD0012603A80394FFF748FF06FA04F37E
:1038200083603246C6E7C5F86445EAE7C5F86845EF
:10383000E7E7C5F86C45E4E76FF0150064E76FF063
:10384000850061E7077E0200F0F8FCFF2DE9F743F1
:1038500006464FF00008002201210820F8F79EFBE1
:103860000820F8F76BFB776835693C684146C4F877
:1038700000852E60D7F80C9001AA48460FF029FD6C
:10388000002837DB019BD9F8002019791868FFF769
:103890002DFF00282EDB6B7A3169012B03D0032B1F
:1038A00026D14FF01008AB7A032B21D195F80BC02D
:1038B000BCF1000F02D0BCF1010F19D12A7A12B16C
:1038C000022A15D10E226B687068B3F5164F006896
:1038D0007BD02DD8B3F5165F7AD016D8B3F5966F96
:1038E00078D00AD8B3F5967F77D0B3F5167F77D026
:1038F0006FF0850003B0BDE8F083B3F5166F72D0AA
:10390000B3F5965FF4D15C4B3EE0B3F5E14F6DD07B
:1039100007D8B3F5615F6BD0B3F5964FE8D1574B3D
:1039200032E047F6122E7345E2D14FF400032BE04C
:10393000B3F5613F5ED013D8B3F5963F5DD009D89B
:103940004DF6C02E73455AD0B3F5614FD0D14FF428
:103950006B0319E0B3F5E13FCAD14FF0EB7313E00D
:10396000B3F5612F4ED009D8DFF814E173454CD080
:10397000B3F5E12FBCD14FF0E86305E0DFF804E1D7
:103980007345B5D14FF08053C0F82435736848EAC9
:103990000C081B6842EA0802C3F86C250B1DD5E928
:1039A000010183E803007B6899073DD505F1180004
:1039B00004F076FB344B98422AD034480121344A33
:1039C0000CF01FF96FF0040094E74FF41D03DBE7E0
:1039D000304BD9E74FF49E23D6E74FF4A033D3E71B
:1039E0004FF41C33D0E74FF41D23CDE72A4BCBE730
:1039F0002A4BC9E74FF06C73C6E7294BC4E74FF475
:103A00006503C1E74FF07063BEE74FF08063BBE72B
:103A1000287E04F10C0204F5907110F06BF801207F
:103A20002B7E984004F094F90823C4F800353B7AC3
:103A300053B9C4F81031D4F810316B69C4F8343577
:103A40000123C4F8383523607B6800209A075CBFE7
:103A50004FF48073C4F804337B68DB0644BF4FF433
:103A60008003C4F804332B69C4F844350123C4F837
:103A70004805A360E3603DE700B0130000A04E00DE
:103A800090D0030040420F000000AD0B045B020029
:103A90000F7E02000050270000C0750000F03A00C1
:103AA00000903A01F8B504460D46076911F049FA4D
:103AB000B0B92E4B1B789BB1642660680FF037FCC1
:103AC00000BB012010F014F8013EF6D100212120A6
:103AD00009F092FBF0E786F31188BFF36F8FF5E7EB
:103AE0004FF02003EFF3118683F31288BFF36F8F3B
:103AF000606831460FF01BFC90B986F31188BFF364
:103B00006F8FEDE74FF02003EFF3118683F31288F8
:103B1000BFF36F8F606831460FF009FC0028DAD0E0
:103B20003B691D70626838691368C3F84405012059
:103B3000C3F848050020C3F82001D3F82051C3F88A
:103B400058015268D3F85801D20608D50820626897
:103B50001268C2F800054FF48002C3F80423012262
:103B60009A6081F31188BFF36F8FF8BD2AF70020A8
:103B700070B40E4922F07F46D1E90034D01AC31840
:103B800044F10004C1E90034A6F50013B3F5400F79
:103B900009D2074B1B681A0A1B069C19054B42F1F8
:103BA0000005C3E9004570BC09F0B8BE80DE002006
:103BB00008EA002088DE00200D4B1868010A000684
:103BC000BFF35F8F0B4BD3F80435181841F1000198
:103BD000B3F5801F0AD2084BD3E90023904271EB62
:103BE000030303D210F1807041F10001704700BF60
:103BF00008EA00200050014088DE00202DE9F7434C
:103C00002E4BD3F8042390070BD5D3F8042142B1EF
:103C10000022C3F804212A4AD3F80431136801337F
:103C20001360264AD2F80433D90327D5254BD3E8AD
:103C3000EF1F21F00100C3E8E40F002CF7D1CB0700
:103C400002D4D2F84031CBB100251C4CC4F840510D
:103C5000D4F84031FFF7B0FF4FF02003EFF31182AB
:103C600083F31288BFF36F8F174BD3E90267B0421B
:103C7000B94106D282F31188BFF36F8F03B0BDE85C
:103C8000F0834FF0FF38D3E900104FF0FF391D608B
:103C9000C3E902894FF48033C4F84833C4F8405173
:103CA000D4F8403182F31188BFF36F8F0029E5D03B
:103CB000009032463B4628468847DFE700500140E7
:103CC00008EA002000EA002070DE00202DE9F84F0D
:103CD00004460D46434FD7E8EF8F28F00103C7E8AD
:103CE000E23F002AF7D14FF480393F4EC6F80893DF
:103CF000BFF35F8FBFF36F8FFFF75EFFA04271EBE3
:103D0000050308F0010840D2384B201A65EB010189
:103D1000984271F1000148D2354BD3E902239D420C
:103D200008BF94423AD04FF0000C24F07F40834605
:103D300003216FF0020EC6F84893C6F840C1D6F8CA
:103D40004031DFF8B0A02BF07F43C6F84035C6F80D
:103D50004493D6F80425AEEB02035B4423F07F4383
:103D600053451BD9D6F840315BB1D6F80425131A58
:103D700023F07F43B3F5000F10D9C6F840C1D6F841
:103D8000403101EB020B0131DDE71B4BD3E8EF1FA4
:103D900041F00101C3E8E21F002AF7D1144B174A92
:103DA000C3E902451A6000225A60B8F1000F16D02C
:103DB000D7E8EF3F43F00103C7E8E23F002AF7D11D
:103DC0004FF48032084BC3F804230B4BD3E8AF3FCA
:103DD000DB0742BF4FF40012094BC3F80021BDE8D6
:103DE000F88F00BF04EA002000500140010080006D
:103DF00070DE0020FDFF7F0000EA0020713B010023
:103E000000E100E070B54FF0FF3000254FF0FF31CA
:103E1000164C174B0226C4F80833C4F84833154B28
:103E2000C4F80855C3E902014FF480334FF400127F
:103E3000C4F80433104B0121C4F804631520C3F8FF
:103E400080212A46F8F7AAF81520F8F777F8012319
:103E50000A4AA3600021236009481360FFF736FF78
:103E60003046FFF759F9284670BD00BF00500140A9
:103E700003000F0070DE002000E100E004EA0020F3
:103E8000FFFF7F00431C10B50F4C05D08442A8BF34
:103E90000446012CB8BF0124FFF78EFE0B4AD2E97D
:103EA0000031C01AB0F5000F074A0AD220449042F0
:103EB00028BF1046BDE81040C01841F10001FFF7CF
:103EC00005BF1046F6E700BFFFFF7F0080DE002041
:103ED00008B5FFF771FE024B1B68C01A08BD00BF92
:103EE00080DE0020F0B50F4B01461A680E4B0B2503
:103EF000002618461F46B84201D3013D04D118469A
:103F0000013A19605A60F0BD04688C42FBD03CB1A4
:103F10004468141BA642BCBF034626460830EAE7A5
:103F20000346ECE7C8EA0020D4EA00200020054B55
:103F3000C3E90000044BD3E8EF2FC3E8E10F0029E9
:103F4000F9D17047CCEA0020C8EA00202DE9F04FF3
:103F500089B005460E4610F0B7FF20B96FF06D002E
:103F600009B0BDE8F08F11F0EEF833680446002B7D
:103F70000F4604D109F002F86FF00A00F0E7BCBF69
:103F80004FF0FF3333600122002101A811F02BF81C
:103F9000E84607954FF02003EFF3118B83F3128867
:103FA000BFF36F8F11F0A4FBDFF828A1DFF8289191
:103FB0005AF80000FFF796FFD9F8003042689A429D
:103FC0006FD10023454D00936B68002B70D1C5E97C
:103FD00000888BF31188BFF36F8F33685A1C6CD045
:103FE0004FF4004E40F2E730002123EAE37C4FF427
:103FF0007A720023CCFB0E01F4F786FE02460B46D4
:1040000001A807F08FFB4FF02003EFF3118B83F330
:104010001288BFF36F8F00222B685BB1434556D1E6
:104020000099002A4DD16A6829609A4200D16960DE
:104030000023009311F05CFB5AF80000FFF752FFD9
:10404000D9F8003043608BF31188BFF36F8F10F005
:104050003BFF002882D035686B1C27D011F073F825
:104060004FF47A7EA0FB0E320EFB0121A4FB0E4220
:104070000EFB0722DB0BE40B43EA414344EA4244D4
:104080001B1B4FEAD1314FEAE57C61EBD231ED1ACF
:104090006CEB010CBCF1000FB8BF002535602DB9E9
:1040A0006AE743608BF31188BFF36F8F002057E7F7
:1040B000C3F80080C5F804808BE74FF0FF32134649
:1040C0009EE711606968994208BF6A60B0E71A46C6
:1040D0001B68A2E708000000C8EA0020CCEA002024
:1040E00010B5041E0DDCEB23084A094909480BF002
:1040F000DBFB214608480BF0D7FBEB2103480BF014
:10410000CCFB11F0F5FA054B1C5010BD487E0200A7
:10411000797E02005A620200867E02000C000000D6
:1041200070B50368124C2BB1A34203D304F1A80568
:10413000AB4217D30F4D2B78062B0CD90E49FF231A
:104140000E4A0F480BF0B0FB0E480BF0ADFBFF2101
:104150000A480BF0A2FB5E1C03EB430304EBC30411
:104160002E7004600068BDE8704010F03CBF00BFD6
:1041700020EA00204CF30020AD7E0200487E0200C1
:104180005A620200B67E020008B528B10C4A90427D
:1041900002D3A83290420ED30A494FF487730A4AD9
:1041A0000A480BF081FB0A480BF07EFB4FF4877145
:1041B00005480BF072FBBDE8084007F06FBA00BF7E
:1041C00020EA0020DC7E0200487E02005A620200E3
:1041D0006280020070B5054628B1194B984202D39F
:1041E000A83398420ED317494FF48C73164A1748D8
:1041F0000BF05AFB16480BF057FB4FF48C7112482A
:104200000BF04BFB4B1C17D021EAE1744FF4004636
:1042100040F2E73000214FF47A720023C4FB06011C
:10422000F4F772FD02460B46284607F07BFA002899
:1042300018BF6FF00A0070BD4FF0FF321346F3E76E
:1042400020EA0020DC7E0200487E02005A62020062
:104250006280020008B528B10C4A904202D31432A1
:1042600090420ED30A4940F241130A4A0A480BF021
:104270001BFB0A480BF018FB40F2411105480BF0FC
:104280000CFBBDE8084006F061BF00BF0CEA00204F
:104290007C800200487E02005A62020020820200F6
:1042A00070B5054628B1194B984202D31433984291
:1042B0000ED3174940F24B13164A17480BF0F4FA85
:1042C00016480BF0F1FA40F24B1112480BF0E5FAE8
:1042D0004B1C17D021EAE1744FF4004640F2E7305E
:1042E00000214FF47A720023C4FB0601F4F70CFDA1
:1042F00002460B46284606F0B9FF002818BF6FF0AB
:104300000A0070BD4FF0FF321346F3E70CEA0020BD
:104310007C800200487E02005A6202002082020075
:1043200038B505460A4BD3E8EF1F0131C3E8E21F59
:10433000002AF8D1074B1C6804B938BDE369AB42C9
:1043400001D005B113B9201D07F0A8F92468F3E7DF
:10435000C8EA0020CCEA00200146002200230148E0
:1043600010F0CFBD24EB00200146014806F01CBC34
:1043700024EB0020014600220023014810F0C1BDBB
:104380003CEB00200146014806F00EBC3CEB00204F
:1043900008B5024804F0FEFF002008BDA14301005B
:1043A00070B505460C4C0D4EB44212D90C49112380
:1043B0000C4A0D480BF078FA0C480BF075FA1121F5
:1043C00008480BF06AFAD4E90031284698470834C7
:1043D000EAE7F8D370BD00BF04B302000CB30200DB
:1043E0006F820200408202005A620200716702007E
:1043F000292800F099800ADC01284FD0062800F017
:104400009580002800F08E804FF0FF307047B0F5A7
:104410008D7F04D0B0F5007FF6D11E2948E04B1EF9
:10442000142BF1D801A050F823F000BF8344010001
:10443000834401008344010083440100834401005C
:1044400083440100094401000944010009440100BA
:104450000944010009440100834401008344010030
:10446000894401008D440100094401000944010010
:1044700081440100914401009544010099440100E8
:104480000E210020116070470F21FAE71021F8E794
:104490001121F6E71221F4E71321F2E736293FDC78
:1044A000202907DC1429ECD038DC0229E9D00429C2
:1044B000E7D0A9E7A1F12103152BA5D801A050F859
:1044C00023F000BF8344010083440100094401003C
:1044D00009440100094401000944010009440100A4
:1044E000834401000944010009440100094401001A
:1044F0000944010009440100094401000944010084
:10450000094401000944010083440100834401007F
:104510008344010083440100834401001529C7E757
:104520003D29C5E71F29C3E72029C1E73729BFE790
:104530004FF0FF32064B00201A609A611A639A64AA
:104540001A669A67C3F89020C3F8A820704700BF86
:1045500058EB00202DE9F0411446002286B00129D5
:104560000D461E46CDE90422DDF83080076803D1F0
:10457000192C12D15F2307E02146284603AAFFF732
:1045800037FF002824DA6D2311F0B2F8144A1350D3
:104590004FF0FF3006B0BDE8F0812146284603AA5F
:1045A000FFF726FF0028EEDB143C012C07D836B1BC
:1045B0004FF008083268B3680492059304AE33469E
:1045C00029463846039ACDF8008005F035FCE1E72E
:1045D000B5F58D7FF3D10C2C08BF4FF00408EEE742
:1045E0000C0000002DE9F0411C46002386B00F4668
:1045F0001546CDE9043308230668294638460DEBF5
:104600000302DDF830800393FFF7F2FE00280ADA98
:1046100011F06EF86D224FF0FF361A4B1A503046EB
:1046200006B0BDE8F081012F1DD1A5F11403012BC7
:1046300019D803AA04AB304600923946029A05F015
:1046400027FD06460028EAD1012FE8D1042D0DD11F
:1046500020680028E3D0FFF743FD11F049F8094B2B
:104660001B582360DBE742462346E4E7143D012D57
:10467000D5D8049BC4E90030059BA3601023C8F87B
:104680000030CCE70C0000000B490346087880B9E5
:104690000A49097839B1A2F5807102290AD9A2F52F
:1046A0008872012A06D9013B022B8CBF0020012011
:1046B00070470020704700BFCEF30020CDF30020EC
:1046C000034610B51C680B880846012B86B00DD137
:1046D0004A88ADF80030ADF802204B6808226946E0
:1046E000019320460FF063FE06B010BD022B04D1EB
:1046F00069460EF092FE1622F3E710F0F9FF6A22E7
:10470000024B1A504FF0FF30EEE700BF0C000000E4
:1047100070B4002318250168084C05FB03F2A65865
:10472000B14206D1B0F906100832A01870BC09F0E9
:1047300069BE0133082BF0D170BC704758EB0020E4
:104740002DE9F04F14460E4600218BB0054620227D
:1047500002A81F46019110F077FF5CB163680293D5
:10476000E3680493A368039323690593E36903B1A2
:10477000089302AC4FF0FF324FF0FF3334480EF095
:1047800082FE31462246284601AB05F037F8064640
:1047900048B9804681464FF0180A019D38604DB9EE
:1047A00001980FF0E6FC2A480EF06FFE30460BB081
:1047B000BDE8F08F502010F0BEFD0446002840D028
:1047C000C0F80090C0F81C902B684360AB68C360D1
:1047D0006B688360EB680361D5F804B0BBF1010F2F
:1047E00014D1082010F0A7FDA06138B3082363613D
:1047F0006B695A88A0F800B042805B684360B8F1EA
:10480000000F21D13C60A046ED69C8E7BBF1020F63
:1048100009D010F089FD6FF0050638680EF0DDFD57
:1048200000233B60BCE7182010F085FDA06128B193
:10483000C4F814A069690EF0DDFDE0E7204610F031
:1048400073FD6FF00906E8E7C8F80040DBE700BF3A
:104850005CD100202DE9F04389B00546D0E90090F5
:104860000E4617469846109C08B10EF00EFEA4B9ED
:10487000CDE9004443463A46314648460FF0AEFE85
:104880000446686828B14FF0FF324FF0FF330EF056
:10489000FAFD204609B0BDE8F0832388012B0BD137
:1048A000ADF80830636862880393082301936B4472
:1048B000ADF80A200093DDE7022B07D102A92046BC
:1048C0000EF0ABFD1623CDE90013D3E710F010FF77
:1048D0006A22024B4FF0FF341A50D2E70C0000005E
:1048E0002DE9F347074690460C4679B300231A4654
:1048F000C868834235D1802A72D800254FF0FF3234
:104900004FF0FF3339480EF0BEFDA946384EE3683C
:104910009D422DD300263546DFF8D4A0B14511DDE8
:1049200085B96368384601932368A9EB06020093B2
:104930000AEB06014346FFF78DFF051EEEDD2E4410
:10494000B145EEDC29480EF0A0FD06E010F0D0FEE7
:1049500016224FF0FF35274B1A50284602B0BDE80B
:10496000F087A16801EBC301496801330A44C0E73D
:10497000A36806EB090003EBC50253F83510526833
:1049800010F055FEA3684FEAC50A53445B68013531
:104990009944BCE7A3684FEAC60A03EBC6035B6809
:1049A0003BB14FF00009A36803EB0A02526891453E
:1049B00004D30136E3689E42ECD3CEE753F80A10E5
:1049C000636849440193236838460093A2EB0902C7
:1049D0004346FFF73FFF011E05DB89440D44E2E734
:1049E00000263546E6E70D46B7E700BFC0D10020F8
:1049F0004DF300200C0000004FF0FF324FF0FF336A
:104A000070B505460B480EF03EFD002318200A4AFB
:104A100000FB03F156588C18013605D15550054856
:104A20000EF033FD204670BD0133082BF0D1002479
:104A3000F5E700BF34D1002058EB002038B5094D10
:104A400004464FF0FF3228464FF0FF330EF01BFDB7
:104A500000234FF0FF32C4E900232846BDE8384068
:104A60000EF013BD34D100202DE9F04389B0074684
:104A70000C461546F5F70EFA0646002E38681EDB82
:104A800004B315B32B6801AA082B18BF16230DF128
:104A90000809019349460FF004FDB0F100080BDB53
:104AA000FFF7AAFF074698B910F022FE0C221E4B12
:104AB0001A50404605F08EF930460AF083FE4FF05A
:104AC000FF3618E02246A146E4E72A46A946E1E778
:104AD00064B15DB1B9F80030012B10D108222A6011
:104AE000BDF80A202380039B62806360394630460C
:104AF0000E4AF5F70DFA304609B0BDE8F083022BF7
:104B000006D1182320462B6002A90EF073FCEDE7B6
:104B100010F0EEFD8622044B1A50404605F05AF97B
:104B20003846FFF78BFFC7E70C000000785D0200F6
:104B300010B50446114B124A186003681148DA6137
:104B4000F8F786FF236873B90F4940F29F230F4A95
:104B50000F480AF0A9FE0F480AF0A6FE40F29F2176
:104B60000A480AF09AFE0C33D3E8EF1F41F008011F
:104B7000C3E8E21F002AF7D110BD00BF54EB0020AC
:104B8000AD4C0100705D0200BA760200857602002D
:104B90005A620200C9740200F0B5A1F5817304687D
:104BA00087B0032B58D8DFE803F002417A5401277D
:104BB000D2E9016113683B4AB3F904300492ADF8BD
:104BC00014308DF816703368994205D110F090FDBD
:104BD0000C22354B1A5014E000F10805284610F05D
:104BE00099FB2B4600223946306809F099FA0823D0
:104BF000204600933C22394604AB05F01DF90446DB
:104C000010B14FF0FF340EE0336814333360CDE958
:104C10000200284602AA03A910F081FB039B002B87
:104C200018BF6FF07704204607B0F0BDD2E900420C
:104C30001368143313600023CDE9033303AA04A9D6
:104C4000083010F06CFB049B0BB1039BE380002445
:104C5000E9E713684360FAE7032913D0042919D15F
:104C6000126832F4804304D010F042FD16210E4B3E
:104C7000195004212046C2F3803207B0BDE8F0404D
:104C80000FF011BF204600220FF00DFF840304F443
:104C90008044C8E710F02CFD1622034B9AE76FF012
:104CA0005E04C0E7114701000C0000002DE9F0414F
:104CB0000D1E0746904612DA07F0C8FB1C4E012372
:104CC00033704246384625F04041F8F77FF900231B
:104CD0003370044607F02AFC2046BDE8F0816B00E3
:104CE00003D507F0B3FB134EE9E7F5F7D3F8041E3D
:104CF00009DB2946424638460FF059FA051E05DA07
:104D000020460AF05FFD4FF0FF34E5E7FFF774FE41
:104D1000014640B910F0ECFC0C22074B1A50284613
:104D200005F058F8ECE72046044AF5F7F1F8D3E728
:104D3000CEF30020CDF300200C000000785D0200CF
:104D400008B5064804F020FB034620B10121044ABF
:104D500004480AF05FFF002008BD00BF714E01004B
:104D6000A48202006C5A02002DE9F8430446002692
:104D7000314DDFF8C89000AF4D4521D93049392376
:104D8000304A31480AF090FD30480AF08DFD392153
:104D90002C480AF082FD95F8088018F0010F0BD11D
:104DA000296819B1204610F088FB28B118F0020FCD
:104DB00004D020466B6898470C35DDE70126FBE7F9
:104DC000E9D3002E34D02046F4F718F90022411D13
:104DD00000231F4810F095F80546F0B96E4688B0DC
:104DE0006A461C4BC2E905344FF4007393831A4B97
:104DF00042F8103F4FF4E45103461848F6F726F9FD
:104E00004F23B5460F4A16490F480AF04DFD21467B
:104E100014480AF049FD4F21BAE721460430F4F75F
:104E2000E5F81148294610F0C1F8104806F07CFF5B
:104E3000BD46BDE8F88300BF04D000207CD0002030
:104E4000FD820200D18202005A62020071670200F4
:104E500008D100201D830200030000016C5A0200EB
:104E6000498302005283020030D20020D0CE0020BD
:104E700008B548B9064907483623074A0AF014FD21
:104E8000362105480AF009FDBDE80840FFF76CBF70
:104E9000429602005A620200D18202002DE9F843D4
:104EA0001A4E1B4FDFF86C8000220023304606F0BC
:104EB00089FB0546F8B9BDE8F883237ADA070AD4F6
:104EC0009B0708D4216819B1484610F0F6FA10B1D2
:104ED0004846636898470C34BC4210D90E49602399
:104EE0000E4A0F480AF0E0FC0E480AF0DDFC602193
:104EF0000A480AF0D2FC0C4C05F10409ECE7DCD3BB
:104F00002946404605F050FECEE700BF30D20020D3
:104F10007CD0002008D10020FD820200D182020056
:104F20005A6202007167020004D00020A0F12C0335
:104F3000DBB2112B9DBF0348D84000F001000020D8
:104F4000704700BF01400200F8B505460024094E35
:104F500056F8047B3846F4F751F83946024628469D
:104F600010F067FA20B10134042CF1D10020F8BD13
:104F70000120FCE7B85D02002DE9F0430468A3B00E
:104F8000237880460F4616460094002B00F0DD8003
:104F90006F4B1B78062B1BD10021621C00921078EE
:104FA0001346A0F16105192D02F101020ED9A0F1FD
:104FB0004105192D0AD95F2808D001B10093224676
:104FC000394630461B1B0EF070FB50E00121E6E72E
:104FD000013B082B4BD8DFE803F06C5162AA0E4A64
:104FE0001F47050022460021134612F8010B002836
:104FF000E3D00121F8E72046002102780346A2F120
:105000003005092D00F1010004D922F02002413AB7
:10501000052AD2D80121F0E768460EF0C1FA002235
:1050200000980378054623F020014139192900F141
:10503000010013D9303B092B10D902B100952B1B6D
:105040002246394630460EF030FB2B783D2B07D1F7
:105050006B783F2B0BD10235009508E00122E0E789
:105060003F2B04D10135F7E730460EF0F4FA00206B
:10507000009BC8F8003023B0BDE8F08325462A78AD
:1050800010460EF084FA2B46013508B9002AF6D1F5
:105090002246394630461B1B0EF007FBDCE725464F
:1050A0002A782B46222A05F10105F1D0002AF7D1F2
:1050B000EEE720460A2201A909F022FC0124019B07
:1050C00002900093009B1878292825D020B303F183
:1050D0000109FFF72BFFCDF8009008B9254619E02C
:1050E0000A2201A9484609F00BFC22AB651C03EB20
:1050F000840444F8800C4846F3F780FFDDF8049000
:1051000004464846F3F77AFF844206D0202DCDF8B6
:10511000009002D02C46D5E72546AB0039463046F4
:1051200002AA0EF0E5FA009B013300939FE70A22E2
:10513000204602A909F054FB0B4602990246009151
:10514000304639460EF09CFA91E74FF0FF3092E777
:10515000D0F300202DE9F04107460468DFF888818C
:1051600000293DD120780EF006FA604E054660B366
:105170000623052220465E49337010F05AF9F8B133
:10518000052220465B4910F054F9C8B10B22204695
:10519000594910F04EF998B10A222046574910F0AB
:1051A00048F968B10B222046554910F042F938B150
:1051B00007222046534910F03CF9B0FA80F56D09FA
:1051C00088F8005000203C6048E098F8003053B95F
:1051D00020460EF0F3F9002842D007233370F1E7A0
:1051E00098F800301BB10222404B1A70EAE7002900
:1051F0003DDD224615781646284601320EF0C7F9E5
:105200000028F7D13046F3F7F9FE03282AD92B46B8
:10521000A5F16102192A98BFA5F12003412B21D1E4
:105220007378A3F16102192A98BF203B542B19D13E
:10523000B378A3F16102192A14D92B2B09D0252B9D
:1052400010D1F378A3F16102192A98BF203B582BA3
:1052500008D009226FF00100244B1A70BDE8F081DC
:105260000223BBE720780EF086F9002839D1227896
:10527000A2F12B03DBB20E2B18D847F6E57121FA09
:1052800003F3DB0719D410460EF081F910B3174968
:105290000B78042B1BD12246144612F8010B0EF09A
:1052A00076F90028F8D105230B708BE7222A07D165
:1052B00003220E4B01341A7084E704220B4B94E74F
:1052C000282AE0D10122094B14441A707AE7082BEE
:1052D0003FF478AF1046FFF729FE10B10822034BC8
:1052E00083E74FF0FF30B9E7CFF30020D0F3002081
:1052F0008B8302009183020097830200A383020044
:10530000AE830200BA8302002DE9F34789461646B0
:105310001F468046002800F09780002A00F0948005
:105320005368002B00F090800024104600F0FCF839
:1053300042463368CDF804809F4228BF1F46444B45
:105340001C70444B1C70114608780EF020F925465D
:10535000013204460028F6D105B101910025019AD9
:105360001378002B50D0AF424ED9202B02D0093BEE
:10537000042B01D801320192294601A8FFF7EAFE69
:10538000431C41D0023008BF00253246294601A8FF
:1053900008BFCDF80480FFF7EFFD013034D0019A4B
:1053A0001078FFF7C3FDB0B150780EF0F0F878B187
:1053B0000135BD4241D0294601A8FFF7CBFE01309F
:1053C00022D03246294601A8FFF7D6FD01301BD076
:1053D000019B01330193019A10780EF0D8F838B38D
:1053E000013211789246084601320EF0D0F80028BA
:1053F000F7D139B108460EF0BEF818B95046FFF79C
:10540000A3FDA8B1CDF804A0019DC4B92B78CBB100
:105410002846FFF799FD002814BF00206FF00A000E
:10542000B9F1000F01D0C9F8005002B0BDE8F08713
:105430000135BD4208BF012491E70446E4E76FF05F
:105440000600EDE72046EBE76FF01500EDE700BF43
:10545000D0F30020CFF3002008B560B90A492B2310
:105460000A4A0B480AF020FA0A480AF01DFA2B21D2
:1054700006480AF012FA03688B428ABF406800208F
:1054800000EB011008BD00BF13840200E583020099
:105490005A6202002784020008B560B90C4939231A
:1054A0000C4A0D480AF000FA0C480AF0FDF93921BF
:1054B00008480AF0F2F90378012B04D0023B012BD3
:1054C00003D8406808BD0820FCE70020FAE700BFC9
:1054D00048840200E58302005A6202005D840200F3
:1054E00010B5044660B90C491D230C4A0C480AF05B
:1054F000DBF90C480AF0D8F91D2108480AF0CDF96B
:105500000378023B012B02D880680FF00DFF0022C8
:105510000023C4E9022310BD48840200E583020091
:105520005A6202005D84020070B5044628B14368E7
:105530001BB1002623689E4200D370BD656805EB51
:1055400006152846FFF7CCFF65B90A4914230A4A15
:105550000A480AF0A9F90A480AF0A6F914210648EF
:105560000AF09BF910220021284610F06DF8013650
:10557000E0E700BF48840200E58302005A620200AF
:105580005D84020010B5044692B0482200216846AE
:1055900010F05AF85CB91349134840F24313134A08
:1055A0000AF082F940F2431110480AF076F92046D9
:1055B00002A900F0B9FE034630B101210C4A0D48A2
:1055C0000EF059F912B010BD029B039AA3F59C533B
:1055D000083B1343F6D1062368468DF8003000F0EF
:1055E0008FFCEFE7A78402005A6202007984020070
:1055F000BF840200A45A020030B50546A5B0482277
:105600000021684610F020F85DB94049404840F25A
:105610008D13404A0AF048F940F28D113D480AF0D6
:105620003CF900F065FC0146A0B93B4C2378032B04
:105630003AD948220DEB020010F006F8607870B1FC
:1056400030210FF07CFE044650B9344A0121344821
:105650000EF00FF9334806F021F825B030BD0446AE
:1056600029462D4814AA239401F02EF8C11D0346A3
:1056700007D001280BD901212B4A29480EF0FBF84D
:105680000BE00A230221294A25480EF0F4F80723EB
:1056900012A88DF8483000F033FC20460FF044FE8D
:1056A00021980FF041FED5E7284600F091FE044610
:1056B00030B110210FF043FE044608B91C4AC5E77B
:1056C000284602A90F9400F0A3FEC21D034607D08E
:1056D000012810D90121144A11480EF0CCF810E02D
:1056E0000221144A0E480EF0C4F80A230221124A7D
:1056F0000B480EF0C0F8072368468DF8003000F024
:10570000FFFB002CA6D02046CBE700BFA7840200F9
:105710005A6202007984020073F40020F3840200CC
:10572000A45A020018D20020818502001F850200C1
:10573000AB850200D88502004785020010B50446FB
:1057400092B04822002168460FF07EFF5CB91A49EA
:105750001A484FF4E4731A4A0AF0A6F84FF4E471B9
:1057600017480AF09AF8204602A901F02BFA0346DE
:1057700030B10121134A14480EF07DF812B010BD6B
:105780009DF808305A1E032A01D9072BF6D1DDE90E
:105790000421A2F59C53083B0B4308D00A4308D0D0
:1057A0000A2368468DF8003000F0AAFBE6E70823DC
:1057B000F7E70923F5E700BFA78402005A62020059
:1057C00079840200FF850200A45A020008B50B4844
:1057D00003F0E6FD034638B10121094A09480EF0FD
:1057E0004AF86FF00D0008BD074803F0D9FD002806
:1057F000F9D003460221054AF0E700BF3B860200CC
:1058000046860200A45A02009D8A02007C8602009D
:1058100010B5044692B04822002168460FF014FFEC
:105820005CB91049104840F21513104A0AF03CF8D0
:1058300040F215110D480AF030F80122204602A965
:1058400000F054FC034630B10121094A09480EF02A
:1058500012F812B010BD032368468DF8003000F036
:105860004FFBF6E7A78402005A6202007984020027
:10587000B2860200A45A020010B5044692B0482233
:10588000002168460FF0E0FE5CB91049104840F274
:105890002F13104A0AF008F840F22F110D4809F0B2
:1058A000FCFF204602A9F3F7B3FB034630B1012108
:1058B000094A0A480DF0DFFF12B010BD0223684606
:1058C0008DF8003000F01CFBF6E700BFA784020053
:1058D0005A62020079840200D9860200A45A0200AA
:1058E00010B5044692B04822002168460FF0ACFE85
:1058F0005CB9104910484FF4F973104A09F0D4FF0D
:105900004FF4F9710D4809F0C8FF204602A901F0D3
:10591000B7F9034630B10121094A0A480DF0ABFF3F
:1059200012B010BD0B2368468DF8003000F0E8FA85
:10593000F6E700BFA78402005A62020079840200E1
:10594000F5860200A45A020038B50C46054640B957
:1059500049B30846F3F752FB082818D06FF015003A
:1059600014E0F3F74BFB0828F8D19CB12046F3F77D
:1059700045FB0828F2D1092229460C480FF003FD07
:10598000092221460A480FF0FEFC002038BD074BD3
:105990001D70F5E70922294604480FF0F4FC0022A7
:1059A000034B1A70F1E7014B1970F8E7E6CF0020BE
:1059B000EFCF002010B538B31448F3F71FFB0446AF
:1059C0001348F3F71BFB082C15D108280ED1104AF9
:1059D0000E49104803F0E4FC38B1034601210E489B
:1059E0000E4A0DF048FF6FF00D0010BD07490C483E
:1059F00003F0D6FCF0E7082802D105490948F7E78B
:105A0000094803F0CDFCE7E70848FAE7E6CF0020B5
:105A1000EFCF002025870200A45A02006C87020005
:105A20003C8702004E87020061870200A88A0200BC
:105A30000023F0B58DB00D460646CDE90333CDE920
:105A40000633CDE909338DF814308DF820308DF808
:105A50002C3000285ED000295CD0304CA02120469C
:105A60002F4A237003F000FD034648B101212D4A5F
:105A70002D480DF000FF6FF00D0420460DB0F0BD75
:105A800020462C210FF0ABFC044648B96FF04C04C3
:105A9000F3E734B90121254A23480DF0EAFEF5E782
:105AA0000C27601C2C210FF09AFC013F0446F0D11A
:105AB0000028EFD0811C082203A80FF0CCFC601C4A
:105AC0002C210FF08CFC04460028E3D0811C082216
:105AD00006A80FF0C0FC2C21601C0FF080FC0028F1
:105AE000D8D0811C082209A80FF0B5FC01AB09AA87
:105AF00006A903A800F06CFA044630B10346012160
:105B00000B4A09480DF0B7FEB7E7019B3360029BD3
:105B10002B60B2E76FF01504AFE700BFD1F30020B0
:105B20009B870200A8870200A45A0200C5870200D2
:105B3000DF8702002DE9F0410546A4B002AF4822FC
:105B4000002107F140000FF07FFD4DB95D495E482F
:105B500094235E4A09F0A8FE94215C4809F09DFE5A
:105B600000243022214607F11000BC7107F108081B
:105B70000FF06AFDFB1DBC60C8F8044001210093D2
:105B8000284607F11003BA1D00F0FCFAB8B16E46C2
:105B90008AB002AA4E4BD561C2E9053040F201330A
:105BA00013844C4B42F8103F4FF4115123464A489E
:105BB000F5F74CFAB5468837BD46BDE8F081BB79AC
:105BC00003F0FB03012B04D1BB6901335CD1042337
:105BD000BB7100F08DF90028EDD1404ABB791178F6
:105BE000994208D087F8400007F14000137087F809
:105BF000483000F085F93A4BB9699A68914203D16F
:105C0000DB68FA699A421DD00423354D07F1100470
:105C100087F840300FCC0FC50FCC0FC594E80F00AC
:105C200085E80F0007F1480607F110050FCD0FC6F4
:105C30000FCD0FC694E80F0086E80F0007F1400073
:105C400000F05EF9274AFB791178994209D0137068
:105C5000052207F1400087F8402087F8483000F01F
:105C60004FF9BC7904F0FB04012CA4D1404607F1A4
:105C70000C01FFF7DDFE58B14D309CD021461A4A89
:105C800015480DF0F6FD96E7184805F007FDA0E76A
:105C9000174BB9681A6891421A4603D15B68F968D4
:105CA000994288D098E80300012387F8403007F133
:105CB000480382E8030083E8030007F1400000F096
:105CC0001FF978E7A78402005A6202007984020073
:105CD0000C88020004000001A45A020072F40020A3
:105CE00090DE002071F4002038880200E8D1002006
:105CF00018EC0020002208B511460346034803F0C3
:105D00004FFB002818BF6FF00D0008BD5688020039
:105D10002DE9F74F05230422CDE9002378B9244863
:105D200003F03EFB034600283FD0224A22480121CF
:105D30000DF0A1FD6FF00D0003B0BDE8F08F6F46D0
:105D40000026DFF87880DFF87890DFF878A057F841
:105D5000044B1D4D042C14BFC346CB46584618BFF8
:105D60005546F3F74BF904280AD15A4621461748FD
:105D700003F016FB034640B1154AD7E70126E6E7D4
:105D80002146144803F00CFBF4E72846F3F736F9F4
:105D9000042808D12A4621460F4803F001FB034698
:105DA00008B10E4AC2E7002EE8D00020C4E700BFC9
:105DB000B28A02006B880200A45A0200F8CF0020C9
:105DC000FDCF002075F400207AF4002096880200B0
:105DD000B9880200AA880200E3880200F488020061
:105DE00038B5431E062B05460C4608D90346124A11
:105DF000124801210DF03FFD6FF0150038BD042958
:105E000002D90B460E4AF3E70E4B5A5C0E4B53F881
:105E100020100E4803F0C4FA40B1034601210748A0
:105E20000B4A0DF028FD6FF00D00E7E7094B1D70E0
:105E3000094B1C70E2E700BF1E890200A45A020051
:105E400040890200988A0200C85D0200658902004C
:105E50007B890200E5CF0020E4CF0020042838B57C
:105E6000044619D804281CD8DFE800F0240A241BB3
:105E700024000123154AAB4013421BD1012D10D140
:105E8000FFF7A4FC0346A8B10121114A11480DF007
:105E9000F2FC6FF00D0038BDA0F11405EDB2182D25
:105EA000E7D90C48234601210B4A0DF0E4FC6FF0C2
:105EB0001500F0E72146094803F072FA0028EAD0FD
:105EC0000121074A03480DF0D4FCE2E7010C300140
:105ED000A0890200A45A0200CA890200E6890200D1
:105EE000F1890200014805F031B900BF70D10020EE
:105EF000024B1868B0FA80F04009704720EC00208F
:105F000038B50F4C05462368C3B14FF0FF334FF04F
:105F1000FF320C4805F0AAF923680BB11C681BB9C5
:105F2000BDE83840FFF7DEBF28465B6898471CB1E4
:105F3000226823461446F2E72246FAE738BD00BF3E
:105F400020EC002070D1002070B50E4614460546A6
:105F500000B132B901210A4A0A480DF097FC00202D
:105F600070BD1046F3F74AF8B042F8D832462146E1
:105F700028460FF024FAB0FA80F04009F0E700BF9D
:105F8000BE8A0200A45A0200F7B5002305460FF0AE
:105F9000AFFB0E4F1646C3510A46044601A92846D8
:105FA00008F0A8FB019AAA420DD012785AB900F164
:105FB0000042013A033202D9E259222A03D030606A
:105FC000002003B0F0BD6FF03C00FAE70C000000C9
:105FD0002DE9F7434FF0000907460E4615461C46CB
:105FE000CDF80490F3F70AF808281BD13046F3F7F0
:105FF00005F8082816D12846F3F700F8082811D12B
:106000003288B378ADF804204946022201A88DF801
:10601000063008F075FC072809D92C4A01212C48C4
:106020000DF034FC6FF0150003B0BDE8F083294B90
:10603000022253F820804946F01C08F061FCB8F1B8
:10604000000F11D14FF0FF3323602A88AB78ADF8F1
:1060500004200021022201A88DF8063008F050FC2F
:10606000072815D91C4AD9E700FB08F02060013049
:10607000EBD03A88BB78ADF804200021022201A8B9
:106080008DF8063008F03CFC07280FD9134AC5E705
:10609000134B53F820600EB9124ABFE702220021C9
:1060A000E81C08F02DFC70432060E2E70E4B022252
:1060B00053F820500021F81C08F022FC1DB1454384
:1060C00000206560B0E74FF0FF35F9E7E38B020091
:1060D000A45A0200105E0200188C0200648C0200B8
:1060E000305E0200448C0200305E02000023F0B5F6
:1060F00085B007460D4602A804211646CDE90233B5
:106100000DF088FA044640B103460121184A1948A7
:106110000DF0BEFB204605B0F0BD014602AA384690
:106120000DF075FA044648B10346134A012111489F
:106130000DF0AEFB02A80DF080FAEBE7314601AAA4
:1061400002A80DF02EFB044610B103460B4AEDE702
:10615000019B1BB1012B03D12B70EBE70346FBE73F
:106160000121074A03480DF093FB6FF01504E1E7A6
:10617000D78A0200A45A0200878C0200B28C020067
:10618000DB8C02002DE9F0431D4600238BB0039306
:10619000ADF810308DF81230904609230722814661
:1061A0000E4605A80B21CDE90023129F0DF032FA0F
:1061B000044648B103460121544A55480DF068FB96
:1061C00020460BB0BDE8F083014605AA48460DF015
:1061D0001EFA044648B103464E4A01214C480DF0D0
:1061E00057FB05A80DF029FAEAE701466B4603AA1A
:1061F00005A80DF004FB044610B10346464AECE73F
:10620000464A009903A8FFF79FFEF8B107AAC6F116
:10621000020105A80DF0C5FA041E34D1079B052B19
:1062200019DC002B25DBB8F1000F11D1002D34D182
:106230000024002FD5D002AAC6F1050105A80DF053
:10624000B0FA00285FD19DF808303B700024C8E701
:1062500088F80030EAE75A2B0BD1B8F1000F01D0D3
:1062600088F80030002DE3D04FF0FF33C5E902334A
:10627000DEE701212A4A26480DF00AFB6FF01504DB
:106280002346284AA9E7FBDBB8F1000F01D088F8C4
:106290000040002DCCD05A2CE6D005A80DF0D2FA43
:1062A0000328E1D9C6F1030101AB07AA05A80DF047
:1062B000A6FA0146C0B9019B102228336B4403F8AB
:1062C0000C0C07A808F01CFB0923E860019307AA3F
:1062D00001ABC6F1040105A80DF091FA044630B1F6
:1062E0004FF0FF33AB60A4E74FF0FF30ECE7019BCA
:1062F000014628336B4403F80C0C102207A808F061
:10630000FFFAA86094E700239FE700BFD78A020046
:10631000A45A0200F78C0200248D0200608A020059
:106320004D8D0200758D0200002373B506460D46A3
:10633000CDE9003300293BD0002839D0042168463C
:106340000DF068F9044640B1034601211A4A1B4882
:106350000DF09EFA204602B070BD01466A463046F6
:106360000DF055F9044648B10346154A012113487A
:106370000DF08EFA68460DF060F9EBE72A4602212F
:1063800068460DF027FA044610B103460D4AEDE7C2
:106390000D49D5E9003299424FF008039341E9D203
:1063A00002210A4A05480DF071FA6FF01504E1E781
:1063B0006FF01504CEE700BFD78A0200A45A02008E
:1063C000A28D0200CF8D020000E09950FC8D0200EA
:1063D00008B530B901210C4A0C480DF057FA0020DD
:1063E00008BD0023013810F8012F2C2A01D10133F8
:1063F000F9E7002AF7D10A2BF1D9A3F10900052307
:10640000B0FBF3F0ECE700BF298E0200A45A0200B3
:106410002DE9F0430B230D46002107468DB0CDE951
:1064200009110493CDF82B10421E12F8013F2C2BBA
:1064300001D10131F9E7002BF7D185F830304FF069
:10644000FF330331AB6007A80DF0E4F8044648B110
:1064500003460121974A98480DF01AFA20460DB0DC
:10646000BDE8F083014607AA38460DF0D0F804468F
:1064700058B1C31D15D00346904A01218E480DF036
:1064800007FA07A80DF0D9F8E8E70646002104ABA3
:1064900009AA07A80DF0B3F9044620B10346884ABB
:1064A000EBE70126F2E7874A049909A8FFF74CFDBC
:1064B000002800F0A580012101AA07A80DF071F9BC
:1064C00004460028DDD1019B002B40F0F080022122
:1064D00002AA07A80DF0DEF904460028D1D1029BDC
:1064E0004FF00708B3F1805FA4BF4FF0FF33029372
:1064F000029B0321AB6005AA03AB07A8CDF80C8073
:106500000DF07DF904460028BBD1039B0A213033EE
:106510006B4403F81C0C2A1D0DF11700FFF734FD26
:1065200004460028ADD18DF817002A460A2105A897
:10653000FFF72AFD04460028A3D1042102AA07A8D8
:106540000DF0A8F9044600289BD1029B0521EB60C1
:1065500002AA07A80DF025F90446002891D1029B54
:106560000621AB8205F1100207A80DF01AF90446C6
:10657000002886D1414605F1280207A80DF0DBF876
:10658000044600287FF47DAF082102AA07A80DF079
:1065900008F9044600287FF474AF029B09216B853B
:1065A00002AA07A80DF0FDF8044600287FF469AFA1
:1065B000029B0A21AB8505F1200207A80DF00AF91C
:1065C000044600287FF45DAF3846FFF701FF85F8E9
:1065D0003000C0B200EB800000F10B0407A80DF002
:1065E00031F984420ED2214605F1180207A80DF0B8
:1065F000F1F8044600287FF444AF95F8303033B901
:1066000000243EE700220023C5E90623F5E76B6B73
:10661000002BF5D00F274FF0000895F83030984543
:1066200004D3002EECD06FF006042AE76A6B391F02
:1066300002EB081207A80DF0B4F84FEA0819044657
:1066400000287FF41EAF6A6BF91E4A44083207A87F
:106650000DF071F8044600287FF413AF02AAB91EAA
:1066600007A80DF09EF8044600287FF40AAF6B6B74
:10667000029A4B445A81791E02AA07A80DF091F89C
:10668000044600287FF4FDAE6B6B029A4B449A815E
:106690006A6B39464A44043207A80DF082F8053780
:1066A000044600287FF4EDAE08F10108B5E70124A7
:1066B000E7E600BFD78A0200A45A0200538E020008
:1066C000248D02003E8A020000232DE9F04F164679
:1066D0000B220D469946A1B002AFC7E90F33BA624B
:1066E000F860C7F843304A1E12F8013F2C2B02D144
:1066F00009F10109F8E7002BF6D14FF0FF32302401
:1067000009F1030886F8383086F83030B260F9684D
:106710004978994215D8414607F134000CF07AFFC8
:106720000446C0B10346AF4A0121AF480DF0B0F8AE
:1067300007F134000CF081FF20467C37BD46BDE8F0
:10674000F08F04FB03F0F16B013301448A60F16BBD
:1067500001448A82DBE7014607F1340228460CF047
:1067600056FF044648B3C31D02D003469F4ADBE7E9
:10677000EA468AB002AA9E4BC2E90705C2E905387B
:1067800040F2024393849B4B42F8103F00234FF4A6
:1067900032519548F4F75AFC0123D5467B6100211C
:1067A00007F1280307F13C0207F134000DF027F848
:1067B000044620B10346904AB6E77861EFE78F4A76
:1067C000B96A07F13C00FFF7BFFB386130B901211E
:1067D0008B4A85480DF05AF80024A9E7012107F1FA
:1067E0001C0207F134000CF0DCFF044600289FD1A6
:1067F000FC69012C9CD0022C04D12146814A7A48A4
:106800000DF044F84FF0000A0125D046A9F10A0323
:106810007B607B68AB4203D9FB685B7843450CD84F
:106820007B69002BD8D06FF006030121764A6E48B1
:106830000DF02EF86FF006047AE705F101094946DC
:1068400007F1200207F134000DF024F8044690B15E
:106850006D468AB002AA6D4BC2E90780C2E90539CC
:10686000052342F8103F00234FF421515E48F4F70E
:10687000EDFBAD465CE73B6AB3F1805F07DB0221CD
:10688000634A59480DF004F84FF0FF333B623B6A0E
:1068900007F12C023B650723A91C7B6207F134003A
:1068A00007F124030CF0ABFF044610B10346594A2C
:1068B0003AE77B6A07F118026033134403F84C0C83
:1068C0000A2107F14C0207F12F00FFF75DFB044698
:1068D00010B12346504A27E787F82F000A2107F115
:1068E000480207F12C00FFF74FFB04460028F0D1C7
:1068F00007F12002E91C07F134000CF0CBFF04463D
:1069000038B1012100904346444A374809F08CF9D8
:106910000EE73B6A07F12002291D07F134007B6571
:106920000CF03FFF044610B103463D4AFCE63B6ACB
:1069300007F16002691D07F13400A7F85C300CF024
:1069400049FF044610B10346364AEDE607F1580206
:10695000A91D07F134000CF024FF044610B10346D2
:10696000314AE1E607F17002E91D07F134000CF04D
:10697000E2FE044610B103462C4AD5E607F1720246
:1069800005F1080107F134000CF0D5FE044610B102
:106990000346274AC8E607F1740205F1090107F129
:1069A00034000CF0C8FE044610B10346214ABBE691
:1069B00007F1680205F10A0107F134000CF00AFF43
:1069C000044610B103461C4AAEE607F11A0205F16F
:1069D0000B0107F134000CF0AEFE044680B3034611
:1069E000164AA1E6858E0200A45A0200538E0200C8
:1069F000BC8E020005000001248D02003E8A0200C8
:106A0000F98E0200188F0200D09202004F8F020010
:106A1000818F0200C48F0200E48F0200FD8F02000C
:106A2000339002005D90020091900200B39002004A
:106A3000DB900200FB9002001B91020040910200DB
:106A40000C35294607F11A0207F13400B7F91A90FC
:106A50000CF071FE044610B10346514A64E6B9F1E8
:106A6000000F00F08580B44607F1480EBEE80F0025
:106A7000ACE80F00BEE80F00ACE80F009EE80F0086
:106A800097F81A908CE80F00B9F1000F1DD0B9F1FA
:106A90000A0F15D90A240A230221424A42480CF05F
:106AA000F7FE3B697B61102120460EF048FC48B997
:106AB00002213E4A3C480CF0E9FE08F10108A8E634
:106AC0004C46F0E7706386F830404FF00009BC6038
:106AD000BB684B45F1D0726B691C02EB091207F1E0
:106AE00034000CF05EFE4FEA091B044610B1034669
:106AF0002F4A19E6726BA91C5A44083207F1340078
:106B00000CF019FE044610B103462A4A0CE607F1C0
:106B10002002E91C07F134000CF043FE044610B1DA
:106B20000346254A00E6736B3A6A5B445A81291D85
:106B300007F1200207F134000CF033FE044610B1D7
:106B400003461E4AF0E5736B3A6A5B449A81726BA6
:106B500005355A442946043207F134000CF021FE71
:106B6000044610B10346164ADEE509F10109AFE714
:106B70003023F46B07F1480C03FB0A44BCE80F0018
:106B80000FC4BCE80F000FC49CE80F0084E80F009E
:106B900096F838300AF1010A013386F838308CE76C
:106BA000639102008D910200A45A0200E591020057
:106BB000199202003D92020067920200899202003F
:106BC000AB9202007FB5002306460D46CDE90233A5
:106BD000002947D0002845D0042102A80CF01AFD56
:106BE000044640B103460121204A21480CF050FEE2
:106BF000204604B070BD014602AA30460CF007FDE5
:106C0000044630B103461B4A012119480CF040FEEE
:106C100018E001210DF1060202A80CF0A9FD0446BE
:106C200010B10346144AEFE7BDF8063002A82B70F6
:106C30000CF008FE022809D84FF0FF324FF0FF3366
:106C4000C5E9022302A80CF0F8FCD1E7022105F106
:106C5000080202A80CF0BEFD04460028F2D003464C
:106C6000064AD1E76FF01504C2E700BFD78A0200D9
:106C7000A45A0200FC9202002E93020057930200D5
:106C8000F8B50E460446F0B1E9B108210F4AFFF706
:106C90005BF938B90E4801210E4A0CF0F7FD6FF090
:106CA0000400F8BD00250C4F0834214657F8040BAA
:106CB000F2F792F908B93570F3E701350A2DF4D1EE
:106CC0006FF03C00EDE76FF01500EAE78C930200EF
:106CD000A45A020095930200E85D020070B50D4CC5
:106CE0000D4EC5B2B44212D90C498D230C4A0D4841
:106CF00008F0DAFD0C4808F0D7FD8D21084808F0AF
:106D0000CCFDD4E90031284698470834EAE7F8D3A7
:106D100070BD00BFFCB2020004B302008E940200FA
:106D2000549402005A6202007167020010B51349C0
:106D30001348FEF709FE034630B1124A0121BDE8AF
:106D40001040114808F066BFFEF734FE044610B14B
:106D50000E4A0346F2E7FEF7CDFF2046FEF7D8FFC6
:106D6000034608B10A4AE9E701460A4802F018FB5F
:106D7000034608B1084AE1E710BD00BFAC94020029
:106D8000B5940200BE940200A45A0200DF940200EF
:106D9000FF940200209502002B950200034610B5D7
:106DA00030B10A4A0121BDE81040094808F032BF5D
:106DB000084B1978084B1878FFF712F8034608B10A
:106DC000064AEFE7BDE81040FFF7B0BF4B95020061
:106DD000A45A0200E4CF0020E5CF002080950200F5
:106DE00008B5F3F7C7FF04480121044A08F009FF7A
:106DF0000020F4F7E3FF00BF845A0200B6950200BA
:106E000010B5074C636813B1216806489847E368DA
:106E100023B1A1680348BDE81040184710BD00BF6A
:106E200028EC002068EC002008B5084BD422184656
:106E300000210EF009FC01220270054804F074FFE5
:106E4000BDE80840034804F06FBF00BF68EC0020B5
:106E500048EC002058EC002008B505480221054AFE
:106E600008F0CFFEBDE80840034804F05DBF00BF56
:106E7000F45A0200D395020038EC002008B504490A
:106E80000EF01BFB18B1BDE80840FFF7E5BF08BDD9
:106E9000119602000023044AC2E90033C2E902331A
:106EA000024A1370704700BF28EC00207FF40020D6
:106EB000B0B5044600AF48B91D491E4897231E4A85
:106EC00008F0F2FC97211C4808F0E7FC1B4DD42287
:106ED000002128460EF0B8FB2046194A194907F050
:106EE000E9FB002818DC6D468AB06A46164BD4616F
:106EF000C2E9053040F201331384144B42F8103FCD
:106F000000234FF411511248F4F7A0F8AD46114890
:106F100004F00AFFBD46B0BD0023294608482B7087
:106F200000F060FB0028F2D10B4804F0FDFEEEE714
:106F30003F9602005A6202002196020068EC00208F
:106F400020F500205796020071960200040000010F
:106F5000F45A020058EC002048EC002008B50F4815
:106F600002F01EFA0346B8B10D4A01210D4808F09F
:106F700051FE0D4A137A43F0010313720B4A137A40
:106F800043F0010313720A4A137A43F001031372A8
:106F9000BDE80840FFF77EBF08BD00BF9E96020017
:106FA000AE960200F45A020070D0002058D00020A3
:106FB00064D000204FF0FF332DE9F0413E4986B008
:106FC0003E48CDE90233CDE9043304F01DFE3C49CF
:106FD0003C4804F019FE3C493C4804F015FE4FF4CF
:106FE00000713B4A3B4802F03FFA044648B1012198
:106FF0000346394A394808F00DFE204606B0BDE880
:10700000F08105AB019304AB0093354903AB3148E4
:1070100002AA07F04FFB0328034607DC0121314A8F
:107020002E4808F0F7FD6FF04C04E6E7DDE9023288
:107030001343049A1343059A13430BD02A4B1B782E
:10704000002BDAD10121294A244808F0DAFD6FF03B
:107050000F04D2E7DFF89880264F98F80830264EC4
:1070600064F3000388F808303B7A244864F3000393
:107070003B72337A64F30003337202F091F90546F0
:10708000A8B198F8083043F0010388F808303B7A3B
:1070900043F001033B72337A43F001033372012161
:1070A0000346174A0D4808F0B5FD2C46A5E7012216
:1070B0000D4B1A70A1E700BF3971010058EC002098
:1070C000016E010048EC00205D6F010038EC0020EB
:1070D000D896020020F50020E1960200F45A020042
:1070E00012970200259702007FF4002043970200C8
:1070F00070D0002058D0002064D000209E9602005E
:107100006997020010B5064C237843B1012801D0DD
:10711000152804D1FFF74EFF08B10023237010BDDE
:107120007FF400200121024A024808F06ABD00BF36
:1071300096970200F45A020008B5044802F030F9AC
:1071400018B1BDE80840FFF7EDBF08BDB0970200D9
:1071500000487047645E0200004870478571010076
:1071600010B504460121054A054808F04AFD0023F0
:1071700084F82A30A385E38510BD00BFCD970200B7
:10718000F45A020070B50546D5F8C0600846737E13
:10719000C3F38103012B51D0022B7ED0002B40F092
:1071A000848096F82120A02A09D9A0230121404AF1
:1071B000404808F02FFD6FF07904204670BD072489
:1071C00095F8BD10B5F8B6305B1ADB0093FBF4F30D
:1071D0009BB29A4228BF1A4637490123D2B200F027
:1071E0000DFB96F82230DB00DBB2B3FBF4F4E1B226
:1071F000C4EBC4041B1BDBB20BB10131C9B2884222
:1072000013D395F8BC30441A9C420FDD2B4940F251
:107210008E232B4A2B4808F047FB2B4808F044FBF1
:1072200040F28E21264808F038FB00242246224BEB
:107230001944D5F8B8000EF0FAF9BEE7B5F8B62053
:1072400095F8BD3096F8220096F82140241AD01AFD
:107250008442A8BF04469A420CD21C4940F2AD2396
:10726000174A184808F020FB194808F01DFB40F2A7
:10727000AD21D7E795F8BC309C420CD9154940F2B6
:10728000AF230F4A0F4808F00FFB134808F00CFB20
:1072900040F2AF21C6E72246CBE7104A012105485C
:1072A00008F0AFFC6FF0850487E70D4AF6E700BFF2
:1072B00025980200F45A020080F4002092980200FF
:1072C0006C9802005A620200C1980200F89802000D
:1072D000209902004999020078990200AB990200B6
:1072E000D099020008B50B78D0F8C0203F2B02D807
:1072F0000120537608BD19090F2904D103F00703B3
:1073000043F01003F4E704480121044A08F082FC2A
:107310006FF01500EEE700BFF45A0200F999020081
:1073200013B590F82E20044622B902B0BDE81040F3
:10733000FFF716BF90F82F300BB19A420AD2012105
:1073400000920548054A08F06FFC002384F82A30B3
:10735000A385E38502B010BDF45A0200219A020011
:107360000B462DE9F04F11F8025BD0F8C060142DE8
:10737000B5755B7889B0F3750BD9344814230121B6
:10738000334A009508F050FC6FF0150009B0BDE8D5
:10739000F08F6C0815F001050CBF2746671C0DF136
:1073A00014090A233A4648460DF0DAFF4A460023FC
:1073B000BB4213DB731C039315B101250134E4B206
:1073C0004FF0000ADFF88CB00236A2450EDB002336
:1073D000039A6400E4B21355B81CD7E71078013360
:1073E000010941EA001102F8011BE1E719F80A203E
:1073F0009F2A4FEA121807D902215346164A13480A
:10740000CDF8008008F010FC42465946701E07F087
:1074100029F9621E924500DB9DB919F80A8008F02F
:107420000F08B8F1090F07D9022153460B4A074844
:10743000CDF8008008F0F8FB42465946304607F088
:1074400011F90AF1010A0236BFE700BFF45A02003F
:10745000C09A0200AD9E0200FC9A02005A9B0200F4
:107460002DE9F74FD0F8C0700E463B785B0603D489
:10747000002003B0BDE8F08F0B7897F8212001338E
:10748000DBB2934287F8223008D900924D4A4E4829
:10749000012108F0C9FB6FF07900EAE7B0F8B620E7
:1074A0000178521A934202DD0092484AEFE7012226
:1074B000D0F8C040DFF81891DFF80C81DFF814A194
:1074C00094F822108A4212D2951CB35C0132D2B2D7
:1074D00016F802B0EDB2491B8B450FDD002384F88E
:1074E0002A30A385E38584F82430E38423857B7EDA
:1074F00013F00C0FBCD097F82200BAE7082B58D82D
:10750000DFE803F0055757571D3257574500BBF1C9
:10751000030F04D05B46304A0121404616E0735DFC
:10752000A38573195A7884F82E209B7884F82F301D
:107530000123204684F82A30FFF7F2FE08E0BBF171
:10754000020F08D05B46254A01211F4808F062FB64
:107550005D44EAB2B4E7735DE38473195B78238515
:10756000012384F82430F3E7BBF1040F02D01C4A56
:107570005B46E9E7735D72191B02E38451780B43A4
:10758000E38493781B022385D2781343E7E7BBF1AA
:10759000040F02D05B465246BEE7735D72191B02B0
:1075A000A38551780B43A385937884F82E30D37844
:1075B000BCE702214A464046CDF800B008F034FB53
:1075C000C6E700BFB79B0200F45A0200F59B020019
:1075D000989D0200409D02003E9C0200959C020086
:1075E000EA9C0200F8B50D46064670B927494FF4EB
:1075F0004F73274A274808F057F9274808F054F9ED
:107600004FF44F71224808F048F961B9234940F21C
:107610003D331F4A1F4808F047F9214808F044F954
:1076200040F23D31EEE78F1C2A22002138460EF051
:107630000BF81C491C4800F03FF8044658B9314685
:10764000194800F059F8044638B101210346174A99
:10765000174808F0DFFA2046F8BD394612480CF00A
:10766000E1F9A022104805F130010CF0C6F900281C
:107670000346E86206DA01210E4A0D4808F0CAFA0C
:10768000EC6AE8E708480CF0AEF9E4E7E99D02008F
:107690006C9802005A620200FC9D02001E9E0200CD
:1076A000329E0200505E02003CED0020559E02001A
:1076B000F45A0200889E020038B504460D46C822DE
:1076C00000210DF0C1FFC4F8C4502B689847014653
:1076D00001200DF034FEC4F8C00038B9044801217F
:1076E000044A08F08EFA6FF00B0038BD0020FCE76A
:1076F000F45A0200B09E0200F0B583B0044602AF17
:1077000008460E46F1F77AFC10F0010582B2C0F38C
:107710004E0319D06C468AB002AA324B80B2536134
:1077200040F201331384304BC2E9060642F8103FA1
:1077300000234FF411512D48F3F788FCA5466FF054
:1077400079000437BD46F0BDB2F5B57F07D3B4224A
:10775000012100922548264A08F066FAEFE7A4F8CE
:10776000B63081B2B4233046621C07F0FCFD0346FC
:10777000A0B96C4688B002AA1E49C2E905164FF4AA
:10778000007191831C4942F8101F18484FF4E251D0
:10779000F3F75CFC6FF01500A546D2E7D4F8C430CF
:1077A0005B68984706462570D4F8C430DB68984774
:1077B0008542217803DB002084F8BD10C1E7013148
:1077C000204656F82530214498470028B9DB237815
:1077D000B4F8B6200344DBB29A422370AFD301352C
:1077E000E2E700BFD39E020004000001F45A020049
:1077F000009F02003E9F020003000001F8B504460E
:107800000D46164663B10CF011F929460646DCB167
:10781000E5B1002213460E4F9E42D0B202D8F8BD09
:107820000146F4E7CC5C1B2C0CD10133DBB29E4249
:10783000F5D9CC5C3C4494F8804001332C54DBB245
:107840000132E9E73C5DF8E72046E8E72846E6E74D
:10785000689F0200014610B5064801F0A1FD0346ED
:1078600030B1BDE810400121034A044808F0D2B904
:1078700010BD00BF3588020068A00200AC5A0200AB
:1078800008B5B0B90B480CF0FDF80B480CF0FAF84D
:1078900008480CF0F7F807480CF0F4F805480CF02D
:1078A000F1F804480CF0EEF8BDE8084001480CF08F
:1078B000E9B808BDCB7402008EA0020010B50749DC
:1078C00007480CF0E8F8044628B101210346054AB0
:1078D000054808F09FF9204610BD00BF397B010024
:1078E00004EE0020B4A00200D45A02002DE9F041B9
:1078F000DFF8D4810D46D8F8704000AF072C00F0B7
:1079000008065BD0132C00F0A080052C40F0B98055
:10791000D8F854806D496E480CF0B9F818F4805FBF
:1079200041D06C496A480CF0B2F8172418F4006F83
:1079300004D0694966480CF0AAF8182418F4007FAE
:107940000ED0664962480CF0A2F8654B18F4004F5F
:107950009B6B04D00121634A5D4808F05BF9192450
:1079600018F4806F04D0604959480CF090F81A243C
:1079700018F4807F19D05D4955480CF088F81B2415
:10798000EB69002E40F09B80C3F3080222B96FEA36
:1079900053236FEA4323EB6129462046F3F7C4FEE5
:1079A000BD46BDE8F0811624C0E718F4005FE7D0BB
:1079B0004F4947480CF06BF81C24E1E7D8F85C40CD
:1079C00043484C490CF063F8600606D5D8F8683097
:1079D0000121494A3E4808F01DF9E10705D547490C
:1079E0003B480CF054F82624CAE7A20705D54449C1
:1079F00037480CF04CF82724C2E7630705D5414906
:107A000033480CF044F82824BAE7200705D53E494E
:107A10002F480CF03CF82924B2E7E10605D53B4994
:107A20002B480CF034F82A24AAE7A20605D53849D9
:107A300027480CF02CF82B24A2E723063DD5354926
:107A400023480CF024F82C249AE7D8F86C803249AB
:107A50001F480CF01CF818F0020F03D02F491C48E7
:107A60000CF015F818F0010F03D02D4918480CF050
:107A70000EF818F0040F83D02A4915480CF007F8C7
:107A80007EE7294A294BE8468AB00F2CC8BF134627
:107A90006A462749103CC2E905134FF4007313846A
:107AA000244BD46142F8103F00234FF41151084891
:107AB000F3F7CCFA0024C54662E7252460E723F4F7
:107AC000FF7323F0010366E704EE0020866D0200D9
:107AD000D45A02009C6D0200206B0200AD6D0200C2
:107AE00000ED00E0C66D0200DB6D0200F66D0200E5
:107AF000806B0200EEA0020007A1020017A10200A5
:107B00002DA102004BA1020066A1020083A1020088
:107B100098A10200B2A10200C5A10200DFA10200EB
:107B20000FA202003DA20200236E02000E6E0200B0
:107B3000A96F02000400000100B5184B89B01A7843
:107B400072B917494FF49273164A174807F0ACFE02
:107B5000164807F0A9FE4FF49271124807F09DFEF7
:107B60005A6AD86C00929A6A20F005000192DA6A8B
:107B7000694602921A6B03925A6B04929A6B0592B1
:107B8000DA6B06921A6C1B6D07929B0748BF40F098
:107B90000400FFF7ABFE09B05DF804FB04EE002023
:107BA000A4A2020071A202005A620200B4A2020062
:107BB0002DE9F0411F46164B044693F800800D4610
:107BC0001646A2B0B8F1000F15D1684608F091F83A
:107BD0003A4631462846289BA0470446684608F0A6
:107BE00089F8B8F1000F02D00A4803F0AFFA204636
:107BF00022B0BDE8F0814FF0FF324FF0FF3305486F
:107C000003F034FB0028E0D06FF08304EFE700BFFF
:107C10002AF70020D4D10020002300B589B0CDE997
:107C2000063303AB0493042303900593A9B10B68B7
:107C300006934B6807930223111E18BF01210848C1
:107C4000CDE9002140F2F53104AA00F02BF800281C
:107C5000B8BF012009B05DF804FB0123ECE700BFC9
:107C60000501004070B5302692B006AB05460C46C3
:107C70003246002118460DF0E7FCCDE90454CDE969
:107C8000020654B1012304AA009200210448019382
:107C900002AA00F007F812B070BD2046FBE700BF53
:107CA0000001004010B4B1F5004F029C0ED2042B2D
:107CB0000CD8042C0AD8240444EA0364134644EA8A
:107CC0000102014610BC0348FFF772BF6FF080004D
:107CD00010BC7047217C000030B50468ACB1B4FA28
:107CE00084F30122C3F11F03DBB29A4024EA0202AB
:107CF000D0E8EF5FA54204D1C0E8EC2FBCF1000F43
:107D0000F6D1EAD102480B7030BD0248FCE700BF53
:107D10000000AD0B0200AD0B10B50368CB40DB07D4
:107D200010D401238B40026843EA0201D0E8EF4FF0
:107D3000944204D1C0E8EC1FBCF1000FF6D1F2D19F
:107D4000014810BD0148FCE70000AD0B0400AD0B7D
:107D5000014BC3F8040570470070014008B549B9EC
:107D6000074908484423084A07F09EFD4421064875
:107D700007F093FD40F00040C1F8800008BD00BF4F
:107D80007DA302005A62020040A3020008B549B96F
:107D9000074908484A23084A07F086FD4A21064851
:107DA00007F07BFD40F00040C1F8800008BD00BF37
:107DB00081A302005A62020040A30200F7B5334BD0
:107DC000044658B1012827D031493248DC23324AD1
:107DD00007F06AFDDC21304807F05FFD0222C3F89E
:107DE000082301220646DA60C3F80401D3F80431FF
:107DF000012342F21075254F8DF8073074B3012C22
:107E00001BD0234923484FF47473244A07F04CFDD8
:107E10004FF474712148DFE70022C3F8080358606B
:107E2000C3F80021D3F800310DF10706E0E70BB3EA
:107E300001200BF05DFE013D1CD0D7F80C3403F49B
:107E40008033002EF3D0D7F80C2402F001020FE0AB
:107E500083B101200BF04CFE013D0BD0D7F8183454
:107E600003F48033002EF3D0D7F8182402F0030275
:107E700032700BB903B0F0BD9DF807000128F9D1AD
:107E80000BF036FE013DB9D1F4E700BF00500040D1
:107E900079B202005A62020085A30200C2A3020066
:107EA000044B1A7922B9012218601A7102487047EE
:107EB0000248704778EE00200000AD0B0C00AD0BBF
:107EC00008B50E4B1A795AB90D490E484FF49873FC
:107ED0000D4A07F0E9FC4FF498710B4807F0DDFC00
:107EE0001B6833B10520F4F74BF810B90520F4F7FF
:107EF00025F80122054BC3F8182508BD78EE0020AF
:107F0000F6A302005A62020085A30200005000405E
:107F100038B5364C23795BB935494FF4BD73354AD2
:107F2000354807F0C1FC4FF4BD71324807F0B5FC8D
:107F300058B101284FD031494FF4DF732D4A2E48F4
:107F400007F0B2FC4FF4DF71EFE72D4BD3F81814B4
:107F5000D3F81824C90323D502F00303022B05D05C
:107F6000012B02D00020FFF729FF0123244A022021
:107F7000C2F8183508224FF48273002103F18043C0
:107F800003F5A04319601D68012502F1804202F546
:107F9000A0421560226812B3194BC3F804030FE026
:107FA000D3F81424D207E0D5D3F81C2402F003023E
:107FB000013A012AD6D822681AB10222C3F8042352
:107FC00038BDD3F80421002AFBD00022C3F80421D5
:107FD000D3F80431F4E700224FF48073CDE71A6838
:107FE000002AFCD019601B68EAE700BF78EE002089
:107FF000F6A3020085A302005A62020079B20200D1
:108000000050004008B5094B1B795BB90849094885
:108010004FF4EC73084A07F047FC4FF4EC71064844
:1080200007F03BFCBDE80840FFF7C8BE78EE002033
:10803000F6A302005A62020085A3020010B5164B97
:10804000D3F8002152B10020C3F80001D3F8002179
:108050000122C3F80823114B1B6898470E4BD3F835
:10806000042182B10022C3F80421D3F80421D3F8FB
:108070001824D3F81824022102F00302012A03D1A4
:10808000C3F818159A6010BDC3F80813034B0120FC
:10809000BDE810401B6818470050004078EE0020F3
:1080A00001460148FFF718BEE0CE002070B532242B
:1080B00002791E4B624352FA81F2083233F81240C1
:1080C000E10526D5C4F3432124F4F85423F81240E3
:1080D00064240026027904FB02340E3434F8025F73
:1080E00015F4807F03D0C5F34325A94211D0013692
:1080F000202EF3D164240025624302EBC1029D507F
:10810000027904FB02305830FFF706FE084B984214
:1081100000D170BD074908484FF4DC73074A07F0E7
:10812000C3FB4FF4DC71054807F0B7FBE4CE002039
:108130000000AD0BE77D02005A62020053A402006A
:1081400008B50268014610460BF0DFFC58B90E492D
:1081500040F245330D4A0E4807F0A6FB40F2453188
:108160000A4807F09AFB02F01F0352090B6009D07E
:10817000084940F24E33054A054807F095FB40F2A6
:108180004E31EDE7044808BD8C7D0200597D0200A8
:108190005A62020079B2020000258440072808B51F
:1081A0000BD9084908484FF43D73084A07F07CFB97
:1081B0004FF43D71054807F070FB800000F58070BA
:1081C00008BD00BF49A402005A62020014A40200C4
:1081D00032235843034B50FA81F1083133F8110030
:1081E000400B7047E4CE002032235843044B50FA32
:1081F00081F1083133F81100C0F34000704700BF2F
:10820000E4CE002032235843054B50FA81F1083167
:1082100033F8110010F01C0018BF0120704700BF98
:10822000E4CE002032235843044B50FA81F1083148
:1082300033F81100C0F34010704700BFE4CE0020B7
:10824000024611F0010004D003490B6A13600B626F
:1082500003B90020704700BF002584402DE9F84392
:10826000002407460E4625464FF00108A146B542B8
:108270000DD1124BD3F87C2132B10022C3F87C21FE
:10828000D3F87C3144F000442046BDE8F883E8B2DE
:10829000FFF784FFA0F58072920808FA02F21742F5
:1082A00009D000F1804303F54433196819B1C3F8CC
:1082B00000901B6814430135D9E700BF001003404C
:1082C0002DE9F74F0546554B296DD3F80403C0B28D
:1082D00040F00040FFF7C2FF061E18DA0023684690
:1082E000E96D00934FF00108FFF7AAFF95F85C30A5
:1082F000DB0759D4296D4FF00040FFF7AFFF684608
:10830000E96DFFF79DFF0028F0D126F0004601241B
:10831000002E69D103B0BDE8F08F94FAA4F4B4FA4A
:1083200084F4E10804F1080335F8139004F007021F
:108330001DF8013008FA02F223EA020301A80DF841
:1083400001300194FFF7FCFE019B4FEA990B80334B
:1083500050F82370C9F3820A1BF0040FD146C7F30B
:10836000014725D05246214628460BF0D8FB01A8EC
:108370000194FFF7E5FE019BFFB2803350F82330F4
:10838000C3F301439F4207D1002120460BF031FC8B
:10839000394620460BF02DFC01A80194FFF7D0FED2
:1083A000019B08FA03F30362009C002CB5D1A1E7FE
:1083B000022F0DD1032120460BF01BFC0AF0050310
:1083C000012BE9D14A46214628460BF0A8FBE3E7FA
:1083D000022120460BF00DFCBAF1030FF2D0032F5F
:1083E000DAD1BAF1020FECE796FAA6F3B3FA83F307
:1083F00004FA03F29B0003F1804303F54433D3F8FE
:10840000101526EA0206D3F810252846C2F30142C9
:10841000C1F304210BF083FB7AE700BF0010034097
:1084200032222DE9F3410379214F534353FA81F36B
:10843000083337F813300546DB070C46CEB234D587
:108440000BF0F4FB95F8048021464046FFF7EAFE66
:1084500060B121464046FFF7BBFE2A6800B202EB3E
:1084600080030022C3F81025C3F8102521462846B2
:10847000FFF71CFE32222B7901A802FB03660023C2
:10848000083627F816300194FFF75AFE019B00EBDF
:108490008300D0F80022074B134043F00203C0F8DA
:1084A0000032054802B0BDE8F0810448FAE700BF99
:1084B000E4CE0020F0F8FCFF0000AD0B0400AD0B93
:1084C0002DE9FF41166804460D46174646B30BF0EA
:1084D0009FFBA0BB3346CDE900008DF80E008DF860
:1084E0000F000DF10F0228460DF10E010BF034FBC9
:1084F00032202379674A434353FA85F3083332F82D
:10850000131021F0020122F813102379434353FA88
:1085100085F3083332F8131041F0010122F81310EB
:108520007B68002B47D02679294630461A78D3F845
:108530000480FFF759FE20B1B8F1000F23D0564850
:108540003CE04FF0320E0EFB06F6DFF848C156FA5B
:1085500085F608363CF81630E8B223F4604323F081
:1085600020032CF81630B8F1000F0CD0032AE6D8FF
:108570007B6821685B681E7801EB86010ABBC1F845
:108580001025C1F81025322623794249734353FA46
:1085900085F3083331F8130020F01C0021F8130094
:1085A0002379734353FA85F3083331F8130040EA13
:1085B000820221F81320BB6863BB384804B0BDE8D1
:1085C000F081D1F8108528F00308C1F810852168E2
:1085D00001EB8603D3F8101521F4473121F44071E3
:1085E000C3F810152902D3F8108501F4F85141EAB7
:1085F000024141EA0801C3F8101523790EFB03007C
:1086000008303CF8103043EA463343F020032CF89E
:108610001030B8E72946D3E900872046FFF746FD2A
:10862000B8F1000FC9D0642320791A4E4343F218E1
:10863000F358984504D153689F4201D100210CE0C2
:10864000642303FB00600DF10F015830FFF744FB7A
:10865000124B9842B2D19DF80F10642223795343F4
:1086600003EBC10346F8038023795343322203EB23
:10867000C10333445F602379534353FA85F30833CE
:1086800036F8132042EA412242F4807226F8132081
:1086900093E700BFE4CE00200400AD0B0000AD0B5B
:1086A0002DE9FF4105460C461E465AB30779384668
:1086B000FFF79AFD20B921463846FFF7B3FD40BBCE
:1086C00021463846FFF79EFD10B15378012B20D08C
:1086D00001238DF80F3000230DF10F01CDE90023A8
:1086E0002046931C01320BF037FA32222B793149A4
:1086F000534353FA84F3083331F8132042F0030252
:1087000021F81320002E53D021462879FFF76CFD65
:1087100018B9294804B0BDE8F08196F800C03227A6
:1087200061468B0000212A68224802EB8C02C2F8C5
:108730001015C2F810152A79E1B27A4352FA84F280
:10874000083230F812E02EF4604E2EF0200E20F8A1
:1087500012E096F801E0BEF1000F29D02A68B67841
:108760001A44D2F810354FEA0E4E23F4981323F42E
:10877000F853C2F81035230203F4F8530EF4403EC8
:108780003605D2F8108543EA0E0306F4801633430B
:1087900043EA0803C2F810352B7907FB03110831AF
:1087A00030F8113043EA4C3343F0200320F8113005
:1087B0000248AFE7E4CE00200400AD0B0000AD0B93
:1087C00030B564250479044B05FB0434A1600179BC
:1087D00005FB0133DA6030BDE4CE002038B50C462D
:1087E0005AB90F490F4840F20D330F4A07F05CF8B1
:1087F00040F20D310C4807F050F805792846FFF794
:1088000011FD58B132235D43084B55FA84F4083406
:1088100033F8143006485B0B137038BD0548FCE78D
:10882000F1A402005A62020053A40200E4CE002028
:108830000000AD0B0400AD0B2DE9F843254B026899
:1088400006469A420BD02449244840F21E33244A5B
:1088500007F02AF840F21E31214807F01EF8077988
:108860006420204D00FB075898F860407CBB4046D0
:10887000A1464022214610300CF0E6FE3668D8F8BA
:108880005080A04516D1002346F30730C6F87C314E
:10889000D6F87C31F3F752FB4FF00043C6F80433AF
:1088A000642303FB075501230F4885F86030AB654F
:1088B000BDE8F883E0B2FFF771FCA0F580739B0878
:1088C0001F2B04BF46F8009033580134D9E70748FE
:1088D000EEE700BF00100340FBA402005A62020052
:1088E00053A40200E4CE00200000AD0B0C00AD0B41
:1088F00064210279044B01FB023393F860000038D5
:1089000018BF0120704700BFE4CE0020642354222A
:10891000007913FB002302481844FFF7FDB900BF9C
:10892000E4CE002064235422007913FB0023024884
:108930001844FFF7D1B900BFE4CE00202DE9F34180
:108940000479064620460D461746FFF75BFC58B9EA
:10895000304940F2FA33304A304806F0A5FF40F281
:10896000FA312D4806F099FF29462046FFF75AFCB8
:1089700018B329462046FFF737FC8046E8B9294658
:108980002046FFF725FC0446FFF708FC356822B2B5
:1089900045F800802B58336803EB8203D3F8102589
:1089A00042F00102C3F8102527B101233268A34029
:1089B000C2F8043302B0BDE8F0814FB9184940F263
:1089C0000943154A154806F06FFF40F20941C8E710
:1089D00032235C43134B54FA85F4083433F81430D3
:1089E000C3F38203042B11D0052B11D001A80195EC
:1089F000FFF7A6FB019A0369D34003F00103991C1A
:108A0000284602B0BDE8F0410BF0F3B80321F7E7C8
:108A10000221F5E7D0A4020053A402005A6202002A
:108A200032A50200E4CE00200148FFF749BC00BF98
:108A300048CF002070B516460D4649B90B490C4881
:108A400037230C4A06F030FF37210A4806F025FF8D
:108A5000094C237943B92A20F3F770FA0123074818
:108A600023712560A66070BD0548FCE7B37D020058
:108A70005A6202003DA5020080EE00200000AD0B0E
:108A80000C00AD0B38B548B918494A23184A1948A3
:108A900006F00AFF4A21164806F0FFFE164B1B7926
:108AA000012B07D015494B23114A124806F0FCFE52
:108AB0004B21F0E70023124A50F8234003F5A2713E
:108AC0000133082B42F82140F6D100230C4A00F173
:108AD0001C0103F5B27451F8045F0133082B42F80E
:108AE0002450F6D1036CC2F8043338BD78A50200D7
:108AF0003DA502005A62020080EE002081A502001E
:108B000000A0024070B51C4E3379012B09D01B49DF
:108B10001B485F231B4A06F0C7FE5F21194806F079
:108B2000BCFE0024184D2A20C5F81045C5F8144590
:108B3000C5F81845C5F81C45C5F82045C5F82445B5
:108B4000C5F82845C5F82C45C5F89045C5F89445A5
:108B5000C5F89845C5F89C45C5F8A045C5F8A44595
:108B6000C5F8A845C5F8AC45F3F7F6F94FF0FF3363
:108B7000C5F80833347170BD80EE002081A5020075
:108B80005A6202003DA5020000A0024008B5094B50
:108B90001B79012B09D0084908487A23084A06F0B6
:108BA00083FE7A21064806F078FE064A8340C2F822
:108BB000043308BD80EE002081A502005A62020045
:108BC0003DA5020000A0024008B5094B1B79012B0E
:108BD00009D0084908488223084A06F065FE822128
:108BE000064806F05AFE064A8340C2F8083308BD1C
:108BF00080EE002081A502005A6202003DA502001D
:108C000000A00240F8B501260027124B124DD3F800
:108C10000C4304B9F8BD94FAA4F0B0FA80F006FA57
:108C200000F3072824EA03040BDD0C490C4840F24A
:108C3000F3130C4A06F038FE40F2F311094806F02F
:108C40002CFE094B82009F502B68002BE1D0A968B5
:108C50009847DEE700A0024080EE002049A4020011
:108C60005A620200AAA5020000A1024070B5036882
:108C70000446033BDBB2052B03D8094A52F82350C4
:108C80002DB9A06858B1BDE8704000F017B80BF0DE
:108C900041F821682B46BDE87040090C184770BDAB
:108CA000845E0200014B1B68184700BFACCF002058
:108CB000014B5B68184700BFACCF0020014B1B691C
:108CC000184700BFACCF0020014B9B68184700BF7E
:108CD000ACCF0020014B1B6A184700BFACCF00206F
:108CE000014B5B6A184700BFACCF0020014B1B68EB
:108CF000D86870478CEE0020002230B50B4B196805
:108D00000C6894420FD001EBC2039D68A8420BD1BE
:108D10004FF003020433D3E8CF1F002903D1C3E887
:108D2000C02F0028F7D130BD0132EAE7A4EE0020C1
:108D30002DE9F041002406460F462046DFF8548016
:108D40003368A34201D8BDE8F08106EBC4056B6827
:108D5000DBB2012B16D16A68B8F80030B3EB124FC2
:108D600010D1022FA8680FD1FFF780FF01206B6898
:108D700023F0FF0343F003036B60B8F800300133C6
:108D8000A8F800300134DBE70168090C0AF079FF2C
:108D9000ECE700BFE0F2002010B5074C022160684C
:108DA000FFF7C6FF0028F9D101212068FFF7C0FFB7
:108DB0000028F3D110BD00BFACEE002070B507282D
:108DC00060D8DFE800F00B5F475F435F3C0401F0D1
:108DD00019FC0320BDE87040FBF7A2BA03202A4B20
:108DE000D3F81446D3F81866284B1D781870EDB2E6
:108DF00001F0DEFB012D10D1254B264A9C4212D0FA
:108E0000230C1B04B3F1886F0DD0A4F58033203BF5
:108E1000022B0FD96FF0040313603146C4F30B002B
:108E200001F0BAFB00E014601B4B1868FBF7ACF9CB
:108E30000020CFE7194931F913301360F4E700241B
:108E4000124B20461C7001F0B3FBEDE7FFF7A4FFC7
:108E50000220BFE70D4B1A78012AD0B20ED1104A7A
:108E60001168104A8C6854604968116002221A70B7
:108E700001F09EFB084B1868FBF786F9FFF78CFFA3
:108E80000120A7E770BD00BF00A0024021F700202D
:108E900001005005A8EE002094EE0020E8610200D9
:108EA00090EE0020ACEE002070B5164B42681B68B7
:108EB00022F0FF0242F00202C31A42601248134A33
:108EC0000168C3F38913D2E8DF4F651CC2E8D65F9F
:108ED000002EF8D101EBC3014A6892B242EA044283
:108EE0004A600268032002EBC302536823F0FF03C9
:108EF00043F0010353600AF067FA0122044BDA6081
:108F000070BD00BF9CEE0020A4EE0020E2F2002025
:108F100000A002400A23F7B54FF47A750C4E0D4FAE
:108F20000193316838680AF0D0FE044640B90AF06F
:108F30004DFA40B9012001A9FBF708F86E30F0D1D5
:108F4000204603B0F0BD019868430AF03DFAE8E717
:108F500098EE0020A0EE0020054B1B782BB9054BA6
:108F60001968054B18680AF0B0BE0020704700BFB2
:108F700020F700209CEE0020A4EE00202DE9F04F09
:108F800095B038220021064603A80CF05DFB0223B1
:108F90000493082306932023089304230D9310239E
:108FA00040250F9380230122CDE91153D5230021C1
:108FB00057480B921393FBF7B3F80546002840F08F
:108FC000A380024653493079FFF734FD03A8FFF729
:108FD00059FD34686268B2F59D6F40F09280616916
:108FE000E3680B44E16903F59D630B44B3F5003F6F
:108FF00000F28780206829460CF026FB33681C6845
:10900000D3F81C9004F53A72019204F16007424AC9
:1090100004F1A40804F1200BB9F1000F5BD1C2F8F0
:1090200000B000254FF0010A2570657084F802A099
:10903000E570336840461B69636033685B69C4F858
:1090400014B0A360354BC4F81890C3F80080344BBB
:10905000E7601F600823C4F8108084F8A43088F803
:10906000015088F8025088F8035084F860307D7011
:10907000BD70FD700AF011FE38460AF00EFE294B55
:1090800004F53A721A60284B04F1E80231681A605C
:10909000264B274E1960274B2749C3F81046C3F8C3
:1090A0001456264B264C1D80264B86F800A01D80AA
:1090B000254B029525601D611B690293029B144B91
:1090C0001868FBF787F898B103236FF073043370C7
:1090D000FFF718FD11E09B6904F1400963643368F0
:1090E0004846DB69C2F800B0236401F06FFA98E7E4
:1090F0002468002CECD1154B1C70204615B0BDE83F
:10910000F08F6FF01504E3E76FF02D04F5E700BF73
:1091100094EE0020BD8D010090EE0020A4EE002012
:10912000A0EE00209CEE002098EE00208CEE0020A7
:1091300021F7002000A00240F0490200E2F20020E6
:10914000A8EE0020E0F200200056004020F70020AA
:1091500070B5164B42681B6822F0FF0242F0010214
:10916000C31A42601248134A0168C3F38913D2E854
:10917000DF4F651CC2E8D65F002EF8D101EBC301BA
:109180004A6892B242EA04424A600268032002EB53
:10919000C302536823F0FF0343F0010353600AF056
:1091A00013F90122044B5A6070BD00BF98EE0020F5
:1091B000A0EE0020E2F2002000A0024010B5FFF770
:1091C000A9FE012400220321047081704270C27044
:1091D000FFF7BEFF054B1C700AF072FDBDE81040A2
:1091E000034B47F230511868FAF7F4BF20F700201C
:1091F00094EE002038B50A4B04461B78022BDDB2F2
:109200000DD1FFF787FE50B100220121846001706B
:1092100042708570C270BDE83840FFF799BF38BD15
:1092200021F70020034A126812B1002800DB104722
:10923000704700BFC0EE002010B50E4B04461B68FF
:10924000A3B1EFF7DBFE082810D9237A3F2B0DD00E
:109250000949082220460CF0CFF8014630B904F144
:1092600008000A22BDE8104005F04ABB4FF0FF306D
:1092700010BD00BFC0EE0020DCA502002DE9F341C7
:1092800005460020174688461E460AF045FD024660
:1092900040B915B128460AF068FD6FF00B0002B026
:1092A000BDE8F0816FF058030024037304230560C8
:1092B0000E4D037244738473C47344728472C47217
:1092C000C0F80480394603202C700AF041FD4FF0AD
:1092D000FF3301932B78B34201D10020DFE7022056
:1092E00001A9FAF733FE0028F4D0D8E722F70020CE
:1092F000F8B5054600240F4F57F8046B2846314651
:109300000CF0DBF828B90134042CF5D14FF480308F
:109310000DE06CB1A31E012BF8D83046EFF76EFEBE
:109320000A220021284405F0E5F940EA0440F8BD8E
:109330002046FCE79C5E02002DE9F74300258146AC
:109340000F461048294690461E46019305F074FFCB
:10935000041E11DB013420460AF005FDC9F80000A7
:1093600068B1334642462146019605F065FF28461E
:109370003C6003B0BDE8F0836FF01500F9E76FF0D3
:109380000B00F6E7205B0200014B186000207047DD
:10939000C4EE0020014B1860704700BFC0EE0020F3
:1093A0000FB42DE9FF410A9C01F008F900284AD0CA
:1093B000002C4BD0284E294F31683868FAF770FFDF
:1093C000002846D1264D31682868FAF703FF0028A7
:1093D00036D122460BAB03A902A80193FFF7ACFFDD
:1093E000044658B12868FAF7CFFE3868FAF732FF1A
:1093F000204604B0BDE8F04104B07047029C20460E
:10940000FFF71AFF02230646012220460399FFF7C1
:1094100035FF04460028E5D1DFF84880D8F8000081
:10942000FFF766FF0446D8F800000AF098FC2868A9
:10943000FAF7AAFE002CD8D13046FFF7F3FED4E7A6
:109440006FF00A04D1E74FF0FF34D1E76FF00D045D
:10945000CEE76FF00A04CBE7D8EE0020D0EE002074
:10946000D4EE0020C8EE00200CB42DE9F04F87B0F8
:1094700007460E46109C01F0A1F8002800F09B80E2
:10948000002F00F09B80002C00F09880002E00F050
:109490009880DFF83C81DFF83CA1D8F80010DAF8BA
:1094A0000000FAF7FDFE002840F08E804A4DD8F803
:1094B00000102868FAF78EFE002879D1224611ABF9
:1094C00005A904A80393FFF737FF044618B12868DD
:1094D000FAF75AFE52E0414BDDF81080D3F80090C5
:1094E000B9F1000F14D03E4BD3F800B05C450FD05B
:1094F00059F8341008460191EFF780FD01990246B2
:1095000040460BF079FF38BB09EBC40464682CBB00
:109510004046FFF791FE022381460122404605990D
:10952000FFF7ACFE04460028D1D1DFF8B8803846FA
:10953000D8E9004BB3455A46214628BF32460CF0C5
:1095400076F8B345204623D90AF009FC2868FAF7D3
:109550001BFE6FF0060411E00134C7E72868FAF734
:1095600013FE424631463846A047044618B93846ED
:10957000FFF7BEFE044640460AF0F7FBDAF80000AB
:10958000FAF768FE204607B0BDE8F04F02B070471A
:10959000FFF7AEFE0446D8F800000AF0E0FB2868AA
:1095A000FAF7F2FD002CE9D14846FFF73BFEE5E76C
:1095B0006FF00A04E2E74FF0FF34E3E76FF00D04C9
:1095C000E0E76FF01504DDE76FF00A04DAE700BFAB
:1095D000D8EE0020D0EE0020D4EE0020B8EE00201F
:1095E000B4EE0020C8EE002038B5C3680446A72BAF
:1095F00001D0206810E0032907D0042926D00229D1
:1096000002D10122154B1A7038BD144B00681A782C
:10961000022A05D10028F7D0BDE838400AF09FBBE8
:109620000F4D2A6862B12B689847002320682B6091
:109630000AF095FB0B4B1868BDE83840FAF7A4BD5B
:10964000094A1060616851600222DCE7074B1B6821
:10965000002BCED000689847CBE700BF22F7002050
:10966000BCEE0020D4EE0020C8EE0020C4EE0020A6
:1096700010B400F11C03D3E8EF2F511EC3E8E41F20
:10968000002CF8D1012A0CDC074BD0E8EF2FC0E802
:10969000E13F0029F9D16422002110BC04300BF015
:1096A000D3BF10BC704700BF1EF10100164830B593
:1096B000002203464FF0FF34144DD0E8EF1FA942BB
:1096C00004D1C0E8EC4FBCF1000FF6D10CBF012172
:1096D000002112D1682101FB023301220C49DA6119
:1096E000097893F8202061F3451283F820200222A4
:1096F000A3F8482083F84A2030BD0132082A00F13F
:109700006800DAD10846F7E7DCEE00201EF1010020
:1097100023F7002030B5024600236825054905FBE4
:1097200003F460180C59944203D00133082BF6D18E
:10973000002030BDDCEE002010B5044604300AF0F5
:1097400008FD606C08B1FAF70FFE064BD4E8EF2F66
:10975000C4E8E13F0029F9D12046BDE81040FFF7F9
:1097600087BF00BF1EF1ADDE2DE9F8430F4C064662
:109770000025A0464FF068090D4B0E4F1870236866
:10978000BB420CD009FB058393F8202066F34512F9
:1097900083F82020A36B13B120460AF048FB013563
:1097A000082D04F16804EAD1BDE8F883DCEE00205E
:1097B00023F700201EF10100112806DC00280DDB34
:1097C000084BC34003F001007047B0F5817F07D01C
:1097D00040F21113C31A5842584170470020704795
:1097E0000120704741000200034B02685A60826901
:1097F0009A6042691A6070471CF200202DE9F04F10
:1098000085B082460F4616461D4600F0D7FE28B9A1
:109810000120FAF765FC6FF00A041CE05AEA07031E
:1098200000F051811EB3336823F4A05323F00203E8
:10983000002B40F04B81706838B9B06878B10AF0FD
:109840002BFC60B96FF0060405E00AF01FFC00284D
:10985000F3D16FF00504204605B0BDE8F08FF06845
:1098600028B1B1680AF02CFC08B96B20D1E79A4BFB
:109870004FF47A611868FAF7ADFC0446002840F00E
:109880002881002F64D0F6B1336803F4A053B3F5F8
:10989000805F18D13368DB0445D44FF0FF37706820
:1098A00008B100F07FFD8D4B8D4A1860B368002B26
:1098B00008BF01231360F3688A4A002B08BF062300
:1098C000136033681CE00A220021384605F018F8BE
:1098D0004FF6FE73421E9A4200F2F280824A030261
:1098E00043EA10231380002ED4D1002301217B4AA8
:1098F0004FF0FF3713607A4A11600621794A1160F0
:10990000DFF8E8815046C8F80030BAF1000F65D1A1
:109910000AF002FA064600BB6FF009046E4B1868A5
:10992000FAF732FC97E73A2138460BF058FD00B1C0
:10993000471C38466E490BF0C0FD0A2228B10021B1
:10994000033004F0D7FE0746A9E701463846F8E79A
:10995000654B1880002EC8D09FE707615F4BDFF88A
:1099600080B11B68DFF87CA1B361DBF800303246C0
:10997000F361DAF8003047F20D013362D8F80030B5
:10998000042073610AF0E4F94FF0FF33594F5A4E47
:1099900003933E603868B04231D0002840F08C809C
:1099A0002020D7F80490FAF7D7FC286070B109F1AD
:1099B00018034D4A019318461288B9F814100AF09A
:1099C000DCF9064638BB2868FAF7CEFC6FF00904CC
:1099D00078680028A2D00AF0C2F99FE7EFF70EFBE3
:1099E0000AF09AF90646002896D007615046EFF72C
:1099F00005FB5146024630680BF019FEAEE7022027
:109A000003A9FAF7A3FA0028C4D06E20FAF768FB7E
:109A10006FF00A0482E7D9F808102A6801290AD0F1
:109A200002291FD01046FAF79FFC3046FAF79CFC3B
:109A30006FF00504CCE708211161D8F8001011F08F
:109A4000020137D00192B9F816000130FAF784FC10
:109A5000019A90612A68906930B91046FAF784FC3F
:109A60003046B1E71621E7E7B9F8141009F11803F9
:109A70000B441946B9F816200BF0D9FD00202968CF
:109A8000B9F81620896988542A680192D9F8080023
:109A90000BF022F8019A2B685060DBF800205E6121
:109AA0009A60DAF80020DA60D8F800201A60002204
:109AB000DA618DE79161E7E70BF054F8044687E738
:109AC0006FF007042AE76FF00104C4E64FF0FF349B
:109AD000C1E66FF00204BEE628F2002034F2002056
:109AE00030F200202CF20020E4F2002038F20020B6
:109AF000FDA502001CF20020EEC100BCF8B548F242
:109B00000F03994205460E4640D022D848F20D0375
:109B1000994233D048F20E03994233D00069FFF7DF
:109B2000F9FD044610B3B6F5004F1FD9A6F500465F
:109B3000013E0B2E1AD8DFE816F0AE00E800B600A2
:109B4000B600B6003A013A01B600C4001900190087
:109B50000B0149F2040399421CD0B1F5104F3FD9D3
:109B6000C068FFF7D7FD0446002848D128680028C0
:109B700000F02D81BDE8F8400AF0F1B8BDE8F840EA
:109B8000FFF732BEBDE8F8400AF004BBBDE8F8407C
:109B90000AF0EDBA0369082B00F21981DFE813F02F
:109BA0001000160009000E0016001701170118001A
:109BB0001E000020BDE8F840FFF7D6BD0120F9E700
:109BC0000021E868BDE8F8400AF024BA0121F8E76E
:109BD0000021E868BDE8F8400AF028BA0121F8E75A
:109BE0000069FFF797FD04460028BFD048F28103C3
:109BF0009E42BBD10146284600F024FB56E049F2C4
:109C000002039E4200F0CD8037D80AF08BF9074658
:109C1000E0B91020FAF7A0FB0646B8B13946102289
:109C20000BF012FD2B6873606B683381698A002921
:109C300000F0C8802A8A05F114000AF09EF8F0604E
:109C4000002840F0BF803046FAF78EFB28680AF003
:109C500086F820460AF028F958B120460AF062F941
:109C600038B994F8203043F0800384F820300C2376
:109C7000A36120460AF01DF918E049F203039E4251
:109C80003DD049F282039E427FF470AF01462846E0
:109C900000F0F0FA0AE06B692BB928460AF07CFF65
:109CA000AA6943681A6028460AF078FF20460AF03D
:109CB00049F9002800F08B802046BDE8F8400AF002
:109CC000B6B890F8203043F0010380F820300AF055
:109CD00010F918B13E4B1868FAF756FA94F820308C
:109CE000204623F00A0384F820300AF02BF910B143
:109CF00020460AF09CF82046FFF71EFDD3E72869AE
:109D000069280BD16823A361D0E790F82030EE6872
:109D10006FF3410380F82030686918B100F056FBFA
:109D2000A061C3E720460AF0CEF828B994F82030A5
:109D300043F0040384F8203020460AF0C4F80028D9
:109D4000B4D0002EB2D00021204600F0B1FAADE729
:109D50006B69F3B928460AF01FFFAA6943681A60C5
:109D6000426892F8203043F0040382F820304368C0
:109D700022691A61436862695A6183684BB105F1CF
:109D8000180205F1300152F8040B8A4243F8040B23
:109D9000F9D194F82230002B85D0013B84F8223091
:109DA00081E790F82230013380F822307EE72846A0
:109DB0000AF0F2FE6B6913B9AB69436073E74FF0C9
:109DC000FF33FAE7314620460AF04EF86EE7F8BD59
:109DD0003CF2002030B585B00546FFF79BFC0446F9
:109DE00028B90920FAF77CF94FF0FF300EE000F0B7
:109DF000E5FB68B920460AF07CF818B10D4B1868ED
:109E0000FAF7C2F92046FFF797FC002005B030BDF5
:109E1000002009F081FF014608B96920E2E70561E9
:109E200001AA47F2090000F0E9FA0028EDD016284F
:109E3000EBD0D7E73CF200202DE9F04385B0814616
:109E4000884614461F460C9EFFF764FC40B9092063
:109E5000FAF746F94FF0FF33184605B0BDE8F08336
:109E600017B90EB11620F3E7B8F1290F00F0ED8015
:109E70000CDCB8F1010F12D0B8F1060F00F0E18050
:109E8000B8F1000F00F0DF806D20E1E7B8F58D7FBD
:109E900000F08880B8F5007FF6D11E2C08E03D2C3C
:109EA000F2DC202C0EDC142C4ED0152C53D0022CBE
:109EB000EAD1304609F030FF0546002840F0C7805F
:109EC0006920C5E7A4F121031C2BDDD801A252F8BB
:109ED00023F000BFB39E0100B39E0100899E0100E4
:109EE000899E0100899E0100899E0100899E0100D2
:109EF000B39E0100899E0100899E0100899E010098
:109F0000899E0100899E0100899E0100899E0100B1
:109F1000899E0100899E0100739F01007B9F0100C3
:109F20007F9F0100839F0100939F0100899E010094
:109F3000899E0100899E0100899E0100899E010081
:109F4000659F0100979F01003246394605B0BDE884
:109F5000F0430AF027BE3246394605B0BDE8F0436B
:109F60000AF02EBE3246394605B0BDE8F0430AF08D
:109F700035BE01230422019305E00223FAE70323FF
:109F8000F8E7042201920DEB02010AF047FE0346B6
:109F900062E70523EEE73246394605B0BDE8F043F7
:109FA0000AF03CBE631E112B3FF66EAF01A252F8C1
:109FB00023F000BF0BA0010035A00100B39E0100FB
:109FC000899E010027A00100FD9F0100899E0100DC
:109FD000899E0100899E0100899E0100899E0100E1
:109FE00019A00100B39E0100B39E0100B39E0100C1
:109FF000899E0100B39E0100B39E0100324639469E
:10A0000005B0BDE8F0430AF02CBE3246394605B033
:10A01000BDE8F0430AF039BE3246394605B0BDE826
:10A02000F0430AF047BE3246394605B0BDE8F0437A
:10A030000AF052BE3246394605B0BDE8F0430AF098
:10A040005ABE372C34E71F2C32E7202C30E7002390
:10A05000082243728372C3720272C0F810904046A5
:10A060000AF063FD6861204600F0A4F932463946E3
:10A07000A86128680BF0DBFA294647F203006E60FE
:10A0800001AA00F0BBF9034600283FF4E5AEDFE685
:10A090002DE9F04385B08146884617461D460C9E43
:10A0A000FFF738FB40B90920FAF71AF84FF0FF37ED
:10A0B000384605B0BDE8F08305B10EB90E20F3E7D0
:10A0C000B8F1290F00F08F800CDCB8F1010F11D02E
:10A0D000B8F1060F00F08380B8F1000F00F0818026
:10A0E0006D20E1E7B8F58D7F2AD0B8F5007FF7D174
:10A0F0001E2F0EE0152F1CD00ADC042F12D0142FB7
:10A10000EED13246294605B0BDE8F0430AF02ABE3A
:10A11000212FE5D1306809F0FFFD0446002864D105
:10A120006920C1E73246294605B0BDE8F0430AF090
:10A1300009BE3246294605B0BDE8F0430AF021BE0B
:10A140007A1E122ACCD801A151F822F0C3A1010035
:10A15000D1A1010015A1010015A10100B5A10100C7
:10A1600099A10100E1A00100E1A00100E1A001002E
:10A17000E1A00100E1A00100A7A10100E1A0010010
:10A1800015A1010015A1010015A10100E1A0010028
:10A19000E1A0010015A101003246294605B0BDE845
:10A1A000F0430AF0FDBD3246294605B0BDE8F04354
:10A1B0000AF008BE3246294605B0BDE8F0430AF071
:10A1C00013BE3246294605B0BDE8F0430AF01EBE74
:10A1D0003246294605B0BDE8F0430AF029BE372FC4
:10A1E00097E71F2F95E7202F93E70023082243725C
:10A1F00002728372C372C0F8109040460AF095FC58
:10A200006061384600F0D6F82146A06101AA47F205
:10A210000400D4F8008000F0F1F8074620B1404671
:10A2200009F0A3FD38463FE76268336841469A4229
:10A2300028BF1A46284632600BF0F9F9404609F06B
:10A2400094FD35E710B543690C467BB191F8203099
:10A250006FF3C30381F82030406900F0B7F8044B76
:10A26000A061BDE810401868F9F78EBF10BD00BFAF
:10A270003CF2002010B591F820300C466FF3C30378
:10A2800081F82030006960B9DBB223F0140343F099
:10A29000140381F82030054BBDE810401868F9F729
:10A2A00073BF00F093F8A061F5E700BF3CF2002017
:10A2B0002DE9F341DFF8E8800546D8F80000019168
:10A2C000F9F788FF074650B1019B002B65D1102399
:10A2D000AB614FF0FF37384602B0BDE8F081686CE3
:10A2E000A8B1EEF78BFE461C304609F015FD04467A
:10A2F00078B9284609F002FE08B16923AB61D8F8A5
:10A300000000F9F741FF6920F9F7EAFEE1E73E4670
:10A31000EAE72B680422036100230272437283720E
:10A32000C37295F84B2005F148010132920082601A
:10A3300014300BF07CF9F6B13246696C20680BF0F2
:10A340008AF8666095F82030042043F0080322461E
:10A3500047F2810185F8203009F0FAFC284609F01F
:10A36000CDFD0028B7D1284609F0C3FD40B9A86942
:10A370000028B0D0C8E726706670A670E670E0E7E7
:10A38000022001A9F9F7E2FD10F10B0F05D000281A
:10A39000E9D00028B8BF4042B6E77420B4E700BF58
:10A3A0003CF2002003289CBF014B1856704700BFA9
:10A3B00001A60200023835289ABF034B53F820004B
:10A3C0004FF0FF30704700BF8460020070289ABFD2
:10A3D000024B53F820000248704700BFC05E0200E5
:10A3E000ADBAADBA013804289ABF034B53F8200028
:10A3F0004FF0FF30704700BFAC5E02004FF0FF33FC
:10A4000037B50D4DCA60144615600A460146042052
:10A41000019309F09DFC2068A84202D0FFF7D6FF07
:10A4200008E0022001A9F9F791FD0028F3D00028E7
:10A43000B8BF404203B030BDEEC100BC2DE9F041D1
:10A44000056807460C463DB101F47043B3F5005F63
:10A4500004D1404BC3E90015BDE8F0813E4E33689E
:10A4600063B144F20402914264D00CD844F2020376
:10A4700099424ED044F20303994253D03868BDE864
:10A48000F04109F06CBC44F2012221F48073934244
:10A490000FD044F203139942F0D1304C206808B138
:10A4A00009F05DFC01222E4B1A70256004203368F0
:10A4B00026E0DFF8B080D8F8000008B109F04FFCC2
:10A4C00044F201339C420CBF0322022295F85170E2
:10A4D000254B264C1A70C8F8005017F00805336851
:10A4E000227810D01AB9052098470123237007F06D
:10A4F0004107012F02D102203368984701203368B9
:10A50000BDE8F0411847002AF1D006209847257091
:10A51000EDE7174C206808B109F021FC03203368EF
:10A520002560EDE70D4C206808B109F018FC002209
:10A530000B4BB9E72A78032AA0D8DFE802F002051E
:10A5400007090720984799E70820FBE70920F9E762
:10A550000A20F7E750F2002040F2002044F20020E9
:10A5600024F700204CF2002025F7002026F70020D9
:10A5700048F2002030B4074B1C6844B14368858919
:10A58000A4460268C1899BB2E8B230BC604730BCC7
:10A59000704700BF58F2002007B5044BCDE9000119
:10A5A0001B686846984703B05DF804FB5CF2002026
:10A5B000014B1870704700BF27F70020024B187836
:10A5C000431E58425841704727F700200021074B8F
:10A5D00001221970064B1970064B1960064B196061
:10A5E000064B18600648F9F79BBD00BF28F700200E
:10A5F00029F7002064F2002068F2002078F20020A1
:10A6000060F2002070B42D4B1B68196958691A7CE0
:10A6100000221A745C7C5A749C7C9A74DC7CDA7418
:10A620001C7D1A755C7D5A759C7D03299A75DC7DAD
:10A63000DA7529D0042933D001292FD18568204E1D
:10A64000954210D101211A7A00221972597A5A7250
:10A65000997A9A72DA7A6FF05F02DA72194B70BCEB
:10A660001868F9F791BD911C00EB81014C682178C5
:10A67000622907D0633918BF0121490046F82140FB
:10A680000132DDE70121F9E7187A1972597A5A7215
:10A69000997A9A72DA7A6FF05F02DA7270BC704758
:10A6A000187A1972597A5A72997A9A72DA7A6FF01C
:10A6B0005F02DA720122044B1A70EFE778F2002091
:10A6C0006CF2002060F2002029F7002008B50A4A49
:10A6D0000A4B93420ED90A4917230A4A0A4805F041
:10A6E000E3F80A4805F0E0F81721064805F0D5F828
:10A6F0001433EEE7FCD308BD3C580200C4570200F7
:10A7000028A6020005A602005A6202007167020034
:10A710002DE9F84304460D4600AF4FF02003EFF358
:10A72000118883F31288BFF36F8F0428304A98BFD3
:10A73000304BE9468AB09668117C98BF53F82030B8
:10A740006A4688BF2C4BC2E9073140F201332B48DF
:10A7500093842B4BC2E9050442F8103F00234FF4C9
:10A7600031512848F0F772FCCD4645B1EB69C3F38F
:10A77000080323B10121244A224805F042FA2EB1F0
:10A7800030460AF0E7FB08B1037803B91F48E946F1
:10A790008AB06A461E4BD061C2E9053640F20133E9
:10A7A00013841C4B42F8103F00234FF411511548FD
:10A7B000F0F74CFC2946CD462046FCF711FB042C53
:10A7C0000CD115498A23154A154805F06DF815482E
:10A7D00005F06AF88A21114805F05FF888F31188BE
:10A7E000BFF36F8F3046F1F733FBBD46BDE8F8830A
:10A7F00080F200205C61020040A6020056A6020022
:10A8000005000001D45A02007EA602004EA60200F6
:10A810009FA6020004000001D9A60200B7A602000C
:10A820005A620200F6A60200104B70B553F82040A1
:10A83000013053F82060A64200D870BDD4E900353D
:10A8400095B153B12846984738B10028B8BF404267
:10A85000FF28A8BFFF20EB681870EA68537843F020
:10A86000010353700834E6E79847FBE77061020084
:10A87000012208B5094B03201A70FFF7D5FF03F03A
:10A88000A5FE0420FFF7D0FF00F0A6FBEEF7A2FC28
:10A89000034A137B23F00103137308BD2AF700203A
:10A8A00048DF002008B50348034A0021121A0AF0C5
:10A8B0001CFB08BD90D300202CF70020882370B526
:10A8C000174E012203FB0066002386B0CDE9042366
:10A8D0000F220193CDE9023214234FF4A0720446F3
:10A8E000104D114903FB005502FB00110F4B304680
:10A8F000009500F0C7FA737B2C7423F00403737384
:10A900000B4B013403EBC4236B600A4BEE60D3E8BE
:10A91000EF1F0131C3E8E21F002AF8D106B070BD75
:10A92000C0DE002080F20020100E012005B10100E1
:10A93000100601207CF2002080B50020A8B0FFF7AF
:10A9400073FF2F4B03F5006282F3088883F30A88B4
:10A950000024E0232B4D2C4E85F82230EC772C760A
:10A960006C76AC7685F820406B6A284F43F4E02380
:10A970006B6285F82340F1F7DBF9F1F797FB4FF0B5
:10A98000FF33AB62EB62F1F77BFDF1F7CFFBF0F742
:10A9900049F940F2011306AD2846ADF82430CDE95F
:10A9A0001F4403F0F5FDB560FFF790FE0120FFF7AF
:10A9B0003BFF0220164DFFF737FF02F0D7FA154B89
:10A9C00075610593012314494FF4C062CDE9034337
:10A9D00028463B46CDE90144009400F053FA064670
:10A9E0006A7B284622F004026A7301F003FC2046C9
:10A9F000FFF764FF3A4631462846F1F73DFB00BFBA
:10AA00001006012000ED00E080F2002071A8010096
:10AA100048DF002075A70200500F012038B50D4C0B
:10AA20000D4DAC4213D90D4919230D4A0D4804F0C0
:10AA30003BFF0D4804F038FF1921094804F02DFFB1
:10AA40002046D4E901120AF054FA1834E9E7F7D3A2
:10AA5000002038BDF0D0002020D100209CA70200AB
:10AA60007AA702005A620200716702002DE9F04FD6
:10AA7000064687B09146DDE9102304A89A46884629
:10AA800017460AF062FBDDE90434CDE9023406F131
:10AA900014044FF02003EFF3118583F31288BFF302
:10AAA0006F8F204600F00AFB60B98823354A36498B
:10AAB000364804F0F9FE2146354804F0F5FE8821B9
:10AAC000304831E0204600F015FBEFF30583EBB989
:10AAD00006F10C0B4A4641463046EFF789F803462B
:10AAE00020B32046029300F0F7FA029B002841D1E0
:10AAF00040F23113234A2749244804F0D5FE214669
:10AB0000254804F0D1FE40F23111D9E757EA0A0393
:10AB1000DED022494B23224A1C4804F0C5FE2148BE
:10AB200004F0C2FE4B211E4804F0B7FE57EA0A07A4
:10AB3000D7D0DDE9022304A80AF02BFBDDE90423CA
:10AB40002946CDE90023174620465A469A4601F089
:10AB5000ADFE4FF02003EFF3118583F31288BFF3AE
:10AB60006F8F204600F0AAFA00289ED0204600F001
:10AB7000C1FAAFE785F31188BFF36F8F184607B0AE
:10AB8000BDE8F08F216602007A6602005A62020078
:10AB90008F6602004E66020065660200B2A70200E0
:10ABA0007AA70200C9740200F8B505460E4600F106
:10ABB00014044FF02003EFF3118783F31288BFF3DF
:10ABC0006F8F204600F07AFA68B988231A4A1B4929
:10ABD0001B4804F069FE21461A4804F065FE8821EE
:10ABE000154804F05AFE204600F084FA2846314603
:10ABF000EEF7B0FF05F10C000AF08DFA28B13946E6
:10AC00002046BDE8F84001F087BB204600F064FA1A
:10AC100068B940F23113084A0B49094804F044FE70
:10AC200021460A4804F040FE40F23111D8E787F38C
:10AC30001188BFF36F8FF8BD216602007A660200AB
:10AC40005A6202008F6602004E66020065660200CC
:10AC5000002038B50C4C0D4DAC4213D90C4995234E
:10AC60000C4A0D4804F020FE0C4804F01DFE95210E
:10AC7000084804F012FE20460AF04DF9002802DBD5
:10AC80002034E9E7F7D338BDD0D00020F0D0002041
:10AC90001DA80200F8A702005A62020071670200B4
:10ACA0002DE9F74304460E4690461F4600F108057D
:10ACB0004FF02003EFF3118983F31288BFF36F8FF6
:10ACC000284600F0FBF968B98823244A244925481E
:10ACD00004F0EAFD2946244804F0E6FD88211F48D7
:10ACE00004F0DBFD284600F005FA2369C3B13360A8
:10ACF0001B682361E3690133E3610024284600F007
:10AD0000EBF928BB40F23113144A1849154804F0F6
:10AD1000CBFD2946164804F0C7FD40F23111DEE7AD
:10AD200058EA070203D16FF00B043360E6E72246CE
:10AD300049462846CDE9008701F0B8FD044618B918
:10AD40000C4B9B685B693360204603B0BDE8F08321
:10AD500089F31188BFF36F8FF6E700BF2166020009
:10AD60007A6602005A6202008F6602004E66020096
:10AD70006566020080F200202DE9F04104460D4690
:10AD800000F108064FF02003EFF3118783F31288D8
:10AD9000BFF36F8F304600F091F960B98823304AD5
:10ADA0003049314804F080FD3146304804F07CFDE4
:10ADB00088212B481FE0304600F09CF9E368AB4245
:10ADC0000CD8A169EA1AB2FBF1F001FB10222AB9F2
:10ADD0006269013A01FB02339D420ED9244940F2D7
:10ADE0000113244A204804F05FFD234804F05CFD71
:10ADF00040F201111F4804F050FDD4F81080B8F162
:10AE0000000F0ED1204601F075FF50B1C0F87C80D4
:10AE1000456101F0EFF939463046BDE8F04101F0F7
:10AE20007BBA236930462B60E3692561013BE3610E
:10AE300000F052F968B940F23113094A0F490A4843
:10AE400004F032FD31460E4804F02EFD40F231117F
:10AE5000AFE787F31188BFF36F8FBDE8F08100BFC4
:10AE6000216602007A6602005A6202008F660200C2
:10AE70003AA80200F8A70200F4A802004E660200F9
:10AE8000656602002DE9F04385B00F9D04460F2D45
:10AE90000E46984637D1274B984538D104F15803D0
:10AEA000C4E91633109B0027237304230732A573CC
:10AEB00022F0070506EB0509494663732046C4E9FD
:10AEC0000677A760E773F0F783FC0E9B073020F04E
:10AED0000700E066C4E9196502930D9BA9EB000920
:10AEE00001930C9B4A460093314643462046F1F7B6
:10AEF000A3F8114B67659B6803B11B6F4846236736
:10AF000005B0BDE8F08305F110031E2BC6D940F251
:10AF100059230A4A0A490B4804F0C6FC29460A4844
:10AF20006FF00F030E2204F0BFFC40F259210348DA
:10AF300004F0B3FC05B1010080F2002016A9020064
:10AF400039A902005A620200B9A90200F0B587B01F
:10AF50000446DDE91276EFF3058575B119494FF422
:10AF60003673194A194804F09FFC194804F09CFCF8
:10AF70004FF43671144804F090FC0595109D04952B
:10AF80000F9D03950E9D02950D9D01950C9D0095BD
:10AF9000FFF778FFB6F1FF3F08BFB7F1FF3F05D0DD
:10AFA00056EA070305D1204601F0FCF9204607B018
:10AFB000F0BD3A463346074904F1180002F052FB4F
:10AFC000F4E700BFEAA9020016A902005A620200D3
:10AFD000FCA902000F51020070B5314C314D86B012
:10AFE000AC4226462AD9304940F23F332F4A3048F6
:10AFF00004F05AFC2F4804F057FC40F23F312B4834
:10B0000004F04BFC54F80C3C059354F8103C0493AA
:10B0100054F8143C039354F8183C029354F81C3C25
:10B02000019354F8203C009354E90A2354E90C019D
:10B03000FFF728FF54F8303C5E65D1E7AE4204F1DB
:10B040003004DFD301F002FA154C1B4EAC4221D97B
:10B05000154940F25E33154A154804F025FC1548A1
:10B0600004F022FC40F25E31C9E7D4E90A23B3F1CF
:10B07000FF3F08BFB2F1FF3F05D052EA030120684D
:10B0800003D101F08FF93034E0E73146183002F097
:10B09000E9FAF8E7E9D306B0BDE8704001F046BA36
:10B0A000445A0200445A020021AA020016A90200D2
:10B0B0005A620200716702000F510200006838B145
:10B0C000044B00F003001B7CC01A18BF012070471E
:10B0D0000120704780F20020054A0346117C9268E7
:10B0E0000A4301680020914204BF186001207047A4
:10B0F00080F20020024B1A7C9B6813430360704768
:10B1000080F2002008B50D4B9B6893F90E30002BA0
:10B1100009DA0B490B482A230B4A04F0C5FB2A2104
:10B12000094804F0BAFB4FF02002EFF3118382F3D9
:10B130001288BFF36F8FF0F7BFFFF4E780F20020B3
:10B140006FAA02005A6202004EAA020070B50446BD
:10B15000EFF3058666B13949D723394A394804F0F7
:10B16000A3FB394804F0A0FBD721354804F095FB38
:10B170008368002B5BD0354A926893425AD1C368EA
:10B180003BB93349EF232E4A2E4804F08DFBEF21C3
:10B19000EBE7012B03D0013BC360002070BD4FF0F3
:10B1A0002003EFF3118583F31288BFF36F8F2948D3
:10B1B000FFF784FF60B98823274A2849214804F013
:10B1C00073FB2449264804F06FFB88212248CDE711
:10B1D0002048FFF78FFF2169A06809F0BFFE2046D5
:10B1E00001F088FDA06050B190F90E202261C66781
:10B1F00001F000F82946174801F08EF8CDE7E0602D
:10B200001448FFF769FF68B940F23113124A154933
:10B210000C4804F049FB0F49134804F045FB40F289
:10B220003111D3E785F31188BFF36F8FB5E76FF066
:10B230001500B3E74FF0FF30B0E700BFEAA9020006
:10B2400097AA02005A620200B9AA020080F2002006
:10B25000DEAA0200A0F20020216602007A66020047
:10B260008F6602004E660200656602002DE9F3411A
:10B27000044617461E46EFF3058565B159496E230E
:10B28000594A5A4804F010FB594804F00DFB6E214E
:10B29000554804F002FB4FF02003EFF3118883F3CD
:10B2A0001288BFF36F8F5348FFF708FF60B98823F8
:10B2B000514A52494D4804F0F7FA4E49504804F0BB
:10B2C000F3FA88214C48E4E74A48FFF713FFE368A4
:10B2D0004C4A9BB1A0689168884229D057EA06037E
:10B2E0002ED14448FFF7F8FEA0B188F31188BFF3D0
:10B2F0006F8F6FF00F0002B0BDE8F081916891F997
:10B300000E100133E36093683A482161A360FFF7B0
:10B31000E3FE78B940F23113374A3B49334804F031
:10B32000C3FA3449394804F0BFFA40F23111C9E791
:10B330002169E6E788F31188BFF36F8F0020DAE711
:10B3400091F90E1090F90E306FF07E029942A8BF6D
:10B3500019469142B8BF11468B4202DD09F0FEFD4D
:10B36000054622464146CDE90076224801F09EFA84
:10B370000028E3D04FF02003EFF3118683F3128807
:10B38000BFF36F8F1B48FFF799FE00288FD0194835
:10B39000FFF7B0FEA068C0B1236821699C420AD0C3
:10B3A0004BB193F90E309942A8BF19466FF07E0356
:10B3B0009942B8BF194609F0D1FD30B131460D4868
:10B3C00000F0AAFF6FF00A0095E7002DF6D10948BA
:10B3D000FFF782FE00289DD086F31188BFF36F8FA0
:10B3E000F0E700BFEAA9020097AA02005A62020031
:10B3F000B9AA0200A0F20020216602007A660200CB
:10B400008F66020080F200204E6602006566020030
:10B410002DE9F04704460E46904699469DF820A037
:10B4200000F108054FF02003EFF3118783F3128832
:10B43000BFF36F8F2846FFF741FE68B988233C4A67
:10B440003C493D4804F030FA29463C4804F02CFAC7
:10B450008821374804F021FA2846FFF74BFEBAF15D
:10B46000000F00D0666804F10C0001F043FC58B1F5
:10B470000023C0F81480C36700F0BCFE284639469C
:10B4800000F04AFF00201EE0B9F1000F2DD0082186
:10B4900003F084F8C8B92846FFF71EFE68B940F2E9
:10B4A0003113234A2649244804F0FEF92946254849
:10B4B00004F0FAF940F23111CBE787F31188BFF3BA
:10B4C0006F8F6FF00B00BDE8F0870122C0F8048099
:10B4D0000260016801F003015EB922680A4302605C
:10B4E000626820606AB960600BE04046C8F800906E
:10B4F000EFE73268032A10D80160616839B9C4E9FE
:10B500000000042104F1140002F02AFFB6E70A68E3
:10B5100002F0030202430A60E5E722F003020A4355
:10B520000260326802F0030240EA02033360E8E797
:10B53000216602007A6602005A6202008F660200EB
:10B540004E6602006566020070B5044600F108050B
:10B550004FF02003EFF3118683F31288BFF36F8F50
:10B560002846FFF7ABFD68B98823124A12491348F1
:10B5700004F09AF92946124804F096F988210D48FA
:10B5800004F08BF92846FFF7B5FD04F10C0001F03B
:10B59000B1FB20B10022C267426100F02BFE04F132
:10B5A0001400082102F0DCFE31462846BDE8704058
:10B5B00000F0B2BE216602007A6602005A62020002
:10B5C0008F6602002DE9F743064691461F4600F1BB
:10B5D00008054FF02003EFF3118883F31288BFF3BF
:10B5E0006F8F2846FFF76AFD68B98823244A2549EA
:10B5F000254804F059F92946244804F055F98821D2
:10B600001F4804F04AF92846FFF774FD3468FCB17E
:10B610002368726823F00303944220464FF001012F
:10B62000336008BF736009F0A8FC04462846FFF7A2
:10B6300053FDE8B940F23113114A1549124804F09C
:10B6400033F92946134804F02FF940F23111D7E7B6
:10B6500059EA0703EAD041462846CDE9009706F1AA
:10B660000C0201F023F938B90B4B9B685C6903E0CD
:10B6700088F31188BFF36F8F204603B0BDE8F083D5
:10B68000216602007A6602005A6202008F6602009A
:10B690004E6602006566020080F2002038B504465E
:10B6A0004FF02003EFF3118583F31288BFF36F8F00
:10B6B0001748FFF703FD68B98823164A164917484B
:10B6C00004F0F2F81249164804F0EEF88821114807
:10B6D00004F0E3F80E48FFF70DFD204601F00AFBE9
:10B6E00048B10022C26700F085FD2946BDE8384018
:10B6F000074800F011BED4E902329A4218BF013364
:10B700000221A36004F1100002F02AFEEDE700BF61
:10B71000A4F20020216602007A6602005A6202004A
:10B720008F660200F7B5044616461D46EFF3058303
:10B730007BB152EA05030CD02E4988232E4A2F48AC
:10B7400004F0B2F82E4804F0AFF888212A4804F03B
:10B75000A4F84FF02003EFF3118783F31288BFF3AF
:10B760006F8F2848FFF7AAFC60B98823264A27492B
:10B77000224804F099F82349254804F095F88821D7
:10B780002148E4E71F48FFF7B5FCA368D3B1013BAC
:10B790001C48A360FFF7A0FC68B940F231131A4AB5
:10B7A0001C49164804F080F816491B4804F07CF840
:10B7B00040F23111E4E787F31188BFF36F8F002067
:10B7C00003B0F0BD56EA05030BD10E48FFF784FC29
:10B7D0000028E2D087F31188BFF36F8F6FF00F005E
:10B7E000EEE722463946CDE90065064801F05EF8ED
:10B7F000E6E700BF15AB0200F5AA02005A6202009C
:10B80000C9740200A4F20020216602007A660200D8
:10B810008F6602004E6602006566020070B504463F
:10B820004FF02003EFF3118583F31288BFF36F8F7E
:10B830001548FFF743FC68B98823144A1449154892
:10B8400004F032F81049144804F02EF888210F480B
:10B8500004F023F80C48FFF74DFC6FF00A06204671
:10B8600001F048FA18B1C66700F0C4FCF7E7A06021
:10B87000022104F1100002F073FD2946BDE870407A
:10B88000014800F049BD00BFA4F20020216602007B
:10B890007A6602005A6202008F6602002DE9F04FBC
:10B8A00004466F4E6F4F85B04FF02003EFF31188C1
:10B8B00083F31288BFF36F8F3046FFF7FFFB68B941
:10B8C0008823694A69496A4803F0EEFF6449694878
:10B8D00003F0EAFF8821644803F0DFFF3046FFF7FA
:10B8E00009FCD4F88850ADB9022104F1A00009F098
:10B8F0008AFB002837D100234FF0FF3202934FF02C
:10B90000FF334146CDE90023304604F1900201F0B7
:10B910007DFDC9E7D4F88C202B68954208BFC4F898
:10B920008C30C4F88830D4F8A030304643F002039D
:10B93000C4F8A030EB68D5F8049023F0040343F07A
:10B940000103EB60FFF7C8FBB8B940F23113464A78
:10B950004949474803F0A8FF4149484803F0A4FF7C
:10B9600040F23111B7E704F1980500220121284681
:10B9700001F0ECFC0028F8D1BDE788F31188BFF393
:10B980006F8FB9F1000F0AD13D49394840F29F232A
:10B990003C4A03F089FF40F29F213A489CE7284641
:10B9A000C8474FF02003EFF3118A83F31288BFF3E7
:10B9B0006F8F3046FFF782FB002881D03046FFF7BB
:10B9C00099FBEB68990723F0010217D4EA60D4F8D9
:10B9D000A030304623F00203C4F8A030C3F30025A2
:10B9E000FFF77AFB0028B0D08AF31188BFF36F8F7E
:10B9F000002D7FF459AF01F0C1FA55E7386823F004
:10BA00000303EB600028E2D04FF00008C346D0F8F3
:10BA100000900028DBD0436802469D420DD10268A9
:10BA2000B8F1000F12D17B683A60834200D17A608E
:10BA300040F808BBFFF732FE4246B9F1000F0DD0C7
:10BA4000D9F80030484690469946E2E7C8F8002009
:10BA50007B68834208BFC7F80480E9E74B46F1E7FB
:10BA6000B0F20020A8F20020216602007A660200EF
:10BA70005A6202008F6602004E660200656602008E
:10BA8000A5AB020063AB0200F8B5C36804469A0791
:10BA90000F46C3F3400639D45B0725D40B680BB9B6
:10BAA00083680B60E368DD0721D5A3685BB928498B
:10BAB00028484FF4A773284A03F0F6FE4FF4A77105
:10BAC000254803F0EAFE02263B603D68002D3CD08D
:10BAD000224B9B68AB420CD0D5F8A030D807C3F3FB
:10BAE000800216D46FF0120600233B6027E0012687
:10BAF000EBE709F026FAD5F8A0300028EED1D907F7
:10BB0000C3F3C002EED552B15B0708D46FF00F0645
:10BB1000EAE7002AFAD1C3F3C003002BF6D10023D1
:10BB20002360D5F88C3063B9C5E92244284609F072
:10BB300084FAE36843F00403E3603B68A3603046A3
:10BB4000F8BD1C60C5F88C40F0E76FF01506CBE738
:10BB500084AB02005A62020063AB020080F2002054
:10BB600073B504464FF02003EFF3118583F3128879
:10BB7000BFF36F8F1D48FFF7A1FA68B988231C4AED
:10BB80001C491D4803F090FE18491C4803F08CFE28
:10BB90008821174803F081FE1448FFF7ABFA002311
:10BBA0000321201F0193A4F1100609F02CFA28B1FB
:10BBB000A369304601A90193FFF766FF0B48FFF721
:10BBC0008BFA68B940F23113094A0D490A4803F06B
:10BBD0006BFE06490B4803F067FE40F23111D8E7CF
:10BBE00085F31188BFF36F8F02B070BDB0F20020F3
:10BBF000216602007A6602005A6202008F66020025
:10BC00004E6602006566020038B50D46044648B926
:10BC10000C4989230C4A0D4803F046FE89210A4845
:10BC200003F03BFE39B90A498A23074A074803F063
:10BC30003BFE8A21F3E71022002109F005FD656033
:10BC400038BD00BFFDAB020063AB02005A620200C8
:10BC5000A5AB020037B50C46019059B928494FF4FD
:10BC6000BA73284A284803F01FFE4FF4BA712548DA
:10BC700003F013FE4B684BB9244940F27513214A77
:10BC8000214803F011FE40F27511F0E74FF0200358
:10BC9000EFF3118583F31288BFF36F8F1C48FFF712
:10BCA0000DFA60B988231B4A1B49174803F0FCFDB5
:10BCB00017491A4803F0F8FD88211648D8E71448B8
:10BCC000FFF718FA204601A9FFF7DEFE04461048E8
:10BCD000FFF702FA68B940F231130E4A10490A48D8
:10BCE00003F0E2FD0A490F4803F0DEFD40F2311196
:10BCF000E3E785F31188BFF36F8F204603B030BDB3
:10BD0000FDAB020063AB02005A6202009FAB02006F
:10BD1000B0F20020216602007A6602008F660200FF
:10BD20004E660200656602000146014809F0BFB98F
:10BD3000F0DF0020F0B589B004460E9D58B92B49BC
:10BD40004FF433732A4A2B4803F0AEFD4FF433719E
:10BD5000274803F0A2FD49B9274940F2CD23244AE0
:10BD6000244803F0A1FD40F2CD21F1E7D0F8A00076
:10BD700010F0010009D0214940F2CE231C4A1D4891
:10BD800003F092FD40F2CE21E2E7C4E9220004F183
:10BD90009000C4E9240004F19800C4E926001DB312
:10BDA0002879002840F2011008BF0120C4F8A00043
:10BDB00000204FF0FF364FF0FF37CDE90330CDE9DB
:10BDC0000100CDE9066720460D4B0094FFF7BEF851
:10BDD00025B1296811B1204609F0B9F8204609B00B
:10BDE000BDE8F04009F0B8B80120DFE7BCAB0200C5
:10BDF00063AB02005A620200C2AB0200C8AB020091
:10BE00009DB8010038B50D46044658B90F494FF4A6
:10BE100051730F4A0F4803F047FD4FF451710C481E
:10BE200003F03BFD49B90C4940F24533084A094843
:10BE300003F03AFD40F24531F1E73022002109F0EC
:10BE400003FC4FF480736560E36038BDFCAB020017
:10BE500063AB02005A620200A5AB0200F7B51646BA
:10BE60001D460C46019059B92D492E4840F2E23347
:10BE70002D4A03F019FD40F2E2312B4803F00DFD8D
:10BE80004FF02003EFF3118783F31288BFF36F8F16
:10BE90002648FFF713F960B98823254A2549214828
:10BEA00003F002FD2149244803F0FEFC88212048CC
:10BEB000E4E71E48FFF71EF9204609F0AFF855EAFF
:10BEC000060316D1204601A9FFF7DEFD04461748F8
:10BED000FFF702F9E0B940F23113154A174911484A
:10BEE00003F0E2FC1149164803F0DEFC40F2311188
:10BEF000DDE7E36804F1100043F00803E360019B11
:10BF00003246A3620F492B4601F0ACFB0124DEE769
:10BF100087F31188BFF36F8F204603B0F0BD00BFD9
:10BF2000FCAB02005A62020063AB0200B0F20020D8
:10BF3000216602007A6602008F6602004E660200E9
:10BF40006566020061BB010001460148FFF786BF3C
:10BF5000F0DF002038B5044658B92349234840F2A1
:10BF60000443234A03F0A0FC40F20441204803F0BC
:10BF700094FC4FF02003EFF3118583F31288BFF395
:10BF80006F8F1C48FFF79AF860B988231A4A1B493B
:10BF9000164803F089FC1749194803F085FC8821ED
:10BFA0001548E4E71348FFF7A5F8204609F036F8EE
:10BFB000204609F049F804460E48FFF78DF868B9A5
:10BFC00040F231130C4A0F49084803F06DFC09494F
:10BFD0000D4803F069FC40F23111E1E785F3118867
:10BFE000BFF36F8F204638BDFCAB02005A620200DF
:10BFF00063AB0200B0F20020216602007A66020004
:10C000008F6602004E66020065660200C3897F2BC0
:10C0100012D80A4B1B6863B1094B90F90E201B68BC
:10C020009A4209DB437BDB0606D1064BC31A18BFD5
:10C03000012303F0010070470023FAE7BCF200205F
:10C04000B8F20020C0DE002008B568B1104B98425D
:10C050000AD303F11802904206D21822C01AB0FB8C
:10C06000F2F302FB13035BB10A490B4840F2E713FA
:10C070000A4A03F019FC40F2E711084803F00DFCEE
:10C080000122074BC0105843064B1A5408BD00BF8D
:10C09000D0DF002033AC02005A62020011AC020073
:10C0A000ABAAAAAA2BF7002070B50E4B0E4C1E7C33
:10C0B000054606EB460304EBC304204601F094FB5F
:10C0C00000220A4B28469A55FFF7A0FF48B1084BBB
:10C0D0002046BDE870401A680649013AD31701F0BE
:10C0E000C1BA70BD80F20020D0DF00202BF7002005
:10C0F000BCF2002049C0010038B5144D2B4653F85E
:10C10000184F9C4200D004B9EC68AB68A8B963B979
:10C110000F4991230F4A104803F0C6FB0F4803F064
:10C12000C3FB91210B4803F0B8FB5A7BD20604D124
:10C13000A26912B9DA897F2A05D89C4202D020462A
:10C14000FFF7B2FF23466B6138BD00BF80F20020CD
:10C15000CCAD020011AC02005A620200C9740200A8
:10C1600070B590F90D30427B002B38DBD30636D109
:10C170008369002B33D162F07F024273184A9042E8
:10C1800009D118491848C323184A03F08DFBC3216D
:10C19000164803F082FB16490A4652F8184F94429B
:10C1A00018BF2346CC6923B9C0E900242060C861C8
:10C1B0000CE090F90E5093F90E60B5420BD0AE42F0
:10C1C00009DD5A68C0E90032106058600020BDE8FF
:10C1D0007040FFF791BFA342E6D01B68E3E770BD54
:10C1E000C0DE0020F3AD02005A62020011AC020072
:10C1F00080F2002038B504464FF02003EFF311859C
:10C2000083F31288BFF36F8F1748FEF757FF68B9A3
:10C210008823164A1649174803F046FB1249164868
:10C2200003F042FB8821114803F037FB0E48FEF76C
:10C2300061FF2046FFF794FF0B48FEF74DFF68B9FA
:10C2400040F23113094A0D490A4803F02DFB064913
:10C250000B4803F029FB40F23111E4E785F3118824
:10C26000BFF36F8F38BD00BFC0F20020216602000F
:10C270007A6602005A6202008F6602004E66020071
:10C280006566020038B504464FF02003EFF31185D0
:10C2900083F31288BFF36F8F1848FEF70FFF68B95A
:10C2A0008823174A1749184803F0FEFA134917481C
:10C2B00003F0FAFA8821124803F0EFFA0F48FEF76C
:10C2C00019FFA36813B1204600F0FEFB0B48FEF7F0
:10C2D00003FF68B940F23113094A0D490A4803F0D7
:10C2E000E3FA06490B4803F0DFFA40F23111E2E7C6
:10C2F00085F31188BFF36F8F38BD00BFC0F20020F7
:10C30000216602007A6602005A6202008F6602000D
:10C310004E6602006566020070B504460D46F9B926
:10C32000EFF30586E6B91A4B5A699B689A4217D013
:10C33000FEF7D2FE78B940F26B13164A1649174839
:10C3400003F0B2FA2146164803F0AEFA40F26B1140
:10C35000104803F0A2FA3046BDE87040EFF78EBDFA
:10C360002046FEF7B9FE68B940F23113094A0A497E
:10C370000A4803F099FA2146094803F095FA40F279
:10C380003111E5E785F31188BFF36F8F70BD00BFF2
:10C3900080F20020216602004E6602005A6202000E
:10C3A0006566020038B504464FF02003EFF31185AF
:10C3B00083F31288BFF36F8F1D48FEF77FFE68B9C5
:10C3C00088231C4A1C491D4803F06EFA18491C4872
:10C3D00003F06AFA8821174803F05FFA1448FEF761
:10C3E00089FE637B5A0716D41148FEF775FE68B9BB
:10C3F00040F231130F4A1349104803F055FA0C4923
:10C40000114803F051FA40F23111E4E785F3118845
:10C41000BFF36F8F38BD23F0040320466373FFF72B
:10C420009FFE2946BDE838400148FFF775BF00BFB1
:10C43000C0F20020216602007A6602005A62020001
:10C440008F6602004E6602006566020010B54FF06E
:10C450002003EFF3118483F31288BFF36F8F274813
:10C46000FEF72CFE60B98823254A2649264803F0AA
:10C470001BFA2249254803F017FA8821204810E0CA
:10C480001E48FEF737FEEFF3058363B12049FF2313
:10C49000204A1D4803F008FA1F4803F005FAFF215F
:10C4A0001C4803F0FAF91D4B9A68D37B012B0CD181
:10C4B0001B494FF48073174A134803F0F5F91648E7
:10C4C00003F0F2F94FF48071EAE7013BD3730B48B4
:10C4D000FEF702FE68B940F23113094A11490A48D1
:10C4E00003F0E2F90549104803F0DEF940F231119A
:10C4F000C4E784F31188BFF36F8F10BDC0F2002032
:10C50000216602007A6602005A6202008F6602000B
:10C51000EAA9020014AE0200C974020080F20020F1
:10C520003FAE02004E6602006566020010B54FF095
:10C530002003EFF3118483F31288BFF36F8F2A482F
:10C54000FEF7BCFD60B98823284A2949294803F031
:10C55000ABF92549284803F0A7F98821234813E0BF
:10C560002148FEF7C7FD254B9A68D37B73B9244950
:10C5700040F25D43234A1F4803F096F9224803F036
:10C5800093F940F25D411F4803F087F9EFF305800E
:10C5900060B11E4940F25E431A4A164803F084F91E
:10C5A000194803F081F940F25E41ECE70133D3739F
:10C5B000FFF7A2FD0C48FEF78FFD68B940F231137A
:10C5C0000A4A13490B4803F06FF90749114803F071
:10C5D0006BF940F23111C1E784F31188BFF36F8F1B
:10C5E000BDE8104008F089BDC0F2002021660200BD
:10C5F0007A6602005A6202008F66020080F2002012
:10C6000070AE020011AC0200C9740200EAA9020077
:10C610004E6602006566020008B50B4B99420BD1CD
:10C620000A490B4840F2EB430A4A03F03DF940F255
:10C63000EB41084803F031F9D1E9003213605A6048
:10C640000023C1E9003308BDC0DE0020F3AD0200C5
:10C650005A62020011AC020070B590F90D20044638
:10C66000002A437B06DA03F07F03014643731D482B
:10C67000FFF7D2FF637B63F07F0363731A4B9C4227
:10C6800009D11A491A48C3231A4A03F00DF9C321E4
:10C69000184803F002F9184A114651F8183FD069BA
:10C6A0008B4208BF002323B9C4E900100460D461A1
:10C6B0000CE094F90E5093F90E60B5420ED0AE42E4
:10C6C0000CDD5968C4E900310C605C609068031BA4
:10C6D00058425841BDE87040FFF70EBD9842E3D084
:10C6E0001B68E0E798F20020C0DE0020F3AD0200F6
:10C6F0005A62020011AC020080F2002038B54FF0FF
:10C700002003EFF3118583F31288BFF36F8F244862
:10C71000FEF7D4FC68B98823224A2349234803F052
:10C72000C3F81F49224803F0BFF888211D4803F0D1
:10C73000B4F81B48FEF7DEFC1E4B1F4A9C681068CD
:10C74000A04213D1FFF7B0FC1548FEF7C5FC08BBAB
:10C7500040F23113134A1949144803F0A5F810495F
:10C76000174803F0A1F840F23111DFE700211B7CEC
:10C770001160144AD35C002BE6D02046FFF746FC3C
:10C780000028E1D0637BDB0602D12046FFF764FF7F
:10C790002046D7E785F31188BFF36F8F38BD00BF00
:10C7A000C0F20020216602007A6602005A6202008E
:10C7B0008F66020080F20020B4F200204E66020074
:10C7C000656602002BF7002010B590F90D20044695
:10C7D000002A437B06DA03F07F03014643730648D1
:10C7E000FFF71AFF054B9868031B58425841BDE8F4
:10C7F0001040FFF781BC00BF98F2002080F20020BB
:10C8000038B504460D46FFF7DFFF637B43F00203B4
:10C8100063734DB3154BA5609C4209D1144915486B
:10C82000C323154A03F040F8C321134803F035F839
:10C830002B689D4209D16B68C4E900531C606C6091
:10C8400012E06A689342F6D01B68002BF3D094F98B
:10C850000E2093F90E108A42F3D09142F1DD5A680E
:10C86000C4E9003214605C6038BD00BFC0DE002047
:10C87000F3AD02005A62020011AC020070B5154619
:10C880001C460646FFF7BCFFB4F1FF3F08BFB5F1F9
:10C89000FF3F08D02A46234606F118000249BDE8AA
:10C8A000704000F0DFBE70BD0F5102002DE9F0476F
:10C8B000DDE90889DFF8BCA02F4C17462F4BDAF8CA
:10C8C0000820A04205460E461A600BD12C492D487F
:10C8D0004FF471732C4A02F0E7FF4FF471712A484C
:10C8E00002F0DBFF4FF02002EFF3118382F3128896
:10C8F000BFF36F8F2046FEF7E1FB60B98823234A20
:10C900002349204802F0D0FF2146224802F0CCFF04
:10C9100088211E48E4E72046FEF7ECFBDAF8080021
:10C9200042464B463946FFF7A9FF2846FEF7D4FB9F
:10C9300068B9194940F26B13144A124802F0B4FF67
:10C940002946164802F0B0FF40F26B11E1E720469D
:10C95000FEF7C2FB40B9104940F26B130B4A09487D
:10C9600002F0A2FF2146ECE73046BDE8F047EFF7C2
:10C9700085BA00BF80F20020C0F20020B4F200208F
:10C98000A1AE02005A62020011AC02002166020050
:10C990007A6602008F6602004E660200656602003B
:10C9A0002DE9F84304460E464FF02003EFF31189BA
:10C9B00083F31288BFF36F8F3848FEF77FFB07467B
:10C9C00060B98823364A3749374802F06DFF33494A
:10C9D000364802F069FF8821314821E02F48FEF7F0
:10C9E00089FB637B76B2DA061CD1A569D5B9DFF87D
:10C9F000C08003F07F03637321464046FFF70CFEBF
:10CA0000637BA67363F07F0363732A4B9C421DD143
:10CA100029492548C323294A02F046FFC321274854
:10CA200002F03BFF0027A6731C48FEF755FB68BBCE
:10CA300040F231131A4A22491B4802F035FF1749C8
:10CA4000204802F031FF40F23111C5E7434653F868
:10CA50001829424518BF1546DA6925B9C4E900828C
:10CA60001460DC610AE095F90E108E420AD0B142E2
:10CA700008DD6B68C4E900531C606C600120FFF79F
:10CA80003BFBD1E7AA42E9D02D68E6E789F311889C
:10CA9000BFF36F8F3846BDE8F88300BFC0F20020B7
:10CAA000216602007A6602005A6202008F66020066
:10CAB00098F20020C0DE0020F3AD020011AC0200AD
:10CAC0004E6602006566020010B50446806858B9DB
:10CAD0000A490B4840F237330A4A02F0E5FE40F2B9
:10CAE0003731084802F0D9FE2146FFF795FD637BF8
:10CAF00023F0020363730023A36010BDD8AE0200CD
:10CB00005A62020011AC020038B504464FF020030F
:10CB1000EFF3118583F31288BFF36F8F1A48FEF786
:10CB2000CDFA68B98823194A19491A4802F0BCFE9F
:10CB30001549194802F0B8FE8821144802F0ADFEEC
:10CB40001148FEF7D7FAA36813B12046FFF7BCFFE0
:10CB50000D48FEF7C1FA68B940F231130B4A0F498C
:10CB60000C4802F0A1FE08490D4802F09DFE40F27B
:10CB70003111E2E785F31188BFF36F8F04F11800DC
:10CB8000BDE8384000F030BEC0F20020216602004F
:10CB90007A6602005A6202008F6602004E66020048
:10CBA0006566020070B504460D464FF02003EFF3B2
:10CBB000118683F31288BFF36F8F2048FEF77EFA49
:10CBC00068B988231E4A1F491F4802F06DFE1B49A1
:10CBD0001E4802F069FE8821194802F05EFE1748DF
:10CBE000FEF788FA637B13F0280F0CD1A36813B10A
:10CBF0002046FFF769FF637BBDB903F0FB032046C6
:10CC00006373FFF7ADFA0D48FEF766FA80B940F29C
:10CC100031130B4A0E490C4802F046FE07490D48F5
:10CC200002F042FE40F23111D6E703F0EB03E6E7F3
:10CC300086F31188BFF36F8F70BD00BFC0F2002074
:10CC4000216602007A6602005A6202008F660200C4
:10CC50004E6602006566020070B505464FF020037F
:10CC6000EFF3118683F31288BFF36F8F1A48FEF734
:10CC700025FA68B98823194A19491A4802F014FE9E
:10CC80001549194802F010FE8821144802F005FEEB
:10CC90001148FEF72FFA2C68A54215D014B1204692
:10CCA000FFF712FF0C48FEF717FA78B940F231137C
:10CCB0000A4A0E490B4802F0F7FD07490C4802F0FA
:10CCC000F3FD40F23111E0E70024EBE786F3118831
:10CCD000BFF36F8F204670BDC0F2002021660200B6
:10CCE0007A6602005A6202008F6602004E660200F7
:10CCF0006566020070B505464FF02003EFF311861C
:10CD000083F31288BFF36F8F1C48FEF7D7F968B919
:10CD100088231B4A1B491C4802F0C6FD17491B48C3
:10CD200002F0C2FD8821164802F0B7FD1348FEF755
:10CD3000E1F92C68A54219D034B12046FFF7C4FEB2
:10CD400004F1180000F050FD0C48FEF7C5F978B961
:10CD500040F231130A4A0E490B4802F0A5FD07497B
:10CD60000C4802F0A1FD40F23111DCE70024EBE7B2
:10CD700086F31188BFF36F8F204670BDC0F200208C
:10CD8000216602007A6602005A6202008F66020083
:10CD90004E660200656602002DE9F843171E14BFB7
:10CDA00008251025437B04461D420E460AD12B431D
:10CDB000D90903F09F0221D14273082D26D001200A
:10CDC000FFF79AF9364B9B68A34251D1EFF30583E5
:10CDD000002B4DD13348FEF77FF9002835D140F2C2
:10CDE0006B13314A3149324802F05EFD2D4931481A
:10CDF00002F05AFD40F26B112B4837E003F01F039D
:10CE0000014643732C48FFF707FCD6E7A36813B12C
:10CE10002046FFF759FE04F1180000F0E5FC4FF042
:10CE2000000904F15808A56D4545C8D0002DC6D0AD
:10CE30002846FFF749FE05F1180000F0D5FC28460A
:10CE4000C5F87C90FFF78CF9EDE73046EFF716F860
:10CE500027B31A494FF43D73194A154802F024FDCF
:10CE6000184802F021FD4FF43D71154802F015FD00
:10CE70000C48FEF731F968B940F231130A4A0B4900
:10CE80000B4802F011FD07490A4802F00DFD40F27F
:10CE90003111B1E786F31188BFF36F8FBDE8F883D6
:10CEA00080F20020C0F20020216602004E660200DF
:10CEB0005A6202006566020098F20020EFAE02009E
:10CEC00011AC0200FAAE020038B50446183000F08A
:10CED0008BFC4FF02003EFF3118583F31288BFF32F
:10CEE0006F8F1B48FEF7EAF868B98823194A1A4978
:10CEF0001A4802F0D9FC1649194802F0D5FC8821DD
:10CF0000144802F0CAFC1248FEF7F4F8627B12F0F3
:10CF1000100216D00E48FEF7DFF868B940F2311360
:10CF20000C4A10490D4802F0BFFC09490E4802F0B6
:10CF3000BBFC40F23111E3E785F31188BFF36F8F3B
:10CF400038BD29462046BDE83840FFF725BF00BF61
:10CF5000C0F20020216602007A6602005A620200D6
:10CF60008F6602004E66020065660200024B03F106
:10CF70001802C3E90622704780F20020F8B5EFF3EB
:10CF800005836BB13D4940F2E1533D4A3D4802F013
:10CF90008BFC3D4802F088FC40F2E151384817E034
:10CFA0004FF02003EFF3118683F31288BFF36F8FE6
:10CFB0003648FEF783F868B98823354A3549314841
:10CFC00002F072FC3149344802F06EFC882130488E
:10CFD00002F063FC314C2D48FEF78CF8A16804F197
:10CFE00018054B7B284603F07F034B73FFF714FBB8
:10CFF000A3685A7B62F07F025A73294A934207D191
:10D000002849C3231E4A1F4802F04EFCC321C5E72E
:10D01000A269E169AA4208BF002222B9C3E900510E
:10D020000B60E3610CE093F90E0092F90E70B842C8
:10D030001BD0874219DD5168C3E900210B605360A2
:10D040000120FFF759F81148FEF746F888B940F279
:10D050006B130F4A14490B4802F026FC0B49134886
:10D0600002F022FC40F26B11B1E78A42D6D012687E
:10D07000D3E73046BDE8F840EEF700BFEAA902006A
:10D0800011AC02005A620200C9740200C0F2002012
:10D09000216602007A6602008F66020080F200209C
:10D0A000C0DE0020F3AD02004E660200656602009D
:10D0B0002DE9F04105460E46EFF305836BB140497B
:10D0C00040F2FD533F4A404802F0EEFB3F4802F079
:10D0D000EBFB40F2FD513B4825E050EA010303D150
:10D0E000FFF74CFF002068E0821C71F1FF331CDB6E
:10D0F00008F025F82C184FF02003EFF3118883F384
:10D100001288BFF36F8F3248FDF7D8FF88B98823A4
:10D11000304A31492C4802F0C7FB2D492F4802F014
:10D12000C3FB88212B4802F0B8FB6FF00104241ADE
:10D13000E1E72B4F2648FDF7DDFFB868294B186063
:10D14000FFF742FBB8682A4633461830264900F0FC
:10D1500089FABA681E48537B43F010035373FDF7F6
:10D16000BBFF68B940F26B131A4A2049164802F017
:10D170009BFB17491E4802F097FB40F26B11D1E769
:10D180004046EEF77BFEBB685B7BDB060CD519499E
:10D1900040F219630B4A0C4802F086FB0B4802F080
:10D1A00083FB40F2196196E707F0C9FF201A63EB91
:10D1B0000303012873F1000394DBBDE8F08100BF95
:10D1C000EAA9020011AC02005A620200C97402000E
:10D1D000C0F20020216602007A6602008F6602001B
:10D1E00080F20020B4F200200F5102004E660200CF
:10D1F000656602001CAF020008B5EFF3058373B14A
:10D2000012494FF4C563124A124802F04DFB12480E
:10D2100002F04AFB4FF4C5610D4802F03EFBB1F14C
:10D22000FF3F08BFB0F1FF3F06D10C4B9868FFF7F6
:10D230004BFE4FF0FF3008BDFFF73AFF4FF47A7313
:10D2400080FB0303C00B40EA4340F4E7EAA9020075
:10D2500011AC02005A620200C974020080F2002080
:10D26000014B9868704700BF80F2002038B5044633
:10D270004FF02003EFF3118583F31288BFF36F8F14
:10D280002848FDF71BFF68B98823274A2749284803
:10D2900002F00AFB2349274802F006FB88212248B6
:10D2A00002F0FBFA1F48FDF725FF237BDA0724D5A0
:10D2B0001C48FDF711FF68B940F231131A4A1E49A4
:10D2C0001B4802F0F1FA17491C4802F0EDFA40F24F
:10D2D0003111E4E785F31188BFF36F8F40F2577384
:10D2E000174A1849124802F0DFFA2146164802F0A0
:10D2F000DBFA40F257711248D2E7637B1B0709D56E
:10D300000848FDF7E9FE0028D6D085F31188BFF361
:10D310006F8F38BD29462046BDE838400122FFF70F
:10D320003BBD00BFC0F20020216602007A66020009
:10D330005A6202008F6602004E66020065660200B5
:10D3400011AC020079B202005CAF02002DE9F84393
:10D350000646884617464FF02003EFF3118983F302
:10D360001288BFF36F8F2248FDF7A8FE054668B903
:10D370008823204A2049214802F096FA1C49204877
:10D3800002F092FA88211B4802F087FA1848FDF74C
:10D39000B1FE3468A6421FD004B32046C4F87C8096
:10D3A0006761FFF791FB04F1180000F01DFA2046B9
:10D3B000FEF7D6FE0E48FDF78FFE88B940F2311316
:10D3C0000C4A10490D4802F06FFA09490E4802F064
:10D3D0006BFA40F23111D6E70025EBE72546E9E785
:10D3E00089F31188BFF36F8F2846BDE8F88300BF2B
:10D3F000C0F20020216602007A6602005A62020032
:10D400008F6602004E66020065660200D3B5DDE954
:10D410000667089CCDE90067FFF748FA1CB1034B8B
:10D420009B685B69236002B0D0BD00BF80F2002022
:10D4300038B504464FF02003EFF3118583F31288CB
:10D44000BFF36F8F1C48FDF739FE68B988231B4A6C
:10D450001B491C4802F028FA17491B4802F024FA1D
:10D460008821164802F019FA1348FDF743FE2046BA
:10D47000FFF740FC48B10022C267FEF7BBFE294619
:10D480000D48FEF749FF002038BD0B48FDF724FE8C
:10D4900068B940F23113094A0C490A4802F004FA0B
:10D4A00005490B4802F000FA40F23111D9E785F343
:10D4B0001188BFF36F8FE6E7C4F2002021660200F7
:10D4C0007A6602005A6202008F6602004E6602000F
:10D4D000656602002DE9F34105460C4617461E46D7
:10D4E0004FF02003EFF3118883F31288BFF36F8F9F
:10D4F0001548FDF7E3FD68B98823144A1449154817
:10D5000002F0D2F91049144802F0CEF988210F48F0
:10D5100002F0C3F90C48FDF7EDFD2046FDF716FEBD
:10D520002A464146CDE900760748FFF7BFF9054690
:10D530004FF0FF324FF0FF332046FDF797FE2846AD
:10D5400002B0BDE8F08100BFC4F2002021660200F5
:10D550007A6602005A6202008F66020008B5064829
:10D56000064A0749121A07F0C2FCBDE80840054AFE
:10D570000549064807F0BBBC80C500208CD30020BD
:10D580003CB302000000000024B3020080C500206C
:10D59000034B1B680BB9F6F79BBC0020704700BF1C
:10D5A000C8F2002010B50E4B1C689C4204D1FFF756
:10D5B000EFFF6FF0004010BDFFF7EAFF002CF8D03E
:10D5C000D4E904321B1A62EBE072B3F1004F72F13E
:10D5D0000001EEDA002AACBF18460020EBE700BFDE
:10D5E000D4CF002030B570B10B4B5B6898420AD0A5
:10D5F000036843B1D3E90421D0E90445121941EB92
:10D600000501C3E90421D0E9003213605A60002308
:10D61000C0E9003330BD00BFD4CF002070B504682E
:10D62000D4B100240E4A254613685168934208BFBE
:10D63000002333B9FFF7ACFF0346201A65EBE37113
:10D6400070BDD3E90426A41845EB06058342F1D04A
:10D650009942EFD01B68ECE720462146F0E700BF77
:10D66000D4CF0020B3F1FF3F08BFB2F1FF3F2DE957
:10D67000F047044692461D4600F09B80066866B15E
:10D680004D496E234D4A4E4802F00EF94D4802F0C6
:10D690000BF96E21494802F000F981604FF0200338
:10D6A000EFF3118783F31288BFF36F8F4648FDF7BE
:10D6B00005FD60B98823454A4549414802F0F4F820
:10D6C0004149444802F0F0F888214048E3E73E48E9
:10D6D000FDF710FDBAF1FF3F75F1FF3323DA6FF06C
:10D6E00001033D49D1E900209B1A4FF0FF3262EB64
:10D6F0000000B3EB0A0360EB0500012B70F10002A0
:10D7000001DA01233046C4E90430344B1A68D3F8F7
:10D7100004C09A4218BF164686B9C4E9003CCCF84A
:10D7200000405C601CE0FFF733FF1AF1010845F18F
:10D73000000518EB000345EBE070E4E7D6E90415BB
:10D74000D4E904208A4270EB050E25DA891A726842
:10D7500065EB0005C6E90415C4E900621460746055
:10D760001A689A4206D0944204D1FFF71BFF0021A9
:10D77000F6F788FB1448FDF7AFFCB0B940F231135F
:10D78000124A17490E4802F08FF80F49154802F067
:10D790008BF840F2311198E7521A60EB05006645AC
:10D7A000C4E90420B9D03668B6E787F31188BFF31F
:10D7B0006F8FBDE8F08700BF9FAF02007BAF020014
:10D7C0005A620200C9740200CCF2002021660200F5
:10D7D0007A6602008F660200E8DF0020D4CF0020C6
:10D7E0004E6602006566020038B504464FF020031D
:10D7F000EFF3118583F31288BFF36F8F1A48FDF79B
:10D800005DFC68B98823194A19491A4802F04CF896
:10D810001549194802F048F88821144802F03DF8EB
:10D820001148FDF767FC2368ABB12046FFF7DAFE2D
:10D8300000240D48FDF750FC80B940F231130B4A2B
:10D840000E490C4802F030F807490D4802F02CF858
:10D8500040F23111E1E76FF01504EAE785F3118832
:10D86000BFF36F8F204638BDCCF200202166020046
:10D870007A6602005A6202008F6602004E6602005B
:10D880006566020070B504464FF02003EFF3118681
:10D8900083F31288BFF36F8F1948FDF70FFC68B947
:10D8A0008823184A1849194801F0FEFF14491848FE
:10D8B00001F0FAFF8821134801F0EFFF1048FDF74F
:10D8C00019FC2046FFF7AAFE05460D480C46FDF759
:10D8D00003FC68B940F231130A4A0E490B4801F0C3
:10D8E000E3FF07490C4801F0DFFF40F23111E2E7A6
:10D8F00086F31188BFF36F8F2846214670BD00BFA5
:10D90000CCF20020216602007A6602005A62020010
:10D910008F6602004E660200656602002DE9F84F30
:10D9200004464FF02003EFF3118883F31288BFF30E
:10D930006F8F4848FDF7C2FB68B98823464A4749BC
:10D94000474801F0B1FF4349464801F0ADFF882147
:10D95000414801F0A2FFDFF81091DFF810B13D4817
:10D96000FDF7C8FBCBF80040D9F8004000264C4535
:10D9700008BF00240027DFF8F8A0DBF80030DAE960
:10D980000021002C4BD0D4E904504FEAE37CAB4299
:10D990007CEB000E05DAED1A60EB0C00C4E90450D4
:10D9A0003DE0AA1841EBE5712046C4E90467CAE9E5
:10D9B0000021FFF717FE2748FDF78EFB68B940F2FC
:10D9C0003113254A2B49264801F06EFF21492A4888
:10D9D00001F06AFF40F23111BAE788F31188BFF312
:10D9E0006F8F2046A36898474FF02003EFF311880C
:10D9F00083F31288BFF36F8F1648FDF75FFB002893
:10DA00009BD01448FDF776FBDBF80030D9F80040D6
:10DA10005B1B4C45CBF80030AFD1DAE90021002484
:10DA20009A1841EBE371CAE90021CBF80040FFF7F7
:10DA3000B9FD2146F6F726FA0648FDF74DFB00280A
:10DA4000BDD088F31188BFF36F8FBDE8F84FFEF7A4
:10DA500055BE00BFCCF20020216602007A660200AB
:10DA60005A6202008F660200D4CF0020C8F2002064
:10DA7000E8DF00204E6602006566020070B54FF0D8
:10DA80002003EFF3118683F31288BFF36F8F1B48D7
:10DA9000FDF714FB68B98823194A1A491A4801F09E
:10DAA00003FF1649194801F0FFFE8821144801F0D0
:10DAB000F4FE1248FDF71EFBFFF76AFD144AD2E997
:10DAC0000045041945EBE0750C48FDF705FB68B906
:10DAD00040F231130A4A0F490B4801F0E5FE0749AD
:10DAE0000D4801F0E1FE40F23111DFE786F31188C5
:10DAF000BFF36F8F2046294670BD00BFCCF20020D7
:10DB0000216602007A6602005A6202008F660200F5
:10DB1000E8DF00204E66020065660200F8B50446A4
:10DB20004FF02003EFF3118783F31288BFF36F8F59
:10DB30004F48FDF7C3FA68B988234E4A4E494F480B
:10DB400001F0B2FE4A494E4801F0AEFE8821494834
:10DB500001F0A3FE4648FDF7CDFA226892B1444891
:10DB6000FDF7BAFA00287DD140F23113414A454908
:10DB7000424801F099FE3E49434801F095FE40F2CB
:10DB80003111E4E7D4E90A36581C46F100010228B5
:10DB900071F1000127D3012B76F10001BCBF0123F5
:10DBA00016465D1E46F1FF3607F0CDFA013041F111
:10DBB0000001401946EB0101012871F100014CDB25
:10DBC00007F0C1FA013041F100016FF00102401984
:10DBD00046EB01034FF0FF31121A61EB03032046BD
:10DBE0002A49FFF73FFD236B01332363236ADBB12F
:10DBF0001F48FDF771FA0028B6D087F31188BFF3EC
:10DC00006F8F2046236A98474FF02003EFF3118768
:10DC100083F31288BFF36F8F1548FDF74FFA002882
:10DC20008AD01348FDF766FA54F8185FA54296D0DB
:10DC3000002D94D02846FEF725FB00230C48EB6707
:10DC4000FDF74AFA00288FD087F31188BFF36F8F52
:10DC50002846BDE8F840FEF7CDBA6FF001024FF05C
:10DC6000FF33BCE787F31188BFF36F8FF8BD00BFA8
:10DC7000D0F20020216602007A6602005A62020099
:10DC80008F6602004E660200656602001DDB010021
:10DC90002DE9F843064614461D46914698464FF036
:10DCA0002003EFF3118783F31288BFF36F8F2948A6
:10DCB000FDF704FA68B98823274A2849284801F063
:10DCC000F3FD2449274801F0EFFD8821224801F0A7
:10DCD000E4FD2048FDF70EFAB5F1FF3F08BFB4F1AF
:10DCE000FF3F11D11B48FDF7F7F960BB40F231133C
:10DCF000194A1D491A4801F0D7FD16491B4801F081
:10DD0000D3FD40F23111E1E7631C75F1FF330ADB0B
:10DD1000012C75F100032246BCBF0122002512F13F
:10DD2000FF3945F1FF383046FFF75EFDDDE9082396
:10DD3000C6E90A2300234A463363304643460C496A
:10DD4000FFF790FCCEE787F31188BFF36F8FBDE834
:10DD5000F88300BFD0F20020216602007A6602003C
:10DD60005A6202008F6602004E660200656602007B
:10DD70001DDB010014232DE9F04115460C46002659
:10DD800003FB01004C4F0CB9BDE8F08110F8073CD3
:10DD9000A0F1140803F03F0340F80C6C082B42D8A4
:10DDA000DFE803F05525054116414141330050F8A5
:10DDB000043C002B42D14149B723414A414801F07C
:10DDC00073FD414801F070FDB7213D4801F065FD4C
:10DDD00050F8043C002B31D13C49BB23384A394828
:10DDE00001F062FD3A4801F05FFDBB21EDE750F81C
:10DDF000043C1BBB3749BF23314A324801F054FD74
:10DE0000354801F051FDBF21DFE750F8043CABB9C4
:10DE10003249C3232A4A2B4801F046FD304801F01D
:10DE200043FDC321D1E72F49D023254A254801F0DE
:10DE30003BFD2D4801F038FDD021C6E750F8143CD9
:10DE40002BB150F8102C13605A6040E90566384633
:10DE5000FDF742F970B940F23113244A24491948B8
:10DE600001F022FD1449234801F01EFD40F231115A
:10DE70001E48ABE785F31188BFF36F8F4FF0200387
:10DE8000EFF3118583F31288BFF36F8F3846FDF7E8
:10DE900015F9013C58B98823144A1749094801F07B
:10DEA00003FD0549154801F0FFFC8821E0E73846ED
:10DEB000FDF720F9404666E7D4F20020E0AF02000B
:10DEC000BFAF02005A620200FAAF02000FB00200B8
:10DED0002BB002003CB0020059B0020070B002004A
:10DEE0008BB0020079B20200A4B0020021660200E9
:10DEF0004E660200656602007A6602008F660200C6
:10DF00002DE9F74F00268846154604463746B246A7
:10DF1000DFF8C0910193464503DB384603B0BDE806
:10DF2000F08F4FF02003EFF3118B83F31288BFF3D0
:10DF30006F8F4846FDF7C2F860B98823664A674983
:10DF4000674801F0B1FC6349664801F0ADFC8821E7
:10DF5000614862E04846FDF7CDF8637B03F03F037C
:10DF6000082B4CD8DFE803F02D3F054B294B4B4BDA
:10DF7000450023699B6823B30223E268C4F808A024
:10DF8000C2F386310B4363F39432E26085F800A05C
:10DF90004846FDF7A1F81434002840F0948040F280
:10DFA00031134D4A50494E4801F07EFC49494F48D3
:10DFB00001F07AFC40F23111CAE723691B68002B9B
:10DFC0002DD1019B002BE3D12B78002BE0D0637B7C
:10DFD00003F03F03082B6BD8DFE803F03549236AD1
:10DFE000386A6A6A590023699B68002BE9D00123CB
:10DFF000C3E723695B6A002BE3D01023BDE76423EA
:10E000003B4A3C49364801F04FFC617B3A4801F0FD
:10E010003F0101F049FC6421354801F03EFC042336
:10E02000ABE7206950B935498E23314A2C4801F0BD
:10E030003BFC334801F038FC8E21EDE72A462146AF
:10E04000103007F0F0F8A5600137A1E7206950B95A
:10E050002C499223264A224801F026FC2A4801F046
:10E0600023FC9221D8E72A4621461430E9E72069AB
:10E0700050B9264996231E4A194801F015FC244838
:10E0800001F012FC9621C7E72A462146D9E720690C
:10E0900050B920499A23164A114801F005FC1E4840
:10E0A00001F002FC9A21B7E72A4621462830C8E74A
:10E0B0001049A7230E4A0A4801F0F6FB174801F061
:10E0C000F3FBA721A8E78BF31188BFF36F8F01360D
:10E0D00021E700BFD4F20020216602007A66020028
:10E0E0005A6202008F6602004E66020065660200F8
:10E0F000BFAF020079B20200BAB00200E0AF020086
:10E10000FAAF02000FB002002BB002003CB00200D8
:10E1100059B0020070B002008BB00200A4B002003F
:10E1200008B562B117492E23174A184801F0BCFB05
:10E13000174801F0B9FB2E21134801F0AEFB3F292F
:10E140000AD914493023104A104801F0ADFB124897
:10E1500001F0AAFB3021EFE753B9104931230A4AF5
:10E160000A4801F0A1FB0E4801F09EFB3121E3E7D4
:10E1700082600902027B01F47C511143C0E9031360
:10E1800008BD00BFD7B00200BFAF02005A62020054
:10E19000F7B002001DB1020041B1020051B102000E
:10E1A00064B102002DE9F74F1E465D4B1746D3F8C8
:10E1B00008800123054608F1600288F8603088F87D
:10E1C0006130EFF3058BBBF1000F0ED055494FF4D2
:10E1D0009573554A554801F067FB554801F064FBBB
:10E1E0004FF49571504801F058FB60B9514940F225
:10E1F0002B134D4A4D4801F057FB4F4801F054FB9B
:10E2000040F22B11EEE700290CDA4C494FF49673DB
:10E21000454A464801F048FB494801F045FB4FF4A8
:10E220009671DFE757EA06030CBF01230023FFF7CF
:10E2300067FE81464FF02003EFF3118A83F31288C3
:10E24000BFF36F8F3F48FCF739FF60B988233E4A20
:10E250003E49364801F028FB3A493D4801F024FB8D
:10E2600088213948BFE73748FCF744FF98F86040F9
:10E27000F4B9284652464946FFF77CFD3148FCF781
:10E280002BFF68B940F231132F4A3249274801F079
:10E290000BFB2C49304801F007FB40F23111E0E75D
:10E2A0008AF31188BFF36F8F204603B0BDE8F08F6B
:10E2B00057EA060388F860B00BD12248FCF70CFF40
:10E2C0000028DFD08AF31188BFF36F8F6FF00A0444
:10E2D000EAE75146CDE90076204A1A48FEF7E6FA09
:10E2E00004464FF02003EFF3118683F31288BFF347
:10E2F0006F8F1448FCF7E2FE0028A7D01148FCF706
:10E30000F9FE284632464946FFF734FD0D48FCF732
:10E31000E3FE0028B6D086F31188BFF36F8FC3E702
:10E3200080F20020EAA90200BFAF02005A62020098
:10E33000C97402007EB1020094B10200A3B10200D0
:10E34000B3B10200D4F20020216602007A66020016
:10E350008F6602004E66020065660200DCCF002078
:10E3600070B504460D464FF02003EFF3118683F39A
:10E370001288BFF36F8F1C48FCF7A0FE68B9882392
:10E380001A4A1B491B4801F08FFA17491A4801F035
:10E390008BFA8821154801F080FA1348FCF7AAFE91
:10E3A0002068844209D0D0E9003213605A6000230B
:10E3B0002946C0E9003306F067FF0B48FCF78CFEE6
:10E3C00068B940F23113094A0C490A4801F06CFA65
:10E3D00005490B4801F068FA40F23111DAE786F39B
:10E3E0001188BFF36F8F70BDD4F200202166020048
:10E3F0007A6602005A6202008F6602004E660200D0
:10E400006566020070B504460D464FF02003EFF339
:10E41000118683F31288BFF36F8F2148FCF74EFEFD
:10E4200068B988231F4A2049204801F03DFA1C4959
:10E430001F4801F039FA88211A4801F02EFA1848CD
:10E44000FCF758FE01212068E5608442A16011D1EB
:10E450001348FCF741FEE8B940F23113114A15495F
:10E46000124801F021FA0E49134801F01DFA40F25A
:10E470003111E1E7D0E9003213605A600023C0E9AE
:10E48000003306F001FF314604460548FDF744FF1E
:10E49000204670BD86F31188BFF36F8F0024F7E725
:10E4A000D4F20020216602007A6602005A6202005D
:10E4B0008F6602004E6602006566020004322DE996
:10E4C000734306460D4620D24FF000084FF0000976
:10E4D00041F00401CDE90089FCF7C8FA0446A0B177
:10E4E00044F8046B95B16B1E1C420FD02523094ADA
:10E4F00009490A4801F0D8F9214609482A4601F09D
:10E50000D3F92521034801F0C8F90024204602B0C0
:10E51000BDE87083C0B10200E4B102005A6202009B
:10E5200016B2020003280A4608B501D983070CD0A9
:10E5300010494223104A114801F0B6F9104801F081
:10E54000B3F942210C4801F0A8F9431E03420AD056
:10E550000C494623084A094801F0A6F90A4801F087
:10E56000A3F94621EEE70146BDE808400748FFF75A
:10E57000A5BF00BF3EB20200C0B102005A62020055
:10E580007BB20200B8640200D3640200F0D0002025
:10E59000014B0367704700BFF0D0002038B5044638
:10E5A0000D4606F0CEFC20B9064B9B681B6F0BB9DD
:10E5B00038BD054B2A4621461846BDE83840FFF7CE
:10E5C0007DBF00BF80F20020F0D00020014800F0A5
:10E5D00004BF00BFA8B202001FB50024084B4FF4CF
:10E5E0009062029302AB009306494FF0FF33064856
:10E5F0008DF80C40FDF79EFB204604B010BD00BF17
:10E60000D6B2020050170120F0DF00200CB430B564
:10E6100089B005460C461C22002101A807F014F819
:10E62000022305958DF806300D4B029323462CB13D
:10E63000B4F1004F28BF4FF00043013B1D440DAA29
:10E640000C9901A80695009200F0C0F914B1059B41
:10E6500000221A7009B0BDE8304002B0704700BF18
:10E66000AD5602000EB470B589B004461C220021DC
:10E670000DAD01A855F8046B06F0E6FF022301A8D2
:10E680002A4631468DF80630094B0594029304F171
:10E6900000430095013B069300F098F90028A4BFC1
:10E6A0000023235409B0BDE8704003B0704700BF99
:10E6B000AD5602000EB470B589B005461C2200218B
:10E6C0000DAC01A854F8046B06F0BEFF012301A8AD
:10E6D000224631468DF80630054B0595039300948C
:10E6E00000F0CEFB09B0BDE8704003B0704700BF3A
:10E6F00099560200242A2DE9F041044601D8012A46
:10E700004CD1364B162206F0F3FF1A5001B10C60C3
:10E7100000273846BDE8F08135462E4616F8010B35
:10E720002028F9D0A0F109070346042FF4D92B289B
:10E7300036D02D2837D14FF0010CAE1C6B78302B22
:10E7400038D1307840F0200078282FD132F01000F6
:10E750002CD173783446102202360CF10040002789
:10E760000138B0FBF2FE02FB1E08392B82BF03F119
:10E77000FF3343F02003263B303B9A421ED97745B6
:10E7800002DC03D1984501D24CF0020C354607FB60
:10E790000237344615F8013B2E46E6E70546BCE74E
:10E7A0004FF0000CC9E74FF0000CC8E7002A08BF83
:10E7B0000822D2E7002A08BF0A22CEE701B10C6086
:10E7C0001CF0010F18BF7F421CF0020FA1D0034BB9
:10E7D0002222074606F08CFF1A509AE70C00000030
:10E7E000242A2DE9F84F8046894601D8012A60D1B4
:10E7F000424B162206F07CFF1A50B9F1000F01D0EF
:10E80000C9F80080002319461846BDE8F88F314644
:10E810000E4616F8013B202BF9D0A3F109001C4647
:10E820000428F4D92B2B46D02D2B46D101278E1C42
:10E830004C78302C48D1337843F02003782B3ED1EC
:10E8400032F010033BD17478B0461025023617F130
:10E85000FF3B6FF000432A4643F1000A584600236D
:10E860005146EAF751FA00238C461946392C82BFEB
:10E8700004F1FF3444F02004263C303CA54228D962
:10E8800098427CEB010E05DB614508BF834203D152
:10E89000A24201D247F00207A5FB033EB04605FBAA
:10E8A00001EEE3184EF10001B6461EF8014B764624
:10E8B000DCE70146ACE70027B9E70027B9E7002A03
:10E8C00014BF15460825C2E7002A14BF15460A25BD
:10E8D000BDE7B9F1000F01D0C9F80080F80702D5F3
:10E8E0005B4261EB4101BA078ED5044A222406F04F
:10E8F000FFFE5B465146145086E700BF0C00000047
:10E90000242AF0B5044601D8012A40D12E4B162204
:10E9100006F0EEFE1A5001B10C600020F0BD2F464B
:10E920003D4615F8010B2028F9D0A0F10906034651
:10E93000042EF4D92B282CD02D282CD10126BD1C37
:10E940007B78302B2DD1287840F02000782824D1F6
:10E9500032F0100021D16B782C46102202350020B5
:10E96000392B82BF03F1FF3343F02003263B303BBA
:10E970009A421AD9A0FB02040CB9C01801D346F080
:10E9800002062F462C4617F8013B3D46E8E70746AE
:10E99000C6E70026D3E70026D3E7002A08BF0822EF
:10E9A000DDE7002A08BF0A22D9E701B10C60F207AF
:10E9B00048BF4042B307B1D5034B222206F098FE70
:10E9C0001A504FF0FF30A9E70C0000002DE9F04F7E
:10E9D00043688DB015468046029383789A0740F1CC
:10E9E0000D8100240E78002E00F00A81252E0BD018
:10E9F0004B1C0393013441463046029B9847002844
:10EA0000C0F2F6800399EDE74E788B1C252E039318
:10EA1000F0D00027B946BB46BBF11F0F38D8A6F18E
:10EA20002003102B0AD8DFE803F02A09093009096E
:10EA3000092109090928092D09091F00A6F1300338
:10EA4000092B33D92A2E37D11BF0400F55F8043B40
:10EA500040F08280002BA7BF4BF0200B9946C3F1FA
:10EA600000094BF0280B01E04BF0010B039B13F85E
:10EA7000016B0393002ECFD130E04BF0020B4BF033
:10EA8000040BF3E74BF0080BF0E74BF0100BEDE74E
:10EA9000BBF17F0F19D8A6F13003092BD2D81BF098
:10EAA000400F03D00A2101FB0737DFE70A214BF0B3
:10EAB000200B01FB0939D9E72E2E06D11BF0400FA0
:10EAC00040F09E804BF0400BD0E76C2E31D02BD81D
:10EAD000682E36D06A2E3CD04C2E3AD0002F46F00D
:10EAE0002003B8BF2BF04002A3F16501BCBF002793
:10EAF0001FFA82FB022901D9612B2FD10735072785
:10EB0000DFF8ACA225F0070508351BF0080F66D02A
:10EB10000AEB070B56465E4563D1A4EB0A0AA9EB44
:10EB2000070906EB0A026FE1742E9FD07A2E9DD062
:10EB3000D4E71BF0800F18BF4BF4007B4BF0800B29
:10EB400094E71BF4807F18BF4BF4007B4BF4807B71
:10EB50008CE74BF4207B89E71F4687E7A6F163012A
:10EB6000122900F2F080DFE811F013004F00EE00F0
:10EB7000EE00EE00EE004F00EE00EE00EE00EE00C4
:10EB8000EE00FE00E900EE00EE001B00EE00AF001C
:10EB900055F8043B01270DF1180A8DF81830B4E739
:10EBA00055F804AB834BBAF1000F08BF9A461BF02F
:10EBB000400F504614BF39464FF0FF3106F05BFC62
:10EBC0000746A2E741462020029B984700280FDB1A
:10EBD000013EB742F6D34C44B146A41B98E74E46DB
:10EBE000F7E7414616F8010B029B9847002892DA96
:10EBF00098F8023043F0040388F802304FF0FF34F5
:10EC000020460DB0BDE8F08F1BF0800F34D01BF410
:10EC1000007F2CD0073525F00705AA4669685AF809
:10EC2000080B2BF010050029ADB237DA404245F44D
:10EC3000806561EB41010DF1180B0A235A4606F07D
:10EC400052FCA0EB0B0301936B0662D5019B25F0F0
:10EC500001019F4289B240F3A180002E00F099800B
:10EC600015F0100240F09C80BB460D4623E0AA46FA
:10EC70005AF8040BC117D4E7AA461BF4807F5AF850
:10EC8000041B01D10846F5E71BF4007F19BF48B209
:10EC900041F3C01108B241F3C031C2E750EA0103A9
:10ECA000C9D11BF0400FC6D0002FC4D12BF01102E8
:10ECB000BB46019795B240F2064115EA01021CBF1E
:10ECC0000BF1010B00222CE02BF010020A231FFA9B
:10ECD00082FB1BF0800C49D01BF4007115BF073577
:10ECE000AA4625F007055AF8040B1EBFAA46696814
:10ECF0005AF8080B50EA010545D12BF016051BF018
:10ED0000400FADB242D0002F40D12BF01702019737
:10ED100095B215F0100248D0019B002E42D103F1AC
:10ED2000010B29075AD4EB0706D5D9456FDDA9EBAE
:10ED30000B030199CB465F185B4649E04BF0100B83
:10ED400010237826C5E7782B04D1C6F1780343F069
:10ED50001003BEE741462520029B98470028FFF696
:10ED600047AF023447E608230026B2E7AA461BF461
:10ED700080715AF8040BBDD01BF400711ABFC0B2E9
:10ED8000614680B2B6E72BF0060295B20DF1180B82
:10ED900054E725F01105BB46ADB28CE70D46B8E748
:10EDA0003B460D4603F1020BBBE7DDF804B082E7FA
:10EDB000E6B20200DFB20200CDE904324146202073
:10EDC000029B98470028FFF613AF049B059A013376
:10EDD0009945F1DCA4EB0B019B46CC180AB34146E4
:10EDE0003020029B98470028FFF602AF8EB901340D
:10EDF0002744391B019B994224DC1D4655BB019ACF
:10EE0000A9EB0B09554622441446914433E0019F77
:10EE100092E7023441463046029B98470028E7DAE1
:10EE2000E6E640F206410D42E2D015F0020F04F191
:10EE30000104414614BF2B20202015F4806F18BF19
:10EE40002D20E9E741463020029B013498470028F5
:10EE5000CFDACDE606AB013D4146585D029B9847AF
:10EE60000028CBDAC4E641462020029B01349847B3
:10EE70000028FFF6BDAEA9EB0403002BF3DCC1E5CF
:10EE80002DE9F04F8046002091B082460292079013
:10EE90000D4615F8014BACB1202C17D0A4F1090395
:10EEA000042B13D9252C17D007A9404606F071FB77
:10EEB000031EC0F2FF80DBB2A3420BD007AA41467B
:10EEC00006F087FB504611B0BDE8F08F07A9404619
:10EED00006F08AFB2946DBE74C788D1C252CE3D015
:10EEE0002A2C21D1CD1C8C7801264FF0000906E098
:10EEF0000A2246F0020615F8014B02FB0939A4F17B
:10EF00003003DBB2092BF3D916F0020F08BF4FF024
:10EF1000FF396C2C35D009D8682C26D06A2C3ED00D
:10EF20004C2C37D034B9CDE70026DEE7742C33D033
:10EF30007A2C31D02146A54806F051FA0028C1D0DC
:10EF400016F001030CBFDDF808B00027039304BFDF
:10EF50005BF8047BCDF808B06E2C23D1079A002310
:10EF60003846009606F01FFBB4E72C78682C03D0D7
:10EF700046F020060135D5E746F030066C780235BC
:10EF8000D0E72C786C2C02D046F00406F2E746F06D
:10EF90000C06F3E746F00C0615F8014BC2E746F005
:10EFA0000806F9E7632C18D116F0020F08BF4FF0DE
:10EFB000010907A9404606F0ECFA00287ADB0FB1F8
:10EFC00007F8010BB9F10109F3D1039B002B81D1A3
:10EFD0000AF1010A5FFA8AFA7CE75B2C7FD12022D2
:10EFE00000210DEB020006F02FFB00224FF0010C78
:10EFF00016461146144615F8013B002B54D05E2BE3
:10F0000003D1F2B901240132F5E7A24219DD5D2BEB
:10F010001FD02D2B15D1C1B110A803F00701B342A9
:10F0200000EBD3000CFA01F110F820EC41EA0E01DC
:10F0300000F8201C0BD034BF013303F1FF33DBB2E7
:10F04000EAE7002908BF1E46E6E70121DBE70021C9
:10F05000D9E729B19DF8253043F020038DF82530FC
:10F060004CB120230DEB03021178013B6FEA010143
:10F0700002F8011BF8D1012407A9404606F089FADD
:10F08000031E10DBC3F3C401DAB203F007034031FF
:10F09000694411F8201C41FA03F3D90711D407AAD7
:10F0A000414606F096FAA4B198F8023013F00C0F1E
:10F0B0003FF408AFBAF1000F14BF50464FF0FF30D5
:10F0C00001E70FB107F8012BB9F101094FF0000476
:10F0D000D2D1002F3FF479AF00233B7075E707A929
:10F0E000404606F081FA0028E4DB6F2C54D035D876
:10F0F000642C53D0693C18BF0124240107A9404661
:10F1000006F047FA2B2803D02D280AD146F04006F6
:10F11000B9F10109C8D007A9404606F03AFA00281B
:10F12000C2DB30286DD1B9F10102049206D007A9E3
:10F13000404606F02EFA0028049A31DA4FF0000912
:10F14000CB46730603D5D9F100096BEB4B0B4A464E
:10F150005B463846009606F026FA36E7732C0AD04E
:10F16000752C0CBF0A241024C8E70FB107F8010B57
:10F17000B9F10109ADD007A9404606F00AFA002806
:10F18000A7DB202803D0A0F10903042BEDD807AAA0
:10F19000414606F01EFA9CE70824AFE70A24ADE7D3
:10F1A00040F0200346F08006782B11D134F0100394
:10F1B00011D1B9F102020492C0D007A9404606F06D
:10F1C000E8F90028049AB9DB102404E0EEB202004A
:10F1D000002C08BF08244FF00009CB46392801460F
:10F1E00082BF00F1FF3141F02001263930398C42D5
:10F1F0000CD807AA414606F0ECF932067FF554AF69
:10F200009FE74A46002CE6D10A24E4E7A4FB0990D4
:10F2100046F0800611EB090904FB0B0040F1000BDE
:10F22000013ACDE904228CD007A9404606F0B1F995
:10F230000028049AD2DA84E7F0B589B005460C4676
:10F24000164600211C2201A81F4606F0FDF90223E4
:10F25000204605958DF806300A4B02932CB1B4F187
:10F26000004F28BF4FF00040013805443A46314670
:10F2700001A80695FFF7AAFB14B1059B00221A709E
:10F2800009B0F0BDAD56020070472DE9F0470646C3
:10F290000D46174698462BB34FF0000A98F80040E9
:10F2A00093F80190DB78A40004EB430498F8023053
:10F2B0001C444444CA4509D339463046AC46D8F8C4
:10F2C000042008F10803BDE8F047604714F8013B4B
:10F2D0000AF1010A204648F82340E9F78FFE013081
:10F2E0000444E7E76FF01500BDE8F08770B500252E
:10F2F00002462846144614F8013B0BB9184609E0AB
:10F3000098B18D4207D1702B04D0A3F140023A2A64
:10F310000BD8002070BDA3F140063A2E05D85378D3
:10F320000135941C002BE9D00020252B224608BF74
:10F3300080F00100DEE7A0F13003DBB2092B02D838
:10F3400000200B707047A0F16103052B02D85738DD
:10F35000C3B2F5E7A0F14103052B01D83738F7E731
:10F360006FF015007047F7B5054601F0010000EB9E
:10F3700051069E424FEA510703D90026304603B09A
:10F38000F0BD58B128780DF10701FFF7D4FF002830
:10F39000F3DB9DF80730013502F8013B01351744D6
:10F3A000BA42EBD015F8010C0DF10701FFF7C3FFCE
:10F3B0000028E2DB9DF807402401E4B2147015F840
:10F3C000020BFFF7B8FF0028D7DB9DF807301C447D
:10F3D00002F8014BE4E7002070470FB407B504A919
:10F3E00051F8040B019100F093FB03B05DF804EBBE
:10F3F00004B0704700F08CBB836800EBC101B3F52B
:10F40000004F2CBF51F8220031F81200704700EB7A
:10F41000C1018068B0F5004F2CBF41F8223021F8BF
:10F4200012307047012208B5FFF7E6FFD04008BD53
:10F43000836800EBC101B3F5004F08D34B681AB1E4
:10F4400043F001034B60704723F00103FAE74B8858
:10F450001AB143F001034B80704723F00103FAE730
:10F4600053000122FFF7D3BF8368B3F5004F34BFC9
:10F4700004230823C91A081AC0087047B0F5004FC2
:10F4800034BF042308230731C818C00870470A4650
:10F4900008B50121FFF7F2FF0132121AB2FA82F029
:10F4A000C0F11F0008BD2DE9F041174603220E46AA
:10F4B0000446FFF7A1FF8642054607F104080AD17A
:10F4C0000122E368BA4023EA0203E360002344F820
:10F4D0002830BDE8F081314602222046FFF78CFF3C
:10F4E00006462B4601460322204644F82850FFF7E3
:10F4F0008EFF334629462046BDE8F0410222FFF741
:10F5000086BF70B50D4686680446FFF78BFFB6F5DB
:10F51000004F014601D3012809D03046FFF7B7FF5D
:10F52000294602462046BDE87040FFF7BCBF70BDCB
:10F530002DE9F047054680688846FFF7A8FF05EBF0
:10F54000800ADAF810900646B9F1000F1BD00327A5
:10F55000DAF8104028462146FFF764FF404507D3FC
:10F56000324621462846FFF79EFF2046BDE8F08739
:10F57000032221462846FFF73FFF013FCAF810004B
:10F5800001D08145E4D14FF0FF34EB680136B4403F
:10F590001C40EAD094FAA4F2B2FA82F2131D55F894
:10F5A0002340DEE72DE9F04114460E460546FFF7FD
:10F5B00039FFA4EB0608371B07444246314628466C
:10F5C000FFF74EFF3A4621462846FFF749FF4346DC
:10F5D000002221462846FFF71AFF21462846FFF75A
:10F5E00021FF3B46211800222846BDE8F041FFF7E5
:10F5F0000EBF2DE9F041164604460F46FFF712FFF5
:10F60000314605462046FFF70DFF05442A46394698
:10F610002046FFF725FF31462046FFF703FF2B4624
:10F62000311800222046BDE8F041FFF7F0BE2DE979
:10F63000F0410D4686680446FFF7F4FEB6F5004F2C
:10F64000014601D3012832D03046FFF720FF04EBFA
:10F6500080010E6996B90122E36882401343E3609A
:10F6600002220D612B4629462046FFF7D0FE0322D9
:10F6700029462046BDE8F041FFF7C9BE02223146C7
:10F680002046FFF7B9FE0746034629462046FFF706
:10F69000BEFE0322334629462046FFF7B8FE394610
:10F6A0002B462046FFF7B3FE02223146E1E7BDE8D4
:10F6B000F081F8B50C460546FFF7B4FE2618012286
:10F6C00031462846FFF798FEC3070CD4314628463A
:10F6D000FFF717FF21462846FFF7A4FE2146221810
:10F6E0002846FFF786FF002221462846FFF784FEC2
:10F6F000271A012239462846FFF77EFE10EA020645
:10F7000013D139462846FFF7FCFE214632462846EB
:10F71000FFF772FE2246211A2846FFF76AFF2146AC
:10F7200032462846FFF768FE241A21462846BDE8DF
:10F73000F840FFF77CBF70B5066809B9002070BDBE
:10F74000B068B0EBD10FF9D9FFF798FE0146054636
:10F750003046FFF7EDFE04460028EFD00146304664
:10F76000FFF760FEA84209D92544214630462A46C3
:10F77000FFF718FF29463046FFF759FF30460122B0
:10F780002146FFF755FEB368B3F5004F34BF04239D
:10F79000082303EBC4031844D1E7002070470CB4DE
:10F7A000034607B504AA084652F8041BDB68019219
:10F7B000984703B05DF804EB02B070470020704733
:10F7C000FBF7C4BCEAF746BB838B13F0070305D1F4
:10F7D0000368002B0CBF002003207047022B05D1CB
:10F7E000C08BB0FA80F0400980007047012B05D132
:10F7F0000368002B0CBF00200520704700207047D5
:10F8000010B50C4600B111B96FF0150010BD081D00
:10F8100000F02FF80028F9D1A368032BF6D9F3E7FD
:10F820002DE9F0410D4607461946281D90461E4613
:10F83000EAF72AFE044638B133464246294638469E
:10F84000A446BDE8F0416047BDE8F08138B50C46FC
:10F85000054658B151B10B6843B14B6833B1202212
:10F86000002105F0F1FE00202C6138BD6FF015007D
:10F87000FBE7034640B1426802F00302022A06D0C9
:10F88000032A04D0012A05D06FF0150070471A68CA
:10F89000002AF9D0002098607047404080F311881A
:10F8A0004FF0040002DF70470FB407B504A951F808
:10F8B000040B0191FFF79EFD03B05DF804EB04B06B
:10F8C000704710B50369024613F0080009D11368A8
:10F8D000D4689C429BBF0120526AE31AD31A0B6082
:10F8E00010BD00231846FAE713B501A90446FFF737
:10F8F000E8FF20B1019BE268013B13440193606A79
:10F90000019BC01A013802B010BD10B50446501852
:10F910002269636AD20702D5013B184010BD9842A4
:10F9200028BFC01AFAE710B504460A46C168FFF7B7
:10F93000ECFF2369E06023F00803236110BD38B5B4
:10F940000D46026A8B00016843F00203044642F848
:10F95000213001682A46FFF7D8FFE36861689842C2
:10F9600008BF2369206008BF43F008032A462046E9
:10F9700008BF2361FFF7C9FF606038BD2DE9F74F6D
:10F98000C768066A9B4616F82730044603F003034F
:10F99000022B884691464FF0000306EB870A09D0F8
:10F9A0001360CBF800302369990710D4002003B00E
:10F9B000BDE8F08F56F8271013608908CBF80030A7
:10F9C000F1D0FFF7B0FFE368A3600120EFE7E36940
:10F9D0005046984716F827300546DA07E6D513F063
:10F9E00002031DD0B8F1000F03D041462046FFF7B7
:10F9F000A6FF61682A462046FFF787FFD4E9023157
:10FA00009942606004D12A462046FFF77EFFA0603D
:10FA1000A3682360E360236943F008032361D4E70C
:10FA2000014620460193FFF77EFFE268A260B8F12D
:10FA3000000F04D02168226A019B42F8213005EBB7
:10FA40000802CBF8002021682046FFF75EFF2369FB
:10FA5000206043F00803236116F827306FF300039A
:10FA600006F82730C9F800A0AFE770B50446154680
:10FA7000FFF74BFF2368834205D12369216023F000
:10FA80000803236170BD226AAB0043F0020342F811
:10FA9000213061682A462046FFF737FF6060F1E7B2
:10FAA00038B5036904465B0706D5856AFFF71CFF76
:10FAB00085422CBFA562A06238BD02698368120727
:10FAC00002D442689A4200D2426AD31A181E18BF62
:10FAD00001207047704703785B075FBF0368428867
:10FAE000C3F34A2303EB12105DBF173020F0070069
:10FAF0008008002070470020704703F061BC034677
:10FB0000D3E8EF0F421CC3E8E12F0029F8D170477A
:10FB10001FB50023CDE902011A4619461846CDE962
:10FB20000033EBF729FB05B05DF804FB0120EBF790
:10FB300019B80020704770B5D2E901369B1B8B4283
:10FB40000C4615460AD313680A460146981905F073
:10FB50006EFD2046AB682344AB6070BD6FF01B00A8
:10FB6000FBE770B50E46154619460446120D18B946
:10FB7000BDE87040EAF7F6BF2BB11030C5F34A2359
:10FB8000184405F054FDC4E900562046BDE8704015
:10FB9000EBF716BA2DE9F3415F1C4FEA87080646DA
:10FBA00008F1170020F0070080080C461546EBF717
:10FBB00053F800238DF80470ADF805308DF8073048
:10FBC00068B10346019AA8F1040143F8102F2A46B0
:10FBD000294452F8045B8A4243F8045FF9D10023B8
:10FBE0003146A20102F4E07242EA482222F07F424A
:10FBF00022F4700222F03F0202B0BDE8F041FFF7AC
:10FC0000B0BF07B50123019201AAFFF7C3FF03B0FC
:10FC10005DF804FB07B5CDE9002302236A46FFF730
:10FC2000B9FF03B05DF804FB1FB5CDE90123069BC6
:10FC300001AA03930323FFF7ADFF05B05DF804FBB2
:10FC4000F8B506460D4614461F46214628463A4654
:10FC5000B047241A0544F8D1F8BD10B542680446EF
:10FC6000D2E9002381680068FFF7EAFF0022636899
:10FC70001A6010BD0A2838B504460D4602D10D2081
:10FC8000EBF7FEFA29462046EBF7FAFA002038BDDA
:10FC9000436800201B685B689961704701214368D5
:10FCA0001B685A6811771868FFF7D7BF43681B684D
:10FCB0001868EBF7C1BC70B543680C461D686B68EB
:10FCC0009869EAF72BFF214603460F222868BDE812
:10FCD0007040184701460068EBF726BD08B5EBF702
:10FCE00073FDBDE80840EBF7A1BD0A460121FFF70F
:10FCF00088BF7047704700210120EBF715BD436EA8
:10FD000083F30B88704740E800F313F4803FD8B2C8
:10FD100008BF6FF01500704730B50C684B6885B0B0
:10FD20000A894D890094013B24F01F04234402F00A
:10FD30001F0242EA451223F01F0369468DF808208E
:10FD40000393ECF729FA05B030BD08B5D1E90431C9
:10FD50009847002008BD08B5ECF764FC002008BDFA
:10FD60007047C16A49680968ECF7D6BD8388C288C4
:10FD70008168D21A03685B1AD01A704703688268D8
:10FD8000C0889B1AC01A80B27047013801288CBF06
:10FD9000002001207047002905DAC36E494243F074
:10FDA00004034160C3667047FBF760BAFBF7CEB946
:10FDB00070B50446D0F894000D46049E28B14FF06B
:10FDC000FF324FF0FF33FFF7EFFF002E05DAE36E4F
:10FDD000764243F004036660E36604F17006E5B919
:10FDE000304605F0FCF888B9E36E43F00103E366A2
:10FDF0003046FBF7A9FB04F18C00FDF719FBD4F8A2
:10FE00009400A8B1BDE87040FFF7D0BF90F8333040
:10FE100043F0020380F83330EDE795F8333029469C
:10FE20006FF34103304685F8333005F0BFF8E2E761
:10FE300070BD70B50446ECF7FDFE054604F1700692
:10FE4000002200233046FBF7BDFB40B93046FBF7EC
:10FE50007BFB04F18C00BDE87040FDF7E9BA032D8F
:10FE600002D1EFF7C1FDEBE701F0A1FBE8E72DE9D7
:10FE7000F04F154681461A460E4689B021B1DDB9CC
:10FE80002F464FF0FF3B04E0002DF9D00F46D5F888
:10FE900000B04FF0000802F002030193CDF8088093
:10FEA00009F1700ABBF1000F08D10FB1C5F800B01D
:10FEB000029809B0BDE8F08F0127E8E7504605F049
:10FEC0008AF804460028F0D08045EED0B8F1000F43
:10FED00008BF804601F05EFD83455A4628BF0246B2
:10FEE0000299034611440291ABEB02010491BFB1A8
:10FEF00002B3019919B1E168039121690591316853
:10FF00002046CDE9062301F0DBFC3168069A079B09
:10FF10001144019A316082B1039BE360059B236128
:10FF2000002200235046FBF74DFB0146504605F0EA
:10FF30003DF815E0019A002AF2D19B4510D3002329
:10FF400000225046FBF73EFB90F833309B0742BF40
:10FF5000D9F86C3043F00103C9F86C3001F027FB8D
:10FF6000DDF810B09EE7EDF783B8EDF7AFB8EDF729
:10FF7000E1B8EDF705B9EDF769B9EDF785B90023FB
:10FF800007B5CDE90033EDF77FF903B05DF804FB69
:10FF90002DE9F0474FF0FF3315464FF0FF328CB09C
:10FFA000CDE90A230A2309936B0604460E4603D4BF
:10FFB000C36E13F0020339D000220023CDE90A23D7
:10FFC000002706A805F0C1F8DDE90A23DDE9068966
:10FFD00006A805F0BAF8DDE90623CDE904230DF102
:10FFE000240ADDE90A233146CDE900232046002317
:10FFF0002A46029701F03FF900281FDADDE90A23BB
:020000022000DC
:100000000146CDE90023204642464B46CDF808A0E4
:10001000ECF7CEFE002811DBDDE9042306A805F08D
:10002000B8F8DDE90623CDE90A23DAE70AAA0521B3
:10003000F0F794F94FF4A0220023C1E70CB0BDE81B
:10004000F087FFF7A5BF10B5D0F8942004460B4603
:1000500092B1026F0AB1002010BDD0F89410D3E91C
:1000600000238C30FDF736FA0028F5DBE36E5B07E2
:10007000F1D560684042EFE76FF01500ECE7EDF76F
:1000800085B9EDF715BA002307B5CDE90033EDF7D3
:100090000FFA03B05DF804FBEDF7A6BBEDF7F4BB78
:1000A000EDF75CBCEDF79EBC026803464AB94068B8
:1000B00048B99A6842B9D86800F17F43584258411C
:1000C0007047002070471046704738B590F83430BC
:1000D00004466FF3820380F8343083680D467BB1A9
:1000E00099B194F83430204643F0040384F8343056
:1000F00001F0CFFA94F83330C3F30213032B0DD978
:100100002046BDE8384001F052BA0146806900F04F
:100110002AFD0128E5D00028F2D138BDA368DB68AC
:100120001B7803F0F003602BEAD129462046F0F754
:1001300085FEF0E708B501F01EFDF0F771F9F0F764
:1001400087FD01F0E2FFF0F763FDF2F751FCEEF7F7
:1001500093FFF0F745FAEFF773F8F2F775FC00201C
:1001600008BD01F1100351F8042B994240F8042B0B
:10017000F9D1704730B5044685B000286BD083684C
:10018000002B68D08369002B68D001F068FA204604
:1001900001F07FFA94F83330C3F30213022B51D1EC
:1001A000A368DD68EFF76CF9183501461022284680
:1001B00005F005F918B96FF07C0005B030BDA368F3
:1001C000DD6818352846FFF76FFF014640B3A56884
:1001D0006846E9680831FFF7C4FFE86800F11801D4
:1001E0000830FFF7BEFFA3686946D8681830FFF7EC
:1001F000B8FF48F2DD63A0692386EDF781FC036850
:1002000023624368A0696362EDF77AFC0368A36226
:100210004368E36201212046FFF757FF0020CCE747
:100220002846EEF715F90028D1D1A368D868037ED7
:10023000FF2B02D1437E012BECD00830FFF734FFB7
:100240000028B8D12146A06900F0A2FC0228E5D11F
:100250006FF00400B1E76FF03C00AEE76FF01500FF
:10026000ABE7816809B9FFF730BF4968FAE70023B7
:100270000B60436813B9C0E9001170471960416011
:100280007047002203680BB9184670478B4210D1A3
:100290000B6842B942680360914200D14360002379
:1002A00001200B60704713604368994208BF4260A9
:1002B000F5E71A461B68E6E7026803464AB9406854
:1002C00048B99A6842B9D86800F17F43584258410A
:1002D0007047002070471046704740F2FF230B60C4
:1002E00000238B80CB800B814FF480734B81FF23E5
:1002F0000B73437B4B73C389CB81704710B100688C
:1003000000B14068704710B428B1C46C1CB12346DA
:10031000426810BC184710BC704710B50346FFF781
:10032000EDFF28B1C2681AB1BDE810401846104769
:10033000002010BD802AF8B507460E46144617D88F
:10034000D5082A4605F03BF890B9644214F007043A
:1003500010D07B5D725DC4F108015A40FF238B40D1
:1003600083F0FF03A3401A420CBF01200020F8BD18
:100370000020FCE70120FAE7102208B505F01FF87D
:10038000B0FA80F0400908BD08B504F0DCFE4FF477
:100390007A72A0FB020302FB0133C00B40EA434028
:1003A00008BDFAF763BFFAF7D1BE70B505460E4631
:1003B000EDF7FAFC6C68E4B194F82F309A0708D591
:1003C0002388022B05D180223046211DFFF7B2FF82
:1003D000A0B994F85F309B0712D5238E022B0FD162
:1003E0008022304604F13401FFF7A4FF50B13023DE
:1003F0001C442846EDF7F2FD204670BD0023F7E7C8
:100400000024F6E70446F4E72DE9F04F05468BB0EB
:100410000F4692469B46EDF7C7FC284601A9EDF72B
:10042000F5FE0028C0F2B9806C6894F82F309E0762
:1004300004D53846211DFFF79FFFA0B994F85F301F
:10044000980712D5384604F13401FFF795FF60B1E3
:100450000123302202FB03442846EDF7BFFD20466E
:100460000BB0BDE8F08F0023F3E7019E96F82F3024
:100470009907C3F3400806D596F85F309A0700F154
:100480008C804FF001084FF0300909FB08F906EBAA
:10049000090494F82F300DF1080C43F0020384F89E
:1004A0002F300223624626F809303B4684F82CA000
:1004B00007F1100AE646186859680833AEE80300E9
:1004C0005345F446F6D104F1040C0DF1180A134615
:1004D00003CB5345CCF80000CCF804101A460CF1BD
:1004E000080CF4D1302303FB086393F82F20BBF1F1
:1004F000000F46D06FF300025946204683F82F20A4
:10050000EEF764F82846FFF708FF03073ED43846A5
:10051000FFF7D2FED0BB0B212846EDF7A5FB07461F
:10052000A0BB2846FFF7F9FE10F0010F804623D04C
:1005300040F2FF23ADF81830ADF81A70ADF81C701A
:10054000ADF81E70ADF82070ADF82270ADF82470D3
:100550004FF48073ADF8263051462846F1F7A2FEDD
:1005600018F0020F08D109F1040030445146FFF79A
:10057000B4FE2846F1F796FE21462846EDF7D8FC52
:100580006AE742F0010283F82F20BBE7302303FB28
:100590000866012386F82D305EE700245CE770B51D
:1005A000054686B01022002102A805F04DF8284625
:1005B000EDF7FAFB284601A9EDF728FE002805DA39
:1005C000284606B0BDE87040EDF708BD019C002C40
:1005D000F6D02846EDF7F0FA48F2FE030293002227
:1005E00003920379062B41D0082B5DD0022B10D14A
:1005F0004379012B0DD10492FF238DF81330FE2394
:10060000ADF8143003681A785B788DF816208DF8F1
:10061000173000230122284602A9FFF7F5FE94F8BF
:100620002F3006469A070CD52388022B09D1844225
:1006300007D0201DFFF740FE18B921462846EDF7E8
:1006400077FC94F85F309B07BAD5238E022BB7D185
:1006500004F130018E42B3D004F13400FFF72CFED8
:100660000028ADD12846EDF763FCA9E703689A7826
:1006700019888DF81220FF228DF81320FE228DF8A4
:100680001420B3F803205B79ADF810108DF8173003
:100690004379ADF81520032BBBD19DF8103083F0C2
:1006A00002038DF81030B4E7026804AB106851689B
:1006B00003C3F2E72DE9F74F06460191EDF774FB0E
:1006C00077683FB34FF000084FF0180A07F164094C
:1006D0000AFB087292F8745002F1700BEB0710D508
:1006E00048460199FFF748FE044650B16FF30005F4
:1006F0008BF804503046EDF771FC204603B0BDE89E
:10070000F08F08F10108B8F1030F09F11809DFD1E2
:100710000024EFE73C46EDE713B50C460190EDF7FA
:1007200043FB204601A9EDF793FE18B1214601983D
:10073000EDF7FCFF0198EDF751FC02B010BD2DE97B
:10074000F0411F4691F82F3016469A0705460C4691
:1007500012D50B88022B0FD191F82C30012B0BD125
:1007600001F104083A4641463046FFF7E3FD18B16F
:1007700041462846EDF7DAFF94F85F309B0713D522
:10078000238E022B10D194F85C30012B0CD1343421
:100790003A4621463046FFF7CDFD28B1214628468E
:1007A000BDE8F041EDF7C2BFBDE8F08130B50546C8
:1007B00085B00C460190EDF7F7FA284603A9EDF74E
:1007C00025FD002806DA00240198EDF707FC2046F5
:1007D00005B030BD2378FF2BF5D1204601A9EEF7F7
:1007E000D3F80028EFD1039A92F8743013F0010384
:1007F00008D092F88C30D9071ED592F8A430DB07C8
:10080000E1D4022318214B43D11891F8740040F031
:10081000010081F874000220A1F8600003F1640176
:1008200020461144103450F8045BA04241F8045BA8
:10083000F9D16033D418C7E70123E3E72DE9F0438A
:10084000064687B00D4690461F46EDF7ADFA304696
:1008500001A9EDF7DBFC002873DB74683CB394F866
:10086000CD309A0709D5284604F1B801FFF784FD79
:1008700018B194F8CC30434517D094F8F5309B0765
:1008800015D5284604F1E001FFF776FD78B194F81C
:10089000F43043450BD12823A8331C443046EDF7F0
:1008A0009DFB204607B0BDE8F0830023F4E7019CE0
:1008B000002CF3D094F8CD209007C2F3400304D568
:1008C00094F8F53099073CD401232821594301F1CC
:1008D000A80C214491F8CD200DF1080E42F002023F
:1008E00081F8CD2005F110092A467546A44481F807
:1008F000CC80C1F8C860F046106851680832A8E89A
:1009000003004A45C646F6D10CF1100E0DF1180849
:100910002A4603CA4245CEF80000CEF80410154618
:100920000EF1080EF4D1282202FB03437A1C574231
:10093000574193F8CD20644667F3000283F8CD2039
:10094000ACE70024AAE7F8B505460E461746EDF7D2
:100950002BFA6C68ECB194F8CD309A0706D53A467C
:10096000314604F1B800FFF7E5FCB8B994F8F5306A
:10097000C3F340029B0713D53A46314604F1E00029
:10098000FFF7D8FC70B10123282202FB034303F1D7
:10099000A8042846EDF722FB2046F8BD0023F3E724
:1009A0001446F6E70446F4E72DE9F04106460F4603
:1009B0009046EDF7F9F97468ECB394F8CD309A07E6
:1009C00009D5394604F1B800FFF7D6FC18B194F800
:1009D000CC3043452CD094F8F530C3F340059B0749
:1009E00020D5394604F1E000FFF7C6FC0546C8B142
:1009F00094F8F43043451ED128200125A830204426
:100A0000EEF7E6F8282303FB054595F8CD303A4686
:100A10006FF3410385F8CD30214643463046FFF75A
:100A20008EFE01253046EDF7D9FA2846BDE8F08163
:100A300000200546E2E70025F4E738B504460D46F8
:100A4000FFF7A2FC2584E061BDE83840EDF728BA45
:100A500038B50546EDF7A8F96C680CB194F80D416E
:100A60002846EDF7BBFA204638BD38B504460D469A
:100A7000EDF79AF963680BB183F80D512046BDE894
:100A80003840EDF7ABBA70B506460D46EDF78CF978
:100A9000746854B394F82F309A072BD56B1C08D187
:100AA0002388022B1BD094F85F30980728D40024A9
:100AB0001BE094F92D30AB4208D094F85F309907D1
:100AC000F5D594F95D30AB421AD0F0E72388022BBC
:100AD000F3D148F2FE03A2889A42EED104E048F234
:100AE000FE03A2889A42DED104343046EDF776FA4E
:100AF000204670BD94F85F309A07D8D56B1CE0D1C2
:100B0000238E022BD3D148F2FE03A28E9A42CED17D
:100B10003434EAE713B5014600200190EEF736F9C8
:100B20000446EEF7ADFC844205D1EDF735FB0190AC
:100B3000019802B010BD204601A9EDF789FC019B88
:100B4000002BF5D1F1E738B5D0F8F8406508EBF7A0
:100B500071FE04EB4404C5EB5404B0FBF4F303FB57
:100B60001400284438BD10B50346FFF7C7FBBDE8A5
:100B7000104002681846104710B50C4691F83D0029
:100B800001F008F82146A069BDE81040EEF7AEB9C3
:100B9000F8B50C464F6909210546EDF765F850B9DF
:100BA0006FF072061FB131463846FFF7ACFBA36AFF
:100BB0006BBB022022E004212846EDF755F80028FF
:100BC000EED101212846EDF74FF860B9236A53B9F9
:100BD000A069ECF7F1FF0368A0692362ECF7ECFF72
:100BE000037984F8243094F83330C3F30213022BD2
:100BF00005D028462146FFF7BFFF0020F8BD20465C
:100C0000F1F716F9022809D16FF00406CAE7324657
:100C1000284604F12801EEF743F9CAE70028EDD190
:100C2000E7E7012070470120704738B50546EDF72A
:100C3000BBF800212846EDF717F8B8B92846FFF7AA
:100C40005DFB044630B1846824B101212846A047E9
:100C5000041E06DB28460021EDF738F82846EDF79C
:100C6000DFFC2846EDF7BAF9204638BD6FF077046F
:100C7000F7E710B50446ECF76FFF48B12046ECF7F4
:100C8000C7FF8368986818B18047C31E584258410F
:100C900010BD38B50C46054668B161B10846E8F7A5
:100CA000ADF908280AD8421C214605F1080004F0D5
:100CB000BEFC002038BD6FF01500FBE76FF05A0056
:100CC000F8E738B50546426011B9C0E9021138BDF0
:100CD0004FF47A73A1FB03416FF0004200232046DA
:100CE000E8F712F8C0EBC073E31A08BF6FF00043D7
:100CF000E86009BF00F1FF30AB60AB60E860E6E799
:100D0000002270B56FF0004514468368C6684068DD
:100D1000E6FB0534091A581A64EBE171012871F1F8
:100D2000000305DB4FF47A720023E7F7EDFF70BD97
:100D30001046FCE770B5C5680346446835B16FF0EE
:100D40000046701A2044002806DD70BD83681C44EC
:100D5000601A20EAE070F8E76A1E01F10040DA60EC
:100D600001309A685960211A001B82429FBF921974
:100D7000023D5218DD608CBF89189A60DA6888BF1E
:100D800099600AB99868E0E76FF00040DDE710B5B8
:100D900004460809B3B1092812D9A2F10A0318447C
:100DA000C0B204F8010B002301F00F01092983BF31
:100DB0000A3A8918C9B2303121706370601C10BDC5
:100DC0003030EEE70028E6D1EDE72DE9F04111F0F3
:100DD00001064BD1334640BA80B28C0708D5012AB0
:100DE00006D931F8024B023A2418204643F1000399
:100DF0000D4694464FF0000EBCF10F0F05F11005A3
:100E000040D86FF00F05140905FB042217464FEA7E
:100E1000041C01EB0414032F4AD86FF00305940857
:100E200005FB04242A406244012C01EB020506D98B
:100E30008A5A023C1218104643F100030235012C75
:100E400007D12A78E90748BF12021218104643F169
:100E50000003020C42EA0342190C52EA134380B227
:100E60002ED10EB940BA80B2BDE8F0810023002A2D
:100E7000BED011F8014B013A24022418204643F158
:100E80000003AAE755E90447E41955F8087C4EEB3E
:100E90000E08E41955F8047C48F10008E41948F1FB
:100EA000000724182046ACF1100C43EB0703A3E71E
:100EB00054F8045B043F2D18284643F10003AAE7C9
:100EC000801841F10003C4E72DE9F04790F8333072
:100ED0000546C3F30213022B72D100228368002B54
:100EE00043D1D5E9038795F832302846CC1AEB8EEA
:100EF000E41A144400F0CDFB95F8333095F8321025
:100F000003F0010643F0010385F83330A4B2203921
:100F1000284600F00DFC202229692046FFF755FFE6
:100F2000E98E04462031284600F002FCEA6862B1EE
:100F30002B6953B1B2F81090D2689B1AA9EB030940
:100F4000D5F80CA0BAF1000F13D1002C35D064BA3B
:100F5000A4B2E04395F83330C5E9038766F3000394
:100F600085F8333080B2BDE8F087188A5B680244A8
:100F7000B5E720464A462969FFF727FFDAF804302B
:100F80000446EB60002BE0D01A8A002ADDD0DA6834
:100F900019F0010F2A610DD0117801320C44A4B26E
:100FA0002A61A142B3F8109084BF0134A4B209F1C0
:100FB000FF39C5E7B3F81090C2E74FF6FF74C8E7F2
:100FC0000020D0E72DE9F0470C46174605468EB0C5
:100FD000002800F08F80002900F08C800078002825
:100FE00068D05B282CD02A460023481912F8011B30
:100FF00021B13A2908BF01338242F7D1012B79D0C0
:101000002E2C28BF2E240026AB5D1BB10136B44226
:10101000FADC264600243246294602A804F007FBE3
:1010200006F138030DEB030606F8304C02203A1D9A
:1010300002A9EEF75DF9A0425CDB02233B8038E0B9
:101040002E290B464FF0000628BF2E23AA5D1AB1A9
:101050000136B342FADC1E4632465D21284604F0D2
:10106000D8FA8046002845D0691CA0EB010AB24599
:10107000A8BFB24600260DF108092F235246484664
:1010800004F06EF90AF138036B4403F8306C022067
:1010900049463A1DEEF72CF9B0422BDB02232544DA
:1010A0003B8008F10103AB4203D298F801203A2AB1
:1010B00003D001200EB0BDE8F087033CA4EB0A0486
:1010C00008F10201B44217DC26462F233246484677
:1010D00004F046F906F138030DEB030500230A225C
:1010E00005F8303C484601A9FDF70AFC019B4B4539
:1010F00008D138B90020DDE713F8012F002AE4D029
:101100000136DFE79DF80820002AF3D01B78002B7A
:10111000F0D1B0F5803F83B2ECD25BBA7B80C8E7F8
:101120000268034642B9406840B99A683AB9D8683B
:10113000B0FA80F0400970470020704710467047B1
:10114000FAF794B8FAF702B890F89A0070470120BD
:10115000704700F10803D3E8EF0F0130C3E8E20F56
:10116000002AF8D1704738B5044600F10803D3E8E7
:10117000EF0F421EC3E8E12F0029F8D1012801D06A
:10118000013838BD04F10C0528464FF0FF324FF00E
:10119000FF33FFF7D5FF606C18B1EFF727FC002392
:1011A0006364B4F89E30284623F00703A4F89E3009
:1011B000FFF7C8FF0020E4E770B586B00446EEF7FD
:1011C000BDF9022820D1636AE3B9ADF80000EEF75B
:1011D00057F9034601AD00F110062A461868596810
:1011E000083303C2B3421546F7D169462046EEF7ED
:1011F00071FA1822ADF8020069462046EEF730FC7D
:1012000006B070BD0020FBE76FF01500F8E72DE990
:10121000FF41044600F10C0816461F464FF0FF320E
:101220004FF0FF3340460D46FFF78AFFB4F89E307B
:10123000DB051DD5E38DDBB12046EEF77FF90022FB
:10124000022814BF0023182303920C9A2046CDE9EC
:1012500001720093324604F12C032946EEF726FD75
:1012600004464046FFF76EFF204604B0BDE8F0811B
:101270006FF07804F5E7F0B500F10C0785B004468F
:101280001E4638464FF0FF324FF0FF330D46FFF752
:1012900057FF012303930C9B2946CDE901630023EB
:1012A00020461A460093EEF701FD04463846FFF744
:1012B00049FF204605B0F0BD2DE9FF4100F10C08C3
:1012C000044616461F4640464FF0FF324FF0FF33AC
:1012D0000D46FFF735FF012303930E9B3246029321
:1012E0000B9B294601930A9B204600933B46EEF751
:1012F000DDFC04464046FFF725FF204604B0BDE86C
:10130000F08110B500F10C044FF0FF324FF0FF33C5
:101310002046FFF715FF2046FFF714FF6FF07A0015
:1013200010BD38B504460D46C3685868E06030B15A
:101330004DB10C30FEF722FDE3680028F5D0E368DC
:101340001BB9236138BD008AF6E7DB68F9E738B5D9
:101350000446C0680D4688B171B10C30FEF70EFD31
:10136000D4E90323D2689B1A834207D12946204639
:10137000BDE83840FFF7D5BF008AF1E738BDF8B5C2
:10138000044694F833301646DA070F46C06815D481
:10139000A6B10C30FEF7F2FC0546D4E90303C2689F
:1013A0009B1A3B44AB4211D194F83330DB0708D48D
:1013B00031462046BDE8F840FFF7B3BF0026058A56
:1013C000EBE70C30FEF7DAFCA842F1D923693B4485
:1013D0002361F8BD2DE9F04F0024264685B08246F2
:1013E00002A80D4693461F4603F0AFFEDDE90289D1
:1013F0005A463B4650460194FEF7B3FC0199044619
:1014000028B9CEB90026304605B0BDE8F08F06B940
:1014100081B14C60638A4246AB4288BF6582638A71
:1014200002A8ED1A4B4603F0B4FEDDE902B7002D29
:10143000DED1E8E70646EDE73046EBF74BFBE1E7A8
:101440000346002003B970471A8A5B681044F9E725
:101450002DE9F84304460F46164699469DF820802C
:10146000E368002B00F083800EB9304684E094F8E6
:101470003330204613F0010F0CBF41460021FFF727
:1014800066FFE068002875D0B8F1000F27D094F807
:101490003330DD0723D40C30FEF770FCD4E903238E
:1014A000D2689B1AC51A002D64D0B54228BF3546B4
:1014B000B9F1000F24D09FB32A462069B8F1000F7C
:1014C00013D0394604F0B3F894F83330D90740D537
:1014D000012229462046FFF752FF7FB928E0236901
:1014E000C268058A9B1AED1ADDE70146384604F00A
:1014F0009EF8424629462046FFF741FF2F440DE063
:10150000C7B12A463968206904F09EF8B8F1000F87
:1015100013D1424629462046FFF731FF761B9FE74D
:10152000B8F1000F0FD1424629462046FFF727FFAA
:101530000027F3E7B8F1000FF5D094F83330DB075C
:1015400007D50122E6E794F83330DA0701D5012206
:10155000EAE7E06829460C30EBF74EFB012229460A
:101560002046FFF70CFFB9F1000FB6D1D6E7002EE9
:101570003FF47BAF6FF06800BDE8F88310B580B131
:1015800000F11C03D3E8AF2F5AB1511CD3E8EF4F41
:10159000944204D1C3E8EC1FBCF1000FF6D1F1D1A5
:1015A00010BD0020FCE708B1EBF794BA704710B506
:1015B0000446D8B100F11C02D2E8AF3FB3B1591EC6
:1015C000D2E8EF0F984204D1C2E8EC1FBCF1000F43
:1015D000F6D1F1D1012B09DCA06808B1FFF7E3FFD8
:1015E00021466068BDE81040F9F7C6BB10BD70B574
:1015F000044630B10026856825B9A068FFF720FFB2
:10160000301A70BD05F10C00FEF7B8FB6D6806449A
:10161000F2E738B5054668B190F83330806813F0CA
:10162000700FC3F3021406D1FFF70AFF2846FFF735
:10163000DEFF001B38BD022C0CBF2824002411291A
:1016400007D10834FFF7FCFEA0422CBF0024241A67
:10165000ECE7012901D03A29F4D10434F2E7F8B5D6
:10166000044680680027054600B9F8BD038A46682D
:101670003BB9A368834207D1A6604760EBF72AFA1B
:10168000284605463046EFE76B68834208BF6E6028
:10169000F3E78368C36003B1DB680361704710B58B
:1016A00082680C4622B98160BDE81040FFF7F1BFA7
:1016B0001046EBF73DFA2146BDE81040EBF752BA71
:1016C0002DE9F04F044685B0DDE9106702A8154604
:1016D0009A4632463B468B4603F037FDDDE90289E8
:1016E000204632463B46EEF7C5FE0446D8B1594681
:1016F000EEF79EFE94F8333042466AF3061384F800
:10170000333002A84B4603F044FDDDE90267294669
:101710002046CDE900679DF83820EEF7D7FE18B1D6
:101720002046FFF744FF0024204605B0BDE8F08FB7
:10173000012307B5009300230A461946FFF788FEE8
:1017400003B05DF804FBF8B513680E4617469BB16D
:1017500090B1846884B10025E268218A93420CD359
:101760005018834209D89B1A59193046FFF791FF48
:10177000FFF7DEFF33693B60F8BD64680D44ADB22E
:10178000002CE9D1F8E7F8B590F8333091F8332020
:10179000C3F3021363F3061281F83320436905464D
:1017A0004B6190F832300C4681F8323090F83C2092
:1017B00091F83C3062F3050381F83C3090F83C30FE
:1017C00091F83C209B0963F3871281F83C2090F844
:1017D0003D3081F83D3090F8342091F8343062F398
:1017E000000381F8343090F8333091F83320C3F39C
:1017F000400363F3410281F8332090F83330D2B2D2
:10180000C3F3800363F3820281F8332090F833300E
:10181000D2B2C3F3C00363F3C30281F8332090F85C
:10182000343091F83420C3F3C00363F3C30281F86A
:10183000342090F83430D2B2C3F3800363F38202D1
:1018400081F83420038E0B868368BBB18E68AEB1FD
:10185000036A01F120020B62436A01F128074B621F
:10186000836A8B62C36ACB6283689E4206D0FFF7AD
:101870006AFF3A4621462846FFF765FF95F8333060
:10188000C3F30213022B0FD195F8353084F83530AD
:10189000EB8EE38695F83A3084F83A302B8F238725
:1018A00095F83B3084F83B30F8BD1FB50123039118
:1018B000009303A90023FFF7CBFD05B05DF804FBFF
:1018C000002307B500930123FFF7C2FD03B05DF8C5
:1018D00004FB042213B50C460DEB0201FFF7F0FFE9
:1018E000019B1BBA236002B010BD2DE9F0410646F2
:1018F0000F461446F368002B49D0FB68002B46D0F6
:101900000CB9204627E001213046FFF720FD38467C
:101910000021FFF71CFDF068D8B1FA68CAB1B2F82F
:1019200010803B69D2680C309B1AA8EB0308FEF7C5
:1019300025FA0546D6E90330DB68A045A0EB030392
:10194000A5EB030501D9A54207D8454528BF454663
:1019500025B96FF06800BDE8F08125462A4639694F
:1019600003F065FE96F83330DB0704D4F0682946AF
:101970000C30EBF741F9012229463046FFF7FFFC16
:10198000002229463846FFF7FAFC641BB2E7002C18
:10199000B7D0DEE770B1C3685BB1006950B1D968F8
:1019A0001A8A401A101A5B6803B970471A8A1044E1
:1019B000F9E71846704783682BB9002914BF6FF008
:1019C0001500002070471A8A8A422ABF1982891A94
:1019D00000215B68F0E710B5C26803467AB1006980
:1019E00038B1996800238A4204D1D268801A03442E
:1019F00098B210BD0C8A496823449BB2F3E71046A5
:101A0000F7E72DE9F04385B004460D469146984628
:101A1000FFF7E1FF0746A068FFF712FD002394F8E7
:101A20003360A1690246CDE9029828460093FFF78A
:101A300047FE06F001060546F0B1D4E9039894F894
:101A40003330204643F0010384F83330FFF721FEA2
:101A5000A068FFF7F5FC214602462846FFF745FF40
:101A600078B12846FFF7A3FD94F83330C4E9039812
:101A700066F3000384F833300025284605B0BDE83E
:101A8000F08395F83330204643F00103294685F86A
:101A90003330FFF778FE2846FFF7FBFD17B13946D4
:101AA000FFF746FE95F8333066F3000385F83330D0
:101AB00094F83330C4E9039866F3000384F83330B4
:101AC000DBE74168FFF79DBF10B5044690F833107F
:101AD00001F0010181F00101FFF739FCE3685BB11E
:101AE000206940B194F83320D2074CBF1A8A5A8A31
:101AF000DB68C01A101A10BD1846FCE773B50369FD
:101B0000044699420E4615460AD1FFF7DDFFA8426A
:101B100006D32946204602B0BDE87040FFF708BE54
:101B200001232A46314620460093FFF791FC02B07C
:101B300070BDF8B504464E680D46FFF7C5FF8642F6
:101B400003D823692B60286810E094F833302968A3
:101B5000DB07F8D549B1D4E9037620466A68FFF778
:101B6000AFFEC4E903760028EDD00020F8BDD1E92E
:101B70000012FFF7C3BF704710B504464FF0FF32A5
:101B80004FF0FF332046F9F71DFD0028F6D0FEF791
:101B900068FBF3E7002070477047022307B5009108
:101BA0006946ADF80430EEF751FD03B05DF804FB73
:101BB0000268034642B9406840B99A683AB9D868A1
:101BC000B0FA80F040097047002070471046704717
:101BD00010B590F833001488C0F30210844213D17A
:101BE000022C13D109686BB10831141D2046FFF790
:101BF000DFFF30B91022204603F0E1FBB0FA80F09D
:101C0000400910BD1831F0E70020FAE70120F8E79D
:101C1000F7B5042300270E4669460446CDE9007354
:101C2000FFF787FF0546B8B18770C770A069FEF758
:101C3000F8FF00B956B13A212046FFF745F9688010
:101C400094F8343043F0080384F834306946204671
:101C5000FFF78DFF03B0F0BD6FF06800FAE7F7B54E
:101C6000042300250F46694604461646CDE9005375
:101C7000FFF75FFF48B1077046708570C570694611
:101C80002046FFF774FF03B0F0BD6FF06800FAE77D
:101C9000F7B51668CB8EB288C3F57F43FC3352BAD2
:101CA00013449FB21BB2032B0D4604DC6FF00405F6
:101CB000284603B0F0BD4FF400420023CDE90023D5
:101CC00039463A230222A869EEF778FC0446002838
:101CD000ECD0337E06F11801FF2B03D1A869EDF794
:101CE00055F801460023A362236295F83C2094F83E
:101CF0003C30204662F3050384F83C3095F83C30D4
:101D000094F83C209B0963F3871284F83C2006F189
:101D1000080200F06CF9024618B12046FFF747FCB4
:101D2000C4E781212046FFF79AFF0028F5D1294614
:101D30003A462046FFF7D9FD05460028EDD120465A
:101D4000FFF7A7FC3A21204600F098F92046FEF75D
:101D500011FA0028ACDAE0E72DE9F047054699468C
:101D60000024282386B088469246CDE90243FFF737
:101D700090FC284602A9FFF7DCFE0746002800F089
:101D8000B08083793A2B18D1042303992846049410
:101D90000593FFF7CDFC284604A9FFF7CAFE18B14A
:101DA00090F90030A34205DB6FF01505284606B018
:101DB000BDE8F0872846FFF76CFCBB79112B59D0A2
:101DC000062B59D00020AB68002B4FD1022295F88A
:101DD0002430002402FB03014FF40043CDE900341A
:101DE00004313A23A869EEF7E9FB044600287BD0CA
:101DF00095F82420296AFFF781FE061E31DBA368CF
:101E00002046DB68A36295F82C20A96AFFF776FECE
:101E1000061E26DBA06895F82C100C30EAF7CEFEE3
:101E2000A06850F80C3F236295F82410EAF7C6FE2C
:101E300095F82C3007F1180184F8243095F82430F7
:101E400084F82C303B7EFF2B03D1A069ECF79EFF7A
:101E50000146204607F1080200F0C9F870B16FF0A2
:101E600004062046FFF7A3FB35469FE71A8A5B6806
:101E70001044A9E73020A9E73C20A7E74146524695
:101E80002046FFF7ECFE01460028E8D1B8F1040F28
:101E900022D199FA89F34246204604A90493FFF718
:101EA0002DFE06462046FFF7A2FB0246002ED8D1A3
:101EB00029462046FFF719FD05460028D1D12046C6
:101EC000FFF7E7FB3A21204600F0D8F82046FEF75E
:101ED00051F90028C5DB69E704222046FFF7E5FC3D
:101EE000DFE76FF0040561E76FF00B055EE70022A6
:101EF000042373B50E4669460446CDE90023FFF777
:101F000018FE054610B9022002B070BDA069FEF7A8
:101F10008AFE68B901992046FFF70AFC2A46314635
:101F20002046FFF73AFE2046FFF741FB0020EBE793
:101F30003A212046FEF7C8FF0028EBD0E3E70378FC
:101F4000013BDBB2037013B9036903B11847704753
:101F5000027801320270704770B505460024068988
:101F6000A64201DC00200AE021462868EEF77AFE4E
:101F700003782BB900F11403C3600123037070BD13
:101F80000134EDE7026803464AB9406848B99A68E7
:101F900042B9D86800F17F43584258417047002049
:101FA0007047104670474A8843889A4214D18A88FD
:101FB00083889A4210D1CA88C3889A420CD14B6850
:101FC0004268934208D18268934205D1C368C868C9
:101FD000C31A5842584170470020704701F110035E
:101FE00051F8042B994240F8042BF9D170472DE9A0
:101FF000F34128234FF000080E4669460546174670
:10200000CDE90083FFF795FD0446A0B395F83C2089
:1020100080F8028002F03F039B0043EA92121B0902
:1020200043F0600312010370427080F8038080F86F
:10203000048080F8058080F8068095F83530C371FB
:102040001BB9A869FEF704FDE071394604F11800D8
:10205000FFF7C4FF314604F10800FFF7BFFF282354
:1020600085F83230002369462846EB86FFF77FFD6E
:1020700002B0BDE8F0816FF06800F9E773B528237E
:102080000025CDE9005390F833300E4643F00103AC
:10209000694680F833300446FFF74BFD18B96FF0FE
:1020A000680002B070BD2B46A268D2B9283BC3F3CA
:1020B000072242EA0323838094F83B306946FF2BD2
:1020C00008BF334683712046FFF751FD94F83B303B
:1020D000FF2B0AD1112E0FD10021204600F06DFEFA
:1020E000DFE7118A52680B44DFE72046E18EFFF7F5
:1020F0001FFB0028EED0D2E73A2E04D10021204663
:10210000FFF786FDCDE70020CBE708B5EFF7BAFF74
:10211000BDE80840F0F720B90268034642B94068BC
:1021200040B99A683AB9D868B0FA80F04009704767
:10213000002070471046704770470022002310B5FA
:102140000446C0E90A23006818B1FFF730FA0023FB
:10215000236010BD38B50446C068FFF7EEFF0021CC
:1021600000200025E368C3E90601E36820461D62FC
:10217000FFF7E5FE29462046BDE83840EEF7F4BDFE
:1021800008B502F0E0FF4FF47A72A0FB020302FBF5
:102190000131C00B40EA4140C90B08BD73B50D4683
:1021A00014468DF8043001A9D308022206468DF8A2
:1021B0000530FFF7A3FC10B1002002B070BD296804
:1021C00030462A79FFF79AFC01460028F4D12B7992
:1021D0003046E21A023AFFF768FBB0FA80F0400995
:1021E000EBE7062370B55370154690F824200C4693
:1021F0009A4228BF1A46A91C6A700646FFF760FB80
:1022000068B96B78E1000239C91A11F0FF0108D0F2
:102210003046FFF78DFAB0FA80F0400970BD00201B
:10222000FCE70120FAE701F1100351F8042B994271
:1022300040F8042BF9D1704710B504460846A16157
:1022400031B1EFF789F8437984F8253084F82D30DF
:1022500010BDFFF76DBA10B438B131B1062A04D8F9
:10226000427010BC023003F0E2B910BC70477047F6
:1022700070B505460E46EFF7FFF8044638B1314613
:102280002846F0F757FA2046FFF764FF012070BD9B
:10229000EFF7F2B82DE9F043904699460022142357
:1022A00085B0CDE9022307460D46EFF755F840F615
:1022B000CD4200230679CDE90023093606F0F80661
:1022C0003A230222384606F11401EEF777F9044664
:1022D00000284DD0FF234246294680F83530FFF7CD
:1022E00086FE024640B16FF068052046FFF75FF9B1
:1022F000284605B0BDE8F08388212046FFF7AFFCF3
:1023000080460028EFD1204602A9FFF712FC0546BF
:102310000028E8D013224146013003F095F9284601
:102320009DF83030494600F8043BFFF77CFF20461B
:1023300002A9FFF71CFC05460028D4D13846EFF768
:102340000BF80223014632462046FFF727FF0028FC
:10235000C9D02046FFF79DF93A212046FFF78EFEAF
:102360002046FDF707FF0028C2DA6FF01505BCE72D
:102370006FF00B05BCE72DE9F0411E460024142345
:102380008AB0CDE9024301AB049302230D46D2F893
:1023900000808A68059352B90B21A869A4B2EFF7AF
:1023A00025F840B16FF004000AB0BDE8F081138A4F
:1023B00052681C44EFE7284602A9FFF7BAFB07461C
:1023C0000028EFD0412C0DD998F80730FF2B09D108
:1023D0000379FF2B06D003785B0606D598F81830F2
:1023E000FF2B02D17378002BDCD103992846FFF72D
:1023F00030FF1423284685F83A3004A9FFF799FBEB
:102400004FF000082C3CA4B228B143781BB195F8DA
:102410003A10A14213D33C1D2146A869FDF7C5FF20
:1024200040B390F92D30002BBCD148F2FE03BA889E
:10243000A8699A42B6D02146FEF76EF9B2E7027853
:10244000022A07D1EA8E95F8328006320A44904477
:102450001FFA88F801EBC303DBB28B4285F83A30F0
:10246000A0D905992846FFF7F4FE284604A9FFF7EE
:1024700060FBC9E72146CDE90600A869EEF7FCFF3D
:10248000044600288ED0B8F1000F2BD14378FF2BE3
:1024900088D06078EEF7B0FC0646002882D0E3686A
:1024A00093F83030B8F1000F4ED1002B3FF47AAFE3
:1024B0003B78980600F1A1803B78E268DB0982F85E
:1024C0003530E3681D685DB12846FDF753FE0028EE
:1024D00080F29A80E068FFF730FE2846FFF767F841
:1024E000002061E795F8243028468DF81930FFF771
:1024F000D0F841462846FFF71BF900287FF452AF79
:102500000DF11A06314628469DF81920FFF7D8F933
:1025100000287FF447AF6378FF2BBAD19DF81930BC
:102520002046A96908AA8DF824300896EEF7BAFB70
:1025300018B12046FFF70EFE34E76078EEF75CFC3A
:10254000064600283FF42EAF7278B11C0DF11A0038
:1025500002F035FFE36893F8302002BB40B130460B
:10256000EEF776FF304672780DF11A01FFF773FE31
:102570003B785E0643D501212046EEF79FFF0023FE
:1025800000200021E26882F83430E268C2E90601E6
:10259000E26813622146A869EFF776F88CE73B788A
:1025A000990610D438B1012A7FF4FCAE02212046EE
:1025B000EEF784FFF6E6B8F1000F3FF47DAF5B065F
:1025C0007FF57AAF0CE0C0B13046EEF741FF72788C
:1025D00030460DF11A01FFF73EFE3B785A060ED544
:1025E00001212046EEF76AFF002000210022E36867
:1025F000C3E90601E3681A62CCE73B78DFE7022112
:102600002046EEF75BFF57E70022E3681A6064E7B5
:102610002DE9F34115461A469DF8203007468846B5
:10262000EEF7D2FF044690B305B32A463946EEF7DB
:1026300039FB78301AD1E36893F83030052B26D077
:102640006078EEF7D9FB2A7906462968023002F055
:10265000B6FEB8B13046EEF7FBFE30462A7929685F
:10266000FFF7F9FD02212046EEF728FFE36893F813
:10267000303063B91A4619463846CDE90083EFF782
:1026800027F804E0E36893F83030002BEAD02046C6
:1026900002B0BDE8F0812DE9F047984600261423EA
:1026A00090B0CDE9046303AB069302230D46146892
:1026B0008A680793002A6CD10B21A869B6B28DF8FD
:1026C0002C20EEF793FE00285ED1284604A9FFF7E0
:1026D00030FA0746002857D03F2E02D9E379FF2B66
:1026E00006D03B79FF2B03D198F80130002B4BD15A
:1026F00005992846FFF7ADFD1423284685F83A30A2
:1027000006A9FFF716FA82462C3EB6B204F1080875
:102710000DF12209BAF1000F06D09AF801301BB171
:1027200095F83A30B34238D304373946A869FDF7F3
:102730003CFE824640B304F10808061D4046FFF700
:10274000EBFC04F118090146002800F09B8040F2E0
:10275000FF23A2699A4217D1E269AAB9236AB3F1A9
:10276000807F11D1636ADBB2FF2B0DD19AF92D3036
:10277000002B3ED148F2FE03BAF80420A8699A4221
:1027800002D03146FDF7C8FF6FF0040010B0BDE87D
:10279000F087138A52681E448CE728460799FFF792
:1027A00058FD9AF80030012B12D14046FFF7B4FCD7
:1027B0000028E9D128469AF8011008AAFFF711FD70
:1027C0000028E1D09DF82130CDF828908DF82C30EC
:1027D00095F83A209AF8013002EBC303DBB293423A
:1027E00085F83A30D0D9284606A9FFF7A2F98246E3
:1027F00090E74FF0FF33237602236376A276E276EA
:1028000022776277A277E27784F8202084F821206B
:1028100084F8222084F8232084F8242084F82520BA
:10282000012384F8262084F827304946A869ECF76C
:10283000ADFA0CAC0246234600F1100C2746106896
:102840005168083203C762453C46F7D11A464446F0
:1028500010AF134603CBBB42206061601A4604F1FF
:102860000804F6D1202447469DF82C30A8694BBBBC
:10287000009433464A463946A869FFF70BFD002805
:1028800084D081E74046EBF7E3FD00287FF47CAF7E
:1028900040F2FF23A2699A4209D1E3693BB9236A56
:1028A000B3F1807F03D1636ADBB2FF2B07D04946C7
:1028B000A869FDF77AFD00283FF466AF061DC14602
:1028C0006024D1E70023414600930AAAFFF7A0FE47
:1028D0000028CDD158E7012307B501930023043127
:1028E00000911A461946EEF7F3FE03B05DF804FBBB
:1028F00040F2FF23F0B587B00746ADF80830002658
:10290000ADF80A60ADF80C60ADF80E60ADF810607F
:10291000ADF81260ADF814604FF40073ADF81630E6
:1029200002A9ECF733FA0546FFF7F6FB30B9384653
:10293000EEF712FD0479093404F0F80640F6CD42B2
:102940000023311DCDE9002338463A23022201F04D
:10295000FC01EDF733FE044600283AD0FF2302AA1B
:10296000294680F83530FFF742FB024638B16FF058
:1029700068052046FEF71BFE284607B0F0BD8521FE
:102980002046FFF76CF901460028F0D104222046CA
:10299000FEF78BFF05460028E9D176B92046FEF701
:1029A00078FE3A212046FFF769FB2046FDF7E2FB5F
:1029B0000028E1DA6FF01505DBE73846EEF7CCFCCE
:1029C0000123014632462046FFF7E8FB0028E5D107
:1029D000CDE76FF00B05CFE7FFF78ABF07B549BA20
:1029E000ADF8061002220DF10601FFF787F803B0DB
:1029F0005DF804FB10B50446FEF74BFE3A21204675
:102A0000FFF73CFB2046FDF7B5FB002805DA204622
:102A1000FEF7CDFD4FF0FF3010BD0020FCE7F0B514
:102A200089B01E4603AB019314230C4601A9054649
:102A300017460293FFF77DF820B96FF0680420462F
:102A400009B0F0BD00232146437033024380077074
:102A5000021D04F1100351F8040B994242F8040BD3
:102A6000F9D1284601A9FFF782F804460028E4D1ED
:102A7000002EE4D0ECF704FD102201462846FFF7B3
:102A80003DF80028DBD0D8E740F2FF2370B586B0D0
:102A900004460D46ADF808300023ADF80A30ADF815
:102AA0000C30ADF80E30ADF81030ADF81230ADF896
:102AB00014304FF4B053ADF81630012602A980F857
:102AC00035608069ECF762F902AA01462046FFF7FB
:102AD0008EFA18B16FF0680006B070BD3A23324626
:102AE00020460DF107018DF80730FFF707F80028A1
:102AF000F0D18DF80700324620460DF10701FEF7B0
:102B0000FDFF0028E6D140F202512046FFF766FFA4
:102B100001460028DED12046FFF760FF014600286D
:102B2000D8D12046FFF75AFF02460028D2D1082309
:102B30008F212046E386FFF792F801460028C9D18D
:102B40002046FFF74BFF0028C4D129462046FFF757
:102B500045FF0028BED184F83B00BDE773B50023D4
:102B6000164640F267620C46CDE9002330213A2335
:102B70000222EDF723FD0546D0B10121FFF784FFC6
:102B800028B16FF068042846FEF711FD0DE001231F
:102B9000324621462846FFF742FF0028F1D1284659
:102BA000FFF728FF04460028EDD1204602B070BD93
:102BB0006FF00B04F9E770470022036803B9704710
:102BC0008B420FD10B683AB942680360914200D141
:102BD000436000230B60704713604368994208BF4D
:102BE0004260F6E71A461B68E8E77047704710B581
:102BF000044698B14FF0FF304FF0FF31EFF710FC73
:102C000063684BB15A68D46824B10434EFF710FC00
:102C1000204610BD1B68F4E7EFF70AFC0024F7E735
:102C2000F8B507460C464FF0FF304FF0FF3116461F
:102C30001D46EFF7F5FB21463846FFF729FB20B18B
:102C4000002333602C6001240BE021463846EFF767
:102C50002DFC306048B1FFF7CAFF041E18BF0124E5
:102C60002860EFF7E5FB2046F8BD2146EBF7F6FFBD
:102C700004460028F5D00834E4E7F8B50D460446CC
:102C80004FF0FF314FF0FF30EFF7CAFB294600202D
:102C9000FFF7FEFA064600283ED04078EEF7ACF883
:102CA000054600283ED0206A00283ED0AF1C394699
:102CB0006A7802F084FB002837D094F83330A0699A
:102CC00043F0080384F83330EFF77EFB0368A06914
:102CD0002362EFF779FB4379A06984F82530EFF799
:102CE00073FB0379A76284F824302B7884F82D30A5
:102CF0006B7884F82C30B068A06130B1EFF764FBDA
:102D0000437984F8253084F82D30EFF791FB204685
:102D1000BDE8F840FDF72EBA6FF00104EFF788FB2D
:102D20002046F8BD6FF00204F8E76FF01504F5E7F0
:102D300010B504460846A16131B1EFF745FB437970
:102D400084F8253084F82D3094F83330A06943F0AE
:102D5000080384F83330EFF737FB0368A069236278
:102D6000EFF732FB4379A06984F82530EFF72CFBAD
:102D70000379204684F82430BDE81040FDF7FAB905
:102D80007FB508230E460DEB030104461546CDF82A
:102D900008D00393FEF7CDFE60B100230680458086
:102DA000037143718371C37102A92046FEF7DFFEF0
:102DB00004B070BD6FF06800FAE77FB508230E46D7
:102DC0000DEB03010446CDF808D00393FEF7B1FEE6
:102DD000054640B30023A2680ABB94F83220E18E76
:102DE0000A449B1A5BBAAB80A069FDF71AFF00B9D1
:102DF0007EB111212046FEF767F84FF6FF730028D9
:102E000018BF0346EB8094F8343043F0080384F88D
:102E10003430204602A9FEF7AAFE04B070BD118A24
:102E200052680B44D8E76FF06800F6E770B50446C7
:102E30000E46FEF77EFE054610B90025284670BDF9
:102E400031462046FEF793FE03460028F5D1AA88B6
:102E5000A16852BA92B2A9B994F83210E08E014436
:102E60005B1A9A42E9D1A069FDF7DDFE0028E5D0A2
:102E7000EB88002BE1D011212046FEF725F8002831
:102E8000DCD0DAE7088A49680344E4E7006800F028
:102E9000F000A0F1E003584258417047936C23B111
:102EA000536B13B1926B40B218477047F8F7DEB915
:102EB00010B50446F9F74EF808B9606310BD002359
:102EC000A364FBE70346084610B530F8042B002442
:102ED000022A03F1040107D11B88022B04D110221E
:102EE00002F06DFA00B90124204610BD38B54C013E
:102EF000035B0246012B00EB411125D10D1D284635
:102F0000FFF7C4FF38B1CB79FB2B04D10B7F43F023
:102F100001030B7712E01319187F6FF30000187785
:102F20002846FFF7B3FF20B1C879A0F1FC0568423D
:102F300068411444237F60F3410323774B8813B91E
:102F40004FF454534B8038BD0B79FF2B02D1CB7C0F
:102F5000FB2BDBD01319187F6FF3000018770B7968
:102F6000FF2B06D000232244107F63F3410010772B
:102F7000E4E7CB7CD81E43424341F4E7F0B587B089
:102F800004460D461646002116220DF1020002F0FD
:102F90005BFB0223ADF80030002C55D094F898303C
:102FA000022B54D11DB1043D55F8043F33B9D6B9B5
:102FB000218829BB6FF0150007B0F0BD1822002151
:102FC000204602F041FB2F683846E6F717F8224604
:102FD00001463846FDF7F6FF0028E5D000212046DF
:102FE000FFF784FFE4E73368002BE1D0224603F1CA
:102FF000180153F8040B8B4242F8040BF9D1EDE7AA
:10300000022906D0012914BF6FF069006FF0150086
:10301000D2E71122084604F11803ECF735FC00282A
:10302000CADB18226946A069ECF71AFD0028C3DB49
:10303000A069EFF7E5FC00204FF48042002384F8FC
:103040009800C4E90E23B7E76FF00100B4E76FF012
:103050005900B1E7F8F77AB870B590F8986004466F
:10306000DEB9012300F1200580F898302846FFF7EB
:10307000F1FFA06928B1EFF7C3FCA069ECF7B4FC3D
:10308000A6614FF0FF334FF0FF322846FFF70EFFE7
:103090000223002084F8983070BD6FF00100FBE738
:1030A00070B50D461646044688B1A022002102F0F4
:1030B000CBFA04F1200001F059FF022384F8983084
:1030C000324629462046BDE87040FFF757BF6FF0F3
:1030D000010070BD2DE9F0410F461646054686B049
:1030E000002850D000F120084FF0FF324FF0FF339E
:1030F0004046FFF7DBFE47B92EB1316819B12846CB
:10310000FFF7E0FEA0B100241DE03C68002CF3D0E6
:103110002046E5F773FF6A4601462046FDF752FF59
:103120000028E9D069462846FFF7CCFE0028E3D105
:1031300095F89810012923D061B1324639462846C6
:10314000FFF71CFF04464046FFF784FF204606B009
:10315000BDE8F0816B6F63B1D5F888304BB105F1F4
:1031600040046FF064002246FFF798FE2046FFF708
:103170009FFE2846FFF770FF04460028DDD0E2E7F7
:103180006FF00F04DFE76FF00104DFE710B40346D0
:103190000838D0E8EF2F511CC0E8E41F002CF8D10C
:1031A00012B910BCEFF758BC6FF00F0210BC9A6652
:1031B00070474FF02003EFF3118283F31288BFF3BF
:1031C0006F8F036803F0C00343F00203036082F3D0
:1031D0001188BFF36F8F7047F8B5069F0469C9B2B5
:1031E0004FF02005EFF3118685F31288BFF36F8F40
:1031F0000C2569430C44A56C05F0070CBCF1010FCC
:103200000BD1A76486F31188BFF36F8FC4E9102335
:1032100043685B5898470020F8BD05F0C005AF42F1
:1032200086F31188BFF36F8F0CBF6FF077004FF0FC
:10323000FF30F1E713B580240094FFF7CDFF02B013
:1032400010BD0069CBB200EB4310002110470020F5
:10325000F4F75EBE0020F4F7D5BE1046F8F71EBAAC
:103260008022EFF729BE084608B51146F4F7FAFCAC
:10327000002818BF6FF0040008BD08B500F034FC4A
:10328000002818BF6FF0040008BD436800205B6889
:103290001B690B607047436802EA01005B6821EA22
:1032A000020198600020D9607047436800205B6885
:1032B00099607047436800205B68D9607047436835
:1032C0005A68536821EA03000B4090600020D360E5
:1032D000704730B543681360057A446804EBC50451
:1032E000A34202D36FF0010030BD5C798C4201D063
:1032F0000833F0E70020F7E743681B68D3F8800441
:10330000C3F880047047436802691B68D3F8100152
:1033100050B10020526912780A70C3F81001D3F836
:10332000102101221A6070474FF0FF307047026889
:103330000346D2F8580140B95B689B0706D4D2F81F
:103340002001003818BF01207047012070474268F3
:103350001368D3F80413C90518D5D3F82011A9B1FF
:103360004FF02000EFF3118180F31288BFF36F8FCD
:10337000D3F8200130B10020C3F82001D3F8200198
:103380000120D86081F31188BFF36F8F5268D20695
:1033900015D54FF02001EFF3118281F31288BFF3AE
:1033A0006F8FD3F8581111B10021C3F800154FF4F5
:1033B0008001C3F8081382F31188BFF36F8F704741
:1033C00008B5F0F7F9FB08BD01F080BD01F0B9BD0B
:1033D00000207047006801F036B838B5044604B9DB
:1033E00038BDA069256801F09FFF204601F09CFFD1
:1033F0002C46F4E74B8802224380034630B523F87D
:10340000042B01F114040A1D52F8045BA24243F894
:10341000045BF9D10B7D037530BD438802224B80DC
:103420000B4630B523F8042B00F11404021D52F8AA
:10343000045BA24243F8045BF9D1037D0B7530BDF8
:10344000034610B51C680B880846012B86B00DD1C9
:103450004A88ADF80030ADF802204B680822694672
:103460000193204600F001FF06B010BD022B04D1ED
:103470006946FFF7D2FF1622F3E7204606B0BDE803
:10348000104000F0F2BEF7F7F1BEF7F75FBE002381
:1034900007B5CDE90033F1F7DDF903B05DF804FBC2
:1034A0002DE9F04F054640688BB00C46DDE9146706
:1034B00091469A4608B1FFF7E8FFD5F800B006B18B
:1034C000AFB900232146CDE900334A46534658465A
:1034D00001F0C5F90446686828B14FF0FF324FF09B
:1034E000FF33FFF7D0FF20460BB0BDE8F08F0DF1A2
:1034F000100816220021404602F0A6F8162203AB5F
:103500002146CDE90083039253464A46584601F0CE
:10351000A6F9041EDFDBBDF81030012B0AD1039A97
:10352000082AD8D13380BDF81210059B71807360D2
:103530003A60D0E7022BCED1039B162BCBD141466C
:103540003046FFF757FF18233B60C4E7002307B559
:10355000CDE90033FFF7A4FF03B05DF804FB38B5F5
:1035600005460068F6F736FC044610B92846F1F720
:1035700065FA204638BDA0F12303DBB2082B9DBFBE
:1035800040F20510D84000F00100002070470D28DF
:1035900004D0A0F10A0358425841704701207047F7
:1035A00010B5016802468B1C03608C782046FFF73B
:1035B000EEFF10B90CB10331116010BD10B5044617
:1035C000E5F71CFD01281ED92378A3F16102192A11
:1035D00098BF203B412B16D16378A3F16102192AD1
:1035E00098BF203B542B0ED1A27802F0F703232B77
:1035F0000BD0252A09D01046FFF7C9FF10B9B2FA3F
:1036000082F0400910BD0020FCE70120FAE71368B2
:10361000F1F77ABE38B50D46044640B11021284670
:1036200001F08DFE606028B10020256038BD6FF08C
:103630001500FBE76FF00B00F8E738B5044648B11A
:1036400043683BB10025F1F76FFF6068256001F02A
:103650006BFE656038BD10B578B143686BB1F1F7AA
:10366000FBFE044648B1F1F73BFF04230022237020
:1036700000230020C4E9022310BD6FF01500FBE712
:1036800070B516461D4668B143685BB1F1F7E4FEBC
:10369000044638B1F1F724FF01230020C4E9026594
:1036A000237070BD6FF01500FBE7F8B517461D4697
:1036B000C0B14368B3B1AAB1F1F7CEFE044688B1F8
:1036C000681C01F038FE064678B12A46394601F0FA
:1036D000AEFF2046F1F704FF02230020656023704F
:1036E000A660F8BD6FF01500FBE76FF00B00F8E780
:1036F000F8B517461D46C0B14368B3B1AAB1F1F79A
:10370000ABFE044688B1284601F015FE064678B1A6
:103710002A46394601F08BFF2046F1F7E1FE0323EC
:10372000002065602370A660F8BD6FF01500FBE710
:103730006FF00B00F8E710B51446B0B14368A3B1C1
:103740009AB1F1F789FE80B10378012B0DD1D0E950
:10375000023213F5004142F10002B1F5803F72F1EF
:10376000000202D20020238010BD6FF01500FBE79D
:1037700010B5144690B1436883B17AB1F1F76CFE8D
:1037800060B10378012B09D1D0E90232B3F5803F53
:1037900072F1000202D20020238010BD6FF01500EC
:1037A000FBE710B5144690B1436883B17AB1F1F7E5
:1037B00053FE60B10378012B09D1D0E9023213F135
:1037C000004142F1000212B90020236010BD6FF0E9
:1037D0001500FBE710B5144670B1436863B15AB1E8
:1037E000F1F73AFE40B10378012B05D1D0E902236D
:1037F0000020C4E9002310BD6FF01500FBE7F8B509
:1038000017461C46C0B14368B3B1AAB1A4B1F1F7E1
:1038100023FE064680B10378022B0DD1F1F73CFE62
:103820002368054683420AD30246B168384601F050
:10383000FEFE00202560F8BD6FF01500FBE76FF07D
:103840000B00F8E738B5054680B1436873B1002135
:10385000F1F702FE002408B103780BB9204638BD09
:10386000013421462846F1F7F7FDF4E76FF015041F
:10387000F4E7FCF7C6B9FCF7CDB908B50020F2F7BC
:10388000EDFA002818BF6FF00D0008BDFCF7B9B9BC
:10389000FCF7C0B930B5102587B0144601AB02AAB9
:1038A0000195FFF7ACFF68B9019B224618336B44C2
:1038B00003F8100C294602A8F2F766FB002818BF8F
:1038C0006FF03C0007B030BD08B501F0FDFA18B14B
:1038D000BDE80840FFF7D1BF08BD08780130704748
:1038E000D0F8C0300A7801201A707047D0F8C03084
:1038F0000A7801201A767047D0F8C0300A78012083
:1039000083F821207047082070473020704730B579
:10391000D0F8C030C81DD3F81A2003F115040A608E
:10392000DA8B8A8093F820208A715A1C52F8045B43
:10393000A24240F8045BF9D1148804809278827026
:103940005A6A0020C1F81E201A8D4A84D3F82A2012
:103950004A62DB8D0B8530BD0A78D0F8C03002F0AA
:103960000F0000EB8000120902EB40029A764A78C1
:1039700002F00F0000EB8000120902EB4002DA7641
:103980008A7802F00F0000EB8000120902EB40027F
:103990001A77CA7802F00F0000EB8000120902EBE0
:1039A00040025A770A7902F00F0000EB80001209FA
:1039B00002EB40029A774A7902F00F0000EB800098
:1039C000120902EB4002DA77887900F0070202EB75
:1039D0008201020902EB4102010748BF524207205F
:1039E00083F82020704710B50446D0F8C00001F0DD
:1039F0009BFC0020C4F8C00010BD70B50446D0F890
:103A0000C4300E4615469B68984794F8BD10C4F81C
:103A1000B86084F8BC500131034621442046BDE81B
:103A200070401847D0F8C4301B691847F0B528B368
:103A300031B342B101240378274603F07F030B70B2
:103A40002346A24201D11046F0BDC51915F8015C0C
:103A5000C3F108063541C65D01349E400133DBB237
:103A6000082B45EA060505F07F0514BF0137002342
:103A700001F8015F18BFFFB2E4B2E2E70246E2E7F5
:103A80000A46E0E703780BB1F3F7E4BE70470A4655
:103A90000121FCF7B6B800B589B006AB0293082344
:103AA000039301AB049304230791CDE9053004AAE5
:103AB000032002A9F4F7B0F80228019B09D00328DB
:103AC0000AD060B9181E18BF0120404209B05DF845
:103AD00004FB6FF01500F9E76FF08500F6E74FF093
:103AE000FF30F3E700207047002070477047004721
:103AF00001F0ECB938B504461546F4F72FF929461C
:103B00002046BDE83840F4F741B9430903BF4FF000
:103B1000FF3323FA00F000F001000020704770B579
:103B200001F1080330F813301646DA0504460D4655
:103B300009D5C3F3432300EBC302314650F83330B9
:103B4000526828469847A3682BB131462846E26858
:103B5000BDE87040184770BD2DE9F3411746DDE917
:103B60000858019001A80C461E46F4F7E9FA019B9B
:103B7000391E18BF012100EB8300231E18BF01234B
:103B8000002E43EA410314BF0C210021002D43EA1B
:103B9000010314BF4FF4E0610021B8F1000F43EAC4
:103BA000010314BF4FF440310021D0F800220B4331
:103BB00022EA030304B124780FB13F787F001C434D
:103BC0000EB13678B6003C438DB1297809023443F2
:103BD000B8F1000F03D098F800804FEA084821435D
:103BE00041EA0801C0F8001202B0BDE8F0812946A0
:103BF000EDE71FB50DF10F03019300238DF80F10B2
:103C00001A4619460093FFF7A7FF05B05DF804FBBD
:103C100010B504790A462046F4F7E6FA18B11146C1
:103C20002046F4F7FFFA00F0010010BD38B5057921
:103C3000044628460A46F4F7F5FAC0B1114628466C
:103C4000F4F7D2FA98B911462846F4F7C1FA0123DD
:103C500022688340C2F80833226803B202EB830370
:103C6000D3F8102522F00302C3F8102538BD002137
:103C7000BDE838401046FFF7BCBFF4F7D1BBFFF7F3
:103C8000D5BF022904D0042906D0012900D17047EC
:103C9000806808B1F0F776BB7047002210B5046861
:103CA000944200D110BD00EBC2014B68013223F0F9
:103CB000FF0343F003034B60F2E70420F4F766BF11
:103CC0000420F4F781BFF4F71DBF38B50446002582
:103CD000031D2268AA4201D8002319E04FF0000218
:103CE000D3E8CF0F032804D1C3E8CC2FBCF1000FD9
:103CF000F6D102D008330135EBE701EB8513184606
:103D00004022002101F0A0FC034604EBC504A060A2
:103D1000184638BD0830704738B5054620B9F4F765
:103D2000C1FF80B9002038BDF0F724FB044600280D
:103D3000F8D0F4F7B7FF38B92046F0F723FB01209D
:103D4000F0F7EEFAEEE72C46C56040F8084FEAE7D8
:103D500040EA0141104640F8081DF4F7B5BFF4F7FA
:103D6000ADBFF4F7A5BFF0F705BB08B5F0F70AFB48
:103D7000BDE808400120F0F7D3BA0429F8B505469C
:103D8000174603D0102910D000240CE00820F0F7CB
:103D9000E3FA04460028F7D000234360012347805C
:103DA00003802B6843602046F8BD1620F0F7D4FA54
:103DB00004460028E8D0061D12220021304601F0FA
:103DC00043FC022323802B46678005F1100253F841
:103DD000041B934246F8041BF9D1E4E7134609B9E2
:103DE000116070470A88012A02D0022A07D0704762
:103DF0001A68082A28BF08221A6001F018BC1A683D
:103E0000162A28BF1622F7E708B5F5F783FC40B15C
:103E100000F11C03D3E8EF1F0131C3E8E21F002AC1
:103E2000F8D108BD006808B1F5F722BC704737B576
:103E30000025036804460093838F6846ADF806505A
:103E4000ADF8043000F0E6FD38B1A36B6846984742
:103E500094F83E300BB1A563E56303B030BD406814
:103E6000003818BF0120704700230B60836813B926
:103E7000C0E90111704719608160704738B5054687
:103E80000C46F4F727FFAA68236894426B6008BFCA
:103E9000AB6000232046236000F04DF9BDE83840B8
:103EA000F4F71EBF406870470069431E58425841EE
:103EB00070470069831E5842584170470069C31E0D
:103EC0005842584170474069B0F5817F05D040F2B3
:103ED0001113C31A5842584170470120704790F897
:103EE0002000C0F34000704790F82000C0F380002D
:103EF000704790F82000C0F3C0007047006C00F0DD
:103F00000100704790F8200000F00100704703693D
:103F1000012B05D18069A0F18003584258417047B8
:103F20000020704790F82000C0097047836933F083
:103F3000800314BF01200020704790F82000C0F3D8
:103F400040107047806B003818BF0120704790F810
:103F50003400431E58425841704708B590F820304D
:103F6000014613F001020BD1FFF7E0FF28B9084624
:103F7000FFF7CDFF80F00100C2B202F0010008BDE2
:103F80000022FAE770B504460D4616462046FFF7B4
:103F9000E4FF70B155B1284600F0BCF848B931468D
:103FA0000220EFF7D3FF0028F0D070BD6368002B2C
:103FB000F5D00020F9E74068003818BF01207047AD
:103FC00090F82200003818BF0120704710B5044651
:103FD000FFF7ACFF94F82010C1F3401340EA03024E
:103FE000236982F00102012B14BF0123C1F3800376
:103FF000D2B220461A40FFF766FF48B1C1F3001164
:104000002046FFF784FF0A4080F00100104010BDF9
:104010000121F5E710B50C46F5F77CFB28B190F8C7
:10402000203064F3861380F8203010BD10B50C46A4
:10403000F5F770FB28B190F8213064F3000380F8A5
:10404000213010BDD0E9092353EA020109D04FF411
:104050007A71B3FBF1F001FB02000128B8BF012027
:1040600070474FF0FF307047D0E90B2353EA02014D
:1040700009D04FF47A71B3FBF1F001FB0200012883
:10408000B8BF012070474FF0FF3070470138022859
:104090008CBF002001207047013802288CBF00200F
:1040A000012070470388012B03D0022B06D001208A
:1040B0007047082914BF0020012070471629F9E72E
:1040C000032915D011280CD004DC88B106280AD0A9
:1040D00000207047B0F5817F05D040F2111398425F
:1040E000F6D1022900E0012914BF00200120704709
:1040F00001207047C368012B03D0022B07D0012099
:1041000070470888012814BF0020012070470888E4
:104110000228F8E700B10068003818BF0120704796
:1041200000B10068704743894068184470470289AD
:104130004089101A704710B504464068FFF70FFE1B
:10414000E06808B1F0F710F92046BDE81040F0F73C
:104150000BB910B50446206800B910BD6268036849
:104160009042236008BF6360FFF7E5FFF3E700F0CC
:1041700015BD10B5044660B1406908B1F0F7F4F818
:10418000A06908B1F0F7F0F82046BDE81040F0F75C
:10419000EBB810BD10B5044600F0FEFC2368436088
:1041A000A36983602046BDE8104000F0F7BC2DE90C
:1041B000FF4180460F461646FFF768FF38B96A2070
:1041C000EFF78EFF4FF0FF3004B0BDE8F0813046CE
:1041D000F5F7F2FA08B97B20F2E73846FFF75CFF03
:1041E00008B96B20ECE739463046FFF769FF002835
:1041F000F7D0F5F75BFA054608B91720E0E700208D
:10420000FFF78AFD044620B92846F5F795FA69209C
:10421000D6E74FF0FF330C22037443748374C374E6
:104220000023027243728372C3724046F6F7BAF8F3
:104230006061384600F058FC0146A061304600F04D
:1042400054FC2146E06101AA47F201000295F6F70D
:10425000D5F8044620B12846F5F76EFA2046AFE7B8
:10426000C5E9038728686E61AEE773B506460C465C
:104270001546FFF7C9FD019050B90920EFF730FF4F
:104280004FF0FF3401A8FFF7CDFD204602B070BD0E
:10429000FFF74CFE10B1019B9869EFE70198FFF71B
:1042A00023FE08B17F20E9E70198FFF718FE08B167
:1042B0007820E3E70CB90E20E0E721460198FFF7EC
:1042C00019FF08B96A20D9E729462046FFF7EAFE18
:1042D00008B91620D2E70198FFF710FE054620B175
:1042E000019B5D69113D18BF01250020FFF714FDFA
:1042F000024608B96920C1E7002314210661017252
:1043000043728372C3722188012911D0022917D008
:104310000199042091F8203043F0020381F8203005
:1043200047F20201D560FFF713FDCDB17720A5E775
:104330006188C37581820421817563688361E7E7C1
:104340006188C37581821021231D8175143400F1A9
:10435000180153F8040BA34241F8040BF9D1D7E735
:104360000198FFF781FE00900198FFF7B8FD20B992
:104370000198846984B1204680E769460220EFF7FE
:10438000E5FD10F10B0F05D00028EDD00028B8BFD7
:10439000404273E7742071E7FFF795FD00283FF472
:1043A00071AFDDE90010F5F783FF04466AE730B529
:1043B00085B005460C46F5F7ADF938B90920EFF799
:1043C0008FFE4FF0FF33184605B030BD0CB90E20FC
:1043D000F5E72146FFF78EFE08B96A20EFE70020D7
:1043E000FFF79AFC014608B96920E8E70023142288
:1043F0000561027243728372C3722288012A0AD055
:10440000022A10D047F2050001AAF5F7F7FF03468C
:104410000028D8D0D3E76288C375828204228275CF
:1044200063688361EEE76288C37582821022231D70
:104430008275143400F1180253F8040BA34242F8B9
:10444000040BF9D1DEE730B585B005460C46F5F72B
:1044500061F938B90920EFF743FE4FF0FF331846F2
:1044600005B030BDFFF720FD08B95F20F3E700205D
:10447000FFF752FC014608B96920ECE7002304224B
:1044800024EAE474027243728372C3720561446168
:104490006A4447F20800F5F7B1FF03460028DED072
:1044A000D9E7F0B593B007460D461446FFF7ACFCCC
:1044B000029050B90920EFF713FE4FF0FF3402A825
:1044C000FFF7B0FC204613B0F0BD15B11CB90E20AB
:1044D000F1E7002CFBD1FFF7E7FC08B95F20EAE722
:1044E0000298FFF70BFD28B10298FFF769FD08B9A4
:1044F0000B20E0E70298FFF7A5FD01900298FFF777
:1045000001FD50B10298FFF75BFD0028D2D0F5F70E
:10451000CDF8064680B91720CDE70298FFF750FD89
:104520000028EFD1022001A9EFF710FD0028E5D007
:104530000028B8BF4042BEE70020FFF7EDFB014670
:1045400020B93046F5F7F8F86920B4E7076104961A
:1045500075B17CB10CAB47F20C0003AA0593F5F7DB
:104560004DFF074640B13046F5F7E6F83846A2E77A
:104570002B46F0E72346EEE73DB134B1BDF83630C7
:10458000042B04D0102B15D02760346897E7012343
:104590002768ADF81830082F28BF0827BDF8343039
:1045A000ADF81A300E9B07933A46284606A901F04B
:1045B0003EF8E9E70223ADF81830BDF8343007AF14
:1045C000ADF81A3012ABADF82C0013E90F0087E8F4
:1045D0000F002768162F28BF1627E5E72DE9F04FB3
:1045E00087B0894616461D46109F009003F040088C
:1045F00003F4007AF5F78EF8044638B90920EFF78E
:104600006FFD4FF0FF3007B0BDE8F08F35F4107349
:1046100005D1B8F1000F11D0BAF1000F01D05F2021
:10462000EDE7FFF721FD02902046FFF767FCA8B9F0
:10463000B8F1000818BF4FF0010805E0FFF714FDBE
:104640000290BAF1000FEFD02046FFF780FC40B196
:104650002046FFF76BFC68B1A069D0E74FF0010876
:10466000F2E72046FFF762FC0028F5D12046FFF76D
:104670004EFCF0E72046D7B1FFF716FC00BB3946E9
:104680002046FFF737FD08B96A20B8E73846119988
:10469000FFF708FD08B91620B1E72046FFF709FC2F
:1046A00070B12046FFF70FFC50B17F20A7E7FFF75E
:1046B00000FC28B12046FFF717FC08B979209EE7D7
:1046C0002046FFF7F1FB40B12046FFF7FCFB20B18D
:1046D000B6F5006F28BF4FF40066FFF742FBB0420B
:1046E00006D22046FFF7E0FBC8B1FFF73AFB0646CB
:1046F00000252046FFF721FC18B12046FFF72DFCCE
:1047000078B93046FFF708FB8346C8B9012002A9F3
:10471000EFF71CFC80B9B8F1000FF2D004E07A206A
:104720006DE7B8F1000F01D00B2068E7022002A965
:10473000EFF70CFC0028DCD00028B8BF40425EE751
:10474000009B0361B9F1000F04D03246494600686E
:1047500000F06DFF94F8340000283CD0F5F742FEDD
:104760000021024684F83410BAF1000F0ED0029DE9
:1047700042F040026B1C30D04FF47A7195FBF1F59A
:10478000ADB2B5F5167F28BF4FF41675002F47D090
:1047900020460192FFF788FB019A002840D11A2198
:1047A0008BF809008BF808108BF80A008BF80B00C7
:1047B000CBF81420ABF82C503A88012A10D0022AEA
:1047C0001AD047F20700594603AAF5F717FE034629
:1047D000B8BB049817E70246C6E74FF41675D5E74D
:1047E0007A888BF81B00ABF8182004228BF81A206B
:1047F0007A68CBF81C20E4E77A880BF11C01ABF84F
:10480000182010228BF81B008BF81A2007F11400D7
:104810003A1D52F804CB824241F804CBF9D1D0E7DB
:10482000002106208BF809108BF808008BF80A107D
:1048300047F206008BF80B10CBF81420ABF8185099
:10484000C1E70C2806DC0A2807DDB8F1000F3FF4A9
:1048500050AF69E78C283FF4D2AE1846CFE62DE979
:10486000F74F8946DDE90C7A15461E4603F4807839
:10487000FFF7CAFA019058B90920EFF731FC4FF061
:10488000FF3701A8FFF7CEFA384603B0BDE8F08F36
:1048900036F4A17301D05F20EFE727B1BAF1000F22
:1048A00004D10E20E9E7BAF1000FFAD1FFF7FCFAC4
:1048B00028B10198FFF718FB08B98020DDE70198BF
:1048C000B8F1000F16D1FFF719FB08B9730611D51F
:1048D0000198FFF7C4FA68B90198FFF727FB48B9B8
:1048E0000198FFF714FB28B90198FFF70BFB08B9F3
:1048F0000B20C2E70198FFF7A5FB6A460090002154
:104900000198FFF73FFB18B10028B8BF4042B4E759
:104910000198FFF7A4FA88B90198FFF7F8FA002880
:1049200076D10198FFF7EEFA0028A5D10198FFF79C
:10493000FDFA0028A3D0019B98699EE70198FFF734
:10494000B1FA044627B1C16852463846FFF746FA25
:10495000002706F0020A2046FFF7E9FBA8421DD80F
:104960002046FFF7E4FB0646002E8AD02046FFF7DC
:10497000DAFB09EB070B01463246584600F057FEBA
:1049800001983744FFF795FA50B1BAF1000F7FF460
:1049900078AF21460198FFF771FA72E72E46E3E7F8
:1049A0000198FFF78BFA0028EFD1BAF1000F14D06D
:1049B000B5423FF466AFB8F1000F04D06A46214615
:1049C0000198FFF7DFFA2046AD1BFFF7A9FB04466D
:1049D0000028C0D1002F9FD053E76389204633447D
:1049E0006381FFF7A4FB18B921460198FFF746FA47
:1049F000B5423FF446AFAD1BB8F1000F04D06A4694
:104A000000210198FFF7BEFA0198FFF74BFADEE7A5
:104A1000002736E738B504460068F4F77BFE054604
:104A200028B90120E38843F02003E38038BDFFF775
:104A300069FA0028F5D12846FFF778FAF8B1E3883B
:104A400043F00803E380A388DA0707D52846FFF779
:104A5000B2FAE8B1E38843F00103E380A3885B077F
:104A600007D52846FFF7B2FA18B1E38843F00403EC
:104A7000E380B4F90600003818BF0120D6E72846C5
:104A8000FFF745FA0028DED0E38843F01003D9E7AA
:104A90002846FFF795FA0028DCD12846FFF737FAB9
:104AA0000028D7D1DAE738B50D461446F4F732FEC0
:104AB00028B90920EFF714FB4FF0FF3006E0032D73
:104AC00003D0042D03D01620F4E7006C38BD012C70
:104AD000F9D804640020F9E7431F002B03D8DFE86E
:104AE00003F00100032070477047292815D005DC2A
:104AF000062814D0112814D048B17047B0F5817F32
:104B00000DD040F2111398420BD0FF280CD101298F
:104B100009D0022908BF02207047062070470120F3
:104B200070470220704708467047292811D00ADCD8
:104B3000012810D0062810D0002808BF042018BF74
:104B40004FF0FF307047B0F58D7F08D0B0F5007F93
:104B5000F5E70620704708207047012070474FF4A2
:104B60008070704708B5031F092B0FD8DFE803F0EA
:104B70000811050E0E0E0E0E0E056FF0010008BD99
:104B80007320EFF7ADFA6FF00A00F8E7F5F71EFCB7
:104B9000F7E76FF06300F2E7C06870474269C368E7
:104BA0001A60704708B5034624301AB95A62426049
:104BB000002008BD082A28BF082200F038FDF7E7CA
:104BC00008B503462C301AB9DA624260002008BDED
:104BD000082A28BF082200F02AFDF7E738B5044666
:104BE0000D4639B1082A0BD01620EFF779FA4FF0AD
:104BF000FF3038BD002AF7D18263C2630020F8E796
:104C0000F4F768F895E8030004F1380383E803003B
:104C10002046FFF70CF9F4F763F8EFE773B50446A5
:104C200008680D461646F5F7DDFB002801DB042E6B
:104C300006D01620EFF754FA4FF0FF3002B070BDE7
:104C40002B68204684F83430FFF781F900230028D0
:104C5000F4D0CDE900331A4619462068FFF7BEFCB0
:104C6000ECE708B509B1042A05D01620EFF738FAA9
:104C70004FF0FF3006E00B782BB1012BF5D180F817
:104C80004830002008BD0223F9E710B5541E1B2C44
:104C900002D812F0030405D01620EFF721FA4FF0E6
:104CA000FF3010BD930880F84B304C3000F0BFFC53
:104CB0002046F6E708B509B1042A05D01620EFF71B
:104CC0000FFA4FF0FF3008BD0B78003B18BF0123EF
:104CD00080F849300020F6E708B509B1042A05D06C
:104CE0001620EFF7FDF94FF0FF3008BD0B6880F894
:104CF0004A300020F9E770B5054614460E4631B932
:104D000092B11620EFF7ECF94FF0FF3070BD002A9A
:104D1000F7D0406C08B1EFF727FB601CEFF71CFBE6
:104D2000686438B96920EDE7406C08B1EFF71CFB07
:104D30000020EBE72246314600F079FC00226B6C44
:104D40001A55F5E710B5134612680446042A28BF21
:104D5000042208461A6004F1180100F068FC0020E3
:104D6000A06110BD10B5134612680446082A28BF7A
:104D7000082208461A6004F1240100F058FC0020C3
:104D800010BD10B5134612680446082A28BF082231
:104D900008461A6004F12C0100F049FC002010BD07
:104DA00013B50446134694F84820084601921A6841
:104DB00001A9042A28BF04221A6000F038FC002050
:104DC00002B010BD13B50446134694F849200846B6
:104DD00001921A6801A9042A28BF04221A6000F06F
:104DE00026FC002002B010BD13B50446134694F80B
:104DF0004A20084601921A6801A9042A28BF042201
:104E00001A6000F014FC002002B010BD10B504467A
:104E10000846114694F84B309A000B689A4228BF16
:104E20001A460A6004F14C0100F001FC002010BD9C
:104E3000F8B5456C0E461446176875B12846E4F778
:104E4000DDF80130B842024628BF3A4629463046CE
:104E5000226000F0ECFB0020F8BD3A4629463046BF
:104E600000F0F2FB2560F6E770B504460E4600F050
:104E700025F80546206808B1FEF771FF48F20203E5
:104E80009E4218D048F209039E4214D048F2010312
:104E90009E420BD16B684BB104F1140204F138014E
:104EA00052F8040B8A4243F8040BF9D12046BDE8BE
:104EB000704000F005B863696B60F7E7C068704741
:104EC0000269C3681A607047F5F778BB08B1E7F765
:104ED00081BC704740B1C368587810F001001EBF14
:104EE0001878B0FA80F04009704700F0ADBB00F0D0
:104EF0009EBB10B400F10C04C0E9034410BCE4F7FD
:104F000003BF07B5CDE900230A460421F5F7AEFD3E
:104F100003B05DF804FBC2688369134313F0030315
:104F20000CD103614169994201D8002070470169A1
:104F300001331160816902610A44F3E76FF01500E3
:104F40007047EFF30580003818BF012070476FF0FD
:104F50005700704700207047F7F724BA90F90E30D9
:104F60008B4201D0F7F71CBD00207047034600209C
:104F7000C3E90033C3E90200704710B5044630B1FD
:104F80000268930703D0446809B100F0CDF92046C8
:104F900010BD0023C0E90033836000F10C03C0E9B9
:104FA000033300F11403C0E905337047012307B54B
:104FB000009300230A461946F6F72AFA03B05DF873
:104FC00004FB002307B50A4600931946F6F720FABA
:104FD00003B05DF804FB00210068FFF7CEBF00219D
:104FE0004068FFF7CABF5AB18A4209D300F11003E3
:104FF000C0E90212C0E90000C0E904330020704794
:105000006FF015007047012302688B4022EA03030A
:10501000036022FA01F000F00100704710B503218F
:1050200004460C30FFF7EFFF30B104F11000F8F741
:10503000DBFBB0FA80F0400910BD20B100229030B7
:105040001146F8F783B9704770B5C3680446C3F3D7
:1050500040069B0716D4856802210C30FFF7D3FF6A
:1050600080B1D5F888206AB194421DD122689EB9DA
:10507000D5F88C30C5F888209C4201D1C5F88C2029
:1050800000232360E36813F00F001EBF43F0020308
:10509000E36040F0020070BD3260D5F88C2094428D
:1050A00008BFC5F88C60EBE716461268DBE710B561
:1050B000F6F7D0FD041E09DD4FF02003EFF3118059
:1050C00083F31288BFF36F8F00F00BF8204610BDFA
:1050D00090F90E3091F90E00834214BFC01A0020DF
:1050E0007047034620B9EFF305820AB9E6F7C6BE5A
:1050F00083F31188BFF36F8F70474FF02003EFF3F6
:10510000118083F31288BFF36F8FFFF7EABF01218D
:105110001838F7F747BD38B5054600202C68A5427A
:1051200000D004B938BD2046F7F7EEFC2046F7F76B
:1051300061F80120F2E7C0E900000020704708B5DF
:10514000F8F79CFC08BDF8F799BCB3F1FF3F08BF26
:10515000B2F1FF3F70B504461D46164613D01A4300
:1051600015D06FF001024FF0FF33921B63EB050186
:10517000002904DAF8F782FC821941EB0501C4E941
:105180000021204670BD4FF0FF321146F7E70022A4
:10519000FBE7B3F1FF3F08BFB2F1FF3FF8B50746A9
:1051A00016461C4610D054EA020311D0F8F766FCEC
:1051B000B0420A46A14103460AD2F31A64EB020444
:1051C000C7E900343846F8BD4FF0FF331C46F7E717
:1051D0000023FBE70023C0E9081200F11802C0E930
:1051E0000622C0E9003303634363704710B50446E9
:1051F000F8F7FAFAB0B9636A0BB12046984704F1A0
:105200001800F7F729FD68B1F6F7F4FF4FF0200317
:10521000EFF3118083F31288BFF36F8FBDE8104066
:10522000FFF75FBF10BDF8B50D46D0E90013884207
:10523000044605D16368C5E900431D6065601DE053
:10524000002BF7D0986800B16038A2F160073946AA
:10525000FFF73EFF0028EDDC2668B442EAD0002EBE
:10526000E8D0B16801B160393846FFF731FF002856
:1052700005DD7368C5E900631D607560F8BD63688E
:105280009E42D7D03668EAE72DE9F04184680546AA
:105290000E46ECB16378012B25D114F8533C9A07E4
:1052A00014D5A4F160073846F7F72EFC082E0CBF82
:1052B0006FF003030023E36114F8533CDB0605D1D0
:1052C00054F8483C13B93846F6F794FF002323708E
:1052D0000020EB68A860C3F38632164366F394336C
:1052E000EB60BDE8F081022BF0D12378002BEDD0EC
:1052F00054F8048CB8F1000FE8D004F11400F8F76A
:1053000073FA0023A4F1140739464046E362F6F726
:10531000A1FCDBE70023C0E90000836070478368DD
:105320000B60C3681360704720B1011F50F8040C74
:10533000F5F73ABC704701460420F9F7F3B870B5A9
:10534000A0FB015424B92846FFF7F5FF064610B923
:105350000026304670BD2A46214600F075F9F8E770
:105360009A4208B501D9E7F78DF9814204D88B1824
:105370009842F8D3814202D183189942F3D3BDE811
:10538000084000F054B970B50546084616460C466C
:10539000E3F734FE421CB24201D9E7F773F9AC429D
:1053A00004D8A3189D42F8D3AC4202D1AB189C425A
:1053B000F3D321462846BDE8704000F038B90139E2
:1053C000024410B5904201D1002005E0037811F8A5
:1053D000014FA34201D0181B10BD0130F2E7C9B242
:1053E0000346184613F8012B12B18A42F9D17047CF
:1053F000002918BF0020704730B50A440546914285
:1054000001D100200FE015F8013B11F8014BA3F189
:1054100041001928A4F1410098BF2033192803D86E
:105420002034181BEBD030BD181BFCD1002CE6D16A
:10543000F9E710B56AB10139841810F8012B11F899
:10544000013F9A4203D1A04201D0002AF5D1D01ADF
:1054500010BD1046FCE710B50139044632B111F811
:10546000013F013A00F8013B002BF7D1002100F089
:10547000EBF8204610BD0246014410B58A4213469F
:1054800003D01C780132002CF8D1181A10BD38B5A1
:1054900011F0FF0403460ED12146BDE83840FFF766
:1054A0009EBF431C054621461846FFF798FF00287B
:1054B000F7D1284638BD0025F5E70A7870B56AB9F6
:1054C00070BD9A4209D10C46054614F8013F002BE5
:1054D000F6D015F8016F9E42F7D001300378002B0B
:1054E000EFD11846ECE7F0B5C3F13707044603F0F7
:1054F0001F031046FFB2082BE6B232D0102B3DD06E
:105500006508A40845EAC17544EA81748A082D1922
:1055100042EB5102290941EA02716D1842EB121265
:10552000290A41EA02616D1842EB1222290C41EA74
:1055300002416D1842EB1242AD1842F10002EC0834
:1055400044EA4274D10804EB8402A6EB4205EDB2B2
:10555000092D0CD90134A5F10A0541F10001EDB284
:1055600012E0E40806F0070544EA4174C908303542
:1055700054EA010200F8015BBDD1F0BD240906F038
:105580000F0544EA01740909092D84BFED19EDB234
:10559000EDE710B50C4600F05FF80028A2BF2368C5
:1055A0000133236010BDBDF8001068B111F0100F79
:1055B00001D00270704711F0080F02D0C0E900233B
:1055C00070474B0701D5026070478B06FBD5028000
:1055D000704710B5144600F071F80028A2BF236888
:1055E00003F1FF33236010BD70B505460E4631460A
:1055F0002846FFF7CEFF041E09DB202CF7D0A4F1CC
:105600000903042BF3D932462946FFF7E2FF20466F
:1056100070BDC9B20346024410B59342184601D189
:10562000002003E0047801338C42F6D110BD0A4417
:10563000431E914200D1704710B511F8014B9142C1
:1056400003F8014FF9D110BD02440346934200D143
:10565000704703F8011BF9E710B583780446DB07B0
:1056600017D54FF00002D4E85F3FC4E8512F00295E
:10567000F9D19BB213B1581EC0B20CE0A368984791
:105680000028F9DA0130A37814BF0822042213435A
:10569000A3704FF0FF3010BD02690346107810B1BF
:1056A00001321A6170476FF001007047D1E904328E
:1056B00093421EBF5A1C0A61187070478B78DA0734
:1056C00002D44FF0FF307047431CFAD0C0B2431CE5
:1056D000D1E8DF2F002A04D1C1E8DC3FBCF1000F84
:1056E000F6D1EED18B7823F008038B707047000061
:0C56F0000148006870470000E4E0002062
:0856FC004036FE7F01000000B2
:10570400C1C600000000000019C70000000000002E
:1057140059C70000000000009DC700000000000001
:10572400C5C7000000000000BD78010000000000B3
:105734005D2F0100D85702001DAA010000000000DF
:1057440051AC01000000000041330100EC5702009D
:105754007B320200005802004D3801001458020048
:105764005132010000000000053E0100000000006D
:1057740071A90000000000002D3F0100000000009E
:1057840031450100C45702009DC60000000000001E
:10579400E53A020000000000D9E501000000000025
:1057A400392D0100285802003501020000000000D4
:1057B400414D010000000000914301000000000081
:1057C4009782020000000000C4CE002086D0002092
:1057D40054EB0020AF7C0200C05C0200D85C0200E5
:1057E4007ED0002098E90020FB7D0200FC5C0200D2
:1057F400145D020082D00020F4E90020D47C020071
:1058040000000000F45C020080D0002000000000D2
:105814002E7E0200385D0200645D020084D0002008
:10582400A8CE0020367C020000000000A85C020024
:085834007CD000200000000000
:10583C0000000000F7FC010000000000F7FC010074
:10584C0000000000F7FC010000000000F7FC010064
:10585C0000000000F7FC01003D800100EF3A02005F
:10586C0000000000F7FC010000000000F7FC010044
:10587C00145802004F33020000000000F7FC010036
:10588C0000000000F7FC010000000000F7FC010024
:10589C0000000000F7FC010000000000F7FC010014
:1058AC00285802007D2D010000000000F7FC0100CB
:1058BC0000000000F7FC010000000000F7FC0100F4
:1058CC0000000000F7FC010000000000F7FC0100E4
:1058DC0000000000F7FC010000000000FD3B01008F
:1058EC0000000000F7FC010000000000F7FC0100C4
:1058FC0000000000F7FC010000000000F7FC0100B4
:10590C0000000000F7FC010000000000F7FC0100A3
:10591C0000000000F7FC010000000000F7FC010093
:10592C0000000000F7FC010000000000F7FC010083
:10593C0000000000F7FC010000000000F7FC010073
:10594C0000000000F7FC010000000000F7FC010063
:10595C0000000000F7FC010000000000F7FC010053
:10596C0000000000F7FC010000000000F7FC010043
:10597C0000000000F7FC010000000000F7FC010033
:10598C00058C0100EF3A020000000000F7FC01005A
:10599C0000000000F7FC010000000000F7FC010013
:1059AC0000000000F7FC010000000000F7FC010003
:1059BC0000000000F7FC0100298A0100EF3A020008
:1059CC0000000000F7FC010000000000F7FC0100E3
:1059DC0000000000F7FC010000000000F7FC0100D3
:1059EC0000000000F7FC010000000000F7FC0100C3
:1059FC0000000000F7FC010000000000F7FC0100B3
:105A0C0000000000F7FC010000000000F7FC0100A2
:105A1C0000000000F7FC010000000000F7FC010092
:105A2C0000000000F7FC010000000000F7FC010082
:085A3C0000000000F7FC01006E
:105A4400000000000100000089460100AD4C010087
:105A540000000000000000008BFD0100E1CC00000C
:105A64003F7C02000300000080830200030000006A
:105A7400DB63020003000000C67C02000300000098
:105A8400C795020003000000AC6702000300000099
:105A94004768020003000000336A020003000000AC
:105AA400918A020003000000A6A002000300000087
:105AB4004E70020003000000DD74020003000000C9
:105AC4005375020003000000368202000300000048
:105AD4001D990200030000006A7302000300000025
:105AE40007730200030000005C730200030000005F
:105AF400C997020003000000727302000300000053
:085B0400387E020003000000DE
:105B0C00AC5B0200B0C80020226A02000100000059
:045B1C00FFFFFFFF89
:105B20000000000000000000000000000000000075
:105B30000338FDD8704700009BF70100BDF7010056
:105B4000000000003D9E000018D40020000100006D
:105B50002DFB0100D7FA010002000000C9B50000CA
:105B60000000000000000000000000000000000035
:105B7000AA690200B26902000000000000000000F3
:105B800000000000BA690200BE690200C26902009A
:105B9000C66902009C5B0200B8E00020BDB60000B0
:105BA000D8E00020E8F2002001000000B7FC01006E
:105BB000ADFC01009DFC0100E1B60000000000000A
:105BC00091FC01000000000080C5002000000000E2
:105BD0000600010002000000DC5B02000000000083
:105BE0008F72020006000000E0FF0F0068C5002071
:105BF0009772020021000000E0FF0320E9C80000C6
:105C00000000000061FD0100870002007FFF01002D
:105C100067FF010089CE00006BFF01006FFF0100EC
:105C200073FF010077FF01007F0002007BFF01008E
:105C300083000200990002009D0002004300020060
:105C4000A1000200A500020000000000000000000A
:105C50000000000000000000FC5B0200605C02002D
:105C600080000000D01B0120FC5B0200705C020081
:105C700080000000902501200000000000000000CE
:105C80000000000000000001FC5B0200905C0200CC
:105C9000FF00000050300120FC5B0200A05C02000D
:105CA0000002000068310120752A0100712B0100FB
:105CB00058020000452E0100352F010000000000B1
:105CC00045300100E5300100BA7C02004F3202008D
:105CD00055320200C07C0200A9300100613202008E
:105CE0003532020000000000812E0100000000009B
:105CF000000000006732020000000000FFFFFFFF0D
:105D00000025844000000000000000000010034057
:105D100001000000153501008B32020097320200AD
:105D2000AB320200B5320200BF320200C9330100BB
:105D3000A1320100000000000080004002000000CD
:105D400000000000485D020000800040545D020039
:105D5000010000005C5D0200020000001B0000006A
:105D60009A01010007330200A53A0100F93202004E
:105D700041470100DB3302004D3502008F34020041
:105D80005F350200994B010000000000C146010090
:105D900041340200D5330200694A01005548010030
:105DA000A1340200E545010055450100E14801002C
:105DB0000000000000000000C2830200C783020050
:105DC000CF830200DA83020000000000678A02002D
:105DD0006D8A0200738A0200798A02007F8A0200BB
:105DE000858A02008B8A0200AC930200BE930200F7
:105DF000D0930200DD930200EE930200FE930200B6
:105E0000089402001B9402002E94020041940200A8
:105E100058020000100E0000A08C000002000000DC
:105E20001E0000003C000000009411000000000073
:105E3000020000003C000000680100003C0000007F
:105E40003C0000003C0000003C000000000000009E
:105E50000B3902005171010059710100073902002C
:105E60000F390200DB380200E138020061730100E3
:105E7000ED380200E572010059390200F9380200DC
:105E800061740100E9950100FD9A01000000000025
:105E9000694E02003DA4010075A50100C283020005
:105EA000C7830200E5A50200F1A502000000000280
:105EB00000000001000000040000000800000010C5
:105EC000000000000C000000690000000B00000052
:105ED000720000008000000016000000700000004A
:105EE000780000007F0000008000000071000000CA
:105EF000680000001600000074000000730000003D
:105F000073000000710000008C0000007A000000A7
:105F10000D0000000B0000000B00000076000000E8
:105F2000ADBAADBAADBAADBAADBAADBAADBAADBA39
:105F3000ADBAADBAADBAADBAADBAADBAADBAADBA29
:105F4000ADBAADBAADBAADBAADBAADBAADBAADBA19
:105F5000ADBAADBAADBAADBAADBAADBAADBAADBA09
:105F6000ADBAADBAADBAADBAADBAADBAADBAADBAF9
:105F7000ADBAADBAADBAADBAADBAADBAADBAADBAE9
:105F8000ADBAADBAADBAADBAADBAADBAADBAADBAD9
:105F9000ADBAADBAADBAADBAADBAADBAADBAADBAC9
:105FA000ADBAADBAADBAADBAADBAADBAADBAADBAB9
:105FB000ADBAADBAADBAADBAADBAADBAADBAADBAA9
:105FC000ADBAADBAADBAADBAADBAADBAADBAADBA99
:105FD000ADBAADBAADBAADBAADBAADBAADBAADBA89
:105FE000ADBAADBAADBAADBAADBAADBAADBAADBA79
:105FF000ADBAADBAADBAADBAADBAADBAADBAADBA69
:10600000ADBAADBAADBAADBAADBAADBAADBAADBA58
:10601000ADBAADBAADBAADBAADBAADBAADBAADBA48
:10602000ADBAADBAADBAADBAADBAADBAADBAADBA38
:10603000ADBAADBAADBAADBAADBAADBAADBAADBA28
:10604000ADBAADBAADBAADBAADBAADBAADBAADBA18
:106050006F0000006F0000006F0000006F00000084
:106060006F0000006F0000006F0000000B000000D8
:106070007A000000470000000B0000000B00000049
:106080005F000000041000000170000004700000B8
:10609000FFFFFFFFFFFFFFFFFFFFFFFFFFFFFFFF10
:1060A000FFFFFFFFFFFFFFFFFFFFFFFFFFFFFFFF00
:1060B0000370000002700000057000000670000010
:1060C00008700000097000000A700000FFFFFFFF69
:1060D000FFFFFFFFFFFFFFFFFFFFFFFFFFFFFFFFD0
:1060E000FFFFFFFFFFFFFFFFFFFFFFFFFFFFFFFFC0
:1060F000FFFFFFFF01800000104000001060000063
:106100001130000012300000FFFFFFFFFFFFFFFF14
:10611000FFFFFFFFFFFFFFFFFFFFFFFF103000004B
:10612000FFFFFFFFFFFFFFFFFFFFFFFFFFFFFFFF7F
:10613000FFFFFFFFFFFFFFFFFFFFFFFFFFFFFFFF6F
:10614000FFFFFFFFFFFFFFFFFFFFFFFFFFFFFFFF5F
:10615000FFFFFFFFFFFFFFFF065000002BA702001D
:1061600039A702004DA702005CA7020068A7020041
:1061700004570200045702006C57020074570200D3
:10618000B4570200C4570200000428400405000070
:10619000000428400304000000042840020300001B
:1061A0000004284001020000020002000200040076
:1061B000020008000200020002001000200040005F
:1061C0008000000100020004000001000200040041
:1061D000060008000A000C000E001000200040001D
:1061E0008000000100010001EAFF7AFFF4FF0A537A
:1061F000414D504C45204150500A00414443206ECF
:106200006F742072656164790A0025642C25642C02
:1062100025642C25640A0D004144432072656164A5
:10622000206572726F723A2025640A0057455354F4
:106230005F544F504449522F7A65706879722F6CC1
:1062400069622F6F732F63627072696E74665F701C
:1062500061636B616765642E63004153534552541B
:10626000494F4E204641494C205B25735D2040201C
:1062700025733A25640A0009537472696E672077A2
:1062800069746820746F6F206D616E792061726728
:10629000756D656E74730A00097374725F70747241
:1062A0005F706F735B5D20746F6F20736D616C6CDA
:1062B0000A0009756E65787065637465642073699A
:1062C0007A652025750A0009746F6F206D616E79FB
:1062D00020666F726D617420617267730A00696E67
:1062E0005F7061636B6167656420213D20282876BB
:1062F0006F6964202A2930290028756E7369676EDA
:106300006564292063686172202A207573656420A2
:10631000666F722025257020617267756D656E74D9
:106320002E2049742773207265636F6D6D656E64EE
:10633000656420746F206361737420697420746FC6
:1063400020766F6964202A20626563617573652019
:106350006974206D6179206361757365206D69735F
:106360006265686176696F7220696E206365727418
:1063700061696E20636F6E66696775726174696FBB
:106380006E732E20537472696E673A222573222031
:10639000617267756D656E743A2564007363707918
:1063A0005F636E74203C2073697A656F6628637042
:1063B000795F7374725F706F7329006B6565705FCE
:1063C000636E74203C2073697A656F66286B65651F
:1063D000705F7374725F706F7329006362707269AB
:1063E0006E74665F7061636B6167650057455354F7
:1063F0005F544F504449522F7A65706879722F6C00
:1064000069622F6F732F686561702E630063687512
:106410006E6B5F7573656428682C206329000975AD
:106420006E6578706563746564206865617020735B
:10643000746174652028646F75626C652D66726581
:10644000653F2920666F72206D656D6F72792061DE
:10645000742025700A006C6566745F6368756E6BE6
:1064600028682C2072696768745F6368756E6B2892
:10647000682C20632929203D3D20630009636F7249
:10648000727570746564206865617020626F756EE6
:1064900064732028627566666572206F7665726621
:1064A0006C6F773F2920666F72206D656D6F727912
:1064B0002061742025700A0028616C69676E2026AF
:1064C0002028616C69676E202D20312929203D3DEF
:1064D00020300009616C69676E206D7573742062ED
:1064E00065206120706F776572206F6620320A0028
:1064F0006279746573203E20686561705F666F6FB6
:106500007465725F62797465732862797465732942
:106510000009686561702073697A65206973207469
:106520006F6F20736D616C6C0A00686561705F73DA
:106530007A203E206368756E6B737A2873697A657A
:106540006F6628737472756374207A5F6865617012
:106550002929006368756E6B305F73697A65202B3B
:10656000206D696E5F6368756E6B5F73697A65280D
:106570006829203C3D20686561705F737A0057454B
:1065800053545F544F504449522F7A657068797262
:106590002F6C69622F6F732F6F6E6F66662E6300AC
:1065A0007374617465203D3D20305500217379730B
:1065B0005F736C6973745F69735F656D707479285C
:1065C000266D67722D3E636C69656E747329007465
:1065D00072616E73697420213D202828766F69648A
:1065E000202A293029007374617465203D3D2028DC
:1065F00031554C203C3C2028312929006D67722DF3
:106600003E72656673203D3D203000737461746591
:10661000203D3D202831554C203C3C202830292964
:1066200000574553545F544F504449522F7A657078
:106630006879722F696E636C7564652F7A6570680E
:1066400079722F7370696E6C6F636B2E68007A5F5E
:106650007370696E5F756E6C6F636B5F76616C698A
:1066600064286C2900094E6F74206D79207370695D
:106670006E6C6F636B2025700A007A5F7370696EB1
:106680005F6C6F636B5F76616C6964286C290009CD
:10669000496E76616C6964207370696E6C6F636BB0
:1066A0002025700A00574553545F544F50444952B7
:1066B0002F7A65706879722F6C69622F6F732F6EF5
:1066C0006F746966792E6300574553545F544F5079
:1066D0004449522F7A65706879722F6C69622F6F06
:1066E000732F6D7073635F706275662E63006572E1
:1066F00072203D3D2030006C6F6767696E67005700
:106700004553545F544F504449522F7A657068790D
:10671000722F7375627379732F6C6F6767696E6719
:106720002F6C6F675F636F72652E63006C6F675FBE
:106730006261636B656E645F636F756E745F6765DE
:10674000742829203C20283332202F20335529005B
:106750006261636B656E64203C3D205F6C6F675FB8
:106760006261636B656E645F6C6973745F656E64B0
:106770000009756E6578706563746564206C697373
:106780007420656E64206C6F636174696F6E0A00BB
:106790006C6F675F6261636B656E645F636F756E7C
:1067A000745F6765742829203E2030006C6F670095
:1067B000574553545F544F504449522F7A6570687F
:1067C00079722F7375627379732F6C6F6767696E57
:1067D000672F6C6F675F6D676D742E63006C696EF9
:1067E0006B203C3D205F6C6F675F6C696E6B5F6C0C
:1067F0006973745F656E6400574553545F544F501E
:106800004449522F7A65706879722F696E636C758E
:1068100064652F7A65706879722F6C6F6767696E2F
:10682000672F6C6F675F6261636B656E642E6800D3
:106830006261636B656E6420213D202828766F6954
:1068400064202A293029006C6F675F6D676D7400C2
:106850004D657373616765202822257322292064A2
:10686000726F70706564206265636175736520691D
:106870007420657863656564732073697A65206C3C
:10688000696D69746174696F6E20282575290057D8
:106890004553545F544F504449522F7A657068797C
:1068A000722F7375627379732F6C6F6767696E6788
:1068B0002F6C6F675F6D73672E6300706C656E2061
:1068C0003E3D203000574553545F544F5044495289
:1068D0002F7A65706879722F7375627379732F6C74
:1068E0006F6767696E672F6C6F675F6F7574707520
:1068F000742E63006F75745F6374782D3E636F6EE2
:1069000074726F6C5F626C6F636B2D3E6F66667343
:106910006574203C3D206F75745F6374782D3E7301
:10692000697A65001B5B306D006C6576656C203C98
:106930003D20345500257320005B2530386C755D93
:1069400020005B253032753A253032753A253032D9
:10695000752E253033752C253033755D20003C2590
:10696000733E200025732F0025733A200065727254
:10697000203E3D20300025303278200020202000AD
:106980007C00206D657373616765732064726F703E
:10699000706564202D2D2D0D0A1B5B306D001B5B77
:1069A000313B33316D2D2D2D20001B5B313B3331BD
:1069B0006D001B5B313B33336D0065727200777283
:1069C0006E00696E660064626700574553545F54F9
:1069D0004F504449522F7A65706879722F737562EF
:1069E0007379732F6C6F6767696E672F6261636B72
:1069F000656E64732F6C6F675F6261636B656E6455
:106A00005F756172742E63006465766963655F69A2
:106A1000735F726561647928756172745F6465760D
:106A200029006C6F675F6261636B656E645F75619F
:106A30007274006C6F675F756172740072302F61E1
:106A4000313A2020307825303878202072312F617B
:106A5000323A2020307825303878202072322F6169
:106A6000333A20203078253038780072332F613463
:106A70003A2020307825303878207231322F6970F2
:106A80003A2020307825303878207231342F6C72DB
:106A90003A20203078253038780020787073723AA8
:106AA0002020307825303878004661756C74696E26
:106AB0006720696E737472756374696F6E206164A8
:106AC000647265737320287231352F7063293A2000
:106AD000307825303878002A2A2A2A2A204D505525
:106AE000204641554C54202A2A2A2A2A0020205385
:106AF0007461636B696E67206572726F72202863C0
:106B00006F6E746578742061726561206D69676865
:106B100074206265206E6F742076616C6964290050
:106B20002020556E737461636B696E6720657272A5
:106B30006F72002020446174612041636365737348
:106B40002056696F6C6174696F6E0020204D4D4650
:106B5000415220416464726573733A20307825781D
:106B6000002020496E737472756374696F6E2041E2
:106B700063636573732056696F6C6174696F6E002F
:106B80002020466C6F6174696E672D706F696E743A
:106B9000206C617A792073746174652070726573FA
:106BA0006572766174696F6E206572726F720057DC
:106BB0004553545F544F504449522F7A6570687959
:106BC000722F617263682F61726D2F636F72652F10
:106BD000636F727465785F6D2F6661756C742E6378
:106BE00000212828285343425F54797065202A29C0
:106BF00020282830784530303045303030554C2909
:106C0000202B20307830443030554C2920292D3E1F
:106C1000434653522026202831554C203C3C202806
:106C20003055202B203455292929000953746163DC
:106C30006B696E67206F72204461746120416363E9
:106C40006573732056696F6C6174696F6E2065722D
:106C5000726F7220776974686F75742073746163E2
:106C60006B2067756172642C20757365722D6D6F72
:106C70006465206F72206E756C6C2D706F696E7418
:106C8000657220646574656374696F6E0A0A002A10
:106C90002A2A2A2A205553414745204641554C541B
:106CA000202A2A2A2A2A0020204469766973696FDB
:106CB0006E206279207A65726F002020556E616CBB
:106CC00069676E6564206D656D6F727920616363BD
:106CD000657373002020537461636B206F76657257
:106CE000666C6F772028636F6E74657874206172AC
:106CF0006561206E6F742076616C696429002020C4
:106D00004E6F20636F70726F636573736F7220696B
:106D10006E737472756374696F6E73002020496CB2
:106D20006C6567616C206C6F6164206F66204558EC
:106D3000435F52455455524E20696E746F20504344
:106D4000002020496C6C6567616C20757365206F4D
:106D500066207468652045505352002020417474A9
:106D6000656D707420746F20657865637574652037
:106D7000756E646566696E656420696E737472759C
:106D80006374696F6E002A2A2A2A2A2042555320EA
:106D90004641554C54202A2A2A2A2A00202053747E
:106DA00061636B696E67206572726F72002020509C
:106DB0007265636973652064617461206275732014
:106DC0006572726F72002020424641522041646415
:106DD000726573733A2030782578002020496D70F1
:106DE00072656369736520646174612062757320E4
:106DF0006572726F72002020496E737472756374CD
:106E0000696F6E20627573206572726F72005265D1
:106E100073657276656420457863657074696F6E1A
:106E200020280053707572696F757320696E7465E0
:106E30007272757074202849525120006573662063
:106E4000213D202828766F6964202A2930290009ED
:106E500045534620636F756C64206E6F74206265C5
:106E60002072657472696576656420737563636505
:106E7000737366756C6C792E205368616C6C206E30
:106E800065766572206F636375722E0A00457863BC
:106E9000657074696F6E206F6363757272656420CC
:106EA000696E205365637572652053746174650063
:106EB0002A2A2A2A2A2048415244204641554C5425
:106EC000202A2A2A2A2A002020427573206661750A
:106ED0006C74206F6E20766563746F7220746162CB
:106EE0006C652072656164002020446562756720CE
:106EF0006576656E740020204661756C742065733C
:106F000063616C6174696F6E2028736565206265CA
:106F10006C6F772900415243485F455843455054B0
:106F2000207769746820726561736F6E2025780A16
:106F300000094661756C7420657363616C617469E6
:106F40006F6E20776974686F75742046535220699C
:106F50006E666F0A0009486172644661756C742040
:106F6000776974686F7574204846535220696E665D
:106F70006F205368616C6C206E65766572206F635C
:106F80006375720A002A2A2A2A2A204465627567D4
:106F9000206D6F6E69746F722065786365707469B7
:106FA0006F6E202A2A2A2A2A002A2A2A2A2A2025FB
:106FB0007320256429202A2A2A2A2A005745535457
:106FC0005F544F504449522F7A65706879722F612F
:106FD0007263682F61726D2F636F72652F636F72BA
:106FE0007465785F6D2F6972715F6D616E61676541
:106FF0002E63007072696F203C3D20282831554C6B
:10700000203C3C2028332929202D203129000969E2
:107010006E76616C6964207072696F726974792030
:10702000256420666F7220256420697271212076A4
:10703000616C756573206D757374206265206C6575
:107040007373207468616E20256C750A0A006D7078
:1070500075004661696C656420746F20616C6C6FAB
:1070600063617465206E6577204D505520726567A9
:10707000696F6E2025750A00506172746974696FBA
:107080006E2025753A2073616E6974792063686596
:10709000636B206661696C65642E00496E76616C75
:1070A000696420756E6465726C79696E67207265BB
:1070B00067696F6E20696E64657820257500574595
:1070C00053545F544F504449522F7A657068797217
:1070D0002F617263682F61726D2F636F72652F6D00
:1070E00070752F61726D5F6D70752E630009436F4F
:1070F0006E6669677572696E6720257520737461A5
:10710000746963204D505520726567696F6E7320F6
:107110006661696C65640A0A00094D61726B696E8B
:107120006720257520617265617320666F72206427
:10713000796E616D696320726567696F6E73206631
:1071400061696C65640A0A0009526571756573743A
:1071500020746F20636F6E6669677572653A2025CB
:107160007520726567696F6E732028737570706F14
:10717000727465643A202575290A0A00212872650F
:1071800067696F6E5B6964785D2E64745F617474A7
:10719000722026202831554C203C3C2028302929BB
:1071A00029000952414D5F4E4F43414348452077E6
:1071B0006974682044545F4D454D5F4341434845E1
:1071C00041424C45206174747269627574650A0AA3
:1071D00000496E76616C69642061747472696275CD
:1071E000746520666F722074686520726567696FC8
:1071F0006E0A00094661696C656420746F20616CD9
:107200006C6F63617465204D505520726567696FBE
:107210006E732066726F6D2044540A0A0028282875
:107220004D50555F54797065202A292028283078E0
:107230004530303045303030554C29202B203078C7
:1072400030443930554C2920292D3E545950452081
:1072500026202830784646554C203C3C203855297D
:1072600029203E3E203855203D3D20313600094939
:107270006E76616C6964206E756D626572206F66F2
:10728000204D505520726567696F6E730A0A00467B
:107290004C4153485F30005352414D5F30002A202B
:1072A000627566666572206F766572666C6F7720B0
:1072B0006465746563746564202A0A0057455354F5
:1072C0005F544F504449522F7A65706879722F6C21
:1072D00069622F706F7369782F626172726965726B
:1072E0002E6300574553545F544F504449522F7AF0
:1072F00065706879722F6C69622F706F7369782F6F
:10730000636F6E642E6300707468726561645F639E
:107310006F6E6400556E61626C6520746F20616CE5
:107320006C6F6361746520707468726561645F6D11
:10733000757465785F7400574553545F544F5044DB
:1073400049522F7A65706879722F6C69622F706F5D
:107350007369782F6D757465782E63007074687228
:107360006561645F6D7574657800707468726561DD
:107370006400736F6300574553545F544F50444942
:10738000522F7A65706879722F696E636C756465C7
:107390002F7A65706879722F647269766572732FBF
:1073A000656E74726F70792E68006170692D3E672A
:1073B00065745F656E74726F707920213D20282896
:1073C000766F6964202A293029000943616C6C6258
:1073D00061636B20706F696E7465722073686F757E
:1073E0006C64206E6F74206265204E554C4C0A0010
:1073F000574553545F544F504449522F7A65706833
:1074000079722F7375627379732F72616E646F6D09
:107410002F72616E6433325F656E74726F70795F64
:107420006465766963652E63006465766963655F8C
:1074300069735F726561647928656E74726F7079C3
:107440005F646576290009456E74726F70792064F7
:107450006576696365202573206E6F74207265619F
:1074600064790A00574553545F544F504449522F92
:107470007A65706879722F7375627379732F6E6590
:10748000742F6275662E63006275662D3E666C61B0
:107490006773203D3D203055006275662D3E667253
:1074A000616773203D3D202828766F6964202A2972
:1074B000302900706F6F6C007265715F73697A6557
:1074C000203C3D2073697A6500090A006C69737479
:1074D00000706172656E740066726167006E65743B
:1074E0005F62756600574553545F544F504449528C
:1074F0002F7A65706879722F7375627379732F6E46
:1075000065742F6275665F73696D706C652E6300BC
:107510006275662D3E6C656E203D3D2030550062E3
:1075200075662D3E6C656E203E3D206C656E006E6E
:1075300065745F6275665F73696D706C655F7461B9
:10754000696C726F6F6D2862756629203E3D206CF4
:10755000656E006E65745F6275665F73696D706CF1
:107560006500574553545F544F504449522F7A6534
:10757000706879722F696E636C7564652F7A6570B7
:107580006879722F6E65742F6E65745F636F6E74A9
:107590006578742E6800636F6E7465787400574563
:1075A00053545F544F504449522F7A657068797232
:1075B0002F7375627379732F6E65742F6C69622FE8
:1075C000736F636B6574732F736F636B6574732E66
:1075D0006300736F636B5F66616D696C792D3E69E3
:1075E000735F737570706F7274656400736F636B33
:1075F0005F66616D696C79203C3D205F6E65745FEC
:10760000736F636B65745F72656769737465725FCE
:107610006C6973745F656E640009556E6B6E6F778D
:107620006E20736F636B657420747970650A005700
:107630004553545F544F504449522F7A65706879CE
:10764000722F7375627379732F6E65742F6C696214
:107650002F736F636B6574732F736F636B65745FE8
:107660006F66666C6F61642E6300646E735F6F6635
:10767000666C6F6164203D3D202828766F69642028
:107680002A29302900574553545F544F50444952DA
:107690002F7A65706879722F696E636C7564652FD7
:1076A0007A65706879722F6E65742F6E65745F6984
:1076B000662E680069666163650069666163652DB1
:1076C0003E69665F64657600574553545F544F507A
:1076D0004449522F7A65706879722F737562737995
:1076E000732F6E65742F69702F6E65745F69662ED7
:1076F00063006966616365203C3D205F6E65745F71
:1077000069665F6C6973745F656E6400746D702088
:107710003C3D205F6E65745F69665F6C6973745F82
:10772000656E64006E65745F69665F6765745F6C43
:10773000696E6B5F61646472286966616365292D97
:107740003E6164647220213D202828766F696420A0
:107750002A2930290064737400776C616E256400F7
:107760006E6574256400636F756E745F6966203D95
:107770003D2069665F636F756E74003C756E6B6E5D
:107780006F776E3E00574553545F544F50444952F3
:107790002F7A65706879722F7375627379732F6EA3
:1077A00065742F69702F6E65745F636F6E74657892
:1077B000742E63006E65745F706B745F69666163DD
:1077C0006528706B7429002828636F6E746578745F
:1077D0002920262620282875696E747074725F74BB
:1077E000292028636F6E74657874732929203C3DC5
:1077F00020282875696E747074725F74292028635C
:107800006F6E7465787429292026262028287569CA
:107810006E747074725F74292028636F6E7465785B
:10782000742929203C20282875696E747074725F51
:10783000742920282628636F6E7465787473295B19
:10784000282873697A655F742920282828696E744E
:10785000292073697A656F6628636861725B3120DD
:107860002D2032202A202128215F5F6275696C74E7
:10787000696E5F74797065735F636F6D7061746951
:10788000626C655F70285F5F747970656F665F5FBB
:1078900028636F6E7465787473292C205F5F747928
:1078A00070656F665F5F282628636F6E74657874F5
:1078B00073295B305D2929295D29202D203129205C
:1078C0002B202873697A656F6628636F6E746578FC
:1078D000747329202F2073697A656F662828636F77
:1078E0006E7465787473295B305D292929295D29B7
:1078F00029290028282073747275637420736F63BC
:107900006B616464725F696E365F707472202A29DD
:1079100026636F6E746578742D3E6C6F63616C299D
:107920002D3E73696E365F616464720061646472D7
:107930002D3E73615F66616D696C79203D3D206EFF
:1079400065745F636F6E746578745F6765745F6696
:10795000616D696C7928636F6E74657874290009AC
:1079600046616D696C79206D69736D61746368201F
:1079700025642073686F756C642062652025640A35
:1079800000574553545F544F504449522F7A657005
:107990006879722F7375627379732F6E65742F69AE
:1079A000702F6E62722E63006E62722D3E69647873
:1079B000203C2038006E65745F6E65696768626F91
:1079C000725F6C6C616464725B6E62722D3E69649E
:1079D000785D2E726566203E20300009696478204B
:1079E0002564203E3D206D61782025640A005745BE
:1079F00053545F544F504449522F7A6570687972DE
:107A00002F7375627379732F6E65742F69702F6988
:107A10007076365F6E62722E630074696D65000960
:107A20005A65726F20726561636861626C6520746B
:107A3000696D656F7574210A00706B7420262620AD
:107A4000706B742D3E6275666665720009537461D1
:107A500074696320656E747279207368616C6C2040
:107A60006E657665722074696D656F75740A00576E
:107A70004553545F544F504449522F7A657068798A
:107A8000722F7375627379732F6E65742F69702FFF
:107A9000697076365F6D6C642E63006970763600AF
:107AA000574553545F544F504449522F7A6570687C
:107AB00079722F7375627379732F6E65742F697085
:107AC0002F726F7574652E6300726F757465006E2A
:107AD000657874686F705F6C6C6164647200746D5B
:107AE00070203D3D206E62725F6E657874686F70C5
:107AF0000053656C6563746564204144432067618D
:107B0000696E206973206E6F742076616C69640001
:107B100053656C65637465642041444320726566F7
:107B20006572656E6365206973206E6F742076617F
:107B30006C69640053656C656374656420414443FB
:107B4000206163717569736974696F6E2074696D02
:107B500065206973206E6F742076616C69640049DA
:107B60006E76616C69642073656C656374696F6EB1
:107B7000206F66206368616E6E656C730043686198
:107B80006E6E656C202575206E6F7420636F6E6657
:107B900069677572656400414443207265736F6C58
:107BA0007574696F6E2076616C7565202564206937
:107BB00073206E6F742076616C6964004F76657215
:107BC00073616D706C696E67206973207375707076
:107BD0006F7274656420666F722073696E676C657E
:107BE000206368616E6E656C206F6E6C79004F76F5
:107BF000657273616D706C696E672076616C756516
:107C0000202564206973206E6F742076616C69642E
:107C10000050726F7669646564206275666665728D
:107C200020697320746F6F20736D616C6C20282540
:107C3000752F25752900616463406530303000611F
:107C400064635F6E7266785F736161646300574559
:107C500053545F544F504449522F7A65706879727B
:107C60002F647269766572732F636C6F636B5F63E9
:107C70006F6E74726F6C2F636C6F636B5F636F6E8C
:107C800074726F6C5F6E72662E630074797065201B
:107C90003C20434C4F434B5F434F4E54524F4C5F3D
:107CA0004E52465F545950455F434F554E54006302
:107CB0006C6F636B4035303030006866636C6B000E
:107CC0006C66636C6B00636C6F636B5F636F6E7489
:107CD000726F6C007073612D726E6700574553545C
:107CE0005F544F504449522F7A65706879722F69FA
:107CF0006E636C7564652F7A65706879722F647233
:107D000069766572732F6770696F2F6770696F5F2F
:107D10007574696C732E680063616C6C6261636B6F
:107D200000094E6F2063616C6C6261636B210A0015
:107D300063616C6C6261636B2D3E68616E646C653F
:107D40007200094E6F2063616C6C6261636B206826
:107D5000616E646C6572210A00574553545F544F3D
:107D6000504449522F6D6F64756C65732F68616C58
:107D70002F6E6F726469632F6E7266782F68616C04
:107D80002F6E72665F6770696F2E68006E72665F35
:107D90006770696F5F70696E5F70726573656E742E
:107DA0005F636865636B282A705F70696E29006382
:107DB000622D3E68616E646C657200574553545F76
:107DC000544F504449522F7A65706879722F64720B
:107DD00069766572732F6770696F2F6770696F5F5F
:107DE0006E7266782E6300657272203D3D204E52A1
:107DF00046585F53554343455353006770696F407E
:107E000038343235303000000102030405060746DD
:107E100061696C656420746F20616C6C6F63617460
:107E20006520505049204368616E6E656C00756135
:107E30007274403830303000756172745F6E7266F3
:107E4000785F756172746500574553545F544F50A5
:107E50004449522F6E72662F6C69622F6E72665F94
:107E60006D6F64656D5F6C69622F6E72665F6D6FBA
:107E700064656D5F6F732E63006572725F636F641C
:107E800065203E20300009547269656420746F20BB
:107E9000736574206E6567617469766520657272BA
:107EA0006F7220636F64652C2025640A007573650A
:107EB00064203C203700094E6F7420656E6F756733
:107EC000682073656D6170686F72657320696E20DC
:107ED000676C7565206C617965720A0028282873C3
:107EE0007472756374206B5F73656D202A297365E6
:107EF0006D2920262620282875696E747074725F9B
:107F0000742920286E72665F6D6F64656D5F6F7394
:107F10005F73656D732929203C3D20282875696EA3
:107F2000747074725F742920282873747275637476
:107F3000206B5F73656D202A2973656D29292026C2
:107F40002620282875696E747074725F7429202841
:107F500028737472756374206B5F73656D202A29B2
:107F600073656D2929203C20282875696E7470740A
:107F7000725F7429202826286E72665F6D6F6465B3
:107F80006D5F6F735F73656D73295B282873697A02
:107F9000655F742920282828696E74292073697AFE
:107FA000656F6628636861725B31202D2032202A5C
:107FB000202128215F5F6275696C74696E5F747936
:107FC0007065735F636F6D70617469626C655F701B
:107FD000285F5F747970656F665F5F286E72665F99
:107FE0006D6F64656D5F6F735F73656D73292C20B2
:107FF0005F5F747970656F665F5F2826286E7266B2
:108000005F6D6F64656D5F6F735F73656D73295B23
:10801000305D2929295D29202D203129202B202878
:1080200073697A656F66286E72665F6D6F64656DE1
:108030005F6F735F73656D7329202F2073697A6595
:108040006F6628286E72665F6D6F64656D5F6F7313
:108050005F73656D73295B305D292929295D2929A5
:10806000290009556E696E697469616C697365648C
:108070002073656D6170686F72650A002828287327
:108080007472756374206B5F6D75746578202A292E
:108090006D757465782920262620282875696E74E8
:1080A0007074725F742920286E72665F6D6F6465EC
:1080B0006D5F6F735F6D7574657865732929203CFA
:1080C0003D20282875696E747074725F74292028A9
:1080D00028737472756374206B5F6D757465782096
:1080E0002A296D7574657829292026262028287567
:1080F000696E747074725F742920282873747275A5
:108100006374206B5F6D75746578202A296D7574B2
:1081100065782929203C20282875696E747074724E
:108120005F7429202826286E72665F6D6F64656D06
:108130005F6F735F6D757465786573295B2828734D
:10814000697A655F742920282828696E742920734C
:10815000697A656F6628636861725B31202D203211
:10816000202A202128215F5F6275696C74696E5F27
:1081700074797065735F636F6D70617469626C654B
:108180005F70285F5F747970656F665F5F286E72DD
:10819000665F6D6F64656D5F6F735F6D7574657835
:1081A0006573292C205F5F747970656F665F5F2847
:1081B00026286E72665F6D6F64656D5F6F735F6DAD
:1081C000757465786573295B305D2929295D2920DF
:1081D0002D203129202B202873697A656F66286E3F
:1081E00072665F6D6F64656D5F6F735F6D757465EB
:1081F00078657329202F2073697A656F6628286E49
:1082000072665F6D6F64656D5F6F735F6D757465CA
:10821000786573295B305D292929295D2929290081
:1082200009556E696E697469616C69736564206D66
:10823000757465780A006E72665F6D6F64656D00B7
:10824000574553545F544F504449522F6E72662F16
:108250006C69622F6E72665F6D6F64656D5F6C69CD
:10826000622F6366756E5F686F6F6B732E63006558
:10827000203C3D205F6E72665F6D6F64656D5F6C64
:1082800069625F61745F6366756E5F63625F6C698C
:1082900073745F656E64006E726639315F736F630D
:1082A0006B6574004661696C656420746F20686F4B
:1082B0006F6B2074686520646973706174636820F3
:1082C00066756E6374696F6E2C206572722025640A
:1082D00000574553545F544F504449522F6E7266B5
:1082E0002F6C69622F61745F6D6F6E69746F722F8E
:1082F00061745F6D6F6E69746F722E630065203CF0
:108300003D205F61745F6D6F6E69746F725F656E43
:108310007472795F6C6973745F656E64004E6F2070
:108320006865617020737061636520666F72206993
:108330006E636F6D696E67206E6F746966696361E5
:1083400074696F6E3A2025730061745F6E6F746993
:108350006600094E6F206865617020737061636507
:1083600020666F7220696E636F6D696E67206E6F35
:1083700074696669636174696F6E3A2025730A00D7
:1083800061745F6D6F6E69746F72002B4347455661
:10839000002B4350494E002553484F5254535756D3
:1083A00045520025485756455253494F4E002558CF
:1083B0004D4F44454D55554944002558494343497F
:1083C00044004F4B0D0A004552524F520D0A002BEC
:1083D000434D45204552524F52002B434D532045AB
:1083E00052524F5200574553545F544F50444952D4
:1083F0002F6E72662F6C69622F61745F636D645FAC
:108400007061727365722F61745F706172616D73F8
:108410002E63006C69737420213D202828766F69D3
:1084200064202A2930290009506172616D657465E4
:1084300072206C6973742063616E6E6F7420626564
:10844000204E554C4C2E0A00706172616D20213D0A
:10845000202828766F6964202A2930290009506174
:1084600072616D657465722063616E6E6F742062F7
:1084700065204E554C4C2E0A00574553545F544FBF
:10848000504449522F6E72662F6C69622F6C74656E
:108490005F6C696E6B5F636F6E74726F6C2F6C7460
:1084A000655F6C632E6300726573706F6E73652019
:1084B000213D202828766F6964202A29302900432D
:1084C000616E27742070617273652054415520706D
:1084D00072652D7761726E696E67206E6F74696662
:1084E00069636174696F6E2C206572726F723A20D5
:1084F0002564004661696C656420746F20616C6C52
:108500006F63617465206D656D6F727920666F723F
:1085100020746865204743492063656C6C73004E86
:108520006F7420616C6C206E65696768626F722081
:1085300063656C6C7320636F756C6420626520707A
:1085400061727365642E204D6F72652063656C6C7B
:1085500073207468616E2074686520636F6E66694D
:108560006775726564206D617820636F756E742025
:108570006F66202564207765726520666F756E646E
:108580000050617273696E67206F66206E6569675F
:1085900068626F722063656C6C73206661696C65DC
:1085A000642C206572723A202564004661696C650E
:1085B0006420746F20616C6C6F63617465206D65FD
:1085C0006D6F727920666F72206E65696768626F81
:1085D000722063656C6C73004E6F7420616C6C204C
:1085E0006E65696768626F722063656C6C73206387
:1085F0006F756C64206265207061727365640043FE
:10860000616E2774207061727365206D6F64656D93
:1086100020736C656570207072652D7761726E696C
:108620006E67206E6F74696669636174696F6E2C22
:10863000206572726F723A2025640041542B4345C5
:108640005245473D35004661696C656420746F2072
:1086500073756273637269626520746F204345525B
:108660004547206E6F74696669636174696F6E73E4
:108670002C206572726F723A202564004661696C25
:10868000656420746F20656E61626C652052524390
:10869000206E6F74696669636174696F6E732028F8
:1086A0002B4353434F4E292C206572726F72202545
:1086B000640043616E277420706172736520736972
:1086C000676E616C6C696E67206D6F64652C2065E8
:1086D00072726F723A2025640043616E27742070B5
:1086E0006172736520654452582C206572726F72F6
:1086F0003A2025640043616E2774207061727365AF
:10870000206D6F64656D206576656E74206E6F7484
:10871000696669636174696F6E2C206572726F722D
:108720003A2025640041542B4350534D533D312C86
:108730002C2C222573222C222573220041542B43FA
:1087400050534D533D312C2C2C2225732200415483
:108750002B4350534D533D312C2C2C2C222573226E
:108760000041542B4350534D533D31006E72665FB0
:108770006D6F64656D5F61745F7072696E746620A1
:108780006661696C65642C207265706F72746564D3
:10879000206572726F723A20256400415425255875
:1087A0004D4F4E49544F5200415420636F6D6D61DF
:1087B0006E64206661696C65642C206572726F72EC
:1087C0003A20256400415420636F6D6D616E642012
:1087D00070617273696E67206661696C65640046DA
:1087E00061696C656420746F2070617273652050DC
:1087F000534D20636F6E66696775726174696F6E41
:108800002C206572726F723A202564004661696C93
:10881000656420746F207061727365206E6F746977
:108820006669636174696F6E20286572726F722069
:108830002564293A202573004661696C65642074BB
:108840006F206765742050534D20696E666F726D9E
:108850006174696F6E0041542525464541434F4E72
:10886000463D25642C25642C2575004661696C65A0
:108870006420746F2064697361626C652065445282
:10888000582C207265706F72746564206572726F07
:10889000723A2025640041542B4345445258533DBD
:1088A000322C25642C222573220041542B4345444D
:1088B0005258533D322C2564004661696C65642032
:1088C000746F20656E61626C6520654452582C207F
:1088D0007265706F72746564206572726F723A208F
:1088E00025640041542525585054573D25642C22B9
:1088F000257322004661696C656420746F2072657F
:108900007175657374205054572C207265706F72A6
:10891000746564206572726F723A20256400496E36
:1089200076616C69642073797374656D206D6F6412
:1089300065207265717565737465643A20256400FD
:10894000496E76616C6964204C544520707265668E
:108950006572656E636520726571756573746564B3
:108960003A20256400415425255853595354454D08
:108970004D4F44453D25732C256300436F756C6452
:10898000206E6F742073656E6420415420636F6D98
:108990006D616E642C206572726F723A20256400DE
:1089A0004661696C656420746F20656E61626C65F8
:1089B000206E6F74696669636174696F6E732C20D1
:1089C0006572726F723A20256400496E76616C6937
:1089D000642066756E6374696F6E616C206D6F6480
:1089E000653A2025640041542B4346554E3D25648D
:1089F000004661696C656420746F2073657420663D
:108A0000756E6374696F6E616C206D6F64652E2086
:108A1000506C6561736520636865636B20585359BA
:108A20005354454D4D4F44452E00254D444D45561C
:108A30000025584D4F44454D534C45455000254E5B
:108A400043454C4C4D454153002558543334313245
:108A5000002B434544525850002B4353434F4E0084
:108A60002B434552454700312C302C3000302C31FF
:108A70002C3000302C302C3100312C302C31003097
:108A80002C312C3100312C312C3000312C312C3157
:108A9000006C74655F6C6300303132333441542BA9
:108AA0004353434F4E3D310041542B4350534D539C
:108AB0003D0041542B4345445258533D3300496EC9
:108AC00076616C696420706F696E74657220707273
:108AD0006F766964656400436F756C64206E6F74B3
:108AE00020696E697420415420706172616D732039
:108AF0006C6973742C206572726F723A2025640061
:108B0000436F756C64206E6F7420706172736520A2
:108B10006544525820726573706F6E73652C2065C2
:108B200072726F723A202564004661696C65642038
:108B3000746F20676574204C5445206D6F64652CFC
:108B4000206572726F723A202564004661696C6517
:108B50006420746F20676574206544525820636FE9
:108B60006E66696775726174696F6E2C20657272CA
:108B70006F723A202564004661696C656420746FE9
:108B80002067657420654452582076616C75652CA9
:108B9000206572726F723B202564004661696C65C6
:108BA0006420746F206765742050545720636F6E83
:108BB00066696775726174696F6E2C206572726F79
:108BC000723A20256400496E76616C6964205054C5
:108BD00057206C6F6F6B757020696E6465783A20F2
:108BE000256400556E61626C6520746F207061723F
:108BF000736520706572696F646963205441552004
:108C0000737472696E67202854333431322065786A
:108C100074656E6465642900556E61626C652074CC
:108C20006F20706172736520706572696F6469632B
:108C30002054415520737472696E67202854333470
:108C40003132290045787065637465642076616C03
:108C500069642054333431322074696D6572207533
:108C60006E697400556E61626C6520746F2070616E
:108C7000727365206163746976652074696D65201F
:108C8000737472696E6700436F756C64206E6F74E5
:108C9000207061727365202B4353434F4E207265E1
:108CA00073706F6E73652C206572726F723A202537
:108CB0006400436F756C64206E6F74206765742068
:108CC0007369676E616C6C696E67206D6F64652C8B
:108CD000206572726F723A20256400496E76616C6D
:108CE0006964207369676E616C6C696E67206D6F73
:108CF00064653A20256400436F756C64206E6F7460
:108D00002070617273652041542B434552454720C2
:108D1000726573706F6E73652C206572726F723A34
:108D200020256400436F756C64206E6F7420676546
:108D30007420726573706F6E7365207072656669FA
:108D4000782C206572726F723A20256400496E7625
:108D5000616C6964206E6574776F726B20726567F1
:108D6000697374726174696F6E2073746174757362
:108D70003A20256400436F756C64206E6F74206721
:108D8000657420726567697374726174696F6E20AF
:108D90007374617475732C206572726F723A20253A
:108DA0006400436F756C64206E6F74207061727321
:108DB0006520252558543334313220726573706F25
:108DC0006E73652C206572726F723A2025640043C1
:108DD0006F756C64206E6F74206765742074696DA4
:108DE0006520756E74696C206E65787420544155E9
:108DF0002C206572726F723A202564005061727384
:108E000065642074696D6520706172616D6574655B
:108E100072206E6F742077697468696E2076616C59
:108E200069642072616E67650061745F726573705A
:108E30006F6E7365206973204E554C4C2C20636116
:108E40006E2774206765742063656C6C20636F7592
:108E50006E7400436F756C64206E6F742070617265
:108E6000736520415425254E43454C4C4D45415397
:108E700020726573706F6E73652C206572726F72ED
:108E80003A20256400436F756C64206E6F7420690E
:108E90006E697420415420706172616D73206C6939
:108EA000737420666F722063656C6C5F6C69737499
:108EB0002C206572726F723A202564004532424957
:108EC00047207761732072657475726E65642C201B
:108ED000636F6E74696E75652E20706172616D5F6F
:108EE000636F756E742025642C2065727220256472
:108EF0002C20737472202573004E6F7420612076CD
:108F0000616C6964204E43454C4C4D454153207281
:108F10006573706F6E7365004E43454C4C4D454113
:108F200053206D6561737572656D656E747320692C
:108F30006E7465727275707465643B2072657375CA
:108F40006C747320696E636F6D706C65746500433B
:108F50006F756C64206E6F7420706172736520632E
:108F6000656C6C5F69642C20696E6465782025648B
:108F70002C2069202564206572726F723A20256466
:108F80000063656C6C5F6964203D20256420776810
:108F9000696368206973203E204C54455F4C435FF1
:108FA00043454C4C5F45555452414E5F49445F4DDB
:108FB00041583B206D61726B696E6720696E766106
:108FC0006C696400436F756C64206E6F742070610F
:108FD00072736520706C6D6E2C206572726F723AC0
:108FE00020256400737472696E675F746F5F696EC9
:108FF000742C206572726F723A20256400436F757D
:109000006C64206E6F74207061727365207472617D
:10901000636B696E675F617265615F636F64652032
:10902000696E20692025642C206572726F723A2067
:10903000256400436F756C64206E6F7420706172DC
:1090400073652074696D696E675F616476616E63D4
:10905000652C206572726F723A20256400436F752B
:109060006C64206E6F742070617273652074696D1A
:10907000696E675F616476616E63655F6D6561737C
:109080005F74696D652C206572726F723A20256479
:1090900000436F756C64206E6F742070617273652D
:1090A0002065617266636E2C206572726F723A2061
:1090B000256400436F756C64206E6F74207061725C
:1090C000736520706879735F63656C6C5F69642C8D
:1090D000206572726F723A20256400436F756C646C
:1090E000206E6F7420706172736520727372702CC1
:1090F000206572726F723A20256400436F756C644C
:10910000206E6F7420706172736520727372712C9F
:10911000206572726F723A20256400436F756C642B
:10912000206E6F74207061727365206D6561735F6E
:1091300074696D652C206572726F723A2025640027
:10914000436F756C64206E6F74207061727365205C
:1091500073657276696E672C206572726F723A2041
:10916000256400436F756C64206E6F7420706172AB
:109170007365206E65696768626F725F636F756E95
:10918000742C206572726F723A20256400437574E6
:1091900074696E6720726573706F6E73652C2062E0
:1091A00065636175736520726563656976656420C2
:1091B0006E656967626F722063656C6C20636F75A2
:1091C0006E742069732062696767657220746861D4
:1091D0006E20636F6E66696775726564206D617875
:1091E0003A202564004661696C656420746F2061D3
:1091F0006C6C6F63617465206D656D6F727920664C
:109200006F7220746865206E63656C6C73202863D0
:109210006F6E74696E75652900436F756C64206E9E
:109220006F74207061727365206E5F656172666332
:109230006E2C206572726F723A20256400436F7540
:109240006C64206E6F74207061727365206E5F7045
:109250006879735F63656C6C5F69642C20657272FA
:109260006F723A20256400436F756C64206E6F74D2
:10927000207061727365206E5F727372702C20654E
:1092800072726F723A20256400436F756C64206EB1
:109290006F74207061727365206E5F727372712CCF
:1092A000206572726F723A20256400436F756C649A
:1092B000206E6F742070617273652074696D655FD4
:1092C000646966662C206572726F723A20256400AC
:1092D00042756666657220697320746F6F20736DC6
:1092E000616C6C3B20726573756C747320696E637E
:1092F0006F6D706C6574653A20256400436F756C02
:1093000064206E6F74207061727365202525584D3E
:109310004F44454D534C45455020726573706F6EF8
:1093200073652C206572726F723A20256400436F5A
:10933000756C64206E6F7420676574206D6F646552
:1093400020736C65657020747970652C206572726D
:109350006F723A20256400436F756C64206E6F74E1
:10936000206765742074696D6520756E74696C2062
:109370006E657874206D6F64656D20736C656570C3
:109380002C206572726F723A20256400254D444D81
:1093900045563A2000496E76616C6964204D444D13
:1093A000455620726573706F6E7365005345415268
:1093B00043482053544154555320310D0A0053451E
:1093C000415243482053544154555320320D0A0012
:1093D0005245534554204C4F4F500D0A004D4520E7
:1093E00042415454455259204C4F570D0A004D45A7
:1093F000204F5645524845415445440D0A004E4FB2
:1094000020494D45490D0A005052414348204345EB
:109410002D4C4556454C20300D0A005052414348D2
:109420002043452D4C4556454C20310D0A005052E5
:109430004143482043452D4C4556454C20320D0AAA
:109440000050524143482043452D4C4556454C2041
:10945000330D0A00574553545F544F504449522F1F
:109460006E72662F6C69622F6C74655F6C696E6BCF
:109470005F636F6E74726F6C2F6C74655F6C635F8B
:109480006D6F64656D5F686F6F6B732E6300652031
:109490003C3D205F6C74655F6C635F6366756E5FF7
:1094A00063625F6C6973745F656E64003030313085
:1094B00030303031003030303030303131004661C2
:1094C000696C656420746F207365742050534D205F
:1094D000706172616D732C20657272202564004684
:1094E00061696C656420746F20636F6E666967756F
:1094F00072652050534D2C20657272202564004601
:1095000061696C656420746F20636F6E666967754E
:10951000726520654452582C2065727220256400C3
:10952000415425255241493D2564004661696C65D9
:109530006420746F20636F6E666967757265205270
:1095400041492C20657272202564004D6F64656D61
:10955000206C69627261727920696E69742065722B
:10956000726F723A2025642C206C74655F6C6320E6
:109570006E6F7420696E697469616C697A656400E4
:109580004661696C656420746F207365742073791B
:109590007374656D206D6F646520616E64206D6FFE
:1095A000646520707265666572656E63652C206502
:1095B000727220256400526573657474696E672049
:1095C00073797374656D00666174616C5F65727246
:1095D0006F72004D6F64656D20756E72656769739B
:1095E00074657265642074686520534D5320636C04
:1095F00069656E742C20706572666F726D696E6736
:109600002072652D726567697374726174696F6E1B
:10961000002B434D53204552524F523A203532349D
:1096200000574553545F544F504449522F6E726651
:109630002F6C69622F736D732F736D732E630061CE
:10964000745F6E6F74696620213D202828766F69EB
:1096500064202A293029002B434D543A20252A5BC7
:109660005E2C5D2C252A750D0A25353132730D0AC5
:1096700000556E61626C6520746F20706172736555
:1096800020434D54206E6F74696669636174696F1D
:109690006E2C206572723D25643A2025730041547A
:1096A0002B434E4D493D332C322C302C3100556E1E
:1096B00061626C6520746F2072652D7265676973D5
:1096C00074657220534D5320636C69656E742C2051
:1096D0006572723A2025640041542B434E4D493F38
:1096E00000556E61626C6520746F20636865636B02
:1096F00020696620616E20534D5320636C69656E4E
:1097000074206578697374732C206572723A202511
:1097100064002B434E4D493A2025752C25752C2588
:10972000752C257500434E4D492070617273696E2A
:1097300067206661696C7572652C206572723A20CB
:109740002564004F6E6C79206F6E6520534D532059
:10975000636C69656E742063616E2062652072655A
:10976000676973746572656400556E61626C65202B
:10977000746F2072656769737465722061206E650D
:109780007720534D5320636C69656E742C2065728D
:10979000723A20256400556E61626C6520746F20FA
:1097A00041434B2074686520534D5320504455006D
:1097B00041542B434E4D413D31002B434D53002B23
:1097C000434453002B434D5400736D7300546F7426
:1097D000616C206E756D626572206F6620636F6EBE
:1097E000636174656E61746564206D657373616730
:1097F0006573206D7573742062652068696768659C
:1098000072207468616E20302C2069676E6F7269F7
:109810006E6720636F6E636174656E61746564204A
:10982000696E666F00557365722044617461204CE7
:10983000656E6774682065786365656473206D6123
:1098400078696D756D206E756D626572206F66202A
:1098500063686172616374657273202825642920CE
:10986000696E20534D532073706563005745535400
:109870005F544F504449522F6E72662F6C69622FAD
:10988000736D732F736D735F64656C697665722E8B
:1098900063006C656E6774685F7564685F736B699D
:1098A00070706564203C3D207061727365722D3E5E
:1098B0007061796C6F61645F6275665F73697A6508
:1098C000000947534D203762697420557365722D26
:1098D000446174612D4C656E6774682073686F72A3
:1098E000746572207468616E206F75747075742071
:1098F0006275666665720A007061727365722D3EEC
:109900006275665F73697A65203E3D20706172738F
:1099100065722D3E7061796C6F61645F706F73006A
:109920000944617461206C656E67746820736D61B1
:109930006C6C6572207468616E206461746120696A
:1099400074657261746F720A0061637475616C5F33
:10995000646174615F6C656E677468203C3D207063
:1099600061727365722D3E7061796C6F61645F62C4
:1099700075665F73697A650009386269742055738A
:1099800065722D446174612D4C656E677468207337
:10999000686F72746572207468616E206F75747080
:1099A0007574206275666665720A00556E7375700F
:1099B000706F72746564206461746120636F6469A0
:1099C0006E6720736368656D653A205543533200B6
:1099D000556E737570706F72746564206461746124
:1099E00020636F64696E6720736368656D653A20F4
:1099F000526573657276656400556E737570706F2D
:109A000072746564206461746120636F64696E6759
:109A100020736368656D65202830782530325829B9
:109A20000053657175656E6365206E756D62657254
:109A3000206F662063757272656E7420636F6E634B
:109A40006174656E61746564206D657373616765CB
:109A50002028256429206D7573742062652068694B
:109A600067686572207468616E203020616E6420C2
:109A7000736D616C6C6572206F7220657175616CBD
:109A8000207468616E20746F74616C206E756D62F5
:109A90006572206F66206D6573736167657320283A
:109AA0002564292C2069676E6F72696E6720636F69
:109AB0006E636174656E6174656420696E666F00C3
:109AC0004D6178696D756D20616464726573732092
:109AD0006C656E6774682028256429206578636545
:109AE000656465642025642E2041626F7274696E1E
:109AF00067206465636F64696E672E0053696E67E3
:109B00006C65206E756D62657220696E2070686F7D
:109B10006E65206E756D6265722069732068696775
:109B2000686572207468616E2031303A20696E6415
:109B300065783D25642C206E756D6265725F766177
:109B40006C75653D25642C206869676865722073B3
:109B5000656D692D6F637465740053696E676C651C
:109B6000206E756D62657220696E2070686F6E651B
:109B7000206E756D6265722069732068696768651B
:109B800072207468616E2031303A20696E646578A5
:109B90003D25642C206E756D6265725F76616C7513
:109BA000653D25642C206C6F7765722073656D6947
:109BB0002D6F637465740055736572204461746120
:109BC00020486561646572204C656E677468202565
:109BD0006420697320626967676572207468616ECA
:109BE00020557365722D446174612D4C656E6774E8
:109BF00068202564005573657220446174612048B3
:109C00006561646572204C656E6774682025642008
:109C1000697320626967676572207468616E20727B
:109C2000656D61696E696E6720696E707574206418
:109C3000617461206C656E67746820256400436FF1
:109C40006E636174656E617465642073686F7274AD
:109C5000206D657373616765732C20382D6269749C
:109C6000207265666572656E6365206E756D6265EE
:109C7000723A204945206C656E6774682033207203
:109C8000657175697265642C202564207265636551
:109C900069766564004170706C69636174696F6EA8
:109CA00020706F72742061646472657373696E678B
:109CB00020736368656D652C2038206269742061AB
:109CC0006464726573733A204945206C656E6774ED
:109CD0006820322072657175697265642C20256474
:109CE000207265636569766564004170706C6963B4
:109CF0006174696F6E20706F727420616464726544
:109D00007373696E6720736368656D652C203136E7
:109D10002062697420616464726573733A204945F6
:109D2000206C656E67746820342072657175697285
:109D300065642C202564207265636569766564001E
:109D4000436F6E636174656E617465642073686FE0
:109D50007274206D657373616765732C2031362DC5
:109D6000626974207265666572656E6365206E75E2
:109D70006D6265723A204945206C656E6774682093
:109D8000342072657175697265642C2025642072B7
:109D9000656365697665640049676E6F72696E67B1
:109DA000206E6F7420737570706F727465642055C7
:109DB0007365722044617461204865616465722036
:109DC000696E666F726D6174696F6E20656C656D2A
:109DD000656E742069643D3078253032582C206CD3
:109DE000656E6774683D25640070647520213D20B0
:109DF0002828766F6964202A293029000950617269
:109E0000616D657465722027706475272063616ECB
:109E10006E6F74206265204E554C4C2E0A006461B2
:109E2000746120213D202828766F6964202A29301A
:109E3000290009506172616D657465722027646143
:109E40007461272063616E6E6F74206265204E55C9
:109E50004C4C2E0A0050617273696E6720657272F5
:109E60006F72202825642920696E206465636F6401
:109E7000696E6720534D532D44454C495645522039
:109E80006D657373616765004465636F64696E67D0
:109E900020534D532D44454C49564552207061790D
:109EA0006C6F6164206661696C65643A20256400AA
:109EB0004F7574206F66206D656D6F7279207768BD
:109EC000656E206372656174696E6720706172737C
:109ED00065720044617461206C656E677468202847
:109EE000256429206973206E6F7420646976697314
:109EF00069626C652062792074776F3A202573005F
:109F000044617461206C656E67746820282564293B
:109F100020697320626967676572207468616E20CA
:109F200074686520696E7465726E616C2062756616
:109F30006665722073697A65202825642900496E58
:109F400076616C696420686578206368617261631A
:109F500074657220666F756E6420696E2062756626
:109F60006665723A2025730040A324A5E8E9F9EC60
:109F7000F2C70AD8F80DC5E5205F20202020202058
:109F800020202020C6E6DFC92021222320252627E5
:109F900028292A2B2C2D2E2F3031323334353637C9
:109FA00038393A3B3C3D3E3FA14142434445464758
:109FB00048494A4B4C4D4E4F5051525354555657A9
:109FC00058595AC4D6D1DCA7BF616263646566671D
:109FD00068696A6B6C6D6E6F707172737475767789
:109FE00078797AE4F6F1FCE020202020202020205F
:109FF0002020202020202020202020205E20202023
:10A000002020202020202020202020202020202050
:10A010007B7D20202020205C20202020202020204C
:10A02000202020205B7E5D207C20202020202020FE
:10A030002020202020202020202020202020202020
:10A0400020202020202020202020202020A420208C
:10A050002020202020202020202020202020202000
:10A0600020202020202020204661696C6564207417
:10A070006F2073657420636F6E66696775726174B3
:10A08000696F6E20286572723A2025642900415458
:10A090002558434F4558303D312C312C313536351C
:10A0A0002C31353836006D6F64656D5F616E746597
:10A0B0006E6E610054462D4D206E6F6E2D7365637C
:10A0C0007572652063616C6C6261636B20696E6997
:10A0D0007469616C697A6174696F6E206661696C1C
:10A0E00065642C206572726F723A202564002A2AFA
:10A0F0002A2A2A20534543555245204641554C545F
:10A10000202A2A2A2A2A0020204164647265737357
:10A110003A2030782578002020496E76616C696499
:10A1200020656E74727920706F696E74002020490A
:10A130006E76616C696420696E74656772697479A2
:10A14000207369676E6174757265002020496E76B0
:10A15000616C696420657863657074696F6E2072E4
:10A16000657475726E002020417474726962757432
:10A17000696F6E20756E69742076696F6C617469A1
:10A180006F6E002020496E76616C69642074726184
:10A190006E736974696F6E0020204C617A79207348
:10A1A0007461746520707265736572766174696F2D
:10A1B0006E0020204C617A7920737461746520658B
:10A1C00072726F72002A2A2A2A2A20535055204977
:10A1D0004E54455252555054202A2A2A2A2A0020E9
:10A1E0002053656375726974792076696F6C617448
:10A1F000696F6E20666F722074686520666C61738B
:10A2000068206D656D6F72792073706163650020E1
:10A210002053656375726974792076696F6C617417
:10A22000696F6E20666F72207468652052414D2000
:10A230006D656D6F727920737061636500202053C6
:10A24000656375726974792076696F6C6174696F82
:10A250006E206F6E206F6E65206F7220736576655D
:10A2600072616C207065726970686572616C732EC2
:10A2700000574553545F544F504449522F6E7266F5
:10A280002F6D6F64756C65732F747275737465646C
:10A290002D6669726D776172652D6D2F6661756CC3
:10A2A000742E6300675F636F6E746578742E7661D9
:10A2B0006C696400094E6F6E2D736563757265205D
:10A2C00063616C6C6261636B20776974686F75742D
:10A2D0002076616C696420636F6E746578740A001F
:10A2E000574553545F544F504449522F6D6F647516
:10A2F0006C65732F68616C2F6E6F726469632F6E6B
:10A300007266782F68616C2F6E72665F6470706918
:10A310002E68006368616E6E656C203C206E72660C
:10A320005F647070695F6368616E6E656C5F6E75A7
:10A330006D6265725F67657428705F72656729007A
:10A34000574553545F544F504449522F6D6F6475B5
:10A350006C65732F68616C2F6E6F726469632F6E0A
:10A360007266782F68656C706572732F6E7266788E
:10A370005F677070695F647070692E6300656570F7
:10A380000074657000574553545F544F5044495210
:10A390002F6D6F64756C65732F68616C2F6E6F72B3
:10A3A0006469632F6E7266782F6472697665727362
:10A3B0002F7372632F6E7266785F636C6F636B2EA0
:10A3C0006300574553545F544F504449522F6D6FAB
:10A3D00064756C65732F68616C2F6E6F726469634E
:10A3E0002F6E7266782F68616C2F6E72665F636C79
:10A3F0006F636B2E68006D5F636C6F636B5F63628E
:10A400002E6D6F64756C655F696E697469616C69E6
:10A410007A656400574553545F544F504449522F56
:10A420006D6F64756C65732F68616C2F6E6F7264ED
:10A4300069632F6E7266782F68616C2F6E72665F2B
:10A440006770696F74652E6800696E646578203C7A
:10A45000203800574553545F544F504449522F6D94
:10A460006F64756C65732F68616C2F6E6F726469B1
:10A47000632F6E7266782F647269766572732F73BC
:10A4800072632F6E7266785F6770696F74652E6392
:10A49000006E7266795F6770696F5F70696E5F707A
:10A4A000726573656E745F636865636B2870696E4F
:10A4B000290070696E5F69735F696E7075742870CA
:10A4C0005F696E7374616E63652C2070696E29001C
:10A4D00070696E5F6861735F74726967676572281F
:10A4E000705F696E7374616E63652C2070696E298C
:10A4F00000705F6368616E6E656C00705F696E739B
:10A5000074616E63652D3E705F726567203D3D200E
:10A5100028284E52465F4750494F54455F54797042
:10A52000652A292030783430303331303030554C82
:10A530002900696E745F656E61626C6500574553F2
:10A54000545F544F504449522F6D6F64756C65735E
:10A550002F68616C2F6E6F726469632F6E726678FC
:10A560002F647269766572732F7372632F6E7266D1
:10A57000785F6970632E6300705F636F6E666967F2
:10A58000006D5F63622E7374617465203D3D204EE3
:10A590005246585F4452565F53544154455F494EAA
:10A5A000495449414C495A454400574553545F5416
:10A5B0004F504449522F6D6F64756C65732F6861FD
:10A5C0006C2F6E6F726469632F6E7266782F68618C
:10A5D0006C2F6E72665F6970632E680041542B4366
:10A5E00046554E3D002B434D45204552524F523A61
:10A5F000002B434D53204552524F523A0070646E27
:10A600000000010205574553545F544F50444952CE
:10A610002F7A65706879722F6B65726E656C2F6426
:10A6200065766963652E6300646576203C3D205F36
:10A630006465766963655F6C6973745F656E6400F9
:10A64000556E6B6E6F776E206572726F7200756EED
:10A650006B6E6F776E003E3E3E205A455048595211
:10A6600020464154414C204552524F522025643AD5
:10A67000202573206F6E20435055202564004661CD
:10A68000756C7420647572696E6720696E7465728A
:10A69000727570742068616E646C696E670A00433D
:10A6A000757272656E74207468726561643A2025F3
:10A6B00070202825732900574553545F544F504448
:10A6C00049522F7A65706879722F6B65726E656C6E
:10A6D0002F666174616C2E6300726561736F6E200A
:10A6E000213D204B5F4552525F4B45524E454C5FDA
:10A6F00050414E49430009417474656D707465643E
:10A7000020746F207265636F7665722066726F6D5C
:10A710002061206B65726E656C2070616E696320CC
:10A72000636F6E646974696F6E0A004350552065EB
:10A730007863657074696F6E00556E68616E646CE5
:10A74000656420696E74657272757074005374610B
:10A75000636B206F766572666C6F77004B65726E07
:10A76000656C206F6F7073004B65726E656C207046
:10A77000616E6963006D61696E00574553545F54A3
:10A780004F504449522F7A65706879722F6B657209
:10A790006E656C2F6B686561702E630068203C3DB0
:10A7A000205F6B5F686561705F6C6973745F656E75
:10A7B000640021617263685F69735F696E5F6973CA
:10A7C000722829207C7C20282874696D656F757437
:10A7D000292E7469636B73203D3D202828286B5F08
:10A7E00074696D656F75745F7429207B307D2929CC
:10A7F0002E7469636B732900574553545F544F504F
:10A800004449522F7A65706879722F6B65726E6554
:10A810006C2F6D656D5F736C61622E6300736C618C
:10A8200062203C3D205F6B5F6D656D5F736C6162A4
:10A830005F6C6973745F656E640028286368617279
:10A84000202A296D656D203E3D20736C61622D3E8E
:10A8500062756666657229202626202828282863C6
:10A86000686172202A296D656D202D20736C6162EC
:10A870002D3E62756666657229202520736C6162C3
:10A880002D3E696E666F2E626C6F636B5F73697AC3
:10A890006529203D3D203029202626202828636870
:10A8A0006172202A296D656D203C3D2028736C6102
:10A8B000622D3E627566666572202B2028736C617E
:10A8C000622D3E696E666F2E626C6F636B5F73699B
:10A8D0007A65202A2028736C61622D3E696E666F4E
:10A8E0002E6E756D5F626C6F636B73202D20312946
:10A8F0002929290009496E76616C6964206D656DAE
:10A900006F727920706F696E7465722070726F76E5
:10A91000696465640A00574553545F544F50444975
:10A92000522F7A65706879722F6B65726E656C2F25
:10A930007468726561642E63002828282870726923
:10A940006F2929203D3D203135202626207A5F6958
:10A95000735F69646C655F7468726561645F656E7E
:10A960007472792828656E747279292929207C7C73
:10A97000202828283135202D203129203E3D20282F
:10A98000282D313629292920262620282870726969
:10A990006F2929203E3D2028282D313629292026BF
:10A9A000262028287072696F2929203C3D202831F3
:10A9B00035202D20312929290009696E76616C69BD
:10A9C00064207072696F7269747920282564293B4C
:10A9D00020616C6C6F7765642072616E67653A20E8
:10A9E000256420746F2025640A0021617263685F0A
:10A9F00069735F696E5F6973722829000954687210
:10AA000065616473206D6179206E6F7420626520CA
:10AA10006372656174656420696E20495352730ADC
:10AA2000007468726561645F64617461203C3D20FC
:10AA30005F5F7374617469635F7468726561645F9A
:10AA4000646174615F6C6973745F656E640057451F
:10AA500053545F544F504449522F7A65706879724D
:10AA60002F6B65726E656C2F69646C652E63005F79
:10AA70006B65726E656C2E637075735B305D2E63F3
:10AA8000757272656E742D3E626173652E707269A7
:10AA90006F203E3D203000574553545F544F504483
:10AAA00049522F7A65706879722F6B65726E656C8A
:10AAB0002F6D757465782E6300096D757465786502
:10AAC000732063616E6E6F742062652075736564B8
:10AAD00020696E7369646520495352730A006D756D
:10AAE0007465782D3E6C6F636B5F636F756E742059
:10AAF0003E20305500574553545F544F50444952FF
:10AB00002F7A65706879722F6B65726E656C2F7322
:10AB1000656D2E63002828617263685F69735F69E1
:10AB20006E5F6973722829203D3D203029207C7C8E
:10AB300020282874696D656F7574292E7469636B9C
:10AB400073203D3D202828286B5F74696D656F7503
:10AB5000745F7429207B307D29292E7469636B739F
:10AB6000292900574553545F544F504449522F7A76
:10AB700065706879722F6B65726E656C2F776F7276
:10AB80006B2E6300776F726B2D3E71756575652056
:10AB9000213D202828766F6964202A2930290077F2
:10ABA0006F726B2D3E68616E646C657220213D2072
:10ABB0002828766F6964202A293029007175657507
:10ABC0006500737461636B0021666C61675F746517
:10ABD0007374282671756575652D3E666C616773A3
:10ABE0002C204B5F574F524B5F51554555455F5396
:10ABF0005441525445445F424954290064776F726E
:10AC00006B20213D202828766F6964202A2930296D
:10AC100000574553545F544F504449522F7A657042
:10AC20006879722F6B65726E656C2F7363686564EB
:10AC30002E63002828742920262620282875696E6E
:10AC4000747074725F74292028736C6963655F7413
:10AC5000696D656F7574732929203C3D202828751E
:10AC6000696E747074725F742920287429292026F3
:10AC70002620282875696E747074725F74292028E4
:10AC8000742929203C20282875696E747074725FBD
:10AC9000742920282628736C6963655F74696D6563
:10ACA0006F757473295B282873697A655F7429202E
:10ACB000282828696E74292073697A656F6628636D
:10ACC0006861725B31202D2032202A202128215FEB
:10ACD0005F6275696C74696E5F74797065735F63C8
:10ACE0006F6D70617469626C655F70285F5F747905
:10ACF00070656F665F5F28736C6963655F74696D0B
:10AD0000656F757473292C205F5F747970656F6649
:10AD10005F5F282628736C6963655F74696D656F72
:10AD2000757473295B305D2929295D29202D203117
:10AD300029202B202873697A656F6628736C6963F4
:10AD4000655F74696D656F75747329202F20736951
:10AD50007A656F662828736C6963655F74696D65D1
:10AD60006F757473295B305D292929295D29292094
:10AD700026262028282875696E747074725F7429DD
:10AD80002028742929202D20282875696E74707454
:10AD9000725F74292028736C6963655F74696D65DF
:10ADA0006F75747329292920252073697A656F6668
:10ADB0002828736C6963655F74696D656F7574735A
:10ADC000295B305D29203D3D203029005F6B657295
:10ADD0006E656C2E637075735B305D2E6375727279
:10ADE000656E7420213D202828766F6964202A2909
:10ADF000302900217A5F69735F69646C655F7468EC
:10AE0000726561645F6F626A6563742874687265F5
:10AE100061642900574553545F544F504449522FA1
:10AE20007A65706879722F6B65726E656C2F696ECA
:10AE3000636C7564652F6B73636865642E68005F6F
:10AE40006B65726E656C2E637075735B305D2E631F
:10AE5000757272656E742D3E626173652E736368E0
:10AE600065645F6C6F636B656420213D2031550024
:10AE70005F6B65726E656C2E637075735B305D2EF3
:10AE800063757272656E742D3E626173652E7363B5
:10AE90006865645F6C6F636B656420213D2030558D
:10AEA0000073697A656F662873636865645F7370A1
:10AEB000696E6C6F636B29203D3D2030207C7C20C7
:10AEC0006C6F636B20213D202673636865645F733C
:10AED00070696E6C6F636B007468726561642D3E9F
:10AEE000626173652E70656E6465645F6F6E0021CC
:10AEF0007465726D696E617465000961626F727468
:10AF00006564205F63757272656E74206261636B45
:10AF10002066726F6D20646561640A00217A5F6942
:10AF2000735F7468726561645F73746174655F7385
:10AF30006574285F6B65726E656C2E637075735BEC
:10AF4000305D2E63757272656E742C202828315521
:10AF50004C203C3C20283429292929000961626FB2
:10AF60007274696E6720657373656E7469616C20B5
:10AF70007468726561642025700A00574553545FF8
:10AF8000544F504449522F7A65706879722F6B651F
:10AF9000726E656C2F74696D656F75742E63002118
:10AFA0007379735F646E6F64655F69735F6C696EFC
:10AFB0006B65642826746F2D3E6E6F64652900579B
:10AFC0004553545F544F504449522F7A6570687905
:10AFD000722F6B65726E656C2F706F6C6C2E6300D8
:10AFE0006576656E742D3E73656D20213D202828A1
:10AFF000766F6964202A2930290009696E76616CB0
:10B0000069642073656D6170686F72650A0A006516
:10B0100076656E742D3E717565756520213D20281D
:10B0200028766F6964202A2930290009696E7661C3
:10B030006C69642071756575650A0A006576656ED0
:10B04000742D3E7369676E616C20213D202828763F
:10B050006F6964202A2930290009696E76616C695C
:10B060006420706F6C6C207369676E616C0A0A00F3
:10B070006576656E742D3E6D73677120213D2028C5
:10B0800028766F6964202A2930290009696E766163
:10B090006C6964206D657373616765207175657592
:10B0A000650A0A0009696E76616C696420657665D7
:10B0B0006E7420747970650A0A0009696E76616C95
:10B0C0006964206576656E74207479706520283017
:10B0D000782578290A0A006D6F6465203D3D204B74
:10B0E0005F504F4C4C5F4D4F44455F4E4F54494667
:10B0F000595F4F4E4C5900096F6E6C79204E4F547A
:10B100004946595F4F4E4C59206D6F6465206973F5
:10B1100020737570706F727465640A0A00747970B8
:10B1200065203C20282831554C203C3C20285F508D
:10B130004F4C4C5F4E554D5F54595045532929296A
:10B140000009696E76616C696420747970650A0A19
:10B15000006F626A20213D202828766F6964202ACA
:10B1600029302900096D7573742070726F766964D7
:10B170006520616E206F626A6563740A0A006576F5
:10B18000656E747320213D202828766F6964202A1B
:10B1900029302900094E554C4C206576656E747334
:10B1A0000A0A006E756D5F6576656E7473203E3DAC
:10B1B000203000093C30206576656E74730A0A0001
:10B1C000574553545F544F504449522F7A65706825
:10B1D00079722F6B65726E656C2F6D656D706F6F18
:10B1E0006C2E6300616C69676E203D3D2030207CD1
:10B1F0007C20282875696E747074725F74296D657F
:10B200006D20262028616C69676E202D2031292948
:10B21000203D3D203000096D6973616C69676E6582
:10B2200064206D656D6F727920617420257020280F
:10B23000616C69676E203D20257A75290A00616C72
:10B2400069676E202F2073697A656F6628766F694B
:10B2500064202A29203E3D20312026262028616CAA
:10B2600069676E20252073697A656F6628766F6935
:10B2700064202A2929203D3D20300009616C69673E
:10B280006E206D7573742062652061206D756C741D
:10B2900069706C65206F662073697A656F662876C1
:10B2A0006F6964202A290A002A2A2A20426F6F74B3
:10B2B000696E67206E524620436F6E6E6563742020
:10B2C00053444B20643936373639666163656361B0
:10B2D000202A2A2A0A00737973776F726B7100280B
:10B2E0006E756C6C29002A666C6F61742A00636449
:10B2F000696E6F70737578585B000000057101000E
:10B3000000000000DD6C01000000000081780100F9
:10B31000000000009D6D010000000000C93802001F
:04B320000000000029
:10B32400FFFFFFFFFFFFFFFFFFFFFFFFFFFFFFFF29
:08B33400FFFFFFFFFFFFFFFF19
:10B33C000000000000000000000000000000000001
:10B34C001DDB0100000000000000000000000000F8
:10B35C00A0C50020A0C500208D3102000000000017
:10B36C0000000000000000000000000000000000D1
:10B37C00C0C50020C0C50020000000000100000076
:10B38C00D0C50020D0C50020D8C50020D8C50020CD
:10B39C000000000001000000E8C50020E8C5002006
:10B3AC000000000000000000000000000000000091
:10B3BC000000000000000000000000000000000081
:10B3CC000000000000000000000000000000000071
:10B3DC000000000000000000D7F301000000000096
:10B3EC00385B02000100000038C6002038C600207F
:10B3FC0000000000000000000E0000004CC6002001
:10B40C004CC6002000000000385B02000100000068
:10B41C0060C6002060C60020000000000000000094
:10B42C000E00000074C6002074C60020000000004E
:10B43C00385B02000100000088C6002088C600208E
:10B44C0000000000000000000E0000009CC6002060
:10B45C009CC600200000000000000000000000005E
:10B46C0000000000000000000000000000000000D0
:10B47C0000000000000000000000000000000000C0
:10B48C0000000000000000000000000000000000B0
:10B49C0000000000000000000000000000000000A0
:10B4AC000000000000000000000000000000000090
:10B4BC000000000000000000000000000000000080
:10B4CC000000000000000000000000000000000070
:10B4DC000000000000000000000000000000000060
:10B4EC000000000000000000000000000000000050
:10B4FC000000000000000000000000000000000040
:10B50C00000000000000000000000000000000002F
:10B51C00000000000000000000000000000000001F
:10B52C00000000000000000000000000000000000F
:10B53C0000000000000000000000000000000000FF
:10B54C0000000000000000000000000000000000EF
:10B55C0000000000000000000000000000000000DF
:10B56C0000000000000000000000000000000000CF
:10B57C0000000000000000000000000000000000BF
:10B58C0000000000000000000000000000000000AF
:10B59C00000000000000000000000000000000009F
:10B5AC00000000000000000000000000000000008F
:10B5BC00000000000000000000000000000000007F
:10B5CC00000000000000000000000000000000006F
:10B5DC00000000000000000000000000000000005F
:10B5EC00000000000000000000000000000000004F
:10B5FC00000000000000000000000000000000003F
:10B60C00000000000000000000000000000000002E
:10B61C00000000000000000000000000000000001E
:10B62C00000000000000000000000000000000000E
:10B63C0000000000000000000000000000000000FE
:10B64C0000000000000000000000000000000000EE
:10B65C00000000000000000000000000F7FA0100EC
:10B66C00945B0200000000000000000057FD010088
:10B67C000000000000000000C8C80020C8C800205E
:10B68C00DCC800206F2202000800000000FF400010
:10B69C000000000000000000000000003921020042
:10B6AC00000000000000000000000000000000008E
:10B6BC00000000000000000000000000000000007E
:10B6CC00000000000000000000000000000000006E
:10B6DC00000000000000000000000000000000005E
:10B6EC0000FF40000000000000000000000000000F
:10B6FC0039210200000000000000000000000000E2
:10B70C00000000000000000000000000000000002D
:10B71C00000000000000000000000000000000001D
:10B72C00000000000000000000000000000000000D
:10B73C000000000000FF40000000000000000000BE
:10B74C000000000039210200000000000000000091
:10B75C0000000000000000000000000000000000DD
:10B76C0000000000000000000000000000000000CD
:10B77C0000000000000000000000000000000000BD
:10B78C00000000000000000000FF4000000000006E
:10B79C000000000000000000392102000000000041
:10B7AC00000000000000000000000000000000008D
:10B7BC00000000000000000000000000000000007D
:10B7CC00000000000000000000000000000000006D
:10B7DC0000000000000000000000000000FF40001E
:10B7EC0000000000000000000000000039210200F1
:10B7FC00000000000000000000000000000000003D
:10B80C00000000000000000000000000000000002C
:10B81C00000000000000000000000000000000001C
:10B82C00000000000000000000000000000000000C
:10B83C0000FF4000000000000000000000000000BD
:10B84C003921020000000000000000000000000090
:10B85C0000000000000000000000000000000000DC
:10B86C0000000000000000000000000000000000CC
:10B87C0000000000000000000000000000000000BC
:10B88C000000000000FF400000000000000000006D
:10B89C000000000039210200000000000000000040
:10B8AC00000000000000000000000000000000008C
:10B8BC00000000000000000000000000000000007C
:10B8CC00000000000000000000000000000000006C
:10B8DC00000000000000000000FF4000000000001D
:10B8EC0000000000000000003921020000000000F0
:10B8FC00000000000000000000000000000000003C
:10B90C00000000000000000000000000000000002B
:10B91C00000000000000000000000000000000001B
:10B92C0000000000000000000000000088CB002098
:10B93C00EB2B02000800000000FF340000000000A8
:10B94C000000000000000000ED2B020000000000D1
:10B95C0000000000000000000000000000000000DB
:10B96C0000000000000000000000000000000000CB
:10B97C0000000000000000000000000000000000BB
:10B98C0000FF340000000000000000000000000078
:10B99C00ED2B020000000000000000000000000081
:10B9AC00000000000000000000000000000000008B
:10B9BC00000000000000000000000000000000007B
:10B9CC00000000000000000000FF34000000000038
:10B9DC000000000000000000ED2B02000000000041
:10B9EC00000000000000000000000000000000004B
:10B9FC00000000000000000000000000000000003B
:10BA0C00000000000000000000000000000000002A
:10BA1C0000FF3400000000000000000000000000E7
:10BA2C00ED2B0200000000000000000000000000F0
:10BA3C0000000000000000000000000000000000FA
:10BA4C0000000000000000000000000000000000EA
:10BA5C00000000000000000000FF340000000000A7
:10BA6C000000000000000000ED2B020000000000B0
:10BA7C0000000000000000000000000000000000BA
:10BA8C0000000000000000000000000000000000AA
:10BA9C00000000000000000000000000000000009A
:10BAAC0000FF340000000000000000000000000057
:10BABC00ED2B020000000000000000000000000060
:10BACC00000000000000000000000000000000006A
:10BADC00000000000000000000000000000000005A
:10BAEC00000000000000000000FF34000000000017
:10BAFC000000000000000000ED2B02000000000020
:10BB0C000000000000000000000000000000000029
:10BB1C000000000000000000000000000000000019
:10BB2C000000000000000000000000000000000009
:10BB3C0000FF3400000000000000000000000000C6
:10BB4C00ED2B0200000000000000000000000000CF
:10BB5C0000000000000000000000000000000000D9
:10BB6C0000000000000000000000000000000000C9
:10BB7C00000000000000000000FF080000000000B2
:10BB8C000000000000000000B72B020000000000C5
:10BB9C000000000000FF0800000000000000000092
:10BBAC0000000000B72B02000000000000000000A5
:10BBBC0000FF080000000000000000000000000072
:10BBCC00B72B0200000000000000000000FF08007E
:10BBDC00000000000000000000000000B72B020075
:10BBEC00000000000000000000FF08000000000042
:10BBFC000000000000000000B72B02000000000055
:10BC0C000000000000FF0800000000000000000021
:10BC1C0000000000B72B0200000000000000000034
:10BC2C0000FF080000000000000000000000000001
:10BC3C00B72B0200000000000000000000FF08000D
:10BC4C00000000000000000000000000B72B020004
:10BC5C0000000000000000000000000000C2010015
:10BC6C0000010300000000004BF300204AF3002009
:10BC7C0000000000314B0100D13302000000000035
:10BC8C00000000009D4E01000000000000000000BC
:10BC9C00FFFF00000000000000000000000000009A
:10BCAC000000000000000000000000000000000088
:10BCBC000000000000000000000000000000000078
:10BCCC000000000000000000000000000000000068
:10BCDC000000000000000000000000000000000058
:10BCEC000000000008000000FF0000000000000041
:10BCFC000100000000000000000000000000000037
:10BD0C000000000000000000000000000000000027
:10BD1C000000000000000000000000000000000017
:10BD2C000000000000000000000000000000000007
:10BD3C0000000000000000000000000000000000F7
:10BD4C00000000000000000008000000FF000000E0
:10BD5C00000000000100000000000000598F0100ED
:10BD6C00ED8C0100A98E0100F98C0100F591010008
:10BD7C007D8F0100BD910100C73C0200C13C020057
:10BD8C00BB3C0200D4CF0020D4CF0020DCCF00205D
:10BD9C00DCCF002003073030303030303131003010
:10BDAC0030313030303031003130303100313030E2
:10BDBC0031000000518A0200795801000000000097
:10BDCC00608A0200355B010000000000598A020005
:10BDDC0011580100000000002A8A0200E1580100FD
:10BDEC00000000003E8A0200F9550100000000002E
:10BDFC00318A02003D57010000000000498A020010
:10BE0C008555010000000000BF970200296E01005B
:10BE1C0003000000BA9702007D6E010003000000D1
:0CBE2C00C4970200B16E0100030000008A
:0CBE3800000000000000000000000000FE
:10BE440000000000000000000000000000000000EE
:10BE540000000000000000000000000000000000DE
:10BE640000000000000000000000000000000000CE
:10BE740000000000000000000000000000000000BE
:04BE840000000000BA
:04BE880000000000B6
:10BE8C00D0D00020D0D0002000000000502F012086
:10BE9C000000000004000000400000000000000052
:10BEAC0000000000501501200002000000000000FE
:10BEBC000000000000000000000000001005012040
:10BECC000001000000000000000000000000000065
:10BEDC0020D1002020D10020000000000000000034
:10BEEC000E00000034D1002034D1002000000000EE
:10BEFC00000000000E00000048D1002048D10020B6
:10BF0C0000000000000000000E0000005CD10020CA
:10BF1C005CD1002000000000000000000E000000BA
:10BF2C0070D1002070D10020000000000000000043
:10BF3C000E00000084D1002084D1002000000000FD
:10BF4C00000000000E00000098D1002098D10020C5
:10BF5C0000000000000000000E000000ACD100202A
:10BF6C00ACD1002000000000000000000E0000001A
:10BF7C00C0D10020C0D10020000000000000000053
:10BF8C000E000000D4D10020D4D10020000000000D
:08BF9C00000000000E0000008F
:10BFA400E8D10020E8D100200000000001000000DA
:10BFB400F8D10020F8D1002000D2002000D20020C7
:10BFC400000000000100000010D2002010D2002068
:10BFD40018D2002018D20020010000000100000047
:08BFE40028D2002028D2002021
:10BFEC000000000000000000000000003CD2002017
:0CBFFC003CD2002044D2002044D200209F
:10C0080000000000000000000000000058D20020DE
:10C0180058D2002060D2002060D20020000000002A
:10C02800010001000000000000000000985C020010
:10C03800683301200000000000000000000000003C
:10C048008CD200208CD2002094D2002094D20020E0
:10C0580000000000010001000000000000000000D6
:10C06800885C020050310120000000000000000040
:10C0780000000000C0D20020C0D20020C8D200209A
:10C08800C8D20020000000001000100004000000CA
:10C0980000000000685C0200902D012000000000F4
:10C0A8000000000000000000F4D20020F4D20020BC
:10C0B800FCD20020FCD2002000000000100010007C
:10C0C8000400000000000000585C0200D02301209A
:10C0D80058D300200000000000000000000000000D
:10C0E8000000000000000000000000000000000048
:10C0F8000000000000000000000000000000000038
:0CC108000000000000000000000000002B
:10C11400C45702007CD3002000000000000200008D
:10C124000000000000000000000500000000000006
:04C134000000000007
:10C13800000000000000000099DA00000000000084
:04C1480015E015E009
:040000030000BD5DDF
:00000001FF
